4.001737e+002;1.439850e-001
4.006559e+002;1.448769e-001
4.011380e+002;1.458319e-001
4.016201e+002;1.467028e-001
4.021023e+002;1.473963e-001
4.025844e+002;1.479874e-001
4.030666e+002;1.486883e-001
4.035487e+002;1.497674e-001
4.040308e+002;1.513750e-001
4.045130e+002;1.534417e-001
4.049951e+002;1.556491e-001
4.054772e+002;1.575302e-001
4.059594e+002;1.586505e-001
4.064415e+002;1.588258e-001
4.069236e+002;1.582160e-001
4.074058e+002;1.572742e-001
4.078879e+002;1.565334e-001
4.083701e+002;1.564080e-001
4.088522e+002;1.570531e-001
4.093344e+002;1.583649e-001
4.098165e+002;1.600607e-001
4.102986e+002;1.618207e-001
4.107808e+002;1.633997e-001
4.112629e+002;1.647052e-001
4.117450e+002;1.657536e-001
4.122272e+002;1.666014e-001
4.127093e+002;1.672684e-001
4.131914e+002;1.677294e-001
4.136736e+002;1.679539e-001
4.141557e+002;1.679705e-001
4.146378e+002;1.678993e-001
4.151200e+002;1.679301e-001
4.156021e+002;1.682412e-001
4.160843e+002;1.689268e-001
4.165664e+002;1.699369e-001
4.170485e+002;1.710945e-001
4.175307e+002;1.721501e-001
4.180128e+002;1.728862e-001
4.184949e+002;1.731898e-001
4.189771e+002;1.730966e-001
4.194592e+002;1.727472e-001
4.199413e+002;1.723215e-001
4.204235e+002;1.719691e-001
4.209056e+002;1.717838e-001
4.213878e+002;1.718006e-001
4.218699e+002;1.720267e-001
4.223521e+002;1.724572e-001
4.228342e+002;1.730805e-001
4.233163e+002;1.738672e-001
4.237985e+002;1.747638e-001
4.242806e+002;1.756917e-001
4.247627e+002;1.765794e-001
4.252449e+002;1.773885e-001
4.257270e+002;1.781427e-001
4.262091e+002;1.789128e-001
4.266913e+002;1.797805e-001
4.271734e+002;1.807792e-001
4.276555e+002;1.818582e-001
4.281377e+002;1.828795e-001
4.286198e+002;1.836668e-001
4.291020e+002;1.840775e-001
4.295841e+002;1.840735e-001
4.300662e+002;1.837433e-001
4.305484e+002;1.832712e-001
4.310305e+002;1.828582e-001
4.315126e+002;1.826493e-001
4.319948e+002;1.826874e-001
4.324769e+002;1.829209e-001
4.329590e+002;1.832491e-001
4.334412e+002;1.835852e-001
4.339233e+002;1.838965e-001
4.344055e+002;1.842147e-001
4.348876e+002;1.845998e-001
4.353698e+002;1.850935e-001
4.358519e+002;1.856801e-001
4.363340e+002;1.862847e-001
4.368162e+002;1.868013e-001
4.372983e+002;1.871441e-001
4.377804e+002;1.872831e-001
4.382626e+002;1.872562e-001
4.387447e+002;1.871413e-001
4.392268e+002;1.870171e-001
4.397090e+002;1.869260e-001
4.401911e+002;1.868690e-001
4.406732e+002;1.868197e-001
4.411554e+002;1.867620e-001
4.416375e+002;1.867153e-001
4.421197e+002;1.867396e-001
4.426018e+002;1.869125e-001
4.430839e+002;1.872949e-001
4.435661e+002;1.878979e-001
4.440482e+002;1.886734e-001
4.445303e+002;1.895266e-001
4.450125e+002;1.903515e-001
4.454946e+002;1.910621e-001
4.459767e+002;1.916149e-001
4.464589e+002;1.920051e-001
4.469410e+002;1.922523e-001
4.474232e+002;1.923761e-001
4.479053e+002;1.923891e-001
4.483875e+002;1.922983e-001
4.488696e+002;1.921193e-001
4.493517e+002;1.918835e-001
4.498339e+002;1.916396e-001
4.503160e+002;1.914399e-001
4.507981e+002;1.913249e-001
4.512803e+002;1.913115e-001
4.517624e+002;1.913966e-001
4.522445e+002;1.915662e-001
4.527267e+002;1.918117e-001
4.532088e+002;1.921344e-001
4.536909e+002;1.925423e-001
4.541731e+002;1.930335e-001
4.546552e+002;1.935846e-001
4.551374e+002;1.941458e-001
4.556195e+002;1.946570e-001
4.561016e+002;1.950695e-001
4.565838e+002;1.953710e-001
4.570659e+002;1.955894e-001
4.575480e+002;1.957823e-001
4.580302e+002;1.960032e-001
4.585123e+002;1.962767e-001
4.589944e+002;1.965836e-001
4.594766e+002;1.968749e-001
4.599587e+002;1.970997e-001
4.604409e+002;1.972398e-001
4.609230e+002;1.973214e-001
4.614052e+002;1.974098e-001
4.618873e+002;1.975774e-001
4.623694e+002;1.978726e-001
4.628516e+002;1.982965e-001
4.633337e+002;1.988093e-001
4.638158e+002;1.993532e-001
4.642980e+002;1.998863e-001
4.647801e+002;2.004003e-001
4.652622e+002;2.009184e-001
4.657444e+002;2.014687e-001
4.662265e+002;2.020554e-001
4.667086e+002;2.026400e-001
4.671908e+002;2.031513e-001
4.676729e+002;2.035148e-001
4.681551e+002;2.036957e-001
4.686372e+002;2.037193e-001
4.691193e+002;2.036703e-001
4.696015e+002;2.036587e-001
4.700836e+002;2.037765e-001
4.705657e+002;2.040631e-001
4.710479e+002;2.044973e-001
4.715300e+002;2.050134e-001
4.720121e+002;2.055388e-001
4.724943e+002;2.060244e-001
4.729764e+002;2.064610e-001
4.734586e+002;2.068679e-001
4.739407e+002;2.072711e-001
4.744229e+002;2.076797e-001
4.749050e+002;2.080800e-001
4.753871e+002;2.084479e-001
4.758693e+002;2.087721e-001
4.763514e+002;2.090697e-001
4.768335e+002;2.093868e-001
4.773157e+002;2.097772e-001
4.777978e+002;2.102752e-001
4.782799e+002;2.108706e-001
4.787621e+002;2.115099e-001
4.792442e+002;2.121140e-001
4.797263e+002;2.126157e-001
4.802085e+002;2.129834e-001
4.806906e+002;2.132343e-001
4.811728e+002;2.134171e-001
4.816549e+002;2.135846e-001
4.821370e+002;2.137640e-001
4.826192e+002;2.139463e-001
4.831013e+002;2.140930e-001
4.835834e+002;2.141633e-001
4.840656e+002;2.141380e-001
4.845477e+002;2.140350e-001
4.850298e+002;2.139047e-001
4.855120e+002;2.138127e-001
4.859941e+002;2.138157e-001
4.864763e+002;2.139499e-001
4.869584e+002;2.142242e-001
4.874405e+002;2.146324e-001
4.879227e+002;2.151589e-001
4.884048e+002;2.157889e-001
4.888869e+002;2.165033e-001
4.893691e+002;2.172767e-001
4.898512e+002;2.180713e-001
4.903333e+002;2.188420e-001
4.908155e+002;2.195476e-001
4.912976e+002;2.201638e-001
4.917798e+002;2.206888e-001
4.922619e+002;2.211413e-001
4.927440e+002;2.215438e-001
4.932262e+002;2.219092e-001
4.937083e+002;2.222315e-001
4.941905e+002;2.224936e-001
4.946726e+002;2.226822e-001
4.951547e+002;2.228073e-001
4.956369e+002;2.229057e-001
4.961190e+002;2.230332e-001
4.966011e+002;2.232397e-001
4.970833e+002;2.235465e-001
4.975654e+002;2.239314e-001
4.980475e+002;2.243370e-001
4.985297e+002;2.246927e-001
4.990118e+002;2.249470e-001
4.994940e+002;2.250879e-001
4.999761e+002;2.251471e-001
5.004582e+002;2.251809e-001
5.009404e+002;2.252435e-001
5.014225e+002;2.253644e-001
5.019046e+002;2.255412e-001
5.023868e+002;2.257502e-001
5.028689e+002;2.259696e-001
5.033510e+002;2.261960e-001
5.038332e+002;2.264508e-001
5.043153e+002;2.267688e-001
5.047975e+002;2.271765e-001
5.052796e+002;2.276748e-001
5.057617e+002;2.282331e-001
5.062439e+002;2.287983e-001
5.067260e+002;2.293170e-001
5.072082e+002;2.297541e-001
5.076903e+002;2.301042e-001
5.081724e+002;2.303859e-001
5.086546e+002;2.306285e-001
5.091367e+002;2.308566e-001
5.096188e+002;2.310836e-001
5.101010e+002;2.313126e-001
5.105831e+002;2.315470e-001
5.110652e+002;2.317955e-001
5.115474e+002;2.320722e-001
5.120295e+002;2.323875e-001
5.125117e+002;2.327382e-001
5.129938e+002;2.330999e-001
5.134760e+002;2.334360e-001
5.139581e+002;2.337090e-001
5.144402e+002;2.339018e-001
5.149224e+002;2.340259e-001
5.154045e+002;2.341204e-001
5.158866e+002;2.342335e-001
5.163688e+002;2.344044e-001
5.168509e+002;2.346457e-001
5.173330e+002;2.349420e-001
5.178152e+002;2.352597e-001
5.182973e+002;2.355673e-001
5.187794e+002;2.358466e-001
5.192616e+002;2.360999e-001
5.197437e+002;2.363400e-001
5.202258e+002;2.365790e-001
5.207080e+002;2.368147e-001
5.211901e+002;2.370340e-001
5.216722e+002;2.372199e-001
5.221544e+002;2.373664e-001
5.226365e+002;2.374877e-001
5.231187e+002;2.376155e-001
5.236008e+002;2.377861e-001
5.240829e+002;2.380241e-001
5.245651e+002;2.383296e-001
5.250472e+002;2.386777e-001
5.255294e+002;2.390294e-001
5.260115e+002;2.393505e-001
5.264937e+002;2.396225e-001
5.269758e+002;2.398488e-001
5.274579e+002;2.400459e-001
5.279401e+002;2.402308e-001
5.284222e+002;2.404094e-001
5.289043e+002;2.405768e-001
5.293865e+002;2.407237e-001
5.298686e+002;2.408503e-001
5.303507e+002;2.409715e-001
5.308329e+002;2.411169e-001
5.313150e+002;2.413153e-001
5.317971e+002;2.415826e-001
5.322793e+002;2.419085e-001
5.327614e+002;2.422599e-001
5.332435e+002;2.425930e-001
5.337257e+002;2.428737e-001
5.342078e+002;2.430912e-001
5.346899e+002;2.432627e-001
5.351721e+002;2.434234e-001
5.356542e+002;2.436106e-001
5.361364e+002;2.438465e-001
5.366185e+002;2.441326e-001
5.371006e+002;2.444510e-001
5.375828e+002;2.447778e-001
5.380649e+002;2.450931e-001
5.385471e+002;2.453877e-001
5.390292e+002;2.456592e-001
5.395114e+002;2.459073e-001
5.399935e+002;2.461255e-001
5.404756e+002;2.463021e-001
5.409578e+002;2.464264e-001
5.414399e+002;2.464983e-001
5.419220e+002;2.465321e-001
5.424042e+002;2.465569e-001
5.428863e+002;2.466041e-001
5.433684e+002;2.466978e-001
5.438506e+002;2.468429e-001
5.443327e+002;2.470288e-001
5.448148e+002;2.472337e-001
5.452970e+002;2.474391e-001
5.457791e+002;2.476364e-001
5.462612e+002;2.478288e-001
5.467434e+002;2.480231e-001
5.472255e+002;2.482228e-001
5.477076e+002;2.484201e-001
5.481898e+002;2.486001e-001
5.486719e+002;2.487482e-001
5.491541e+002;2.488627e-001
5.496362e+002;2.489580e-001
5.501183e+002;2.490629e-001
5.506005e+002;2.492067e-001
5.510826e+002;2.494054e-001
5.515648e+002;2.496536e-001
5.520469e+002;2.499266e-001
5.525291e+002;2.501912e-001
5.530112e+002;2.504230e-001
5.534933e+002;2.506160e-001
5.539755e+002;2.507847e-001
5.544576e+002;2.509517e-001
5.549397e+002;2.511362e-001
5.554219e+002;2.513402e-001
5.559040e+002;2.515477e-001
5.563861e+002;2.517340e-001
5.568683e+002;2.518803e-001
5.573504e+002;2.519825e-001
5.578325e+002;2.520564e-001
5.583147e+002;2.521273e-001
5.587968e+002;2.522174e-001
5.592789e+002;2.523332e-001
5.597611e+002;2.524635e-001
5.602432e+002;2.525842e-001
5.607253e+002;2.526740e-001
5.612075e+002;2.527237e-001
5.616896e+002;2.527417e-001
5.621718e+002;2.527491e-001
5.626539e+002;2.527683e-001
5.631360e+002;2.528133e-001
5.636182e+002;2.528855e-001
5.641003e+002;2.529763e-001
5.645825e+002;2.530776e-001
5.650646e+002;2.531860e-001
5.655468e+002;2.533075e-001
5.660289e+002;2.534493e-001
5.665110e+002;2.536133e-001
5.669932e+002;2.537892e-001
5.674753e+002;2.539564e-001
5.679574e+002;2.540907e-001
5.684396e+002;2.541779e-001
5.689217e+002;2.542209e-001
5.694038e+002;2.542394e-001
5.698860e+002;2.542611e-001
5.703681e+002;2.543094e-001
5.708502e+002;2.543904e-001
5.713324e+002;2.544931e-001
5.718145e+002;2.545933e-001
5.722966e+002;2.546681e-001
5.727788e+002;2.547050e-001
5.732609e+002;2.547085e-001
5.737430e+002;2.546950e-001
5.742252e+002;2.546836e-001
5.747073e+002;2.546871e-001
5.751895e+002;2.547087e-001
5.756716e+002;2.547436e-001
5.761537e+002;2.547877e-001
5.766359e+002;2.548424e-001
5.771180e+002;2.549158e-001
5.776002e+002;2.550169e-001
5.780823e+002;2.551484e-001
5.785645e+002;2.553001e-001
5.790466e+002;2.554514e-001
5.795287e+002;2.555781e-001
5.800109e+002;2.556643e-001
5.804930e+002;2.557102e-001
5.809751e+002;2.557319e-001
5.814573e+002;2.557541e-001
5.819394e+002;2.557982e-001
5.824215e+002;2.558721e-001
5.829037e+002;2.559695e-001
5.833858e+002;2.560728e-001
5.838679e+002;2.561671e-001
5.843501e+002;2.562463e-001
5.848322e+002;2.563171e-001
5.853143e+002;2.563925e-001
5.857965e+002;2.564833e-001
5.862786e+002;2.565880e-001
5.867607e+002;2.566926e-001
5.872429e+002;2.567760e-001
5.877250e+002;2.568215e-001
5.882072e+002;2.568253e-001
5.886893e+002;2.568007e-001
5.891714e+002;2.567707e-001
5.896536e+002;2.567589e-001
5.901357e+002;2.567780e-001
5.906179e+002;2.568254e-001
5.911000e+002;2.568873e-001
5.915822e+002;2.569475e-001
5.920643e+002;2.569962e-001
5.925464e+002;2.570346e-001
5.930286e+002;2.570722e-001
5.935107e+002;2.571195e-001
5.939928e+002;2.571793e-001
5.944750e+002;2.572447e-001
5.949571e+002;2.573008e-001
5.954392e+002;2.573340e-001
5.959214e+002;2.573380e-001
5.964035e+002;2.573189e-001
5.968856e+002;2.572907e-001
5.973678e+002;2.572699e-001
5.978499e+002;2.572674e-001
5.983320e+002;2.572852e-001
5.988142e+002;2.573180e-001
5.992963e+002;2.573598e-001
5.997784e+002;2.574067e-001
6.002606e+002;2.574612e-001
6.007427e+002;2.575267e-001
6.012249e+002;2.576045e-001
6.017070e+002;2.576873e-001
6.021891e+002;2.577616e-001
6.026713e+002;2.578121e-001
6.031534e+002;2.578292e-001
6.036356e+002;2.578146e-001
6.041177e+002;2.577815e-001
6.045999e+002;2.577484e-001
6.050820e+002;2.577314e-001
6.055641e+002;2.577362e-001
6.060463e+002;2.577574e-001
6.065284e+002;2.577817e-001
6.070105e+002;2.577970e-001
6.074927e+002;2.577972e-001
6.079748e+002;2.577852e-001
6.084569e+002;2.577689e-001
6.089391e+002;2.577541e-001
6.094212e+002;2.577405e-001
6.099033e+002;2.577214e-001
6.103855e+002;2.576882e-001
6.108676e+002;2.576386e-001
6.113497e+002;2.575807e-001
6.118319e+002;2.575334e-001
6.123140e+002;2.575171e-001
6.127961e+002;2.575465e-001
6.132783e+002;2.576208e-001
6.137604e+002;2.577244e-001
6.142426e+002;2.578327e-001
6.147247e+002;2.579241e-001
6.152068e+002;2.579878e-001
6.156890e+002;2.580290e-001
6.161711e+002;2.580636e-001
6.166533e+002;2.581087e-001
6.171354e+002;2.581732e-001
6.176176e+002;2.582541e-001
6.180997e+002;2.583366e-001
6.185818e+002;2.584043e-001
6.190640e+002;2.584457e-001
6.195461e+002;2.584599e-001
6.200282e+002;2.584543e-001
6.205104e+002;2.584400e-001
6.209925e+002;2.584245e-001
6.214746e+002;2.584091e-001
6.219568e+002;2.583905e-001
6.224389e+002;2.583666e-001
6.229210e+002;2.583409e-001
6.234032e+002;2.583245e-001
6.238853e+002;2.583314e-001
6.243674e+002;2.583717e-001
6.248496e+002;2.584446e-001
6.253317e+002;2.585373e-001
6.258138e+002;2.586274e-001
6.262960e+002;2.586939e-001
6.267781e+002;2.587240e-001
6.272603e+002;2.587194e-001
6.277424e+002;2.586941e-001
6.282245e+002;2.586691e-001
6.287067e+002;2.586620e-001
6.291888e+002;2.586834e-001
6.296710e+002;2.587317e-001
6.301531e+002;2.587983e-001
6.306353e+002;2.588693e-001
6.311174e+002;2.589314e-001
6.315995e+002;2.589721e-001
6.320817e+002;2.589808e-001
6.325638e+002;2.589487e-001
6.330459e+002;2.588705e-001
6.335281e+002;2.587478e-001
6.340102e+002;2.585922e-001
6.344923e+002;2.584245e-001
6.349745e+002;2.582722e-001
6.354566e+002;2.581595e-001
6.359387e+002;2.581019e-001
6.364209e+002;2.580978e-001
6.369030e+002;2.581320e-001
6.373851e+002;2.581794e-001
6.378673e+002;2.582159e-001
6.383494e+002;2.582258e-001
6.388315e+002;2.582049e-001
6.393137e+002;2.581589e-001
6.397958e+002;2.580972e-001
6.402780e+002;2.580275e-001
6.407601e+002;2.579538e-001
6.412422e+002;2.578759e-001
6.417244e+002;2.577958e-001
6.422065e+002;2.577178e-001
6.426887e+002;2.576496e-001
6.431708e+002;2.575988e-001
6.436530e+002;2.575674e-001
6.441351e+002;2.575493e-001
6.446172e+002;2.575316e-001
6.450994e+002;2.574991e-001
6.455815e+002;2.574426e-001
6.460636e+002;2.573618e-001
6.465458e+002;2.572666e-001
6.470279e+002;2.571695e-001
6.475100e+002;2.570810e-001
6.479922e+002;2.570022e-001
6.484743e+002;2.569263e-001
6.489564e+002;2.568429e-001
6.494386e+002;2.567461e-001
6.499207e+002;2.566396e-001
6.504028e+002;2.565369e-001
6.508850e+002;2.564551e-001
6.513671e+002;2.564072e-001
6.518492e+002;2.563935e-001
6.523314e+002;2.564025e-001
6.528135e+002;2.564141e-001
6.532957e+002;2.564105e-001
6.537778e+002;2.563829e-001
6.542599e+002;2.563354e-001
6.547421e+002;2.562799e-001
6.552242e+002;2.562289e-001
6.557064e+002;2.561866e-001
6.561885e+002;2.561455e-001
6.566707e+002;2.560899e-001
6.571527e+002;2.560042e-001
6.576349e+002;2.558818e-001
6.581171e+002;2.557300e-001
6.585991e+002;2.555673e-001
6.590813e+002;2.554171e-001
6.595635e+002;2.552964e-001
6.600455e+002;2.552116e-001
6.605277e+002;2.551570e-001
6.610099e+002;2.551195e-001
6.614919e+002;2.550866e-001
6.619741e+002;2.550511e-001
6.624563e+002;2.550115e-001
6.629384e+002;2.549694e-001
6.634205e+002;2.549236e-001
6.639027e+002;2.548681e-001
6.643848e+002;2.547931e-001
6.648669e+002;2.546913e-001
6.653491e+002;2.545626e-001
6.658312e+002;2.544179e-001
6.663134e+002;2.542770e-001
6.667955e+002;2.541601e-001
6.672776e+002;2.540799e-001
6.677598e+002;2.540344e-001
6.682419e+002;2.540075e-001
6.687240e+002;2.539747e-001
6.692062e+002;2.539149e-001
6.696884e+002;2.538187e-001
6.701704e+002;2.536915e-001
6.706526e+002;2.535520e-001
6.711348e+002;2.534223e-001
6.716168e+002;2.533195e-001
6.720990e+002;2.532495e-001
6.725812e+002;2.532051e-001
6.730632e+002;2.531705e-001
6.735454e+002;2.531270e-001
6.740276e+002;2.530607e-001
6.745096e+002;2.529658e-001
6.749918e+002;2.528455e-001
6.754740e+002;2.527090e-001
6.759561e+002;2.525670e-001
6.764382e+002;2.524295e-001
6.769204e+002;2.523012e-001
6.774025e+002;2.521828e-001
6.778846e+002;2.520698e-001
6.783668e+002;2.519556e-001
6.788489e+002;2.518335e-001
6.793311e+002;2.516988e-001
6.798132e+002;2.515510e-001
6.802953e+002;2.513951e-001
6.807775e+002;2.512389e-001
6.812596e+002;2.510926e-001
6.817417e+002;2.509634e-001
6.822239e+002;2.508535e-001
6.827061e+002;2.507590e-001
6.831881e+002;2.506712e-001
6.836703e+002;2.505807e-001
6.841525e+002;2.504807e-001
6.846345e+002;2.503707e-001
6.851167e+002;2.502549e-001
6.855989e+002;2.501398e-001
6.860809e+002;2.500306e-001
6.865631e+002;2.499273e-001
6.870453e+002;2.498248e-001
6.875273e+002;2.497150e-001
6.880095e+002;2.495909e-001
6.884917e+002;2.494497e-001
6.889738e+002;2.492946e-001
6.894559e+002;2.491335e-001
6.899381e+002;2.489743e-001
6.904202e+002;2.488227e-001
6.909023e+002;2.486802e-001
6.913845e+002;2.485431e-001
6.918666e+002;2.484070e-001
6.923488e+002;2.482679e-001
6.928309e+002;2.481250e-001
6.933130e+002;2.479788e-001
6.937952e+002;2.478320e-001
6.942773e+002;2.476859e-001
6.947594e+002;2.475408e-001
6.952416e+002;2.473969e-001
6.957238e+002;2.472540e-001
6.962058e+002;2.471138e-001
6.966880e+002;2.469786e-001
6.971702e+002;2.468499e-001
6.976522e+002;2.467263e-001
6.981344e+002;2.466026e-001
6.986166e+002;2.464716e-001
6.990986e+002;2.463254e-001
6.995808e+002;2.461604e-001
7.000630e+002;2.459781e-001
7.005450e+002;2.457848e-001
7.010272e+002;2.455894e-001
7.015094e+002;2.453992e-001
7.019915e+002;2.452185e-001
7.024736e+002;2.450468e-001
7.029558e+002;2.448814e-001
7.034379e+002;2.447198e-001
7.039200e+002;2.445613e-001
7.044022e+002;2.444076e-001
7.048843e+002;2.442599e-001
7.053665e+002;2.441182e-001
7.058486e+002;2.439783e-001
7.063307e+002;2.438333e-001
7.068129e+002;2.436760e-001
7.072950e+002;2.435023e-001
7.077771e+002;2.433139e-001
7.082593e+002;2.431164e-001
7.087415e+002;2.429174e-001
7.092235e+002;2.427231e-001
7.097057e+002;2.425341e-001
7.101879e+002;2.423465e-001
7.106699e+002;2.421545e-001
7.111521e+002;2.419538e-001
7.116343e+002;2.417437e-001
7.121163e+002;2.415291e-001
7.125985e+002;2.413173e-001
7.130807e+002;2.411141e-001
7.135627e+002;2.409217e-001
7.140449e+002;2.407380e-001
7.145271e+002;2.405569e-001
7.150092e+002;2.403738e-001
7.154913e+002;2.401862e-001
7.159735e+002;2.399956e-001
7.164556e+002;2.398048e-001
7.169377e+002;2.396157e-001
7.174199e+002;2.394260e-001
7.179020e+002;2.392301e-001
7.183842e+002;2.390215e-001
7.188663e+002;2.387965e-001
7.193484e+002;2.385578e-001
7.198306e+002;2.383144e-001
7.203127e+002;2.380792e-001
7.207948e+002;2.378640e-001
7.212770e+002;2.376750e-001
7.217592e+002;2.375110e-001
7.222412e+002;2.373629e-001
7.227234e+002;2.372189e-001
7.232056e+002;2.370671e-001
7.236876e+002;2.368993e-001
7.241698e+002;2.367114e-001
7.246520e+002;2.365028e-001
7.251340e+002;2.362741e-001
7.256162e+002;2.360269e-001
7.260984e+002;2.357645e-001
7.265804e+002;2.354922e-001
7.270626e+002;2.352186e-001
7.275448e+002;2.349546e-001
7.280269e+002;2.347097e-001
7.285090e+002;2.344899e-001
7.289912e+002;2.342939e-001
7.294733e+002;2.341138e-001
7.299554e+002;2.339370e-001
7.304376e+002;2.337508e-001
7.309197e+002;2.335466e-001
7.314019e+002;2.333213e-001
7.318840e+002;2.330779e-001
7.323661e+002;2.328226e-001
7.328483e+002;2.325614e-001
7.333304e+002;2.322996e-001
7.338125e+002;2.320395e-001
7.342947e+002;2.317835e-001
7.347769e+002;2.315342e-001
7.352589e+002;2.312951e-001
7.357411e+002;2.310695e-001
7.362233e+002;2.308590e-001
7.367053e+002;2.306622e-001
7.371875e+002;2.304741e-001
7.376697e+002;2.302884e-001
7.381517e+002;2.300999e-001
7.386339e+002;2.299056e-001
7.391161e+002;2.297061e-001
7.395981e+002;2.295030e-001
7.400803e+002;2.292973e-001
7.405625e+002;2.290867e-001
7.410446e+002;2.288660e-001
7.415267e+002;2.286292e-001
7.420089e+002;2.283721e-001
7.424910e+002;2.280956e-001
7.429731e+002;2.278057e-001
7.434553e+002;2.275115e-001
7.439374e+002;2.272233e-001
7.444196e+002;2.269471e-001
7.449017e+002;2.266854e-001
7.453838e+002;2.264357e-001
7.458660e+002;2.261940e-001
7.463481e+002;2.259566e-001
7.468302e+002;2.257218e-001
7.473124e+002;2.254903e-001
7.477945e+002;2.252619e-001
7.482766e+002;2.250360e-001
7.487588e+002;2.248091e-001
7.492409e+002;2.245768e-001
7.497230e+002;2.243355e-001
7.502052e+002;2.240839e-001
7.506873e+002;2.238246e-001
7.511694e+002;2.235615e-001
7.516516e+002;2.232993e-001
7.521337e+002;2.230403e-001
7.526158e+002;2.227834e-001
7.530980e+002;2.225255e-001
7.535801e+002;2.222630e-001
7.540623e+002;2.219942e-001
7.545444e+002;2.217207e-001
7.550266e+002;2.214466e-001
7.555087e+002;2.211773e-001
7.559908e+002;2.209168e-001
7.564730e+002;2.206677e-001
7.569551e+002;2.204293e-001
7.574373e+002;2.202000e-001
7.579194e+002;2.199776e-001
7.584015e+002;2.197596e-001
7.588837e+002;2.195438e-001
7.593658e+002;2.193270e-001
7.598479e+002;2.191050e-001
7.603301e+002;2.188730e-001
7.608122e+002;2.186270e-001
7.612943e+002;2.183654e-001
7.617765e+002;2.180900e-001
7.622586e+002;2.178058e-001
7.627407e+002;2.175191e-001
7.632229e+002;2.172356e-001
7.637050e+002;2.169590e-001
7.641871e+002;2.166902e-001
7.646693e+002;2.164284e-001
7.651514e+002;2.161725e-001
7.656335e+002;2.159219e-001
7.661157e+002;2.156761e-001
7.665978e+002;2.154344e-001
7.670800e+002;2.151942e-001
7.675621e+002;2.149502e-001
7.680443e+002;2.146969e-001
7.685264e+002;2.144293e-001
7.690085e+002;2.141461e-001
7.694907e+002;2.138497e-001
7.699728e+002;2.135460e-001
7.704550e+002;2.132415e-001
7.709371e+002;2.129399e-001
7.714192e+002;2.126410e-001
7.719014e+002;2.123407e-001
7.723835e+002;2.120331e-001
7.728656e+002;2.117141e-001
7.733478e+002;2.113834e-001
7.738299e+002;2.110449e-001
7.743120e+002;2.107046e-001
7.747942e+002;2.103681e-001
7.752763e+002;2.100374e-001
7.757584e+002;2.097111e-001
7.762406e+002;2.093854e-001
7.767227e+002;2.090564e-001
7.772048e+002;2.087228e-001
7.776870e+002;2.083862e-001
7.781691e+002;2.080501e-001
7.786512e+002;2.077174e-001
7.791334e+002;2.073886e-001
7.796155e+002;2.070615e-001
7.800977e+002;2.067319e-001
7.805798e+002;2.063974e-001
7.810620e+002;2.060582e-001
7.815441e+002;2.057179e-001
7.820262e+002;2.053820e-001
7.825084e+002;2.050546e-001
7.829905e+002;2.047363e-001
7.834727e+002;2.044232e-001
7.839548e+002;2.041087e-001
7.844369e+002;2.037861e-001
7.849191e+002;2.034525e-001
7.854012e+002;2.031095e-001
7.858833e+002;2.027630e-001
7.863655e+002;2.024198e-001
7.868476e+002;2.020854e-001
7.873297e+002;2.017612e-001
7.878119e+002;2.014456e-001
7.882940e+002;2.011349e-001
7.887761e+002;2.008263e-001
7.892583e+002;2.005191e-001
7.897404e+002;2.002147e-001
7.902225e+002;1.999155e-001
7.907047e+002;1.996214e-001
7.911868e+002;1.993304e-001
7.916689e+002;1.990377e-001
7.921511e+002;1.987378e-001
7.926332e+002;1.984271e-001
7.931154e+002;1.981053e-001
7.935975e+002;1.977754e-001
7.940797e+002;1.974420e-001
7.945618e+002;1.971092e-001
7.950439e+002;1.967788e-001
7.955261e+002;1.964503e-001
7.960082e+002;1.961224e-001
7.964904e+002;1.957937e-001
7.969725e+002;1.954655e-001
7.974546e+002;1.951408e-001
7.979368e+002;1.948231e-001
7.984189e+002;1.945145e-001
7.989010e+002;1.942146e-001
7.993832e+002;1.939199e-001
7.998653e+002;1.936244e-001
8.003474e+002;1.933230e-001
8.008296e+002;1.930109e-001
8.013117e+002;1.926858e-001
8.017938e+002;1.923477e-001
8.022760e+002;1.919978e-001
8.027581e+002;1.916390e-001
8.032402e+002;1.912754e-001
8.037224e+002;1.909127e-001
8.042045e+002;1.905578e-001
8.046866e+002;1.902180e-001
8.051688e+002;1.898990e-001
8.056509e+002;1.896025e-001
8.061331e+002;1.893253e-001
8.066152e+002;1.890592e-001
8.070974e+002;1.887935e-001
8.075795e+002;1.885173e-001
8.080616e+002;1.882239e-001
8.085438e+002;1.879115e-001
8.090259e+002;1.875825e-001
8.095081e+002;1.872424e-001
8.099902e+002;1.868965e-001
8.104723e+002;1.865479e-001
8.109545e+002;1.861975e-001
8.114366e+002;1.858448e-001
8.119187e+002;1.854892e-001
8.124009e+002;1.851317e-001
8.128830e+002;1.847752e-001
8.133651e+002;1.844231e-001
8.138473e+002;1.840780e-001
8.143294e+002;1.837409e-001
8.148115e+002;1.834096e-001
8.152937e+002;1.830809e-001
8.157758e+002;1.827515e-001
8.162579e+002;1.824193e-001
8.167401e+002;1.820850e-001
8.172222e+002;1.817504e-001
8.177043e+002;1.814191e-001
8.181865e+002;1.810938e-001
8.186686e+002;1.807755e-001
8.191508e+002;1.804642e-001
8.196329e+002;1.801572e-001
8.201151e+002;1.798514e-001
8.205972e+002;1.795432e-001
8.210793e+002;1.792287e-001
8.215615e+002;1.789055e-001
8.220436e+002;1.785719e-001
8.225258e+002;1.782283e-001
8.230079e+002;1.778762e-001
8.234900e+002;1.775194e-001
8.239722e+002;1.771618e-001
8.244543e+002;1.768067e-001
8.249364e+002;1.764562e-001
8.254186e+002;1.761102e-001
8.259007e+002;1.757668e-001
8.263828e+002;1.754236e-001
8.268650e+002;1.750786e-001
8.273471e+002;1.747315e-001
8.278292e+002;1.743837e-001
8.283114e+002;1.740384e-001
8.287935e+002;1.736989e-001
8.292756e+002;1.733676e-001
8.297578e+002;1.730457e-001
8.302399e+002;1.727322e-001
8.307220e+002;1.724245e-001
8.312042e+002;1.721186e-001
8.316863e+002;1.718101e-001
8.321685e+002;1.714939e-001
8.326506e+002;1.711660e-001
8.331328e+002;1.708233e-001
8.336149e+002;1.704649e-001
8.340970e+002;1.700938e-001
8.345792e+002;1.697152e-001
8.350613e+002;1.693368e-001
8.355435e+002;1.689663e-001
8.360256e+002;1.686093e-001
8.365077e+002;1.682678e-001
8.369899e+002;1.679397e-001
8.374720e+002;1.676200e-001
8.379541e+002;1.673022e-001
8.384363e+002;1.669815e-001
8.389184e+002;1.666554e-001
8.394005e+002;1.663245e-001
8.398827e+002;1.659917e-001
8.403648e+002;1.656601e-001
8.408469e+002;1.653318e-001
8.413291e+002;1.650075e-001
8.418112e+002;1.646862e-001
8.422933e+002;1.643666e-001
8.427755e+002;1.640474e-001
8.432576e+002;1.637280e-001
8.437397e+002;1.634082e-001
8.442219e+002;1.630871e-001
8.447040e+002;1.627633e-001
8.451862e+002;1.624349e-001
8.456683e+002;1.621006e-001
8.461505e+002;1.617596e-001
8.466326e+002;1.614138e-001
8.471147e+002;1.610660e-001
8.475969e+002;1.607195e-001
8.480790e+002;1.603771e-001
8.485612e+002;1.600396e-001
8.490433e+002;1.597055e-001
8.495254e+002;1.593720e-001
8.500076e+002;1.590361e-001
8.504897e+002;1.586950e-001
8.509718e+002;1.583476e-001
8.514540e+002;1.579941e-001
8.519361e+002;1.576353e-001
8.524182e+002;1.572727e-001
8.529004e+002;1.569080e-001
8.533825e+002;1.565432e-001
8.538646e+002;1.561808e-001
8.543468e+002;1.558233e-001
8.548289e+002;1.554729e-001
8.553110e+002;1.551307e-001
8.557932e+002;1.547956e-001
8.562753e+002;1.544650e-001
8.567574e+002;1.541355e-001
8.572396e+002;1.538037e-001
8.577217e+002;1.534681e-001
8.582039e+002;1.531292e-001
8.586860e+002;1.527896e-001
8.591682e+002;1.524521e-001
8.596503e+002;1.521192e-001
8.601324e+002;1.517914e-001
8.606146e+002;1.514680e-001
8.610967e+002;1.511467e-001
8.615789e+002;1.508256e-001
8.620610e+002;1.505030e-001
8.625431e+002;1.501781e-001
8.630253e+002;1.498499e-001
8.635074e+002;1.495176e-001
8.639895e+002;1.491798e-001
8.644717e+002;1.488353e-001
8.649538e+002;1.484842e-001
8.654359e+002;1.481285e-001
8.659181e+002;1.477721e-001
8.664002e+002;1.474196e-001
8.668823e+002;1.470747e-001
8.673645e+002;1.467388e-001
8.678466e+002;1.464102e-001
8.683287e+002;1.460849e-001
8.688109e+002;1.457588e-001
8.692930e+002;1.454292e-001
8.697751e+002;1.450965e-001
8.702573e+002;1.447632e-001
8.707394e+002;1.444330e-001
8.712216e+002;1.441087e-001
8.717037e+002;1.437903e-001
8.721859e+002;1.434751e-001
8.726680e+002;1.431588e-001
8.731501e+002;1.428381e-001
8.736323e+002;1.425122e-001
8.741144e+002;1.421836e-001
8.745966e+002;1.418572e-001
8.750787e+002;1.415384e-001
8.755608e+002;1.412307e-001
8.760430e+002;1.409351e-001
8.765251e+002;1.406493e-001
8.770072e+002;1.403699e-001
8.774894e+002;1.400929e-001
8.779715e+002;1.398159e-001
8.784536e+002;1.395373e-001
8.789358e+002;1.392564e-001
8.794179e+002;1.389721e-001
8.799000e+002;1.386822e-001
8.803822e+002;1.383844e-001
8.808643e+002;1.380768e-001
8.813464e+002;1.377597e-001
8.818286e+002;1.374355e-001
8.823107e+002;1.371087e-001
8.827928e+002;1.367838e-001
8.832750e+002;1.364645e-001
8.837571e+002;1.361521e-001
8.842393e+002;1.358456e-001
8.847214e+002;1.355434e-001
8.852036e+002;1.352442e-001
8.856857e+002;1.349487e-001
8.861678e+002;1.346599e-001
8.866500e+002;1.343813e-001
8.871321e+002;1.341163e-001
8.876143e+002;1.338657e-001
8.880964e+002;1.336276e-001
8.885785e+002;1.333979e-001
8.890607e+002;1.331706e-001
8.895428e+002;1.329410e-001
8.900249e+002;1.327058e-001
8.905071e+002;1.324639e-001
8.909892e+002;1.322161e-001
8.914713e+002;1.319640e-001
8.919535e+002;1.317097e-001
8.924356e+002;1.314549e-001
8.929177e+002;1.312010e-001
8.933999e+002;1.309492e-001
8.938820e+002;1.307004e-001
8.943641e+002;1.304552e-001
8.948463e+002;1.302131e-001
8.953284e+002;1.299721e-001
8.958105e+002;1.297295e-001
8.962927e+002;1.294823e-001
8.967748e+002;1.292276e-001
8.972570e+002;1.289642e-001
8.977391e+002;1.286926e-001
8.982213e+002;1.284150e-001
8.987034e+002;1.281344e-001
8.991855e+002;1.278536e-001
8.996677e+002;1.275740e-001
9.001498e+002;1.272962e-001
9.006320e+002;1.270193e-001
9.011141e+002;1.267421e-001
9.015962e+002;1.264630e-001
9.020784e+002;1.261815e-001
9.025605e+002;1.258976e-001
9.030426e+002;1.256118e-001
9.035248e+002;1.253252e-001
9.040069e+002;1.250392e-001
9.044890e+002;1.247549e-001
9.049712e+002;1.244739e-001
9.054533e+002;1.241974e-001
9.059354e+002;1.239268e-001
9.064176e+002;1.236624e-001
9.068997e+002;1.234046e-001
9.073818e+002;1.231526e-001
9.078640e+002;1.229058e-001
9.083461e+002;1.226633e-001
9.088282e+002;1.224251e-001
9.093104e+002;1.221920e-001
9.097925e+002;1.219651e-001
9.102747e+002;1.217459e-001
9.107568e+002;1.215357e-001
9.112390e+002;1.213343e-001
9.117211e+002;1.211403e-001
9.122032e+002;1.209508e-001
9.126853e+002;1.207618e-001
9.131675e+002;1.205691e-001
9.136497e+002;1.203692e-001
9.141317e+002;1.201599e-001
9.146139e+002;1.199407e-001
9.150961e+002;1.197132e-001
9.155781e+002;1.194795e-001
9.160603e+002;1.192433e-001
9.165425e+002;1.190071e-001
9.170245e+002;1.187730e-001
9.175067e+002;1.185419e-001
9.179889e+002;1.183135e-001
9.184709e+002;1.180872e-001
9.189531e+002;1.178624e-001
9.194353e+002;1.176390e-001
9.199174e+002;1.174169e-001
9.203995e+002;1.171969e-001
9.208817e+002;1.169795e-001
9.213638e+002;1.167647e-001
9.218459e+002;1.165521e-001
9.223281e+002;1.163408e-001
9.228102e+002;1.161301e-001
9.232924e+002;1.159196e-001
9.237745e+002;1.157086e-001
9.242566e+002;1.154968e-001
9.247388e+002;1.152833e-001
9.252209e+002;1.150671e-001
9.257030e+002;1.148473e-001
9.261852e+002;1.146226e-001
9.266674e+002;1.143933e-001
9.271494e+002;1.141609e-001
9.276316e+002;1.139280e-001
9.281138e+002;1.136976e-001
9.285958e+002;1.134724e-001
9.290780e+002;1.132541e-001
9.295602e+002;1.130423e-001
9.300422e+002;1.128366e-001
9.305244e+002;1.126357e-001
9.310066e+002;1.124392e-001
9.314886e+002;1.122479e-001
9.319708e+002;1.120632e-001
9.324530e+002;1.118865e-001
9.329351e+002;1.117180e-001
9.334172e+002;1.115558e-001
9.338994e+002;1.113963e-001
9.343815e+002;1.112348e-001
9.348636e+002;1.110678e-001
9.353458e+002;1.108935e-001
9.358279e+002;1.107138e-001
9.363101e+002;1.105333e-001
9.367922e+002;1.103580e-001
9.372743e+002;1.101934e-001
9.377565e+002;1.100432e-001
9.382386e+002;1.099079e-001
9.387207e+002;1.097845e-001
9.392029e+002;1.096683e-001
9.396851e+002;1.095531e-001
9.401671e+002;1.094338e-001
9.406493e+002;1.093066e-001
9.411315e+002;1.091698e-001
9.416135e+002;1.090238e-001
9.420957e+002;1.088706e-001
9.425779e+002;1.087136e-001
9.430599e+002;1.085566e-001
9.435421e+002;1.084037e-001
9.440243e+002;1.082582e-001
9.445063e+002;1.081226e-001
9.449885e+002;1.079980e-001
9.454707e+002;1.078837e-001
9.459528e+002;1.077777e-001
9.464349e+002;1.076773e-001
9.469171e+002;1.075789e-001
9.473992e+002;1.074792e-001
9.478813e+002;1.073757e-001
9.483635e+002;1.072664e-001
9.488456e+002;1.071504e-001
9.493278e+002;1.070279e-001
9.498099e+002;1.069000e-001
9.502920e+002;1.067691e-001
9.507742e+002;1.066381e-001
9.512563e+002;1.065105e-001
9.517384e+002;1.063893e-001
9.522206e+002;1.062763e-001
9.527028e+002;1.061717e-001
9.531848e+002;1.060746e-001
9.536670e+002;1.059826e-001
9.541492e+002;1.058937e-001
9.546312e+002;1.058062e-001
9.551134e+002;1.057203e-001
9.555956e+002;1.056366e-001
9.560776e+002;1.055567e-001
9.565598e+002;1.054813e-001
9.570420e+002;1.054108e-001
9.575240e+002;1.053438e-001
9.580062e+002;1.052781e-001
9.584884e+002;1.052109e-001
9.589705e+002;1.051400e-001
9.594526e+002;1.050639e-001
9.599348e+002;1.049825e-001
9.604169e+002;1.048966e-001
9.608990e+002;1.048079e-001
9.613812e+002;1.047178e-001
9.618633e+002;1.046285e-001
9.623455e+002;1.045413e-001
9.628276e+002;1.044572e-001
9.633097e+002;1.043766e-001
9.637919e+002;1.042993e-001
9.642740e+002;1.042244e-001
9.647561e+002;1.041508e-001
9.652383e+002;1.040776e-001
9.657205e+002;1.040045e-001
9.662025e+002;1.039318e-001
9.666847e+002;1.038615e-001
9.671669e+002;1.037957e-001
9.676489e+002;1.037361e-001
9.681311e+002;1.036841e-001
9.686133e+002;1.036394e-001
9.690953e+002;1.036007e-001
9.695775e+002;1.035660e-001
9.700597e+002;1.035338e-001
9.705417e+002;1.035030e-001
9.710239e+002;1.034736e-001
9.715061e+002;1.034466e-001
9.719882e+002;1.034223e-001
9.724703e+002;1.034014e-001
9.729525e+002;1.033834e-001
9.734346e+002;1.033678e-001
9.739167e+002;1.033546e-001
9.743989e+002;1.033449e-001
9.748810e+002;1.033409e-001
9.753632e+002;1.033457e-001
9.758453e+002;1.033621e-001
9.763274e+002;1.033922e-001
9.768096e+002;1.034354e-001
9.772917e+002;1.034897e-001
9.777738e+002;1.035514e-001
9.782560e+002;1.036167e-001
9.787382e+002;1.036828e-001
9.792202e+002;1.037488e-001
9.797024e+002;1.038152e-001
9.801846e+002;1.038843e-001
9.806666e+002;1.039585e-001
9.811488e+002;1.040408e-001
9.816310e+002;1.041326e-001
9.821130e+002;1.042352e-001
9.825952e+002;1.043492e-001
9.830774e+002;1.044752e-001
9.835594e+002;1.046135e-001
9.840416e+002;1.047649e-001
9.845238e+002;1.049294e-001
9.850059e+002;1.051068e-001
9.854880e+002;1.052961e-001
9.859702e+002;1.054955e-001
9.864523e+002;1.057026e-001
9.869344e+002;1.059143e-001
9.874166e+002;1.061273e-001
9.878987e+002;1.063376e-001
9.883809e+002;1.065413e-001
9.888630e+002;1.067340e-001
9.893451e+002;1.069115e-001
9.898273e+002;1.070690e-001
9.903094e+002;1.072027e-001
9.907915e+002;1.073087e-001
9.912737e+002;1.073840e-001
9.917559e+002;1.074269e-001
9.922379e+002;1.074367e-001
9.927201e+002;1.074146e-001
9.932023e+002;1.073631e-001
9.936843e+002;1.072862e-001
9.941665e+002;1.071886e-001
9.946487e+002;1.070748e-001
9.951307e+002;1.069490e-001
9.956129e+002;1.068144e-001
9.960951e+002;1.066739e-001
9.965771e+002;1.065297e-001
9.970593e+002;1.063847e-001
9.975415e+002;1.062428e-001
9.980236e+002;1.061084e-001
9.985057e+002;1.059869e-001
9.989879e+002;1.058832e-001
9.994700e+002;1.058021e-001
9.999521e+002;1.057464e-001
1.000434e+003;1.057178e-001
1.000916e+003;1.057167e-001
1.001399e+003;1.057431e-001
1.001881e+003;1.057965e-001
1.002363e+003;1.058766e-001
1.002845e+003;1.059830e-001
1.003327e+003;1.061145e-001
1.003809e+003;1.062694e-001
1.004291e+003;1.064453e-001
1.004774e+003;1.066389e-001
1.005256e+003;1.068478e-001
1.005738e+003;1.070701e-001
1.006220e+003;1.073054e-001
1.006702e+003;1.075545e-001
1.007184e+003;1.078184e-001
1.007666e+003;1.080983e-001
1.008148e+003;1.083931e-001
1.008631e+003;1.087004e-001
1.009113e+003;1.090160e-001
1.009595e+003;1.093340e-001
1.010077e+003;1.096493e-001
1.010559e+003;1.099572e-001
1.011041e+003;1.102557e-001
1.011523e+003;1.105447e-001
1.012006e+003;1.108265e-001
1.012488e+003;1.111038e-001
1.012970e+003;1.113787e-001
1.013452e+003;1.116527e-001
1.013934e+003;1.119244e-001
1.014416e+003;1.121912e-001
1.014898e+003;1.124493e-001
1.015380e+003;1.126951e-001
1.015863e+003;1.129267e-001
1.016345e+003;1.131440e-001
1.016827e+003;1.133495e-001
1.017309e+003;1.135466e-001
1.017791e+003;1.137390e-001
1.018273e+003;1.139299e-001
1.018755e+003;1.141210e-001
1.019238e+003;1.143134e-001
1.019720e+003;1.145081e-001
1.020202e+003;1.147071e-001
1.020684e+003;1.149132e-001
1.021166e+003;1.151309e-001
1.021648e+003;1.153639e-001
1.022130e+003;1.156147e-001
1.022613e+003;1.158840e-001
1.023095e+003;1.161694e-001
1.023577e+003;1.164674e-001
1.024059e+003;1.167738e-001
1.024541e+003;1.170862e-001
1.025023e+003;1.174028e-001
1.025505e+003;1.177246e-001
1.025988e+003;1.180525e-001
1.026470e+003;1.183866e-001
1.026952e+003;1.187246e-001
1.027434e+003;1.190623e-001
1.027916e+003;1.193932e-001
1.028398e+003;1.197109e-001
1.028880e+003;1.200096e-001
1.029363e+003;1.202854e-001
1.029845e+003;1.205367e-001
1.030327e+003;1.207625e-001
1.030809e+003;1.209623e-001
1.031291e+003;1.211351e-001
1.031773e+003;1.212789e-001
1.032255e+003;1.213917e-001
1.032737e+003;1.214717e-001
1.033220e+003;1.215186e-001
1.033702e+003;1.215337e-001
1.034184e+003;1.215197e-001
1.034666e+003;1.214795e-001
1.035148e+003;1.214158e-001
1.035630e+003;1.213293e-001
1.036112e+003;1.212190e-001
1.036595e+003;1.210827e-001
1.037077e+003;1.209173e-001
1.037559e+003;1.207208e-001
1.038041e+003;1.204931e-001
1.038523e+003;1.202362e-001
1.039005e+003;1.199547e-001
1.039487e+003;1.196550e-001
1.039969e+003;1.193438e-001
1.040452e+003;1.190273e-001
1.040934e+003;1.187100e-001
1.041416e+003;1.183938e-001
1.041898e+003;1.180785e-001
1.042380e+003;1.177619e-001
1.042862e+003;1.174410e-001
1.043344e+003;1.171137e-001
1.043827e+003;1.167790e-001
1.044309e+003;1.164385e-001
1.044791e+003;1.160967e-001
1.045273e+003;1.157592e-001
1.045755e+003;1.154330e-001
1.046237e+003;1.151241e-001
1.046719e+003;1.148370e-001
1.047202e+003;1.145733e-001
1.047684e+003;1.143314e-001
1.048166e+003;1.141075e-001
1.048648e+003;1.138965e-001
1.049130e+003;1.136940e-001
1.049612e+003;1.134970e-001
1.050094e+003;1.133053e-001
1.050577e+003;1.131219e-001
1.051059e+003;1.129522e-001
1.051541e+003;1.128033e-001
1.052023e+003;1.126818e-001
1.052505e+003;1.125928e-001
1.052987e+003;1.125384e-001
1.053469e+003;1.125165e-001
1.053952e+003;1.125213e-001
1.054434e+003;1.125429e-001
1.054916e+003;1.125704e-001
1.055398e+003;1.125921e-001
1.055880e+003;1.125987e-001
1.056362e+003;1.125843e-001
1.056844e+003;1.125469e-001
1.057326e+003;1.124885e-001
1.057809e+003;1.124138e-001
1.058291e+003;1.123287e-001
1.058773e+003;1.122385e-001
1.059255e+003;1.121468e-001
1.059737e+003;1.120548e-001
1.060219e+003;1.119619e-001
1.060701e+003;1.118672e-001
1.061184e+003;1.117698e-001
1.061666e+003;1.116703e-001
1.062148e+003;1.115713e-001
1.062630e+003;1.114767e-001
1.063112e+003;1.113911e-001
1.063594e+003;1.113189e-001
1.064076e+003;1.112633e-001
1.064558e+003;1.112268e-001
1.065041e+003;1.112097e-001
1.065523e+003;1.112121e-001
1.066005e+003;1.112336e-001
1.066487e+003;1.112740e-001
1.066969e+003;1.113337e-001
1.067451e+003;1.114131e-001
1.067933e+003;1.115127e-001
1.068416e+003;1.116331e-001
1.068898e+003;1.117740e-001
1.069380e+003;1.119343e-001
1.069862e+003;1.121123e-001
1.070344e+003;1.123066e-001
1.070826e+003;1.125154e-001
1.071308e+003;1.127375e-001
1.071791e+003;1.129728e-001
1.072273e+003;1.132220e-001
1.072755e+003;1.134856e-001
1.073237e+003;1.137640e-001
1.073719e+003;1.140568e-001
1.074201e+003;1.143615e-001
1.074683e+003;1.146743e-001
1.075166e+003;1.149903e-001
1.075648e+003;1.153041e-001
1.076130e+003;1.156096e-001
1.076612e+003;1.159019e-001
1.077094e+003;1.161764e-001
1.077576e+003;1.164280e-001
1.078058e+003;1.166513e-001
1.078541e+003;1.168396e-001
1.079023e+003;1.169850e-001
1.079505e+003;1.170795e-001
1.079987e+003;1.171148e-001
1.080469e+003;1.170851e-001
1.080951e+003;1.169873e-001
1.081433e+003;1.168211e-001
1.081915e+003;1.165892e-001
1.082398e+003;1.162960e-001
1.082880e+003;1.159473e-001
1.083362e+003;1.155486e-001
1.083844e+003;1.151063e-001
1.084326e+003;1.146270e-001
1.084808e+003;1.141179e-001
1.085290e+003;1.135876e-001
1.085773e+003;1.130451e-001
1.086255e+003;1.124989e-001
1.086737e+003;1.119571e-001
1.087219e+003;1.114261e-001
1.087701e+003;1.109117e-001
1.088183e+003;1.104183e-001
1.088665e+003;1.099514e-001
1.089147e+003;1.095160e-001
1.089630e+003;1.091172e-001
1.090112e+003;1.087590e-001
1.090594e+003;1.084442e-001
1.091076e+003;1.081726e-001
1.091558e+003;1.079425e-001
1.092040e+003;1.077507e-001
1.092522e+003;1.075945e-001
1.093005e+003;1.074724e-001
1.093487e+003;1.073850e-001
1.093969e+003;1.073351e-001
1.094451e+003;1.073253e-001
1.094933e+003;1.073578e-001
1.095415e+003;1.074327e-001
1.095897e+003;1.075469e-001
1.096380e+003;1.076944e-001
1.096862e+003;1.078673e-001
1.097344e+003;1.080566e-001
1.097826e+003;1.082540e-001
1.098308e+003;1.084532e-001
1.098790e+003;1.086501e-001
1.099272e+003;1.088427e-001
1.099755e+003;1.090305e-001
1.100237e+003;1.092137e-001
1.100719e+003;1.093918e-001
1.101201e+003;1.095636e-001
1.101683e+003;1.097262e-001
1.102165e+003;1.098760e-001
1.102647e+003;1.100090e-001
1.103130e+003;1.101217e-001
1.103612e+003;1.102125e-001
1.104094e+003;1.102811e-001
1.104576e+003;1.103291e-001
1.105058e+003;1.103587e-001
1.105540e+003;1.103722e-001
1.106022e+003;1.103718e-001
1.106504e+003;1.103578e-001
1.106987e+003;1.103307e-001
1.107469e+003;1.102903e-001
1.107951e+003;1.102367e-001
1.108433e+003;1.101707e-001
1.108915e+003;1.100930e-001
1.109397e+003;1.100041e-001
1.109879e+003;1.099034e-001
1.110362e+003;1.097898e-001
1.110844e+003;1.096612e-001
1.111326e+003;1.095166e-001
1.111808e+003;1.093558e-001
1.112290e+003;1.091807e-001
1.112772e+003;1.089943e-001
1.113254e+003;1.088004e-001
1.113736e+003;1.086021e-001
1.114219e+003;1.084016e-001
1.114701e+003;1.082001e-001
1.115183e+003;1.079980e-001
1.115665e+003;1.077968e-001
1.116147e+003;1.075989e-001
1.116629e+003;1.074084e-001
1.117111e+003;1.072292e-001
1.117594e+003;1.070643e-001
1.118076e+003;1.069139e-001
1.118558e+003;1.067750e-001
1.119040e+003;1.066419e-001
1.119522e+003;1.065076e-001
1.120004e+003;1.063668e-001
1.120486e+003;1.062169e-001
1.120969e+003;1.060591e-001
1.121451e+003;1.058986e-001
1.121933e+003;1.057425e-001
1.122415e+003;1.055977e-001
1.122897e+003;1.054688e-001
1.123379e+003;1.053573e-001
1.123861e+003;1.052617e-001
1.124344e+003;1.051767e-001
1.124826e+003;1.050967e-001
1.125308e+003;1.050158e-001
1.125790e+003;1.049299e-001
1.126272e+003;1.048367e-001
1.126754e+003;1.047358e-001
1.127236e+003;1.046287e-001
1.127719e+003;1.045176e-001
1.128201e+003;1.044048e-001
1.128683e+003;1.042921e-001
1.129165e+003;1.041809e-001
1.129647e+003;1.040721e-001
1.130129e+003;1.039664e-001
1.130611e+003;1.038648e-001
1.131093e+003;1.037685e-001
1.131576e+003;1.036789e-001
1.132058e+003;1.035973e-001
1.132540e+003;1.035238e-001
1.133022e+003;1.034573e-001
1.133504e+003;1.033956e-001
1.133986e+003;1.033352e-001
1.134468e+003;1.032726e-001
1.134951e+003;1.032052e-001
1.135433e+003;1.031322e-001
1.135915e+003;1.030551e-001
1.136397e+003;1.029772e-001
1.136879e+003;1.029035e-001
1.137361e+003;1.028393e-001
1.137843e+003;1.027898e-001
1.138325e+003;1.027585e-001
1.138808e+003;1.027478e-001
1.139290e+003;1.027579e-001
1.139772e+003;1.027870e-001
1.140254e+003;1.028321e-001
1.140736e+003;1.028891e-001
1.141218e+003;1.029535e-001
1.141700e+003;1.030221e-001
1.142183e+003;1.030932e-001
1.142665e+003;1.031678e-001
1.143147e+003;1.032483e-001
1.143629e+003;1.033387e-001
1.144111e+003;1.034419e-001
1.144593e+003;1.035594e-001
1.145075e+003;1.036892e-001
1.145557e+003;1.038273e-001
1.146040e+003;1.039671e-001
1.146522e+003;1.041024e-001
1.147004e+003;1.042284e-001
1.147486e+003;1.043429e-001
1.147968e+003;1.044458e-001
1.148450e+003;1.045390e-001
1.148932e+003;1.046245e-001
1.149415e+003;1.047027e-001
1.149897e+003;1.047731e-001
1.150379e+003;1.048341e-001
1.150861e+003;1.048833e-001
1.151343e+003;1.049201e-001
1.151825e+003;1.049446e-001
1.152307e+003;1.049580e-001
1.152790e+003;1.049619e-001
1.153272e+003;1.049570e-001
1.153754e+003;1.049427e-001
1.154236e+003;1.049178e-001
1.154718e+003;1.048803e-001
1.155200e+003;1.048291e-001
1.155682e+003;1.047646e-001
1.156165e+003;1.046887e-001
1.156647e+003;1.046042e-001
1.157129e+003;1.045139e-001
1.157611e+003;1.044196e-001
1.158093e+003;1.043218e-001
1.158575e+003;1.042195e-001
1.159057e+003;1.041114e-001
1.159540e+003;1.039960e-001
1.160022e+003;1.038732e-001
1.160504e+003;1.037434e-001
1.160986e+003;1.036084e-001
1.161468e+003;1.034701e-001
1.161950e+003;1.033307e-001
1.162432e+003;1.031918e-001
1.162914e+003;1.030547e-001
1.163397e+003;1.029200e-001
1.163879e+003;1.027884e-001
1.164361e+003;1.026597e-001
1.164843e+003;1.025335e-001
1.165325e+003;1.024095e-001
1.165807e+003;1.022868e-001
1.166289e+003;1.021658e-001
1.166772e+003;1.020470e-001
1.167254e+003;1.019320e-001
1.167736e+003;1.018231e-001
1.168218e+003;1.017225e-001
1.168700e+003;1.016323e-001
1.169182e+003;1.015529e-001
1.169664e+003;1.014834e-001
1.170146e+003;1.014217e-001
1.170629e+003;1.013650e-001
1.171111e+003;1.013104e-001
1.171593e+003;1.012562e-001
1.172075e+003;1.012020e-001
1.172557e+003;1.011488e-001
1.173039e+003;1.010987e-001
1.173521e+003;1.010541e-001
1.174004e+003;1.010166e-001
1.174486e+003;1.009869e-001
1.174968e+003;1.009645e-001
1.175450e+003;1.009478e-001
1.175932e+003;1.009349e-001
1.176414e+003;1.009244e-001
1.176896e+003;1.009159e-001
1.177379e+003;1.009106e-001
1.177861e+003;1.009106e-001
1.178343e+003;1.009184e-001
1.178825e+003;1.009363e-001
1.179307e+003;1.009643e-001
1.179789e+003;1.010014e-001
1.180271e+003;1.010435e-001
1.180754e+003;1.010864e-001
1.181236e+003;1.011255e-001
1.181718e+003;1.011579e-001
1.182200e+003;1.011830e-001
1.182682e+003;1.012022e-001
1.183164e+003;1.012194e-001
1.183646e+003;1.012385e-001
1.184129e+003;1.012631e-001
1.184611e+003;1.012956e-001
1.185093e+003;1.013366e-001
1.185575e+003;1.013847e-001
1.186057e+003;1.014382e-001
1.186539e+003;1.014945e-001
1.187021e+003;1.015518e-001
1.187503e+003;1.016085e-001
1.187986e+003;1.016645e-001
1.188468e+003;1.017199e-001
1.188950e+003;1.017759e-001
1.189432e+003;1.018342e-001
1.189914e+003;1.018968e-001
1.190396e+003;1.019656e-001
1.190878e+003;1.020421e-001
1.191361e+003;1.021265e-001
1.191843e+003;1.022182e-001
1.192325e+003;1.023156e-001
1.192807e+003;1.024158e-001
1.193289e+003;1.025160e-001
1.193771e+003;1.026134e-001
1.194253e+003;1.027056e-001
1.194735e+003;1.027912e-001
1.195218e+003;1.028699e-001
1.195700e+003;1.029419e-001
1.196182e+003;1.030092e-001
1.196664e+003;1.030743e-001
1.197146e+003;1.031404e-001
1.197628e+003;1.032101e-001
1.198110e+003;1.032855e-001
1.198593e+003;1.033665e-001
1.199075e+003;1.034505e-001
1.199557e+003;1.035331e-001
1.200039e+003;1.036087e-001
1.200521e+003;1.036725e-001
1.201003e+003;1.037220e-001
1.201485e+003;1.037574e-001
1.201968e+003;1.037825e-001
1.202450e+003;1.038024e-001
1.202932e+003;1.038226e-001
1.203414e+003;1.038466e-001
1.203896e+003;1.038746e-001
1.204378e+003;1.039052e-001
1.204860e+003;1.039344e-001
1.205343e+003;1.039589e-001
1.205825e+003;1.039769e-001
1.206307e+003;1.039890e-001
1.206789e+003;1.039975e-001
1.207271e+003;1.040048e-001
1.207753e+003;1.040131e-001
1.208235e+003;1.040229e-001
1.208718e+003;1.040325e-001
1.209200e+003;1.040406e-001
1.209682e+003;1.040456e-001
1.210164e+003;1.040473e-001
1.210646e+003;1.040477e-001
1.211128e+003;1.040502e-001
1.211610e+003;1.040580e-001
1.212092e+003;1.040744e-001
1.212575e+003;1.041010e-001
1.213057e+003;1.041375e-001
1.213539e+003;1.041823e-001
1.214021e+003;1.042327e-001
1.214503e+003;1.042855e-001
1.214985e+003;1.043382e-001
1.215467e+003;1.043890e-001
1.215950e+003;1.044372e-001
1.216432e+003;1.044836e-001
1.216914e+003;1.045304e-001
1.217396e+003;1.045808e-001
1.217878e+003;1.046375e-001
1.218360e+003;1.047028e-001
1.218842e+003;1.047765e-001
1.219324e+003;1.048562e-001
1.219807e+003;1.049375e-001
1.220289e+003;1.050157e-001
1.220771e+003;1.050862e-001
1.221253e+003;1.051470e-001
1.221735e+003;1.051992e-001
1.222217e+003;1.052463e-001
1.222699e+003;1.052936e-001
1.223182e+003;1.053462e-001
1.223664e+003;1.054076e-001
1.224146e+003;1.054784e-001
1.224628e+003;1.055573e-001
1.225110e+003;1.056408e-001
1.225592e+003;1.057257e-001
1.226074e+003;1.058092e-001
1.226557e+003;1.058903e-001
1.227039e+003;1.059694e-001
1.227521e+003;1.060478e-001
1.228003e+003;1.061269e-001
1.228485e+003;1.062075e-001
1.228967e+003;1.062892e-001
1.229449e+003;1.063709e-001
1.229932e+003;1.064503e-001
1.230414e+003;1.065250e-001
1.230896e+003;1.065933e-001
1.231378e+003;1.066539e-001
1.231860e+003;1.067071e-001
1.232342e+003;1.067545e-001
1.232824e+003;1.067986e-001
1.233307e+003;1.068423e-001
1.233789e+003;1.068884e-001
1.234271e+003;1.069388e-001
1.234753e+003;1.069936e-001
1.235235e+003;1.070519e-001
1.235717e+003;1.071126e-001
1.236199e+003;1.071739e-001
1.236681e+003;1.072355e-001
1.237164e+003;1.072975e-001
1.237646e+003;1.073610e-001
1.238128e+003;1.074274e-001
1.238610e+003;1.074967e-001
1.239092e+003;1.075684e-001
1.239574e+003;1.076406e-001
1.240056e+003;1.077111e-001
1.240539e+003;1.077783e-001
1.241021e+003;1.078417e-001
1.241503e+003;1.079031e-001
1.241985e+003;1.079653e-001
1.242467e+003;1.080320e-001
1.242949e+003;1.081060e-001
1.243431e+003;1.081890e-001
1.243913e+003;1.082804e-001
1.244396e+003;1.083781e-001
1.244878e+003;1.084788e-001
1.245360e+003;1.085782e-001
1.245842e+003;1.086734e-001
1.246324e+003;1.087626e-001
1.246806e+003;1.088447e-001
1.247288e+003;1.089215e-001
1.247771e+003;1.089946e-001
1.248253e+003;1.090664e-001
1.248735e+003;1.091387e-001
1.249217e+003;1.092126e-001
1.249699e+003;1.092880e-001
1.250181e+003;1.093638e-001
1.250663e+003;1.094381e-001
1.251146e+003;1.095098e-001
1.251628e+003;1.095783e-001
1.252110e+003;1.096447e-001
1.252592e+003;1.097108e-001
1.253074e+003;1.097795e-001
1.253556e+003;1.098523e-001
1.254038e+003;1.099300e-001
1.254521e+003;1.100112e-001
1.255003e+003;1.100933e-001
1.255485e+003;1.101723e-001
1.255967e+003;1.102460e-001
1.256449e+003;1.103123e-001
1.256931e+003;1.103720e-001
1.257413e+003;1.104275e-001
1.257896e+003;1.104822e-001
1.258378e+003;1.105390e-001
1.258860e+003;1.106007e-001
1.259342e+003;1.106673e-001
1.259824e+003;1.107380e-001
1.260306e+003;1.108103e-001
1.260788e+003;1.108814e-001
1.261270e+003;1.109485e-001
1.261753e+003;1.110093e-001
1.262235e+003;1.110627e-001
1.262717e+003;1.111084e-001
1.263199e+003;1.111475e-001
1.263681e+003;1.111812e-001
1.264163e+003;1.112115e-001
1.264645e+003;1.112397e-001
1.265128e+003;1.112665e-001
1.265610e+003;1.112913e-001
1.266092e+003;1.113130e-001
1.266574e+003;1.113300e-001
1.267056e+003;1.113417e-001
1.267538e+003;1.113486e-001
1.268020e+003;1.113528e-001
1.268502e+003;1.113572e-001
1.268985e+003;1.113653e-001
1.269467e+003;1.113800e-001
1.269949e+003;1.114022e-001
1.270431e+003;1.114310e-001
1.270913e+003;1.114641e-001
1.271395e+003;1.114984e-001
1.271877e+003;1.115311e-001
1.272360e+003;1.115612e-001
1.272842e+003;1.115885e-001
1.273324e+003;1.116145e-001
1.273806e+003;1.116412e-001
1.274288e+003;1.116705e-001
1.274770e+003;1.117037e-001
1.275252e+003;1.117408e-001
1.275734e+003;1.117813e-001
1.276217e+003;1.118245e-001
1.276699e+003;1.118697e-001
1.277181e+003;1.119161e-001
1.277663e+003;1.119638e-001
1.278145e+003;1.120125e-001
1.278627e+003;1.120624e-001
1.279109e+003;1.121129e-001
1.279592e+003;1.121639e-001
1.280074e+003;1.122146e-001
1.280556e+003;1.122648e-001
1.281038e+003;1.123141e-001
1.281520e+003;1.123622e-001
1.282002e+003;1.124095e-001
1.282484e+003;1.124567e-001
1.282967e+003;1.125043e-001
1.283449e+003;1.125529e-001
1.283931e+003;1.126025e-001
1.284413e+003;1.126521e-001
1.284895e+003;1.126999e-001
1.285377e+003;1.127435e-001
1.285859e+003;1.127805e-001
1.286342e+003;1.128098e-001
1.286824e+003;1.128311e-001
1.287306e+003;1.128469e-001
1.287788e+003;1.128601e-001
1.288270e+003;1.128743e-001
1.288752e+003;1.128926e-001
1.289234e+003;1.129161e-001
1.289716e+003;1.129445e-001
1.290199e+003;1.129761e-001
1.290681e+003;1.130086e-001
1.291163e+003;1.130406e-001
1.291645e+003;1.130719e-001
1.292127e+003;1.131034e-001
1.292609e+003;1.131369e-001
1.293091e+003;1.131737e-001
1.293574e+003;1.132146e-001
1.294056e+003;1.132587e-001
1.294538e+003;1.133046e-001
1.295020e+003;1.133502e-001
1.295502e+003;1.133941e-001
1.295984e+003;1.134361e-001
1.296466e+003;1.134768e-001
1.296948e+003;1.135177e-001
1.297431e+003;1.135599e-001
1.297913e+003;1.136040e-001
1.298395e+003;1.136498e-001
1.298877e+003;1.136966e-001
1.299359e+003;1.137429e-001
1.299841e+003;1.137883e-001
1.300323e+003;1.138320e-001
1.300806e+003;1.138749e-001
1.301288e+003;1.139177e-001
1.301770e+003;1.139618e-001
1.302252e+003;1.140081e-001
1.302734e+003;1.140575e-001
1.303216e+003;1.141103e-001
1.303698e+003;1.141662e-001
1.304181e+003;1.142246e-001
1.304663e+003;1.142849e-001
1.305145e+003;1.143462e-001
1.305627e+003;1.144083e-001
1.306109e+003;1.144713e-001
1.306591e+003;1.145358e-001
1.307073e+003;1.146025e-001
1.307556e+003;1.146720e-001
1.308038e+003;1.147444e-001
1.308520e+003;1.148189e-001
1.309002e+003;1.148941e-001
1.309484e+003;1.149682e-001
1.309966e+003;1.150401e-001
1.310448e+003;1.151092e-001
1.310931e+003;1.151761e-001
1.311413e+003;1.152422e-001
1.311895e+003;1.153091e-001
1.312377e+003;1.153781e-001
1.312859e+003;1.154490e-001
1.313341e+003;1.155206e-001
1.313823e+003;1.155909e-001
1.314305e+003;1.156574e-001
1.314788e+003;1.157182e-001
1.315270e+003;1.157723e-001
1.315752e+003;1.158193e-001
1.316234e+003;1.158600e-001
1.316716e+003;1.158950e-001
1.317198e+003;1.159254e-001
1.317680e+003;1.159516e-001
1.318163e+003;1.159744e-001
1.318645e+003;1.159939e-001
1.319127e+003;1.160112e-001
1.319609e+003;1.160272e-001
1.320091e+003;1.160428e-001
1.320573e+003;1.160586e-001
1.321055e+003;1.160743e-001
1.321537e+003;1.160892e-001
1.322020e+003;1.161027e-001
1.322502e+003;1.161138e-001
1.322984e+003;1.161224e-001
1.323466e+003;1.161300e-001
1.323948e+003;1.161377e-001
1.324430e+003;1.161478e-001
1.324912e+003;1.161617e-001
1.325395e+003;1.161802e-001
1.325877e+003;1.162035e-001
1.326359e+003;1.162301e-001
1.326841e+003;1.162590e-001
1.327323e+003;1.162884e-001
1.327805e+003;1.163173e-001
1.328287e+003;1.163454e-001
1.328770e+003;1.163735e-001
1.329252e+003;1.164031e-001
1.329734e+003;1.164362e-001
1.330216e+003;1.164744e-001
1.330698e+003;1.165189e-001
1.331180e+003;1.165691e-001
1.331662e+003;1.166232e-001
1.332145e+003;1.166785e-001
1.332627e+003;1.167310e-001
1.333109e+003;1.167777e-001
1.333591e+003;1.168164e-001
1.334073e+003;1.168476e-001
1.334555e+003;1.168730e-001
1.335037e+003;1.168964e-001
1.335520e+003;1.169214e-001
1.336002e+003;1.169516e-001
1.336484e+003;1.169888e-001
1.336966e+003;1.170327e-001
1.337448e+003;1.170825e-001
1.337930e+003;1.171355e-001
1.338412e+003;1.171901e-001
1.338894e+003;1.172447e-001
1.339377e+003;1.172986e-001
1.339859e+003;1.173521e-001
1.340341e+003;1.174051e-001
1.340823e+003;1.174571e-001
1.341305e+003;1.175070e-001
1.341787e+003;1.175536e-001
1.342269e+003;1.175960e-001
1.342752e+003;1.176335e-001
1.343234e+003;1.176663e-001
1.343716e+003;1.176960e-001
1.344198e+003;1.177239e-001
1.344680e+003;1.177510e-001
1.345162e+003;1.177776e-001
1.345644e+003;1.178032e-001
1.346126e+003;1.178264e-001
1.346609e+003;1.178460e-001
1.347091e+003;1.178608e-001
1.347573e+003;1.178713e-001
1.348055e+003;1.178786e-001
1.348537e+003;1.178843e-001
1.349019e+003;1.178904e-001
1.349501e+003;1.178986e-001
1.349984e+003;1.179097e-001
1.350466e+003;1.179237e-001
1.350948e+003;1.179397e-001
1.351430e+003;1.179573e-001
1.351912e+003;1.179760e-001
1.352394e+003;1.179956e-001
1.352876e+003;1.180168e-001
1.353359e+003;1.180409e-001
1.353841e+003;1.180695e-001
1.354323e+003;1.181034e-001
1.354805e+003;1.181431e-001
1.355287e+003;1.181881e-001
1.355769e+003;1.182368e-001
1.356251e+003;1.182875e-001
1.356734e+003;1.183371e-001
1.357216e+003;1.183844e-001
1.357698e+003;1.184282e-001
1.358180e+003;1.184692e-001
1.358662e+003;1.185092e-001
1.359144e+003;1.185512e-001
1.359626e+003;1.185982e-001
1.360109e+003;1.186523e-001
1.360591e+003;1.187141e-001
1.361073e+003;1.187820e-001
1.361555e+003;1.188531e-001
1.362037e+003;1.189223e-001
1.362519e+003;1.189855e-001
1.363001e+003;1.190393e-001
1.363483e+003;1.190822e-001
1.363966e+003;1.191145e-001
1.364448e+003;1.191382e-001
1.364930e+003;1.191562e-001
1.365412e+003;1.191712e-001
1.365894e+003;1.191856e-001
1.366376e+003;1.192008e-001
1.366858e+003;1.192167e-001
1.367341e+003;1.192333e-001
1.367823e+003;1.192494e-001
1.368305e+003;1.192640e-001
1.368787e+003;1.192762e-001
1.369269e+003;1.192850e-001
1.369751e+003;1.192908e-001
1.370233e+003;1.192935e-001
1.370715e+003;1.192941e-001
1.371198e+003;1.192934e-001
1.371680e+003;1.192922e-001
1.372162e+003;1.192911e-001
1.372644e+003;1.192891e-001
1.373126e+003;1.192850e-001
1.373608e+003;1.192771e-001
1.374090e+003;1.192636e-001
1.374573e+003;1.192438e-001
1.375055e+003;1.192178e-001
1.375537e+003;1.191875e-001
1.376019e+003;1.191542e-001
1.376501e+003;1.191199e-001
1.376983e+003;1.190859e-001
1.377465e+003;1.190525e-001
1.377948e+003;1.190197e-001
1.378430e+003;1.189882e-001
1.378912e+003;1.189588e-001
1.379394e+003;1.189331e-001
1.379876e+003;1.189133e-001
1.380358e+003;1.189007e-001
1.380840e+003;1.188952e-001
1.381323e+003;1.188950e-001
1.381805e+003;1.188979e-001
1.382287e+003;1.189005e-001
1.382769e+003;1.189016e-001
1.383251e+003;1.189017e-001
1.383733e+003;1.189031e-001
1.384215e+003;1.189099e-001
1.384698e+003;1.189255e-001
1.385180e+003;1.189518e-001
1.385662e+003;1.189874e-001
1.386144e+003;1.190295e-001
1.386626e+003;1.190725e-001
1.387108e+003;1.191118e-001
1.387590e+003;1.191435e-001
1.388072e+003;1.191662e-001
1.388555e+003;1.191799e-001
1.389037e+003;1.191864e-001
1.389519e+003;1.191875e-001
1.390001e+003;1.191848e-001
1.390483e+003;1.191801e-001
1.390965e+003;1.191755e-001
1.391447e+003;1.191741e-001
1.391930e+003;1.191797e-001
1.392412e+003;1.191964e-001
1.392894e+003;1.192270e-001
1.393376e+003;1.192728e-001
1.393858e+003;1.193325e-001
1.394340e+003;1.194022e-001
1.394822e+003;1.194774e-001
1.395304e+003;1.195536e-001
1.395787e+003;1.196282e-001
1.396269e+003;1.197007e-001
1.396751e+003;1.197719e-001
1.397233e+003;1.198440e-001
1.397715e+003;1.199182e-001
1.398197e+003;1.199943e-001
1.398679e+003;1.200708e-001
1.399162e+003;1.201460e-001
1.399644e+003;1.202177e-001
1.400126e+003;1.202860e-001
1.400608e+003;1.203515e-001
1.401090e+003;1.204167e-001
1.401572e+003;1.204842e-001
1.402054e+003;1.205568e-001
1.402536e+003;1.206354e-001
1.403019e+003;1.207201e-001
1.403501e+003;1.208101e-001
1.403983e+003;1.209024e-001
1.404465e+003;1.209944e-001
1.404947e+003;1.210831e-001
1.405429e+003;1.211658e-001
1.405911e+003;1.212412e-001
1.406394e+003;1.213090e-001
1.406876e+003;1.213707e-001
1.407358e+003;1.214293e-001
1.407840e+003;1.214887e-001
1.408322e+003;1.215526e-001
1.408804e+003;1.216241e-001
1.409286e+003;1.217045e-001
1.409769e+003;1.217933e-001
1.410251e+003;1.218882e-001
1.410733e+003;1.219863e-001
1.411215e+003;1.220844e-001
1.411697e+003;1.221807e-001
1.412179e+003;1.222740e-001
1.412661e+003;1.223637e-001
1.413144e+003;1.224505e-001
1.413626e+003;1.225342e-001
1.414108e+003;1.226154e-001
1.414590e+003;1.226941e-001
1.415072e+003;1.227715e-001
1.415554e+003;1.228501e-001
1.416036e+003;1.229329e-001
1.416519e+003;1.230233e-001
1.417001e+003;1.231240e-001
1.417483e+003;1.232350e-001
1.417965e+003;1.233530e-001
1.418447e+003;1.234717e-001
1.418929e+003;1.235825e-001
1.419411e+003;1.236770e-001
1.419893e+003;1.237493e-001
1.420376e+003;1.237980e-001
1.420858e+003;1.238271e-001
1.421340e+003;1.238442e-001
1.421822e+003;1.238597e-001
1.422304e+003;1.238827e-001
1.422786e+003;1.239191e-001
1.423268e+003;1.239705e-001
1.423751e+003;1.240343e-001
1.424233e+003;1.241043e-001
1.424715e+003;1.241740e-001
1.425197e+003;1.242381e-001
1.425679e+003;1.242948e-001
1.426161e+003;1.243449e-001
1.426643e+003;1.243923e-001
1.427125e+003;1.244409e-001
1.427608e+003;1.244934e-001
1.428090e+003;1.245510e-001
1.428572e+003;1.246130e-001
1.429054e+003;1.246770e-001
1.429536e+003;1.247409e-001
1.430018e+003;1.248025e-001
1.430500e+003;1.248601e-001
1.430983e+003;1.249126e-001
1.431465e+003;1.249589e-001
1.431947e+003;1.249978e-001
1.432429e+003;1.250295e-001
1.432911e+003;1.250557e-001
1.433393e+003;1.250806e-001
1.433875e+003;1.251098e-001
1.434358e+003;1.251497e-001
1.434840e+003;1.252045e-001
1.435322e+003;1.252746e-001
1.435804e+003;1.253561e-001
1.436286e+003;1.254405e-001
1.436768e+003;1.255178e-001
1.437250e+003;1.255798e-001
1.437733e+003;1.256224e-001
1.438215e+003;1.256468e-001
1.438697e+003;1.256593e-001
1.439179e+003;1.256673e-001
1.439661e+003;1.256782e-001
1.440143e+003;1.256963e-001
1.440625e+003;1.257225e-001
1.441107e+003;1.257539e-001
1.441590e+003;1.257873e-001
1.442072e+003;1.258194e-001
1.442554e+003;1.258477e-001
1.443036e+003;1.258722e-001
1.443518e+003;1.258936e-001
1.444000e+003;1.259130e-001
1.444482e+003;1.259325e-001
1.444965e+003;1.259535e-001
1.445447e+003;1.259787e-001
1.445929e+003;1.260101e-001
1.446411e+003;1.260498e-001
1.446893e+003;1.260984e-001
1.447375e+003;1.261539e-001
1.447857e+003;1.262126e-001
1.448339e+003;1.262693e-001
1.448822e+003;1.263197e-001
1.449304e+003;1.263618e-001
1.449786e+003;1.263965e-001
1.450268e+003;1.264278e-001
1.450750e+003;1.264606e-001
1.451232e+003;1.264986e-001
1.451714e+003;1.265427e-001
1.452197e+003;1.265915e-001
1.452679e+003;1.266419e-001
1.453161e+003;1.266916e-001
1.453643e+003;1.267409e-001
1.454125e+003;1.267939e-001
1.454607e+003;1.268553e-001
1.455089e+003;1.269298e-001
1.455572e+003;1.270181e-001
1.456054e+003;1.271143e-001
1.456536e+003;1.272083e-001
1.457018e+003;1.272876e-001
1.457500e+003;1.273416e-001
1.457982e+003;1.273654e-001
1.458464e+003;1.273606e-001
1.458947e+003;1.273343e-001
1.459429e+003;1.272965e-001
1.459911e+003;1.272563e-001
1.460393e+003;1.272205e-001
1.460875e+003;1.271925e-001
1.461357e+003;1.271737e-001
1.461839e+003;1.271636e-001
1.462322e+003;1.271628e-001
1.462804e+003;1.271711e-001
1.463286e+003;1.271881e-001
1.463768e+003;1.272118e-001
1.464250e+003;1.272376e-001
1.464732e+003;1.272600e-001
1.465214e+003;1.272732e-001
1.465696e+003;1.272731e-001
1.466179e+003;1.272594e-001
1.466661e+003;1.272338e-001
1.467143e+003;1.272011e-001
1.467625e+003;1.271657e-001
1.468107e+003;1.271321e-001
1.468589e+003;1.271021e-001
1.469071e+003;1.270772e-001
1.469554e+003;1.270583e-001
1.470036e+003;1.270464e-001
1.470518e+003;1.270431e-001
1.471000e+003;1.270498e-001
1.471482e+003;1.270664e-001
1.471964e+003;1.270898e-001
1.472446e+003;1.271155e-001
1.472928e+003;1.271373e-001
1.473411e+003;1.271494e-001
1.473893e+003;1.271491e-001
1.474375e+003;1.271369e-001
1.474857e+003;1.271162e-001
1.475339e+003;1.270923e-001
1.475821e+003;1.270697e-001
1.476303e+003;1.270521e-001
1.476786e+003;1.270405e-001
1.477268e+003;1.270353e-001
1.477750e+003;1.270353e-001
1.478232e+003;1.270407e-001
1.478714e+003;1.270523e-001
1.479196e+003;1.270711e-001
1.479678e+003;1.270982e-001
1.480161e+003;1.271331e-001
1.480643e+003;1.271741e-001
1.481125e+003;1.272180e-001
1.481607e+003;1.272611e-001
1.482089e+003;1.273008e-001
1.482571e+003;1.273367e-001
1.483053e+003;1.273694e-001
1.483536e+003;1.274024e-001
1.484018e+003;1.274392e-001
1.484500e+003;1.274831e-001
1.484982e+003;1.275359e-001
1.485464e+003;1.275979e-001
1.485946e+003;1.276670e-001
1.486428e+003;1.277403e-001
1.486911e+003;1.278148e-001
1.487393e+003;1.278877e-001
1.487875e+003;1.279577e-001
1.488357e+003;1.280250e-001
1.488839e+003;1.280918e-001
1.489321e+003;1.281598e-001
1.489803e+003;1.282307e-001
1.490285e+003;1.283047e-001
1.490768e+003;1.283795e-001
1.491250e+003;1.284523e-001
1.491732e+003;1.285205e-001
1.492214e+003;1.285827e-001
1.492696e+003;1.286402e-001
1.493178e+003;1.286978e-001
1.493660e+003;1.287614e-001
1.494143e+003;1.288373e-001
1.494625e+003;1.289297e-001
1.495107e+003;1.290385e-001
1.495589e+003;1.291596e-001
1.496071e+003;1.292858e-001
1.496553e+003;1.294085e-001
1.497035e+003;1.295210e-001
1.497517e+003;1.296200e-001
1.498000e+003;1.297064e-001
1.498482e+003;1.297837e-001
1.498964e+003;1.298567e-001
1.499446e+003;1.299293e-001
1.499928e+003;1.300032e-001
1.500410e+003;1.300776e-001
1.500892e+003;1.301511e-001
1.501375e+003;1.302222e-001
1.501857e+003;1.302917e-001
1.502339e+003;1.303629e-001
1.502821e+003;1.304417e-001
1.503303e+003;1.305359e-001
1.503785e+003;1.306528e-001
1.504267e+003;1.307974e-001
1.504750e+003;1.309699e-001
1.505232e+003;1.311661e-001
1.505714e+003;1.313757e-001
1.506196e+003;1.315847e-001
1.506678e+003;1.317784e-001
1.507160e+003;1.319449e-001
1.507642e+003;1.320782e-001
1.508125e+003;1.321792e-001
1.508607e+003;1.322555e-001
1.509089e+003;1.323188e-001
1.509571e+003;1.323815e-001
1.510053e+003;1.324546e-001
1.510535e+003;1.325437e-001
1.511017e+003;1.326498e-001
1.511500e+003;1.327691e-001
1.511982e+003;1.328953e-001
1.512464e+003;1.330229e-001
1.512946e+003;1.331480e-001
1.513428e+003;1.332707e-001
1.513910e+003;1.333934e-001
1.514392e+003;1.335201e-001
1.514874e+003;1.336538e-001
1.515357e+003;1.337946e-001
1.515839e+003;1.339399e-001
1.516321e+003;1.340854e-001
1.516803e+003;1.342268e-001
1.517285e+003;1.343627e-001
1.517767e+003;1.344947e-001
1.518249e+003;1.346282e-001
1.518732e+003;1.347702e-001
1.519214e+003;1.349268e-001
1.519696e+003;1.351003e-001
1.520178e+003;1.352884e-001
1.520660e+003;1.354834e-001
1.521142e+003;1.356757e-001
1.521624e+003;1.358558e-001
1.522106e+003;1.360186e-001
1.522589e+003;1.361647e-001
1.523071e+003;1.363012e-001
1.523553e+003;1.364376e-001
1.524035e+003;1.365839e-001
1.524517e+003;1.367463e-001
1.524999e+003;1.369261e-001
1.525481e+003;1.371189e-001
1.525964e+003;1.373169e-001
1.526446e+003;1.375118e-001
1.526928e+003;1.376971e-001
1.527410e+003;1.378705e-001
1.527892e+003;1.380330e-001
1.528374e+003;1.381881e-001
1.528856e+003;1.383404e-001
1.529339e+003;1.384927e-001
1.529821e+003;1.386478e-001
1.530303e+003;1.388079e-001
1.530785e+003;1.389752e-001
1.531267e+003;1.391529e-001
1.531749e+003;1.393445e-001
1.532231e+003;1.395519e-001
1.532714e+003;1.397737e-001
1.533196e+003;1.400039e-001
1.533678e+003;1.402337e-001
1.534160e+003;1.404532e-001
1.534642e+003;1.406559e-001
1.535124e+003;1.408412e-001
1.535606e+003;1.410161e-001
1.536089e+003;1.411931e-001
1.536571e+003;1.413877e-001
1.537053e+003;1.416131e-001
1.537535e+003;1.418767e-001
1.538017e+003;1.421783e-001
1.538499e+003;1.425093e-001
1.538981e+003;1.428560e-001
1.539463e+003;1.432031e-001
1.539946e+003;1.435376e-001
1.540428e+003;1.438511e-001
1.540910e+003;1.441411e-001
1.541392e+003;1.444096e-001
1.541874e+003;1.446610e-001
1.542356e+003;1.449022e-001
1.542838e+003;1.451389e-001
1.543321e+003;1.453762e-001
1.543803e+003;1.456185e-001
1.544285e+003;1.458672e-001
1.544767e+003;1.461216e-001
1.545249e+003;1.463794e-001
1.545731e+003;1.466373e-001
1.546213e+003;1.468931e-001
1.546695e+003;1.471472e-001
1.547178e+003;1.474023e-001
1.547660e+003;1.476630e-001
1.548142e+003;1.479337e-001
1.548624e+003;1.482166e-001
1.549106e+003;1.485102e-001
1.549588e+003;1.488100e-001
1.550070e+003;1.491105e-001
1.550553e+003;1.494077e-001
1.551035e+003;1.497008e-001
1.551517e+003;1.499938e-001
1.551999e+003;1.502925e-001
1.552481e+003;1.506024e-001
1.552963e+003;1.509259e-001
1.553445e+003;1.512602e-001
1.553927e+003;1.515990e-001
1.554410e+003;1.519355e-001
1.554892e+003;1.522653e-001
1.555374e+003;1.525912e-001
1.555856e+003;1.529217e-001
1.556338e+003;1.532711e-001
1.556820e+003;1.536531e-001
1.557302e+003;1.540761e-001
1.557785e+003;1.545400e-001
1.558267e+003;1.550327e-001
1.558749e+003;1.555338e-001
1.559231e+003;1.560185e-001
1.559713e+003;1.564655e-001
1.560195e+003;1.568636e-001
1.560677e+003;1.572132e-001
1.561160e+003;1.575255e-001
1.561642e+003;1.578190e-001
1.562124e+003;1.581135e-001
1.562606e+003;1.584263e-001
1.563088e+003;1.587680e-001
1.563570e+003;1.591425e-001
1.564052e+003;1.595464e-001
1.564535e+003;1.599717e-001
1.565017e+003;1.604096e-001
1.565499e+003;1.608531e-001
1.565981e+003;1.612997e-001
1.566463e+003;1.617527e-001
1.566945e+003;1.622178e-001
1.567427e+003;1.627025e-001
1.567910e+003;1.632118e-001
1.568392e+003;1.637461e-001
1.568874e+003;1.642999e-001
1.569356e+003;1.648637e-001
1.569838e+003;1.654249e-001
1.570320e+003;1.659732e-001
1.570802e+003;1.665012e-001
1.571284e+003;1.670081e-001
1.571767e+003;1.674989e-001
1.572249e+003;1.679838e-001
1.572731e+003;1.684763e-001
1.573213e+003;1.689910e-001
1.573695e+003;1.695402e-001
1.574177e+003;1.701326e-001
1.574659e+003;1.707704e-001
1.575142e+003;1.714486e-001
1.575624e+003;1.721549e-001
1.576106e+003;1.728725e-001
1.576588e+003;1.735845e-001
1.577070e+003;1.742776e-001
1.577552e+003;1.749474e-001
1.578034e+003;1.755965e-001
1.578516e+003;1.762347e-001
1.578999e+003;1.768745e-001
1.579481e+003;1.775268e-001
1.579963e+003;1.781984e-001
1.580445e+003;1.788906e-001
1.580927e+003;1.796009e-001
1.581409e+003;1.803243e-001
1.581891e+003;1.810579e-001
1.582374e+003;1.818009e-001
1.582856e+003;1.825562e-001
1.583338e+003;1.833274e-001
1.583820e+003;1.841179e-001
1.584302e+003;1.849297e-001
1.584784e+003;1.857614e-001
1.585266e+003;1.866103e-001
1.585749e+003;1.874742e-001
1.586231e+003;1.883520e-001
1.586713e+003;1.892438e-001
1.587195e+003;1.901504e-001
1.587677e+003;1.910721e-001
1.588159e+003;1.920073e-001
1.588641e+003;1.929530e-001
1.589124e+003;1.939059e-001
1.589606e+003;1.948640e-001
1.590088e+003;1.958287e-001
1.590570e+003;1.968033e-001
1.591052e+003;1.977930e-001
1.591534e+003;1.988023e-001
1.592016e+003;1.998332e-001
1.592499e+003;2.008851e-001
1.592981e+003;2.019545e-001
1.593463e+003;2.030382e-001
1.593945e+003;2.041339e-001
1.594427e+003;2.052420e-001
1.594909e+003;2.063653e-001
1.595391e+003;2.075067e-001
1.595873e+003;2.086693e-001
1.596356e+003;2.098535e-001
1.596838e+003;2.110581e-001
1.597320e+003;2.122803e-001
1.597802e+003;2.135176e-001
1.598284e+003;2.147686e-001
1.598766e+003;2.160325e-001
1.599248e+003;2.173097e-001
1.599731e+003;2.186008e-001
1.600213e+003;2.199058e-001
1.600695e+003;2.212247e-001
1.601177e+003;2.225578e-001
1.601659e+003;2.239059e-001
1.602141e+003;2.252701e-001
1.602623e+003;2.266518e-001
1.603105e+003;2.280508e-001
1.603588e+003;2.294658e-001
1.604070e+003;2.308947e-001
1.604552e+003;2.323349e-001
1.605034e+003;2.337857e-001
1.605516e+003;2.352476e-001
1.605998e+003;2.367229e-001
1.606480e+003;2.382147e-001
1.606963e+003;2.397240e-001
1.607445e+003;2.412496e-001
1.607927e+003;2.427883e-001
1.608409e+003;2.443352e-001
1.608891e+003;2.458874e-001
1.609373e+003;2.474442e-001
1.609855e+003;2.490067e-001
1.610338e+003;2.505769e-001
1.610820e+003;2.521542e-001
1.611302e+003;2.537350e-001
1.611784e+003;2.553119e-001
1.612266e+003;2.568774e-001
1.612748e+003;2.584273e-001
1.613230e+003;2.599647e-001
1.613713e+003;2.615002e-001
1.614195e+003;2.630496e-001
1.614677e+003;2.646281e-001
1.615159e+003;2.662445e-001
1.615641e+003;2.678948e-001
1.616123e+003;2.695623e-001
1.616605e+003;2.712220e-001
1.617088e+003;2.728465e-001
1.617570e+003;2.744168e-001
1.618052e+003;2.759252e-001
1.618534e+003;2.773781e-001
1.619016e+003;2.787910e-001
1.619498e+003;2.801815e-001
1.619980e+003;2.815653e-001
1.620462e+003;2.829507e-001
1.620945e+003;2.843387e-001
1.621427e+003;2.857240e-001
1.621909e+003;2.870966e-001
1.622391e+003;2.884456e-001
1.622873e+003;2.897597e-001
1.623355e+003;2.910288e-001
1.623837e+003;2.922454e-001
1.624320e+003;2.934048e-001
1.624802e+003;2.945071e-001
1.625284e+003;2.955563e-001
1.625766e+003;2.965603e-001
1.626248e+003;2.975274e-001
1.626730e+003;2.984651e-001
1.627212e+003;2.993758e-001
1.627694e+003;3.002565e-001
1.628177e+003;3.010990e-001
1.628659e+003;3.018934e-001
1.629141e+003;3.026299e-001
1.629623e+003;3.033027e-001
1.630105e+003;3.039092e-001
1.630587e+003;3.044507e-001
1.631069e+003;3.049302e-001
1.631552e+003;3.053524e-001
1.632034e+003;3.057229e-001
1.632516e+003;3.060493e-001
1.632998e+003;3.063414e-001
1.633480e+003;3.066092e-001
1.633962e+003;3.068609e-001
1.634444e+003;3.070976e-001
1.634927e+003;3.073122e-001
1.635409e+003;3.074874e-001
1.635891e+003;3.076011e-001
1.636373e+003;3.076325e-001
1.636855e+003;3.075693e-001
1.637337e+003;3.074110e-001
1.637819e+003;3.071685e-001
1.638302e+003;3.068598e-001
1.638784e+003;3.065022e-001
1.639266e+003;3.061079e-001
1.639748e+003;3.056812e-001
1.640230e+003;3.052191e-001
1.640712e+003;3.047159e-001
1.641194e+003;3.041673e-001
1.641677e+003;3.035740e-001
1.642159e+003;3.029407e-001
1.642641e+003;3.022761e-001
1.643123e+003;3.015877e-001
1.643605e+003;3.008802e-001
1.644087e+003;3.001550e-001
1.644569e+003;2.994101e-001
1.645051e+003;2.986418e-001
1.645534e+003;2.978456e-001
1.646016e+003;2.970170e-001
1.646498e+003;2.961499e-001
1.646980e+003;2.952376e-001
1.647462e+003;2.942738e-001
1.647944e+003;2.932554e-001
1.648426e+003;2.921848e-001
1.648909e+003;2.910743e-001
1.649391e+003;2.899415e-001
1.649873e+003;2.888079e-001
1.650355e+003;2.876929e-001
1.650837e+003;2.866070e-001
1.651319e+003;2.855492e-001
1.651801e+003;2.845048e-001
1.652283e+003;2.834500e-001
1.652766e+003;2.823582e-001
1.653248e+003;2.812086e-001
1.653730e+003;2.799922e-001
1.654212e+003;2.787124e-001
1.654694e+003;2.773828e-001
1.655176e+003;2.760200e-001
1.655658e+003;2.746399e-001
1.656141e+003;2.732549e-001
1.656623e+003;2.718729e-001
1.657105e+003;2.704967e-001
1.657587e+003;2.691264e-001
1.658069e+003;2.677599e-001
1.658551e+003;2.663926e-001
1.659033e+003;2.650208e-001
1.659516e+003;2.636414e-001
1.659998e+003;2.622531e-001
1.660480e+003;2.608573e-001
1.660962e+003;2.594563e-001
1.661444e+003;2.580530e-001
1.661926e+003;2.566482e-001
1.662408e+003;2.552404e-001
1.662891e+003;2.538258e-001
1.663373e+003;2.524002e-001
1.663855e+003;2.509612e-001
1.664337e+003;2.495104e-001
1.664819e+003;2.480524e-001
1.665301e+003;2.465942e-001
1.665783e+003;2.451426e-001
1.666266e+003;2.437014e-001
1.666748e+003;2.422707e-001
1.667230e+003;2.408473e-001
1.667712e+003;2.394267e-001
1.668194e+003;2.380048e-001
1.668676e+003;2.365791e-001
1.669158e+003;2.351481e-001
1.669640e+003;2.337114e-001
1.670123e+003;2.322675e-001
1.670605e+003;2.308148e-001
1.671087e+003;2.293527e-001
1.671569e+003;2.278829e-001
1.672051e+003;2.264104e-001
1.672533e+003;2.249437e-001
1.673015e+003;2.234904e-001
1.673498e+003;2.220570e-001
1.673980e+003;2.206423e-001
1.674462e+003;2.192403e-001
1.674944e+003;2.178401e-001
1.675426e+003;2.164308e-001
1.675908e+003;2.150057e-001
1.676390e+003;2.135648e-001
1.676872e+003;2.121144e-001
1.677355e+003;2.106637e-001
1.677837e+003;2.092213e-001
1.678319e+003;2.077907e-001
1.678801e+003;2.063714e-001
1.679283e+003;2.049596e-001
1.679765e+003;2.035514e-001
1.680247e+003;2.021465e-001
1.680730e+003;2.007479e-001
1.681212e+003;1.993630e-001
1.681694e+003;1.979991e-001
1.682176e+003;1.966610e-001
1.682658e+003;1.953489e-001
1.683140e+003;1.940567e-001
1.683622e+003;1.927752e-001
1.684104e+003;1.914928e-001
1.684587e+003;1.902004e-001
1.685069e+003;1.888920e-001
1.685551e+003;1.875662e-001
1.686033e+003;1.862260e-001
1.686515e+003;1.848767e-001
1.686997e+003;1.835248e-001
1.687479e+003;1.821780e-001
1.687962e+003;1.808432e-001
1.688444e+003;1.795263e-001
1.688926e+003;1.782307e-001
1.689408e+003;1.769557e-001
1.689890e+003;1.756982e-001
1.690372e+003;1.744523e-001
1.690854e+003;1.732132e-001
1.691337e+003;1.719782e-001
1.691819e+003;1.707488e-001
1.692301e+003;1.695303e-001
1.692783e+003;1.683304e-001
1.693265e+003;1.671560e-001
1.693747e+003;1.660104e-001
1.694229e+003;1.648915e-001
1.694712e+003;1.637915e-001
1.695194e+003;1.626985e-001
1.695676e+003;1.616005e-001
1.696158e+003;1.604903e-001
1.696640e+003;1.593669e-001
1.697122e+003;1.582371e-001
1.697604e+003;1.571136e-001
1.698087e+003;1.560103e-001
1.698569e+003;1.549391e-001
1.699051e+003;1.539048e-001
1.699533e+003;1.529032e-001
1.700015e+003;1.519222e-001
1.700497e+003;1.509447e-001
1.700979e+003;1.499544e-001
1.701461e+003;1.489426e-001
1.701944e+003;1.479097e-001
1.702426e+003;1.468668e-001
1.702908e+003;1.458291e-001
1.703390e+003;1.448129e-001
1.703872e+003;1.438285e-001
1.704354e+003;1.428790e-001
1.704836e+003;1.419587e-001
1.705319e+003;1.410573e-001
1.705801e+003;1.401636e-001
1.706283e+003;1.392707e-001
1.706765e+003;1.383777e-001
1.707247e+003;1.374889e-001
1.707729e+003;1.366107e-001
1.708211e+003;1.357486e-001
1.708693e+003;1.349047e-001
1.709176e+003;1.340781e-001
1.709658e+003;1.332660e-001
1.710140e+003;1.324667e-001
1.710622e+003;1.316799e-001
1.711104e+003;1.309071e-001
1.711586e+003;1.301485e-001
1.712068e+003;1.294022e-001
1.712551e+003;1.286624e-001
1.713033e+003;1.279226e-001
1.713515e+003;1.271774e-001
1.713997e+003;1.264271e-001
1.714479e+003;1.256781e-001
1.714961e+003;1.249430e-001
1.715443e+003;1.242353e-001
1.715926e+003;1.235651e-001
1.716408e+003;1.229347e-001
1.716890e+003;1.223368e-001
1.717372e+003;1.217565e-001
1.717854e+003;1.211771e-001
1.718336e+003;1.205841e-001
1.718818e+003;1.199706e-001
1.719301e+003;1.193374e-001
1.719783e+003;1.186909e-001
1.720265e+003;1.180408e-001
1.720747e+003;1.173965e-001
1.721229e+003;1.167659e-001
1.721711e+003;1.161548e-001
1.722193e+003;1.155677e-001
1.722676e+003;1.150069e-001
1.723158e+003;1.144728e-001
1.723640e+003;1.139628e-001
1.724122e+003;1.134714e-001
1.724604e+003;1.129907e-001
1.725086e+003;1.125125e-001
1.725568e+003;1.120304e-001
1.726050e+003;1.115423e-001
1.726533e+003;1.110496e-001
1.727015e+003;1.105567e-001
1.727497e+003;1.100683e-001
1.727979e+003;1.095877e-001
1.728461e+003;1.091150e-001
1.728943e+003;1.086493e-001
1.729425e+003;1.081892e-001
1.729908e+003;1.077357e-001
1.730390e+003;1.072931e-001
1.730872e+003;1.068686e-001
1.731354e+003;1.064701e-001
1.731836e+003;1.061035e-001
1.732318e+003;1.057699e-001
1.732800e+003;1.054649e-001
1.733282e+003;1.051784e-001
1.733765e+003;1.048963e-001
1.734247e+003;1.046049e-001
1.734729e+003;1.042924e-001
1.735211e+003;1.039537e-001
1.735693e+003;1.035895e-001
1.736175e+003;1.032072e-001
1.736657e+003;1.028177e-001
1.737140e+003;1.024336e-001
1.737622e+003;1.020648e-001
1.738104e+003;1.017165e-001
1.738586e+003;1.013866e-001
1.739068e+003;1.010663e-001
1.739550e+003;1.007430e-001
1.740032e+003;1.004053e-001
1.740515e+003;1.000472e-001
1.740997e+003;9.967258e-002
1.741479e+003;9.929378e-002
1.741961e+003;9.892871e-002
1.742443e+003;9.859468e-002
1.742925e+003;9.830315e-002
1.743407e+003;9.805558e-002
1.743890e+003;9.784354e-002
1.744372e+003;9.765231e-002
1.744854e+003;9.746580e-002
1.745336e+003;9.727158e-002
1.745818e+003;9.706265e-002
1.746300e+003;9.683848e-002
1.746782e+003;9.660280e-002
1.747265e+003;9.635979e-002
1.747747e+003;9.611408e-002
1.748229e+003;9.586899e-002
1.748711e+003;9.562777e-002
1.749193e+003;9.539334e-002
1.749675e+003;9.516840e-002
1.750157e+003;9.495396e-002
1.750639e+003;9.474802e-002
1.751122e+003;9.454440e-002
1.751604e+003;9.433472e-002
1.752086e+003;9.411080e-002
1.752568e+003;9.386935e-002
1.753050e+003;9.361269e-002
1.753532e+003;9.335002e-002
1.754014e+003;9.309398e-002
1.754497e+003;9.285601e-002
1.754979e+003;9.264205e-002
1.755461e+003;9.245081e-002
1.755943e+003;9.227370e-002
1.756425e+003;9.209867e-002
1.756907e+003;9.191518e-002
1.757389e+003;9.171790e-002
1.757871e+003;9.150814e-002
1.758354e+003;9.129308e-002
1.758836e+003;9.108251e-002
1.759318e+003;9.088480e-002
1.759800e+003;9.070475e-002
1.760282e+003;9.054208e-002
1.760764e+003;9.039264e-002
1.761246e+003;9.025000e-002
1.761729e+003;9.010677e-002
1.762211e+003;8.995685e-002
1.762693e+003;8.979539e-002
1.763175e+003;8.962127e-002
1.763657e+003;8.943592e-002
1.764139e+003;8.924431e-002
1.764621e+003;8.905420e-002
1.765104e+003;8.887406e-002
1.765586e+003;8.871133e-002
1.766068e+003;8.856897e-002
1.766550e+003;8.844455e-002
1.767032e+003;8.833040e-002
1.767514e+003;8.821560e-002
1.767996e+003;8.809137e-002
1.768479e+003;8.795242e-002
1.768961e+003;8.780184e-002
1.769443e+003;8.764808e-002
1.769925e+003;8.750272e-002
1.770407e+003;8.737519e-002
1.770889e+003;8.727048e-002
1.771371e+003;8.718538e-002
1.771854e+003;8.711166e-002
1.772336e+003;8.703776e-002
1.772818e+003;8.695427e-002
1.773300e+003;8.685621e-002
1.773782e+003;8.674470e-002
1.774264e+003;8.662435e-002
1.774746e+003;8.650149e-002
1.775228e+003;8.638103e-002
1.775711e+003;8.626509e-002
1.776193e+003;8.615368e-002
1.776675e+003;8.604541e-002
1.777157e+003;8.593936e-002
1.777639e+003;8.583594e-002
1.778121e+003;8.573656e-002
1.778603e+003;8.564275e-002
1.779086e+003;8.555499e-002
1.779568e+003;8.547226e-002
1.780050e+003;8.539168e-002
1.780532e+003;8.530933e-002
1.781014e+003;8.522218e-002
1.781496e+003;8.512921e-002
1.781978e+003;8.503098e-002
1.782460e+003;8.492987e-002
1.782943e+003;8.482958e-002
1.783425e+003;8.473358e-002
1.783907e+003;8.464359e-002
1.784389e+003;8.455966e-002
1.784871e+003;8.448059e-002
1.785353e+003;8.440308e-002
1.785835e+003;8.432355e-002
1.786318e+003;8.423930e-002
1.786800e+003;8.414833e-002
1.787282e+003;8.405164e-002
1.787764e+003;8.395176e-002
1.788246e+003;8.385365e-002
1.788728e+003;8.376224e-002
1.789210e+003;8.368354e-002
1.789693e+003;8.362016e-002
1.790175e+003;8.357361e-002
1.790657e+003;8.354162e-002
1.791139e+003;8.351944e-002
1.791621e+003;8.350048e-002
1.792103e+003;8.347792e-002
1.792585e+003;8.344552e-002
1.793068e+003;8.339951e-002
1.793550e+003;8.333899e-002
1.794032e+003;8.326595e-002
1.794514e+003;8.318432e-002
1.794996e+003;8.309934e-002
1.795478e+003;8.301517e-002
1.795960e+003;8.293541e-002
1.796442e+003;8.286095e-002
1.796925e+003;8.279150e-002
1.797407e+003;8.272525e-002
1.797889e+003;8.266146e-002
1.798371e+003;8.259979e-002
1.798853e+003;8.254190e-002
1.799335e+003;8.248968e-002
1.799817e+003;8.244511e-002
1.800300e+003;8.240867e-002
1.800782e+003;8.237910e-002
1.801264e+003;8.235274e-002
1.801746e+003;8.232611e-002
1.802228e+003;8.229479e-002
1.802710e+003;8.225736e-002
1.803192e+003;8.221307e-002
1.803674e+003;8.216296e-002
1.804157e+003;8.210812e-002
1.804639e+003;8.204972e-002
1.805121e+003;8.198862e-002
1.805603e+003;8.192518e-002
1.806085e+003;8.186037e-002
1.806567e+003;8.179651e-002
1.807049e+003;8.173586e-002
1.807532e+003;8.168100e-002
1.808014e+003;8.163324e-002
1.808496e+003;8.159291e-002
1.808978e+003;8.155782e-002
1.809460e+003;8.152640e-002
1.809942e+003;8.149684e-002
1.810424e+003;8.146884e-002
1.810906e+003;8.144289e-002
1.811389e+003;8.141857e-002
1.811871e+003;8.139464e-002
1.812353e+003;8.136776e-002
1.812835e+003;8.133257e-002
1.813317e+003;8.128408e-002
1.813799e+003;8.121979e-002
1.814281e+003;8.114149e-002
1.814764e+003;8.105542e-002
1.815246e+003;8.097043e-002
1.815728e+003;8.089621e-002
1.816210e+003;8.084020e-002
1.816692e+003;8.080518e-002
1.817174e+003;8.079075e-002
1.817656e+003;8.079330e-002
1.818139e+003;8.080886e-002
1.818621e+003;8.083416e-002
1.819103e+003;8.086648e-002
1.819585e+003;8.090348e-002
1.820067e+003;8.094195e-002
1.820549e+003;8.097707e-002
1.821031e+003;8.100305e-002
1.821514e+003;8.101523e-002
1.821996e+003;8.101218e-002
1.822478e+003;8.099602e-002
1.822960e+003;8.097236e-002
1.823442e+003;8.094760e-002
1.823924e+003;8.092710e-002
1.824406e+003;8.091281e-002
1.824889e+003;8.090399e-002
1.825371e+003;8.089823e-002
1.825853e+003;8.089449e-002
1.826335e+003;8.089293e-002
1.826817e+003;8.089691e-002
1.827299e+003;8.090962e-002
1.827781e+003;8.093298e-002
1.828263e+003;8.096412e-002
1.828746e+003;8.099662e-002
1.829228e+003;8.102052e-002
1.829710e+003;8.102717e-002
1.830192e+003;8.101058e-002
1.830674e+003;8.097102e-002
1.831156e+003;8.091354e-002
1.831638e+003;8.084743e-002
1.832121e+003;8.078162e-002
1.832603e+003;8.072506e-002
1.833085e+003;8.068231e-002
1.833567e+003;8.065545e-002
1.834049e+003;8.064351e-002
1.834531e+003;8.064345e-002
1.835013e+003;8.065154e-002
1.835495e+003;8.066338e-002
1.835978e+003;8.067472e-002
1.836460e+003;8.068111e-002
1.836942e+003;8.068033e-002
1.837424e+003;8.067139e-002
1.837906e+003;8.065479e-002
1.838388e+003;8.063191e-002
1.838870e+003;8.060421e-002
1.839353e+003;8.057308e-002
1.839835e+003;8.053852e-002
1.840317e+003;8.050155e-002
1.840799e+003;8.046402e-002
1.841281e+003;8.043032e-002
1.841763e+003;8.040569e-002
1.842245e+003;8.039623e-002
1.842728e+003;8.040499e-002
1.843210e+003;8.043136e-002
1.843692e+003;8.046968e-002
1.844174e+003;8.051208e-002
1.844656e+003;8.054976e-002
1.845138e+003;8.057831e-002
1.845620e+003;8.059627e-002
1.846103e+003;8.060710e-002
1.846585e+003;8.061482e-002
1.847067e+003;8.062282e-002
1.847549e+003;8.063105e-002
1.848031e+003;8.063661e-002
1.848513e+003;8.063542e-002
1.848995e+003;8.062483e-002
1.849478e+003;8.060533e-002
1.849960e+003;8.058093e-002
1.850442e+003;8.055715e-002
1.850924e+003;8.053935e-002
1.851406e+003;8.052974e-002
1.851888e+003;8.052760e-002
1.852370e+003;8.053018e-002
1.852852e+003;8.053532e-002
1.853335e+003;8.054230e-002
1.853817e+003;8.055342e-002
1.854299e+003;8.057123e-002
1.854781e+003;8.059769e-002
1.855263e+003;8.063080e-002
1.855745e+003;8.066663e-002
1.856227e+003;8.069876e-002
1.856710e+003;8.072249e-002
1.857192e+003;8.073556e-002
1.857674e+003;8.074054e-002
1.858156e+003;8.074231e-002
1.858638e+003;8.074780e-002
1.859120e+003;8.076145e-002
1.859602e+003;8.078691e-002
1.860084e+003;8.082379e-002
1.860567e+003;8.087171e-002
1.861049e+003;8.092859e-002
1.861531e+003;8.099121e-002
1.862013e+003;8.105509e-002
1.862495e+003;8.111306e-002
1.862977e+003;8.115527e-002
1.863459e+003;8.117286e-002
1.863942e+003;8.115946e-002
1.864424e+003;8.111715e-002
1.864906e+003;8.105411e-002
1.865388e+003;8.098628e-002
1.865870e+003;8.093054e-002
1.866352e+003;8.090041e-002
1.866834e+003;8.090027e-002
1.867317e+003;8.092504e-002
1.867799e+003;8.096195e-002
1.868281e+003;8.099659e-002
1.868763e+003;8.101825e-002
1.869245e+003;8.102300e-002
1.869727e+003;8.101480e-002
1.870209e+003;8.100167e-002
1.870692e+003;8.099131e-002
1.871174e+003;8.098761e-002
1.871656e+003;8.098853e-002
1.872138e+003;8.098973e-002
1.872620e+003;8.098543e-002
1.873102e+003;8.097330e-002
1.873584e+003;8.095506e-002
1.874067e+003;8.093666e-002
1.874549e+003;8.092455e-002
1.875031e+003;8.092444e-002
1.875513e+003;8.093763e-002
1.875995e+003;8.096311e-002
1.876477e+003;8.099633e-002
1.876959e+003;8.103144e-002
1.877441e+003;8.106290e-002
1.877924e+003;8.108592e-002
1.878406e+003;8.109567e-002
1.878888e+003;8.109069e-002
1.879370e+003;8.107094e-002
1.879852e+003;8.104110e-002
1.880334e+003;8.100973e-002
1.880816e+003;8.098929e-002
1.881299e+003;8.099215e-002
1.881781e+003;8.102860e-002
1.882263e+003;8.110178e-002
1.882745e+003;8.120812e-002
1.883227e+003;8.133628e-002
1.883709e+003;8.147135e-002
1.884191e+003;8.159739e-002
1.884673e+003;8.170167e-002
1.885156e+003;8.177608e-002
1.885638e+003;8.181777e-002
1.886120e+003;8.182805e-002
1.886602e+003;8.181209e-002
1.887084e+003;8.177765e-002
1.887566e+003;8.173587e-002
1.888048e+003;8.169723e-002
1.888531e+003;8.167318e-002
1.889013e+003;8.167134e-002
1.889495e+003;8.169489e-002
1.889977e+003;8.173870e-002
1.890459e+003;8.179290e-002
1.890941e+003;8.184505e-002
1.891423e+003;8.188468e-002
1.891906e+003;8.190645e-002
1.892388e+003;8.191222e-002
1.892870e+003;8.190864e-002
1.893352e+003;8.190463e-002
1.893834e+003;8.190599e-002
1.894316e+003;8.191513e-002
1.894798e+003;8.192877e-002
1.895281e+003;8.194336e-002
1.895763e+003;8.195714e-002
1.896245e+003;8.197187e-002
1.896727e+003;8.199396e-002
1.897209e+003;8.203133e-002
1.897691e+003;8.208746e-002
1.898173e+003;8.216023e-002
1.898656e+003;8.224031e-002
1.899138e+003;8.231370e-002
1.899620e+003;8.236686e-002
1.900102e+003;8.239125e-002
1.900584e+003;8.238731e-002
1.901066e+003;8.236367e-002
1.901548e+003;8.233339e-002
1.902030e+003;8.231045e-002
1.902513e+003;8.230355e-002
1.902995e+003;8.231466e-002
1.903477e+003;8.233843e-002
1.903959e+003;8.236542e-002
1.904441e+003;8.238495e-002
1.904923e+003;8.239125e-002
1.905405e+003;8.238210e-002
1.905888e+003;8.236333e-002
1.906370e+003;8.234522e-002
1.906852e+003;8.234142e-002
1.907334e+003;8.236343e-002
1.907816e+003;8.242089e-002
1.908298e+003;8.251591e-002
1.908780e+003;8.264477e-002
1.909262e+003;8.279622e-002
1.909745e+003;8.295698e-002
1.910227e+003;8.311071e-002
1.910709e+003;8.324555e-002
1.911191e+003;8.335303e-002
1.911673e+003;8.342868e-002
1.912155e+003;8.347339e-002
1.912637e+003;8.349130e-002
1.913120e+003;8.348773e-002
1.913602e+003;8.347112e-002
1.914084e+003;8.345087e-002
1.914566e+003;8.343814e-002
1.915048e+003;8.344267e-002
1.915530e+003;8.347181e-002
1.916012e+003;8.352546e-002
1.916495e+003;8.359682e-002
1.916977e+003;8.367009e-002
1.917459e+003;8.372810e-002
1.917941e+003;8.375414e-002
1.918423e+003;8.374174e-002
1.918905e+003;8.369432e-002
1.919387e+003;8.362688e-002
1.919870e+003;8.355886e-002
1.920352e+003;8.351001e-002
1.920834e+003;8.349095e-002
1.921316e+003;8.350283e-002
1.921798e+003;8.353589e-002
1.922280e+003;8.357769e-002
1.922762e+003;8.361554e-002
1.923245e+003;8.364328e-002
1.923727e+003;8.366241e-002
1.924209e+003;8.368091e-002
1.924691e+003;8.370738e-002
1.925173e+003;8.375006e-002
1.925655e+003;8.380976e-002
1.926137e+003;8.388471e-002
1.926619e+003;8.396902e-002
1.927102e+003;8.405752e-002
1.927584e+003;8.414585e-002
1.928066e+003;8.423366e-002
1.928548e+003;8.432135e-002
1.929030e+003;8.441108e-002
1.929512e+003;8.450387e-002
1.929994e+003;8.460061e-002
1.930477e+003;8.469901e-002
1.930959e+003;8.479618e-002
1.931441e+003;8.488520e-002
1.931923e+003;8.495894e-002
1.932405e+003;8.500784e-002
1.932887e+003;8.502700e-002
1.933369e+003;8.501554e-002
1.933851e+003;8.498249e-002
1.934334e+003;8.494341e-002
1.934816e+003;8.492025e-002
1.935298e+003;8.493204e-002
1.935780e+003;8.499301e-002
1.936262e+003;8.510292e-002
1.936744e+003;8.525056e-002
1.937226e+003;8.541581e-002
1.937709e+003;8.557841e-002
1.938191e+003;8.572164e-002
1.938673e+003;8.583815e-002
1.939155e+003;8.592886e-002
1.939637e+003;8.599997e-002
1.940119e+003;8.605445e-002
1.940601e+003;8.609508e-002
1.941083e+003;8.611753e-002
1.941566e+003;8.611911e-002
1.942048e+003;8.609902e-002
1.942530e+003;8.606422e-002
1.943012e+003;8.602614e-002
1.943494e+003;8.600120e-002
1.943976e+003;8.600056e-002
1.944458e+003;8.602982e-002
1.944941e+003;8.608761e-002
1.945423e+003;8.616684e-002
1.945905e+003;8.625723e-002
1.946387e+003;8.635140e-002
1.946869e+003;8.644223e-002
1.947351e+003;8.652582e-002
1.947833e+003;8.659501e-002
1.948316e+003;8.664425e-002
1.948798e+003;8.666491e-002
1.949280e+003;8.665573e-002
1.949762e+003;8.662091e-002
1.950244e+003;8.657475e-002
1.950726e+003;8.653818e-002
1.951208e+003;8.653580e-002
1.951691e+003;8.658303e-002
1.952173e+003;8.668502e-002
1.952655e+003;8.683178e-002
1.953137e+003;8.700486e-002
1.953619e+003;8.717862e-002
1.954101e+003;8.733419e-002
1.954583e+003;8.746032e-002
1.955066e+003;8.756053e-002
1.955548e+003;8.764513e-002
1.956030e+003;8.773494e-002
1.956512e+003;8.784706e-002
1.956994e+003;8.799792e-002
1.957476e+003;8.819486e-002
1.957958e+003;8.843475e-002
1.958440e+003;8.870346e-002
1.958923e+003;8.897964e-002
1.959405e+003;8.923352e-002
1.959887e+003;8.943955e-002
1.960369e+003;8.958162e-002
1.960851e+003;8.966422e-002
1.961333e+003;8.970632e-002
1.961815e+003;8.974580e-002
1.962298e+003;8.981979e-002
1.962780e+003;8.995619e-002
1.963262e+003;9.015578e-002
1.963744e+003;9.039550e-002
1.964226e+003;9.062763e-002
1.964708e+003;9.080055e-002
1.965190e+003;9.087432e-002
1.965672e+003;9.083627e-002
1.966155e+003;9.070633e-002
1.966637e+003;9.053641e-002
1.967119e+003;9.038622e-002
1.967601e+003;9.031686e-002
1.968083e+003;9.036559e-002
1.968565e+003;9.054521e-002
1.969047e+003;9.083913e-002
1.969530e+003;9.121472e-002
1.970012e+003;9.162624e-002
1.970494e+003;9.203332e-002
1.970976e+003;9.239800e-002
1.971458e+003;9.270008e-002
1.971940e+003;9.292737e-002
1.972422e+003;9.308718e-002
1.972905e+003;9.319469e-002
1.973387e+003;9.327827e-002
1.973869e+003;9.336393e-002
1.974351e+003;9.348003e-002
1.974833e+003;9.363815e-002
1.975315e+003;9.384143e-002
1.975797e+003;9.407432e-002
1.976280e+003;9.431863e-002
1.976762e+003;9.455055e-002
1.977244e+003;9.475676e-002
1.977726e+003;9.492864e-002
1.978208e+003;9.507054e-002
1.978690e+003;9.518233e-002
1.979172e+003;9.526802e-002
1.979655e+003;9.532369e-002
1.980137e+003;9.535004e-002
1.980619e+003;9.534416e-002
1.981101e+003;9.531325e-002
1.981583e+003;9.526589e-002
1.982065e+003;9.521937e-002
1.982547e+003;9.518509e-002
1.983029e+003;9.517213e-002
1.983512e+003;9.517810e-002
1.983994e+003;9.519748e-002
1.984476e+003;9.521747e-002
1.984958e+003;9.522789e-002
1.985440e+003;9.522200e-002
1.985922e+003;9.519906e-002
1.986404e+003;9.515998e-002
1.986887e+003;9.511193e-002
1.987369e+003;9.505641e-002
1.987851e+003;9.500065e-002
1.988333e+003;9.494802e-002
1.988815e+003;9.490734e-002
1.989297e+003;9.488481e-002
1.989779e+003;9.489229e-002
1.990261e+003;9.493374e-002
1.990744e+003;9.501344e-002
1.991226e+003;9.512865e-002
1.991708e+003;9.527523e-002
1.992190e+003;9.544437e-002
1.992672e+003;9.563065e-002
1.993154e+003;9.582565e-002
1.993636e+003;9.602440e-002
1.994119e+003;9.621654e-002
1.994601e+003;9.639211e-002
1.995083e+003;9.653518e-002
1.995565e+003;9.663294e-002
1.996047e+003;9.667374e-002
1.996529e+003;9.665687e-002
1.997011e+003;9.658708e-002
1.997494e+003;9.648456e-002
1.997976e+003;9.637061e-002
1.998458e+003;9.626972e-002
1.998940e+003;9.620103e-002
1.999422e+003;9.617693e-002
1.999904e+003;9.619910e-002
2.000386e+003;9.626257e-002
2.000869e+003;9.635718e-002
2.001351e+003;9.647524e-002
2.001833e+003;9.660736e-002
2.002315e+003;9.675585e-002
2.002797e+003;9.692092e-002
2.003279e+003;9.711201e-002
2.003761e+003;9.733281e-002
2.004244e+003;9.758337e-002
2.004726e+003;9.785401e-002
2.005208e+003;9.812752e-002
2.005690e+003;9.837774e-002
2.006172e+003;9.857865e-002
2.006654e+003;9.871463e-002
2.007136e+003;9.878826e-002
2.007618e+003;9.881787e-002
2.008101e+003;9.884265e-002
2.008583e+003;9.890298e-002
2.009065e+003;9.903863e-002
2.009547e+003;9.926808e-002
2.010029e+003;9.959230e-002
2.010511e+003;9.998588e-002
2.010993e+003;1.004151e-001
2.011476e+003;1.008383e-001
2.011958e+003;1.012223e-001
2.012440e+003;1.015446e-001
2.012922e+003;1.018022e-001
2.013404e+003;1.019990e-001
2.013886e+003;1.021495e-001
2.014368e+003;1.022667e-001
2.014850e+003;1.023619e-001
2.015333e+003;1.024353e-001
2.015815e+003;1.024856e-001
2.016297e+003;1.025031e-001
2.016779e+003;1.024815e-001
2.017261e+003;1.024178e-001
2.017743e+003;1.023217e-001
2.018225e+003;1.022072e-001
2.018708e+003;1.021051e-001
2.019190e+003;1.020458e-001
2.019672e+003;1.020598e-001
2.020154e+003;1.021639e-001
2.020636e+003;1.023610e-001
2.021118e+003;1.026246e-001
2.021600e+003;1.029143e-001
2.022083e+003;1.031757e-001
2.022565e+003;1.033625e-001
2.023047e+003;1.034400e-001
2.023529e+003;1.034039e-001
2.024011e+003;1.032757e-001
2.024493e+003;1.031036e-001
2.024975e+003;1.029392e-001
2.025458e+003;1.028393e-001
2.025940e+003;1.028346e-001
2.026422e+003;1.029382e-001
2.026904e+003;1.031344e-001
2.027386e+003;1.033928e-001
2.027868e+003;1.036685e-001
2.028350e+003;1.039259e-001
2.028833e+003;1.041317e-001
2.029315e+003;1.042733e-001
2.029797e+003;1.043481e-001
2.030279e+003;1.043721e-001
2.030761e+003;1.043647e-001
2.031243e+003;1.043518e-001
2.031725e+003;1.043551e-001
2.032207e+003;1.043956e-001
2.032690e+003;1.044828e-001
2.033172e+003;1.046257e-001
2.033654e+003;1.048171e-001
2.034136e+003;1.050490e-001
2.034618e+003;1.053000e-001
2.035100e+003;1.055454e-001
2.035582e+003;1.057518e-001
2.036065e+003;1.058929e-001
2.036547e+003;1.059418e-001
2.037029e+003;1.058891e-001
2.037511e+003;1.057401e-001
2.037993e+003;1.055218e-001
2.038475e+003;1.052709e-001
2.038957e+003;1.050358e-001
2.039439e+003;1.048580e-001
2.039922e+003;1.047699e-001
2.040404e+003;1.047765e-001
2.040886e+003;1.048653e-001
2.041368e+003;1.049996e-001
2.041850e+003;1.051362e-001
2.042332e+003;1.052296e-001
2.042814e+003;1.052506e-001
2.043297e+003;1.051869e-001
2.043779e+003;1.050555e-001
2.044261e+003;1.048892e-001
2.044743e+003;1.047373e-001
2.045225e+003;1.046483e-001
2.045707e+003;1.046654e-001
2.046189e+003;1.048074e-001
2.046672e+003;1.050718e-001
2.047154e+003;1.054274e-001
2.047636e+003;1.058249e-001
2.048118e+003;1.061997e-001
2.048600e+003;1.064953e-001
2.049082e+003;1.066641e-001
2.049564e+003;1.066889e-001
2.050047e+003;1.065744e-001
2.050529e+003;1.063516e-001
2.051011e+003;1.060603e-001
2.051493e+003;1.057480e-001
2.051975e+003;1.054538e-001
2.052457e+003;1.052075e-001
2.052939e+003;1.050231e-001
2.053422e+003;1.049010e-001
2.053904e+003;1.048267e-001
2.054386e+003;1.047786e-001
2.054868e+003;1.047325e-001
2.055350e+003;1.046696e-001
2.055832e+003;1.045784e-001
2.056314e+003;1.044620e-001
2.056796e+003;1.043311e-001
2.057279e+003;1.042063e-001
2.057761e+003;1.041079e-001
2.058243e+003;1.040540e-001
2.058725e+003;1.040547e-001
2.059207e+003;1.041142e-001
2.059689e+003;1.042254e-001
2.060171e+003;1.043793e-001
2.060654e+003;1.045628e-001
2.061136e+003;1.047655e-001
2.061618e+003;1.049753e-001
2.062100e+003;1.051822e-001
2.062582e+003;1.053744e-001
2.063064e+003;1.055422e-001
2.063546e+003;1.056736e-001
2.064029e+003;1.057647e-001
2.064511e+003;1.058136e-001
2.064993e+003;1.058295e-001
2.065475e+003;1.058235e-001
2.065957e+003;1.058096e-001
2.066439e+003;1.057990e-001
2.066921e+003;1.057989e-001
2.067404e+003;1.058072e-001
2.067886e+003;1.058208e-001
2.068368e+003;1.058330e-001
2.068850e+003;1.058428e-001
2.069332e+003;1.058510e-001
2.069814e+003;1.058640e-001
2.070296e+003;1.058873e-001
2.070779e+003;1.059274e-001
2.071260e+003;1.059830e-001
2.071743e+003;1.060525e-001
2.072225e+003;1.061297e-001
2.072707e+003;1.062139e-001
2.073189e+003;1.063024e-001
2.073671e+003;1.063989e-001
2.074153e+003;1.065043e-001
2.074635e+003;1.066188e-001
2.075118e+003;1.067325e-001
2.075600e+003;1.068326e-001
2.076082e+003;1.069014e-001
2.076564e+003;1.069274e-001
2.077046e+003;1.069051e-001
2.077528e+003;1.068445e-001
2.078010e+003;1.067662e-001
2.078493e+003;1.067002e-001
2.078975e+003;1.066753e-001
2.079457e+003;1.067147e-001
2.079939e+003;1.068247e-001
2.080421e+003;1.069986e-001
2.080903e+003;1.072136e-001
2.081385e+003;1.074404e-001
2.081868e+003;1.076483e-001
2.082350e+003;1.078133e-001
2.082832e+003;1.079207e-001
2.083314e+003;1.079690e-001
2.083796e+003;1.079653e-001
2.084278e+003;1.079235e-001
2.084760e+003;1.078570e-001
2.085243e+003;1.077782e-001
2.085725e+003;1.076927e-001
2.086207e+003;1.076028e-001
2.086689e+003;1.075052e-001
2.087171e+003;1.073988e-001
2.087653e+003;1.072822e-001
2.088135e+003;1.071592e-001
2.088617e+003;1.070362e-001
2.089100e+003;1.069220e-001
2.089582e+003;1.068253e-001
2.090064e+003;1.067540e-001
2.090546e+003;1.067116e-001
2.091028e+003;1.067000e-001
2.091510e+003;1.067173e-001
2.091992e+003;1.067625e-001
2.092475e+003;1.068326e-001
2.092957e+003;1.069273e-001
2.093439e+003;1.070445e-001
2.093921e+003;1.071838e-001
2.094403e+003;1.073417e-001
2.094885e+003;1.075159e-001
2.095367e+003;1.076992e-001
2.095850e+003;1.078870e-001
2.096332e+003;1.080705e-001
2.096814e+003;1.082429e-001
2.097296e+003;1.083958e-001
2.097778e+003;1.085238e-001
2.098260e+003;1.086214e-001
2.098742e+003;1.086871e-001
2.099225e+003;1.087216e-001
2.099707e+003;1.087306e-001
2.100189e+003;1.087200e-001
2.100671e+003;1.087000e-001
2.101153e+003;1.086779e-001
2.101635e+003;1.086604e-001
2.102117e+003;1.086501e-001
2.102600e+003;1.086479e-001
2.103082e+003;1.086513e-001
2.103564e+003;1.086576e-001
2.104046e+003;1.086627e-001
2.104528e+003;1.086650e-001
2.105010e+003;1.086621e-001
2.105492e+003;1.086572e-001
2.105974e+003;1.086521e-001
2.106457e+003;1.086523e-001
2.106939e+003;1.086621e-001
2.107421e+003;1.086874e-001
2.107903e+003;1.087292e-001
2.108385e+003;1.087854e-001
2.108867e+003;1.088489e-001
2.109349e+003;1.089101e-001
2.109832e+003;1.089563e-001
2.110314e+003;1.089787e-001
2.110796e+003;1.089709e-001
2.111278e+003;1.089353e-001
2.111760e+003;1.088786e-001
2.112242e+003;1.088145e-001
2.112724e+003;1.087552e-001
2.113207e+003;1.087144e-001
2.113689e+003;1.086979e-001
2.114171e+003;1.087085e-001
2.114653e+003;1.087416e-001
2.115135e+003;1.087905e-001
2.115617e+003;1.088443e-001
2.116099e+003;1.088934e-001
2.116582e+003;1.089273e-001
2.117064e+003;1.089395e-001
2.117546e+003;1.089242e-001
2.118028e+003;1.088834e-001
2.118510e+003;1.088207e-001
2.118992e+003;1.087459e-001
2.119474e+003;1.086690e-001
2.119957e+003;1.086009e-001
2.120438e+003;1.085467e-001
2.120921e+003;1.085087e-001
2.121403e+003;1.084802e-001
2.121885e+003;1.084523e-001
2.122367e+003;1.084145e-001
2.122849e+003;1.083613e-001
2.123331e+003;1.082930e-001
2.123813e+003;1.082192e-001
2.124296e+003;1.081542e-001
2.124778e+003;1.081163e-001
2.125260e+003;1.081166e-001
2.125742e+003;1.081607e-001
2.126224e+003;1.082395e-001
2.126706e+003;1.083342e-001
2.127188e+003;1.084170e-001
2.127671e+003;1.084613e-001
2.128153e+003;1.084455e-001
2.128635e+003;1.083654e-001
2.129117e+003;1.082317e-001
2.129599e+003;1.080718e-001
2.130081e+003;1.079229e-001
2.130563e+003;1.078237e-001
2.131046e+003;1.078006e-001
2.131528e+003;1.078649e-001
2.132010e+003;1.080058e-001
2.132492e+003;1.081978e-001
2.132974e+003;1.084049e-001
2.133456e+003;1.085972e-001
2.133938e+003;1.087540e-001
2.134421e+003;1.088769e-001
2.134903e+003;1.089794e-001
2.135385e+003;1.090845e-001
2.135867e+003;1.092120e-001
2.136349e+003;1.093724e-001
2.136831e+003;1.095580e-001
2.137313e+003;1.097493e-001
2.137795e+003;1.099190e-001
2.138278e+003;1.100418e-001
2.138760e+003;1.100952e-001
2.139242e+003;1.100708e-001
2.139724e+003;1.099661e-001
2.140206e+003;1.097904e-001
2.140688e+003;1.095573e-001
2.141170e+003;1.092928e-001
2.141653e+003;1.090233e-001
2.142135e+003;1.087821e-001
2.142617e+003;1.085999e-001
2.143099e+003;1.085004e-001
2.143581e+003;1.084891e-001
2.144063e+003;1.085583e-001
2.144545e+003;1.086756e-001
2.145028e+003;1.088048e-001
2.145510e+003;1.089076e-001
2.145992e+003;1.089607e-001
2.146474e+003;1.089583e-001
2.146956e+003;1.089175e-001
2.147438e+003;1.088641e-001
2.147920e+003;1.088292e-001
2.148403e+003;1.088309e-001
2.148885e+003;1.088781e-001
2.149367e+003;1.089594e-001
2.149849e+003;1.090601e-001
2.150331e+003;1.091616e-001
2.150813e+003;1.092512e-001
2.151295e+003;1.093214e-001
2.151778e+003;1.093727e-001
2.152260e+003;1.094012e-001
2.152742e+003;1.094080e-001
2.153224e+003;1.093880e-001
2.153706e+003;1.093429e-001
2.154188e+003;1.092781e-001
2.154670e+003;1.092144e-001
2.155152e+003;1.091752e-001
2.155635e+003;1.091976e-001
2.156117e+003;1.093087e-001
2.156599e+003;1.095344e-001
2.157081e+003;1.098690e-001
2.157563e+003;1.102940e-001
2.158045e+003;1.107619e-001
2.158527e+003;1.112191e-001
2.159010e+003;1.116058e-001
2.159492e+003;1.118890e-001
2.159974e+003;1.120523e-001
2.160456e+003;1.121169e-001
2.160938e+003;1.121177e-001
2.161420e+003;1.121061e-001
2.161902e+003;1.121225e-001
2.162385e+003;1.121970e-001
2.162867e+003;1.123264e-001
2.163349e+003;1.124882e-001
2.163831e+003;1.126281e-001
2.164313e+003;1.126930e-001
2.164795e+003;1.126318e-001
2.165277e+003;1.124250e-001
2.165760e+003;1.120830e-001
2.166242e+003;1.116507e-001
2.166724e+003;1.111889e-001
2.167206e+003;1.107648e-001
2.167688e+003;1.104199e-001
2.168170e+003;1.101744e-001
2.168652e+003;1.100091e-001
2.169135e+003;1.098877e-001
2.169616e+003;1.097634e-001
2.170099e+003;1.095999e-001
2.170581e+003;1.093805e-001
2.171063e+003;1.091180e-001
2.171545e+003;1.088422e-001
2.172027e+003;1.085977e-001
2.172509e+003;1.084169e-001
2.172991e+003;1.083264e-001
2.173474e+003;1.083211e-001
2.173956e+003;1.083814e-001
2.174438e+003;1.084671e-001
2.174920e+003;1.085403e-001
2.175402e+003;1.085615e-001
2.175884e+003;1.085128e-001
2.176366e+003;1.083903e-001
2.176849e+003;1.082126e-001
2.177331e+003;1.080053e-001
2.177813e+003;1.078056e-001
2.178295e+003;1.076446e-001
2.178777e+003;1.075506e-001
2.179259e+003;1.075337e-001
2.179741e+003;1.075939e-001
2.180224e+003;1.077095e-001
2.180706e+003;1.078502e-001
2.181188e+003;1.079728e-001
2.181670e+003;1.080428e-001
2.182152e+003;1.080308e-001
2.182634e+003;1.079334e-001
2.183116e+003;1.077610e-001
2.183598e+003;1.075461e-001
2.184081e+003;1.073222e-001
2.184563e+003;1.071217e-001
2.185045e+003;1.069569e-001
2.185527e+003;1.068224e-001
2.186009e+003;1.066964e-001
2.186491e+003;1.065529e-001
2.186973e+003;1.063687e-001
2.187456e+003;1.061447e-001
2.187938e+003;1.058951e-001
2.188420e+003;1.056577e-001
2.188902e+003;1.054697e-001
2.189384e+003;1.053642e-001
2.189866e+003;1.053519e-001
2.190348e+003;1.054269e-001
2.190831e+003;1.055588e-001
2.191313e+003;1.057116e-001
2.191795e+003;1.058491e-001
2.192277e+003;1.059476e-001
2.192759e+003;1.059948e-001
2.193241e+003;1.059915e-001
2.193723e+003;1.059430e-001
2.194206e+003;1.058587e-001
2.194688e+003;1.057445e-001
2.195170e+003;1.056099e-001
2.195652e+003;1.054608e-001
2.196134e+003;1.053113e-001
2.196616e+003;1.051731e-001
2.197098e+003;1.050581e-001
2.197581e+003;1.049697e-001
2.198063e+003;1.049067e-001
2.198545e+003;1.048537e-001
2.199027e+003;1.047965e-001
2.199509e+003;1.047183e-001
2.199991e+003;1.046134e-001
2.200473e+003;1.044800e-001
2.200955e+003;1.043278e-001
2.201438e+003;1.041655e-001
2.201920e+003;1.040021e-001
2.202402e+003;1.038365e-001
2.202884e+003;1.036677e-001
2.203366e+003;1.034876e-001
2.203848e+003;1.032960e-001
2.204330e+003;1.030989e-001
2.204813e+003;1.029109e-001
2.205295e+003;1.027524e-001
2.205777e+003;1.026474e-001
2.206259e+003;1.026093e-001
2.206741e+003;1.026434e-001
2.207223e+003;1.027415e-001
2.207705e+003;1.028823e-001
2.208188e+003;1.030340e-001
2.208670e+003;1.031631e-001
2.209152e+003;1.032370e-001
2.209634e+003;1.032325e-001
2.210116e+003;1.031370e-001
2.210598e+003;1.029550e-001
2.211080e+003;1.027013e-001
2.211563e+003;1.024021e-001
2.212045e+003;1.020880e-001
2.212527e+003;1.017880e-001
2.213009e+003;1.015243e-001
2.213491e+003;1.013145e-001
2.213973e+003;1.011641e-001
2.214455e+003;1.010775e-001
2.214938e+003;1.010521e-001
2.215419e+003;1.010844e-001
2.215902e+003;1.011650e-001
2.216384e+003;1.012826e-001
2.216866e+003;1.014143e-001
2.217348e+003;1.015384e-001
2.217830e+003;1.016275e-001
2.218312e+003;1.016665e-001
2.218794e+003;1.016456e-001
2.219277e+003;1.015734e-001
2.219759e+003;1.014653e-001
2.220241e+003;1.013442e-001
2.220723e+003;1.012265e-001
2.221205e+003;1.011248e-001
2.221687e+003;1.010399e-001
2.222169e+003;1.009667e-001
2.222652e+003;1.008991e-001
2.223134e+003;1.008369e-001
2.223616e+003;1.007818e-001
2.224098e+003;1.007410e-001
2.224580e+003;1.007170e-001
2.225062e+003;1.007087e-001
2.225544e+003;1.007029e-001
2.226027e+003;1.006864e-001
2.226509e+003;1.006448e-001
2.226991e+003;1.005716e-001
2.227473e+003;1.004699e-001
2.227955e+003;1.003524e-001
2.228437e+003;1.002311e-001
2.228919e+003;1.001168e-001
2.229402e+003;1.000095e-001
2.229884e+003;9.990315e-002
2.230366e+003;9.978631e-002
2.230848e+003;9.965459e-002
2.231330e+003;9.951110e-002
2.231812e+003;9.936938e-002
2.232294e+003;9.924819e-002
2.232776e+003;9.916489e-002
2.233259e+003;9.912571e-002
2.233741e+003;9.912548e-002
2.234223e+003;9.914524e-002
2.234705e+003;9.916379e-002
2.235187e+003;9.916139e-002
2.235669e+003;9.913059e-002
2.236151e+003;9.907368e-002
2.236634e+003;9.900575e-002
2.237116e+003;9.894232e-002
2.237598e+003;9.889749e-002
2.238080e+003;9.887685e-002
2.238562e+003;9.887974e-002
2.239044e+003;9.889717e-002
2.239526e+003;9.892003e-002
2.240009e+003;9.893806e-002
2.240491e+003;9.894561e-002
2.240973e+003;9.893806e-002
2.241455e+003;9.891642e-002
2.241937e+003;9.888171e-002
2.242419e+003;9.883900e-002
2.242901e+003;9.879296e-002
2.243384e+003;9.875415e-002
2.243866e+003;9.872864e-002
2.244348e+003;9.872318e-002
2.244830e+003;9.873623e-002
2.245312e+003;9.876075e-002
2.245794e+003;9.878162e-002
2.246276e+003;9.878166e-002
2.246759e+003;9.874471e-002
2.247240e+003;9.866143e-002
2.247723e+003;9.853190e-002
2.248205e+003;9.836864e-002
2.248687e+003;9.818869e-002
2.249169e+003;9.801627e-002
2.249651e+003;9.786843e-002
2.250133e+003;9.775773e-002
2.250615e+003;9.768496e-002
2.251098e+003;9.764152e-002
2.251580e+003;9.761174e-002
2.252062e+003;9.757880e-002
2.252544e+003;9.752820e-002
2.253026e+003;9.745315e-002
2.253508e+003;9.735655e-002
2.253990e+003;9.725067e-002
2.254473e+003;9.715086e-002
2.254955e+003;9.707578e-002
2.255437e+003;9.703472e-002
2.255919e+003;9.703127e-002
2.256401e+003;9.705565e-002
2.256883e+003;9.709332e-002
2.257365e+003;9.712429e-002
2.257848e+003;9.713423e-002
2.258330e+003;9.711548e-002
2.258812e+003;9.707126e-002
2.259294e+003;9.701024e-002
2.259776e+003;9.694853e-002
2.260258e+003;9.689782e-002
2.260740e+003;9.686648e-002
2.261223e+003;9.685356e-002
2.261705e+003;9.685295e-002
2.262187e+003;9.685226e-002
2.262669e+003;9.684113e-002
2.263151e+003;9.680995e-002
2.263633e+003;9.675651e-002
2.264115e+003;9.668177e-002
2.264597e+003;9.659375e-002
2.265080e+003;9.649938e-002
2.265562e+003;9.640956e-002
2.266044e+003;9.633195e-002
2.266526e+003;9.627294e-002
2.267008e+003;9.623487e-002
2.267490e+003;9.621869e-002
2.267972e+003;9.621870e-002
2.268455e+003;9.622871e-002
2.268937e+003;9.623863e-002
2.269419e+003;9.623878e-002
2.269901e+003;9.622066e-002
2.270383e+003;9.617931e-002
2.270865e+003;9.611230e-002
2.271347e+003;9.602372e-002
2.271830e+003;9.591814e-002
2.272312e+003;9.580524e-002
2.272794e+003;9.569339e-002
2.273276e+003;9.559161e-002
2.273758e+003;9.550708e-002
2.274240e+003;9.544672e-002
2.274722e+003;9.541424e-002
2.275205e+003;9.541123e-002
2.275687e+003;9.543568e-002
2.276169e+003;9.548257e-002
2.276651e+003;9.554108e-002
2.277133e+003;9.560096e-002
2.277615e+003;9.564747e-002
2.278097e+003;9.566954e-002
2.278580e+003;9.565713e-002
2.279062e+003;9.560648e-002
2.279544e+003;9.551724e-002
2.280026e+003;9.539693e-002
2.280508e+003;9.525362e-002
2.280990e+003;9.510195e-002
2.281472e+003;9.495538e-002
2.281954e+003;9.482875e-002
2.282437e+003;9.473329e-002
2.282919e+003;9.467824e-002
2.283401e+003;9.466626e-002
2.283883e+003;9.469442e-002
2.284365e+003;9.475031e-002
2.284847e+003;9.481827e-002
2.285329e+003;9.487693e-002
2.285812e+003;9.490587e-002
2.286294e+003;9.488839e-002
2.286776e+003;9.481853e-002
2.287258e+003;9.469745e-002
2.287740e+003;9.453906e-002
2.288222e+003;9.436230e-002
2.288704e+003;9.418883e-002
2.289187e+003;9.403674e-002
2.289669e+003;9.391779e-002
2.290151e+003;9.383332e-002
2.290633e+003;9.377875e-002
2.291115e+003;9.374218e-002
2.291597e+003;9.371136e-002
2.292079e+003;9.367476e-002
2.292562e+003;9.362461e-002
2.293044e+003;9.355734e-002
2.293526e+003;9.347157e-002
2.294008e+003;9.336868e-002
2.294490e+003;9.325195e-002
2.294972e+003;9.312409e-002
2.295454e+003;9.299219e-002
2.295937e+003;9.286191e-002
2.296418e+003;9.274279e-002
2.296901e+003;9.264299e-002
2.297383e+003;9.257007e-002
2.297865e+003;9.252809e-002
2.298347e+003;9.251868e-002
2.298829e+003;9.253751e-002
2.299311e+003;9.257780e-002
2.299793e+003;9.262983e-002
2.300276e+003;9.268428e-002
2.300758e+003;9.273056e-002
2.301240e+003;9.276205e-002
2.301722e+003;9.277344e-002
2.302204e+003;9.276409e-002
2.302686e+003;9.273621e-002
2.303168e+003;9.269601e-002
2.303651e+003;9.265044e-002
2.304133e+003;9.260593e-002
2.304615e+003;9.256525e-002
2.305097e+003;9.252781e-002
2.305579e+003;9.248700e-002
2.306061e+003;9.243721e-002
2.306543e+003;9.237199e-002
2.307026e+003;9.229112e-002
2.307508e+003;9.220001e-002
2.307990e+003;9.211026e-002
2.308472e+003;9.203501e-002
2.308954e+003;9.198491e-002
2.309436e+003;9.196367e-002
2.309918e+003;9.196728e-002
2.310401e+003;9.198380e-002
2.310883e+003;9.199887e-002
2.311365e+003;9.199934e-002
2.311847e+003;9.197807e-002
2.312329e+003;9.193445e-002
2.312811e+003;9.187518e-002
2.313293e+003;9.180950e-002
2.313775e+003;9.174665e-002
2.314258e+003;9.169328e-002
2.314740e+003;9.165256e-002
2.315222e+003;9.162475e-002
2.315704e+003;9.160930e-002
2.316186e+003;9.160508e-002
2.316668e+003;9.161011e-002
2.317150e+003;9.162202e-002
2.317633e+003;9.163798e-002
2.318115e+003;9.165368e-002
2.318597e+003;9.166795e-002
2.319079e+003;9.168161e-002
2.319561e+003;9.170043e-002
2.320043e+003;9.173204e-002
2.320525e+003;9.178394e-002
2.321008e+003;9.185592e-002
2.321490e+003;9.194105e-002
2.321972e+003;9.201941e-002
2.322454e+003;9.206691e-002
2.322936e+003;9.205905e-002
2.323418e+003;9.197932e-002
2.323900e+003;9.182407e-002
2.324383e+003;9.160510e-002
2.324865e+003;9.134555e-002
2.325347e+003;9.107404e-002
2.325829e+003;9.081718e-002
2.326311e+003;9.059494e-002
2.326793e+003;9.041514e-002
2.327275e+003;9.027620e-002
2.327758e+003;9.016941e-002
2.328240e+003;9.008359e-002
2.328722e+003;9.000836e-002
2.329204e+003;8.993851e-002
2.329686e+003;8.987100e-002
2.330168e+003;8.980657e-002
2.330650e+003;8.974634e-002
2.331132e+003;8.969054e-002
2.331615e+003;8.963819e-002
2.332097e+003;8.958936e-002
2.332579e+003;8.954313e-002
2.333061e+003;8.950169e-002
2.333543e+003;8.946688e-002
2.334025e+003;8.944084e-002
2.334507e+003;8.942416e-002
2.334990e+003;8.941569e-002
2.335472e+003;8.941125e-002
2.335954e+003;8.940587e-002
2.336436e+003;8.939414e-002
2.336918e+003;8.937208e-002
2.337400e+003;8.933749e-002
2.337882e+003;8.929113e-002
2.338365e+003;8.923603e-002
2.338847e+003;8.917802e-002
2.339329e+003;8.912294e-002
2.339811e+003;8.907793e-002
2.340293e+003;8.904744e-002
2.340775e+003;8.903363e-002
2.341257e+003;8.903409e-002
2.341740e+003;8.904371e-002
2.342222e+003;8.905400e-002
2.342704e+003;8.905648e-002
2.343186e+003;8.904447e-002
2.343668e+003;8.901558e-002
2.344150e+003;8.897159e-002
2.344632e+003;8.891868e-002
2.345115e+003;8.886337e-002
2.345596e+003;8.881167e-002
2.346079e+003;8.876546e-002
2.346561e+003;8.872348e-002
2.347043e+003;8.868088e-002
2.347525e+003;8.863224e-002
2.348007e+003;8.857381e-002
2.348489e+003;8.850602e-002
2.348971e+003;8.843183e-002
2.349454e+003;8.835762e-002
2.349936e+003;8.829027e-002
2.350418e+003;8.823493e-002
2.350900e+003;8.819392e-002
2.351382e+003;8.816639e-002
2.351864e+003;8.814871e-002
2.352346e+003;8.813737e-002
2.352829e+003;8.812859e-002
2.353311e+003;8.811989e-002
2.353793e+003;8.810987e-002
2.354275e+003;8.809748e-002
2.354757e+003;8.808175e-002
2.355239e+003;8.806136e-002
2.355721e+003;8.803379e-002
2.356204e+003;8.799727e-002
2.356686e+003;8.795094e-002
2.357168e+003;8.789615e-002
2.357650e+003;8.783523e-002
2.358132e+003;8.777223e-002
2.358614e+003;8.771101e-002
2.359096e+003;8.765520e-002
2.359579e+003;8.760531e-002
2.360061e+003;8.756129e-002
2.360543e+003;8.751981e-002
2.361025e+003;8.747712e-002
2.361507e+003;8.742901e-002
2.361989e+003;8.737297e-002
2.362471e+003;8.730882e-002
2.362953e+003;8.723866e-002
2.363436e+003;8.716788e-002
2.363918e+003;8.710321e-002
2.364400e+003;8.705045e-002
2.364882e+003;8.701465e-002
2.365364e+003;8.699612e-002
2.365846e+003;8.699287e-002
2.366328e+003;8.699865e-002
2.366811e+003;8.700614e-002
2.367293e+003;8.700815e-002
2.367775e+003;8.700103e-002
2.368257e+003;8.698434e-002
2.368739e+003;8.696190e-002
2.369221e+003;8.693877e-002
2.369703e+003;8.692092e-002
2.370186e+003;8.691134e-002
2.370668e+003;8.691004e-002
2.371150e+003;8.691370e-002
2.371632e+003;8.691760e-002
2.372114e+003;8.691587e-002
2.372596e+003;8.690650e-002
2.373078e+003;8.688960e-002
2.373561e+003;8.686876e-002
2.374043e+003;8.684807e-002
2.374525e+003;8.683070e-002
2.375007e+003;8.681706e-002
2.375489e+003;8.680515e-002
2.375971e+003;8.678879e-002
2.376453e+003;8.676348e-002
2.376936e+003;8.672643e-002
2.377417e+003;8.667883e-002
2.377900e+003;8.662640e-002
2.378382e+003;8.657755e-002
2.378864e+003;8.654051e-002
2.379346e+003;8.652195e-002
2.379828e+003;8.652233e-002
2.380310e+003;8.653873e-002
2.380792e+003;8.656287e-002
2.381275e+003;8.658625e-002
2.381757e+003;8.660017e-002
2.382239e+003;8.660071e-002
2.382721e+003;8.658596e-002
2.383203e+003;8.655857e-002
2.383685e+003;8.652157e-002
2.384167e+003;8.647885e-002
2.384650e+003;8.643313e-002
2.385132e+003;8.638661e-002
2.385614e+003;8.633997e-002
2.386096e+003;8.629392e-002
2.386578e+003;8.625077e-002
2.387060e+003;8.621233e-002
2.387542e+003;8.617996e-002
2.388025e+003;8.615533e-002
2.388507e+003;8.613840e-002
2.388989e+003;8.612749e-002
2.389471e+003;8.612113e-002
2.389953e+003;8.611768e-002
2.390435e+003;8.611648e-002
2.390917e+003;8.611818e-002
2.391400e+003;8.612366e-002
2.391882e+003;8.613361e-002
2.392364e+003;8.614763e-002
2.392846e+003;8.616370e-002
2.393328e+003;8.617768e-002
2.393810e+003;8.618507e-002
2.394292e+003;8.618140e-002
2.394774e+003;8.616383e-002
2.395257e+003;8.613083e-002
2.395739e+003;8.608495e-002
2.396221e+003;8.602864e-002
2.396703e+003;8.596677e-002
2.397185e+003;8.590393e-002
2.397667e+003;8.584414e-002
2.398149e+003;8.579039e-002
2.398632e+003;8.574456e-002
2.399114e+003;8.570743e-002
2.399596e+003;8.567899e-002
2.400078e+003;8.565813e-002
2.400560e+003;8.564407e-002
2.401042e+003;8.563492e-002
2.401524e+003;8.562967e-002
2.402007e+003;8.562708e-002
2.402489e+003;8.562732e-002
2.402971e+003;8.563128e-002
2.403453e+003;8.564136e-002
2.403935e+003;8.565890e-002
2.404417e+003;8.568612e-002
2.404899e+003;8.572233e-002
2.405382e+003;8.576487e-002
2.405864e+003;8.580784e-002
2.406346e+003;8.584476e-002
2.406828e+003;8.586776e-002
2.407310e+003;8.587155e-002
2.407792e+003;8.585272e-002
2.408274e+003;8.581343e-002
2.408757e+003;8.575724e-002
2.409239e+003;8.569183e-002
2.409721e+003;8.562415e-002
2.410203e+003;8.556085e-002
2.410685e+003;8.550593e-002
2.411167e+003;8.546176e-002
2.411649e+003;8.542855e-002
2.412131e+003;8.540609e-002
2.412614e+003;8.539393e-002
2.413096e+003;8.539131e-002
2.413578e+003;8.539735e-002
2.414060e+003;8.541068e-002
2.414542e+003;8.542766e-002
2.415024e+003;8.544411e-002
2.415506e+003;8.545429e-002
2.415989e+003;8.545372e-002
2.416471e+003;8.543907e-002
2.416953e+003;8.540913e-002
2.417435e+003;8.536465e-002
2.417917e+003;8.531015e-002
2.418399e+003;8.524920e-002
2.418881e+003;8.518798e-002
2.419364e+003;8.513028e-002
2.419846e+003;8.508091e-002
2.420328e+003;8.504317e-002
2.420810e+003;8.501931e-002
2.421292e+003;8.500963e-002
2.421774e+003;8.501359e-002
2.422256e+003;8.502705e-002
2.422739e+003;8.504528e-002
2.423221e+003;8.506185e-002
2.423703e+003;8.507153e-002
2.424185e+003;8.506929e-002
2.424667e+003;8.505408e-002
2.425149e+003;8.502605e-002
2.425631e+003;8.498859e-002
2.426114e+003;8.494423e-002
2.426595e+003;8.489713e-002
2.427078e+003;8.484942e-002
2.427560e+003;8.480394e-002
2.428042e+003;8.476159e-002
2.428524e+003;8.472645e-002
2.429006e+003;8.470131e-002
2.429488e+003;8.469133e-002
2.429970e+003;8.469978e-002
2.430453e+003;8.472793e-002
2.430935e+003;8.477423e-002
2.431417e+003;8.483357e-002
2.431899e+003;8.489764e-002
2.432381e+003;8.495814e-002
2.432863e+003;8.500721e-002
2.433345e+003;8.504100e-002
2.433828e+003;8.505812e-002
2.434310e+003;8.506238e-002
2.434792e+003;8.505816e-002
2.435274e+003;8.505131e-002
2.435756e+003;8.504558e-002
2.436238e+003;8.504299e-002
2.436720e+003;8.504162e-002
2.437203e+003;8.503964e-002
2.437685e+003;8.503159e-002
2.438167e+003;8.501479e-002
2.438649e+003;8.498757e-002
2.439131e+003;8.495069e-002
2.439613e+003;8.490793e-002
2.440095e+003;8.486506e-002
2.440578e+003;8.482910e-002
2.441060e+003;8.480588e-002
2.441542e+003;8.479898e-002
2.442024e+003;8.480924e-002
2.442506e+003;8.483159e-002
2.442988e+003;8.485940e-002
2.443470e+003;8.488289e-002
2.443952e+003;8.489411e-002
2.444435e+003;8.488760e-002
2.444917e+003;8.486250e-002
2.445399e+003;8.482219e-002
2.445881e+003;8.477325e-002
2.446363e+003;8.472324e-002
2.446845e+003;8.467881e-002
2.447327e+003;8.464141e-002
2.447810e+003;8.461145e-002
2.448292e+003;8.458579e-002
2.448774e+003;8.456142e-002
2.449256e+003;8.453650e-002
2.449738e+003;8.451255e-002
2.450220e+003;8.449234e-002
2.450702e+003;8.447935e-002
2.451185e+003;8.447635e-002
2.451667e+003;8.448260e-002
2.452149e+003;8.449570e-002
2.452631e+003;8.451089e-002
2.453113e+003;8.452276e-002
2.453595e+003;8.452793e-002
2.454077e+003;8.452465e-002
2.454560e+003;8.451335e-002
2.455042e+003;8.449446e-002
2.455524e+003;8.446807e-002
2.456006e+003;8.443321e-002
2.456488e+003;8.438768e-002
2.456970e+003;8.433059e-002
2.457452e+003;8.426361e-002
2.457935e+003;8.419191e-002
2.458417e+003;8.412357e-002
2.458899e+003;8.406838e-002
2.459381e+003;8.403427e-002
2.459863e+003;8.402456e-002
2.460345e+003;8.403802e-002
2.460827e+003;8.406702e-002
2.461310e+003;8.410203e-002
2.461792e+003;8.413349e-002
2.462274e+003;8.415527e-002
2.462756e+003;8.416609e-002
2.463238e+003;8.416934e-002
2.463720e+003;8.417124e-002
2.464202e+003;8.417825e-002
2.464684e+003;8.419329e-002
2.465167e+003;8.421711e-002
2.465649e+003;8.424436e-002
2.466131e+003;8.426933e-002
2.466613e+003;8.428306e-002
2.467095e+003;8.428007e-002
2.467577e+003;8.425630e-002
2.468059e+003;8.421331e-002
2.468542e+003;8.415404e-002
2.469024e+003;8.408632e-002
2.469506e+003;8.401760e-002
2.469988e+003;8.395603e-002
2.470470e+003;8.390700e-002
2.470952e+003;8.387531e-002
2.471434e+003;8.386070e-002
2.471917e+003;8.386244e-002
2.472399e+003;8.387632e-002
2.472881e+003;8.389843e-002
2.473363e+003;8.392418e-002
2.473845e+003;8.394895e-002
2.474327e+003;8.396895e-002
2.474809e+003;8.398088e-002
2.475292e+003;8.398083e-002
2.475774e+003;8.396722e-002
2.476256e+003;8.394001e-002
2.476738e+003;8.390170e-002
2.477220e+003;8.385734e-002
2.477702e+003;8.381438e-002
2.478184e+003;8.377965e-002
2.478667e+003;8.375901e-002
2.479148e+003;8.375293e-002
2.479631e+003;8.375900e-002
2.480113e+003;8.376996e-002
2.480595e+003;8.377941e-002
2.481077e+003;8.378014e-002
2.481559e+003;8.377074e-002
2.482041e+003;8.375173e-002
2.482523e+003;8.372843e-002
2.483006e+003;8.370547e-002
2.483488e+003;8.368741e-002
2.483970e+003;8.367386e-002
2.484452e+003;8.366431e-002
2.484934e+003;8.365429e-002
2.485416e+003;8.364347e-002
2.485898e+003;8.363095e-002
2.486381e+003;8.361878e-002
2.486863e+003;8.360891e-002
2.487345e+003;8.360268e-002
2.487827e+003;8.359857e-002
2.488309e+003;8.359392e-002
2.488791e+003;8.358410e-002
2.489273e+003;8.356743e-002
2.489756e+003;8.354431e-002
2.490238e+003;8.352090e-002
2.490720e+003;8.350301e-002
2.491202e+003;8.349796e-002
2.491684e+003;8.350850e-002
2.492166e+003;8.353340e-002
2.492648e+003;8.356616e-002
2.493131e+003;8.360009e-002
2.493613e+003;8.362901e-002
2.494095e+003;8.365027e-002
2.494577e+003;8.366546e-002
2.495059e+003;8.367994e-002
2.495541e+003;8.369763e-002
2.496023e+003;8.372040e-002
2.496505e+003;8.374496e-002
2.496988e+003;8.376624e-002
2.497470e+003;8.377490e-002
2.497952e+003;8.376532e-002
2.498434e+003;8.373544e-002
2.498916e+003;8.368881e-002
2.499398e+003;8.363385e-002
2.499880e+003;8.358145e-002
2.500363e+003;8.354218e-002
2.500845e+003;8.352339e-002
2.501327e+003;8.352821e-002
2.501809e+003;8.355614e-002
2.502291e+003;8.360160e-002
2.502773e+003;8.365864e-002
2.503255e+003;8.371893e-002
2.503738e+003;8.377600e-002
2.504220e+003;8.382350e-002
2.504702e+003;8.385847e-002
2.505184e+003;8.387908e-002
2.505666e+003;8.388652e-002
2.506148e+003;8.388285e-002
2.506630e+003;8.387225e-002
2.507113e+003;8.385681e-002
2.507595e+003;8.383820e-002
2.508077e+003;8.381581e-002
2.508559e+003;8.378930e-002
2.509041e+003;8.375718e-002
2.509523e+003;8.371984e-002
2.510005e+003;8.367901e-002
2.510488e+003;8.363858e-002
2.510969e+003;8.360263e-002
2.511452e+003;8.357502e-002
2.511934e+003;8.355719e-002
2.512416e+003;8.354869e-002
2.512898e+003;8.354693e-002
2.513380e+003;8.354867e-002
2.513862e+003;8.355065e-002
2.514344e+003;8.355211e-002
2.514827e+003;8.355185e-002
2.515309e+003;8.355087e-002
2.515791e+003;8.354979e-002
2.516273e+003;8.354951e-002
2.516755e+003;8.354903e-002
2.517237e+003;8.354983e-002
2.517719e+003;8.355252e-002
2.518202e+003;8.355816e-002
2.518684e+003;8.356848e-002
2.519166e+003;8.358394e-002
2.519648e+003;8.360300e-002
2.520130e+003;8.362170e-002
2.520612e+003;8.363589e-002
2.521094e+003;8.364090e-002
2.521577e+003;8.363425e-002
2.522059e+003;8.361759e-002
2.522541e+003;8.359542e-002
2.523023e+003;8.357539e-002
2.523505e+003;8.356401e-002
2.523987e+003;8.356699e-002
2.524469e+003;8.358485e-002
2.524952e+003;8.361471e-002
2.525434e+003;8.364974e-002
2.525916e+003;8.368269e-002
2.526398e+003;8.370752e-002
2.526880e+003;8.372024e-002
2.527362e+003;8.372056e-002
2.527844e+003;8.371106e-002
2.528326e+003;8.369465e-002
2.528809e+003;8.367445e-002
2.529291e+003;8.365241e-002
2.529773e+003;8.362828e-002
2.530255e+003;8.360063e-002
2.530737e+003;8.356798e-002
2.531219e+003;8.352950e-002
2.531701e+003;8.348612e-002
2.532184e+003;8.344164e-002
2.532666e+003;8.340286e-002
2.533148e+003;8.337754e-002
2.533630e+003;8.337394e-002
2.534112e+003;8.339650e-002
2.534594e+003;8.344708e-002
2.535076e+003;8.352057e-002
2.535559e+003;8.360744e-002
2.536041e+003;8.369415e-002
2.536523e+003;8.376762e-002
2.537005e+003;8.381665e-002
2.537487e+003;8.383748e-002
2.537969e+003;8.383182e-002
2.538451e+003;8.380936e-002
2.538934e+003;8.378089e-002
2.539416e+003;8.375886e-002
2.539898e+003;8.375169e-002
2.540380e+003;8.376187e-002
2.540862e+003;8.378521e-002
2.541344e+003;8.381383e-002
2.541826e+003;8.383682e-002
2.542309e+003;8.384664e-002
2.542791e+003;8.383735e-002
2.543273e+003;8.380970e-002
2.543755e+003;8.376977e-002
2.544237e+003;8.372625e-002
2.544719e+003;8.368900e-002
2.545201e+003;8.366839e-002
2.545683e+003;8.366950e-002
2.546166e+003;8.369371e-002
2.546648e+003;8.373722e-002
2.547130e+003;8.379315e-002
2.547612e+003;8.385117e-002
2.548094e+003;8.390255e-002
2.548576e+003;8.393974e-002
2.549058e+003;8.396018e-002
2.549541e+003;8.396494e-002
2.550023e+003;8.395939e-002
2.550505e+003;8.395102e-002
2.550987e+003;8.394675e-002
2.551469e+003;8.395185e-002
2.551951e+003;8.396862e-002
2.552433e+003;8.399625e-002
2.552916e+003;8.403157e-002
2.553398e+003;8.406952e-002
2.553880e+003;8.410566e-002
2.554362e+003;8.413695e-002
2.554844e+003;8.416133e-002
2.555326e+003;8.417867e-002
2.555808e+003;8.419109e-002
2.556291e+003;8.419985e-002
2.556773e+003;8.420869e-002
2.557255e+003;8.421726e-002
2.557737e+003;8.422665e-002
2.558219e+003;8.423284e-002
2.558701e+003;8.423261e-002
2.559183e+003;8.422067e-002
2.559666e+003;8.419391e-002
2.560147e+003;8.415175e-002
2.560630e+003;8.409888e-002
2.561112e+003;8.404306e-002
2.561594e+003;8.399498e-002
2.562076e+003;8.396393e-002
2.562558e+003;8.395555e-002
2.563040e+003;8.396895e-002
2.563522e+003;8.399803e-002
2.564005e+003;8.403243e-002
2.564487e+003;8.406089e-002
2.564969e+003;8.407603e-002
2.565451e+003;8.407617e-002
2.565933e+003;8.406547e-002
2.566415e+003;8.405211e-002
2.566897e+003;8.404478e-002
2.567380e+003;8.405104e-002
2.567862e+003;8.407195e-002
2.568344e+003;8.410581e-002
2.568826e+003;8.414648e-002
2.569308e+003;8.418789e-002
2.569790e+003;8.422518e-002
2.570272e+003;8.425558e-002
2.570755e+003;8.427772e-002
2.571237e+003;8.429188e-002
2.571719e+003;8.429795e-002
2.572201e+003;8.429535e-002
2.572683e+003;8.428366e-002
2.573165e+003;8.426435e-002
2.573647e+003;8.423913e-002
2.574130e+003;8.421326e-002
2.574612e+003;8.419121e-002
2.575094e+003;8.417736e-002
2.575576e+003;8.417389e-002
2.576058e+003;8.418081e-002
2.576540e+003;8.419520e-002
2.577022e+003;8.421473e-002
2.577504e+003;8.423710e-002
2.577987e+003;8.426179e-002
2.578469e+003;8.428878e-002
2.578951e+003;8.431865e-002
2.579433e+003;8.435027e-002
2.579915e+003;8.438105e-002
2.580397e+003;8.440594e-002
2.580879e+003;8.442163e-002
2.581362e+003;8.442604e-002
2.581844e+003;8.442097e-002
2.582326e+003;8.441073e-002
2.582808e+003;8.440259e-002
2.583290e+003;8.440312e-002
2.583772e+003;8.441665e-002
2.584254e+003;8.444349e-002
2.584737e+003;8.448104e-002
2.585219e+003;8.452330e-002
2.585701e+003;8.456410e-002
2.586183e+003;8.459833e-002
2.586665e+003;8.462244e-002
2.587147e+003;8.463460e-002
2.587629e+003;8.463567e-002
2.588112e+003;8.462574e-002
2.588594e+003;8.460794e-002
2.589076e+003;8.458429e-002
2.589558e+003;8.455934e-002
2.590040e+003;8.453725e-002
2.590522e+003;8.452345e-002
2.591004e+003;8.452151e-002
2.591487e+003;8.453372e-002
2.591969e+003;8.455899e-002
2.592451e+003;8.459380e-002
2.592933e+003;8.463249e-002
2.593415e+003;8.467010e-002
2.593897e+003;8.470159e-002
2.594379e+003;8.472548e-002
2.594861e+003;8.474058e-002
2.595344e+003;8.474798e-002
2.595826e+003;8.474935e-002
2.596308e+003;8.474617e-002
2.596790e+003;8.473956e-002
2.597272e+003;8.473127e-002
2.597754e+003;8.472194e-002
2.598236e+003;8.471381e-002
2.598719e+003;8.470790e-002
2.599201e+003;8.470561e-002
2.599683e+003;8.470628e-002
2.600165e+003;8.470964e-002
2.600647e+003;8.471373e-002
2.601129e+003;8.471756e-002
2.601611e+003;8.472063e-002
2.602094e+003;8.472423e-002
2.602576e+003;8.473000e-002
2.603058e+003;8.474040e-002
2.603540e+003;8.475599e-002
2.604022e+003;8.477717e-002
2.604504e+003;8.480188e-002
2.604986e+003;8.482885e-002
2.605469e+003;8.485544e-002
2.605951e+003;8.488137e-002
2.606433e+003;8.490750e-002
2.606915e+003;8.493625e-002
2.607397e+003;8.496854e-002
2.607879e+003;8.500446e-002
2.608361e+003;8.504244e-002
2.608844e+003;8.507987e-002
2.609325e+003;8.511302e-002
2.609808e+003;8.513863e-002
2.610290e+003;8.515594e-002
2.610772e+003;8.516581e-002
2.611254e+003;8.517034e-002
2.611736e+003;8.517300e-002
2.612218e+003;8.517631e-002
2.612700e+003;8.518279e-002
2.613183e+003;8.519282e-002
2.613665e+003;8.520685e-002
2.614147e+003;8.522408e-002
2.614629e+003;8.524372e-002
2.615111e+003;8.526485e-002
2.615593e+003;8.528551e-002
2.616075e+003;8.530404e-002
2.616558e+003;8.531827e-002
2.617040e+003;8.532640e-002
2.617522e+003;8.532821e-002
2.618004e+003;8.532578e-002
2.618486e+003;8.532261e-002
2.618968e+003;8.532259e-002
2.619450e+003;8.533102e-002
2.619933e+003;8.535121e-002
2.620415e+003;8.538349e-002
2.620897e+003;8.542662e-002
2.621379e+003;8.547603e-002
2.621861e+003;8.552622e-002
2.622343e+003;8.557276e-002
2.622825e+003;8.561070e-002
2.623308e+003;8.563919e-002
2.623790e+003;8.565868e-002
2.624272e+003;8.567113e-002
2.624754e+003;8.568012e-002
2.625236e+003;8.569015e-002
2.625718e+003;8.570439e-002
2.626200e+003;8.572565e-002
2.626682e+003;8.575507e-002
2.627165e+003;8.579335e-002
2.627647e+003;8.583838e-002
2.628129e+003;8.588887e-002
2.628611e+003;8.594163e-002
2.629093e+003;8.599366e-002
2.629575e+003;8.604277e-002
2.630057e+003;8.608588e-002
2.630540e+003;8.612215e-002
2.631022e+003;8.614988e-002
2.631504e+003;8.616877e-002
2.631986e+003;8.617985e-002
2.632468e+003;8.618490e-002
2.632950e+003;8.618725e-002
2.633432e+003;8.619118e-002
2.633915e+003;8.620074e-002
2.634397e+003;8.621944e-002
2.634879e+003;8.624877e-002
2.635361e+003;8.628715e-002
2.635843e+003;8.633166e-002
2.636325e+003;8.637751e-002
2.636807e+003;8.642083e-002
2.637290e+003;8.645848e-002
2.637772e+003;8.649059e-002
2.638254e+003;8.651912e-002
2.638736e+003;8.654720e-002
2.639218e+003;8.657763e-002
2.639700e+003;8.661145e-002
2.640182e+003;8.664681e-002
2.640665e+003;8.668094e-002
2.641146e+003;8.671016e-002
2.641629e+003;8.673185e-002
2.642111e+003;8.674560e-002
2.642593e+003;8.675444e-002
2.643075e+003;8.676309e-002
2.643557e+003;8.677647e-002
2.644039e+003;8.679938e-002
2.644521e+003;8.683363e-002
2.645004e+003;8.687791e-002
2.645486e+003;8.692817e-002
2.645968e+003;8.697833e-002
2.646450e+003;8.702200e-002
2.646932e+003;8.705459e-002
2.647414e+003;8.707423e-002
2.647896e+003;8.708186e-002
2.648379e+003;8.708237e-002
2.648861e+003;8.708204e-002
2.649343e+003;8.708843e-002
2.649825e+003;8.710673e-002
2.650307e+003;8.714104e-002
2.650789e+003;8.718958e-002
2.651271e+003;8.724857e-002
2.651754e+003;8.731041e-002
2.652236e+003;8.736790e-002
2.652718e+003;8.741412e-002
2.653200e+003;8.744631e-002
2.653682e+003;8.746401e-002
2.654164e+003;8.747042e-002
2.654646e+003;8.747055e-002
2.655129e+003;8.746965e-002
2.655611e+003;8.747062e-002
2.656093e+003;8.747586e-002
2.656575e+003;8.748577e-002
2.657057e+003;8.749957e-002
2.657539e+003;8.751714e-002
2.658021e+003;8.753823e-002
2.658503e+003;8.756418e-002
2.658986e+003;8.759557e-002
2.659468e+003;8.763161e-002
2.659950e+003;8.767135e-002
2.660432e+003;8.771131e-002
2.660914e+003;8.774833e-002
2.661396e+003;8.777954e-002
2.661878e+003;8.780400e-002
2.662361e+003;8.782219e-002
2.662843e+003;8.783619e-002
2.663325e+003;8.785000e-002
2.663807e+003;8.786561e-002
2.664289e+003;8.788496e-002
2.664771e+003;8.790743e-002
2.665253e+003;8.793201e-002
2.665736e+003;8.795687e-002
2.666218e+003;8.797993e-002
2.666700e+003;8.800098e-002
2.667182e+003;8.802081e-002
2.667664e+003;8.804167e-002
2.668146e+003;8.806531e-002
2.668628e+003;8.809430e-002
2.669111e+003;8.812881e-002
2.669593e+003;8.816861e-002
2.670075e+003;8.821259e-002
2.670557e+003;8.825841e-002
2.671039e+003;8.830433e-002
2.671521e+003;8.834998e-002
2.672003e+003;8.839525e-002
2.672486e+003;8.844160e-002
2.672968e+003;8.849003e-002
2.673450e+003;8.854118e-002
2.673932e+003;8.859539e-002
2.674414e+003;8.865069e-002
2.674896e+003;8.870474e-002
2.675378e+003;8.875613e-002
2.675860e+003;8.880293e-002
2.676343e+003;8.884536e-002
2.676825e+003;8.888511e-002
2.677307e+003;8.892401e-002
2.677789e+003;8.896406e-002
2.678271e+003;8.900632e-002
2.678753e+003;8.904984e-002
2.679235e+003;8.909338e-002
2.679718e+003;8.913395e-002
2.680200e+003;8.916973e-002
2.680682e+003;8.919930e-002
2.681164e+003;8.922379e-002
2.681646e+003;8.924557e-002
2.682128e+003;8.926815e-002
2.682610e+003;8.929466e-002
2.683093e+003;8.932809e-002
2.683575e+003;8.937063e-002
2.684057e+003;8.942260e-002
2.684539e+003;8.948313e-002
2.685021e+003;8.955012e-002
2.685503e+003;8.962107e-002
2.685985e+003;8.969299e-002
2.686468e+003;8.976264e-002
2.686950e+003;8.982798e-002
2.687432e+003;8.988737e-002
2.687914e+003;8.994169e-002
2.688396e+003;8.999150e-002
2.688878e+003;9.003909e-002
2.689360e+003;9.008595e-002
2.689843e+003;9.013321e-002
2.690324e+003;9.017949e-002
2.690807e+003;9.022416e-002
2.691289e+003;9.026537e-002
2.691771e+003;9.030207e-002
2.692253e+003;9.033607e-002
2.692735e+003;9.037009e-002
2.693217e+003;9.040891e-002
2.693699e+003;9.045739e-002
2.694182e+003;9.051844e-002
2.694664e+003;9.059272e-002
2.695146e+003;9.067657e-002
2.695628e+003;9.076556e-002
2.696110e+003;9.085159e-002
2.696592e+003;9.092887e-002
2.697074e+003;9.099273e-002
2.697557e+003;9.104233e-002
2.698039e+003;9.107909e-002
2.698521e+003;9.110764e-002
2.699003e+003;9.113425e-002
2.699485e+003;9.116445e-002
2.699967e+003;9.120230e-002
2.700449e+003;9.124953e-002
2.700932e+003;9.130597e-002
2.701414e+003;9.136989e-002
2.701896e+003;9.143844e-002
2.702378e+003;9.150965e-002
2.702860e+003;9.158213e-002
2.703342e+003;9.165589e-002
2.703824e+003;9.173132e-002
2.704307e+003;9.180930e-002
2.704789e+003;9.188894e-002
2.705271e+003;9.196708e-002
2.705753e+003;9.204058e-002
2.706235e+003;9.210537e-002
2.706717e+003;9.215824e-002
2.707199e+003;9.219882e-002
2.707681e+003;9.222960e-002
2.708164e+003;9.225573e-002
2.708646e+003;9.228380e-002
2.709128e+003;9.231964e-002
2.709610e+003;9.236716e-002
2.710092e+003;9.242652e-002
2.710574e+003;9.249543e-002
2.711056e+003;9.256930e-002
2.711539e+003;9.264322e-002
2.712021e+003;9.271363e-002
2.712503e+003;9.277883e-002
2.712985e+003;9.283998e-002
2.713467e+003;9.289860e-002
2.713949e+003;9.295781e-002
2.714431e+003;9.301949e-002
2.714914e+003;9.308498e-002
2.715396e+003;9.315390e-002
2.715878e+003;9.322515e-002
2.716360e+003;9.329722e-002
2.716842e+003;9.336845e-002
2.717324e+003;9.343813e-002
2.717806e+003;9.350704e-002
2.718289e+003;9.357493e-002
2.718771e+003;9.364399e-002
2.719253e+003;9.371424e-002
2.719735e+003;9.378617e-002
2.720217e+003;9.385812e-002
2.720699e+003;9.392747e-002
2.721181e+003;9.399156e-002
2.721664e+003;9.404630e-002
2.722146e+003;9.408971e-002
2.722628e+003;9.412279e-002
2.723110e+003;9.414728e-002
2.723592e+003;9.416903e-002
2.724074e+003;9.419382e-002
2.724556e+003;9.422788e-002
2.725038e+003;9.427554e-002
2.725521e+003;9.433877e-002
2.726003e+003;9.441701e-002
2.726485e+003;9.450738e-002
2.726967e+003;9.460521e-002
2.727449e+003;9.470545e-002
2.727931e+003;9.480247e-002
2.728413e+003;9.489211e-002
2.728896e+003;9.497020e-002
2.729378e+003;9.503449e-002
2.729860e+003;9.508450e-002
2.730342e+003;9.512257e-002
2.730824e+003;9.515250e-002
2.731306e+003;9.517949e-002
2.731788e+003;9.520944e-002
2.732271e+003;9.524763e-002
2.732753e+003;9.529594e-002
2.733235e+003;9.535524e-002
2.733717e+003;9.542379e-002
2.734199e+003;9.549804e-002
2.734681e+003;9.557449e-002
2.735163e+003;9.565019e-002
2.735646e+003;9.572324e-002
2.736128e+003;9.579337e-002
2.736610e+003;9.586107e-002
2.737092e+003;9.592829e-002
2.737574e+003;9.599702e-002
2.738056e+003;9.606959e-002
2.738538e+003;9.614809e-002
2.739021e+003;9.623351e-002
2.739502e+003;9.632583e-002
2.739985e+003;9.642321e-002
2.740467e+003;9.652240e-002
2.740949e+003;9.661928e-002
2.741431e+003;9.671016e-002
2.741913e+003;9.679368e-002
2.742395e+003;9.687012e-002
2.742877e+003;9.694265e-002
2.743360e+003;9.701512e-002
2.743842e+003;9.709095e-002
2.744324e+003;9.717106e-002
2.744806e+003;9.725455e-002
2.745288e+003;9.733873e-002
2.745770e+003;9.741950e-002
2.746252e+003;9.749428e-002
2.746735e+003;9.756266e-002
2.747217e+003;9.762551e-002
2.747699e+003;9.768602e-002
2.748181e+003;9.774703e-002
2.748663e+003;9.781064e-002
2.749145e+003;9.787675e-002
2.749627e+003;9.794553e-002
2.750110e+003;9.801485e-002
2.750592e+003;9.808465e-002
2.751074e+003;9.815449e-002
2.751556e+003;9.822563e-002
2.752038e+003;9.829839e-002
2.752520e+003;9.837364e-002
2.753002e+003;9.845117e-002
2.753485e+003;9.853133e-002
2.753967e+003;9.861398e-002
2.754449e+003;9.870024e-002
2.754931e+003;9.879097e-002
2.755413e+003;9.888817e-002
2.755895e+003;9.899177e-002
2.756377e+003;9.910195e-002
2.756859e+003;9.921683e-002
2.757342e+003;9.933493e-002
2.757824e+003;9.945437e-002
2.758306e+003;9.957563e-002
2.758788e+003;9.969842e-002
2.759270e+003;9.982317e-002
2.759752e+003;9.994865e-002
2.760234e+003;1.000717e-001
2.760717e+003;1.001878e-001
2.761199e+003;1.002911e-001
2.761681e+003;1.003786e-001
2.762163e+003;1.004501e-001
2.762645e+003;1.005092e-001
2.763127e+003;1.005628e-001
2.763609e+003;1.006191e-001
2.764092e+003;1.006852e-001
2.764574e+003;1.007647e-001
2.765056e+003;1.008574e-001
2.765538e+003;1.009602e-001
2.766020e+003;1.010687e-001
2.766502e+003;1.011782e-001
2.766984e+003;1.012861e-001
2.767467e+003;1.013916e-001
2.767949e+003;1.014952e-001
2.768431e+003;1.015981e-001
2.768913e+003;1.017002e-001
2.769395e+003;1.018019e-001
2.769877e+003;1.019017e-001
2.770359e+003;1.019993e-001
2.770841e+003;1.020948e-001
2.771323e+003;1.021892e-001
2.771806e+003;1.022836e-001
2.772288e+003;1.023795e-001
2.772770e+003;1.024780e-001
2.773252e+003;1.025780e-001
2.773734e+003;1.026792e-001
2.774216e+003;1.027797e-001
2.774698e+003;1.028794e-001
2.775181e+003;1.029770e-001
2.775663e+003;1.030740e-001
2.776145e+003;1.031720e-001
2.776627e+003;1.032723e-001
2.777109e+003;1.033762e-001
2.777591e+003;1.034849e-001
2.778073e+003;1.035983e-001
2.778556e+003;1.037149e-001
2.779038e+003;1.038328e-001
2.779520e+003;1.039497e-001
2.780002e+003;1.040639e-001
2.780484e+003;1.041747e-001
2.780966e+003;1.042836e-001
2.781448e+003;1.043926e-001
2.781931e+003;1.045053e-001
2.782413e+003;1.046250e-001
2.782895e+003;1.047530e-001
2.783377e+003;1.048887e-001
2.783859e+003;1.050303e-001
2.784341e+003;1.051746e-001
2.784823e+003;1.053185e-001
2.785305e+003;1.054603e-001
2.785788e+003;1.056007e-001
2.786270e+003;1.057405e-001
2.786752e+003;1.058805e-001
2.787234e+003;1.060206e-001
2.787716e+003;1.061600e-001
2.788198e+003;1.062945e-001
2.788680e+003;1.064207e-001
2.789163e+003;1.065367e-001
2.789645e+003;1.066417e-001
2.790127e+003;1.067393e-001
2.790609e+003;1.068336e-001
2.791091e+003;1.069311e-001
2.791573e+003;1.070355e-001
2.792055e+003;1.071504e-001
2.792538e+003;1.072752e-001
2.793020e+003;1.074078e-001
2.793502e+003;1.075446e-001
2.793984e+003;1.076815e-001
2.794466e+003;1.078147e-001
2.794948e+003;1.079425e-001
2.795430e+003;1.080643e-001
2.795913e+003;1.081809e-001
2.796395e+003;1.082950e-001
2.796877e+003;1.084097e-001
2.797359e+003;1.085274e-001
2.797841e+003;1.086514e-001
2.798323e+003;1.087822e-001
2.798805e+003;1.089196e-001
2.799288e+003;1.090625e-001
2.799770e+003;1.092086e-001
2.800252e+003;1.093565e-001
2.800734e+003;1.095061e-001
2.801216e+003;1.096572e-001
2.801698e+003;1.098110e-001
2.802180e+003;1.099689e-001
2.802662e+003;1.101311e-001
2.803145e+003;1.102972e-001
2.803627e+003;1.104658e-001
2.804109e+003;1.106357e-001
2.804591e+003;1.108057e-001
2.805073e+003;1.109755e-001
2.805555e+003;1.111462e-001
2.806037e+003;1.113180e-001
2.806520e+003;1.114911e-001
2.807002e+003;1.116636e-001
2.807484e+003;1.118331e-001
2.807966e+003;1.119956e-001
2.808448e+003;1.121473e-001
2.808930e+003;1.122857e-001
2.809412e+003;1.124106e-001
2.809895e+003;1.125230e-001
2.810377e+003;1.126274e-001
2.810859e+003;1.127283e-001
2.811341e+003;1.128326e-001
2.811823e+003;1.129460e-001
2.812305e+003;1.130754e-001
2.812787e+003;1.132244e-001
2.813270e+003;1.133957e-001
2.813752e+003;1.135881e-001
2.814234e+003;1.137984e-001
2.814716e+003;1.140203e-001
2.815198e+003;1.142466e-001
2.815680e+003;1.144700e-001
2.816162e+003;1.146848e-001
2.816645e+003;1.148870e-001
2.817126e+003;1.150760e-001
2.817609e+003;1.152524e-001
2.818091e+003;1.154185e-001
2.818573e+003;1.155770e-001
2.819055e+003;1.157303e-001
2.819537e+003;1.158809e-001
2.820019e+003;1.160323e-001
2.820501e+003;1.161872e-001
2.820984e+003;1.163489e-001
2.821466e+003;1.165187e-001
2.821948e+003;1.166975e-001
2.822430e+003;1.168839e-001
2.822912e+003;1.170756e-001
2.823394e+003;1.172694e-001
2.823876e+003;1.174634e-001
2.824359e+003;1.176554e-001
2.824841e+003;1.178448e-001
2.825323e+003;1.180311e-001
2.825805e+003;1.182139e-001
2.826287e+003;1.183924e-001
2.826769e+003;1.185668e-001
2.827251e+003;1.187366e-001
2.827734e+003;1.189031e-001
2.828216e+003;1.190705e-001
2.828698e+003;1.192425e-001
2.829180e+003;1.194240e-001
2.829662e+003;1.196184e-001
2.830144e+003;1.198262e-001
2.830626e+003;1.200463e-001
2.831109e+003;1.202747e-001
2.831591e+003;1.205075e-001
2.832073e+003;1.207397e-001
2.832555e+003;1.209687e-001
2.833037e+003;1.211929e-001
2.833519e+003;1.214115e-001
2.834001e+003;1.216243e-001
2.834483e+003;1.218322e-001
2.834966e+003;1.220356e-001
2.835448e+003;1.222365e-001
2.835930e+003;1.224368e-001
2.836412e+003;1.226395e-001
2.836894e+003;1.228472e-001
2.837376e+003;1.230609e-001
2.837858e+003;1.232798e-001
2.838341e+003;1.235023e-001
2.838823e+003;1.237252e-001
2.839305e+003;1.239465e-001
2.839787e+003;1.241653e-001
2.840269e+003;1.243823e-001
2.840751e+003;1.245982e-001
2.841233e+003;1.248159e-001
2.841716e+003;1.250353e-001
2.842198e+003;1.252557e-001
2.842680e+003;1.254765e-001
2.843162e+003;1.256967e-001
2.843644e+003;1.259177e-001
2.844126e+003;1.261428e-001
2.844608e+003;1.263750e-001
2.845091e+003;1.266172e-001
2.845573e+003;1.268696e-001
2.846055e+003;1.271291e-001
2.846537e+003;1.273898e-001
2.847019e+003;1.276451e-001
2.847501e+003;1.278901e-001
2.847983e+003;1.281239e-001
2.848466e+003;1.283500e-001
2.848948e+003;1.285765e-001
2.849430e+003;1.288118e-001
2.849912e+003;1.290625e-001
2.850394e+003;1.293317e-001
2.850876e+003;1.296178e-001
2.851358e+003;1.299136e-001
2.851840e+003;1.302124e-001
2.852323e+003;1.305055e-001
2.852805e+003;1.307877e-001
2.853287e+003;1.310552e-001
2.853769e+003;1.313073e-001
2.854251e+003;1.315449e-001
2.854733e+003;1.317700e-001
2.855215e+003;1.319847e-001
2.855698e+003;1.321917e-001
2.856180e+003;1.323942e-001
2.856662e+003;1.325956e-001
2.857144e+003;1.327993e-001
2.857626e+003;1.330067e-001
2.858108e+003;1.332199e-001
2.858590e+003;1.334392e-001
2.859073e+003;1.336661e-001
2.859555e+003;1.339005e-001
2.860037e+003;1.341452e-001
2.860519e+003;1.344023e-001
2.861001e+003;1.346744e-001
2.861483e+003;1.349618e-001
2.861965e+003;1.352618e-001
2.862448e+003;1.355702e-001
2.862930e+003;1.358791e-001
2.863412e+003;1.361825e-001
2.863894e+003;1.364752e-001
2.864376e+003;1.367560e-001
2.864858e+003;1.370276e-001
2.865340e+003;1.372956e-001
2.865823e+003;1.375651e-001
2.866304e+003;1.378418e-001
2.866787e+003;1.381271e-001
2.867269e+003;1.384210e-001
2.867751e+003;1.387208e-001
2.868233e+003;1.390226e-001
2.868715e+003;1.393250e-001
2.869197e+003;1.396257e-001
2.869679e+003;1.399243e-001
2.870162e+003;1.402200e-001
2.870644e+003;1.405102e-001
2.871126e+003;1.407934e-001
2.871608e+003;1.410664e-001
2.872090e+003;1.413283e-001
2.872572e+003;1.415813e-001
2.873054e+003;1.418310e-001
2.873537e+003;1.420844e-001
2.874019e+003;1.423490e-001
2.874501e+003;1.426294e-001
2.874983e+003;1.429261e-001
2.875465e+003;1.432330e-001
2.875947e+003;1.435412e-001
2.876429e+003;1.438406e-001
2.876912e+003;1.441225e-001
2.877394e+003;1.443833e-001
2.877876e+003;1.446235e-001
2.878358e+003;1.448498e-001
2.878840e+003;1.450705e-001
2.879322e+003;1.452939e-001
2.879804e+003;1.455274e-001
2.880287e+003;1.457754e-001
2.880769e+003;1.460391e-001
2.881251e+003;1.463189e-001
2.881733e+003;1.466136e-001
2.882215e+003;1.469215e-001
2.882697e+003;1.472400e-001
2.883179e+003;1.475648e-001
2.883661e+003;1.478913e-001
2.884144e+003;1.482137e-001
2.884626e+003;1.485276e-001
2.885108e+003;1.488307e-001
2.885590e+003;1.491232e-001
2.886072e+003;1.494086e-001
2.886554e+003;1.496908e-001
2.887036e+003;1.499735e-001
2.887519e+003;1.502589e-001
2.888001e+003;1.505466e-001
2.888483e+003;1.508336e-001
2.888965e+003;1.511161e-001
2.889447e+003;1.513912e-001
2.889929e+003;1.516580e-001
2.890411e+003;1.519172e-001
2.890894e+003;1.521723e-001
2.891376e+003;1.524258e-001
2.891858e+003;1.526807e-001
2.892340e+003;1.529391e-001
2.892822e+003;1.532005e-001
2.893304e+003;1.534669e-001
2.893786e+003;1.537383e-001
2.894269e+003;1.540165e-001
2.894751e+003;1.543044e-001
2.895233e+003;1.546047e-001
2.895715e+003;1.549200e-001
2.896197e+003;1.552523e-001
2.896679e+003;1.556026e-001
2.897161e+003;1.559710e-001
2.897644e+003;1.563562e-001
2.898125e+003;1.567574e-001
2.898608e+003;1.571724e-001
2.899090e+003;1.575986e-001
2.899572e+003;1.580336e-001
2.900054e+003;1.584745e-001
2.900536e+003;1.589188e-001
2.901018e+003;1.593638e-001
2.901500e+003;1.598067e-001
2.901983e+003;1.602446e-001
2.902465e+003;1.606737e-001
2.902947e+003;1.610897e-001
2.903429e+003;1.614881e-001
2.903911e+003;1.618646e-001
2.904393e+003;1.622178e-001
2.904875e+003;1.625487e-001
2.905358e+003;1.628624e-001
2.905840e+003;1.631656e-001
2.906322e+003;1.634664e-001
2.906804e+003;1.637730e-001
2.907286e+003;1.640903e-001
2.907768e+003;1.644203e-001
2.908250e+003;1.647613e-001
2.908733e+003;1.651102e-001
2.909215e+003;1.654609e-001
2.909697e+003;1.658087e-001
2.910179e+003;1.661503e-001
2.910661e+003;1.664836e-001
2.911143e+003;1.668096e-001
2.911625e+003;1.671300e-001
2.912108e+003;1.674483e-001
2.912590e+003;1.677686e-001
2.913072e+003;1.680934e-001
2.913554e+003;1.684251e-001
2.914036e+003;1.687635e-001
2.914518e+003;1.691087e-001
2.915000e+003;1.694598e-001
2.915482e+003;1.698177e-001
2.915965e+003;1.701856e-001
2.916447e+003;1.705666e-001
2.916929e+003;1.709659e-001
2.917411e+003;1.713869e-001
2.917893e+003;1.718288e-001
2.918375e+003;1.722884e-001
2.918857e+003;1.727563e-001
2.919340e+003;1.732214e-001
2.919822e+003;1.736723e-001
2.920304e+003;1.741022e-001
2.920786e+003;1.745081e-001
2.921268e+003;1.748941e-001
2.921750e+003;1.752673e-001
2.922232e+003;1.756388e-001
2.922715e+003;1.760159e-001
2.923197e+003;1.764053e-001
2.923679e+003;1.768081e-001
2.924161e+003;1.772225e-001
2.924643e+003;1.776451e-001
2.925125e+003;1.780721e-001
2.925607e+003;1.785000e-001
2.926090e+003;1.789271e-001
2.926572e+003;1.793520e-001
2.927054e+003;1.797733e-001
2.927536e+003;1.801897e-001
2.928018e+003;1.806000e-001
2.928500e+003;1.810038e-001
2.928982e+003;1.814014e-001
2.929465e+003;1.817965e-001
2.929947e+003;1.821923e-001
2.930429e+003;1.825945e-001
2.930911e+003;1.830078e-001
2.931393e+003;1.834362e-001
2.931875e+003;1.838807e-001
2.932357e+003;1.843418e-001
2.932839e+003;1.848179e-001
2.933322e+003;1.853081e-001
2.933804e+003;1.858111e-001
2.934286e+003;1.863261e-001
2.934768e+003;1.868519e-001
2.935250e+003;1.873855e-001
2.935732e+003;1.879222e-001
2.936214e+003;1.884539e-001
2.936697e+003;1.889717e-001
2.937179e+003;1.894671e-001
2.937661e+003;1.899334e-001
2.938143e+003;1.903684e-001
2.938625e+003;1.907744e-001
2.939107e+003;1.911584e-001
2.939589e+003;1.915294e-001
2.940072e+003;1.918970e-001
2.940554e+003;1.922694e-001
2.941036e+003;1.926510e-001
2.941518e+003;1.930445e-001
2.942000e+003;1.934487e-001
2.942482e+003;1.938625e-001
2.942964e+003;1.942845e-001
2.943447e+003;1.947136e-001
2.943929e+003;1.951503e-001
2.944411e+003;1.955945e-001
2.944893e+003;1.960471e-001
2.945375e+003;1.965084e-001
2.945857e+003;1.969801e-001
2.946339e+003;1.974631e-001
2.946822e+003;1.979599e-001
2.947303e+003;1.984705e-001
2.947786e+003;1.989950e-001
2.948268e+003;1.995291e-001
2.948750e+003;2.000664e-001
2.949232e+003;2.005972e-001
2.949714e+003;2.011130e-001
2.950196e+003;2.016067e-001
2.950678e+003;2.020757e-001
2.951161e+003;2.025222e-001
2.951643e+003;2.029522e-001
2.952125e+003;2.033739e-001
2.952607e+003;2.037948e-001
2.953089e+003;2.042205e-001
2.953571e+003;2.046537e-001
2.954053e+003;2.050956e-001
2.954536e+003;2.055462e-001
2.955018e+003;2.060065e-001
2.955500e+003;2.064779e-001
2.955982e+003;2.069622e-001
2.956464e+003;2.074624e-001
2.956946e+003;2.079782e-001
2.957428e+003;2.085098e-001
2.957911e+003;2.090547e-001
2.958393e+003;2.096099e-001
2.958875e+003;2.101750e-001
2.959357e+003;2.107501e-001
2.959839e+003;2.113356e-001
2.960321e+003;2.119326e-001
2.960803e+003;2.125400e-001
2.961286e+003;2.131560e-001
2.961768e+003;2.137765e-001
2.962250e+003;2.143972e-001
2.962732e+003;2.150134e-001
2.963214e+003;2.156240e-001
2.963696e+003;2.162283e-001
2.964178e+003;2.168278e-001
2.964660e+003;2.174251e-001
2.965143e+003;2.180228e-001
2.965625e+003;2.186227e-001
2.966107e+003;2.192264e-001
2.966589e+003;2.198362e-001
2.967071e+003;2.204534e-001
2.967553e+003;2.210808e-001
2.968035e+003;2.217201e-001
2.968518e+003;2.223719e-001
2.969000e+003;2.230351e-001
2.969482e+003;2.237074e-001
2.969964e+003;2.243839e-001
2.970446e+003;2.250601e-001
2.970928e+003;2.257318e-001
2.971410e+003;2.263945e-001
2.971893e+003;2.270485e-001
2.972375e+003;2.276944e-001
2.972857e+003;2.283344e-001
2.973339e+003;2.289729e-001
2.973821e+003;2.296140e-001
2.974303e+003;2.302606e-001
2.974785e+003;2.309148e-001
2.975268e+003;2.315784e-001
2.975750e+003;2.322516e-001
2.976232e+003;2.329355e-001
2.976714e+003;2.336317e-001
2.977196e+003;2.343422e-001
2.977678e+003;2.350688e-001
2.978160e+003;2.358112e-001
2.978643e+003;2.365681e-001
2.979125e+003;2.373351e-001
2.979607e+003;2.381051e-001
2.980089e+003;2.388714e-001
2.980571e+003;2.396270e-001
2.981053e+003;2.403686e-001
2.981535e+003;2.410940e-001
2.982017e+003;2.418054e-001
2.982500e+003;2.425050e-001
2.982982e+003;2.431952e-001
2.983464e+003;2.438782e-001
2.983946e+003;2.445562e-001
2.984428e+003;2.452318e-001
2.984910e+003;2.459117e-001
2.985392e+003;2.466035e-001
2.985875e+003;2.473168e-001
2.986357e+003;2.480608e-001
2.986839e+003;2.488406e-001
2.987321e+003;2.496559e-001
2.987803e+003;2.505013e-001
2.988285e+003;2.513672e-001
2.988767e+003;2.522417e-001
2.989250e+003;2.531163e-001
2.989732e+003;2.539847e-001
2.990214e+003;2.548444e-001
2.990696e+003;2.556956e-001
2.991178e+003;2.565398e-001
2.991660e+003;2.573774e-001
2.992142e+003;2.582085e-001
2.992625e+003;2.590334e-001
2.993107e+003;2.598529e-001
2.993589e+003;2.606702e-001
2.994071e+003;2.614883e-001
2.994553e+003;2.623118e-001
2.995035e+003;2.631409e-001
2.995517e+003;2.639762e-001
2.996000e+003;2.648151e-001
2.996481e+003;2.656546e-001
2.996964e+003;2.664944e-001
2.997446e+003;2.673362e-001
2.997928e+003;2.681850e-001
2.998410e+003;2.690477e-001
2.998892e+003;2.699278e-001
2.999374e+003;2.708293e-001
2.999856e+003;2.717501e-001
3.000339e+003;2.726859e-001
3.000821e+003;2.736312e-001
3.001303e+003;2.745812e-001
3.001785e+003;2.755318e-001
3.002267e+003;2.764807e-001
3.002749e+003;2.774274e-001
3.003231e+003;2.783710e-001
3.003714e+003;2.793120e-001
3.004196e+003;2.802511e-001
3.004678e+003;2.811907e-001
3.005160e+003;2.821346e-001
3.005642e+003;2.830866e-001
3.006124e+003;2.840499e-001
3.006606e+003;2.850248e-001
3.007089e+003;2.860092e-001
3.007571e+003;2.869986e-001
3.008053e+003;2.879891e-001
3.008535e+003;2.889791e-001
3.009017e+003;2.899703e-001
3.009499e+003;2.909686e-001
3.009981e+003;2.919789e-001
3.010464e+003;2.930046e-001
3.010946e+003;2.940446e-001
3.011428e+003;2.950937e-001
3.011910e+003;2.961429e-001
3.012392e+003;2.971850e-001
3.012874e+003;2.982166e-001
3.013356e+003;2.992391e-001
3.013838e+003;3.002601e-001
3.014321e+003;3.012884e-001
3.014803e+003;3.023314e-001
3.015285e+003;3.033932e-001
3.015767e+003;3.044716e-001
3.016249e+003;3.055628e-001
3.016731e+003;3.066611e-001
3.017213e+003;3.077607e-001
3.017696e+003;3.088599e-001
3.018178e+003;3.099588e-001
3.018660e+003;3.110559e-001
3.019142e+003;3.121514e-001
3.019624e+003;3.132425e-001
3.020106e+003;3.143274e-001
3.020588e+003;3.154052e-001
3.021071e+003;3.164784e-001
3.021553e+003;3.175521e-001
3.022035e+003;3.186344e-001
3.022517e+003;3.197327e-001
3.022999e+003;3.208539e-001
3.023481e+003;3.219997e-001
3.023963e+003;3.231698e-001
3.024446e+003;3.243586e-001
3.024928e+003;3.255590e-001
3.025410e+003;3.267629e-001
3.025892e+003;3.279624e-001
3.026374e+003;3.291524e-001
3.026856e+003;3.303299e-001
3.027338e+003;3.314966e-001
3.027821e+003;3.326584e-001
3.028302e+003;3.338240e-001
3.028785e+003;3.350049e-001
3.029267e+003;3.362115e-001
3.029749e+003;3.374492e-001
3.030231e+003;3.387198e-001
3.030713e+003;3.400154e-001
3.031195e+003;3.413267e-001
3.031677e+003;3.426403e-001
3.032160e+003;3.439453e-001
3.032642e+003;3.452344e-001
3.033124e+003;3.465049e-001
3.033606e+003;3.477575e-001
3.034088e+003;3.489962e-001
3.034570e+003;3.502249e-001
3.035052e+003;3.514481e-001
3.035535e+003;3.526699e-001
3.036017e+003;3.538962e-001
3.036499e+003;3.551312e-001
3.036981e+003;3.563802e-001
3.037463e+003;3.576453e-001
3.037945e+003;3.589259e-001
3.038427e+003;3.602176e-001
3.038910e+003;3.615156e-001
3.039392e+003;3.628163e-001
3.039874e+003;3.641199e-001
3.040356e+003;3.654315e-001
3.040838e+003;3.667603e-001
3.041320e+003;3.681147e-001
3.041802e+003;3.695008e-001
3.042285e+003;3.709168e-001
3.042767e+003;3.723553e-001
3.043249e+003;3.738036e-001
3.043731e+003;3.752505e-001
3.044213e+003;3.766887e-001
3.044695e+003;3.781173e-001
3.045177e+003;3.795425e-001
3.045659e+003;3.809719e-001
3.046142e+003;3.824117e-001
3.046624e+003;3.838623e-001
3.047106e+003;3.853167e-001
3.047588e+003;3.867633e-001
3.048070e+003;3.881904e-001
3.048552e+003;3.895899e-001
3.049034e+003;3.909620e-001
3.049517e+003;3.923154e-001
3.049999e+003;3.936654e-001
3.050481e+003;3.950278e-001
3.050963e+003;3.964171e-001
3.051445e+003;3.978410e-001
3.051927e+003;3.992979e-001
3.052409e+003;4.007811e-001
3.052892e+003;4.022795e-001
3.053374e+003;4.037815e-001
3.053856e+003;4.052804e-001
3.054338e+003;4.067743e-001
3.054820e+003;4.082674e-001
3.055302e+003;4.097685e-001
3.055784e+003;4.112870e-001
3.056267e+003;4.128316e-001
3.056749e+003;4.144062e-001
3.057231e+003;4.160088e-001
3.057713e+003;4.176320e-001
3.058195e+003;4.192648e-001
3.058677e+003;4.208949e-001
3.059159e+003;4.225116e-001
3.059642e+003;4.241086e-001
3.060124e+003;4.256848e-001
3.060606e+003;4.272444e-001
3.061088e+003;4.287962e-001
3.061570e+003;4.303502e-001
3.062052e+003;4.319176e-001
3.062534e+003;4.335045e-001
3.063016e+003;4.351149e-001
3.063499e+003;4.367451e-001
3.063981e+003;4.383884e-001
3.064463e+003;4.400353e-001
3.064945e+003;4.416774e-001
3.065427e+003;4.433084e-001
3.065909e+003;4.449275e-001
3.066391e+003;4.465390e-001
3.066874e+003;4.481529e-001
3.067356e+003;4.497782e-001
3.067838e+003;4.514242e-001
3.068320e+003;4.530939e-001
3.068802e+003;4.547878e-001
3.069284e+003;4.565012e-001
3.069766e+003;4.582265e-001
3.070249e+003;4.599568e-001
3.070731e+003;4.616867e-001
3.071213e+003;4.634120e-001
3.071695e+003;4.651316e-001
3.072177e+003;4.668442e-001
3.072659e+003;4.685516e-001
3.073141e+003;4.702559e-001
3.073624e+003;4.719619e-001
3.074106e+003;4.736764e-001
3.074588e+003;4.754088e-001
3.075070e+003;4.771651e-001
3.075552e+003;4.789501e-001
3.076034e+003;4.807615e-001
3.076516e+003;4.825919e-001
3.076999e+003;4.844296e-001
3.077480e+003;4.862635e-001
3.077963e+003;4.880842e-001
3.078445e+003;4.898892e-001
3.078927e+003;4.916815e-001
3.079409e+003;4.934680e-001
3.079891e+003;4.952569e-001
3.080373e+003;4.970551e-001
3.080855e+003;4.988649e-001
3.081338e+003;5.006885e-001
3.081820e+003;5.025241e-001
3.082302e+003;5.043733e-001
3.082784e+003;5.062369e-001
3.083266e+003;5.081194e-001
3.083748e+003;5.100214e-001
3.084230e+003;5.119435e-001
3.084713e+003;5.138794e-001
3.085195e+003;5.158234e-001
3.085677e+003;5.177659e-001
3.086159e+003;5.197009e-001
3.086641e+003;5.216233e-001
3.087123e+003;5.235355e-001
3.087605e+003;5.254385e-001
3.088088e+003;5.273397e-001
3.088570e+003;5.292442e-001
3.089052e+003;5.311597e-001
3.089534e+003;5.330914e-001
3.090016e+003;5.350444e-001
3.090498e+003;5.370203e-001
3.090980e+003;5.390188e-001
3.091463e+003;5.410341e-001
3.091945e+003;5.430568e-001
3.092427e+003;5.450748e-001
3.092909e+003;5.470792e-001
3.093391e+003;5.490633e-001
3.093873e+003;5.510289e-001
3.094355e+003;5.529822e-001
3.094837e+003;5.549343e-001
3.095320e+003;5.568964e-001
3.095802e+003;5.588768e-001
3.096284e+003;5.608779e-001
3.096766e+003;5.628990e-001
3.097248e+003;5.649359e-001
3.097730e+003;5.669854e-001
3.098212e+003;5.690466e-001
3.098695e+003;5.711216e-001
3.099177e+003;5.732124e-001
3.099659e+003;5.753200e-001
3.100141e+003;5.774420e-001
3.100623e+003;5.795733e-001
3.101105e+003;5.817063e-001
3.101587e+003;5.838349e-001
3.102070e+003;5.859562e-001
3.102552e+003;5.880712e-001
3.103034e+003;5.901836e-001
3.103516e+003;5.922995e-001
3.103998e+003;5.944240e-001
3.104480e+003;5.965615e-001
3.104962e+003;5.987125e-001
3.105445e+003;6.008772e-001
3.105927e+003;6.030524e-001
3.106409e+003;6.052357e-001
3.106891e+003;6.074240e-001
3.107373e+003;6.096137e-001
3.107855e+003;6.118007e-001
3.108337e+003;6.139828e-001
3.108820e+003;6.161578e-001
3.109302e+003;6.183255e-001
3.109784e+003;6.204865e-001
3.110266e+003;6.226414e-001
3.110748e+003;6.247914e-001
3.111230e+003;6.269363e-001
3.111712e+003;6.290749e-001
3.112194e+003;6.312073e-001
3.112677e+003;6.333356e-001
3.113159e+003;6.354655e-001
3.113641e+003;6.376044e-001
3.114123e+003;6.397629e-001
3.114605e+003;6.419501e-001
3.115087e+003;6.441737e-001
3.115569e+003;6.464349e-001
3.116052e+003;6.487317e-001
3.116534e+003;6.510549e-001
3.117016e+003;6.533929e-001
3.117498e+003;6.557305e-001
3.117980e+003;6.580539e-001
3.118462e+003;6.603507e-001
3.118944e+003;6.626163e-001
3.119427e+003;6.648538e-001
3.119909e+003;6.670752e-001
3.120391e+003;6.693001e-001
3.120873e+003;6.715530e-001
3.121355e+003;6.738536e-001
3.121837e+003;6.762136e-001
3.122319e+003;6.786296e-001
3.122802e+003;6.810836e-001
3.123284e+003;6.835471e-001
3.123766e+003;6.859902e-001
3.124248e+003;6.883873e-001
3.124730e+003;6.907277e-001
3.125212e+003;6.930149e-001
3.125694e+003;6.952633e-001
3.126177e+003;6.974942e-001
3.126658e+003;6.997263e-001
3.127141e+003;7.019738e-001
3.127623e+003;7.042413e-001
3.128105e+003;7.065288e-001
3.128587e+003;7.088338e-001
3.129069e+003;7.111539e-001
3.129551e+003;7.134883e-001
3.130033e+003;7.158369e-001
3.130516e+003;7.182003e-001
3.130998e+003;7.205737e-001
3.131480e+003;7.229523e-001
3.131962e+003;7.253275e-001
3.132444e+003;7.276941e-001
3.132926e+003;7.300481e-001
3.133408e+003;7.323907e-001
3.133891e+003;7.347264e-001
3.134373e+003;7.370622e-001
3.134855e+003;7.394049e-001
3.135337e+003;7.417590e-001
3.135819e+003;7.441267e-001
3.136301e+003;7.465068e-001
3.136783e+003;7.488944e-001
3.137266e+003;7.512835e-001
3.137748e+003;7.536675e-001
3.138230e+003;7.560406e-001
3.138712e+003;7.584011e-001
3.139194e+003;7.607502e-001
3.139676e+003;7.630935e-001
3.140158e+003;7.654405e-001
3.140641e+003;7.677984e-001
3.141123e+003;7.701726e-001
3.141605e+003;7.725626e-001
3.142087e+003;7.749652e-001
3.142569e+003;7.773722e-001
3.143051e+003;7.797787e-001
3.143533e+003;7.821805e-001
3.144015e+003;7.845803e-001
3.144498e+003;7.869819e-001
3.144980e+003;7.893884e-001
3.145462e+003;7.917975e-001
3.145944e+003;7.942030e-001
3.146426e+003;7.965937e-001
3.146908e+003;7.989619e-001
3.147390e+003;8.013026e-001
3.147873e+003;8.036219e-001
3.148355e+003;8.059323e-001
3.148837e+003;8.082508e-001
3.149319e+003;8.105890e-001
3.149801e+003;8.129529e-001
3.150283e+003;8.153372e-001
3.150765e+003;8.177307e-001
3.151248e+003;8.201198e-001
3.151730e+003;8.224957e-001
3.152212e+003;8.248590e-001
3.152694e+003;8.272172e-001
3.153176e+003;8.295823e-001
3.153658e+003;8.319666e-001
3.154140e+003;8.343735e-001
3.154623e+003;8.368016e-001
3.155105e+003;8.392400e-001
3.155587e+003;8.416769e-001
3.156069e+003;8.440979e-001
3.156551e+003;8.464950e-001
3.157033e+003;8.488643e-001
3.157515e+003;8.512068e-001
3.157998e+003;8.535261e-001
3.158479e+003;8.558284e-001
3.158962e+003;8.581188e-001
3.159444e+003;8.604026e-001
3.159926e+003;8.626831e-001
3.160408e+003;8.649629e-001
3.160890e+003;8.672429e-001
3.161372e+003;8.695235e-001
3.161854e+003;8.718055e-001
3.162337e+003;8.740934e-001
3.162819e+003;8.763911e-001
3.163301e+003;8.787065e-001
3.163783e+003;8.810440e-001
3.164265e+003;8.834053e-001
3.164747e+003;8.857834e-001
3.165229e+003;8.881674e-001
3.165712e+003;8.905402e-001
3.166194e+003;8.928874e-001
3.166676e+003;8.951983e-001
3.167158e+003;8.974711e-001
3.167640e+003;8.997110e-001
3.168122e+003;9.019275e-001
3.168604e+003;9.041299e-001
3.169087e+003;9.063257e-001
3.169569e+003;9.085180e-001
3.170051e+003;9.107084e-001
3.170533e+003;9.128971e-001
3.171015e+003;9.150879e-001
3.171497e+003;9.172848e-001
3.171979e+003;9.194922e-001
3.172461e+003;9.217113e-001
3.172944e+003;9.239377e-001
3.173426e+003;9.261636e-001
3.173908e+003;9.283809e-001
3.174390e+003;9.305820e-001
3.174872e+003;9.327669e-001
3.175354e+003;9.349379e-001
3.175836e+003;9.371025e-001
3.176319e+003;9.392639e-001
3.176801e+003;9.414226e-001
3.177283e+003;9.435741e-001
3.177765e+003;9.457130e-001
3.178247e+003;9.478350e-001
3.178729e+003;9.499412e-001
3.179211e+003;9.520372e-001
3.179694e+003;9.541320e-001
3.180176e+003;9.562334e-001
3.180658e+003;9.583439e-001
3.181140e+003;9.604604e-001
3.181622e+003;9.625766e-001
3.182104e+003;9.646839e-001
3.182586e+003;9.667802e-001
3.183069e+003;9.688658e-001
3.183551e+003;9.709455e-001
3.184033e+003;9.730231e-001
3.184515e+003;9.750996e-001
3.184997e+003;9.771696e-001
3.185479e+003;9.792261e-001
3.185961e+003;9.812593e-001
3.186444e+003;9.832652e-001
3.186926e+003;9.852425e-001
3.187408e+003;9.871955e-001
3.187890e+003;9.891301e-001
3.188372e+003;9.910526e-001
3.188854e+003;9.929673e-001
3.189336e+003;9.948769e-001
3.189818e+003;9.967829e-001
3.190301e+003;9.986891e-001
3.190783e+003;1.000595e+000
3.191265e+003;1.002501e+000
3.191747e+003;1.004398e+000
3.192229e+003;1.006277e+000
3.192711e+003;1.008122e+000
3.193193e+003;1.009926e+000
3.193676e+003;1.011684e+000
3.194158e+003;1.013405e+000
3.194640e+003;1.015107e+000
3.195122e+003;1.016809e+000
3.195604e+003;1.018528e+000
3.196086e+003;1.020273e+000
3.196568e+003;1.022037e+000
3.197051e+003;1.023810e+000
3.197533e+003;1.025575e+000
3.198015e+003;1.027326e+000
3.198497e+003;1.029059e+000
3.198979e+003;1.030780e+000
3.199461e+003;1.032498e+000
3.199943e+003;1.034217e+000
3.200426e+003;1.035931e+000
3.200908e+003;1.037632e+000
3.201390e+003;1.039307e+000
3.201872e+003;1.040947e+000
3.202354e+003;1.042553e+000
3.202836e+003;1.044132e+000
3.203318e+003;1.045699e+000
3.203801e+003;1.047267e+000
3.204282e+003;1.048845e+000
3.204765e+003;1.050435e+000
3.205247e+003;1.052029e+000
3.205729e+003;1.053618e+000
3.206211e+003;1.055187e+000
3.206693e+003;1.056728e+000
3.207175e+003;1.058232e+000
3.207657e+003;1.059697e+000
3.208140e+003;1.061122e+000
3.208622e+003;1.062511e+000
3.209104e+003;1.063872e+000
3.209586e+003;1.065215e+000
3.210068e+003;1.066553e+000
3.210550e+003;1.067896e+000
3.211032e+003;1.069253e+000
3.211515e+003;1.070624e+000
3.211997e+003;1.072003e+000
3.212479e+003;1.073382e+000
3.212961e+003;1.074752e+000
3.213443e+003;1.076106e+000
3.213925e+003;1.077441e+000
3.214407e+003;1.078757e+000
3.214890e+003;1.080054e+000
3.215372e+003;1.081332e+000
3.215854e+003;1.082585e+000
3.216336e+003;1.083813e+000
3.216818e+003;1.085012e+000
3.217300e+003;1.086187e+000
3.217782e+003;1.087345e+000
3.218265e+003;1.088495e+000
3.218747e+003;1.089644e+000
3.219229e+003;1.090795e+000
3.219711e+003;1.091943e+000
3.220193e+003;1.093081e+000
3.220675e+003;1.094202e+000
3.221157e+003;1.095299e+000
3.221639e+003;1.096371e+000
3.222122e+003;1.097421e+000
3.222604e+003;1.098449e+000
3.223086e+003;1.099458e+000
3.223568e+003;1.100446e+000
3.224050e+003;1.101412e+000
3.224532e+003;1.102356e+000
3.225014e+003;1.103283e+000
3.225497e+003;1.104199e+000
3.225979e+003;1.105111e+000
3.226461e+003;1.106022e+000
3.226943e+003;1.106929e+000
3.227425e+003;1.107824e+000
3.227907e+003;1.108699e+000
3.228389e+003;1.109547e+000
3.228872e+003;1.110367e+000
3.229354e+003;1.111166e+000
3.229836e+003;1.111955e+000
3.230318e+003;1.112738e+000
3.230800e+003;1.113520e+000
3.231282e+003;1.114294e+000
3.231764e+003;1.115055e+000
3.232247e+003;1.115794e+000
3.232729e+003;1.116512e+000
3.233211e+003;1.117212e+000
3.233693e+003;1.117904e+000
3.234175e+003;1.118598e+000
3.234657e+003;1.119297e+000
3.235139e+003;1.120002e+000
3.235622e+003;1.120707e+000
3.236104e+003;1.121407e+000
3.236586e+003;1.122100e+000
3.237068e+003;1.122790e+000
3.237550e+003;1.123479e+000
3.238032e+003;1.124166e+000
3.238514e+003;1.124845e+000
3.238996e+003;1.125503e+000
3.239479e+003;1.126122e+000
3.239961e+003;1.126691e+000
3.240443e+003;1.127206e+000
3.240925e+003;1.127676e+000
3.241407e+003;1.128118e+000
3.241889e+003;1.128549e+000
3.242371e+003;1.128986e+000
3.242854e+003;1.129431e+000
3.243336e+003;1.129880e+000
3.243818e+003;1.130324e+000
3.244300e+003;1.130753e+000
3.244782e+003;1.131164e+000
3.245264e+003;1.131561e+000
3.245746e+003;1.131949e+000
3.246229e+003;1.132335e+000
3.246711e+003;1.132722e+000
3.247193e+003;1.133106e+000
3.247675e+003;1.133487e+000
3.248157e+003;1.133865e+000
3.248639e+003;1.134246e+000
3.249121e+003;1.134640e+000
3.249604e+003;1.135059e+000
3.250086e+003;1.135508e+000
3.250568e+003;1.135983e+000
3.251050e+003;1.136467e+000
3.251532e+003;1.136940e+000
3.252014e+003;1.137379e+000
3.252496e+003;1.137767e+000
3.252979e+003;1.138097e+000
3.253460e+003;1.138373e+000
3.253943e+003;1.138611e+000
3.254425e+003;1.138828e+000
3.254907e+003;1.139046e+000
3.255389e+003;1.139281e+000
3.255871e+003;1.139544e+000
3.256353e+003;1.139840e+000
3.256835e+003;1.140166e+000
3.257318e+003;1.140508e+000
3.257800e+003;1.140849e+000
3.258282e+003;1.141165e+000
3.258764e+003;1.141441e+000
3.259246e+003;1.141667e+000
3.259728e+003;1.141845e+000
3.260210e+003;1.141992e+000
3.260693e+003;1.142128e+000
3.261175e+003;1.142275e+000
3.261657e+003;1.142446e+000
3.262139e+003;1.142645e+000
3.262621e+003;1.142862e+000
3.263103e+003;1.143084e+000
3.263585e+003;1.143297e+000
3.264068e+003;1.143492e+000
3.264550e+003;1.143669e+000
3.265032e+003;1.143834e+000
3.265514e+003;1.143994e+000
3.265996e+003;1.144153e+000
3.266478e+003;1.144312e+000
3.266960e+003;1.144467e+000
3.267443e+003;1.144611e+000
3.267925e+003;1.144738e+000
3.268407e+003;1.144847e+000
3.268889e+003;1.144936e+000
3.269371e+003;1.145007e+000
3.269853e+003;1.145062e+000
3.270335e+003;1.145104e+000
3.270817e+003;1.145132e+000
3.271300e+003;1.145150e+000
3.271782e+003;1.145164e+000
3.272264e+003;1.145180e+000
3.272746e+003;1.145204e+000
3.273228e+003;1.145245e+000
3.273710e+003;1.145303e+000
3.274192e+003;1.145382e+000
3.274675e+003;1.145478e+000
3.275157e+003;1.145588e+000
3.275639e+003;1.145710e+000
3.276121e+003;1.145840e+000
3.276603e+003;1.145975e+000
3.277085e+003;1.146112e+000
3.277567e+003;1.146243e+000
3.278050e+003;1.146366e+000
3.278532e+003;1.146476e+000
3.279014e+003;1.146572e+000
3.279496e+003;1.146654e+000
3.279978e+003;1.146726e+000
3.280460e+003;1.146793e+000
3.280942e+003;1.146858e+000
3.281425e+003;1.146923e+000
3.281907e+003;1.146986e+000
3.282389e+003;1.147046e+000
3.282871e+003;1.147102e+000
3.283353e+003;1.147154e+000
3.283835e+003;1.147201e+000
3.284317e+003;1.147243e+000
3.284800e+003;1.147281e+000
3.285281e+003;1.147316e+000
3.285764e+003;1.147352e+000
3.286246e+003;1.147388e+000
3.286728e+003;1.147429e+000
3.287210e+003;1.147475e+000
3.287692e+003;1.147526e+000
3.288174e+003;1.147579e+000
3.288656e+003;1.147631e+000
3.289139e+003;1.147678e+000
3.289621e+003;1.147720e+000
3.290103e+003;1.147761e+000
3.290585e+003;1.147806e+000
3.291067e+003;1.147862e+000
3.291549e+003;1.147929e+000
3.292031e+003;1.148005e+000
3.292514e+003;1.148081e+000
3.292996e+003;1.148146e+000
3.293478e+003;1.148197e+000
3.293960e+003;1.148233e+000
3.294442e+003;1.148260e+000
3.294924e+003;1.148291e+000
3.295406e+003;1.148335e+000
3.295889e+003;1.148391e+000
3.296371e+003;1.148457e+000
3.296853e+003;1.148520e+000
3.297335e+003;1.148569e+000
3.297817e+003;1.148596e+000
3.298299e+003;1.148602e+000
3.298781e+003;1.148597e+000
3.299264e+003;1.148592e+000
3.299746e+003;1.148595e+000
3.300228e+003;1.148609e+000
3.300710e+003;1.148630e+000
3.301192e+003;1.148653e+000
3.301674e+003;1.148673e+000
3.302156e+003;1.148690e+000
3.302638e+003;1.148710e+000
3.303121e+003;1.148741e+000
3.303603e+003;1.148783e+000
3.304085e+003;1.148835e+000
3.304567e+003;1.148885e+000
3.305049e+003;1.148922e+000
3.305531e+003;1.148938e+000
3.306013e+003;1.148934e+000
3.306496e+003;1.148918e+000
3.306978e+003;1.148903e+000
3.307460e+003;1.148903e+000
3.307942e+003;1.148926e+000
3.308424e+003;1.148970e+000
3.308906e+003;1.149028e+000
3.309388e+003;1.149091e+000
3.309871e+003;1.149156e+000
3.310353e+003;1.149220e+000
3.310835e+003;1.149288e+000
3.311317e+003;1.149361e+000
3.311799e+003;1.149440e+000
3.312281e+003;1.149520e+000
3.312763e+003;1.149591e+000
3.313246e+003;1.149647e+000
3.313728e+003;1.149686e+000
3.314210e+003;1.149710e+000
3.314692e+003;1.149725e+000
3.315174e+003;1.149737e+000
3.315656e+003;1.149746e+000
3.316138e+003;1.149745e+000
3.316621e+003;1.149728e+000
3.317103e+003;1.149689e+000
3.317585e+003;1.149631e+000
3.318067e+003;1.149566e+000
3.318549e+003;1.149508e+000
3.319031e+003;1.149470e+000
3.319513e+003;1.149459e+000
3.319995e+003;1.149465e+000
3.320478e+003;1.149473e+000
3.320960e+003;1.149463e+000
3.321442e+003;1.149423e+000
3.321924e+003;1.149350e+000
3.322406e+003;1.149257e+000
3.322888e+003;1.149163e+000
3.323370e+003;1.149089e+000
3.323853e+003;1.149048e+000
3.324335e+003;1.149043e+000
3.324817e+003;1.149060e+000
3.325299e+003;1.149081e+000
3.325781e+003;1.149086e+000
3.326263e+003;1.149058e+000
3.326745e+003;1.148993e+000
3.327228e+003;1.148896e+000
3.327710e+003;1.148778e+000
3.328192e+003;1.148657e+000
3.328674e+003;1.148550e+000
3.329156e+003;1.148469e+000
3.329638e+003;1.148419e+000
3.330120e+003;1.148396e+000
3.330603e+003;1.148383e+000
3.331085e+003;1.148363e+000
3.331567e+003;1.148314e+000
3.332049e+003;1.148223e+000
3.332531e+003;1.148085e+000
3.333013e+003;1.147910e+000
3.333495e+003;1.147715e+000
3.333978e+003;1.147523e+000
3.334459e+003;1.147352e+000
3.334942e+003;1.147213e+000
3.335424e+003;1.147102e+000
3.335906e+003;1.147009e+000
3.336388e+003;1.146919e+000
3.336870e+003;1.146819e+000
3.337352e+003;1.146703e+000
3.337834e+003;1.146573e+000
3.338317e+003;1.146430e+000
3.338799e+003;1.146281e+000
3.339281e+003;1.146124e+000
3.339763e+003;1.145957e+000
3.340245e+003;1.145776e+000
3.340727e+003;1.145576e+000
3.341209e+003;1.145358e+000
3.341692e+003;1.145126e+000
3.342174e+003;1.144888e+000
3.342656e+003;1.144648e+000
3.343138e+003;1.144408e+000
3.343620e+003;1.144168e+000
3.344102e+003;1.143923e+000
3.344584e+003;1.143667e+000
3.345067e+003;1.143398e+000
3.345549e+003;1.143114e+000
3.346031e+003;1.142815e+000
3.346513e+003;1.142506e+000
3.346995e+003;1.142186e+000
3.347477e+003;1.141859e+000
3.347959e+003;1.141525e+000
3.348442e+003;1.141186e+000
3.348924e+003;1.140844e+000
3.349406e+003;1.140498e+000
3.349888e+003;1.140146e+000
3.350370e+003;1.139778e+000
3.350852e+003;1.139382e+000
3.351334e+003;1.138946e+000
3.351816e+003;1.138461e+000
3.352299e+003;1.137925e+000
3.352781e+003;1.137344e+000
3.353263e+003;1.136733e+000
3.353745e+003;1.136111e+000
3.354227e+003;1.135499e+000
3.354709e+003;1.134910e+000
3.355191e+003;1.134354e+000
3.355674e+003;1.133833e+000
3.356156e+003;1.133342e+000
3.356638e+003;1.132874e+000
3.357120e+003;1.132421e+000
3.357602e+003;1.131973e+000
3.358084e+003;1.131528e+000
3.358566e+003;1.131082e+000
3.359049e+003;1.130639e+000
3.359531e+003;1.130201e+000
3.360013e+003;1.129773e+000
3.360495e+003;1.129353e+000
3.360977e+003;1.128935e+000
3.361459e+003;1.128504e+000
3.361941e+003;1.128042e+000
3.362424e+003;1.127529e+000
3.362906e+003;1.126955e+000
3.363388e+003;1.126317e+000
3.363870e+003;1.125623e+000
3.364352e+003;1.124893e+000
3.364834e+003;1.124147e+000
3.365316e+003;1.123403e+000
3.365799e+003;1.122669e+000
3.366281e+003;1.121944e+000
3.366763e+003;1.121224e+000
3.367245e+003;1.120496e+000
3.367727e+003;1.119751e+000
3.368209e+003;1.118981e+000
3.368691e+003;1.118185e+000
3.369173e+003;1.117357e+000
3.369656e+003;1.116500e+000
3.370138e+003;1.115614e+000
3.370620e+003;1.114707e+000
3.371102e+003;1.113793e+000
3.371584e+003;1.112890e+000
3.372066e+003;1.112016e+000
3.372548e+003;1.111184e+000
3.373031e+003;1.110397e+000
3.373513e+003;1.109646e+000
3.373995e+003;1.108907e+000
3.374477e+003;1.108153e+000
3.374959e+003;1.107358e+000
3.375441e+003;1.106507e+000
3.375923e+003;1.105594e+000
3.376406e+003;1.104624e+000
3.376888e+003;1.103607e+000
3.377370e+003;1.102555e+000
3.377852e+003;1.101480e+000
3.378334e+003;1.100391e+000
3.378816e+003;1.099298e+000
3.379298e+003;1.098209e+000
3.379781e+003;1.097136e+000
3.380263e+003;1.096086e+000
3.380745e+003;1.095058e+000
3.381227e+003;1.094046e+000
3.381709e+003;1.093037e+000
3.382191e+003;1.092015e+000
3.382673e+003;1.090969e+000
3.383156e+003;1.089897e+000
3.383637e+003;1.088804e+000
3.384120e+003;1.087700e+000
3.384602e+003;1.086592e+000
3.385084e+003;1.085480e+000
3.385566e+003;1.084354e+000
3.386048e+003;1.083202e+000
3.386530e+003;1.082009e+000
3.387012e+003;1.080772e+000
3.387495e+003;1.079495e+000
3.387977e+003;1.078198e+000
3.388459e+003;1.076900e+000
3.388941e+003;1.075619e+000
3.389423e+003;1.074365e+000
3.389905e+003;1.073134e+000
3.390387e+003;1.071913e+000
3.390870e+003;1.070690e+000
3.391352e+003;1.069451e+000
3.391834e+003;1.068188e+000
3.392316e+003;1.066901e+000
3.392798e+003;1.065594e+000
3.393280e+003;1.064269e+000
3.393762e+003;1.062934e+000
3.394245e+003;1.061592e+000
3.394727e+003;1.060246e+000
3.395209e+003;1.058899e+000
3.395691e+003;1.057553e+000
3.396173e+003;1.056204e+000
3.396655e+003;1.054849e+000
3.397137e+003;1.053478e+000
3.397620e+003;1.052082e+000
3.398102e+003;1.050653e+000
3.398584e+003;1.049187e+000
3.399066e+003;1.047690e+000
3.399548e+003;1.046171e+000
3.400030e+003;1.044642e+000
3.400512e+003;1.043114e+000
3.400994e+003;1.041596e+000
3.401477e+003;1.040095e+000
3.401959e+003;1.038612e+000
3.402441e+003;1.037152e+000
3.402923e+003;1.035714e+000
3.403405e+003;1.034296e+000
3.403887e+003;1.032889e+000
3.404369e+003;1.031480e+000
3.404852e+003;1.030047e+000
3.405334e+003;1.028570e+000
3.405816e+003;1.027032e+000
3.406298e+003;1.025426e+000
3.406780e+003;1.023757e+000
3.407262e+003;1.022041e+000
3.407744e+003;1.020298e+000
3.408227e+003;1.018546e+000
3.408709e+003;1.016797e+000
3.409191e+003;1.015055e+000
3.409673e+003;1.013321e+000
3.410155e+003;1.011596e+000
3.410637e+003;1.009881e+000
3.411119e+003;1.008183e+000
3.411602e+003;1.006507e+000
3.412084e+003;1.004852e+000
3.412566e+003;1.003212e+000
3.413048e+003;1.001572e+000
3.413530e+003;9.999139e-001
3.414012e+003;9.982225e-001
3.414494e+003;9.964928e-001
3.414977e+003;9.947345e-001
3.415458e+003;9.929665e-001
3.415941e+003;9.912146e-001
3.416423e+003;9.894975e-001
3.416905e+003;9.878255e-001
3.417387e+003;9.861911e-001
3.417869e+003;9.845756e-001
3.418351e+003;9.829503e-001
3.418833e+003;9.812899e-001
3.419316e+003;9.795770e-001
3.419798e+003;9.778067e-001
3.420280e+003;9.759885e-001
3.420762e+003;9.741429e-001
3.421244e+003;9.722948e-001
3.421726e+003;9.704686e-001
3.422208e+003;9.686786e-001
3.422691e+003;9.669314e-001
3.423173e+003;9.652182e-001
3.423655e+003;9.635236e-001
3.424137e+003;9.618250e-001
3.424619e+003;9.601018e-001
3.425101e+003;9.583379e-001
3.425583e+003;9.565253e-001
3.426066e+003;9.546636e-001
3.426548e+003;9.527631e-001
3.427030e+003;9.508352e-001
3.427512e+003;9.488953e-001
3.427994e+003;9.469547e-001
3.428476e+003;9.450248e-001
3.428958e+003;9.431102e-001
3.429441e+003;9.412144e-001
3.429923e+003;9.393364e-001
3.430405e+003;9.374750e-001
3.430887e+003;9.356276e-001
3.431369e+003;9.337915e-001
3.431851e+003;9.319660e-001
3.432333e+003;9.301516e-001
3.432815e+003;9.283504e-001
3.433298e+003;9.265662e-001
3.433780e+003;9.247980e-001
3.434262e+003;9.230435e-001
3.434744e+003;9.212936e-001
3.435226e+003;9.195375e-001
3.435708e+003;9.177625e-001
3.436190e+003;9.159613e-001
3.436673e+003;9.141337e-001
3.437155e+003;9.122888e-001
3.437637e+003;9.104403e-001
3.438119e+003;9.086054e-001
3.438601e+003;9.067924e-001
3.439083e+003;9.050034e-001
3.439565e+003;9.032273e-001
3.440048e+003;9.014495e-001
3.440530e+003;8.996511e-001
3.441012e+003;8.978197e-001
3.441494e+003;8.959513e-001
3.441976e+003;8.940519e-001
3.442458e+003;8.921324e-001
3.442940e+003;8.902072e-001
3.443423e+003;8.882863e-001
3.443905e+003;8.863737e-001
3.444387e+003;8.844674e-001
3.444869e+003;8.825634e-001
3.445351e+003;8.806543e-001
3.445833e+003;8.787371e-001
3.446315e+003;8.768117e-001
3.446798e+003;8.748822e-001
3.447280e+003;8.729562e-001
3.447762e+003;8.710420e-001
3.448244e+003;8.691470e-001
3.448726e+003;8.672761e-001
3.449208e+003;8.654299e-001
3.449690e+003;8.636050e-001
3.450172e+003;8.617940e-001
3.450655e+003;8.599883e-001
3.451137e+003;8.581802e-001
3.451619e+003;8.563659e-001
3.452101e+003;8.545460e-001
3.452583e+003;8.527271e-001
3.453065e+003;8.509154e-001
3.453547e+003;8.491141e-001
3.454030e+003;8.473201e-001
3.454512e+003;8.455232e-001
3.454994e+003;8.437090e-001
3.455476e+003;8.418660e-001
3.455958e+003;8.399895e-001
3.456440e+003;8.380875e-001
3.456922e+003;8.361773e-001
3.457405e+003;8.342831e-001
3.457887e+003;8.324237e-001
3.458369e+003;8.306109e-001
3.458851e+003;8.288381e-001
3.459333e+003;8.270900e-001
3.459815e+003;8.253408e-001
3.460297e+003;8.235691e-001
3.460780e+003;8.217610e-001
3.461262e+003;8.199167e-001
3.461744e+003;8.180458e-001
3.462226e+003;8.161658e-001
3.462708e+003;8.142906e-001
3.463190e+003;8.124319e-001
3.463672e+003;8.105902e-001
3.464155e+003;8.087610e-001
3.464636e+003;8.069354e-001
3.465119e+003;8.051062e-001
3.465601e+003;8.032668e-001
3.466083e+003;8.014156e-001
3.466565e+003;7.995527e-001
3.467047e+003;7.976800e-001
3.467529e+003;7.957993e-001
3.468011e+003;7.939137e-001
3.468494e+003;7.920254e-001
3.468976e+003;7.901390e-001
3.469458e+003;7.882587e-001
3.469940e+003;7.863908e-001
3.470422e+003;7.845386e-001
3.470904e+003;7.827075e-001
3.471386e+003;7.808985e-001
3.471869e+003;7.791111e-001
3.472351e+003;7.773430e-001
3.472833e+003;7.755888e-001
3.473315e+003;7.738404e-001
3.473797e+003;7.720917e-001
3.474279e+003;7.703339e-001
3.474761e+003;7.685624e-001
3.475244e+003;7.667748e-001
3.475726e+003;7.649741e-001
3.476208e+003;7.631643e-001
3.476690e+003;7.613512e-001
3.477172e+003;7.595388e-001
3.477654e+003;7.577306e-001
3.478136e+003;7.559258e-001
3.478619e+003;7.541274e-001
3.479101e+003;7.523379e-001
3.479583e+003;7.505655e-001
3.480065e+003;7.488181e-001
3.480547e+003;7.471027e-001
3.481029e+003;7.454190e-001
3.481511e+003;7.437551e-001
3.481993e+003;7.420903e-001
3.482476e+003;7.403966e-001
3.482958e+003;7.386470e-001
3.483440e+003;7.368266e-001
3.483922e+003;7.349334e-001
3.484404e+003;7.329865e-001
3.484886e+003;7.310165e-001
3.485368e+003;7.290595e-001
3.485851e+003;7.271484e-001
3.486333e+003;7.253039e-001
3.486815e+003;7.235305e-001
3.487297e+003;7.218192e-001
3.487779e+003;7.201486e-001
3.488261e+003;7.184964e-001
3.488743e+003;7.168404e-001
3.489226e+003;7.151657e-001
3.489708e+003;7.134635e-001
3.490190e+003;7.117329e-001
3.490672e+003;7.099760e-001
3.491154e+003;7.081985e-001
3.491636e+003;7.064052e-001
3.492118e+003;7.046004e-001
3.492601e+003;7.027867e-001
3.493083e+003;7.009659e-001
3.493565e+003;6.991392e-001
3.494047e+003;6.973106e-001
3.494529e+003;6.954879e-001
3.495011e+003;6.936814e-001
3.495493e+003;6.919040e-001
3.495976e+003;6.901664e-001
3.496458e+003;6.884719e-001
3.496940e+003;6.868139e-001
3.497422e+003;6.851747e-001
3.497904e+003;6.835280e-001
3.498386e+003;6.818457e-001
3.498868e+003;6.801083e-001
3.499350e+003;6.783087e-001
3.499833e+003;6.764588e-001
3.500315e+003;6.745838e-001
3.500797e+003;6.727150e-001
3.501279e+003;6.708807e-001
3.501761e+003;6.690995e-001
3.502243e+003;6.673723e-001
3.502725e+003;6.656879e-001
3.503208e+003;6.640262e-001
3.503690e+003;6.623674e-001
3.504172e+003;6.606960e-001
3.504654e+003;6.590071e-001
3.505136e+003;6.573001e-001
3.505618e+003;6.555797e-001
3.506100e+003;6.538479e-001
3.506583e+003;6.521048e-001
3.507065e+003;6.503468e-001
3.507547e+003;6.485709e-001
3.508029e+003;6.467776e-001
3.508511e+003;6.449722e-001
3.508993e+003;6.431631e-001
3.509475e+003;6.413621e-001
3.509958e+003;6.395755e-001
3.510440e+003;6.378079e-001
3.510922e+003;6.360556e-001
3.511404e+003;6.343155e-001
3.511886e+003;6.325825e-001
3.512368e+003;6.308550e-001
3.512850e+003;6.291338e-001
3.513333e+003;6.274220e-001
3.513814e+003;6.257201e-001
3.514297e+003;6.240295e-001
3.514779e+003;6.223434e-001
3.515261e+003;6.206569e-001
3.515743e+003;6.189643e-001
3.516225e+003;6.172616e-001
3.516707e+003;6.155500e-001
3.517189e+003;6.138350e-001
3.517672e+003;6.121199e-001
3.518154e+003;6.104072e-001
3.518636e+003;6.086956e-001
3.519118e+003;6.069814e-001
3.519600e+003;6.052595e-001
3.520082e+003;6.035287e-001
3.520564e+003;6.017917e-001
3.521047e+003;6.000558e-001
3.521529e+003;5.983285e-001
3.522011e+003;5.966159e-001
3.522493e+003;5.949168e-001
3.522975e+003;5.932255e-001
3.523457e+003;5.915306e-001
3.523939e+003;5.898219e-001
3.524422e+003;5.880927e-001
3.524904e+003;5.863477e-001
3.525386e+003;5.845965e-001
3.525868e+003;5.828558e-001
3.526350e+003;5.811389e-001
3.526832e+003;5.794546e-001
3.527314e+003;5.778022e-001
3.527797e+003;5.761697e-001
3.528279e+003;5.745412e-001
3.528761e+003;5.728990e-001
3.529243e+003;5.712304e-001
3.529725e+003;5.695332e-001
3.530207e+003;5.678098e-001
3.530689e+003;5.660729e-001
3.531171e+003;5.643355e-001
3.531654e+003;5.626099e-001
3.532136e+003;5.609003e-001
3.532618e+003;5.592077e-001
3.533100e+003;5.575260e-001
3.533582e+003;5.558448e-001
3.534064e+003;5.541556e-001
3.534546e+003;5.524521e-001
3.535029e+003;5.507324e-001
3.535511e+003;5.490001e-001
3.535993e+003;5.472616e-001
3.536475e+003;5.455288e-001
3.536957e+003;5.438100e-001
3.537439e+003;5.421146e-001
3.537921e+003;5.404478e-001
3.538404e+003;5.388099e-001
3.538886e+003;5.371988e-001
3.539368e+003;5.356091e-001
3.539850e+003;5.340325e-001
3.540332e+003;5.324602e-001
3.540814e+003;5.308828e-001
3.541296e+003;5.292911e-001
3.541779e+003;5.276762e-001
3.542261e+003;5.260303e-001
3.542743e+003;5.243501e-001
3.543225e+003;5.226366e-001
3.543707e+003;5.208981e-001
3.544189e+003;5.191491e-001
3.544671e+003;5.174074e-001
3.545154e+003;5.156922e-001
3.545635e+003;5.140187e-001
3.546118e+003;5.123941e-001
3.546600e+003;5.108147e-001
3.547082e+003;5.092670e-001
3.547564e+003;5.077322e-001
3.548046e+003;5.061909e-001
3.548528e+003;5.046288e-001
3.549010e+003;5.030422e-001
3.549493e+003;5.014345e-001
3.549975e+003;4.998186e-001
3.550457e+003;4.982058e-001
3.550939e+003;4.966055e-001
3.551421e+003;4.950166e-001
3.551903e+003;4.934313e-001
3.552385e+003;4.918339e-001
3.552868e+003;4.902102e-001
3.553350e+003;4.885504e-001
3.553832e+003;4.868552e-001
3.554314e+003;4.851347e-001
3.554796e+003;4.834067e-001
3.555278e+003;4.816906e-001
3.555760e+003;4.800014e-001
3.556243e+003;4.783463e-001
3.556725e+003;4.767244e-001
3.557207e+003;4.751278e-001
3.557689e+003;4.735471e-001
3.558171e+003;4.719739e-001
3.558653e+003;4.704062e-001
3.559135e+003;4.688454e-001
3.559618e+003;4.672950e-001
3.560100e+003;4.657561e-001
3.560582e+003;4.642262e-001
3.561064e+003;4.626985e-001
3.561546e+003;4.611652e-001
3.562028e+003;4.596173e-001
3.562510e+003;4.580548e-001
3.562992e+003;4.564816e-001
3.563475e+003;4.549095e-001
3.563957e+003;4.533499e-001
3.564439e+003;4.518129e-001
3.564921e+003;4.502994e-001
3.565403e+003;4.488044e-001
3.565885e+003;4.473142e-001
3.566367e+003;4.458163e-001
3.566850e+003;4.442979e-001
3.567332e+003;4.427563e-001
3.567814e+003;4.411938e-001
3.568296e+003;4.396200e-001
3.568778e+003;4.380436e-001
3.569260e+003;4.364731e-001
3.569742e+003;4.349095e-001
3.570225e+003;4.333532e-001
3.570707e+003;4.317987e-001
3.571189e+003;4.302444e-001
3.571671e+003;4.286912e-001
3.572153e+003;4.271458e-001
3.572635e+003;4.256164e-001
3.573117e+003;4.241125e-001
3.573600e+003;4.226398e-001
3.574082e+003;4.211989e-001
3.574564e+003;4.197850e-001
3.575046e+003;4.183896e-001
3.575528e+003;4.170035e-001
3.576010e+003;4.156192e-001
3.576492e+003;4.142314e-001
3.576974e+003;4.128396e-001
3.577457e+003;4.114430e-001
3.577939e+003;4.100419e-001
3.578421e+003;4.086341e-001
3.578903e+003;4.072174e-001
3.579385e+003;4.057875e-001
3.579867e+003;4.043450e-001
3.580349e+003;4.028906e-001
3.580832e+003;4.014314e-001
3.581314e+003;3.999754e-001
3.581796e+003;3.985329e-001
3.582278e+003;3.971078e-001
3.582760e+003;3.957036e-001
3.583242e+003;3.943153e-001
3.583724e+003;3.929372e-001
3.584207e+003;3.915617e-001
3.584689e+003;3.901849e-001
3.585171e+003;3.888068e-001
3.585653e+003;3.874328e-001
3.586135e+003;3.860672e-001
3.586617e+003;3.847166e-001
3.587099e+003;3.833820e-001
3.587582e+003;3.820596e-001
3.588064e+003;3.807417e-001
3.588546e+003;3.794175e-001
3.589028e+003;3.780800e-001
3.589510e+003;3.767226e-001
3.589992e+003;3.753425e-001
3.590474e+003;3.739414e-001
3.590957e+003;3.725213e-001
3.591438e+003;3.710865e-001
3.591921e+003;3.696408e-001
3.592403e+003;3.681927e-001
3.592885e+003;3.667515e-001
3.593367e+003;3.653289e-001
3.593849e+003;3.639381e-001
3.594331e+003;3.625895e-001
3.594813e+003;3.612880e-001
3.595296e+003;3.600287e-001
3.595778e+003;3.588001e-001
3.596260e+003;3.575851e-001
3.596742e+003;3.563644e-001
3.597224e+003;3.551228e-001
3.597706e+003;3.538501e-001
3.598188e+003;3.525445e-001
3.598671e+003;3.512084e-001
3.599153e+003;3.498501e-001
3.599635e+003;3.484774e-001
3.600117e+003;3.471010e-001
3.600599e+003;3.457292e-001
3.601081e+003;3.443711e-001
3.601563e+003;3.430316e-001
3.602046e+003;3.417161e-001
3.602528e+003;3.404205e-001
3.603010e+003;3.391378e-001
3.603492e+003;3.378552e-001
3.603974e+003;3.365583e-001
3.604456e+003;3.352377e-001
3.604938e+003;3.338885e-001
3.605421e+003;3.325170e-001
3.605903e+003;3.311353e-001
3.606385e+003;3.297599e-001
3.606867e+003;3.284063e-001
3.607349e+003;3.270809e-001
3.607831e+003;3.257851e-001
3.608313e+003;3.245108e-001
3.608795e+003;3.232483e-001
3.609278e+003;3.219886e-001
3.609760e+003;3.207276e-001
3.610242e+003;3.194646e-001
3.610724e+003;3.182008e-001
3.611206e+003;3.169364e-001
3.611688e+003;3.156707e-001
3.612170e+003;3.143968e-001
3.612653e+003;3.131098e-001
3.613135e+003;3.118059e-001
3.613617e+003;3.104860e-001
3.614099e+003;3.091541e-001
3.614581e+003;3.078184e-001
3.615063e+003;3.064875e-001
3.615545e+003;3.051674e-001
3.616028e+003;3.038631e-001
3.616510e+003;3.025782e-001
3.616992e+003;3.013133e-001
3.617474e+003;3.000724e-001
3.617956e+003;2.988558e-001
3.618438e+003;2.976625e-001
3.618920e+003;2.964861e-001
3.619403e+003;2.953159e-001
3.619885e+003;2.941362e-001
3.620367e+003;2.929333e-001
3.620849e+003;2.916942e-001
3.621331e+003;2.904144e-001
3.621813e+003;2.890945e-001
3.622295e+003;2.877389e-001
3.622778e+003;2.863541e-001
3.623260e+003;2.849460e-001
3.623742e+003;2.835185e-001
3.624224e+003;2.820787e-001
3.624706e+003;2.806356e-001
3.625188e+003;2.792059e-001
3.625670e+003;2.778099e-001
3.626152e+003;2.764671e-001
3.626635e+003;2.751894e-001
3.627117e+003;2.739778e-001
3.627599e+003;2.728163e-001
3.628081e+003;2.716768e-001
3.628563e+003;2.705258e-001
3.629045e+003;2.693359e-001
3.629527e+003;2.680914e-001
3.630010e+003;2.667955e-001
3.630492e+003;2.654608e-001
3.630974e+003;2.641073e-001
3.631456e+003;2.627510e-001
3.631938e+003;2.613989e-001
3.632420e+003;2.600472e-001
3.632902e+003;2.586860e-001
3.633385e+003;2.573043e-001
3.633867e+003;2.558976e-001
3.634349e+003;2.544681e-001
3.634831e+003;2.530267e-001
3.635313e+003;2.515873e-001
3.635795e+003;2.501580e-001
3.636277e+003;2.487411e-001
3.636760e+003;2.473306e-001
3.637242e+003;2.459135e-001
3.637724e+003;2.444810e-001
3.638206e+003;2.430266e-001
3.638688e+003;2.415559e-001
3.639170e+003;2.400804e-001
3.639652e+003;2.386179e-001
3.640135e+003;2.371814e-001
3.640616e+003;2.357781e-001
3.641099e+003;2.344035e-001
3.641581e+003;2.330421e-001
3.642063e+003;2.316725e-001
3.642545e+003;2.302732e-001
3.643027e+003;2.288267e-001
3.643509e+003;2.273287e-001
3.643991e+003;2.257846e-001
3.644474e+003;2.242123e-001
3.644956e+003;2.226355e-001
3.645438e+003;2.210811e-001
3.645920e+003;2.195729e-001
3.646402e+003;2.181292e-001
3.646884e+003;2.167570e-001
3.647366e+003;2.154533e-001
3.647849e+003;2.142032e-001
3.648331e+003;2.129804e-001
3.648813e+003;2.117506e-001
3.649295e+003;2.104783e-001
3.649777e+003;2.091299e-001
3.650259e+003;2.076837e-001
3.650741e+003;2.061343e-001
3.651224e+003;2.044937e-001
3.651706e+003;2.027910e-001
3.652188e+003;2.010651e-001
3.652670e+003;1.993589e-001
3.653152e+003;1.977089e-001
3.653634e+003;1.961368e-001
3.654116e+003;1.946479e-001
3.654599e+003;1.932279e-001
3.655081e+003;1.918496e-001
3.655563e+003;1.904784e-001
3.656045e+003;1.890827e-001
3.656527e+003;1.876398e-001
3.657009e+003;1.861415e-001
3.657491e+003;1.845936e-001
3.657973e+003;1.830133e-001
3.658456e+003;1.814217e-001
3.658938e+003;1.798410e-001
3.659420e+003;1.782871e-001
3.659902e+003;1.767700e-001
3.660384e+003;1.752898e-001
3.660866e+003;1.738420e-001
3.661348e+003;1.724173e-001
3.661831e+003;1.710057e-001
3.662313e+003;1.695981e-001
3.662795e+003;1.681886e-001
3.663277e+003;1.667716e-001
3.663759e+003;1.653459e-001
3.664241e+003;1.639083e-001
3.664723e+003;1.624599e-001
3.665206e+003;1.610025e-001
3.665688e+003;1.595441e-001
3.666170e+003;1.580978e-001
3.666652e+003;1.566821e-001
3.667134e+003;1.553182e-001
3.667616e+003;1.540240e-001
3.668098e+003;1.528057e-001
3.668581e+003;1.516546e-001
3.669063e+003;1.505440e-001
3.669545e+003;1.494353e-001
3.670027e+003;1.482865e-001
3.670509e+003;1.470675e-001
3.670991e+003;1.457696e-001
3.671473e+003;1.444136e-001
3.671956e+003;1.430422e-001
3.672438e+003;1.417087e-001
3.672920e+003;1.404617e-001
3.673402e+003;1.393292e-001
3.673884e+003;1.383057e-001
3.674366e+003;1.373563e-001
3.674848e+003;1.364232e-001
3.675330e+003;1.354446e-001
3.675813e+003;1.343720e-001
3.676295e+003;1.331891e-001
3.676777e+003;1.319089e-001
3.677259e+003;1.305697e-001
3.677741e+003;1.292185e-001
3.678223e+003;1.278976e-001
3.678705e+003;1.266326e-001
3.679188e+003;1.254316e-001
3.679670e+003;1.242882e-001
3.680152e+003;1.231892e-001
3.680634e+003;1.221228e-001
3.681116e+003;1.210827e-001
3.681598e+003;1.200700e-001
3.682080e+003;1.190864e-001
3.682563e+003;1.181316e-001
3.683045e+003;1.172018e-001
3.683527e+003;1.162887e-001
3.684009e+003;1.153880e-001
3.684491e+003;1.145008e-001
3.684973e+003;1.136361e-001
3.685455e+003;1.128109e-001
3.685938e+003;1.120417e-001
3.686420e+003;1.113386e-001
3.686902e+003;1.106985e-001
3.687384e+003;1.101011e-001
3.687866e+003;1.095165e-001
3.688348e+003;1.089122e-001
3.688830e+003;1.082633e-001
3.689313e+003;1.075606e-001
3.689794e+003;1.068121e-001
3.690277e+003;1.060361e-001
3.690759e+003;1.052580e-001
3.691241e+003;1.044994e-001
3.691723e+003;1.037772e-001
3.692205e+003;1.030955e-001
3.692687e+003;1.024567e-001
3.693169e+003;1.018568e-001
3.693652e+003;1.012913e-001
3.694134e+003;1.007547e-001
3.694616e+003;1.002382e-001
3.695098e+003;9.973095e-002
3.695580e+003;9.921907e-002
3.696062e+003;9.868990e-002
3.696544e+003;9.813590e-002
3.697027e+003;9.755605e-002
3.697509e+003;9.696130e-002
3.697991e+003;9.636767e-002
3.698473e+003;9.579374e-002
3.698955e+003;9.525356e-002
3.699437e+003;9.475347e-002
3.699919e+003;9.428760e-002
3.700402e+003;9.384242e-002
3.700884e+003;9.340140e-002
3.701366e+003;9.294869e-002
3.701848e+003;9.247587e-002
3.702330e+003;9.198552e-002
3.702812e+003;9.148392e-002
3.703294e+003;9.098507e-002
3.703777e+003;9.050195e-002
3.704259e+003;9.004597e-002
3.704741e+003;8.962363e-002
3.705223e+003;8.923880e-002
3.705705e+003;8.888888e-002
3.706187e+003;8.857085e-002
3.706669e+003;8.827771e-002
3.707151e+003;8.800453e-002
3.707634e+003;8.774728e-002
3.708116e+003;8.750610e-002
3.708598e+003;8.728357e-002
3.709080e+003;8.708514e-002
3.709562e+003;8.691393e-002
3.710044e+003;8.676733e-002
3.710526e+003;8.663498e-002
3.711009e+003;8.649664e-002
3.711491e+003;8.632740e-002
3.711973e+003;8.610298e-002
3.712455e+003;8.580966e-002
3.712937e+003;8.544703e-002
3.713419e+003;8.503175e-002
3.713901e+003;8.459104e-002
3.714384e+003;8.415631e-002
3.714866e+003;8.375619e-002
3.715348e+003;8.340599e-002
3.715830e+003;8.310983e-002
3.716312e+003;8.285978e-002
3.716794e+003;8.264252e-002
3.717276e+003;8.244544e-002
3.717759e+003;8.226001e-002
3.718241e+003;8.208452e-002
3.718723e+003;8.192003e-002
3.719205e+003;8.176757e-002
3.719687e+003;8.162647e-002
3.720169e+003;8.149004e-002
3.720651e+003;8.135072e-002
3.721134e+003;8.119881e-002
3.721615e+003;8.102988e-002
3.722098e+003;8.084290e-002
3.722580e+003;8.064320e-002
3.723062e+003;8.043984e-002
3.723544e+003;8.024473e-002
3.724026e+003;8.006855e-002
3.724508e+003;7.991864e-002
3.724990e+003;7.979750e-002
3.725473e+003;7.970279e-002
3.725955e+003;7.962492e-002
3.726437e+003;7.955092e-002
3.726919e+003;7.946627e-002
3.727401e+003;7.936071e-002
3.727883e+003;7.923218e-002
3.728365e+003;7.908805e-002
3.728848e+003;7.894299e-002
3.729330e+003;7.881594e-002
3.729812e+003;7.871779e-002
3.730294e+003;7.865154e-002
3.730776e+003;7.860371e-002
3.731258e+003;7.855327e-002
3.731740e+003;7.847814e-002
3.732223e+003;7.836588e-002
3.732705e+003;7.822298e-002
3.733187e+003;7.806991e-002
3.733669e+003;7.793760e-002
3.734151e+003;7.785043e-002
3.734633e+003;7.781881e-002
3.735115e+003;7.783159e-002
3.735598e+003;7.785904e-002
3.736080e+003;7.786596e-002
3.736562e+003;7.782431e-002
3.737044e+003;7.772368e-002
3.737526e+003;7.756859e-002
3.738008e+003;7.737516e-002
3.738490e+003;7.715610e-002
3.738972e+003;7.691599e-002
3.739455e+003;7.665025e-002
3.739937e+003;7.635462e-002
3.740419e+003;7.603663e-002
3.740901e+003;7.572693e-002
3.741383e+003;7.547656e-002
3.741865e+003;7.534356e-002
3.742347e+003;7.537378e-002
3.742830e+003;7.557654e-002
3.743312e+003;7.591309e-002
3.743794e+003;7.630011e-002
3.744276e+003;7.663659e-002
3.744758e+003;7.683714e-002
3.745240e+003;7.686122e-002
3.745722e+003;7.672448e-002
3.746205e+003;7.648440e-002
3.746687e+003;7.621960e-002
3.747169e+003;7.599613e-002
3.747651e+003;7.585303e-002
3.748133e+003;7.579266e-002
3.748615e+003;7.579369e-002
3.749097e+003;7.582309e-002
3.749580e+003;7.585654e-002
3.750062e+003;7.588334e-002
3.750544e+003;7.590664e-002
3.751026e+003;7.592863e-002
3.751508e+003;7.594320e-002
3.751990e+003;7.593005e-002
3.752472e+003;7.586309e-002
3.752955e+003;7.572249e-002
3.753437e+003;7.550763e-002
3.753919e+003;7.523947e-002
3.754401e+003;7.495865e-002
3.754883e+003;7.470684e-002
3.755365e+003;7.451716e-002
3.755847e+003;7.440075e-002
3.756329e+003;7.434751e-002
3.756812e+003;7.433322e-002
3.757294e+003;7.433286e-002
3.757776e+003;7.432767e-002
3.758258e+003;7.431154e-002
3.758740e+003;7.428483e-002
3.759222e+003;7.424717e-002
3.759704e+003;7.419334e-002
3.760187e+003;7.411249e-002
3.760669e+003;7.399331e-002
3.761151e+003;7.383655e-002
3.761633e+003;7.365616e-002
3.762115e+003;7.348187e-002
3.762597e+003;7.334758e-002
3.763079e+003;7.328030e-002
3.763562e+003;7.328774e-002
3.764044e+003;7.335713e-002
3.764526e+003;7.345498e-002
3.765008e+003;7.354568e-002
3.765490e+003;7.360169e-002
3.765972e+003;7.361399e-002
3.766454e+003;7.359130e-002
3.766937e+003;7.355672e-002
3.767419e+003;7.353037e-002
3.767901e+003;7.352567e-002
3.768383e+003;7.353991e-002
3.768865e+003;7.356081e-002
3.769347e+003;7.357047e-002
3.769829e+003;7.355729e-002
3.770312e+003;7.351692e-002
3.770793e+003;7.345575e-002
3.771276e+003;7.338267e-002
3.771758e+003;7.330737e-002
3.772240e+003;7.323283e-002
3.772722e+003;7.315644e-002
3.773204e+003;7.307127e-002
3.773686e+003;7.297210e-002
3.774168e+003;7.285747e-002
3.774651e+003;7.273289e-002
3.775133e+003;7.260856e-002
3.775615e+003;7.249949e-002
3.776097e+003;7.241970e-002
3.776579e+003;7.238186e-002
3.777061e+003;7.239136e-002
3.777543e+003;7.244639e-002
3.778026e+003;7.253649e-002
3.778508e+003;7.264245e-002
3.778990e+003;7.273994e-002
3.779472e+003;7.280550e-002
3.779954e+003;7.282304e-002
3.780436e+003;7.278624e-002
3.780918e+003;7.270464e-002
3.781401e+003;7.259933e-002
3.781883e+003;7.249464e-002
3.782365e+003;7.241494e-002
3.782847e+003;7.237361e-002
3.783329e+003;7.237393e-002
3.783811e+003;7.240491e-002
3.784293e+003;7.245252e-002
3.784776e+003;7.249871e-002
3.785258e+003;7.253049e-002
3.785740e+003;7.253974e-002
3.786222e+003;7.252393e-002
3.786704e+003;7.248215e-002
3.787186e+003;7.241729e-002
3.787668e+003;7.233287e-002
3.788150e+003;7.223532e-002
3.788633e+003;7.213460e-002
3.789115e+003;7.204290e-002
3.789597e+003;7.197022e-002
3.790079e+003;7.192113e-002
3.790561e+003;7.189210e-002
3.791043e+003;7.187329e-002
3.791525e+003;7.185053e-002
3.792008e+003;7.181374e-002
3.792490e+003;7.175869e-002
3.792972e+003;7.169496e-002
3.793454e+003;7.163607e-002
3.793936e+003;7.159764e-002
3.794418e+003;7.158836e-002
3.794900e+003;7.160258e-002
3.795383e+003;7.162205e-002
3.795865e+003;7.162077e-002
3.796347e+003;7.157692e-002
3.796829e+003;7.148116e-002
3.797311e+003;7.134283e-002
3.797793e+003;7.119132e-002
3.798275e+003;7.106791e-002
3.798758e+003;7.101491e-002
3.799240e+003;7.106099e-002
3.799722e+003;7.121275e-002
3.800204e+003;7.144635e-002
3.800686e+003;7.171397e-002
3.801168e+003;7.195289e-002
3.801650e+003;7.210320e-002
3.802133e+003;7.212485e-002
3.802615e+003;7.201041e-002
3.803097e+003;7.178697e-002
3.803579e+003;7.150928e-002
3.804061e+003;7.124407e-002
3.804543e+003;7.105174e-002
3.805025e+003;7.097151e-002
3.805507e+003;7.100722e-002
3.805990e+003;7.113036e-002
3.806472e+003;7.128895e-002
3.806954e+003;7.142693e-002
3.807436e+003;7.150328e-002
3.807918e+003;7.150416e-002
3.808400e+003;7.144444e-002
3.808882e+003;7.135440e-002
3.809365e+003;7.126577e-002
3.809847e+003;7.119784e-002
3.810329e+003;7.114990e-002
3.810811e+003;7.110473e-002
3.811293e+003;7.104267e-002
3.811775e+003;7.095411e-002
3.812257e+003;7.084983e-002
3.812740e+003;7.076042e-002
3.813222e+003;7.072481e-002
3.813704e+003;7.077464e-002
3.814186e+003;7.091798e-002
3.814668e+003;7.112841e-002
3.815150e+003;7.135541e-002
3.815632e+003;7.153536e-002
3.816115e+003;7.161649e-002
3.816597e+003;7.158051e-002
3.817079e+003;7.144614e-002
3.817561e+003;7.126673e-002
3.818043e+003;7.110947e-002
3.818525e+003;7.103524e-002
3.819007e+003;7.107777e-002
3.819490e+003;7.123469e-002
3.819971e+003;7.146752e-002
3.820454e+003;7.171404e-002
3.820936e+003;7.190778e-002
3.821418e+003;7.199898e-002
3.821900e+003;7.196600e-002
3.822382e+003;7.182312e-002
3.822864e+003;7.160918e-002
3.823346e+003;7.137499e-002
3.823829e+003;7.116723e-002
3.824311e+003;7.101671e-002
3.824793e+003;7.093281e-002
3.825275e+003;7.090405e-002
3.825757e+003;7.090677e-002
3.826239e+003;7.091399e-002
3.826721e+003;7.090480e-002
3.827204e+003;7.086927e-002
3.827686e+003;7.081016e-002
3.828168e+003;7.073874e-002
3.828650e+003;7.067167e-002
3.829132e+003;7.062272e-002
3.829614e+003;7.060196e-002
3.830096e+003;7.061283e-002
3.830579e+003;7.065138e-002
3.831061e+003;7.070756e-002
3.831543e+003;7.076707e-002
3.832025e+003;7.080988e-002
3.832507e+003;7.082024e-002
3.832989e+003;7.078622e-002
3.833471e+003;7.070831e-002
3.833954e+003;7.060190e-002
3.834436e+003;7.049467e-002
3.834918e+003;7.042067e-002
3.835400e+003;7.041164e-002
3.835882e+003;7.048267e-002
3.836364e+003;7.062653e-002
3.836846e+003;7.081315e-002
3.837328e+003;7.099690e-002
3.837811e+003;7.113123e-002
3.838293e+003;7.118595e-002
3.838775e+003;7.115375e-002
3.839257e+003;7.105436e-002
3.839739e+003;7.092269e-002
3.840221e+003;7.079870e-002
3.840703e+003;7.071186e-002
3.841186e+003;7.067598e-002
3.841668e+003;7.068790e-002
3.842150e+003;7.073198e-002
3.842632e+003;7.079001e-002
3.843114e+003;7.084552e-002
3.843596e+003;7.088949e-002
3.844078e+003;7.091645e-002
3.844561e+003;7.092509e-002
3.845043e+003;7.091444e-002
3.845525e+003;7.088158e-002
3.846007e+003;7.082718e-002
3.846489e+003;7.075202e-002
3.846971e+003;7.065957e-002
3.847453e+003;7.055499e-002
3.847936e+003;7.044201e-002
3.848418e+003;7.032263e-002
3.848900e+003;7.020149e-002
3.849382e+003;7.008832e-002
3.849864e+003;7.000557e-002
3.850346e+003;6.998467e-002
3.850828e+003;7.006329e-002
3.851311e+003;7.027114e-002
3.851792e+003;7.061565e-002
3.852275e+003;7.107033e-002
3.852757e+003;7.157532e-002
3.853239e+003;7.204686e-002
3.853721e+003;7.240145e-002
3.854203e+003;7.258093e-002
3.854685e+003;7.256720e-002
3.855167e+003;7.238287e-002
3.855650e+003;7.208233e-002
3.856132e+003;7.172910e-002
3.856614e+003;7.138213e-002
3.857096e+003;7.108140e-002
3.857578e+003;7.084706e-002
3.858060e+003;7.068323e-002
3.858542e+003;7.058391e-002
3.859025e+003;7.053672e-002
3.859507e+003;7.052872e-002
3.859989e+003;7.054501e-002
3.860471e+003;7.057170e-002
3.860953e+003;7.059398e-002
3.861435e+003;7.060600e-002
3.861917e+003;7.060868e-002
3.862400e+003;7.061363e-002
3.862882e+003;7.063526e-002
3.863364e+003;7.068545e-002
3.863846e+003;7.076225e-002
3.864328e+003;7.084761e-002
3.864810e+003;7.091135e-002
3.865292e+003;7.092421e-002
3.865775e+003;7.087066e-002
3.866257e+003;7.076070e-002
3.866739e+003;7.062934e-002
3.867221e+003;7.052403e-002
3.867703e+003;7.049005e-002
3.868185e+003;7.055031e-002
3.868667e+003;7.069586e-002
3.869149e+003;7.089026e-002
3.869632e+003;7.107980e-002
3.870114e+003;7.121936e-002
3.870596e+003;7.128282e-002
3.871078e+003;7.127538e-002
3.871560e+003;7.122336e-002
3.872042e+003;7.116075e-002
3.872524e+003;7.111420e-002
3.873007e+003;7.109253e-002
3.873489e+003;7.108571e-002
3.873971e+003;7.107434e-002
3.874453e+003;7.103873e-002
3.874935e+003;7.097002e-002
3.875417e+003;7.087130e-002
3.875899e+003;7.076051e-002
3.876382e+003;7.065640e-002
3.876864e+003;7.057958e-002
3.877346e+003;7.054241e-002
3.877828e+003;7.055131e-002
3.878310e+003;7.060591e-002
3.878792e+003;7.069939e-002
3.879274e+003;7.081985e-002
3.879757e+003;7.094891e-002
3.880239e+003;7.106381e-002
3.880721e+003;7.114211e-002
3.881203e+003;7.116932e-002
3.881685e+003;7.114544e-002
3.882167e+003;7.108839e-002
3.882649e+003;7.103013e-002
3.883132e+003;7.100634e-002
3.883614e+003;7.104509e-002
3.884096e+003;7.115243e-002
3.884578e+003;7.131030e-002
3.885060e+003;7.147842e-002
3.885542e+003;7.160845e-002
3.886024e+003;7.166208e-002
3.886506e+003;7.162473e-002
3.886989e+003;7.150947e-002
3.887471e+003;7.135440e-002
3.887953e+003;7.120562e-002
3.888435e+003;7.110668e-002
3.888917e+003;7.108311e-002
3.889399e+003;7.114045e-002
3.889881e+003;7.126205e-002
3.890364e+003;7.141919e-002
3.890846e+003;7.157788e-002
3.891328e+003;7.170875e-002
3.891810e+003;7.179123e-002
3.892292e+003;7.181627e-002
3.892774e+003;7.178291e-002
3.893256e+003;7.169880e-002
3.893739e+003;7.157739e-002
3.894221e+003;7.143468e-002
3.894703e+003;7.128684e-002
3.895185e+003;7.115028e-002
3.895667e+003;7.103632e-002
3.896149e+003;7.095128e-002
3.896631e+003;7.089853e-002
3.897114e+003;7.087606e-002
3.897596e+003;7.088187e-002
3.898078e+003;7.091258e-002
3.898560e+003;7.096488e-002
3.899042e+003;7.103468e-002
3.899524e+003;7.111730e-002
3.900006e+003;7.120547e-002
3.900489e+003;7.129245e-002
3.900970e+003;7.137271e-002
3.901453e+003;7.144370e-002
3.901935e+003;7.150458e-002
3.902417e+003;7.155981e-002
3.902899e+003;7.161237e-002
3.903381e+003;7.166398e-002
3.903863e+003;7.171290e-002
3.904345e+003;7.175604e-002
3.904828e+003;7.178893e-002
3.905310e+003;7.180629e-002
3.905792e+003;7.180706e-002
3.906274e+003;7.179149e-002
3.906756e+003;7.176065e-002
3.907238e+003;7.171737e-002
3.907720e+003;7.166503e-002
3.908203e+003;7.160633e-002
3.908685e+003;7.154790e-002
3.909167e+003;7.149620e-002
3.909649e+003;7.145813e-002
3.910131e+003;7.143735e-002
3.910613e+003;7.143237e-002
3.911095e+003;7.143537e-002
3.911578e+003;7.143499e-002
3.912060e+003;7.142055e-002
3.912542e+003;7.138892e-002
3.913024e+003;7.134565e-002
3.913506e+003;7.130630e-002
3.913988e+003;7.128939e-002
3.914470e+003;7.131252e-002
3.914953e+003;7.138149e-002
3.915435e+003;7.148905e-002
3.915917e+003;7.161532e-002
3.916399e+003;7.173689e-002
3.916881e+003;7.183290e-002
3.917363e+003;7.189319e-002
3.917845e+003;7.191937e-002
3.918327e+003;7.192321e-002
3.918810e+003;7.191825e-002
3.919292e+003;7.191301e-002
3.919774e+003;7.190885e-002
3.920256e+003;7.189940e-002
3.920738e+003;7.187667e-002
3.921220e+003;7.183442e-002
3.921702e+003;7.177575e-002
3.922185e+003;7.171015e-002
3.922667e+003;7.165200e-002
3.923149e+003;7.161391e-002
3.923631e+003;7.160128e-002
3.924113e+003;7.161361e-002
3.924595e+003;7.164153e-002
3.925077e+003;7.167529e-002
3.925560e+003;7.170742e-002
3.926042e+003;7.173455e-002
3.926524e+003;7.175991e-002
3.927006e+003;7.178894e-002
3.927488e+003;7.182518e-002
3.927970e+003;7.187105e-002
3.928452e+003;7.192264e-002
3.928935e+003;7.197384e-002
3.929417e+003;7.201798e-002
3.929899e+003;7.204868e-002
3.930381e+003;7.206512e-002
3.930863e+003;7.206798e-002
3.931345e+003;7.206053e-002
3.931827e+003;7.204939e-002
3.932310e+003;7.204110e-002
3.932792e+003;7.204068e-002
3.933274e+003;7.205413e-002
3.933756e+003;7.208527e-002
3.934238e+003;7.213435e-002
3.934720e+003;7.219855e-002
3.935202e+003;7.227077e-002
3.935684e+003;7.234207e-002
3.936167e+003;7.240059e-002
3.936649e+003;7.243858e-002
3.937131e+003;7.245086e-002
3.937613e+003;7.243959e-002
3.938095e+003;7.240994e-002
3.938577e+003;7.237373e-002
3.939059e+003;7.234134e-002
3.939542e+003;7.232077e-002
3.940024e+003;7.231697e-002
3.940506e+003;7.232772e-002
3.940988e+003;7.234761e-002
3.941470e+003;7.236586e-002
3.941952e+003;7.237253e-002
3.942434e+003;7.235821e-002
3.942917e+003;7.231882e-002
3.943399e+003;7.225516e-002
3.943881e+003;7.217430e-002
3.944363e+003;7.208552e-002
3.944845e+003;7.200340e-002
3.945327e+003;7.193886e-002
3.945809e+003;7.190171e-002
3.946292e+003;7.189699e-002
3.946774e+003;7.192446e-002
3.947256e+003;7.197975e-002
3.947738e+003;7.205458e-002
3.948220e+003;7.213923e-002
3.948702e+003;7.222269e-002
3.949184e+003;7.229592e-002
3.949667e+003;7.235184e-002
3.950148e+003;7.238743e-002
3.950631e+003;7.240241e-002
3.951113e+003;7.240032e-002
3.951595e+003;7.238649e-002
3.952077e+003;7.236705e-002
3.952559e+003;7.234706e-002
3.953041e+003;7.233046e-002
3.953523e+003;7.231770e-002
3.954006e+003;7.231012e-002
3.954488e+003;7.230663e-002
3.954970e+003;7.230876e-002
3.955452e+003;7.231716e-002
3.955934e+003;7.233227e-002
3.956416e+003;7.235298e-002
3.956898e+003;7.237478e-002
3.957381e+003;7.239208e-002
3.957863e+003;7.239653e-002
3.958345e+003;7.238401e-002
3.958827e+003;7.235356e-002
3.959309e+003;7.230982e-002
3.959791e+003;7.226322e-002
3.960273e+003;7.222412e-002
3.960756e+003;7.220171e-002
3.961238e+003;7.219968e-002
3.961720e+003;7.221887e-002
3.962202e+003;7.225244e-002
3.962684e+003;7.229478e-002
3.963166e+003;7.234097e-002
3.963648e+003;7.238784e-002
3.964130e+003;7.243542e-002
3.964613e+003;7.248272e-002
3.965095e+003;7.252772e-002
3.965577e+003;7.256409e-002
3.966059e+003;7.258566e-002
3.966541e+003;7.258789e-002
3.967023e+003;7.256888e-002
3.967505e+003;7.253315e-002
3.967988e+003;7.248875e-002
3.968470e+003;7.244490e-002
3.968952e+003;7.240859e-002
3.969434e+003;7.238144e-002
3.969916e+003;7.236101e-002
3.970398e+003;7.234003e-002
3.970880e+003;7.231382e-002
3.971363e+003;7.228226e-002
3.971845e+003;7.224727e-002
3.972327e+003;7.221746e-002
3.972809e+003;7.220153e-002
3.973291e+003;7.220466e-002
3.973773e+003;7.222729e-002
3.974255e+003;7.226709e-002
3.974738e+003;7.231582e-002
3.975220e+003;7.236744e-002
3.975702e+003;7.241797e-002
3.976184e+003;7.246467e-002
3.976666e+003;7.250809e-002
3.977148e+003;7.254959e-002
3.977630e+003;7.258726e-002
3.978113e+003;7.261915e-002
3.978594e+003;7.264170e-002
3.979077e+003;7.265146e-002
3.979559e+003;7.264913e-002
3.980041e+003;7.263647e-002
3.980523e+003;7.261872e-002
3.981005e+003;7.260070e-002
3.981487e+003;7.258706e-002
3.981969e+003;7.258017e-002
3.982452e+003;7.257946e-002
3.982934e+003;7.258329e-002
3.983416e+003;7.258767e-002
3.983898e+003;7.259110e-002
3.984380e+003;7.259298e-002
3.984862e+003;7.259544e-002
3.985344e+003;7.260229e-002
3.985827e+003;7.261866e-002
3.986309e+003;7.264892e-002
3.986791e+003;7.269519e-002
3.987273e+003;7.275551e-002
3.987755e+003;7.282287e-002
3.988237e+003;7.288473e-002
3.988719e+003;7.292649e-002
3.989202e+003;7.293434e-002
3.989684e+003;7.289917e-002
3.990166e+003;7.282125e-002
3.990648e+003;7.270884e-002
3.991130e+003;7.257973e-002
3.991612e+003;7.245485e-002
3.992094e+003;7.235563e-002
3.992577e+003;7.229650e-002
3.993059e+003;7.228205e-002
3.993541e+003;7.231106e-002
3.994023e+003;7.237250e-002
3.994505e+003;7.245272e-002
3.994987e+003;7.253724e-002
3.995469e+003;7.261349e-002
3.995951e+003;7.267306e-002
3.996434e+003;7.271069e-002
3.996916e+003;7.272388e-002
3.997398e+003;7.271525e-002
3.997880e+003;7.268838e-002
3.998362e+003;7.264990e-002
3.998844e+003;7.260823e-002
3.999326e+003;7.257085e-002
3.999809e+003;7.254435e-002
