4.001737e+002;1.664170e-001
4.006559e+002;1.671935e-001
4.011380e+002;1.685793e-001
4.016201e+002;1.702552e-001
4.021023e+002;1.717499e-001
4.025844e+002;1.726992e-001
4.030666e+002;1.730441e-001
4.035487e+002;1.730852e-001
4.040308e+002;1.733343e-001
4.045130e+002;1.742811e-001
4.049951e+002;1.762153e-001
4.054772e+002;1.791464e-001
4.059594e+002;1.828183e-001
4.064415e+002;1.868259e-001
4.069236e+002;1.907684e-001
4.074058e+002;1.943624e-001
4.078879e+002;1.974428e-001
4.083701e+002;1.998941e-001
4.088522e+002;2.015807e-001
4.093344e+002;2.023410e-001
4.098165e+002;2.020881e-001
4.102986e+002;2.009141e-001
4.107808e+002;1.991306e-001
4.112629e+002;1.971785e-001
4.117450e+002;1.954881e-001
4.122272e+002;1.943147e-001
4.127093e+002;1.936924e-001
4.131914e+002;1.934483e-001
4.136736e+002;1.933239e-001
4.141557e+002;1.931162e-001
4.146378e+002;1.927907e-001
4.151200e+002;1.924898e-001
4.156021e+002;1.924569e-001
4.160843e+002;1.929094e-001
4.165664e+002;1.939487e-001
4.170485e+002;1.955180e-001
4.175307e+002;1.974378e-001
4.180128e+002;1.994786e-001
4.184949e+002;2.014431e-001
4.189771e+002;2.032123e-001
4.194592e+002;2.047376e-001
4.199413e+002;2.059870e-001
4.204235e+002;2.069158e-001
4.209056e+002;2.074597e-001
4.213878e+002;2.075828e-001
4.218699e+002;2.073297e-001
4.223521e+002;2.068514e-001
4.228342e+002;2.063719e-001
4.233163e+002;2.061168e-001
4.237985e+002;2.062315e-001
4.242806e+002;2.067370e-001
4.247627e+002;2.075311e-001
4.252449e+002;2.084465e-001
4.257270e+002;2.093208e-001
4.262091e+002;2.100598e-001
4.266913e+002;2.106535e-001
4.271734e+002;2.111527e-001
4.276555e+002;2.116147e-001
4.281377e+002;2.120668e-001
4.286198e+002;2.124948e-001
4.291020e+002;2.128689e-001
4.295841e+002;2.131793e-001
4.300662e+002;2.134621e-001
4.305484e+002;2.137950e-001
4.310305e+002;2.142664e-001
4.315126e+002;2.149326e-001
4.319948e+002;2.157955e-001
4.324769e+002;2.167960e-001
4.329590e+002;2.178433e-001
4.334412e+002;2.188444e-001
4.339233e+002;2.197311e-001
4.344055e+002;2.204605e-001
4.348876e+002;2.210045e-001
4.353698e+002;2.213282e-001
4.358519e+002;2.213944e-001
4.363340e+002;2.211801e-001
4.368162e+002;2.207094e-001
4.372983e+002;2.200736e-001
4.377804e+002;2.194231e-001
4.382626e+002;2.189246e-001
4.387447e+002;2.187102e-001
4.392268e+002;2.188340e-001
4.397090e+002;2.192646e-001
4.401911e+002;2.199077e-001
4.406732e+002;2.206547e-001
4.411554e+002;2.214262e-001
4.416375e+002;2.221942e-001
4.421197e+002;2.229696e-001
4.426018e+002;2.237657e-001
4.430839e+002;2.245587e-001
4.435661e+002;2.252761e-001
4.440482e+002;2.258155e-001
4.445303e+002;2.260902e-001
4.450125e+002;2.260743e-001
4.454946e+002;2.258187e-001
4.459767e+002;2.254303e-001
4.464589e+002;2.250242e-001
4.469410e+002;2.246760e-001
4.474232e+002;2.244037e-001
4.479053e+002;2.241831e-001
4.483875e+002;2.239925e-001
4.488696e+002;2.238526e-001
4.493517e+002;2.238408e-001
4.498339e+002;2.240647e-001
4.503160e+002;2.246085e-001
4.507981e+002;2.254771e-001
4.512803e+002;2.265707e-001
4.517624e+002;2.277014e-001
4.522445e+002;2.286552e-001
4.527267e+002;2.292683e-001
4.532088e+002;2.294898e-001
4.536909e+002;2.293909e-001
4.541731e+002;2.291282e-001
4.546552e+002;2.288727e-001
4.551374e+002;2.287515e-001
4.556195e+002;2.288179e-001
4.561016e+002;2.290578e-001
4.565838e+002;2.294208e-001
4.570659e+002;2.298526e-001
4.575480e+002;2.303118e-001
4.580302e+002;2.307661e-001
4.585123e+002;2.311748e-001
4.589944e+002;2.314820e-001
4.594766e+002;2.316249e-001
4.599587e+002;2.315623e-001
4.604409e+002;2.313071e-001
4.609230e+002;2.309379e-001
4.614052e+002;2.305815e-001
4.618873e+002;2.303717e-001
4.623694e+002;2.303995e-001
4.628516e+002;2.306840e-001
4.633337e+002;2.311740e-001
4.638158e+002;2.317785e-001
4.642980e+002;2.324112e-001
4.647801e+002;2.330272e-001
4.652622e+002;2.336289e-001
4.657444e+002;2.342463e-001
4.662265e+002;2.348999e-001
4.667086e+002;2.355734e-001
4.671908e+002;2.362088e-001
4.676729e+002;2.367282e-001
4.681551e+002;2.370708e-001
4.686372e+002;2.372199e-001
4.691193e+002;2.372111e-001
4.696015e+002;2.371111e-001
4.700836e+002;2.369870e-001
4.705657e+002;2.368857e-001
4.710479e+002;2.368287e-001
4.715300e+002;2.368301e-001
4.720121e+002;2.369183e-001
4.724943e+002;2.371461e-001
4.729764e+002;2.375761e-001
4.734586e+002;2.382518e-001
4.739407e+002;2.391611e-001
4.744229e+002;2.402216e-001
4.749050e+002;2.412901e-001
4.753871e+002;2.422049e-001
4.758693e+002;2.428357e-001
4.763514e+002;2.431282e-001
4.768335e+002;2.431117e-001
4.773157e+002;2.428799e-001
4.777978e+002;2.425430e-001
4.782799e+002;2.421916e-001
4.787621e+002;2.418744e-001
4.792442e+002;2.416058e-001
4.797263e+002;2.413891e-001
4.802085e+002;2.412369e-001
4.806906e+002;2.411806e-001
4.811728e+002;2.412633e-001
4.816549e+002;2.415178e-001
4.821370e+002;2.419551e-001
4.826192e+002;2.425527e-001
4.831013e+002;2.432659e-001
4.835834e+002;2.440396e-001
4.840656e+002;2.448203e-001
4.845477e+002;2.455583e-001
4.850298e+002;2.462059e-001
4.855120e+002;2.467136e-001
4.859941e+002;2.470384e-001
4.864763e+002;2.471595e-001
4.869584e+002;2.470991e-001
4.874405e+002;2.469284e-001
4.879227e+002;2.467567e-001
4.884048e+002;2.466951e-001
4.888869e+002;2.468182e-001
4.893691e+002;2.471339e-001
4.898512e+002;2.475823e-001
4.903333e+002;2.480607e-001
4.908155e+002;2.484720e-001
4.912976e+002;2.487638e-001
4.917798e+002;2.489503e-001
4.922619e+002;2.490963e-001
4.927440e+002;2.492790e-001
4.932262e+002;2.495445e-001
4.937083e+002;2.498886e-001
4.941905e+002;2.502610e-001
4.946726e+002;2.506008e-001
4.951547e+002;2.508709e-001
4.956369e+002;2.510818e-001
4.961190e+002;2.512833e-001
4.966011e+002;2.515365e-001
4.970833e+002;2.518747e-001
4.975654e+002;2.522859e-001
4.980475e+002;2.527169e-001
4.985297e+002;2.531060e-001
4.990118e+002;2.534171e-001
4.994940e+002;2.536630e-001
4.999761e+002;2.538961e-001
5.004582e+002;2.541790e-001
5.009404e+002;2.545440e-001
5.014225e+002;2.549719e-001
5.019046e+002;2.553948e-001
5.023868e+002;2.557317e-001
5.028689e+002;2.559278e-001
5.033510e+002;2.559848e-001
5.038332e+002;2.559578e-001
5.043153e+002;2.559277e-001
5.047975e+002;2.559576e-001
5.052796e+002;2.560652e-001
5.057617e+002;2.562178e-001
5.062439e+002;2.563602e-001
5.067260e+002;2.564501e-001
5.072082e+002;2.564911e-001
5.076903e+002;2.565340e-001
5.081724e+002;2.566547e-001
5.086546e+002;2.569127e-001
5.091367e+002;2.573213e-001
5.096188e+002;2.578365e-001
5.101010e+002;2.583771e-001
5.105831e+002;2.588614e-001
5.110652e+002;2.592416e-001
5.115474e+002;2.595188e-001
5.120295e+002;2.597333e-001
5.125117e+002;2.599348e-001
5.129938e+002;2.601528e-001
5.134760e+002;2.603840e-001
5.139581e+002;2.605977e-001
5.144402e+002;2.607605e-001
5.149224e+002;2.608600e-001
5.154045e+002;2.609153e-001
5.158866e+002;2.609699e-001
5.163688e+002;2.610693e-001
5.168509e+002;2.612410e-001
5.173330e+002;2.614825e-001
5.178152e+002;2.617675e-001
5.182973e+002;2.620625e-001
5.187794e+002;2.623440e-001
5.192616e+002;2.626061e-001
5.197437e+002;2.628538e-001
5.202258e+002;2.630924e-001
5.207080e+002;2.633148e-001
5.211901e+002;2.635034e-001
5.216722e+002;2.636391e-001
5.221544e+002;2.637173e-001
5.226365e+002;2.637564e-001
5.231187e+002;2.637928e-001
5.236008e+002;2.638657e-001
5.240829e+002;2.639979e-001
5.245651e+002;2.641846e-001
5.250472e+002;2.643975e-001
5.255294e+002;2.646011e-001
5.260115e+002;2.647747e-001
5.264937e+002;2.649231e-001
5.269758e+002;2.650728e-001
5.274579e+002;2.652554e-001
5.279401e+002;2.654843e-001
5.284222e+002;2.657427e-001
5.289043e+002;2.659890e-001
5.293865e+002;2.661746e-001
5.298686e+002;2.662710e-001
5.303507e+002;2.662855e-001
5.308329e+002;2.662598e-001
5.313150e+002;2.662489e-001
5.317971e+002;2.662967e-001
5.322793e+002;2.664158e-001
5.327614e+002;2.665854e-001
5.332435e+002;2.667691e-001
5.337257e+002;2.669374e-001
5.342078e+002;2.670872e-001
5.346899e+002;2.672415e-001
5.351721e+002;2.674356e-001
5.356542e+002;2.676913e-001
5.361364e+002;2.680005e-001
5.366185e+002;2.683232e-001
5.371006e+002;2.686051e-001
5.375828e+002;2.688043e-001
5.380649e+002;2.689136e-001
5.385471e+002;2.689638e-001
5.390292e+002;2.690085e-001
5.395114e+002;2.690962e-001
5.399935e+002;2.692470e-001
5.404756e+002;2.694427e-001
5.409578e+002;2.696393e-001
5.414399e+002;2.697904e-001
5.419220e+002;2.698720e-001
5.424042e+002;2.698941e-001
5.428863e+002;2.698929e-001
5.433684e+002;2.699099e-001
5.438506e+002;2.699701e-001
5.443327e+002;2.700696e-001
5.448148e+002;2.701808e-001
5.452970e+002;2.702707e-001
5.457791e+002;2.703214e-001
5.462612e+002;2.703398e-001
5.467434e+002;2.703555e-001
5.472255e+002;2.704036e-001
5.477076e+002;2.705066e-001
5.481898e+002;2.706628e-001
5.486719e+002;2.708489e-001
5.491541e+002;2.710337e-001
5.496362e+002;2.711943e-001
5.501183e+002;2.713267e-001
5.506005e+002;2.714448e-001
5.510826e+002;2.715679e-001
5.515648e+002;2.717077e-001
5.520469e+002;2.718595e-001
5.525291e+002;2.720039e-001
5.530112e+002;2.721181e-001
5.534933e+002;2.721890e-001
5.539755e+002;2.722212e-001
5.544576e+002;2.722334e-001
5.549397e+002;2.722498e-001
5.554219e+002;2.722877e-001
5.559040e+002;2.723490e-001
5.563861e+002;2.724251e-001
5.568683e+002;2.725026e-001
5.573504e+002;2.725744e-001
5.578325e+002;2.726438e-001
5.583147e+002;2.727213e-001
5.587968e+002;2.728149e-001
5.592789e+002;2.729224e-001
5.597611e+002;2.730293e-001
5.602432e+002;2.731127e-001
5.607253e+002;2.731553e-001
5.612075e+002;2.731540e-001
5.616896e+002;2.731232e-001
5.621718e+002;2.730895e-001
5.626539e+002;2.730772e-001
5.631360e+002;2.730982e-001
5.636182e+002;2.731445e-001
5.641003e+002;2.731954e-001
5.645825e+002;2.732274e-001
5.650646e+002;2.732280e-001
5.655468e+002;2.732023e-001
5.660289e+002;2.731701e-001
5.665110e+002;2.731563e-001
5.669932e+002;2.731795e-001
5.674753e+002;2.732446e-001
5.679574e+002;2.733434e-001
5.684396e+002;2.734613e-001
5.689217e+002;2.735862e-001
5.694038e+002;2.737119e-001
5.698860e+002;2.738382e-001
5.703681e+002;2.739635e-001
5.708502e+002;2.740793e-001
5.713324e+002;2.741687e-001
5.718145e+002;2.742107e-001
5.722966e+002;2.741901e-001
5.727788e+002;2.741055e-001
5.732609e+002;2.739730e-001
5.737430e+002;2.738217e-001
5.742252e+002;2.736835e-001
5.747073e+002;2.735831e-001
5.751895e+002;2.735305e-001
5.756716e+002;2.735207e-001
5.761537e+002;2.735395e-001
5.766359e+002;2.735710e-001
5.771180e+002;2.736026e-001
5.776002e+002;2.736284e-001
5.780823e+002;2.736479e-001
5.785645e+002;2.736637e-001
5.790466e+002;2.736819e-001
5.795287e+002;2.737119e-001
5.800109e+002;2.737659e-001
5.804930e+002;2.738569e-001
5.809751e+002;2.739925e-001
5.814573e+002;2.741677e-001
5.819394e+002;2.743607e-001
5.824215e+002;2.745361e-001
5.829037e+002;2.746543e-001
5.833858e+002;2.746845e-001
5.838679e+002;2.746192e-001
5.843501e+002;2.744770e-001
5.848322e+002;2.742958e-001
5.853143e+002;2.741192e-001
5.857965e+002;2.739793e-001
5.862786e+002;2.738857e-001
5.867607e+002;2.738261e-001
5.872429e+002;2.737766e-001
5.877250e+002;2.737154e-001
5.882072e+002;2.736351e-001
5.886893e+002;2.735454e-001
5.891714e+002;2.734653e-001
5.896536e+002;2.734119e-001
5.901357e+002;2.733899e-001
5.906179e+002;2.733886e-001
5.911000e+002;2.733886e-001
5.915822e+002;2.733714e-001
5.920643e+002;2.733308e-001
5.925464e+002;2.732739e-001
5.930286e+002;2.732166e-001
5.935107e+002;2.731735e-001
5.939928e+002;2.731477e-001
5.944750e+002;2.731294e-001
5.949571e+002;2.730996e-001
5.954392e+002;2.730422e-001
5.959214e+002;2.729523e-001
5.964035e+002;2.728409e-001
5.968856e+002;2.727292e-001
5.973678e+002;2.726395e-001
5.978499e+002;2.725846e-001
5.983320e+002;2.725615e-001
5.988142e+002;2.725547e-001
5.992963e+002;2.725439e-001
5.997784e+002;2.725129e-001
6.002606e+002;2.724569e-001
6.007427e+002;2.723822e-001
6.012249e+002;2.723017e-001
6.017070e+002;2.722280e-001
6.021891e+002;2.721690e-001
6.026713e+002;2.721271e-001
6.031534e+002;2.721008e-001
6.036356e+002;2.720884e-001
6.041177e+002;2.720888e-001
6.045999e+002;2.720994e-001
6.050820e+002;2.721150e-001
6.055641e+002;2.721261e-001
6.060463e+002;2.721211e-001
6.065284e+002;2.720903e-001
6.070105e+002;2.720321e-001
6.074927e+002;2.719533e-001
6.079748e+002;2.718676e-001
6.084569e+002;2.717887e-001
6.089391e+002;2.717232e-001
6.094212e+002;2.716677e-001
6.099033e+002;2.716098e-001
6.103855e+002;2.715346e-001
6.108676e+002;2.714331e-001
6.113497e+002;2.713062e-001
6.118319e+002;2.711646e-001
6.123140e+002;2.710221e-001
6.127961e+002;2.708897e-001
6.132783e+002;2.707705e-001
6.137604e+002;2.706597e-001
6.142426e+002;2.705505e-001
6.147247e+002;2.704407e-001
6.152068e+002;2.703350e-001
6.156890e+002;2.702445e-001
6.161711e+002;2.701793e-001
6.166533e+002;2.701416e-001
6.171354e+002;2.701227e-001
6.176176e+002;2.701057e-001
6.180997e+002;2.700722e-001
6.185818e+002;2.700122e-001
6.190640e+002;2.699285e-001
6.195461e+002;2.698344e-001
6.200282e+002;2.697459e-001
6.205104e+002;2.696717e-001
6.209925e+002;2.696085e-001
6.214746e+002;2.695408e-001
6.219568e+002;2.694498e-001
6.224389e+002;2.693239e-001
6.229210e+002;2.691645e-001
6.234032e+002;2.689880e-001
6.238853e+002;2.688165e-001
6.243674e+002;2.686683e-001
6.248496e+002;2.685499e-001
6.253317e+002;2.684533e-001
6.258138e+002;2.683620e-001
6.262960e+002;2.682605e-001
6.267781e+002;2.681410e-001
6.272603e+002;2.680065e-001
6.277424e+002;2.678662e-001
6.282245e+002;2.677285e-001
6.287067e+002;2.675931e-001
6.291888e+002;2.674519e-001
6.296710e+002;2.672924e-001
6.301531e+002;2.671066e-001
6.306353e+002;2.668967e-001
6.311174e+002;2.666773e-001
6.315995e+002;2.664701e-001
6.320817e+002;2.662936e-001
6.325638e+002;2.661573e-001
6.330459e+002;2.660567e-001
6.335281e+002;2.659768e-001
6.340102e+002;2.659000e-001
6.344923e+002;2.658121e-001
6.349745e+002;2.657074e-001
6.354566e+002;2.655868e-001
6.359387e+002;2.654540e-001
6.364209e+002;2.653111e-001
6.369030e+002;2.651570e-001
6.373851e+002;2.649904e-001
6.378673e+002;2.648129e-001
6.383494e+002;2.646330e-001
6.388315e+002;2.644636e-001
6.393137e+002;2.643182e-001
6.397958e+002;2.642027e-001
6.402780e+002;2.641131e-001
6.407601e+002;2.640353e-001
6.412422e+002;2.639502e-001
6.417244e+002;2.638439e-001
6.422065e+002;2.637123e-001
6.426887e+002;2.635624e-001
6.431708e+002;2.634086e-001
6.436530e+002;2.632643e-001
6.441351e+002;2.631345e-001
6.446172e+002;2.630140e-001
6.450994e+002;2.628900e-001
6.455815e+002;2.627482e-001
6.460636e+002;2.625803e-001
6.465458e+002;2.623868e-001
6.470279e+002;2.621745e-001
6.475100e+002;2.619543e-001
6.479922e+002;2.617342e-001
6.484743e+002;2.615184e-001
6.489564e+002;2.613081e-001
6.494386e+002;2.611050e-001
6.499207e+002;2.609138e-001
6.504028e+002;2.607419e-001
6.508850e+002;2.605968e-001
6.513671e+002;2.604817e-001
6.518492e+002;2.603921e-001
6.523314e+002;2.603180e-001
6.528135e+002;2.602455e-001
6.532957e+002;2.601637e-001
6.537778e+002;2.600670e-001
6.542599e+002;2.599563e-001
6.547421e+002;2.598332e-001
6.552242e+002;2.596976e-001
6.557064e+002;2.595441e-001
6.561885e+002;2.593634e-001
6.566707e+002;2.591483e-001
6.571527e+002;2.588999e-001
6.576349e+002;2.586304e-001
6.581171e+002;2.583615e-001
6.585991e+002;2.581171e-001
6.590813e+002;2.579153e-001
6.595635e+002;2.577603e-001
6.600455e+002;2.576427e-001
6.605277e+002;2.575438e-001
6.610099e+002;2.574435e-001
6.614919e+002;2.573285e-001
6.619741e+002;2.571955e-001
6.624563e+002;2.570488e-001
6.629384e+002;2.568957e-001
6.634205e+002;2.567408e-001
6.639027e+002;2.565841e-001
6.643848e+002;2.564204e-001
6.648669e+002;2.562464e-001
6.653491e+002;2.560616e-001
6.658312e+002;2.558704e-001
6.663134e+002;2.556797e-001
6.667955e+002;2.554932e-001
6.672776e+002;2.553093e-001
6.677598e+002;2.551200e-001
6.682419e+002;2.549147e-001
6.687240e+002;2.546860e-001
6.692062e+002;2.544347e-001
6.696884e+002;2.541703e-001
6.701704e+002;2.539065e-001
6.706526e+002;2.536569e-001
6.711348e+002;2.534285e-001
6.716168e+002;2.532204e-001
6.720990e+002;2.530263e-001
6.725812e+002;2.528379e-001
6.730632e+002;2.526509e-001
6.735454e+002;2.524648e-001
6.740276e+002;2.522832e-001
6.745096e+002;2.521080e-001
6.749918e+002;2.519379e-001
6.754740e+002;2.517671e-001
6.759561e+002;2.515870e-001
6.764382e+002;2.513924e-001
6.769204e+002;2.511832e-001
6.774025e+002;2.509652e-001
6.778846e+002;2.507477e-001
6.783668e+002;2.505367e-001
6.788489e+002;2.503339e-001
6.793311e+002;2.501334e-001
6.798132e+002;2.499264e-001
6.802953e+002;2.497053e-001
6.807775e+002;2.494677e-001
6.812596e+002;2.492188e-001
6.817417e+002;2.489673e-001
6.822239e+002;2.487223e-001
6.827061e+002;2.484885e-001
6.831881e+002;2.482646e-001
6.836703e+002;2.480460e-001
6.841525e+002;2.478269e-001
6.846345e+002;2.476058e-001
6.851167e+002;2.473849e-001
6.855989e+002;2.471682e-001
6.860809e+002;2.469580e-001
6.865631e+002;2.467516e-001
6.870453e+002;2.465416e-001
6.875273e+002;2.463184e-001
6.880095e+002;2.460758e-001
6.884917e+002;2.458139e-001
6.889738e+002;2.455409e-001
6.894559e+002;2.452706e-001
6.899381e+002;2.450160e-001
6.904202e+002;2.447855e-001
6.909023e+002;2.445801e-001
6.913845e+002;2.443933e-001
6.918666e+002;2.442156e-001
6.923488e+002;2.440374e-001
6.928309e+002;2.438520e-001
6.933130e+002;2.436551e-001
6.937952e+002;2.434443e-001
6.942773e+002;2.432166e-001
6.947594e+002;2.429694e-001
6.952416e+002;2.427018e-001
6.957238e+002;2.424164e-001
6.962058e+002;2.421205e-001
6.966880e+002;2.418248e-001
6.971702e+002;2.415403e-001
6.976522e+002;2.412734e-001
6.981344e+002;2.410237e-001
6.986166e+002;2.407848e-001
6.990986e+002;2.405464e-001
6.995808e+002;2.403000e-001
7.000630e+002;2.400422e-001
7.005450e+002;2.397750e-001
7.010272e+002;2.395054e-001
7.015094e+002;2.392392e-001
7.019915e+002;2.389801e-001
7.024736e+002;2.387267e-001
7.029558e+002;2.384748e-001
7.034379e+002;2.382206e-001
7.039200e+002;2.379622e-001
7.044022e+002;2.377021e-001
7.048843e+002;2.374431e-001
7.053665e+002;2.371882e-001
7.058486e+002;2.369364e-001
7.063307e+002;2.366843e-001
7.068129e+002;2.364261e-001
7.072950e+002;2.361584e-001
7.077771e+002;2.358809e-001
7.082593e+002;2.355963e-001
7.087415e+002;2.353088e-001
7.092235e+002;2.350208e-001
7.097057e+002;2.347313e-001
7.101879e+002;2.344370e-001
7.106699e+002;2.341350e-001
7.111521e+002;2.338261e-001
7.116343e+002;2.335148e-001
7.121163e+002;2.332098e-001
7.125985e+002;2.329190e-001
7.130807e+002;2.326447e-001
7.135627e+002;2.323827e-001
7.140449e+002;2.321225e-001
7.145271e+002;2.318518e-001
7.150092e+002;2.315631e-001
7.154913e+002;2.312567e-001
7.159735e+002;2.309418e-001
7.164556e+002;2.306316e-001
7.169377e+002;2.303383e-001
7.174199e+002;2.300669e-001
7.179020e+002;2.298129e-001
7.183842e+002;2.295649e-001
7.188663e+002;2.293089e-001
7.193484e+002;2.290345e-001
7.198306e+002;2.287380e-001
7.203127e+002;2.284223e-001
7.207948e+002;2.280951e-001
7.212770e+002;2.277646e-001
7.217592e+002;2.274370e-001
7.222412e+002;2.271151e-001
7.227234e+002;2.268008e-001
7.232056e+002;2.264949e-001
7.236876e+002;2.261989e-001
7.241698e+002;2.259141e-001
7.246520e+002;2.256396e-001
7.251340e+002;2.253710e-001
7.256162e+002;2.251018e-001
7.260984e+002;2.248235e-001
7.265804e+002;2.245305e-001
7.270626e+002;2.242212e-001
7.275448e+002;2.238992e-001
7.280269e+002;2.235711e-001
7.285090e+002;2.232450e-001
7.289912e+002;2.229272e-001
7.294733e+002;2.226205e-001
7.299554e+002;2.223257e-001
7.304376e+002;2.220411e-001
7.309197e+002;2.217645e-001
7.314019e+002;2.214928e-001
7.318840e+002;2.212207e-001
7.323661e+002;2.209409e-001
7.328483e+002;2.206441e-001
7.333304e+002;2.203225e-001
7.338125e+002;2.199726e-001
7.342947e+002;2.195988e-001
7.347769e+002;2.192128e-001
7.352589e+002;2.188322e-001
7.357411e+002;2.184739e-001
7.362233e+002;2.181487e-001
7.367053e+002;2.178582e-001
7.371875e+002;2.175929e-001
7.376697e+002;2.173376e-001
7.381517e+002;2.170760e-001
7.386339e+002;2.167952e-001
7.391161e+002;2.164901e-001
7.395981e+002;2.161613e-001
7.400803e+002;2.158139e-001
7.405625e+002;2.154539e-001
7.410446e+002;2.150870e-001
7.415267e+002;2.147190e-001
7.420089e+002;2.143548e-001
7.424910e+002;2.140015e-001
7.429731e+002;2.136651e-001
7.434553e+002;2.133496e-001
7.439374e+002;2.130541e-001
7.444196e+002;2.127720e-001
7.449017e+002;2.124926e-001
7.453838e+002;2.122038e-001
7.458660e+002;2.118977e-001
7.463481e+002;2.115724e-001
7.468302e+002;2.112330e-001
7.473124e+002;2.108885e-001
7.477945e+002;2.105477e-001
7.482766e+002;2.102163e-001
7.487588e+002;2.098947e-001
7.492409e+002;2.095799e-001
7.497230e+002;2.092675e-001
7.502052e+002;2.089543e-001
7.506873e+002;2.086398e-001
7.511694e+002;2.083246e-001
7.516516e+002;2.080090e-001
7.521337e+002;2.076915e-001
7.526158e+002;2.073693e-001
7.530980e+002;2.070403e-001
7.535801e+002;2.067049e-001
7.540623e+002;2.063673e-001
7.545444e+002;2.060348e-001
7.550266e+002;2.057135e-001
7.555087e+002;2.054058e-001
7.559908e+002;2.051078e-001
7.564730e+002;2.048105e-001
7.569551e+002;2.045027e-001
7.574373e+002;2.041768e-001
7.579194e+002;2.038307e-001
7.584015e+002;2.034696e-001
7.588837e+002;2.031029e-001
7.593658e+002;2.027396e-001
7.598479e+002;2.023847e-001
7.603301e+002;2.020374e-001
7.608122e+002;2.016928e-001
7.612943e+002;2.013455e-001
7.617765e+002;2.009929e-001
7.622586e+002;2.006372e-001
7.627407e+002;2.002842e-001
7.632229e+002;1.999397e-001
7.637050e+002;1.996073e-001
7.641871e+002;1.992862e-001
7.646693e+002;1.989724e-001
7.651514e+002;1.986611e-001
7.656335e+002;1.983499e-001
7.661157e+002;1.980398e-001
7.665978e+002;1.977345e-001
7.670800e+002;1.974377e-001
7.675621e+002;1.971500e-001
7.680443e+002;1.968686e-001
7.685264e+002;1.965869e-001
7.690085e+002;1.962985e-001
7.694907e+002;1.959989e-001
7.699728e+002;1.956875e-001
7.704550e+002;1.953677e-001
7.709371e+002;1.950433e-001
7.714192e+002;1.947183e-001
7.719014e+002;1.943932e-001
7.723835e+002;1.940676e-001
7.728656e+002;1.937409e-001
7.733478e+002;1.934135e-001
7.738299e+002;1.930882e-001
7.743120e+002;1.927685e-001
7.747942e+002;1.924563e-001
7.752763e+002;1.921496e-001
7.757584e+002;1.918429e-001
7.762406e+002;1.915284e-001
7.767227e+002;1.911987e-001
7.772048e+002;1.908503e-001
7.776870e+002;1.904849e-001
7.781691e+002;1.901075e-001
7.786512e+002;1.897248e-001
7.791334e+002;1.893412e-001
7.796155e+002;1.889567e-001
7.800977e+002;1.885680e-001
7.805798e+002;1.881700e-001
7.810620e+002;1.877590e-001
7.815441e+002;1.873343e-001
7.820262e+002;1.868993e-001
7.825084e+002;1.864598e-001
7.829905e+002;1.860211e-001
7.834727e+002;1.855863e-001
7.839548e+002;1.851566e-001
7.844369e+002;1.847298e-001
7.849191e+002;1.843038e-001
7.854012e+002;1.838768e-001
7.858833e+002;1.834480e-001
7.863655e+002;1.830176e-001
7.868476e+002;1.825862e-001
7.873297e+002;1.821547e-001
7.878119e+002;1.817241e-001
7.882940e+002;1.812968e-001
7.887761e+002;1.808752e-001
7.892583e+002;1.804630e-001
7.897404e+002;1.800617e-001
7.902225e+002;1.796715e-001
7.907047e+002;1.792887e-001
7.911868e+002;1.789085e-001
7.916689e+002;1.785251e-001
7.921511e+002;1.781354e-001
7.926332e+002;1.777392e-001
7.931154e+002;1.773394e-001
7.935975e+002;1.769404e-001
7.940797e+002;1.765442e-001
7.945618e+002;1.761503e-001
7.950439e+002;1.757549e-001
7.955261e+002;1.753534e-001
7.960082e+002;1.749432e-001
7.964904e+002;1.745262e-001
7.969725e+002;1.741087e-001
7.974546e+002;1.737000e-001
7.979368e+002;1.733086e-001
7.984189e+002;1.729386e-001
7.989010e+002;1.725889e-001
7.993832e+002;1.722538e-001
7.998653e+002;1.719258e-001
8.003474e+002;1.715987e-001
8.008296e+002;1.712696e-001
8.013117e+002;1.709386e-001
8.017938e+002;1.706076e-001
8.022760e+002;1.702774e-001
8.027581e+002;1.699468e-001
8.032402e+002;1.696130e-001
8.037224e+002;1.692728e-001
8.042045e+002;1.689243e-001
8.046866e+002;1.685692e-001
8.051688e+002;1.682108e-001
8.056509e+002;1.678529e-001
8.061331e+002;1.674980e-001
8.066152e+002;1.671461e-001
8.070974e+002;1.667948e-001
8.075795e+002;1.664414e-001
8.080616e+002;1.660842e-001
8.085438e+002;1.657249e-001
8.090259e+002;1.653666e-001
8.095081e+002;1.650141e-001
8.099902e+002;1.646709e-001
8.104723e+002;1.643380e-001
8.109545e+002;1.640145e-001
8.114366e+002;1.636981e-001
8.119187e+002;1.633863e-001
8.124009e+002;1.630772e-001
8.128830e+002;1.627694e-001
8.133651e+002;1.624619e-001
8.138473e+002;1.621524e-001
8.143294e+002;1.618387e-001
8.148115e+002;1.615184e-001
8.152937e+002;1.611904e-001
8.157758e+002;1.608558e-001
8.162579e+002;1.605176e-001
8.167401e+002;1.601790e-001
8.172222e+002;1.598415e-001
8.177043e+002;1.595040e-001
8.181865e+002;1.591620e-001
8.186686e+002;1.588097e-001
8.191508e+002;1.584423e-001
8.196329e+002;1.580577e-001
8.201151e+002;1.576573e-001
8.205972e+002;1.572459e-001
8.210793e+002;1.568282e-001
8.215615e+002;1.564079e-001
8.220436e+002;1.559857e-001
8.225258e+002;1.555600e-001
8.230079e+002;1.551276e-001
8.234900e+002;1.546867e-001
8.239722e+002;1.542369e-001
8.244543e+002;1.537793e-001
8.249364e+002;1.533163e-001
8.254186e+002;1.528493e-001
8.259007e+002;1.523785e-001
8.263828e+002;1.519037e-001
8.268650e+002;1.514252e-001
8.273471e+002;1.509449e-001
8.278292e+002;1.504678e-001
8.283114e+002;1.499999e-001
8.287935e+002;1.495471e-001
8.292756e+002;1.491128e-001
8.297578e+002;1.486966e-001
8.302399e+002;1.482943e-001
8.307220e+002;1.478990e-001
8.312042e+002;1.475036e-001
8.316863e+002;1.471023e-001
8.321685e+002;1.466922e-001
8.326506e+002;1.462737e-001
8.331328e+002;1.458492e-001
8.336149e+002;1.454225e-001
8.340970e+002;1.449978e-001
8.345792e+002;1.445787e-001
8.350613e+002;1.441680e-001
8.355435e+002;1.437669e-001
8.360256e+002;1.433750e-001
8.365077e+002;1.429895e-001
8.369899e+002;1.426066e-001
8.374720e+002;1.422219e-001
8.379541e+002;1.418314e-001
8.384363e+002;1.414342e-001
8.389184e+002;1.410312e-001
8.394005e+002;1.406259e-001
8.398827e+002;1.402224e-001
8.403648e+002;1.398238e-001
8.408469e+002;1.394305e-001
8.413291e+002;1.390406e-001
8.418112e+002;1.386511e-001
8.422933e+002;1.382591e-001
8.427755e+002;1.378636e-001
8.432576e+002;1.374658e-001
8.437397e+002;1.370690e-001
8.442219e+002;1.366761e-001
8.447040e+002;1.362890e-001
8.451862e+002;1.359073e-001
8.456683e+002;1.355292e-001
8.461505e+002;1.351528e-001
8.466326e+002;1.347771e-001
8.471147e+002;1.344033e-001
8.475969e+002;1.340339e-001
8.480790e+002;1.336720e-001
8.485612e+002;1.333194e-001
8.490433e+002;1.329756e-001
8.495254e+002;1.326379e-001
8.500076e+002;1.323026e-001
8.504897e+002;1.319654e-001
8.509718e+002;1.316239e-001
8.514540e+002;1.312775e-001
8.519361e+002;1.309270e-001
8.524182e+002;1.305742e-001
8.529004e+002;1.302213e-001
8.533825e+002;1.298699e-001
8.538646e+002;1.295218e-001
8.543468e+002;1.291779e-001
8.548289e+002;1.288390e-001
8.553110e+002;1.285045e-001
8.557932e+002;1.281728e-001
8.562753e+002;1.278406e-001
8.567574e+002;1.275040e-001
8.572396e+002;1.271602e-001
8.577217e+002;1.268079e-001
8.582039e+002;1.264496e-001
8.586860e+002;1.260900e-001
8.591682e+002;1.257352e-001
8.596503e+002;1.253908e-001
8.601324e+002;1.250595e-001
8.606146e+002;1.247404e-001
8.610967e+002;1.244301e-001
8.615789e+002;1.241232e-001
8.620610e+002;1.238153e-001
8.625431e+002;1.235035e-001
8.630253e+002;1.231871e-001
8.635074e+002;1.228665e-001
8.639895e+002;1.225424e-001
8.644717e+002;1.222144e-001
8.649538e+002;1.218808e-001
8.654359e+002;1.215401e-001
8.659181e+002;1.211913e-001
8.664002e+002;1.208360e-001
8.668823e+002;1.204770e-001
8.673645e+002;1.201182e-001
8.678466e+002;1.197631e-001
8.683287e+002;1.194132e-001
8.688109e+002;1.190674e-001
8.692930e+002;1.187221e-001
8.697751e+002;1.183727e-001
8.702573e+002;1.180151e-001
8.707394e+002;1.176465e-001
8.712216e+002;1.172664e-001
8.717037e+002;1.168757e-001
8.721859e+002;1.164768e-001
8.726680e+002;1.160725e-001
8.731501e+002;1.156657e-001
8.736323e+002;1.152589e-001
8.741144e+002;1.148537e-001
8.745966e+002;1.144509e-001
8.750787e+002;1.140507e-001
8.755608e+002;1.136514e-001
8.760430e+002;1.132518e-001
8.765251e+002;1.128499e-001
8.770072e+002;1.124457e-001
8.774894e+002;1.120398e-001
8.779715e+002;1.116345e-001
8.784536e+002;1.112327e-001
8.789358e+002;1.108371e-001
8.794179e+002;1.104489e-001
8.799000e+002;1.100681e-001
8.803822e+002;1.096932e-001
8.808643e+002;1.093226e-001
8.813464e+002;1.089551e-001
8.818286e+002;1.085914e-001
8.823107e+002;1.082331e-001
8.827928e+002;1.078820e-001
8.832750e+002;1.075402e-001
8.837571e+002;1.072083e-001
8.842393e+002;1.068856e-001
8.847214e+002;1.065706e-001
8.852036e+002;1.062617e-001
8.856857e+002;1.059570e-001
8.861678e+002;1.056560e-001
8.866500e+002;1.053576e-001
8.871321e+002;1.050611e-001
8.876143e+002;1.047647e-001
8.880964e+002;1.044668e-001
8.885785e+002;1.041656e-001
8.890607e+002;1.038601e-001
8.895428e+002;1.035510e-001
8.900249e+002;1.032398e-001
8.905071e+002;1.029288e-001
8.909892e+002;1.026198e-001
8.914713e+002;1.023136e-001
8.919535e+002;1.020101e-001
8.924356e+002;1.017085e-001
8.929177e+002;1.014081e-001
8.933999e+002;1.011088e-001
8.938820e+002;1.008119e-001
8.943641e+002;1.005189e-001
8.948463e+002;1.002311e-001
8.953284e+002;9.994854e-002
8.958105e+002;9.966981e-002
8.962927e+002;9.939245e-002
8.967748e+002;9.911306e-002
8.972570e+002;9.882960e-002
8.977391e+002;9.854114e-002
8.982213e+002;9.824821e-002
8.987034e+002;9.795302e-002
8.991855e+002;9.765818e-002
8.996677e+002;9.736644e-002
9.001498e+002;9.707995e-002
9.006320e+002;9.680017e-002
9.011141e+002;9.652799e-002
9.015962e+002;9.626358e-002
9.020784e+002;9.600662e-002
9.025605e+002;9.575580e-002
9.030426e+002;9.550895e-002
9.035248e+002;9.526332e-002
9.040069e+002;9.501579e-002
9.044890e+002;9.476380e-002
9.049712e+002;9.450578e-002
9.054533e+002;9.424176e-002
9.059354e+002;9.397353e-002
9.064176e+002;9.370384e-002
9.068997e+002;9.343604e-002
9.073818e+002;9.317337e-002
9.078640e+002;9.291882e-002
9.083461e+002;9.267383e-002
9.088282e+002;9.243942e-002
9.093104e+002;9.221503e-002
9.097925e+002;9.199914e-002
9.102747e+002;9.178904e-002
9.107568e+002;9.158131e-002
9.112390e+002;9.137237e-002
9.117211e+002;9.115963e-002
9.122032e+002;9.094165e-002
9.126853e+002;9.071966e-002
9.131675e+002;9.049637e-002
9.136497e+002;9.027632e-002
9.141317e+002;9.006371e-002
9.146139e+002;8.986192e-002
9.150961e+002;8.967220e-002
9.155781e+002;8.949375e-002
9.160603e+002;8.932380e-002
9.165425e+002;8.915911e-002
9.170245e+002;8.899648e-002
9.175067e+002;8.883374e-002
9.179889e+002;8.866967e-002
9.184709e+002;8.850402e-002
9.189531e+002;8.833648e-002
9.194353e+002;8.816674e-002
9.199174e+002;8.799377e-002
9.203995e+002;8.781611e-002
9.208817e+002;8.763194e-002
9.213638e+002;8.744012e-002
9.218459e+002;8.723941e-002
9.223281e+002;8.702994e-002
9.228102e+002;8.681224e-002
9.232924e+002;8.658766e-002
9.237745e+002;8.635800e-002
9.242566e+002;8.612536e-002
9.247388e+002;8.589128e-002
9.252209e+002;8.565687e-002
9.257030e+002;8.542258e-002
9.261852e+002;8.518823e-002
9.266674e+002;8.495325e-002
9.271494e+002;8.471730e-002
9.276316e+002;8.448094e-002
9.281138e+002;8.424532e-002
9.285958e+002;8.401218e-002
9.290780e+002;8.378379e-002
9.295602e+002;8.356099e-002
9.300422e+002;8.334389e-002
9.305244e+002;8.313075e-002
9.310066e+002;8.291869e-002
9.314886e+002;8.270467e-002
9.319708e+002;8.248664e-002
9.324530e+002;8.226373e-002
9.329351e+002;8.203727e-002
9.334172e+002;8.180931e-002
9.338994e+002;8.158252e-002
9.343815e+002;8.135880e-002
9.348636e+002;8.113895e-002
9.353458e+002;8.092210e-002
9.358279e+002;8.070716e-002
9.363101e+002;8.049277e-002
9.367922e+002;8.027893e-002
9.372743e+002;8.006656e-002
9.377565e+002;7.985762e-002
9.382386e+002;7.965416e-002
9.387207e+002;7.945763e-002
9.392029e+002;7.926808e-002
9.396851e+002;7.908458e-002
9.401671e+002;7.890479e-002
9.406493e+002;7.872654e-002
9.411315e+002;7.854791e-002
9.416135e+002;7.836755e-002
9.420957e+002;7.818530e-002
9.425779e+002;7.800141e-002
9.430599e+002;7.781635e-002
9.435421e+002;7.763059e-002
9.440243e+002;7.744440e-002
9.445063e+002;7.725847e-002
9.449885e+002;7.707335e-002
9.454707e+002;7.689017e-002
9.459528e+002;7.670980e-002
9.464349e+002;7.653338e-002
9.469171e+002;7.636108e-002
9.473992e+002;7.619271e-002
9.478813e+002;7.602751e-002
9.483635e+002;7.586443e-002
9.488456e+002;7.570238e-002
9.493278e+002;7.554101e-002
9.498099e+002;7.538015e-002
9.502920e+002;7.522020e-002
9.507742e+002;7.506157e-002
9.512563e+002;7.490508e-002
9.517384e+002;7.475118e-002
9.522206e+002;7.460088e-002
9.527028e+002;7.445498e-002
9.531848e+002;7.431487e-002
9.536670e+002;7.418179e-002
9.541492e+002;7.405690e-002
9.546312e+002;7.394055e-002
9.551134e+002;7.383216e-002
9.555956e+002;7.373055e-002
9.560776e+002;7.363415e-002
9.565598e+002;7.354200e-002
9.570420e+002;7.345383e-002
9.575240e+002;7.337124e-002
9.580062e+002;7.329682e-002
9.584884e+002;7.323325e-002
9.589705e+002;7.318307e-002
9.594526e+002;7.314712e-002
9.599348e+002;7.312459e-002
9.604169e+002;7.311315e-002
9.608990e+002;7.310967e-002
9.613812e+002;7.311116e-002
9.618633e+002;7.311572e-002
9.623455e+002;7.312223e-002
9.628276e+002;7.313073e-002
9.633097e+002;7.314062e-002
9.637919e+002;7.315112e-002
9.642740e+002;7.315958e-002
9.647561e+002;7.316247e-002
9.652383e+002;7.315534e-002
9.657205e+002;7.313418e-002
9.662025e+002;7.309592e-002
9.666847e+002;7.303913e-002
9.671669e+002;7.296402e-002
9.676489e+002;7.287185e-002
9.681311e+002;7.276504e-002
9.686133e+002;7.264662e-002
9.690953e+002;7.252003e-002
9.695775e+002;7.238967e-002
9.700597e+002;7.226030e-002
9.705417e+002;7.213721e-002
9.710239e+002;7.202535e-002
9.715061e+002;7.192864e-002
9.719882e+002;7.184890e-002
9.724703e+002;7.178631e-002
9.729525e+002;7.173910e-002
9.734346e+002;7.170504e-002
9.739167e+002;7.168183e-002
9.743989e+002;7.166862e-002
9.748810e+002;7.166575e-002
9.753632e+002;7.167483e-002
9.758453e+002;7.169711e-002
9.763274e+002;7.173297e-002
9.768096e+002;7.178069e-002
9.772917e+002;7.183660e-002
9.777738e+002;7.189512e-002
9.782560e+002;7.195017e-002
9.787382e+002;7.199590e-002
9.792202e+002;7.202774e-002
9.797024e+002;7.204256e-002
9.801846e+002;7.203889e-002
9.806666e+002;7.201658e-002
9.811488e+002;7.197665e-002
9.816310e+002;7.192036e-002
9.821130e+002;7.184990e-002
9.825952e+002;7.176799e-002
9.830774e+002;7.167802e-002
9.835594e+002;7.158340e-002
9.840416e+002;7.148808e-002
9.845238e+002;7.139589e-002
9.850059e+002;7.130978e-002
9.854880e+002;7.123246e-002
9.859702e+002;7.116542e-002
9.864523e+002;7.110939e-002
9.869344e+002;7.106466e-002
9.874166e+002;7.103024e-002
9.878987e+002;7.100517e-002
9.883809e+002;7.098778e-002
9.888630e+002;7.097641e-002
9.893451e+002;7.096936e-002
9.898273e+002;7.096551e-002
9.903094e+002;7.096370e-002
9.907915e+002;7.096295e-002
9.912737e+002;7.096266e-002
9.917559e+002;7.096220e-002
9.922379e+002;7.096051e-002
9.927201e+002;7.095713e-002
9.932023e+002;7.095123e-002
9.936843e+002;7.094274e-002
9.941665e+002;7.093221e-002
9.946487e+002;7.092045e-002
9.951307e+002;7.090870e-002
9.956129e+002;7.089826e-002
9.960951e+002;7.089031e-002
9.965771e+002;7.088567e-002
9.970593e+002;7.088467e-002
9.975415e+002;7.088707e-002
9.980236e+002;7.089204e-002
9.985057e+002;7.089851e-002
9.989879e+002;7.090436e-002
9.994700e+002;7.090739e-002
9.999521e+002;7.090465e-002
1.000434e+003;7.089373e-002
1.000916e+003;7.087255e-002
1.001399e+003;7.083993e-002
1.001881e+003;7.079644e-002
1.002363e+003;7.074331e-002
1.002845e+003;7.068301e-002
1.003327e+003;7.061844e-002
1.003809e+003;7.055236e-002
1.004291e+003;7.048679e-002
1.004774e+003;7.042319e-002
1.005256e+003;7.036282e-002
1.005738e+003;7.030626e-002
1.006220e+003;7.025491e-002
1.006702e+003;7.020997e-002
1.007184e+003;7.017347e-002
1.007666e+003;7.014762e-002
1.008148e+003;7.013441e-002
1.008631e+003;7.013507e-002
1.009113e+003;7.015027e-002
1.009595e+003;7.017867e-002
1.010077e+003;7.021857e-002
1.010559e+003;7.026661e-002
1.011041e+003;7.031932e-002
1.011523e+003;7.037320e-002
1.012006e+003;7.042520e-002
1.012488e+003;7.047333e-002
1.012970e+003;7.051650e-002
1.013452e+003;7.055437e-002
1.013934e+003;7.058685e-002
1.014416e+003;7.061360e-002
1.014898e+003;7.063433e-002
1.015380e+003;7.064769e-002
1.015863e+003;7.065275e-002
1.016345e+003;7.064800e-002
1.016827e+003;7.063331e-002
1.017309e+003;7.060868e-002
1.017791e+003;7.057516e-002
1.018273e+003;7.053410e-002
1.018755e+003;7.048747e-002
1.019238e+003;7.043734e-002
1.019720e+003;7.038591e-002
1.020202e+003;7.033575e-002
1.020684e+003;7.029016e-002
1.021166e+003;7.025251e-002
1.021648e+003;7.022671e-002
1.022130e+003;7.021625e-002
1.022613e+003;7.022409e-002
1.023095e+003;7.025215e-002
1.023577e+003;7.030140e-002
1.024059e+003;7.037128e-002
1.024541e+003;7.046091e-002
1.025023e+003;7.056879e-002
1.025505e+003;7.069291e-002
1.025988e+003;7.083098e-002
1.026470e+003;7.098016e-002
1.026952e+003;7.113664e-002
1.027434e+003;7.129651e-002
1.027916e+003;7.145569e-002
1.028398e+003;7.161036e-002
1.028880e+003;7.175816e-002
1.029363e+003;7.189830e-002
1.029845e+003;7.203130e-002
1.030327e+003;7.215954e-002
1.030809e+003;7.228567e-002
1.031291e+003;7.241250e-002
1.031773e+003;7.254148e-002
1.032255e+003;7.267326e-002
1.032737e+003;7.280645e-002
1.033220e+003;7.293859e-002
1.033702e+003;7.306632e-002
1.034184e+003;7.318638e-002
1.034666e+003;7.329588e-002
1.035148e+003;7.339375e-002
1.035630e+003;7.347979e-002
1.036112e+003;7.355550e-002
1.036595e+003;7.362339e-002
1.037077e+003;7.368606e-002
1.037559e+003;7.374670e-002
1.038041e+003;7.380773e-002
1.038523e+003;7.387118e-002
1.039005e+003;7.393917e-002
1.039487e+003;7.401323e-002
1.039969e+003;7.409529e-002
1.040452e+003;7.418682e-002
1.040934e+003;7.428960e-002
1.041416e+003;7.440414e-002
1.041898e+003;7.453100e-002
1.042380e+003;7.466957e-002
1.042862e+003;7.481902e-002
1.043344e+003;7.497851e-002
1.043827e+003;7.514707e-002
1.044309e+003;7.532427e-002
1.044791e+003;7.550985e-002
1.045273e+003;7.570390e-002
1.045755e+003;7.590707e-002
1.046237e+003;7.611968e-002
1.046719e+003;7.634286e-002
1.047202e+003;7.657766e-002
1.047684e+003;7.682516e-002
1.048166e+003;7.708614e-002
1.048648e+003;7.736064e-002
1.049130e+003;7.764787e-002
1.049612e+003;7.794613e-002
1.050094e+003;7.825331e-002
1.050577e+003;7.856729e-002
1.051059e+003;7.888678e-002
1.051541e+003;7.921164e-002
1.052023e+003;7.954224e-002
1.052505e+003;7.988006e-002
1.052987e+003;8.022582e-002
1.053469e+003;8.057976e-002
1.053952e+003;8.094037e-002
1.054434e+003;8.130527e-002
1.054916e+003;8.167106e-002
1.055398e+003;8.203366e-002
1.055880e+003;8.238893e-002
1.056362e+003;8.273302e-002
1.056844e+003;8.306210e-002
1.057326e+003;8.337333e-002
1.057809e+003;8.366454e-002
1.058291e+003;8.393466e-002
1.058773e+003;8.418343e-002
1.059255e+003;8.441138e-002
1.059737e+003;8.461829e-002
1.060219e+003;8.480348e-002
1.060701e+003;8.496354e-002
1.061184e+003;8.509459e-002
1.061666e+003;8.519164e-002
1.062148e+003;8.525053e-002
1.062630e+003;8.526893e-002
1.063112e+003;8.524788e-002
1.063594e+003;8.519059e-002
1.064076e+003;8.510216e-002
1.064558e+003;8.498763e-002
1.065041e+003;8.485072e-002
1.065523e+003;8.469256e-002
1.066005e+003;8.451193e-002
1.066487e+003;8.430555e-002
1.066969e+003;8.406968e-002
1.067451e+003;8.380133e-002
1.067933e+003;8.349928e-002
1.068416e+003;8.316451e-002
1.068898e+003;8.280063e-002
1.069380e+003;8.241341e-002
1.069862e+003;8.201025e-002
1.070344e+003;8.159932e-002
1.070826e+003;8.118916e-002
1.071308e+003;8.078694e-002
1.071791e+003;8.039916e-002
1.072273e+003;8.002962e-002
1.072755e+003;7.968099e-002
1.073237e+003;7.935473e-002
1.073719e+003;7.905220e-002
1.074201e+003;7.877477e-002
1.074683e+003;7.852501e-002
1.075166e+003;7.830554e-002
1.075648e+003;7.811939e-002
1.076130e+003;7.796825e-002
1.076612e+003;7.785246e-002
1.077094e+003;7.777043e-002
1.077576e+003;7.771935e-002
1.078058e+003;7.769533e-002
1.078541e+003;7.769449e-002
1.079023e+003;7.771321e-002
1.079505e+003;7.774816e-002
1.079987e+003;7.779631e-002
1.080469e+003;7.785399e-002
1.080951e+003;7.791722e-002
1.081433e+003;7.798114e-002
1.081915e+003;7.804003e-002
1.082398e+003;7.808817e-002
1.082880e+003;7.811920e-002
1.083362e+003;7.812685e-002
1.083844e+003;7.810485e-002
1.084326e+003;7.804779e-002
1.084808e+003;7.795145e-002
1.085290e+003;7.781447e-002
1.085773e+003;7.763719e-002
1.086255e+003;7.742368e-002
1.086737e+003;7.717867e-002
1.087219e+003;7.690831e-002
1.087701e+003;7.661770e-002
1.088183e+003;7.631074e-002
1.088665e+003;7.599025e-002
1.089147e+003;7.565915e-002
1.089630e+003;7.532102e-002
1.090112e+003;7.498103e-002
1.090594e+003;7.464597e-002
1.091076e+003;7.432283e-002
1.091558e+003;7.401756e-002
1.092040e+003;7.373432e-002
1.092522e+003;7.347398e-002
1.093005e+003;7.323643e-002
1.093487e+003;7.302065e-002
1.093969e+003;7.282686e-002
1.094451e+003;7.265716e-002
1.094933e+003;7.251541e-002
1.095415e+003;7.240567e-002
1.095897e+003;7.233050e-002
1.096380e+003;7.229033e-002
1.096862e+003;7.228301e-002
1.097344e+003;7.230344e-002
1.097826e+003;7.234701e-002
1.098308e+003;7.240887e-002
1.098790e+003;7.248591e-002
1.099272e+003;7.257580e-002
1.099755e+003;7.267603e-002
1.100237e+003;7.278346e-002
1.100719e+003;7.289387e-002
1.101201e+003;7.300185e-002
1.101683e+003;7.310231e-002
1.102165e+003;7.319111e-002
1.102647e+003;7.326546e-002
1.103130e+003;7.332367e-002
1.103612e+003;7.336420e-002
1.104094e+003;7.338465e-002
1.104576e+003;7.338212e-002
1.105058e+003;7.335288e-002
1.105540e+003;7.329474e-002
1.106022e+003;7.320746e-002
1.106504e+003;7.309387e-002
1.106987e+003;7.295864e-002
1.107469e+003;7.280827e-002
1.107951e+003;7.264748e-002
1.108433e+003;7.248025e-002
1.108915e+003;7.230717e-002
1.109397e+003;7.212824e-002
1.109879e+003;7.194231e-002
1.110362e+003;7.175016e-002
1.110844e+003;7.155358e-002
1.111326e+003;7.135601e-002
1.111808e+003;7.116099e-002
1.112290e+003;7.097121e-002
1.112772e+003;7.078798e-002
1.113254e+003;7.061093e-002
1.113736e+003;7.043905e-002
1.114219e+003;7.027160e-002
1.114701e+003;7.010904e-002
1.115183e+003;6.995291e-002
1.115665e+003;6.980520e-002
1.116147e+003;6.966838e-002
1.116629e+003;6.954379e-002
1.117111e+003;6.943199e-002
1.117594e+003;6.933277e-002
1.118076e+003;6.924569e-002
1.118558e+003;6.917063e-002
1.119040e+003;6.910742e-002
1.119522e+003;6.905619e-002
1.120004e+003;6.901684e-002
1.120486e+003;6.898823e-002
1.120969e+003;6.896909e-002
1.121451e+003;6.895726e-002
1.121933e+003;6.895097e-002
1.122415e+003;6.894853e-002
1.122897e+003;6.894881e-002
1.123379e+003;6.895103e-002
1.123861e+003;6.895479e-002
1.124344e+003;6.895980e-002
1.124826e+003;6.896628e-002
1.125308e+003;6.897530e-002
1.125790e+003;6.898860e-002
1.126272e+003;6.900833e-002
1.126754e+003;6.903650e-002
1.127236e+003;6.907405e-002
1.127719e+003;6.912020e-002
1.128201e+003;6.917209e-002
1.128683e+003;6.922589e-002
1.129165e+003;6.927703e-002
1.129647e+003;6.932198e-002
1.130129e+003;6.935921e-002
1.130611e+003;6.938948e-002
1.131093e+003;6.941514e-002
1.131576e+003;6.943961e-002
1.132058e+003;6.946581e-002
1.132540e+003;6.949613e-002
1.133022e+003;6.953143e-002
1.133504e+003;6.957170e-002
1.133986e+003;6.961600e-002
1.134468e+003;6.966386e-002
1.134951e+003;6.971455e-002
1.135433e+003;6.976733e-002
1.135915e+003;6.982075e-002
1.136397e+003;6.987330e-002
1.136879e+003;6.992204e-002
1.137361e+003;6.996464e-002
1.137843e+003;6.999842e-002
1.138325e+003;7.002226e-002
1.138808e+003;7.003640e-002
1.139290e+003;7.004283e-002
1.139772e+003;7.004476e-002
1.140254e+003;7.004608e-002
1.140736e+003;7.004995e-002
1.141218e+003;7.005876e-002
1.141700e+003;7.007267e-002
1.142183e+003;7.009115e-002
1.142665e+003;7.011144e-002
1.143147e+003;7.013079e-002
1.143629e+003;7.014605e-002
1.144111e+003;7.015575e-002
1.144593e+003;7.015899e-002
1.145075e+003;7.015599e-002
1.145557e+003;7.014760e-002
1.146040e+003;7.013470e-002
1.146522e+003;7.011807e-002
1.147004e+003;7.009851e-002
1.147486e+003;7.007638e-002
1.147968e+003;7.005294e-002
1.148450e+003;7.002971e-002
1.148932e+003;7.000915e-002
1.149415e+003;6.999312e-002
1.149897e+003;6.998324e-002
1.150379e+003;6.998007e-002
1.150861e+003;6.998277e-002
1.151343e+003;6.998931e-002
1.151825e+003;6.999750e-002
1.152307e+003;7.000555e-002
1.152790e+003;7.001299e-002
1.153272e+003;7.002014e-002
1.153754e+003;7.002870e-002
1.154236e+003;7.003997e-002
1.154718e+003;7.005583e-002
1.155200e+003;7.007600e-002
1.155682e+003;7.009978e-002
1.156165e+003;7.012520e-002
1.156647e+003;7.014968e-002
1.157129e+003;7.017025e-002
1.157611e+003;7.018425e-002
1.158093e+003;7.018937e-002
1.158575e+003;7.018397e-002
1.159057e+003;7.016721e-002
1.159540e+003;7.013966e-002
1.160022e+003;7.010259e-002
1.160504e+003;7.005814e-002
1.160986e+003;7.000846e-002
1.161468e+003;6.995551e-002
1.161950e+003;6.990021e-002
1.162432e+003;6.984252e-002
1.162914e+003;6.978163e-002
1.163397e+003;6.971682e-002
1.163879e+003;6.964800e-002
1.164361e+003;6.957646e-002
1.164843e+003;6.950390e-002
1.165325e+003;6.943293e-002
1.165807e+003;6.936560e-002
1.166289e+003;6.930273e-002
1.166772e+003;6.924393e-002
1.167254e+003;6.918804e-002
1.167736e+003;6.913333e-002
1.168218e+003;6.907876e-002
1.168700e+003;6.902403e-002
1.169182e+003;6.896973e-002
1.169664e+003;6.891682e-002
1.170146e+003;6.886623e-002
1.170629e+003;6.881826e-002
1.171111e+003;6.877329e-002
1.171593e+003;6.873121e-002
1.172075e+003;6.869288e-002
1.172557e+003;6.865937e-002
1.173039e+003;6.863281e-002
1.173521e+003;6.861439e-002
1.174004e+003;6.860503e-002
1.174486e+003;6.860356e-002
1.174968e+003;6.860846e-002
1.175450e+003;6.861689e-002
1.175932e+003;6.862654e-002
1.176414e+003;6.863640e-002
1.176896e+003;6.864672e-002
1.177379e+003;6.865916e-002
1.177861e+003;6.867588e-002
1.178343e+003;6.869818e-002
1.178825e+003;6.872678e-002
1.179307e+003;6.876070e-002
1.179789e+003;6.879807e-002
1.180271e+003;6.883615e-002
1.180754e+003;6.887304e-002
1.181236e+003;6.890696e-002
1.181718e+003;6.893730e-002
1.182200e+003;6.896392e-002
1.182682e+003;6.898711e-002
1.183164e+003;6.900692e-002
1.183646e+003;6.902380e-002
1.184129e+003;6.903718e-002
1.184611e+003;6.904721e-002
1.185093e+003;6.905314e-002
1.185575e+003;6.905459e-002
1.186057e+003;6.905081e-002
1.186539e+003;6.904123e-002
1.187021e+003;6.902592e-002
1.187503e+003;6.900505e-002
1.187986e+003;6.897943e-002
1.188468e+003;6.895095e-002
1.188950e+003;6.892159e-002
1.189432e+003;6.889380e-002
1.189914e+003;6.886910e-002
1.190396e+003;6.884915e-002
1.190878e+003;6.883393e-002
1.191361e+003;6.882304e-002
1.191843e+003;6.881507e-002
1.192325e+003;6.880869e-002
1.192807e+003;6.880205e-002
1.193289e+003;6.879377e-002
1.193771e+003;6.878245e-002
1.194253e+003;6.876746e-002
1.194735e+003;6.874806e-002
1.195218e+003;6.872472e-002
1.195700e+003;6.869739e-002
1.196182e+003;6.866702e-002
1.196664e+003;6.863441e-002
1.197146e+003;6.860038e-002
1.197628e+003;6.856590e-002
1.198110e+003;6.853216e-002
1.198593e+003;6.849960e-002
1.199075e+003;6.846968e-002
1.199557e+003;6.844264e-002
1.200039e+003;6.841891e-002
1.200521e+003;6.839804e-002
1.201003e+003;6.837930e-002
1.201485e+003;6.836139e-002
1.201968e+003;6.834293e-002
1.202450e+003;6.832279e-002
1.202932e+003;6.830109e-002
1.203414e+003;6.827830e-002
1.203896e+003;6.825583e-002
1.204378e+003;6.823607e-002
1.204860e+003;6.822090e-002
1.205343e+003;6.821217e-002
1.205825e+003;6.821127e-002
1.206307e+003;6.821850e-002
1.206789e+003;6.823403e-002
1.207271e+003;6.825705e-002
1.207753e+003;6.828658e-002
1.208235e+003;6.832151e-002
1.208718e+003;6.836054e-002
1.209200e+003;6.840233e-002
1.209682e+003;6.844603e-002
1.210164e+003;6.849068e-002
1.210646e+003;6.853610e-002
1.211128e+003;6.858201e-002
1.211610e+003;6.862834e-002
1.212092e+003;6.867457e-002
1.212575e+003;6.872055e-002
1.213057e+003;6.876507e-002
1.213539e+003;6.880807e-002
1.214021e+003;6.884898e-002
1.214503e+003;6.888834e-002
1.214985e+003;6.892674e-002
1.215467e+003;6.896514e-002
1.215950e+003;6.900436e-002
1.216432e+003;6.904486e-002
1.216914e+003;6.908692e-002
1.217396e+003;6.913035e-002
1.217878e+003;6.917533e-002
1.218360e+003;6.922228e-002
1.218842e+003;6.927153e-002
1.219324e+003;6.932347e-002
1.219807e+003;6.937806e-002
1.220289e+003;6.943370e-002
1.220771e+003;6.948849e-002
1.221253e+003;6.953999e-002
1.221735e+003;6.958635e-002
1.222217e+003;6.962663e-002
1.222699e+003;6.966167e-002
1.223182e+003;6.969410e-002
1.223664e+003;6.972674e-002
1.224146e+003;6.976305e-002
1.224628e+003;6.980494e-002
1.225110e+003;6.985373e-002
1.225592e+003;6.990845e-002
1.226074e+003;6.996782e-002
1.226557e+003;7.003020e-002
1.227039e+003;7.009412e-002
1.227521e+003;7.015938e-002
1.228003e+003;7.022625e-002
1.228485e+003;7.029482e-002
1.228967e+003;7.036538e-002
1.229449e+003;7.043728e-002
1.229932e+003;7.050965e-002
1.230414e+003;7.058142e-002
1.230896e+003;7.065201e-002
1.231378e+003;7.072084e-002
1.231860e+003;7.078925e-002
1.232342e+003;7.085822e-002
1.232824e+003;7.092944e-002
1.233307e+003;7.100389e-002
1.233789e+003;7.108172e-002
1.234271e+003;7.116176e-002
1.234753e+003;7.124235e-002
1.235235e+003;7.132097e-002
1.235717e+003;7.139597e-002
1.236199e+003;7.146616e-002
1.236681e+003;7.153200e-002
1.237164e+003;7.159507e-002
1.237646e+003;7.165769e-002
1.238128e+003;7.172164e-002
1.238610e+003;7.178855e-002
1.239092e+003;7.185783e-002
1.239574e+003;7.192831e-002
1.240056e+003;7.199791e-002
1.240539e+003;7.206452e-002
1.241021e+003;7.212726e-002
1.241503e+003;7.218685e-002
1.241985e+003;7.224452e-002
1.242467e+003;7.230240e-002
1.242949e+003;7.236211e-002
1.243431e+003;7.242420e-002
1.243913e+003;7.248748e-002
1.244396e+003;7.255042e-002
1.244878e+003;7.261100e-002
1.245360e+003;7.266795e-002
1.245842e+003;7.272124e-002
1.246324e+003;7.277197e-002
1.246806e+003;7.282194e-002
1.247288e+003;7.287304e-002
1.247771e+003;7.292548e-002
1.248253e+003;7.297902e-002
1.248735e+003;7.303201e-002
1.249217e+003;7.308304e-002
1.249699e+003;7.313053e-002
1.250181e+003;7.317400e-002
1.250663e+003;7.321447e-002
1.251146e+003;7.325336e-002
1.251628e+003;7.329264e-002
1.252110e+003;7.333394e-002
1.252592e+003;7.337755e-002
1.253074e+003;7.342395e-002
1.253556e+003;7.347192e-002
1.254038e+003;7.352050e-002
1.254521e+003;7.356812e-002
1.255003e+003;7.361382e-002
1.255485e+003;7.365658e-002
1.255967e+003;7.369566e-002
1.256449e+003;7.373126e-002
1.256931e+003;7.376342e-002
1.257413e+003;7.379318e-002
1.257896e+003;7.382214e-002
1.258378e+003;7.385153e-002
1.258860e+003;7.388370e-002
1.259342e+003;7.391915e-002
1.259824e+003;7.395889e-002
1.260306e+003;7.400192e-002
1.260788e+003;7.404725e-002
1.261270e+003;7.409313e-002
1.261753e+003;7.413771e-002
1.262235e+003;7.417960e-002
1.262717e+003;7.421793e-002
1.263199e+003;7.425170e-002
1.263681e+003;7.428032e-002
1.264163e+003;7.430265e-002
1.264645e+003;7.431792e-002
1.265128e+003;7.432421e-002
1.265610e+003;7.432066e-002
1.266092e+003;7.430705e-002
1.266574e+003;7.428395e-002
1.267056e+003;7.425308e-002
1.267538e+003;7.421740e-002
1.268020e+003;7.417974e-002
1.268502e+003;7.414301e-002
1.268985e+003;7.410906e-002
1.269467e+003;7.407860e-002
1.269949e+003;7.405138e-002
1.270431e+003;7.402647e-002
1.270913e+003;7.400176e-002
1.271395e+003;7.397705e-002
1.271877e+003;7.395186e-002
1.272360e+003;7.392731e-002
1.272842e+003;7.390500e-002
1.273324e+003;7.388615e-002
1.273806e+003;7.387199e-002
1.274288e+003;7.386287e-002
1.274770e+003;7.385772e-002
1.275252e+003;7.385514e-002
1.275734e+003;7.385349e-002
1.276217e+003;7.385097e-002
1.276699e+003;7.384664e-002
1.277181e+003;7.384063e-002
1.277663e+003;7.383393e-002
1.278145e+003;7.382774e-002
1.278627e+003;7.382361e-002
1.279109e+003;7.382325e-002
1.279592e+003;7.382723e-002
1.280074e+003;7.383604e-002
1.280556e+003;7.384955e-002
1.281038e+003;7.386690e-002
1.281520e+003;7.388704e-002
1.282002e+003;7.390878e-002
1.282484e+003;7.393103e-002
1.282967e+003;7.395334e-002
1.283449e+003;7.397521e-002
1.283931e+003;7.399673e-002
1.284413e+003;7.401855e-002
1.284895e+003;7.404121e-002
1.285377e+003;7.406497e-002
1.285859e+003;7.409003e-002
1.286342e+003;7.411566e-002
1.286824e+003;7.414126e-002
1.287306e+003;7.416599e-002
1.287788e+003;7.418878e-002
1.288270e+003;7.420908e-002
1.288752e+003;7.422653e-002
1.289234e+003;7.424162e-002
1.289716e+003;7.425522e-002
1.290199e+003;7.426850e-002
1.290681e+003;7.428300e-002
1.291163e+003;7.430074e-002
1.291645e+003;7.432291e-002
1.292127e+003;7.435023e-002
1.292609e+003;7.438305e-002
1.293091e+003;7.442008e-002
1.293574e+003;7.445969e-002
1.294056e+003;7.449961e-002
1.294538e+003;7.453805e-002
1.295020e+003;7.457338e-002
1.295502e+003;7.460509e-002
1.295984e+003;7.463331e-002
1.296466e+003;7.465911e-002
1.296948e+003;7.468344e-002
1.297431e+003;7.470825e-002
1.297913e+003;7.473426e-002
1.298395e+003;7.476290e-002
1.298877e+003;7.479507e-002
1.299359e+003;7.483131e-002
1.299841e+003;7.487195e-002
1.300323e+003;7.491650e-002
1.300806e+003;7.496405e-002
1.301288e+003;7.501306e-002
1.301770e+003;7.506151e-002
1.302252e+003;7.510791e-002
1.302734e+003;7.515126e-002
1.303216e+003;7.519150e-002
1.303698e+003;7.522918e-002
1.304181e+003;7.526570e-002
1.304663e+003;7.530249e-002
1.305145e+003;7.534076e-002
1.305627e+003;7.538104e-002
1.306109e+003;7.542370e-002
1.306591e+003;7.546870e-002
1.307073e+003;7.551572e-002
1.307556e+003;7.556434e-002
1.308038e+003;7.561398e-002
1.308520e+003;7.566394e-002
1.309002e+003;7.571343e-002
1.309484e+003;7.576129e-002
1.309966e+003;7.580699e-002
1.310448e+003;7.585041e-002
1.310931e+003;7.589188e-002
1.311413e+003;7.593238e-002
1.311895e+003;7.597332e-002
1.312377e+003;7.601566e-002
1.312859e+003;7.605983e-002
1.313341e+003;7.610563e-002
1.313823e+003;7.615240e-002
1.314305e+003;7.619937e-002
1.314788e+003;7.624630e-002
1.315270e+003;7.629343e-002
1.315752e+003;7.634148e-002
1.316234e+003;7.639156e-002
1.316716e+003;7.644485e-002
1.317198e+003;7.650127e-002
1.317680e+003;7.656056e-002
1.318163e+003;7.662153e-002
1.318645e+003;7.668316e-002
1.319127e+003;7.674409e-002
1.319609e+003;7.680324e-002
1.320091e+003;7.685996e-002
1.320573e+003;7.691424e-002
1.321055e+003;7.696581e-002
1.321537e+003;7.701478e-002
1.322020e+003;7.706080e-002
1.322502e+003;7.710461e-002
1.322984e+003;7.714659e-002
1.323466e+003;7.718805e-002
1.323948e+003;7.723027e-002
1.324430e+003;7.727516e-002
1.324912e+003;7.732398e-002
1.325395e+003;7.737822e-002
1.325877e+003;7.743780e-002
1.326359e+003;7.750210e-002
1.326841e+003;7.756937e-002
1.327323e+003;7.763745e-002
1.327805e+003;7.770420e-002
1.328287e+003;7.776794e-002
1.328770e+003;7.782805e-002
1.329252e+003;7.788536e-002
1.329734e+003;7.794144e-002
1.330216e+003;7.799886e-002
1.330698e+003;7.805924e-002
1.331180e+003;7.812391e-002
1.331662e+003;7.819227e-002
1.332145e+003;7.826313e-002
1.332627e+003;7.833397e-002
1.333109e+003;7.840344e-002
1.333591e+003;7.847008e-002
1.334073e+003;7.853480e-002
1.334555e+003;7.859852e-002
1.335037e+003;7.866324e-002
1.335520e+003;7.873002e-002
1.336002e+003;7.879934e-002
1.336484e+003;7.887036e-002
1.336966e+003;7.894158e-002
1.337448e+003;7.901102e-002
1.337930e+003;7.907736e-002
1.338412e+003;7.913969e-002
1.338894e+003;7.919886e-002
1.339377e+003;7.925519e-002
1.339859e+003;7.931034e-002
1.340341e+003;7.936482e-002
1.340823e+003;7.941899e-002
1.341305e+003;7.947271e-002
1.341787e+003;7.952531e-002
1.342269e+003;7.957564e-002
1.342752e+003;7.962276e-002
1.343234e+003;7.966594e-002
1.343716e+003;7.970496e-002
1.344198e+003;7.973974e-002
1.344680e+003;7.977074e-002
1.345162e+003;7.979840e-002
1.345644e+003;7.982309e-002
1.346126e+003;7.984431e-002
1.346609e+003;7.986125e-002
1.347091e+003;7.987215e-002
1.347573e+003;7.987569e-002
1.348055e+003;7.987111e-002
1.348537e+003;7.985922e-002
1.349019e+003;7.984213e-002
1.349501e+003;7.982356e-002
1.349984e+003;7.980781e-002
1.350466e+003;7.979801e-002
1.350948e+003;7.979608e-002
1.351430e+003;7.980154e-002
1.351912e+003;7.981203e-002
1.352394e+003;7.982433e-002
1.352876e+003;7.983483e-002
1.353359e+003;7.984107e-002
1.353841e+003;7.984219e-002
1.354323e+003;7.983833e-002
1.354805e+003;7.983036e-002
1.355287e+003;7.981948e-002
1.355769e+003;7.980636e-002
1.356251e+003;7.979152e-002
1.356734e+003;7.977550e-002
1.357216e+003;7.975891e-002
1.357698e+003;7.974274e-002
1.358180e+003;7.972892e-002
1.358662e+003;7.971893e-002
1.359144e+003;7.971422e-002
1.359626e+003;7.971597e-002
1.360109e+003;7.972477e-002
1.360591e+003;7.974102e-002
1.361073e+003;7.976474e-002
1.361555e+003;7.979588e-002
1.362037e+003;7.983386e-002
1.362519e+003;7.987668e-002
1.363001e+003;7.992215e-002
1.363483e+003;7.996660e-002
1.363966e+003;8.000715e-002
1.364448e+003;8.004102e-002
1.364930e+003;8.006763e-002
1.365412e+003;8.008812e-002
1.365894e+003;8.010498e-002
1.366376e+003;8.012149e-002
1.366858e+003;8.014076e-002
1.367341e+003;8.016482e-002
1.367823e+003;8.019433e-002
1.368305e+003;8.022852e-002
1.368787e+003;8.026568e-002
1.369269e+003;8.030370e-002
1.369751e+003;8.034029e-002
1.370233e+003;8.037392e-002
1.370715e+003;8.040364e-002
1.371198e+003;8.042935e-002
1.371680e+003;8.045205e-002
1.372162e+003;8.047345e-002
1.372644e+003;8.049638e-002
1.373126e+003;8.052267e-002
1.373608e+003;8.055402e-002
1.374090e+003;8.059030e-002
1.374573e+003;8.063032e-002
1.375055e+003;8.067112e-002
1.375537e+003;8.071040e-002
1.376019e+003;8.074575e-002
1.376501e+003;8.077674e-002
1.376983e+003;8.080380e-002
1.377465e+003;8.082880e-002
1.377948e+003;8.085317e-002
1.378430e+003;8.087801e-002
1.378912e+003;8.090306e-002
1.379394e+003;8.092748e-002
1.379876e+003;8.095010e-002
1.380358e+003;8.097029e-002
1.380840e+003;8.098838e-002
1.381323e+003;8.100515e-002
1.381805e+003;8.102132e-002
1.382287e+003;8.103731e-002
1.382769e+003;8.105265e-002
1.383251e+003;8.106719e-002
1.383733e+003;8.108123e-002
1.384215e+003;8.109621e-002
1.384698e+003;8.111469e-002
1.385180e+003;8.114106e-002
1.385662e+003;8.117821e-002
1.386144e+003;8.122833e-002
1.386626e+003;8.129103e-002
1.387108e+003;8.136285e-002
1.387590e+003;8.143881e-002
1.388072e+003;8.151449e-002
1.388555e+003;8.158547e-002
1.389037e+003;8.164984e-002
1.389519e+003;8.170702e-002
1.390001e+003;8.175831e-002
1.390483e+003;8.180497e-002
1.390965e+003;8.184918e-002
1.391447e+003;8.189259e-002
1.391930e+003;8.193793e-002
1.392412e+003;8.198763e-002
1.392894e+003;8.204458e-002
1.393376e+003;8.211046e-002
1.393858e+003;8.218530e-002
1.394340e+003;8.226710e-002
1.394822e+003;8.235223e-002
1.395304e+003;8.243631e-002
1.395787e+003;8.251664e-002
1.396269e+003;8.259232e-002
1.396751e+003;8.266517e-002
1.397233e+003;8.273843e-002
1.397715e+003;8.281583e-002
1.398197e+003;8.289860e-002
1.398679e+003;8.298585e-002
1.399162e+003;8.307333e-002
1.399644e+003;8.315644e-002
1.400126e+003;8.323097e-002
1.400608e+003;8.329543e-002
1.401090e+003;8.335136e-002
1.401572e+003;8.340347e-002
1.402054e+003;8.345738e-002
1.402536e+003;8.351789e-002
1.403019e+003;8.358797e-002
1.403501e+003;8.366776e-002
1.403983e+003;8.375423e-002
1.404465e+003;8.384370e-002
1.404947e+003;8.393152e-002
1.405429e+003;8.401374e-002
1.405911e+003;8.408844e-002
1.406394e+003;8.415466e-002
1.406876e+003;8.421277e-002
1.407358e+003;8.426411e-002
1.407840e+003;8.431103e-002
1.408322e+003;8.435581e-002
1.408804e+003;8.440091e-002
1.409286e+003;8.444875e-002
1.409769e+003;8.450025e-002
1.410251e+003;8.455634e-002
1.410733e+003;8.461656e-002
1.411215e+003;8.467966e-002
1.411697e+003;8.474421e-002
1.412179e+003;8.480886e-002
1.412661e+003;8.487234e-002
1.413144e+003;8.493356e-002
1.413626e+003;8.499116e-002
1.414108e+003;8.504442e-002
1.414590e+003;8.509191e-002
1.415072e+003;8.513429e-002
1.415554e+003;8.517186e-002
1.416036e+003;8.520787e-002
1.416519e+003;8.524573e-002
1.417001e+003;8.528908e-002
1.417483e+003;8.534061e-002
1.417965e+003;8.540044e-002
1.418447e+003;8.546555e-002
1.418929e+003;8.553106e-002
1.419411e+003;8.559022e-002
1.419893e+003;8.563763e-002
1.420376e+003;8.567037e-002
1.420858e+003;8.568930e-002
1.421340e+003;8.569817e-002
1.421822e+003;8.570273e-002
1.422304e+003;8.570879e-002
1.422786e+003;8.572027e-002
1.423268e+003;8.573894e-002
1.423751e+003;8.576342e-002
1.424233e+003;8.579089e-002
1.424715e+003;8.581821e-002
1.425197e+003;8.584257e-002
1.425679e+003;8.586348e-002
1.426161e+003;8.588171e-002
1.426643e+003;8.589874e-002
1.427125e+003;8.591679e-002
1.427608e+003;8.593688e-002
1.428090e+003;8.596013e-002
1.428572e+003;8.598670e-002
1.429054e+003;8.601709e-002
1.429536e+003;8.605137e-002
1.430018e+003;8.608943e-002
1.430500e+003;8.613076e-002
1.430983e+003;8.617280e-002
1.431465e+003;8.621226e-002
1.431947e+003;8.624450e-002
1.432429e+003;8.626635e-002
1.432911e+003;8.627673e-002
1.433393e+003;8.627734e-002
1.433875e+003;8.627363e-002
1.434358e+003;8.627222e-002
1.434840e+003;8.627971e-002
1.435322e+003;8.629985e-002
1.435804e+003;8.633222e-002
1.436286e+003;8.637193e-002
1.436768e+003;8.641141e-002
1.437250e+003;8.644348e-002
1.437733e+003;8.646306e-002
1.438215e+003;8.646955e-002
1.438697e+003;8.646626e-002
1.439179e+003;8.645887e-002
1.439661e+003;8.645315e-002
1.440143e+003;8.645335e-002
1.440625e+003;8.646115e-002
1.441107e+003;8.647575e-002
1.441590e+003;8.649493e-002
1.442072e+003;8.651640e-002
1.442554e+003;8.653790e-002
1.443036e+003;8.655861e-002
1.443518e+003;8.657759e-002
1.444000e+003;8.659484e-002
1.444482e+003;8.661081e-002
1.444965e+003;8.662581e-002
1.445447e+003;8.664152e-002
1.445929e+003;8.666110e-002
1.446411e+003;8.668710e-002
1.446893e+003;8.672243e-002
1.447375e+003;8.676790e-002
1.447857e+003;8.682258e-002
1.448339e+003;8.688404e-002
1.448822e+003;8.694887e-002
1.449304e+003;8.701506e-002
1.449786e+003;8.708197e-002
1.450268e+003;8.715081e-002
1.450750e+003;8.722275e-002
1.451232e+003;8.729785e-002
1.451714e+003;8.737425e-002
1.452197e+003;8.744834e-002
1.452679e+003;8.751616e-002
1.453161e+003;8.757613e-002
1.453643e+003;8.763126e-002
1.454125e+003;8.768721e-002
1.454607e+003;8.775257e-002
1.455089e+003;8.783362e-002
1.455572e+003;8.793222e-002
1.456054e+003;8.804230e-002
1.456536e+003;8.815157e-002
1.457018e+003;8.824313e-002
1.457500e+003;8.830279e-002
1.457982e+003;8.832142e-002
1.458464e+003;8.829840e-002
1.458947e+003;8.824023e-002
1.459429e+003;8.815762e-002
1.459911e+003;8.806189e-002
1.460393e+003;8.796290e-002
1.460875e+003;8.786705e-002
1.461357e+003;8.777829e-002
1.461839e+003;8.769917e-002
1.462322e+003;8.763131e-002
1.462804e+003;8.757643e-002
1.463286e+003;8.753528e-002
1.463768e+003;8.750663e-002
1.464250e+003;8.748700e-002
1.464732e+003;8.747127e-002
1.465214e+003;8.745332e-002
1.465696e+003;8.742887e-002
1.466179e+003;8.739568e-002
1.466661e+003;8.735389e-002
1.467143e+003;8.730549e-002
1.467625e+003;8.725239e-002
1.468107e+003;8.719583e-002
1.468589e+003;8.713603e-002
1.469071e+003;8.707353e-002
1.469554e+003;8.700980e-002
1.470036e+003;8.694819e-002
1.470518e+003;8.689364e-002
1.471000e+003;8.685088e-002
1.471482e+003;8.682247e-002
1.471964e+003;8.680803e-002
1.472446e+003;8.680270e-002
1.472928e+003;8.679976e-002
1.473411e+003;8.679285e-002
1.473893e+003;8.677818e-002
1.474375e+003;8.675611e-002
1.474857e+003;8.673064e-002
1.475339e+003;8.670689e-002
1.475821e+003;8.668920e-002
1.476303e+003;8.667872e-002
1.476786e+003;8.667427e-002
1.477268e+003;8.667213e-002
1.477750e+003;8.666932e-002
1.478232e+003;8.666452e-002
1.478714e+003;8.665975e-002
1.479196e+003;8.665895e-002
1.479678e+003;8.666717e-002
1.480161e+003;8.668800e-002
1.480643e+003;8.672179e-002
1.481125e+003;8.676618e-002
1.481607e+003;8.681615e-002
1.482089e+003;8.686597e-002
1.482571e+003;8.691060e-002
1.483053e+003;8.694734e-002
1.483536e+003;8.697568e-002
1.484018e+003;8.699723e-002
1.484500e+003;8.701497e-002
1.484982e+003;8.703209e-002
1.485464e+003;8.705206e-002
1.485946e+003;8.707751e-002
1.486428e+003;8.711104e-002
1.486911e+003;8.715381e-002
1.487393e+003;8.720665e-002
1.487875e+003;8.726923e-002
1.488357e+003;8.734070e-002
1.488839e+003;8.741907e-002
1.489321e+003;8.750191e-002
1.489803e+003;8.758611e-002
1.490285e+003;8.766796e-002
1.490768e+003;8.774383e-002
1.491250e+003;8.781096e-002
1.491732e+003;8.786772e-002
1.492214e+003;8.791491e-002
1.492696e+003;8.795562e-002
1.493178e+003;8.799513e-002
1.493660e+003;8.803941e-002
1.494143e+003;8.809391e-002
1.494625e+003;8.816164e-002
1.495107e+003;8.824270e-002
1.495589e+003;8.833349e-002
1.496071e+003;8.842903e-002
1.496553e+003;8.852396e-002
1.497035e+003;8.861513e-002
1.497517e+003;8.870223e-002
1.498000e+003;8.878767e-002
1.498482e+003;8.887444e-002
1.498964e+003;8.896462e-002
1.499446e+003;8.905733e-002
1.499928e+003;8.914898e-002
1.500410e+003;8.923373e-002
1.500892e+003;8.930606e-002
1.501375e+003;8.936234e-002
1.501857e+003;8.940439e-002
1.502339e+003;8.943749e-002
1.502821e+003;8.947127e-002
1.503303e+003;8.951671e-002
1.503785e+003;8.958456e-002
1.504267e+003;8.968203e-002
1.504750e+003;8.981166e-002
1.505232e+003;8.997040e-002
1.505714e+003;9.014896e-002
1.506196e+003;9.033462e-002
1.506678e+003;9.051338e-002
1.507160e+003;9.067299e-002
1.507642e+003;9.080677e-002
1.508125e+003;9.091365e-002
1.508607e+003;9.099901e-002
1.509089e+003;9.107234e-002
1.509571e+003;9.114457e-002
1.510053e+003;9.122431e-002
1.510535e+003;9.131710e-002
1.511017e+003;9.142295e-002
1.511500e+003;9.153718e-002
1.511982e+003;9.165259e-002
1.512464e+003;9.176255e-002
1.512946e+003;9.186351e-002
1.513428e+003;9.195658e-002
1.513910e+003;9.204703e-002
1.514392e+003;9.214225e-002
1.514874e+003;9.224892e-002
1.515357e+003;9.237041e-002
1.515839e+003;9.250541e-002
1.516321e+003;9.264841e-002
1.516803e+003;9.279213e-002
1.517285e+003;9.293080e-002
1.517767e+003;9.306195e-002
1.518249e+003;9.318857e-002
1.518732e+003;9.331791e-002
1.519214e+003;9.345802e-002
1.519696e+003;9.361475e-002
1.520178e+003;9.378893e-002
1.520660e+003;9.397517e-002
1.521142e+003;9.416291e-002
1.521624e+003;9.434000e-002
1.522106e+003;9.449722e-002
1.522589e+003;9.463129e-002
1.523071e+003;9.474652e-002
1.523553e+003;9.485212e-002
1.524035e+003;9.495974e-002
1.524517e+003;9.507868e-002
1.524999e+003;9.521388e-002
1.525481e+003;9.536411e-002
1.525964e+003;9.552399e-002
1.526446e+003;9.568656e-002
1.526928e+003;9.584673e-002
1.527410e+003;9.600280e-002
1.527892e+003;9.615604e-002
1.528374e+003;9.631027e-002
1.528856e+003;9.646844e-002
1.529339e+003;9.663200e-002
1.529821e+003;9.679981e-002
1.530303e+003;9.696940e-002
1.530785e+003;9.713959e-002
1.531267e+003;9.731153e-002
1.531749e+003;9.748808e-002
1.532231e+003;9.767308e-002
1.532714e+003;9.786785e-002
1.533196e+003;9.807046e-002
1.533678e+003;9.827412e-002
1.534160e+003;9.846993e-002
1.534642e+003;9.864987e-002
1.535124e+003;9.881157e-002
1.535606e+003;9.895909e-002
1.536089e+003;9.910329e-002
1.536571e+003;9.925874e-002
1.537053e+003;9.943960e-002
1.537535e+003;9.965542e-002
1.538017e+003;9.990863e-002
1.538499e+003;1.001941e-001
1.538981e+003;1.005013e-001
1.539463e+003;1.008168e-001
1.539946e+003;1.011289e-001
1.540428e+003;1.014295e-001
1.540910e+003;1.017142e-001
1.541392e+003;1.019832e-001
1.541874e+003;1.022377e-001
1.542356e+003;1.024809e-001
1.542838e+003;1.027167e-001
1.543321e+003;1.029494e-001
1.543803e+003;1.031829e-001
1.544285e+003;1.034205e-001
1.544767e+003;1.036638e-001
1.545249e+003;1.039128e-001
1.545731e+003;1.041652e-001
1.546213e+003;1.044194e-001
1.546695e+003;1.046750e-001
1.547178e+003;1.049334e-001
1.547660e+003;1.051974e-001
1.548142e+003;1.054696e-001
1.548624e+003;1.057506e-001
1.549106e+003;1.060378e-001
1.549588e+003;1.063259e-001
1.550070e+003;1.066091e-001
1.550553e+003;1.068836e-001
1.551035e+003;1.071505e-001
1.551517e+003;1.074153e-001
1.551999e+003;1.076861e-001
1.552481e+003;1.079706e-001
1.552963e+003;1.082724e-001
1.553445e+003;1.085886e-001
1.553927e+003;1.089118e-001
1.554410e+003;1.092317e-001
1.554892e+003;1.095421e-001
1.555374e+003;1.098428e-001
1.555856e+003;1.101421e-001
1.556338e+003;1.104546e-001
1.556820e+003;1.107971e-001
1.557302e+003;1.111831e-001
1.557785e+003;1.116167e-001
1.558267e+003;1.120910e-001
1.558749e+003;1.125879e-001
1.559231e+003;1.130832e-001
1.559713e+003;1.135544e-001
1.560195e+003;1.139855e-001
1.560677e+003;1.143725e-001
1.561160e+003;1.147219e-001
1.561642e+003;1.150486e-001
1.562124e+003;1.153705e-001
1.562606e+003;1.157036e-001
1.563088e+003;1.160590e-001
1.563570e+003;1.164416e-001
1.564052e+003;1.168489e-001
1.564535e+003;1.172738e-001
1.565017e+003;1.177078e-001
1.565499e+003;1.181438e-001
1.565981e+003;1.185790e-001
1.566463e+003;1.190154e-001
1.566945e+003;1.194590e-001
1.567427e+003;1.199176e-001
1.567910e+003;1.203976e-001
1.568392e+003;1.209014e-001
1.568874e+003;1.214268e-001
1.569356e+003;1.219675e-001
1.569838e+003;1.225128e-001
1.570320e+003;1.230531e-001
1.570802e+003;1.235800e-001
1.571284e+003;1.240895e-001
1.571767e+003;1.245823e-001
1.572249e+003;1.250653e-001
1.572731e+003;1.255490e-001
1.573213e+003;1.260479e-001
1.573695e+003;1.265770e-001
1.574177e+003;1.271494e-001
1.574659e+003;1.277716e-001
1.575142e+003;1.284417e-001
1.575624e+003;1.291473e-001
1.576106e+003;1.298694e-001
1.576588e+003;1.305856e-001
1.577070e+003;1.312783e-001
1.577552e+003;1.319395e-001
1.578034e+003;1.325731e-001
1.578516e+003;1.331920e-001
1.578999e+003;1.338146e-001
1.579481e+003;1.344573e-001
1.579963e+003;1.351311e-001
1.580445e+003;1.358376e-001
1.580927e+003;1.365726e-001
1.581409e+003;1.373262e-001
1.581891e+003;1.380903e-001
1.582374e+003;1.388601e-001
1.582856e+003;1.396361e-001
1.583338e+003;1.404215e-001
1.583820e+003;1.412212e-001
1.584302e+003;1.420375e-001
1.584784e+003;1.428709e-001
1.585266e+003;1.437200e-001
1.585749e+003;1.445827e-001
1.586231e+003;1.454596e-001
1.586713e+003;1.463519e-001
1.587195e+003;1.472620e-001
1.587677e+003;1.481919e-001
1.588159e+003;1.491407e-001
1.588641e+003;1.501058e-001
1.589124e+003;1.510826e-001
1.589606e+003;1.520679e-001
1.590088e+003;1.530606e-001
1.590570e+003;1.540624e-001
1.591052e+003;1.550765e-001
1.591534e+003;1.561062e-001
1.592016e+003;1.571531e-001
1.592499e+003;1.582167e-001
1.592981e+003;1.592955e-001
1.593463e+003;1.603890e-001
1.593945e+003;1.614982e-001
1.594427e+003;1.626275e-001
1.594909e+003;1.637814e-001
1.595391e+003;1.649644e-001
1.595873e+003;1.661773e-001
1.596356e+003;1.674176e-001
1.596838e+003;1.686793e-001
1.597320e+003;1.699564e-001
1.597802e+003;1.712439e-001
1.598284e+003;1.725406e-001
1.598766e+003;1.738476e-001
1.599248e+003;1.751680e-001
1.599731e+003;1.765053e-001
1.600213e+003;1.778608e-001
1.600695e+003;1.792347e-001
1.601177e+003;1.806265e-001
1.601659e+003;1.820362e-001
1.602141e+003;1.834639e-001
1.602623e+003;1.849112e-001
1.603105e+003;1.863783e-001
1.603588e+003;1.878645e-001
1.604070e+003;1.893677e-001
1.604552e+003;1.908844e-001
1.605034e+003;1.924128e-001
1.605516e+003;1.939523e-001
1.605998e+003;1.955055e-001
1.606480e+003;1.970755e-001
1.606963e+003;1.986657e-001
1.607445e+003;2.002773e-001
1.607927e+003;2.019084e-001
1.608409e+003;2.035557e-001
1.608891e+003;2.052159e-001
1.609373e+003;2.068867e-001
1.609855e+003;2.085675e-001
1.610338e+003;2.102588e-001
1.610820e+003;2.119590e-001
1.611302e+003;2.136636e-001
1.611784e+003;2.153656e-001
1.612266e+003;2.170577e-001
1.612748e+003;2.187359e-001
1.613230e+003;2.204031e-001
1.613713e+003;2.220699e-001
1.614195e+003;2.237525e-001
1.614677e+003;2.254667e-001
1.615159e+003;2.272225e-001
1.615641e+003;2.290178e-001
1.616123e+003;2.308374e-001
1.616605e+003;2.326560e-001
1.617088e+003;2.344447e-001
1.617570e+003;2.361811e-001
1.618052e+003;2.378535e-001
1.618534e+003;2.394642e-001
1.619016e+003;2.410245e-001
1.619498e+003;2.425517e-001
1.619980e+003;2.440627e-001
1.620462e+003;2.455699e-001
1.620945e+003;2.470796e-001
1.621427e+003;2.485929e-001
1.621909e+003;2.501044e-001
1.622391e+003;2.516059e-001
1.622873e+003;2.530856e-001
1.623355e+003;2.545308e-001
1.623837e+003;2.559291e-001
1.624320e+003;2.572719e-001
1.624802e+003;2.585545e-001
1.625284e+003;2.597784e-001
1.625766e+003;2.609501e-001
1.626248e+003;2.620778e-001
1.626730e+003;2.631691e-001
1.627212e+003;2.642274e-001
1.627694e+003;2.652512e-001
1.628177e+003;2.662343e-001
1.628659e+003;2.671698e-001
1.629141e+003;2.680511e-001
1.629623e+003;2.688740e-001
1.630105e+003;2.696376e-001
1.630587e+003;2.703421e-001
1.631069e+003;2.709875e-001
1.631552e+003;2.715732e-001
1.632034e+003;2.720991e-001
1.632516e+003;2.725680e-001
1.632998e+003;2.729861e-001
1.633480e+003;2.733618e-001
1.633962e+003;2.737043e-001
1.634444e+003;2.740178e-001
1.634927e+003;2.742992e-001
1.635409e+003;2.745364e-001
1.635891e+003;2.747118e-001
1.636373e+003;2.748090e-001
1.636855e+003;2.748181e-001
1.637337e+003;2.747403e-001
1.637819e+003;2.745870e-001
1.638302e+003;2.743747e-001
1.638784e+003;2.741191e-001
1.639266e+003;2.738295e-001
1.639748e+003;2.735072e-001
1.640230e+003;2.731461e-001
1.640712e+003;2.727382e-001
1.641194e+003;2.722766e-001
1.641677e+003;2.717604e-001
1.642159e+003;2.711945e-001
1.642641e+003;2.705871e-001
1.643123e+003;2.699469e-001
1.643605e+003;2.692806e-001
1.644087e+003;2.685930e-001
1.644569e+003;2.678854e-001
1.645051e+003;2.671576e-001
1.645534e+003;2.664089e-001
1.646016e+003;2.656351e-001
1.646498e+003;2.648298e-001
1.646980e+003;2.639828e-001
1.647462e+003;2.630829e-001
1.647944e+003;2.621209e-001
1.648426e+003;2.610946e-001
1.648909e+003;2.600110e-001
1.649391e+003;2.588859e-001
1.649873e+003;2.577409e-001
1.650355e+003;2.565982e-001
1.650837e+003;2.554735e-001
1.651319e+003;2.543733e-001
1.651801e+003;2.532914e-001
1.652283e+003;2.522120e-001
1.652766e+003;2.511142e-001
1.653248e+003;2.499794e-001
1.653730e+003;2.487955e-001
1.654212e+003;2.475602e-001
1.654694e+003;2.462791e-001
1.655176e+003;2.449623e-001
1.655658e+003;2.436209e-001
1.656141e+003;2.422654e-001
1.656623e+003;2.409038e-001
1.657105e+003;2.395412e-001
1.657587e+003;2.381801e-001
1.658069e+003;2.368194e-001
1.658551e+003;2.354554e-001
1.659033e+003;2.340837e-001
1.659516e+003;2.327004e-001
1.659998e+003;2.313050e-001
1.660480e+003;2.299000e-001
1.660962e+003;2.284910e-001
1.661444e+003;2.270834e-001
1.661926e+003;2.256813e-001
1.662408e+003;2.242831e-001
1.662891e+003;2.228840e-001
1.663373e+003;2.214758e-001
1.663855e+003;2.200518e-001
1.664337e+003;2.186088e-001
1.664819e+003;2.171491e-001
1.665301e+003;2.156790e-001
1.665783e+003;2.142065e-001
1.666266e+003;2.127391e-001
1.666748e+003;2.112803e-001
1.667230e+003;2.098312e-001
1.667712e+003;2.083906e-001
1.668194e+003;2.069562e-001
1.668676e+003;2.055261e-001
1.669158e+003;2.040973e-001
1.669640e+003;2.026671e-001
1.670123e+003;2.012311e-001
1.670605e+003;1.997841e-001
1.671087e+003;1.983225e-001
1.671569e+003;1.968464e-001
1.672051e+003;1.953609e-001
1.672533e+003;1.938749e-001
1.673015e+003;1.923986e-001
1.673498e+003;1.909405e-001
1.673980e+003;1.895026e-001
1.674462e+003;1.880805e-001
1.674944e+003;1.866648e-001
1.675426e+003;1.852442e-001
1.675908e+003;1.838113e-001
1.676390e+003;1.823648e-001
1.676872e+003;1.809090e-001
1.677355e+003;1.794522e-001
1.677837e+003;1.780019e-001
1.678319e+003;1.765620e-001
1.678801e+003;1.751318e-001
1.679283e+003;1.737081e-001
1.679765e+003;1.722869e-001
1.680247e+003;1.708676e-001
1.680730e+003;1.694530e-001
1.681212e+003;1.680492e-001
1.681694e+003;1.666627e-001
1.682176e+003;1.652987e-001
1.682658e+003;1.639574e-001
1.683140e+003;1.626351e-001
1.683622e+003;1.613240e-001
1.684104e+003;1.600158e-001
1.684587e+003;1.587020e-001
1.685069e+003;1.573784e-001
1.685551e+003;1.560427e-001
1.686033e+003;1.546967e-001
1.686515e+003;1.533445e-001
1.686997e+003;1.519913e-001
1.687479e+003;1.506443e-001
1.687962e+003;1.493092e-001
1.688444e+003;1.479912e-001
1.688926e+003;1.466926e-001
1.689408e+003;1.454118e-001
1.689890e+003;1.441439e-001
1.690372e+003;1.428827e-001
1.690854e+003;1.416230e-001
1.691337e+003;1.403629e-001
1.691819e+003;1.391054e-001
1.692301e+003;1.378581e-001
1.692783e+003;1.366299e-001
1.693265e+003;1.354294e-001
1.693747e+003;1.342603e-001
1.694229e+003;1.331210e-001
1.694712e+003;1.320032e-001
1.695194e+003;1.308942e-001
1.695676e+003;1.297811e-001
1.696158e+003;1.286546e-001
1.696640e+003;1.275126e-001
1.697122e+003;1.263604e-001
1.697604e+003;1.252100e-001
1.698087e+003;1.240759e-001
1.698569e+003;1.229721e-001
1.699051e+003;1.219065e-001
1.699533e+003;1.208790e-001
1.700015e+003;1.198796e-001
1.700497e+003;1.188931e-001
1.700979e+003;1.179012e-001
1.701461e+003;1.168916e-001
1.701944e+003;1.158613e-001
1.702426e+003;1.148173e-001
1.702908e+003;1.137731e-001
1.703390e+003;1.127456e-001
1.703872e+003;1.117467e-001
1.704354e+003;1.107819e-001
1.704836e+003;1.098471e-001
1.705319e+003;1.089320e-001
1.705801e+003;1.080252e-001
1.706283e+003;1.071188e-001
1.706765e+003;1.062106e-001
1.707247e+003;1.053053e-001
1.707729e+003;1.044096e-001
1.708211e+003;1.035306e-001
1.708693e+003;1.026699e-001
1.709176e+003;1.018265e-001
1.709658e+003;1.009957e-001
1.710140e+003;1.001744e-001
1.710622e+003;9.936115e-002
1.711104e+003;9.855889e-002
1.711586e+003;9.777063e-002
1.712068e+003;9.699938e-002
1.712551e+003;9.624433e-002
1.713033e+003;9.550203e-002
1.713515e+003;9.476784e-002
1.713997e+003;9.403890e-002
1.714479e+003;9.331590e-002
1.714961e+003;9.260423e-002
1.715443e+003;9.191035e-002
1.715926e+003;9.123955e-002
1.716408e+003;9.059159e-002
1.716890e+003;8.996113e-002
1.717372e+003;8.933787e-002
1.717854e+003;8.871230e-002
1.718336e+003;8.807772e-002
1.718818e+003;8.743418e-002
1.719301e+003;8.678660e-002
1.719783e+003;8.614299e-002
1.720265e+003;8.551066e-002
1.720747e+003;8.489417e-002
1.721229e+003;8.429462e-002
1.721711e+003;8.371023e-002
1.722193e+003;8.313845e-002
1.722676e+003;8.257770e-002
1.723158e+003;8.202651e-002
1.723640e+003;8.148423e-002
1.724122e+003;8.094931e-002
1.724604e+003;8.041964e-002
1.725086e+003;7.989364e-002
1.725568e+003;7.937174e-002
1.726050e+003;7.885639e-002
1.726533e+003;7.835323e-002
1.727015e+003;7.786731e-002
1.727497e+003;7.740191e-002
1.727979e+003;7.695545e-002
1.728461e+003;7.652120e-002
1.728943e+003;7.608905e-002
1.729425e+003;7.565047e-002
1.729908e+003;7.520153e-002
1.730390e+003;7.474577e-002
1.730872e+003;7.429391e-002
1.731354e+003;7.386058e-002
1.731836e+003;7.345856e-002
1.732318e+003;7.309553e-002
1.732800e+003;7.276858e-002
1.733282e+003;7.246633e-002
1.733765e+003;7.217017e-002
1.734247e+003;7.186088e-002
1.734729e+003;7.152280e-002
1.735211e+003;7.114947e-002
1.735693e+003;7.074250e-002
1.736175e+003;7.031188e-002
1.736657e+003;6.987163e-002
1.737140e+003;6.943696e-002
1.737622e+003;6.902122e-002
1.738104e+003;6.863415e-002
1.738586e+003;6.828029e-002
1.739068e+003;6.795908e-002
1.739550e+003;6.766568e-002
1.740032e+003;6.739197e-002
1.740515e+003;6.712792e-002
1.740997e+003;6.686477e-002
1.741479e+003;6.659356e-002
1.741961e+003;6.630781e-002
1.742443e+003;6.600254e-002
1.742925e+003;6.567500e-002
1.743407e+003;6.532476e-002
1.743890e+003;6.495492e-002
1.744372e+003;6.457157e-002
1.744854e+003;6.418402e-002
1.745336e+003;6.380200e-002
1.745818e+003;6.343449e-002
1.746300e+003;6.308690e-002
1.746782e+003;6.276071e-002
1.747265e+003;6.245311e-002
1.747747e+003;6.215978e-002
1.748229e+003;6.187661e-002
1.748711e+003;6.160211e-002
1.749193e+003;6.133730e-002
1.749675e+003;6.108446e-002
1.750157e+003;6.084429e-002
1.750639e+003;6.061488e-002
1.751122e+003;6.038895e-002
1.751604e+003;6.015773e-002
1.752086e+003;5.991315e-002
1.752568e+003;5.965180e-002
1.753050e+003;5.937590e-002
1.753532e+003;5.909410e-002
1.754014e+003;5.881704e-002
1.754497e+003;5.855500e-002
1.754979e+003;5.831297e-002
1.755461e+003;5.809106e-002
1.755943e+003;5.788358e-002
1.756425e+003;5.768339e-002
1.756907e+003;5.748365e-002
1.757389e+003;5.728090e-002
1.757871e+003;5.707483e-002
1.758354e+003;5.686794e-002
1.758836e+003;5.666315e-002
1.759318e+003;5.646192e-002
1.759800e+003;5.626515e-002
1.760282e+003;5.607261e-002
1.760764e+003;5.588401e-002
1.761246e+003;5.569945e-002
1.761729e+003;5.551959e-002
1.762211e+003;5.534344e-002
1.762693e+003;5.516912e-002
1.763175e+003;5.499431e-002
1.763657e+003;5.481586e-002
1.764139e+003;5.463333e-002
1.764621e+003;5.444849e-002
1.765104e+003;5.426623e-002
1.765586e+003;5.409182e-002
1.766068e+003;5.392953e-002
1.766550e+003;5.377949e-002
1.767032e+003;5.363800e-002
1.767514e+003;5.349796e-002
1.767996e+003;5.335260e-002
1.768479e+003;5.319776e-002
1.768961e+003;5.303400e-002
1.769443e+003;5.286732e-002
1.769925e+003;5.270559e-002
1.770407e+003;5.255574e-002
1.770889e+003;5.242142e-002
1.771371e+003;5.230124e-002
1.771854e+003;5.218893e-002
1.772336e+003;5.207600e-002
1.772818e+003;5.195537e-002
1.773300e+003;5.182292e-002
1.773782e+003;5.167911e-002
1.774264e+003;5.152803e-002
1.774746e+003;5.137550e-002
1.775228e+003;5.122733e-002
1.775711e+003;5.108826e-002
1.776193e+003;5.095972e-002
1.776675e+003;5.084199e-002
1.777157e+003;5.073291e-002
1.777639e+003;5.062987e-002
1.778121e+003;5.052943e-002
1.778603e+003;5.042952e-002
1.779086e+003;5.032791e-002
1.779568e+003;5.022463e-002
1.780050e+003;5.011948e-002
1.780532e+003;5.001365e-002
1.781014e+003;4.990797e-002
1.781496e+003;4.980274e-002
1.781978e+003;4.969760e-002
1.782460e+003;4.959233e-002
1.782943e+003;4.948685e-002
1.783425e+003;4.938194e-002
1.783907e+003;4.927912e-002
1.784389e+003;4.918037e-002
1.784871e+003;4.908735e-002
1.785353e+003;4.900047e-002
1.785835e+003;4.891759e-002
1.786318e+003;4.883649e-002
1.786800e+003;4.875359e-002
1.787282e+003;4.866648e-002
1.787764e+003;4.857430e-002
1.788246e+003;4.847790e-002
1.788728e+003;4.837969e-002
1.789210e+003;4.828240e-002
1.789693e+003;4.818852e-002
1.790175e+003;4.809940e-002
1.790657e+003;4.801667e-002
1.791139e+003;4.794091e-002
1.791621e+003;4.787300e-002
1.792103e+003;4.781276e-002
1.792585e+003;4.775925e-002
1.793068e+003;4.770975e-002
1.793550e+003;4.765958e-002
1.794032e+003;4.760421e-002
1.794514e+003;4.753921e-002
1.794996e+003;4.746285e-002
1.795478e+003;4.737640e-002
1.795960e+003;4.728366e-002
1.796442e+003;4.718985e-002
1.796925e+003;4.709974e-002
1.797407e+003;4.701680e-002
1.797889e+003;4.694146e-002
1.798371e+003;4.687231e-002
1.798853e+003;4.680683e-002
1.799335e+003;4.674286e-002
1.799817e+003;4.667954e-002
1.800300e+003;4.661676e-002
1.800782e+003;4.655565e-002
1.801264e+003;4.649730e-002
1.801746e+003;4.644235e-002
1.802228e+003;4.639039e-002
1.802710e+003;4.634076e-002
1.803192e+003;4.629116e-002
1.803674e+003;4.624019e-002
1.804157e+003;4.618477e-002
1.804639e+003;4.612291e-002
1.805121e+003;4.605220e-002
1.805603e+003;4.597308e-002
1.806085e+003;4.588656e-002
1.806567e+003;4.579715e-002
1.807049e+003;4.571060e-002
1.807532e+003;4.563292e-002
1.808014e+003;4.556859e-002
1.808496e+003;4.551895e-002
1.808978e+003;4.548142e-002
1.809460e+003;4.545135e-002
1.809942e+003;4.542160e-002
1.810424e+003;4.538704e-002
1.810906e+003;4.534294e-002
1.811389e+003;4.528768e-002
1.811871e+003;4.522114e-002
1.812353e+003;4.514484e-002
1.812835e+003;4.506003e-002
1.813317e+003;4.496871e-002
1.813799e+003;4.487441e-002
1.814281e+003;4.478166e-002
1.814764e+003;4.469606e-002
1.815246e+003;4.462365e-002
1.815728e+003;4.456860e-002
1.816210e+003;4.453235e-002
1.816692e+003;4.451310e-002
1.817174e+003;4.450701e-002
1.817656e+003;4.450971e-002
1.818139e+003;4.451795e-002
1.818621e+003;4.453038e-002
1.819103e+003;4.454730e-002
1.819585e+003;4.456778e-002
1.820067e+003;4.458942e-002
1.820549e+003;4.460530e-002
1.821031e+003;4.460913e-002
1.821514e+003;4.459369e-002
1.821996e+003;4.455739e-002
1.822478e+003;4.450243e-002
1.822960e+003;4.443753e-002
1.823442e+003;4.437311e-002
1.823924e+003;4.431856e-002
1.824406e+003;4.427914e-002
1.824889e+003;4.425446e-002
1.825371e+003;4.423986e-002
1.825853e+003;4.422910e-002
1.826335e+003;4.421640e-002
1.826817e+003;4.419959e-002
1.827299e+003;4.417874e-002
1.827781e+003;4.415665e-002
1.828263e+003;4.413519e-002
1.828746e+003;4.411538e-002
1.829228e+003;4.409568e-002
1.829710e+003;4.407449e-002
1.830192e+003;4.404956e-002
1.830674e+003;4.402034e-002
1.831156e+003;4.398621e-002
1.831638e+003;4.394833e-002
1.832121e+003;4.390724e-002
1.832603e+003;4.386444e-002
1.833085e+003;4.382137e-002
1.833567e+003;4.378083e-002
1.834049e+003;4.374529e-002
1.834531e+003;4.371883e-002
1.835013e+003;4.370245e-002
1.835495e+003;4.369646e-002
1.835978e+003;4.369758e-002
1.836460e+003;4.370084e-002
1.836942e+003;4.370164e-002
1.837424e+003;4.369697e-002
1.837906e+003;4.368670e-002
1.838388e+003;4.367261e-002
1.838870e+003;4.365678e-002
1.839353e+003;4.363977e-002
1.839835e+003;4.361986e-002
1.840317e+003;4.359477e-002
1.840799e+003;4.356105e-002
1.841281e+003;4.351995e-002
1.841763e+003;4.347522e-002
1.842245e+003;4.343472e-002
1.842728e+003;4.340573e-002
1.843210e+003;4.339324e-002
1.843692e+003;4.339568e-002
1.844174e+003;4.340723e-002
1.844656e+003;4.341800e-002
1.845138e+003;4.342095e-002
1.845620e+003;4.341184e-002
1.846103e+003;4.339412e-002
1.846585e+003;4.337452e-002
1.847067e+003;4.336123e-002
1.847549e+003;4.335962e-002
1.848031e+003;4.337087e-002
1.848513e+003;4.339097e-002
1.848995e+003;4.341452e-002
1.849478e+003;4.343606e-002
1.849960e+003;4.345365e-002
1.850442e+003;4.346757e-002
1.850924e+003;4.348006e-002
1.851406e+003;4.349158e-002
1.851888e+003;4.350090e-002
1.852370e+003;4.350329e-002
1.852852e+003;4.349419e-002
1.853335e+003;4.347032e-002
1.853817e+003;4.343275e-002
1.854299e+003;4.338536e-002
1.854781e+003;4.333568e-002
1.855263e+003;4.329031e-002
1.855745e+003;4.325491e-002
1.856227e+003;4.323098e-002
1.856710e+003;4.321792e-002
1.857192e+003;4.321363e-002
1.857674e+003;4.321609e-002
1.858156e+003;4.322360e-002
1.858638e+003;4.323534e-002
1.859120e+003;4.324947e-002
1.859602e+003;4.326375e-002
1.860084e+003;4.327600e-002
1.860567e+003;4.328422e-002
1.861049e+003;4.328810e-002
1.861531e+003;4.328967e-002
1.862013e+003;4.329094e-002
1.862495e+003;4.329531e-002
1.862977e+003;4.330247e-002
1.863459e+003;4.331042e-002
1.863942e+003;4.331531e-002
1.864424e+003;4.331257e-002
1.864906e+003;4.330017e-002
1.865388e+003;4.327974e-002
1.865870e+003;4.325552e-002
1.866352e+003;4.323382e-002
1.866834e+003;4.322013e-002
1.867317e+003;4.321798e-002
1.867799e+003;4.322679e-002
1.868281e+003;4.324382e-002
1.868763e+003;4.326347e-002
1.869245e+003;4.328097e-002
1.869727e+003;4.329168e-002
1.870209e+003;4.329291e-002
1.870692e+003;4.328301e-002
1.871174e+003;4.326292e-002
1.871656e+003;4.323469e-002
1.872138e+003;4.320350e-002
1.872620e+003;4.317550e-002
1.873102e+003;4.315834e-002
1.873584e+003;4.315793e-002
1.874067e+003;4.317656e-002
1.874549e+003;4.321125e-002
1.875031e+003;4.325493e-002
1.875513e+003;4.329770e-002
1.875995e+003;4.333034e-002
1.876477e+003;4.334704e-002
1.876959e+003;4.334769e-002
1.877441e+003;4.333658e-002
1.877924e+003;4.332042e-002
1.878406e+003;4.330515e-002
1.878888e+003;4.329368e-002
1.879370e+003;4.328483e-002
1.879852e+003;4.327537e-002
1.880334e+003;4.326105e-002
1.880816e+003;4.323988e-002
1.881299e+003;4.321246e-002
1.881781e+003;4.318363e-002
1.882263e+003;4.315761e-002
1.882745e+003;4.313888e-002
1.883227e+003;4.312972e-002
1.883709e+003;4.313011e-002
1.884191e+003;4.313681e-002
1.884673e+003;4.314659e-002
1.885156e+003;4.315487e-002
1.885638e+003;4.315944e-002
1.886120e+003;4.315843e-002
1.886602e+003;4.315292e-002
1.887084e+003;4.314504e-002
1.887566e+003;4.313977e-002
1.888048e+003;4.314208e-002
1.888531e+003;4.315766e-002
1.889013e+003;4.318820e-002
1.889495e+003;4.323354e-002
1.889977e+003;4.328761e-002
1.890459e+003;4.334276e-002
1.890941e+003;4.339008e-002
1.891423e+003;4.342381e-002
1.891906e+003;4.344155e-002
1.892388e+003;4.344641e-002
1.892870e+003;4.344512e-002
1.893352e+003;4.344547e-002
1.893834e+003;4.345375e-002
1.894316e+003;4.347289e-002
1.894798e+003;4.350149e-002
1.895281e+003;4.353712e-002
1.895763e+003;4.357469e-002
1.896245e+003;4.361048e-002
1.896727e+003;4.364012e-002
1.897209e+003;4.366122e-002
1.897691e+003;4.367073e-002
1.898173e+003;4.366710e-002
1.898656e+003;4.364755e-002
1.899138e+003;4.361518e-002
1.899620e+003;4.357336e-002
1.900102e+003;4.353059e-002
1.900584e+003;4.349491e-002
1.901066e+003;4.347400e-002
1.901548e+003;4.347141e-002
1.902030e+003;4.348688e-002
1.902513e+003;4.351513e-002
1.902995e+003;4.355054e-002
1.903477e+003;4.358770e-002
1.903959e+003;4.362468e-002
1.904441e+003;4.366220e-002
1.904923e+003;4.370287e-002
1.905405e+003;4.374827e-002
1.905888e+003;4.379783e-002
1.906370e+003;4.384686e-002
1.906852e+003;4.389027e-002
1.907334e+003;4.392136e-002
1.907816e+003;4.393625e-002
1.908298e+003;4.393376e-002
1.908780e+003;4.391665e-002
1.909262e+003;4.388998e-002
1.909745e+003;4.385891e-002
1.910227e+003;4.382821e-002
1.910709e+003;4.380089e-002
1.911191e+003;4.377677e-002
1.911673e+003;4.375637e-002
1.912155e+003;4.373661e-002
1.912637e+003;4.371591e-002
1.913120e+003;4.369245e-002
1.913602e+003;4.366711e-002
1.914084e+003;4.364390e-002
1.914566e+003;4.363134e-002
1.915048e+003;4.363986e-002
1.915530e+003;4.368175e-002
1.916012e+003;4.376487e-002
1.916495e+003;4.389128e-002
1.916977e+003;4.405319e-002
1.917459e+003;4.423423e-002
1.917941e+003;4.441077e-002
1.918423e+003;4.456053e-002
1.918905e+003;4.466517e-002
1.919387e+003;4.471738e-002
1.919870e+003;4.471983e-002
1.920352e+003;4.468574e-002
1.920834e+003;4.463156e-002
1.921316e+003;4.457413e-002
1.921798e+003;4.452520e-002
1.922280e+003;4.449129e-002
1.922762e+003;4.447180e-002
1.923245e+003;4.446408e-002
1.923727e+003;4.446473e-002
1.924209e+003;4.447319e-002
1.924691e+003;4.449058e-002
1.925173e+003;4.452084e-002
1.925655e+003;4.456678e-002
1.926137e+003;4.462875e-002
1.926619e+003;4.470263e-002
1.927102e+003;4.478231e-002
1.927584e+003;4.485821e-002
1.928066e+003;4.492369e-002
1.928548e+003;4.497483e-002
1.929030e+003;4.501414e-002
1.929512e+003;4.504731e-002
1.929994e+003;4.508340e-002
1.930477e+003;4.512855e-002
1.930959e+003;4.518586e-002
1.931441e+003;4.525139e-002
1.931923e+003;4.531740e-002
1.932405e+003;4.537278e-002
1.932887e+003;4.541060e-002
1.933369e+003;4.542619e-002
1.933851e+003;4.542412e-002
1.934334e+003;4.541116e-002
1.934816e+003;4.539778e-002
1.935298e+003;4.539122e-002
1.935780e+003;4.539726e-002
1.936262e+003;4.541567e-002
1.936744e+003;4.544567e-002
1.937226e+003;4.548450e-002
1.937709e+003;4.553309e-002
1.938191e+003;4.559018e-002
1.938673e+003;4.565700e-002
1.939155e+003;4.573028e-002
1.939637e+003;4.580645e-002
1.940119e+003;4.587886e-002
1.940601e+003;4.594446e-002
1.941083e+003;4.600137e-002
1.941566e+003;4.605506e-002
1.942048e+003;4.611203e-002
1.942530e+003;4.617956e-002
1.943012e+003;4.625794e-002
1.943494e+003;4.634268e-002
1.943976e+003;4.642134e-002
1.944458e+003;4.648010e-002
1.944941e+003;4.650927e-002
1.945423e+003;4.650690e-002
1.945905e+003;4.647816e-002
1.946387e+003;4.643694e-002
1.946869e+003;4.639495e-002
1.947351e+003;4.636506e-002
1.947833e+003;4.635132e-002
1.948316e+003;4.635788e-002
1.948798e+003;4.638347e-002
1.949280e+003;4.643329e-002
1.949762e+003;4.651036e-002
1.950244e+003;4.662086e-002
1.950726e+003;4.676297e-002
1.951208e+003;4.693004e-002
1.951691e+003;4.710500e-002
1.952173e+003;4.726894e-002
1.952655e+003;4.740342e-002
1.953137e+003;4.750019e-002
1.953619e+003;4.755874e-002
1.954101e+003;4.758849e-002
1.954583e+003;4.760106e-002
1.955066e+003;4.760766e-002
1.955548e+003;4.761227e-002
1.956030e+003;4.761627e-002
1.956512e+003;4.761977e-002
1.956994e+003;4.762917e-002
1.957476e+003;4.765339e-002
1.957958e+003;4.770686e-002
1.958440e+003;4.779775e-002
1.958923e+003;4.792960e-002
1.959405e+003;4.808977e-002
1.959887e+003;4.826145e-002
1.960369e+003;4.842581e-002
1.960851e+003;4.857494e-002
1.961333e+003;4.870990e-002
1.961815e+003;4.884461e-002
1.962298e+003;4.898931e-002
1.962780e+003;4.914897e-002
1.963262e+003;4.930970e-002
1.963744e+003;4.944909e-002
1.964226e+003;4.953550e-002
1.964708e+003;4.955222e-002
1.965190e+003;4.949565e-002
1.965672e+003;4.938619e-002
1.966155e+003;4.925508e-002
1.966637e+003;4.913884e-002
1.967119e+003;4.906004e-002
1.967601e+003;4.902532e-002
1.968083e+003;4.902642e-002
1.968565e+003;4.904810e-002
1.969047e+003;4.907477e-002
1.969530e+003;4.910447e-002
1.970012e+003;4.914249e-002
1.970494e+003;4.920188e-002
1.970976e+003;4.929112e-002
1.971458e+003;4.941314e-002
1.971940e+003;4.955883e-002
1.972422e+003;4.971803e-002
1.972905e+003;4.987949e-002
1.973387e+003;5.004493e-002
1.973869e+003;5.022288e-002
1.974351e+003;5.043307e-002
1.974833e+003;5.069366e-002
1.975315e+003;5.101682e-002
1.975797e+003;5.140113e-002
1.976280e+003;5.182786e-002
1.976762e+003;5.225994e-002
1.977244e+003;5.264999e-002
1.977726e+003;5.294387e-002
1.978208e+003;5.309915e-002
1.978690e+003;5.308949e-002
1.979172e+003;5.292094e-002
1.979655e+003;5.262234e-002
1.980137e+003;5.225175e-002
1.980619e+003;5.187279e-002
1.981101e+003;5.154955e-002
1.981583e+003;5.132344e-002
1.982065e+003;5.121213e-002
1.982547e+003;5.119823e-002
1.983029e+003;5.124325e-002
1.983512e+003;5.130035e-002
1.983994e+003;5.133159e-002
1.984476e+003;5.131762e-002
1.984958e+003;5.126600e-002
1.985440e+003;5.120187e-002
1.985922e+003;5.115963e-002
1.986404e+003;5.116520e-002
1.986887e+003;5.123184e-002
1.987369e+003;5.135364e-002
1.987851e+003;5.151276e-002
1.988333e+003;5.168388e-002
1.988815e+003;5.184817e-002
1.989297e+003;5.199100e-002
1.989779e+003;5.211046e-002
1.990261e+003;5.220644e-002
1.990744e+003;5.228748e-002
1.991226e+003;5.235881e-002
1.991708e+003;5.242933e-002
1.992190e+003;5.250136e-002
1.992672e+003;5.257883e-002
1.993154e+003;5.265786e-002
1.993636e+003;5.273393e-002
1.994119e+003;5.279275e-002
1.994601e+003;5.282202e-002
1.995083e+003;5.280521e-002
1.995565e+003;5.273785e-002
1.996047e+003;5.261938e-002
1.996529e+003;5.246376e-002
1.997011e+003;5.229220e-002
1.997494e+003;5.213528e-002
1.997976e+003;5.202063e-002
1.998458e+003;5.197427e-002
1.998940e+003;5.201332e-002
1.999422e+003;5.214537e-002
1.999904e+003;5.236218e-002
2.000386e+003;5.264454e-002
2.000869e+003;5.295721e-002
2.001351e+003;5.326033e-002
2.001833e+003;5.350823e-002
2.002315e+003;5.366972e-002
2.002797e+003;5.372769e-002
2.003279e+003;5.369543e-002
2.003761e+003;5.360505e-002
2.004244e+003;5.351031e-002
2.004726e+003;5.346216e-002
2.005208e+003;5.350581e-002
2.005690e+003;5.365749e-002
2.006172e+003;5.390681e-002
2.006654e+003;5.422249e-002
2.007136e+003;5.456426e-002
2.007618e+003;5.489362e-002
2.008101e+003;5.519008e-002
2.008583e+003;5.544612e-002
2.009065e+003;5.567284e-002
2.009547e+003;5.587912e-002
2.010029e+003;5.607787e-002
2.010511e+003;5.626637e-002
2.010993e+003;5.643893e-002
2.011476e+003;5.657426e-002
2.011958e+003;5.665383e-002
2.012440e+003;5.665246e-002
2.012922e+003;5.656007e-002
2.013404e+003;5.637245e-002
2.013886e+003;5.610707e-002
2.014368e+003;5.579960e-002
2.014850e+003;5.550362e-002
2.015333e+003;5.527552e-002
2.015815e+003;5.516632e-002
2.016297e+003;5.520413e-002
2.016779e+003;5.539022e-002
2.017261e+003;5.568847e-002
2.017743e+003;5.604581e-002
2.018225e+003;5.639803e-002
2.018708e+003;5.669447e-002
2.019190e+003;5.689980e-002
2.019672e+003;5.700729e-002
2.020154e+003;5.702440e-002
2.020636e+003;5.697250e-002
2.021118e+003;5.687076e-002
2.021600e+003;5.673705e-002
2.022083e+003;5.658785e-002
2.022565e+003;5.644418e-002
2.023047e+003;5.632826e-002
2.023529e+003;5.626878e-002
2.024011e+003;5.628325e-002
2.024493e+003;5.638184e-002
2.024975e+003;5.654923e-002
2.025458e+003;5.676011e-002
2.025940e+003;5.697112e-002
2.026422e+003;5.715483e-002
2.026904e+003;5.729048e-002
2.027386e+003;5.738354e-002
2.027868e+003;5.745241e-002
2.028350e+003;5.752490e-002
2.028833e+003;5.761967e-002
2.029315e+003;5.774485e-002
2.029797e+003;5.789408e-002
2.030279e+003;5.805784e-002
2.030761e+003;5.822328e-002
2.031243e+003;5.838975e-002
2.031725e+003;5.856295e-002
2.032207e+003;5.875531e-002
2.032690e+003;5.897214e-002
2.033172e+003;5.921345e-002
2.033654e+003;5.946235e-002
2.034136e+003;5.969737e-002
2.034618e+003;5.989244e-002
2.035100e+003;6.003163e-002
2.035582e+003;6.010728e-002
2.036065e+003;6.012642e-002
2.036547e+003;6.010268e-002
2.037029e+003;6.005528e-002
2.037511e+003;6.000245e-002
2.037993e+003;5.996144e-002
2.038475e+003;5.994122e-002
2.038957e+003;5.994976e-002
2.039439e+003;5.998585e-002
2.039922e+003;6.004725e-002
2.040404e+003;6.012497e-002
2.040886e+003;6.021039e-002
2.041368e+003;6.029094e-002
2.041850e+003;6.036007e-002
2.042332e+003;6.040822e-002
2.042814e+003;6.043219e-002
2.043297e+003;6.042870e-002
2.043779e+003;6.040033e-002
2.044261e+003;6.035056e-002
2.044743e+003;6.029069e-002
2.045225e+003;6.023651e-002
2.045707e+003;6.021190e-002
2.046189e+003;6.023625e-002
2.046672e+003;6.032657e-002
2.047154e+003;6.048533e-002
2.047636e+003;6.070011e-002
2.048118e+003;6.094287e-002
2.048600e+003;6.117976e-002
2.049082e+003;6.137883e-002
2.049564e+003;6.152250e-002
2.050047e+003;6.160795e-002
2.050529e+003;6.165141e-002
2.051011e+003;6.167303e-002
2.051493e+003;6.169694e-002
2.051975e+003;6.173679e-002
2.052457e+003;6.179787e-002
2.052939e+003;6.187407e-002
2.053422e+003;6.195468e-002
2.053904e+003;6.202583e-002
2.054386e+003;6.207980e-002
2.054868e+003;6.211248e-002
2.055350e+003;6.212975e-002
2.055832e+003;6.213716e-002
2.056314e+003;6.214722e-002
2.056796e+003;6.216653e-002
2.057279e+003;6.220280e-002
2.057761e+003;6.225679e-002
2.058243e+003;6.232563e-002
2.058725e+003;6.240195e-002
2.059207e+003;6.247804e-002
2.059689e+003;6.254228e-002
2.060171e+003;6.258935e-002
2.060654e+003;6.261864e-002
2.061136e+003;6.263586e-002
2.061618e+003;6.265000e-002
2.062100e+003;6.267177e-002
2.062582e+003;6.270649e-002
2.063064e+003;6.275583e-002
2.063546e+003;6.281156e-002
2.064029e+003;6.286424e-002
2.064511e+003;6.290329e-002
2.064993e+003;6.292524e-002
2.065475e+003;6.293273e-002
2.065957e+003;6.293502e-002
2.066439e+003;6.294265e-002
2.066921e+003;6.296512e-002
2.067404e+003;6.300297e-002
2.067886e+003;6.305190e-002
2.068368e+003;6.310380e-002
2.068850e+003;6.315168e-002
2.069332e+003;6.319177e-002
2.069814e+003;6.322814e-002
2.070296e+003;6.326552e-002
2.070779e+003;6.331170e-002
2.071260e+003;6.336664e-002
2.071743e+003;6.342874e-002
2.072225e+003;6.348787e-002
2.072707e+003;6.353810e-002
2.073189e+003;6.357293e-002
2.073671e+003;6.359597e-002
2.074153e+003;6.361266e-002
2.074635e+003;6.363475e-002
2.075118e+003;6.367014e-002
2.075600e+003;6.372131e-002
2.076082e+003;6.378536e-002
2.076564e+003;6.385549e-002
2.077046e+003;6.392327e-002
2.077528e+003;6.398468e-002
2.078010e+003;6.404024e-002
2.078493e+003;6.409717e-002
2.078975e+003;6.416174e-002
2.079457e+003;6.423996e-002
2.079939e+003;6.433032e-002
2.080421e+003;6.442600e-002
2.080903e+003;6.451230e-002
2.081385e+003;6.457622e-002
2.081868e+003;6.460562e-002
2.082350e+003;6.460006e-002
2.082832e+003;6.456668e-002
2.083314e+003;6.452313e-002
2.083796e+003;6.449024e-002
2.084278e+003;6.448767e-002
2.084760e+003;6.452543e-002
2.085243e+003;6.460380e-002
2.085725e+003;6.470995e-002
2.086207e+003;6.482603e-002
2.086689e+003;6.493229e-002
2.087171e+003;6.501789e-002
2.087653e+003;6.507861e-002
2.088135e+003;6.512486e-002
2.088617e+003;6.516808e-002
2.089100e+003;6.522068e-002
2.089582e+003;6.528476e-002
2.090064e+003;6.535526e-002
2.090546e+003;6.541561e-002
2.091028e+003;6.545028e-002
2.091510e+003;6.544936e-002
2.091992e+003;6.541692e-002
2.092475e+003;6.536888e-002
2.092957e+003;6.533186e-002
2.093439e+003;6.533066e-002
2.093921e+003;6.538127e-002
2.094403e+003;6.548215e-002
2.094885e+003;6.561539e-002
2.095367e+003;6.575102e-002
2.095850e+003;6.586020e-002
2.096332e+003;6.592187e-002
2.096814e+003;6.593330e-002
2.097296e+003;6.590431e-002
2.097778e+003;6.585797e-002
2.098260e+003;6.581608e-002
2.098742e+003;6.579734e-002
2.099225e+003;6.580738e-002
2.099707e+003;6.584417e-002
2.100189e+003;6.589787e-002
2.100671e+003;6.595888e-002
2.101153e+003;6.601705e-002
2.101635e+003;6.607046e-002
2.102117e+003;6.611774e-002
2.102600e+003;6.616249e-002
2.103082e+003;6.620568e-002
2.103564e+003;6.625054e-002
2.104046e+003;6.629623e-002
2.104528e+003;6.634299e-002
2.105010e+003;6.638976e-002
2.105492e+003;6.643858e-002
2.105974e+003;6.648882e-002
2.106457e+003;6.654264e-002
2.106939e+003;6.660058e-002
2.107421e+003;6.666464e-002
2.107903e+003;6.673376e-002
2.108385e+003;6.680771e-002
2.108867e+003;6.688297e-002
2.109349e+003;6.695660e-002
2.109832e+003;6.702193e-002
2.110314e+003;6.707478e-002
2.110796e+003;6.711006e-002
2.111278e+003;6.712697e-002
2.111760e+003;6.712475e-002
2.112242e+003;6.710701e-002
2.112724e+003;6.707617e-002
2.113207e+003;6.703596e-002
2.113689e+003;6.698713e-002
2.114171e+003;6.693143e-002
2.114653e+003;6.686945e-002
2.115135e+003;6.680473e-002
2.115617e+003;6.674232e-002
2.116099e+003;6.669088e-002
2.116582e+003;6.665803e-002
2.117064e+003;6.665067e-002
2.117546e+003;6.667014e-002
2.118028e+003;6.671339e-002
2.118510e+003;6.676964e-002
2.118992e+003;6.682757e-002
2.119474e+003;6.687214e-002
2.119957e+003;6.689356e-002
2.120438e+003;6.688420e-002
2.120921e+003;6.684501e-002
2.121403e+003;6.678032e-002
2.121885e+003;6.669883e-002
2.122367e+003;6.661072e-002
2.122849e+003;6.652740e-002
2.123331e+003;6.645510e-002
2.123813e+003;6.639887e-002
2.124296e+003;6.635729e-002
2.124778e+003;6.632788e-002
2.125260e+003;6.630480e-002
2.125742e+003;6.628381e-002
2.126224e+003;6.626122e-002
2.126706e+003;6.623802e-002
2.127188e+003;6.621426e-002
2.127671e+003;6.619035e-002
2.128153e+003;6.616127e-002
2.128635e+003;6.611996e-002
2.129117e+003;6.605347e-002
2.129599e+003;6.595082e-002
2.130081e+003;6.580811e-002
2.130563e+003;6.563345e-002
2.131046e+003;6.544791e-002
2.131528e+003;6.528665e-002
2.132010e+003;6.518665e-002
2.132492e+003;6.518206e-002
2.132974e+003;6.528720e-002
2.133456e+003;6.549387e-002
2.133938e+003;6.576611e-002
2.134421e+003;6.605160e-002
2.134903e+003;6.628873e-002
2.135385e+003;6.642859e-002
2.135867e+003;6.643993e-002
2.136349e+003;6.632514e-002
2.136831e+003;6.611176e-002
2.137313e+003;6.584808e-002
2.137795e+003;6.558869e-002
2.138278e+003;6.538415e-002
2.138760e+003;6.526545e-002
2.139242e+003;6.524427e-002
2.139724e+003;6.530935e-002
2.140206e+003;6.543970e-002
2.140688e+003;6.560795e-002
2.141170e+003;6.579320e-002
2.141653e+003;6.598337e-002
2.142135e+003;6.617867e-002
2.142617e+003;6.637866e-002
2.143099e+003;6.658222e-002
2.143581e+003;6.677237e-002
2.144063e+003;6.692302e-002
2.144545e+003;6.699650e-002
2.145028e+003;6.696115e-002
2.145510e+003;6.679747e-002
2.145992e+003;6.651523e-002
2.146474e+003;6.614665e-002
2.146956e+003;6.574806e-002
2.147438e+003;6.537634e-002
2.147920e+003;6.508175e-002
2.148403e+003;6.489068e-002
2.148885e+003;6.480594e-002
2.149367e+003;6.480345e-002
2.149849e+003;6.485272e-002
2.150331e+003;6.491622e-002
2.150813e+003;6.496540e-002
2.151295e+003;6.498011e-002
2.151778e+003;6.494951e-002
2.152260e+003;6.486652e-002
2.152742e+003;6.473304e-002
2.153224e+003;6.455556e-002
2.153706e+003;6.435650e-002
2.154188e+003;6.416486e-002
2.154670e+003;6.402685e-002
2.155152e+003;6.398688e-002
2.155635e+003;6.408693e-002
2.156117e+003;6.434435e-002
2.156599e+003;6.475499e-002
2.157081e+003;6.528252e-002
2.157563e+003;6.587415e-002
2.158045e+003;6.646669e-002
2.158527e+003;6.701084e-002
2.159010e+003;6.746835e-002
2.159492e+003;6.782848e-002
2.159974e+003;6.809209e-002
2.160456e+003;6.826895e-002
2.160938e+003;6.836826e-002
2.161420e+003;6.840417e-002
2.161902e+003;6.838407e-002
2.162385e+003;6.832604e-002
2.162867e+003;6.824132e-002
2.163349e+003;6.814715e-002
2.163831e+003;6.805071e-002
2.164313e+003;6.795787e-002
2.164795e+003;6.786368e-002
2.165277e+003;6.776760e-002
2.165760e+003;6.766355e-002
2.166242e+003;6.755452e-002
2.166724e+003;6.744243e-002
2.167206e+003;6.733509e-002
2.167688e+003;6.723405e-002
2.168170e+003;6.714115e-002
2.168652e+003;6.705537e-002
2.169135e+003;6.697707e-002
2.169616e+003;6.690712e-002
2.170099e+003;6.684982e-002
2.170581e+003;6.680878e-002
2.171063e+003;6.678508e-002
2.171545e+003;6.676879e-002
2.172027e+003;6.674600e-002
2.172509e+003;6.669622e-002
2.172991e+003;6.660362e-002
2.173474e+003;6.646115e-002
2.173956e+003;6.628038e-002
2.174438e+003;6.608255e-002
2.174920e+003;6.589969e-002
2.175402e+003;6.575617e-002
2.175884e+003;6.566215e-002
2.176366e+003;6.560984e-002
2.176849e+003;6.557567e-002
2.177331e+003;6.553004e-002
2.177813e+003;6.545229e-002
2.178295e+003;6.533638e-002
2.178777e+003;6.520040e-002
2.179259e+003;6.507551e-002
2.179741e+003;6.500281e-002
2.180224e+003;6.501053e-002
2.180706e+003;6.511569e-002
2.181188e+003;6.530451e-002
2.181670e+003;6.554892e-002
2.182152e+003;6.580495e-002
2.182634e+003;6.603161e-002
2.183116e+003;6.619248e-002
2.183598e+003;6.626946e-002
2.184081e+003;6.625786e-002
2.184563e+003;6.616732e-002
2.185045e+003;6.601046e-002
2.185527e+003;6.580660e-002
2.186009e+003;6.557087e-002
2.186491e+003;6.532243e-002
2.186973e+003;6.507490e-002
2.187456e+003;6.484649e-002
2.187938e+003;6.464789e-002
2.188420e+003;6.449086e-002
2.188902e+003;6.437631e-002
2.189384e+003;6.430184e-002
2.189866e+003;6.425381e-002
2.190348e+003;6.421789e-002
2.190831e+003;6.417704e-002
2.191313e+003;6.411830e-002
2.191795e+003;6.403951e-002
2.192277e+003;6.394645e-002
2.192759e+003;6.385143e-002
2.193241e+003;6.377222e-002
2.193723e+003;6.371965e-002
2.194206e+003;6.370224e-002
2.194688e+003;6.371236e-002
2.195170e+003;6.373770e-002
2.195652e+003;6.375567e-002
2.196134e+003;6.375100e-002
2.196616e+003;6.370975e-002
2.197098e+003;6.363509e-002
2.197581e+003;6.353767e-002
2.198063e+003;6.344108e-002
2.198545e+003;6.336688e-002
2.199027e+003;6.333218e-002
2.199509e+003;6.334023e-002
2.199991e+003;6.338052e-002
2.200473e+003;6.342831e-002
2.200955e+003;6.345522e-002
2.201438e+003;6.343482e-002
2.201920e+003;6.335719e-002
2.202402e+003;6.322495e-002
2.202884e+003;6.306031e-002
2.203366e+003;6.289057e-002
2.203848e+003;6.274612e-002
2.204330e+003;6.264319e-002
2.204813e+003;6.258474e-002
2.205295e+003;6.255490e-002
2.205777e+003;6.253424e-002
2.206259e+003;6.249939e-002
2.206741e+003;6.244140e-002
2.207223e+003;6.236254e-002
2.207705e+003;6.228093e-002
2.208188e+003;6.221560e-002
2.208670e+003;6.218280e-002
2.209152e+003;6.218146e-002
2.209634e+003;6.219947e-002
2.210116e+003;6.220985e-002
2.210598e+003;6.219051e-002
2.211080e+003;6.212458e-002
2.211563e+003;6.201909e-002
2.212045e+003;6.189346e-002
2.212527e+003;6.178098e-002
2.213009e+003;6.171023e-002
2.213491e+003;6.169990e-002
2.213973e+003;6.174400e-002
2.214455e+003;6.181942e-002
2.214938e+003;6.189260e-002
2.215419e+003;6.193221e-002
2.215902e+003;6.191633e-002
2.216384e+003;6.184475e-002
2.216866e+003;6.173305e-002
2.217348e+003;6.160721e-002
2.217830e+003;6.149221e-002
2.218312e+003;6.140482e-002
2.218794e+003;6.134609e-002
2.219277e+003;6.130574e-002
2.219759e+003;6.126701e-002
2.220241e+003;6.121628e-002
2.220723e+003;6.114592e-002
2.221205e+003;6.106204e-002
2.221687e+003;6.097704e-002
2.222169e+003;6.090729e-002
2.222652e+003;6.086426e-002
2.223134e+003;6.085103e-002
2.223616e+003;6.085959e-002
2.224098e+003;6.087585e-002
2.224580e+003;6.087978e-002
2.225062e+003;6.085993e-002
2.225544e+003;6.080965e-002
2.226027e+003;6.073518e-002
2.226509e+003;6.064637e-002
2.226991e+003;6.056020e-002
2.227473e+003;6.048704e-002
2.227955e+003;6.043365e-002
2.228437e+003;6.039619e-002
2.228919e+003;6.036996e-002
2.229402e+003;6.034489e-002
2.229884e+003;6.031704e-002
2.230366e+003;6.028840e-002
2.230848e+003;6.026439e-002
2.231330e+003;6.025160e-002
2.231812e+003;6.025478e-002
2.232294e+003;6.027032e-002
2.232776e+003;6.028885e-002
2.233259e+003;6.029359e-002
2.233741e+003;6.027188e-002
2.234223e+003;6.021440e-002
2.234705e+003;6.012286e-002
2.235187e+003;6.000842e-002
2.235669e+003;5.988938e-002
2.236151e+003;5.978275e-002
2.236634e+003;5.970272e-002
2.237116e+003;5.965112e-002
2.237598e+003;5.962282e-002
2.238080e+003;5.960555e-002
2.238562e+003;5.958621e-002
2.239044e+003;5.955298e-002
2.239526e+003;5.950096e-002
2.240009e+003;5.942982e-002
2.240491e+003;5.934571e-002
2.240973e+003;5.925171e-002
2.241455e+003;5.915411e-002
2.241937e+003;5.905468e-002
2.242419e+003;5.895710e-002
2.242901e+003;5.886232e-002
2.243384e+003;5.877233e-002
2.243866e+003;5.868926e-002
2.244348e+003;5.861411e-002
2.244830e+003;5.854464e-002
2.245312e+003;5.847616e-002
2.245794e+003;5.840315e-002
2.246276e+003;5.832182e-002
2.246759e+003;5.823050e-002
2.247240e+003;5.813321e-002
2.247723e+003;5.803716e-002
2.248205e+003;5.795364e-002
2.248687e+003;5.788677e-002
2.249169e+003;5.783940e-002
2.249651e+003;5.780379e-002
2.250133e+003;5.777015e-002
2.250615e+003;5.772525e-002
2.251098e+003;5.766309e-002
2.251580e+003;5.758380e-002
2.252062e+003;5.749926e-002
2.252544e+003;5.742617e-002
2.253026e+003;5.738075e-002
2.253508e+003;5.737395e-002
2.253990e+003;5.740530e-002
2.254473e+003;5.746004e-002
2.254955e+003;5.751615e-002
2.255437e+003;5.754668e-002
2.255919e+003;5.753400e-002
2.256401e+003;5.746868e-002
2.256883e+003;5.735743e-002
2.257365e+003;5.721473e-002
2.257848e+003;5.706178e-002
2.258330e+003;5.691480e-002
2.258812e+003;5.678569e-002
2.259294e+003;5.667527e-002
2.259776e+003;5.658139e-002
2.260258e+003;5.649811e-002
2.260740e+003;5.642162e-002
2.261223e+003;5.635381e-002
2.261705e+003;5.629868e-002
2.262187e+003;5.626076e-002
2.262669e+003;5.624124e-002
2.263151e+003;5.623583e-002
2.263633e+003;5.623677e-002
2.264115e+003;5.623176e-002
2.264597e+003;5.621194e-002
2.265080e+003;5.617083e-002
2.265562e+003;5.610960e-002
2.266044e+003;5.603061e-002
2.266526e+003;5.594204e-002
2.267008e+003;5.584892e-002
2.267490e+003;5.575782e-002
2.267972e+003;5.567219e-002
2.268455e+003;5.559758e-002
2.268937e+003;5.553788e-002
2.269419e+003;5.549830e-002
2.269901e+003;5.547969e-002
2.270383e+003;5.548201e-002
2.270865e+003;5.549689e-002
2.271347e+003;5.551545e-002
2.271830e+003;5.552523e-002
2.272312e+003;5.551925e-002
2.272794e+003;5.549503e-002
2.273276e+003;5.545884e-002
2.273758e+003;5.542096e-002
2.274240e+003;5.539181e-002
2.274722e+003;5.537781e-002
2.275205e+003;5.537911e-002
2.275687e+003;5.538757e-002
2.276169e+003;5.539133e-002
2.276651e+003;5.537952e-002
2.277133e+003;5.534808e-002
2.277615e+003;5.529923e-002
2.278097e+003;5.524324e-002
2.278580e+003;5.519284e-002
2.279062e+003;5.515971e-002
2.279544e+003;5.514814e-002
2.280026e+003;5.515653e-002
2.280508e+003;5.517387e-002
2.280990e+003;5.518713e-002
2.281472e+003;5.518313e-002
2.281954e+003;5.515482e-002
2.282437e+003;5.509907e-002
2.282919e+003;5.502300e-002
2.283401e+003;5.493513e-002
2.283883e+003;5.484644e-002
2.284365e+003;5.476700e-002
2.284847e+003;5.470367e-002
2.285329e+003;5.465768e-002
2.285812e+003;5.462840e-002
2.286294e+003;5.461047e-002
2.286776e+003;5.459925e-002
2.287258e+003;5.458882e-002
2.287740e+003;5.457518e-002
2.288222e+003;5.455504e-002
2.288704e+003;5.452649e-002
2.289187e+003;5.448782e-002
2.289669e+003;5.443798e-002
2.290151e+003;5.437603e-002
2.290633e+003;5.430203e-002
2.291115e+003;5.421613e-002
2.291597e+003;5.412059e-002
2.292079e+003;5.401779e-002
2.292562e+003;5.391151e-002
2.293044e+003;5.380495e-002
2.293526e+003;5.370116e-002
2.294008e+003;5.360273e-002
2.294490e+003;5.351258e-002
2.294972e+003;5.343348e-002
2.295454e+003;5.336944e-002
2.295937e+003;5.332359e-002
2.296418e+003;5.329882e-002
2.296901e+003;5.329428e-002
2.297383e+003;5.330611e-002
2.297865e+003;5.332589e-002
2.298347e+003;5.334399e-002
2.298829e+003;5.335036e-002
2.299311e+003;5.333759e-002
2.299793e+003;5.330289e-002
2.300276e+003;5.324934e-002
2.300758e+003;5.318283e-002
2.301240e+003;5.311228e-002
2.301722e+003;5.304427e-002
2.302204e+003;5.298452e-002
2.302686e+003;5.293463e-002
2.303168e+003;5.289454e-002
2.303651e+003;5.286175e-002
2.304133e+003;5.283540e-002
2.304615e+003;5.281249e-002
2.305097e+003;5.279164e-002
2.305579e+003;5.277088e-002
2.306061e+003;5.274784e-002
2.306543e+003;5.272053e-002
2.307026e+003;5.268797e-002
2.307508e+003;5.265063e-002
2.307990e+003;5.261148e-002
2.308472e+003;5.257330e-002
2.308954e+003;5.254003e-002
2.309436e+003;5.251334e-002
2.309918e+003;5.249366e-002
2.310401e+003;5.247889e-002
2.310883e+003;5.246644e-002
2.311365e+003;5.245220e-002
2.311847e+003;5.243361e-002
2.312329e+003;5.240741e-002
2.312811e+003;5.237216e-002
2.313293e+003;5.232437e-002
2.313775e+003;5.226364e-002
2.314258e+003;5.218996e-002
2.314740e+003;5.210714e-002
2.315222e+003;5.202314e-002
2.315704e+003;5.194914e-002
2.316186e+003;5.189579e-002
2.316668e+003;5.187159e-002
2.317150e+003;5.187802e-002
2.317633e+003;5.190944e-002
2.318115e+003;5.195420e-002
2.318597e+003;5.199826e-002
2.319079e+003;5.202921e-002
2.319561e+003;5.204222e-002
2.320043e+003;5.203822e-002
2.320525e+003;5.202580e-002
2.321008e+003;5.201240e-002
2.321490e+003;5.200400e-002
2.321972e+003;5.199844e-002
2.322454e+003;5.198752e-002
2.322936e+003;5.195869e-002
2.323418e+003;5.189985e-002
2.323900e+003;5.180516e-002
2.324383e+003;5.167582e-002
2.324865e+003;5.152027e-002
2.325347e+003;5.135372e-002
2.325829e+003;5.118989e-002
2.326311e+003;5.104199e-002
2.326793e+003;5.091715e-002
2.327275e+003;5.081799e-002
2.327758e+003;5.074174e-002
2.328240e+003;5.068395e-002
2.328722e+003;5.063928e-002
2.329204e+003;5.060320e-002
2.329686e+003;5.057294e-002
2.330168e+003;5.054614e-002
2.330650e+003;5.052146e-002
2.331132e+003;5.049780e-002
2.331615e+003;5.047398e-002
2.332097e+003;5.044982e-002
2.332579e+003;5.042491e-002
2.333061e+003;5.039983e-002
2.333543e+003;5.037408e-002
2.334025e+003;5.034694e-002
2.334507e+003;5.031677e-002
2.334990e+003;5.028221e-002
2.335472e+003;5.024080e-002
2.335954e+003;5.019212e-002
2.336436e+003;5.013749e-002
2.336918e+003;5.008047e-002
2.337400e+003;5.002515e-002
2.337882e+003;4.997655e-002
2.338365e+003;4.993844e-002
2.338847e+003;4.991284e-002
2.339329e+003;4.989976e-002
2.339811e+003;4.989685e-002
2.340293e+003;4.990021e-002
2.340775e+003;4.990504e-002
2.341257e+003;4.990594e-002
2.341740e+003;4.989854e-002
2.342222e+003;4.987898e-002
2.342704e+003;4.984547e-002
2.343186e+003;4.979873e-002
2.343668e+003;4.974113e-002
2.344150e+003;4.967714e-002
2.344632e+003;4.961175e-002
2.345115e+003;4.954975e-002
2.345596e+003;4.949426e-002
2.346079e+003;4.944487e-002
2.346561e+003;4.940026e-002
2.347043e+003;4.935588e-002
2.347525e+003;4.930847e-002
2.348007e+003;4.925580e-002
2.348489e+003;4.919716e-002
2.348971e+003;4.913497e-002
2.349454e+003;4.907179e-002
2.349936e+003;4.901005e-002
2.350418e+003;4.895163e-002
2.350900e+003;4.889532e-002
2.351382e+003;4.883923e-002
2.351864e+003;4.878139e-002
2.352346e+003;4.872133e-002
2.352829e+003;4.865994e-002
2.353311e+003;4.860139e-002
2.353793e+003;4.855025e-002
2.354275e+003;4.851053e-002
2.354757e+003;4.848349e-002
2.355239e+003;4.846806e-002
2.355721e+003;4.845915e-002
2.356204e+003;4.845098e-002
2.356686e+003;4.843732e-002
2.357168e+003;4.841528e-002
2.357650e+003;4.838325e-002
2.358132e+003;4.834302e-002
2.358614e+003;4.829695e-002
2.359096e+003;4.824759e-002
2.359579e+003;4.819622e-002
2.360061e+003;4.814345e-002
2.360543e+003;4.808845e-002
2.361025e+003;4.803212e-002
2.361507e+003;4.797632e-002
2.361989e+003;4.792535e-002
2.362471e+003;4.788272e-002
2.362953e+003;4.785287e-002
2.363436e+003;4.783630e-002
2.363918e+003;4.783186e-002
2.364400e+003;4.783472e-002
2.364882e+003;4.783931e-002
2.365364e+003;4.783945e-002
2.365846e+003;4.783121e-002
2.366328e+003;4.781320e-002
2.366811e+003;4.778597e-002
2.367293e+003;4.775191e-002
2.367775e+003;4.771364e-002
2.368257e+003;4.767347e-002
2.368739e+003;4.763228e-002
2.369221e+003;4.758936e-002
2.369703e+003;4.754378e-002
2.370186e+003;4.749465e-002
2.370668e+003;4.744080e-002
2.371150e+003;4.738317e-002
2.371632e+003;4.732335e-002
2.372114e+003;4.726385e-002
2.372596e+003;4.720910e-002
2.373078e+003;4.716164e-002
2.373561e+003;4.712571e-002
2.374043e+003;4.710144e-002
2.374525e+003;4.708910e-002
2.375007e+003;4.708440e-002
2.375489e+003;4.708267e-002
2.375971e+003;4.707864e-002
2.376453e+003;4.706560e-002
2.376936e+003;4.704219e-002
2.377417e+003;4.700753e-002
2.377900e+003;4.696405e-002
2.378382e+003;4.691642e-002
2.378864e+003;4.686902e-002
2.379346e+003;4.682613e-002
2.379828e+003;4.678966e-002
2.380310e+003;4.675986e-002
2.380792e+003;4.673458e-002
2.381275e+003;4.671161e-002
2.381757e+003;4.668714e-002
2.382239e+003;4.665744e-002
2.382721e+003;4.662080e-002
2.383203e+003;4.657588e-002
2.383685e+003;4.652228e-002
2.384167e+003;4.646203e-002
2.384650e+003;4.639903e-002
2.385132e+003;4.633800e-002
2.385614e+003;4.628281e-002
2.386096e+003;4.623736e-002
2.386578e+003;4.620279e-002
2.387060e+003;4.617864e-002
2.387542e+003;4.616183e-002
2.388025e+003;4.614873e-002
2.388507e+003;4.613521e-002
2.388989e+003;4.611878e-002
2.389471e+003;4.609763e-002
2.389953e+003;4.607100e-002
2.390435e+003;4.603940e-002
2.390917e+003;4.600314e-002
2.391400e+003;4.596280e-002
2.391882e+003;4.592071e-002
2.392364e+003;4.587885e-002
2.392846e+003;4.584045e-002
2.393328e+003;4.580716e-002
2.393810e+003;4.578109e-002
2.394292e+003;4.575972e-002
2.394774e+003;4.573999e-002
2.395257e+003;4.571711e-002
2.395739e+003;4.568716e-002
2.396221e+003;4.564857e-002
2.396703e+003;4.560483e-002
2.397185e+003;4.556097e-002
2.397667e+003;4.552498e-002
2.398149e+003;4.550217e-002
2.398632e+003;4.549463e-002
2.399114e+003;4.549921e-002
2.399596e+003;4.550894e-002
2.400078e+003;4.551551e-002
2.400560e+003;4.551302e-002
2.401042e+003;4.549964e-002
2.401524e+003;4.547969e-002
2.402007e+003;4.546022e-002
2.402489e+003;4.545013e-002
2.402971e+003;4.545484e-002
2.403453e+003;4.547544e-002
2.403935e+003;4.550612e-002
2.404417e+003;4.553854e-002
2.404899e+003;4.556108e-002
2.405382e+003;4.556530e-002
2.405864e+003;4.554604e-002
2.406346e+003;4.550361e-002
2.406828e+003;4.544234e-002
2.407310e+003;4.536998e-002
2.407792e+003;4.529450e-002
2.408274e+003;4.522382e-002
2.408757e+003;4.516296e-002
2.409239e+003;4.511549e-002
2.409721e+003;4.508143e-002
2.410203e+003;4.506060e-002
2.410685e+003;4.504984e-002
2.411167e+003;4.504609e-002
2.411649e+003;4.504559e-002
2.412131e+003;4.504592e-002
2.412614e+003;4.504383e-002
2.413096e+003;4.503755e-002
2.413578e+003;4.502568e-002
2.414060e+003;4.500787e-002
2.414542e+003;4.498305e-002
2.415024e+003;4.495193e-002
2.415506e+003;4.491445e-002
2.415989e+003;4.487237e-002
2.416471e+003;4.482742e-002
2.416953e+003;4.478180e-002
2.417435e+003;4.473874e-002
2.417917e+003;4.469967e-002
2.418399e+003;4.466628e-002
2.418881e+003;4.463898e-002
2.419364e+003;4.461684e-002
2.419846e+003;4.459879e-002
2.420328e+003;4.458233e-002
2.420810e+003;4.456577e-002
2.421292e+003;4.454568e-002
2.421774e+003;4.452081e-002
2.422256e+003;4.448891e-002
2.422739e+003;4.444911e-002
2.423221e+003;4.440301e-002
2.423703e+003;4.435396e-002
2.424185e+003;4.430665e-002
2.424667e+003;4.426737e-002
2.425149e+003;4.424064e-002
2.425631e+003;4.423032e-002
2.426114e+003;4.423577e-002
2.426595e+003;4.425420e-002
2.427078e+003;4.427909e-002
2.427560e+003;4.430400e-002
2.428042e+003;4.432236e-002
2.428524e+003;4.433225e-002
2.429006e+003;4.433350e-002
2.429488e+003;4.433087e-002
2.429970e+003;4.432985e-002
2.430453e+003;4.433571e-002
2.430935e+003;4.435181e-002
2.431417e+003;4.437842e-002
2.431899e+003;4.441126e-002
2.432381e+003;4.444368e-002
2.432863e+003;4.446821e-002
2.433345e+003;4.447786e-002
2.433828e+003;4.446691e-002
2.434310e+003;4.443425e-002
2.434792e+003;4.438054e-002
2.435274e+003;4.431140e-002
2.435756e+003;4.423266e-002
2.436238e+003;4.415287e-002
2.436720e+003;4.407928e-002
2.437203e+003;4.401940e-002
2.437685e+003;4.397733e-002
2.438167e+003;4.395562e-002
2.438649e+003;4.395387e-002
2.439131e+003;4.396863e-002
2.439613e+003;4.399316e-002
2.440095e+003;4.401855e-002
2.440578e+003;4.403576e-002
2.441060e+003;4.403788e-002
2.441542e+003;4.401993e-002
2.442024e+003;4.398206e-002
2.442506e+003;4.392891e-002
2.442988e+003;4.386934e-002
2.443470e+003;4.381378e-002
2.443952e+003;4.377230e-002
2.444435e+003;4.375181e-002
2.444917e+003;4.375412e-002
2.445399e+003;4.377609e-002
2.445881e+003;4.380879e-002
2.446363e+003;4.384116e-002
2.446845e+003;4.386162e-002
2.447327e+003;4.386080e-002
2.447810e+003;4.383326e-002
2.448292e+003;4.377918e-002
2.448774e+003;4.370385e-002
2.449256e+003;4.361623e-002
2.449738e+003;4.352799e-002
2.450220e+003;4.345029e-002
2.450702e+003;4.339397e-002
2.451185e+003;4.336519e-002
2.451667e+003;4.336679e-002
2.452149e+003;4.339690e-002
2.452631e+003;4.345004e-002
2.453113e+003;4.351709e-002
2.453595e+003;4.358839e-002
2.454077e+003;4.365347e-002
2.454560e+003;4.370509e-002
2.455042e+003;4.373731e-002
2.455524e+003;4.374904e-002
2.456006e+003;4.374203e-002
2.456488e+003;4.372119e-002
2.456970e+003;4.369194e-002
2.457452e+003;4.365937e-002
2.457935e+003;4.362543e-002
2.458417e+003;4.359038e-002
2.458899e+003;4.355055e-002
2.459381e+003;4.350282e-002
2.459863e+003;4.344412e-002
2.460345e+003;4.337621e-002
2.460827e+003;4.330329e-002
2.461310e+003;4.323382e-002
2.461792e+003;4.317714e-002
2.462274e+003;4.314091e-002
2.462756e+003;4.312735e-002
2.463238e+003;4.313385e-002
2.463720e+003;4.315342e-002
2.464202e+003;4.317683e-002
2.464684e+003;4.319624e-002
2.465167e+003;4.320708e-002
2.465649e+003;4.320872e-002
2.466131e+003;4.320432e-002
2.466613e+003;4.319746e-002
2.467095e+003;4.319041e-002
2.467577e+003;4.318157e-002
2.468059e+003;4.316761e-002
2.468542e+003;4.314361e-002
2.469024e+003;4.310758e-002
2.469506e+003;4.305943e-002
2.469988e+003;4.300360e-002
2.470470e+003;4.294733e-002
2.470952e+003;4.289657e-002
2.471434e+003;4.285534e-002
2.471917e+003;4.282577e-002
2.472399e+003;4.280625e-002
2.472881e+003;4.279422e-002
2.473363e+003;4.278849e-002
2.473845e+003;4.278838e-002
2.474327e+003;4.279459e-002
2.474809e+003;4.280839e-002
2.475292e+003;4.282834e-002
2.475774e+003;4.285247e-002
2.476256e+003;4.287704e-002
2.476738e+003;4.289846e-002
2.477220e+003;4.291595e-002
2.477702e+003;4.293054e-002
2.478184e+003;4.294393e-002
2.478667e+003;4.295930e-002
2.479148e+003;4.297628e-002
2.479631e+003;4.299276e-002
2.480113e+003;4.300292e-002
2.480595e+003;4.300101e-002
2.481077e+003;4.298328e-002
2.481559e+003;4.294928e-002
2.482041e+003;4.290311e-002
2.482523e+003;4.285169e-002
2.483006e+003;4.280283e-002
2.483488e+003;4.276294e-002
2.483970e+003;4.273494e-002
2.484452e+003;4.271882e-002
2.484934e+003;4.271272e-002
2.485416e+003;4.271398e-002
2.485898e+003;4.272047e-002
2.486381e+003;4.273064e-002
2.486863e+003;4.274227e-002
2.487345e+003;4.275433e-002
2.487827e+003;4.276493e-002
2.488309e+003;4.277176e-002
2.488791e+003;4.277447e-002
2.489273e+003;4.277401e-002
2.489756e+003;4.277182e-002
2.490238e+003;4.276989e-002
2.490720e+003;4.276846e-002
2.491202e+003;4.276524e-002
2.491684e+003;4.275531e-002
2.492166e+003;4.273300e-002
2.492648e+003;4.269410e-002
2.493131e+003;4.263920e-002
2.493613e+003;4.257328e-002
2.494095e+003;4.250554e-002
2.494577e+003;4.244627e-002
2.495059e+003;4.240435e-002
2.495541e+003;4.238366e-002
2.496023e+003;4.238152e-002
2.496505e+003;4.239142e-002
2.496988e+003;4.240538e-002
2.497470e+003;4.241529e-002
2.497952e+003;4.241831e-002
2.498434e+003;4.241471e-002
2.498916e+003;4.241006e-002
2.499398e+003;4.241015e-002
2.499880e+003;4.241988e-002
2.500363e+003;4.244133e-002
2.500845e+003;4.247356e-002
2.501327e+003;4.250958e-002
2.501809e+003;4.254321e-002
2.502291e+003;4.256476e-002
2.502773e+003;4.256875e-002
2.503255e+003;4.255098e-002
2.503738e+003;4.251207e-002
2.504220e+003;4.245624e-002
2.504702e+003;4.239340e-002
2.505184e+003;4.233156e-002
2.505666e+003;4.228076e-002
2.506148e+003;4.224737e-002
2.506630e+003;4.223417e-002
2.507113e+003;4.223867e-002
2.507595e+003;4.225544e-002
2.508077e+003;4.227738e-002
2.508559e+003;4.229898e-002
2.509041e+003;4.231679e-002
2.509523e+003;4.232993e-002
2.510005e+003;4.233928e-002
2.510488e+003;4.234646e-002
2.510969e+003;4.235096e-002
2.511452e+003;4.235148e-002
2.511934e+003;4.234447e-002
2.512416e+003;4.232682e-002
2.512898e+003;4.229616e-002
2.513380e+003;4.225320e-002
2.513862e+003;4.220061e-002
2.514344e+003;4.214332e-002
2.514827e+003;4.208576e-002
2.515309e+003;4.203277e-002
2.515791e+003;4.198703e-002
2.516273e+003;4.195020e-002
2.516755e+003;4.192192e-002
2.517237e+003;4.190240e-002
2.517719e+003;4.189006e-002
2.518202e+003;4.188412e-002
2.518684e+003;4.188165e-002
2.519166e+003;4.188065e-002
2.519648e+003;4.187851e-002
2.520130e+003;4.187377e-002
2.520612e+003;4.186599e-002
2.521094e+003;4.185673e-002
2.521577e+003;4.184902e-002
2.522059e+003;4.184651e-002
2.522541e+003;4.184991e-002
2.523023e+003;4.185904e-002
2.523505e+003;4.187156e-002
2.523987e+003;4.188329e-002
2.524469e+003;4.188886e-002
2.524952e+003;4.188478e-002
2.525434e+003;4.186913e-002
2.525916e+003;4.184294e-002
2.526398e+003;4.180780e-002
2.526880e+003;4.176760e-002
2.527362e+003;4.172546e-002
2.527844e+003;4.168471e-002
2.528326e+003;4.164853e-002
2.528809e+003;4.161914e-002
2.529291e+003;4.159853e-002
2.529773e+003;4.158887e-002
2.530255e+003;4.159001e-002
2.530737e+003;4.160055e-002
2.531219e+003;4.161683e-002
2.531701e+003;4.163312e-002
2.532184e+003;4.164401e-002
2.532666e+003;4.164611e-002
2.533148e+003;4.163616e-002
2.533630e+003;4.161758e-002
2.534112e+003;4.159489e-002
2.534594e+003;4.157447e-002
2.535076e+003;4.156309e-002
2.535559e+003;4.156385e-002
2.536041e+003;4.157524e-002
2.536523e+003;4.159187e-002
2.537005e+003;4.160501e-002
2.537487e+003;4.160637e-002
2.537969e+003;4.158948e-002
2.538451e+003;4.155310e-002
2.538934e+003;4.150185e-002
2.539416e+003;4.144526e-002
2.539898e+003;4.139484e-002
2.540380e+003;4.136032e-002
2.540862e+003;4.134736e-002
2.541344e+003;4.135608e-002
2.541826e+003;4.137950e-002
2.542309e+003;4.140719e-002
2.542791e+003;4.142694e-002
2.543273e+003;4.142964e-002
2.543755e+003;4.140984e-002
2.544237e+003;4.136911e-002
2.544719e+003;4.131315e-002
2.545201e+003;4.125225e-002
2.545683e+003;4.119571e-002
2.546166e+003;4.115273e-002
2.546648e+003;4.112837e-002
2.547130e+003;4.112390e-002
2.547612e+003;4.113624e-002
2.548094e+003;4.116112e-002
2.548576e+003;4.119318e-002
2.549058e+003;4.122798e-002
2.549541e+003;4.126059e-002
2.550023e+003;4.128961e-002
2.550505e+003;4.131321e-002
2.550987e+003;4.133146e-002
2.551469e+003;4.134287e-002
2.551951e+003;4.134717e-002
2.552433e+003;4.134488e-002
2.552916e+003;4.133575e-002
2.553398e+003;4.132047e-002
2.553880e+003;4.130104e-002
2.554362e+003;4.128072e-002
2.554844e+003;4.126312e-002
2.555326e+003;4.125140e-002
2.555808e+003;4.124898e-002
2.556291e+003;4.125642e-002
2.556773e+003;4.127326e-002
2.557255e+003;4.129625e-002
2.557737e+003;4.132066e-002
2.558219e+003;4.134139e-002
2.558701e+003;4.135428e-002
2.559183e+003;4.135538e-002
2.559666e+003;4.134504e-002
2.560147e+003;4.132298e-002
2.560630e+003;4.129281e-002
2.561112e+003;4.125779e-002
2.561594e+003;4.122186e-002
2.562076e+003;4.118849e-002
2.562558e+003;4.116135e-002
2.563040e+003;4.114344e-002
2.563522e+003;4.113726e-002
2.564005e+003;4.114456e-002
2.564487e+003;4.116613e-002
2.564969e+003;4.119962e-002
2.565451e+003;4.123992e-002
2.565933e+003;4.127942e-002
2.566415e+003;4.130960e-002
2.566897e+003;4.132142e-002
2.567380e+003;4.131118e-002
2.567862e+003;4.127796e-002
2.568344e+003;4.122893e-002
2.568826e+003;4.117361e-002
2.569308e+003;4.112322e-002
2.569790e+003;4.108712e-002
2.570272e+003;4.107017e-002
2.570755e+003;4.107002e-002
2.571237e+003;4.108081e-002
2.571719e+003;4.109382e-002
2.572201e+003;4.110320e-002
2.572683e+003;4.110462e-002
2.573165e+003;4.109986e-002
2.573647e+003;4.109367e-002
2.574130e+003;4.109234e-002
2.574612e+003;4.109942e-002
2.575094e+003;4.111632e-002
2.575576e+003;4.113996e-002
2.576058e+003;4.116678e-002
2.576540e+003;4.119176e-002
2.577022e+003;4.121329e-002
2.577504e+003;4.123137e-002
2.577987e+003;4.124847e-002
2.578469e+003;4.126611e-002
2.578951e+003;4.128527e-002
2.579433e+003;4.130266e-002
2.579915e+003;4.131499e-002
2.580397e+003;4.131685e-002
2.580879e+003;4.130585e-002
2.581362e+003;4.128162e-002
2.581844e+003;4.124806e-002
2.582326e+003;4.121103e-002
2.582808e+003;4.117886e-002
2.583290e+003;4.115769e-002
2.583772e+003;4.115399e-002
2.584254e+003;4.116941e-002
2.584737e+003;4.120321e-002
2.585219e+003;4.125044e-002
2.585701e+003;4.130346e-002
2.586183e+003;4.135223e-002
2.586665e+003;4.138600e-002
2.587147e+003;4.139594e-002
2.587629e+003;4.137857e-002
2.588112e+003;4.133592e-002
2.588594e+003;4.127724e-002
2.589076e+003;4.121729e-002
2.589558e+003;4.117219e-002
2.590040e+003;4.115386e-002
2.590522e+003;4.116856e-002
2.591004e+003;4.121112e-002
2.591487e+003;4.127037e-002
2.591969e+003;4.132972e-002
2.592451e+003;4.137457e-002
2.592933e+003;4.139474e-002
2.593415e+003;4.138880e-002
2.593897e+003;4.136235e-002
2.594379e+003;4.132606e-002
2.594861e+003;4.129022e-002
2.595344e+003;4.126319e-002
2.595826e+003;4.124784e-002
2.596308e+003;4.124212e-002
2.596790e+003;4.124174e-002
2.597272e+003;4.124245e-002
2.597754e+003;4.124117e-002
2.598236e+003;4.123829e-002
2.598719e+003;4.123549e-002
2.599201e+003;4.123680e-002
2.599683e+003;4.124516e-002
2.600165e+003;4.126255e-002
2.600647e+003;4.129013e-002
2.601129e+003;4.132764e-002
2.601611e+003;4.137376e-002
2.602094e+003;4.142712e-002
2.602576e+003;4.148445e-002
2.603058e+003;4.154350e-002
2.603540e+003;4.159952e-002
2.604022e+003;4.164920e-002
2.604504e+003;4.168825e-002
2.604986e+003;4.171424e-002
2.605469e+003;4.172519e-002
2.605951e+003;4.172171e-002
2.606433e+003;4.170406e-002
2.606915e+003;4.167585e-002
2.607397e+003;4.163963e-002
2.607879e+003;4.160054e-002
2.608361e+003;4.156394e-002
2.608844e+003;4.153629e-002
2.609325e+003;4.152164e-002
2.609808e+003;4.152491e-002
2.610290e+003;4.154541e-002
2.610772e+003;4.158217e-002
2.611254e+003;4.162817e-002
2.611736e+003;4.167634e-002
2.612218e+003;4.172013e-002
2.612700e+003;4.175397e-002
2.613183e+003;4.177785e-002
2.613665e+003;4.179417e-002
2.614147e+003;4.180800e-002
2.614629e+003;4.182712e-002
2.615111e+003;4.185641e-002
2.615593e+003;4.189803e-002
2.616075e+003;4.194982e-002
2.616558e+003;4.200694e-002
2.617040e+003;4.205985e-002
2.617522e+003;4.210153e-002
2.618004e+003;4.212558e-002
2.618486e+003;4.213127e-002
2.618968e+003;4.212110e-002
2.619450e+003;4.210211e-002
2.619933e+003;4.208265e-002
2.620415e+003;4.207040e-002
2.620897e+003;4.207129e-002
2.621379e+003;4.208578e-002
2.621861e+003;4.211156e-002
2.622343e+003;4.214437e-002
2.622825e+003;4.217836e-002
2.623308e+003;4.220966e-002
2.623790e+003;4.223726e-002
2.624272e+003;4.226271e-002
2.624754e+003;4.228888e-002
2.625236e+003;4.231796e-002
2.625718e+003;4.235065e-002
2.626200e+003;4.238534e-002
2.626682e+003;4.241669e-002
2.627165e+003;4.243965e-002
2.627647e+003;4.244934e-002
2.628129e+003;4.244457e-002
2.628611e+003;4.242669e-002
2.629093e+003;4.240174e-002
2.629575e+003;4.237751e-002
2.630057e+003;4.236221e-002
2.630540e+003;4.236238e-002
2.631022e+003;4.238082e-002
2.631504e+003;4.241646e-002
2.631986e+003;4.246523e-002
2.632468e+003;4.251954e-002
2.632950e+003;4.257287e-002
2.633432e+003;4.261898e-002
2.633915e+003;4.265559e-002
2.634397e+003;4.268170e-002
2.634879e+003;4.270093e-002
2.635361e+003;4.271708e-002
2.635843e+003;4.273541e-002
2.636325e+003;4.275973e-002
2.636807e+003;4.279222e-002
2.637290e+003;4.283207e-002
2.637772e+003;4.287764e-002
2.638254e+003;4.292441e-002
2.638736e+003;4.296720e-002
2.639218e+003;4.300138e-002
2.639700e+003;4.302304e-002
2.640182e+003;4.303036e-002
2.640665e+003;4.302358e-002
2.641146e+003;4.300573e-002
2.641629e+003;4.298259e-002
2.642111e+003;4.296163e-002
2.642593e+003;4.295038e-002
2.643075e+003;4.295467e-002
2.643557e+003;4.297824e-002
2.644039e+003;4.301954e-002
2.644521e+003;4.307506e-002
2.645004e+003;4.313741e-002
2.645486e+003;4.319942e-002
2.645968e+003;4.325509e-002
2.646450e+003;4.330113e-002
2.646932e+003;4.333652e-002
2.647414e+003;4.336363e-002
2.647896e+003;4.338520e-002
2.648379e+003;4.340439e-002
2.648861e+003;4.342314e-002
2.649343e+003;4.344372e-002
2.649825e+003;4.346612e-002
2.650307e+003;4.349209e-002
2.650789e+003;4.352216e-002
2.651271e+003;4.355718e-002
2.651754e+003;4.359713e-002
2.652236e+003;4.364084e-002
2.652718e+003;4.368483e-002
2.653200e+003;4.372590e-002
2.653682e+003;4.376090e-002
2.654164e+003;4.378784e-002
2.654646e+003;4.380667e-002
2.655129e+003;4.381984e-002
2.655611e+003;4.382944e-002
2.656093e+003;4.383867e-002
2.656575e+003;4.384873e-002
2.657057e+003;4.386035e-002
2.657539e+003;4.387361e-002
2.658021e+003;4.388761e-002
2.658503e+003;4.390233e-002
2.658986e+003;4.391781e-002
2.659468e+003;4.393465e-002
2.659950e+003;4.395177e-002
2.660432e+003;4.396899e-002
2.660914e+003;4.398420e-002
2.661396e+003;4.399555e-002
2.661878e+003;4.400232e-002
2.662361e+003;4.400498e-002
2.662843e+003;4.400535e-002
2.663325e+003;4.400644e-002
2.663807e+003;4.401193e-002
2.664289e+003;4.402402e-002
2.664771e+003;4.404327e-002
2.665253e+003;4.406958e-002
2.665736e+003;4.410095e-002
2.666218e+003;4.413453e-002
2.666700e+003;4.416831e-002
2.667182e+003;4.419943e-002
2.667664e+003;4.422688e-002
2.668146e+003;4.424884e-002
2.668628e+003;4.426621e-002
2.669111e+003;4.427999e-002
2.669593e+003;4.429277e-002
2.670075e+003;4.430868e-002
2.670557e+003;4.433231e-002
2.671039e+003;4.436559e-002
2.671521e+003;4.441039e-002
2.672003e+003;4.446367e-002
2.672486e+003;4.452156e-002
2.672968e+003;4.457828e-002
2.673450e+003;4.462857e-002
2.673932e+003;4.466967e-002
2.674414e+003;4.470167e-002
2.674896e+003;4.472677e-002
2.675378e+003;4.474819e-002
2.675860e+003;4.476942e-002
2.676343e+003;4.479178e-002
2.676825e+003;4.481533e-002
2.677307e+003;4.483955e-002
2.677789e+003;4.486275e-002
2.678271e+003;4.488668e-002
2.678753e+003;4.491248e-002
2.679235e+003;4.494280e-002
2.679718e+003;4.497986e-002
2.680200e+003;4.502534e-002
2.680682e+003;4.507831e-002
2.681164e+003;4.513675e-002
2.681646e+003;4.519760e-002
2.682128e+003;4.525876e-002
2.682610e+003;4.531781e-002
2.683093e+003;4.537421e-002
2.683575e+003;4.542655e-002
2.684057e+003;4.547513e-002
2.684539e+003;4.551852e-002
2.685021e+003;4.555584e-002
2.685503e+003;4.558614e-002
2.685985e+003;4.560941e-002
2.686468e+003;4.562630e-002
2.686950e+003;4.563856e-002
2.687432e+003;4.564981e-002
2.687914e+003;4.566337e-002
2.688396e+003;4.568101e-002
2.688878e+003;4.570559e-002
2.689360e+003;4.573714e-002
2.689843e+003;4.577565e-002
2.690324e+003;4.581898e-002
2.690807e+003;4.586541e-002
2.691289e+003;4.591174e-002
2.691771e+003;4.595587e-002
2.692253e+003;4.599648e-002
2.692735e+003;4.603321e-002
2.693217e+003;4.606707e-002
2.693699e+003;4.609936e-002
2.694182e+003;4.613166e-002
2.694664e+003;4.616481e-002
2.695146e+003;4.619796e-002
2.695628e+003;4.623048e-002
2.696110e+003;4.626012e-002
2.696592e+003;4.628661e-002
2.697074e+003;4.631032e-002
2.697557e+003;4.633385e-002
2.698039e+003;4.636064e-002
2.698521e+003;4.639413e-002
2.699003e+003;4.643582e-002
2.699485e+003;4.648674e-002
2.699967e+003;4.654485e-002
2.700449e+003;4.660752e-002
2.700932e+003;4.667182e-002
2.701414e+003;4.673557e-002
2.701896e+003;4.679645e-002
2.702378e+003;4.685428e-002
2.702860e+003;4.690747e-002
2.703342e+003;4.695611e-002
2.703824e+003;4.699993e-002
2.704307e+003;4.703992e-002
2.704789e+003;4.707713e-002
2.705271e+003;4.711492e-002
2.705753e+003;4.715542e-002
2.706235e+003;4.720013e-002
2.706717e+003;4.724821e-002
2.707199e+003;4.729669e-002
2.707681e+003;4.734014e-002
2.708164e+003;4.737463e-002
2.708646e+003;4.739764e-002
2.709128e+003;4.741048e-002
2.709610e+003;4.741732e-002
2.710092e+003;4.742482e-002
2.710574e+003;4.743812e-002
2.711056e+003;4.746087e-002
2.711539e+003;4.749279e-002
2.712021e+003;4.753126e-002
2.712503e+003;4.757218e-002
2.712985e+003;4.761322e-002
2.713467e+003;4.765360e-002
2.713949e+003;4.769615e-002
2.714431e+003;4.774433e-002
2.714914e+003;4.780116e-002
2.715396e+003;4.786764e-002
2.715878e+003;4.794136e-002
2.716360e+003;4.801802e-002
2.716842e+003;4.809256e-002
2.717324e+003;4.816167e-002
2.717806e+003;4.822397e-002
2.718289e+003;4.828104e-002
2.718771e+003;4.833540e-002
2.719253e+003;4.839053e-002
2.719735e+003;4.844783e-002
2.720217e+003;4.850769e-002
2.720699e+003;4.856899e-002
2.721181e+003;4.863049e-002
2.721664e+003;4.869201e-002
2.722146e+003;4.875383e-002
2.722628e+003;4.881822e-002
2.723110e+003;4.888507e-002
2.723592e+003;4.895514e-002
2.724074e+003;4.902599e-002
2.724556e+003;4.909565e-002
2.725038e+003;4.916061e-002
2.725521e+003;4.921882e-002
2.726003e+003;4.927029e-002
2.726485e+003;4.931705e-002
2.726967e+003;4.936166e-002
2.727449e+003;4.940770e-002
2.727931e+003;4.945601e-002
2.728413e+003;4.950736e-002
2.728896e+003;4.955986e-002
2.729378e+003;4.961104e-002
2.729860e+003;4.965848e-002
2.730342e+003;4.970206e-002
2.730824e+003;4.974197e-002
2.731306e+003;4.978039e-002
2.731788e+003;4.981985e-002
2.732271e+003;4.986236e-002
2.732753e+003;4.990846e-002
2.733235e+003;4.995826e-002
2.733717e+003;5.001062e-002
2.734199e+003;5.006517e-002
2.734681e+003;5.012126e-002
2.735163e+003;5.018067e-002
2.735646e+003;5.024427e-002
2.736128e+003;5.031356e-002
2.736610e+003;5.038893e-002
2.737092e+003;5.046868e-002
2.737574e+003;5.054902e-002
2.738056e+003;5.062693e-002
2.738538e+003;5.069863e-002
2.739021e+003;5.076315e-002
2.739502e+003;5.082040e-002
2.739985e+003;5.087434e-002
2.740467e+003;5.092888e-002
2.740949e+003;5.098809e-002
2.741431e+003;5.105394e-002
2.741913e+003;5.112646e-002
2.742395e+003;5.120270e-002
2.742877e+003;5.127887e-002
2.743360e+003;5.135024e-002
2.743842e+003;5.141431e-002
2.744324e+003;5.146997e-002
2.744806e+003;5.151957e-002
2.745288e+003;5.156527e-002
2.745770e+003;5.161185e-002
2.746252e+003;5.166216e-002
2.746735e+003;5.171799e-002
2.747217e+003;5.177925e-002
2.747699e+003;5.184453e-002
2.748181e+003;5.191107e-002
2.748663e+003;5.197659e-002
2.749145e+003;5.203927e-002
2.749627e+003;5.209979e-002
2.750110e+003;5.215900e-002
2.750592e+003;5.222041e-002
2.751074e+003;5.228604e-002
2.751556e+003;5.235863e-002
2.752038e+003;5.243812e-002
2.752520e+003;5.252364e-002
2.753002e+003;5.261176e-002
2.753485e+003;5.269896e-002
2.753967e+003;5.278296e-002
2.754449e+003;5.286145e-002
2.754931e+003;5.293530e-002
2.755413e+003;5.300640e-002
2.755895e+003;5.307695e-002
2.756377e+003;5.314839e-002
2.756859e+003;5.322167e-002
2.757342e+003;5.329593e-002
2.757824e+003;5.336945e-002
2.758306e+003;5.344108e-002
2.758788e+003;5.350988e-002
2.759270e+003;5.357660e-002
2.759752e+003;5.364247e-002
2.760234e+003;5.371009e-002
2.760717e+003;5.378098e-002
2.761199e+003;5.385592e-002
2.761681e+003;5.393616e-002
2.762163e+003;5.402168e-002
2.762645e+003;5.411270e-002
2.763127e+003;5.420959e-002
2.763609e+003;5.431131e-002
2.764092e+003;5.441623e-002
2.764574e+003;5.452091e-002
2.765056e+003;5.462198e-002
2.765538e+003;5.471550e-002
2.766020e+003;5.479996e-002
2.766502e+003;5.487552e-002
2.766984e+003;5.494622e-002
2.767467e+003;5.501704e-002
2.767949e+003;5.509306e-002
2.768431e+003;5.517766e-002
2.768913e+003;5.527093e-002
2.769395e+003;5.536953e-002
2.769877e+003;5.546902e-002
2.770359e+003;5.556424e-002
2.770841e+003;5.565342e-002
2.771323e+003;5.573697e-002
2.771806e+003;5.581834e-002
2.772288e+003;5.590185e-002
2.772770e+003;5.599155e-002
2.773252e+003;5.608908e-002
2.773734e+003;5.619367e-002
2.774216e+003;5.630158e-002
2.774698e+003;5.640992e-002
2.775181e+003;5.651570e-002
2.775663e+003;5.661834e-002
2.776145e+003;5.671823e-002
2.776627e+003;5.681757e-002
2.777109e+003;5.691743e-002
2.777591e+003;5.701781e-002
2.778073e+003;5.711728e-002
2.778556e+003;5.721291e-002
2.779038e+003;5.730210e-002
2.779520e+003;5.738322e-002
2.780002e+003;5.745635e-002
2.780484e+003;5.752390e-002
2.780966e+003;5.759013e-002
2.781448e+003;5.765985e-002
2.781931e+003;5.773714e-002
2.782413e+003;5.782538e-002
2.782895e+003;5.792516e-002
2.783377e+003;5.803572e-002
2.783859e+003;5.815360e-002
2.784341e+003;5.827500e-002
2.784823e+003;5.839606e-002
2.785305e+003;5.851368e-002
2.785788e+003;5.862573e-002
2.786270e+003;5.873192e-002
2.786752e+003;5.883232e-002
2.787234e+003;5.892907e-002
2.787716e+003;5.902249e-002
2.788198e+003;5.911388e-002
2.788680e+003;5.920308e-002
2.789163e+003;5.929008e-002
2.789645e+003;5.937450e-002
2.790127e+003;5.945681e-002
2.790609e+003;5.953739e-002
2.791091e+003;5.961820e-002
2.791573e+003;5.970089e-002
2.792055e+003;5.978738e-002
2.792538e+003;5.988004e-002
2.793020e+003;5.997916e-002
2.793502e+003;6.008550e-002
2.793984e+003;6.019870e-002
2.794466e+003;6.031719e-002
2.794948e+003;6.043972e-002
2.795430e+003;6.056387e-002
2.795913e+003;6.068922e-002
2.796395e+003;6.081453e-002
2.796877e+003;6.093979e-002
2.797359e+003;6.106570e-002
2.797841e+003;6.119340e-002
2.798323e+003;6.132379e-002
2.798805e+003;6.145785e-002
2.799288e+003;6.159488e-002
2.799770e+003;6.173567e-002
2.800252e+003;6.187898e-002
2.800734e+003;6.202390e-002
2.801216e+003;6.217005e-002
2.801698e+003;6.231685e-002
2.802180e+003;6.246206e-002
2.802662e+003;6.260478e-002
2.803145e+003;6.274297e-002
2.803627e+003;6.287504e-002
2.804109e+003;6.300023e-002
2.804591e+003;6.311863e-002
2.805073e+003;6.323226e-002
2.805555e+003;6.334397e-002
2.806037e+003;6.345741e-002
2.806520e+003;6.357460e-002
2.807002e+003;6.369743e-002
2.807484e+003;6.382648e-002
2.807966e+003;6.396089e-002
2.808448e+003;6.409945e-002
2.808930e+003;6.424142e-002
2.809412e+003;6.438737e-002
2.809895e+003;6.453652e-002
2.810377e+003;6.468928e-002
2.810859e+003;6.484514e-002
2.811341e+003;6.500371e-002
2.811823e+003;6.516383e-002
2.812305e+003;6.532530e-002
2.812787e+003;6.548792e-002
2.813270e+003;6.565249e-002
2.813752e+003;6.581880e-002
2.814234e+003;6.598625e-002
2.814716e+003;6.615250e-002
2.815198e+003;6.631528e-002
2.815680e+003;6.647135e-002
2.816162e+003;6.662007e-002
2.816645e+003;6.676246e-002
2.817126e+003;6.690224e-002
2.817609e+003;6.704504e-002
2.818091e+003;6.719708e-002
2.818573e+003;6.736131e-002
2.819055e+003;6.753825e-002
2.819537e+003;6.772495e-002
2.820019e+003;6.791548e-002
2.820501e+003;6.810303e-002
2.820984e+003;6.828158e-002
2.821466e+003;6.844717e-002
2.821948e+003;6.859878e-002
2.822430e+003;6.873839e-002
2.822912e+003;6.886924e-002
2.823394e+003;6.899689e-002
2.823876e+003;6.912637e-002
2.824359e+003;6.926224e-002
2.824841e+003;6.940856e-002
2.825323e+003;6.956644e-002
2.825805e+003;6.973637e-002
2.826287e+003;6.991520e-002
2.826769e+003;7.010035e-002
2.827251e+003;7.028610e-002
2.827734e+003;7.046972e-002
2.828216e+003;7.064938e-002
2.828698e+003;7.082603e-002
2.829180e+003;7.100108e-002
2.829662e+003;7.117838e-002
2.830144e+003;7.135954e-002
2.830626e+003;7.154586e-002
2.831109e+003;7.173593e-002
2.831591e+003;7.192878e-002
2.832073e+003;7.212161e-002
2.832555e+003;7.231384e-002
2.833037e+003;7.250366e-002
2.833519e+003;7.269248e-002
2.834001e+003;7.287969e-002
2.834483e+003;7.306618e-002
2.834966e+003;7.325216e-002
2.835448e+003;7.343922e-002
2.835930e+003;7.362956e-002
2.836412e+003;7.382778e-002
2.836894e+003;7.403744e-002
2.837376e+003;7.426249e-002
2.837858e+003;7.450303e-002
2.838341e+003;7.475840e-002
2.838823e+003;7.502268e-002
2.839305e+003;7.529020e-002
2.839787e+003;7.555586e-002
2.840269e+003;7.581784e-002
2.840751e+003;7.607726e-002
2.841233e+003;7.633902e-002
2.841716e+003;7.660934e-002
2.842198e+003;7.689492e-002
2.842680e+003;7.720030e-002
2.843162e+003;7.752762e-002
2.843644e+003;7.787782e-002
2.844126e+003;7.825091e-002
2.844608e+003;7.864662e-002
2.845091e+003;7.906590e-002
2.845573e+003;7.950678e-002
2.846055e+003;7.996653e-002
2.846537e+003;8.043689e-002
2.847019e+003;8.090615e-002
2.847501e+003;8.135861e-002
2.847983e+003;8.177911e-002
2.848466e+003;8.215358e-002
2.848948e+003;8.247268e-002
2.849430e+003;8.273140e-002
2.849912e+003;8.293198e-002
2.850394e+003;8.307941e-002
2.850876e+003;8.318278e-002
2.851358e+003;8.325232e-002
2.851840e+003;8.329803e-002
2.852323e+003;8.333020e-002
2.852805e+003;8.335683e-002
2.853287e+003;8.338559e-002
2.853769e+003;8.342172e-002
2.854251e+003;8.346768e-002
2.854733e+003;8.352437e-002
2.855215e+003;8.358938e-002
2.855698e+003;8.365957e-002
2.856180e+003;8.373150e-002
2.856662e+003;8.380336e-002
2.857144e+003;8.387464e-002
2.857626e+003;8.394856e-002
2.858108e+003;8.402970e-002
2.858590e+003;8.412506e-002
2.859073e+003;8.424093e-002
2.859555e+003;8.438210e-002
2.860037e+003;8.455000e-002
2.860519e+003;8.474232e-002
2.861001e+003;8.495422e-002
2.861483e+003;8.517808e-002
2.861965e+003;8.540766e-002
2.862448e+003;8.563766e-002
2.862930e+003;8.586571e-002
2.863412e+003;8.609326e-002
2.863894e+003;8.632224e-002
2.864376e+003;8.655491e-002
2.864858e+003;8.679267e-002
2.865340e+003;8.703329e-002
2.865823e+003;8.727302e-002
2.866304e+003;8.750806e-002
2.866787e+003;8.773578e-002
2.867269e+003;8.795800e-002
2.867751e+003;8.817820e-002
2.868233e+003;8.840378e-002
2.868715e+003;8.864121e-002
2.869197e+003;8.889631e-002
2.869679e+003;8.916954e-002
2.870162e+003;8.945823e-002
2.870644e+003;8.975656e-002
2.871126e+003;9.005783e-002
2.871608e+003;9.035607e-002
2.872090e+003;9.064814e-002
2.872572e+003;9.093175e-002
2.873054e+003;9.120917e-002
2.873537e+003;9.148049e-002
2.874019e+003;9.174784e-002
2.874501e+003;9.201081e-002
2.874983e+003;9.227011e-002
2.875465e+003;9.252495e-002
2.875947e+003;9.277682e-002
2.876429e+003;9.302758e-002
2.876912e+003;9.328020e-002
2.877394e+003;9.353924e-002
2.877876e+003;9.380815e-002
2.878358e+003;9.408933e-002
2.878840e+003;9.438445e-002
2.879322e+003;9.469208e-002
2.879804e+003;9.500882e-002
2.880287e+003;9.532852e-002
2.880769e+003;9.564540e-002
2.881251e+003;9.595145e-002
2.881733e+003;9.624185e-002
2.882215e+003;9.651394e-002
2.882697e+003;9.676907e-002
2.883179e+003;9.701182e-002
2.883661e+003;9.725075e-002
2.884144e+003;9.749373e-002
2.884626e+003;9.774943e-002
2.885108e+003;9.802171e-002
2.885590e+003;9.831211e-002
2.886072e+003;9.861735e-002
2.886554e+003;9.893236e-002
2.887036e+003;9.925067e-002
2.887519e+003;9.956677e-002
2.888001e+003;9.987725e-002
2.888483e+003;1.001805e-001
2.888965e+003;1.004775e-001
2.889447e+003;1.007699e-001
2.889929e+003;1.010596e-001
2.890411e+003;1.013490e-001
2.890894e+003;1.016379e-001
2.891376e+003;1.019258e-001
2.891858e+003;1.022116e-001
2.892340e+003;1.024940e-001
2.892822e+003;1.027727e-001
2.893304e+003;1.030473e-001
2.893786e+003;1.033189e-001
2.894269e+003;1.035894e-001
2.894751e+003;1.038610e-001
2.895233e+003;1.041361e-001
2.895715e+003;1.044168e-001
2.896197e+003;1.047056e-001
2.896679e+003;1.050042e-001
2.897161e+003;1.053160e-001
2.897644e+003;1.056440e-001
2.898125e+003;1.059911e-001
2.898608e+003;1.063595e-001
2.899090e+003;1.067493e-001
2.899572e+003;1.071582e-001
2.900054e+003;1.075810e-001
2.900536e+003;1.080111e-001
2.901018e+003;1.084415e-001
2.901500e+003;1.088657e-001
2.901983e+003;1.092812e-001
2.902465e+003;1.096862e-001
2.902947e+003;1.100832e-001
2.903429e+003;1.104759e-001
2.903911e+003;1.108675e-001
2.904393e+003;1.112623e-001
2.904875e+003;1.116628e-001
2.905358e+003;1.120714e-001
2.905840e+003;1.124894e-001
2.906322e+003;1.129166e-001
2.906804e+003;1.133527e-001
2.907286e+003;1.137966e-001
2.907768e+003;1.142465e-001
2.908250e+003;1.147015e-001
2.908733e+003;1.151622e-001
2.909215e+003;1.156311e-001
2.909697e+003;1.161133e-001
2.910179e+003;1.166142e-001
2.910661e+003;1.171392e-001
2.911143e+003;1.176919e-001
2.911625e+003;1.182720e-001
2.912108e+003;1.188749e-001
2.912590e+003;1.194930e-001
2.913072e+003;1.201161e-001
2.913554e+003;1.207332e-001
2.914036e+003;1.213342e-001
2.914518e+003;1.219105e-001
2.915000e+003;1.224550e-001
2.915482e+003;1.229626e-001
2.915965e+003;1.234300e-001
2.916447e+003;1.238569e-001
2.916929e+003;1.242458e-001
2.917411e+003;1.246017e-001
2.917893e+003;1.249321e-001
2.918375e+003;1.252444e-001
2.918857e+003;1.255439e-001
2.919340e+003;1.258343e-001
2.919822e+003;1.261148e-001
2.920304e+003;1.263829e-001
2.920786e+003;1.266366e-001
2.921268e+003;1.268766e-001
2.921750e+003;1.271060e-001
2.922232e+003;1.273335e-001
2.922715e+003;1.275669e-001
2.923197e+003;1.278146e-001
2.923679e+003;1.280809e-001
2.924161e+003;1.283669e-001
2.924643e+003;1.286693e-001
2.925125e+003;1.289840e-001
2.925607e+003;1.293071e-001
2.926090e+003;1.296374e-001
2.926572e+003;1.299758e-001
2.927054e+003;1.303252e-001
2.927536e+003;1.306882e-001
2.928018e+003;1.310643e-001
2.928500e+003;1.314520e-001
2.928982e+003;1.318472e-001
2.929465e+003;1.322455e-001
2.929947e+003;1.326438e-001
2.930429e+003;1.330399e-001
2.930911e+003;1.334357e-001
2.931393e+003;1.338338e-001
2.931875e+003;1.342379e-001
2.932357e+003;1.346523e-001
2.932839e+003;1.350813e-001
2.933322e+003;1.355274e-001
2.933804e+003;1.359926e-001
2.934286e+003;1.364758e-001
2.934768e+003;1.369756e-001
2.935250e+003;1.374865e-001
2.935732e+003;1.380025e-001
2.936214e+003;1.385148e-001
2.936697e+003;1.390167e-001
2.937179e+003;1.395012e-001
2.937661e+003;1.399648e-001
2.938143e+003;1.404067e-001
2.938625e+003;1.408285e-001
2.939107e+003;1.412335e-001
2.939589e+003;1.416259e-001
2.940072e+003;1.420106e-001
2.940554e+003;1.423926e-001
2.941036e+003;1.427749e-001
2.941518e+003;1.431603e-001
2.942000e+003;1.435494e-001
2.942482e+003;1.439408e-001
2.942964e+003;1.443317e-001
2.943447e+003;1.447179e-001
2.943929e+003;1.450967e-001
2.944411e+003;1.454684e-001
2.944893e+003;1.458367e-001
2.945375e+003;1.462103e-001
2.945857e+003;1.465988e-001
2.946339e+003;1.470123e-001
2.946822e+003;1.474568e-001
2.947303e+003;1.479318e-001
2.947786e+003;1.484312e-001
2.948268e+003;1.489441e-001
2.948750e+003;1.494580e-001
2.949232e+003;1.499627e-001
2.949714e+003;1.504528e-001
2.950196e+003;1.509283e-001
2.950678e+003;1.513923e-001
2.951161e+003;1.518499e-001
2.951643e+003;1.523049e-001
2.952125e+003;1.527580e-001
2.952607e+003;1.532072e-001
2.953089e+003;1.536510e-001
2.953571e+003;1.540882e-001
2.954053e+003;1.545206e-001
2.954536e+003;1.549529e-001
2.955018e+003;1.553914e-001
2.955500e+003;1.558424e-001
2.955982e+003;1.563103e-001
2.956464e+003;1.567950e-001
2.956946e+003;1.572943e-001
2.957428e+003;1.578034e-001
2.957911e+003;1.583174e-001
2.958393e+003;1.588320e-001
2.958875e+003;1.593450e-001
2.959357e+003;1.598556e-001
2.959839e+003;1.603643e-001
2.960321e+003;1.608725e-001
2.960803e+003;1.613815e-001
2.961286e+003;1.618926e-001
2.961768e+003;1.624068e-001
2.962250e+003;1.629265e-001
2.962732e+003;1.634537e-001
2.963214e+003;1.639895e-001
2.963696e+003;1.645355e-001
2.964178e+003;1.650908e-001
2.964660e+003;1.656554e-001
2.965143e+003;1.662274e-001
2.965625e+003;1.668066e-001
2.966107e+003;1.673915e-001
2.966589e+003;1.679818e-001
2.967071e+003;1.685757e-001
2.967553e+003;1.691719e-001
2.968035e+003;1.697663e-001
2.968518e+003;1.703564e-001
2.969000e+003;1.709396e-001
2.969482e+003;1.715160e-001
2.969964e+003;1.720883e-001
2.970446e+003;1.726617e-001
2.970928e+003;1.732432e-001
2.971410e+003;1.738396e-001
2.971893e+003;1.744552e-001
2.972375e+003;1.750904e-001
2.972857e+003;1.757421e-001
2.973339e+003;1.764046e-001
2.973821e+003;1.770707e-001
2.974303e+003;1.777344e-001
2.974785e+003;1.783932e-001
2.975268e+003;1.790477e-001
2.975750e+003;1.797009e-001
2.976232e+003;1.803572e-001
2.976714e+003;1.810192e-001
2.977196e+003;1.816891e-001
2.977678e+003;1.823645e-001
2.978160e+003;1.830423e-001
2.978643e+003;1.837176e-001
2.979125e+003;1.843873e-001
2.979607e+003;1.850504e-001
2.980089e+003;1.857089e-001
2.980571e+003;1.863671e-001
2.981053e+003;1.870306e-001
2.981535e+003;1.877035e-001
2.982017e+003;1.883900e-001
2.982500e+003;1.890890e-001
2.982982e+003;1.897989e-001
2.983464e+003;1.905162e-001
2.983946e+003;1.912366e-001
2.984428e+003;1.919571e-001
2.984910e+003;1.926778e-001
2.985392e+003;1.934001e-001
2.985875e+003;1.941265e-001
2.986357e+003;1.948605e-001
2.986839e+003;1.956049e-001
2.987321e+003;1.963613e-001
2.987803e+003;1.971305e-001
2.988285e+003;1.979111e-001
2.988767e+003;1.987011e-001
2.989250e+003;1.994966e-001
2.989732e+003;2.002938e-001
2.990214e+003;2.010887e-001
2.990696e+003;2.018790e-001
2.991178e+003;2.026635e-001
2.991660e+003;2.034443e-001
2.992142e+003;2.042250e-001
2.992625e+003;2.050127e-001
2.993107e+003;2.058137e-001
2.993589e+003;2.066316e-001
2.994071e+003;2.074681e-001
2.994553e+003;2.083201e-001
2.995035e+003;2.091798e-001
2.995517e+003;2.100395e-001
2.996000e+003;2.108905e-001
2.996481e+003;2.117300e-001
2.996964e+003;2.125577e-001
2.997446e+003;2.133782e-001
2.997928e+003;2.141994e-001
2.998410e+003;2.150289e-001
2.998892e+003;2.158708e-001
2.999374e+003;2.167268e-001
2.999856e+003;2.175961e-001
3.000339e+003;2.184752e-001
3.000821e+003;2.193612e-001
3.001303e+003;2.202531e-001
3.001785e+003;2.211519e-001
3.002267e+003;2.220595e-001
3.002749e+003;2.229788e-001
3.003231e+003;2.239090e-001
3.003714e+003;2.248475e-001
3.004196e+003;2.257894e-001
3.004678e+003;2.267279e-001
3.005160e+003;2.276582e-001
3.005642e+003;2.285762e-001
3.006124e+003;2.294833e-001
3.006606e+003;2.303829e-001
3.007089e+003;2.312828e-001
3.007571e+003;2.321905e-001
3.008053e+003;2.331154e-001
3.008535e+003;2.340642e-001
3.009017e+003;2.350412e-001
3.009499e+003;2.360481e-001
3.009981e+003;2.370836e-001
3.010464e+003;2.381421e-001
3.010946e+003;2.392169e-001
3.011428e+003;2.402992e-001
3.011910e+003;2.413815e-001
3.012392e+003;2.424556e-001
3.012874e+003;2.435183e-001
3.013356e+003;2.445673e-001
3.013838e+003;2.456067e-001
3.014321e+003;2.466399e-001
3.014803e+003;2.476739e-001
3.015285e+003;2.487141e-001
3.015767e+003;2.497650e-001
3.016249e+003;2.508264e-001
3.016731e+003;2.518969e-001
3.017213e+003;2.529718e-001
3.017696e+003;2.540464e-001
3.018178e+003;2.551162e-001
3.018660e+003;2.561797e-001
3.019142e+003;2.572386e-001
3.019624e+003;2.582969e-001
3.020106e+003;2.593622e-001
3.020588e+003;2.604405e-001
3.021071e+003;2.615373e-001
3.021553e+003;2.626554e-001
3.022035e+003;2.637957e-001
3.022517e+003;2.649572e-001
3.022999e+003;2.661383e-001
3.023481e+003;2.673371e-001
3.023963e+003;2.685519e-001
3.024446e+003;2.697790e-001
3.024928e+003;2.710130e-001
3.025410e+003;2.722462e-001
3.025892e+003;2.734688e-001
3.026374e+003;2.746723e-001
3.026856e+003;2.758513e-001
3.027338e+003;2.770073e-001
3.027821e+003;2.781470e-001
3.028302e+003;2.792841e-001
3.028785e+003;2.804330e-001
3.029267e+003;2.816077e-001
3.029749e+003;2.828157e-001
3.030231e+003;2.840582e-001
3.030713e+003;2.853285e-001
3.031195e+003;2.866175e-001
3.031677e+003;2.879139e-001
3.032160e+003;2.892097e-001
3.032642e+003;2.905003e-001
3.033124e+003;2.917856e-001
3.033606e+003;2.930682e-001
3.034088e+003;2.943507e-001
3.034570e+003;2.956354e-001
3.035052e+003;2.969236e-001
3.035535e+003;2.982152e-001
3.036017e+003;2.995094e-001
3.036499e+003;3.008047e-001
3.036981e+003;3.021012e-001
3.037463e+003;3.033966e-001
3.037945e+003;3.046918e-001
3.038427e+003;3.059877e-001
3.038910e+003;3.072865e-001
3.039392e+003;3.085925e-001
3.039874e+003;3.099112e-001
3.040356e+003;3.112479e-001
3.040838e+003;3.126065e-001
3.041320e+003;3.139873e-001
3.041802e+003;3.153885e-001
3.042285e+003;3.168040e-001
3.042767e+003;3.182277e-001
3.043249e+003;3.196528e-001
3.043731e+003;3.210750e-001
3.044213e+003;3.224920e-001
3.044695e+003;3.239040e-001
3.045177e+003;3.253109e-001
3.045659e+003;3.267146e-001
3.046142e+003;3.281176e-001
3.046624e+003;3.295218e-001
3.047106e+003;3.309311e-001
3.047588e+003;3.323501e-001
3.048070e+003;3.337833e-001
3.048552e+003;3.352347e-001
3.049034e+003;3.367052e-001
3.049517e+003;3.381934e-001
3.049999e+003;3.396939e-001
3.050481e+003;3.412028e-001
3.050963e+003;3.427151e-001
3.051445e+003;3.442298e-001
3.051927e+003;3.457471e-001
3.052409e+003;3.472691e-001
3.052892e+003;3.487986e-001
3.053374e+003;3.503368e-001
3.053856e+003;3.518819e-001
3.054338e+003;3.534321e-001
3.054820e+003;3.549840e-001
3.055302e+003;3.565340e-001
3.055784e+003;3.580817e-001
3.056267e+003;3.596266e-001
3.056749e+003;3.611687e-001
3.057231e+003;3.627097e-001
3.057713e+003;3.642508e-001
3.058195e+003;3.657976e-001
3.058677e+003;3.673543e-001
3.059159e+003;3.689297e-001
3.059642e+003;3.705308e-001
3.060124e+003;3.721631e-001
3.060606e+003;3.738257e-001
3.061088e+003;3.755132e-001
3.061570e+003;3.772135e-001
3.062052e+003;3.789140e-001
3.062534e+003;3.806033e-001
3.063016e+003;3.822755e-001
3.063499e+003;3.839322e-001
3.063981e+003;3.855817e-001
3.064463e+003;3.872341e-001
3.064945e+003;3.888990e-001
3.065427e+003;3.905798e-001
3.065909e+003;3.922776e-001
3.066391e+003;3.939860e-001
3.066874e+003;3.956998e-001
3.067356e+003;3.974138e-001
3.067838e+003;3.991284e-001
3.068320e+003;4.008450e-001
3.068802e+003;4.025693e-001
3.069284e+003;4.043050e-001
3.069766e+003;4.060551e-001
3.070249e+003;4.078187e-001
3.070731e+003;4.095922e-001
3.071213e+003;4.113715e-001
3.071695e+003;4.131525e-001
3.072177e+003;4.149312e-001
3.072659e+003;4.167072e-001
3.073141e+003;4.184802e-001
3.073624e+003;4.202531e-001
3.074106e+003;4.220299e-001
3.074588e+003;4.238147e-001
3.075070e+003;4.256128e-001
3.075552e+003;4.274285e-001
3.076034e+003;4.292623e-001
3.076516e+003;4.311145e-001
3.076999e+003;4.329821e-001
3.077480e+003;4.348632e-001
3.077963e+003;4.367551e-001
3.078445e+003;4.386590e-001
3.078927e+003;4.405764e-001
3.079409e+003;4.425110e-001
3.079891e+003;4.444640e-001
3.080373e+003;4.464339e-001
3.080855e+003;4.484151e-001
3.081338e+003;4.503997e-001
3.081820e+003;4.523774e-001
3.082302e+003;4.543416e-001
3.082784e+003;4.562877e-001
3.083266e+003;4.582165e-001
3.083748e+003;4.601324e-001
3.084230e+003;4.620421e-001
3.084713e+003;4.639512e-001
3.085195e+003;4.658671e-001
3.085677e+003;4.677944e-001
3.086159e+003;4.697394e-001
3.086641e+003;4.717066e-001
3.087123e+003;4.737013e-001
3.087605e+003;4.757250e-001
3.088088e+003;4.777765e-001
3.088570e+003;4.798496e-001
3.089052e+003;4.819359e-001
3.089534e+003;4.840228e-001
3.090016e+003;4.861016e-001
3.090498e+003;4.881659e-001
3.090980e+003;4.902153e-001
3.091463e+003;4.922533e-001
3.091945e+003;4.942870e-001
3.092427e+003;4.963228e-001
3.092909e+003;4.983667e-001
3.093391e+003;5.004213e-001
3.093873e+003;5.024871e-001
3.094355e+003;5.045642e-001
3.094837e+003;5.066532e-001
3.095320e+003;5.087550e-001
3.095802e+003;5.108706e-001
3.096284e+003;5.129989e-001
3.096766e+003;5.151401e-001
3.097248e+003;5.172886e-001
3.097730e+003;5.194398e-001
3.098212e+003;5.215888e-001
3.098695e+003;5.237316e-001
3.099177e+003;5.258667e-001
3.099659e+003;5.279970e-001
3.100141e+003;5.301257e-001
3.100623e+003;5.322595e-001
3.101105e+003;5.344042e-001
3.101587e+003;5.365660e-001
3.102070e+003;5.387468e-001
3.102552e+003;5.409502e-001
3.103034e+003;5.431731e-001
3.103516e+003;5.454130e-001
3.103998e+003;5.476636e-001
3.104480e+003;5.499187e-001
3.104962e+003;5.521694e-001
3.105445e+003;5.544113e-001
3.105927e+003;5.566401e-001
3.106409e+003;5.588567e-001
3.106891e+003;5.610639e-001
3.107373e+003;5.632676e-001
3.107855e+003;5.654753e-001
3.108337e+003;5.676944e-001
3.108820e+003;5.699301e-001
3.109302e+003;5.721863e-001
3.109784e+003;5.744638e-001
3.110266e+003;5.767614e-001
3.110748e+003;5.790761e-001
3.111230e+003;5.814055e-001
3.111712e+003;5.837451e-001
3.112194e+003;5.860929e-001
3.112677e+003;5.884452e-001
3.113159e+003;5.908007e-001
3.113641e+003;5.931543e-001
3.114123e+003;5.955042e-001
3.114605e+003;5.978479e-001
3.115087e+003;6.001847e-001
3.115569e+003;6.025158e-001
3.116052e+003;6.048442e-001
3.116534e+003;6.071745e-001
3.117016e+003;6.095101e-001
3.117498e+003;6.118538e-001
3.117980e+003;6.142070e-001
3.118462e+003;6.165683e-001
3.118944e+003;6.189373e-001
3.119427e+003;6.213142e-001
3.119909e+003;6.237043e-001
3.120391e+003;6.261124e-001
3.120873e+003;6.285460e-001
3.121355e+003;6.310099e-001
3.121837e+003;6.335034e-001
3.122319e+003;6.360196e-001
3.122802e+003;6.385462e-001
3.123284e+003;6.410685e-001
3.123766e+003;6.435745e-001
3.124248e+003;6.460568e-001
3.124730e+003;6.485159e-001
3.125212e+003;6.509577e-001
3.125694e+003;6.533915e-001
3.126177e+003;6.558254e-001
3.126658e+003;6.582646e-001
3.127141e+003;6.607094e-001
3.127623e+003;6.631590e-001
3.128105e+003;6.656100e-001
3.128587e+003;6.680600e-001
3.129069e+003;6.705087e-001
3.129551e+003;6.729587e-001
3.130033e+003;6.754124e-001
3.130516e+003;6.778715e-001
3.130998e+003;6.803381e-001
3.131480e+003;6.828123e-001
3.131962e+003;6.852936e-001
3.132444e+003;6.877807e-001
3.132926e+003;6.902702e-001
3.133408e+003;6.927592e-001
3.133891e+003;6.952415e-001
3.134373e+003;6.977128e-001
3.134855e+003;7.001708e-001
3.135337e+003;7.026170e-001
3.135819e+003;7.050565e-001
3.136301e+003;7.074997e-001
3.136783e+003;7.099565e-001
3.137266e+003;7.124343e-001
3.137748e+003;7.149340e-001
3.138230e+003;7.174509e-001
3.138712e+003;7.199756e-001
3.139194e+003;7.224975e-001
3.139676e+003;7.250080e-001
3.140158e+003;7.275057e-001
3.140641e+003;7.299923e-001
3.141123e+003;7.324739e-001
3.141605e+003;7.349566e-001
3.142087e+003;7.374429e-001
3.142569e+003;7.399325e-001
3.143051e+003;7.424239e-001
3.143533e+003;7.449154e-001
3.144015e+003;7.474090e-001
3.144498e+003;7.499096e-001
3.144980e+003;7.524233e-001
3.145462e+003;7.549553e-001
3.145944e+003;7.575078e-001
3.146426e+003;7.600772e-001
3.146908e+003;7.626570e-001
3.147390e+003;7.652382e-001
3.147873e+003;7.678143e-001
3.148355e+003;7.703786e-001
3.148837e+003;7.729299e-001
3.149319e+003;7.754659e-001
3.149801e+003;7.779872e-001
3.150283e+003;7.804943e-001
3.150765e+003;7.829882e-001
3.151248e+003;7.854717e-001
3.151730e+003;7.879505e-001
3.152212e+003;7.904307e-001
3.152694e+003;7.929181e-001
3.153176e+003;7.954152e-001
3.153658e+003;7.979198e-001
3.154140e+003;8.004261e-001
3.154623e+003;8.029281e-001
3.155105e+003;8.054212e-001
3.155587e+003;8.079059e-001
3.156069e+003;8.103864e-001
3.156551e+003;8.128715e-001
3.157033e+003;8.153662e-001
3.157515e+003;8.178726e-001
3.157998e+003;8.203850e-001
3.158479e+003;8.228946e-001
3.158962e+003;8.253909e-001
3.159444e+003;8.278662e-001
3.159926e+003;8.303197e-001
3.160408e+003;8.327577e-001
3.160890e+003;8.351903e-001
3.161372e+003;8.376295e-001
3.161854e+003;8.400833e-001
3.162337e+003;8.425564e-001
3.162819e+003;8.450461e-001
3.163301e+003;8.475475e-001
3.163783e+003;8.500525e-001
3.164265e+003;8.525538e-001
3.164747e+003;8.550459e-001
3.165229e+003;8.575226e-001
3.165712e+003;8.599790e-001
3.166194e+003;8.624111e-001
3.166676e+003;8.648139e-001
3.167158e+003;8.671859e-001
3.167640e+003;8.695272e-001
3.168122e+003;8.718438e-001
3.168604e+003;8.741423e-001
3.169087e+003;8.764348e-001
3.169569e+003;8.787336e-001
3.170051e+003;8.810502e-001
3.170533e+003;8.833916e-001
3.171015e+003;8.857598e-001
3.171497e+003;8.881509e-001
3.171979e+003;8.905552e-001
3.172461e+003;8.929589e-001
3.172944e+003;8.953484e-001
3.173426e+003;8.977104e-001
3.173908e+003;9.000389e-001
3.174390e+003;9.023311e-001
3.174872e+003;9.045917e-001
3.175354e+003;9.068263e-001
3.175836e+003;9.090452e-001
3.176319e+003;9.112560e-001
3.176801e+003;9.134673e-001
3.177283e+003;9.156866e-001
3.177765e+003;9.179217e-001
3.178247e+003;9.201767e-001
3.178729e+003;9.224534e-001
3.179211e+003;9.247460e-001
3.179694e+003;9.270434e-001
3.180176e+003;9.293295e-001
3.180658e+003;9.315878e-001
3.181140e+003;9.338062e-001
3.181622e+003;9.359844e-001
3.182104e+003;9.381312e-001
3.182586e+003;9.402648e-001
3.183069e+003;9.424041e-001
3.183551e+003;9.445635e-001
3.184033e+003;9.467442e-001
3.184515e+003;9.489365e-001
3.184997e+003;9.511229e-001
3.185479e+003;9.532840e-001
3.185961e+003;9.554073e-001
3.186444e+003;9.574902e-001
3.186926e+003;9.595377e-001
3.187408e+003;9.615611e-001
3.187890e+003;9.635693e-001
3.188372e+003;9.655655e-001
3.188854e+003;9.675497e-001
3.189336e+003;9.695206e-001
3.189818e+003;9.714770e-001
3.190301e+003;9.734263e-001
3.190783e+003;9.753782e-001
3.191265e+003;9.773447e-001
3.191747e+003;9.793314e-001
3.192229e+003;9.813361e-001
3.192711e+003;9.833463e-001
3.193193e+003;9.853456e-001
3.193676e+003;9.873165e-001
3.194158e+003;9.892502e-001
3.194640e+003;9.911442e-001
3.195122e+003;9.930081e-001
3.195604e+003;9.948539e-001
3.196086e+003;9.966942e-001
3.196568e+003;9.985355e-001
3.197051e+003;1.000381e+000
3.197533e+003;1.002225e+000
3.198015e+003;1.004064e+000
3.198497e+003;1.005891e+000
3.198979e+003;1.007701e+000
3.199461e+003;1.009490e+000
3.199943e+003;1.011256e+000
3.200426e+003;1.013000e+000
3.200908e+003;1.014723e+000
3.201390e+003;1.016430e+000
3.201872e+003;1.018128e+000
3.202354e+003;1.019821e+000
3.202836e+003;1.021510e+000
3.203318e+003;1.023191e+000
3.203801e+003;1.024856e+000
3.204282e+003;1.026493e+000
3.204765e+003;1.028096e+000
3.205247e+003;1.029665e+000
3.205729e+003;1.031210e+000
3.206211e+003;1.032745e+000
3.206693e+003;1.034287e+000
3.207175e+003;1.035846e+000
3.207657e+003;1.037424e+000
3.208140e+003;1.039011e+000
3.208622e+003;1.040593e+000
3.209104e+003;1.042155e+000
3.209586e+003;1.043684e+000
3.210068e+003;1.045176e+000
3.210550e+003;1.046632e+000
3.211032e+003;1.048057e+000
3.211515e+003;1.049455e+000
3.211997e+003;1.050829e+000
3.212479e+003;1.052183e+000
3.212961e+003;1.053518e+000
3.213443e+003;1.054838e+000
3.213925e+003;1.056148e+000
3.214407e+003;1.057454e+000
3.214890e+003;1.058754e+000
3.215372e+003;1.060048e+000
3.215854e+003;1.061328e+000
3.216336e+003;1.062590e+000
3.216818e+003;1.063834e+000
3.217300e+003;1.065064e+000
3.217782e+003;1.066291e+000
3.218265e+003;1.067526e+000
3.218747e+003;1.068776e+000
3.219229e+003;1.070041e+000
3.219711e+003;1.071308e+000
3.220193e+003;1.072564e+000
3.220675e+003;1.073794e+000
3.221157e+003;1.074986e+000
3.221639e+003;1.076138e+000
3.222122e+003;1.077254e+000
3.222604e+003;1.078340e+000
3.223086e+003;1.079401e+000
3.223568e+003;1.080439e+000
3.224050e+003;1.081454e+000
3.224532e+003;1.082442e+000
3.225014e+003;1.083406e+000
3.225497e+003;1.084350e+000
3.225979e+003;1.085282e+000
3.226461e+003;1.086208e+000
3.226943e+003;1.087137e+000
3.227425e+003;1.088070e+000
3.227907e+003;1.089006e+000
3.228389e+003;1.089940e+000
3.228872e+003;1.090868e+000
3.229354e+003;1.091783e+000
3.229836e+003;1.092680e+000
3.230318e+003;1.093552e+000
3.230800e+003;1.094393e+000
3.231282e+003;1.095197e+000
3.231764e+003;1.095967e+000
3.232247e+003;1.096706e+000
3.232729e+003;1.097428e+000
3.233211e+003;1.098148e+000
3.233693e+003;1.098880e+000
3.234175e+003;1.099628e+000
3.234657e+003;1.100389e+000
3.235139e+003;1.101150e+000
3.235622e+003;1.101895e+000
3.236104e+003;1.102610e+000
3.236586e+003;1.103293e+000
3.237068e+003;1.103946e+000
3.237550e+003;1.104582e+000
3.238032e+003;1.105211e+000
3.238514e+003;1.105842e+000
3.238996e+003;1.106474e+000
3.239479e+003;1.107104e+000
3.239961e+003;1.107719e+000
3.240443e+003;1.108314e+000
3.240925e+003;1.108883e+000
3.241407e+003;1.109424e+000
3.241889e+003;1.109938e+000
3.242371e+003;1.110423e+000
3.242854e+003;1.110878e+000
3.243336e+003;1.111306e+000
3.243818e+003;1.111710e+000
3.244300e+003;1.112102e+000
3.244782e+003;1.112499e+000
3.245264e+003;1.112921e+000
3.245746e+003;1.113378e+000
3.246229e+003;1.113877e+000
3.246711e+003;1.114407e+000
3.247193e+003;1.114949e+000
3.247675e+003;1.115480e+000
3.248157e+003;1.115978e+000
3.248639e+003;1.116433e+000
3.249121e+003;1.116845e+000
3.249604e+003;1.117224e+000
3.250086e+003;1.117589e+000
3.250568e+003;1.117956e+000
3.251050e+003;1.118339e+000
3.251532e+003;1.118741e+000
3.252014e+003;1.119162e+000
3.252496e+003;1.119593e+000
3.252979e+003;1.120021e+000
3.253460e+003;1.120432e+000
3.253943e+003;1.120814e+000
3.254425e+003;1.121156e+000
3.254907e+003;1.121457e+000
3.255389e+003;1.121717e+000
3.255871e+003;1.121943e+000
3.256353e+003;1.122145e+000
3.256835e+003;1.122336e+000
3.257318e+003;1.122525e+000
3.257800e+003;1.122720e+000
3.258282e+003;1.122928e+000
3.258764e+003;1.123152e+000
3.259246e+003;1.123398e+000
3.259728e+003;1.123665e+000
3.260210e+003;1.123950e+000
3.260693e+003;1.124243e+000
3.261175e+003;1.124528e+000
3.261657e+003;1.124784e+000
3.262139e+003;1.124995e+000
3.262621e+003;1.125149e+000
3.263103e+003;1.125250e+000
3.263585e+003;1.125309e+000
3.264068e+003;1.125349e+000
3.264550e+003;1.125394e+000
3.265032e+003;1.125460e+000
3.265514e+003;1.125553e+000
3.265996e+003;1.125669e+000
3.266478e+003;1.125799e+000
3.266960e+003;1.125933e+000
3.267443e+003;1.126067e+000
3.267925e+003;1.126203e+000
3.268407e+003;1.126347e+000
3.268889e+003;1.126504e+000
3.269371e+003;1.126674e+000
3.269853e+003;1.126849e+000
3.270335e+003;1.127017e+000
3.270817e+003;1.127166e+000
3.271300e+003;1.127289e+000
3.271782e+003;1.127385e+000
3.272264e+003;1.127460e+000
3.272746e+003;1.127523e+000
3.273228e+003;1.127585e+000
3.273710e+003;1.127650e+000
3.274192e+003;1.127720e+000
3.274675e+003;1.127793e+000
3.275157e+003;1.127865e+000
3.275639e+003;1.127934e+000
3.276121e+003;1.128001e+000
3.276603e+003;1.128070e+000
3.277085e+003;1.128147e+000
3.277567e+003;1.128238e+000
3.278050e+003;1.128352e+000
3.278532e+003;1.128493e+000
3.279014e+003;1.128661e+000
3.279496e+003;1.128848e+000
3.279978e+003;1.129042e+000
3.280460e+003;1.129223e+000
3.280942e+003;1.129367e+000
3.281425e+003;1.129456e+000
3.281907e+003;1.129481e+000
3.282389e+003;1.129447e+000
3.282871e+003;1.129372e+000
3.283353e+003;1.129282e+000
3.283835e+003;1.129205e+000
3.284317e+003;1.129163e+000
3.284800e+003;1.129169e+000
3.285281e+003;1.129227e+000
3.285764e+003;1.129333e+000
3.286246e+003;1.129481e+000
3.286728e+003;1.129663e+000
3.287210e+003;1.129871e+000
3.287692e+003;1.130095e+000
3.288174e+003;1.130322e+000
3.288656e+003;1.130533e+000
3.289139e+003;1.130709e+000
3.289621e+003;1.130838e+000
3.290103e+003;1.130915e+000
3.290585e+003;1.130950e+000
3.291067e+003;1.130956e+000
3.291549e+003;1.130955e+000
3.292031e+003;1.130962e+000
3.292514e+003;1.130982e+000
3.292996e+003;1.131015e+000
3.293478e+003;1.131054e+000
3.293960e+003;1.131093e+000
3.294442e+003;1.131129e+000
3.294924e+003;1.131166e+000
3.295406e+003;1.131208e+000
3.295889e+003;1.131255e+000
3.296371e+003;1.131302e+000
3.296853e+003;1.131339e+000
3.297335e+003;1.131358e+000
3.297817e+003;1.131354e+000
3.298299e+003;1.131335e+000
3.298781e+003;1.131316e+000
3.299264e+003;1.131321e+000
3.299746e+003;1.131365e+000
3.300228e+003;1.131456e+000
3.300710e+003;1.131588e+000
3.301192e+003;1.131741e+000
3.301674e+003;1.131891e+000
3.302156e+003;1.132014e+000
3.302638e+003;1.132093e+000
3.303121e+003;1.132126e+000
3.303603e+003;1.132113e+000
3.304085e+003;1.132067e+000
3.304567e+003;1.132000e+000
3.305049e+003;1.131933e+000
3.305531e+003;1.131882e+000
3.306013e+003;1.131867e+000
3.306496e+003;1.131903e+000
3.306978e+003;1.131996e+000
3.307460e+003;1.132140e+000
3.307942e+003;1.132320e+000
3.308424e+003;1.132507e+000
3.308906e+003;1.132676e+000
3.309388e+003;1.132809e+000
3.309871e+003;1.132899e+000
3.310353e+003;1.132952e+000
3.310835e+003;1.132984e+000
3.311317e+003;1.133009e+000
3.311799e+003;1.133032e+000
3.312281e+003;1.133050e+000
3.312763e+003;1.133051e+000
3.313246e+003;1.133024e+000
3.313728e+003;1.132964e+000
3.314210e+003;1.132876e+000
3.314692e+003;1.132780e+000
3.315174e+003;1.132695e+000
3.315656e+003;1.132641e+000
3.316138e+003;1.132624e+000
3.316621e+003;1.132642e+000
3.317103e+003;1.132681e+000
3.317585e+003;1.132729e+000
3.318067e+003;1.132772e+000
3.318549e+003;1.132810e+000
3.319031e+003;1.132844e+000
3.319513e+003;1.132879e+000
3.319995e+003;1.132920e+000
3.320478e+003;1.132968e+000
3.320960e+003;1.133020e+000
3.321442e+003;1.133072e+000
3.321924e+003;1.133121e+000
3.322406e+003;1.133166e+000
3.322888e+003;1.133204e+000
3.323370e+003;1.133238e+000
3.323853e+003;1.133262e+000
3.324335e+003;1.133275e+000
3.324817e+003;1.133271e+000
3.325299e+003;1.133249e+000
3.325781e+003;1.133211e+000
3.326263e+003;1.133164e+000
3.326745e+003;1.133116e+000
3.327228e+003;1.133074e+000
3.327710e+003;1.133040e+000
3.328192e+003;1.133014e+000
3.328674e+003;1.132990e+000
3.329156e+003;1.132959e+000
3.329638e+003;1.132912e+000
3.330120e+003;1.132842e+000
3.330603e+003;1.132742e+000
3.331085e+003;1.132611e+000
3.331567e+003;1.132450e+000
3.332049e+003;1.132267e+000
3.332531e+003;1.132075e+000
3.333013e+003;1.131893e+000
3.333495e+003;1.131737e+000
3.333978e+003;1.131626e+000
3.334459e+003;1.131564e+000
3.334942e+003;1.131548e+000
3.335424e+003;1.131564e+000
3.335906e+003;1.131593e+000
3.336388e+003;1.131611e+000
3.336870e+003;1.131602e+000
3.337352e+003;1.131554e+000
3.337834e+003;1.131462e+000
3.338317e+003;1.131323e+000
3.338799e+003;1.131138e+000
3.339281e+003;1.130905e+000
3.339763e+003;1.130627e+000
3.340245e+003;1.130305e+000
3.340727e+003;1.129948e+000
3.341209e+003;1.129571e+000
3.341692e+003;1.129188e+000
3.342174e+003;1.128813e+000
3.342656e+003;1.128456e+000
3.343138e+003;1.128117e+000
3.343620e+003;1.127795e+000
3.344102e+003;1.127482e+000
3.344584e+003;1.127176e+000
3.345067e+003;1.126872e+000
3.345549e+003;1.126572e+000
3.346031e+003;1.126274e+000
3.346513e+003;1.125976e+000
3.346995e+003;1.125673e+000
3.347477e+003;1.125357e+000
3.347959e+003;1.125024e+000
3.348442e+003;1.124676e+000
3.348924e+003;1.124320e+000
3.349406e+003;1.123967e+000
3.349888e+003;1.123628e+000
3.350370e+003;1.123307e+000
3.350852e+003;1.123001e+000
3.351334e+003;1.122698e+000
3.351816e+003;1.122383e+000
3.352299e+003;1.122044e+000
3.352781e+003;1.121675e+000
3.353263e+003;1.121277e+000
3.353745e+003;1.120858e+000
3.354227e+003;1.120428e+000
3.354709e+003;1.119993e+000
3.355191e+003;1.119555e+000
3.355674e+003;1.119112e+000
3.356156e+003;1.118658e+000
3.356638e+003;1.118187e+000
3.357120e+003;1.117699e+000
3.357602e+003;1.117192e+000
3.358084e+003;1.116668e+000
3.358566e+003;1.116127e+000
3.359049e+003;1.115572e+000
3.359531e+003;1.115002e+000
3.360013e+003;1.114420e+000
3.360495e+003;1.113829e+000
3.360977e+003;1.113234e+000
3.361459e+003;1.112640e+000
3.361941e+003;1.112048e+000
3.362424e+003;1.111456e+000
3.362906e+003;1.110856e+000
3.363388e+003;1.110237e+000
3.363870e+003;1.109588e+000
3.364352e+003;1.108899e+000
3.364834e+003;1.108170e+000
3.365316e+003;1.107401e+000
3.365799e+003;1.106603e+000
3.366281e+003;1.105786e+000
3.366763e+003;1.104965e+000
3.367245e+003;1.104151e+000
3.367727e+003;1.103355e+000
3.368209e+003;1.102581e+000
3.368691e+003;1.101832e+000
3.369173e+003;1.101101e+000
3.369656e+003;1.100378e+000
3.370138e+003;1.099646e+000
3.370620e+003;1.098893e+000
3.371102e+003;1.098105e+000
3.371584e+003;1.097280e+000
3.372066e+003;1.096418e+000
3.372548e+003;1.095529e+000
3.373031e+003;1.094623e+000
3.373513e+003;1.093709e+000
3.373995e+003;1.092793e+000
3.374477e+003;1.091873e+000
3.374959e+003;1.090945e+000
3.375441e+003;1.090004e+000
3.375923e+003;1.089044e+000
3.376406e+003;1.088067e+000
3.376888e+003;1.087075e+000
3.377370e+003;1.086075e+000
3.377852e+003;1.085074e+000
3.378334e+003;1.084079e+000
3.378816e+003;1.083092e+000
3.379298e+003;1.082112e+000
3.379781e+003;1.081132e+000
3.380263e+003;1.080147e+000
3.380745e+003;1.079145e+000
3.381227e+003;1.078119e+000
3.381709e+003;1.077062e+000
3.382191e+003;1.075976e+000
3.382673e+003;1.074862e+000
3.383156e+003;1.073728e+000
3.383637e+003;1.072584e+000
3.384120e+003;1.071439e+000
3.384602e+003;1.070295e+000
3.385084e+003;1.069149e+000
3.385566e+003;1.067996e+000
3.386048e+003;1.066828e+000
3.386530e+003;1.065636e+000
3.387012e+003;1.064416e+000
3.387495e+003;1.063169e+000
3.387977e+003;1.061902e+000
3.388459e+003;1.060621e+000
3.388941e+003;1.059334e+000
3.389423e+003;1.058045e+000
3.389905e+003;1.056757e+000
3.390387e+003;1.055468e+000
3.390870e+003;1.054173e+000
3.391352e+003;1.052868e+000
3.391834e+003;1.051551e+000
3.392316e+003;1.050217e+000
3.392798e+003;1.048867e+000
3.393280e+003;1.047498e+000
3.393762e+003;1.046115e+000
3.394245e+003;1.044715e+000
3.394727e+003;1.043302e+000
3.395209e+003;1.041873e+000
3.395691e+003;1.040429e+000
3.396173e+003;1.038964e+000
3.396655e+003;1.037479e+000
3.397137e+003;1.035974e+000
3.397620e+003;1.034455e+000
3.398102e+003;1.032931e+000
3.398584e+003;1.031418e+000
3.399066e+003;1.029928e+000
3.399548e+003;1.028469e+000
3.400030e+003;1.027040e+000
3.400512e+003;1.025635e+000
3.400994e+003;1.024239e+000
3.401477e+003;1.022834e+000
3.401959e+003;1.021405e+000
3.402441e+003;1.019945e+000
3.402923e+003;1.018448e+000
3.403405e+003;1.016917e+000
3.403887e+003;1.015357e+000
3.404369e+003;1.013772e+000
3.404852e+003;1.012165e+000
3.405334e+003;1.010538e+000
3.405816e+003;1.008893e+000
3.406298e+003;1.007236e+000
3.406780e+003;1.005571e+000
3.407262e+003;1.003908e+000
3.407744e+003;1.002251e+000
3.408227e+003;1.000606e+000
3.408709e+003;9.989741e-001
3.409191e+003;9.973537e-001
3.409673e+003;9.957427e-001
3.410155e+003;9.941388e-001
3.410637e+003;9.925371e-001
3.411119e+003;9.909331e-001
3.411602e+003;9.893174e-001
3.412084e+003;9.876810e-001
3.412566e+003;9.860123e-001
3.413048e+003;9.843041e-001
3.413530e+003;9.825528e-001
3.414012e+003;9.807653e-001
3.414494e+003;9.789524e-001
3.414977e+003;9.771305e-001
3.415458e+003;9.753118e-001
3.415941e+003;9.735035e-001
3.416423e+003;9.717048e-001
3.416905e+003;9.699103e-001
3.417387e+003;9.681113e-001
3.417869e+003;9.663029e-001
3.418351e+003;9.644841e-001
3.418833e+003;9.626622e-001
3.419316e+003;9.608446e-001
3.419798e+003;9.590397e-001
3.420280e+003;9.572501e-001
3.420762e+003;9.554753e-001
3.421244e+003;9.537078e-001
3.421726e+003;9.519418e-001
3.422208e+003;9.501711e-001
3.422691e+003;9.483936e-001
3.423173e+003;9.466091e-001
3.423655e+003;9.448167e-001
3.424137e+003;9.430150e-001
3.424619e+003;9.412009e-001
3.425101e+003;9.393690e-001
3.425583e+003;9.375184e-001
3.426066e+003;9.356525e-001
3.426548e+003;9.337817e-001
3.427030e+003;9.319196e-001
3.427512e+003;9.300796e-001
3.427994e+003;9.282678e-001
3.428476e+003;9.264829e-001
3.428958e+003;9.247105e-001
3.429441e+003;9.229336e-001
3.429923e+003;9.211317e-001
3.430405e+003;9.192942e-001
3.430887e+003;9.174145e-001
3.431369e+003;9.155000e-001
3.431851e+003;9.135624e-001
3.432333e+003;9.116157e-001
3.432815e+003;9.096720e-001
3.433298e+003;9.077372e-001
3.433780e+003;9.058136e-001
3.434262e+003;9.039026e-001
3.434744e+003;9.020056e-001
3.435226e+003;9.001248e-001
3.435708e+003;8.982630e-001
3.436190e+003;8.964208e-001
3.436673e+003;8.945926e-001
3.437155e+003;8.927676e-001
3.437637e+003;8.909300e-001
3.438119e+003;8.890681e-001
3.438601e+003;8.871729e-001
3.439083e+003;8.852490e-001
3.439565e+003;8.833076e-001
3.440048e+003;8.813680e-001
3.440530e+003;8.794462e-001
3.441012e+003;8.775536e-001
3.441494e+003;8.756886e-001
3.441976e+003;8.738424e-001
3.442458e+003;8.719978e-001
3.442940e+003;8.701402e-001
3.443423e+003;8.682598e-001
3.443905e+003;8.663567e-001
3.444387e+003;8.644367e-001
3.444869e+003;8.625110e-001
3.445351e+003;8.605861e-001
3.445833e+003;8.586664e-001
3.446315e+003;8.567471e-001
3.446798e+003;8.548207e-001
3.447280e+003;8.528777e-001
3.447762e+003;8.509148e-001
3.448244e+003;8.489330e-001
3.448726e+003;8.469396e-001
3.449208e+003;8.449476e-001
3.449690e+003;8.429763e-001
3.450172e+003;8.410409e-001
3.450655e+003;8.391548e-001
3.451137e+003;8.373258e-001
3.451619e+003;8.355529e-001
3.452101e+003;8.338260e-001
3.452583e+003;8.321273e-001
3.453065e+003;8.304320e-001
3.453547e+003;8.287162e-001
3.454030e+003;8.269576e-001
3.454512e+003;8.251480e-001
3.454994e+003;8.232862e-001
3.455476e+003;8.213847e-001
3.455958e+003;8.194602e-001
3.456440e+003;8.175306e-001
3.456922e+003;8.156075e-001
3.457405e+003;8.136969e-001
3.457887e+003;8.117976e-001
3.458369e+003;8.099045e-001
3.458851e+003;8.080125e-001
3.459333e+003;8.061236e-001
3.459815e+003;8.042387e-001
3.460297e+003;8.023637e-001
3.460780e+003;8.004997e-001
3.461262e+003;7.986462e-001
3.461744e+003;7.967977e-001
3.462226e+003;7.949474e-001
3.462708e+003;7.930900e-001
3.463190e+003;7.912251e-001
3.463672e+003;7.893566e-001
3.464155e+003;7.874916e-001
3.464636e+003;7.856368e-001
3.465119e+003;7.837973e-001
3.465601e+003;7.819711e-001
3.466083e+003;7.801549e-001
3.466565e+003;7.783417e-001
3.467047e+003;7.765262e-001
3.467529e+003;7.747032e-001
3.468011e+003;7.728701e-001
3.468494e+003;7.710232e-001
3.468976e+003;7.691600e-001
3.469458e+003;7.672781e-001
3.469940e+003;7.653778e-001
3.470422e+003;7.634633e-001
3.470904e+003;7.615442e-001
3.471386e+003;7.596324e-001
3.471869e+003;7.577431e-001
3.472351e+003;7.558845e-001
3.472833e+003;7.540619e-001
3.473315e+003;7.522719e-001
3.473797e+003;7.505059e-001
3.474279e+003;7.487540e-001
3.474761e+003;7.470063e-001
3.475244e+003;7.452563e-001
3.475726e+003;7.435000e-001
3.476208e+003;7.417334e-001
3.476690e+003;7.399555e-001
3.477172e+003;7.381639e-001
3.477654e+003;7.363581e-001
3.478136e+003;7.345410e-001
3.478619e+003;7.327195e-001
3.479101e+003;7.309021e-001
3.479583e+003;7.290970e-001
3.480065e+003;7.273061e-001
3.480547e+003;7.255274e-001
3.481029e+003;7.237511e-001
3.481511e+003;7.219654e-001
3.481993e+003;7.201604e-001
3.482476e+003;7.183329e-001
3.482958e+003;7.164847e-001
3.483440e+003;7.146258e-001
3.483922e+003;7.127635e-001
3.484404e+003;7.109051e-001
3.484886e+003;7.090522e-001
3.485368e+003;7.072036e-001
3.485851e+003;7.053564e-001
3.486333e+003;7.035127e-001
3.486815e+003;7.016753e-001
3.487297e+003;6.998495e-001
3.487779e+003;6.980373e-001
3.488261e+003;6.962374e-001
3.488743e+003;6.944402e-001
3.489226e+003;6.926346e-001
3.489708e+003;6.908095e-001
3.490190e+003;6.889636e-001
3.490672e+003;6.871021e-001
3.491154e+003;6.852434e-001
3.491636e+003;6.834042e-001
3.492118e+003;6.816006e-001
3.492601e+003;6.798372e-001
3.493083e+003;6.781105e-001
3.493565e+003;6.764053e-001
3.494047e+003;6.747075e-001
3.494529e+003;6.730028e-001
3.495011e+003;6.712834e-001
3.495493e+003;6.695469e-001
3.495976e+003;6.677954e-001
3.496458e+003;6.660300e-001
3.496940e+003;6.642514e-001
3.497422e+003;6.624596e-001
3.497904e+003;6.606583e-001
3.498386e+003;6.588546e-001
3.498868e+003;6.570607e-001
3.499350e+003;6.552898e-001
3.499833e+003;6.535518e-001
3.500315e+003;6.518483e-001
3.500797e+003;6.501709e-001
3.501279e+003;6.485013e-001
3.501761e+003;6.468187e-001
3.502243e+003;6.451030e-001
3.502725e+003;6.433441e-001
3.503208e+003;6.415395e-001
3.503690e+003;6.396984e-001
3.504172e+003;6.378343e-001
3.504654e+003;6.359625e-001
3.505136e+003;6.340967e-001
3.505618e+003;6.322484e-001
3.506100e+003;6.304235e-001
3.506583e+003;6.286294e-001
3.507065e+003;6.268678e-001
3.507547e+003;6.251429e-001
3.508029e+003;6.234527e-001
3.508511e+003;6.217922e-001
3.508993e+003;6.201504e-001
3.509475e+003;6.185150e-001
3.509958e+003;6.168683e-001
3.510440e+003;6.151971e-001
3.510922e+003;6.134896e-001
3.511404e+003;6.117409e-001
3.511886e+003;6.099516e-001
3.512368e+003;6.081277e-001
3.512850e+003;6.062813e-001
3.513333e+003;6.044261e-001
3.513814e+003;6.025752e-001
3.514297e+003;6.007411e-001
3.514779e+003;5.989307e-001
3.515261e+003;5.971470e-001
3.515743e+003;5.953888e-001
3.516225e+003;5.936524e-001
3.516707e+003;5.919330e-001
3.517189e+003;5.902265e-001
3.517672e+003;5.885295e-001
3.518154e+003;5.868396e-001
3.518636e+003;5.851529e-001
3.519118e+003;5.834647e-001
3.519600e+003;5.817680e-001
3.520082e+003;5.800585e-001
3.520564e+003;5.783320e-001
3.521047e+003;5.765914e-001
3.521529e+003;5.748425e-001
3.522011e+003;5.730946e-001
3.522493e+003;5.713553e-001
3.522975e+003;5.696311e-001
3.523457e+003;5.679196e-001
3.523939e+003;5.662154e-001
3.524422e+003;5.645099e-001
3.524904e+003;5.627967e-001
3.525386e+003;5.610701e-001
3.525868e+003;5.593317e-001
3.526350e+003;5.575830e-001
3.526832e+003;5.558252e-001
3.527314e+003;5.540593e-001
3.527797e+003;5.522828e-001
3.528279e+003;5.504920e-001
3.528761e+003;5.486892e-001
3.529243e+003;5.468788e-001
3.529725e+003;5.450733e-001
3.530207e+003;5.432867e-001
3.530689e+003;5.415343e-001
3.531171e+003;5.398231e-001
3.531654e+003;5.381555e-001
3.532136e+003;5.365228e-001
3.532618e+003;5.349134e-001
3.533100e+003;5.333111e-001
3.533582e+003;5.317042e-001
3.534064e+003;5.300816e-001
3.534546e+003;5.284385e-001
3.535029e+003;5.267707e-001
3.535511e+003;5.250770e-001
3.535993e+003;5.233580e-001
3.536475e+003;5.216179e-001
3.536957e+003;5.198638e-001
3.537439e+003;5.181090e-001
3.537921e+003;5.163656e-001
3.538404e+003;5.146472e-001
3.538886e+003;5.129588e-001
3.539368e+003;5.112970e-001
3.539850e+003;5.096501e-001
3.540332e+003;5.080035e-001
3.540814e+003;5.063398e-001
3.541296e+003;5.046515e-001
3.541779e+003;5.029374e-001
3.542261e+003;5.012089e-001
3.542743e+003;4.994803e-001
3.543225e+003;4.977683e-001
3.543707e+003;4.960832e-001
3.544189e+003;4.944295e-001
3.544671e+003;4.927998e-001
3.545154e+003;4.911853e-001
3.545635e+003;4.895722e-001
3.546118e+003;4.879515e-001
3.546600e+003;4.863165e-001
3.547082e+003;4.846683e-001
3.547564e+003;4.830090e-001
3.548046e+003;4.813459e-001
3.548528e+003;4.796834e-001
3.549010e+003;4.780279e-001
3.549493e+003;4.763817e-001
3.549975e+003;4.747476e-001
3.550457e+003;4.731248e-001
3.550939e+003;4.715120e-001
3.551421e+003;4.699056e-001
3.551903e+003;4.683013e-001
3.552385e+003;4.666933e-001
3.552868e+003;4.650781e-001
3.553350e+003;4.634526e-001
3.553832e+003;4.618183e-001
3.554314e+003;4.601765e-001
3.554796e+003;4.585326e-001
3.555278e+003;4.568900e-001
3.555760e+003;4.552531e-001
3.556243e+003;4.536231e-001
3.556725e+003;4.520001e-001
3.557207e+003;4.503826e-001
3.557689e+003;4.487692e-001
3.558171e+003;4.471593e-001
3.558653e+003;4.455533e-001
3.559135e+003;4.439536e-001
3.559618e+003;4.423617e-001
3.560100e+003;4.407791e-001
3.560582e+003;4.392057e-001
3.561064e+003;4.376381e-001
3.561546e+003;4.360727e-001
3.562028e+003;4.345021e-001
3.562510e+003;4.329213e-001
3.562992e+003;4.313268e-001
3.563475e+003;4.297193e-001
3.563957e+003;4.281025e-001
3.564439e+003;4.264867e-001
3.564921e+003;4.248827e-001
3.565403e+003;4.233038e-001
3.565885e+003;4.217574e-001
3.566367e+003;4.202464e-001
3.566850e+003;4.187634e-001
3.567332e+003;4.172971e-001
3.567814e+003;4.158310e-001
3.568296e+003;4.143514e-001
3.568778e+003;4.128496e-001
3.569260e+003;4.113291e-001
3.569742e+003;4.097989e-001
3.570225e+003;4.082768e-001
3.570707e+003;4.067779e-001
3.571189e+003;4.053153e-001
3.571671e+003;4.038880e-001
3.572153e+003;4.024879e-001
3.572635e+003;4.010965e-001
3.573117e+003;3.996960e-001
3.573600e+003;3.982706e-001
3.574082e+003;3.968137e-001
3.574564e+003;3.953286e-001
3.575046e+003;3.938278e-001
3.575528e+003;3.923242e-001
3.576010e+003;3.908318e-001
3.576492e+003;3.893562e-001
3.576974e+003;3.878991e-001
3.577457e+003;3.864546e-001
3.577939e+003;3.850167e-001
3.578421e+003;3.835774e-001
3.578903e+003;3.821351e-001
3.579385e+003;3.806876e-001
3.579867e+003;3.792385e-001
3.580349e+003;3.777883e-001
3.580832e+003;3.763379e-001
3.581314e+003;3.748843e-001
3.581796e+003;3.734241e-001
3.582278e+003;3.719518e-001
3.582760e+003;3.704661e-001
3.583242e+003;3.689689e-001
3.583724e+003;3.674686e-001
3.584207e+003;3.659784e-001
3.584689e+003;3.645162e-001
3.585171e+003;3.630978e-001
3.585653e+003;3.617340e-001
3.586135e+003;3.604244e-001
3.586617e+003;3.591577e-001
3.587099e+003;3.579094e-001
3.587582e+003;3.566504e-001
3.588064e+003;3.553527e-001
3.588546e+003;3.539987e-001
3.589028e+003;3.525863e-001
3.589510e+003;3.511294e-001
3.589992e+003;3.496523e-001
3.590474e+003;3.481835e-001
3.590957e+003;3.467424e-001
3.591438e+003;3.453370e-001
3.591921e+003;3.439610e-001
3.592403e+003;3.425979e-001
3.592885e+003;3.412289e-001
3.593367e+003;3.398429e-001
3.593849e+003;3.384384e-001
3.594331e+003;3.370267e-001
3.594813e+003;3.356246e-001
3.595296e+003;3.342508e-001
3.595778e+003;3.329142e-001
3.596260e+003;3.316166e-001
3.596742e+003;3.303467e-001
3.597224e+003;3.290907e-001
3.597706e+003;3.278308e-001
3.598188e+003;3.265558e-001
3.598671e+003;3.252571e-001
3.599153e+003;3.239345e-001
3.599635e+003;3.225883e-001
3.600117e+003;3.212250e-001
3.600599e+003;3.198504e-001
3.601081e+003;3.184712e-001
3.601563e+003;3.170949e-001
3.602046e+003;3.157279e-001
3.602528e+003;3.143721e-001
3.603010e+003;3.130269e-001
3.603492e+003;3.116871e-001
3.603974e+003;3.103471e-001
3.604456e+003;3.090015e-001
3.604938e+003;3.076537e-001
3.605421e+003;3.063099e-001
3.605903e+003;3.049837e-001
3.606385e+003;3.036879e-001
3.606867e+003;3.024304e-001
3.607349e+003;3.012098e-001
3.607831e+003;3.000152e-001
3.608313e+003;2.988284e-001
3.608795e+003;2.976308e-001
3.609278e+003;2.964074e-001
3.609760e+003;2.951538e-001
3.610242e+003;2.938735e-001
3.610724e+003;2.925763e-001
3.611206e+003;2.912750e-001
3.611688e+003;2.899794e-001
3.612170e+003;2.886942e-001
3.612653e+003;2.874206e-001
3.613135e+003;2.861542e-001
3.613617e+003;2.848905e-001
3.614099e+003;2.836196e-001
3.614581e+003;2.823371e-001
3.615063e+003;2.810357e-001
3.615545e+003;2.797146e-001
3.616028e+003;2.783753e-001
3.616510e+003;2.770283e-001
3.616992e+003;2.756855e-001
3.617474e+003;2.743638e-001
3.617956e+003;2.730734e-001
3.618438e+003;2.718182e-001
3.618920e+003;2.705907e-001
3.619403e+003;2.693762e-001
3.619885e+003;2.681553e-001
3.620367e+003;2.669132e-001
3.620849e+003;2.656428e-001
3.621331e+003;2.643466e-001
3.621813e+003;2.630299e-001
3.622295e+003;2.616973e-001
3.622778e+003;2.603466e-001
3.623260e+003;2.589703e-001
3.623742e+003;2.575571e-001
3.624224e+003;2.561037e-001
3.624706e+003;2.546204e-001
3.625188e+003;2.531358e-001
3.625670e+003;2.516913e-001
3.626152e+003;2.503303e-001
3.626635e+003;2.490821e-001
3.627117e+003;2.479521e-001
3.627599e+003;2.469128e-001
3.628081e+003;2.459130e-001
3.628563e+003;2.448894e-001
3.629045e+003;2.437860e-001
3.629527e+003;2.425696e-001
3.630010e+003;2.412384e-001
3.630492e+003;2.398147e-001
3.630974e+003;2.383363e-001
3.631456e+003;2.368415e-001
3.631938e+003;2.353585e-001
3.632420e+003;2.338988e-001
3.632902e+003;2.324623e-001
3.633385e+003;2.310369e-001
3.633867e+003;2.296117e-001
3.634349e+003;2.281774e-001
3.634831e+003;2.267331e-001
3.635313e+003;2.252829e-001
3.635795e+003;2.238337e-001
3.636277e+003;2.223909e-001
3.636760e+003;2.209566e-001
3.637242e+003;2.195264e-001
3.637724e+003;2.180939e-001
3.638206e+003;2.166491e-001
3.638688e+003;2.151859e-001
3.639170e+003;2.137021e-001
3.639652e+003;2.122063e-001
3.640135e+003;2.107082e-001
3.640616e+003;2.092247e-001
3.641099e+003;2.077690e-001
3.641581e+003;2.063489e-001
3.642063e+003;2.049597e-001
3.642545e+003;2.035899e-001
3.643027e+003;2.022189e-001
3.643509e+003;2.008282e-001
3.643991e+003;1.994022e-001
3.644474e+003;1.979371e-001
3.644956e+003;1.964390e-001
3.645438e+003;1.949221e-001
3.645920e+003;1.934036e-001
3.646402e+003;1.918997e-001
3.646884e+003;1.904218e-001
3.647366e+003;1.889749e-001
3.647849e+003;1.875600e-001
3.648331e+003;1.861750e-001
3.648813e+003;1.848120e-001
3.649295e+003;1.834619e-001
3.649777e+003;1.821090e-001
3.650259e+003;1.807354e-001
3.650741e+003;1.793210e-001
3.651224e+003;1.778516e-001
3.651706e+003;1.763225e-001
3.652188e+003;1.747444e-001
3.652670e+003;1.731402e-001
3.653152e+003;1.715427e-001
3.653634e+003;1.699816e-001
3.654116e+003;1.684782e-001
3.654599e+003;1.670357e-001
3.655081e+003;1.656404e-001
3.655563e+003;1.642641e-001
3.656045e+003;1.628760e-001
3.656527e+003;1.614490e-001
3.657009e+003;1.599716e-001
3.657491e+003;1.584452e-001
3.657973e+003;1.568865e-001
3.658456e+003;1.553138e-001
3.658938e+003;1.537478e-001
3.659420e+003;1.522003e-001
3.659902e+003;1.506797e-001
3.660384e+003;1.491838e-001
3.660866e+003;1.477101e-001
3.661348e+003;1.462510e-001
3.661831e+003;1.448048e-001
3.662313e+003;1.433645e-001
3.662795e+003;1.419280e-001
3.663277e+003;1.404909e-001
3.663759e+003;1.390500e-001
3.664241e+003;1.376019e-001
3.664723e+003;1.361449e-001
3.665206e+003;1.346824e-001
3.665688e+003;1.332206e-001
3.666170e+003;1.317696e-001
3.666652e+003;1.303462e-001
3.667134e+003;1.289658e-001
3.667616e+003;1.276445e-001
3.668098e+003;1.263877e-001
3.668581e+003;1.251903e-001
3.669063e+003;1.240305e-001
3.669545e+003;1.228744e-001
3.670027e+003;1.216821e-001
3.670509e+003;1.204215e-001
3.670991e+003;1.190772e-001
3.671473e+003;1.176631e-001
3.671956e+003;1.162173e-001
3.672438e+003;1.147944e-001
3.672920e+003;1.134517e-001
3.673402e+003;1.122326e-001
3.673884e+003;1.111496e-001
3.674366e+003;1.101826e-001
3.674848e+003;1.092810e-001
3.675330e+003;1.083821e-001
3.675813e+003;1.074267e-001
3.676295e+003;1.063835e-001
3.676777e+003;1.052480e-001
3.677259e+003;1.040465e-001
3.677741e+003;1.028154e-001
3.678223e+003;1.015936e-001
3.678705e+003;1.004042e-001
3.679188e+003;9.925690e-002
3.679670e+003;9.814575e-002
3.680152e+003;9.705920e-002
3.680634e+003;9.598749e-002
3.681116e+003;9.492903e-002
3.681598e+003;9.388668e-002
3.682080e+003;9.286685e-002
3.682563e+003;9.187108e-002
3.683045e+003;9.089852e-002
3.683527e+003;8.994078e-002
3.684009e+003;8.899266e-002
3.684491e+003;8.805504e-002
3.684973e+003;8.713737e-002
3.685455e+003;8.625722e-002
3.685938e+003;8.543543e-002
3.686420e+003;8.468353e-002
3.686902e+003;8.400323e-002
3.687384e+003;8.337790e-002
3.687866e+003;8.277811e-002
3.688348e+003;8.217120e-002
3.688830e+003;8.153311e-002
3.689313e+003;8.084857e-002
3.689794e+003;8.012226e-002
3.690277e+003;7.936770e-002
3.690759e+003;7.860380e-002
3.691241e+003;7.784598e-002
3.691723e+003;7.710462e-002
3.692205e+003;7.638010e-002
3.692687e+003;7.567202e-002
3.693169e+003;7.497726e-002
3.693652e+003;7.429662e-002
3.694134e+003;7.363454e-002
3.694616e+003;7.299690e-002
3.695098e+003;7.238690e-002
3.695580e+003;7.180361e-002
3.696062e+003;7.124126e-002
3.696544e+003;7.069150e-002
3.697027e+003;7.014537e-002
3.697509e+003;6.959621e-002
3.697991e+003;6.904354e-002
3.698473e+003;6.849332e-002
3.698955e+003;6.795314e-002
3.699437e+003;6.743371e-002
3.699919e+003;6.694128e-002
3.700402e+003;6.648008e-002
3.700884e+003;6.604749e-002
3.701366e+003;6.563827e-002
3.701848e+003;6.523968e-002
3.702330e+003;6.484146e-002
3.702812e+003;6.443214e-002
3.703294e+003;6.400429e-002
3.703777e+003;6.355678e-002
3.704259e+003;6.309422e-002
3.704741e+003;6.262581e-002
3.705223e+003;6.216456e-002
3.705705e+003;6.172222e-002
3.706187e+003;6.130692e-002
3.706669e+003;6.092236e-002
3.707151e+003;6.056662e-002
3.707634e+003;6.023625e-002
3.708116e+003;5.992920e-002
3.708598e+003;5.964610e-002
3.709080e+003;5.939193e-002
3.709562e+003;5.917253e-002
3.710044e+003;5.898983e-002
3.710526e+003;5.883912e-002
3.711009e+003;5.870597e-002
3.711491e+003;5.856770e-002
3.711973e+003;5.840096e-002
3.712455e+003;5.818472e-002
3.712937e+003;5.791042e-002
3.713419e+003;5.758140e-002
3.713901e+003;5.721143e-002
3.714384e+003;5.682221e-002
3.714866e+003;5.643336e-002
3.715348e+003;5.606196e-002
3.715830e+003;5.571770e-002
3.716312e+003;5.540401e-002
3.716794e+003;5.512102e-002
3.717276e+003;5.486603e-002
3.717759e+003;5.463867e-002
3.718241e+003;5.443422e-002
3.718723e+003;5.425140e-002
3.719205e+003;5.408359e-002
3.719687e+003;5.392544e-002
3.720169e+003;5.376816e-002
3.720651e+003;5.360664e-002
3.721134e+003;5.343606e-002
3.721615e+003;5.325665e-002
3.722098e+003;5.306829e-002
3.722580e+003;5.287634e-002
3.723062e+003;5.268423e-002
3.723544e+003;5.249924e-002
3.724026e+003;5.232747e-002
3.724508e+003;5.217759e-002
3.724990e+003;5.205369e-002
3.725473e+003;5.195616e-002
3.725955e+003;5.187671e-002
3.726437e+003;5.179686e-002
3.726919e+003;5.169315e-002
3.727401e+003;5.154350e-002
3.727883e+003;5.133532e-002
3.728365e+003;5.107229e-002
3.728848e+003;5.077391e-002
3.729330e+003;5.047221e-002
3.729812e+003;5.019929e-002
3.730294e+003;4.997873e-002
3.730776e+003;4.981526e-002
3.731258e+003;4.969867e-002
3.731740e+003;4.960578e-002
3.732223e+003;4.951834e-002
3.732705e+003;4.942592e-002
3.733187e+003;4.933717e-002
3.733669e+003;4.926715e-002
3.734151e+003;4.923283e-002
3.734633e+003;4.923689e-002
3.735115e+003;4.926749e-002
3.735598e+003;4.929337e-002
3.736080e+003;4.928352e-002
3.736562e+003;4.921267e-002
3.737044e+003;4.907697e-002
3.737526e+003;4.888764e-002
3.738008e+003;4.866917e-002
3.738490e+003;4.844036e-002
3.738972e+003;4.821074e-002
3.739455e+003;4.797664e-002
3.739937e+003;4.773000e-002
3.740419e+003;4.747261e-002
3.740901e+003;4.722491e-002
3.741383e+003;4.702706e-002
3.741865e+003;4.692682e-002
3.742347e+003;4.696056e-002
3.742830e+003;4.713129e-002
3.743312e+003;4.739631e-002
3.743794e+003;4.767486e-002
3.744276e+003;4.787201e-002
3.744758e+003;4.791382e-002
3.745240e+003;4.777366e-002
3.745722e+003;4.748165e-002
3.746205e+003;4.710875e-002
3.746687e+003;4.674247e-002
3.747169e+003;4.645297e-002
3.747651e+003;4.627918e-002
3.748133e+003;4.621907e-002
3.748615e+003;4.624265e-002
3.749097e+003;4.630842e-002
3.749580e+003;4.638468e-002
3.750062e+003;4.645687e-002
3.750544e+003;4.652741e-002
3.751026e+003;4.660220e-002
3.751508e+003;4.667905e-002
3.751990e+003;4.674045e-002
3.752472e+003;4.675848e-002
3.752955e+003;4.670639e-002
3.753437e+003;4.657404e-002
3.753919e+003;4.637130e-002
3.754401e+003;4.612936e-002
3.754883e+003;4.588573e-002
3.755365e+003;4.567369e-002
3.755847e+003;4.551037e-002
3.756329e+003;4.539859e-002
3.756812e+003;4.532648e-002
3.757294e+003;4.528123e-002
3.757776e+003;4.525516e-002
3.758258e+003;4.524817e-002
3.758740e+003;4.526166e-002
3.759222e+003;4.529281e-002
3.759704e+003;4.532847e-002
3.760187e+003;4.534734e-002
3.760669e+003;4.532459e-002
3.761151e+003;4.524699e-002
3.761633e+003;4.511505e-002
3.762115e+003;4.494951e-002
3.762597e+003;4.478202e-002
3.763079e+003;4.464437e-002
3.763562e+003;4.455474e-002
3.764044e+003;4.451431e-002
3.764526e+003;4.450604e-002
3.765008e+003;4.450713e-002
3.765490e+003;4.449424e-002
3.765972e+003;4.445852e-002
3.766454e+003;4.440317e-002
3.766937e+003;4.434178e-002
3.767419e+003;4.428757e-002
3.767901e+003;4.424962e-002
3.768383e+003;4.422462e-002
3.768865e+003;4.420308e-002
3.769347e+003;4.417203e-002
3.769829e+003;4.412315e-002
3.770312e+003;4.405590e-002
3.770793e+003;4.397901e-002
3.771276e+003;4.390223e-002
3.771758e+003;4.383698e-002
3.772240e+003;4.378661e-002
3.772722e+003;4.374920e-002
3.773204e+003;4.371511e-002
3.773686e+003;4.367549e-002
3.774168e+003;4.362071e-002
3.774651e+003;4.354793e-002
3.775133e+003;4.346063e-002
3.775615e+003;4.336932e-002
3.776097e+003;4.328828e-002
3.776579e+003;4.323354e-002
3.777061e+003;4.321774e-002
3.777543e+003;4.324523e-002
3.778026e+003;4.331039e-002
3.778508e+003;4.339741e-002
3.778990e+003;4.348086e-002
3.779472e+003;4.353733e-002
3.779954e+003;4.354842e-002
3.780436e+003;4.350934e-002
3.780918e+003;4.342831e-002
3.781401e+003;4.332720e-002
3.781883e+003;4.322813e-002
3.782365e+003;4.314988e-002
3.782847e+003;4.309864e-002
3.783329e+003;4.306823e-002
3.783811e+003;4.304257e-002
3.784293e+003;4.300532e-002
3.784776e+003;4.294373e-002
3.785258e+003;4.285870e-002
3.785740e+003;4.275782e-002
3.786222e+003;4.265614e-002
3.786704e+003;4.256719e-002
3.787186e+003;4.250049e-002
3.787668e+003;4.245967e-002
3.788150e+003;4.244331e-002
3.788633e+003;4.244910e-002
3.789115e+003;4.247524e-002
3.789597e+003;4.251840e-002
3.790079e+003;4.257433e-002
3.790561e+003;4.263040e-002
3.791043e+003;4.267217e-002
3.791525e+003;4.268081e-002
3.792008e+003;4.264537e-002
3.792490e+003;4.256568e-002
3.792972e+003;4.245645e-002
3.793454e+003;4.234410e-002
3.793936e+003;4.225894e-002
3.794418e+003;4.222174e-002
3.794900e+003;4.223820e-002
3.795383e+003;4.229040e-002
3.795865e+003;4.234494e-002
3.796347e+003;4.236310e-002
3.796829e+003;4.231955e-002
3.797311e+003;4.220784e-002
3.797793e+003;4.205145e-002
3.798275e+003;4.189271e-002
3.798758e+003;4.178545e-002
3.799240e+003;4.177023e-002
3.799722e+003;4.186566e-002
3.800204e+003;4.205476e-002
3.800686e+003;4.229032e-002
3.801168e+003;4.250555e-002
3.801650e+003;4.263748e-002
3.802133e+003;4.264470e-002
3.802615e+003;4.252262e-002
3.803097e+003;4.230279e-002
3.803579e+003;4.204389e-002
3.804061e+003;4.181238e-002
3.804543e+003;4.166279e-002
3.805025e+003;4.162307e-002
3.805507e+003;4.168706e-002
3.805990e+003;4.181753e-002
3.806472e+003;4.196319e-002
3.806954e+003;4.207305e-002
3.807436e+003;4.211694e-002
3.807918e+003;4.208979e-002
3.808400e+003;4.200956e-002
3.808882e+003;4.190330e-002
3.809365e+003;4.179416e-002
3.809847e+003;4.168877e-002
3.810329e+003;4.157804e-002
3.810811e+003;4.144165e-002
3.811293e+003;4.126381e-002
3.811775e+003;4.104477e-002
3.812257e+003;4.080901e-002
3.812740e+003;4.059885e-002
3.813222e+003;4.046557e-002
3.813704e+003;4.044868e-002
3.814186e+003;4.056374e-002
3.814668e+003;4.078909e-002
3.815150e+003;4.107243e-002
3.815632e+003;4.134410e-002
3.816115e+003;4.153978e-002
3.816597e+003;4.161777e-002
3.817079e+003;4.157517e-002
3.817561e+003;4.144191e-002
3.818043e+003;4.127412e-002
3.818525e+003;4.113224e-002
3.819007e+003;4.106596e-002
3.819490e+003;4.110047e-002
3.819971e+003;4.122970e-002
3.820454e+003;4.141867e-002
3.820936e+003;4.161640e-002
3.821418e+003;4.176877e-002
3.821900e+003;4.183767e-002
3.822382e+003;4.180503e-002
3.822864e+003;4.168027e-002
3.823346e+003;4.148990e-002
3.823829e+003;4.126990e-002
3.824311e+003;4.105402e-002
3.824793e+003;4.086721e-002
3.825275e+003;4.071805e-002
3.825757e+003;4.060704e-002
3.826239e+003;4.052577e-002
3.826721e+003;4.046735e-002
3.827204e+003;4.042619e-002
3.827686e+003;4.040529e-002
3.828168e+003;4.040687e-002
3.828650e+003;4.043431e-002
3.829132e+003;4.048607e-002
3.829614e+003;4.055475e-002
3.830096e+003;4.062774e-002
3.830579e+003;4.069099e-002
3.831061e+003;4.073007e-002
3.831543e+003;4.073533e-002
3.832025e+003;4.070102e-002
3.832507e+003;4.062716e-002
3.832989e+003;4.051892e-002
3.833471e+003;4.038945e-002
3.833954e+003;4.025657e-002
3.834436e+003;4.014697e-002
3.834918e+003;4.008732e-002
3.835400e+003;4.010252e-002
3.835882e+003;4.020417e-002
3.836364e+003;4.038880e-002
3.836846e+003;4.063030e-002
3.837328e+003;4.088961e-002
3.837811e+003;4.112022e-002
3.838293e+003;4.128338e-002
3.838775e+003;4.135701e-002
3.839257e+003;4.134109e-002
3.839739e+003;4.125277e-002
3.840221e+003;4.112244e-002
3.840703e+003;4.098100e-002
3.841186e+003;4.085336e-002
3.841668e+003;4.075439e-002
3.842150e+003;4.068881e-002
3.842632e+003;4.065321e-002
3.843114e+003;4.064030e-002
3.843596e+003;4.064018e-002
3.844078e+003;4.064515e-002
3.844561e+003;4.064620e-002
3.845043e+003;4.063812e-002
3.845525e+003;4.061553e-002
3.846007e+003;4.057806e-002
3.846489e+003;4.052477e-002
3.846971e+003;4.045751e-002
3.847453e+003;4.037455e-002
3.847936e+003;4.027512e-002
3.848418e+003;4.015699e-002
3.848900e+003;4.002317e-002
3.849382e+003;3.988593e-002
3.849864e+003;3.976943e-002
3.850346e+003;3.971026e-002
3.850828e+003;3.974672e-002
3.851311e+003;3.990774e-002
3.851792e+003;4.019953e-002
3.852275e+003;4.059436e-002
3.852757e+003;4.103426e-002
3.853239e+003;4.144139e-002
3.853721e+003;4.174163e-002
3.854203e+003;4.188459e-002
3.854685e+003;4.185801e-002
3.855167e+003;4.168487e-002
3.855650e+003;4.141297e-002
3.856132e+003;4.109560e-002
3.856614e+003;4.077926e-002
3.857096e+003;4.049185e-002
3.857578e+003;4.024538e-002
3.858060e+003;4.004014e-002
3.858542e+003;3.987401e-002
3.859025e+003;3.974399e-002
3.859507e+003;3.965415e-002
3.859989e+003;3.960659e-002
3.860471e+003;3.960473e-002
3.860953e+003;3.964622e-002
3.861435e+003;3.972689e-002
3.861917e+003;3.983956e-002
3.862400e+003;3.997678e-002
3.862882e+003;4.012766e-002
3.863364e+003;4.027741e-002
3.863846e+003;4.040493e-002
3.864328e+003;4.048355e-002
3.864810e+003;4.048926e-002
3.865292e+003;4.041035e-002
3.865775e+003;4.025466e-002
3.866257e+003;4.005684e-002
3.866739e+003;3.986765e-002
3.867221e+003;3.974272e-002
3.867703e+003;3.972301e-002
3.868185e+003;3.982180e-002
3.868667e+003;4.001513e-002
3.869149e+003;4.024989e-002
3.869632e+003;4.046254e-002
3.870114e+003;4.060013e-002
3.870596e+003;4.063724e-002
3.871078e+003;4.058436e-002
3.871560e+003;4.047535e-002
3.872042e+003;4.035620e-002
3.872524e+003;4.026292e-002
3.873007e+003;4.021326e-002
3.873489e+003;4.020065e-002
3.873971e+003;4.020710e-002
3.874453e+003;4.020750e-002
3.874935e+003;4.018646e-002
3.875417e+003;4.014162e-002
3.875899e+003;4.008336e-002
3.876382e+003;4.002731e-002
3.876864e+003;3.999006e-002
3.877346e+003;3.998109e-002
3.877828e+003;4.000277e-002
3.878310e+003;4.005051e-002
3.878792e+003;4.011446e-002
3.879274e+003;4.018223e-002
3.879757e+003;4.023989e-002
3.880239e+003;4.027307e-002
3.880721e+003;4.027070e-002
3.881203e+003;4.022697e-002
3.881685e+003;4.014793e-002
3.882167e+003;4.004885e-002
3.882649e+003;3.995634e-002
3.883132e+003;3.989794e-002
3.883614e+003;3.989472e-002
3.884096e+003;3.995212e-002
3.884578e+003;4.005487e-002
3.885060e+003;4.017203e-002
3.885542e+003;4.026443e-002
3.886024e+003;4.030015e-002
3.886506e+003;4.026519e-002
3.886989e+003;4.016810e-002
3.887471e+003;4.003999e-002
3.887953e+003;3.991924e-002
3.888435e+003;3.984504e-002
3.888917e+003;3.984062e-002
3.889399e+003;3.991206e-002
3.889881e+003;4.004264e-002
3.890364e+003;4.020324e-002
3.890846e+003;4.035808e-002
3.891328e+003;4.047651e-002
3.891810e+003;4.053806e-002
3.892292e+003;4.053581e-002
3.892774e+003;4.047544e-002
3.893256e+003;4.037211e-002
3.893739e+003;4.024367e-002
3.894221e+003;4.010938e-002
3.894703e+003;3.998379e-002
3.895185e+003;3.987945e-002
3.895667e+003;3.980166e-002
3.896149e+003;3.975398e-002
3.896631e+003;3.973643e-002
3.897114e+003;3.974783e-002
3.897596e+003;3.978501e-002
3.898078e+003;3.984467e-002
3.898560e+003;3.992062e-002
3.899042e+003;4.000757e-002
3.899524e+003;4.009666e-002
3.900006e+003;4.018075e-002
3.900489e+003;4.025506e-002
3.900970e+003;4.031775e-002
3.901453e+003;4.036960e-002
3.901935e+003;4.041550e-002
3.902417e+003;4.045810e-002
3.902899e+003;4.050032e-002
3.903381e+003;4.053937e-002
3.903863e+003;4.057113e-002
3.904345e+003;4.058859e-002
3.904828e+003;4.058791e-002
3.905310e+003;4.056695e-002
3.905792e+003;4.052940e-002
3.906274e+003;4.048020e-002
3.906756e+003;4.042792e-002
3.907238e+003;4.037842e-002
3.907720e+003;4.033699e-002
3.908203e+003;4.030510e-002
3.908685e+003;4.028408e-002
3.909167e+003;4.027274e-002
3.909649e+003;4.027028e-002
3.910131e+003;4.027272e-002
3.910613e+003;4.027610e-002
3.911095e+003;4.027284e-002
3.911578e+003;4.025749e-002
3.912060e+003;4.022463e-002
3.912542e+003;4.017503e-002
3.913024e+003;4.011294e-002
3.913506e+003;4.004870e-002
3.913988e+003;3.999363e-002
3.914470e+003;3.995806e-002
3.914953e+003;3.994651e-002
3.915435e+003;3.996046e-002
3.915917e+003;3.999407e-002
3.916399e+003;4.004284e-002
3.916881e+003;4.010039e-002
3.917363e+003;4.016446e-002
3.917845e+003;4.023373e-002
3.918327e+003;4.030808e-002
3.918810e+003;4.038285e-002
3.919292e+003;4.045165e-002
3.919774e+003;4.050530e-002
3.920256e+003;4.053663e-002
3.920738e+003;4.054081e-002
3.921220e+003;4.051985e-002
3.921702e+003;4.047959e-002
3.922185e+003;4.043093e-002
3.922667e+003;4.038266e-002
3.923149e+003;4.034184e-002
3.923631e+003;4.030913e-002
3.924113e+003;4.028492e-002
3.924595e+003;4.026551e-002
3.925077e+003;4.024928e-002
3.925560e+003;4.023492e-002
3.926042e+003;4.022334e-002
3.926524e+003;4.021363e-002
3.927006e+003;4.020471e-002
3.927488e+003;4.019513e-002
3.927970e+003;4.018500e-002
3.928452e+003;4.017660e-002
3.928935e+003;4.017701e-002
3.929417e+003;4.019500e-002
3.929899e+003;4.023993e-002
3.930381e+003;4.031446e-002
3.930863e+003;4.041556e-002
3.931345e+003;4.052990e-002
3.931827e+003;4.064066e-002
3.932310e+003;4.072851e-002
3.932792e+003;4.078181e-002
3.933274e+003;4.079789e-002
3.933756e+003;4.078648e-002
3.934238e+003;4.076291e-002
3.934720e+003;4.074654e-002
3.935202e+003;4.075060e-002
3.935684e+003;4.078083e-002
3.936167e+003;4.083017e-002
3.936649e+003;4.088501e-002
3.937131e+003;4.092662e-002
3.937613e+003;4.093965e-002
3.938095e+003;4.091687e-002
3.938577e+003;4.086186e-002
3.939059e+003;4.078532e-002
3.939542e+003;4.070529e-002
3.940024e+003;4.063862e-002
3.940506e+003;4.059733e-002
3.940988e+003;4.058398e-002
3.941470e+003;4.059523e-002
3.941952e+003;4.061986e-002
3.942434e+003;4.064623e-002
3.942917e+003;4.066619e-002
3.943399e+003;4.067637e-002
3.943881e+003;4.067934e-002
3.944363e+003;4.068097e-002
3.944845e+003;4.068688e-002
3.945327e+003;4.070095e-002
3.945809e+003;4.072039e-002
3.946292e+003;4.074116e-002
3.946774e+003;4.075725e-002
3.947256e+003;4.076572e-002
3.947738e+003;4.076601e-002
3.948220e+003;4.076268e-002
3.948702e+003;4.075949e-002
3.949184e+003;4.076058e-002
3.949667e+003;4.076461e-002
3.950148e+003;4.076838e-002
3.950631e+003;4.076532e-002
3.951113e+003;4.075273e-002
3.951595e+003;4.072981e-002
3.952077e+003;4.070314e-002
3.952559e+003;4.068115e-002
3.953041e+003;4.067444e-002
3.953523e+003;4.068987e-002
3.954006e+003;4.072837e-002
3.954488e+003;4.078418e-002
3.954970e+003;4.084969e-002
3.955452e+003;4.091425e-002
3.955934e+003;4.096891e-002
3.956416e+003;4.100841e-002
3.956898e+003;4.103126e-002
3.957381e+003;4.103639e-002
3.957863e+003;4.102608e-002
3.958345e+003;4.100153e-002
3.958827e+003;4.096743e-002
3.959309e+003;4.092768e-002
3.959791e+003;4.089021e-002
3.960273e+003;4.086280e-002
3.960756e+003;4.085205e-002
3.961238e+003;4.086200e-002
3.961720e+003;4.088996e-002
3.962202e+003;4.093109e-002
3.962684e+003;4.097562e-002
3.963166e+003;4.101381e-002
3.963648e+003;4.103898e-002
3.964130e+003;4.104801e-002
3.964613e+003;4.104277e-002
3.965095e+003;4.102705e-002
3.965577e+003;4.100566e-002
3.966059e+003;4.098252e-002
3.966541e+003;4.096125e-002
3.967023e+003;4.094200e-002
3.967505e+003;4.092692e-002
3.967988e+003;4.091601e-002
3.968470e+003;4.091236e-002
3.968952e+003;4.091652e-002
3.969434e+003;4.092972e-002
3.969916e+003;4.094936e-002
3.970398e+003;4.097495e-002
3.970880e+003;4.100135e-002
3.971363e+003;4.102519e-002
3.971845e+003;4.104204e-002
3.972327e+003;4.105146e-002
3.972809e+003;4.105227e-002
3.973291e+003;4.104647e-002
3.973773e+003;4.103783e-002
3.974255e+003;4.103027e-002
3.974738e+003;4.102837e-002
3.975220e+003;4.103482e-002
3.975702e+003;4.104857e-002
3.976184e+003;4.106798e-002
3.976666e+003;4.108767e-002
3.977148e+003;4.110061e-002
3.977630e+003;4.110250e-002
3.978113e+003;4.109277e-002
3.978594e+003;4.107250e-002
3.979077e+003;4.104737e-002
3.979559e+003;4.102210e-002
3.980041e+003;4.100073e-002
3.980523e+003;4.098058e-002
3.981005e+003;4.095772e-002
3.981487e+003;4.092350e-002
3.981969e+003;4.087253e-002
3.982452e+003;4.080330e-002
3.982934e+003;4.072231e-002
3.983416e+003;4.063914e-002
3.983898e+003;4.056906e-002
3.984380e+003;4.052233e-002
3.984862e+003;4.050466e-002
3.985344e+003;4.051295e-002
3.985827e+003;4.053840e-002
3.986309e+003;4.056913e-002
3.986791e+003;4.059378e-002
3.987273e+003;4.060613e-002
3.987755e+003;4.060657e-002
3.988237e+003;4.059971e-002
3.988719e+003;4.059380e-002
3.989202e+003;4.059708e-002
3.989684e+003;4.061443e-002
3.990166e+003;4.064817e-002
3.990648e+003;4.069532e-002
3.991130e+003;4.075033e-002
3.991612e+003;4.080576e-002
3.992094e+003;4.085213e-002
3.992577e+003;4.088266e-002
3.993059e+003;4.089275e-002
3.993541e+003;4.088075e-002
3.994023e+003;4.084883e-002
3.994505e+003;4.080376e-002
3.994987e+003;4.075298e-002
3.995469e+003;4.070613e-002
3.995951e+003;4.066956e-002
3.996434e+003;4.064668e-002
3.996916e+003;4.063654e-002
3.997398e+003;4.063819e-002
3.997880e+003;4.064743e-002
3.998362e+003;4.066250e-002
3.998844e+003;4.068138e-002
3.999326e+003;4.070487e-002
3.999809e+003;4.073134e-002
