4.001737e+002;1.977512e-001
4.006559e+002;1.988359e-001
4.011380e+002;1.998439e-001
4.016201e+002;2.005027e-001
4.021023e+002;2.005316e-001
4.025844e+002;1.998328e-001
4.030666e+002;1.985740e-001
4.035487e+002;1.971151e-001
4.040308e+002;1.958278e-001
4.045130e+002;1.949202e-001
4.049951e+002;1.943891e-001
4.054772e+002;1.940791e-001
4.059594e+002;1.938420e-001
4.064415e+002;1.936663e-001
4.069236e+002;1.937101e-001
4.074058e+002;1.942074e-001
4.078879e+002;1.953214e-001
4.083701e+002;1.969973e-001
4.088522e+002;1.989447e-001
4.093344e+002;2.007184e-001
4.098165e+002;2.019173e-001
4.102986e+002;2.023848e-001
4.107808e+002;2.022950e-001
4.112629e+002;2.020544e-001
4.117450e+002;2.021012e-001
4.122272e+002;2.026758e-001
4.127093e+002;2.037364e-001
4.131914e+002;2.049885e-001
4.136736e+002;2.060451e-001
4.141557e+002;2.066251e-001
4.146378e+002;2.066944e-001
4.151200e+002;2.064647e-001
4.156021e+002;2.062666e-001
4.160843e+002;2.063777e-001
4.165664e+002;2.069017e-001
4.170485e+002;2.077493e-001
4.175307e+002;2.087048e-001
4.180128e+002;2.095437e-001
4.184949e+002;2.101402e-001
4.189771e+002;2.105013e-001
4.194592e+002;2.107203e-001
4.199413e+002;2.108915e-001
4.204235e+002;2.110496e-001
4.209056e+002;2.111608e-001
4.213878e+002;2.111720e-001
4.218699e+002;2.110701e-001
4.223521e+002;2.109103e-001
4.228342e+002;2.107926e-001
4.233163e+002;2.108080e-001
4.237985e+002;2.109786e-001
4.242806e+002;2.112466e-001
4.247627e+002;2.115005e-001
4.252449e+002;2.116491e-001
4.257270e+002;2.116779e-001
4.262091e+002;2.116684e-001
4.266913e+002;2.117491e-001
4.271734e+002;2.120294e-001
4.276555e+002;2.125167e-001
4.281377e+002;2.131129e-001
4.286198e+002;2.136468e-001
4.291020e+002;2.139640e-001
4.295841e+002;2.140104e-001
4.300662e+002;2.138662e-001
4.305484e+002;2.137094e-001
4.310305e+002;2.137352e-001
4.315126e+002;2.140611e-001
4.319948e+002;2.146830e-001
4.324769e+002;2.154844e-001
4.329590e+002;2.163020e-001
4.334412e+002;2.170084e-001
4.339233e+002;2.175691e-001
4.344055e+002;2.180449e-001
4.348876e+002;2.185416e-001
4.353698e+002;2.191323e-001
4.358519e+002;2.198102e-001
4.363340e+002;2.204818e-001
4.368162e+002;2.210177e-001
4.372983e+002;2.213219e-001
4.377804e+002;2.213866e-001
4.382626e+002;2.213004e-001
4.387447e+002;2.212101e-001
4.392268e+002;2.212475e-001
4.397090e+002;2.214790e-001
4.401911e+002;2.218835e-001
4.406732e+002;2.223791e-001
4.411554e+002;2.228680e-001
4.416375e+002;2.232866e-001
4.421197e+002;2.236251e-001
4.426018e+002;2.239189e-001
4.430839e+002;2.242105e-001
4.435661e+002;2.245239e-001
4.440482e+002;2.248499e-001
4.445303e+002;2.251629e-001
4.450125e+002;2.254471e-001
4.454946e+002;2.257153e-001
4.459767e+002;2.260044e-001
4.464589e+002;2.263545e-001
4.469410e+002;2.267754e-001
4.474232e+002;2.272332e-001
4.479053e+002;2.276605e-001
4.483875e+002;2.279885e-001
4.488696e+002;2.281878e-001
4.493517e+002;2.282860e-001
4.498339e+002;2.283532e-001
4.503160e+002;2.284647e-001
4.507981e+002;2.286516e-001
4.512803e+002;2.288790e-001
4.517624e+002;2.290569e-001
4.522445e+002;2.290858e-001
4.527267e+002;2.289171e-001
4.532088e+002;2.285882e-001
4.536909e+002;2.282205e-001
4.541731e+002;2.279761e-001
4.546552e+002;2.279910e-001
4.551374e+002;2.283250e-001
4.556195e+002;2.289367e-001
4.561016e+002;2.297045e-001
4.565838e+002;2.304712e-001
4.570659e+002;2.311008e-001
4.575480e+002;2.315177e-001
4.580302e+002;2.317187e-001
4.585123e+002;2.317514e-001
4.589944e+002;2.316896e-001
4.594766e+002;2.316038e-001
4.599587e+002;2.315535e-001
4.604409e+002;2.315890e-001
4.609230e+002;2.317535e-001
4.614052e+002;2.320771e-001
4.618873e+002;2.325679e-001
4.623694e+002;2.331965e-001
4.628516e+002;2.338941e-001
4.633337e+002;2.345662e-001
4.638158e+002;2.351207e-001
4.642980e+002;2.354963e-001
4.647801e+002;2.356807e-001
4.652622e+002;2.357058e-001
4.657444e+002;2.356277e-001
4.662265e+002;2.354977e-001
4.667086e+002;2.353500e-001
4.671908e+002;2.352015e-001
4.676729e+002;2.350722e-001
4.681551e+002;2.350004e-001
4.686372e+002;2.350445e-001
4.691193e+002;2.352671e-001
4.696015e+002;2.357075e-001
4.700836e+002;2.363524e-001
4.705657e+002;2.371353e-001
4.710479e+002;2.379496e-001
4.715300e+002;2.386909e-001
4.720121e+002;2.392919e-001
4.724943e+002;2.397437e-001
4.729764e+002;2.400858e-001
4.734586e+002;2.403739e-001
4.739407e+002;2.406412e-001
4.744229e+002;2.408813e-001
4.749050e+002;2.410557e-001
4.753871e+002;2.411271e-001
4.758693e+002;2.410940e-001
4.763514e+002;2.410073e-001
4.768335e+002;2.409571e-001
4.773157e+002;2.410368e-001
4.777978e+002;2.412986e-001
4.782799e+002;2.417304e-001
4.787621e+002;2.422604e-001
4.792442e+002;2.427889e-001
4.797263e+002;2.432349e-001
4.802085e+002;2.435686e-001
4.806906e+002;2.438166e-001
4.811728e+002;2.440407e-001
4.816549e+002;2.443012e-001
4.821370e+002;2.446269e-001
4.826192e+002;2.450039e-001
4.831013e+002;2.453904e-001
4.835834e+002;2.457433e-001
4.840656e+002;2.460416e-001
4.845477e+002;2.462932e-001
4.850298e+002;2.465257e-001
4.855120e+002;2.467649e-001
4.859941e+002;2.470216e-001
4.864763e+002;2.472892e-001
4.869584e+002;2.475574e-001
4.874405e+002;2.478272e-001
4.879227e+002;2.481196e-001
4.884048e+002;2.484646e-001
4.888869e+002;2.488843e-001
4.893691e+002;2.493687e-001
4.898512e+002;2.498721e-001
4.903333e+002;2.503223e-001
4.908155e+002;2.506506e-001
4.912976e+002;2.508218e-001
4.917798e+002;2.508482e-001
4.922619e+002;2.507855e-001
4.927440e+002;2.507058e-001
4.932262e+002;2.506682e-001
4.937083e+002;2.507016e-001
4.941905e+002;2.508055e-001
4.946726e+002;2.509668e-001
4.951547e+002;2.511823e-001
4.956369e+002;2.514653e-001
4.961190e+002;2.518375e-001
4.966011e+002;2.523090e-001
4.970833e+002;2.528553e-001
4.975654e+002;2.534139e-001
4.980475e+002;2.538997e-001
4.985297e+002;2.542409e-001
4.990118e+002;2.544111e-001
4.994940e+002;2.544445e-001
4.999761e+002;2.544219e-001
5.004582e+002;2.544380e-001
5.009404e+002;2.545576e-001
5.014225e+002;2.547951e-001
5.019046e+002;2.551127e-001
5.023868e+002;2.554482e-001
5.028689e+002;2.557485e-001
5.033510e+002;2.559945e-001
5.038332e+002;2.562041e-001
5.043153e+002;2.564122e-001
5.047975e+002;2.566418e-001
5.052796e+002;2.568853e-001
5.057617e+002;2.571046e-001
5.062439e+002;2.572529e-001
5.067260e+002;2.573037e-001
5.072082e+002;2.572709e-001
5.076903e+002;2.572078e-001
5.081724e+002;2.571861e-001
5.086546e+002;2.572628e-001
5.091367e+002;2.574604e-001
5.096188e+002;2.577608e-001
5.101010e+002;2.581206e-001
5.105831e+002;2.584973e-001
5.110652e+002;2.588699e-001
5.115474e+002;2.592419e-001
5.120295e+002;2.596318e-001
5.125117e+002;2.600498e-001
5.129938e+002;2.604846e-001
5.134760e+002;2.609016e-001
5.139581e+002;2.612575e-001
5.144402e+002;2.615224e-001
5.149224e+002;2.616928e-001
5.154045e+002;2.617924e-001
5.158866e+002;2.618563e-001
5.163688e+002;2.619093e-001
5.168509e+002;2.619542e-001
5.173330e+002;2.619709e-001
5.178152e+002;2.619356e-001
5.182973e+002;2.618406e-001
5.187794e+002;2.617091e-001
5.192616e+002;2.615900e-001
5.197437e+002;2.615430e-001
5.202258e+002;2.616125e-001
5.207080e+002;2.618125e-001
5.211901e+002;2.621231e-001
5.216722e+002;2.625032e-001
5.221544e+002;2.629085e-001
5.226365e+002;2.633068e-001
5.231187e+002;2.636800e-001
5.236008e+002;2.640174e-001
5.240829e+002;2.643042e-001
5.245651e+002;2.645171e-001
5.250472e+002;2.646317e-001
5.255294e+002;2.646376e-001
5.260115e+002;2.645535e-001
5.264937e+002;2.644288e-001
5.269758e+002;2.643290e-001
5.274579e+002;2.643138e-001
5.279401e+002;2.644102e-001
5.284222e+002;2.646053e-001
5.289043e+002;2.648534e-001
5.293865e+002;2.651011e-001
5.298686e+002;2.653125e-001
5.303507e+002;2.654870e-001
5.308329e+002;2.656544e-001
5.313150e+002;2.658558e-001
5.317971e+002;2.661178e-001
5.322793e+002;2.664363e-001
5.327614e+002;2.667757e-001
5.332435e+002;2.670881e-001
5.337257e+002;2.673366e-001
5.342078e+002;2.675142e-001
5.346899e+002;2.676433e-001
5.351721e+002;2.677637e-001
5.356542e+002;2.679075e-001
5.361364e+002;2.680841e-001
5.366185e+002;2.682775e-001
5.371006e+002;2.684572e-001
5.375828e+002;2.686011e-001
5.380649e+002;2.687070e-001
5.385471e+002;2.687951e-001
5.390292e+002;2.688949e-001
5.395114e+002;2.690258e-001
5.399935e+002;2.691844e-001
5.404756e+002;2.693437e-001
5.409578e+002;2.694675e-001
5.414399e+002;2.695309e-001
5.419220e+002;2.695341e-001
5.424042e+002;2.695044e-001
5.428863e+002;2.694817e-001
5.433684e+002;2.694990e-001
5.438506e+002;2.695661e-001
5.443327e+002;2.696680e-001
5.448148e+002;2.697753e-001
5.452970e+002;2.698631e-001
5.457791e+002;2.699263e-001
5.462612e+002;2.699802e-001
5.467434e+002;2.700515e-001
5.472255e+002;2.701599e-001
5.477076e+002;2.703047e-001
5.481898e+002;2.704627e-001
5.486719e+002;2.705989e-001
5.491541e+002;2.706860e-001
5.496362e+002;2.707168e-001
5.501183e+002;2.707085e-001
5.506005e+002;2.706937e-001
5.510826e+002;2.707006e-001
5.515648e+002;2.707413e-001
5.520469e+002;2.708047e-001
5.525291e+002;2.708653e-001
5.530112e+002;2.708985e-001
5.534933e+002;2.708929e-001
5.539755e+002;2.708560e-001
5.544576e+002;2.708065e-001
5.549397e+002;2.707636e-001
5.554219e+002;2.707364e-001
5.559040e+002;2.707211e-001
5.563861e+002;2.707093e-001
5.568683e+002;2.706983e-001
5.573504e+002;2.706985e-001
5.578325e+002;2.707315e-001
5.583147e+002;2.708204e-001
5.587968e+002;2.709743e-001
5.592789e+002;2.711802e-001
5.597611e+002;2.714042e-001
5.602432e+002;2.716035e-001
5.607253e+002;2.717443e-001
5.612075e+002;2.718148e-001
5.616896e+002;2.718267e-001
5.621718e+002;2.718076e-001
5.626539e+002;2.717824e-001
5.631360e+002;2.717640e-001
5.636182e+002;2.717477e-001
5.641003e+002;2.717215e-001
5.645825e+002;2.716782e-001
5.650646e+002;2.716257e-001
5.655468e+002;2.715886e-001
5.660289e+002;2.715964e-001
5.665110e+002;2.716680e-001
5.669932e+002;2.718002e-001
5.674753e+002;2.719652e-001
5.679574e+002;2.721205e-001
5.684396e+002;2.722273e-001
5.689217e+002;2.722649e-001
5.694038e+002;2.722377e-001
5.698860e+002;2.721691e-001
5.703681e+002;2.720883e-001
5.708502e+002;2.720158e-001
5.713324e+002;2.719583e-001
5.718145e+002;2.719103e-001
5.722966e+002;2.718649e-001
5.727788e+002;2.718215e-001
5.732609e+002;2.717893e-001
5.737430e+002;2.717822e-001
5.742252e+002;2.718070e-001
5.747073e+002;2.718576e-001
5.751895e+002;2.719126e-001
5.756716e+002;2.719450e-001
5.761537e+002;2.719348e-001
5.766359e+002;2.718798e-001
5.771180e+002;2.717965e-001
5.776002e+002;2.717130e-001
5.780823e+002;2.716553e-001
5.785645e+002;2.716336e-001
5.790466e+002;2.716395e-001
5.795287e+002;2.716512e-001
5.800109e+002;2.716460e-001
5.804930e+002;2.716142e-001
5.809751e+002;2.715619e-001
5.814573e+002;2.715091e-001
5.819394e+002;2.714764e-001
5.824215e+002;2.714743e-001
5.829037e+002;2.714970e-001
5.833858e+002;2.715234e-001
5.838679e+002;2.715282e-001
5.843501e+002;2.714921e-001
5.848322e+002;2.714083e-001
5.853143e+002;2.712834e-001
5.857965e+002;2.711312e-001
5.862786e+002;2.709657e-001
5.867607e+002;2.707974e-001
5.872429e+002;2.706339e-001
5.877250e+002;2.704826e-001
5.882072e+002;2.703555e-001
5.886893e+002;2.702667e-001
5.891714e+002;2.702279e-001
5.896536e+002;2.702425e-001
5.901357e+002;2.703001e-001
5.906179e+002;2.703778e-001
5.911000e+002;2.704487e-001
5.915822e+002;2.704907e-001
5.920643e+002;2.704957e-001
5.925464e+002;2.704692e-001
5.930286e+002;2.704280e-001
5.935107e+002;2.703888e-001
5.939928e+002;2.703614e-001
5.944750e+002;2.703451e-001
5.949571e+002;2.703311e-001
5.954392e+002;2.703089e-001
5.959214e+002;2.702714e-001
5.964035e+002;2.702170e-001
5.968856e+002;2.701477e-001
5.973678e+002;2.700642e-001
5.978499e+002;2.699649e-001
5.983320e+002;2.698463e-001
5.988142e+002;2.697084e-001
5.992963e+002;2.695598e-001
5.997784e+002;2.694176e-001
6.002606e+002;2.693037e-001
6.007427e+002;2.692339e-001
6.012249e+002;2.692107e-001
6.017070e+002;2.692185e-001
6.021891e+002;2.692292e-001
6.026713e+002;2.692124e-001
6.031534e+002;2.691486e-001
6.036356e+002;2.690374e-001
6.041177e+002;2.688960e-001
6.045999e+002;2.687506e-001
6.050820e+002;2.686245e-001
6.055641e+002;2.685277e-001
6.060463e+002;2.684557e-001
6.065284e+002;2.683938e-001
6.070105e+002;2.683283e-001
6.074927e+002;2.682527e-001
6.079748e+002;2.681707e-001
6.084569e+002;2.680911e-001
6.089391e+002;2.680188e-001
6.094212e+002;2.679504e-001
6.099033e+002;2.678721e-001
6.103855e+002;2.677684e-001
6.108676e+002;2.676294e-001
6.113497e+002;2.674604e-001
6.118319e+002;2.672800e-001
6.123140e+002;2.671145e-001
6.127961e+002;2.669861e-001
6.132783e+002;2.669042e-001
6.137604e+002;2.668616e-001
6.142426e+002;2.668392e-001
6.147247e+002;2.668152e-001
6.152068e+002;2.667736e-001
6.156890e+002;2.667098e-001
6.161711e+002;2.666281e-001
6.166533e+002;2.665351e-001
6.171354e+002;2.664350e-001
6.176176e+002;2.663268e-001
6.180997e+002;2.662055e-001
6.185818e+002;2.660696e-001
6.190640e+002;2.659234e-001
6.195461e+002;2.657781e-001
6.200282e+002;2.656469e-001
6.205104e+002;2.655389e-001
6.209925e+002;2.654541e-001
6.214746e+002;2.653832e-001
6.219568e+002;2.653130e-001
6.224389e+002;2.652332e-001
6.229210e+002;2.651414e-001
6.234032e+002;2.650445e-001
6.238853e+002;2.649531e-001
6.243674e+002;2.648748e-001
6.248496e+002;2.648096e-001
6.253317e+002;2.647488e-001
6.258138e+002;2.646796e-001
6.262960e+002;2.645923e-001
6.267781e+002;2.644854e-001
6.272603e+002;2.643650e-001
6.277424e+002;2.642414e-001
6.282245e+002;2.641217e-001
6.287067e+002;2.640059e-001
6.291888e+002;2.638876e-001
6.296710e+002;2.637583e-001
6.301531e+002;2.636150e-001
6.306353e+002;2.634631e-001
6.311174e+002;2.633157e-001
6.315995e+002;2.631870e-001
6.320817e+002;2.630829e-001
6.325638e+002;2.629980e-001
6.330459e+002;2.629155e-001
6.335281e+002;2.628144e-001
6.340102e+002;2.626809e-001
6.344923e+002;2.625147e-001
6.349745e+002;2.623306e-001
6.354566e+002;2.621515e-001
6.359387e+002;2.619990e-001
6.364209e+002;2.618838e-001
6.369030e+002;2.618017e-001
6.373851e+002;2.617378e-001
6.378673e+002;2.616723e-001
6.383494e+002;2.615909e-001
6.388315e+002;2.614868e-001
6.393137e+002;2.613620e-001
6.397958e+002;2.612209e-001
6.402780e+002;2.610669e-001
6.407601e+002;2.608998e-001
6.412422e+002;2.607175e-001
6.417244e+002;2.605208e-001
6.422065e+002;2.603169e-001
6.426887e+002;2.601184e-001
6.431708e+002;2.599411e-001
6.436530e+002;2.597954e-001
6.441351e+002;2.596835e-001
6.446172e+002;2.595972e-001
6.450994e+002;2.595221e-001
6.455815e+002;2.594433e-001
6.460636e+002;2.593510e-001
6.465458e+002;2.592425e-001
6.470279e+002;2.591188e-001
6.475100e+002;2.589816e-001
6.479922e+002;2.588291e-001
6.484743e+002;2.586575e-001
6.489564e+002;2.584633e-001
6.494386e+002;2.582496e-001
6.499207e+002;2.580282e-001
6.504028e+002;2.578170e-001
6.508850e+002;2.576347e-001
6.513671e+002;2.574927e-001
6.518492e+002;2.573889e-001
6.523314e+002;2.573092e-001
6.528135e+002;2.572314e-001
6.532957e+002;2.571358e-001
6.537778e+002;2.570119e-001
6.542599e+002;2.568612e-001
6.547421e+002;2.566946e-001
6.552242e+002;2.565249e-001
6.557064e+002;2.563607e-001
6.561885e+002;2.562021e-001
6.566707e+002;2.560428e-001
6.571527e+002;2.558752e-001
6.576349e+002;2.556953e-001
6.581171e+002;2.555054e-001
6.585991e+002;2.553128e-001
6.590813e+002;2.551254e-001
6.595635e+002;2.549469e-001
6.600455e+002;2.547752e-001
6.605277e+002;2.546046e-001
6.610099e+002;2.544287e-001
6.614919e+002;2.542452e-001
6.619741e+002;2.540565e-001
6.624563e+002;2.538672e-001
6.629384e+002;2.536802e-001
6.634205e+002;2.534935e-001
6.639027e+002;2.533001e-001
6.643848e+002;2.530901e-001
6.648669e+002;2.528578e-001
6.653491e+002;2.526049e-001
6.658312e+002;2.523407e-001
6.663134e+002;2.520813e-001
6.667955e+002;2.518413e-001
6.672776e+002;2.516308e-001
6.677598e+002;2.514507e-001
6.682419e+002;2.512951e-001
6.687240e+002;2.511541e-001
6.692062e+002;2.510189e-001
6.696884e+002;2.508843e-001
6.701704e+002;2.507461e-001
6.706526e+002;2.506007e-001
6.711348e+002;2.504416e-001
6.716168e+002;2.502593e-001
6.720990e+002;2.500455e-001
6.725812e+002;2.497958e-001
6.730632e+002;2.495154e-001
6.735454e+002;2.492163e-001
6.740276e+002;2.489169e-001
6.745096e+002;2.486337e-001
6.749918e+002;2.483778e-001
6.754740e+002;2.481516e-001
6.759561e+002;2.479497e-001
6.764382e+002;2.477636e-001
6.769204e+002;2.475849e-001
6.774025e+002;2.474085e-001
6.778846e+002;2.472326e-001
6.783668e+002;2.470563e-001
6.788489e+002;2.468785e-001
6.793311e+002;2.466952e-001
6.798132e+002;2.465032e-001
6.802953e+002;2.462999e-001
6.807775e+002;2.460855e-001
6.812596e+002;2.458626e-001
6.817417e+002;2.456349e-001
6.822239e+002;2.454042e-001
6.827061e+002;2.451696e-001
6.831881e+002;2.449280e-001
6.836703e+002;2.446771e-001
6.841525e+002;2.444168e-001
6.846345e+002;2.441527e-001
6.851167e+002;2.438917e-001
6.855989e+002;2.436411e-001
6.860809e+002;2.434029e-001
6.865631e+002;2.431727e-001
6.870453e+002;2.429412e-001
6.875273e+002;2.426976e-001
6.880095e+002;2.424365e-001
6.884917e+002;2.421590e-001
6.889738e+002;2.418741e-001
6.894559e+002;2.415950e-001
6.899381e+002;2.413328e-001
6.904202e+002;2.410933e-001
6.909023e+002;2.408749e-001
6.913845e+002;2.406698e-001
6.918666e+002;2.404691e-001
6.923488e+002;2.402653e-001
6.928309e+002;2.400542e-001
6.933130e+002;2.398339e-001
6.937952e+002;2.396031e-001
6.942773e+002;2.393595e-001
6.947594e+002;2.390997e-001
6.952416e+002;2.388217e-001
6.957238e+002;2.385276e-001
6.962058e+002;2.382244e-001
6.966880e+002;2.379229e-001
6.971702e+002;2.376346e-001
6.976522e+002;2.373663e-001
6.981344e+002;2.371184e-001
6.986166e+002;2.368844e-001
6.990986e+002;2.366538e-001
6.995808e+002;2.364167e-001
7.000630e+002;2.361675e-001
7.005450e+002;2.359046e-001
7.010272e+002;2.356312e-001
7.015094e+002;2.353503e-001
7.019915e+002;2.350637e-001
7.024736e+002;2.347707e-001
7.029558e+002;2.344705e-001
7.034379e+002;2.341642e-001
7.039200e+002;2.338560e-001
7.044022e+002;2.335532e-001
7.048843e+002;2.332624e-001
7.053665e+002;2.329875e-001
7.058486e+002;2.327274e-001
7.063307e+002;2.324767e-001
7.068129e+002;2.322286e-001
7.072950e+002;2.319788e-001
7.077771e+002;2.317279e-001
7.082593e+002;2.314797e-001
7.087415e+002;2.312400e-001
7.092235e+002;2.310113e-001
7.097057e+002;2.307906e-001
7.101879e+002;2.305700e-001
7.106699e+002;2.303396e-001
7.111521e+002;2.300921e-001
7.116343e+002;2.298254e-001
7.121163e+002;2.295437e-001
7.125985e+002;2.292555e-001
7.130807e+002;2.289684e-001
7.135627e+002;2.286873e-001
7.140449e+002;2.284116e-001
7.145271e+002;2.281368e-001
7.150092e+002;2.278586e-001
7.154913e+002;2.275737e-001
7.159735e+002;2.272820e-001
7.164556e+002;2.269853e-001
7.169377e+002;2.266851e-001
7.174199e+002;2.263814e-001
7.179020e+002;2.260718e-001
7.183842e+002;2.257548e-001
7.188663e+002;2.254301e-001
7.193484e+002;2.251012e-001
7.198306e+002;2.247742e-001
7.203127e+002;2.244548e-001
7.207948e+002;2.241457e-001
7.212770e+002;2.238448e-001
7.217592e+002;2.235462e-001
7.222412e+002;2.232426e-001
7.227234e+002;2.229302e-001
7.232056e+002;2.226101e-001
7.236876e+002;2.222884e-001
7.241698e+002;2.219732e-001
7.246520e+002;2.216706e-001
7.251340e+002;2.213818e-001
7.256162e+002;2.211023e-001
7.260984e+002;2.208243e-001
7.265804e+002;2.205406e-001
7.270626e+002;2.202475e-001
7.275448e+002;2.199465e-001
7.280269e+002;2.196422e-001
7.285090e+002;2.193403e-001
7.289912e+002;2.190444e-001
7.294733e+002;2.187541e-001
7.299554e+002;2.184674e-001
7.304376e+002;2.181811e-001
7.309197e+002;2.178939e-001
7.314019e+002;2.176066e-001
7.318840e+002;2.173212e-001
7.323661e+002;2.170391e-001
7.328483e+002;2.167592e-001
7.333304e+002;2.164782e-001
7.338125e+002;2.161917e-001
7.342947e+002;2.158961e-001
7.347769e+002;2.155908e-001
7.352589e+002;2.152775e-001
7.357411e+002;2.149604e-001
7.362233e+002;2.146426e-001
7.367053e+002;2.143260e-001
7.371875e+002;2.140104e-001
7.376697e+002;2.136945e-001
7.381517e+002;2.133768e-001
7.386339e+002;2.130566e-001
7.391161e+002;2.127332e-001
7.395981e+002;2.124052e-001
7.400803e+002;2.120696e-001
7.405625e+002;2.117221e-001
7.410446e+002;2.113596e-001
7.415267e+002;2.109831e-001
7.420089e+002;2.105979e-001
7.424910e+002;2.102153e-001
7.429731e+002;2.098480e-001
7.434553e+002;2.095058e-001
7.439374e+002;2.091924e-001
7.444196e+002;2.089036e-001
7.449017e+002;2.086284e-001
7.453838e+002;2.083538e-001
7.458660e+002;2.080694e-001
7.463481e+002;2.077704e-001
7.468302e+002;2.074578e-001
7.473124e+002;2.071364e-001
7.477945e+002;2.068106e-001
7.482766e+002;2.064828e-001
7.487588e+002;2.061516e-001
7.492409e+002;2.058149e-001
7.497230e+002;2.054707e-001
7.502052e+002;2.051201e-001
7.506873e+002;2.047660e-001
7.511694e+002;2.044116e-001
7.516516e+002;2.040576e-001
7.521337e+002;2.037020e-001
7.526158e+002;2.033404e-001
7.530980e+002;2.029694e-001
7.535801e+002;2.025895e-001
7.540623e+002;2.022058e-001
7.545444e+002;2.018272e-001
7.550266e+002;2.014621e-001
7.555087e+002;2.011145e-001
7.559908e+002;2.007814e-001
7.564730e+002;2.004547e-001
7.569551e+002;2.001239e-001
7.574373e+002;1.997812e-001
7.579194e+002;1.994255e-001
7.584015e+002;1.990615e-001
7.588837e+002;1.986981e-001
7.593658e+002;1.983426e-001
7.598479e+002;1.979976e-001
7.603301e+002;1.976598e-001
7.608122e+002;1.973212e-001
7.612943e+002;1.969745e-001
7.617765e+002;1.966155e-001
7.622586e+002;1.962455e-001
7.627407e+002;1.958702e-001
7.632229e+002;1.954952e-001
7.637050e+002;1.951246e-001
7.641871e+002;1.947575e-001
7.646693e+002;1.943899e-001
7.651514e+002;1.940168e-001
7.656335e+002;1.936352e-001
7.661157e+002;1.932455e-001
7.665978e+002;1.928512e-001
7.670800e+002;1.924562e-001
7.675621e+002;1.920629e-001
7.680443e+002;1.916709e-001
7.685264e+002;1.912774e-001
7.690085e+002;1.908795e-001
7.694907e+002;1.904756e-001
7.699728e+002;1.900668e-001
7.704550e+002;1.896561e-001
7.709371e+002;1.892458e-001
7.714192e+002;1.888365e-001
7.719014e+002;1.884262e-001
7.723835e+002;1.880118e-001
7.728656e+002;1.875910e-001
7.733478e+002;1.871645e-001
7.738299e+002;1.867352e-001
7.743120e+002;1.863085e-001
7.747942e+002;1.858884e-001
7.752763e+002;1.854757e-001
7.757584e+002;1.850679e-001
7.762406e+002;1.846603e-001
7.767227e+002;1.842479e-001
7.772048e+002;1.838295e-001
7.776870e+002;1.834079e-001
7.781691e+002;1.829889e-001
7.786512e+002;1.825790e-001
7.791334e+002;1.821829e-001
7.796155e+002;1.818016e-001
7.800977e+002;1.814329e-001
7.805798e+002;1.810729e-001
7.810620e+002;1.807187e-001
7.815441e+002;1.803695e-001
7.820262e+002;1.800279e-001
7.825084e+002;1.796965e-001
7.829905e+002;1.793777e-001
7.834727e+002;1.790715e-001
7.839548e+002;1.787750e-001
7.844369e+002;1.784841e-001
7.849191e+002;1.781946e-001
7.854012e+002;1.779035e-001
7.858833e+002;1.776096e-001
7.863655e+002;1.773120e-001
7.868476e+002;1.770102e-001
7.873297e+002;1.767032e-001
7.878119e+002;1.763898e-001
7.882940e+002;1.760687e-001
7.887761e+002;1.757409e-001
7.892583e+002;1.754082e-001
7.897404e+002;1.750745e-001
7.902225e+002;1.747430e-001
7.907047e+002;1.744155e-001
7.911868e+002;1.740925e-001
7.916689e+002;1.737718e-001
7.921511e+002;1.734503e-001
7.926332e+002;1.731247e-001
7.931154e+002;1.727924e-001
7.935975e+002;1.724516e-001
7.940797e+002;1.721009e-001
7.945618e+002;1.717400e-001
7.950439e+002;1.713690e-001
7.955261e+002;1.709903e-001
7.960082e+002;1.706070e-001
7.964904e+002;1.702240e-001
7.969725e+002;1.698458e-001
7.974546e+002;1.694754e-001
7.979368e+002;1.691125e-001
7.984189e+002;1.687539e-001
7.989010e+002;1.683942e-001
7.993832e+002;1.680292e-001
7.998653e+002;1.676567e-001
8.003474e+002;1.672785e-001
8.008296e+002;1.668993e-001
8.013117e+002;1.665237e-001
8.017938e+002;1.661543e-001
8.022760e+002;1.657894e-001
8.027581e+002;1.654232e-001
8.032402e+002;1.650480e-001
8.037224e+002;1.646571e-001
8.042045e+002;1.642474e-001
8.046866e+002;1.638210e-001
8.051688e+002;1.633834e-001
8.056509e+002;1.629419e-001
8.061331e+002;1.625028e-001
8.066152e+002;1.620691e-001
8.070974e+002;1.616409e-001
8.075795e+002;1.612151e-001
8.080616e+002;1.607884e-001
8.085438e+002;1.603575e-001
8.090259e+002;1.599207e-001
8.095081e+002;1.594773e-001
8.099902e+002;1.590284e-001
8.104723e+002;1.585752e-001
8.109545e+002;1.581206e-001
8.114366e+002;1.576677e-001
8.119187e+002;1.572194e-001
8.124009e+002;1.567783e-001
8.128830e+002;1.563455e-001
8.133651e+002;1.559199e-001
8.138473e+002;1.554994e-001
8.143294e+002;1.550811e-001
8.148115e+002;1.546626e-001
8.152937e+002;1.542438e-001
8.157758e+002;1.538260e-001
8.162579e+002;1.534123e-001
8.167401e+002;1.530055e-001
8.172222e+002;1.526070e-001
8.177043e+002;1.522170e-001
8.181865e+002;1.518341e-001
8.186686e+002;1.514574e-001
8.191508e+002;1.510863e-001
8.196329e+002;1.507223e-001
8.201151e+002;1.503670e-001
8.205972e+002;1.500218e-001
8.210793e+002;1.496862e-001
8.215615e+002;1.493584e-001
8.220436e+002;1.490355e-001
8.225258e+002;1.487153e-001
8.230079e+002;1.483968e-001
8.234900e+002;1.480808e-001
8.239722e+002;1.477692e-001
8.244543e+002;1.474632e-001
8.249364e+002;1.471622e-001
8.254186e+002;1.468634e-001
8.259007e+002;1.465628e-001
8.263828e+002;1.462567e-001
8.268650e+002;1.459429e-001
8.273471e+002;1.456217e-001
8.278292e+002;1.452951e-001
8.283114e+002;1.449652e-001
8.287935e+002;1.446319e-001
8.292756e+002;1.442940e-001
8.297578e+002;1.439487e-001
8.302399e+002;1.435935e-001
8.307220e+002;1.432278e-001
8.312042e+002;1.428543e-001
8.316863e+002;1.424777e-001
8.321685e+002;1.421029e-001
8.326506e+002;1.417338e-001
8.331328e+002;1.413713e-001
8.336149e+002;1.410139e-001
8.340970e+002;1.406582e-001
8.345792e+002;1.403012e-001
8.350613e+002;1.399412e-001
8.355435e+002;1.395781e-001
8.360256e+002;1.392125e-001
8.365077e+002;1.388448e-001
8.369899e+002;1.384747e-001
8.374720e+002;1.381014e-001
8.379541e+002;1.377238e-001
8.384363e+002;1.373423e-001
8.389184e+002;1.369588e-001
8.394005e+002;1.365758e-001
8.398827e+002;1.361962e-001
8.403648e+002;1.358212e-001
8.408469e+002;1.354498e-001
8.413291e+002;1.350795e-001
8.418112e+002;1.347073e-001
8.422933e+002;1.343308e-001
8.427755e+002;1.339493e-001
8.432576e+002;1.335634e-001
8.437397e+002;1.331745e-001
8.442219e+002;1.327832e-001
8.447040e+002;1.323893e-001
8.451862e+002;1.319924e-001
8.456683e+002;1.315923e-001
8.461505e+002;1.311902e-001
8.466326e+002;1.307892e-001
8.471147e+002;1.303931e-001
8.475969e+002;1.300048e-001
8.480790e+002;1.296253e-001
8.485612e+002;1.292527e-001
8.490433e+002;1.288835e-001
8.495254e+002;1.285133e-001
8.500076e+002;1.281387e-001
8.504897e+002;1.277581e-001
8.509718e+002;1.273714e-001
8.514540e+002;1.269787e-001
8.519361e+002;1.265793e-001
8.524182e+002;1.261719e-001
8.529004e+002;1.257553e-001
8.533825e+002;1.253294e-001
8.538646e+002;1.248974e-001
8.543468e+002;1.244648e-001
8.548289e+002;1.240384e-001
8.553110e+002;1.236238e-001
8.557932e+002;1.232225e-001
8.562753e+002;1.228313e-001
8.567574e+002;1.224427e-001
8.572396e+002;1.220487e-001
8.577217e+002;1.216431e-001
8.582039e+002;1.212245e-001
8.586860e+002;1.207965e-001
8.591682e+002;1.203662e-001
8.596503e+002;1.199414e-001
8.601324e+002;1.195277e-001
8.606146e+002;1.191271e-001
8.610967e+002;1.187384e-001
8.615789e+002;1.183583e-001
8.620610e+002;1.179841e-001
8.625431e+002;1.176143e-001
8.630253e+002;1.172493e-001
8.635074e+002;1.168892e-001
8.639895e+002;1.165339e-001
8.644717e+002;1.161819e-001
8.649538e+002;1.158304e-001
8.654359e+002;1.154768e-001
8.659181e+002;1.151195e-001
8.664002e+002;1.147591e-001
8.668823e+002;1.143980e-001
8.673645e+002;1.140386e-001
8.678466e+002;1.136833e-001
8.683287e+002;1.133324e-001
8.688109e+002;1.129851e-001
8.692930e+002;1.126397e-001
8.697751e+002;1.122950e-001
8.702573e+002;1.119502e-001
8.707394e+002;1.116060e-001
8.712216e+002;1.112632e-001
8.717037e+002;1.109228e-001
8.721859e+002;1.105849e-001
8.726680e+002;1.102495e-001
8.731501e+002;1.099163e-001
8.736323e+002;1.095857e-001
8.741144e+002;1.092582e-001
8.745966e+002;1.089341e-001
8.750787e+002;1.086126e-001
8.755608e+002;1.082914e-001
8.760430e+002;1.079668e-001
8.765251e+002;1.076344e-001
8.770072e+002;1.072909e-001
8.774894e+002;1.069355e-001
8.779715e+002;1.065702e-001
8.784536e+002;1.061997e-001
8.789358e+002;1.058296e-001
8.794179e+002;1.054654e-001
8.799000e+002;1.051106e-001
8.803822e+002;1.047664e-001
8.808643e+002;1.044312e-001
8.813464e+002;1.041025e-001
8.818286e+002;1.037764e-001
8.823107e+002;1.034498e-001
8.827928e+002;1.031205e-001
8.832750e+002;1.027880e-001
8.837571e+002;1.024529e-001
8.842393e+002;1.021174e-001
8.847214e+002;1.017845e-001
8.852036e+002;1.014573e-001
8.856857e+002;1.011378e-001
8.861678e+002;1.008266e-001
8.866500e+002;1.005216e-001
8.871321e+002;1.002193e-001
8.876143e+002;9.991547e-002
8.880964e+002;9.960617e-002
8.885785e+002;9.928986e-002
8.890607e+002;9.896757e-002
8.895428e+002;9.864230e-002
8.900249e+002;9.831869e-002
8.905071e+002;9.800050e-002
8.909892e+002;9.769028e-002
8.914713e+002;9.738806e-002
8.919535e+002;9.709249e-002
8.924356e+002;9.680087e-002
8.929177e+002;9.651088e-002
8.933999e+002;9.622068e-002
8.938820e+002;9.592944e-002
8.943641e+002;9.563687e-002
8.948463e+002;9.534300e-002
8.953284e+002;9.504801e-002
8.958105e+002;9.475251e-002
8.962927e+002;9.445760e-002
8.967748e+002;9.416506e-002
8.972570e+002;9.387701e-002
8.977391e+002;9.359543e-002
8.982213e+002;9.332123e-002
8.987034e+002;9.305442e-002
8.991855e+002;9.279373e-002
8.996677e+002;9.253757e-002
9.001498e+002;9.228493e-002
9.006320e+002;9.203552e-002
9.011141e+002;9.179004e-002
9.015962e+002;9.154954e-002
9.020784e+002;9.131391e-002
9.025605e+002;9.108236e-002
9.030426e+002;9.085241e-002
9.035248e+002;9.062088e-002
9.040069e+002;9.038513e-002
9.044890e+002;9.014402e-002
9.049712e+002;8.989811e-002
9.054533e+002;8.964958e-002
9.059354e+002;8.940136e-002
9.064176e+002;8.915568e-002
9.068997e+002;8.891325e-002
9.073818e+002;8.867323e-002
9.078640e+002;8.843375e-002
9.083461e+002;8.819264e-002
9.088282e+002;8.794886e-002
9.093104e+002;8.770329e-002
9.097925e+002;8.745784e-002
9.102747e+002;8.721618e-002
9.107568e+002;8.698194e-002
9.112390e+002;8.675775e-002
9.117211e+002;8.654492e-002
9.122032e+002;8.634280e-002
9.126853e+002;8.614893e-002
9.131675e+002;8.595955e-002
9.136497e+002;8.577090e-002
9.141317e+002;8.557977e-002
9.146139e+002;8.538461e-002
9.150961e+002;8.518644e-002
9.155781e+002;8.498798e-002
9.160603e+002;8.479328e-002
9.165425e+002;8.460625e-002
9.170245e+002;8.443000e-002
9.175067e+002;8.426522e-002
9.179889e+002;8.411089e-002
9.184709e+002;8.396426e-002
9.189531e+002;8.382233e-002
9.194353e+002;8.368257e-002
9.199174e+002;8.354399e-002
9.203995e+002;8.340615e-002
9.208817e+002;8.326980e-002
9.213638e+002;8.313508e-002
9.218459e+002;8.300191e-002
9.223281e+002;8.286946e-002
9.228102e+002;8.273667e-002
9.232924e+002;8.260261e-002
9.237745e+002;8.246681e-002
9.242566e+002;8.232861e-002
9.247388e+002;8.218721e-002
9.252209e+002;8.204084e-002
9.257030e+002;8.188687e-002
9.261852e+002;8.172245e-002
9.266674e+002;8.154524e-002
9.271494e+002;8.135428e-002
9.276316e+002;8.115042e-002
9.281138e+002;8.093581e-002
9.285958e+002;8.071322e-002
9.290780e+002;8.048492e-002
9.295602e+002;8.025187e-002
9.300422e+002;8.001430e-002
9.305244e+002;7.977200e-002
9.310066e+002;7.952539e-002
9.314886e+002;7.927620e-002
9.319708e+002;7.902759e-002
9.324530e+002;7.878266e-002
9.329351e+002;7.854380e-002
9.334172e+002;7.831144e-002
9.338994e+002;7.808358e-002
9.343815e+002;7.785703e-002
9.348636e+002;7.762871e-002
9.353458e+002;7.739625e-002
9.358279e+002;7.716038e-002
9.363101e+002;7.692322e-002
9.367922e+002;7.668822e-002
9.372743e+002;7.645843e-002
9.377565e+002;7.623545e-002
9.382386e+002;7.601911e-002
9.387207e+002;7.580735e-002
9.392029e+002;7.559798e-002
9.396851e+002;7.538981e-002
9.401671e+002;7.518216e-002
9.406493e+002;7.497621e-002
9.411315e+002;7.477369e-002
9.416135e+002;7.457646e-002
9.420957e+002;7.438526e-002
9.425779e+002;7.420000e-002
9.430599e+002;7.401916e-002
9.435421e+002;7.384110e-002
9.440243e+002;7.366385e-002
9.445063e+002;7.348565e-002
9.449885e+002;7.330561e-002
9.454707e+002;7.312306e-002
9.459528e+002;7.293802e-002
9.464349e+002;7.275067e-002
9.469171e+002;7.256120e-002
9.473992e+002;7.236971e-002
9.478813e+002;7.217577e-002
9.483635e+002;7.197819e-002
9.488456e+002;7.177549e-002
9.493278e+002;7.156611e-002
9.498099e+002;7.134911e-002
9.502920e+002;7.112438e-002
9.507742e+002;7.089384e-002
9.512563e+002;7.066051e-002
9.517384e+002;7.042804e-002
9.522206e+002;7.020021e-002
9.527028e+002;6.997910e-002
9.531848e+002;6.976522e-002
9.536670e+002;6.955694e-002
9.541492e+002;6.935100e-002
9.546312e+002;6.914397e-002
9.551134e+002;6.893255e-002
9.555956e+002;6.871537e-002
9.560776e+002;6.849182e-002
9.565598e+002;6.826346e-002
9.570420e+002;6.803174e-002
9.575240e+002;6.779904e-002
9.580062e+002;6.756685e-002
9.584884e+002;6.733698e-002
9.589705e+002;6.711002e-002
9.594526e+002;6.688716e-002
9.599348e+002;6.666952e-002
9.604169e+002;6.645822e-002
9.608990e+002;6.625469e-002
9.613812e+002;6.606046e-002
9.618633e+002;6.587646e-002
9.623455e+002;6.570339e-002
9.628276e+002;6.554125e-002
9.633097e+002;6.538966e-002
9.637919e+002;6.524824e-002
9.642740e+002;6.511670e-002
9.647561e+002;6.499480e-002
9.652383e+002;6.488328e-002
9.657205e+002;6.478225e-002
9.662025e+002;6.469210e-002
9.666847e+002;6.461212e-002
9.671669e+002;6.454086e-002
9.676489e+002;6.447574e-002
9.681311e+002;6.441417e-002
9.686133e+002;6.435371e-002
9.690953e+002;6.429328e-002
9.695775e+002;6.423277e-002
9.700597e+002;6.417362e-002
9.705417e+002;6.411764e-002
9.710239e+002;6.406660e-002
9.715061e+002;6.402116e-002
9.719882e+002;6.398101e-002
9.724703e+002;6.394449e-002
9.729525e+002;6.391059e-002
9.734346e+002;6.387854e-002
9.739167e+002;6.384930e-002
9.743989e+002;6.382500e-002
9.748810e+002;6.380884e-002
9.753632e+002;6.380385e-002
9.758453e+002;6.381245e-002
9.763274e+002;6.383579e-002
9.768096e+002;6.387423e-002
9.772917e+002;6.392778e-002
9.777738e+002;6.399711e-002
9.782560e+002;6.408360e-002
9.787382e+002;6.418953e-002
9.792202e+002;6.431704e-002
9.797024e+002;6.446798e-002
9.801846e+002;6.464273e-002
9.806666e+002;6.484005e-002
9.811488e+002;6.505787e-002
9.816310e+002;6.529341e-002
9.821130e+002;6.554426e-002
9.825952e+002;6.580920e-002
9.830774e+002;6.608802e-002
9.835594e+002;6.638166e-002
9.840416e+002;6.669113e-002
9.845238e+002;6.701754e-002
9.850059e+002;6.736100e-002
9.854880e+002;6.772080e-002
9.859702e+002;6.809482e-002
9.864523e+002;6.847955e-002
9.869344e+002;6.887041e-002
9.874166e+002;6.926122e-002
9.878987e+002;6.964500e-002
9.883809e+002;7.001477e-002
9.888630e+002;7.036365e-002
9.893451e+002;7.068652e-002
9.898273e+002;7.097983e-002
9.903094e+002;7.124222e-002
9.907915e+002;7.147379e-002
9.912737e+002;7.167586e-002
9.917559e+002;7.185013e-002
9.922379e+002;7.199880e-002
9.927201e+002;7.212328e-002
9.932023e+002;7.222516e-002
9.936843e+002;7.230616e-002
9.941665e+002;7.236838e-002
9.946487e+002;7.241391e-002
9.951307e+002;7.244514e-002
9.956129e+002;7.246384e-002
9.960951e+002;7.247133e-002
9.965771e+002;7.246770e-002
9.970593e+002;7.245135e-002
9.975415e+002;7.241983e-002
9.980236e+002;7.236931e-002
9.985057e+002;7.229569e-002
9.989879e+002;7.219482e-002
9.994700e+002;7.206403e-002
9.999521e+002;7.190189e-002
1.000434e+003;7.170947e-002
1.000916e+003;7.148935e-002
1.001399e+003;7.124580e-002
1.001881e+003;7.098339e-002
1.002363e+003;7.070631e-002
1.002845e+003;7.041775e-002
1.003327e+003;7.012004e-002
1.003809e+003;6.981472e-002
1.004291e+003;6.950304e-002
1.004774e+003;6.918674e-002
1.005256e+003;6.886799e-002
1.005738e+003;6.855001e-002
1.006220e+003;6.823608e-002
1.006702e+003;6.793007e-002
1.007184e+003;6.763569e-002
1.007666e+003;6.735681e-002
1.008148e+003;6.709727e-002
1.008631e+003;6.686014e-002
1.009113e+003;6.664827e-002
1.009595e+003;6.646372e-002
1.010077e+003;6.630691e-002
1.010559e+003;6.617738e-002
1.011041e+003;6.607322e-002
1.011523e+003;6.599274e-002
1.012006e+003;6.593400e-002
1.012488e+003;6.589553e-002
1.012970e+003;6.587657e-002
1.013452e+003;6.587604e-002
1.013934e+003;6.589237e-002
1.014416e+003;6.592270e-002
1.014898e+003;6.596243e-002
1.015380e+003;6.600618e-002
1.015863e+003;6.604759e-002
1.016345e+003;6.608021e-002
1.016827e+003;6.609868e-002
1.017309e+003;6.609859e-002
1.017791e+003;6.607650e-002
1.018273e+003;6.603038e-002
1.018755e+003;6.595979e-002
1.019238e+003;6.586526e-002
1.019720e+003;6.574950e-002
1.020202e+003;6.561682e-002
1.020684e+003;6.547312e-002
1.021166e+003;6.532511e-002
1.021648e+003;6.517953e-002
1.022130e+003;6.504271e-002
1.022613e+003;6.491905e-002
1.023095e+003;6.481168e-002
1.023577e+003;6.472229e-002
1.024059e+003;6.465149e-002
1.024541e+003;6.459908e-002
1.025023e+003;6.456503e-002
1.025505e+003;6.454856e-002
1.025988e+003;6.454931e-002
1.026470e+003;6.456693e-002
1.026952e+003;6.460105e-002
1.027434e+003;6.465153e-002
1.027916e+003;6.471832e-002
1.028398e+003;6.480057e-002
1.028880e+003;6.489606e-002
1.029363e+003;6.500106e-002
1.029845e+003;6.510981e-002
1.030327e+003;6.521571e-002
1.030809e+003;6.531224e-002
1.031291e+003;6.539469e-002
1.031773e+003;6.546091e-002
1.032255e+003;6.551243e-002
1.032737e+003;6.555285e-002
1.033220e+003;6.558704e-002
1.033702e+003;6.561937e-002
1.034184e+003;6.565220e-002
1.034666e+003;6.568619e-002
1.035148e+003;6.572013e-002
1.035630e+003;6.575257e-002
1.036112e+003;6.578238e-002
1.036595e+003;6.580970e-002
1.037077e+003;6.583545e-002
1.037559e+003;6.586069e-002
1.038041e+003;6.588580e-002
1.038523e+003;6.590986e-002
1.039005e+003;6.593103e-002
1.039487e+003;6.594734e-002
1.039969e+003;6.595771e-002
1.040452e+003;6.596226e-002
1.040934e+003;6.596256e-002
1.041416e+003;6.596161e-002
1.041898e+003;6.596211e-002
1.042380e+003;6.596648e-002
1.042862e+003;6.597586e-002
1.043344e+003;6.599078e-002
1.043827e+003;6.601127e-002
1.044309e+003;6.603770e-002
1.044791e+003;6.607135e-002
1.045273e+003;6.611403e-002
1.045755e+003;6.616790e-002
1.046237e+003;6.623492e-002
1.046719e+003;6.631571e-002
1.047202e+003;6.640953e-002
1.047684e+003;6.651425e-002
1.048166e+003;6.662657e-002
1.048648e+003;6.674225e-002
1.049130e+003;6.685742e-002
1.049612e+003;6.696928e-002
1.050094e+003;6.707611e-002
1.050577e+003;6.717790e-002
1.051059e+003;6.727592e-002
1.051541e+003;6.737167e-002
1.052023e+003;6.746646e-002
1.052505e+003;6.756010e-002
1.052987e+003;6.765050e-002
1.053469e+003;6.773396e-002
1.053952e+003;6.780636e-002
1.054434e+003;6.786323e-002
1.054916e+003;6.790228e-002
1.055398e+003;6.792270e-002
1.055880e+003;6.792596e-002
1.056362e+003;6.791396e-002
1.056844e+003;6.788789e-002
1.057326e+003;6.784777e-002
1.057809e+003;6.779163e-002
1.058291e+003;6.771688e-002
1.058773e+003;6.762130e-002
1.059255e+003;6.750443e-002
1.059737e+003;6.736860e-002
1.060219e+003;6.721824e-002
1.060701e+003;6.705957e-002
1.061184e+003;6.689791e-002
1.061666e+003;6.673742e-002
1.062148e+003;6.657986e-002
1.062630e+003;6.642508e-002
1.063112e+003;6.627221e-002
1.063594e+003;6.612041e-002
1.064076e+003;6.596991e-002
1.064558e+003;6.582254e-002
1.065041e+003;6.568046e-002
1.065523e+003;6.554542e-002
1.066005e+003;6.541822e-002
1.066487e+003;6.529757e-002
1.066969e+003;6.518127e-002
1.067451e+003;6.506670e-002
1.067933e+003;6.495175e-002
1.068416e+003;6.483603e-002
1.068898e+003;6.472079e-002
1.069380e+003;6.460860e-002
1.069862e+003;6.450273e-002
1.070344e+003;6.440567e-002
1.070826e+003;6.431924e-002
1.071308e+003;6.424358e-002
1.071791e+003;6.417745e-002
1.072273e+003;6.411878e-002
1.072755e+003;6.406437e-002
1.073237e+003;6.401125e-002
1.073719e+003;6.395646e-002
1.074201e+003;6.389736e-002
1.074683e+003;6.383236e-002
1.075166e+003;6.376070e-002
1.075648e+003;6.368279e-002
1.076130e+003;6.360009e-002
1.076612e+003;6.351458e-002
1.077094e+003;6.342823e-002
1.077576e+003;6.334230e-002
1.078058e+003;6.325695e-002
1.078541e+003;6.317061e-002
1.079023e+003;6.308073e-002
1.079505e+003;6.298380e-002
1.079987e+003;6.287652e-002
1.080469e+003;6.275633e-002
1.080951e+003;6.262138e-002
1.081433e+003;6.247091e-002
1.081915e+003;6.230463e-002
1.082398e+003;6.212150e-002
1.082880e+003;6.192025e-002
1.083362e+003;6.169883e-002
1.083844e+003;6.145527e-002
1.084326e+003;6.118828e-002
1.084808e+003;6.089881e-002
1.085290e+003;6.059020e-002
1.085773e+003;6.026920e-002
1.086255e+003;5.994396e-002
1.086737e+003;5.962385e-002
1.087219e+003;5.931684e-002
1.087701e+003;5.902971e-002
1.088183e+003;5.876580e-002
1.088665e+003;5.852714e-002
1.089147e+003;5.831390e-002
1.089630e+003;5.812641e-002
1.090112e+003;5.796564e-002
1.090594e+003;5.783292e-002
1.091076e+003;5.773017e-002
1.091558e+003;5.765853e-002
1.092040e+003;5.761733e-002
1.092522e+003;5.760397e-002
1.093005e+003;5.761434e-002
1.093487e+003;5.764361e-002
1.093969e+003;5.768792e-002
1.094451e+003;5.774484e-002
1.094933e+003;5.781411e-002
1.095415e+003;5.789721e-002
1.095897e+003;5.799532e-002
1.096380e+003;5.810914e-002
1.096862e+003;5.823770e-002
1.097344e+003;5.837774e-002
1.097826e+003;5.852514e-002
1.098308e+003;5.867537e-002
1.098790e+003;5.882487e-002
1.099272e+003;5.897149e-002
1.099755e+003;5.911459e-002
1.100237e+003;5.925432e-002
1.100719e+003;5.939143e-002
1.101201e+003;5.952633e-002
1.101683e+003;5.965935e-002
1.102165e+003;5.979095e-002
1.102647e+003;5.992208e-002
1.103130e+003;6.005424e-002
1.103612e+003;6.018856e-002
1.104094e+003;6.032623e-002
1.104576e+003;6.046707e-002
1.105058e+003;6.060936e-002
1.105540e+003;6.075002e-002
1.106022e+003;6.088530e-002
1.106504e+003;6.101160e-002
1.106987e+003;6.112697e-002
1.107469e+003;6.123099e-002
1.107951e+003;6.132543e-002
1.108433e+003;6.141279e-002
1.108915e+003;6.149624e-002
1.109397e+003;6.157773e-002
1.109879e+003;6.165865e-002
1.110362e+003;6.173863e-002
1.110844e+003;6.181673e-002
1.111326e+003;6.189185e-002
1.111808e+003;6.196291e-002
1.112290e+003;6.202907e-002
1.112772e+003;6.209017e-002
1.113254e+003;6.214584e-002
1.113736e+003;6.219567e-002
1.114219e+003;6.223910e-002
1.114701e+003;6.227539e-002
1.115183e+003;6.230423e-002
1.115665e+003;6.232603e-002
1.116147e+003;6.234165e-002
1.116629e+003;6.235256e-002
1.117111e+003;6.236040e-002
1.117594e+003;6.236627e-002
1.118076e+003;6.237071e-002
1.118558e+003;6.237360e-002
1.119040e+003;6.237384e-002
1.119522e+003;6.237100e-002
1.120004e+003;6.236473e-002
1.120486e+003;6.235578e-002
1.120969e+003;6.234568e-002
1.121451e+003;6.233634e-002
1.121933e+003;6.232950e-002
1.122415e+003;6.232633e-002
1.122897e+003;6.232683e-002
1.123379e+003;6.233026e-002
1.123861e+003;6.233549e-002
1.124344e+003;6.234088e-002
1.124826e+003;6.234615e-002
1.125308e+003;6.235108e-002
1.125790e+003;6.235646e-002
1.126272e+003;6.236339e-002
1.126754e+003;6.237334e-002
1.127236e+003;6.238697e-002
1.127719e+003;6.240482e-002
1.128201e+003;6.242713e-002
1.128683e+003;6.245380e-002
1.129165e+003;6.248491e-002
1.129647e+003;6.252038e-002
1.130129e+003;6.256039e-002
1.130611e+003;6.260464e-002
1.131093e+003;6.265270e-002
1.131576e+003;6.270363e-002
1.132058e+003;6.275611e-002
1.132540e+003;6.280910e-002
1.133022e+003;6.286164e-002
1.133504e+003;6.291350e-002
1.133986e+003;6.296494e-002
1.134468e+003;6.301660e-002
1.134951e+003;6.306887e-002
1.135433e+003;6.312143e-002
1.135915e+003;6.317270e-002
1.136397e+003;6.322024e-002
1.136879e+003;6.326050e-002
1.137361e+003;6.328973e-002
1.137843e+003;6.330460e-002
1.138325e+003;6.330300e-002
1.138808e+003;6.328397e-002
1.139290e+003;6.324809e-002
1.139772e+003;6.319702e-002
1.140254e+003;6.313291e-002
1.140736e+003;6.305758e-002
1.141218e+003;6.297249e-002
1.141700e+003;6.287809e-002
1.142183e+003;6.277432e-002
1.142665e+003;6.266041e-002
1.143147e+003;6.253506e-002
1.143629e+003;6.239723e-002
1.144111e+003;6.224626e-002
1.144593e+003;6.208227e-002
1.145075e+003;6.190612e-002
1.145557e+003;6.172056e-002
1.146040e+003;6.152914e-002
1.146522e+003;6.133601e-002
1.147004e+003;6.114605e-002
1.147486e+003;6.096314e-002
1.147968e+003;6.078986e-002
1.148450e+003;6.062700e-002
1.148932e+003;6.047410e-002
1.149415e+003;6.032950e-002
1.149897e+003;6.019175e-002
1.150379e+003;6.005977e-002
1.150861e+003;5.993390e-002
1.151343e+003;5.981542e-002
1.151825e+003;5.970615e-002
1.152307e+003;5.960778e-002
1.152790e+003;5.952106e-002
1.153272e+003;5.944643e-002
1.153754e+003;5.938317e-002
1.154236e+003;5.933057e-002
1.154718e+003;5.928858e-002
1.155200e+003;5.925697e-002
1.155682e+003;5.923607e-002
1.156165e+003;5.922583e-002
1.156647e+003;5.922508e-002
1.157129e+003;5.923170e-002
1.157611e+003;5.924251e-002
1.158093e+003;5.925417e-002
1.158575e+003;5.926358e-002
1.159057e+003;5.926884e-002
1.159540e+003;5.926922e-002
1.160022e+003;5.926497e-002
1.160504e+003;5.925649e-002
1.160986e+003;5.924432e-002
1.161468e+003;5.922819e-002
1.161950e+003;5.920728e-002
1.162432e+003;5.918087e-002
1.162914e+003;5.914845e-002
1.163397e+003;5.911004e-002
1.163879e+003;5.906638e-002
1.164361e+003;5.901820e-002
1.164843e+003;5.896626e-002
1.165325e+003;5.891059e-002
1.165807e+003;5.885095e-002
1.166289e+003;5.878714e-002
1.166772e+003;5.871932e-002
1.167254e+003;5.864818e-002
1.167736e+003;5.857576e-002
1.168218e+003;5.850399e-002
1.168700e+003;5.843467e-002
1.169182e+003;5.836867e-002
1.169664e+003;5.830616e-002
1.170146e+003;5.824634e-002
1.170629e+003;5.818857e-002
1.171111e+003;5.813270e-002
1.171593e+003;5.807934e-002
1.172075e+003;5.802961e-002
1.172557e+003;5.798476e-002
1.173039e+003;5.794519e-002
1.173521e+003;5.791046e-002
1.174004e+003;5.787896e-002
1.174486e+003;5.784864e-002
1.174968e+003;5.781769e-002
1.175450e+003;5.778546e-002
1.175932e+003;5.775288e-002
1.176414e+003;5.772161e-002
1.176896e+003;5.769414e-002
1.177379e+003;5.767261e-002
1.177861e+003;5.765820e-002
1.178343e+003;5.765054e-002
1.178825e+003;5.764882e-002
1.179307e+003;5.765128e-002
1.179789e+003;5.765665e-002
1.180271e+003;5.766393e-002
1.180754e+003;5.767290e-002
1.181236e+003;5.768407e-002
1.181718e+003;5.769836e-002
1.182200e+003;5.771682e-002
1.182682e+003;5.773996e-002
1.183164e+003;5.776862e-002
1.183646e+003;5.780302e-002
1.184129e+003;5.784253e-002
1.184611e+003;5.788669e-002
1.185093e+003;5.793438e-002
1.185575e+003;5.798450e-002
1.186057e+003;5.803571e-002
1.186539e+003;5.808727e-002
1.187021e+003;5.813889e-002
1.187503e+003;5.819011e-002
1.187986e+003;5.824101e-002
1.188468e+003;5.829116e-002
1.188950e+003;5.833988e-002
1.189432e+003;5.838623e-002
1.189914e+003;5.842919e-002
1.190396e+003;5.846850e-002
1.190878e+003;5.850521e-002
1.191361e+003;5.854080e-002
1.191843e+003;5.857784e-002
1.192325e+003;5.861842e-002
1.192807e+003;5.866406e-002
1.193289e+003;5.871468e-002
1.193771e+003;5.876955e-002
1.194253e+003;5.882653e-002
1.194735e+003;5.888383e-002
1.195218e+003;5.894039e-002
1.195700e+003;5.899638e-002
1.196182e+003;5.905264e-002
1.196664e+003;5.911046e-002
1.197146e+003;5.917073e-002
1.197628e+003;5.923396e-002
1.198110e+003;5.929917e-002
1.198593e+003;5.936503e-002
1.199075e+003;5.942950e-002
1.199557e+003;5.949136e-002
1.200039e+003;5.954973e-002
1.200521e+003;5.960473e-002
1.201003e+003;5.965696e-002
1.201485e+003;5.970746e-002
1.201968e+003;5.975719e-002
1.202450e+003;5.980667e-002
1.202932e+003;5.985608e-002
1.203414e+003;5.990534e-002
1.203896e+003;5.995371e-002
1.204378e+003;6.000087e-002
1.204860e+003;6.004602e-002
1.205343e+003;6.008887e-002
1.205825e+003;6.012953e-002
1.206307e+003;6.016794e-002
1.206789e+003;6.020502e-002
1.207271e+003;6.024131e-002
1.207753e+003;6.027739e-002
1.208235e+003;6.031337e-002
1.208718e+003;6.034908e-002
1.209200e+003;6.038353e-002
1.209682e+003;6.041601e-002
1.210164e+003;6.044514e-002
1.210646e+003;6.046962e-002
1.211128e+003;6.048884e-002
1.211610e+003;6.050189e-002
1.212092e+003;6.050847e-002
1.212575e+003;6.050890e-002
1.213057e+003;6.050341e-002
1.213539e+003;6.049345e-002
1.214021e+003;6.048108e-002
1.214503e+003;6.046845e-002
1.214985e+003;6.045765e-002
1.215467e+003;6.045065e-002
1.215950e+003;6.044772e-002
1.216432e+003;6.044777e-002
1.216914e+003;6.044876e-002
1.217396e+003;6.044821e-002
1.217878e+003;6.044404e-002
1.218360e+003;6.043531e-002
1.218842e+003;6.042282e-002
1.219324e+003;6.040877e-002
1.219807e+003;6.039605e-002
1.220289e+003;6.038745e-002
1.220771e+003;6.038456e-002
1.221253e+003;6.038763e-002
1.221735e+003;6.039571e-002
1.222217e+003;6.040727e-002
1.222699e+003;6.042039e-002
1.223182e+003;6.043405e-002
1.223664e+003;6.044714e-002
1.224146e+003;6.045960e-002
1.224628e+003;6.047135e-002
1.225110e+003;6.048207e-002
1.225592e+003;6.049177e-002
1.226074e+003;6.050109e-002
1.226557e+003;6.051114e-002
1.227039e+003;6.052380e-002
1.227521e+003;6.054162e-002
1.228003e+003;6.056681e-002
1.228485e+003;6.060080e-002
1.228967e+003;6.064334e-002
1.229449e+003;6.069246e-002
1.229932e+003;6.074517e-002
1.230414e+003;6.079806e-002
1.230896e+003;6.084822e-002
1.231378e+003;6.089423e-002
1.231860e+003;6.093568e-002
1.232342e+003;6.097377e-002
1.232824e+003;6.100929e-002
1.233307e+003;6.104374e-002
1.233789e+003;6.107707e-002
1.234271e+003;6.110920e-002
1.234753e+003;6.113967e-002
1.235235e+003;6.116826e-002
1.235717e+003;6.119587e-002
1.236199e+003;6.122382e-002
1.236681e+003;6.125343e-002
1.237164e+003;6.128637e-002
1.237646e+003;6.132235e-002
1.238128e+003;6.136118e-002
1.238610e+003;6.140122e-002
1.239092e+003;6.144160e-002
1.239574e+003;6.148170e-002
1.240056e+003;6.152221e-002
1.240539e+003;6.156400e-002
1.241021e+003;6.160903e-002
1.241503e+003;6.165835e-002
1.241985e+003;6.171154e-002
1.242467e+003;6.176716e-002
1.242949e+003;6.182272e-002
1.243431e+003;6.187572e-002
1.243913e+003;6.192406e-002
1.244396e+003;6.196748e-002
1.244878e+003;6.200704e-002
1.245360e+003;6.204526e-002
1.245842e+003;6.208534e-002
1.246324e+003;6.212943e-002
1.246806e+003;6.217885e-002
1.247288e+003;6.223341e-002
1.247771e+003;6.229150e-002
1.248253e+003;6.235098e-002
1.248735e+003;6.240950e-002
1.249217e+003;6.246556e-002
1.249699e+003;6.251814e-002
1.250181e+003;6.256773e-002
1.250663e+003;6.261503e-002
1.251146e+003;6.266139e-002
1.251628e+003;6.270830e-002
1.252110e+003;6.275658e-002
1.252592e+003;6.280649e-002
1.253074e+003;6.285757e-002
1.253556e+003;6.290893e-002
1.254038e+003;6.295934e-002
1.254521e+003;6.300804e-002
1.255003e+003;6.305434e-002
1.255485e+003;6.309879e-002
1.255967e+003;6.314268e-002
1.256449e+003;6.318758e-002
1.256931e+003;6.323512e-002
1.257413e+003;6.328613e-002
1.257896e+003;6.334087e-002
1.258378e+003;6.339853e-002
1.258860e+003;6.345758e-002
1.259342e+003;6.351693e-002
1.259824e+003;6.357605e-002
1.260306e+003;6.363509e-002
1.260788e+003;6.369527e-002
1.261270e+003;6.375758e-002
1.261753e+003;6.382275e-002
1.262235e+003;6.389076e-002
1.262717e+003;6.396028e-002
1.263199e+003;6.402949e-002
1.263681e+003;6.409618e-002
1.264163e+003;6.415810e-002
1.264645e+003;6.421372e-002
1.265128e+003;6.426156e-002
1.265610e+003;6.430086e-002
1.266092e+003;6.433140e-002
1.266574e+003;6.435344e-002
1.267056e+003;6.436892e-002
1.267538e+003;6.438005e-002
1.268020e+003;6.439090e-002
1.268502e+003;6.440544e-002
1.268985e+003;6.442748e-002
1.269467e+003;6.445923e-002
1.269949e+003;6.450092e-002
1.270431e+003;6.455027e-002
1.270913e+003;6.460382e-002
1.271395e+003;6.465689e-002
1.271877e+003;6.470614e-002
1.272360e+003;6.474968e-002
1.272842e+003;6.478749e-002
1.273324e+003;6.482060e-002
1.273806e+003;6.485143e-002
1.274288e+003;6.488142e-002
1.274770e+003;6.491134e-002
1.275252e+003;6.494108e-002
1.275734e+003;6.496976e-002
1.276217e+003;6.499660e-002
1.276699e+003;6.502120e-002
1.277181e+003;6.504347e-002
1.277663e+003;6.506393e-002
1.278145e+003;6.508287e-002
1.278627e+003;6.510037e-002
1.279109e+003;6.511594e-002
1.279592e+003;6.512897e-002
1.280074e+003;6.513895e-002
1.280556e+003;6.514593e-002
1.281038e+003;6.515071e-002
1.281520e+003;6.515494e-002
1.282002e+003;6.516012e-002
1.282484e+003;6.516843e-002
1.282967e+003;6.518041e-002
1.283449e+003;6.519616e-002
1.283931e+003;6.521533e-002
1.284413e+003;6.523649e-002
1.284895e+003;6.525761e-002
1.285377e+003;6.527722e-002
1.285859e+003;6.529351e-002
1.286342e+003;6.530544e-002
1.286824e+003;6.531300e-002
1.287306e+003;6.531695e-002
1.287788e+003;6.531870e-002
1.288270e+003;6.532006e-002
1.288752e+003;6.532306e-002
1.289234e+003;6.532936e-002
1.289716e+003;6.533904e-002
1.290199e+003;6.535205e-002
1.290681e+003;6.536660e-002
1.291163e+003;6.538155e-002
1.291645e+003;6.539586e-002
1.292127e+003;6.540922e-002
1.292609e+003;6.542251e-002
1.293091e+003;6.543684e-002
1.293574e+003;6.545360e-002
1.294056e+003;6.547369e-002
1.294538e+003;6.549688e-002
1.295020e+003;6.552298e-002
1.295502e+003;6.555078e-002
1.295984e+003;6.557962e-002
1.296466e+003;6.560928e-002
1.296948e+003;6.564024e-002
1.297431e+003;6.567280e-002
1.297913e+003;6.570712e-002
1.298395e+003;6.574255e-002
1.298877e+003;6.577851e-002
1.299359e+003;6.581344e-002
1.299841e+003;6.584647e-002
1.300323e+003;6.587743e-002
1.300806e+003;6.590737e-002
1.301288e+003;6.593814e-002
1.301770e+003;6.597141e-002
1.302252e+003;6.600892e-002
1.302734e+003;6.605108e-002
1.303216e+003;6.609716e-002
1.303698e+003;6.614574e-002
1.304181e+003;6.619494e-002
1.304663e+003;6.624334e-002
1.305145e+003;6.629030e-002
1.305627e+003;6.633598e-002
1.306109e+003;6.638116e-002
1.306591e+003;6.642659e-002
1.307073e+003;6.647246e-002
1.307556e+003;6.651857e-002
1.308038e+003;6.656434e-002
1.308520e+003;6.660929e-002
1.309002e+003;6.665321e-002
1.309484e+003;6.669688e-002
1.309966e+003;6.674144e-002
1.310448e+003;6.678837e-002
1.310931e+003;6.683875e-002
1.311413e+003;6.689302e-002
1.311895e+003;6.695052e-002
1.312377e+003;6.700990e-002
1.312859e+003;6.706975e-002
1.313341e+003;6.712866e-002
1.313823e+003;6.718614e-002
1.314305e+003;6.724211e-002
1.314788e+003;6.729668e-002
1.315270e+003;6.735048e-002
1.315752e+003;6.740347e-002
1.316234e+003;6.745490e-002
1.316716e+003;6.750412e-002
1.317198e+003;6.755000e-002
1.317680e+003;6.759148e-002
1.318163e+003;6.762855e-002
1.318645e+003;6.766144e-002
1.319127e+003;6.769101e-002
1.319609e+003;6.771807e-002
1.320091e+003;6.774355e-002
1.320573e+003;6.776794e-002
1.321055e+003;6.779166e-002
1.321537e+003;6.781497e-002
1.322020e+003;6.783817e-002
1.322502e+003;6.786174e-002
1.322984e+003;6.788612e-002
1.323466e+003;6.791195e-002
1.323948e+003;6.793936e-002
1.324430e+003;6.796805e-002
1.324912e+003;6.799793e-002
1.325395e+003;6.802810e-002
1.325877e+003;6.805790e-002
1.326359e+003;6.808661e-002
1.326841e+003;6.811384e-002
1.327323e+003;6.813918e-002
1.327805e+003;6.816263e-002
1.328287e+003;6.818414e-002
1.328770e+003;6.820427e-002
1.329252e+003;6.822340e-002
1.329734e+003;6.824265e-002
1.330216e+003;6.826253e-002
1.330698e+003;6.828365e-002
1.331180e+003;6.830605e-002
1.331662e+003;6.832926e-002
1.332145e+003;6.835177e-002
1.332627e+003;6.837223e-002
1.333109e+003;6.838882e-002
1.333591e+003;6.840046e-002
1.334073e+003;6.840675e-002
1.334555e+003;6.840812e-002
1.335037e+003;6.840552e-002
1.335520e+003;6.840055e-002
1.336002e+003;6.839479e-002
1.336484e+003;6.838965e-002
1.336966e+003;6.838640e-002
1.337448e+003;6.838594e-002
1.337930e+003;6.838895e-002
1.338412e+003;6.839593e-002
1.338894e+003;6.840735e-002
1.339377e+003;6.842310e-002
1.339859e+003;6.844319e-002
1.340341e+003;6.846726e-002
1.340823e+003;6.849534e-002
1.341305e+003;6.852701e-002
1.341787e+003;6.856239e-002
1.342269e+003;6.860150e-002
1.342752e+003;6.864435e-002
1.343234e+003;6.869008e-002
1.343716e+003;6.873798e-002
1.344198e+003;6.878670e-002
1.344680e+003;6.883518e-002
1.345162e+003;6.888176e-002
1.345644e+003;6.892598e-002
1.346126e+003;6.896763e-002
1.346609e+003;6.900679e-002
1.347091e+003;6.904411e-002
1.347573e+003;6.908006e-002
1.348055e+003;6.911505e-002
1.348537e+003;6.914921e-002
1.349019e+003;6.918275e-002
1.349501e+003;6.921562e-002
1.349984e+003;6.924825e-002
1.350466e+003;6.928125e-002
1.350948e+003;6.931549e-002
1.351430e+003;6.935244e-002
1.351912e+003;6.939330e-002
1.352394e+003;6.943922e-002
1.352876e+003;6.949063e-002
1.353359e+003;6.954759e-002
1.353841e+003;6.960899e-002
1.354323e+003;6.967301e-002
1.354805e+003;6.973724e-002
1.355287e+003;6.979897e-002
1.355769e+003;6.985556e-002
1.356251e+003;6.990550e-002
1.356734e+003;6.994797e-002
1.357216e+003;6.998321e-002
1.357698e+003;7.001268e-002
1.358180e+003;7.003836e-002
1.358662e+003;7.006250e-002
1.359144e+003;7.008741e-002
1.359626e+003;7.011493e-002
1.360109e+003;7.014652e-002
1.360591e+003;7.018338e-002
1.361073e+003;7.022602e-002
1.361555e+003;7.027422e-002
1.362037e+003;7.032727e-002
1.362519e+003;7.038358e-002
1.363001e+003;7.044104e-002
1.363483e+003;7.049710e-002
1.363966e+003;7.054932e-002
1.364448e+003;7.059574e-002
1.364930e+003;7.063545e-002
1.365412e+003;7.066898e-002
1.365894e+003;7.069704e-002
1.366376e+003;7.072174e-002
1.366858e+003;7.074476e-002
1.367341e+003;7.076767e-002
1.367823e+003;7.079160e-002
1.368305e+003;7.081702e-002
1.368787e+003;7.084356e-002
1.369269e+003;7.087060e-002
1.369751e+003;7.089781e-002
1.370233e+003;7.092456e-002
1.370715e+003;7.095078e-002
1.371198e+003;7.097626e-002
1.371680e+003;7.100111e-002
1.372162e+003;7.102503e-002
1.372644e+003;7.104699e-002
1.373126e+003;7.106552e-002
1.373608e+003;7.107931e-002
1.374090e+003;7.108649e-002
1.374573e+003;7.108652e-002
1.375055e+003;7.108019e-002
1.375537e+003;7.106876e-002
1.376019e+003;7.105486e-002
1.376501e+003;7.104070e-002
1.376983e+003;7.102799e-002
1.377465e+003;7.101703e-002
1.377948e+003;7.100616e-002
1.378430e+003;7.099388e-002
1.378912e+003;7.097823e-002
1.379394e+003;7.095797e-002
1.379876e+003;7.093439e-002
1.380358e+003;7.090977e-002
1.380840e+003;7.088709e-002
1.381323e+003;7.086872e-002
1.381805e+003;7.085581e-002
1.382287e+003;7.084753e-002
1.382769e+003;7.084174e-002
1.383251e+003;7.083599e-002
1.383733e+003;7.082871e-002
1.384215e+003;7.081975e-002
1.384698e+003;7.081065e-002
1.385180e+003;7.080398e-002
1.385662e+003;7.080171e-002
1.386144e+003;7.080449e-002
1.386626e+003;7.081145e-002
1.387108e+003;7.081983e-002
1.387590e+003;7.082651e-002
1.388072e+003;7.082856e-002
1.388555e+003;7.082533e-002
1.389037e+003;7.081699e-002
1.389519e+003;7.080509e-002
1.390001e+003;7.079200e-002
1.390483e+003;7.077910e-002
1.390965e+003;7.076795e-002
1.391447e+003;7.075831e-002
1.391930e+003;7.075064e-002
1.392412e+003;7.074500e-002
1.392894e+003;7.074191e-002
1.393376e+003;7.074194e-002
1.393858e+003;7.074580e-002
1.394340e+003;7.075368e-002
1.394822e+003;7.076530e-002
1.395304e+003;7.078009e-002
1.395787e+003;7.079760e-002
1.396269e+003;7.081763e-002
1.396751e+003;7.084016e-002
1.397233e+003;7.086576e-002
1.397715e+003;7.089422e-002
1.398197e+003;7.092518e-002
1.398679e+003;7.095782e-002
1.399162e+003;7.099119e-002
1.399644e+003;7.102445e-002
1.400126e+003;7.105806e-002
1.400608e+003;7.109284e-002
1.401090e+003;7.113083e-002
1.401572e+003;7.117357e-002
1.402054e+003;7.122240e-002
1.402536e+003;7.127776e-002
1.403019e+003;7.133906e-002
1.403501e+003;7.140483e-002
1.403983e+003;7.147370e-002
1.404465e+003;7.154465e-002
1.404947e+003;7.161655e-002
1.405429e+003;7.168898e-002
1.405911e+003;7.176183e-002
1.406394e+003;7.183460e-002
1.406876e+003;7.190700e-002
1.407358e+003;7.197865e-002
1.407840e+003;7.204881e-002
1.408322e+003;7.211758e-002
1.408804e+003;7.218486e-002
1.409286e+003;7.225041e-002
1.409769e+003;7.231444e-002
1.410251e+003;7.237681e-002
1.410733e+003;7.243724e-002
1.411215e+003;7.249635e-002
1.411697e+003;7.255451e-002
1.412179e+003;7.261298e-002
1.412661e+003;7.267313e-002
1.413144e+003;7.273536e-002
1.413626e+003;7.280042e-002
1.414108e+003;7.286730e-002
1.414590e+003;7.293466e-002
1.415072e+003;7.300024e-002
1.415554e+003;7.306267e-002
1.416036e+003;7.312091e-002
1.416519e+003;7.317572e-002
1.417001e+003;7.322870e-002
1.417483e+003;7.328203e-002
1.417965e+003;7.333881e-002
1.418447e+003;7.340055e-002
1.418929e+003;7.346797e-002
1.419411e+003;7.354015e-002
1.419893e+003;7.361507e-002
1.420376e+003;7.369002e-002
1.420858e+003;7.376274e-002
1.421340e+003;7.383180e-002
1.421822e+003;7.389679e-002
1.422304e+003;7.395840e-002
1.422786e+003;7.401741e-002
1.423268e+003;7.407515e-002
1.423751e+003;7.413118e-002
1.424233e+003;7.418501e-002
1.424715e+003;7.423536e-002
1.425197e+003;7.428092e-002
1.425679e+003;7.432172e-002
1.426161e+003;7.435867e-002
1.426643e+003;7.439432e-002
1.427125e+003;7.443140e-002
1.427608e+003;7.447299e-002
1.428090e+003;7.452054e-002
1.428572e+003;7.457435e-002
1.429054e+003;7.463329e-002
1.429536e+003;7.469542e-002
1.430018e+003;7.475808e-002
1.430500e+003;7.481974e-002
1.430983e+003;7.487865e-002
1.431465e+003;7.493396e-002
1.431947e+003;7.498419e-002
1.432429e+003;7.502871e-002
1.432911e+003;7.506699e-002
1.433393e+003;7.509899e-002
1.433875e+003;7.512631e-002
1.434358e+003;7.515187e-002
1.434840e+003;7.517929e-002
1.435322e+003;7.521217e-002
1.435804e+003;7.525262e-002
1.436286e+003;7.530054e-002
1.436768e+003;7.535359e-002
1.437250e+003;7.540785e-002
1.437733e+003;7.545964e-002
1.438215e+003;7.550586e-002
1.438697e+003;7.554581e-002
1.439179e+003;7.558022e-002
1.439661e+003;7.561044e-002
1.440143e+003;7.563824e-002
1.440625e+003;7.566427e-002
1.441107e+003;7.568845e-002
1.441590e+003;7.571098e-002
1.442072e+003;7.573225e-002
1.442554e+003;7.575383e-002
1.443036e+003;7.577745e-002
1.443518e+003;7.580524e-002
1.444000e+003;7.583870e-002
1.444482e+003;7.587765e-002
1.444965e+003;7.592103e-002
1.445447e+003;7.596679e-002
1.445929e+003;7.601342e-002
1.446411e+003;7.605999e-002
1.446893e+003;7.610622e-002
1.447375e+003;7.615279e-002
1.447857e+003;7.620005e-002
1.448339e+003;7.624860e-002
1.448822e+003;7.629785e-002
1.449304e+003;7.634761e-002
1.449786e+003;7.639797e-002
1.450268e+003;7.644995e-002
1.450750e+003;7.650414e-002
1.451232e+003;7.656176e-002
1.451714e+003;7.662206e-002
1.452197e+003;7.668345e-002
1.452679e+003;7.674351e-002
1.453161e+003;7.680036e-002
1.453643e+003;7.685322e-002
1.454125e+003;7.690356e-002
1.454607e+003;7.695471e-002
1.455089e+003;7.701044e-002
1.455572e+003;7.707328e-002
1.456054e+003;7.714295e-002
1.456536e+003;7.721600e-002
1.457018e+003;7.728714e-002
1.457500e+003;7.735059e-002
1.457982e+003;7.740229e-002
1.458464e+003;7.744104e-002
1.458947e+003;7.746871e-002
1.459429e+003;7.748808e-002
1.459911e+003;7.750230e-002
1.460393e+003;7.751298e-002
1.460875e+003;7.752057e-002
1.461357e+003;7.752460e-002
1.461839e+003;7.752511e-002
1.462322e+003;7.752303e-002
1.462804e+003;7.752150e-002
1.463286e+003;7.752337e-002
1.463768e+003;7.753134e-002
1.464250e+003;7.754651e-002
1.464732e+003;7.756727e-002
1.465214e+003;7.759034e-002
1.465696e+003;7.761201e-002
1.466179e+003;7.762862e-002
1.466661e+003;7.763810e-002
1.467143e+003;7.763974e-002
1.467625e+003;7.763500e-002
1.468107e+003;7.762517e-002
1.468589e+003;7.761290e-002
1.469071e+003;7.760045e-002
1.469554e+003;7.759085e-002
1.470036e+003;7.758714e-002
1.470518e+003;7.759257e-002
1.471000e+003;7.760926e-002
1.471482e+003;7.763765e-002
1.471964e+003;7.767600e-002
1.472446e+003;7.772049e-002
1.472928e+003;7.776594e-002
1.473411e+003;7.780833e-002
1.473893e+003;7.784493e-002
1.474375e+003;7.787591e-002
1.474857e+003;7.790325e-002
1.475339e+003;7.793065e-002
1.475821e+003;7.796042e-002
1.476303e+003;7.799412e-002
1.476786e+003;7.803116e-002
1.477268e+003;7.806989e-002
1.477750e+003;7.810809e-002
1.478232e+003;7.814480e-002
1.478714e+003;7.818025e-002
1.479196e+003;7.821560e-002
1.479678e+003;7.825300e-002
1.480161e+003;7.829417e-002
1.480643e+003;7.834022e-002
1.481125e+003;7.839120e-002
1.481607e+003;7.844638e-002
1.482089e+003;7.850479e-002
1.482571e+003;7.856575e-002
1.483053e+003;7.862849e-002
1.483536e+003;7.869294e-002
1.484018e+003;7.875889e-002
1.484500e+003;7.882611e-002
1.484982e+003;7.889409e-002
1.485464e+003;7.896237e-002
1.485946e+003;7.903097e-002
1.486428e+003;7.910012e-002
1.486911e+003;7.917019e-002
1.487393e+003;7.924254e-002
1.487875e+003;7.931823e-002
1.488357e+003;7.939806e-002
1.488839e+003;7.948246e-002
1.489321e+003;7.957043e-002
1.489803e+003;7.966083e-002
1.490285e+003;7.975046e-002
1.490768e+003;7.983665e-002
1.491250e+003;7.991619e-002
1.491732e+003;7.998811e-002
1.492214e+003;8.005244e-002
1.492696e+003;8.011201e-002
1.493178e+003;8.017074e-002
1.493660e+003;8.023382e-002
1.494143e+003;8.030510e-002
1.494625e+003;8.038694e-002
1.495107e+003;8.047911e-002
1.495589e+003;8.057826e-002
1.496071e+003;8.068011e-002
1.496553e+003;8.078001e-002
1.497035e+003;8.087479e-002
1.497517e+003;8.096365e-002
1.498000e+003;8.104734e-002
1.498482e+003;8.112850e-002
1.498964e+003;8.120932e-002
1.499446e+003;8.129181e-002
1.499928e+003;8.137582e-002
1.500410e+003;8.146106e-002
1.500892e+003;8.154643e-002
1.501375e+003;8.163114e-002
1.501857e+003;8.171488e-002
1.502339e+003;8.179872e-002
1.502821e+003;8.188453e-002
1.503303e+003;8.197455e-002
1.503785e+003;8.207180e-002
1.504267e+003;8.217895e-002
1.504750e+003;8.229773e-002
1.505232e+003;8.242921e-002
1.505714e+003;8.257205e-002
1.506196e+003;8.272255e-002
1.506678e+003;8.287527e-002
1.507160e+003;8.302395e-002
1.507642e+003;8.316297e-002
1.508125e+003;8.328903e-002
1.508607e+003;8.340190e-002
1.509089e+003;8.350448e-002
1.509571e+003;8.360143e-002
1.510053e+003;8.369801e-002
1.510535e+003;8.379820e-002
1.511017e+003;8.390396e-002
1.511500e+003;8.401509e-002
1.511982e+003;8.413026e-002
1.512464e+003;8.424710e-002
1.512946e+003;8.436479e-002
1.513428e+003;8.448378e-002
1.513910e+003;8.460516e-002
1.514392e+003;8.473118e-002
1.514874e+003;8.486226e-002
1.515357e+003;8.499768e-002
1.515839e+003;8.513476e-002
1.516321e+003;8.526952e-002
1.516803e+003;8.539846e-002
1.517285e+003;8.551976e-002
1.517767e+003;8.563391e-002
1.518249e+003;8.574505e-002
1.518732e+003;8.585870e-002
1.519214e+003;8.598092e-002
1.519696e+003;8.611703e-002
1.520178e+003;8.626895e-002
1.520660e+003;8.643541e-002
1.521142e+003;8.661143e-002
1.521624e+003;8.679055e-002
1.522106e+003;8.696619e-002
1.522589e+003;8.713429e-002
1.523071e+003;8.729351e-002
1.523553e+003;8.744591e-002
1.524035e+003;8.759575e-002
1.524517e+003;8.774713e-002
1.524999e+003;8.790378e-002
1.525481e+003;8.806631e-002
1.525964e+003;8.823408e-002
1.526446e+003;8.840469e-002
1.526928e+003;8.857582e-002
1.527410e+003;8.874593e-002
1.527892e+003;8.891446e-002
1.528374e+003;8.908209e-002
1.528856e+003;8.924964e-002
1.529339e+003;8.941725e-002
1.529821e+003;8.958530e-002
1.530303e+003;8.975378e-002
1.530785e+003;8.992309e-002
1.531267e+003;9.009526e-002
1.531749e+003;9.027254e-002
1.532231e+003;9.045727e-002
1.532714e+003;9.065050e-002
1.533196e+003;9.085120e-002
1.533678e+003;9.105550e-002
1.534160e+003;9.125817e-002
1.534642e+003;9.145483e-002
1.535124e+003;9.164268e-002
1.535606e+003;9.182285e-002
1.536089e+003;9.200017e-002
1.536571e+003;9.218114e-002
1.537053e+003;9.237345e-002
1.537535e+003;9.258254e-002
1.538017e+003;9.281146e-002
1.538499e+003;9.305906e-002
1.538981e+003;9.332133e-002
1.539463e+003;9.359189e-002
1.539946e+003;9.386358e-002
1.540428e+003;9.413017e-002
1.540910e+003;9.438699e-002
1.541392e+003;9.463216e-002
1.541874e+003;9.486609e-002
1.542356e+003;9.509275e-002
1.542838e+003;9.531687e-002
1.543321e+003;9.554454e-002
1.543803e+003;9.578124e-002
1.544285e+003;9.602928e-002
1.544767e+003;9.628824e-002
1.545249e+003;9.655474e-002
1.545731e+003;9.682384e-002
1.546213e+003;9.709170e-002
1.546695e+003;9.735622e-002
1.547178e+003;9.761909e-002
1.547660e+003;9.788407e-002
1.548142e+003;9.815458e-002
1.548624e+003;9.843281e-002
1.549106e+003;9.871767e-002
1.549588e+003;9.900574e-002
1.550070e+003;9.929220e-002
1.550553e+003;9.957422e-002
1.551035e+003;9.985189e-002
1.551517e+003;1.001295e-001
1.551999e+003;1.004130e-001
1.552481e+003;1.007081e-001
1.552963e+003;1.010177e-001
1.553445e+003;1.013401e-001
1.553927e+003;1.016697e-001
1.554410e+003;1.019992e-001
1.554892e+003;1.023223e-001
1.555374e+003;1.026366e-001
1.555856e+003;1.029447e-001
1.556338e+003;1.032534e-001
1.556820e+003;1.035720e-001
1.557302e+003;1.039096e-001
1.557785e+003;1.042722e-001
1.558267e+003;1.046604e-001
1.558749e+003;1.050694e-001
1.559231e+003;1.054897e-001
1.559713e+003;1.059096e-001
1.560195e+003;1.063183e-001
1.560677e+003;1.067098e-001
1.561160e+003;1.070836e-001
1.561642e+003;1.074444e-001
1.562124e+003;1.078013e-001
1.562606e+003;1.081655e-001
1.563088e+003;1.085461e-001
1.563570e+003;1.089495e-001
1.564052e+003;1.093757e-001
1.564535e+003;1.098201e-001
1.565017e+003;1.102741e-001
1.565499e+003;1.107294e-001
1.565981e+003;1.111810e-001
1.566463e+003;1.116287e-001
1.566945e+003;1.120767e-001
1.567427e+003;1.125325e-001
1.567910e+003;1.130034e-001
1.568392e+003;1.134932e-001
1.568874e+003;1.140022e-001
1.569356e+003;1.145258e-001
1.569838e+003;1.150578e-001
1.570320e+003;1.155917e-001
1.570802e+003;1.161228e-001
1.571284e+003;1.166492e-001
1.571767e+003;1.171721e-001
1.572249e+003;1.176943e-001
1.572731e+003;1.182207e-001
1.573213e+003;1.187567e-001
1.573695e+003;1.193090e-001
1.574177e+003;1.198844e-001
1.574659e+003;1.204886e-001
1.575142e+003;1.211235e-001
1.575624e+003;1.217861e-001
1.576106e+003;1.224677e-001
1.576588e+003;1.231558e-001
1.577070e+003;1.238386e-001
1.577552e+003;1.245077e-001
1.578034e+003;1.251621e-001
1.578516e+003;1.258078e-001
1.578999e+003;1.264556e-001
1.579481e+003;1.271168e-001
1.579963e+003;1.278000e-001
1.580445e+003;1.285086e-001
1.580927e+003;1.292406e-001
1.581409e+003;1.299910e-001
1.581891e+003;1.307547e-001
1.582374e+003;1.315288e-001
1.582856e+003;1.323137e-001
1.583338e+003;1.331119e-001
1.583820e+003;1.339255e-001
1.584302e+003;1.347549e-001
1.584784e+003;1.355976e-001
1.585266e+003;1.364499e-001
1.585749e+003;1.373084e-001
1.586231e+003;1.381724e-001
1.586713e+003;1.390438e-001
1.587195e+003;1.399273e-001
1.587677e+003;1.408283e-001
1.588159e+003;1.417497e-001
1.588641e+003;1.426931e-001
1.589124e+003;1.436571e-001
1.589606e+003;1.446404e-001
1.590088e+003;1.456412e-001
1.590570e+003;1.466595e-001
1.591052e+003;1.476964e-001
1.591534e+003;1.487521e-001
1.592016e+003;1.498265e-001
1.592499e+003;1.509181e-001
1.592981e+003;1.520240e-001
1.593463e+003;1.531432e-001
1.593945e+003;1.542757e-001
1.594427e+003;1.554234e-001
1.594909e+003;1.565894e-001
1.595391e+003;1.577758e-001
1.595873e+003;1.589828e-001
1.596356e+003;1.602086e-001
1.596838e+003;1.614505e-001
1.597320e+003;1.627061e-001
1.597802e+003;1.639759e-001
1.598284e+003;1.652624e-001
1.598766e+003;1.665696e-001
1.599248e+003;1.679011e-001
1.599731e+003;1.692583e-001
1.600213e+003;1.706398e-001
1.600695e+003;1.720425e-001
1.601177e+003;1.734628e-001
1.601659e+003;1.748988e-001
1.602141e+003;1.763503e-001
1.602623e+003;1.778187e-001
1.603105e+003;1.793054e-001
1.603588e+003;1.808101e-001
1.604070e+003;1.823297e-001
1.604552e+003;1.838609e-001
1.605034e+003;1.854014e-001
1.605516e+003;1.869505e-001
1.605998e+003;1.885110e-001
1.606480e+003;1.900884e-001
1.606963e+003;1.916867e-001
1.607445e+003;1.933073e-001
1.607927e+003;1.949483e-001
1.608409e+003;1.966047e-001
1.608891e+003;1.982706e-001
1.609373e+003;1.999427e-001
1.609855e+003;2.016205e-001
1.610338e+003;2.033057e-001
1.610820e+003;2.050006e-001
1.611302e+003;2.067055e-001
1.611784e+003;2.084165e-001
1.612266e+003;2.101282e-001
1.612748e+003;2.118349e-001
1.613230e+003;2.135350e-001
1.613713e+003;2.152325e-001
1.614195e+003;2.169360e-001
1.614677e+003;2.186558e-001
1.615159e+003;2.203993e-001
1.615641e+003;2.221664e-001
1.616123e+003;2.239474e-001
1.616605e+003;2.257263e-001
1.617088e+003;2.274837e-001
1.617570e+003;2.292035e-001
1.618052e+003;2.308774e-001
1.618534e+003;2.325053e-001
1.619016e+003;2.340934e-001
1.619498e+003;2.356514e-001
1.619980e+003;2.371892e-001
1.620462e+003;2.387143e-001
1.620945e+003;2.402322e-001
1.621427e+003;2.417441e-001
1.621909e+003;2.432488e-001
1.622391e+003;2.447411e-001
1.622873e+003;2.462120e-001
1.623355e+003;2.476499e-001
1.623837e+003;2.490429e-001
1.624320e+003;2.503811e-001
1.624802e+003;2.516595e-001
1.625284e+003;2.528802e-001
1.625766e+003;2.540508e-001
1.626248e+003;2.551802e-001
1.626730e+003;2.562758e-001
1.627212e+003;2.573395e-001
1.627694e+003;2.583668e-001
1.628177e+003;2.593490e-001
1.628659e+003;2.602762e-001
1.629141e+003;2.611416e-001
1.629623e+003;2.619435e-001
1.630105e+003;2.626844e-001
1.630587e+003;2.633687e-001
1.631069e+003;2.639990e-001
1.631552e+003;2.645758e-001
1.632034e+003;2.650964e-001
1.632516e+003;2.655587e-001
1.632998e+003;2.659630e-001
1.633480e+003;2.663140e-001
1.633962e+003;2.666192e-001
1.634444e+003;2.668852e-001
1.634927e+003;2.671150e-001
1.635409e+003;2.673053e-001
1.635891e+003;2.674468e-001
1.636373e+003;2.675288e-001
1.636855e+003;2.675429e-001
1.637337e+003;2.674868e-001
1.637819e+003;2.673637e-001
1.638302e+003;2.671819e-001
1.638784e+003;2.669483e-001
1.639266e+003;2.666679e-001
1.639748e+003;2.663410e-001
1.640230e+003;2.659653e-001
1.640712e+003;2.655385e-001
1.641194e+003;2.650616e-001
1.641677e+003;2.645377e-001
1.642159e+003;2.639728e-001
1.642641e+003;2.633720e-001
1.643123e+003;2.627372e-001
1.643605e+003;2.620678e-001
1.644087e+003;2.613602e-001
1.644569e+003;2.606122e-001
1.645051e+003;2.598237e-001
1.645534e+003;2.589977e-001
1.646016e+003;2.581394e-001
1.646498e+003;2.572528e-001
1.646980e+003;2.563385e-001
1.647462e+003;2.553941e-001
1.647944e+003;2.544155e-001
1.648426e+003;2.533990e-001
1.648909e+003;2.523456e-001
1.649391e+003;2.512600e-001
1.649873e+003;2.501505e-001
1.650355e+003;2.490254e-001
1.650837e+003;2.478906e-001
1.651319e+003;2.467488e-001
1.651801e+003;2.455979e-001
1.652283e+003;2.444342e-001
1.652766e+003;2.432538e-001
1.653248e+003;2.420550e-001
1.653730e+003;2.408374e-001
1.654212e+003;2.396014e-001
1.654694e+003;2.383469e-001
1.655176e+003;2.370727e-001
1.655658e+003;2.357769e-001
1.656141e+003;2.344593e-001
1.656623e+003;2.331216e-001
1.657105e+003;2.317684e-001
1.657587e+003;2.304046e-001
1.658069e+003;2.290349e-001
1.658551e+003;2.276613e-001
1.659033e+003;2.262828e-001
1.659516e+003;2.248975e-001
1.659998e+003;2.235036e-001
1.660480e+003;2.221016e-001
1.660962e+003;2.206935e-001
1.661444e+003;2.192834e-001
1.661926e+003;2.178728e-001
1.662408e+003;2.164610e-001
1.662891e+003;2.150447e-001
1.663373e+003;2.136185e-001
1.663855e+003;2.121794e-001
1.664337e+003;2.107268e-001
1.664819e+003;2.092638e-001
1.665301e+003;2.077961e-001
1.665783e+003;2.063278e-001
1.666266e+003;2.048611e-001
1.666748e+003;2.033945e-001
1.667230e+003;2.019248e-001
1.667712e+003;2.004502e-001
1.668194e+003;1.989708e-001
1.668676e+003;1.974908e-001
1.669158e+003;1.960157e-001
1.669640e+003;1.945508e-001
1.670123e+003;1.930978e-001
1.670605e+003;1.916542e-001
1.671087e+003;1.902146e-001
1.671569e+003;1.887734e-001
1.672051e+003;1.873267e-001
1.672533e+003;1.858744e-001
1.673015e+003;1.844188e-001
1.673498e+003;1.829638e-001
1.673980e+003;1.815112e-001
1.674462e+003;1.800613e-001
1.674944e+003;1.786132e-001
1.675426e+003;1.771655e-001
1.675908e+003;1.757192e-001
1.676390e+003;1.742770e-001
1.676872e+003;1.728426e-001
1.677355e+003;1.714182e-001
1.677837e+003;1.700028e-001
1.678319e+003;1.685926e-001
1.678801e+003;1.671819e-001
1.679283e+003;1.657668e-001
1.679765e+003;1.643464e-001
1.680247e+003;1.629243e-001
1.680730e+003;1.615072e-001
1.681212e+003;1.601012e-001
1.681694e+003;1.587106e-001
1.682176e+003;1.573350e-001
1.682658e+003;1.559699e-001
1.683140e+003;1.546099e-001
1.683622e+003;1.532498e-001
1.684104e+003;1.518880e-001
1.684587e+003;1.505263e-001
1.685069e+003;1.491680e-001
1.685551e+003;1.478163e-001
1.686033e+003;1.464732e-001
1.686515e+003;1.451382e-001
1.686997e+003;1.438106e-001
1.687479e+003;1.424897e-001
1.687962e+003;1.411762e-001
1.688444e+003;1.398708e-001
1.688926e+003;1.385745e-001
1.689408e+003;1.372864e-001
1.689890e+003;1.360051e-001
1.690372e+003;1.347286e-001
1.690854e+003;1.334565e-001
1.691337e+003;1.321913e-001
1.691819e+003;1.309368e-001
1.692301e+003;1.296981e-001
1.692783e+003;1.284774e-001
1.693265e+003;1.272747e-001
1.693747e+003;1.260853e-001
1.694229e+003;1.249035e-001
1.694712e+003;1.237233e-001
1.695194e+003;1.225433e-001
1.695676e+003;1.213650e-001
1.696158e+003;1.201941e-001
1.696640e+003;1.190368e-001
1.697122e+003;1.178976e-001
1.697604e+003;1.167782e-001
1.698087e+003;1.156773e-001
1.698569e+003;1.145926e-001
1.699051e+003;1.135218e-001
1.699533e+003;1.124632e-001
1.700015e+003;1.114160e-001
1.700497e+003;1.103782e-001
1.700979e+003;1.093477e-001
1.701461e+003;1.083210e-001
1.701944e+003;1.072961e-001
1.702426e+003;1.062735e-001
1.702908e+003;1.052565e-001
1.703390e+003;1.042511e-001
1.703872e+003;1.032636e-001
1.704354e+003;1.022977e-001
1.704836e+003;1.013535e-001
1.705319e+003;1.004267e-001
1.705801e+003;9.951133e-002
1.706283e+003;9.860228e-002
1.706765e+003;9.769818e-002
1.707247e+003;9.680112e-002
1.707729e+003;9.591579e-002
1.708211e+003;9.504626e-002
1.708693e+003;9.419419e-002
1.709176e+003;9.335745e-002
1.709658e+003;9.253174e-002
1.710140e+003;9.171244e-002
1.710622e+003;9.089765e-002
1.711104e+003;9.008794e-002
1.711586e+003;8.928582e-002
1.712068e+003;8.849390e-002
1.712551e+003;8.771309e-002
1.713033e+003;8.694190e-002
1.713515e+003;8.617759e-002
1.713997e+003;8.541808e-002
1.714479e+003;8.466468e-002
1.714961e+003;8.392107e-002
1.715443e+003;8.319324e-002
1.715926e+003;8.248572e-002
1.716408e+003;8.179925e-002
1.716890e+003;8.113018e-002
1.717372e+003;8.047157e-002
1.717854e+003;7.981604e-002
1.718336e+003;7.915980e-002
1.718818e+003;7.850315e-002
1.719301e+003;7.785100e-002
1.719783e+003;7.720929e-002
1.720265e+003;7.658309e-002
1.720747e+003;7.597427e-002
1.721229e+003;7.538182e-002
1.721711e+003;7.480303e-002
1.722193e+003;7.423562e-002
1.722676e+003;7.367770e-002
1.723158e+003;7.312968e-002
1.723640e+003;7.259108e-002
1.724122e+003;7.206032e-002
1.724604e+003;7.153418e-002
1.725086e+003;7.100952e-002
1.725568e+003;7.048370e-002
1.726050e+003;6.995694e-002
1.726533e+003;6.943277e-002
1.727015e+003;6.891624e-002
1.727497e+003;6.841192e-002
1.727979e+003;6.792144e-002
1.728461e+003;6.744263e-002
1.728943e+003;6.697076e-002
1.729425e+003;6.650092e-002
1.729908e+003;6.603091e-002
1.730390e+003;6.556204e-002
1.730872e+003;6.509948e-002
1.731354e+003;6.465022e-002
1.731836e+003;6.422003e-002
1.732318e+003;6.381144e-002
1.732800e+003;6.342357e-002
1.733282e+003;6.305232e-002
1.733765e+003;6.269222e-002
1.734247e+003;6.233791e-002
1.734729e+003;6.198602e-002
1.735211e+003;6.163345e-002
1.735693e+003;6.127877e-002
1.736175e+003;6.092068e-002
1.736657e+003;6.055877e-002
1.737140e+003;6.019422e-002
1.737622e+003;5.982970e-002
1.738104e+003;5.946949e-002
1.738586e+003;5.911740e-002
1.739068e+003;5.877606e-002
1.739550e+003;5.844497e-002
1.740032e+003;5.812008e-002
1.740515e+003;5.779690e-002
1.740997e+003;5.747149e-002
1.741479e+003;5.714295e-002
1.741961e+003;5.681355e-002
1.742443e+003;5.648811e-002
1.742925e+003;5.617134e-002
1.743407e+003;5.586591e-002
1.743890e+003;5.557163e-002
1.744372e+003;5.528614e-002
1.744854e+003;5.500564e-002
1.745336e+003;5.472826e-002
1.745818e+003;5.445331e-002
1.746300e+003;5.418199e-002
1.746782e+003;5.391527e-002
1.747265e+003;5.365328e-002
1.747747e+003;5.339367e-002
1.748229e+003;5.313420e-002
1.748711e+003;5.287317e-002
1.749193e+003;5.261185e-002
1.749675e+003;5.235378e-002
1.750157e+003;5.210396e-002
1.750639e+003;5.186614e-002
1.751122e+003;5.164026e-002
1.751604e+003;5.142201e-002
1.752086e+003;5.120377e-002
1.752568e+003;5.097821e-002
1.753050e+003;5.074055e-002
1.753532e+003;5.049121e-002
1.754014e+003;5.023563e-002
1.754497e+003;4.998117e-002
1.754979e+003;4.973527e-002
1.755461e+003;4.950287e-002
1.755943e+003;4.928455e-002
1.756425e+003;4.907846e-002
1.756907e+003;4.888082e-002
1.757389e+003;4.868846e-002
1.757871e+003;4.849940e-002
1.758354e+003;4.831325e-002
1.758836e+003;4.812991e-002
1.759318e+003;4.794862e-002
1.759800e+003;4.776838e-002
1.760282e+003;4.758816e-002
1.760764e+003;4.740787e-002
1.761246e+003;4.722865e-002
1.761729e+003;4.705204e-002
1.762211e+003;4.687971e-002
1.762693e+003;4.671143e-002
1.763175e+003;4.654471e-002
1.763657e+003;4.637657e-002
1.764139e+003;4.620444e-002
1.764621e+003;4.602793e-002
1.765104e+003;4.584987e-002
1.765586e+003;4.567510e-002
1.766068e+003;4.550835e-002
1.766550e+003;4.535265e-002
1.767032e+003;4.520660e-002
1.767514e+003;4.506563e-002
1.767996e+003;4.492407e-002
1.768479e+003;4.477704e-002
1.768961e+003;4.462300e-002
1.769443e+003;4.446438e-002
1.769925e+003;4.430637e-002
1.770407e+003;4.415348e-002
1.770889e+003;4.400848e-002
1.771371e+003;4.387026e-002
1.771854e+003;4.373465e-002
1.772336e+003;4.359689e-002
1.772818e+003;4.345299e-002
1.773300e+003;4.330238e-002
1.773782e+003;4.314755e-002
1.774264e+003;4.299341e-002
1.774746e+003;4.284532e-002
1.775228e+003;4.270730e-002
1.775711e+003;4.258122e-002
1.776193e+003;4.246729e-002
1.776675e+003;4.236338e-002
1.777157e+003;4.226701e-002
1.777639e+003;4.217508e-002
1.778121e+003;4.208423e-002
1.778603e+003;4.199123e-002
1.779086e+003;4.189375e-002
1.779568e+003;4.179038e-002
1.780050e+003;4.168113e-002
1.780532e+003;4.156840e-002
1.781014e+003;4.145543e-002
1.781496e+003;4.134597e-002
1.781978e+003;4.124207e-002
1.782460e+003;4.114403e-002
1.782943e+003;4.105007e-002
1.783425e+003;4.095681e-002
1.783907e+003;4.086120e-002
1.784389e+003;4.076032e-002
1.784871e+003;4.065446e-002
1.785353e+003;4.054501e-002
1.785835e+003;4.043513e-002
1.786318e+003;4.032796e-002
1.786800e+003;4.022628e-002
1.787282e+003;4.013142e-002
1.787764e+003;4.004339e-002
1.788246e+003;3.996086e-002
1.788728e+003;3.988235e-002
1.789210e+003;3.980486e-002
1.789693e+003;3.972665e-002
1.790175e+003;3.964609e-002
1.790657e+003;3.956337e-002
1.791139e+003;3.947961e-002
1.791621e+003;3.939756e-002
1.792103e+003;3.932021e-002
1.792585e+003;3.924990e-002
1.793068e+003;3.918641e-002
1.793550e+003;3.912846e-002
1.794032e+003;3.907273e-002
1.794514e+003;3.901577e-002
1.794996e+003;3.895523e-002
1.795478e+003;3.889040e-002
1.795960e+003;3.882222e-002
1.796442e+003;3.875294e-002
1.796925e+003;3.868357e-002
1.797407e+003;3.861579e-002
1.797889e+003;3.854822e-002
1.798371e+003;3.848043e-002
1.798853e+003;3.841148e-002
1.799335e+003;3.834225e-002
1.799817e+003;3.827324e-002
1.800300e+003;3.820569e-002
1.800782e+003;3.813898e-002
1.801264e+003;3.807117e-002
1.801746e+003;3.799890e-002
1.802228e+003;3.791898e-002
1.802710e+003;3.783001e-002
1.803192e+003;3.773411e-002
1.803674e+003;3.763602e-002
1.804157e+003;3.754310e-002
1.804639e+003;3.746161e-002
1.805121e+003;3.739552e-002
1.805603e+003;3.734502e-002
1.806085e+003;3.730717e-002
1.806567e+003;3.727683e-002
1.807049e+003;3.724935e-002
1.807532e+003;3.722143e-002
1.808014e+003;3.719122e-002
1.808496e+003;3.715872e-002
1.808978e+003;3.712351e-002
1.809460e+003;3.708400e-002
1.809942e+003;3.703881e-002
1.810424e+003;3.698486e-002
1.810906e+003;3.692031e-002
1.811389e+003;3.684472e-002
1.811871e+003;3.675960e-002
1.812353e+003;3.666714e-002
1.812835e+003;3.657073e-002
1.813317e+003;3.647379e-002
1.813799e+003;3.637994e-002
1.814281e+003;3.629285e-002
1.814764e+003;3.621656e-002
1.815246e+003;3.615483e-002
1.815728e+003;3.611039e-002
1.816210e+003;3.608338e-002
1.816692e+003;3.607091e-002
1.817174e+003;3.606781e-002
1.817656e+003;3.606774e-002
1.818139e+003;3.606501e-002
1.818621e+003;3.605672e-002
1.819103e+003;3.604288e-002
1.819585e+003;3.602574e-002
1.820067e+003;3.600739e-002
1.820549e+003;3.598851e-002
1.821031e+003;3.596823e-002
1.821514e+003;3.594315e-002
1.821996e+003;3.591033e-002
1.822478e+003;3.586935e-002
1.822960e+003;3.582120e-002
1.823442e+003;3.577094e-002
1.823924e+003;3.572356e-002
1.824406e+003;3.568298e-002
1.824889e+003;3.565117e-002
1.825371e+003;3.562700e-002
1.825853e+003;3.560819e-002
1.826335e+003;3.559158e-002
1.826817e+003;3.557520e-002
1.827299e+003;3.555908e-002
1.827781e+003;3.554287e-002
1.828263e+003;3.552716e-002
1.828746e+003;3.551106e-002
1.829228e+003;3.549310e-002
1.829710e+003;3.547146e-002
1.830192e+003;3.544523e-002
1.830674e+003;3.541449e-002
1.831156e+003;3.538062e-002
1.831638e+003;3.534513e-002
1.832121e+003;3.530932e-002
1.832603e+003;3.527278e-002
1.833085e+003;3.523476e-002
1.833567e+003;3.519418e-002
1.834049e+003;3.515262e-002
1.834531e+003;3.511200e-002
1.835013e+003;3.507669e-002
1.835495e+003;3.505076e-002
1.835978e+003;3.503663e-002
1.836460e+003;3.503471e-002
1.836942e+003;3.504194e-002
1.837424e+003;3.505278e-002
1.837906e+003;3.506097e-002
1.838388e+003;3.506004e-002
1.838870e+003;3.504524e-002
1.839353e+003;3.501431e-002
1.839835e+003;3.496712e-002
1.840317e+003;3.490768e-002
1.840799e+003;3.484234e-002
1.841281e+003;3.478016e-002
1.841763e+003;3.473165e-002
1.842245e+003;3.470524e-002
1.842728e+003;3.470526e-002
1.843210e+003;3.472914e-002
1.843692e+003;3.476814e-002
1.844174e+003;3.480794e-002
1.844656e+003;3.483325e-002
1.845138e+003;3.483278e-002
1.845620e+003;3.480241e-002
1.846103e+003;3.474602e-002
1.846585e+003;3.467523e-002
1.847067e+003;3.460339e-002
1.847549e+003;3.454281e-002
1.848031e+003;3.450114e-002
1.848513e+003;3.447913e-002
1.848995e+003;3.447329e-002
1.849478e+003;3.447581e-002
1.849960e+003;3.447987e-002
1.850442e+003;3.448035e-002
1.850924e+003;3.447461e-002
1.851406e+003;3.446329e-002
1.851888e+003;3.444806e-002
1.852370e+003;3.443191e-002
1.852852e+003;3.441755e-002
1.853335e+003;3.440792e-002
1.853817e+003;3.440443e-002
1.854299e+003;3.440754e-002
1.854781e+003;3.441611e-002
1.855263e+003;3.442685e-002
1.855745e+003;3.443554e-002
1.856227e+003;3.443788e-002
1.856710e+003;3.443186e-002
1.857192e+003;3.441755e-002
1.857674e+003;3.439778e-002
1.858156e+003;3.437773e-002
1.858638e+003;3.436127e-002
1.859120e+003;3.435114e-002
1.859602e+003;3.434617e-002
1.860084e+003;3.434402e-002
1.860567e+003;3.434011e-002
1.861049e+003;3.433107e-002
1.861531e+003;3.431595e-002
1.862013e+003;3.429614e-002
1.862495e+003;3.427559e-002
1.862977e+003;3.425896e-002
1.863459e+003;3.425095e-002
1.863942e+003;3.425434e-002
1.864424e+003;3.426997e-002
1.864906e+003;3.429604e-002
1.865388e+003;3.432870e-002
1.865870e+003;3.436266e-002
1.866352e+003;3.439148e-002
1.866834e+003;3.440998e-002
1.867317e+003;3.441447e-002
1.867799e+003;3.440503e-002
1.868281e+003;3.438445e-002
1.868763e+003;3.435929e-002
1.869245e+003;3.433526e-002
1.869727e+003;3.431697e-002
1.870209e+003;3.430540e-002
1.870692e+003;3.429788e-002
1.871174e+003;3.429043e-002
1.871656e+003;3.427862e-002
1.872138e+003;3.426209e-002
1.872620e+003;3.424328e-002
1.873102e+003;3.422737e-002
1.873584e+003;3.421967e-002
1.874067e+003;3.422316e-002
1.874549e+003;3.423657e-002
1.875031e+003;3.425445e-002
1.875513e+003;3.427058e-002
1.875995e+003;3.427926e-002
1.876477e+003;3.427776e-002
1.876959e+003;3.426698e-002
1.877441e+003;3.424989e-002
1.877924e+003;3.422877e-002
1.878406e+003;3.420491e-002
1.878888e+003;3.417746e-002
1.879370e+003;3.414566e-002
1.879852e+003;3.411058e-002
1.880334e+003;3.407567e-002
1.880816e+003;3.404783e-002
1.881299e+003;3.403473e-002
1.881781e+003;3.404182e-002
1.882263e+003;3.407141e-002
1.882745e+003;3.412060e-002
1.883227e+003;3.418379e-002
1.883709e+003;3.425417e-002
1.884191e+003;3.432459e-002
1.884673e+003;3.438925e-002
1.885156e+003;3.444280e-002
1.885638e+003;3.448009e-002
1.886120e+003;3.449568e-002
1.886602e+003;3.448638e-002
1.887084e+003;3.445313e-002
1.887566e+003;3.440290e-002
1.888048e+003;3.434886e-002
1.888531e+003;3.430733e-002
1.889013e+003;3.429285e-002
1.889495e+003;3.431172e-002
1.889977e+003;3.436024e-002
1.890459e+003;3.442401e-002
1.890941e+003;3.448408e-002
1.891423e+003;3.452320e-002
1.891906e+003;3.453219e-002
1.892388e+003;3.451118e-002
1.892870e+003;3.447059e-002
1.893352e+003;3.442403e-002
1.893834e+003;3.438371e-002
1.894316e+003;3.435595e-002
1.894798e+003;3.434133e-002
1.895281e+003;3.433789e-002
1.895763e+003;3.434354e-002
1.896245e+003;3.436112e-002
1.896727e+003;3.439758e-002
1.897209e+003;3.446006e-002
1.897691e+003;3.455229e-002
1.898173e+003;3.467067e-002
1.898656e+003;3.480376e-002
1.899138e+003;3.493509e-002
1.899620e+003;3.504653e-002
1.900102e+003;3.512473e-002
1.900584e+003;3.516453e-002
1.901066e+003;3.516944e-002
1.901548e+003;3.514851e-002
1.902030e+003;3.511494e-002
1.902513e+003;3.508155e-002
1.902995e+003;3.505827e-002
1.903477e+003;3.505143e-002
1.903959e+003;3.506274e-002
1.904441e+003;3.509051e-002
1.904923e+003;3.512884e-002
1.905405e+003;3.516901e-002
1.905888e+003;3.520085e-002
1.906370e+003;3.521720e-002
1.906852e+003;3.521365e-002
1.907334e+003;3.519215e-002
1.907816e+003;3.516028e-002
1.908298e+003;3.512946e-002
1.908780e+003;3.511075e-002
1.909262e+003;3.511183e-002
1.909745e+003;3.513483e-002
1.910227e+003;3.517618e-002
1.910709e+003;3.522912e-002
1.911191e+003;3.528525e-002
1.911673e+003;3.533897e-002
1.912155e+003;3.538688e-002
1.912637e+003;3.542861e-002
1.913120e+003;3.546473e-002
1.913602e+003;3.549636e-002
1.914084e+003;3.552444e-002
1.914566e+003;3.555040e-002
1.915048e+003;3.557505e-002
1.915530e+003;3.560010e-002
1.916012e+003;3.562530e-002
1.916495e+003;3.564825e-002
1.916977e+003;3.566603e-002
1.917459e+003;3.567282e-002
1.917941e+003;3.566507e-002
1.918423e+003;3.564252e-002
1.918905e+003;3.560921e-002
1.919387e+003;3.557209e-002
1.919870e+003;3.554020e-002
1.920352e+003;3.551752e-002
1.920834e+003;3.550472e-002
1.921316e+003;3.549577e-002
1.921798e+003;3.548374e-002
1.922280e+003;3.546354e-002
1.922762e+003;3.543480e-002
1.923245e+003;3.540307e-002
1.923727e+003;3.537770e-002
1.924209e+003;3.536708e-002
1.924691e+003;3.537367e-002
1.925173e+003;3.539285e-002
1.925655e+003;3.541416e-002
1.926137e+003;3.542542e-002
1.926619e+003;3.541791e-002
1.927102e+003;3.539034e-002
1.927584e+003;3.534856e-002
1.928066e+003;3.530462e-002
1.928548e+003;3.527099e-002
1.929030e+003;3.525861e-002
1.929512e+003;3.527403e-002
1.929994e+003;3.531966e-002
1.930477e+003;3.539607e-002
1.930959e+003;3.550001e-002
1.931441e+003;3.562806e-002
1.931923e+003;3.577222e-002
1.932405e+003;3.592147e-002
1.932887e+003;3.606233e-002
1.933369e+003;3.618167e-002
1.933851e+003;3.627278e-002
1.934334e+003;3.633503e-002
1.934816e+003;3.637569e-002
1.935298e+003;3.640611e-002
1.935780e+003;3.643547e-002
1.936262e+003;3.646639e-002
1.936744e+003;3.649370e-002
1.937226e+003;3.650842e-002
1.937709e+003;3.650168e-002
1.938191e+003;3.647508e-002
1.938673e+003;3.643895e-002
1.939155e+003;3.641345e-002
1.939637e+003;3.641989e-002
1.940119e+003;3.647264e-002
1.940601e+003;3.657243e-002
1.941083e+003;3.670470e-002
1.941566e+003;3.684546e-002
1.942048e+003;3.696897e-002
1.942530e+003;3.705588e-002
1.943012e+003;3.709953e-002
1.943494e+003;3.710422e-002
1.943976e+003;3.708220e-002
1.944458e+003;3.704663e-002
1.944941e+003;3.700815e-002
1.945423e+003;3.697287e-002
1.945905e+003;3.694451e-002
1.946387e+003;3.692659e-002
1.946869e+003;3.692401e-002
1.947351e+003;3.694266e-002
1.947833e+003;3.698437e-002
1.948316e+003;3.704606e-002
1.948798e+003;3.711952e-002
1.949280e+003;3.719268e-002
1.949762e+003;3.725487e-002
1.950244e+003;3.730150e-002
1.950726e+003;3.733673e-002
1.951208e+003;3.737264e-002
1.951691e+003;3.742262e-002
1.952173e+003;3.749732e-002
1.952655e+003;3.760274e-002
1.953137e+003;3.773489e-002
1.953619e+003;3.788403e-002
1.954101e+003;3.803686e-002
1.954583e+003;3.818199e-002
1.955066e+003;3.831027e-002
1.955548e+003;3.841659e-002
1.956030e+003;3.849882e-002
1.956512e+003;3.855830e-002
1.956994e+003;3.859691e-002
1.957476e+003;3.861884e-002
1.957958e+003;3.862632e-002
1.958440e+003;3.862280e-002
1.958923e+003;3.860976e-002
1.959405e+003;3.858760e-002
1.959887e+003;3.855891e-002
1.960369e+003;3.852782e-002
1.960851e+003;3.850453e-002
1.961333e+003;3.850501e-002
1.961815e+003;3.854631e-002
1.962298e+003;3.864300e-002
1.962780e+003;3.879882e-002
1.963262e+003;3.900227e-002
1.963744e+003;3.922881e-002
1.964226e+003;3.944686e-002
1.964708e+003;3.962523e-002
1.965190e+003;3.974506e-002
1.965672e+003;3.980523e-002
1.966155e+003;3.981916e-002
1.966637e+003;3.981042e-002
1.967119e+003;3.980331e-002
1.967601e+003;3.981499e-002
1.968083e+003;3.985398e-002
1.968565e+003;3.992081e-002
1.969047e+003;4.001358e-002
1.969530e+003;4.012877e-002
1.970012e+003;4.026660e-002
1.970494e+003;4.042264e-002
1.970976e+003;4.058667e-002
1.971458e+003;4.073921e-002
1.971940e+003;4.085600e-002
1.972422e+003;4.091597e-002
1.972905e+003;4.090821e-002
1.973387e+003;4.084578e-002
1.973869e+003;4.076035e-002
1.974351e+003;4.070034e-002
1.974833e+003;4.071240e-002
1.975315e+003;4.083202e-002
1.975797e+003;4.106790e-002
1.976280e+003;4.140043e-002
1.976762e+003;4.178426e-002
1.977244e+003;4.216284e-002
1.977726e+003;4.248298e-002
1.978208e+003;4.270927e-002
1.978690e+003;4.282966e-002
1.979172e+003;4.285546e-002
1.979655e+003;4.281572e-002
1.980137e+003;4.274683e-002
1.980619e+003;4.268207e-002
1.981101e+003;4.264611e-002
1.981583e+003;4.265089e-002
1.982065e+003;4.269074e-002
1.982547e+003;4.274710e-002
1.983029e+003;4.279085e-002
1.983512e+003;4.279449e-002
1.983994e+003;4.273953e-002
1.984476e+003;4.262251e-002
1.984958e+003;4.246164e-002
1.985440e+003;4.229216e-002
1.985922e+003;4.215911e-002
1.986404e+003;4.210652e-002
1.986887e+003;4.216333e-002
1.987369e+003;4.233884e-002
1.987851e+003;4.261646e-002
1.988333e+003;4.295756e-002
1.988815e+003;4.331095e-002
1.989297e+003;4.362415e-002
1.989779e+003;4.385457e-002
1.990261e+003;4.398044e-002
1.990744e+003;4.400671e-002
1.991226e+003;4.396072e-002
1.991708e+003;4.388534e-002
1.992190e+003;4.382701e-002
1.992672e+003;4.382074e-002
1.993154e+003;4.388338e-002
1.993636e+003;4.400700e-002
1.994119e+003;4.416357e-002
1.994601e+003;4.431606e-002
1.995083e+003;4.442766e-002
1.995565e+003;4.447619e-002
1.996047e+003;4.445491e-002
1.996529e+003;4.437542e-002
1.997011e+003;4.426294e-002
1.997494e+003;4.414506e-002
1.997976e+003;4.404880e-002
1.998458e+003;4.399144e-002
1.998940e+003;4.398400e-002
1.999422e+003;4.402646e-002
1.999904e+003;4.411000e-002
2.000386e+003;4.421659e-002
2.000869e+003;4.432143e-002
2.001351e+003;4.439652e-002
2.001833e+003;4.441825e-002
2.002315e+003;4.437490e-002
2.002797e+003;4.427470e-002
2.003279e+003;4.414687e-002
2.003761e+003;4.403834e-002
2.004244e+003;4.399913e-002
2.004726e+003;4.406757e-002
2.005208e+003;4.425745e-002
2.005690e+003;4.455035e-002
2.006172e+003;4.490154e-002
2.006654e+003;4.525662e-002
2.007136e+003;4.556799e-002
2.007618e+003;4.580943e-002
2.008101e+003;4.597892e-002
2.008583e+003;4.609527e-002
2.009065e+003;4.618185e-002
2.009547e+003;4.625703e-002
2.010029e+003;4.632958e-002
2.010511e+003;4.640168e-002
2.010993e+003;4.647239e-002
2.011476e+003;4.654426e-002
2.011958e+003;4.662349e-002
2.012440e+003;4.671555e-002
2.012922e+003;4.681736e-002
2.013404e+003;4.691741e-002
2.013886e+003;4.699461e-002
2.014368e+003;4.703369e-002
2.014850e+003;4.703141e-002
2.015333e+003;4.700384e-002
2.015815e+003;4.698359e-002
2.016297e+003;4.701216e-002
2.016779e+003;4.712071e-002
2.017261e+003;4.731737e-002
2.017743e+003;4.758444e-002
2.018225e+003;4.788399e-002
2.018708e+003;4.817007e-002
2.019190e+003;4.840644e-002
2.019672e+003;4.857289e-002
2.020154e+003;4.867221e-002
2.020636e+003;4.872318e-002
2.021118e+003;4.874783e-002
2.021600e+003;4.877235e-002
2.022083e+003;4.881663e-002
2.022565e+003;4.889643e-002
2.023047e+003;4.902460e-002
2.023529e+003;4.920802e-002
2.024011e+003;4.944297e-002
2.024493e+003;4.971378e-002
2.024975e+003;4.998737e-002
2.025458e+003;5.022385e-002
2.025940e+003;5.038621e-002
2.026422e+003;5.045450e-002
2.026904e+003;5.043187e-002
2.027386e+003;5.034507e-002
2.027868e+003;5.023226e-002
2.028350e+003;5.012517e-002
2.028833e+003;5.003470e-002
2.029315e+003;4.994710e-002
2.029797e+003;4.983527e-002
2.030279e+003;4.967159e-002
2.030761e+003;4.945099e-002
2.031243e+003;4.919575e-002
2.031725e+003;4.895848e-002
2.032207e+003;4.880270e-002
2.032690e+003;4.877997e-002
2.033172e+003;4.891365e-002
2.033654e+003;4.919123e-002
2.034136e+003;4.956881e-002
2.034618e+003;4.998668e-002
2.035100e+003;5.039078e-002
2.035582e+003;5.074387e-002
2.036065e+003;5.102930e-002
2.036547e+003;5.124837e-002
2.037029e+003;5.141535e-002
2.037511e+003;5.154802e-002
2.037993e+003;5.166151e-002
2.038475e+003;5.176847e-002
2.038957e+003;5.187212e-002
2.039439e+003;5.197144e-002
2.039922e+003;5.205677e-002
2.040404e+003;5.211108e-002
2.040886e+003;5.211924e-002
2.041368e+003;5.206950e-002
2.041850e+003;5.196271e-002
2.042332e+003;5.181405e-002
2.042814e+003;5.164978e-002
2.043297e+003;5.150209e-002
2.043779e+003;5.139584e-002
2.044261e+003;5.134373e-002
2.044743e+003;5.134098e-002
2.045225e+003;5.137620e-002
2.045707e+003;5.143558e-002
2.046189e+003;5.151315e-002
2.046672e+003;5.161382e-002
2.047154e+003;5.174819e-002
2.047636e+003;5.192436e-002
2.048118e+003;5.213560e-002
2.048600e+003;5.235771e-002
2.049082e+003;5.255620e-002
2.049564e+003;5.269623e-002
2.050047e+003;5.275584e-002
2.050529e+003;5.273544e-002
2.051011e+003;5.265605e-002
2.051493e+003;5.255183e-002
2.051975e+003;5.245759e-002
2.052457e+003;5.240190e-002
2.052939e+003;5.239618e-002
2.053422e+003;5.243865e-002
2.053904e+003;5.251505e-002
2.054386e+003;5.260507e-002
2.054868e+003;5.268885e-002
2.055350e+003;5.274991e-002
2.055832e+003;5.277593e-002
2.056314e+003;5.276193e-002
2.056796e+003;5.270909e-002
2.057279e+003;5.262845e-002
2.057761e+003;5.253970e-002
2.058243e+003;5.246905e-002
2.058725e+003;5.244481e-002
2.059207e+003;5.248770e-002
2.059689e+003;5.260356e-002
2.060171e+003;5.277863e-002
2.060654e+003;5.298591e-002
2.061136e+003;5.318824e-002
2.061618e+003;5.335605e-002
2.062100e+003;5.347325e-002
2.062582e+003;5.354299e-002
2.063064e+003;5.358512e-002
2.063546e+003;5.362436e-002
2.064029e+003;5.368248e-002
2.064511e+003;5.376939e-002
2.064993e+003;5.388171e-002
2.065475e+003;5.400766e-002
2.065957e+003;5.413246e-002
2.066439e+003;5.424626e-002
2.066921e+003;5.434615e-002
2.067404e+003;5.443234e-002
2.067886e+003;5.450561e-002
2.068368e+003;5.456106e-002
2.068850e+003;5.458885e-002
2.069332e+003;5.457877e-002
2.069814e+003;5.452437e-002
2.070296e+003;5.443132e-002
2.070779e+003;5.431790e-002
2.071260e+003;5.421121e-002
2.071743e+003;5.413926e-002
2.072225e+003;5.412371e-002
2.072707e+003;5.416949e-002
2.073189e+003;5.426636e-002
2.073671e+003;5.439101e-002
2.074153e+003;5.451652e-002
2.074635e+003;5.461961e-002
2.075118e+003;5.468812e-002
2.075600e+003;5.472201e-002
2.076082e+003;5.473348e-002
2.076564e+003;5.473889e-002
2.077046e+003;5.475561e-002
2.077528e+003;5.479408e-002
2.078010e+003;5.485873e-002
2.078493e+003;5.494589e-002
2.078975e+003;5.504598e-002
2.079457e+003;5.514722e-002
2.079939e+003;5.523736e-002
2.080421e+003;5.530645e-002
2.080903e+003;5.534757e-002
2.081385e+003;5.535775e-002
2.081868e+003;5.533852e-002
2.082350e+003;5.529604e-002
2.082832e+003;5.523862e-002
2.083314e+003;5.517899e-002
2.083796e+003;5.512895e-002
2.084278e+003;5.510002e-002
2.084760e+003;5.510087e-002
2.085243e+003;5.513542e-002
2.085725e+003;5.520149e-002
2.086207e+003;5.529309e-002
2.086689e+003;5.539825e-002
2.087171e+003;5.550428e-002
2.087653e+003;5.559836e-002
2.088135e+003;5.567028e-002
2.088617e+003;5.571403e-002
2.089100e+003;5.572881e-002
2.089582e+003;5.571774e-002
2.090064e+003;5.568745e-002
2.090546e+003;5.564639e-002
2.091028e+003;5.560302e-002
2.091510e+003;5.556618e-002
2.091992e+003;5.554310e-002
2.092475e+003;5.554160e-002
2.092957e+003;5.556502e-002
2.093439e+003;5.561587e-002
2.093921e+003;5.569277e-002
2.094403e+003;5.579045e-002
2.094885e+003;5.590137e-002
2.095367e+003;5.601702e-002
2.095850e+003;5.612917e-002
2.096332e+003;5.623148e-002
2.096814e+003;5.632112e-002
2.097296e+003;5.639685e-002
2.097778e+003;5.645980e-002
2.098260e+003;5.651020e-002
2.098742e+003;5.655109e-002
2.099225e+003;5.658332e-002
2.099707e+003;5.661067e-002
2.100189e+003;5.663669e-002
2.100671e+003;5.666526e-002
2.101153e+003;5.669930e-002
2.101635e+003;5.673929e-002
2.102117e+003;5.678329e-002
2.102600e+003;5.682596e-002
2.103082e+003;5.686235e-002
2.103564e+003;5.688778e-002
2.104046e+003;5.690171e-002
2.104528e+003;5.690784e-002
2.105010e+003;5.691294e-002
2.105492e+003;5.692472e-002
2.105974e+003;5.694911e-002
2.106457e+003;5.698726e-002
2.106939e+003;5.703782e-002
2.107421e+003;5.709435e-002
2.107903e+003;5.715105e-002
2.108385e+003;5.720220e-002
2.108867e+003;5.724622e-002
2.109349e+003;5.728400e-002
2.109832e+003;5.731906e-002
2.110314e+003;5.735433e-002
2.110796e+003;5.739164e-002
2.111278e+003;5.743119e-002
2.111760e+003;5.746948e-002
2.112242e+003;5.750354e-002
2.112724e+003;5.752837e-002
2.113207e+003;5.754134e-002
2.113689e+003;5.753979e-002
2.114171e+003;5.752368e-002
2.114653e+003;5.749233e-002
2.115135e+003;5.744665e-002
2.115617e+003;5.738602e-002
2.116099e+003;5.731014e-002
2.116582e+003;5.721945e-002
2.117064e+003;5.711581e-002
2.117546e+003;5.700332e-002
2.118028e+003;5.688922e-002
2.118510e+003;5.678241e-002
2.118992e+003;5.669265e-002
2.119474e+003;5.662594e-002
2.119957e+003;5.658519e-002
2.120438e+003;5.656682e-002
2.120921e+003;5.656399e-002
2.121403e+003;5.656743e-002
2.121885e+003;5.657035e-002
2.122367e+003;5.657154e-002
2.122849e+003;5.657452e-002
2.123331e+003;5.658647e-002
2.123813e+003;5.661368e-002
2.124296e+003;5.665729e-002
2.124778e+003;5.671110e-002
2.125260e+003;5.675984e-002
2.125742e+003;5.678493e-002
2.126224e+003;5.677128e-002
2.126706e+003;5.671028e-002
2.127188e+003;5.660435e-002
2.127671e+003;5.646489e-002
2.128153e+003;5.630845e-002
2.128635e+003;5.615181e-002
2.129117e+003;5.600516e-002
2.129599e+003;5.587662e-002
2.130081e+003;5.576984e-002
2.130563e+003;5.569159e-002
2.131046e+003;5.565088e-002
2.131528e+003;5.566168e-002
2.132010e+003;5.573390e-002
2.132492e+003;5.586951e-002
2.132974e+003;5.605452e-002
2.133456e+003;5.625916e-002
2.133938e+003;5.644440e-002
2.134421e+003;5.657125e-002
2.134903e+003;5.661320e-002
2.135385e+003;5.656440e-002
2.135867e+003;5.644238e-002
2.136349e+003;5.627850e-002
2.136831e+003;5.611309e-002
2.137313e+003;5.597928e-002
2.137795e+003;5.590125e-002
2.138278e+003;5.589075e-002
2.138760e+003;5.594648e-002
2.139242e+003;5.605862e-002
2.139724e+003;5.621082e-002
2.140206e+003;5.638178e-002
2.140688e+003;5.654167e-002
2.141170e+003;5.666019e-002
2.141653e+003;5.670930e-002
2.142135e+003;5.667304e-002
2.142617e+003;5.655278e-002
2.143099e+003;5.637137e-002
2.143581e+003;5.616720e-002
2.144063e+003;5.598683e-002
2.144545e+003;5.586527e-002
2.145028e+003;5.582478e-002
2.145510e+003;5.586147e-002
2.145992e+003;5.595444e-002
2.146474e+003;5.607425e-002
2.146956e+003;5.619382e-002
2.147438e+003;5.629412e-002
2.147920e+003;5.636890e-002
2.148403e+003;5.641467e-002
2.148885e+003;5.642930e-002
2.149367e+003;5.640474e-002
2.149849e+003;5.632984e-002
2.150331e+003;5.619529e-002
2.150813e+003;5.600190e-002
2.151295e+003;5.576284e-002
2.151778e+003;5.550110e-002
2.152260e+003;5.524182e-002
2.152742e+003;5.500482e-002
2.153224e+003;5.479976e-002
2.153706e+003;5.462516e-002
2.154188e+003;5.448122e-002
2.154670e+003;5.437468e-002
2.155152e+003;5.433304e-002
2.155635e+003;5.440091e-002
2.156117e+003;5.462867e-002
2.156599e+003;5.505176e-002
2.157081e+003;5.567020e-002
2.157563e+003;5.643387e-002
2.158045e+003;5.724278e-002
2.158527e+003;5.797710e-002
2.159010e+003;5.852527e-002
2.159492e+003;5.882543e-002
2.159974e+003;5.887271e-002
2.160456e+003;5.871901e-002
2.160938e+003;5.844662e-002
2.161420e+003;5.814516e-002
2.161902e+003;5.788808e-002
2.162385e+003;5.772467e-002
2.162867e+003;5.767994e-002
2.163349e+003;5.775658e-002
2.163831e+003;5.793743e-002
2.164313e+003;5.819071e-002
2.164795e+003;5.847324e-002
2.165277e+003;5.873686e-002
2.165760e+003;5.893291e-002
2.166242e+003;5.902306e-002
2.166724e+003;5.898574e-002
2.167206e+003;5.881883e-002
2.167688e+003;5.854243e-002
2.168170e+003;5.819200e-002
2.168652e+003;5.781336e-002
2.169135e+003;5.745068e-002
2.169616e+003;5.713876e-002
2.170099e+003;5.689464e-002
2.170581e+003;5.672128e-002
2.171063e+003;5.661020e-002
2.171545e+003;5.654278e-002
2.172027e+003;5.650261e-002
2.172509e+003;5.647739e-002
2.172991e+003;5.646371e-002
2.173474e+003;5.646133e-002
2.173956e+003;5.647378e-002
2.174438e+003;5.650037e-002
2.174920e+003;5.653540e-002
2.175402e+003;5.656346e-002
2.175884e+003;5.657056e-002
2.176366e+003;5.654176e-002
2.176849e+003;5.647098e-002
2.177331e+003;5.636402e-002
2.177813e+003;5.623243e-002
2.178295e+003;5.609546e-002
2.178777e+003;5.596939e-002
2.179259e+003;5.586357e-002
2.179741e+003;5.578270e-002
2.180224e+003;5.572302e-002
2.180706e+003;5.568530e-002
2.181188e+003;5.567177e-002
2.181670e+003;5.569360e-002
2.182152e+003;5.576288e-002
2.182634e+003;5.588750e-002
2.183116e+003;5.606114e-002
2.183598e+003;5.625967e-002
2.184081e+003;5.644735e-002
2.184563e+003;5.658004e-002
2.185045e+003;5.662319e-002
2.185527e+003;5.656121e-002
2.186009e+003;5.640357e-002
2.186491e+003;5.618462e-002
2.186973e+003;5.594826e-002
2.187456e+003;5.573914e-002
2.187938e+003;5.558446e-002
2.188420e+003;5.548786e-002
2.188902e+003;5.542950e-002
2.189384e+003;5.537458e-002
2.189866e+003;5.528641e-002
2.190348e+003;5.514168e-002
2.190831e+003;5.493384e-002
2.191313e+003;5.467789e-002
2.191795e+003;5.440545e-002
2.192277e+003;5.415118e-002
2.192759e+003;5.394716e-002
2.193241e+003;5.381176e-002
2.193723e+003;5.374907e-002
2.194206e+003;5.375042e-002
2.194688e+003;5.379825e-002
2.195170e+003;5.387240e-002
2.195652e+003;5.395536e-002
2.196134e+003;5.403659e-002
2.196616e+003;5.410931e-002
2.197098e+003;5.417311e-002
2.197581e+003;5.422908e-002
2.198063e+003;5.427976e-002
2.198545e+003;5.432351e-002
2.199027e+003;5.435416e-002
2.199509e+003;5.436415e-002
2.199991e+003;5.433973e-002
2.200473e+003;5.426652e-002
2.200955e+003;5.413377e-002
2.201438e+003;5.393877e-002
2.201920e+003;5.369264e-002
2.202402e+003;5.341761e-002
2.202884e+003;5.314847e-002
2.203366e+003;5.292297e-002
2.203848e+003;5.277349e-002
2.204330e+003;5.271621e-002
2.204813e+003;5.274734e-002
2.205295e+003;5.284287e-002
2.205777e+003;5.296566e-002
2.206259e+003;5.307505e-002
2.206741e+003;5.314500e-002
2.207223e+003;5.316518e-002
2.207705e+003;5.314695e-002
2.208188e+003;5.311386e-002
2.208670e+003;5.309266e-002
2.209152e+003;5.309969e-002
2.209634e+003;5.313541e-002
2.210116e+003;5.318076e-002
2.210598e+003;5.320885e-002
2.211080e+003;5.319118e-002
2.211563e+003;5.311047e-002
2.212045e+003;5.296691e-002
2.212527e+003;5.277752e-002
2.213009e+003;5.256881e-002
2.213491e+003;5.236896e-002
2.213973e+003;5.219617e-002
2.214455e+003;5.205866e-002
2.214938e+003;5.195086e-002
2.215419e+003;5.185958e-002
2.215902e+003;5.177131e-002
2.216384e+003;5.167470e-002
2.216866e+003;5.156628e-002
2.217348e+003;5.145101e-002
2.217830e+003;5.133794e-002
2.218312e+003;5.123924e-002
2.218794e+003;5.116665e-002
2.219277e+003;5.112737e-002
2.219759e+003;5.112134e-002
2.220241e+003;5.114323e-002
2.220723e+003;5.117815e-002
2.221205e+003;5.120750e-002
2.221687e+003;5.121101e-002
2.222169e+003;5.117624e-002
2.222652e+003;5.109835e-002
2.223134e+003;5.098533e-002
2.223616e+003;5.085425e-002
2.224098e+003;5.072547e-002
2.224580e+003;5.061358e-002
2.225062e+003;5.052527e-002
2.225544e+003;5.045176e-002
2.226027e+003;5.037753e-002
2.226509e+003;5.028461e-002
2.226991e+003;5.016251e-002
2.227473e+003;5.001403e-002
2.227955e+003;4.985470e-002
2.228437e+003;4.970870e-002
2.228919e+003;4.960075e-002
2.229402e+003;4.954632e-002
2.229884e+003;4.954809e-002
2.230366e+003;4.959661e-002
2.230848e+003;4.967408e-002
2.231330e+003;4.976062e-002
2.231812e+003;4.984089e-002
2.232294e+003;4.990788e-002
2.232776e+003;4.995994e-002
2.233259e+003;4.999963e-002
2.233741e+003;5.002819e-002
2.234223e+003;5.004367e-002
2.234705e+003;5.004138e-002
2.235187e+003;5.001459e-002
2.235669e+003;4.995783e-002
2.236151e+003;4.986798e-002
2.236634e+003;4.974737e-002
2.237116e+003;4.960160e-002
2.237598e+003;4.944143e-002
2.238080e+003;4.927849e-002
2.238562e+003;4.912666e-002
2.239044e+003;4.899850e-002
2.239526e+003;4.890340e-002
2.240009e+003;4.884580e-002
2.240491e+003;4.882251e-002
2.240973e+003;4.882365e-002
2.241455e+003;4.883540e-002
2.241937e+003;4.884239e-002
2.242419e+003;4.883321e-002
2.242901e+003;4.880308e-002
2.243384e+003;4.875504e-002
2.243866e+003;4.869673e-002
2.244348e+003;4.863816e-002
2.244830e+003;4.858591e-002
2.245312e+003;4.854067e-002
2.245794e+003;4.850002e-002
2.246276e+003;4.845646e-002
2.246759e+003;4.840436e-002
2.247240e+003;4.834042e-002
2.247723e+003;4.826573e-002
2.248205e+003;4.818545e-002
2.248687e+003;4.810538e-002
2.249169e+003;4.803021e-002
2.249651e+003;4.796283e-002
2.250133e+003;4.790232e-002
2.250615e+003;4.784766e-002
2.251098e+003;4.779760e-002
2.251580e+003;4.775143e-002
2.252062e+003;4.771050e-002
2.252544e+003;4.767636e-002
2.253026e+003;4.765317e-002
2.253508e+003;4.764291e-002
2.253990e+003;4.764752e-002
2.254473e+003;4.766870e-002
2.254955e+003;4.770439e-002
2.255437e+003;4.774896e-002
2.255919e+003;4.779299e-002
2.256401e+003;4.782205e-002
2.256883e+003;4.782143e-002
2.257365e+003;4.777965e-002
2.257848e+003;4.769153e-002
2.258330e+003;4.756323e-002
2.258812e+003;4.740974e-002
2.259294e+003;4.725222e-002
2.259776e+003;4.711216e-002
2.260258e+003;4.700452e-002
2.260740e+003;4.693314e-002
2.261223e+003;4.689199e-002
2.261705e+003;4.686536e-002
2.262187e+003;4.683572e-002
2.262669e+003;4.678831e-002
2.263151e+003;4.671720e-002
2.263633e+003;4.662554e-002
2.264115e+003;4.652299e-002
2.264597e+003;4.642331e-002
2.265080e+003;4.633854e-002
2.265562e+003;4.627523e-002
2.266044e+003;4.623401e-002
2.266526e+003;4.620842e-002
2.267008e+003;4.618889e-002
2.267490e+003;4.616477e-002
2.267972e+003;4.612593e-002
2.268455e+003;4.606815e-002
2.268937e+003;4.599200e-002
2.269419e+003;4.590361e-002
2.269901e+003;4.581314e-002
2.270383e+003;4.573311e-002
2.270865e+003;4.567426e-002
2.271347e+003;4.564502e-002
2.271830e+003;4.564556e-002
2.272312e+003;4.567149e-002
2.272794e+003;4.571257e-002
2.273276e+003;4.575501e-002
2.273758e+003;4.578641e-002
2.274240e+003;4.579699e-002
2.274722e+003;4.578183e-002
2.275205e+003;4.574085e-002
2.275687e+003;4.567773e-002
2.276169e+003;4.559949e-002
2.276651e+003;4.551507e-002
2.277133e+003;4.543268e-002
2.277615e+003;4.536068e-002
2.278097e+003;4.530311e-002
2.278580e+003;4.526244e-002
2.279062e+003;4.523802e-002
2.279544e+003;4.522505e-002
2.280026e+003;4.521620e-002
2.280508e+003;4.520456e-002
2.280990e+003;4.518564e-002
2.281472e+003;4.515697e-002
2.281954e+003;4.512085e-002
2.282437e+003;4.508116e-002
2.282919e+003;4.504319e-002
2.283401e+003;4.500955e-002
2.283883e+003;4.498176e-002
2.284365e+003;4.495816e-002
2.284847e+003;4.493571e-002
2.285329e+003;4.491136e-002
2.285812e+003;4.488225e-002
2.286294e+003;4.484623e-002
2.286776e+003;4.480242e-002
2.287258e+003;4.474835e-002
2.287740e+003;4.468269e-002
2.288222e+003;4.460401e-002
2.288704e+003;4.451276e-002
2.289187e+003;4.441244e-002
2.289669e+003;4.430915e-002
2.290151e+003;4.421074e-002
2.290633e+003;4.412484e-002
2.291115e+003;4.405484e-002
2.291597e+003;4.400110e-002
2.292079e+003;4.395846e-002
2.292562e+003;4.391927e-002
2.293044e+003;4.387594e-002
2.293526e+003;4.382259e-002
2.294008e+003;4.375643e-002
2.294490e+003;4.367927e-002
2.294972e+003;4.359407e-002
2.295454e+003;4.350336e-002
2.295937e+003;4.340864e-002
2.296418e+003;4.330983e-002
2.296901e+003;4.320543e-002
2.297383e+003;4.309638e-002
2.297865e+003;4.298499e-002
2.298347e+003;4.287770e-002
2.298829e+003;4.278127e-002
2.299311e+003;4.270356e-002
2.299793e+003;4.264810e-002
2.300276e+003;4.261385e-002
2.300758e+003;4.259518e-002
2.301240e+003;4.258255e-002
2.301722e+003;4.256647e-002
2.302204e+003;4.253877e-002
2.302686e+003;4.249657e-002
2.303168e+003;4.244233e-002
2.303651e+003;4.238273e-002
2.304133e+003;4.232765e-002
2.304615e+003;4.228592e-002
2.305097e+003;4.226393e-002
2.305579e+003;4.226313e-002
2.306061e+003;4.228033e-002
2.306543e+003;4.230767e-002
2.307026e+003;4.233534e-002
2.307508e+003;4.235447e-002
2.307990e+003;4.235725e-002
2.308472e+003;4.234009e-002
2.308954e+003;4.230170e-002
2.309436e+003;4.224396e-002
2.309918e+003;4.217168e-002
2.310401e+003;4.208923e-002
2.310883e+003;4.200203e-002
2.311365e+003;4.191617e-002
2.311847e+003;4.183595e-002
2.312329e+003;4.176584e-002
2.312811e+003;4.170880e-002
2.313293e+003;4.166492e-002
2.313775e+003;4.163237e-002
2.314258e+003;4.160676e-002
2.314740e+003;4.158321e-002
2.315222e+003;4.155742e-002
2.315704e+003;4.152713e-002
2.316186e+003;4.149475e-002
2.316668e+003;4.146419e-002
2.317150e+003;4.144194e-002
2.317633e+003;4.143439e-002
2.318115e+003;4.144429e-002
2.318597e+003;4.147165e-002
2.319079e+003;4.151390e-002
2.319561e+003;4.156618e-002
2.320043e+003;4.162345e-002
2.320525e+003;4.168146e-002
2.321008e+003;4.173629e-002
2.321490e+003;4.178256e-002
2.321972e+003;4.181353e-002
2.322454e+003;4.182045e-002
2.322936e+003;4.179407e-002
2.323418e+003;4.172556e-002
2.323900e+003;4.161104e-002
2.324383e+003;4.145226e-002
2.324865e+003;4.125759e-002
2.325347e+003;4.104055e-002
2.325829e+003;4.081729e-002
2.326311e+003;4.060370e-002
2.326793e+003;4.041190e-002
2.327275e+003;4.024870e-002
2.327758e+003;4.011578e-002
2.328240e+003;4.001076e-002
2.328722e+003;3.992818e-002
2.329204e+003;3.986275e-002
2.329686e+003;3.980869e-002
2.330168e+003;3.976208e-002
2.330650e+003;3.971915e-002
2.331132e+003;3.967628e-002
2.331615e+003;3.963049e-002
2.332097e+003;3.957850e-002
2.332579e+003;3.951838e-002
2.333061e+003;3.945116e-002
2.333543e+003;3.937876e-002
2.334025e+003;3.930577e-002
2.334507e+003;3.923686e-002
2.334990e+003;3.917741e-002
2.335472e+003;3.913065e-002
2.335954e+003;3.909810e-002
2.336436e+003;3.907987e-002
2.336918e+003;3.907385e-002
2.337400e+003;3.907644e-002
2.337882e+003;3.908329e-002
2.338365e+003;3.908942e-002
2.338847e+003;3.908902e-002
2.339329e+003;3.907750e-002
2.339811e+003;3.905115e-002
2.340293e+003;3.900779e-002
2.340775e+003;3.894789e-002
2.341257e+003;3.887426e-002
2.341740e+003;3.879198e-002
2.342222e+003;3.870726e-002
2.342704e+003;3.862669e-002
2.343186e+003;3.855440e-002
2.343668e+003;3.849386e-002
2.344150e+003;3.844548e-002
2.344632e+003;3.840756e-002
2.345115e+003;3.837544e-002
2.345596e+003;3.834475e-002
2.346079e+003;3.831051e-002
2.346561e+003;3.826953e-002
2.347043e+003;3.821951e-002
2.347525e+003;3.816074e-002
2.348007e+003;3.809492e-002
2.348489e+003;3.802504e-002
2.348971e+003;3.795416e-002
2.349454e+003;3.788511e-002
2.349936e+003;3.782000e-002
2.350418e+003;3.776012e-002
2.350900e+003;3.770628e-002
2.351382e+003;3.765968e-002
2.351864e+003;3.762108e-002
2.352346e+003;3.759030e-002
2.352829e+003;3.756735e-002
2.353311e+003;3.754876e-002
2.353793e+003;3.753080e-002
2.354275e+003;3.750814e-002
2.354757e+003;3.747552e-002
2.355239e+003;3.743058e-002
2.355721e+003;3.737388e-002
2.356204e+003;3.731035e-002
2.356686e+003;3.724745e-002
2.357168e+003;3.719294e-002
2.357650e+003;3.715267e-002
2.358132e+003;3.712795e-002
2.358614e+003;3.711496e-002
2.359096e+003;3.710609e-002
2.359579e+003;3.709251e-002
2.360061e+003;3.706709e-002
2.360543e+003;3.702650e-002
2.361025e+003;3.697315e-002
2.361507e+003;3.691126e-002
2.361989e+003;3.684903e-002
2.362471e+003;3.679164e-002
2.362953e+003;3.674218e-002
2.363436e+003;3.669944e-002
2.363918e+003;3.666025e-002
2.364400e+003;3.662064e-002
2.364882e+003;3.657890e-002
2.365364e+003;3.653486e-002
2.365846e+003;3.649155e-002
2.366328e+003;3.645267e-002
2.366811e+003;3.642167e-002
2.367293e+003;3.639878e-002
2.367775e+003;3.638319e-002
2.368257e+003;3.637068e-002
2.368739e+003;3.635760e-002
2.369221e+003;3.634084e-002
2.369703e+003;3.631822e-002
2.370186e+003;3.628990e-002
2.370668e+003;3.625627e-002
2.371150e+003;3.621807e-002
2.371632e+003;3.617505e-002
2.372114e+003;3.612657e-002
2.372596e+003;3.607162e-002
2.373078e+003;3.600982e-002
2.373561e+003;3.594206e-002
2.374043e+003;3.587059e-002
2.374525e+003;3.579886e-002
2.375007e+003;3.573044e-002
2.375489e+003;3.566892e-002
2.375971e+003;3.561643e-002
2.376453e+003;3.557443e-002
2.376936e+003;3.554195e-002
2.377417e+003;3.551760e-002
2.377900e+003;3.549895e-002
2.378382e+003;3.548242e-002
2.378864e+003;3.546498e-002
2.379346e+003;3.544516e-002
2.379828e+003;3.542133e-002
2.380310e+003;3.539545e-002
2.380792e+003;3.536972e-002
2.381275e+003;3.534652e-002
2.381757e+003;3.532778e-002
2.382239e+003;3.531264e-002
2.382721e+003;3.529863e-002
2.383203e+003;3.528208e-002
2.383685e+003;3.525890e-002
2.384167e+003;3.522786e-002
2.384650e+003;3.519002e-002
2.385132e+003;3.514947e-002
2.385614e+003;3.511062e-002
2.386096e+003;3.507724e-002
2.386578e+003;3.505111e-002
2.387060e+003;3.503013e-002
2.387542e+003;3.501045e-002
2.388025e+003;3.498789e-002
2.388507e+003;3.496009e-002
2.388989e+003;3.492678e-002
2.389471e+003;3.489109e-002
2.389953e+003;3.485587e-002
2.390435e+003;3.482359e-002
2.390917e+003;3.479440e-002
2.391400e+003;3.476545e-002
2.391882e+003;3.473394e-002
2.392364e+003;3.469767e-002
2.392846e+003;3.465670e-002
2.393328e+003;3.461555e-002
2.393810e+003;3.457973e-002
2.394292e+003;3.455455e-002
2.394774e+003;3.454296e-002
2.395257e+003;3.454286e-002
2.395739e+003;3.454875e-002
2.396221e+003;3.455193e-002
2.396703e+003;3.454460e-002
2.397185e+003;3.452149e-002
2.397667e+003;3.448146e-002
2.398149e+003;3.442663e-002
2.398632e+003;3.436307e-002
2.399114e+003;3.429579e-002
2.399596e+003;3.423096e-002
2.400078e+003;3.417291e-002
2.400560e+003;3.412438e-002
2.401042e+003;3.408751e-002
2.401524e+003;3.406286e-002
2.402007e+003;3.404997e-002
2.402489e+003;3.404685e-002
2.402971e+003;3.404998e-002
2.403453e+003;3.405393e-002
2.403935e+003;3.405459e-002
2.404417e+003;3.404858e-002
2.404899e+003;3.403417e-002
2.405382e+003;3.401184e-002
2.405864e+003;3.398399e-002
2.406346e+003;3.395389e-002
2.406828e+003;3.392404e-002
2.407310e+003;3.389722e-002
2.407792e+003;3.387467e-002
2.408274e+003;3.385764e-002
2.408757e+003;3.384636e-002
2.409239e+003;3.384093e-002
2.409721e+003;3.384004e-002
2.410203e+003;3.384178e-002
2.410685e+003;3.384219e-002
2.411167e+003;3.383782e-002
2.411649e+003;3.382478e-002
2.412131e+003;3.380191e-002
2.412614e+003;3.376879e-002
2.413096e+003;3.372740e-002
2.413578e+003;3.368070e-002
2.414060e+003;3.363093e-002
2.414542e+003;3.357933e-002
2.415024e+003;3.352688e-002
2.415506e+003;3.347374e-002
2.415989e+003;3.342167e-002
2.416471e+003;3.337312e-002
2.416953e+003;3.333010e-002
2.417435e+003;3.329491e-002
2.417917e+003;3.326764e-002
2.418399e+003;3.324574e-002
2.418881e+003;3.322541e-002
2.419364e+003;3.320207e-002
2.419846e+003;3.317302e-002
2.420328e+003;3.313817e-002
2.420810e+003;3.310015e-002
2.421292e+003;3.306353e-002
2.421774e+003;3.303285e-002
2.422256e+003;3.301027e-002
2.422739e+003;3.299738e-002
2.423221e+003;3.299177e-002
2.423703e+003;3.299145e-002
2.424185e+003;3.299411e-002
2.424667e+003;3.299770e-002
2.425149e+003;3.300111e-002
2.425631e+003;3.300253e-002
2.426114e+003;3.299972e-002
2.426595e+003;3.298993e-002
2.427078e+003;3.297067e-002
2.427560e+003;3.294146e-002
2.428042e+003;3.290401e-002
2.428524e+003;3.286199e-002
2.429006e+003;3.282018e-002
2.429488e+003;3.278235e-002
2.429970e+003;3.274957e-002
2.430453e+003;3.272118e-002
2.430935e+003;3.269428e-002
2.431417e+003;3.266644e-002
2.431899e+003;3.263743e-002
2.432381e+003;3.260941e-002
2.432863e+003;3.258536e-002
2.433345e+003;3.256961e-002
2.433828e+003;3.256235e-002
2.434310e+003;3.256131e-002
2.434792e+003;3.256085e-002
2.435274e+003;3.255473e-002
2.435756e+003;3.253705e-002
2.436238e+003;3.250569e-002
2.436720e+003;3.246159e-002
2.437203e+003;3.240923e-002
2.437685e+003;3.235517e-002
2.438167e+003;3.230585e-002
2.438649e+003;3.226684e-002
2.439131e+003;3.224256e-002
2.439613e+003;3.223535e-002
2.440095e+003;3.224522e-002
2.440578e+003;3.226935e-002
2.441060e+003;3.230224e-002
2.441542e+003;3.233456e-002
2.442024e+003;3.235704e-002
2.442506e+003;3.235993e-002
2.442988e+003;3.233953e-002
2.443470e+003;3.229608e-002
2.443952e+003;3.223792e-002
2.444435e+003;3.217541e-002
2.444917e+003;3.211955e-002
2.445399e+003;3.207753e-002
2.445881e+003;3.205078e-002
2.446363e+003;3.203596e-002
2.446845e+003;3.202773e-002
2.447327e+003;3.202008e-002
2.447810e+003;3.201260e-002
2.448292e+003;3.200712e-002
2.448774e+003;3.200949e-002
2.449256e+003;3.202341e-002
2.449738e+003;3.204954e-002
2.450220e+003;3.208312e-002
2.450702e+003;3.211664e-002
2.451185e+003;3.214002e-002
2.451667e+003;3.214777e-002
2.452149e+003;3.213710e-002
2.452631e+003;3.211100e-002
2.453113e+003;3.207267e-002
2.453595e+003;3.202677e-002
2.454077e+003;3.197374e-002
2.454560e+003;3.191223e-002
2.455042e+003;3.183996e-002
2.455524e+003;3.175652e-002
2.456006e+003;3.166451e-002
2.456488e+003;3.157220e-002
2.456970e+003;3.148944e-002
2.457452e+003;3.142593e-002
2.457935e+003;3.138797e-002
2.458417e+003;3.137551e-002
2.458899e+003;3.138435e-002
2.459381e+003;3.140552e-002
2.459863e+003;3.142906e-002
2.460345e+003;3.144747e-002
2.460827e+003;3.145431e-002
2.461310e+003;3.144779e-002
2.461792e+003;3.142740e-002
2.462274e+003;3.139499e-002
2.462756e+003;3.135341e-002
2.463238e+003;3.130543e-002
2.463720e+003;3.125465e-002
2.464202e+003;3.120394e-002
2.464684e+003;3.115522e-002
2.465167e+003;3.110851e-002
2.465649e+003;3.106169e-002
2.466131e+003;3.101124e-002
2.466613e+003;3.095387e-002
2.467095e+003;3.088823e-002
2.467577e+003;3.081669e-002
2.468059e+003;3.074603e-002
2.468542e+003;3.068404e-002
2.469024e+003;3.064036e-002
2.469506e+003;3.062024e-002
2.469988e+003;3.062496e-002
2.470470e+003;3.064946e-002
2.470952e+003;3.068502e-002
2.471434e+003;3.072109e-002
2.471917e+003;3.074942e-002
2.472399e+003;3.076477e-002
2.472881e+003;3.076664e-002
2.473363e+003;3.075796e-002
2.473845e+003;3.074312e-002
2.474327e+003;3.072634e-002
2.474809e+003;3.071013e-002
2.475292e+003;3.069443e-002
2.475774e+003;3.067770e-002
2.476256e+003;3.065759e-002
2.476738e+003;3.063198e-002
2.477220e+003;3.060087e-002
2.477702e+003;3.056552e-002
2.478184e+003;3.052805e-002
2.478667e+003;3.049132e-002
2.479148e+003;3.045753e-002
2.479631e+003;3.042821e-002
2.480113e+003;3.040302e-002
2.480595e+003;3.038087e-002
2.481077e+003;3.035912e-002
2.481559e+003;3.033627e-002
2.482041e+003;3.031019e-002
2.482523e+003;3.028062e-002
2.483006e+003;3.024860e-002
2.483488e+003;3.021537e-002
2.483970e+003;3.018341e-002
2.484452e+003;3.015574e-002
2.484934e+003;3.013408e-002
2.485416e+003;3.012087e-002
2.485898e+003;3.011706e-002
2.486381e+003;3.012315e-002
2.486863e+003;3.013865e-002
2.487345e+003;3.016272e-002
2.487827e+003;3.019136e-002
2.488309e+003;3.022138e-002
2.488791e+003;3.024699e-002
2.489273e+003;3.026321e-002
2.489756e+003;3.026516e-002
2.490238e+003;3.025083e-002
2.490720e+003;3.022028e-002
2.491202e+003;3.017715e-002
2.491684e+003;3.012586e-002
2.492166e+003;3.007242e-002
2.492648e+003;3.002288e-002
2.493131e+003;2.998096e-002
2.493613e+003;2.994955e-002
2.494095e+003;2.992849e-002
2.494577e+003;2.991652e-002
2.495059e+003;2.991134e-002
2.495541e+003;2.990938e-002
2.496023e+003;2.990615e-002
2.496505e+003;2.989772e-002
2.496988e+003;2.988028e-002
2.497470e+003;2.985126e-002
2.497952e+003;2.980964e-002
2.498434e+003;2.975702e-002
2.498916e+003;2.969775e-002
2.499398e+003;2.963828e-002
2.499880e+003;2.958629e-002
2.500363e+003;2.954755e-002
2.500845e+003;2.952677e-002
2.501327e+003;2.952437e-002
2.501809e+003;2.953568e-002
2.502291e+003;2.955475e-002
2.502773e+003;2.957425e-002
2.503255e+003;2.958651e-002
2.503738e+003;2.958889e-002
2.504220e+003;2.958137e-002
2.504702e+003;2.956797e-002
2.505184e+003;2.955429e-002
2.505666e+003;2.954530e-002
2.506148e+003;2.954340e-002
2.506630e+003;2.954695e-002
2.507113e+003;2.955016e-002
2.507595e+003;2.954628e-002
2.508077e+003;2.952873e-002
2.508559e+003;2.949530e-002
2.509041e+003;2.944835e-002
2.509523e+003;2.939446e-002
2.510005e+003;2.934364e-002
2.510488e+003;2.930595e-002
2.510969e+003;2.928662e-002
2.511452e+003;2.928763e-002
2.511934e+003;2.930394e-002
2.512416e+003;2.932812e-002
2.512898e+003;2.934940e-002
2.513380e+003;2.935855e-002
2.513862e+003;2.934928e-002
2.514344e+003;2.931914e-002
2.514827e+003;2.926793e-002
2.515309e+003;2.920061e-002
2.515791e+003;2.912059e-002
2.516273e+003;2.903361e-002
2.516755e+003;2.894472e-002
2.517237e+003;2.885906e-002
2.517719e+003;2.878151e-002
2.518202e+003;2.871781e-002
2.518684e+003;2.867233e-002
2.519166e+003;2.864989e-002
2.519648e+003;2.865237e-002
2.520130e+003;2.867971e-002
2.520612e+003;2.872789e-002
2.521094e+003;2.878973e-002
2.521577e+003;2.885502e-002
2.522059e+003;2.891271e-002
2.522541e+003;2.895205e-002
2.523023e+003;2.896616e-002
2.523505e+003;2.895316e-002
2.523987e+003;2.891687e-002
2.524469e+003;2.886657e-002
2.524952e+003;2.881385e-002
2.525434e+003;2.877022e-002
2.525916e+003;2.874375e-002
2.526398e+003;2.873677e-002
2.526880e+003;2.874699e-002
2.527362e+003;2.876725e-002
2.527844e+003;2.879020e-002
2.528326e+003;2.880841e-002
2.528809e+003;2.881796e-002
2.529291e+003;2.881742e-002
2.529773e+003;2.880812e-002
2.530255e+003;2.879115e-002
2.530737e+003;2.876849e-002
2.531219e+003;2.874022e-002
2.531701e+003;2.870746e-002
2.532184e+003;2.867159e-002
2.532666e+003;2.863570e-002
2.533148e+003;2.860360e-002
2.533630e+003;2.857932e-002
2.534112e+003;2.856476e-002
2.534594e+003;2.855994e-002
2.535076e+003;2.856158e-002
2.535559e+003;2.856469e-002
2.536041e+003;2.856529e-002
2.536523e+003;2.856019e-002
2.537005e+003;2.854897e-002
2.537487e+003;2.853300e-002
2.537969e+003;2.851478e-002
2.538451e+003;2.849568e-002
2.538934e+003;2.847615e-002
2.539416e+003;2.845565e-002
2.539898e+003;2.843351e-002
2.540380e+003;2.840945e-002
2.540862e+003;2.838625e-002
2.541344e+003;2.836632e-002
2.541826e+003;2.835356e-002
2.542309e+003;2.834796e-002
2.542791e+003;2.834884e-002
2.543273e+003;2.835344e-002
2.543755e+003;2.835734e-002
2.544237e+003;2.835718e-002
2.544719e+003;2.835157e-002
2.545201e+003;2.834214e-002
2.545683e+003;2.833029e-002
2.546166e+003;2.831904e-002
2.546648e+003;2.830960e-002
2.547130e+003;2.830162e-002
2.547612e+003;2.829252e-002
2.548094e+003;2.828046e-002
2.548576e+003;2.826389e-002
2.549058e+003;2.824299e-002
2.549541e+003;2.821852e-002
2.550023e+003;2.819170e-002
2.550505e+003;2.816279e-002
2.550987e+003;2.813300e-002
2.551469e+003;2.810181e-002
2.551951e+003;2.807122e-002
2.552433e+003;2.804313e-002
2.552916e+003;2.802283e-002
2.553398e+003;2.801294e-002
2.553880e+003;2.801710e-002
2.554362e+003;2.803480e-002
2.554844e+003;2.806223e-002
2.555326e+003;2.809427e-002
2.555808e+003;2.812450e-002
2.556291e+003;2.814910e-002
2.556773e+003;2.816718e-002
2.557255e+003;2.817953e-002
2.557737e+003;2.818901e-002
2.558219e+003;2.819694e-002
2.558701e+003;2.820260e-002
2.559183e+003;2.820226e-002
2.559666e+003;2.819183e-002
2.560147e+003;2.816755e-002
2.560630e+003;2.812970e-002
2.561112e+003;2.808199e-002
2.561594e+003;2.803296e-002
2.562076e+003;2.799088e-002
2.562558e+003;2.796289e-002
2.563040e+003;2.795195e-002
2.563522e+003;2.795547e-002
2.564005e+003;2.796700e-002
2.564487e+003;2.797853e-002
2.564969e+003;2.798109e-002
2.565451e+003;2.796987e-002
2.565933e+003;2.794252e-002
2.566415e+003;2.790148e-002
2.566897e+003;2.785099e-002
2.567380e+003;2.779823e-002
2.567862e+003;2.775058e-002
2.568344e+003;2.771496e-002
2.568826e+003;2.769705e-002
2.569308e+003;2.769980e-002
2.569790e+003;2.772272e-002
2.570272e+003;2.776136e-002
2.570755e+003;2.780761e-002
2.571237e+003;2.785195e-002
2.571719e+003;2.788479e-002
2.572201e+003;2.790032e-002
2.572683e+003;2.789751e-002
2.573165e+003;2.788010e-002
2.573647e+003;2.785533e-002
2.574130e+003;2.783292e-002
2.574612e+003;2.781994e-002
2.575094e+003;2.782017e-002
2.575576e+003;2.783290e-002
2.576058e+003;2.785421e-002
2.576540e+003;2.787833e-002
2.577022e+003;2.790141e-002
2.577504e+003;2.791985e-002
2.577987e+003;2.793426e-002
2.578469e+003;2.794614e-002
2.578951e+003;2.795715e-002
2.579433e+003;2.796904e-002
2.579915e+003;2.798259e-002
2.580397e+003;2.799659e-002
2.580879e+003;2.801173e-002
2.581362e+003;2.802818e-002
2.581844e+003;2.804746e-002
2.582326e+003;2.807068e-002
2.582808e+003;2.809724e-002
2.583290e+003;2.812636e-002
2.583772e+003;2.815461e-002
2.584254e+003;2.817655e-002
2.584737e+003;2.818822e-002
2.585219e+003;2.818671e-002
2.585701e+003;2.817141e-002
2.586183e+003;2.814450e-002
2.586665e+003;2.811020e-002
2.587147e+003;2.807273e-002
2.587629e+003;2.803611e-002
2.588112e+003;2.800283e-002
2.588594e+003;2.797402e-002
2.589076e+003;2.795003e-002
2.589558e+003;2.793078e-002
2.590040e+003;2.791601e-002
2.590522e+003;2.790660e-002
2.591004e+003;2.790308e-002
2.591487e+003;2.790643e-002
2.591969e+003;2.791566e-002
2.592451e+003;2.793090e-002
2.592933e+003;2.794983e-002
2.593415e+003;2.797036e-002
2.593897e+003;2.798930e-002
2.594379e+003;2.800384e-002
2.594861e+003;2.801204e-002
2.595344e+003;2.801275e-002
2.595826e+003;2.800702e-002
2.596308e+003;2.799767e-002
2.596790e+003;2.798902e-002
2.597272e+003;2.798602e-002
2.597754e+003;2.799236e-002
2.598236e+003;2.800938e-002
2.598719e+003;2.803497e-002
2.599201e+003;2.806454e-002
2.599683e+003;2.809120e-002
2.600165e+003;2.810940e-002
2.600647e+003;2.811531e-002
2.601129e+003;2.811010e-002
2.601611e+003;2.809790e-002
2.602094e+003;2.808596e-002
2.602576e+003;2.808047e-002
2.603058e+003;2.808656e-002
2.603540e+003;2.810317e-002
2.604022e+003;2.812712e-002
2.604504e+003;2.815126e-002
2.604986e+003;2.816975e-002
2.605469e+003;2.817656e-002
2.605951e+003;2.817008e-002
2.606433e+003;2.815148e-002
2.606915e+003;2.812374e-002
2.607397e+003;2.808989e-002
2.607879e+003;2.805354e-002
2.608361e+003;2.801620e-002
2.608844e+003;2.797947e-002
2.609325e+003;2.794414e-002
2.609808e+003;2.791217e-002
2.610290e+003;2.788612e-002
2.610772e+003;2.786929e-002
2.611254e+003;2.786353e-002
2.611736e+003;2.787036e-002
2.612218e+003;2.788925e-002
2.612700e+003;2.791862e-002
2.613183e+003;2.795448e-002
2.613665e+003;2.799381e-002
2.614147e+003;2.803378e-002
2.614629e+003;2.807180e-002
2.615111e+003;2.810558e-002
2.615593e+003;2.813324e-002
2.616075e+003;2.815380e-002
2.616558e+003;2.816618e-002
2.617040e+003;2.817075e-002
2.617522e+003;2.816838e-002
2.618004e+003;2.815988e-002
2.618486e+003;2.814728e-002
2.618968e+003;2.813395e-002
2.619450e+003;2.812241e-002
2.619933e+003;2.811477e-002
2.620415e+003;2.811425e-002
2.620897e+003;2.812334e-002
2.621379e+003;2.814400e-002
2.621861e+003;2.817750e-002
2.622343e+003;2.822267e-002
2.622825e+003;2.827784e-002
2.623308e+003;2.834007e-002
2.623790e+003;2.840401e-002
2.624272e+003;2.846638e-002
2.624754e+003;2.852377e-002
2.625236e+003;2.857450e-002
2.625718e+003;2.861802e-002
2.626200e+003;2.865521e-002
2.626682e+003;2.868600e-002
2.627165e+003;2.871072e-002
2.627647e+003;2.872841e-002
2.628129e+003;2.873877e-002
2.628611e+003;2.874154e-002
2.629093e+003;2.873761e-002
2.629575e+003;2.872974e-002
2.630057e+003;2.872027e-002
2.630540e+003;2.871275e-002
2.631022e+003;2.870845e-002
2.631504e+003;2.870888e-002
2.631986e+003;2.871503e-002
2.632468e+003;2.872673e-002
2.632950e+003;2.874407e-002
2.633432e+003;2.876759e-002
2.633915e+003;2.879783e-002
2.634397e+003;2.883327e-002
2.634879e+003;2.887113e-002
2.635361e+003;2.890713e-002
2.635843e+003;2.893606e-002
2.636325e+003;2.895310e-002
2.636807e+003;2.895544e-002
2.637290e+003;2.894406e-002
2.637772e+003;2.892363e-002
2.638254e+003;2.890031e-002
2.638736e+003;2.888273e-002
2.639218e+003;2.887644e-002
2.639700e+003;2.888548e-002
2.640182e+003;2.890977e-002
2.640665e+003;2.894574e-002
2.641146e+003;2.898791e-002
2.641629e+003;2.902974e-002
2.642111e+003;2.906593e-002
2.642593e+003;2.909288e-002
2.643075e+003;2.910824e-002
2.643557e+003;2.911383e-002
2.644039e+003;2.911221e-002
2.644521e+003;2.910773e-002
2.645004e+003;2.910494e-002
2.645486e+003;2.910800e-002
2.645968e+003;2.911969e-002
2.646450e+003;2.914083e-002
2.646932e+003;2.917015e-002
2.647414e+003;2.920543e-002
2.647896e+003;2.924351e-002
2.648379e+003;2.928078e-002
2.648861e+003;2.931492e-002
2.649343e+003;2.934466e-002
2.649825e+003;2.937009e-002
2.650307e+003;2.939192e-002
2.650789e+003;2.941132e-002
2.651271e+003;2.942875e-002
2.651754e+003;2.944519e-002
2.652236e+003;2.946055e-002
2.652718e+003;2.947375e-002
2.653200e+003;2.948551e-002
2.653682e+003;2.949429e-002
2.654164e+003;2.949965e-002
2.654646e+003;2.950122e-002
2.655129e+003;2.949846e-002
2.655611e+003;2.949153e-002
2.656093e+003;2.948163e-002
2.656575e+003;2.947055e-002
2.657057e+003;2.946154e-002
2.657539e+003;2.945776e-002
2.658021e+003;2.946121e-002
2.658503e+003;2.947323e-002
2.658986e+003;2.949241e-002
2.659468e+003;2.951674e-002
2.659950e+003;2.954235e-002
2.660432e+003;2.956570e-002
2.660914e+003;2.958363e-002
2.661396e+003;2.959478e-002
2.661878e+003;2.959869e-002
2.662361e+003;2.959618e-002
2.662843e+003;2.958896e-002
2.663325e+003;2.957802e-002
2.663807e+003;2.956481e-002
2.664289e+003;2.955187e-002
2.664771e+003;2.954001e-002
2.665253e+003;2.953140e-002
2.665736e+003;2.952777e-002
2.666218e+003;2.953039e-002
2.666700e+003;2.953963e-002
2.667182e+003;2.955585e-002
2.667664e+003;2.957779e-002
2.668146e+003;2.960454e-002
2.668628e+003;2.963511e-002
2.669111e+003;2.966831e-002
2.669593e+003;2.970444e-002
2.670075e+003;2.974284e-002
2.670557e+003;2.978371e-002
2.671039e+003;2.982613e-002
2.671521e+003;2.986876e-002
2.672003e+003;2.991067e-002
2.672486e+003;2.995086e-002
2.672968e+003;2.998799e-002
2.673450e+003;3.002221e-002
2.673932e+003;3.005345e-002
2.674414e+003;3.008215e-002
2.674896e+003;3.010822e-002
2.675378e+003;3.013075e-002
2.675860e+003;3.014937e-002
2.676343e+003;3.016390e-002
2.676825e+003;3.017461e-002
2.677307e+003;3.018297e-002
2.677789e+003;3.019141e-002
2.678271e+003;3.020303e-002
2.678753e+003;3.022077e-002
2.679235e+003;3.024580e-002
2.679718e+003;3.027867e-002
2.680200e+003;3.031803e-002
2.680682e+003;3.036131e-002
2.681164e+003;3.040599e-002
2.681646e+003;3.044957e-002
2.682128e+003;3.049181e-002
2.682610e+003;3.053197e-002
2.683093e+003;3.057186e-002
2.683575e+003;3.061195e-002
2.684057e+003;3.065333e-002
2.684539e+003;3.069509e-002
2.685021e+003;3.073641e-002
2.685503e+003;3.077491e-002
2.685985e+003;3.080913e-002
2.686468e+003;3.083751e-002
2.686950e+003;3.086032e-002
2.687432e+003;3.087829e-002
2.687914e+003;3.089334e-002
2.688396e+003;3.090639e-002
2.688878e+003;3.091989e-002
2.689360e+003;3.093293e-002
2.689843e+003;3.094681e-002
2.690324e+003;3.096132e-002
2.690807e+003;3.097695e-002
2.691289e+003;3.099458e-002
2.691771e+003;3.101515e-002
2.692253e+003;3.103940e-002
2.692735e+003;3.106713e-002
2.693217e+003;3.109798e-002
2.693699e+003;3.113150e-002
2.694182e+003;3.116632e-002
2.694664e+003;3.120271e-002
2.695146e+003;3.124058e-002
2.695628e+003;3.128158e-002
2.696110e+003;3.132571e-002
2.696592e+003;3.137343e-002
2.697074e+003;3.142375e-002
2.697557e+003;3.147491e-002
2.698039e+003;3.152424e-002
2.698521e+003;3.157057e-002
2.699003e+003;3.161286e-002
2.699485e+003;3.165168e-002
2.699967e+003;3.168850e-002
2.700449e+003;3.172522e-002
2.700932e+003;3.176289e-002
2.701414e+003;3.180176e-002
2.701896e+003;3.184119e-002
2.702378e+003;3.188082e-002
2.702860e+003;3.191982e-002
2.703342e+003;3.195957e-002
2.703824e+003;3.200035e-002
2.704307e+003;3.204473e-002
2.704789e+003;3.209309e-002
2.705271e+003;3.214487e-002
2.705753e+003;3.219796e-002
2.706235e+003;3.224987e-002
2.706717e+003;3.229755e-002
2.707199e+003;3.233954e-002
2.707681e+003;3.237500e-002
2.708164e+003;3.240548e-002
2.708646e+003;3.243237e-002
2.709128e+003;3.245725e-002
2.709610e+003;3.248250e-002
2.710092e+003;3.250886e-002
2.710574e+003;3.253773e-002
2.711056e+003;3.257085e-002
2.711539e+003;3.260925e-002
2.712021e+003;3.265431e-002
2.712503e+003;3.270595e-002
2.712985e+003;3.276362e-002
2.713467e+003;3.282463e-002
2.713949e+003;3.288613e-002
2.714431e+003;3.294459e-002
2.714914e+003;3.299818e-002
2.715396e+003;3.304521e-002
2.715878e+003;3.308671e-002
2.716360e+003;3.312303e-002
2.716842e+003;3.315632e-002
2.717324e+003;3.318776e-002
2.717806e+003;3.321791e-002
2.718289e+003;3.324799e-002
2.718771e+003;3.327909e-002
2.719253e+003;3.331233e-002
2.719735e+003;3.334920e-002
2.720217e+003;3.338895e-002
2.720699e+003;3.343215e-002
2.721181e+003;3.347620e-002
2.721664e+003;3.351914e-002
2.722146e+003;3.356006e-002
2.722628e+003;3.359969e-002
2.723110e+003;3.363981e-002
2.723592e+003;3.368411e-002
2.724074e+003;3.373549e-002
2.724556e+003;3.379440e-002
2.725038e+003;3.385863e-002
2.725521e+003;3.392382e-002
2.726003e+003;3.398364e-002
2.726485e+003;3.403475e-002
2.726967e+003;3.407564e-002
2.727449e+003;3.410966e-002
2.727931e+003;3.414248e-002
2.728413e+003;3.418183e-002
2.728896e+003;3.423124e-002
2.729378e+003;3.429239e-002
2.729860e+003;3.436186e-002
2.730342e+003;3.443396e-002
2.730824e+003;3.450152e-002
2.731306e+003;3.456053e-002
2.731788e+003;3.460997e-002
2.732271e+003;3.465215e-002
2.732753e+003;3.469276e-002
2.733235e+003;3.473674e-002
2.733717e+003;3.478894e-002
2.734199e+003;3.485068e-002
2.734681e+003;3.492074e-002
2.735163e+003;3.499634e-002
2.735646e+003;3.507234e-002
2.736128e+003;3.514529e-002
2.736610e+003;3.521116e-002
2.737092e+003;3.526809e-002
2.737574e+003;3.531598e-002
2.738056e+003;3.535603e-002
2.738538e+003;3.539123e-002
2.739021e+003;3.542552e-002
2.739502e+003;3.546280e-002
2.739985e+003;3.550579e-002
2.740467e+003;3.555704e-002
2.740949e+003;3.561449e-002
2.741431e+003;3.567588e-002
2.741913e+003;3.573776e-002
2.742395e+003;3.579713e-002
2.742877e+003;3.585269e-002
2.743360e+003;3.590462e-002
2.743842e+003;3.595627e-002
2.744324e+003;3.600908e-002
2.744806e+003;3.606631e-002
2.745288e+003;3.612833e-002
2.745770e+003;3.619451e-002
2.746252e+003;3.626315e-002
2.746735e+003;3.633323e-002
2.747217e+003;3.640332e-002
2.747699e+003;3.647344e-002
2.748181e+003;3.654293e-002
2.748663e+003;3.661095e-002
2.749145e+003;3.667673e-002
2.749627e+003;3.673813e-002
2.750110e+003;3.679363e-002
2.750592e+003;3.684406e-002
2.751074e+003;3.689066e-002
2.751556e+003;3.693756e-002
2.752038e+003;3.698899e-002
2.752520e+003;3.704890e-002
2.753002e+003;3.711928e-002
2.753485e+003;3.719966e-002
2.753967e+003;3.728610e-002
2.754449e+003;3.737445e-002
2.754931e+003;3.746001e-002
2.755413e+003;3.753985e-002
2.755895e+003;3.761238e-002
2.756377e+003;3.767834e-002
2.756859e+003;3.773894e-002
2.757342e+003;3.779721e-002
2.757824e+003;3.785438e-002
2.758306e+003;3.791212e-002
2.758788e+003;3.797130e-002
2.759270e+003;3.803296e-002
2.759752e+003;3.809784e-002
2.760234e+003;3.816596e-002
2.760717e+003;3.823835e-002
2.761199e+003;3.831474e-002
2.761681e+003;3.839466e-002
2.762163e+003;3.847847e-002
2.762645e+003;3.856487e-002
2.763127e+003;3.865338e-002
2.763609e+003;3.874297e-002
2.764092e+003;3.883297e-002
2.764574e+003;3.892121e-002
2.765056e+003;3.900722e-002
2.765538e+003;3.908908e-002
2.766020e+003;3.916700e-002
2.766502e+003;3.924021e-002
2.766984e+003;3.931034e-002
2.767467e+003;3.937754e-002
2.767949e+003;3.944259e-002
2.768431e+003;3.950643e-002
2.768913e+003;3.956963e-002
2.769395e+003;3.963247e-002
2.769877e+003;3.969694e-002
2.770359e+003;3.976496e-002
2.770841e+003;3.983973e-002
2.771323e+003;3.992269e-002
2.771806e+003;4.001565e-002
2.772288e+003;4.011711e-002
2.772770e+003;4.022382e-002
2.773252e+003;4.033191e-002
2.773734e+003;4.043728e-002
2.774216e+003;4.053681e-002
2.774698e+003;4.063067e-002
2.775181e+003;4.072038e-002
2.775663e+003;4.080879e-002
2.776145e+003;4.089896e-002
2.776627e+003;4.099229e-002
2.777109e+003;4.108776e-002
2.777591e+003;4.118278e-002
2.778073e+003;4.127318e-002
2.778556e+003;4.135665e-002
2.779038e+003;4.143215e-002
2.779520e+003;4.150167e-002
2.780002e+003;4.156913e-002
2.780484e+003;4.163975e-002
2.780966e+003;4.171803e-002
2.781448e+003;4.180626e-002
2.781931e+003;4.190436e-002
2.782413e+003;4.200993e-002
2.782895e+003;4.211822e-002
2.783377e+003;4.222512e-002
2.783859e+003;4.232796e-002
2.784341e+003;4.242558e-002
2.784823e+003;4.251923e-002
2.785305e+003;4.261138e-002
2.785788e+003;4.270405e-002
2.786270e+003;4.279963e-002
2.786752e+003;4.289867e-002
2.787234e+003;4.299968e-002
2.787716e+003;4.310235e-002
2.788198e+003;4.320497e-002
2.788680e+003;4.330714e-002
2.789163e+003;4.340975e-002
2.789645e+003;4.351373e-002
2.790127e+003;4.362034e-002
2.790609e+003;4.372863e-002
2.791091e+003;4.383753e-002
2.791573e+003;4.394379e-002
2.792055e+003;4.404519e-002
2.792538e+003;4.413963e-002
2.793020e+003;4.422827e-002
2.793502e+003;4.431366e-002
2.793984e+003;4.439976e-002
2.794466e+003;4.449021e-002
2.794948e+003;4.458733e-002
2.795430e+003;4.469007e-002
2.795913e+003;4.479619e-002
2.796395e+003;4.490083e-002
2.796877e+003;4.499982e-002
2.797359e+003;4.509041e-002
2.797841e+003;4.517361e-002
2.798323e+003;4.525165e-002
2.798805e+003;4.532961e-002
2.799288e+003;4.541204e-002
2.799770e+003;4.550210e-002
2.800252e+003;4.560116e-002
2.800734e+003;4.570873e-002
2.801216e+003;4.582280e-002
2.801698e+003;4.594203e-002
2.802180e+003;4.606497e-002
2.802662e+003;4.619201e-002
2.803145e+003;4.632364e-002
2.803627e+003;4.646179e-002
2.804109e+003;4.660724e-002
2.804591e+003;4.676000e-002
2.805073e+003;4.691920e-002
2.805555e+003;4.708213e-002
2.806037e+003;4.724582e-002
2.806520e+003;4.740630e-002
2.807002e+003;4.755940e-002
2.807484e+003;4.770163e-002
2.807966e+003;4.783039e-002
2.808448e+003;4.794544e-002
2.808930e+003;4.804738e-002
2.809412e+003;4.813929e-002
2.809895e+003;4.822591e-002
2.810377e+003;4.831188e-002
2.810859e+003;4.840243e-002
2.811341e+003;4.850223e-002
2.811823e+003;4.861331e-002
2.812305e+003;4.873694e-002
2.812787e+003;4.887169e-002
2.813270e+003;4.901426e-002
2.813752e+003;4.916018e-002
2.814234e+003;4.930422e-002
2.814716e+003;4.944143e-002
2.815198e+003;4.956850e-002
2.815680e+003;4.968426e-002
2.816162e+003;4.979063e-002
2.816645e+003;4.989247e-002
2.817126e+003;4.999629e-002
2.817609e+003;5.010902e-002
2.818091e+003;5.023754e-002
2.818573e+003;5.038412e-002
2.819055e+003;5.054916e-002
2.819537e+003;5.072878e-002
2.820019e+003;5.091589e-002
2.820501e+003;5.110405e-002
2.820984e+003;5.128686e-002
2.821466e+003;5.145951e-002
2.821948e+003;5.162102e-002
2.822430e+003;5.177157e-002
2.822912e+003;5.191409e-002
2.823394e+003;5.205072e-002
2.823876e+003;5.218428e-002
2.824359e+003;5.231564e-002
2.824841e+003;5.244561e-002
2.825323e+003;5.257337e-002
2.825805e+003;5.269855e-002
2.826287e+003;5.281996e-002
2.826769e+003;5.293947e-002
2.827251e+003;5.305834e-002
2.827734e+003;5.317999e-002
2.828216e+003;5.330757e-002
2.828698e+003;5.344558e-002
2.829180e+003;5.359696e-002
2.829662e+003;5.376320e-002
2.830144e+003;5.394303e-002
2.830626e+003;5.413393e-002
2.831109e+003;5.433147e-002
2.831591e+003;5.452980e-002
2.832073e+003;5.472449e-002
2.832555e+003;5.491221e-002
2.833037e+003;5.509098e-002
2.833519e+003;5.526159e-002
2.834001e+003;5.542580e-002
2.834483e+003;5.558751e-002
2.834966e+003;5.574901e-002
2.835448e+003;5.591312e-002
2.835930e+003;5.608086e-002
2.836412e+003;5.625211e-002
2.836894e+003;5.642579e-002
2.837376e+003;5.660004e-002
2.837858e+003;5.677211e-002
2.838341e+003;5.694052e-002
2.838823e+003;5.710398e-002
2.839305e+003;5.726297e-002
2.839787e+003;5.741829e-002
2.840269e+003;5.757297e-002
2.840751e+003;5.772970e-002
2.841233e+003;5.789163e-002
2.841716e+003;5.806133e-002
2.842198e+003;5.824206e-002
2.842680e+003;5.843432e-002
2.843162e+003;5.863774e-002
2.843644e+003;5.885153e-002
2.844126e+003;5.907285e-002
2.844608e+003;5.929812e-002
2.845091e+003;5.952380e-002
2.845573e+003;5.974663e-002
2.846055e+003;5.996401e-002
2.846537e+003;6.017586e-002
2.847019e+003;6.038325e-002
2.847501e+003;6.058808e-002
2.847983e+003;6.079239e-002
2.848466e+003;6.099760e-002
2.848948e+003;6.120270e-002
2.849430e+003;6.140622e-002
2.849912e+003;6.160537e-002
2.850394e+003;6.179785e-002
2.850876e+003;6.198249e-002
2.851358e+003;6.215975e-002
2.851840e+003;6.233272e-002
2.852323e+003;6.250408e-002
2.852805e+003;6.267650e-002
2.853287e+003;6.285130e-002
2.853769e+003;6.302795e-002
2.854251e+003;6.320350e-002
2.854733e+003;6.337622e-002
2.855215e+003;6.354456e-002
2.855698e+003;6.370748e-002
2.856180e+003;6.386758e-002
2.856662e+003;6.402636e-002
2.857144e+003;6.418640e-002
2.857626e+003;6.435029e-002
2.858108e+003;6.451795e-002
2.858590e+003;6.468938e-002
2.859073e+003;6.486516e-002
2.859555e+003;6.504513e-002
2.860037e+003;6.523076e-002
2.860519e+003;6.542447e-002
2.861001e+003;6.562827e-002
2.861483e+003;6.584425e-002
2.861965e+003;6.607184e-002
2.862448e+003;6.630865e-002
2.862930e+003;6.655026e-002
2.863412e+003;6.679110e-002
2.863894e+003;6.702505e-002
2.864376e+003;6.724761e-002
2.864858e+003;6.745613e-002
2.865340e+003;6.765171e-002
2.865823e+003;6.783907e-002
2.866304e+003;6.802350e-002
2.866787e+003;6.821302e-002
2.867269e+003;6.841399e-002
2.867751e+003;6.863150e-002
2.868233e+003;6.886559e-002
2.868715e+003;6.911466e-002
2.869197e+003;6.937290e-002
2.869679e+003;6.963310e-002
2.870162e+003;6.988899e-002
2.870644e+003;7.013515e-002
2.871126e+003;7.036997e-002
2.871608e+003;7.059453e-002
2.872090e+003;7.081103e-002
2.872572e+003;7.102420e-002
2.873054e+003;7.123648e-002
2.873537e+003;7.145127e-002
2.874019e+003;7.166929e-002
2.874501e+003;7.189084e-002
2.874983e+003;7.211673e-002
2.875465e+003;7.234658e-002
2.875947e+003;7.258078e-002
2.876429e+003;7.282003e-002
2.876912e+003;7.306426e-002
2.877394e+003;7.331327e-002
2.877876e+003;7.356593e-002
2.878358e+003;7.382175e-002
2.878840e+003;7.407993e-002
2.879322e+003;7.433916e-002
2.879804e+003;7.459962e-002
2.880287e+003;7.485972e-002
2.880769e+003;7.511883e-002
2.881251e+003;7.537757e-002
2.881733e+003;7.563511e-002
2.882215e+003;7.589248e-002
2.882697e+003;7.615171e-002
2.883179e+003;7.641341e-002
2.883661e+003;7.667980e-002
2.884144e+003;7.695121e-002
2.884626e+003;7.722633e-002
2.885108e+003;7.750301e-002
2.885590e+003;7.777851e-002
2.886072e+003;7.805038e-002
2.886554e+003;7.831760e-002
2.887036e+003;7.858243e-002
2.887519e+003;7.884657e-002
2.888001e+003;7.911309e-002
2.888483e+003;7.938444e-002
2.888965e+003;7.966010e-002
2.889447e+003;7.993834e-002
2.889929e+003;8.021603e-002
2.890411e+003;8.048978e-002
2.890894e+003;8.075876e-002
2.891376e+003;8.102399e-002
2.891858e+003;8.128814e-002
2.892340e+003;8.155598e-002
2.892822e+003;8.182971e-002
2.893304e+003;8.210971e-002
2.893786e+003;8.239274e-002
2.894269e+003;8.267415e-002
2.894751e+003;8.294947e-002
2.895233e+003;8.321570e-002
2.895715e+003;8.347479e-002
2.896197e+003;8.373247e-002
2.896679e+003;8.399746e-002
2.897161e+003;8.427881e-002
2.897644e+003;8.458278e-002
2.898125e+003;8.491126e-002
2.898608e+003;8.526224e-002
2.899090e+003;8.562945e-002
2.899572e+003;8.600500e-002
2.900054e+003;8.638407e-002
2.900536e+003;8.676152e-002
2.901018e+003;8.713754e-002
2.901500e+003;8.751214e-002
2.901983e+003;8.788583e-002
2.902465e+003;8.825788e-002
2.902947e+003;8.862603e-002
2.903429e+003;8.898614e-002
2.903911e+003;8.933518e-002
2.904393e+003;8.967204e-002
2.904875e+003;8.999771e-002
2.905358e+003;9.031550e-002
2.905840e+003;9.062881e-002
2.906322e+003;9.094186e-002
2.906804e+003;9.125768e-002
2.907286e+003;9.157709e-002
2.907768e+003;9.190112e-002
2.908250e+003;9.223001e-002
2.908733e+003;9.256467e-002
2.909215e+003;9.290648e-002
2.909697e+003;9.325645e-002
2.910179e+003;9.361484e-002
2.910661e+003;9.398050e-002
2.911143e+003;9.435013e-002
2.911625e+003;9.471963e-002
2.912108e+003;9.508501e-002
2.912590e+003;9.544422e-002
2.913072e+003;9.579512e-002
2.913554e+003;9.613873e-002
2.914036e+003;9.647543e-002
2.914518e+003;9.680848e-002
2.915000e+003;9.713960e-002
2.915482e+003;9.747259e-002
2.915965e+003;9.781004e-002
2.916447e+003;9.815563e-002
2.916929e+003;9.851215e-002
2.917411e+003;9.888048e-002
2.917893e+003;9.926023e-002
2.918375e+003;9.964749e-002
2.918857e+003;1.000365e-001
2.919340e+003;1.004214e-001
2.919822e+003;1.007976e-001
2.920304e+003;1.011646e-001
2.920786e+003;1.015247e-001
2.921268e+003;1.018854e-001
2.921750e+003;1.022545e-001
2.922232e+003;1.026389e-001
2.922715e+003;1.030426e-001
2.923197e+003;1.034644e-001
2.923679e+003;1.038997e-001
2.924161e+003;1.043404e-001
2.924643e+003;1.047786e-001
2.925125e+003;1.052098e-001
2.925607e+003;1.056320e-001
2.926090e+003;1.060467e-001
2.926572e+003;1.064579e-001
2.927054e+003;1.068712e-001
2.927536e+003;1.072897e-001
2.928018e+003;1.077149e-001
2.928500e+003;1.081450e-001
2.928982e+003;1.085771e-001
2.929465e+003;1.090060e-001
2.929947e+003;1.094296e-001
2.930429e+003;1.098461e-001
2.930911e+003;1.102578e-001
2.931393e+003;1.106695e-001
2.931875e+003;1.110867e-001
2.932357e+003;1.115141e-001
2.932839e+003;1.119554e-001
2.933322e+003;1.124104e-001
2.933804e+003;1.128770e-001
2.934286e+003;1.133504e-001
2.934768e+003;1.138269e-001
2.935250e+003;1.143026e-001
2.935732e+003;1.147765e-001
2.936214e+003;1.152482e-001
2.936697e+003;1.157181e-001
2.937179e+003;1.161856e-001
2.937661e+003;1.166487e-001
2.938143e+003;1.171046e-001
2.938625e+003;1.175510e-001
2.939107e+003;1.179867e-001
2.939589e+003;1.184127e-001
2.940072e+003;1.188341e-001
2.940554e+003;1.192575e-001
2.941036e+003;1.196884e-001
2.941518e+003;1.201309e-001
2.942000e+003;1.205853e-001
2.942482e+003;1.210500e-001
2.942964e+003;1.215194e-001
2.943447e+003;1.219899e-001
2.943929e+003;1.224585e-001
2.944411e+003;1.229256e-001
2.944893e+003;1.233942e-001
2.945375e+003;1.238676e-001
2.945857e+003;1.243484e-001
2.946339e+003;1.248377e-001
2.946822e+003;1.253318e-001
2.947303e+003;1.258271e-001
2.947786e+003;1.263172e-001
2.948268e+003;1.267996e-001
2.948750e+003;1.272738e-001
2.949232e+003;1.277426e-001
2.949714e+003;1.282117e-001
2.950196e+003;1.286885e-001
2.950678e+003;1.291776e-001
2.951161e+003;1.296810e-001
2.951643e+003;1.301955e-001
2.952125e+003;1.307155e-001
2.952607e+003;1.312320e-001
2.953089e+003;1.317379e-001
2.953571e+003;1.322286e-001
2.954053e+003;1.327048e-001
2.954536e+003;1.331732e-001
2.955018e+003;1.336437e-001
2.955500e+003;1.341285e-001
2.955982e+003;1.346377e-001
2.956464e+003;1.351765e-001
2.956946e+003;1.357455e-001
2.957428e+003;1.363386e-001
2.957911e+003;1.369467e-001
2.958393e+003;1.375581e-001
2.958875e+003;1.381644e-001
2.959357e+003;1.387589e-001
2.959839e+003;1.393403e-001
2.960321e+003;1.399097e-001
2.960803e+003;1.404721e-001
2.961286e+003;1.410327e-001
2.961768e+003;1.415987e-001
2.962250e+003;1.421745e-001
2.962732e+003;1.427655e-001
2.963214e+003;1.433740e-001
2.963696e+003;1.440007e-001
2.964178e+003;1.446442e-001
2.964660e+003;1.452997e-001
2.965143e+003;1.459625e-001
2.965625e+003;1.466271e-001
2.966107e+003;1.472895e-001
2.966589e+003;1.479480e-001
2.967071e+003;1.486028e-001
2.967553e+003;1.492568e-001
2.968035e+003;1.499126e-001
2.968518e+003;1.505724e-001
2.969000e+003;1.512363e-001
2.969482e+003;1.519036e-001
2.969964e+003;1.525713e-001
2.970446e+003;1.532378e-001
2.970928e+003;1.539012e-001
2.971410e+003;1.545624e-001
2.971893e+003;1.552222e-001
2.972375e+003;1.558830e-001
2.972857e+003;1.565487e-001
2.973339e+003;1.572206e-001
2.973821e+003;1.579015e-001
2.974303e+003;1.585923e-001
2.974785e+003;1.592921e-001
2.975268e+003;1.599989e-001
2.975750e+003;1.607098e-001
2.976232e+003;1.614205e-001
2.976714e+003;1.621274e-001
2.977196e+003;1.628284e-001
2.977678e+003;1.635225e-001
2.978160e+003;1.642117e-001
2.978643e+003;1.648995e-001
2.979125e+003;1.655883e-001
2.979607e+003;1.662811e-001
2.980089e+003;1.669769e-001
2.980571e+003;1.676746e-001
2.981053e+003;1.683718e-001
2.981535e+003;1.690670e-001
2.982017e+003;1.697611e-001
2.982500e+003;1.704562e-001
2.982982e+003;1.711579e-001
2.983464e+003;1.718697e-001
2.983946e+003;1.725959e-001
2.984428e+003;1.733371e-001
2.984910e+003;1.740924e-001
2.985392e+003;1.748601e-001
2.985875e+003;1.756380e-001
2.986357e+003;1.764245e-001
2.986839e+003;1.772186e-001
2.987321e+003;1.780192e-001
2.987803e+003;1.788236e-001
2.988285e+003;1.796289e-001
2.988767e+003;1.804328e-001
2.989250e+003;1.812334e-001
2.989732e+003;1.820321e-001
2.990214e+003;1.828325e-001
2.990696e+003;1.836417e-001
2.991178e+003;1.844648e-001
2.991660e+003;1.853072e-001
2.992142e+003;1.861684e-001
2.992625e+003;1.870445e-001
2.993107e+003;1.879280e-001
2.993589e+003;1.888114e-001
2.994071e+003;1.896878e-001
2.994553e+003;1.905542e-001
2.995035e+003;1.914115e-001
2.995517e+003;1.922630e-001
2.996000e+003;1.931147e-001
2.996481e+003;1.939705e-001
2.996964e+003;1.948345e-001
2.997446e+003;1.957075e-001
2.997928e+003;1.965885e-001
2.998410e+003;1.974750e-001
2.998892e+003;1.983623e-001
2.999374e+003;1.992474e-001
2.999856e+003;2.001275e-001
3.000339e+003;2.010026e-001
3.000821e+003;2.018753e-001
3.001303e+003;2.027527e-001
3.001785e+003;2.036424e-001
3.002267e+003;2.045532e-001
3.002749e+003;2.054897e-001
3.003231e+003;2.064519e-001
3.003714e+003;2.074344e-001
3.004196e+003;2.084276e-001
3.004678e+003;2.094197e-001
3.005160e+003;2.104015e-001
3.005642e+003;2.113670e-001
3.006124e+003;2.123180e-001
3.006606e+003;2.132590e-001
3.007089e+003;2.141978e-001
3.007571e+003;2.151415e-001
3.008053e+003;2.160957e-001
3.008535e+003;2.170623e-001
3.009017e+003;2.180431e-001
3.009499e+003;2.190370e-001
3.009981e+003;2.200449e-001
3.010464e+003;2.210665e-001
3.010946e+003;2.221023e-001
3.011428e+003;2.231487e-001
3.011910e+003;2.242027e-001
3.012392e+003;2.252591e-001
3.012874e+003;2.263127e-001
3.013356e+003;2.273607e-001
3.013838e+003;2.284040e-001
3.014321e+003;2.294463e-001
3.014803e+003;2.304927e-001
3.015285e+003;2.315477e-001
3.015767e+003;2.326128e-001
3.016249e+003;2.336866e-001
3.016731e+003;2.347655e-001
3.017213e+003;2.358450e-001
3.017696e+003;2.369230e-001
3.018178e+003;2.379995e-001
3.018660e+003;2.390773e-001
3.019142e+003;2.401610e-001
3.019624e+003;2.412537e-001
3.020106e+003;2.423567e-001
3.020588e+003;2.434691e-001
3.021071e+003;2.445879e-001
3.021553e+003;2.457100e-001
3.022035e+003;2.468315e-001
3.022517e+003;2.479524e-001
3.022999e+003;2.490728e-001
3.023481e+003;2.501941e-001
3.023963e+003;2.513179e-001
3.024446e+003;2.524461e-001
3.024928e+003;2.535796e-001
3.025410e+003;2.547207e-001
3.025892e+003;2.558716e-001
3.026374e+003;2.570356e-001
3.026856e+003;2.582164e-001
3.027338e+003;2.594168e-001
3.027821e+003;2.606378e-001
3.028302e+003;2.618780e-001
3.028785e+003;2.631335e-001
3.029267e+003;2.643995e-001
3.029749e+003;2.656695e-001
3.030231e+003;2.669389e-001
3.030713e+003;2.682043e-001
3.031195e+003;2.694645e-001
3.031677e+003;2.707205e-001
3.032160e+003;2.719750e-001
3.032642e+003;2.732301e-001
3.033124e+003;2.744891e-001
3.033606e+003;2.757527e-001
3.034088e+003;2.770208e-001
3.034570e+003;2.782922e-001
3.035052e+003;2.795652e-001
3.035535e+003;2.808395e-001
3.036017e+003;2.821155e-001
3.036499e+003;2.833959e-001
3.036981e+003;2.846837e-001
3.037463e+003;2.859819e-001
3.037945e+003;2.872921e-001
3.038427e+003;2.886131e-001
3.038910e+003;2.899430e-001
3.039392e+003;2.912764e-001
3.039874e+003;2.926103e-001
3.040356e+003;2.939420e-001
3.040838e+003;2.952722e-001
3.041320e+003;2.966047e-001
3.041802e+003;2.979441e-001
3.042285e+003;2.992952e-001
3.042767e+003;3.006612e-001
3.043249e+003;3.020425e-001
3.043731e+003;3.034358e-001
3.044213e+003;3.048363e-001
3.044695e+003;3.062401e-001
3.045177e+003;3.076434e-001
3.045659e+003;3.090456e-001
3.046142e+003;3.104496e-001
3.046624e+003;3.118603e-001
3.047106e+003;3.132815e-001
3.047588e+003;3.147173e-001
3.048070e+003;3.161688e-001
3.048552e+003;3.176342e-001
3.049034e+003;3.191099e-001
3.049517e+003;3.205916e-001
3.049999e+003;3.220748e-001
3.050481e+003;3.235578e-001
3.050963e+003;3.250406e-001
3.051445e+003;3.265247e-001
3.051927e+003;3.280133e-001
3.052409e+003;3.295101e-001
3.052892e+003;3.310167e-001
3.053374e+003;3.325344e-001
3.053856e+003;3.340618e-001
3.054338e+003;3.355976e-001
3.054820e+003;3.371396e-001
3.055302e+003;3.386865e-001
3.055784e+003;3.402374e-001
3.056267e+003;3.417936e-001
3.056749e+003;3.433553e-001
3.057231e+003;3.449235e-001
3.057713e+003;3.464979e-001
3.058195e+003;3.480780e-001
3.058677e+003;3.496607e-001
3.059159e+003;3.512441e-001
3.059642e+003;3.528252e-001
3.060124e+003;3.544027e-001
3.060606e+003;3.559781e-001
3.061088e+003;3.575527e-001
3.061570e+003;3.591318e-001
3.062052e+003;3.607204e-001
3.062534e+003;3.623237e-001
3.063016e+003;3.639452e-001
3.063499e+003;3.655849e-001
3.063981e+003;3.672415e-001
3.064463e+003;3.689102e-001
3.064945e+003;3.705869e-001
3.065427e+003;3.722680e-001
3.065909e+003;3.739517e-001
3.066391e+003;3.756396e-001
3.066874e+003;3.773352e-001
3.067356e+003;3.790409e-001
3.067838e+003;3.807595e-001
3.068320e+003;3.824891e-001
3.068802e+003;3.842274e-001
3.069284e+003;3.859700e-001
3.069766e+003;3.877124e-001
3.070249e+003;3.894531e-001
3.070731e+003;3.911935e-001
3.071213e+003;3.929363e-001
3.071695e+003;3.946874e-001
3.072177e+003;3.964514e-001
3.072659e+003;3.982332e-001
3.073141e+003;4.000343e-001
3.073624e+003;4.018550e-001
3.074106e+003;4.036940e-001
3.074588e+003;4.055486e-001
3.075070e+003;4.074147e-001
3.075552e+003;4.092872e-001
3.076034e+003;4.111596e-001
3.076516e+003;4.130276e-001
3.076999e+003;4.148862e-001
3.077480e+003;4.167345e-001
3.077963e+003;4.185748e-001
3.078445e+003;4.204115e-001
3.078927e+003;4.222502e-001
3.079409e+003;4.240969e-001
3.079891e+003;4.259536e-001
3.080373e+003;4.278201e-001
3.080855e+003;4.296942e-001
3.081338e+003;4.315737e-001
3.081820e+003;4.334576e-001
3.082302e+003;4.353482e-001
3.082784e+003;4.372506e-001
3.083266e+003;4.391706e-001
3.083748e+003;4.411127e-001
3.084230e+003;4.430784e-001
3.084713e+003;4.450649e-001
3.085195e+003;4.470663e-001
3.085677e+003;4.490751e-001
3.086159e+003;4.510840e-001
3.086641e+003;4.530860e-001
3.087123e+003;4.550784e-001
3.087605e+003;4.570589e-001
3.088088e+003;4.590284e-001
3.088570e+003;4.609886e-001
3.089052e+003;4.629446e-001
3.089534e+003;4.649031e-001
3.090016e+003;4.668727e-001
3.090498e+003;4.688618e-001
3.090980e+003;4.708766e-001
3.091463e+003;4.729190e-001
3.091945e+003;4.749856e-001
3.092427e+003;4.770674e-001
3.092909e+003;4.791540e-001
3.093391e+003;4.812358e-001
3.093873e+003;4.833070e-001
3.094355e+003;4.853671e-001
3.094837e+003;4.874196e-001
3.095320e+003;4.894716e-001
3.095802e+003;4.915294e-001
3.096284e+003;4.935968e-001
3.096766e+003;4.956757e-001
3.097248e+003;4.977655e-001
3.097730e+003;4.998664e-001
3.098212e+003;5.019785e-001
3.098695e+003;5.041059e-001
3.099177e+003;5.062506e-001
3.099659e+003;5.084167e-001
3.100141e+003;5.106048e-001
3.100623e+003;5.128117e-001
3.101105e+003;5.150325e-001
3.101587e+003;5.172604e-001
3.102070e+003;5.194881e-001
3.102552e+003;5.217099e-001
3.103034e+003;5.239229e-001
3.103516e+003;5.261258e-001
3.103998e+003;5.283207e-001
3.104480e+003;5.305096e-001
3.104962e+003;5.326943e-001
3.105445e+003;5.348783e-001
3.105927e+003;5.370619e-001
3.106409e+003;5.392460e-001
3.106891e+003;5.414306e-001
3.107373e+003;5.436161e-001
3.107855e+003;5.458050e-001
3.108337e+003;5.480004e-001
3.108820e+003;5.502086e-001
3.109302e+003;5.524362e-001
3.109784e+003;5.546886e-001
3.110266e+003;5.569705e-001
3.110748e+003;5.592813e-001
3.111230e+003;5.616164e-001
3.111712e+003;5.639675e-001
3.112194e+003;5.663254e-001
3.112677e+003;5.686802e-001
3.113159e+003;5.710241e-001
3.113641e+003;5.733500e-001
3.114123e+003;5.756560e-001
3.114605e+003;5.779416e-001
3.115087e+003;5.802094e-001
3.115569e+003;5.824648e-001
3.116052e+003;5.847162e-001
3.116534e+003;5.869705e-001
3.117016e+003;5.892356e-001
3.117498e+003;5.915146e-001
3.117980e+003;5.938061e-001
3.118462e+003;5.961047e-001
3.118944e+003;5.984042e-001
3.119427e+003;6.007016e-001
3.119909e+003;6.030015e-001
3.120391e+003;6.053170e-001
3.120873e+003;6.076666e-001
3.121355e+003;6.100688e-001
3.121837e+003;6.125342e-001
3.122319e+003;6.150587e-001
3.122802e+003;6.176233e-001
3.123284e+003;6.201963e-001
3.123766e+003;6.227447e-001
3.124248e+003;6.252435e-001
3.124730e+003;6.276826e-001
3.125212e+003;6.300702e-001
3.125694e+003;6.324291e-001
3.126177e+003;6.347842e-001
3.126658e+003;6.371579e-001
3.127141e+003;6.395593e-001
3.127623e+003;6.419876e-001
3.128105e+003;6.444303e-001
3.128587e+003;6.468737e-001
3.129069e+003;6.493058e-001
3.129551e+003;6.517227e-001
3.130033e+003;6.541262e-001
3.130516e+003;6.565234e-001
3.130998e+003;6.589220e-001
3.131480e+003;6.613286e-001
3.131962e+003;6.637460e-001
3.132444e+003;6.661770e-001
3.132926e+003;6.686205e-001
3.133408e+003;6.710764e-001
3.133891e+003;6.735442e-001
3.134373e+003;6.760223e-001
3.134855e+003;6.785074e-001
3.135337e+003;6.809976e-001
3.135819e+003;6.834894e-001
3.136301e+003;6.859849e-001
3.136783e+003;6.884848e-001
3.137266e+003;6.909933e-001
3.137748e+003;6.935134e-001
3.138230e+003;6.960456e-001
3.138712e+003;6.985861e-001
3.139194e+003;7.011288e-001
3.139676e+003;7.036660e-001
3.140158e+003;7.061906e-001
3.140641e+003;7.087000e-001
3.141123e+003;7.111940e-001
3.141605e+003;7.136756e-001
3.142087e+003;7.161485e-001
3.142569e+003;7.186167e-001
3.143051e+003;7.210826e-001
3.143533e+003;7.235481e-001
3.144015e+003;7.260141e-001
3.144498e+003;7.284824e-001
3.144980e+003;7.309540e-001
3.145462e+003;7.334282e-001
3.145944e+003;7.359042e-001
3.146426e+003;7.383777e-001
3.146908e+003;7.408468e-001
3.147390e+003;7.433105e-001
3.147873e+003;7.457722e-001
3.148355e+003;7.482376e-001
3.148837e+003;7.507148e-001
3.149319e+003;7.532098e-001
3.149801e+003;7.557243e-001
3.150283e+003;7.582535e-001
3.150765e+003;7.607886e-001
3.151248e+003;7.633172e-001
3.151730e+003;7.658285e-001
3.152212e+003;7.683143e-001
3.152694e+003;7.707717e-001
3.153176e+003;7.732015e-001
3.153658e+003;7.756088e-001
3.154140e+003;7.779999e-001
3.154623e+003;7.803832e-001
3.155105e+003;7.827680e-001
3.155587e+003;7.851655e-001
3.156069e+003;7.875851e-001
3.156551e+003;7.900360e-001
3.157033e+003;7.925212e-001
3.157515e+003;7.950386e-001
3.157998e+003;7.975783e-001
3.158479e+003;8.001271e-001
3.158962e+003;8.026704e-001
3.159444e+003;8.051958e-001
3.159926e+003;8.076964e-001
3.160408e+003;8.101717e-001
3.160890e+003;8.126253e-001
3.161372e+003;8.150623e-001
3.161854e+003;8.174889e-001
3.162337e+003;8.199086e-001
3.162819e+003;8.223229e-001
3.163301e+003;8.247325e-001
3.163783e+003;8.271374e-001
3.164265e+003;8.295377e-001
3.164747e+003;8.319343e-001
3.165229e+003;8.343282e-001
3.165712e+003;8.367214e-001
3.166194e+003;8.391169e-001
3.166676e+003;8.415172e-001
3.167158e+003;8.439260e-001
3.167640e+003;8.463435e-001
3.168122e+003;8.487679e-001
3.168604e+003;8.511917e-001
3.169087e+003;8.536047e-001
3.169569e+003;8.559961e-001
3.170051e+003;8.583558e-001
3.170533e+003;8.606821e-001
3.171015e+003;8.629784e-001
3.171497e+003;8.652544e-001
3.171979e+003;8.675227e-001
3.172461e+003;8.697922e-001
3.172944e+003;8.720662e-001
3.173426e+003;8.743409e-001
3.173908e+003;8.766082e-001
3.174390e+003;8.788592e-001
3.174872e+003;8.810896e-001
3.175354e+003;8.832993e-001
3.175836e+003;8.854953e-001
3.176319e+003;8.876872e-001
3.176801e+003;8.898835e-001
3.177283e+003;8.920912e-001
3.177765e+003;8.943141e-001
3.178247e+003;8.965510e-001
3.178729e+003;8.988017e-001
3.179211e+003;9.010610e-001
3.179694e+003;9.033239e-001
3.180176e+003;9.055808e-001
3.180658e+003;9.078192e-001
3.181140e+003;9.100263e-001
3.181622e+003;9.121928e-001
3.182104e+003;9.143144e-001
3.182586e+003;9.163988e-001
3.183069e+003;9.184590e-001
3.183551e+003;9.205153e-001
3.184033e+003;9.225841e-001
3.184515e+003;9.246762e-001
3.184997e+003;9.267911e-001
3.185479e+003;9.289194e-001
3.185961e+003;9.310469e-001
3.186444e+003;9.331595e-001
3.186926e+003;9.352483e-001
3.187408e+003;9.373123e-001
3.187890e+003;9.393534e-001
3.188372e+003;9.413770e-001
3.188854e+003;9.433858e-001
3.189336e+003;9.453792e-001
3.189818e+003;9.473521e-001
3.190301e+003;9.492996e-001
3.190783e+003;9.512167e-001
3.191265e+003;9.531026e-001
3.191747e+003;9.549604e-001
3.192229e+003;9.567984e-001
3.192711e+003;9.586275e-001
3.193193e+003;9.604599e-001
3.193676e+003;9.623083e-001
3.194158e+003;9.641838e-001
3.194640e+003;9.660905e-001
3.195122e+003;9.680288e-001
3.195604e+003;9.699888e-001
3.196086e+003;9.719560e-001
3.196568e+003;9.739105e-001
3.197051e+003;9.758353e-001
3.197533e+003;9.777166e-001
3.198015e+003;9.795501e-001
3.198497e+003;9.813360e-001
3.198979e+003;9.830814e-001
3.199461e+003;9.847922e-001
3.199943e+003;9.864745e-001
3.200426e+003;9.881307e-001
3.200908e+003;9.897648e-001
3.201390e+003;9.913797e-001
3.201872e+003;9.929833e-001
3.202354e+003;9.945831e-001
3.202836e+003;9.961861e-001
3.203318e+003;9.977942e-001
3.203801e+003;9.994017e-001
3.204282e+003;1.000999e+000
3.204765e+003;1.002576e+000
3.205247e+003;1.004129e+000
3.205729e+003;1.005661e+000
3.206211e+003;1.007183e+000
3.206693e+003;1.008714e+000
3.207175e+003;1.010262e+000
3.207657e+003;1.011833e+000
3.208140e+003;1.013414e+000
3.208622e+003;1.014987e+000
3.209104e+003;1.016530e+000
3.209586e+003;1.018029e+000
3.210068e+003;1.019477e+000
3.210550e+003;1.020883e+000
3.211032e+003;1.022262e+000
3.211515e+003;1.023631e+000
3.211997e+003;1.025003e+000
3.212479e+003;1.026387e+000
3.212961e+003;1.027784e+000
3.213443e+003;1.029190e+000
3.213925e+003;1.030599e+000
3.214407e+003;1.032004e+000
3.214890e+003;1.033395e+000
3.215372e+003;1.034762e+000
3.215854e+003;1.036093e+000
3.216336e+003;1.037377e+000
3.216818e+003;1.038605e+000
3.217300e+003;1.039778e+000
3.217782e+003;1.040905e+000
3.218265e+003;1.041999e+000
3.218747e+003;1.043072e+000
3.219229e+003;1.044135e+000
3.219711e+003;1.045190e+000
3.220193e+003;1.046235e+000
3.220675e+003;1.047269e+000
3.221157e+003;1.048293e+000
3.221639e+003;1.049315e+000
3.222122e+003;1.050346e+000
3.222604e+003;1.051399e+000
3.223086e+003;1.052478e+000
3.223568e+003;1.053576e+000
3.224050e+003;1.054679e+000
3.224532e+003;1.055762e+000
3.225014e+003;1.056808e+000
3.225497e+003;1.057802e+000
3.225979e+003;1.058746e+000
3.226461e+003;1.059647e+000
3.226943e+003;1.060519e+000
3.227425e+003;1.061373e+000
3.227907e+003;1.062214e+000
3.228389e+003;1.063039e+000
3.228872e+003;1.063842e+000
3.229354e+003;1.064617e+000
3.229836e+003;1.065366e+000
3.230318e+003;1.066095e+000
3.230800e+003;1.066818e+000
3.231282e+003;1.067550e+000
3.231764e+003;1.068306e+000
3.232247e+003;1.069093e+000
3.232729e+003;1.069911e+000
3.233211e+003;1.070753e+000
3.233693e+003;1.071607e+000
3.234175e+003;1.072453e+000
3.234657e+003;1.073275e+000
3.235139e+003;1.074056e+000
3.235622e+003;1.074783e+000
3.236104e+003;1.075455e+000
3.236586e+003;1.076076e+000
3.237068e+003;1.076659e+000
3.237550e+003;1.077221e+000
3.238032e+003;1.077778e+000
3.238514e+003;1.078341e+000
3.238996e+003;1.078912e+000
3.239479e+003;1.079488e+000
3.239961e+003;1.080058e+000
3.240443e+003;1.080612e+000
3.240925e+003;1.081142e+000
3.241407e+003;1.081648e+000
3.241889e+003;1.082132e+000
3.242371e+003;1.082601e+000
3.242854e+003;1.083059e+000
3.243336e+003;1.083510e+000
3.243818e+003;1.083953e+000
3.244300e+003;1.084387e+000
3.244782e+003;1.084808e+000
3.245264e+003;1.085217e+000
3.245746e+003;1.085612e+000
3.246229e+003;1.085996e+000
3.246711e+003;1.086373e+000
3.247193e+003;1.086746e+000
3.247675e+003;1.087120e+000
3.248157e+003;1.087501e+000
3.248639e+003;1.087895e+000
3.249121e+003;1.088308e+000
3.249604e+003;1.088741e+000
3.250086e+003;1.089194e+000
3.250568e+003;1.089658e+000
3.251050e+003;1.090127e+000
3.251532e+003;1.090587e+000
3.252014e+003;1.091030e+000
3.252496e+003;1.091446e+000
3.252979e+003;1.091829e+000
3.253460e+003;1.092176e+000
3.253943e+003;1.092485e+000
3.254425e+003;1.092757e+000
3.254907e+003;1.092996e+000
3.255389e+003;1.093205e+000
3.255871e+003;1.093395e+000
3.256353e+003;1.093577e+000
3.256835e+003;1.093760e+000
3.257318e+003;1.093951e+000
3.257800e+003;1.094149e+000
3.258282e+003;1.094352e+000
3.258764e+003;1.094553e+000
3.259246e+003;1.094746e+000
3.259728e+003;1.094933e+000
3.260210e+003;1.095116e+000
3.260693e+003;1.095301e+000
3.261175e+003;1.095495e+000
3.261657e+003;1.095697e+000
3.262139e+003;1.095906e+000
3.262621e+003;1.096115e+000
3.263103e+003;1.096316e+000
3.263585e+003;1.096503e+000
3.264068e+003;1.096676e+000
3.264550e+003;1.096839e+000
3.265032e+003;1.096996e+000
3.265514e+003;1.097146e+000
3.265996e+003;1.097285e+000
3.266478e+003;1.097405e+000
3.266960e+003;1.097495e+000
3.267443e+003;1.097553e+000
3.267925e+003;1.097582e+000
3.268407e+003;1.097596e+000
3.268889e+003;1.097614e+000
3.269371e+003;1.097653e+000
3.269853e+003;1.097726e+000
3.270335e+003;1.097834e+000
3.270817e+003;1.097972e+000
3.271300e+003;1.098127e+000
3.271782e+003;1.098283e+000
3.272264e+003;1.098431e+000
3.272746e+003;1.098563e+000
3.273228e+003;1.098680e+000
3.273710e+003;1.098782e+000
3.274192e+003;1.098872e+000
3.274675e+003;1.098953e+000
3.275157e+003;1.099024e+000
3.275639e+003;1.099089e+000
3.276121e+003;1.099151e+000
3.276603e+003;1.099213e+000
3.277085e+003;1.099281e+000
3.277567e+003;1.099356e+000
3.278050e+003;1.099437e+000
3.278532e+003;1.099517e+000
3.279014e+003;1.099591e+000
3.279496e+003;1.099652e+000
3.279978e+003;1.099699e+000
3.280460e+003;1.099734e+000
3.280942e+003;1.099763e+000
3.281425e+003;1.099794e+000
3.281907e+003;1.099830e+000
3.282389e+003;1.099873e+000
3.282871e+003;1.099918e+000
3.283353e+003;1.099956e+000
3.283835e+003;1.099980e+000
3.284317e+003;1.099984e+000
3.284800e+003;1.099972e+000
3.285281e+003;1.099949e+000
3.285764e+003;1.099929e+000
3.286246e+003;1.099922e+000
3.286728e+003;1.099937e+000
3.287210e+003;1.099975e+000
3.287692e+003;1.100029e+000
3.288174e+003;1.100087e+000
3.288656e+003;1.100139e+000
3.289139e+003;1.100175e+000
3.289621e+003;1.100192e+000
3.290103e+003;1.100195e+000
3.290585e+003;1.100200e+000
3.291067e+003;1.100218e+000
3.291549e+003;1.100266e+000
3.292031e+003;1.100350e+000
3.292514e+003;1.100473e+000
3.292996e+003;1.100627e+000
3.293478e+003;1.100797e+000
3.293960e+003;1.100966e+000
3.294442e+003;1.101116e+000
3.294924e+003;1.101232e+000
3.295406e+003;1.101303e+000
3.295889e+003;1.101324e+000
3.296371e+003;1.101301e+000
3.296853e+003;1.101242e+000
3.297335e+003;1.101165e+000
3.297817e+003;1.101088e+000
3.298299e+003;1.101030e+000
3.298781e+003;1.101001e+000
3.299264e+003;1.101009e+000
3.299746e+003;1.101050e+000
3.300228e+003;1.101117e+000
3.300710e+003;1.101198e+000
3.301192e+003;1.101283e+000
3.301674e+003;1.101365e+000
3.302156e+003;1.101441e+000
3.302638e+003;1.101510e+000
3.303121e+003;1.101573e+000
3.303603e+003;1.101630e+000
3.304085e+003;1.101682e+000
3.304567e+003;1.101726e+000
3.305049e+003;1.101764e+000
3.305531e+003;1.101799e+000
3.306013e+003;1.101836e+000
3.306496e+003;1.101883e+000
3.306978e+003;1.101947e+000
3.307460e+003;1.102031e+000
3.307942e+003;1.102137e+000
3.308424e+003;1.102261e+000
3.308906e+003;1.102398e+000
3.309388e+003;1.102543e+000
3.309871e+003;1.102686e+000
3.310353e+003;1.102818e+000
3.310835e+003;1.102927e+000
3.311317e+003;1.103002e+000
3.311799e+003;1.103034e+000
3.312281e+003;1.103016e+000
3.312763e+003;1.102952e+000
3.313246e+003;1.102852e+000
3.313728e+003;1.102735e+000
3.314210e+003;1.102620e+000
3.314692e+003;1.102526e+000
3.315174e+003;1.102463e+000
3.315656e+003;1.102437e+000
3.316138e+003;1.102440e+000
3.316621e+003;1.102466e+000
3.317103e+003;1.102504e+000
3.317585e+003;1.102549e+000
3.318067e+003;1.102594e+000
3.318549e+003;1.102643e+000
3.319031e+003;1.102690e+000
3.319513e+003;1.102737e+000
3.319995e+003;1.102777e+000
3.320478e+003;1.102805e+000
3.320960e+003;1.102818e+000
3.321442e+003;1.102813e+000
3.321924e+003;1.102789e+000
3.322406e+003;1.102746e+000
3.322888e+003;1.102684e+000
3.323370e+003;1.102603e+000
3.323853e+003;1.102504e+000
3.324335e+003;1.102390e+000
3.324817e+003;1.102266e+000
3.325299e+003;1.102140e+000
3.325781e+003;1.102022e+000
3.326263e+003;1.101923e+000
3.326745e+003;1.101850e+000
3.327228e+003;1.101808e+000
3.327710e+003;1.101797e+000
3.328192e+003;1.101815e+000
3.328674e+003;1.101854e+000
3.329156e+003;1.101906e+000
3.329638e+003;1.101955e+000
3.330120e+003;1.101990e+000
3.330603e+003;1.101994e+000
3.331085e+003;1.101959e+000
3.331567e+003;1.101880e+000
3.332049e+003;1.101766e+000
3.332531e+003;1.101631e+000
3.333013e+003;1.101495e+000
3.333495e+003;1.101374e+000
3.333978e+003;1.101276e+000
3.334459e+003;1.101195e+000
3.334942e+003;1.101116e+000
3.335424e+003;1.101019e+000
3.335906e+003;1.100885e+000
3.336388e+003;1.100707e+000
3.336870e+003;1.100491e+000
3.337352e+003;1.100252e+000
3.337834e+003;1.100012e+000
3.338317e+003;1.099785e+000
3.338799e+003;1.099582e+000
3.339281e+003;1.099398e+000
3.339763e+003;1.099223e+000
3.340245e+003;1.099047e+000
3.340727e+003;1.098858e+000
3.341209e+003;1.098655e+000
3.341692e+003;1.098441e+000
3.342174e+003;1.098221e+000
3.342656e+003;1.098003e+000
3.343138e+003;1.097793e+000
3.343620e+003;1.097594e+000
3.344102e+003;1.097407e+000
3.344584e+003;1.097235e+000
3.345067e+003;1.097074e+000
3.345549e+003;1.096919e+000
3.346031e+003;1.096756e+000
3.346513e+003;1.096571e+000
3.346995e+003;1.096344e+000
3.347477e+003;1.096062e+000
3.347959e+003;1.095719e+000
3.348442e+003;1.095324e+000
3.348924e+003;1.094891e+000
3.349406e+003;1.094445e+000
3.349888e+003;1.094005e+000
3.350370e+003;1.093589e+000
3.350852e+003;1.093203e+000
3.351334e+003;1.092847e+000
3.351816e+003;1.092512e+000
3.352299e+003;1.092190e+000
3.352781e+003;1.091871e+000
3.353263e+003;1.091547e+000
3.353745e+003;1.091207e+000
3.354227e+003;1.090844e+000
3.354709e+003;1.090451e+000
3.355191e+003;1.090021e+000
3.355674e+003;1.089552e+000
3.356156e+003;1.089049e+000
3.356638e+003;1.088516e+000
3.357120e+003;1.087961e+000
3.357602e+003;1.087386e+000
3.358084e+003;1.086789e+000
3.358566e+003;1.086169e+000
3.359049e+003;1.085521e+000
3.359531e+003;1.084850e+000
3.360013e+003;1.084165e+000
3.360495e+003;1.083484e+000
3.360977e+003;1.082825e+000
3.361459e+003;1.082204e+000
3.361941e+003;1.081626e+000
3.362424e+003;1.081083e+000
3.362906e+003;1.080558e+000
3.363388e+003;1.080028e+000
3.363870e+003;1.079472e+000
3.364352e+003;1.078876e+000
3.364834e+003;1.078235e+000
3.365316e+003;1.077553e+000
3.365799e+003;1.076840e+000
3.366281e+003;1.076106e+000
3.366763e+003;1.075365e+000
3.367245e+003;1.074624e+000
3.367727e+003;1.073888e+000
3.368209e+003;1.073156e+000
3.368691e+003;1.072427e+000
3.369173e+003;1.071695e+000
3.369656e+003;1.070950e+000
3.370138e+003;1.070188e+000
3.370620e+003;1.069403e+000
3.371102e+003;1.068596e+000
3.371584e+003;1.067770e+000
3.372066e+003;1.066933e+000
3.372548e+003;1.066091e+000
3.373031e+003;1.065247e+000
3.373513e+003;1.064400e+000
3.373995e+003;1.063547e+000
3.374477e+003;1.062685e+000
3.374959e+003;1.061812e+000
3.375441e+003;1.060932e+000
3.375923e+003;1.060049e+000
3.376406e+003;1.059170e+000
3.376888e+003;1.058294e+000
3.377370e+003;1.057413e+000
3.377852e+003;1.056515e+000
3.378334e+003;1.055584e+000
3.378816e+003;1.054609e+000
3.379298e+003;1.053586e+000
3.379781e+003;1.052518e+000
3.380263e+003;1.051417e+000
3.380745e+003;1.050293e+000
3.381227e+003;1.049156e+000
3.381709e+003;1.048006e+000
3.382191e+003;1.046844e+000
3.382673e+003;1.045665e+000
3.383156e+003;1.044472e+000
3.383637e+003;1.043271e+000
3.384120e+003;1.042074e+000
3.384602e+003;1.040897e+000
3.385084e+003;1.039748e+000
3.385566e+003;1.038630e+000
3.386048e+003;1.037535e+000
3.386530e+003;1.036445e+000
3.387012e+003;1.035339e+000
3.387495e+003;1.034197e+000
3.387977e+003;1.033003e+000
3.388459e+003;1.031752e+000
3.388941e+003;1.030449e+000
3.389423e+003;1.029102e+000
3.389905e+003;1.027728e+000
3.390387e+003;1.026343e+000
3.390870e+003;1.024961e+000
3.391352e+003;1.023593e+000
3.391834e+003;1.022243e+000
3.392316e+003;1.020912e+000
3.392798e+003;1.019596e+000
3.393280e+003;1.018291e+000
3.393762e+003;1.016991e+000
3.394245e+003;1.015694e+000
3.394727e+003;1.014395e+000
3.395209e+003;1.013090e+000
3.395691e+003;1.011773e+000
3.396173e+003;1.010435e+000
3.396655e+003;1.009067e+000
3.397137e+003;1.007661e+000
3.397620e+003;1.006218e+000
3.398102e+003;1.004746e+000
3.398584e+003;1.003259e+000
3.399066e+003;1.001774e+000
3.399548e+003;1.000306e+000
3.400030e+003;9.988576e-001
3.400512e+003;9.974214e-001
3.400994e+003;9.959826e-001
3.401477e+003;9.945207e-001
3.401959e+003;9.930220e-001
3.402441e+003;9.914811e-001
3.402923e+003;9.899061e-001
3.403405e+003;9.883118e-001
3.403887e+003;9.867151e-001
3.404369e+003;9.851279e-001
3.404852e+003;9.835545e-001
3.405334e+003;9.819884e-001
3.405816e+003;9.804214e-001
3.406298e+003;9.788465e-001
3.406780e+003;9.772602e-001
3.407262e+003;9.756674e-001
3.407744e+003;9.740756e-001
3.408227e+003;9.724914e-001
3.408709e+003;9.709162e-001
3.409191e+003;9.693442e-001
3.409673e+003;9.677637e-001
3.410155e+003;9.661641e-001
3.410637e+003;9.645355e-001
3.411119e+003;9.628752e-001
3.411602e+003;9.611859e-001
3.412084e+003;9.594755e-001
3.412566e+003;9.577511e-001
3.413048e+003;9.560186e-001
3.413530e+003;9.542791e-001
3.414012e+003;9.525351e-001
3.414494e+003;9.507845e-001
3.414977e+003;9.490309e-001
3.415458e+003;9.472780e-001
3.415941e+003;9.455333e-001
3.416423e+003;9.438034e-001
3.416905e+003;9.420909e-001
3.417387e+003;9.403945e-001
3.417869e+003;9.387082e-001
3.418351e+003;9.370218e-001
3.418833e+003;9.353251e-001
3.419316e+003;9.336094e-001
3.419798e+003;9.318688e-001
3.420280e+003;9.301016e-001
3.420762e+003;9.283106e-001
3.421244e+003;9.265010e-001
3.421726e+003;9.246789e-001
3.422208e+003;9.228489e-001
3.422691e+003;9.210163e-001
3.423173e+003;9.191839e-001
3.423655e+003;9.173537e-001
3.424137e+003;9.155294e-001
3.424619e+003;9.137127e-001
3.425101e+003;9.119048e-001
3.425583e+003;9.101039e-001
3.426066e+003;9.083056e-001
3.426548e+003;9.065028e-001
3.427030e+003;9.046853e-001
3.427512e+003;9.028456e-001
3.427994e+003;9.009817e-001
3.428476e+003;8.990983e-001
3.428958e+003;8.972066e-001
3.429441e+003;8.953229e-001
3.429923e+003;8.934611e-001
3.430405e+003;8.916304e-001
3.430887e+003;8.898298e-001
3.431369e+003;8.880498e-001
3.431851e+003;8.862768e-001
3.432333e+003;8.844971e-001
3.432815e+003;8.827029e-001
3.433298e+003;8.808948e-001
3.433780e+003;8.790813e-001
3.434262e+003;8.772738e-001
3.434744e+003;8.754810e-001
3.435226e+003;8.737051e-001
3.435708e+003;8.719406e-001
3.436190e+003;8.701771e-001
3.436673e+003;8.684011e-001
3.437155e+003;8.666021e-001
3.437637e+003;8.647764e-001
3.438119e+003;8.629242e-001
3.438601e+003;8.610509e-001
3.439083e+003;8.591632e-001
3.439565e+003;8.572673e-001
3.440048e+003;8.553675e-001
3.440530e+003;8.534664e-001
3.441012e+003;8.515673e-001
3.441494e+003;8.496705e-001
3.441976e+003;8.477794e-001
3.442458e+003;8.458954e-001
3.442940e+003;8.440187e-001
3.443423e+003;8.421482e-001
3.443905e+003;8.402854e-001
3.444387e+003;8.384287e-001
3.444869e+003;8.365788e-001
3.445351e+003;8.347346e-001
3.445833e+003;8.328933e-001
3.446315e+003;8.310469e-001
3.446798e+003;8.291879e-001
3.447280e+003;8.273066e-001
3.447762e+003;8.253986e-001
3.448244e+003;8.234672e-001
3.448726e+003;8.215210e-001
3.449208e+003;8.195774e-001
3.449690e+003;8.176516e-001
3.450172e+003;8.157560e-001
3.450655e+003;8.138918e-001
3.451137e+003;8.120534e-001
3.451619e+003;8.102292e-001
3.452101e+003;8.084080e-001
3.452583e+003;8.065848e-001
3.453065e+003;8.047618e-001
3.453547e+003;8.029471e-001
3.454030e+003;8.011478e-001
3.454512e+003;7.993672e-001
3.454994e+003;7.975987e-001
3.455476e+003;7.958292e-001
3.455958e+003;7.940426e-001
3.456440e+003;7.922290e-001
3.456922e+003;7.903853e-001
3.457405e+003;7.885212e-001
3.457887e+003;7.866526e-001
3.458369e+003;7.847954e-001
3.458851e+003;7.829603e-001
3.459333e+003;7.811481e-001
3.459815e+003;7.793521e-001
3.460297e+003;7.775597e-001
3.460780e+003;7.757605e-001
3.461262e+003;7.739487e-001
3.461744e+003;7.721233e-001
3.462226e+003;7.702895e-001
3.462708e+003;7.684518e-001
3.463190e+003;7.666120e-001
3.463672e+003;7.647683e-001
3.464155e+003;7.629173e-001
3.464636e+003;7.610579e-001
3.465119e+003;7.591920e-001
3.465601e+003;7.573266e-001
3.466083e+003;7.554728e-001
3.466565e+003;7.536402e-001
3.467047e+003;7.518360e-001
3.467529e+003;7.500616e-001
3.468011e+003;7.483117e-001
3.468494e+003;7.465785e-001
3.468976e+003;7.448509e-001
3.469458e+003;7.431201e-001
3.469940e+003;7.413785e-001
3.470422e+003;7.396197e-001
3.470904e+003;7.378404e-001
3.471386e+003;7.360389e-001
3.471869e+003;7.342179e-001
3.472351e+003;7.323828e-001
3.472833e+003;7.305418e-001
3.473315e+003;7.287056e-001
3.473797e+003;7.268817e-001
3.474279e+003;7.250753e-001
3.474761e+003;7.232824e-001
3.475244e+003;7.214951e-001
3.475726e+003;7.197055e-001
3.476208e+003;7.179040e-001
3.476690e+003;7.160907e-001
3.477172e+003;7.142704e-001
3.477654e+003;7.124534e-001
3.478136e+003;7.106521e-001
3.478619e+003;7.088749e-001
3.479101e+003;7.071237e-001
3.479583e+003;7.053928e-001
3.480065e+003;7.036718e-001
3.480547e+003;7.019468e-001
3.481029e+003;7.002066e-001
3.481511e+003;6.984427e-001
3.481993e+003;6.966516e-001
3.482476e+003;6.948345e-001
3.482958e+003;6.929950e-001
3.483440e+003;6.911421e-001
3.483922e+003;6.892861e-001
3.484404e+003;6.874408e-001
3.484886e+003;6.856211e-001
3.485368e+003;6.838403e-001
3.485851e+003;6.821062e-001
3.486333e+003;6.804186e-001
3.486815e+003;6.787680e-001
3.487297e+003;6.771368e-001
3.487779e+003;6.755033e-001
3.488261e+003;6.738481e-001
3.488743e+003;6.721588e-001
3.489226e+003;6.704299e-001
3.489708e+003;6.686692e-001
3.490190e+003;6.668869e-001
3.490672e+003;6.650981e-001
3.491154e+003;6.633146e-001
3.491636e+003;6.615455e-001
3.492118e+003;6.597910e-001
3.492601e+003;6.580493e-001
3.493083e+003;6.563120e-001
3.493565e+003;6.545714e-001
3.494047e+003;6.528188e-001
3.494529e+003;6.510491e-001
3.495011e+003;6.492605e-001
3.495493e+003;6.474577e-001
3.495976e+003;6.456511e-001
3.496458e+003;6.438532e-001
3.496940e+003;6.420783e-001
3.497422e+003;6.403349e-001
3.497904e+003;6.386262e-001
3.498386e+003;6.369469e-001
3.498868e+003;6.352872e-001
3.499350e+003;6.336324e-001
3.499833e+003;6.319728e-001
3.500315e+003;6.303033e-001
3.500797e+003;6.286237e-001
3.501279e+003;6.269390e-001
3.501761e+003;6.252534e-001
3.502243e+003;6.235679e-001
3.502725e+003;6.218793e-001
3.503208e+003;6.201803e-001
3.503690e+003;6.184636e-001
3.504172e+003;6.167260e-001
3.504654e+003;6.149693e-001
3.505136e+003;6.132023e-001
3.505618e+003;6.114364e-001
3.506100e+003;6.096835e-001
3.506583e+003;6.079518e-001
3.507065e+003;6.062434e-001
3.507547e+003;6.045561e-001
3.508029e+003;6.028836e-001
3.508511e+003;6.012171e-001
3.508993e+003;5.995486e-001
3.509475e+003;5.978713e-001
3.509958e+003;5.961779e-001
3.510440e+003;5.944652e-001
3.510922e+003;5.927323e-001
3.511404e+003;5.909846e-001
3.511886e+003;5.892322e-001
3.512368e+003;5.874889e-001
3.512850e+003;5.857682e-001
3.513333e+003;5.840793e-001
3.513814e+003;5.824227e-001
3.514297e+003;5.807902e-001
3.514779e+003;5.791671e-001
3.515261e+003;5.775349e-001
3.515743e+003;5.758795e-001
3.516225e+003;5.741929e-001
3.516707e+003;5.724773e-001
3.517189e+003;5.707392e-001
3.517672e+003;5.689881e-001
3.518154e+003;5.672326e-001
3.518636e+003;5.654765e-001
3.519118e+003;5.637221e-001
3.519600e+003;5.619699e-001
3.520082e+003;5.602226e-001
3.520564e+003;5.584850e-001
3.521047e+003;5.567626e-001
3.521529e+003;5.550575e-001
3.522011e+003;5.533706e-001
3.522493e+003;5.516958e-001
3.522975e+003;5.500273e-001
3.523457e+003;5.483589e-001
3.523939e+003;5.466897e-001
3.524422e+003;5.450236e-001
3.524904e+003;5.433654e-001
3.525386e+003;5.417190e-001
3.525868e+003;5.400813e-001
3.526350e+003;5.384443e-001
3.526832e+003;5.367957e-001
3.527314e+003;5.351226e-001
3.527797e+003;5.334210e-001
3.528279e+003;5.316977e-001
3.528761e+003;5.299671e-001
3.529243e+003;5.282497e-001
3.529725e+003;5.265617e-001
3.530207e+003;5.249112e-001
3.530689e+003;5.232944e-001
3.531171e+003;5.216985e-001
3.531654e+003;5.201071e-001
3.532136e+003;5.185074e-001
3.532618e+003;5.168937e-001
3.533100e+003;5.152699e-001
3.533582e+003;5.136445e-001
3.534064e+003;5.120273e-001
3.534546e+003;5.104222e-001
3.535029e+003;5.088265e-001
3.535511e+003;5.072308e-001
3.535993e+003;5.056225e-001
3.536475e+003;5.039902e-001
3.536957e+003;5.023277e-001
3.537439e+003;5.006354e-001
3.537921e+003;4.989212e-001
3.538404e+003;4.971973e-001
3.538886e+003;4.954773e-001
3.539368e+003;4.937738e-001
3.539850e+003;4.920954e-001
3.540332e+003;4.904435e-001
3.540814e+003;4.888156e-001
3.541296e+003;4.872015e-001
3.541779e+003;4.855886e-001
3.542261e+003;4.839641e-001
3.542743e+003;4.823198e-001
3.543225e+003;4.806523e-001
3.543707e+003;4.789677e-001
3.544189e+003;4.772798e-001
3.544671e+003;4.756046e-001
3.545154e+003;4.739606e-001
3.545635e+003;4.723600e-001
3.546118e+003;4.708058e-001
3.546600e+003;4.692945e-001
3.547082e+003;4.678132e-001
3.547564e+003;4.663447e-001
3.548046e+003;4.648706e-001
3.548528e+003;4.633732e-001
3.549010e+003;4.618400e-001
3.549493e+003;4.602644e-001
3.549975e+003;4.586443e-001
3.550457e+003;4.569872e-001
3.550939e+003;4.553029e-001
3.551421e+003;4.536073e-001
3.551903e+003;4.519156e-001
3.552385e+003;4.502400e-001
3.552868e+003;4.485883e-001
3.553350e+003;4.469617e-001
3.553832e+003;4.453557e-001
3.554314e+003;4.437617e-001
3.554796e+003;4.421730e-001
3.555278e+003;4.405861e-001
3.555760e+003;4.390029e-001
3.556243e+003;4.374299e-001
3.556725e+003;4.358754e-001
3.557207e+003;4.343478e-001
3.557689e+003;4.328506e-001
3.558171e+003;4.313805e-001
3.558653e+003;4.299282e-001
3.559135e+003;4.284795e-001
3.559618e+003;4.270176e-001
3.560100e+003;4.255269e-001
3.560582e+003;4.239964e-001
3.561064e+003;4.224210e-001
3.561546e+003;4.208044e-001
3.562028e+003;4.191589e-001
3.562510e+003;4.175008e-001
3.562992e+003;4.158524e-001
3.563475e+003;4.142332e-001
3.563957e+003;4.126579e-001
3.564439e+003;4.111342e-001
3.564921e+003;4.096586e-001
3.565403e+003;4.082211e-001
3.565885e+003;4.068049e-001
3.566367e+003;4.053912e-001
3.566850e+003;4.039635e-001
3.567332e+003;4.025112e-001
3.567814e+003;4.010295e-001
3.568296e+003;3.995232e-001
3.568778e+003;3.980004e-001
3.569260e+003;3.964740e-001
3.569742e+003;3.949562e-001
3.570225e+003;3.934565e-001
3.570707e+003;3.919800e-001
3.571189e+003;3.905258e-001
3.571671e+003;3.890894e-001
3.572153e+003;3.876627e-001
3.572635e+003;3.862391e-001
3.573117e+003;3.848157e-001
3.573600e+003;3.833938e-001
3.574082e+003;3.819783e-001
3.574564e+003;3.805751e-001
3.575046e+003;3.791885e-001
3.575528e+003;3.778165e-001
3.576010e+003;3.764537e-001
3.576492e+003;3.750886e-001
3.576974e+003;3.737121e-001
3.577457e+003;3.723172e-001
3.577939e+003;3.709036e-001
3.578421e+003;3.694766e-001
3.578903e+003;3.680445e-001
3.579385e+003;3.666139e-001
3.579867e+003;3.651888e-001
3.580349e+003;3.637679e-001
3.580832e+003;3.623480e-001
3.581314e+003;3.609248e-001
3.581796e+003;3.594963e-001
3.582278e+003;3.580636e-001
3.582760e+003;3.566303e-001
3.583242e+003;3.551988e-001
3.583724e+003;3.537690e-001
3.584207e+003;3.523389e-001
3.584689e+003;3.509045e-001
3.585171e+003;3.494637e-001
3.585653e+003;3.480177e-001
3.586135e+003;3.465730e-001
3.586617e+003;3.451365e-001
3.587099e+003;3.437144e-001
3.587582e+003;3.423090e-001
3.588064e+003;3.409182e-001
3.588546e+003;3.395369e-001
3.589028e+003;3.381618e-001
3.589510e+003;3.367933e-001
3.589992e+003;3.354363e-001
3.590474e+003;3.341002e-001
3.590957e+003;3.327896e-001
3.591438e+003;3.315060e-001
3.591921e+003;3.302437e-001
3.592403e+003;3.289882e-001
3.592885e+003;3.277272e-001
3.593367e+003;3.264515e-001
3.593849e+003;3.251582e-001
3.594331e+003;3.238524e-001
3.594813e+003;3.225421e-001
3.595296e+003;3.212349e-001
3.595778e+003;3.199319e-001
3.596260e+003;3.186279e-001
3.596742e+003;3.173153e-001
3.597224e+003;3.159885e-001
3.597706e+003;3.146466e-001
3.598188e+003;3.132944e-001
3.598671e+003;3.119421e-001
3.599153e+003;3.105980e-001
3.599635e+003;3.092669e-001
3.600117e+003;3.079470e-001
3.600599e+003;3.066309e-001
3.601081e+003;3.053117e-001
3.601563e+003;3.039854e-001
3.602046e+003;3.026518e-001
3.602528e+003;3.013173e-001
3.603010e+003;2.999884e-001
3.603492e+003;2.986693e-001
3.603974e+003;2.973599e-001
3.604456e+003;2.960562e-001
3.604938e+003;2.947516e-001
3.605421e+003;2.934425e-001
3.605903e+003;2.921294e-001
3.606385e+003;2.908158e-001
3.606867e+003;2.895084e-001
3.607349e+003;2.882103e-001
3.607831e+003;2.869236e-001
3.608313e+003;2.856469e-001
3.608795e+003;2.843764e-001
3.609278e+003;2.831101e-001
3.609760e+003;2.818480e-001
3.610242e+003;2.805907e-001
3.610724e+003;2.793386e-001
3.611206e+003;2.780876e-001
3.611688e+003;2.768301e-001
3.612170e+003;2.755569e-001
3.612653e+003;2.742586e-001
3.613135e+003;2.729335e-001
3.613617e+003;2.715856e-001
3.614099e+003;2.702271e-001
3.614581e+003;2.688731e-001
3.615063e+003;2.675369e-001
3.615545e+003;2.662287e-001
3.616028e+003;2.649536e-001
3.616510e+003;2.637119e-001
3.616992e+003;2.625035e-001
3.617474e+003;2.613283e-001
3.617956e+003;2.601860e-001
3.618438e+003;2.590715e-001
3.618920e+003;2.579745e-001
3.619403e+003;2.568775e-001
3.619885e+003;2.557556e-001
3.620367e+003;2.545852e-001
3.620849e+003;2.533508e-001
3.621331e+003;2.520481e-001
3.621813e+003;2.506868e-001
3.622295e+003;2.492876e-001
3.622778e+003;2.478738e-001
3.623260e+003;2.464652e-001
3.623742e+003;2.450719e-001
3.624224e+003;2.436948e-001
3.624706e+003;2.423284e-001
3.625188e+003;2.409665e-001
3.625670e+003;2.396073e-001
3.626152e+003;2.382575e-001
3.626635e+003;2.369296e-001
3.627117e+003;2.356352e-001
3.627599e+003;2.343804e-001
3.628081e+003;2.331609e-001
3.628563e+003;2.319615e-001
3.629045e+003;2.307591e-001
3.629527e+003;2.295302e-001
3.630010e+003;2.282585e-001
3.630492e+003;2.269365e-001
3.630974e+003;2.255695e-001
3.631456e+003;2.241678e-001
3.631938e+003;2.227451e-001
3.632420e+003;2.213119e-001
3.632902e+003;2.198727e-001
3.633385e+003;2.184271e-001
3.633867e+003;2.169715e-001
3.634349e+003;2.155043e-001
3.634831e+003;2.140290e-001
3.635313e+003;2.125570e-001
3.635795e+003;2.111028e-001
3.636277e+003;2.096829e-001
3.636760e+003;2.083080e-001
3.637242e+003;2.069793e-001
3.637724e+003;2.056875e-001
3.638206e+003;2.044114e-001
3.638688e+003;2.031281e-001
3.639170e+003;2.018157e-001
3.639652e+003;2.004602e-001
3.640135e+003;1.990584e-001
3.640616e+003;1.976181e-001
3.641099e+003;1.961517e-001
3.641581e+003;1.946723e-001
3.642063e+003;1.931915e-001
3.642545e+003;1.917133e-001
3.643027e+003;1.902406e-001
3.643509e+003;1.887712e-001
3.643991e+003;1.873046e-001
3.644474e+003;1.858429e-001
3.644956e+003;1.843880e-001
3.645438e+003;1.829401e-001
3.645920e+003;1.814975e-001
3.646402e+003;1.800538e-001
3.646884e+003;1.786038e-001
3.647366e+003;1.771411e-001
3.647849e+003;1.756661e-001
3.648331e+003;1.741827e-001
3.648813e+003;1.726994e-001
3.649295e+003;1.712237e-001
3.649777e+003;1.697562e-001
3.650259e+003;1.682919e-001
3.650741e+003;1.668177e-001
3.651224e+003;1.653189e-001
3.651706e+003;1.637847e-001
3.652188e+003;1.622109e-001
3.652670e+003;1.606065e-001
3.653152e+003;1.589871e-001
3.653634e+003;1.573747e-001
3.654116e+003;1.557910e-001
3.654599e+003;1.542506e-001
3.655081e+003;1.527603e-001
3.655563e+003;1.513164e-001
3.656045e+003;1.499088e-001
3.656527e+003;1.485215e-001
3.657009e+003;1.471399e-001
3.657491e+003;1.457513e-001
3.657973e+003;1.443478e-001
3.658456e+003;1.429272e-001
3.658938e+003;1.414909e-001
3.659420e+003;1.400433e-001
3.659902e+003;1.385877e-001
3.660384e+003;1.371264e-001
3.660866e+003;1.356591e-001
3.661348e+003;1.341823e-001
3.661831e+003;1.326915e-001
3.662313e+003;1.311846e-001
3.662795e+003;1.296637e-001
3.663277e+003;1.281368e-001
3.663759e+003;1.266159e-001
3.664241e+003;1.251149e-001
3.664723e+003;1.236433e-001
3.665206e+003;1.222054e-001
3.665688e+003;1.207963e-001
3.666170e+003;1.194057e-001
3.666652e+003;1.180224e-001
3.667134e+003;1.166378e-001
3.667616e+003;1.152503e-001
3.668098e+003;1.138667e-001
3.668581e+003;1.124971e-001
3.669063e+003;1.111496e-001
3.669545e+003;1.098268e-001
3.670027e+003;1.085239e-001
3.670509e+003;1.072286e-001
3.670991e+003;1.059292e-001
3.671473e+003;1.046194e-001
3.671956e+003;1.033019e-001
3.672438e+003;1.019881e-001
3.672920e+003;1.006962e-001
3.673402e+003;9.944006e-002
3.673884e+003;9.822859e-002
3.674366e+003;9.705786e-002
3.674848e+003;9.591651e-002
3.675330e+003;9.478772e-002
3.675813e+003;9.365842e-002
3.676295e+003;9.252317e-002
3.676777e+003;9.138561e-002
3.677259e+003;9.025568e-002
3.677741e+003;8.914442e-002
3.678223e+003;8.805747e-002
3.678705e+003;8.699352e-002
3.679188e+003;8.594508e-002
3.679670e+003;8.490257e-002
3.680152e+003;8.385780e-002
3.680634e+003;8.281087e-002
3.681116e+003;8.176898e-002
3.681598e+003;8.074188e-002
3.682080e+003;7.974173e-002
3.682563e+003;7.877286e-002
3.683045e+003;7.783429e-002
3.683527e+003;7.691590e-002
3.684009e+003;7.600610e-002
3.684491e+003;7.509404e-002
3.684973e+003;7.417385e-002
3.685455e+003;7.324780e-002
3.685938e+003;7.232423e-002
3.686420e+003;7.141552e-002
3.686902e+003;7.053479e-002
3.687384e+003;6.969262e-002
3.687866e+003;6.889518e-002
3.688348e+003;6.814412e-002
3.688830e+003;6.743476e-002
3.689313e+003;6.675970e-002
3.689794e+003;6.610680e-002
3.690277e+003;6.546366e-002
3.690759e+003;6.481758e-002
3.691241e+003;6.415834e-002
3.691723e+003;6.348152e-002
3.692205e+003;6.278879e-002
3.692687e+003;6.208995e-002
3.693169e+003;6.139950e-002
3.693652e+003;6.073230e-002
3.694134e+003;6.010041e-002
3.694616e+003;5.950863e-002
3.695098e+003;5.895171e-002
3.695580e+003;5.841859e-002
3.696062e+003;5.789377e-002
3.696544e+003;5.736290e-002
3.697027e+003;5.681683e-002
3.697509e+003;5.625127e-002
3.697991e+003;5.566902e-002
3.698473e+003;5.507605e-002
3.698955e+003;5.448036e-002
3.699437e+003;5.388930e-002
3.699919e+003;5.330959e-002
3.700402e+003;5.274819e-002
3.700884e+003;5.221116e-002
3.701366e+003;5.170469e-002
3.701848e+003;5.123409e-002
3.702330e+003;5.080035e-002
3.702812e+003;5.040042e-002
3.703294e+003;5.002706e-002
3.703777e+003;4.966914e-002
3.704259e+003;4.931538e-002
3.704741e+003;4.895718e-002
3.705223e+003;4.859062e-002
3.705705e+003;4.821532e-002
3.706187e+003;4.783595e-002
3.706669e+003;4.745937e-002
3.707151e+003;4.709061e-002
3.707634e+003;4.673487e-002
3.708116e+003;4.639493e-002
3.708598e+003;4.607192e-002
3.709080e+003;4.576684e-002
3.709562e+003;4.548058e-002
3.710044e+003;4.521110e-002
3.710526e+003;4.495527e-002
3.711009e+003;4.470635e-002
3.711491e+003;4.445564e-002
3.711973e+003;4.419416e-002
3.712455e+003;4.391319e-002
3.712937e+003;4.361121e-002
3.713419e+003;4.329152e-002
3.713901e+003;4.296397e-002
3.714384e+003;4.264273e-002
3.714866e+003;4.234016e-002
3.715348e+003;4.206537e-002
3.715830e+003;4.182064e-002
3.716312e+003;4.160165e-002
3.716794e+003;4.139792e-002
3.717276e+003;4.119795e-002
3.717759e+003;4.099089e-002
3.718241e+003;4.077052e-002
3.718723e+003;4.053725e-002
3.719205e+003;4.029598e-002
3.719687e+003;4.005456e-002
3.720169e+003;3.982146e-002
3.720651e+003;3.960198e-002
3.721134e+003;3.939902e-002
3.721615e+003;3.921182e-002
3.722098e+003;3.903736e-002
3.722580e+003;3.887323e-002
3.723062e+003;3.871628e-002
3.723544e+003;3.856600e-002
3.724026e+003;3.842175e-002
3.724508e+003;3.828153e-002
3.724990e+003;3.814368e-002
3.725473e+003;3.800378e-002
3.725955e+003;3.785641e-002
3.726437e+003;3.769789e-002
3.726919e+003;3.752620e-002
3.727401e+003;3.734475e-002
3.727883e+003;3.716188e-002
3.728365e+003;3.698708e-002
3.728848e+003;3.683209e-002
3.729330e+003;3.670527e-002
3.729812e+003;3.660838e-002
3.730294e+003;3.653738e-002
3.730776e+003;3.648091e-002
3.731258e+003;3.642279e-002
3.731740e+003;3.634871e-002
3.732223e+003;3.624831e-002
3.732705e+003;3.611919e-002
3.733187e+003;3.596689e-002
3.733669e+003;3.580257e-002
3.734151e+003;3.563947e-002
3.734633e+003;3.548773e-002
3.735115e+003;3.535216e-002
3.735598e+003;3.523314e-002
3.736080e+003;3.512484e-002
3.736562e+003;3.502070e-002
3.737044e+003;3.491540e-002
3.737526e+003;3.480464e-002
3.738008e+003;3.468449e-002
3.738490e+003;3.455040e-002
3.738972e+003;3.439718e-002
3.739455e+003;3.421824e-002
3.739937e+003;3.400942e-002
3.740419e+003;3.377666e-002
3.740901e+003;3.353412e-002
3.741383e+003;3.330750e-002
3.741865e+003;3.312464e-002
3.742347e+003;3.301273e-002
3.742830e+003;3.298244e-002
3.743312e+003;3.302351e-002
3.743794e+003;3.310335e-002
3.744276e+003;3.317662e-002
3.744758e+003;3.319912e-002
3.745240e+003;3.314324e-002
3.745722e+003;3.300767e-002
3.746205e+003;3.281559e-002
3.746687e+003;3.260626e-002
3.747169e+003;3.241957e-002
3.747651e+003;3.228479e-002
3.748133e+003;3.221357e-002
3.748615e+003;3.219643e-002
3.749097e+003;3.221223e-002
3.749580e+003;3.223589e-002
3.750062e+003;3.224852e-002
3.750544e+003;3.224177e-002
3.751026e+003;3.221675e-002
3.751508e+003;3.217918e-002
3.751990e+003;3.213146e-002
3.752472e+003;3.207168e-002
3.752955e+003;3.199375e-002
3.753437e+003;3.189284e-002
3.753919e+003;3.177074e-002
3.754401e+003;3.163568e-002
3.754883e+003;3.150300e-002
3.755365e+003;3.138996e-002
3.755847e+003;3.130810e-002
3.756329e+003;3.126137e-002
3.756812e+003;3.124407e-002
3.757294e+003;3.124427e-002
3.757776e+003;3.124993e-002
3.758258e+003;3.125115e-002
3.758740e+003;3.124424e-002
3.759222e+003;3.122742e-002
3.759704e+003;3.120184e-002
3.760187e+003;3.116546e-002
3.760669e+003;3.111522e-002
3.761151e+003;3.104872e-002
3.761633e+003;3.096518e-002
3.762115e+003;3.086866e-002
3.762597e+003;3.076692e-002
3.763079e+003;3.066909e-002
3.763562e+003;3.058179e-002
3.764044e+003;3.050616e-002
3.764526e+003;3.043852e-002
3.765008e+003;3.037316e-002
3.765490e+003;3.030651e-002
3.765972e+003;3.023895e-002
3.766454e+003;3.017977e-002
3.766937e+003;3.013849e-002
3.767419e+003;3.012392e-002
3.767901e+003;3.013909e-002
3.768383e+003;3.017716e-002
3.768865e+003;3.022402e-002
3.769347e+003;3.026325e-002
3.769829e+003;3.028074e-002
3.770312e+003;3.027010e-002
3.770793e+003;3.023286e-002
3.771276e+003;3.017754e-002
3.771758e+003;3.011342e-002
3.772240e+003;3.004777e-002
3.772722e+003;2.998311e-002
3.773204e+003;2.991882e-002
3.773686e+003;2.985171e-002
3.774168e+003;2.977975e-002
3.774651e+003;2.970319e-002
3.775133e+003;2.962484e-002
3.775615e+003;2.954914e-002
3.776097e+003;2.948081e-002
3.776579e+003;2.942406e-002
3.777061e+003;2.938131e-002
3.777543e+003;2.935358e-002
3.778026e+003;2.933936e-002
3.778508e+003;2.933686e-002
3.778990e+003;2.933894e-002
3.779472e+003;2.933669e-002
3.779954e+003;2.931889e-002
3.780436e+003;2.927558e-002
3.780918e+003;2.920050e-002
3.781401e+003;2.909531e-002
3.781883e+003;2.896969e-002
3.782365e+003;2.883766e-002
3.782847e+003;2.871774e-002
3.783329e+003;2.862267e-002
3.783811e+003;2.856023e-002
3.784293e+003;2.852981e-002
3.784776e+003;2.852400e-002
3.785258e+003;2.853120e-002
3.785740e+003;2.854020e-002
3.786222e+003;2.854230e-002
3.786704e+003;2.853279e-002
3.787186e+003;2.850884e-002
3.787668e+003;2.847110e-002
3.788150e+003;2.841968e-002
3.788633e+003;2.835663e-002
3.789115e+003;2.828526e-002
3.789597e+003;2.820928e-002
3.790079e+003;2.813303e-002
3.790561e+003;2.805931e-002
3.791043e+003;2.798954e-002
3.791525e+003;2.792192e-002
3.792008e+003;2.785187e-002
3.792490e+003;2.777745e-002
3.792972e+003;2.769765e-002
3.793454e+003;2.761783e-002
3.793936e+003;2.754605e-002
3.794418e+003;2.749164e-002
3.794900e+003;2.746100e-002
3.795383e+003;2.745387e-002
3.795865e+003;2.746516e-002
3.796347e+003;2.748412e-002
3.796829e+003;2.749810e-002
3.797311e+003;2.750172e-002
3.797793e+003;2.749511e-002
3.798275e+003;2.748785e-002
3.798758e+003;2.749134e-002
3.799240e+003;2.751697e-002
3.799722e+003;2.756924e-002
3.800204e+003;2.764226e-002
3.800686e+003;2.772043e-002
3.801168e+003;2.778338e-002
3.801650e+003;2.781085e-002
3.802133e+003;2.779183e-002
3.802615e+003;2.772604e-002
3.803097e+003;2.762755e-002
3.803579e+003;2.751662e-002
3.804061e+003;2.741899e-002
3.804543e+003;2.735377e-002
3.805025e+003;2.733211e-002
3.805507e+003;2.735083e-002
3.805990e+003;2.739596e-002
3.806472e+003;2.744342e-002
3.806954e+003;2.747152e-002
3.807436e+003;2.746230e-002
3.807918e+003;2.741203e-002
3.808400e+003;2.732762e-002
3.808882e+003;2.722561e-002
3.809365e+003;2.712320e-002
3.809847e+003;2.703309e-002
3.810329e+003;2.695849e-002
3.810811e+003;2.689285e-002
3.811293e+003;2.682528e-002
3.811775e+003;2.674575e-002
3.812257e+003;2.665273e-002
3.812740e+003;2.655763e-002
3.813222e+003;2.647844e-002
3.813704e+003;2.643801e-002
3.814186e+003;2.645290e-002
3.814668e+003;2.652419e-002
3.815150e+003;2.663686e-002
3.815632e+003;2.676254e-002
3.816115e+003;2.686808e-002
3.816597e+003;2.692957e-002
3.817079e+003;2.693670e-002
3.817561e+003;2.689858e-002
3.818043e+003;2.683705e-002
3.818525e+003;2.677884e-002
3.819007e+003;2.674287e-002
3.819490e+003;2.673776e-002
3.819971e+003;2.675554e-002
3.820454e+003;2.677834e-002
3.820936e+003;2.678378e-002
3.821418e+003;2.675615e-002
3.821900e+003;2.669106e-002
3.822382e+003;2.659842e-002
3.822864e+003;2.649649e-002
3.823346e+003;2.640754e-002
3.823829e+003;2.634805e-002
3.824311e+003;2.632653e-002
3.824793e+003;2.633937e-002
3.825275e+003;2.637360e-002
3.825757e+003;2.641183e-002
3.826239e+003;2.643615e-002
3.826721e+003;2.643420e-002
3.827204e+003;2.640287e-002
3.827686e+003;2.634370e-002
3.828168e+003;2.626713e-002
3.828650e+003;2.618499e-002
3.829132e+003;2.610889e-002
3.829614e+003;2.604670e-002
3.830096e+003;2.600125e-002
3.830579e+003;2.597178e-002
3.831061e+003;2.595249e-002
3.831543e+003;2.593602e-002
3.832025e+003;2.591569e-002
3.832507e+003;2.588619e-002
3.832989e+003;2.584714e-002
3.833471e+003;2.580098e-002
3.833954e+003;2.575558e-002
3.834436e+003;2.571908e-002
3.834918e+003;2.570128e-002
3.835400e+003;2.570761e-002
3.835882e+003;2.573846e-002
3.836364e+003;2.578727e-002
3.836846e+003;2.584215e-002
3.837328e+003;2.588802e-002
3.837811e+003;2.591025e-002
3.838293e+003;2.589930e-002
3.838775e+003;2.585424e-002
3.839257e+003;2.578346e-002
3.839739e+003;2.570142e-002
3.840221e+003;2.562712e-002
3.840703e+003;2.557761e-002
3.841186e+003;2.556441e-002
3.841668e+003;2.559140e-002
3.842150e+003;2.565382e-002
3.842632e+003;2.574044e-002
3.843114e+003;2.583548e-002
3.843596e+003;2.592409e-002
3.844078e+003;2.599358e-002
3.844561e+003;2.603682e-002
3.845043e+003;2.604941e-002
3.845525e+003;2.603287e-002
3.846007e+003;2.599031e-002
3.846489e+003;2.592522e-002
3.846971e+003;2.583980e-002
3.847453e+003;2.573804e-002
3.847936e+003;2.562228e-002
3.848418e+003;2.549770e-002
3.848900e+003;2.537075e-002
3.849382e+003;2.525390e-002
3.849864e+003;2.516226e-002
3.850346e+003;2.511219e-002
3.850828e+003;2.511883e-002
3.851311e+003;2.519011e-002
3.851792e+003;2.532283e-002
3.852275e+003;2.550186e-002
3.852757e+003;2.569755e-002
3.853239e+003;2.587606e-002
3.853721e+003;2.600509e-002
3.854203e+003;2.606295e-002
3.854685e+003;2.604338e-002
3.855167e+003;2.595868e-002
3.855650e+003;2.582984e-002
3.856132e+003;2.568685e-002
3.856614e+003;2.555433e-002
3.857096e+003;2.544905e-002
3.857578e+003;2.537826e-002
3.858060e+003;2.533718e-002
3.858542e+003;2.531412e-002
3.859025e+003;2.529457e-002
3.859507e+003;2.526579e-002
3.859989e+003;2.522130e-002
3.860471e+003;2.516134e-002
3.860953e+003;2.509436e-002
3.861435e+003;2.503308e-002
3.861917e+003;2.499178e-002
3.862400e+003;2.498360e-002
3.862882e+003;2.501348e-002
3.863364e+003;2.507663e-002
3.863846e+003;2.516059e-002
3.864328e+003;2.524289e-002
3.864810e+003;2.530259e-002
3.865292e+003;2.532083e-002
3.865775e+003;2.529252e-002
3.866257e+003;2.522415e-002
3.866739e+003;2.513613e-002
3.867221e+003;2.505303e-002
3.867703e+003;2.499931e-002
3.868185e+003;2.498889e-002
3.868667e+003;2.502141e-002
3.869149e+003;2.508152e-002
3.869632e+003;2.514348e-002
3.870114e+003;2.518084e-002
3.870596e+003;2.517539e-002
3.871078e+003;2.512020e-002
3.871560e+003;2.502593e-002
3.872042e+003;2.491211e-002
3.872524e+003;2.480361e-002
3.873007e+003;2.472309e-002
3.873489e+003;2.468645e-002
3.873971e+003;2.469890e-002
3.874453e+003;2.475656e-002
3.874935e+003;2.484668e-002
3.875417e+003;2.495468e-002
3.875899e+003;2.506310e-002
3.876382e+003;2.515800e-002
3.876864e+003;2.522906e-002
3.877346e+003;2.527250e-002
3.877828e+003;2.528869e-002
3.878310e+003;2.528544e-002
3.878792e+003;2.527240e-002
3.879274e+003;2.526198e-002
3.879757e+003;2.526185e-002
3.880239e+003;2.527700e-002
3.880721e+003;2.530311e-002
3.881203e+003;2.533354e-002
3.881685e+003;2.536019e-002
3.882167e+003;2.537705e-002
3.882649e+003;2.538333e-002
3.883132e+003;2.538610e-002
3.883614e+003;2.539369e-002
3.884096e+003;2.541474e-002
3.884578e+003;2.545265e-002
3.885060e+003;2.550169e-002
3.885542e+003;2.554877e-002
3.886024e+003;2.557808e-002
3.886506e+003;2.557419e-002
3.886989e+003;2.553304e-002
3.887471e+003;2.545879e-002
3.887953e+003;2.536557e-002
3.888435e+003;2.527442e-002
3.888917e+003;2.520326e-002
3.889399e+003;2.516139e-002
3.889881e+003;2.514907e-002
3.890364e+003;2.515493e-002
3.890846e+003;2.516342e-002
3.891328e+003;2.515842e-002
3.891810e+003;2.513065e-002
3.892292e+003;2.508127e-002
3.892774e+003;2.501932e-002
3.893256e+003;2.495787e-002
3.893739e+003;2.490859e-002
3.894221e+003;2.487671e-002
3.894703e+003;2.486198e-002
3.895185e+003;2.485536e-002
3.895667e+003;2.484888e-002
3.896149e+003;2.483610e-002
3.896631e+003;2.481795e-002
3.897114e+003;2.479967e-002
3.897596e+003;2.478976e-002
3.898078e+003;2.479584e-002
3.898560e+003;2.481910e-002
3.899042e+003;2.485560e-002
3.899524e+003;2.489590e-002
3.900006e+003;2.492941e-002
3.900489e+003;2.495046e-002
3.900970e+003;2.495997e-002
3.901453e+003;2.496450e-002
3.901935e+003;2.497572e-002
3.902417e+003;2.500321e-002
3.902899e+003;2.505158e-002
3.903381e+003;2.511926e-002
3.903863e+003;2.519693e-002
3.904345e+003;2.527186e-002
3.904828e+003;2.533067e-002
3.905310e+003;2.536479e-002
3.905792e+003;2.537016e-002
3.906274e+003;2.534767e-002
3.906756e+003;2.530389e-002
3.907238e+003;2.524801e-002
3.907720e+003;2.518936e-002
3.908203e+003;2.513911e-002
3.908685e+003;2.510501e-002
3.909167e+003;2.509457e-002
3.909649e+003;2.510897e-002
3.910131e+003;2.514704e-002
3.910613e+003;2.520078e-002
3.911095e+003;2.526123e-002
3.911578e+003;2.531710e-002
3.912060e+003;2.536048e-002
3.912542e+003;2.538768e-002
3.913024e+003;2.540134e-002
3.913506e+003;2.540684e-002
3.913988e+003;2.541234e-002
3.914470e+003;2.542390e-002
3.914953e+003;2.544599e-002
3.915435e+003;2.547823e-002
3.915917e+003;2.551850e-002
3.916399e+003;2.556077e-002
3.916881e+003;2.560212e-002
3.917363e+003;2.563716e-002
3.917845e+003;2.566378e-002
3.918327e+003;2.567932e-002
3.918810e+003;2.568222e-002
3.919292e+003;2.567193e-002
3.919774e+003;2.564991e-002
3.920256e+003;2.561917e-002
3.920738e+003;2.558659e-002
3.921220e+003;2.555794e-002
3.921702e+003;2.554117e-002
3.922185e+003;2.553982e-002
3.922667e+003;2.555589e-002
3.923149e+003;2.558701e-002
3.923631e+003;2.562856e-002
3.924113e+003;2.567500e-002
3.924595e+003;2.571908e-002
3.925077e+003;2.575446e-002
3.925560e+003;2.577532e-002
3.926042e+003;2.577663e-002
3.926524e+003;2.575629e-002
3.927006e+003;2.571414e-002
3.927488e+003;2.565547e-002
3.927970e+003;2.558926e-002
3.928452e+003;2.552673e-002
3.928935e+003;2.547820e-002
3.929417e+003;2.545119e-002
3.929899e+003;2.544665e-002
3.930381e+003;2.545942e-002
3.930863e+003;2.547960e-002
3.931345e+003;2.549806e-002
3.931827e+003;2.550595e-002
3.932310e+003;2.550312e-002
3.932792e+003;2.549130e-002
3.933274e+003;2.547723e-002
3.933756e+003;2.546699e-002
3.934238e+003;2.546456e-002
3.934720e+003;2.547032e-002
3.935202e+003;2.548086e-002
3.935684e+003;2.549139e-002
3.936167e+003;2.549756e-002
3.936649e+003;2.549578e-002
3.937131e+003;2.548566e-002
3.937613e+003;2.546760e-002
3.938095e+003;2.544158e-002
3.938577e+003;2.541145e-002
3.939059e+003;2.537998e-002
3.939542e+003;2.535036e-002
3.940024e+003;2.532790e-002
3.940506e+003;2.531668e-002
3.940988e+003;2.531978e-002
3.941470e+003;2.533534e-002
3.941952e+003;2.535859e-002
3.942434e+003;2.538264e-002
3.942917e+003;2.540245e-002
3.943399e+003;2.541351e-002
3.943881e+003;2.541927e-002
3.944363e+003;2.542423e-002
3.944845e+003;2.543729e-002
3.945327e+003;2.546389e-002
3.945809e+003;2.550654e-002
3.946292e+003;2.556155e-002
3.946774e+003;2.562122e-002
3.947256e+003;2.567533e-002
3.947738e+003;2.571352e-002
3.948220e+003;2.572848e-002
3.948702e+003;2.571568e-002
3.949184e+003;2.567566e-002
3.949667e+003;2.561051e-002
3.950148e+003;2.552781e-002
3.950631e+003;2.543647e-002
3.951113e+003;2.534670e-002
3.951595e+003;2.527126e-002
3.952077e+003;2.521986e-002
3.952559e+003;2.519769e-002
3.953041e+003;2.520435e-002
3.953523e+003;2.523228e-002
3.954006e+003;2.527152e-002
3.954488e+003;2.531144e-002
3.954970e+003;2.534391e-002
3.955452e+003;2.536815e-002
3.955934e+003;2.538867e-002
3.956416e+003;2.541252e-002
3.956898e+003;2.544542e-002
3.957381e+003;2.548911e-002
3.957863e+003;2.553800e-002
3.958345e+003;2.558331e-002
3.958827e+003;2.561545e-002
3.959309e+003;2.562670e-002
3.959791e+003;2.561610e-002
3.960273e+003;2.558739e-002
3.960756e+003;2.554841e-002
3.961238e+003;2.550796e-002
3.961720e+003;2.547136e-002
3.962202e+003;2.544222e-002
3.962684e+003;2.542040e-002
3.963166e+003;2.540523e-002
3.963648e+003;2.539713e-002
3.964130e+003;2.539702e-002
3.964613e+003;2.540650e-002
3.965095e+003;2.542599e-002
3.965577e+003;2.545403e-002
3.966059e+003;2.548593e-002
3.966541e+003;2.551437e-002
3.967023e+003;2.553321e-002
3.967505e+003;2.553524e-002
3.967988e+003;2.551793e-002
3.968470e+003;2.547953e-002
3.968952e+003;2.542283e-002
3.969434e+003;2.535225e-002
3.969916e+003;2.527430e-002
3.970398e+003;2.519727e-002
3.970880e+003;2.513184e-002
3.971363e+003;2.508509e-002
3.971845e+003;2.506464e-002
3.972327e+003;2.507168e-002
3.972809e+003;2.510451e-002
3.973291e+003;2.515552e-002
3.973773e+003;2.521628e-002
3.974255e+003;2.527934e-002
3.974738e+003;2.533801e-002
3.975220e+003;2.538853e-002
3.975702e+003;2.542944e-002
3.976184e+003;2.545739e-002
3.976666e+003;2.546930e-002
3.977148e+003;2.546143e-002
3.977630e+003;2.543068e-002
3.978113e+003;2.537945e-002
3.978594e+003;2.531470e-002
3.979077e+003;2.525087e-002
3.979559e+003;2.520189e-002
3.980041e+003;2.518019e-002
3.980523e+003;2.519166e-002
3.981005e+003;2.523153e-002
3.981487e+003;2.528679e-002
3.981969e+003;2.534046e-002
3.982452e+003;2.537620e-002
3.982934e+003;2.538356e-002
3.983416e+003;2.535998e-002
3.983898e+003;2.531108e-002
3.984380e+003;2.524675e-002
3.984862e+003;2.517760e-002
3.985344e+003;2.511231e-002
3.985827e+003;2.505733e-002
3.986309e+003;2.501547e-002
3.986791e+003;2.498767e-002
3.987273e+003;2.497407e-002
3.987755e+003;2.497374e-002
3.988237e+003;2.498641e-002
3.988719e+003;2.500995e-002
3.989202e+003;2.504167e-002
3.989684e+003;2.508010e-002
3.990166e+003;2.512338e-002
3.990648e+003;2.517270e-002
3.991130e+003;2.522807e-002
3.991612e+003;2.529017e-002
3.992094e+003;2.535724e-002
3.992577e+003;2.542434e-002
3.993059e+003;2.548554e-002
3.993541e+003;2.553468e-002
3.994023e+003;2.556691e-002
3.994505e+003;2.557966e-002
3.994987e+003;2.557536e-002
3.995469e+003;2.555709e-002
3.995951e+003;2.552859e-002
3.996434e+003;2.549150e-002
3.996916e+003;2.544753e-002
3.997398e+003;2.539563e-002
3.997880e+003;2.533727e-002
3.998362e+003;2.527338e-002
3.998844e+003;2.520773e-002
3.999326e+003;2.514408e-002
3.999809e+003;2.508620e-002
