3.996916e+002;0.000000e+000
4.001737e+002;1.630201e-001
4.006559e+002;1.649068e-001
4.011380e+002;1.668078e-001
4.016201e+002;1.686398e-001
4.021023e+002;1.702138e-001
4.025844e+002;1.713574e-001
4.030666e+002;1.720246e-001
4.035487e+002;1.723445e-001
4.040308e+002;1.725209e-001
4.045130e+002;1.727006e-001
4.049951e+002;1.728669e-001
4.054772e+002;1.728439e-001
4.059594e+002;1.723861e-001
4.064415e+002;1.713536e-001
4.069236e+002;1.698113e-001
4.074058e+002;1.680523e-001
4.078879e+002;1.664804e-001
4.083701e+002;1.654748e-001
4.088522e+002;1.652762e-001
4.093343e+002;1.659302e-001
4.098165e+002;1.673028e-001
4.102986e+002;1.691431e-001
4.107807e+002;1.711558e-001
4.112629e+002;1.730829e-001
4.117450e+002;1.747143e-001
4.122271e+002;1.758911e-001
4.127093e+002;1.764895e-001
4.131914e+002;1.764459e-001
4.136736e+002;1.758018e-001
4.141557e+002;1.747443e-001
4.146378e+002;1.735787e-001
4.151200e+002;1.726503e-001
4.156021e+002;1.722253e-001
4.160843e+002;1.724084e-001
4.165664e+002;1.731059e-001
4.170485e+002;1.740726e-001
4.175307e+002;1.750140e-001
4.180128e+002;1.757218e-001
4.184949e+002;1.761483e-001
4.189771e+002;1.764149e-001
4.194592e+002;1.767175e-001
4.199413e+002;1.772109e-001
4.204235e+002;1.779245e-001
4.209056e+002;1.787618e-001
4.213878e+002;1.795587e-001
4.218699e+002;1.801910e-001
4.223520e+002;1.806369e-001
4.228342e+002;1.809928e-001
4.233163e+002;1.814025e-001
4.237984e+002;1.819688e-001
4.242806e+002;1.826812e-001
4.247627e+002;1.834074e-001
4.252448e+002;1.839507e-001
4.257270e+002;1.841563e-001
4.262091e+002;1.839959e-001
4.266913e+002;1.836013e-001
4.271734e+002;1.832084e-001
4.276555e+002;1.830602e-001
4.281377e+002;1.833050e-001
4.286198e+002;1.839433e-001
4.291020e+002;1.848300e-001
4.295841e+002;1.857414e-001
4.300662e+002;1.864584e-001
4.305484e+002;1.868482e-001
4.310305e+002;1.868933e-001
4.315126e+002;1.866745e-001
4.319948e+002;1.863202e-001
4.324769e+002;1.859567e-001
4.329590e+002;1.856781e-001
4.334412e+002;1.855447e-001
4.339233e+002;1.855860e-001
4.344055e+002;1.858162e-001
4.348876e+002;1.862309e-001
4.353697e+002;1.868031e-001
4.358519e+002;1.874759e-001
4.363340e+002;1.881729e-001
4.368161e+002;1.888171e-001
4.372983e+002;1.893662e-001
4.377804e+002;1.898282e-001
4.382625e+002;1.902643e-001
4.387447e+002;1.907546e-001
4.392268e+002;1.913571e-001
4.397090e+002;1.920705e-001
4.401911e+002;1.928179e-001
4.406732e+002;1.934679e-001
4.411554e+002;1.938791e-001
4.416375e+002;1.939519e-001
4.421196e+002;1.936693e-001
4.426018e+002;1.930985e-001
4.430839e+002;1.923682e-001
4.435660e+002;1.916245e-001
4.440482e+002;1.909943e-001
4.445303e+002;1.905614e-001
4.450125e+002;1.903668e-001
4.454946e+002;1.904148e-001
4.459767e+002;1.906897e-001
4.464589e+002;1.911629e-001
4.469410e+002;1.917958e-001
4.474232e+002;1.925353e-001
4.479053e+002;1.933127e-001
4.483874e+002;1.940460e-001
4.488696e+002;1.946531e-001
4.493517e+002;1.950633e-001
4.498338e+002;1.952344e-001
4.503160e+002;1.951605e-001
4.507981e+002;1.948798e-001
4.512802e+002;1.944741e-001
4.517624e+002;1.940688e-001
4.522445e+002;1.938166e-001
4.527267e+002;1.938765e-001
4.532088e+002;1.943704e-001
4.536909e+002;1.953467e-001
4.541731e+002;1.967470e-001
4.546552e+002;1.984011e-001
4.551373e+002;2.000539e-001
4.556195e+002;2.014250e-001
4.561016e+002;2.022859e-001
4.565837e+002;2.025332e-001
4.570659e+002;2.022193e-001
4.575480e+002;2.015340e-001
4.580302e+002;2.007313e-001
4.585123e+002;2.000474e-001
4.589944e+002;1.996323e-001
4.594766e+002;1.995291e-001
4.599587e+002;1.996870e-001
4.604409e+002;2.000100e-001
4.609230e+002;2.004008e-001
4.614051e+002;2.007960e-001
4.618873e+002;2.011703e-001
4.623694e+002;2.015250e-001
4.628515e+002;2.018633e-001
4.633337e+002;2.021791e-001
4.638158e+002;2.024566e-001
4.642979e+002;2.026828e-001
4.647801e+002;2.028595e-001
4.652622e+002;2.030062e-001
4.657444e+002;2.031474e-001
4.662265e+002;2.032987e-001
4.667086e+002;2.034544e-001
4.671908e+002;2.035907e-001
4.676729e+002;2.036815e-001
4.681550e+002;2.037222e-001
4.686372e+002;2.037403e-001
4.691193e+002;2.037952e-001
4.696014e+002;2.039554e-001
4.700836e+002;2.042732e-001
4.705657e+002;2.047633e-001
4.710479e+002;2.053991e-001
4.715300e+002;2.061257e-001
4.720121e+002;2.068829e-001
4.724943e+002;2.076229e-001
4.729764e+002;2.083206e-001
4.734586e+002;2.089623e-001
4.739407e+002;2.095349e-001
4.744228e+002;2.100149e-001
4.749050e+002;2.103740e-001
4.753871e+002;2.105934e-001
4.758692e+002;2.106845e-001
4.763514e+002;2.106935e-001
4.768335e+002;2.106919e-001
4.773156e+002;2.107491e-001
4.777978e+002;2.109070e-001
4.782799e+002;2.111637e-001
4.787621e+002;2.114811e-001
4.792442e+002;2.118069e-001
4.797263e+002;2.121065e-001
4.802085e+002;2.123750e-001
4.806906e+002;2.126380e-001
4.811727e+002;2.129246e-001
4.816549e+002;2.132434e-001
4.821370e+002;2.135667e-001
4.826191e+002;2.138400e-001
4.831013e+002;2.140121e-001
4.835834e+002;2.140723e-001
4.840656e+002;2.140675e-001
4.845477e+002;2.140983e-001
4.850298e+002;2.142792e-001
4.855120e+002;2.146946e-001
4.859941e+002;2.153620e-001
4.864763e+002;2.162244e-001
4.869584e+002;2.171724e-001
4.874405e+002;2.180879e-001
4.879227e+002;2.188850e-001
4.884048e+002;2.195341e-001
4.888869e+002;2.200528e-001
4.893691e+002;2.204786e-001
4.898512e+002;2.208354e-001
4.903333e+002;2.211165e-001
4.908155e+002;2.212943e-001
4.912976e+002;2.213473e-001
4.917798e+002;2.212873e-001
4.922619e+002;2.211733e-001
4.927440e+002;2.210963e-001
4.932262e+002;2.211459e-001
4.937083e+002;2.213744e-001
4.941904e+002;2.217733e-001
4.946726e+002;2.222780e-001
4.951547e+002;2.227979e-001
4.956368e+002;2.232524e-001
4.961190e+002;2.236059e-001
4.966011e+002;2.238769e-001
4.970833e+002;2.241268e-001
4.975654e+002;2.244287e-001
4.980475e+002;2.248386e-001
4.985297e+002;2.253760e-001
4.990118e+002;2.260237e-001
4.994940e+002;2.267344e-001
4.999761e+002;2.274503e-001
5.004582e+002;2.281137e-001
5.009404e+002;2.286734e-001
5.014225e+002;2.290907e-001
5.019046e+002;2.293425e-001
5.023868e+002;2.294295e-001
5.028689e+002;2.293844e-001
5.033510e+002;2.292702e-001
5.038332e+002;2.291704e-001
5.043153e+002;2.291644e-001
5.047975e+002;2.293049e-001
5.052796e+002;2.295977e-001
5.057617e+002;2.300008e-001
5.062439e+002;2.304400e-001
5.067260e+002;2.308379e-001
5.072081e+002;2.311414e-001
5.076903e+002;2.313384e-001
5.081724e+002;2.314553e-001
5.086545e+002;2.315380e-001
5.091367e+002;2.316311e-001
5.096188e+002;2.317590e-001
5.101010e+002;2.319245e-001
5.105831e+002;2.321180e-001
5.110652e+002;2.323313e-001
5.115474e+002;2.325687e-001
5.120295e+002;2.328470e-001
5.125117e+002;2.331861e-001
5.129938e+002;2.335954e-001
5.134760e+002;2.340659e-001
5.139581e+002;2.345692e-001
5.144402e+002;2.350691e-001
5.149224e+002;2.355312e-001
5.154045e+002;2.359365e-001
5.158866e+002;2.362789e-001
5.163688e+002;2.365621e-001
5.168509e+002;2.367921e-001
5.173330e+002;2.369720e-001
5.178152e+002;2.371049e-001
5.182973e+002;2.372010e-001
5.187794e+002;2.372804e-001
5.192616e+002;2.373736e-001
5.197437e+002;2.375103e-001
5.202258e+002;2.377088e-001
5.207080e+002;2.379630e-001
5.211901e+002;2.382443e-001
5.216722e+002;2.385089e-001
5.221544e+002;2.387171e-001
5.226365e+002;2.388483e-001
5.231187e+002;2.389110e-001
5.236008e+002;2.389377e-001
5.240829e+002;2.389739e-001
5.245651e+002;2.390610e-001
5.250472e+002;2.392253e-001
5.255294e+002;2.394737e-001
5.260115e+002;2.397983e-001
5.264937e+002;2.401818e-001
5.269758e+002;2.406048e-001
5.274579e+002;2.410466e-001
5.279401e+002;2.414844e-001
5.284222e+002;2.418911e-001
5.289043e+002;2.422391e-001
5.293865e+002;2.425051e-001
5.298686e+002;2.426807e-001
5.303507e+002;2.427753e-001
5.308329e+002;2.428173e-001
5.313150e+002;2.428409e-001
5.317971e+002;2.428783e-001
5.322793e+002;2.429465e-001
5.327614e+002;2.430471e-001
5.332435e+002;2.431717e-001
5.337257e+002;2.433135e-001
5.342078e+002;2.434746e-001
5.346899e+002;2.436694e-001
5.351721e+002;2.439172e-001
5.356542e+002;2.442318e-001
5.361364e+002;2.446104e-001
5.366185e+002;2.450317e-001
5.371006e+002;2.454595e-001
5.375828e+002;2.458580e-001
5.380649e+002;2.462023e-001
5.385471e+002;2.464876e-001
5.390292e+002;2.467262e-001
5.395114e+002;2.469393e-001
5.399935e+002;2.471450e-001
5.404756e+002;2.473495e-001
5.409578e+002;2.475456e-001
5.414399e+002;2.477193e-001
5.419220e+002;2.478552e-001
5.424042e+002;2.479472e-001
5.428863e+002;2.479994e-001
5.433684e+002;2.480272e-001
5.438506e+002;2.480511e-001
5.443327e+002;2.480938e-001
5.448148e+002;2.481749e-001
5.452970e+002;2.483087e-001
5.457791e+002;2.485002e-001
5.462612e+002;2.487431e-001
5.467434e+002;2.490171e-001
5.472255e+002;2.492915e-001
5.477076e+002;2.495309e-001
5.481898e+002;2.497058e-001
5.486719e+002;2.498032e-001
5.491541e+002;2.498342e-001
5.496362e+002;2.498292e-001
5.501183e+002;2.498300e-001
5.506005e+002;2.498724e-001
5.510826e+002;2.499740e-001
5.515648e+002;2.501298e-001
5.520469e+002;2.503164e-001
5.525291e+002;2.505048e-001
5.530112e+002;2.506762e-001
5.534933e+002;2.508283e-001
5.539755e+002;2.509752e-001
5.544576e+002;2.511355e-001
5.549397e+002;2.513217e-001
5.554219e+002;2.515298e-001
5.559040e+002;2.517403e-001
5.563861e+002;2.519282e-001
5.568683e+002;2.520759e-001
5.573504e+002;2.521807e-001
5.578325e+002;2.522580e-001
5.583147e+002;2.523313e-001
5.587968e+002;2.524207e-001
5.592789e+002;2.525322e-001
5.597611e+002;2.526576e-001
5.602432e+002;2.527783e-001
5.607253e+002;2.528800e-001
5.612075e+002;2.529595e-001
5.616896e+002;2.530289e-001
5.621718e+002;2.531090e-001
5.626539e+002;2.532178e-001
5.631360e+002;2.533616e-001
5.636182e+002;2.535298e-001
5.641003e+002;2.537007e-001
5.645825e+002;2.538509e-001
5.650646e+002;2.539645e-001
5.655468e+002;2.540396e-001
5.660289e+002;2.540838e-001
5.665110e+002;2.541095e-001
5.669932e+002;2.541260e-001
5.674753e+002;2.541369e-001
5.679574e+002;2.541421e-001
5.684396e+002;2.541455e-001
5.689217e+002;2.541575e-001
5.694038e+002;2.541957e-001
5.698860e+002;2.542779e-001
5.703681e+002;2.544143e-001
5.708502e+002;2.545995e-001
5.713324e+002;2.548126e-001
5.718145e+002;2.550223e-001
5.722966e+002;2.551997e-001
5.727787e+002;2.553256e-001
5.732609e+002;2.553985e-001
5.737430e+002;2.554308e-001
5.742252e+002;2.554423e-001
5.747073e+002;2.554520e-001
5.751895e+002;2.554724e-001
5.756716e+002;2.555085e-001
5.761537e+002;2.555618e-001
5.766359e+002;2.556320e-001
5.771180e+002;2.557206e-001
5.776002e+002;2.558264e-001
5.780823e+002;2.559459e-001
5.785644e+002;2.560687e-001
5.790466e+002;2.561816e-001
5.795287e+002;2.562723e-001
5.800108e+002;2.563349e-001
5.804930e+002;2.563729e-001
5.809751e+002;2.563973e-001
5.814572e+002;2.564201e-001
5.819394e+002;2.564489e-001
5.824215e+002;2.564825e-001
5.829036e+002;2.565137e-001
5.833858e+002;2.565330e-001
5.838679e+002;2.565381e-001
5.843500e+002;2.565345e-001
5.848322e+002;2.565342e-001
5.853143e+002;2.565481e-001
5.857964e+002;2.565794e-001
5.862786e+002;2.566195e-001
5.867607e+002;2.566522e-001
5.872429e+002;2.566622e-001
5.877250e+002;2.566454e-001
5.882072e+002;2.566128e-001
5.886893e+002;2.565900e-001
5.891714e+002;2.566040e-001
5.896536e+002;2.566740e-001
5.901357e+002;2.568007e-001
5.906179e+002;2.569665e-001
5.911000e+002;2.571432e-001
5.915821e+002;2.573042e-001
5.920643e+002;2.574347e-001
5.925464e+002;2.575350e-001
5.930285e+002;2.576157e-001
5.935107e+002;2.576895e-001
5.939928e+002;2.577609e-001
5.944749e+002;2.578246e-001
5.949571e+002;2.578686e-001
5.954392e+002;2.578830e-001
5.959213e+002;2.578673e-001
5.964035e+002;2.578341e-001
5.968856e+002;2.578034e-001
5.973677e+002;2.577950e-001
5.978499e+002;2.578197e-001
5.983320e+002;2.578742e-001
5.988141e+002;2.579438e-001
5.992963e+002;2.580098e-001
5.997784e+002;2.580558e-001
6.002606e+002;2.580747e-001
6.007427e+002;2.580661e-001
6.012249e+002;2.580355e-001
6.017070e+002;2.579871e-001
6.021891e+002;2.579240e-001
6.026713e+002;2.578495e-001
6.031534e+002;2.577699e-001
6.036356e+002;2.576980e-001
6.041177e+002;2.576507e-001
6.045998e+002;2.576437e-001
6.050820e+002;2.576848e-001
6.055641e+002;2.577687e-001
6.060462e+002;2.578775e-001
6.065284e+002;2.579862e-001
6.070105e+002;2.580728e-001
6.074926e+002;2.581238e-001
6.079748e+002;2.581391e-001
6.084569e+002;2.581277e-001
6.089390e+002;2.581012e-001
6.094212e+002;2.580677e-001
6.099033e+002;2.580289e-001
6.103854e+002;2.579820e-001
6.108676e+002;2.579248e-001
6.113497e+002;2.578604e-001
6.118318e+002;2.577986e-001
6.123140e+002;2.577511e-001
6.127961e+002;2.577274e-001
6.132783e+002;2.577286e-001
6.137604e+002;2.577459e-001
6.142426e+002;2.577652e-001
6.147247e+002;2.577740e-001
6.152068e+002;2.577660e-001
6.156890e+002;2.577454e-001
6.161711e+002;2.577222e-001
6.166533e+002;2.577083e-001
6.171354e+002;2.577111e-001
6.176175e+002;2.577320e-001
6.180997e+002;2.577661e-001
6.185818e+002;2.578091e-001
6.190639e+002;2.578583e-001
6.195461e+002;2.579147e-001
6.200282e+002;2.579790e-001
6.205103e+002;2.580487e-001
6.209925e+002;2.581143e-001
6.214746e+002;2.581618e-001
6.219567e+002;2.581778e-001
6.224388e+002;2.581569e-001
6.229210e+002;2.581053e-001
6.234031e+002;2.580415e-001
6.238853e+002;2.579871e-001
6.243674e+002;2.579601e-001
6.248495e+002;2.579659e-001
6.253317e+002;2.579956e-001
6.258138e+002;2.580307e-001
6.262960e+002;2.580513e-001
6.267781e+002;2.580449e-001
6.272603e+002;2.580113e-001
6.277424e+002;2.579598e-001
6.282245e+002;2.579039e-001
6.287067e+002;2.578539e-001
6.291888e+002;2.578125e-001
6.296709e+002;2.577753e-001
6.301531e+002;2.577358e-001
6.306352e+002;2.576899e-001
6.311173e+002;2.576400e-001
6.315995e+002;2.575929e-001
6.320816e+002;2.575555e-001
6.325637e+002;2.575305e-001
6.330459e+002;2.575131e-001
6.335280e+002;2.574928e-001
6.340101e+002;2.574587e-001
6.344923e+002;2.574049e-001
6.349744e+002;2.573340e-001
6.354565e+002;2.572549e-001
6.359387e+002;2.571802e-001
6.364208e+002;2.571191e-001
6.369030e+002;2.570741e-001
6.373851e+002;2.570412e-001
6.378672e+002;2.570122e-001
6.383494e+002;2.569800e-001
6.388315e+002;2.569422e-001
6.393137e+002;2.569010e-001
6.397958e+002;2.568618e-001
6.402780e+002;2.568295e-001
6.407601e+002;2.568066e-001
6.412422e+002;2.567909e-001
6.417244e+002;2.567792e-001
6.422065e+002;2.567674e-001
6.426886e+002;2.567527e-001
6.431708e+002;2.567342e-001
6.436529e+002;2.567119e-001
6.441350e+002;2.566849e-001
6.446172e+002;2.566521e-001
6.450993e+002;2.566119e-001
6.455814e+002;2.565645e-001
6.460636e+002;2.565120e-001
6.465457e+002;2.564585e-001
6.470278e+002;2.564059e-001
6.475100e+002;2.563548e-001
6.479921e+002;2.563010e-001
6.484742e+002;2.562382e-001
6.489564e+002;2.561599e-001
6.494385e+002;2.560638e-001
6.499207e+002;2.559528e-001
6.504028e+002;2.558340e-001
6.508849e+002;2.557167e-001
6.513671e+002;2.556082e-001
6.518492e+002;2.555116e-001
6.523314e+002;2.554266e-001
6.528135e+002;2.553503e-001
6.532957e+002;2.552813e-001
6.537778e+002;2.552203e-001
6.542599e+002;2.551707e-001
6.547421e+002;2.551347e-001
6.552242e+002;2.551123e-001
6.557063e+002;2.550992e-001
6.561885e+002;2.550884e-001
6.566706e+002;2.550732e-001
6.571527e+002;2.550511e-001
6.576349e+002;2.550237e-001
6.581170e+002;2.549968e-001
6.585991e+002;2.549739e-001
6.590813e+002;2.549551e-001
6.595634e+002;2.549330e-001
6.600455e+002;2.548963e-001
6.605277e+002;2.548340e-001
6.610098e+002;2.547403e-001
6.614919e+002;2.546183e-001
6.619741e+002;2.544788e-001
6.624562e+002;2.543355e-001
6.629384e+002;2.542004e-001
6.634205e+002;2.540783e-001
6.639026e+002;2.539677e-001
6.643848e+002;2.538615e-001
6.648669e+002;2.537545e-001
6.653491e+002;2.536439e-001
6.658312e+002;2.535324e-001
6.663134e+002;2.534254e-001
6.667955e+002;2.533266e-001
6.672776e+002;2.532360e-001
6.677598e+002;2.531489e-001
6.682419e+002;2.530584e-001
6.687240e+002;2.529595e-001
6.692062e+002;2.528512e-001
6.696883e+002;2.527382e-001
6.701704e+002;2.526262e-001
6.706526e+002;2.525206e-001
6.711347e+002;2.524220e-001
6.716168e+002;2.523265e-001
6.720990e+002;2.522286e-001
6.725811e+002;2.521241e-001
6.730632e+002;2.520135e-001
6.735454e+002;2.519014e-001
6.740275e+002;2.517949e-001
6.745096e+002;2.516993e-001
6.749918e+002;2.516159e-001
6.754739e+002;2.515412e-001
6.759561e+002;2.514677e-001
6.764382e+002;2.513894e-001
6.769203e+002;2.513022e-001
6.774025e+002;2.512061e-001
6.778846e+002;2.511025e-001
6.783668e+002;2.509925e-001
6.788489e+002;2.508752e-001
6.793311e+002;2.507476e-001
6.798132e+002;2.506071e-001
6.802953e+002;2.504545e-001
6.807775e+002;2.502936e-001
6.812596e+002;2.501323e-001
6.817417e+002;2.499778e-001
6.822239e+002;2.498338e-001
6.827060e+002;2.496993e-001
6.831881e+002;2.495680e-001
6.836703e+002;2.494329e-001
6.841524e+002;2.492887e-001
6.846345e+002;2.491355e-001
6.851167e+002;2.489782e-001
6.855988e+002;2.488236e-001
6.860809e+002;2.486772e-001
6.865631e+002;2.485402e-001
6.870452e+002;2.484092e-001
6.875273e+002;2.482786e-001
6.880095e+002;2.481444e-001
6.884916e+002;2.480046e-001
6.889738e+002;2.478618e-001
6.894559e+002;2.477205e-001
6.899380e+002;2.475839e-001
6.904202e+002;2.474529e-001
6.909023e+002;2.473259e-001
6.913845e+002;2.471994e-001
6.918666e+002;2.470714e-001
6.923488e+002;2.469413e-001
6.928309e+002;2.468098e-001
6.933130e+002;2.466761e-001
6.937952e+002;2.465380e-001
6.942773e+002;2.463896e-001
6.947594e+002;2.462250e-001
6.952416e+002;2.460412e-001
6.957237e+002;2.458410e-001
6.962058e+002;2.456329e-001
6.966880e+002;2.454287e-001
6.971701e+002;2.452388e-001
6.976522e+002;2.450670e-001
6.981344e+002;2.449091e-001
6.986165e+002;2.447555e-001
6.990986e+002;2.445946e-001
6.995808e+002;2.444201e-001
7.000629e+002;2.442325e-001
7.005450e+002;2.440396e-001
7.010272e+002;2.438524e-001
7.015093e+002;2.436794e-001
7.019915e+002;2.435232e-001
7.024736e+002;2.433798e-001
7.029557e+002;2.432410e-001
7.034379e+002;2.430989e-001
7.039200e+002;2.429488e-001
7.044022e+002;2.427906e-001
7.048843e+002;2.426259e-001
7.053665e+002;2.424563e-001
7.058486e+002;2.422801e-001
7.063307e+002;2.420933e-001
7.068129e+002;2.418922e-001
7.072950e+002;2.416770e-001
7.077771e+002;2.414533e-001
7.082593e+002;2.412320e-001
7.087414e+002;2.410241e-001
7.092235e+002;2.408375e-001
7.097057e+002;2.406718e-001
7.101878e+002;2.405198e-001
7.106699e+002;2.403694e-001
7.111521e+002;2.402094e-001
7.116342e+002;2.400323e-001
7.121163e+002;2.398377e-001
7.125985e+002;2.396299e-001
7.130806e+002;2.394145e-001
7.135627e+002;2.391956e-001
7.140449e+002;2.389746e-001
7.145270e+002;2.387504e-001
7.150092e+002;2.385227e-001
7.154913e+002;2.382936e-001
7.159734e+002;2.380679e-001
7.164556e+002;2.378504e-001
7.169377e+002;2.376450e-001
7.174199e+002;2.374499e-001
7.179020e+002;2.372594e-001
7.183842e+002;2.370659e-001
7.188663e+002;2.368621e-001
7.193484e+002;2.366448e-001
7.198306e+002;2.364153e-001
7.203127e+002;2.361778e-001
7.207948e+002;2.359374e-001
7.212770e+002;2.356979e-001
7.217591e+002;2.354617e-001
7.222412e+002;2.352296e-001
7.227234e+002;2.350051e-001
7.232055e+002;2.347925e-001
7.236876e+002;2.345970e-001
7.241698e+002;2.344218e-001
7.246519e+002;2.342650e-001
7.251340e+002;2.341187e-001
7.256162e+002;2.339703e-001
7.260983e+002;2.338068e-001
7.265804e+002;2.336187e-001
7.270626e+002;2.334032e-001
7.275447e+002;2.331643e-001
7.280269e+002;2.329097e-001
7.285090e+002;2.326473e-001
7.289911e+002;2.323824e-001
7.294733e+002;2.321166e-001
7.299554e+002;2.318502e-001
7.304376e+002;2.315842e-001
7.309197e+002;2.313228e-001
7.314019e+002;2.310723e-001
7.318840e+002;2.308386e-001
7.323661e+002;2.306240e-001
7.328483e+002;2.304249e-001
7.333304e+002;2.302336e-001
7.338125e+002;2.300404e-001
7.342947e+002;2.298394e-001
7.347768e+002;2.296302e-001
7.352589e+002;2.294183e-001
7.357411e+002;2.292111e-001
7.362232e+002;2.290137e-001
7.367053e+002;2.288246e-001
7.371875e+002;2.286352e-001
7.376696e+002;2.284328e-001
7.381517e+002;2.282061e-001
7.386339e+002;2.279495e-001
7.391160e+002;2.276654e-001
7.395981e+002;2.273631e-001
7.400803e+002;2.270548e-001
7.405624e+002;2.267507e-001
7.410446e+002;2.264564e-001
7.415267e+002;2.261734e-001
7.420089e+002;2.259009e-001
7.424910e+002;2.256379e-001
7.429731e+002;2.253857e-001
7.434553e+002;2.251460e-001
7.439374e+002;2.249199e-001
7.444196e+002;2.247045e-001
7.449017e+002;2.244931e-001
7.453838e+002;2.242761e-001
7.458660e+002;2.240451e-001
7.463481e+002;2.237955e-001
7.468302e+002;2.235290e-001
7.473124e+002;2.232533e-001
7.477945e+002;2.229775e-001
7.482766e+002;2.227097e-001
7.487588e+002;2.224541e-001
7.492409e+002;2.222100e-001
7.497230e+002;2.219729e-001
7.502052e+002;2.217371e-001
7.506873e+002;2.214984e-001
7.511694e+002;2.212538e-001
7.516516e+002;2.210022e-001
7.521337e+002;2.207427e-001
7.526158e+002;2.204746e-001
7.530980e+002;2.201971e-001
7.535801e+002;2.199107e-001
7.540623e+002;2.196177e-001
7.545444e+002;2.193223e-001
7.550266e+002;2.190295e-001
7.555087e+002;2.187438e-001
7.559908e+002;2.184675e-001
7.564730e+002;2.182007e-001
7.569551e+002;2.179416e-001
7.574373e+002;2.176888e-001
7.579194e+002;2.174413e-001
7.584015e+002;2.171995e-001
7.588837e+002;2.169641e-001
7.593658e+002;2.167344e-001
7.598479e+002;2.165071e-001
7.603301e+002;2.162770e-001
7.608122e+002;2.160374e-001
7.612943e+002;2.157837e-001
7.617765e+002;2.155136e-001
7.622586e+002;2.152288e-001
7.627407e+002;2.149335e-001
7.632229e+002;2.146329e-001
7.637050e+002;2.143309e-001
7.641871e+002;2.140299e-001
7.646693e+002;2.137306e-001
7.651514e+002;2.134328e-001
7.656335e+002;2.131366e-001
7.661157e+002;2.128425e-001
7.665978e+002;2.125513e-001
7.670800e+002;2.122631e-001
7.675621e+002;2.119772e-001
7.680443e+002;2.116932e-001
7.685264e+002;2.114108e-001
7.690085e+002;2.111313e-001
7.694907e+002;2.108565e-001
7.699728e+002;2.105880e-001
7.704550e+002;2.103252e-001
7.709371e+002;2.100636e-001
7.714192e+002;2.097964e-001
7.719014e+002;2.095159e-001
7.723835e+002;2.092172e-001
7.728656e+002;2.089016e-001
7.733478e+002;2.085758e-001
7.738299e+002;2.082509e-001
7.743120e+002;2.079373e-001
7.747942e+002;2.076411e-001
7.752763e+002;2.073606e-001
7.757584e+002;2.070879e-001
7.762406e+002;2.068113e-001
7.767227e+002;2.065203e-001
7.772048e+002;2.062099e-001
7.776870e+002;2.058819e-001
7.781691e+002;2.055431e-001
7.786512e+002;2.052027e-001
7.791334e+002;2.048679e-001
7.796155e+002;2.045425e-001
7.800977e+002;2.042259e-001
7.805798e+002;2.039153e-001
7.810620e+002;2.036074e-001
7.815441e+002;2.032995e-001
7.820262e+002;2.029901e-001
7.825084e+002;2.026776e-001
7.829905e+002;2.023598e-001
7.834727e+002;2.020338e-001
7.839548e+002;2.016976e-001
7.844369e+002;2.013513e-001
7.849191e+002;2.009984e-001
7.854012e+002;2.006456e-001
7.858833e+002;2.002996e-001
7.863655e+002;1.999663e-001
7.868476e+002;1.996475e-001
7.873297e+002;1.993413e-001
7.878119e+002;1.990436e-001
7.882940e+002;1.987500e-001
7.887761e+002;1.984583e-001
7.892583e+002;1.981680e-001
7.897404e+002;1.978797e-001
7.902225e+002;1.975923e-001
7.907047e+002;1.973024e-001
7.911868e+002;1.970043e-001
7.916689e+002;1.966915e-001
7.921511e+002;1.963609e-001
7.926332e+002;1.960136e-001
7.931154e+002;1.956555e-001
7.935975e+002;1.952958e-001
7.940797e+002;1.949418e-001
7.945618e+002;1.945974e-001
7.950439e+002;1.942609e-001
7.955261e+002;1.939271e-001
7.960082e+002;1.935906e-001
7.964904e+002;1.932488e-001
7.969725e+002;1.929039e-001
7.974546e+002;1.925617e-001
7.979368e+002;1.922293e-001
7.984189e+002;1.919106e-001
7.989010e+002;1.916053e-001
7.993832e+002;1.913080e-001
7.998653e+002;1.910112e-001
8.003474e+002;1.907084e-001
8.008296e+002;1.903968e-001
8.013117e+002;1.900776e-001
8.017938e+002;1.897556e-001
8.022760e+002;1.894359e-001
8.027581e+002;1.891219e-001
8.032402e+002;1.888148e-001
8.037224e+002;1.885131e-001
8.042045e+002;1.882146e-001
8.046866e+002;1.879170e-001
8.051688e+002;1.876188e-001
8.056509e+002;1.873184e-001
8.061331e+002;1.870144e-001
8.066152e+002;1.867047e-001
8.070974e+002;1.863873e-001
8.075795e+002;1.860618e-001
8.080616e+002;1.857300e-001
8.085438e+002;1.853969e-001
8.090259e+002;1.850682e-001
8.095081e+002;1.847495e-001
8.099902e+002;1.844435e-001
8.104723e+002;1.841487e-001
8.109545e+002;1.838606e-001
8.114366e+002;1.835731e-001
8.119187e+002;1.832798e-001
8.124009e+002;1.829774e-001
8.128830e+002;1.826652e-001
8.133651e+002;1.823444e-001
8.138473e+002;1.820171e-001
8.143294e+002;1.816850e-001
8.148115e+002;1.813489e-001
8.152937e+002;1.810090e-001
8.157758e+002;1.806652e-001
8.162579e+002;1.803187e-001
8.167401e+002;1.799711e-001
8.172222e+002;1.796249e-001
8.177043e+002;1.792817e-001
8.181865e+002;1.789420e-001
8.186686e+002;1.786049e-001
8.191508e+002;1.782686e-001
8.196329e+002;1.779305e-001
8.201151e+002;1.775887e-001
8.205972e+002;1.772415e-001
8.210793e+002;1.768877e-001
8.215615e+002;1.765267e-001
8.220436e+002;1.761592e-001
8.225258e+002;1.757867e-001
8.230079e+002;1.754121e-001
8.234900e+002;1.750390e-001
8.239722e+002;1.746716e-001
8.244543e+002;1.743124e-001
8.249364e+002;1.739624e-001
8.254186e+002;1.736205e-001
8.259007e+002;1.732832e-001
8.263828e+002;1.729470e-001
8.268650e+002;1.726089e-001
8.273471e+002;1.722670e-001
8.278292e+002;1.719211e-001
8.283114e+002;1.715715e-001
8.287935e+002;1.712182e-001
8.292756e+002;1.708607e-001
8.297578e+002;1.704979e-001
8.302399e+002;1.701292e-001
8.307220e+002;1.697560e-001
8.312042e+002;1.693809e-001
8.316863e+002;1.690091e-001
8.321685e+002;1.686454e-001
8.326506e+002;1.682933e-001
8.331328e+002;1.679534e-001
8.336149e+002;1.676232e-001
8.340970e+002;1.672984e-001
8.345792e+002;1.669738e-001
8.350613e+002;1.666450e-001
8.355435e+002;1.663098e-001
8.360256e+002;1.659678e-001
8.365077e+002;1.656200e-001
8.369899e+002;1.652681e-001
8.374720e+002;1.649139e-001
8.379541e+002;1.645589e-001
8.384363e+002;1.642050e-001
8.389184e+002;1.638538e-001
8.394005e+002;1.635065e-001
8.398827e+002;1.631633e-001
8.403648e+002;1.628229e-001
8.408469e+002;1.624823e-001
8.413291e+002;1.621383e-001
8.418112e+002;1.617879e-001
8.422933e+002;1.614303e-001
8.427755e+002;1.610670e-001
8.432576e+002;1.607020e-001
8.437397e+002;1.603396e-001
8.442219e+002;1.599829e-001
8.447040e+002;1.596326e-001
8.451862e+002;1.592870e-001
8.456683e+002;1.589420e-001
8.461505e+002;1.585944e-001
8.466326e+002;1.582422e-001
8.471147e+002;1.578861e-001
8.475969e+002;1.575288e-001
8.480790e+002;1.571743e-001
8.485612e+002;1.568258e-001
8.490433e+002;1.564849e-001
8.495254e+002;1.561515e-001
8.500076e+002;1.558241e-001
8.504897e+002;1.555013e-001
8.509718e+002;1.551822e-001
8.514540e+002;1.548666e-001
8.519361e+002;1.545547e-001
8.524182e+002;1.542465e-001
8.529004e+002;1.539413e-001
8.533825e+002;1.536365e-001
8.538646e+002;1.533291e-001
8.543468e+002;1.530152e-001
8.548289e+002;1.526914e-001
8.553110e+002;1.523549e-001
8.557932e+002;1.520050e-001
8.562753e+002;1.516425e-001
8.567574e+002;1.512705e-001
8.572396e+002;1.508950e-001
8.577217e+002;1.505228e-001
8.582039e+002;1.501608e-001
8.586860e+002;1.498148e-001
8.591682e+002;1.494870e-001
8.596503e+002;1.491757e-001
8.601324e+002;1.488751e-001
8.606146e+002;1.485775e-001
8.610967e+002;1.482741e-001
8.615789e+002;1.479595e-001
8.620610e+002;1.476313e-001
8.625431e+002;1.472915e-001
8.630253e+002;1.469450e-001
8.635074e+002;1.465985e-001
8.639895e+002;1.462576e-001
8.644717e+002;1.459264e-001
8.649538e+002;1.456063e-001
8.654359e+002;1.452967e-001
8.659181e+002;1.449953e-001
8.664002e+002;1.446992e-001
8.668823e+002;1.444046e-001
8.673645e+002;1.441075e-001
8.678466e+002;1.438033e-001
8.683287e+002;1.434882e-001
8.688109e+002;1.431594e-001
8.692930e+002;1.428164e-001
8.697751e+002;1.424610e-001
8.702573e+002;1.420972e-001
8.707394e+002;1.417306e-001
8.712216e+002;1.413667e-001
8.717037e+002;1.410095e-001
8.721859e+002;1.406607e-001
8.726680e+002;1.403206e-001
8.731501e+002;1.399871e-001
8.736323e+002;1.396578e-001
8.741144e+002;1.393305e-001
8.745966e+002;1.390037e-001
8.750787e+002;1.386768e-001
8.755608e+002;1.383498e-001
8.760430e+002;1.380237e-001
8.765251e+002;1.376990e-001
8.770072e+002;1.373765e-001
8.774894e+002;1.370557e-001
8.779715e+002;1.367365e-001
8.784536e+002;1.364168e-001
8.789358e+002;1.360946e-001
8.794179e+002;1.357677e-001
8.799000e+002;1.354351e-001
8.803822e+002;1.350974e-001
8.808643e+002;1.347566e-001
8.813464e+002;1.344163e-001
8.818286e+002;1.340802e-001
8.823107e+002;1.337506e-001
8.827928e+002;1.334284e-001
8.832750e+002;1.331123e-001
8.837571e+002;1.328000e-001
8.842393e+002;1.324895e-001
8.847214e+002;1.321806e-001
8.852036e+002;1.318744e-001
8.856857e+002;1.315733e-001
8.861678e+002;1.312802e-001
8.866500e+002;1.309956e-001
8.871321e+002;1.307188e-001
8.876143e+002;1.304467e-001
8.880964e+002;1.301757e-001
8.885785e+002;1.299032e-001
8.890607e+002;1.296287e-001
8.895428e+002;1.293538e-001
8.900249e+002;1.290810e-001
8.905071e+002;1.288128e-001
8.909892e+002;1.285501e-001
8.914713e+002;1.282913e-001
8.919535e+002;1.280334e-001
8.924356e+002;1.277731e-001
8.929177e+002;1.275084e-001
8.933999e+002;1.272394e-001
8.938820e+002;1.269684e-001
8.943641e+002;1.266986e-001
8.948463e+002;1.264331e-001
8.953284e+002;1.261733e-001
8.958105e+002;1.259184e-001
8.962927e+002;1.256667e-001
8.967748e+002;1.254152e-001
8.972570e+002;1.251620e-001
8.977391e+002;1.249066e-001
8.982213e+002;1.246494e-001
8.987034e+002;1.243918e-001
8.991855e+002;1.241352e-001
8.996677e+002;1.238805e-001
9.001498e+002;1.236280e-001
9.006320e+002;1.233774e-001
9.011141e+002;1.231283e-001
9.015962e+002;1.228803e-001
9.020784e+002;1.226329e-001
9.025605e+002;1.223854e-001
9.030426e+002;1.221366e-001
9.035248e+002;1.218852e-001
9.040069e+002;1.216300e-001
9.044890e+002;1.213706e-001
9.049712e+002;1.211077e-001
9.054533e+002;1.208441e-001
9.059354e+002;1.205839e-001
9.064176e+002;1.203312e-001
9.068997e+002;1.200901e-001
9.073818e+002;1.198624e-001
9.078640e+002;1.196474e-001
9.083461e+002;1.194419e-001
9.088282e+002;1.192406e-001
9.093104e+002;1.190384e-001
9.097925e+002;1.188307e-001
9.102747e+002;1.186156e-001
9.107568e+002;1.183937e-001
9.112390e+002;1.181681e-001
9.117211e+002;1.179434e-001
9.122032e+002;1.177236e-001
9.126854e+002;1.175120e-001
9.131675e+002;1.173093e-001
9.136496e+002;1.171148e-001
9.141318e+002;1.169262e-001
9.146139e+002;1.167412e-001
9.150960e+002;1.165591e-001
9.155782e+002;1.163804e-001
9.160603e+002;1.162073e-001
9.165424e+002;1.160423e-001
9.170246e+002;1.158876e-001
9.175067e+002;1.157432e-001
9.179888e+002;1.156074e-001
9.184710e+002;1.154759e-001
9.189531e+002;1.153435e-001
9.194352e+002;1.152055e-001
9.199174e+002;1.150577e-001
9.203995e+002;1.148981e-001
9.208817e+002;1.147268e-001
9.213638e+002;1.145455e-001
9.218459e+002;1.143574e-001
9.223281e+002;1.141654e-001
9.228102e+002;1.139722e-001
9.232924e+002;1.137797e-001
9.237745e+002;1.135878e-001
9.242567e+002;1.133959e-001
9.247388e+002;1.132015e-001
9.252209e+002;1.130026e-001
9.257031e+002;1.127972e-001
9.261852e+002;1.125847e-001
9.266673e+002;1.123666e-001
9.271495e+002;1.121454e-001
9.276316e+002;1.119251e-001
9.281137e+002;1.117085e-001
9.285959e+002;1.114978e-001
9.290780e+002;1.112930e-001
9.295601e+002;1.110919e-001
9.300423e+002;1.108918e-001
9.305244e+002;1.106895e-001
9.310065e+002;1.104836e-001
9.314887e+002;1.102738e-001
9.319708e+002;1.100614e-001
9.324529e+002;1.098488e-001
9.329351e+002;1.096382e-001
9.334172e+002;1.094309e-001
9.338994e+002;1.092271e-001
9.343815e+002;1.090269e-001
9.348636e+002;1.088298e-001
9.353458e+002;1.086354e-001
9.358279e+002;1.084446e-001
9.363101e+002;1.082575e-001
9.367922e+002;1.080746e-001
9.372744e+002;1.078952e-001
9.377565e+002;1.077184e-001
9.382386e+002;1.075427e-001
9.387208e+002;1.073668e-001
9.392029e+002;1.071903e-001
9.396850e+002;1.070143e-001
9.401672e+002;1.068401e-001
9.406493e+002;1.066699e-001
9.411314e+002;1.065047e-001
9.416136e+002;1.063454e-001
9.420957e+002;1.061908e-001
9.425778e+002;1.060393e-001
9.430600e+002;1.058885e-001
9.435421e+002;1.057359e-001
9.440242e+002;1.055800e-001
9.445064e+002;1.054203e-001
9.449885e+002;1.052572e-001
9.454706e+002;1.050925e-001
9.459528e+002;1.049285e-001
9.464349e+002;1.047681e-001
9.469171e+002;1.046131e-001
9.473992e+002;1.044650e-001
9.478813e+002;1.043234e-001
9.483635e+002;1.041863e-001
9.488456e+002;1.040512e-001
9.493278e+002;1.039150e-001
9.498099e+002;1.037761e-001
9.502921e+002;1.036339e-001
9.507742e+002;1.034902e-001
9.512563e+002;1.033476e-001
9.517385e+002;1.032094e-001
9.522206e+002;1.030772e-001
9.527027e+002;1.029511e-001
9.531849e+002;1.028290e-001
9.536670e+002;1.027079e-001
9.541491e+002;1.025852e-001
9.546313e+002;1.024593e-001
9.551134e+002;1.023317e-001
9.555955e+002;1.022057e-001
9.560777e+002;1.020861e-001
9.565598e+002;1.019775e-001
9.570419e+002;1.018824e-001
9.575241e+002;1.018010e-001
9.580062e+002;1.017314e-001
9.584883e+002;1.016696e-001
9.589705e+002;1.016120e-001
9.594526e+002;1.015559e-001
9.599348e+002;1.015002e-001
9.604169e+002;1.014458e-001
9.608990e+002;1.013940e-001
9.613812e+002;1.013466e-001
9.618633e+002;1.013042e-001
9.623455e+002;1.012663e-001
9.628276e+002;1.012310e-001
9.633098e+002;1.011960e-001
9.637919e+002;1.011590e-001
9.642740e+002;1.011184e-001
9.647562e+002;1.010737e-001
9.652383e+002;1.010255e-001
9.657204e+002;1.009754e-001
9.662026e+002;1.009249e-001
9.666847e+002;1.008756e-001
9.671668e+002;1.008282e-001
9.676490e+002;1.007823e-001
9.681311e+002;1.007366e-001
9.686132e+002;1.006893e-001
9.690954e+002;1.006380e-001
9.695775e+002;1.005821e-001
9.700596e+002;1.005219e-001
9.705418e+002;1.004596e-001
9.710239e+002;1.003990e-001
9.715060e+002;1.003448e-001
9.719882e+002;1.003013e-001
9.724703e+002;1.002715e-001
9.729525e+002;1.002566e-001
9.734346e+002;1.002556e-001
9.739167e+002;1.002663e-001
9.743989e+002;1.002860e-001
9.748810e+002;1.003130e-001
9.753632e+002;1.003460e-001
9.758453e+002;1.003853e-001
9.763275e+002;1.004317e-001
9.768096e+002;1.004854e-001
9.772917e+002;1.005458e-001
9.777739e+002;1.006108e-001
9.782560e+002;1.006784e-001
9.787381e+002;1.007460e-001
9.792203e+002;1.008126e-001
9.797024e+002;1.008788e-001
9.801845e+002;1.009463e-001
9.806667e+002;1.010180e-001
9.811488e+002;1.010970e-001
9.816309e+002;1.011850e-001
9.821131e+002;1.012835e-001
9.825952e+002;1.013923e-001
9.830773e+002;1.015110e-001
9.835595e+002;1.016391e-001
9.840416e+002;1.017765e-001
9.845237e+002;1.019225e-001
9.850059e+002;1.020768e-001
9.854880e+002;1.022379e-001
9.859702e+002;1.024034e-001
9.864523e+002;1.025702e-001
9.869344e+002;1.027353e-001
9.874166e+002;1.028959e-001
9.878987e+002;1.030511e-001
9.883809e+002;1.032003e-001
9.888630e+002;1.033445e-001
9.893452e+002;1.034843e-001
9.898273e+002;1.036201e-001
9.903094e+002;1.037509e-001
9.907916e+002;1.038747e-001
9.912737e+002;1.039886e-001
9.917558e+002;1.040892e-001
9.922380e+002;1.041734e-001
9.927201e+002;1.042389e-001
9.932022e+002;1.042835e-001
9.936844e+002;1.043067e-001
9.941665e+002;1.043085e-001
9.946486e+002;1.042909e-001
9.951308e+002;1.042564e-001
9.956129e+002;1.042095e-001
9.960950e+002;1.041556e-001
9.965772e+002;1.041001e-001
9.970593e+002;1.040481e-001
9.975414e+002;1.040033e-001
9.980236e+002;1.039674e-001
9.985057e+002;1.039406e-001
9.989879e+002;1.039216e-001
9.994700e+002;1.039082e-001
9.999521e+002;1.038983e-001
1.000434e+003;1.038896e-001
1.000916e+003;1.038799e-001
1.001399e+003;1.038676e-001
1.001881e+003;1.038508e-001
1.002363e+003;1.038285e-001
1.002845e+003;1.038001e-001
1.003327e+003;1.037661e-001
1.003809e+003;1.037284e-001
1.004291e+003;1.036901e-001
1.004773e+003;1.036543e-001
1.005256e+003;1.036245e-001
1.005738e+003;1.036029e-001
1.006220e+003;1.035912e-001
1.006702e+003;1.035900e-001
1.007184e+003;1.035995e-001
1.007666e+003;1.036201e-001
1.008148e+003;1.036525e-001
1.008631e+003;1.036975e-001
1.009113e+003;1.037561e-001
1.009595e+003;1.038293e-001
1.010077e+003;1.039174e-001
1.010559e+003;1.040198e-001
1.011041e+003;1.041351e-001
1.011523e+003;1.042610e-001
1.012006e+003;1.043947e-001
1.012488e+003;1.045317e-001
1.012970e+003;1.046676e-001
1.013452e+003;1.047974e-001
1.013934e+003;1.049170e-001
1.014416e+003;1.050234e-001
1.014898e+003;1.051160e-001
1.015381e+003;1.051968e-001
1.015863e+003;1.052696e-001
1.016345e+003;1.053388e-001
1.016827e+003;1.054085e-001
1.017309e+003;1.054809e-001
1.017791e+003;1.055556e-001
1.018273e+003;1.056295e-001
1.018755e+003;1.056988e-001
1.019238e+003;1.057596e-001
1.019720e+003;1.058093e-001
1.020202e+003;1.058474e-001
1.020684e+003;1.058761e-001
1.021166e+003;1.058992e-001
1.021648e+003;1.059215e-001
1.022130e+003;1.059481e-001
1.022613e+003;1.059836e-001
1.023095e+003;1.060318e-001
1.023577e+003;1.060961e-001
1.024059e+003;1.061785e-001
1.024541e+003;1.062799e-001
1.025023e+003;1.064012e-001
1.025505e+003;1.065417e-001
1.025988e+003;1.067002e-001
1.026470e+003;1.068753e-001
1.026952e+003;1.070645e-001
1.027434e+003;1.072655e-001
1.027916e+003;1.074741e-001
1.028398e+003;1.076857e-001
1.028880e+003;1.078941e-001
1.029363e+003;1.080927e-001
1.029845e+003;1.082751e-001
1.030327e+003;1.084367e-001
1.030809e+003;1.085750e-001
1.031291e+003;1.086907e-001
1.031773e+003;1.087870e-001
1.032255e+003;1.088680e-001
1.032738e+003;1.089380e-001
1.033220e+003;1.090003e-001
1.033702e+003;1.090560e-001
1.034184e+003;1.091049e-001
1.034666e+003;1.091459e-001
1.035148e+003;1.091786e-001
1.035630e+003;1.092028e-001
1.036112e+003;1.092200e-001
1.036594e+003;1.092321e-001
1.037077e+003;1.092405e-001
1.037559e+003;1.092465e-001
1.038041e+003;1.092499e-001
1.038523e+003;1.092497e-001
1.039005e+003;1.092449e-001
1.039487e+003;1.092340e-001
1.039969e+003;1.092169e-001
1.040452e+003;1.091938e-001
1.040934e+003;1.091661e-001
1.041416e+003;1.091356e-001
1.041898e+003;1.091037e-001
1.042380e+003;1.090724e-001
1.042862e+003;1.090433e-001
1.043344e+003;1.090178e-001
1.043827e+003;1.089972e-001
1.044309e+003;1.089831e-001
1.044791e+003;1.089775e-001
1.045273e+003;1.089819e-001
1.045755e+003;1.089983e-001
1.046237e+003;1.090271e-001
1.046719e+003;1.090683e-001
1.047202e+003;1.091206e-001
1.047684e+003;1.091816e-001
1.048166e+003;1.092495e-001
1.048648e+003;1.093228e-001
1.049130e+003;1.094021e-001
1.049612e+003;1.094898e-001
1.050094e+003;1.095894e-001
1.050577e+003;1.097041e-001
1.051059e+003;1.098351e-001
1.051541e+003;1.099801e-001
1.052023e+003;1.101332e-001
1.052505e+003;1.102867e-001
1.052987e+003;1.104323e-001
1.053469e+003;1.105640e-001
1.053951e+003;1.106802e-001
1.054434e+003;1.107834e-001
1.054916e+003;1.108784e-001
1.055398e+003;1.109709e-001
1.055880e+003;1.110641e-001
1.056362e+003;1.111571e-001
1.056844e+003;1.112453e-001
1.057326e+003;1.113221e-001
1.057809e+003;1.113804e-001
1.058291e+003;1.114161e-001
1.058773e+003;1.114279e-001
1.059255e+003;1.114181e-001
1.059737e+003;1.113904e-001
1.060219e+003;1.113484e-001
1.060701e+003;1.112946e-001
1.061184e+003;1.112295e-001
1.061666e+003;1.111531e-001
1.062148e+003;1.110650e-001
1.062630e+003;1.109658e-001
1.063112e+003;1.108573e-001
1.063594e+003;1.107418e-001
1.064076e+003;1.106214e-001
1.064559e+003;1.104981e-001
1.065041e+003;1.103724e-001
1.065523e+003;1.102448e-001
1.066005e+003;1.101156e-001
1.066487e+003;1.099854e-001
1.066969e+003;1.098548e-001
1.067451e+003;1.097249e-001
1.067933e+003;1.095969e-001
1.068416e+003;1.094710e-001
1.068898e+003;1.093477e-001
1.069380e+003;1.092280e-001
1.069862e+003;1.091126e-001
1.070344e+003;1.090032e-001
1.070826e+003;1.089010e-001
1.071308e+003;1.088066e-001
1.071791e+003;1.087195e-001
1.072273e+003;1.086385e-001
1.072755e+003;1.085623e-001
1.073237e+003;1.084910e-001
1.073719e+003;1.084266e-001
1.074201e+003;1.083723e-001
1.074683e+003;1.083331e-001
1.075166e+003;1.083128e-001
1.075648e+003;1.083134e-001
1.076130e+003;1.083334e-001
1.076612e+003;1.083687e-001
1.077094e+003;1.084127e-001
1.077576e+003;1.084583e-001
1.078058e+003;1.084992e-001
1.078541e+003;1.085313e-001
1.079023e+003;1.085522e-001
1.079505e+003;1.085612e-001
1.079987e+003;1.085579e-001
1.080469e+003;1.085409e-001
1.080951e+003;1.085080e-001
1.081433e+003;1.084555e-001
1.081916e+003;1.083780e-001
1.082398e+003;1.082698e-001
1.082880e+003;1.081250e-001
1.083362e+003;1.079390e-001
1.083844e+003;1.077096e-001
1.084326e+003;1.074374e-001
1.084808e+003;1.071272e-001
1.085290e+003;1.067874e-001
1.085772e+003;1.064281e-001
1.086255e+003;1.060608e-001
1.086737e+003;1.056949e-001
1.087219e+003;1.053378e-001
1.087701e+003;1.049935e-001
1.088183e+003;1.046635e-001
1.088665e+003;1.043482e-001
1.089147e+003;1.040481e-001
1.089630e+003;1.037643e-001
1.090112e+003;1.034991e-001
1.090594e+003;1.032557e-001
1.091076e+003;1.030369e-001
1.091558e+003;1.028445e-001
1.092040e+003;1.026797e-001
1.092522e+003;1.025423e-001
1.093005e+003;1.024320e-001
1.093487e+003;1.023480e-001
1.093969e+003;1.022891e-001
1.094451e+003;1.022537e-001
1.094933e+003;1.022399e-001
1.095415e+003;1.022452e-001
1.095897e+003;1.022671e-001
1.096380e+003;1.023043e-001
1.096862e+003;1.023564e-001
1.097344e+003;1.024236e-001
1.097826e+003;1.025071e-001
1.098308e+003;1.026071e-001
1.098790e+003;1.027230e-001
1.099272e+003;1.028522e-001
1.099755e+003;1.029912e-001
1.100237e+003;1.031359e-001
1.100719e+003;1.032826e-001
1.101201e+003;1.034274e-001
1.101683e+003;1.035680e-001
1.102165e+003;1.037007e-001
1.102647e+003;1.038217e-001
1.103129e+003;1.039262e-001
1.103612e+003;1.040091e-001
1.104094e+003;1.040670e-001
1.104576e+003;1.040982e-001
1.105058e+003;1.041039e-001
1.105540e+003;1.040880e-001
1.106022e+003;1.040552e-001
1.106504e+003;1.040100e-001
1.106987e+003;1.039551e-001
1.107469e+003;1.038917e-001
1.107951e+003;1.038184e-001
1.108433e+003;1.037347e-001
1.108915e+003;1.036395e-001
1.109397e+003;1.035335e-001
1.109879e+003;1.034188e-001
1.110362e+003;1.032982e-001
1.110844e+003;1.031739e-001
1.111326e+003;1.030482e-001
1.111808e+003;1.029228e-001
1.112290e+003;1.027985e-001
1.112772e+003;1.026760e-001
1.113254e+003;1.025559e-001
1.113736e+003;1.024378e-001
1.114219e+003;1.023207e-001
1.114701e+003;1.022023e-001
1.115183e+003;1.020803e-001
1.115665e+003;1.019526e-001
1.116147e+003;1.018193e-001
1.116629e+003;1.016822e-001
1.117111e+003;1.015460e-001
1.117594e+003;1.014164e-001
1.118076e+003;1.012988e-001
1.118558e+003;1.011970e-001
1.119040e+003;1.011118e-001
1.119522e+003;1.010414e-001
1.120004e+003;1.009823e-001
1.120486e+003;1.009299e-001
1.120969e+003;1.008809e-001
1.121451e+003;1.008325e-001
1.121933e+003;1.007845e-001
1.122415e+003;1.007373e-001
1.122897e+003;1.006920e-001
1.123379e+003;1.006499e-001
1.123861e+003;1.006125e-001
1.124344e+003;1.005814e-001
1.124826e+003;1.005576e-001
1.125308e+003;1.005425e-001
1.125790e+003;1.005366e-001
1.126272e+003;1.005391e-001
1.126754e+003;1.005484e-001
1.127236e+003;1.005623e-001
1.127719e+003;1.005782e-001
1.128201e+003;1.005936e-001
1.128683e+003;1.006077e-001
1.129165e+003;1.006200e-001
1.129647e+003;1.006310e-001
1.130129e+003;1.006408e-001
1.130611e+003;1.006495e-001
1.131093e+003;1.006557e-001
1.131576e+003;1.006588e-001
1.132058e+003;1.006581e-001
1.132540e+003;1.006541e-001
1.133022e+003;1.006492e-001
1.133504e+003;1.006469e-001
1.133986e+003;1.006510e-001
1.134468e+003;1.006646e-001
1.134950e+003;1.006893e-001
1.135433e+003;1.007242e-001
1.135915e+003;1.007661e-001
1.136397e+003;1.008100e-001
1.136879e+003;1.008505e-001
1.137361e+003;1.008831e-001
1.137843e+003;1.009047e-001
1.138325e+003;1.009150e-001
1.138808e+003;1.009161e-001
1.139290e+003;1.009117e-001
1.139772e+003;1.009067e-001
1.140254e+003;1.009054e-001
1.140736e+003;1.009098e-001
1.141218e+003;1.009198e-001
1.141700e+003;1.009327e-001
1.142183e+003;1.009438e-001
1.142665e+003;1.009489e-001
1.143147e+003;1.009448e-001
1.143629e+003;1.009308e-001
1.144111e+003;1.009093e-001
1.144593e+003;1.008844e-001
1.145075e+003;1.008611e-001
1.145557e+003;1.008432e-001
1.146040e+003;1.008317e-001
1.146522e+003;1.008253e-001
1.147004e+003;1.008203e-001
1.147486e+003;1.008118e-001
1.147968e+003;1.007963e-001
1.148450e+003;1.007719e-001
1.148932e+003;1.007390e-001
1.149415e+003;1.007005e-001
1.149897e+003;1.006592e-001
1.150379e+003;1.006181e-001
1.150861e+003;1.005785e-001
1.151343e+003;1.005405e-001
1.151825e+003;1.005031e-001
1.152307e+003;1.004656e-001
1.152790e+003;1.004279e-001
1.153272e+003;1.003911e-001
1.153754e+003;1.003575e-001
1.154236e+003;1.003294e-001
1.154718e+003;1.003088e-001
1.155200e+003;1.002952e-001
1.155682e+003;1.002869e-001
1.156165e+003;1.002799e-001
1.156647e+003;1.002696e-001
1.157129e+003;1.002516e-001
1.157611e+003;1.002226e-001
1.158093e+003;1.001818e-001
1.158575e+003;1.001302e-001
1.159057e+003;1.000705e-001
1.159540e+003;1.000058e-001
1.160022e+003;9.993868e-002
1.160504e+003;9.987070e-002
1.160986e+003;9.980135e-002
1.161468e+003;9.972966e-002
1.161950e+003;9.965383e-002
1.162432e+003;9.957273e-002
1.162914e+003;9.948639e-002
1.163397e+003;9.939615e-002
1.163879e+003;9.930448e-002
1.164361e+003;9.921400e-002
1.164843e+003;9.912684e-002
1.165325e+003;9.904400e-002
1.165807e+003;9.896494e-002
1.166289e+003;9.888805e-002
1.166771e+003;9.881146e-002
1.167254e+003;9.873339e-002
1.167736e+003;9.865358e-002
1.168218e+003;9.857280e-002
1.168700e+003;9.849329e-002
1.169182e+003;9.841770e-002
1.169664e+003;9.834865e-002
1.170146e+003;9.828788e-002
1.170629e+003;9.823576e-002
1.171111e+003;9.819148e-002
1.171593e+003;9.815305e-002
1.172075e+003;9.811820e-002
1.172557e+003;9.808473e-002
1.173039e+003;9.805147e-002
1.173521e+003;9.801829e-002
1.174004e+003;9.798643e-002
1.174486e+003;9.795764e-002
1.174968e+003;9.793411e-002
1.175450e+003;9.791802e-002
1.175932e+003;9.791055e-002
1.176414e+003;9.791221e-002
1.176896e+003;9.792286e-002
1.177379e+003;9.794155e-002
1.177861e+003;9.796766e-002
1.178343e+003;9.800008e-002
1.178825e+003;9.803838e-002
1.179307e+003;9.808218e-002
1.179789e+003;9.813046e-002
1.180271e+003;9.818227e-002
1.180754e+003;9.823550e-002
1.181236e+003;9.828800e-002
1.181718e+003;9.833725e-002
1.182200e+003;9.838127e-002
1.182682e+003;9.841949e-002
1.183164e+003;9.845195e-002
1.183646e+003;9.848008e-002
1.184128e+003;9.850577e-002
1.184611e+003;9.853101e-002
1.185093e+003;9.855686e-002
1.185575e+003;9.858368e-002
1.186057e+003;9.861106e-002
1.186539e+003;9.863789e-002
1.187021e+003;9.866314e-002
1.187503e+003;9.868638e-002
1.187986e+003;9.870766e-002
1.188468e+003;9.872781e-002
1.188950e+003;9.874771e-002
1.189432e+003;9.876868e-002
1.189914e+003;9.879100e-002
1.190396e+003;9.881528e-002
1.190878e+003;9.884148e-002
1.191361e+003;9.886987e-002
1.191843e+003;9.890003e-002
1.192325e+003;9.893236e-002
1.192807e+003;9.896665e-002
1.193289e+003;9.900276e-002
1.193771e+003;9.904008e-002
1.194253e+003;9.907785e-002
1.194735e+003;9.911543e-002
1.195218e+003;9.915257e-002
1.195700e+003;9.918875e-002
1.196182e+003;9.922445e-002
1.196664e+003;9.926030e-002
1.197146e+003;9.929714e-002
1.197628e+003;9.933516e-002
1.198110e+003;9.937465e-002
1.198593e+003;9.941583e-002
1.199075e+003;9.945868e-002
1.199557e+003;9.950349e-002
1.200039e+003;9.955060e-002
1.200521e+003;9.959979e-002
1.201003e+003;9.965059e-002
1.201485e+003;9.970108e-002
1.201968e+003;9.974920e-002
1.202450e+003;9.979235e-002
1.202932e+003;9.982827e-002
1.203414e+003;9.985583e-002
1.203896e+003;9.987540e-002
1.204378e+003;9.988923e-002
1.204860e+003;9.990007e-002
1.205343e+003;9.991124e-002
1.205825e+003;9.992490e-002
1.206307e+003;9.994233e-002
1.206789e+003;9.996364e-002
1.207271e+003;9.998767e-002
1.207753e+003;1.000133e-001
1.208235e+003;1.000392e-001
1.208718e+003;1.000654e-001
1.209200e+003;1.000920e-001
1.209682e+003;1.001194e-001
1.210164e+003;1.001482e-001
1.210646e+003;1.001790e-001
1.211128e+003;1.002116e-001
1.211610e+003;1.002459e-001
1.212092e+003;1.002815e-001
1.212575e+003;1.003181e-001
1.213057e+003;1.003547e-001
1.213539e+003;1.003904e-001
1.214021e+003;1.004241e-001
1.214503e+003;1.004554e-001
1.214985e+003;1.004845e-001
1.215467e+003;1.005125e-001
1.215949e+003;1.005417e-001
1.216432e+003;1.005751e-001
1.216914e+003;1.006147e-001
1.217396e+003;1.006621e-001
1.217878e+003;1.007164e-001
1.218360e+003;1.007755e-001
1.218842e+003;1.008360e-001
1.219324e+003;1.008942e-001
1.219807e+003;1.009475e-001
1.220289e+003;1.009954e-001
1.220771e+003;1.010386e-001
1.221253e+003;1.010796e-001
1.221735e+003;1.011213e-001
1.222217e+003;1.011664e-001
1.222699e+003;1.012163e-001
1.223182e+003;1.012711e-001
1.223664e+003;1.013304e-001
1.224146e+003;1.013929e-001
1.224628e+003;1.014575e-001
1.225110e+003;1.015238e-001
1.225592e+003;1.015910e-001
1.226074e+003;1.016591e-001
1.226557e+003;1.017281e-001
1.227039e+003;1.017980e-001
1.227521e+003;1.018684e-001
1.228003e+003;1.019394e-001
1.228485e+003;1.020105e-001
1.228967e+003;1.020808e-001
1.229449e+003;1.021497e-001
1.229932e+003;1.022165e-001
1.230414e+003;1.022804e-001
1.230896e+003;1.023419e-001
1.231378e+003;1.024015e-001
1.231860e+003;1.024613e-001
1.232342e+003;1.025228e-001
1.232824e+003;1.025883e-001
1.233306e+003;1.026584e-001
1.233789e+003;1.027329e-001
1.234271e+003;1.028102e-001
1.234753e+003;1.028877e-001
1.235235e+003;1.029631e-001
1.235717e+003;1.030352e-001
1.236199e+003;1.031031e-001
1.236681e+003;1.031681e-001
1.237164e+003;1.032315e-001
1.237646e+003;1.032954e-001
1.238128e+003;1.033610e-001
1.238610e+003;1.034291e-001
1.239092e+003;1.034995e-001
1.239574e+003;1.035727e-001
1.240056e+003;1.036480e-001
1.240539e+003;1.037261e-001
1.241021e+003;1.038069e-001
1.241503e+003;1.038913e-001
1.241985e+003;1.039790e-001
1.242467e+003;1.040691e-001
1.242949e+003;1.041602e-001
1.243431e+003;1.042506e-001
1.243913e+003;1.043381e-001
1.244396e+003;1.044211e-001
1.244878e+003;1.044989e-001
1.245360e+003;1.045717e-001
1.245842e+003;1.046401e-001
1.246324e+003;1.047064e-001
1.246806e+003;1.047720e-001
1.247288e+003;1.048393e-001
1.247771e+003;1.049095e-001
1.248253e+003;1.049829e-001
1.248735e+003;1.050588e-001
1.249217e+003;1.051357e-001
1.249699e+003;1.052114e-001
1.250181e+003;1.052841e-001
1.250663e+003;1.053532e-001
1.251146e+003;1.054194e-001
1.251628e+003;1.054839e-001
1.252110e+003;1.055496e-001
1.252592e+003;1.056189e-001
1.253074e+003;1.056933e-001
1.253556e+003;1.057729e-001
1.254038e+003;1.058568e-001
1.254521e+003;1.059425e-001
1.255003e+003;1.060280e-001
1.255485e+003;1.061108e-001
1.255967e+003;1.061898e-001
1.256449e+003;1.062645e-001
1.256931e+003;1.063352e-001
1.257413e+003;1.064027e-001
1.257896e+003;1.064684e-001
1.258378e+003;1.065338e-001
1.258860e+003;1.066005e-001
1.259342e+003;1.066703e-001
1.259824e+003;1.067439e-001
1.260306e+003;1.068206e-001
1.260788e+003;1.068982e-001
1.261270e+003;1.069731e-001
1.261753e+003;1.070400e-001
1.262235e+003;1.070944e-001
1.262717e+003;1.071328e-001
1.263199e+003;1.071543e-001
1.263681e+003;1.071608e-001
1.264163e+003;1.071560e-001
1.264645e+003;1.071454e-001
1.265127e+003;1.071334e-001
1.265610e+003;1.071237e-001
1.266092e+003;1.071181e-001
1.266574e+003;1.071169e-001
1.267056e+003;1.071194e-001
1.267538e+003;1.071246e-001
1.268020e+003;1.071318e-001
1.268502e+003;1.071408e-001
1.268985e+003;1.071515e-001
1.269467e+003;1.071639e-001
1.269949e+003;1.071781e-001
1.270431e+003;1.071938e-001
1.270913e+003;1.072104e-001
1.271395e+003;1.072279e-001
1.271877e+003;1.072458e-001
1.272360e+003;1.072642e-001
1.272842e+003;1.072829e-001
1.273324e+003;1.073019e-001
1.273806e+003;1.073216e-001
1.274288e+003;1.073424e-001
1.274770e+003;1.073651e-001
1.275252e+003;1.073904e-001
1.275734e+003;1.074188e-001
1.276217e+003;1.074505e-001
1.276699e+003;1.074851e-001
1.277181e+003;1.075213e-001
1.277663e+003;1.075579e-001
1.278145e+003;1.075933e-001
1.278627e+003;1.076268e-001
1.279109e+003;1.076580e-001
1.279592e+003;1.076876e-001
1.280074e+003;1.077162e-001
1.280556e+003;1.077445e-001
1.281038e+003;1.077727e-001
1.281520e+003;1.078005e-001
1.282002e+003;1.078280e-001
1.282484e+003;1.078547e-001
1.282967e+003;1.078814e-001
1.283449e+003;1.079089e-001
1.283931e+003;1.079380e-001
1.284413e+003;1.079693e-001
1.284895e+003;1.080027e-001
1.285377e+003;1.080368e-001
1.285859e+003;1.080700e-001
1.286342e+003;1.081005e-001
1.286824e+003;1.081278e-001
1.287306e+003;1.081520e-001
1.287788e+003;1.081750e-001
1.288270e+003;1.081982e-001
1.288752e+003;1.082234e-001
1.289234e+003;1.082512e-001
1.289717e+003;1.082806e-001
1.290199e+003;1.083098e-001
1.290681e+003;1.083369e-001
1.291163e+003;1.083602e-001
1.291645e+003;1.083799e-001
1.292127e+003;1.083979e-001
1.292609e+003;1.084167e-001
1.293091e+003;1.084394e-001
1.293573e+003;1.084686e-001
1.294056e+003;1.085052e-001
1.294538e+003;1.085485e-001
1.295020e+003;1.085966e-001
1.295502e+003;1.086469e-001
1.295984e+003;1.086975e-001
1.296466e+003;1.087473e-001
1.296948e+003;1.087961e-001
1.297431e+003;1.088455e-001
1.297913e+003;1.088966e-001
1.298395e+003;1.089507e-001
1.298877e+003;1.090077e-001
1.299359e+003;1.090666e-001
1.299841e+003;1.091257e-001
1.300323e+003;1.091836e-001
1.300806e+003;1.092386e-001
1.301288e+003;1.092911e-001
1.301770e+003;1.093418e-001
1.302252e+003;1.093929e-001
1.302734e+003;1.094465e-001
1.303216e+003;1.095041e-001
1.303698e+003;1.095665e-001
1.304181e+003;1.096328e-001
1.304663e+003;1.097019e-001
1.305145e+003;1.097717e-001
1.305627e+003;1.098402e-001
1.306109e+003;1.099063e-001
1.306591e+003;1.099692e-001
1.307073e+003;1.100289e-001
1.307556e+003;1.100855e-001
1.308038e+003;1.101396e-001
1.308520e+003;1.101919e-001
1.309002e+003;1.102433e-001
1.309484e+003;1.102942e-001
1.309966e+003;1.103460e-001
1.310448e+003;1.103992e-001
1.310930e+003;1.104544e-001
1.311413e+003;1.105118e-001
1.311895e+003;1.105711e-001
1.312377e+003;1.106316e-001
1.312859e+003;1.106932e-001
1.313341e+003;1.107551e-001
1.313823e+003;1.108176e-001
1.314305e+003;1.108811e-001
1.314788e+003;1.109456e-001
1.315270e+003;1.110114e-001
1.315752e+003;1.110785e-001
1.316234e+003;1.111459e-001
1.316716e+003;1.112124e-001
1.317198e+003;1.112770e-001
1.317680e+003;1.113386e-001
1.318163e+003;1.113963e-001
1.318645e+003;1.114498e-001
1.319127e+003;1.114991e-001
1.319609e+003;1.115442e-001
1.320091e+003;1.115855e-001
1.320573e+003;1.116237e-001
1.321055e+003;1.116599e-001
1.321538e+003;1.116952e-001
1.322020e+003;1.117309e-001
1.322502e+003;1.117688e-001
1.322984e+003;1.118092e-001
1.323466e+003;1.118530e-001
1.323948e+003;1.118997e-001
1.324430e+003;1.119486e-001
1.324912e+003;1.119986e-001
1.325395e+003;1.120486e-001
1.325877e+003;1.120971e-001
1.326359e+003;1.121434e-001
1.326841e+003;1.121870e-001
1.327323e+003;1.122280e-001
1.327805e+003;1.122671e-001
1.328287e+003;1.123063e-001
1.328770e+003;1.123478e-001
1.329252e+003;1.123947e-001
1.329734e+003;1.124494e-001
1.330216e+003;1.125133e-001
1.330698e+003;1.125861e-001
1.331180e+003;1.126653e-001
1.331662e+003;1.127467e-001
1.332145e+003;1.128258e-001
1.332627e+003;1.128980e-001
1.333109e+003;1.129609e-001
1.333591e+003;1.130140e-001
1.334073e+003;1.130590e-001
1.334555e+003;1.130989e-001
1.335037e+003;1.131373e-001
1.335520e+003;1.131772e-001
1.336002e+003;1.132201e-001
1.336484e+003;1.132669e-001
1.336966e+003;1.133172e-001
1.337448e+003;1.133703e-001
1.337930e+003;1.134261e-001
1.338412e+003;1.134839e-001
1.338895e+003;1.135434e-001
1.339377e+003;1.136044e-001
1.339859e+003;1.136660e-001
1.340341e+003;1.137270e-001
1.340823e+003;1.137859e-001
1.341305e+003;1.138417e-001
1.341787e+003;1.138936e-001
1.342269e+003;1.139417e-001
1.342751e+003;1.139865e-001
1.343234e+003;1.140286e-001
1.343716e+003;1.140693e-001
1.344198e+003;1.141094e-001
1.344680e+003;1.141493e-001
1.345162e+003;1.141892e-001
1.345644e+003;1.142292e-001
1.346126e+003;1.142685e-001
1.346609e+003;1.143066e-001
1.347091e+003;1.143433e-001
1.347573e+003;1.143776e-001
1.348055e+003;1.144098e-001
1.348537e+003;1.144399e-001
1.349019e+003;1.144687e-001
1.349501e+003;1.144971e-001
1.349984e+003;1.145258e-001
1.350466e+003;1.145556e-001
1.350948e+003;1.145862e-001
1.351430e+003;1.146180e-001
1.351912e+003;1.146502e-001
1.352394e+003;1.146824e-001
1.352876e+003;1.147147e-001
1.353359e+003;1.147470e-001
1.353841e+003;1.147799e-001
1.354323e+003;1.148135e-001
1.354805e+003;1.148481e-001
1.355287e+003;1.148838e-001
1.355769e+003;1.149208e-001
1.356251e+003;1.149588e-001
1.356734e+003;1.149974e-001
1.357216e+003;1.150370e-001
1.357698e+003;1.150770e-001
1.358180e+003;1.151172e-001
1.358662e+003;1.151571e-001
1.359144e+003;1.151966e-001
1.359626e+003;1.152356e-001
1.360108e+003;1.152747e-001
1.360591e+003;1.153149e-001
1.361073e+003;1.153577e-001
1.361555e+003;1.154039e-001
1.362037e+003;1.154533e-001
1.362519e+003;1.155045e-001
1.363001e+003;1.155553e-001
1.363483e+003;1.156025e-001
1.363966e+003;1.156431e-001
1.364448e+003;1.156755e-001
1.364930e+003;1.156997e-001
1.365412e+003;1.157170e-001
1.365894e+003;1.157301e-001
1.366376e+003;1.157419e-001
1.366858e+003;1.157548e-001
1.367341e+003;1.157705e-001
1.367823e+003;1.157892e-001
1.368305e+003;1.158106e-001
1.368787e+003;1.158334e-001
1.369269e+003;1.158565e-001
1.369751e+003;1.158787e-001
1.370233e+003;1.158993e-001
1.370716e+003;1.159179e-001
1.371198e+003;1.159341e-001
1.371680e+003;1.159481e-001
1.372162e+003;1.159596e-001
1.372644e+003;1.159691e-001
1.373126e+003;1.159764e-001
1.373608e+003;1.159818e-001
1.374090e+003;1.159855e-001
1.374573e+003;1.159882e-001
1.375055e+003;1.159900e-001
1.375537e+003;1.159919e-001
1.376019e+003;1.159942e-001
1.376501e+003;1.159969e-001
1.376983e+003;1.160001e-001
1.377465e+003;1.160024e-001
1.377948e+003;1.160027e-001
1.378430e+003;1.159998e-001
1.378912e+003;1.159931e-001
1.379394e+003;1.159835e-001
1.379876e+003;1.159727e-001
1.380358e+003;1.159639e-001
1.380840e+003;1.159596e-001
1.381323e+003;1.159616e-001
1.381805e+003;1.159694e-001
1.382287e+003;1.159814e-001
1.382769e+003;1.159947e-001
1.383251e+003;1.160060e-001
1.383733e+003;1.160142e-001
1.384215e+003;1.160199e-001
1.384698e+003;1.160258e-001
1.385180e+003;1.160363e-001
1.385662e+003;1.160554e-001
1.386144e+003;1.160853e-001
1.386626e+003;1.161258e-001
1.387108e+003;1.161739e-001
1.387590e+003;1.162248e-001
1.388073e+003;1.162736e-001
1.388555e+003;1.163158e-001
1.389037e+003;1.163488e-001
1.389519e+003;1.163723e-001
1.390001e+003;1.163880e-001
1.390483e+003;1.163985e-001
1.390965e+003;1.164075e-001
1.391447e+003;1.164183e-001
1.391929e+003;1.164347e-001
1.392412e+003;1.164590e-001
1.392894e+003;1.164930e-001
1.393376e+003;1.165367e-001
1.393858e+003;1.165886e-001
1.394340e+003;1.166456e-001
1.394822e+003;1.167045e-001
1.395304e+003;1.167616e-001
1.395787e+003;1.168153e-001
1.396269e+003;1.168660e-001
1.396751e+003;1.169151e-001
1.397233e+003;1.169659e-001
1.397715e+003;1.170214e-001
1.398197e+003;1.170830e-001
1.398679e+003;1.171504e-001
1.399162e+003;1.172218e-001
1.399644e+003;1.172944e-001
1.400126e+003;1.173653e-001
1.400608e+003;1.174323e-001
1.401090e+003;1.174952e-001
1.401572e+003;1.175555e-001
1.402054e+003;1.176150e-001
1.402537e+003;1.176763e-001
1.403019e+003;1.177417e-001
1.403501e+003;1.178129e-001
1.403983e+003;1.178905e-001
1.404465e+003;1.179746e-001
1.404947e+003;1.180639e-001
1.405429e+003;1.181567e-001
1.405911e+003;1.182502e-001
1.406394e+003;1.183411e-001
1.406876e+003;1.184268e-001
1.407358e+003;1.185055e-001
1.407840e+003;1.185765e-001
1.408322e+003;1.186408e-001
1.408804e+003;1.187008e-001
1.409286e+003;1.187599e-001
1.409769e+003;1.188210e-001
1.410251e+003;1.188866e-001
1.410733e+003;1.189579e-001
1.411215e+003;1.190346e-001
1.411697e+003;1.191156e-001
1.412179e+003;1.191990e-001
1.412661e+003;1.192828e-001
1.413144e+003;1.193646e-001
1.413626e+003;1.194425e-001
1.414108e+003;1.195146e-001
1.414590e+003;1.195799e-001
1.415072e+003;1.196379e-001
1.415554e+003;1.196892e-001
1.416036e+003;1.197362e-001
1.416519e+003;1.197818e-001
1.417001e+003;1.198299e-001
1.417483e+003;1.198838e-001
1.417965e+003;1.199455e-001
1.418447e+003;1.200146e-001
1.418929e+003;1.200886e-001
1.419411e+003;1.201626e-001
1.419894e+003;1.202310e-001
1.420376e+003;1.202892e-001
1.420858e+003;1.203356e-001
1.421340e+003;1.203702e-001
1.421822e+003;1.203971e-001
1.422304e+003;1.204209e-001
1.422786e+003;1.204479e-001
1.423268e+003;1.204822e-001
1.423750e+003;1.205258e-001
1.424233e+003;1.205786e-001
1.424715e+003;1.206376e-001
1.425197e+003;1.206991e-001
1.425679e+003;1.207599e-001
1.426161e+003;1.208174e-001
1.426643e+003;1.208712e-001
1.427125e+003;1.209217e-001
1.427608e+003;1.209703e-001
1.428090e+003;1.210180e-001
1.428572e+003;1.210654e-001
1.429054e+003;1.211127e-001
1.429536e+003;1.211597e-001
1.430018e+003;1.212069e-001
1.430500e+003;1.212546e-001
1.430983e+003;1.213030e-001
1.431465e+003;1.213518e-001
1.431947e+003;1.213997e-001
1.432429e+003;1.214448e-001
1.432911e+003;1.214846e-001
1.433393e+003;1.215183e-001
1.433875e+003;1.215470e-001
1.434358e+003;1.215741e-001
1.434840e+003;1.216046e-001
1.435322e+003;1.216430e-001
1.435804e+003;1.216922e-001
1.436286e+003;1.217512e-001
1.436768e+003;1.218155e-001
1.437250e+003;1.218782e-001
1.437732e+003;1.219324e-001
1.438215e+003;1.219739e-001
1.438697e+003;1.220022e-001
1.439179e+003;1.220209e-001
1.439661e+003;1.220357e-001
1.440143e+003;1.220527e-001
1.440625e+003;1.220759e-001
1.441107e+003;1.221069e-001
1.441590e+003;1.221433e-001
1.442072e+003;1.221820e-001
1.442554e+003;1.222189e-001
1.443036e+003;1.222516e-001
1.443518e+003;1.222797e-001
1.444000e+003;1.223040e-001
1.444482e+003;1.223270e-001
1.444965e+003;1.223510e-001
1.445447e+003;1.223773e-001
1.445929e+003;1.224073e-001
1.446411e+003;1.224414e-001
1.446893e+003;1.224788e-001
1.447375e+003;1.225189e-001
1.447857e+003;1.225608e-001
1.448340e+003;1.226031e-001
1.448822e+003;1.226452e-001
1.449304e+003;1.226870e-001
1.449786e+003;1.227294e-001
1.450268e+003;1.227744e-001
1.450750e+003;1.228229e-001
1.451232e+003;1.228759e-001
1.451715e+003;1.229325e-001
1.452197e+003;1.229899e-001
1.452679e+003;1.230449e-001
1.453161e+003;1.230947e-001
1.453643e+003;1.231389e-001
1.454125e+003;1.231800e-001
1.454607e+003;1.232235e-001
1.455089e+003;1.232744e-001
1.455572e+003;1.233368e-001
1.456054e+003;1.234100e-001
1.456536e+003;1.234886e-001
1.457018e+003;1.235629e-001
1.457500e+003;1.236229e-001
1.457982e+003;1.236600e-001
1.458464e+003;1.236711e-001
1.458947e+003;1.236577e-001
1.459429e+003;1.236251e-001
1.459911e+003;1.235798e-001
1.460393e+003;1.235276e-001
1.460875e+003;1.234724e-001
1.461357e+003;1.234159e-001
1.461839e+003;1.233595e-001
1.462322e+003;1.233048e-001
1.462804e+003;1.232547e-001
1.463286e+003;1.232135e-001
1.463768e+003;1.231844e-001
1.464250e+003;1.231693e-001
1.464732e+003;1.231668e-001
1.465214e+003;1.231732e-001
1.465697e+003;1.231825e-001
1.466179e+003;1.231888e-001
1.466661e+003;1.231876e-001
1.467143e+003;1.231767e-001
1.467625e+003;1.231551e-001
1.468107e+003;1.231237e-001
1.468589e+003;1.230837e-001
1.469072e+003;1.230370e-001
1.469553e+003;1.229863e-001
1.470036e+003;1.229357e-001
1.470518e+003;1.228906e-001
1.471000e+003;1.228566e-001
1.471482e+003;1.228383e-001
1.471964e+003;1.228377e-001
1.472446e+003;1.228527e-001
1.472928e+003;1.228779e-001
1.473411e+003;1.229065e-001
1.473893e+003;1.229321e-001
1.474375e+003;1.229506e-001
1.474857e+003;1.229620e-001
1.475339e+003;1.229690e-001
1.475821e+003;1.229750e-001
1.476303e+003;1.229834e-001
1.476786e+003;1.229960e-001
1.477268e+003;1.230127e-001
1.477750e+003;1.230327e-001
1.478232e+003;1.230559e-001
1.478714e+003;1.230829e-001
1.479196e+003;1.231157e-001
1.479678e+003;1.231567e-001
1.480161e+003;1.232062e-001
1.480643e+003;1.232631e-001
1.481125e+003;1.233233e-001
1.481607e+003;1.233820e-001
1.482089e+003;1.234345e-001
1.482571e+003;1.234786e-001
1.483053e+003;1.235141e-001
1.483536e+003;1.235447e-001
1.484018e+003;1.235742e-001
1.484500e+003;1.236072e-001
1.484982e+003;1.236462e-001
1.485464e+003;1.236922e-001
1.485946e+003;1.237449e-001
1.486428e+003;1.238026e-001
1.486910e+003;1.238647e-001
1.487393e+003;1.239315e-001
1.487875e+003;1.240036e-001
1.488357e+003;1.240833e-001
1.488839e+003;1.241709e-001
1.489321e+003;1.242666e-001
1.489803e+003;1.243678e-001
1.490285e+003;1.244707e-001
1.490768e+003;1.245695e-001
1.491250e+003;1.246596e-001
1.491732e+003;1.247360e-001
1.492214e+003;1.247974e-001
1.492696e+003;1.248451e-001
1.493178e+003;1.248838e-001
1.493660e+003;1.249218e-001
1.494143e+003;1.249677e-001
1.494625e+003;1.250294e-001
1.495107e+003;1.251122e-001
1.495589e+003;1.252165e-001
1.496071e+003;1.253378e-001
1.496553e+003;1.254681e-001
1.497035e+003;1.255984e-001
1.497518e+003;1.257204e-001
1.498000e+003;1.258303e-001
1.498482e+003;1.259280e-001
1.498964e+003;1.260168e-001
1.499446e+003;1.261013e-001
1.499928e+003;1.261852e-001
1.500410e+003;1.262696e-001
1.500893e+003;1.263532e-001
1.501375e+003;1.264329e-001
1.501857e+003;1.265055e-001
1.502339e+003;1.265699e-001
1.502821e+003;1.266287e-001
1.503303e+003;1.266870e-001
1.503785e+003;1.267528e-001
1.504267e+003;1.268341e-001
1.504750e+003;1.269371e-001
1.505232e+003;1.270639e-001
1.505714e+003;1.272120e-001
1.506196e+003;1.273738e-001
1.506678e+003;1.275393e-001
1.507160e+003;1.276982e-001
1.507642e+003;1.278435e-001
1.508125e+003;1.279720e-001
1.508607e+003;1.280857e-001
1.509089e+003;1.281901e-001
1.509571e+003;1.282926e-001
1.510053e+003;1.284002e-001
1.510535e+003;1.285169e-001
1.511017e+003;1.286434e-001
1.511500e+003;1.287770e-001
1.511982e+003;1.289120e-001
1.512464e+003;1.290433e-001
1.512946e+003;1.291672e-001
1.513428e+003;1.292836e-001
1.513910e+003;1.293955e-001
1.514392e+003;1.295086e-001
1.514875e+003;1.296287e-001
1.515357e+003;1.297597e-001
1.515839e+003;1.299017e-001
1.516321e+003;1.300511e-001
1.516803e+003;1.302014e-001
1.517285e+003;1.303463e-001
1.517767e+003;1.304821e-001
1.518250e+003;1.306093e-001
1.518731e+003;1.307329e-001
1.519214e+003;1.308614e-001
1.519696e+003;1.310031e-001
1.520178e+003;1.311634e-001
1.520660e+003;1.313436e-001
1.521142e+003;1.315382e-001
1.521624e+003;1.317380e-001
1.522106e+003;1.319325e-001
1.522589e+003;1.321139e-001
1.523071e+003;1.322792e-001
1.523553e+003;1.324311e-001
1.524035e+003;1.325762e-001
1.524517e+003;1.327228e-001
1.524999e+003;1.328778e-001
1.525481e+003;1.330452e-001
1.525964e+003;1.332245e-001
1.526446e+003;1.334126e-001
1.526928e+003;1.336045e-001
1.527410e+003;1.337955e-001
1.527892e+003;1.339823e-001
1.528374e+003;1.341625e-001
1.528856e+003;1.343358e-001
1.529339e+003;1.345019e-001
1.529821e+003;1.346623e-001
1.530303e+003;1.348181e-001
1.530785e+003;1.349735e-001
1.531267e+003;1.351334e-001
1.531749e+003;1.353034e-001
1.532231e+003;1.354882e-001
1.532714e+003;1.356893e-001
1.533196e+003;1.359046e-001
1.533678e+003;1.361268e-001
1.534160e+003;1.363465e-001
1.534642e+003;1.365553e-001
1.535124e+003;1.367476e-001
1.535606e+003;1.369247e-001
1.536088e+003;1.370932e-001
1.536571e+003;1.372642e-001
1.537053e+003;1.374491e-001
1.537535e+003;1.376578e-001
1.538017e+003;1.378955e-001
1.538499e+003;1.381618e-001
1.538981e+003;1.384515e-001
1.539463e+003;1.387559e-001
1.539946e+003;1.390662e-001
1.540428e+003;1.393750e-001
1.540910e+003;1.396765e-001
1.541392e+003;1.399681e-001
1.541874e+003;1.402488e-001
1.542356e+003;1.405197e-001
1.542838e+003;1.407830e-001
1.543321e+003;1.410418e-001
1.543803e+003;1.413006e-001
1.544285e+003;1.415621e-001
1.544767e+003;1.418275e-001
1.545249e+003;1.420962e-001
1.545731e+003;1.423655e-001
1.546213e+003;1.426325e-001
1.546696e+003;1.428948e-001
1.547178e+003;1.431531e-001
1.547660e+003;1.434098e-001
1.548142e+003;1.436696e-001
1.548624e+003;1.439362e-001
1.549106e+003;1.442122e-001
1.549588e+003;1.444974e-001
1.550071e+003;1.447896e-001
1.550552e+003;1.450863e-001
1.551035e+003;1.453860e-001
1.551517e+003;1.456887e-001
1.551999e+003;1.459963e-001
1.552481e+003;1.463099e-001
1.552963e+003;1.466288e-001
1.553445e+003;1.469487e-001
1.553927e+003;1.472624e-001
1.554410e+003;1.475629e-001
1.554892e+003;1.478452e-001
1.555374e+003;1.481104e-001
1.555856e+003;1.483660e-001
1.556338e+003;1.486260e-001
1.556820e+003;1.489065e-001
1.557302e+003;1.492230e-001
1.557785e+003;1.495856e-001
1.558267e+003;1.499946e-001
1.558749e+003;1.504414e-001
1.559231e+003;1.509091e-001
1.559713e+003;1.513779e-001
1.560195e+003;1.518300e-001
1.560677e+003;1.522547e-001
1.561160e+003;1.526491e-001
1.561642e+003;1.530187e-001
1.562124e+003;1.533737e-001
1.562606e+003;1.537270e-001
1.563088e+003;1.540900e-001
1.563570e+003;1.544708e-001
1.564052e+003;1.548723e-001
1.564535e+003;1.552927e-001
1.565017e+003;1.557260e-001
1.565499e+003;1.561659e-001
1.565981e+003;1.566061e-001
1.566463e+003;1.570444e-001
1.566945e+003;1.574819e-001
1.567427e+003;1.579234e-001
1.567909e+003;1.583750e-001
1.568392e+003;1.588425e-001
1.568874e+003;1.593295e-001
1.569356e+003;1.598361e-001
1.569838e+003;1.603587e-001
1.570320e+003;1.608909e-001
1.570802e+003;1.614247e-001
1.571284e+003;1.619537e-001
1.571767e+003;1.624736e-001
1.572249e+003;1.629844e-001
1.572731e+003;1.634906e-001
1.573213e+003;1.640010e-001
1.573695e+003;1.645270e-001
1.574177e+003;1.650798e-001
1.574659e+003;1.656674e-001
1.575142e+003;1.662921e-001
1.575624e+003;1.669475e-001
1.576106e+003;1.676216e-001
1.576588e+003;1.682986e-001
1.577070e+003;1.689645e-001
1.577552e+003;1.696114e-001
1.578034e+003;1.702400e-001
1.578517e+003;1.708580e-001
1.578999e+003;1.714771e-001
1.579481e+003;1.721092e-001
1.579963e+003;1.727619e-001
1.580445e+003;1.734378e-001
1.580927e+003;1.741346e-001
1.581409e+003;1.748482e-001
1.581892e+003;1.755751e-001
1.582374e+003;1.763142e-001
1.582856e+003;1.770675e-001
1.583338e+003;1.778380e-001
1.583820e+003;1.786269e-001
1.584302e+003;1.794335e-001
1.584784e+003;1.802542e-001
1.585266e+003;1.810840e-001
1.585749e+003;1.819193e-001
1.586231e+003;1.827598e-001
1.586713e+003;1.836082e-001
1.587195e+003;1.844686e-001
1.587677e+003;1.853454e-001
1.588159e+003;1.862398e-001
1.588641e+003;1.871508e-001
1.589124e+003;1.880754e-001
1.589606e+003;1.890113e-001
1.590088e+003;1.899583e-001
1.590570e+003;1.909197e-001
1.591052e+003;1.919007e-001
1.591534e+003;1.929062e-001
1.592016e+003;1.939380e-001
1.592499e+003;1.949954e-001
1.592981e+003;1.960737e-001
1.593463e+003;1.971674e-001
1.593945e+003;1.982728e-001
1.594427e+003;1.993886e-001
1.594909e+003;2.005163e-001
1.595391e+003;2.016586e-001
1.595874e+003;2.028179e-001
1.596356e+003;2.039946e-001
1.596838e+003;2.051871e-001
1.597320e+003;2.063930e-001
1.597802e+003;2.076107e-001
1.598284e+003;2.088409e-001
1.598766e+003;2.100860e-001
1.599249e+003;2.113485e-001
1.599730e+003;2.126305e-001
1.600213e+003;2.139326e-001
1.600695e+003;2.152532e-001
1.601177e+003;2.165906e-001
1.601659e+003;2.179436e-001
1.602141e+003;2.193131e-001
1.602623e+003;2.207009e-001
1.603105e+003;2.221095e-001
1.603588e+003;2.235392e-001
1.604070e+003;2.249886e-001
1.604552e+003;2.264540e-001
1.605034e+003;2.279313e-001
1.605516e+003;2.294174e-001
1.605998e+003;2.309117e-001
1.606480e+003;2.324147e-001
1.606963e+003;2.339285e-001
1.607445e+003;2.354537e-001
1.607927e+003;2.369898e-001
1.608409e+003;2.385346e-001
1.608891e+003;2.400861e-001
1.609373e+003;2.416441e-001
1.609855e+003;2.432096e-001
1.610338e+003;2.447846e-001
1.610820e+003;2.463698e-001
1.611302e+003;2.479621e-001
1.611784e+003;2.495550e-001
1.612266e+003;2.511408e-001
1.612748e+003;2.527123e-001
1.613230e+003;2.542695e-001
1.613713e+003;2.558187e-001
1.614195e+003;2.573733e-001
1.614677e+003;2.589497e-001
1.615159e+003;2.605595e-001
1.615641e+003;2.622061e-001
1.616123e+003;2.638808e-001
1.616605e+003;2.655644e-001
1.617087e+003;2.672324e-001
1.617570e+003;2.688635e-001
1.618052e+003;2.704440e-001
1.618534e+003;2.719712e-001
1.619016e+003;2.734503e-001
1.619498e+003;2.748921e-001
1.619980e+003;2.763075e-001
1.620462e+003;2.777051e-001
1.620945e+003;2.790899e-001
1.621427e+003;2.804641e-001
1.621909e+003;2.818258e-001
1.622391e+003;2.831726e-001
1.622873e+003;2.844983e-001
1.623355e+003;2.857957e-001
1.623837e+003;2.870559e-001
1.624320e+003;2.882711e-001
1.624802e+003;2.894365e-001
1.625284e+003;2.905511e-001
1.625766e+003;2.916196e-001
1.626248e+003;2.926481e-001
1.626730e+003;2.936421e-001
1.627212e+003;2.946035e-001
1.627695e+003;2.955281e-001
1.628177e+003;2.964080e-001
1.628659e+003;2.972340e-001
1.629141e+003;2.979991e-001
1.629623e+003;2.987009e-001
1.630105e+003;2.993413e-001
1.630587e+003;2.999254e-001
1.631070e+003;3.004580e-001
1.631552e+003;3.009409e-001
1.632034e+003;3.013745e-001
1.632516e+003;3.017586e-001
1.632998e+003;3.020961e-001
1.633480e+003;3.023922e-001
1.633962e+003;3.026563e-001
1.634444e+003;3.028950e-001
1.634927e+003;3.031114e-001
1.635409e+003;3.032997e-001
1.635891e+003;3.034461e-001
1.636373e+003;3.035339e-001
1.636855e+003;3.035484e-001
1.637337e+003;3.034817e-001
1.637819e+003;3.033358e-001
1.638302e+003;3.031201e-001
1.638784e+003;3.028460e-001
1.639266e+003;3.025239e-001
1.639748e+003;3.021592e-001
1.640230e+003;3.017519e-001
1.640712e+003;3.012994e-001
1.641194e+003;3.007992e-001
1.641677e+003;3.002512e-001
1.642159e+003;2.996587e-001
1.642641e+003;2.990270e-001
1.643123e+003;2.983611e-001
1.643605e+003;2.976643e-001
1.644087e+003;2.969387e-001
1.644569e+003;2.961856e-001
1.645052e+003;2.954060e-001
1.645534e+003;2.946025e-001
1.646016e+003;2.937759e-001
1.646498e+003;2.929256e-001
1.646980e+003;2.920464e-001
1.647462e+003;2.911312e-001
1.647944e+003;2.901709e-001
1.648427e+003;2.891607e-001
1.648908e+003;2.881014e-001
1.649391e+003;2.870021e-001
1.649873e+003;2.858768e-001
1.650355e+003;2.847422e-001
1.650837e+003;2.836131e-001
1.651319e+003;2.824982e-001
1.651801e+003;2.813981e-001
1.652283e+003;2.803060e-001
1.652766e+003;2.792096e-001
1.653248e+003;2.780961e-001
1.653730e+003;2.769541e-001
1.654212e+003;2.757787e-001
1.654694e+003;2.745678e-001
1.655176e+003;2.733237e-001
1.655658e+003;2.720506e-001
1.656141e+003;2.707551e-001
1.656623e+003;2.694429e-001
1.657105e+003;2.681205e-001
1.657587e+003;2.667926e-001
1.658069e+003;2.654615e-001
1.658551e+003;2.641254e-001
1.659033e+003;2.627808e-001
1.659516e+003;2.614238e-001
1.659998e+003;2.600526e-001
1.660480e+003;2.586687e-001
1.660962e+003;2.572777e-001
1.661444e+003;2.558862e-001
1.661926e+003;2.544999e-001
1.662408e+003;2.531205e-001
1.662891e+003;2.517443e-001
1.663373e+003;2.503640e-001
1.663855e+003;2.489722e-001
1.664337e+003;2.475636e-001
1.664819e+003;2.461381e-001
1.665301e+003;2.446996e-001
1.665783e+003;2.432551e-001
1.666265e+003;2.418115e-001
1.666748e+003;2.403736e-001
1.667230e+003;2.389441e-001
1.667712e+003;2.375232e-001
1.668194e+003;2.361098e-001
1.668676e+003;2.347035e-001
1.669158e+003;2.333024e-001
1.669640e+003;2.319050e-001
1.670123e+003;2.305072e-001
1.670605e+003;2.291044e-001
1.671087e+003;2.276925e-001
1.671569e+003;2.262693e-001
1.672051e+003;2.248368e-001
1.672533e+003;2.234002e-001
1.673015e+003;2.219669e-001
1.673498e+003;2.205439e-001
1.673980e+003;2.191339e-001
1.674462e+003;2.177355e-001
1.674944e+003;2.163432e-001
1.675426e+003;2.149505e-001
1.675908e+003;2.135522e-001
1.676390e+003;2.121478e-001
1.676873e+003;2.107401e-001
1.677355e+003;2.093347e-001
1.677837e+003;2.079361e-001
1.678319e+003;2.065464e-001
1.678801e+003;2.051642e-001
1.679283e+003;2.037859e-001
1.679765e+003;2.024070e-001
1.680248e+003;2.010253e-001
1.680729e+003;1.996407e-001
1.681212e+003;1.982564e-001
1.681694e+003;1.968769e-001
1.682176e+003;1.955070e-001
1.682658e+003;1.941500e-001
1.683140e+003;1.928087e-001
1.683622e+003;1.914834e-001
1.684104e+003;1.901725e-001
1.684587e+003;1.888729e-001
1.685069e+003;1.875805e-001
1.685551e+003;1.862905e-001
1.686033e+003;1.849993e-001
1.686515e+003;1.837059e-001
1.686997e+003;1.824121e-001
1.687479e+003;1.811227e-001
1.687962e+003;1.798439e-001
1.688444e+003;1.785816e-001
1.688926e+003;1.773382e-001
1.689408e+003;1.761115e-001
1.689890e+003;1.748954e-001
1.690372e+003;1.736809e-001
1.690854e+003;1.724602e-001
1.691337e+003;1.712295e-001
1.691819e+003;1.699908e-001
1.692301e+003;1.687505e-001
1.692783e+003;1.675186e-001
1.693265e+003;1.663051e-001
1.693747e+003;1.651170e-001
1.694229e+003;1.639575e-001
1.694712e+003;1.628245e-001
1.695194e+003;1.617112e-001
1.695676e+003;1.606085e-001
1.696158e+003;1.595075e-001
1.696640e+003;1.584024e-001
1.697122e+003;1.572919e-001
1.697604e+003;1.561805e-001
1.698086e+003;1.550770e-001
1.698569e+003;1.539932e-001
1.699051e+003;1.529392e-001
1.699533e+003;1.519203e-001
1.700015e+003;1.509345e-001
1.700497e+003;1.499716e-001
1.700979e+003;1.490162e-001
1.701461e+003;1.480527e-001
1.701944e+003;1.470722e-001
1.702426e+003;1.460741e-001
1.702908e+003;1.450663e-001
1.703390e+003;1.440621e-001
1.703872e+003;1.430747e-001
1.704354e+003;1.421140e-001
1.704836e+003;1.411823e-001
1.705319e+003;1.402757e-001
1.705801e+003;1.393867e-001
1.706283e+003;1.385078e-001
1.706765e+003;1.376350e-001
1.707247e+003;1.367678e-001
1.707729e+003;1.359082e-001
1.708211e+003;1.350588e-001
1.708694e+003;1.342194e-001
1.709176e+003;1.333888e-001
1.709658e+003;1.325653e-001
1.710140e+003;1.317486e-001
1.710622e+003;1.309408e-001
1.711104e+003;1.301462e-001
1.711586e+003;1.293682e-001
1.712069e+003;1.286072e-001
1.712551e+003;1.278602e-001
1.713033e+003;1.271204e-001
1.713515e+003;1.263811e-001
1.713997e+003;1.256401e-001
1.714479e+003;1.249002e-001
1.714961e+003;1.241703e-001
1.715443e+003;1.234618e-001
1.715926e+003;1.227840e-001
1.716408e+003;1.221400e-001
1.716890e+003;1.215260e-001
1.717372e+003;1.209313e-001
1.717854e+003;1.203446e-001
1.718336e+003;1.197564e-001
1.718818e+003;1.191620e-001
1.719301e+003;1.185625e-001
1.719783e+003;1.179620e-001
1.720265e+003;1.173649e-001
1.720747e+003;1.167745e-001
1.721229e+003;1.161917e-001
1.721711e+003;1.156171e-001
1.722193e+003;1.150513e-001
1.722676e+003;1.144958e-001
1.723158e+003;1.139520e-001
1.723640e+003;1.134202e-001
1.724122e+003;1.128988e-001
1.724604e+003;1.123841e-001
1.725086e+003;1.118726e-001
1.725568e+003;1.113618e-001
1.726051e+003;1.108532e-001
1.726533e+003;1.103510e-001
1.727015e+003;1.098593e-001
1.727497e+003;1.093824e-001
1.727979e+003;1.089191e-001
1.728461e+003;1.084651e-001
1.728943e+003;1.080133e-001
1.729426e+003;1.075575e-001
1.729907e+003;1.070954e-001
1.730390e+003;1.066300e-001
1.730872e+003;1.061697e-001
1.731354e+003;1.057257e-001
1.731836e+003;1.053083e-001
1.732318e+003;1.049248e-001
1.732800e+003;1.045764e-001
1.733282e+003;1.042587e-001
1.733765e+003;1.039616e-001
1.734247e+003;1.036721e-001
1.734729e+003;1.033764e-001
1.735211e+003;1.030632e-001
1.735693e+003;1.027268e-001
1.736175e+003;1.023678e-001
1.736657e+003;1.019934e-001
1.737140e+003;1.016156e-001
1.737622e+003;1.012472e-001
1.738104e+003;1.008970e-001
1.738586e+003;1.005656e-001
1.739068e+003;1.002446e-001
1.739550e+003;9.991766e-002
1.740032e+003;9.956791e-002
1.740515e+003;9.918528e-002
1.740997e+003;9.877311e-002
1.741479e+003;9.834880e-002
1.741961e+003;9.794001e-002
1.742443e+003;9.757569e-002
1.742925e+003;9.727643e-002
1.743407e+003;9.704760e-002
1.743890e+003;9.687742e-002
1.744372e+003;9.674131e-002
1.744854e+003;9.661120e-002
1.745336e+003;9.646338e-002
1.745818e+003;9.628521e-002
1.746300e+003;9.607586e-002
1.746782e+003;9.584266e-002
1.747264e+003;9.559564e-002
1.747747e+003;9.534302e-002
1.748229e+003;9.508967e-002
1.748711e+003;9.483768e-002
1.749193e+003;9.458806e-002
1.749675e+003;9.434460e-002
1.750157e+003;9.411129e-002
1.750639e+003;9.389263e-002
1.751122e+003;9.368903e-002
1.751604e+003;9.349606e-002
1.752086e+003;9.330571e-002
1.752568e+003;9.310941e-002
1.753050e+003;9.290171e-002
1.753532e+003;9.268290e-002
1.754014e+003;9.245913e-002
1.754497e+003;9.224022e-002
1.754979e+003;9.203385e-002
1.755461e+003;9.184371e-002
1.755943e+003;9.166708e-002
1.756425e+003;9.149708e-002
1.756907e+003;9.132461e-002
1.757389e+003;9.114368e-002
1.757872e+003;9.095232e-002
1.758354e+003;9.075315e-002
1.758836e+003;9.055173e-002
1.759318e+003;9.035382e-002
1.759800e+003;9.016315e-002
1.760282e+003;8.998195e-002
1.760764e+003;8.981025e-002
1.761247e+003;8.964737e-002
1.761729e+003;8.949223e-002
1.762211e+003;8.934340e-002
1.762693e+003;8.919805e-002
1.763175e+003;8.905208e-002
1.763657e+003;8.890145e-002
1.764139e+003;8.874286e-002
1.764621e+003;8.857638e-002
1.765104e+003;8.840508e-002
1.765586e+003;8.823513e-002
1.766068e+003;8.807286e-002
1.766550e+003;8.792201e-002
1.767032e+003;8.778182e-002
1.767514e+003;8.764727e-002
1.767996e+003;8.751123e-002
1.768479e+003;8.736701e-002
1.768961e+003;8.721292e-002
1.769443e+003;8.705224e-002
1.769925e+003;8.689325e-002
1.770407e+003;8.674533e-002
1.770889e+003;8.661585e-002
1.771371e+003;8.650734e-002
1.771854e+003;8.641691e-002
1.772336e+003;8.633733e-002
1.772818e+003;8.626024e-002
1.773300e+003;8.617808e-002
1.773782e+003;8.608708e-002
1.774264e+003;8.598631e-002
1.774746e+003;8.587807e-002
1.775229e+003;8.576478e-002
1.775711e+003;8.564932e-002
1.776193e+003;8.553377e-002
1.776675e+003;8.541978e-002
1.777157e+003;8.530847e-002
1.777639e+003;8.520065e-002
1.778121e+003;8.509592e-002
1.778604e+003;8.499330e-002
1.779085e+003;8.489097e-002
1.779568e+003;8.478742e-002
1.780050e+003;8.468207e-002
1.780532e+003;8.457619e-002
1.781014e+003;8.447237e-002
1.781496e+003;8.437464e-002
1.781978e+003;8.428594e-002
1.782460e+003;8.420692e-002
1.782943e+003;8.413612e-002
1.783425e+003;8.406994e-002
1.783907e+003;8.400326e-002
1.784389e+003;8.393209e-002
1.784871e+003;8.385472e-002
1.785353e+003;8.377159e-002
1.785835e+003;8.368484e-002
1.786318e+003;8.359787e-002
1.786800e+003;8.351243e-002
1.787282e+003;8.342998e-002
1.787764e+003;8.335033e-002
1.788246e+003;8.327301e-002
1.788728e+003;8.319715e-002
1.789210e+003;8.312352e-002
1.789693e+003;8.305260e-002
1.790175e+003;8.298608e-002
1.790657e+003;8.292492e-002
1.791139e+003;8.286974e-002
1.791621e+003;8.281960e-002
1.792103e+003;8.277253e-002
1.792585e+003;8.272671e-002
1.793067e+003;8.268031e-002
1.793550e+003;8.263242e-002
1.794032e+003;8.258333e-002
1.794514e+003;8.253374e-002
1.794996e+003;8.248443e-002
1.795478e+003;8.243582e-002
1.795960e+003;8.238714e-002
1.796442e+003;8.233701e-002
1.796925e+003;8.228323e-002
1.797407e+003;8.222476e-002
1.797889e+003;8.216164e-002
1.798371e+003;8.209571e-002
1.798853e+003;8.203078e-002
1.799335e+003;8.197079e-002
1.799817e+003;8.191971e-002
1.800300e+003;8.187866e-002
1.800782e+003;8.184673e-002
1.801264e+003;8.182085e-002
1.801746e+003;8.179730e-002
1.802228e+003;8.177324e-002
1.802710e+003;8.174704e-002
1.803192e+003;8.171911e-002
1.803675e+003;8.169007e-002
1.804157e+003;8.165982e-002
1.804639e+003;8.162716e-002
1.805121e+003;8.158837e-002
1.805603e+003;8.154032e-002
1.806085e+003;8.148084e-002
1.806567e+003;8.141055e-002
1.807050e+003;8.133303e-002
1.807531e+003;8.125497e-002
1.808014e+003;8.118337e-002
1.808496e+003;8.112388e-002
1.808978e+003;8.107906e-002
1.809460e+003;8.104894e-002
1.809942e+003;8.103066e-002
1.810424e+003;8.101992e-002
1.810906e+003;8.101223e-002
1.811389e+003;8.100359e-002
1.811871e+003;8.098935e-002
1.812353e+003;8.096612e-002
1.812835e+003;8.092993e-002
1.813317e+003;8.087870e-002
1.813799e+003;8.081295e-002
1.814281e+003;8.073705e-002
1.814764e+003;8.065765e-002
1.815246e+003;8.058314e-002
1.815728e+003;8.052119e-002
1.816210e+003;8.047685e-002
1.816692e+003;8.045062e-002
1.817174e+003;8.043971e-002
1.817656e+003;8.043931e-002
1.818139e+003;8.044518e-002
1.818621e+003;8.045456e-002
1.819103e+003;8.046689e-002
1.819585e+003;8.048161e-002
1.820067e+003;8.049699e-002
1.820549e+003;8.050929e-002
1.821031e+003;8.051457e-002
1.821514e+003;8.050844e-002
1.821996e+003;8.049057e-002
1.822478e+003;8.046300e-002
1.822960e+003;8.043261e-002
1.823442e+003;8.040553e-002
1.823924e+003;8.038606e-002
1.824406e+003;8.037379e-002
1.824888e+003;8.036458e-002
1.825371e+003;8.035146e-002
1.825853e+003;8.032924e-002
1.826335e+003;8.029568e-002
1.826817e+003;8.025350e-002
1.827299e+003;8.020919e-002
1.827781e+003;8.016978e-002
1.828263e+003;8.014026e-002
1.828746e+003;8.012118e-002
1.829228e+003;8.010992e-002
1.829710e+003;8.010159e-002
1.830192e+003;8.009084e-002
1.830674e+003;8.007499e-002
1.831156e+003;8.005266e-002
1.831638e+003;8.002561e-002
1.832121e+003;7.999513e-002
1.832603e+003;7.996286e-002
1.833085e+003;7.993004e-002
1.833567e+003;7.989760e-002
1.834049e+003;7.986755e-002
1.834531e+003;7.984245e-002
1.835013e+003;7.982460e-002
1.835496e+003;7.981619e-002
1.835978e+003;7.981623e-002
1.836460e+003;7.982355e-002
1.836942e+003;7.983530e-002
1.837424e+003;7.984810e-002
1.837906e+003;7.985977e-002
1.838388e+003;7.986785e-002
1.838871e+003;7.986934e-002
1.839353e+003;7.986078e-002
1.839835e+003;7.983786e-002
1.840317e+003;7.979840e-002
1.840799e+003;7.974329e-002
1.841281e+003;7.967966e-002
1.841763e+003;7.961928e-002
1.842245e+003;7.957762e-002
1.842728e+003;7.956748e-002
1.843210e+003;7.959620e-002
1.843692e+003;7.966034e-002
1.844174e+003;7.974806e-002
1.844656e+003;7.984043e-002
1.845138e+003;7.991964e-002
1.845620e+003;7.997236e-002
1.846103e+003;7.999352e-002
1.846585e+003;7.998568e-002
1.847067e+003;7.995640e-002
1.847549e+003;7.991307e-002
1.848031e+003;7.986251e-002
1.848513e+003;7.980736e-002
1.848995e+003;7.975078e-002
1.849478e+003;7.969489e-002
1.849960e+003;7.964471e-002
1.850442e+003;7.960659e-002
1.850924e+003;7.958643e-002
1.851406e+003;7.958732e-002
1.851888e+003;7.960866e-002
1.852370e+003;7.964531e-002
1.852853e+003;7.969111e-002
1.853335e+003;7.973856e-002
1.853817e+003;7.978325e-002
1.854299e+003;7.982299e-002
1.854781e+003;7.985725e-002
1.855263e+003;7.988507e-002
1.855745e+003;7.990453e-002
1.856228e+003;7.991267e-002
1.856709e+003;7.990659e-002
1.857192e+003;7.988434e-002
1.857674e+003;7.984799e-002
1.858156e+003;7.980128e-002
1.858638e+003;7.975047e-002
1.859120e+003;7.970180e-002
1.859602e+003;7.966223e-002
1.860084e+003;7.963601e-002
1.860567e+003;7.962739e-002
1.861049e+003;7.963871e-002
1.861531e+003;7.967097e-002
1.862013e+003;7.972240e-002
1.862495e+003;7.978874e-002
1.862977e+003;7.986212e-002
1.863459e+003;7.993288e-002
1.863942e+003;7.999284e-002
1.864424e+003;8.003739e-002
1.864906e+003;8.006585e-002
1.865388e+003;8.008330e-002
1.865870e+003;8.009518e-002
1.866352e+003;8.010748e-002
1.866834e+003;8.012149e-002
1.867317e+003;8.013548e-002
1.867799e+003;8.014538e-002
1.868281e+003;8.014836e-002
1.868763e+003;8.014445e-002
1.869245e+003;8.013744e-002
1.869727e+003;8.013349e-002
1.870209e+003;8.013692e-002
1.870692e+003;8.014841e-002
1.871174e+003;8.016367e-002
1.871656e+003;8.017426e-002
1.872138e+003;8.017273e-002
1.872620e+003;8.015441e-002
1.873102e+003;8.012088e-002
1.873584e+003;8.007800e-002
1.874066e+003;8.003467e-002
1.874549e+003;7.999812e-002
1.875031e+003;7.997168e-002
1.875513e+003;7.995419e-002
1.875995e+003;7.994225e-002
1.876477e+003;7.993103e-002
1.876959e+003;7.991920e-002
1.877441e+003;7.990644e-002
1.877924e+003;7.989581e-002
1.878406e+003;7.988852e-002
1.878888e+003;7.988581e-002
1.879370e+003;7.988696e-002
1.879852e+003;7.989172e-002
1.880334e+003;7.990066e-002
1.880816e+003;7.991868e-002
1.881299e+003;7.995168e-002
1.881781e+003;8.000620e-002
1.882263e+003;8.008530e-002
1.882745e+003;8.018667e-002
1.883227e+003;8.029977e-002
1.883709e+003;8.041164e-002
1.884191e+003;8.050552e-002
1.884674e+003;8.056800e-002
1.885156e+003;8.059007e-002
1.885638e+003;8.057179e-002
1.886120e+003;8.051978e-002
1.886602e+003;8.044761e-002
1.887084e+003;8.037259e-002
1.887566e+003;8.031150e-002
1.888049e+003;8.027674e-002
1.888531e+003;8.027422e-002
1.889013e+003;8.029987e-002
1.889495e+003;8.034170e-002
1.889977e+003;8.038390e-002
1.890459e+003;8.040971e-002
1.890941e+003;8.041006e-002
1.891423e+003;8.038618e-002
1.891906e+003;8.034921e-002
1.892388e+003;8.031770e-002
1.892870e+003;8.030906e-002
1.893352e+003;8.033622e-002
1.893834e+003;8.039964e-002
1.894316e+003;8.049030e-002
1.894798e+003;8.059034e-002
1.895281e+003;8.068267e-002
1.895763e+003;8.075294e-002
1.896245e+003;8.079489e-002
1.896727e+003;8.080941e-002
1.897209e+003;8.080144e-002
1.897691e+003;8.077642e-002
1.898173e+003;8.073860e-002
1.898656e+003;8.069173e-002
1.899138e+003;8.064082e-002
1.899620e+003;8.059175e-002
1.900102e+003;8.055376e-002
1.900584e+003;8.053498e-002
1.901066e+003;8.054020e-002
1.901548e+003;8.056638e-002
1.902031e+003;8.060542e-002
1.902513e+003;8.064401e-002
1.902995e+003;8.067181e-002
1.903477e+003;8.068210e-002
1.903959e+003;8.067847e-002
1.904441e+003;8.066919e-002
1.904923e+003;8.066583e-002
1.905406e+003;8.067621e-002
1.905887e+003;8.070374e-002
1.906370e+003;8.074643e-002
1.906852e+003;8.079959e-002
1.907334e+003;8.085863e-002
1.907816e+003;8.092219e-002
1.908298e+003;8.098937e-002
1.908780e+003;8.106101e-002
1.909262e+003;8.113310e-002
1.909745e+003;8.119931e-002
1.910227e+003;8.124955e-002
1.910709e+003;8.127857e-002
1.911191e+003;8.128190e-002
1.911673e+003;8.126371e-002
1.912155e+003;8.122998e-002
1.912637e+003;8.118849e-002
1.913120e+003;8.114227e-002
1.913602e+003;8.109007e-002
1.914084e+003;8.102865e-002
1.914566e+003;8.095849e-002
1.915048e+003;8.088550e-002
1.915530e+003;8.082493e-002
1.916012e+003;8.079611e-002
1.916495e+003;8.081574e-002
1.916977e+003;8.088946e-002
1.917459e+003;8.100826e-002
1.917941e+003;8.114856e-002
1.918423e+003;8.128205e-002
1.918905e+003;8.138093e-002
1.919387e+003;8.143236e-002
1.919870e+003;8.143535e-002
1.920352e+003;8.140417e-002
1.920834e+003;8.135690e-002
1.921316e+003;8.131135e-002
1.921798e+003;8.127813e-002
1.922280e+003;8.126173e-002
1.922762e+003;8.126125e-002
1.923244e+003;8.127672e-002
1.923727e+003;8.130834e-002
1.924209e+003;8.136047e-002
1.924691e+003;8.143450e-002
1.925173e+003;8.152929e-002
1.925655e+003;8.163750e-002
1.926137e+003;8.174913e-002
1.926619e+003;8.185224e-002
1.927102e+003;8.193956e-002
1.927584e+003;8.200768e-002
1.928066e+003;8.205876e-002
1.928548e+003;8.209450e-002
1.929030e+003;8.211517e-002
1.929512e+003;8.211736e-002
1.929994e+003;8.209816e-002
1.930477e+003;8.205463e-002
1.930959e+003;8.199269e-002
1.931441e+003;8.192526e-002
1.931923e+003;8.187252e-002
1.932405e+003;8.185285e-002
1.932887e+003;8.188147e-002
1.933369e+003;8.196094e-002
1.933852e+003;8.208410e-002
1.934334e+003;8.223264e-002
1.934816e+003;8.238634e-002
1.935298e+003;8.252330e-002
1.935780e+003;8.262814e-002
1.936262e+003;8.268772e-002
1.936744e+003;8.269832e-002
1.937227e+003;8.265971e-002
1.937708e+003;8.258069e-002
1.938191e+003;8.247544e-002
1.938673e+003;8.236554e-002
1.939155e+003;8.227464e-002
1.939637e+003;8.222728e-002
1.940119e+003;8.223829e-002
1.940601e+003;8.231341e-002
1.941083e+003;8.244348e-002
1.941566e+003;8.261331e-002
1.942048e+003;8.279942e-002
1.942530e+003;8.298435e-002
1.943012e+003;8.315401e-002
1.943494e+003;8.330441e-002
1.943976e+003;8.343555e-002
1.944458e+003;8.354943e-002
1.944941e+003;8.364806e-002
1.945423e+003;8.373156e-002
1.945905e+003;8.379702e-002
1.946387e+003;8.384322e-002
1.946869e+003;8.386996e-002
1.947351e+003;8.387925e-002
1.947833e+003;8.387174e-002
1.948316e+003;8.384929e-002
1.948798e+003;8.381251e-002
1.949280e+003;8.376387e-002
1.949762e+003;8.370635e-002
1.950244e+003;8.364993e-002
1.950726e+003;8.360513e-002
1.951208e+003;8.358376e-002
1.951691e+003;8.359271e-002
1.952173e+003;8.363342e-002
1.952655e+003;8.369906e-002
1.953137e+003;8.377787e-002
1.953619e+003;8.385558e-002
1.954101e+003;8.392172e-002
1.954583e+003;8.396839e-002
1.955065e+003;8.399568e-002
1.955548e+003;8.400416e-002
1.956030e+003;8.400012e-002
1.956512e+003;8.398733e-002
1.956994e+003;8.397724e-002
1.957476e+003;8.397903e-002
1.957958e+003;8.400746e-002
1.958440e+003;8.407384e-002
1.958923e+003;8.419020e-002
1.959405e+003;8.435672e-002
1.959887e+003;8.456551e-002
1.960369e+003;8.480099e-002
1.960851e+003;8.504538e-002
1.961333e+003;8.528139e-002
1.961815e+003;8.550097e-002
1.962298e+003;8.570048e-002
1.962780e+003;8.588214e-002
1.963262e+003;8.604643e-002
1.963744e+003;8.619324e-002
1.964226e+003;8.632003e-002
1.964708e+003;8.642723e-002
1.965190e+003;8.651431e-002
1.965673e+003;8.658548e-002
1.966155e+003;8.664276e-002
1.966637e+003;8.668399e-002
1.967119e+003;8.669557e-002
1.967601e+003;8.665918e-002
1.968083e+003;8.655672e-002
1.968565e+003;8.638573e-002
1.969048e+003;8.616224e-002
1.969530e+003;8.592946e-002
1.970012e+003;8.574403e-002
1.970494e+003;8.566636e-002
1.970976e+003;8.573078e-002
1.971458e+003;8.594232e-002
1.971940e+003;8.626419e-002
1.972422e+003;8.664197e-002
1.972905e+003;8.700772e-002
1.973387e+003;8.731462e-002
1.973869e+003;8.754201e-002
1.974351e+003;8.770497e-002
1.974833e+003;8.783621e-002
1.975315e+003;8.797483e-002
1.975797e+003;8.815097e-002
1.976280e+003;8.838048e-002
1.976762e+003;8.865388e-002
1.977244e+003;8.895454e-002
1.977726e+003;8.925989e-002
1.978208e+003;8.955077e-002
1.978690e+003;8.980737e-002
1.979172e+003;9.001696e-002
1.979655e+003;9.016527e-002
1.980137e+003;9.024268e-002
1.980619e+003;9.024373e-002
1.981101e+003;9.017421e-002
1.981583e+003;9.004947e-002
1.982065e+003;8.989552e-002
1.982547e+003;8.973911e-002
1.983030e+003;8.960686e-002
1.983512e+003;8.951475e-002
1.983994e+003;8.947196e-002
1.984476e+003;8.947583e-002
1.984958e+003;8.952135e-002
1.985440e+003;8.959974e-002
1.985922e+003;8.970546e-002
1.986405e+003;8.982721e-002
1.986886e+003;8.995394e-002
1.987369e+003;9.006881e-002
1.987851e+003;9.015742e-002
1.988333e+003;9.020415e-002
1.988815e+003;9.020436e-002
1.989297e+003;9.016258e-002
1.989779e+003;9.009706e-002
1.990261e+003;9.003025e-002
1.990744e+003;8.998735e-002
1.991226e+003;8.998536e-002
1.991708e+003;9.003409e-002
1.992190e+003;9.012446e-002
1.992672e+003;9.024197e-002
1.993154e+003;9.036297e-002
1.993636e+003;9.046609e-002
1.994119e+003;9.053367e-002
1.994601e+003;9.056099e-002
1.995083e+003;9.055249e-002
1.995565e+003;9.052622e-002
1.996047e+003;9.050279e-002
1.996529e+003;9.050586e-002
1.997011e+003;9.054806e-002
1.997494e+003;9.063266e-002
1.997976e+003;9.074670e-002
1.998458e+003;9.086712e-002
1.998940e+003;9.096789e-002
1.999422e+003;9.102697e-002
1.999904e+003;9.103171e-002
2.000386e+003;9.098431e-002
2.000869e+003;9.089157e-002
2.001351e+003;9.076954e-002
2.001833e+003;9.062517e-002
2.002315e+003;9.046374e-002
2.002797e+003;9.028386e-002
2.003279e+003;9.009125e-002
2.003761e+003;8.990008e-002
2.004243e+003;8.974420e-002
2.004726e+003;8.966821e-002
2.005208e+003;8.972374e-002
2.005690e+003;8.994580e-002
2.006172e+003;9.034145e-002
2.006654e+003;9.088092e-002
2.007136e+003;9.150441e-002
2.007618e+003;9.213015e-002
2.008101e+003;9.268496e-002
2.008583e+003;9.311387e-002
2.009065e+003;9.339623e-002
2.009547e+003;9.353701e-002
2.010029e+003;9.356286e-002
2.010511e+003;9.350590e-002
2.010993e+003;9.339750e-002
2.011476e+003;9.325591e-002
2.011958e+003;9.309656e-002
2.012440e+003;9.292670e-002
2.012922e+003;9.275804e-002
2.013404e+003;9.260203e-002
2.013886e+003;9.247503e-002
2.014368e+003;9.239257e-002
2.014851e+003;9.236839e-002
2.015333e+003;9.240556e-002
2.015815e+003;9.250472e-002
2.016297e+003;9.265315e-002
2.016779e+003;9.283897e-002
2.017261e+003;9.304006e-002
2.017743e+003;9.323917e-002
2.018226e+003;9.341447e-002
2.018708e+003;9.355468e-002
2.019190e+003;9.364988e-002
2.019672e+003;9.370107e-002
2.020154e+003;9.371405e-002
2.020636e+003;9.370535e-002
2.021118e+003;9.368918e-002
2.021600e+003;9.368262e-002
2.022083e+003;9.369609e-002
2.022565e+003;9.373968e-002
2.023047e+003;9.381125e-002
2.023529e+003;9.391001e-002
2.024011e+003;9.402896e-002
2.024493e+003;9.416385e-002
2.024975e+003;9.430690e-002
2.025458e+003;9.445638e-002
2.025940e+003;9.460906e-002
2.026422e+003;9.476594e-002
2.026904e+003;9.492507e-002
2.027386e+003;9.508698e-002
2.027868e+003;9.524591e-002
2.028350e+003;9.539865e-002
2.028833e+003;9.553827e-002
2.029315e+003;9.566095e-002
2.029797e+003;9.576719e-002
2.030279e+003;9.586553e-002
2.030761e+003;9.596549e-002
2.031243e+003;9.608524e-002
2.031725e+003;9.623499e-002
2.032208e+003;9.642574e-002
2.032690e+003;9.665337e-002
2.033172e+003;9.691046e-002
2.033654e+003;9.717832e-002
2.034136e+003;9.744395e-002
2.034618e+003;9.768652e-002
2.035100e+003;9.789293e-002
2.035583e+003;9.805031e-002
2.036064e+003;9.814967e-002
2.036547e+003;9.818295e-002
2.037029e+003;9.814752e-002
2.037511e+003;9.804863e-002
2.037993e+003;9.790271e-002
2.038475e+003;9.772900e-002
2.038957e+003;9.755348e-002
2.039439e+003;9.739859e-002
2.039922e+003;9.728092e-002
2.040404e+003;9.720281e-002
2.040886e+003;9.716367e-002
2.041368e+003;9.715448e-002
2.041850e+003;9.717464e-002
2.042332e+003;9.722475e-002
2.042814e+003;9.731585e-002
2.043297e+003;9.745683e-002
2.043779e+003;9.765269e-002
2.044261e+003;9.789336e-002
2.044743e+003;9.816001e-002
2.045225e+003;9.842589e-002
2.045707e+003;9.867041e-002
2.046189e+003;9.888089e-002
2.046672e+003;9.906413e-002
2.047154e+003;9.923457e-002
2.047636e+003;9.941257e-002
2.048118e+003;9.960461e-002
2.048600e+003;9.980302e-002
2.049082e+003;9.998161e-002
2.049564e+003;1.001089e-001
2.050047e+003;1.001562e-001
2.050529e+003;1.001144e-001
2.051011e+003;9.999336e-002
2.051493e+003;9.982502e-002
2.051975e+003;9.964871e-002
2.052457e+003;9.950330e-002
2.052939e+003;9.941558e-002
2.053421e+003;9.939694e-002
2.053904e+003;9.943631e-002
2.054386e+003;9.951393e-002
2.054868e+003;9.960221e-002
2.055350e+003;9.967805e-002
2.055832e+003;9.972687e-002
2.056314e+003;9.974478e-002
2.056796e+003;9.973577e-002
2.057279e+003;9.971196e-002
2.057761e+003;9.968679e-002
2.058243e+003;9.967819e-002
2.058725e+003;9.970208e-002
2.059207e+003;9.977601e-002
2.059689e+003;9.991062e-002
2.060171e+003;1.001112e-001
2.060654e+003;1.003704e-001
2.061136e+003;1.006686e-001
2.061618e+003;1.009747e-001
2.062100e+003;1.012536e-001
2.062582e+003;1.014687e-001
2.063064e+003;1.015970e-001
2.063546e+003;1.016283e-001
2.064029e+003;1.015716e-001
2.064511e+003;1.014493e-001
2.064993e+003;1.012941e-001
2.065475e+003;1.011360e-001
2.065957e+003;1.010034e-001
2.066439e+003;1.009123e-001
2.066921e+003;1.008712e-001
2.067404e+003;1.008778e-001
2.067885e+003;1.009259e-001
2.068368e+003;1.010041e-001
2.068850e+003;1.011025e-001
2.069332e+003;1.012090e-001
2.069814e+003;1.013158e-001
2.070296e+003;1.014165e-001
2.070778e+003;1.015103e-001
2.071260e+003;1.015993e-001
2.071743e+003;1.016909e-001
2.072225e+003;1.017918e-001
2.072707e+003;1.019083e-001
2.073189e+003;1.020385e-001
2.073671e+003;1.021765e-001
2.074153e+003;1.023085e-001
2.074635e+003;1.024210e-001
2.075118e+003;1.025035e-001
2.075600e+003;1.025521e-001
2.076082e+003;1.025730e-001
2.076564e+003;1.025779e-001
2.077046e+003;1.025804e-001
2.077528e+003;1.025911e-001
2.078010e+003;1.026125e-001
2.078493e+003;1.026431e-001
2.078975e+003;1.026762e-001
2.079457e+003;1.027078e-001
2.079939e+003;1.027374e-001
2.080421e+003;1.027724e-001
2.080903e+003;1.028205e-001
2.081385e+003;1.028888e-001
2.081868e+003;1.029765e-001
2.082350e+003;1.030738e-001
2.082832e+003;1.031638e-001
2.083314e+003;1.032273e-001
2.083796e+003;1.032507e-001
2.084278e+003;1.032308e-001
2.084760e+003;1.031756e-001
2.085242e+003;1.031035e-001
2.085725e+003;1.030354e-001
2.086207e+003;1.029893e-001
2.086689e+003;1.029740e-001
2.087171e+003;1.029899e-001
2.087653e+003;1.030287e-001
2.088135e+003;1.030798e-001
2.088617e+003;1.031311e-001
2.089100e+003;1.031748e-001
2.089582e+003;1.032059e-001
2.090064e+003;1.032223e-001
2.090546e+003;1.032221e-001
2.091028e+003;1.032047e-001
2.091510e+003;1.031702e-001
2.091992e+003;1.031224e-001
2.092475e+003;1.030667e-001
2.092957e+003;1.030147e-001
2.093439e+003;1.029776e-001
2.093921e+003;1.029689e-001
2.094403e+003;1.029974e-001
2.094885e+003;1.030690e-001
2.095367e+003;1.031834e-001
2.095850e+003;1.033373e-001
2.096332e+003;1.035206e-001
2.096814e+003;1.037230e-001
2.097296e+003;1.039290e-001
2.097778e+003;1.041241e-001
2.098260e+003;1.042925e-001
2.098742e+003;1.044217e-001
2.099225e+003;1.045051e-001
2.099707e+003;1.045449e-001
2.100189e+003;1.045488e-001
2.100671e+003;1.045321e-001
2.101153e+003;1.045110e-001
2.101635e+003;1.045009e-001
2.102117e+003;1.045109e-001
2.102599e+003;1.045465e-001
2.103082e+003;1.046072e-001
2.103564e+003;1.046916e-001
2.104046e+003;1.047953e-001
2.104528e+003;1.049147e-001
2.105010e+003;1.050433e-001
2.105492e+003;1.051723e-001
2.105974e+003;1.052885e-001
2.106457e+003;1.053781e-001
2.106939e+003;1.054277e-001
2.107421e+003;1.054309e-001
2.107903e+003;1.053883e-001
2.108385e+003;1.053111e-001
2.108867e+003;1.052160e-001
2.109349e+003;1.051240e-001
2.109832e+003;1.050518e-001
2.110314e+003;1.050105e-001
2.110796e+003;1.050007e-001
2.111278e+003;1.050177e-001
2.111760e+003;1.050475e-001
2.112242e+003;1.050766e-001
2.112724e+003;1.050918e-001
2.113207e+003;1.050860e-001
2.113689e+003;1.050560e-001
2.114171e+003;1.050066e-001
2.114653e+003;1.049473e-001
2.115135e+003;1.048913e-001
2.115617e+003;1.048490e-001
2.116099e+003;1.048282e-001
2.116582e+003;1.048294e-001
2.117063e+003;1.048459e-001
2.117546e+003;1.048640e-001
2.118028e+003;1.048712e-001
2.118510e+003;1.048563e-001
2.118992e+003;1.048179e-001
2.119474e+003;1.047616e-001
2.119956e+003;1.047008e-001
2.120438e+003;1.046478e-001
2.120921e+003;1.046131e-001
2.121403e+003;1.045966e-001
2.121885e+003;1.045915e-001
2.122367e+003;1.045860e-001
2.122849e+003;1.045713e-001
2.123331e+003;1.045424e-001
2.123813e+003;1.045044e-001
2.124296e+003;1.044651e-001
2.124778e+003;1.044362e-001
2.125260e+003;1.044214e-001
2.125742e+003;1.044179e-001
2.126224e+003;1.044142e-001
2.126706e+003;1.043971e-001
2.127188e+003;1.043534e-001
2.127671e+003;1.042793e-001
2.128153e+003;1.041790e-001
2.128635e+003;1.040649e-001
2.129117e+003;1.039507e-001
2.129599e+003;1.038494e-001
2.130081e+003;1.037671e-001
2.130563e+003;1.037064e-001
2.131046e+003;1.036644e-001
2.131528e+003;1.036370e-001
2.132010e+003;1.036209e-001
2.132492e+003;1.036117e-001
2.132974e+003;1.036034e-001
2.133456e+003;1.035882e-001
2.133938e+003;1.035574e-001
2.134420e+003;1.035060e-001
2.134903e+003;1.034349e-001
2.135385e+003;1.033555e-001
2.135867e+003;1.032843e-001
2.136349e+003;1.032407e-001
2.136831e+003;1.032370e-001
2.137313e+003;1.032713e-001
2.137795e+003;1.033309e-001
2.138278e+003;1.033948e-001
2.138760e+003;1.034386e-001
2.139242e+003;1.034513e-001
2.139724e+003;1.034317e-001
2.140206e+003;1.033942e-001
2.140688e+003;1.033566e-001
2.141170e+003;1.033337e-001
2.141653e+003;1.033275e-001
2.142135e+003;1.033322e-001
2.142617e+003;1.033287e-001
2.143099e+003;1.033038e-001
2.143581e+003;1.032498e-001
2.144063e+003;1.031775e-001
2.144545e+003;1.031049e-001
2.145028e+003;1.030561e-001
2.145510e+003;1.030484e-001
2.145992e+003;1.030862e-001
2.146474e+003;1.031565e-001
2.146956e+003;1.032377e-001
2.147438e+003;1.033009e-001
2.147920e+003;1.033240e-001
2.148403e+003;1.032915e-001
2.148885e+003;1.032003e-001
2.149367e+003;1.030533e-001
2.149849e+003;1.028613e-001
2.150331e+003;1.026308e-001
2.150813e+003;1.023717e-001
2.151295e+003;1.020900e-001
2.151777e+003;1.017935e-001
2.152260e+003;1.014878e-001
2.152742e+003;1.011797e-001
2.153224e+003;1.008767e-001
2.153706e+003;1.005882e-001
2.154188e+003;1.003263e-001
2.154670e+003;1.001124e-001
2.155152e+003;9.997370e-002
2.155635e+003;9.994934e-002
2.156117e+003;1.000761e-001
2.156599e+003;1.003856e-001
2.157081e+003;1.008853e-001
2.157563e+003;1.015612e-001
2.158045e+003;1.023564e-001
2.158527e+003;1.031980e-001
2.159010e+003;1.039977e-001
2.159492e+003;1.046818e-001
2.159974e+003;1.052005e-001
2.160456e+003;1.055359e-001
2.160938e+003;1.057013e-001
2.161420e+003;1.057309e-001
2.161902e+003;1.056667e-001
2.162385e+003;1.055572e-001
2.162867e+003;1.054474e-001
2.163349e+003;1.053781e-001
2.163831e+003;1.053704e-001
2.164313e+003;1.054343e-001
2.164795e+003;1.055570e-001
2.165277e+003;1.057117e-001
2.165760e+003;1.058566e-001
2.166241e+003;1.059536e-001
2.166724e+003;1.059665e-001
2.167206e+003;1.058804e-001
2.167688e+003;1.056902e-001
2.168170e+003;1.054155e-001
2.168652e+003;1.050827e-001
2.169134e+003;1.047289e-001
2.169616e+003;1.043892e-001
2.170099e+003;1.040991e-001
2.170581e+003;1.038801e-001
2.171063e+003;1.037505e-001
2.171545e+003;1.037092e-001
2.172027e+003;1.037481e-001
2.172509e+003;1.038466e-001
2.172991e+003;1.039844e-001
2.173474e+003;1.041379e-001
2.173956e+003;1.042957e-001
2.174438e+003;1.044508e-001
2.174920e+003;1.046082e-001
2.175402e+003;1.047694e-001
2.175884e+003;1.049303e-001
2.176366e+003;1.050705e-001
2.176849e+003;1.051606e-001
2.177331e+003;1.051586e-001
2.177813e+003;1.050338e-001
2.178295e+003;1.047726e-001
2.178777e+003;1.043937e-001
2.179259e+003;1.039435e-001
2.179741e+003;1.034971e-001
2.180223e+003;1.031326e-001
2.180706e+003;1.029175e-001
2.181188e+003;1.028849e-001
2.181670e+003;1.030322e-001
2.182152e+003;1.033137e-001
2.182634e+003;1.036637e-001
2.183116e+003;1.040047e-001
2.183598e+003;1.042725e-001
2.184081e+003;1.044279e-001
2.184563e+003;1.044632e-001
2.185045e+003;1.043940e-001
2.185527e+003;1.042598e-001
2.186009e+003;1.041028e-001
2.186491e+003;1.039663e-001
2.186973e+003;1.038772e-001
2.187456e+003;1.038479e-001
2.187938e+003;1.038686e-001
2.188420e+003;1.039178e-001
2.188902e+003;1.039619e-001
2.189384e+003;1.039710e-001
2.189866e+003;1.039224e-001
2.190348e+003;1.038120e-001
2.190831e+003;1.036480e-001
2.191313e+003;1.034537e-001
2.191795e+003;1.032560e-001
2.192277e+003;1.030782e-001
2.192759e+003;1.029316e-001
2.193241e+003;1.028141e-001
2.193723e+003;1.027109e-001
2.194206e+003;1.026044e-001
2.194688e+003;1.024769e-001
2.195170e+003;1.023213e-001
2.195652e+003;1.021426e-001
2.196134e+003;1.019557e-001
2.196616e+003;1.017812e-001
2.197098e+003;1.016423e-001
2.197580e+003;1.015556e-001
2.198063e+003;1.015316e-001
2.198545e+003;1.015699e-001
2.199027e+003;1.016616e-001
2.199509e+003;1.017899e-001
2.199991e+003;1.019330e-001
2.200473e+003;1.020643e-001
2.200955e+003;1.021625e-001
2.201438e+003;1.022081e-001
2.201920e+003;1.021975e-001
2.202402e+003;1.021352e-001
2.202884e+003;1.020402e-001
2.203366e+003;1.019340e-001
2.203848e+003;1.018410e-001
2.204330e+003;1.017724e-001
2.204813e+003;1.017292e-001
2.205295e+003;1.016973e-001
2.205777e+003;1.016588e-001
2.206259e+003;1.015944e-001
2.206741e+003;1.014971e-001
2.207223e+003;1.013735e-001
2.207705e+003;1.012421e-001
2.208188e+003;1.011278e-001
2.208670e+003;1.010512e-001
2.209152e+003;1.010207e-001
2.209634e+003;1.010301e-001
2.210116e+003;1.010592e-001
2.210598e+003;1.010828e-001
2.211080e+003;1.010810e-001
2.211563e+003;1.010462e-001
2.212044e+003;1.009827e-001
2.212527e+003;1.009093e-001
2.213009e+003;1.008451e-001
2.213491e+003;1.008082e-001
2.213973e+003;1.008027e-001
2.214455e+003;1.008225e-001
2.214937e+003;1.008514e-001
2.215419e+003;1.008715e-001
2.215902e+003;1.008672e-001
2.216384e+003;1.008332e-001
2.216866e+003;1.007725e-001
2.217348e+003;1.006995e-001
2.217830e+003;1.006289e-001
2.218312e+003;1.005777e-001
2.218794e+003;1.005546e-001
2.219277e+003;1.005649e-001
2.219759e+003;1.006011e-001
2.220241e+003;1.006536e-001
2.220723e+003;1.007057e-001
2.221205e+003;1.007446e-001
2.221687e+003;1.007577e-001
2.222169e+003;1.007408e-001
2.222652e+003;1.006967e-001
2.223134e+003;1.006376e-001
2.223616e+003;1.005774e-001
2.224098e+003;1.005323e-001
2.224580e+003;1.005131e-001
2.225062e+003;1.005230e-001
2.225544e+003;1.005547e-001
2.226027e+003;1.005957e-001
2.226509e+003;1.006283e-001
2.226991e+003;1.006398e-001
2.227473e+003;1.006208e-001
2.227955e+003;1.005724e-001
2.228437e+003;1.004990e-001
2.228919e+003;1.004091e-001
2.229401e+003;1.003069e-001
2.229884e+003;1.001937e-001
2.230366e+003;1.000673e-001
2.230848e+003;9.992702e-002
2.231330e+003;9.977486e-002
2.231812e+003;9.962151e-002
2.232294e+003;9.948338e-002
2.232776e+003;9.937978e-002
2.233259e+003;9.932301e-002
2.233741e+003;9.931699e-002
2.234223e+003;9.935017e-002
2.234705e+003;9.940295e-002
2.235187e+003;9.945007e-002
2.235669e+003;9.947283e-002
2.236151e+003;9.946407e-002
2.236634e+003;9.943002e-002
2.237116e+003;9.938634e-002
2.237598e+003;9.935078e-002
2.238080e+003;9.933407e-002
2.238562e+003;9.933738e-002
2.239044e+003;9.934768e-002
2.239526e+003;9.934870e-002
2.240009e+003;9.932473e-002
2.240491e+003;9.927037e-002
2.240973e+003;9.919151e-002
2.241455e+003;9.910379e-002
2.241937e+003;9.902587e-002
2.242419e+003;9.897289e-002
2.242901e+003;9.894966e-002
2.243384e+003;9.895300e-002
2.243865e+003;9.897228e-002
2.244348e+003;9.899815e-002
2.244830e+003;9.902362e-002
2.245312e+003;9.904876e-002
2.245794e+003;9.907704e-002
2.246276e+003;9.911140e-002
2.246758e+003;9.914850e-002
2.247240e+003;9.917950e-002
2.247723e+003;9.918783e-002
2.248205e+003;9.915972e-002
2.248687e+003;9.908359e-002
2.249169e+003;9.895712e-002
2.249651e+003;9.878647e-002
2.250133e+003;9.858727e-002
2.250615e+003;9.837580e-002
2.251098e+003;9.817065e-002
2.251580e+003;9.798697e-002
2.252062e+003;9.783904e-002
2.252544e+003;9.773686e-002
2.253026e+003;9.768698e-002
2.253508e+003;9.768982e-002
2.253990e+003;9.773958e-002
2.254473e+003;9.782010e-002
2.254955e+003;9.791030e-002
2.255437e+003;9.798600e-002
2.255919e+003;9.802948e-002
2.256401e+003;9.803028e-002
2.256883e+003;9.799289e-002
2.257365e+003;9.792933e-002
2.257848e+003;9.785876e-002
2.258330e+003;9.779623e-002
2.258812e+003;9.774978e-002
2.259294e+003;9.771756e-002
2.259776e+003;9.769026e-002
2.260258e+003;9.765586e-002
2.260740e+003;9.760495e-002
2.261222e+003;9.753565e-002
2.261705e+003;9.745092e-002
2.262187e+003;9.735806e-002
2.262669e+003;9.726483e-002
2.263151e+003;9.717528e-002
2.263633e+003;9.709159e-002
2.264115e+003;9.701183e-002
2.264597e+003;9.693608e-002
2.265080e+003;9.686422e-002
2.265562e+003;9.680052e-002
2.266044e+003;9.674888e-002
2.266526e+003;9.671345e-002
2.267008e+003;9.669541e-002
2.267490e+003;9.669473e-002
2.267972e+003;9.670744e-002
2.268455e+003;9.672965e-002
2.268937e+003;9.675585e-002
2.269419e+003;9.678115e-002
2.269901e+003;9.679921e-002
2.270383e+003;9.680343e-002
2.270865e+003;9.678821e-002
2.271347e+003;9.675148e-002
2.271830e+003;9.669644e-002
2.272312e+003;9.663210e-002
2.272794e+003;9.657222e-002
2.273276e+003;9.653074e-002
2.273758e+003;9.651649e-002
2.274240e+003;9.653114e-002
2.274722e+003;9.656548e-002
2.275205e+003;9.660590e-002
2.275687e+003;9.663644e-002
2.276169e+003;9.664635e-002
2.276651e+003;9.663220e-002
2.277133e+003;9.659918e-002
2.277615e+003;9.655573e-002
2.278097e+003;9.651083e-002
2.278579e+003;9.646869e-002
2.279062e+003;9.642999e-002
2.279544e+003;9.638985e-002
2.280026e+003;9.634521e-002
2.280508e+003;9.629530e-002
2.280990e+003;9.624461e-002
2.281472e+003;9.619922e-002
2.281954e+003;9.616446e-002
2.282437e+003;9.614155e-002
2.282919e+003;9.612636e-002
2.283401e+003;9.610905e-002
2.283883e+003;9.608050e-002
2.284365e+003;9.603392e-002
2.284847e+003;9.596986e-002
2.285329e+003;9.589326e-002
2.285812e+003;9.581315e-002
2.286294e+003;9.573743e-002
2.286776e+003;9.567118e-002
2.287258e+003;9.561365e-002
2.287740e+003;9.556119e-002
2.288222e+003;9.550913e-002
2.288704e+003;9.545472e-002
2.289187e+003;9.539918e-002
2.289669e+003;9.534562e-002
2.290151e+003;9.529813e-002
2.290633e+003;9.525972e-002
2.291115e+003;9.522822e-002
2.291597e+003;9.519906e-002
2.292079e+003;9.516620e-002
2.292562e+003;9.512319e-002
2.293043e+003;9.506679e-002
2.293526e+003;9.499791e-002
2.294008e+003;9.491956e-002
2.294490e+003;9.483690e-002
2.294972e+003;9.475438e-002
2.295454e+003;9.467418e-002
2.295936e+003;9.459603e-002
2.296418e+003;9.451842e-002
2.296901e+003;9.443846e-002
2.297383e+003;9.435620e-002
2.297865e+003;9.427223e-002
2.298347e+003;9.419032e-002
2.298829e+003;9.411549e-002
2.299311e+003;9.405310e-002
2.299793e+003;9.400694e-002
2.300276e+003;9.397891e-002
2.300758e+003;9.396720e-002
2.301240e+003;9.396747e-002
2.301722e+003;9.397308e-002
2.302204e+003;9.397685e-002
2.302686e+003;9.397221e-002
2.303168e+003;9.395508e-002
2.303651e+003;9.392394e-002
2.304133e+003;9.388038e-002
2.304615e+003;9.382807e-002
2.305097e+003;9.377236e-002
2.305579e+003;9.371899e-002
2.306061e+003;9.367314e-002
2.306543e+003;9.363794e-002
2.307026e+003;9.361429e-002
2.307508e+003;9.360053e-002
2.307990e+003;9.359160e-002
2.308472e+003;9.358118e-002
2.308954e+003;9.356312e-002
2.309436e+003;9.353208e-002
2.309918e+003;9.348810e-002
2.310400e+003;9.343459e-002
2.310883e+003;9.337929e-002
2.311365e+003;9.333220e-002
2.311847e+003;9.330233e-002
2.312329e+003;9.329395e-002
2.312811e+003;9.330550e-002
2.313293e+003;9.332991e-002
2.313775e+003;9.335692e-002
2.314258e+003;9.337597e-002
2.314740e+003;9.337977e-002
2.315222e+003;9.336563e-002
2.315704e+003;9.333600e-002
2.316186e+003;9.329531e-002
2.316668e+003;9.324963e-002
2.317150e+003;9.320249e-002
2.317633e+003;9.315760e-002
2.318115e+003;9.311716e-002
2.318597e+003;9.308504e-002
2.319079e+003;9.306512e-002
2.319561e+003;9.306382e-002
2.320043e+003;9.308325e-002
2.320525e+003;9.312233e-002
2.321008e+003;9.317263e-002
2.321490e+003;9.321966e-002
2.321972e+003;9.324671e-002
2.322454e+003;9.323812e-002
2.322936e+003;9.318344e-002
2.323418e+003;9.308179e-002
2.323900e+003;9.293883e-002
2.324383e+003;9.276593e-002
2.324865e+003;9.257637e-002
2.325347e+003;9.238227e-002
2.325829e+003;9.219295e-002
2.326311e+003;9.201370e-002
2.326793e+003;9.184802e-002
2.327275e+003;9.169827e-002
2.327757e+003;9.156551e-002
2.328240e+003;9.145079e-002
2.328722e+003;9.135333e-002
2.329204e+003;9.127182e-002
2.329686e+003;9.120218e-002
2.330168e+003;9.114105e-002
2.330650e+003;9.108496e-002
2.331132e+003;9.103204e-002
2.331615e+003;9.098266e-002
2.332097e+003;9.093808e-002
2.332579e+003;9.089864e-002
2.333061e+003;9.086416e-002
2.333543e+003;9.083235e-002
2.334025e+003;9.080011e-002
2.334507e+003;9.076472e-002
2.334990e+003;9.072603e-002
2.335472e+003;9.068569e-002
2.335954e+003;9.064778e-002
2.336436e+003;9.061698e-002
2.336918e+003;9.059512e-002
2.337400e+003;9.058223e-002
2.337882e+003;9.057482e-002
2.338365e+003;9.056801e-002
2.338847e+003;9.055687e-002
2.339329e+003;9.053756e-002
2.339811e+003;9.050968e-002
2.340293e+003;9.047478e-002
2.340775e+003;9.043510e-002
2.341257e+003;9.039317e-002
2.341740e+003;9.035175e-002
2.342221e+003;9.031090e-002
2.342704e+003;9.027189e-002
2.343186e+003;9.023473e-002
2.343668e+003;9.020068e-002
2.344150e+003;9.016892e-002
2.344632e+003;9.014051e-002
2.345114e+003;9.011288e-002
2.345596e+003;9.008419e-002
2.346079e+003;9.005176e-002
2.346561e+003;9.001353e-002
2.347043e+003;8.996772e-002
2.347525e+003;8.991527e-002
2.348007e+003;8.985819e-002
2.348489e+003;8.979905e-002
2.348971e+003;8.974048e-002
2.349454e+003;8.968487e-002
2.349936e+003;8.963425e-002
2.350418e+003;8.958904e-002
2.350900e+003;8.954959e-002
2.351382e+003;8.951479e-002
2.351864e+003;8.948305e-002
2.352346e+003;8.945188e-002
2.352829e+003;8.941796e-002
2.353311e+003;8.937936e-002
2.353793e+003;8.933511e-002
2.354275e+003;8.928742e-002
2.354757e+003;8.923938e-002
2.355239e+003;8.919688e-002
2.355721e+003;8.916284e-002
2.356204e+003;8.913977e-002
2.356686e+003;8.912574e-002
2.357168e+003;8.911651e-002
2.357650e+003;8.910526e-002
2.358132e+003;8.908751e-002
2.358614e+003;8.905978e-002
2.359096e+003;8.902299e-002
2.359578e+003;8.898012e-002
2.360061e+003;8.893647e-002
2.360543e+003;8.889664e-002
2.361025e+003;8.886327e-002
2.361507e+003;8.883738e-002
2.361989e+003;8.881813e-002
2.362471e+003;8.880290e-002
2.362953e+003;8.879063e-002
2.363436e+003;8.877987e-002
2.363918e+003;8.876955e-002
2.364400e+003;8.875922e-002
2.364882e+003;8.874708e-002
2.365364e+003;8.873150e-002
2.365846e+003;8.871018e-002
2.366328e+003;8.868176e-002
2.366811e+003;8.864521e-002
2.367293e+003;8.860153e-002
2.367775e+003;8.855202e-002
2.368257e+003;8.849882e-002
2.368739e+003;8.844482e-002
2.369221e+003;8.839259e-002
2.369703e+003;8.834545e-002
2.370186e+003;8.830654e-002
2.370668e+003;8.827955e-002
2.371150e+003;8.826662e-002
2.371632e+003;8.826794e-002
2.372114e+003;8.828186e-002
2.372596e+003;8.830340e-002
2.373078e+003;8.832598e-002
2.373561e+003;8.834343e-002
2.374042e+003;8.835030e-002
2.374525e+003;8.834442e-002
2.375007e+003;8.832685e-002
2.375489e+003;8.830020e-002
2.375971e+003;8.826900e-002
2.376453e+003;8.823697e-002
2.376935e+003;8.820573e-002
2.377417e+003;8.817608e-002
2.377900e+003;8.814695e-002
2.378382e+003;8.811675e-002
2.378864e+003;8.808535e-002
2.379346e+003;8.805332e-002
2.379828e+003;8.802196e-002
2.380310e+003;8.799341e-002
2.380792e+003;8.797026e-002
2.381275e+003;8.795484e-002
2.381757e+003;8.794834e-002
2.382239e+003;8.795152e-002
2.382721e+003;8.796374e-002
2.383203e+003;8.798317e-002
2.383685e+003;8.800649e-002
2.384167e+003;8.802883e-002
2.384650e+003;8.804516e-002
2.385132e+003;8.805076e-002
2.385614e+003;8.804299e-002
2.386096e+003;8.802137e-002
2.386578e+003;8.798802e-002
2.387060e+003;8.794691e-002
2.387542e+003;8.790242e-002
2.388025e+003;8.785815e-002
2.388507e+003;8.781534e-002
2.388989e+003;8.777414e-002
2.389471e+003;8.773266e-002
2.389953e+003;8.768926e-002
2.390435e+003;8.764336e-002
2.390917e+003;8.759665e-002
2.391399e+003;8.755162e-002
2.391882e+003;8.751194e-002
2.392364e+003;8.747923e-002
2.392846e+003;8.745347e-002
2.393328e+003;8.743174e-002
2.393810e+003;8.740960e-002
2.394292e+003;8.738269e-002
2.394774e+003;8.734772e-002
2.395257e+003;8.730479e-002
2.395739e+003;8.725797e-002
2.396221e+003;8.721259e-002
2.396703e+003;8.717635e-002
2.397185e+003;8.715399e-002
2.397667e+003;8.714774e-002
2.398149e+003;8.715542e-002
2.398632e+003;8.717190e-002
2.399114e+003;8.718986e-002
2.399596e+003;8.720273e-002
2.400078e+003;8.720624e-002
2.400560e+003;8.719885e-002
2.401042e+003;8.718237e-002
2.401524e+003;8.716094e-002
2.402007e+003;8.713916e-002
2.402489e+003;8.712091e-002
2.402971e+003;8.710966e-002
2.403453e+003;8.710635e-002
2.403935e+003;8.711110e-002
2.404417e+003;8.712399e-002
2.404899e+003;8.714337e-002
2.405382e+003;8.716846e-002
2.405864e+003;8.719590e-002
2.406346e+003;8.722263e-002
2.406828e+003;8.724444e-002
2.407310e+003;8.725768e-002
2.407792e+003;8.725946e-002
2.408274e+003;8.724996e-002
2.408756e+003;8.723125e-002
2.409239e+003;8.720759e-002
2.409721e+003;8.718286e-002
2.410203e+003;8.716133e-002
2.410685e+003;8.714299e-002
2.411167e+003;8.712691e-002
2.411649e+003;8.710995e-002
2.412131e+003;8.708758e-002
2.412614e+003;8.705799e-002
2.413096e+003;8.702196e-002
2.413578e+003;8.698278e-002
2.414060e+003;8.694601e-002
2.414542e+003;8.691733e-002
2.415024e+003;8.690085e-002
2.415506e+003;8.689645e-002
2.415989e+003;8.690076e-002
2.416471e+003;8.690653e-002
2.416953e+003;8.690596e-002
2.417435e+003;8.689205e-002
2.417917e+003;8.686161e-002
2.418399e+003;8.681469e-002
2.418881e+003;8.675670e-002
2.419364e+003;8.669442e-002
2.419846e+003;8.663786e-002
2.420328e+003;8.659346e-002
2.420810e+003;8.656672e-002
2.421292e+003;8.655879e-002
2.421774e+003;8.656731e-002
2.422256e+003;8.658744e-002
2.422739e+003;8.661295e-002
2.423220e+003;8.663681e-002
2.423703e+003;8.665299e-002
2.424185e+003;8.665723e-002
2.424667e+003;8.664769e-002
2.425149e+003;8.662532e-002
2.425631e+003;8.659393e-002
2.426113e+003;8.655871e-002
2.426595e+003;8.652614e-002
2.427078e+003;8.650195e-002
2.427560e+003;8.649015e-002
2.428042e+003;8.649057e-002
2.428524e+003;8.650032e-002
2.429006e+003;8.651417e-002
2.429488e+003;8.652669e-002
2.429970e+003;8.653313e-002
2.430453e+003;8.653063e-002
2.430935e+003;8.651955e-002
2.431417e+003;8.650105e-002
2.431899e+003;8.647674e-002
2.432381e+003;8.644762e-002
2.432863e+003;8.641392e-002
2.433345e+003;8.637661e-002
2.433828e+003;8.633756e-002
2.434310e+003;8.630127e-002
2.434792e+003;8.627302e-002
2.435274e+003;8.625885e-002
2.435756e+003;8.626096e-002
2.436238e+003;8.627707e-002
2.436720e+003;8.629923e-002
2.437203e+003;8.631587e-002
2.437685e+003;8.631444e-002
2.438167e+003;8.628812e-002
2.438649e+003;8.623620e-002
2.439131e+003;8.616585e-002
2.439613e+003;8.609116e-002
2.440095e+003;8.602715e-002
2.440577e+003;8.598619e-002
2.441060e+003;8.597343e-002
2.441542e+003;8.598629e-002
2.442024e+003;8.601581e-002
2.442506e+003;8.605140e-002
2.442988e+003;8.608429e-002
2.443470e+003;8.610909e-002
2.443952e+003;8.612651e-002
2.444435e+003;8.614034e-002
2.444917e+003;8.615496e-002
2.445399e+003;8.617328e-002
2.445881e+003;8.619466e-002
2.446363e+003;8.621579e-002
2.446845e+003;8.623153e-002
2.447327e+003;8.623744e-002
2.447810e+003;8.623129e-002
2.448292e+003;8.621310e-002
2.448774e+003;8.618697e-002
2.449256e+003;8.615737e-002
2.449738e+003;8.613008e-002
2.450220e+003;8.610819e-002
2.450702e+003;8.609354e-002
2.451185e+003;8.608422e-002
2.451667e+003;8.607588e-002
2.452149e+003;8.606295e-002
2.452631e+003;8.604013e-002
2.453113e+003;8.600365e-002
2.453595e+003;8.595463e-002
2.454077e+003;8.589704e-002
2.454560e+003;8.583820e-002
2.455042e+003;8.578646e-002
2.455524e+003;8.574750e-002
2.456006e+003;8.572315e-002
2.456488e+003;8.571034e-002
2.456970e+003;8.570193e-002
2.457452e+003;8.568972e-002
2.457935e+003;8.566682e-002
2.458417e+003;8.563077e-002
2.458899e+003;8.558231e-002
2.459381e+003;8.552653e-002
2.459863e+003;8.546736e-002
2.460345e+003;8.540931e-002
2.460827e+003;8.535257e-002
2.461309e+003;8.529669e-002
2.461792e+003;8.524148e-002
2.462274e+003;8.518820e-002
2.462756e+003;8.514108e-002
2.463238e+003;8.510659e-002
2.463720e+003;8.508983e-002
2.464202e+003;8.509419e-002
2.464684e+003;8.511586e-002
2.465167e+003;8.514871e-002
2.465649e+003;8.518235e-002
2.466131e+003;8.520909e-002
2.466613e+003;8.522390e-002
2.467095e+003;8.522799e-002
2.467577e+003;8.522570e-002
2.468059e+003;8.522312e-002
2.468542e+003;8.522340e-002
2.469024e+003;8.522640e-002
2.469506e+003;8.522718e-002
2.469988e+003;8.522114e-002
2.470470e+003;8.520515e-002
2.470952e+003;8.518092e-002
2.471434e+003;8.515589e-002
2.471917e+003;8.514093e-002
2.472399e+003;8.514503e-002
2.472881e+003;8.517273e-002
2.473363e+003;8.522119e-002
2.473845e+003;8.528002e-002
2.474327e+003;8.533464e-002
2.474809e+003;8.537071e-002
2.475292e+003;8.537882e-002
2.475773e+003;8.535753e-002
2.476256e+003;8.531259e-002
2.476738e+003;8.525477e-002
2.477220e+003;8.519655e-002
2.477702e+003;8.514640e-002
2.478184e+003;8.510955e-002
2.478666e+003;8.508548e-002
2.479148e+003;8.506932e-002
2.479631e+003;8.505724e-002
2.480113e+003;8.504408e-002
2.480595e+003;8.502787e-002
2.481077e+003;8.500731e-002
2.481559e+003;8.498380e-002
2.482041e+003;8.495715e-002
2.482523e+003;8.492869e-002
2.483006e+003;8.489845e-002
2.483488e+003;8.486883e-002
2.483970e+003;8.484248e-002
2.484452e+003;8.482359e-002
2.484934e+003;8.481582e-002
2.485416e+003;8.482186e-002
2.485898e+003;8.484082e-002
2.486381e+003;8.486832e-002
2.486863e+003;8.489726e-002
2.487345e+003;8.491898e-002
2.487827e+003;8.492571e-002
2.488309e+003;8.491434e-002
2.488791e+003;8.488494e-002
2.489273e+003;8.484242e-002
2.489756e+003;8.479390e-002
2.490238e+003;8.474767e-002
2.490720e+003;8.470999e-002
2.491202e+003;8.468488e-002
2.491684e+003;8.467279e-002
2.492166e+003;8.467273e-002
2.492648e+003;8.468153e-002
2.493130e+003;8.469551e-002
2.493613e+003;8.471188e-002
2.494095e+003;8.472701e-002
2.494577e+003;8.473793e-002
2.495059e+003;8.474171e-002
2.495541e+003;8.473627e-002
2.496023e+003;8.471964e-002
2.496505e+003;8.469234e-002
2.496988e+003;8.465593e-002
2.497470e+003;8.461314e-002
2.497952e+003;8.456746e-002
2.498434e+003;8.452177e-002
2.498916e+003;8.447785e-002
2.499398e+003;8.443560e-002
2.499880e+003;8.439467e-002
2.500363e+003;8.435337e-002
2.500845e+003;8.431268e-002
2.501327e+003;8.427421e-002
2.501809e+003;8.424110e-002
2.502291e+003;8.421800e-002
2.502773e+003;8.420843e-002
2.503255e+003;8.421425e-002
2.503738e+003;8.423513e-002
2.504220e+003;8.426678e-002
2.504702e+003;8.430345e-002
2.505184e+003;8.433841e-002
2.505666e+003;8.436585e-002
2.506148e+003;8.438246e-002
2.506630e+003;8.438836e-002
2.507113e+003;8.438709e-002
2.507594e+003;8.438393e-002
2.508077e+003;8.438408e-002
2.508559e+003;8.439205e-002
2.509041e+003;8.440988e-002
2.509523e+003;8.443570e-002
2.510005e+003;8.446605e-002
2.510487e+003;8.449790e-002
2.510969e+003;8.452744e-002
2.511452e+003;8.455391e-002
2.511934e+003;8.457690e-002
2.512416e+003;8.459800e-002
2.512898e+003;8.461873e-002
2.513380e+003;8.463901e-002
2.513862e+003;8.465740e-002
2.514344e+003;8.467120e-002
2.514827e+003;8.467700e-002
2.515309e+003;8.467262e-002
2.515791e+003;8.465561e-002
2.516273e+003;8.462615e-002
2.516755e+003;8.458550e-002
2.517237e+003;8.453593e-002
2.517719e+003;8.447967e-002
2.518202e+003;8.442049e-002
2.518684e+003;8.436201e-002
2.519166e+003;8.430838e-002
2.519648e+003;8.426211e-002
2.520130e+003;8.422440e-002
2.520612e+003;8.419360e-002
2.521094e+003;8.416633e-002
2.521577e+003;8.413731e-002
2.522059e+003;8.410285e-002
2.522541e+003;8.406181e-002
2.523023e+003;8.401757e-002
2.523505e+003;8.397856e-002
2.523987e+003;8.395470e-002
2.524469e+003;8.395584e-002
2.524951e+003;8.398660e-002
2.525434e+003;8.404383e-002
2.525916e+003;8.411860e-002
2.526398e+003;8.419541e-002
2.526880e+003;8.425812e-002
2.527362e+003;8.429363e-002
2.527844e+003;8.429715e-002
2.528326e+003;8.427052e-002
2.528809e+003;8.422309e-002
2.529291e+003;8.416685e-002
2.529773e+003;8.411366e-002
2.530255e+003;8.407196e-002
2.530737e+003;8.404525e-002
2.531219e+003;8.403265e-002
2.531701e+003;8.403127e-002
2.532184e+003;8.403721e-002
2.532666e+003;8.404725e-002
2.533148e+003;8.406034e-002
2.533630e+003;8.407617e-002
2.534112e+003;8.409415e-002
2.534594e+003;8.411315e-002
2.535076e+003;8.413123e-002
2.535559e+003;8.414598e-002
2.536041e+003;8.415490e-002
2.536523e+003;8.415709e-002
2.537005e+003;8.415403e-002
2.537487e+003;8.414925e-002
2.537969e+003;8.414700e-002
2.538451e+003;8.415246e-002
2.538934e+003;8.416989e-002
2.539416e+003;8.420204e-002
2.539898e+003;8.424946e-002
2.540380e+003;8.431070e-002
2.540862e+003;8.438186e-002
2.541344e+003;8.445904e-002
2.541826e+003;8.453662e-002
2.542308e+003;8.460931e-002
2.542791e+003;8.467147e-002
2.543273e+003;8.471792e-002
2.543755e+003;8.474355e-002
2.544237e+003;8.474586e-002
2.544719e+003;8.472405e-002
2.545201e+003;8.468156e-002
2.545683e+003;8.462466e-002
2.546166e+003;8.456291e-002
2.546648e+003;8.450632e-002
2.547130e+003;8.446430e-002
2.547612e+003;8.444192e-002
2.548094e+003;8.444013e-002
2.548576e+003;8.445502e-002
2.549058e+003;8.447930e-002
2.549541e+003;8.450577e-002
2.550023e+003;8.452830e-002
2.550505e+003;8.454446e-002
2.550987e+003;8.455525e-002
2.551469e+003;8.456366e-002
2.551951e+003;8.457343e-002
2.552433e+003;8.458749e-002
2.552916e+003;8.460658e-002
2.553398e+003;8.462986e-002
2.553880e+003;8.465435e-002
2.554362e+003;8.467698e-002
2.554844e+003;8.469442e-002
2.555326e+003;8.470464e-002
2.555808e+003;8.470628e-002
2.556291e+003;8.469941e-002
2.556772e+003;8.468586e-002
2.557255e+003;8.466854e-002
2.557737e+003;8.465330e-002
2.558219e+003;8.464394e-002
2.558701e+003;8.464469e-002
2.559183e+003;8.465625e-002
2.559665e+003;8.467641e-002
2.560147e+003;8.469840e-002
2.560630e+003;8.471490e-002
2.561112e+003;8.471941e-002
2.561594e+003;8.470862e-002
2.562076e+003;8.468453e-002
2.562558e+003;8.465255e-002
2.563040e+003;8.462118e-002
2.563522e+003;8.459806e-002
2.564005e+003;8.458786e-002
2.564487e+003;8.459102e-002
2.564969e+003;8.460435e-002
2.565451e+003;8.462466e-002
2.565933e+003;8.464862e-002
2.566415e+003;8.467545e-002
2.566897e+003;8.470723e-002
2.567380e+003;8.474555e-002
2.567862e+003;8.479055e-002
2.568344e+003;8.483925e-002
2.568826e+003;8.488595e-002
2.569308e+003;8.492338e-002
2.569790e+003;8.494502e-002
2.570272e+003;8.494817e-002
2.570755e+003;8.493580e-002
2.571237e+003;8.491395e-002
2.571719e+003;8.489154e-002
2.572201e+003;8.487765e-002
2.572683e+003;8.487856e-002
2.573165e+003;8.489761e-002
2.573647e+003;8.493246e-002
2.574129e+003;8.497838e-002
2.574612e+003;8.502853e-002
2.575094e+003;8.507612e-002
2.575576e+003;8.511424e-002
2.576058e+003;8.513828e-002
2.576540e+003;8.514585e-002
2.577022e+003;8.513755e-002
2.577504e+003;8.511587e-002
2.577987e+003;8.508506e-002
2.578469e+003;8.505129e-002
2.578951e+003;8.501954e-002
2.579433e+003;8.499413e-002
2.579915e+003;8.497737e-002
2.580397e+003;8.497037e-002
2.580879e+003;8.497305e-002
2.581362e+003;8.498532e-002
2.581844e+003;8.500756e-002
2.582326e+003;8.503997e-002
2.582808e+003;8.508215e-002
2.583290e+003;8.513211e-002
2.583772e+003;8.518595e-002
2.584254e+003;8.523742e-002
2.584737e+003;8.527920e-002
2.585219e+003;8.530491e-002
2.585701e+003;8.531111e-002
2.586183e+003;8.529806e-002
2.586665e+003;8.527005e-002
2.587147e+003;8.523527e-002
2.587629e+003;8.520351e-002
2.588112e+003;8.518443e-002
2.588594e+003;8.518430e-002
2.589076e+003;8.520543e-002
2.589558e+003;8.524508e-002
2.590040e+003;8.529733e-002
2.590522e+003;8.535321e-002
2.591004e+003;8.540346e-002
2.591486e+003;8.544224e-002
2.591969e+003;8.546703e-002
2.592451e+003;8.547941e-002
2.592933e+003;8.548491e-002
2.593415e+003;8.548960e-002
2.593897e+003;8.549985e-002
2.594379e+003;8.551767e-002
2.594861e+003;8.554256e-002
2.595344e+003;8.557135e-002
2.595826e+003;8.559923e-002
2.596308e+003;8.562264e-002
2.596790e+003;8.563974e-002
2.597272e+003;8.565073e-002
2.597754e+003;8.565715e-002
2.598236e+003;8.566116e-002
2.598719e+003;8.566387e-002
2.599201e+003;8.566600e-002
2.599683e+003;8.566657e-002
2.600165e+003;8.566647e-002
2.600647e+003;8.566654e-002
2.601129e+003;8.566988e-002
2.601611e+003;8.567795e-002
2.602094e+003;8.569288e-002
2.602576e+003;8.571353e-002
2.603058e+003;8.573816e-002
2.603540e+003;8.576425e-002
2.604022e+003;8.579000e-002
2.604504e+003;8.581585e-002
2.604986e+003;8.584487e-002
2.605469e+003;8.588116e-002
2.605950e+003;8.592844e-002
2.606433e+003;8.598690e-002
2.606915e+003;8.605502e-002
2.607397e+003;8.612640e-002
2.607879e+003;8.619538e-002
2.608361e+003;8.625515e-002
2.608843e+003;8.630262e-002
2.609325e+003;8.633610e-002
2.609808e+003;8.635692e-002
2.610290e+003;8.636717e-002
2.610772e+003;8.636894e-002
2.611254e+003;8.636425e-002
2.611736e+003;8.635592e-002
2.612218e+003;8.634841e-002
2.612700e+003;8.634596e-002
2.613183e+003;8.635478e-002
2.613665e+003;8.637847e-002
2.614147e+003;8.641796e-002
2.614629e+003;8.647055e-002
2.615111e+003;8.652867e-002
2.615593e+003;8.658371e-002
2.616075e+003;8.662820e-002
2.616558e+003;8.665708e-002
2.617040e+003;8.667005e-002
2.617522e+003;8.666955e-002
2.618004e+003;8.666098e-002
2.618486e+003;8.664969e-002
2.618968e+003;8.663914e-002
2.619450e+003;8.663122e-002
2.619933e+003;8.662619e-002
2.620415e+003;8.662385e-002
2.620897e+003;8.662452e-002
2.621379e+003;8.662948e-002
2.621861e+003;8.663932e-002
2.622343e+003;8.665440e-002
2.622825e+003;8.667409e-002
2.623307e+003;8.669678e-002
2.623790e+003;8.672050e-002
2.624272e+003;8.674290e-002
2.624754e+003;8.676400e-002
2.625236e+003;8.678333e-002
2.625718e+003;8.680246e-002
2.626200e+003;8.682139e-002
2.626682e+003;8.684024e-002
2.627165e+003;8.685891e-002
2.627647e+003;8.687749e-002
2.628129e+003;8.689567e-002
2.628611e+003;8.691444e-002
2.629093e+003;8.693528e-002
2.629575e+003;8.695921e-002
2.630057e+003;8.698653e-002
2.630540e+003;8.701696e-002
2.631022e+003;8.704947e-002
2.631504e+003;8.708461e-002
2.631986e+003;8.712335e-002
2.632468e+003;8.716772e-002
2.632950e+003;8.721986e-002
2.633432e+003;8.728084e-002
2.633915e+003;8.734872e-002
2.634397e+003;8.742020e-002
2.634879e+003;8.748897e-002
2.635361e+003;8.754937e-002
2.635843e+003;8.759773e-002
2.636325e+003;8.763252e-002
2.636807e+003;8.765799e-002
2.637290e+003;8.767864e-002
2.637771e+003;8.769994e-002
2.638254e+003;8.772673e-002
2.638736e+003;8.776098e-002
2.639218e+003;8.780138e-002
2.639700e+003;8.784602e-002
2.640182e+003;8.789239e-002
2.640664e+003;8.793838e-002
2.641146e+003;8.798289e-002
2.641629e+003;8.802596e-002
2.642111e+003;8.806662e-002
2.642593e+003;8.810481e-002
2.643075e+003;8.813885e-002
2.643557e+003;8.816780e-002
2.644039e+003;8.819087e-002
2.644521e+003;8.820950e-002
2.645004e+003;8.822626e-002
2.645486e+003;8.824489e-002
2.645968e+003;8.827025e-002
2.646450e+003;8.830500e-002
2.646932e+003;8.835034e-002
2.647414e+003;8.840442e-002
2.647896e+003;8.846336e-002
2.648379e+003;8.852096e-002
2.648861e+003;8.857083e-002
2.649343e+003;8.860838e-002
2.649825e+003;8.863085e-002
2.650307e+003;8.863910e-002
2.650789e+003;8.863739e-002
2.651271e+003;8.863293e-002
2.651754e+003;8.863320e-002
2.652236e+003;8.864534e-002
2.652718e+003;8.867370e-002
2.653200e+003;8.871800e-002
2.653682e+003;8.877458e-002
2.654164e+003;8.883698e-002
2.654646e+003;8.889739e-002
2.655128e+003;8.894917e-002
2.655611e+003;8.898841e-002
2.656093e+003;8.901369e-002
2.656575e+003;8.902653e-002
2.657057e+003;8.902938e-002
2.657539e+003;8.902630e-002
2.658021e+003;8.902058e-002
2.658503e+003;8.901455e-002
2.658986e+003;8.901043e-002
2.659468e+003;8.900964e-002
2.659950e+003;8.901311e-002
2.660432e+003;8.902144e-002
2.660914e+003;8.903491e-002
2.661396e+003;8.905304e-002
2.661878e+003;8.907487e-002
2.662361e+003;8.909959e-002
2.662843e+003;8.912706e-002
2.663325e+003;8.915664e-002
2.663807e+003;8.918814e-002
2.664289e+003;8.922086e-002
2.664771e+003;8.925343e-002
2.665253e+003;8.928406e-002
2.665736e+003;8.931071e-002
2.666218e+003;8.933258e-002
2.666700e+003;8.935046e-002
2.667182e+003;8.936661e-002
2.667664e+003;8.938476e-002
2.668146e+003;8.940838e-002
2.668628e+003;8.943858e-002
2.669111e+003;8.947470e-002
2.669593e+003;8.951314e-002
2.670075e+003;8.954908e-002
2.670557e+003;8.957902e-002
2.671039e+003;8.960130e-002
2.671521e+003;8.961862e-002
2.672003e+003;8.963548e-002
2.672485e+003;8.965844e-002
2.672968e+003;8.969202e-002
2.673450e+003;8.973891e-002
2.673932e+003;8.979722e-002
2.674414e+003;8.986301e-002
2.674896e+003;8.993044e-002
2.675378e+003;8.999407e-002
2.675860e+003;9.005013e-002
2.676343e+003;9.009750e-002
2.676825e+003;9.013625e-002
2.677307e+003;9.016813e-002
2.677789e+003;9.019520e-002
2.678271e+003;9.021930e-002
2.678753e+003;9.024234e-002
2.679235e+003;9.026684e-002
2.679718e+003;9.029536e-002
2.680200e+003;9.033041e-002
2.680682e+003;9.037451e-002
2.681164e+003;9.042907e-002
2.681646e+003;9.049343e-002
2.682128e+003;9.056609e-002
2.682610e+003;9.064386e-002
2.683093e+003;9.072310e-002
2.683575e+003;9.079986e-002
2.684057e+003;9.087136e-002
2.684539e+003;9.093451e-002
2.685021e+003;9.098845e-002
2.685503e+003;9.103241e-002
2.685985e+003;9.106817e-002
2.686468e+003;9.109781e-002
2.686949e+003;9.112494e-002
2.687432e+003;9.115381e-002
2.687914e+003;9.118778e-002
2.688396e+003;9.122919e-002
2.688878e+003;9.127820e-002
2.689360e+003;9.133329e-002
2.689842e+003;9.139179e-002
2.690324e+003;9.145097e-002
2.690807e+003;9.150930e-002
2.691289e+003;9.156708e-002
2.691771e+003;9.162581e-002
2.692253e+003;9.168758e-002
2.692735e+003;9.175274e-002
2.693217e+003;9.182147e-002
2.693699e+003;9.189061e-002
2.694182e+003;9.195738e-002
2.694664e+003;9.201856e-002
2.695146e+003;9.207202e-002
2.695628e+003;9.211894e-002
2.696110e+003;9.216150e-002
2.696592e+003;9.220312e-002
2.697074e+003;9.224697e-002
2.697557e+003;9.229586e-002
2.698039e+003;9.235047e-002
2.698521e+003;9.241002e-002
2.699003e+003;9.247336e-002
2.699485e+003;9.253904e-002
2.699967e+003;9.260573e-002
2.700449e+003;9.267213e-002
2.700932e+003;9.273798e-002
2.701414e+003;9.280152e-002
2.701896e+003;9.286265e-002
2.702378e+003;9.292021e-002
2.702860e+003;9.297450e-002
2.703342e+003;9.302609e-002
2.703824e+003;9.307576e-002
2.704306e+003;9.312425e-002
2.704789e+003;9.317238e-002
2.705271e+003;9.321869e-002
2.705753e+003;9.326239e-002
2.706235e+003;9.330201e-002
2.706717e+003;9.333727e-002
2.707199e+003;9.336934e-002
2.707681e+003;9.339985e-002
2.708164e+003;9.343155e-002
2.708646e+003;9.346625e-002
2.709128e+003;9.350496e-002
2.709610e+003;9.354668e-002
2.710092e+003;9.359006e-002
2.710574e+003;9.363306e-002
2.711056e+003;9.367461e-002
2.711539e+003;9.371579e-002
2.712021e+003;9.375891e-002
2.712503e+003;9.380576e-002
2.712985e+003;9.385896e-002
2.713467e+003;9.391914e-002
2.713949e+003;9.398550e-002
2.714431e+003;9.405635e-002
2.714914e+003;9.413005e-002
2.715396e+003;9.420613e-002
2.715878e+003;9.428455e-002
2.716360e+003;9.436670e-002
2.716842e+003;9.445357e-002
2.717324e+003;9.454378e-002
2.717806e+003;9.463480e-002
2.718289e+003;9.472333e-002
2.718771e+003;9.480504e-002
2.719253e+003;9.487789e-002
2.719735e+003;9.494354e-002
2.720217e+003;9.500490e-002
2.720699e+003;9.506739e-002
2.721181e+003;9.513544e-002
2.721663e+003;9.521104e-002
2.722146e+003;9.529310e-002
2.722628e+003;9.537667e-002
2.723110e+003;9.545519e-002
2.723592e+003;9.552325e-002
2.724074e+003;9.557852e-002
2.724556e+003;9.562176e-002
2.725038e+003;9.565815e-002
2.725521e+003;9.569417e-002
2.726003e+003;9.573579e-002
2.726485e+003;9.578769e-002
2.726967e+003;9.585058e-002
2.727449e+003;9.592348e-002
2.727931e+003;9.600374e-002
2.728413e+003;9.608828e-002
2.728896e+003;9.617566e-002
2.729378e+003;9.626424e-002
2.729860e+003;9.635375e-002
2.730342e+003;9.644250e-002
2.730824e+003;9.652834e-002
2.731306e+003;9.660792e-002
2.731788e+003;9.667879e-002
2.732271e+003;9.673916e-002
2.732753e+003;9.679012e-002
2.733235e+003;9.683501e-002
2.733717e+003;9.687901e-002
2.734199e+003;9.692686e-002
2.734681e+003;9.698229e-002
2.735163e+003;9.704582e-002
2.735646e+003;9.711653e-002
2.736127e+003;9.719101e-002
2.736610e+003;9.726541e-002
2.737092e+003;9.733687e-002
2.737574e+003;9.740423e-002
2.738056e+003;9.746844e-002
2.738538e+003;9.753073e-002
2.739020e+003;9.759391e-002
2.739502e+003;9.765966e-002
2.739985e+003;9.772898e-002
2.740467e+003;9.780157e-002
2.740949e+003;9.787677e-002
2.741431e+003;9.795326e-002
2.741913e+003;9.803066e-002
2.742395e+003;9.810846e-002
2.742877e+003;9.818620e-002
2.743360e+003;9.826477e-002
2.743842e+003;9.834483e-002
2.744324e+003;9.842710e-002
2.744806e+003;9.851187e-002
2.745288e+003;9.859999e-002
2.745770e+003;9.869093e-002
2.746252e+003;9.878331e-002
2.746735e+003;9.887590e-002
2.747217e+003;9.896573e-002
2.747699e+003;9.905086e-002
2.748181e+003;9.912927e-002
2.748663e+003;9.920041e-002
2.749145e+003;9.926583e-002
2.749627e+003;9.932818e-002
2.750110e+003;9.939086e-002
2.750592e+003;9.945820e-002
2.751074e+003;9.953329e-002
2.751556e+003;9.961781e-002
2.752038e+003;9.971298e-002
2.752520e+003;9.981770e-002
2.753002e+003;9.992888e-002
2.753484e+003;1.000443e-001
2.753967e+003;1.001605e-001
2.754449e+003;1.002744e-001
2.754931e+003;1.003827e-001
2.755413e+003;1.004833e-001
2.755895e+003;1.005744e-001
2.756377e+003;1.006556e-001
2.756859e+003;1.007284e-001
2.757342e+003;1.007945e-001
2.757824e+003;1.008570e-001
2.758306e+003;1.009202e-001
2.758788e+003;1.009871e-001
2.759270e+003;1.010609e-001
2.759752e+003;1.011425e-001
2.760234e+003;1.012316e-001
2.760717e+003;1.013259e-001
2.761199e+003;1.014221e-001
2.761681e+003;1.015164e-001
2.762163e+003;1.016058e-001
2.762645e+003;1.016882e-001
2.763127e+003;1.017640e-001
2.763609e+003;1.018352e-001
2.764092e+003;1.019050e-001
2.764574e+003;1.019782e-001
2.765056e+003;1.020568e-001
2.765538e+003;1.021431e-001
2.766020e+003;1.022372e-001
2.766502e+003;1.023383e-001
2.766984e+003;1.024438e-001
2.767467e+003;1.025513e-001
2.767948e+003;1.026599e-001
2.768431e+003;1.027680e-001
2.768913e+003;1.028748e-001
2.769395e+003;1.029799e-001
2.769877e+003;1.030819e-001
2.770359e+003;1.031794e-001
2.770841e+003;1.032708e-001
2.771323e+003;1.033562e-001
2.771806e+003;1.034373e-001
2.772288e+003;1.035167e-001
2.772770e+003;1.036000e-001
2.773252e+003;1.036911e-001
2.773734e+003;1.037942e-001
2.774216e+003;1.039092e-001
2.774698e+003;1.040353e-001
2.775181e+003;1.041676e-001
2.775663e+003;1.043012e-001
2.776145e+003;1.044308e-001
2.776627e+003;1.045523e-001
2.777109e+003;1.046640e-001
2.777591e+003;1.047655e-001
2.778073e+003;1.048588e-001
2.778556e+003;1.049461e-001
2.779038e+003;1.050308e-001
2.779520e+003;1.051154e-001
2.780002e+003;1.052029e-001
2.780484e+003;1.052955e-001
2.780966e+003;1.053935e-001
2.781448e+003;1.054970e-001
2.781930e+003;1.056042e-001
2.782413e+003;1.057121e-001
2.782895e+003;1.058178e-001
2.783377e+003;1.059198e-001
2.783859e+003;1.060184e-001
2.784341e+003;1.061156e-001
2.784823e+003;1.062151e-001
2.785305e+003;1.063210e-001
2.785788e+003;1.064358e-001
2.786270e+003;1.065600e-001
2.786752e+003;1.066920e-001
2.787234e+003;1.068283e-001
2.787716e+003;1.069648e-001
2.788198e+003;1.070989e-001
2.788680e+003;1.072294e-001
2.789163e+003;1.073570e-001
2.789645e+003;1.074834e-001
2.790127e+003;1.076110e-001
2.790609e+003;1.077410e-001
2.791091e+003;1.078737e-001
2.791573e+003;1.080079e-001
2.792055e+003;1.081425e-001
2.792538e+003;1.082764e-001
2.793020e+003;1.084094e-001
2.793502e+003;1.085405e-001
2.793984e+003;1.086694e-001
2.794466e+003;1.087949e-001
2.794948e+003;1.089156e-001
2.795430e+003;1.090298e-001
2.795913e+003;1.091377e-001
2.796395e+003;1.092397e-001
2.796877e+003;1.093377e-001
2.797359e+003;1.094359e-001
2.797841e+003;1.095370e-001
2.798323e+003;1.096436e-001
2.798805e+003;1.097576e-001
2.799287e+003;1.098777e-001
2.799770e+003;1.100031e-001
2.800252e+003;1.101315e-001
2.800734e+003;1.102612e-001
2.801216e+003;1.103912e-001
2.801698e+003;1.105209e-001
2.802180e+003;1.106507e-001
2.802662e+003;1.107817e-001
2.803145e+003;1.109147e-001
2.803627e+003;1.110510e-001
2.804109e+003;1.111912e-001
2.804591e+003;1.113350e-001
2.805073e+003;1.114817e-001
2.805555e+003;1.116292e-001
2.806037e+003;1.117750e-001
2.806520e+003;1.119175e-001
2.807002e+003;1.120559e-001
2.807484e+003;1.121909e-001
2.807966e+003;1.123255e-001
2.808448e+003;1.124632e-001
2.808930e+003;1.126069e-001
2.809412e+003;1.127589e-001
2.809895e+003;1.129190e-001
2.810377e+003;1.130840e-001
2.810859e+003;1.132515e-001
2.811341e+003;1.134182e-001
2.811823e+003;1.135826e-001
2.812305e+003;1.137451e-001
2.812787e+003;1.139078e-001
2.813270e+003;1.140729e-001
2.813751e+003;1.142416e-001
2.814234e+003;1.144122e-001
2.814716e+003;1.145826e-001
2.815198e+003;1.147496e-001
2.815680e+003;1.149098e-001
2.816162e+003;1.150633e-001
2.816644e+003;1.152124e-001
2.817126e+003;1.153604e-001
2.817609e+003;1.155131e-001
2.818091e+003;1.156747e-001
2.818573e+003;1.158465e-001
2.819055e+003;1.160283e-001
2.819537e+003;1.162167e-001
2.820019e+003;1.164059e-001
2.820501e+003;1.165913e-001
2.820984e+003;1.167677e-001
2.821466e+003;1.169337e-001
2.821948e+003;1.170893e-001
2.822430e+003;1.172386e-001
2.822912e+003;1.173868e-001
2.823394e+003;1.175406e-001
2.823876e+003;1.177054e-001
2.824359e+003;1.178840e-001
2.824841e+003;1.180757e-001
2.825323e+003;1.182769e-001
2.825805e+003;1.184816e-001
2.826287e+003;1.186836e-001
2.826769e+003;1.188785e-001
2.827251e+003;1.190650e-001
2.827734e+003;1.192457e-001
2.828216e+003;1.194254e-001
2.828698e+003;1.196094e-001
2.829180e+003;1.198007e-001
2.829662e+003;1.199991e-001
2.830144e+003;1.202013e-001
2.830626e+003;1.204023e-001
2.831108e+003;1.205967e-001
2.831591e+003;1.207821e-001
2.832073e+003;1.209592e-001
2.832555e+003;1.211315e-001
2.833037e+003;1.213052e-001
2.833519e+003;1.214840e-001
2.834001e+003;1.216713e-001
2.834483e+003;1.218678e-001
2.834966e+003;1.220712e-001
2.835448e+003;1.222787e-001
2.835930e+003;1.224873e-001
2.836412e+003;1.226954e-001
2.836894e+003;1.229014e-001
2.837376e+003;1.231056e-001
2.837858e+003;1.233077e-001
2.838341e+003;1.235083e-001
2.838823e+003;1.237068e-001
2.839305e+003;1.239030e-001
2.839787e+003;1.240976e-001
2.840269e+003;1.242912e-001
2.840751e+003;1.244853e-001
2.841233e+003;1.246807e-001
2.841716e+003;1.248788e-001
2.842198e+003;1.250800e-001
2.842680e+003;1.252850e-001
2.843162e+003;1.254948e-001
2.843644e+003;1.257111e-001
2.844126e+003;1.259350e-001
2.844608e+003;1.261666e-001
2.845091e+003;1.264049e-001
2.845573e+003;1.266463e-001
2.846055e+003;1.268874e-001
2.846537e+003;1.271217e-001
2.847019e+003;1.273454e-001
2.847501e+003;1.275555e-001
2.847983e+003;1.277523e-001
2.848465e+003;1.279389e-001
2.848948e+003;1.281191e-001
2.849430e+003;1.282985e-001
2.849912e+003;1.284817e-001
2.850394e+003;1.286718e-001
2.850876e+003;1.288693e-001
2.851358e+003;1.290743e-001
2.851840e+003;1.292841e-001
2.852323e+003;1.294972e-001
2.852805e+003;1.297104e-001
2.853287e+003;1.299223e-001
2.853769e+003;1.301317e-001
2.854251e+003;1.303376e-001
2.854733e+003;1.305409e-001
2.855215e+003;1.307419e-001
2.855698e+003;1.309409e-001
2.856180e+003;1.311382e-001
2.856662e+003;1.313350e-001
2.857144e+003;1.315317e-001
2.857626e+003;1.317304e-001
2.858108e+003;1.319335e-001
2.858590e+003;1.321449e-001
2.859073e+003;1.323684e-001
2.859555e+003;1.326074e-001
2.860037e+003;1.328650e-001
2.860519e+003;1.331400e-001
2.861001e+003;1.334298e-001
2.861483e+003;1.337299e-001
2.861965e+003;1.340339e-001
2.862448e+003;1.343375e-001
2.862929e+003;1.346367e-001
2.863412e+003;1.349292e-001
2.863894e+003;1.352150e-001
2.864376e+003;1.354938e-001
2.864858e+003;1.357654e-001
2.865340e+003;1.360305e-001
2.865822e+003;1.362887e-001
2.866304e+003;1.365415e-001
2.866787e+003;1.367929e-001
2.867269e+003;1.370472e-001
2.867751e+003;1.373102e-001
2.868233e+003;1.375869e-001
2.868715e+003;1.378786e-001
2.869197e+003;1.381837e-001
2.869679e+003;1.384965e-001
2.870162e+003;1.388093e-001
2.870644e+003;1.391129e-001
2.871126e+003;1.394030e-001
2.871608e+003;1.396770e-001
2.872090e+003;1.399375e-001
2.872572e+003;1.401906e-001
2.873054e+003;1.404413e-001
2.873537e+003;1.406951e-001
2.874019e+003;1.409536e-001
2.874501e+003;1.412161e-001
2.874983e+003;1.414797e-001
2.875465e+003;1.417421e-001
2.875947e+003;1.420011e-001
2.876429e+003;1.422576e-001
2.876912e+003;1.425148e-001
2.877394e+003;1.427769e-001
2.877876e+003;1.430474e-001
2.878358e+003;1.433282e-001
2.878840e+003;1.436194e-001
2.879322e+003;1.439182e-001
2.879804e+003;1.442207e-001
2.880286e+003;1.445228e-001
2.880769e+003;1.448212e-001
2.881251e+003;1.451130e-001
2.881733e+003;1.453988e-001
2.882215e+003;1.456790e-001
2.882697e+003;1.459553e-001
2.883179e+003;1.462289e-001
2.883661e+003;1.465023e-001
2.884144e+003;1.467771e-001
2.884626e+003;1.470558e-001
2.885108e+003;1.473402e-001
2.885590e+003;1.476315e-001
2.886072e+003;1.479303e-001
2.886554e+003;1.482349e-001
2.887036e+003;1.485425e-001
2.887519e+003;1.488499e-001
2.888001e+003;1.491542e-001
2.888483e+003;1.494528e-001
2.888965e+003;1.497446e-001
2.889447e+003;1.500315e-001
2.889929e+003;1.503152e-001
2.890411e+003;1.505975e-001
2.890894e+003;1.508802e-001
2.891376e+003;1.511629e-001
2.891858e+003;1.514442e-001
2.892340e+003;1.517216e-001
2.892822e+003;1.519920e-001
2.893304e+003;1.522534e-001
2.893786e+003;1.525056e-001
2.894269e+003;1.527491e-001
2.894750e+003;1.529888e-001
2.895233e+003;1.532290e-001
2.895715e+003;1.534756e-001
2.896197e+003;1.537354e-001
2.896679e+003;1.540136e-001
2.897161e+003;1.543158e-001
2.897643e+003;1.546446e-001
2.898125e+003;1.550018e-001
2.898608e+003;1.553878e-001
2.899090e+003;1.558005e-001
2.899572e+003;1.562362e-001
2.900054e+003;1.566887e-001
2.900536e+003;1.571490e-001
2.901018e+003;1.576077e-001
2.901500e+003;1.580531e-001
2.901983e+003;1.584756e-001
2.902465e+003;1.588691e-001
2.902947e+003;1.592307e-001
2.903429e+003;1.595651e-001
2.903911e+003;1.598796e-001
2.904393e+003;1.601841e-001
2.904875e+003;1.604881e-001
2.905358e+003;1.607974e-001
2.905840e+003;1.611128e-001
2.906322e+003;1.614317e-001
2.906804e+003;1.617496e-001
2.907286e+003;1.620635e-001
2.907768e+003;1.623729e-001
2.908250e+003;1.626816e-001
2.908733e+003;1.629947e-001
2.909215e+003;1.633163e-001
2.909697e+003;1.636480e-001
2.910179e+003;1.639865e-001
2.910661e+003;1.643249e-001
2.911143e+003;1.646546e-001
2.911625e+003;1.649704e-001
2.912107e+003;1.652711e-001
2.912590e+003;1.655616e-001
2.913072e+003;1.658500e-001
2.913554e+003;1.661452e-001
2.914036e+003;1.664536e-001
2.914518e+003;1.667772e-001
2.915000e+003;1.671126e-001
2.915482e+003;1.674546e-001
2.915965e+003;1.677981e-001
2.916447e+003;1.681402e-001
2.916929e+003;1.684822e-001
2.917411e+003;1.688281e-001
2.917893e+003;1.691826e-001
2.918375e+003;1.695495e-001
2.918857e+003;1.699292e-001
2.919340e+003;1.703202e-001
2.919822e+003;1.707189e-001
2.920304e+003;1.711231e-001
2.920786e+003;1.715311e-001
2.921268e+003;1.719436e-001
2.921750e+003;1.723611e-001
2.922232e+003;1.727830e-001
2.922715e+003;1.732084e-001
2.923197e+003;1.736337e-001
2.923679e+003;1.740544e-001
2.924161e+003;1.744683e-001
2.924643e+003;1.748750e-001
2.925125e+003;1.752768e-001
2.925607e+003;1.756787e-001
2.926090e+003;1.760854e-001
2.926572e+003;1.765016e-001
2.927054e+003;1.769290e-001
2.927536e+003;1.773668e-001
2.928018e+003;1.778109e-001
2.928500e+003;1.782575e-001
2.928982e+003;1.787026e-001
2.929464e+003;1.791439e-001
2.929947e+003;1.795819e-001
2.930429e+003;1.800202e-001
2.930911e+003;1.804643e-001
2.931393e+003;1.809214e-001
2.931875e+003;1.813978e-001
2.932357e+003;1.818973e-001
2.932839e+003;1.824220e-001
2.933322e+003;1.829679e-001
2.933804e+003;1.835280e-001
2.934286e+003;1.840933e-001
2.934768e+003;1.846534e-001
2.935250e+003;1.852000e-001
2.935732e+003;1.857283e-001
2.936214e+003;1.862374e-001
2.936697e+003;1.867303e-001
2.937179e+003;1.872119e-001
2.937661e+003;1.876879e-001
2.938143e+003;1.881637e-001
2.938625e+003;1.886418e-001
2.939107e+003;1.891231e-001
2.939589e+003;1.896049e-001
2.940072e+003;1.900829e-001
2.940554e+003;1.905527e-001
2.941036e+003;1.910096e-001
2.941518e+003;1.914493e-001
2.942000e+003;1.918708e-001
2.942482e+003;1.922746e-001
2.942964e+003;1.926636e-001
2.943447e+003;1.930434e-001
2.943928e+003;1.934211e-001
2.944411e+003;1.938040e-001
2.944893e+003;1.942013e-001
2.945375e+003;1.946188e-001
2.945857e+003;1.950633e-001
2.946339e+003;1.955384e-001
2.946821e+003;1.960429e-001
2.947303e+003;1.965733e-001
2.947786e+003;1.971205e-001
2.948268e+003;1.976730e-001
2.948750e+003;1.982187e-001
2.949232e+003;1.987468e-001
2.949714e+003;1.992528e-001
2.950196e+003;1.997361e-001
2.950678e+003;2.002019e-001
2.951161e+003;2.006572e-001
2.951643e+003;2.011088e-001
2.952125e+003;2.015599e-001
2.952607e+003;2.020104e-001
2.953089e+003;2.024570e-001
2.953571e+003;2.028977e-001
2.954053e+003;2.033331e-001
2.954536e+003;2.037677e-001
2.955018e+003;2.042092e-001
2.955500e+003;2.046661e-001
2.955982e+003;2.051439e-001
2.956464e+003;2.056427e-001
2.956946e+003;2.061565e-001
2.957428e+003;2.066775e-001
2.957911e+003;2.071983e-001
2.958393e+003;2.077156e-001
2.958875e+003;2.082313e-001
2.959357e+003;2.087531e-001
2.959839e+003;2.092885e-001
2.960321e+003;2.098431e-001
2.960803e+003;2.104170e-001
2.961285e+003;2.110060e-001
2.961768e+003;2.116036e-001
2.962250e+003;2.122019e-001
2.962732e+003;2.127985e-001
2.963214e+003;2.133942e-001
2.963696e+003;2.139929e-001
2.964178e+003;2.145990e-001
2.964660e+003;2.152140e-001
2.965143e+003;2.158387e-001
2.965625e+003;2.164698e-001
2.966107e+003;2.171045e-001
2.966589e+003;2.177414e-001
2.967071e+003;2.183805e-001
2.967553e+003;2.190234e-001
2.968035e+003;2.196702e-001
2.968518e+003;2.203197e-001
2.969000e+003;2.209683e-001
2.969482e+003;2.216108e-001
2.969964e+003;2.222427e-001
2.970446e+003;2.228638e-001
2.970928e+003;2.234759e-001
2.971410e+003;2.240846e-001
2.971893e+003;2.246973e-001
2.972375e+003;2.253203e-001
2.972857e+003;2.259579e-001
2.973339e+003;2.266127e-001
2.973821e+003;2.272850e-001
2.974303e+003;2.279740e-001
2.974785e+003;2.286779e-001
2.975268e+003;2.293935e-001
2.975750e+003;2.301166e-001
2.976232e+003;2.308397e-001
2.976714e+003;2.315553e-001
2.977196e+003;2.322564e-001
2.977678e+003;2.329405e-001
2.978160e+003;2.336094e-001
2.978642e+003;2.342695e-001
2.979125e+003;2.349307e-001
2.979607e+003;2.356021e-001
2.980089e+003;2.362905e-001
2.980571e+003;2.369972e-001
2.981053e+003;2.377202e-001
2.981535e+003;2.384543e-001
2.982017e+003;2.391949e-001
2.982500e+003;2.399398e-001
2.982982e+003;2.406877e-001
2.983464e+003;2.414390e-001
2.983946e+003;2.421931e-001
2.984428e+003;2.429479e-001
2.984910e+003;2.437002e-001
2.985392e+003;2.444468e-001
2.985875e+003;2.451873e-001
2.986357e+003;2.459237e-001
2.986839e+003;2.466625e-001
2.987321e+003;2.474106e-001
2.987803e+003;2.481733e-001
2.988285e+003;2.489531e-001
2.988767e+003;2.497488e-001
2.989250e+003;2.505557e-001
2.989732e+003;2.513695e-001
2.990214e+003;2.521859e-001
2.990696e+003;2.530029e-001
2.991178e+003;2.538202e-001
2.991660e+003;2.546371e-001
2.992142e+003;2.554532e-001
2.992625e+003;2.562668e-001
2.993106e+003;2.570758e-001
2.993589e+003;2.578812e-001
2.994071e+003;2.586856e-001
2.994553e+003;2.594960e-001
2.995035e+003;2.603195e-001
2.995517e+003;2.611624e-001
2.995999e+003;2.620268e-001
2.996481e+003;2.629099e-001
2.996964e+003;2.638047e-001
2.997446e+003;2.647021e-001
2.997928e+003;2.655945e-001
2.998410e+003;2.664768e-001
2.998892e+003;2.673486e-001
2.999374e+003;2.682128e-001
2.999856e+003;2.690735e-001
3.000339e+003;2.699351e-001
3.000821e+003;2.708014e-001
3.001303e+003;2.716742e-001
3.001785e+003;2.725557e-001
3.002267e+003;2.734489e-001
3.002749e+003;2.743577e-001
3.003231e+003;2.752853e-001
3.003714e+003;2.762345e-001
3.004196e+003;2.772046e-001
3.004678e+003;2.781921e-001
3.005160e+003;2.791908e-001
3.005642e+003;2.801912e-001
3.006124e+003;2.811866e-001
3.006606e+003;2.821710e-001
3.007089e+003;2.831416e-001
3.007571e+003;2.841005e-001
3.008053e+003;2.850520e-001
3.008535e+003;2.860028e-001
3.009017e+003;2.869601e-001
3.009499e+003;2.879286e-001
3.009981e+003;2.889110e-001
3.010463e+003;2.899077e-001
3.010946e+003;2.909145e-001
3.011428e+003;2.919275e-001
3.011910e+003;2.929412e-001
3.012392e+003;2.939521e-001
3.012874e+003;2.949602e-001
3.013356e+003;2.959681e-001
3.013838e+003;2.969807e-001
3.014321e+003;2.980041e-001
3.014803e+003;2.990432e-001
3.015285e+003;3.000998e-001
3.015767e+003;3.011732e-001
3.016249e+003;3.022596e-001
3.016731e+003;3.033537e-001
3.017213e+003;3.044513e-001
3.017696e+003;3.055488e-001
3.018178e+003;3.066469e-001
3.018660e+003;3.077459e-001
3.019142e+003;3.088486e-001
3.019624e+003;3.099561e-001
3.020106e+003;3.110683e-001
3.020588e+003;3.121828e-001
3.021071e+003;3.132955e-001
3.021553e+003;3.144022e-001
3.022035e+003;3.154996e-001
3.022517e+003;3.165872e-001
3.022999e+003;3.176679e-001
3.023481e+003;3.187462e-001
3.023963e+003;3.198307e-001
3.024446e+003;3.209298e-001
3.024927e+003;3.220493e-001
3.025410e+003;3.231918e-001
3.025892e+003;3.243565e-001
3.026374e+003;3.255376e-001
3.026856e+003;3.267279e-001
3.027338e+003;3.279198e-001
3.027820e+003;3.291077e-001
3.028302e+003;3.302904e-001
3.028785e+003;3.314712e-001
3.029267e+003;3.326564e-001
3.029749e+003;3.338548e-001
3.030231e+003;3.350736e-001
3.030713e+003;3.363168e-001
3.031195e+003;3.375847e-001
3.031677e+003;3.388724e-001
3.032160e+003;3.401715e-001
3.032642e+003;3.414718e-001
3.033124e+003;3.427628e-001
3.033606e+003;3.440382e-001
3.034088e+003;3.452954e-001
3.034570e+003;3.465365e-001
3.035052e+003;3.477693e-001
3.035535e+003;3.490024e-001
3.036017e+003;3.502446e-001
3.036499e+003;3.515024e-001
3.036981e+003;3.527775e-001
3.037463e+003;3.540663e-001
3.037945e+003;3.553631e-001
3.038427e+003;3.566601e-001
3.038910e+003;3.579524e-001
3.039392e+003;3.592373e-001
3.039874e+003;3.605175e-001
3.040356e+003;3.617973e-001
3.040838e+003;3.630831e-001
3.041320e+003;3.643803e-001
3.041802e+003;3.656923e-001
3.042284e+003;3.670213e-001
3.042767e+003;3.683678e-001
3.043249e+003;3.697306e-001
3.043731e+003;3.711086e-001
3.044213e+003;3.724987e-001
3.044695e+003;3.738975e-001
3.045177e+003;3.753003e-001
3.045659e+003;3.767041e-001
3.046142e+003;3.781072e-001
3.046624e+003;3.795117e-001
3.047106e+003;3.809243e-001
3.047588e+003;3.823531e-001
3.048070e+003;3.838060e-001
3.048552e+003;3.852861e-001
3.049034e+003;3.867895e-001
3.049517e+003;3.883052e-001
3.049999e+003;3.898188e-001
3.050481e+003;3.913153e-001
3.050963e+003;3.927857e-001
3.051445e+003;3.942296e-001
3.051927e+003;3.956551e-001
3.052409e+003;3.970754e-001
3.052892e+003;3.985045e-001
3.053374e+003;3.999524e-001
3.053856e+003;4.014236e-001
3.054338e+003;4.029144e-001
3.054820e+003;4.044179e-001
3.055302e+003;4.059262e-001
3.055784e+003;4.074334e-001
3.056267e+003;4.089374e-001
3.056749e+003;4.104399e-001
3.057231e+003;4.119442e-001
3.057713e+003;4.134524e-001
3.058195e+003;4.149683e-001
3.058677e+003;4.164912e-001
3.059159e+003;4.180207e-001
3.059641e+003;4.195557e-001
3.060124e+003;4.210959e-001
3.060606e+003;4.226417e-001
3.061088e+003;4.241945e-001
3.061570e+003;4.257576e-001
3.062052e+003;4.273333e-001
3.062534e+003;4.289254e-001
3.063016e+003;4.305361e-001
3.063499e+003;4.321657e-001
3.063981e+003;4.338119e-001
3.064463e+003;4.354699e-001
3.064945e+003;4.371318e-001
3.065427e+003;4.387919e-001
3.065909e+003;4.404444e-001
3.066391e+003;4.420875e-001
3.066874e+003;4.437239e-001
3.067356e+003;4.453575e-001
3.067838e+003;4.469936e-001
3.068320e+003;4.486363e-001
3.068802e+003;4.502881e-001
3.069284e+003;4.519504e-001
3.069766e+003;4.536238e-001
3.070249e+003;4.553101e-001
3.070731e+003;4.570131e-001
3.071213e+003;4.587362e-001
3.071695e+003;4.604805e-001
3.072177e+003;4.622456e-001
3.072659e+003;4.640268e-001
3.073141e+003;4.658178e-001
3.073624e+003;4.676124e-001
3.074105e+003;4.694062e-001
3.074588e+003;4.711984e-001
3.075070e+003;4.729910e-001
3.075552e+003;4.747843e-001
3.076034e+003;4.765779e-001
3.076516e+003;4.783674e-001
3.076998e+003;4.801468e-001
3.077480e+003;4.819105e-001
3.077963e+003;4.836566e-001
3.078445e+003;4.853888e-001
3.078927e+003;4.871173e-001
3.079409e+003;4.888529e-001
3.079891e+003;4.906084e-001
3.080373e+003;4.923883e-001
3.080855e+003;4.941939e-001
3.081338e+003;4.960203e-001
3.081820e+003;4.978609e-001
3.082302e+003;4.997111e-001
3.082784e+003;5.015680e-001
3.083266e+003;5.034327e-001
3.083748e+003;5.053085e-001
3.084230e+003;5.071968e-001
3.084713e+003;5.090989e-001
3.085195e+003;5.110127e-001
3.085677e+003;5.129364e-001
3.086159e+003;5.148677e-001
3.086641e+003;5.168065e-001
3.087123e+003;5.187528e-001
3.087605e+003;5.207072e-001
3.088088e+003;5.226688e-001
3.088570e+003;5.246362e-001
3.089052e+003;5.266071e-001
3.089534e+003;5.285791e-001
3.090016e+003;5.305512e-001
3.090498e+003;5.325246e-001
3.090980e+003;5.345005e-001
3.091462e+003;5.364800e-001
3.091945e+003;5.384626e-001
3.092427e+003;5.404474e-001
3.092909e+003;5.424338e-001
3.093391e+003;5.444229e-001
3.093873e+003;5.464174e-001
3.094355e+003;5.484218e-001
3.094837e+003;5.504389e-001
3.095320e+003;5.524689e-001
3.095802e+003;5.545072e-001
3.096284e+003;5.565453e-001
3.096766e+003;5.585759e-001
3.097248e+003;5.605932e-001
3.097730e+003;5.625972e-001
3.098212e+003;5.645937e-001
3.098695e+003;5.665938e-001
3.099177e+003;5.686067e-001
3.099659e+003;5.706388e-001
3.100141e+003;5.726929e-001
3.100623e+003;5.747656e-001
3.101105e+003;5.768535e-001
3.101587e+003;5.789533e-001
3.102070e+003;5.810639e-001
3.102552e+003;5.831870e-001
3.103034e+003;5.853236e-001
3.103516e+003;5.874730e-001
3.103998e+003;5.896310e-001
3.104480e+003;5.917895e-001
3.104962e+003;5.939404e-001
3.105445e+003;5.960765e-001
3.105927e+003;5.981969e-001
3.106409e+003;6.003038e-001
3.106891e+003;6.024047e-001
3.107373e+003;6.045094e-001
3.107855e+003;6.066274e-001
3.108337e+003;6.087658e-001
3.108819e+003;6.109290e-001
3.109302e+003;6.131166e-001
3.109784e+003;6.153245e-001
3.110266e+003;6.175451e-001
3.110748e+003;6.197700e-001
3.111230e+003;6.219884e-001
3.111712e+003;6.241940e-001
3.112194e+003;6.263837e-001
3.112677e+003;6.285604e-001
3.113159e+003;6.307323e-001
3.113641e+003;6.329089e-001
3.114123e+003;6.350998e-001
3.114605e+003;6.373101e-001
3.115087e+003;6.395388e-001
3.115569e+003;6.417812e-001
3.116052e+003;6.440292e-001
3.116534e+003;6.462743e-001
3.117016e+003;6.485107e-001
3.117498e+003;6.507362e-001
3.117980e+003;6.529501e-001
3.118462e+003;6.551558e-001
3.118944e+003;6.573590e-001
3.119427e+003;6.595698e-001
3.119909e+003;6.618026e-001
3.120391e+003;6.640742e-001
3.120873e+003;6.664014e-001
3.121355e+003;6.687943e-001
3.121837e+003;6.712509e-001
3.122319e+003;6.737544e-001
3.122802e+003;6.762750e-001
3.123283e+003;6.787760e-001
3.123766e+003;6.812273e-001
3.124248e+003;6.836127e-001
3.124730e+003;6.859350e-001
3.125212e+003;6.882144e-001
3.125694e+003;6.904789e-001
3.126176e+003;6.927559e-001
3.126658e+003;6.950588e-001
3.127141e+003;6.973886e-001
3.127623e+003;6.997329e-001
3.128105e+003;7.020736e-001
3.128587e+003;7.043980e-001
3.129069e+003;7.066975e-001
3.129551e+003;7.089759e-001
3.130033e+003;7.112402e-001
3.130516e+003;7.135014e-001
3.130998e+003;7.157685e-001
3.131480e+003;7.180482e-001
3.131962e+003;7.203451e-001
3.132444e+003;7.226651e-001
3.132926e+003;7.250124e-001
3.133408e+003;7.273886e-001
3.133891e+003;7.297900e-001
3.134373e+003;7.322049e-001
3.134855e+003;7.346164e-001
3.135337e+003;7.370060e-001
3.135819e+003;7.393621e-001
3.136301e+003;7.416838e-001
3.136783e+003;7.439834e-001
3.137266e+003;7.462816e-001
3.137748e+003;7.486026e-001
3.138230e+003;7.509630e-001
3.138712e+003;7.533686e-001
3.139194e+003;7.558123e-001
3.139676e+003;7.582781e-001
3.140158e+003;7.607476e-001
3.140640e+003;7.632056e-001
3.141123e+003;7.656419e-001
3.141605e+003;7.680544e-001
3.142087e+003;7.704442e-001
3.142569e+003;7.728159e-001
3.143051e+003;7.751765e-001
3.143533e+003;7.775332e-001
3.144015e+003;7.798961e-001
3.144498e+003;7.822749e-001
3.144980e+003;7.846765e-001
3.145462e+003;7.871019e-001
3.145944e+003;7.895436e-001
3.146426e+003;7.919892e-001
3.146908e+003;7.944228e-001
3.147390e+003;7.968335e-001
3.147873e+003;7.992182e-001
3.148355e+003;8.015831e-001
3.148837e+003;8.039411e-001
3.149319e+003;8.063036e-001
3.149801e+003;8.086740e-001
3.150283e+003;8.110490e-001
3.150765e+003;8.134160e-001
3.151248e+003;8.157628e-001
3.151730e+003;8.180841e-001
3.152212e+003;8.203861e-001
3.152694e+003;8.226857e-001
3.153176e+003;8.250033e-001
3.153658e+003;8.273568e-001
3.154140e+003;8.297525e-001
3.154623e+003;8.321838e-001
3.155104e+003;8.346342e-001
3.155587e+003;8.370848e-001
3.156069e+003;8.395200e-001
3.156551e+003;8.419323e-001
3.157033e+003;8.443230e-001
3.157515e+003;8.466961e-001
3.157997e+003;8.490578e-001
3.158479e+003;8.514097e-001
3.158962e+003;8.537515e-001
3.159444e+003;8.560821e-001
3.159926e+003;8.584021e-001
3.160408e+003;8.607177e-001
3.160890e+003;8.630372e-001
3.161372e+003;8.653685e-001
3.161854e+003;8.677185e-001
3.162337e+003;8.700875e-001
3.162819e+003;8.724712e-001
3.163301e+003;8.748615e-001
3.163783e+003;8.772474e-001
3.164265e+003;8.796202e-001
3.164747e+003;8.819696e-001
3.165229e+003;8.842871e-001
3.165712e+003;8.865660e-001
3.166194e+003;8.888032e-001
3.166676e+003;8.910006e-001
3.167158e+003;8.931704e-001
3.167640e+003;8.953286e-001
3.168122e+003;8.974972e-001
3.168604e+003;8.996952e-001
3.169086e+003;9.019343e-001
3.169569e+003;9.042149e-001
3.170051e+003;9.065261e-001
3.170533e+003;9.088501e-001
3.171015e+003;9.111676e-001
3.171497e+003;9.134631e-001
3.171979e+003;9.157290e-001
3.172461e+003;9.179637e-001
3.172944e+003;9.201699e-001
3.173426e+003;9.223502e-001
3.173908e+003;9.245068e-001
3.174390e+003;9.266403e-001
3.174872e+003;9.287514e-001
3.175354e+003;9.308460e-001
3.175836e+003;9.329341e-001
3.176319e+003;9.350291e-001
3.176801e+003;9.371454e-001
3.177283e+003;9.392946e-001
3.177765e+003;9.414836e-001
3.178247e+003;9.437096e-001
3.178729e+003;9.459627e-001
3.179211e+003;9.482264e-001
3.179694e+003;9.504786e-001
3.180176e+003;9.526963e-001
3.180658e+003;9.548583e-001
3.181140e+003;9.569497e-001
3.181622e+003;9.589670e-001
3.182104e+003;9.609170e-001
3.182586e+003;9.628211e-001
3.183069e+003;9.647067e-001
3.183551e+003;9.666028e-001
3.184033e+003;9.685321e-001
3.184515e+003;9.705052e-001
3.184997e+003;9.725196e-001
3.185479e+003;9.745609e-001
3.185961e+003;9.766113e-001
3.186443e+003;9.786535e-001
3.186926e+003;9.806767e-001
3.187408e+003;9.826774e-001
3.187890e+003;9.846584e-001
3.188372e+003;9.866221e-001
3.188854e+003;9.885723e-001
3.189336e+003;9.905103e-001
3.189818e+003;9.924365e-001
3.190301e+003;9.943526e-001
3.190783e+003;9.962597e-001
3.191265e+003;9.981604e-001
3.191747e+003;1.000054e+000
3.192229e+003;1.001939e+000
3.192711e+003;1.003809e+000
3.193193e+003;1.005661e+000
3.193676e+003;1.007492e+000
3.194158e+003;1.009308e+000
3.194640e+003;1.011120e+000
3.195122e+003;1.012941e+000
3.195604e+003;1.014779e+000
3.196086e+003;1.016634e+000
3.196568e+003;1.018495e+000
3.197051e+003;1.020345e+000
3.197533e+003;1.022165e+000
3.198015e+003;1.023940e+000
3.198497e+003;1.025670e+000
3.198979e+003;1.027363e+000
3.199461e+003;1.029035e+000
3.199943e+003;1.030702e+000
3.200426e+003;1.032377e+000
3.200907e+003;1.034061e+000
3.201390e+003;1.035750e+000
3.201872e+003;1.037434e+000
3.202354e+003;1.039101e+000
3.202836e+003;1.040744e+000
3.203318e+003;1.042355e+000
3.203800e+003;1.043930e+000
3.204282e+003;1.045470e+000
3.204765e+003;1.046977e+000
3.205247e+003;1.048459e+000
3.205729e+003;1.049929e+000
3.206211e+003;1.051403e+000
3.206693e+003;1.052894e+000
3.207175e+003;1.054408e+000
3.207657e+003;1.055939e+000
3.208140e+003;1.057470e+000
3.208622e+003;1.058977e+000
3.209104e+003;1.060434e+000
3.209586e+003;1.061828e+000
3.210068e+003;1.063159e+000
3.210550e+003;1.064442e+000
3.211032e+003;1.065706e+000
3.211515e+003;1.066977e+000
3.211997e+003;1.068277e+000
3.212479e+003;1.069614e+000
3.212961e+003;1.070982e+000
3.213443e+003;1.072366e+000
3.213925e+003;1.073745e+000
3.214407e+003;1.075097e+000
3.214890e+003;1.076407e+000
3.215372e+003;1.077668e+000
3.215854e+003;1.078880e+000
3.216336e+003;1.080053e+000
3.216818e+003;1.081202e+000
3.217300e+003;1.082343e+000
3.217782e+003;1.083492e+000
3.218264e+003;1.084656e+000
3.218747e+003;1.085833e+000
3.219229e+003;1.087008e+000
3.219711e+003;1.088160e+000
3.220193e+003;1.089269e+000
3.220675e+003;1.090321e+000
3.221157e+003;1.091318e+000
3.221639e+003;1.092276e+000
3.222122e+003;1.093218e+000
3.222604e+003;1.094169e+000
3.223086e+003;1.095142e+000
3.223568e+003;1.096136e+000
3.224050e+003;1.097136e+000
3.224532e+003;1.098121e+000
3.225014e+003;1.099071e+000
3.225497e+003;1.099976e+000
3.225979e+003;1.100839e+000
3.226461e+003;1.101676e+000
3.226943e+003;1.102504e+000
3.227425e+003;1.103341e+000
3.227907e+003;1.104199e+000
3.228389e+003;1.105079e+000
3.228872e+003;1.105978e+000
3.229354e+003;1.106891e+000
3.229836e+003;1.107812e+000
3.230318e+003;1.108736e+000
3.230800e+003;1.109655e+000
3.231282e+003;1.110560e+000
3.231764e+003;1.111439e+000
3.232247e+003;1.112278e+000
3.232729e+003;1.113070e+000
3.233211e+003;1.113810e+000
3.233693e+003;1.114504e+000
3.234175e+003;1.115159e+000
3.234657e+003;1.115786e+000
3.235139e+003;1.116394e+000
3.235621e+003;1.116990e+000
3.236104e+003;1.117578e+000
3.236586e+003;1.118162e+000
3.237068e+003;1.118751e+000
3.237550e+003;1.119352e+000
3.238032e+003;1.119971e+000
3.238514e+003;1.120608e+000
3.238996e+003;1.121255e+000
3.239479e+003;1.121896e+000
3.239961e+003;1.122511e+000
3.240443e+003;1.123079e+000
3.240925e+003;1.123591e+000
3.241407e+003;1.124047e+000
3.241889e+003;1.124462e+000
3.242371e+003;1.124859e+000
3.242854e+003;1.125264e+000
3.243336e+003;1.125696e+000
3.243818e+003;1.126165e+000
3.244300e+003;1.126672e+000
3.244782e+003;1.127207e+000
3.245264e+003;1.127756e+000
3.245746e+003;1.128303e+000
3.246229e+003;1.128834e+000
3.246711e+003;1.129341e+000
3.247193e+003;1.129820e+000
3.247675e+003;1.130270e+000
3.248157e+003;1.130696e+000
3.248639e+003;1.131099e+000
3.249121e+003;1.131482e+000
3.249604e+003;1.131848e+000
3.250085e+003;1.132200e+000
3.250568e+003;1.132541e+000
3.251050e+003;1.132877e+000
3.251532e+003;1.133213e+000
3.252014e+003;1.133555e+000
3.252496e+003;1.133902e+000
3.252978e+003;1.134251e+000
3.253460e+003;1.134591e+000
3.253943e+003;1.134911e+000
3.254425e+003;1.135200e+000
3.254907e+003;1.135453e+000
3.255389e+003;1.135673e+000
3.255871e+003;1.135872e+000
3.256353e+003;1.136061e+000
3.256835e+003;1.136253e+000
3.257318e+003;1.136453e+000
3.257800e+003;1.136654e+000
3.258282e+003;1.136848e+000
3.258764e+003;1.137025e+000
3.259246e+003;1.137181e+000
3.259728e+003;1.137324e+000
3.260210e+003;1.137465e+000
3.260693e+003;1.137619e+000
3.261175e+003;1.137796e+000
3.261657e+003;1.137995e+000
3.262139e+003;1.138208e+000
3.262621e+003;1.138422e+000
3.263103e+003;1.138627e+000
3.263585e+003;1.138819e+000
3.264068e+003;1.139009e+000
3.264550e+003;1.139211e+000
3.265032e+003;1.139437e+000
3.265514e+003;1.139689e+000
3.265996e+003;1.139958e+000
3.266478e+003;1.140220e+000
3.266960e+003;1.140447e+000
3.267442e+003;1.140619e+000
3.267925e+003;1.140725e+000
3.268407e+003;1.140772e+000
3.268889e+003;1.140781e+000
3.269371e+003;1.140778e+000
3.269853e+003;1.140791e+000
3.270335e+003;1.140841e+000
3.270817e+003;1.140934e+000
3.271300e+003;1.141070e+000
3.271782e+003;1.141241e+000
3.272264e+003;1.141435e+000
3.272746e+003;1.141636e+000
3.273228e+003;1.141833e+000
3.273710e+003;1.142017e+000
3.274192e+003;1.142184e+000
3.274675e+003;1.142334e+000
3.275157e+003;1.142471e+000
3.275639e+003;1.142597e+000
3.276121e+003;1.142716e+000
3.276603e+003;1.142821e+000
3.277085e+003;1.142903e+000
3.277567e+003;1.142951e+000
3.278050e+003;1.142957e+000
3.278532e+003;1.142921e+000
3.279014e+003;1.142856e+000
3.279496e+003;1.142788e+000
3.279978e+003;1.142744e+000
3.280460e+003;1.142751e+000
3.280942e+003;1.142821e+000
3.281425e+003;1.142950e+000
3.281906e+003;1.143119e+000
3.282389e+003;1.143298e+000
3.282871e+003;1.143457e+000
3.283353e+003;1.143574e+000
3.283835e+003;1.143640e+000
3.284317e+003;1.143659e+000
3.284799e+003;1.143643e+000
3.285281e+003;1.143612e+000
3.285764e+003;1.143584e+000
3.286246e+003;1.143572e+000
3.286728e+003;1.143584e+000
3.287210e+003;1.143622e+000
3.287692e+003;1.143683e+000
3.288174e+003;1.143761e+000
3.288656e+003;1.143847e+000
3.289139e+003;1.143935e+000
3.289621e+003;1.144018e+000
3.290103e+003;1.144091e+000
3.290585e+003;1.144156e+000
3.291067e+003;1.144215e+000
3.291549e+003;1.144272e+000
3.292031e+003;1.144331e+000
3.292514e+003;1.144395e+000
3.292996e+003;1.144465e+000
3.293478e+003;1.144542e+000
3.293960e+003;1.144630e+000
3.294442e+003;1.144732e+000
3.294924e+003;1.144849e+000
3.295406e+003;1.144977e+000
3.295889e+003;1.145108e+000
3.296371e+003;1.145224e+000
3.296853e+003;1.145310e+000
3.297335e+003;1.145356e+000
3.297817e+003;1.145358e+000
3.298299e+003;1.145329e+000
3.298781e+003;1.145292e+000
3.299263e+003;1.145270e+000
3.299746e+003;1.145284e+000
3.300228e+003;1.145339e+000
3.300710e+003;1.145429e+000
3.301192e+003;1.145536e+000
3.301674e+003;1.145641e+000
3.302156e+003;1.145728e+000
3.302638e+003;1.145795e+000
3.303121e+003;1.145847e+000
3.303603e+003;1.145896e+000
3.304085e+003;1.145952e+000
3.304567e+003;1.146021e+000
3.305049e+003;1.146097e+000
3.305531e+003;1.146173e+000
3.306013e+003;1.146240e+000
3.306496e+003;1.146292e+000
3.306978e+003;1.146334e+000
3.307460e+003;1.146374e+000
3.307942e+003;1.146422e+000
3.308424e+003;1.146484e+000
3.308906e+003;1.146562e+000
3.309388e+003;1.146650e+000
3.309871e+003;1.146738e+000
3.310353e+003;1.146816e+000
3.310835e+003;1.146876e+000
3.311317e+003;1.146912e+000
3.311799e+003;1.146928e+000
3.312281e+003;1.146927e+000
3.312763e+003;1.146916e+000
3.313246e+003;1.146905e+000
3.313728e+003;1.146902e+000
3.314210e+003;1.146912e+000
3.314692e+003;1.146938e+000
3.315174e+003;1.146973e+000
3.315656e+003;1.147012e+000
3.316138e+003;1.147044e+000
3.316620e+003;1.147061e+000
3.317103e+003;1.147058e+000
3.317585e+003;1.147039e+000
3.318067e+003;1.147005e+000
3.318549e+003;1.146966e+000
3.319031e+003;1.146923e+000
3.319513e+003;1.146877e+000
3.319995e+003;1.146825e+000
3.320478e+003;1.146765e+000
3.320960e+003;1.146699e+000
3.321442e+003;1.146632e+000
3.321924e+003;1.146577e+000
3.322406e+003;1.146546e+000
3.322888e+003;1.146545e+000
3.323370e+003;1.146573e+000
3.323853e+003;1.146618e+000
3.324335e+003;1.146665e+000
3.324817e+003;1.146699e+000
3.325299e+003;1.146714e+000
3.325781e+003;1.146714e+000
3.326263e+003;1.146709e+000
3.326745e+003;1.146714e+000
3.327228e+003;1.146737e+000
3.327710e+003;1.146778e+000
3.328192e+003;1.146825e+000
3.328674e+003;1.146860e+000
3.329156e+003;1.146863e+000
3.329638e+003;1.146822e+000
3.330120e+003;1.146729e+000
3.330603e+003;1.146588e+000
3.331084e+003;1.146410e+000
3.331567e+003;1.146212e+000
3.332049e+003;1.146011e+000
3.332531e+003;1.145821e+000
3.333013e+003;1.145655e+000
3.333495e+003;1.145518e+000
3.333977e+003;1.145410e+000
3.334459e+003;1.145323e+000
3.334942e+003;1.145242e+000
3.335424e+003;1.145151e+000
3.335906e+003;1.145035e+000
3.336388e+003;1.144886e+000
3.336870e+003;1.144703e+000
3.337352e+003;1.144495e+000
3.337834e+003;1.144274e+000
3.338317e+003;1.144051e+000
3.338799e+003;1.143832e+000
3.339281e+003;1.143618e+000
3.339763e+003;1.143407e+000
3.340245e+003;1.143195e+000
3.340727e+003;1.142984e+000
3.341209e+003;1.142780e+000
3.341692e+003;1.142592e+000
3.342174e+003;1.142423e+000
3.342656e+003;1.142272e+000
3.343138e+003;1.142129e+000
3.343620e+003;1.141978e+000
3.344102e+003;1.141801e+000
3.344584e+003;1.141591e+000
3.345067e+003;1.141344e+000
3.345549e+003;1.141069e+000
3.346031e+003;1.140774e+000
3.346513e+003;1.140464e+000
3.346995e+003;1.140139e+000
3.347477e+003;1.139796e+000
3.347959e+003;1.139425e+000
3.348441e+003;1.139025e+000
3.348924e+003;1.138599e+000
3.349406e+003;1.138163e+000
3.349888e+003;1.137735e+000
3.350370e+003;1.137332e+000
3.350852e+003;1.136963e+000
3.351334e+003;1.136624e+000
3.351816e+003;1.136304e+000
3.352299e+003;1.135988e+000
3.352781e+003;1.135660e+000
3.353263e+003;1.135313e+000
3.353745e+003;1.134943e+000
3.354227e+003;1.134552e+000
3.354709e+003;1.134141e+000
3.355191e+003;1.133710e+000
3.355674e+003;1.133256e+000
3.356156e+003;1.132776e+000
3.356638e+003;1.132268e+000
3.357120e+003;1.131737e+000
3.357602e+003;1.131190e+000
3.358084e+003;1.130636e+000
3.358566e+003;1.130083e+000
3.359049e+003;1.129536e+000
3.359531e+003;1.128994e+000
3.360013e+003;1.128456e+000
3.360495e+003;1.127920e+000
3.360977e+003;1.127380e+000
3.361459e+003;1.126836e+000
3.361941e+003;1.126283e+000
3.362424e+003;1.125716e+000
3.362906e+003;1.125129e+000
3.363388e+003;1.124515e+000
3.363870e+003;1.123871e+000
3.364352e+003;1.123199e+000
3.364834e+003;1.122505e+000
3.365316e+003;1.121799e+000
3.365798e+003;1.121093e+000
3.366281e+003;1.120392e+000
3.366763e+003;1.119699e+000
3.367245e+003;1.119008e+000
3.367727e+003;1.118313e+000
3.368209e+003;1.117606e+000
3.368691e+003;1.116883e+000
3.369173e+003;1.116147e+000
3.369656e+003;1.115401e+000
3.370138e+003;1.114652e+000
3.370620e+003;1.113900e+000
3.371102e+003;1.113145e+000
3.371584e+003;1.112377e+000
3.372066e+003;1.111588e+000
3.372548e+003;1.110769e+000
3.373031e+003;1.109914e+000
3.373513e+003;1.109025e+000
3.373995e+003;1.108106e+000
3.374477e+003;1.107168e+000
3.374959e+003;1.106219e+000
3.375441e+003;1.105271e+000
3.375923e+003;1.104328e+000
3.376406e+003;1.103398e+000
3.376888e+003;1.102482e+000
3.377370e+003;1.101581e+000
3.377852e+003;1.100692e+000
3.378334e+003;1.099810e+000
3.378816e+003;1.098927e+000
3.379298e+003;1.098030e+000
3.379781e+003;1.097106e+000
3.380262e+003;1.096145e+000
3.380745e+003;1.095137e+000
3.381227e+003;1.094084e+000
3.381709e+003;1.092991e+000
3.382191e+003;1.091874e+000
3.382673e+003;1.090746e+000
3.383155e+003;1.089624e+000
3.383637e+003;1.088515e+000
3.384120e+003;1.087419e+000
3.384602e+003;1.086330e+000
3.385084e+003;1.085237e+000
3.385566e+003;1.084126e+000
3.386048e+003;1.082989e+000
3.386530e+003;1.081824e+000
3.387012e+003;1.080633e+000
3.387495e+003;1.079420e+000
3.387977e+003;1.078191e+000
3.388459e+003;1.076951e+000
3.388941e+003;1.075702e+000
3.389423e+003;1.074446e+000
3.389905e+003;1.073184e+000
3.390387e+003;1.071916e+000
3.390870e+003;1.070644e+000
3.391352e+003;1.069366e+000
3.391834e+003;1.068076e+000
3.392316e+003;1.066767e+000
3.392798e+003;1.065433e+000
3.393280e+003;1.064069e+000
3.393762e+003;1.062678e+000
3.394245e+003;1.061269e+000
3.394727e+003;1.059855e+000
3.395209e+003;1.058449e+000
3.395691e+003;1.057056e+000
3.396173e+003;1.055673e+000
3.396655e+003;1.054292e+000
3.397137e+003;1.052895e+000
3.397619e+003;1.051473e+000
3.398102e+003;1.050023e+000
3.398584e+003;1.048550e+000
3.399066e+003;1.047072e+000
3.399548e+003;1.045604e+000
3.400030e+003;1.044158e+000
3.400512e+003;1.042739e+000
3.400994e+003;1.041338e+000
3.401477e+003;1.039941e+000
3.401959e+003;1.038535e+000
3.402441e+003;1.037110e+000
3.402923e+003;1.035659e+000
3.403405e+003;1.034185e+000
3.403887e+003;1.032692e+000
3.404369e+003;1.031184e+000
3.404852e+003;1.029662e+000
3.405334e+003;1.028125e+000
3.405816e+003;1.026571e+000
3.406298e+003;1.025002e+000
3.406780e+003;1.023420e+000
3.407262e+003;1.021834e+000
3.407744e+003;1.020246e+000
3.408227e+003;1.018658e+000
3.408709e+003;1.017066e+000
3.409191e+003;1.015465e+000
3.409673e+003;1.013847e+000
3.410155e+003;1.012210e+000
3.410637e+003;1.010551e+000
3.411119e+003;1.008877e+000
3.411602e+003;1.007191e+000
3.412083e+003;1.005498e+000
3.412566e+003;1.003801e+000
3.413048e+003;1.002098e+000
3.413530e+003;1.000386e+000
3.414012e+003;9.986620e-001
3.414494e+003;9.969258e-001
3.414976e+003;9.951801e-001
3.415458e+003;9.934305e-001
3.415941e+003;9.916834e-001
3.416423e+003;9.899460e-001
3.416905e+003;9.882256e-001
3.417387e+003;9.865260e-001
3.417869e+003;9.848513e-001
3.418351e+003;9.832001e-001
3.418833e+003;9.815691e-001
3.419316e+003;9.799494e-001
3.419798e+003;9.783293e-001
3.420280e+003;9.766937e-001
3.420762e+003;9.750323e-001
3.421244e+003;9.733344e-001
3.421726e+003;9.715995e-001
3.422208e+003;9.698288e-001
3.422691e+003;9.680318e-001
3.423173e+003;9.662150e-001
3.423655e+003;9.643859e-001
3.424137e+003;9.625498e-001
3.424619e+003;9.607111e-001
3.425101e+003;9.588751e-001
3.425583e+003;9.570489e-001
3.426066e+003;9.552429e-001
3.426548e+003;9.534675e-001
3.427030e+003;9.517289e-001
3.427512e+003;9.500283e-001
3.427994e+003;9.483555e-001
3.428476e+003;9.466938e-001
3.428958e+003;9.450197e-001
3.429440e+003;9.433095e-001
3.429923e+003;9.415447e-001
3.430405e+003;9.397155e-001
3.430887e+003;9.378225e-001
3.431369e+003;9.358783e-001
3.431851e+003;9.339005e-001
3.432333e+003;9.319124e-001
3.432815e+003;9.299353e-001
3.433298e+003;9.279862e-001
3.433780e+003;9.260748e-001
3.434262e+003;9.242035e-001
3.434744e+003;9.223663e-001
3.435226e+003;9.205515e-001
3.435708e+003;9.187474e-001
3.436190e+003;9.169424e-001
3.436673e+003;9.151275e-001
3.437155e+003;9.132994e-001
3.437637e+003;9.114569e-001
3.438119e+003;9.096020e-001
3.438601e+003;9.077367e-001
3.439083e+003;9.058641e-001
3.439565e+003;9.039874e-001
3.440048e+003;9.021118e-001
3.440530e+003;9.002434e-001
3.441012e+003;8.983895e-001
3.441494e+003;8.965552e-001
3.441976e+003;8.947441e-001
3.442458e+003;8.929549e-001
3.442940e+003;8.911819e-001
3.443423e+003;8.894181e-001
3.443905e+003;8.876554e-001
3.444387e+003;8.858898e-001
3.444869e+003;8.841199e-001
3.445351e+003;8.823475e-001
3.445833e+003;8.805748e-001
3.446315e+003;8.788006e-001
3.446797e+003;8.770218e-001
3.447280e+003;8.752304e-001
3.447762e+003;8.734196e-001
3.448244e+003;8.715823e-001
3.448726e+003;8.697169e-001
3.449208e+003;8.678268e-001
3.449690e+003;8.659179e-001
3.450172e+003;8.639975e-001
3.450655e+003;8.620728e-001
3.451137e+003;8.601482e-001
3.451619e+003;8.582289e-001
3.452101e+003;8.563189e-001
3.452583e+003;8.544239e-001
3.453065e+003;8.525500e-001
3.453547e+003;8.507022e-001
3.454030e+003;8.488798e-001
3.454512e+003;8.470771e-001
3.454994e+003;8.452832e-001
3.455476e+003;8.434845e-001
3.455958e+003;8.416690e-001
3.456440e+003;8.398310e-001
3.456922e+003;8.379707e-001
3.457405e+003;8.360963e-001
3.457887e+003;8.342183e-001
3.458369e+003;8.323457e-001
3.458851e+003;8.304829e-001
3.459333e+003;8.286299e-001
3.459815e+003;8.267802e-001
3.460297e+003;8.249277e-001
3.460780e+003;8.230692e-001
3.461261e+003;8.212062e-001
3.461744e+003;8.193444e-001
3.462226e+003;8.174945e-001
3.462708e+003;8.156657e-001
3.463190e+003;8.138633e-001
3.463672e+003;8.120883e-001
3.464154e+003;8.103339e-001
3.464636e+003;8.085882e-001
3.465119e+003;8.068368e-001
3.465601e+003;8.050655e-001
3.466083e+003;8.032616e-001
3.466565e+003;8.014181e-001
3.467047e+003;7.995364e-001
3.467529e+003;7.976233e-001
3.468011e+003;7.956926e-001
3.468494e+003;7.937627e-001
3.468976e+003;7.918524e-001
3.469458e+003;7.899777e-001
3.469940e+003;7.881468e-001
3.470422e+003;7.863609e-001
3.470904e+003;7.846116e-001
3.471386e+003;7.828850e-001
3.471869e+003;7.811654e-001
3.472351e+003;7.794378e-001
3.472833e+003;7.776974e-001
3.473315e+003;7.759438e-001
3.473797e+003;7.741859e-001
3.474279e+003;7.724353e-001
3.474761e+003;7.707021e-001
3.475244e+003;7.689898e-001
3.475726e+003;7.672945e-001
3.476208e+003;7.656032e-001
3.476690e+003;7.638994e-001
3.477172e+003;7.621670e-001
3.477654e+003;7.603972e-001
3.478136e+003;7.585920e-001
3.478618e+003;7.567633e-001
3.479101e+003;7.549292e-001
3.479583e+003;7.531093e-001
3.480065e+003;7.513169e-001
3.480547e+003;7.495549e-001
3.481029e+003;7.478142e-001
3.481511e+003;7.460785e-001
3.481993e+003;7.443263e-001
3.482476e+003;7.425430e-001
3.482958e+003;7.407193e-001
3.483440e+003;7.388589e-001
3.483922e+003;7.369732e-001
3.484404e+003;7.350813e-001
3.484886e+003;7.332017e-001
3.485368e+003;7.313517e-001
3.485851e+003;7.295438e-001
3.486333e+003;7.277837e-001
3.486815e+003;7.260711e-001
3.487297e+003;7.243984e-001
3.487779e+003;7.227532e-001
3.488261e+003;7.211189e-001
3.488743e+003;7.194758e-001
3.489226e+003;7.178078e-001
3.489708e+003;7.161036e-001
3.490190e+003;7.143627e-001
3.490672e+003;7.125938e-001
3.491154e+003;7.108166e-001
3.491636e+003;7.090538e-001
3.492118e+003;7.073270e-001
3.492601e+003;7.056459e-001
3.493083e+003;7.040119e-001
3.493565e+003;7.024108e-001
3.494047e+003;7.008197e-001
3.494529e+003;6.992131e-001
3.495011e+003;6.975676e-001
3.495493e+003;6.958668e-001
3.495975e+003;6.941067e-001
3.496458e+003;6.922902e-001
3.496940e+003;6.904287e-001
3.497422e+003;6.885383e-001
3.497904e+003;6.866374e-001
3.498386e+003;6.847419e-001
3.498868e+003;6.828682e-001
3.499350e+003;6.810263e-001
3.499833e+003;6.792254e-001
3.500315e+003;6.774651e-001
3.500797e+003;6.757429e-001
3.501279e+003;6.740496e-001
3.501761e+003;6.723765e-001
3.502243e+003;6.707116e-001
3.502725e+003;6.690478e-001
3.503208e+003;6.673804e-001
3.503690e+003;6.657110e-001
3.504172e+003;6.640401e-001
3.504654e+003;6.623709e-001
3.505136e+003;6.607031e-001
3.505618e+003;6.590328e-001
3.506100e+003;6.573526e-001
3.506583e+003;6.556537e-001
3.507065e+003;6.539294e-001
3.507547e+003;6.521770e-001
3.508029e+003;6.503989e-001
3.508511e+003;6.486052e-001
3.508993e+003;6.468087e-001
3.509475e+003;6.450235e-001
3.509958e+003;6.432599e-001
3.510439e+003;6.415219e-001
3.510922e+003;6.398067e-001
3.511404e+003;6.381054e-001
3.511886e+003;6.364052e-001
3.512368e+003;6.346968e-001
3.512850e+003;6.329727e-001
3.513332e+003;6.312341e-001
3.513814e+003;6.294863e-001
3.514297e+003;6.277391e-001
3.514779e+003;6.260012e-001
3.515261e+003;6.242805e-001
3.515743e+003;6.225784e-001
3.516225e+003;6.208935e-001
3.516707e+003;6.192220e-001
3.517189e+003;6.175595e-001
3.517672e+003;6.159027e-001
3.518154e+003;6.142501e-001
3.518636e+003;6.126012e-001
3.519118e+003;6.109561e-001
3.519600e+003;6.093138e-001
3.520082e+003;6.076716e-001
3.520564e+003;6.060272e-001
3.521047e+003;6.043770e-001
3.521529e+003;6.027172e-001
3.522011e+003;6.010458e-001
3.522493e+003;5.993595e-001
3.522975e+003;5.976574e-001
3.523457e+003;5.959373e-001
3.523939e+003;5.942006e-001
3.524422e+003;5.924493e-001
3.524904e+003;5.906897e-001
3.525386e+003;5.889269e-001
3.525868e+003;5.871701e-001
3.526350e+003;5.854248e-001
3.526832e+003;5.836961e-001
3.527314e+003;5.819857e-001
3.527796e+003;5.802928e-001
3.528279e+003;5.786166e-001
3.528761e+003;5.769541e-001
3.529243e+003;5.753024e-001
3.529725e+003;5.736581e-001
3.530207e+003;5.720163e-001
3.530689e+003;5.703717e-001
3.531171e+003;5.687170e-001
3.531654e+003;5.670490e-001
3.532136e+003;5.653653e-001
3.532618e+003;5.636717e-001
3.533100e+003;5.619766e-001
3.533582e+003;5.602925e-001
3.534064e+003;5.586296e-001
3.534546e+003;5.569947e-001
3.535029e+003;5.553852e-001
3.535511e+003;5.537922e-001
3.535993e+003;5.522003e-001
3.536475e+003;5.505929e-001
3.536957e+003;5.489563e-001
3.537439e+003;5.472825e-001
3.537921e+003;5.455705e-001
3.538404e+003;5.438291e-001
3.538886e+003;5.420676e-001
3.539368e+003;5.403014e-001
3.539850e+003;5.385419e-001
3.540332e+003;5.367990e-001
3.540814e+003;5.350783e-001
3.541296e+003;5.333805e-001
3.541779e+003;5.317025e-001
3.542260e+003;5.300402e-001
3.542743e+003;5.283883e-001
3.543225e+003;5.267425e-001
3.543707e+003;5.251009e-001
3.544189e+003;5.234640e-001
3.544671e+003;5.218334e-001
3.545153e+003;5.202108e-001
3.545635e+003;5.185953e-001
3.546118e+003;5.169858e-001
3.546600e+003;5.153744e-001
3.547082e+003;5.137571e-001
3.547564e+003;5.121283e-001
3.548046e+003;5.104886e-001
3.548528e+003;5.088415e-001
3.549010e+003;5.071957e-001
3.549493e+003;5.055600e-001
3.549975e+003;5.039431e-001
3.550457e+003;5.023502e-001
3.550939e+003;5.007824e-001
3.551421e+003;4.992359e-001
3.551903e+003;4.977052e-001
3.552385e+003;4.961823e-001
3.552868e+003;4.946595e-001
3.553350e+003;4.931292e-001
3.553832e+003;4.915876e-001
3.554314e+003;4.900296e-001
3.554796e+003;4.884544e-001
3.555278e+003;4.868649e-001
3.555760e+003;4.852654e-001
3.556243e+003;4.836635e-001
3.556725e+003;4.820682e-001
3.557207e+003;4.804846e-001
3.557689e+003;4.789174e-001
3.558171e+003;4.773631e-001
3.558653e+003;4.758171e-001
3.559135e+003;4.742714e-001
3.559617e+003;4.727205e-001
3.560100e+003;4.711603e-001
3.560582e+003;4.695914e-001
3.561064e+003;4.680182e-001
3.561546e+003;4.664461e-001
3.562028e+003;4.648792e-001
3.562510e+003;4.633206e-001
3.562992e+003;4.617704e-001
3.563475e+003;4.602292e-001
3.563957e+003;4.586968e-001
3.564439e+003;4.571752e-001
3.564921e+003;4.556669e-001
3.565403e+003;4.541748e-001
3.565885e+003;4.527017e-001
3.566367e+003;4.512481e-001
3.566850e+003;4.498103e-001
3.567332e+003;4.483849e-001
3.567814e+003;4.469639e-001
3.568296e+003;4.455416e-001
3.568778e+003;4.441108e-001
3.569260e+003;4.426675e-001
3.569742e+003;4.412069e-001
3.570225e+003;4.397271e-001
3.570707e+003;4.382253e-001
3.571189e+003;4.367028e-001
3.571671e+003;4.351609e-001
3.572153e+003;4.336042e-001
3.572635e+003;4.320383e-001
3.573117e+003;4.304702e-001
3.573599e+003;4.289058e-001
3.574082e+003;4.273519e-001
3.574564e+003;4.258125e-001
3.575046e+003;4.242926e-001
3.575528e+003;4.227971e-001
3.576010e+003;4.213311e-001
3.576492e+003;4.198987e-001
3.576974e+003;4.185041e-001
3.577457e+003;4.171460e-001
3.577939e+003;4.158204e-001
3.578421e+003;4.145155e-001
3.578903e+003;4.132176e-001
3.579385e+003;4.119094e-001
3.579867e+003;4.105765e-001
3.580349e+003;4.092088e-001
3.580832e+003;4.078047e-001
3.581314e+003;4.063686e-001
3.581796e+003;4.049118e-001
3.582278e+003;4.034460e-001
3.582760e+003;4.019842e-001
3.583242e+003;4.005328e-001
3.583724e+003;3.990965e-001
3.584207e+003;3.976752e-001
3.584689e+003;3.962707e-001
3.585171e+003;3.948841e-001
3.585653e+003;3.935206e-001
3.586135e+003;3.921837e-001
3.586617e+003;3.908761e-001
3.587099e+003;3.895945e-001
3.587582e+003;3.883300e-001
3.588063e+003;3.870679e-001
3.588546e+003;3.857933e-001
3.589028e+003;3.844931e-001
3.589510e+003;3.831627e-001
3.589992e+003;3.818032e-001
3.590474e+003;3.804225e-001
3.590956e+003;3.790305e-001
3.591438e+003;3.776343e-001
3.591921e+003;3.762370e-001
3.592403e+003;3.748376e-001
3.592885e+003;3.734348e-001
3.593367e+003;3.720295e-001
3.593849e+003;3.706258e-001
3.594331e+003;3.692355e-001
3.594813e+003;3.678690e-001
3.595296e+003;3.665355e-001
3.595778e+003;3.652376e-001
3.596260e+003;3.639714e-001
3.596742e+003;3.627239e-001
3.597224e+003;3.614825e-001
3.597706e+003;3.602319e-001
3.598188e+003;3.589625e-001
3.598671e+003;3.576674e-001
3.599153e+003;3.563432e-001
3.599635e+003;3.549892e-001
3.600117e+003;3.536069e-001
3.600599e+003;3.521985e-001
3.601081e+003;3.507713e-001
3.601563e+003;3.493346e-001
3.602046e+003;3.479014e-001
3.602528e+003;3.464817e-001
3.603010e+003;3.450833e-001
3.603492e+003;3.437085e-001
3.603974e+003;3.423562e-001
3.604456e+003;3.410247e-001
3.604938e+003;3.397168e-001
3.605420e+003;3.384398e-001
3.605903e+003;3.372061e-001
3.606385e+003;3.360242e-001
3.606867e+003;3.348970e-001
3.607349e+003;3.338102e-001
3.607831e+003;3.327374e-001
3.608313e+003;3.316427e-001
3.608795e+003;3.304929e-001
3.609278e+003;3.292686e-001
3.609760e+003;3.279703e-001
3.610242e+003;3.266182e-001
3.610724e+003;3.252446e-001
3.611206e+003;3.238811e-001
3.611688e+003;3.225507e-001
3.612170e+003;3.212577e-001
3.612653e+003;3.199926e-001
3.613135e+003;3.187374e-001
3.613617e+003;3.174753e-001
3.614099e+003;3.161970e-001
3.614581e+003;3.149024e-001
3.615063e+003;3.135996e-001
3.615545e+003;3.122976e-001
3.616028e+003;3.110011e-001
3.616510e+003;3.097119e-001
3.616992e+003;3.084265e-001
3.617474e+003;3.071439e-001
3.617956e+003;3.058651e-001
3.618438e+003;3.045949e-001
3.618920e+003;3.033362e-001
3.619403e+003;3.020897e-001
3.619885e+003;3.008488e-001
3.620367e+003;2.996023e-001
3.620849e+003;2.983374e-001
3.621331e+003;2.970488e-001
3.621813e+003;2.957391e-001
3.622295e+003;2.944210e-001
3.622777e+003;2.931080e-001
3.623260e+003;2.918114e-001
3.623742e+003;2.905321e-001
3.624224e+003;2.892598e-001
3.624706e+003;2.879776e-001
3.625188e+003;2.866732e-001
3.625670e+003;2.853434e-001
3.626152e+003;2.840018e-001
3.626635e+003;2.826717e-001
3.627117e+003;2.813804e-001
3.627599e+003;2.801420e-001
3.628081e+003;2.789529e-001
3.628563e+003;2.777844e-001
3.629045e+003;2.765946e-001
3.629527e+003;2.753402e-001
3.630010e+003;2.739934e-001
3.630492e+003;2.725509e-001
3.630974e+003;2.710366e-001
3.631456e+003;2.694906e-001
3.631938e+003;2.679590e-001
3.632420e+003;2.664779e-001
3.632902e+003;2.650653e-001
3.633385e+003;2.637183e-001
3.633867e+003;2.624171e-001
3.634349e+003;2.611329e-001
3.634831e+003;2.598399e-001
3.635313e+003;2.585213e-001
3.635795e+003;2.571728e-001
3.636277e+003;2.557996e-001
3.636760e+003;2.544143e-001
3.637241e+003;2.530277e-001
3.637724e+003;2.516486e-001
3.638206e+003;2.502787e-001
3.638688e+003;2.489160e-001
3.639170e+003;2.475536e-001
3.639652e+003;2.461860e-001
3.640134e+003;2.448063e-001
3.640616e+003;2.434104e-001
3.641099e+003;2.419947e-001
3.641581e+003;2.405564e-001
3.642063e+003;2.390941e-001
3.642545e+003;2.376066e-001
3.643027e+003;2.360947e-001
3.643509e+003;2.345614e-001
3.643991e+003;2.330128e-001
3.644474e+003;2.314565e-001
3.644956e+003;2.299015e-001
3.645438e+003;2.283568e-001
3.645920e+003;2.268296e-001
3.646402e+003;2.253270e-001
3.646884e+003;2.238532e-001
3.647366e+003;2.224119e-001
3.647849e+003;2.210038e-001
3.648331e+003;2.196285e-001
3.648813e+003;2.182782e-001
3.649295e+003;2.169426e-001
3.649777e+003;2.156033e-001
3.650259e+003;2.142410e-001
3.650741e+003;2.128360e-001
3.651224e+003;2.113780e-001
3.651706e+003;2.098643e-001
3.652188e+003;2.083083e-001
3.652670e+003;2.067314e-001
3.653152e+003;2.051620e-001
3.653634e+003;2.036252e-001
3.654116e+003;2.021386e-001
3.654598e+003;2.007050e-001
3.655081e+003;1.993164e-001
3.655563e+003;1.979510e-001
3.656045e+003;1.965864e-001
3.656527e+003;1.951999e-001
3.657009e+003;1.937777e-001
3.657491e+003;1.923163e-001
3.657973e+003;1.908208e-001
3.658456e+003;1.893005e-001
3.658938e+003;1.877690e-001
3.659420e+003;1.862384e-001
3.659902e+003;1.847187e-001
3.660384e+003;1.832174e-001
3.660866e+003;1.817384e-001
3.661348e+003;1.802815e-001
3.661831e+003;1.788446e-001
3.662313e+003;1.774221e-001
3.662795e+003;1.760073e-001
3.663277e+003;1.745933e-001
3.663759e+003;1.731770e-001
3.664241e+003;1.717544e-001
3.664723e+003;1.703264e-001
3.665206e+003;1.688931e-001
3.665688e+003;1.674564e-001
3.666170e+003;1.660222e-001
3.666652e+003;1.645989e-001
3.667134e+003;1.631988e-001
3.667616e+003;1.618423e-001
3.668098e+003;1.605458e-001
3.668581e+003;1.593221e-001
3.669063e+003;1.581699e-001
3.669545e+003;1.570681e-001
3.670027e+003;1.559769e-001
3.670509e+003;1.548495e-001
3.670991e+003;1.536446e-001
3.671473e+003;1.523404e-001
3.671955e+003;1.509470e-001
3.672438e+003;1.495037e-001
3.672920e+003;1.480705e-001
3.673402e+003;1.467086e-001
3.673884e+003;1.454633e-001
3.674366e+003;1.443484e-001
3.674848e+003;1.433397e-001
3.675330e+003;1.423872e-001
3.675813e+003;1.414283e-001
3.676295e+003;1.404145e-001
3.676777e+003;1.393234e-001
3.677259e+003;1.381652e-001
3.677741e+003;1.369716e-001
3.678223e+003;1.357857e-001
3.678705e+003;1.346441e-001
3.679188e+003;1.335680e-001
3.679670e+003;1.325591e-001
3.680152e+003;1.316039e-001
3.680634e+003;1.306831e-001
3.681116e+003;1.297760e-001
3.681598e+003;1.288671e-001
3.682080e+003;1.279456e-001
3.682563e+003;1.270030e-001
3.683045e+003;1.260348e-001
3.683527e+003;1.250380e-001
3.684009e+003;1.240155e-001
3.684491e+003;1.229793e-001
3.684973e+003;1.219522e-001
3.685455e+003;1.209616e-001
3.685938e+003;1.200375e-001
3.686419e+003;1.192013e-001
3.686902e+003;1.184609e-001
3.687384e+003;1.178065e-001
3.687866e+003;1.172144e-001
3.688348e+003;1.166531e-001
3.688830e+003;1.160941e-001
3.689312e+003;1.155177e-001
3.689794e+003;1.149146e-001
3.690277e+003;1.142838e-001
3.690759e+003;1.136306e-001
3.691241e+003;1.129581e-001
3.691723e+003;1.122690e-001
3.692205e+003;1.115640e-001
3.692687e+003;1.108458e-001
3.693169e+003;1.101211e-001
3.693652e+003;1.093995e-001
3.694134e+003;1.086922e-001
3.694616e+003;1.080109e-001
3.695098e+003;1.073608e-001
3.695580e+003;1.067428e-001
3.696062e+003;1.061515e-001
3.696544e+003;1.055814e-001
3.697027e+003;1.050270e-001
3.697509e+003;1.044881e-001
3.697991e+003;1.039663e-001
3.698473e+003;1.034670e-001
3.698955e+003;1.029930e-001
3.699437e+003;1.025466e-001
3.699919e+003;1.021241e-001
3.700402e+003;1.017204e-001
3.700884e+003;1.013281e-001
3.701366e+003;1.009393e-001
3.701848e+003;1.005480e-001
3.702330e+003;1.001490e-001
3.702812e+003;9.973811e-002
3.703294e+003;9.931289e-002
3.703776e+003;9.887448e-002
3.704259e+003;9.842681e-002
3.704741e+003;9.797616e-002
3.705223e+003;9.753270e-002
3.705705e+003;9.710673e-002
3.706187e+003;9.670736e-002
3.706669e+003;9.633863e-002
3.707151e+003;9.600130e-002
3.707634e+003;9.569187e-002
3.708116e+003;9.540928e-002
3.708598e+003;9.515131e-002
3.709080e+003;9.492159e-002
3.709562e+003;9.472482e-002
3.710044e+003;9.456491e-002
3.710526e+003;9.443836e-002
3.711009e+003;9.433381e-002
3.711491e+003;9.423041e-002
3.711973e+003;9.410261e-002
3.712455e+003;9.392615e-002
3.712937e+003;9.368695e-002
3.713419e+003;9.338306e-002
3.713901e+003;9.302790e-002
3.714384e+003;9.264355e-002
3.714866e+003;9.225775e-002
3.715348e+003;9.189202e-002
3.715830e+003;9.156171e-002
3.716312e+003;9.126893e-002
3.716794e+003;9.100882e-002
3.717276e+003;9.076849e-002
3.717759e+003;9.053830e-002
3.718240e+003;9.030847e-002
3.718723e+003;9.007744e-002
3.719205e+003;8.984678e-002
3.719687e+003;8.962195e-002
3.720169e+003;8.940700e-002
3.720651e+003;8.920596e-002
3.721133e+003;8.901884e-002
3.721615e+003;8.884393e-002
3.722098e+003;8.867772e-002
3.722580e+003;8.851839e-002
3.723062e+003;8.836374e-002
3.723544e+003;8.821621e-002
3.724026e+003;8.807831e-002
3.724508e+003;8.795379e-002
3.724990e+003;8.784281e-002
3.725473e+003;8.774236e-002
3.725955e+003;8.764150e-002
3.726437e+003;8.752707e-002
3.726919e+003;8.738407e-002
3.727401e+003;8.720310e-002
3.727883e+003;8.698419e-002
3.728365e+003;8.674036e-002
3.728848e+003;8.649506e-002
3.729330e+003;8.627777e-002
3.729812e+003;8.611257e-002
3.730294e+003;8.601252e-002
3.730776e+003;8.597032e-002
3.731258e+003;8.596579e-002
3.731740e+003;8.596765e-002
3.732223e+003;8.594889e-002
3.732705e+003;8.589439e-002
3.733187e+003;8.580727e-002
3.733669e+003;8.570423e-002
3.734151e+003;8.560704e-002
3.734633e+003;8.553056e-002
3.735115e+003;8.548003e-002
3.735597e+003;8.544448e-002
3.736080e+003;8.540801e-002
3.736562e+003;8.535470e-002
3.737044e+003;8.527945e-002
3.737526e+003;8.518539e-002
3.738008e+003;8.508073e-002
3.738490e+003;8.496835e-002
3.738972e+003;8.484238e-002
3.739455e+003;8.468622e-002
3.739937e+003;8.448371e-002
3.740419e+003;8.423129e-002
3.740901e+003;8.394766e-002
3.741383e+003;8.367628e-002
3.741865e+003;8.347744e-002
3.742347e+003;8.340477e-002
3.742830e+003;8.348615e-002
3.743312e+003;8.370347e-002
3.743794e+003;8.399428e-002
3.744276e+003;8.426602e-002
3.744758e+003;8.443172e-002
3.745240e+003;8.443606e-002
3.745722e+003;8.427686e-002
3.746205e+003;8.399805e-002
3.746687e+003;8.367425e-002
3.747169e+003;8.337996e-002
3.747651e+003;8.317217e-002
3.748133e+003;8.307596e-002
3.748615e+003;8.308417e-002
3.749097e+003;8.316963e-002
3.749580e+003;8.329893e-002
3.750062e+003;8.344290e-002
3.750544e+003;8.358327e-002
3.751026e+003;8.370560e-002
3.751508e+003;8.379645e-002
3.751990e+003;8.383667e-002
3.752472e+003;8.380752e-002
3.752954e+003;8.369589e-002
3.753437e+003;8.350595e-002
3.753919e+003;8.325773e-002
3.754401e+003;8.298817e-002
3.754883e+003;8.273545e-002
3.755365e+003;8.253036e-002
3.755847e+003;8.238596e-002
3.756329e+003;8.229809e-002
3.756812e+003;8.224779e-002
3.757294e+003;8.221605e-002
3.757776e+003;8.218928e-002
3.758258e+003;8.216631e-002
3.758740e+003;8.215131e-002
3.759222e+003;8.215228e-002
3.759704e+003;8.216701e-002
3.760187e+003;8.218724e-002
3.760669e+003;8.219725e-002
3.761151e+003;8.218315e-002
3.761633e+003;8.214021e-002
3.762115e+003;8.207668e-002
3.762597e+003;8.200788e-002
3.763079e+003;8.195233e-002
3.763562e+003;8.192179e-002
3.764044e+003;8.191445e-002
3.764526e+003;8.191733e-002
3.765008e+003;8.191248e-002
3.765490e+003;8.188467e-002
3.765972e+003;8.182982e-002
3.766454e+003;8.175528e-002
3.766937e+003;8.167744e-002
3.767418e+003;8.161508e-002
3.767901e+003;8.158103e-002
3.768383e+003;8.157769e-002
3.768865e+003;8.159903e-002
3.769347e+003;8.163033e-002
3.769829e+003;8.165942e-002
3.770311e+003;8.167407e-002
3.770793e+003;8.167072e-002
3.771276e+003;8.164898e-002
3.771758e+003;8.161449e-002
3.772240e+003;8.157146e-002
3.772722e+003;8.152460e-002
3.773204e+003;8.147563e-002
3.773686e+003;8.142624e-002
3.774168e+003;8.137449e-002
3.774651e+003;8.132022e-002
3.775133e+003;8.126108e-002
3.775615e+003;8.119915e-002
3.776097e+003;8.113696e-002
3.776579e+003;8.108210e-002
3.777061e+003;8.104195e-002
3.777543e+003;8.102456e-002
3.778026e+003;8.103174e-002
3.778508e+003;8.105997e-002
3.778990e+003;8.109754e-002
3.779472e+003;8.112854e-002
3.779954e+003;8.113758e-002
3.780436e+003;8.111542e-002
3.780918e+003;8.106088e-002
3.781401e+003;8.098342e-002
3.781883e+003;8.089858e-002
3.782365e+003;8.082173e-002
3.782847e+003;8.076528e-002
3.783329e+003;8.073489e-002
3.783811e+003;8.072911e-002
3.784293e+003;8.074322e-002
3.784775e+003;8.077037e-002
3.785258e+003;8.080384e-002
3.785740e+003;8.083732e-002
3.786222e+003;8.086344e-002
3.786704e+003;8.087465e-002
3.787186e+003;8.086412e-002
3.787668e+003;8.082815e-002
3.788150e+003;8.077002e-002
3.788633e+003;8.070000e-002
3.789115e+003;8.063485e-002
3.789597e+003;8.058893e-002
3.790079e+003;8.057071e-002
3.790561e+003;8.057502e-002
3.791043e+003;8.058513e-002
3.791525e+003;8.057664e-002
3.792008e+003;8.052857e-002
3.792490e+003;8.043021e-002
3.792972e+003;8.029013e-002
3.793454e+003;8.013183e-002
3.793936e+003;7.998866e-002
3.794418e+003;7.989047e-002
3.794900e+003;7.985245e-002
3.795383e+003;7.986788e-002
3.795865e+003;7.991142e-002
3.796347e+003;7.994627e-002
3.796829e+003;7.993964e-002
3.797311e+003;7.987332e-002
3.797793e+003;7.975350e-002
3.798275e+003;7.960844e-002
3.798758e+003;7.947972e-002
3.799240e+003;7.940977e-002
3.799722e+003;7.942578e-002
3.800204e+003;7.952848e-002
3.800686e+003;7.969134e-002
3.801168e+003;7.986550e-002
3.801650e+003;7.999647e-002
3.802132e+003;8.004153e-002
3.802615e+003;7.998660e-002
3.803097e+003;7.984875e-002
3.803579e+003;7.967225e-002
3.804061e+003;7.951358e-002
3.804543e+003;7.942485e-002
3.805025e+003;7.943637e-002
3.805507e+003;7.954751e-002
3.805990e+003;7.972816e-002
3.806472e+003;7.993045e-002
3.806954e+003;8.010489e-002
3.807436e+003;8.021806e-002
3.807918e+003;8.025987e-002
3.808400e+003;8.024447e-002
3.808882e+003;8.019648e-002
3.809365e+003;8.013786e-002
3.809847e+003;8.007699e-002
3.810329e+003;8.000682e-002
3.810811e+003;7.990880e-002
3.811293e+003;7.976718e-002
3.811775e+003;7.957768e-002
3.812257e+003;7.936019e-002
3.812740e+003;7.915077e-002
3.813222e+003;7.899592e-002
3.813704e+003;7.893487e-002
3.814186e+003;7.898580e-002
3.814668e+003;7.913777e-002
3.815150e+003;7.935053e-002
3.815632e+003;7.956667e-002
3.816115e+003;7.972970e-002
3.816596e+003;7.979883e-002
3.817079e+003;7.976364e-002
3.817561e+003;7.964180e-002
3.818043e+003;7.947666e-002
3.818525e+003;7.931839e-002
3.819007e+003;7.921466e-002
3.819489e+003;7.919306e-002
3.819971e+003;7.925842e-002
3.820454e+003;7.938713e-002
3.820936e+003;7.953926e-002
3.821418e+003;7.966753e-002
3.821900e+003;7.973671e-002
3.822382e+003;7.973016e-002
3.822864e+003;7.965688e-002
3.823346e+003;7.954612e-002
3.823829e+003;7.943627e-002
3.824311e+003;7.936148e-002
3.824793e+003;7.934317e-002
3.825275e+003;7.938123e-002
3.825757e+003;7.945771e-002
3.826239e+003;7.954500e-002
3.826721e+003;7.961408e-002
3.827204e+003;7.964566e-002
3.827686e+003;7.963361e-002
3.828168e+003;7.958496e-002
3.828650e+003;7.951420e-002
3.829132e+003;7.943598e-002
3.829614e+003;7.936386e-002
3.830096e+003;7.930198e-002
3.830579e+003;7.925072e-002
3.831061e+003;7.920691e-002
3.831543e+003;7.916576e-002
3.832025e+003;7.912179e-002
3.832507e+003;7.907209e-002
3.832989e+003;7.901518e-002
3.833471e+003;7.895586e-002
3.833953e+003;7.890251e-002
3.834436e+003;7.887128e-002
3.834918e+003;7.888053e-002
3.835400e+003;7.894734e-002
3.835882e+003;7.907948e-002
3.836364e+003;7.926937e-002
3.836846e+003;7.949173e-002
3.837328e+003;7.971017e-002
3.837811e+003;7.988374e-002
3.838293e+003;7.998263e-002
3.838775e+003;7.999442e-002
3.839257e+003;7.992786e-002
3.839739e+003;7.980884e-002
3.840221e+003;7.967030e-002
3.840703e+003;7.954241e-002
3.841186e+003;7.944628e-002
3.841668e+003;7.938923e-002
3.842150e+003;7.936782e-002
3.842632e+003;7.937004e-002
3.843114e+003;7.938454e-002
3.843596e+003;7.939783e-002
3.844078e+003;7.940045e-002
3.844561e+003;7.938489e-002
3.845043e+003;7.934877e-002
3.845525e+003;7.929310e-002
3.846007e+003;7.922380e-002
3.846489e+003;7.914887e-002
3.846971e+003;7.907673e-002
3.847453e+003;7.900859e-002
3.847936e+003;7.893936e-002
3.848417e+003;7.885662e-002
3.848900e+003;7.874724e-002
3.849382e+003;7.860710e-002
3.849864e+003;7.844943e-002
3.850346e+003;7.830656e-002
3.850828e+003;7.822812e-002
3.851310e+003;7.826252e-002
3.851792e+003;7.844298e-002
3.852275e+003;7.876892e-002
3.852757e+003;7.920022e-002
3.853239e+003;7.966264e-002
3.853721e+003;8.007346e-002
3.854203e+003;8.036174e-002
3.854685e+003;8.049147e-002
3.855167e+003;8.046468e-002
3.855650e+003;8.031791e-002
3.856132e+003;8.010130e-002
3.856614e+003;7.986603e-002
3.857096e+003;7.964843e-002
3.857578e+003;7.947033e-002
3.858060e+003;7.933645e-002
3.858542e+003;7.924515e-002
3.859025e+003;7.918950e-002
3.859507e+003;7.916293e-002
3.859989e+003;7.915673e-002
3.860471e+003;7.916367e-002
3.860953e+003;7.917610e-002
3.861435e+003;7.918920e-002
3.861917e+003;7.920393e-002
3.862400e+003;7.922683e-002
3.862882e+003;7.926691e-002
3.863364e+003;7.932806e-002
3.863846e+003;7.940333e-002
3.864328e+003;7.947526e-002
3.864810e+003;7.951499e-002
3.865292e+003;7.949765e-002
3.865774e+003;7.941369e-002
3.866257e+003;7.927760e-002
3.866739e+003;7.912646e-002
3.867221e+003;7.901102e-002
3.867703e+003;7.897640e-002
3.868185e+003;7.904872e-002
3.868667e+003;7.921860e-002
3.869149e+003;7.944714e-002
3.869632e+003;7.967616e-002
3.870114e+003;7.985014e-002
3.870596e+003;7.993460e-002
3.871078e+003;7.992760e-002
3.871560e+003;7.985254e-002
3.872042e+003;7.975042e-002
3.872524e+003;7.965917e-002
3.873007e+003;7.960316e-002
3.873489e+003;7.958616e-002
3.873971e+003;7.959512e-002
3.874453e+003;7.960866e-002
3.874935e+003;7.960834e-002
3.875417e+003;7.958324e-002
3.875899e+003;7.953619e-002
3.876382e+003;7.947674e-002
3.876864e+003;7.942104e-002
3.877346e+003;7.938190e-002
3.877828e+003;7.936981e-002
3.878310e+003;7.938803e-002
3.878792e+003;7.943482e-002
3.879274e+003;7.949980e-002
3.879757e+003;7.956952e-002
3.880239e+003;7.962564e-002
3.880721e+003;7.964914e-002
3.881203e+003;7.962897e-002
3.881685e+003;7.956579e-002
3.882167e+003;7.947318e-002
3.882649e+003;7.938138e-002
3.883131e+003;7.932327e-002
3.883614e+003;7.933123e-002
3.884096e+003;7.942094e-002
3.884578e+003;7.958487e-002
3.885060e+003;7.979111e-002
3.885542e+003;7.999445e-002
3.886024e+003;8.014331e-002
3.886506e+003;8.020213e-002
3.886989e+003;8.015630e-002
3.887471e+003;8.002119e-002
3.887953e+003;7.983296e-002
3.888435e+003;7.963986e-002
3.888917e+003;7.948872e-002
3.889399e+003;7.941416e-002
3.889881e+003;7.942927e-002
3.890364e+003;7.952680e-002
3.890846e+003;7.968032e-002
3.891328e+003;7.985657e-002
3.891810e+003;8.002155e-002
3.892292e+003;8.015031e-002
3.892774e+003;8.023071e-002
3.893256e+003;8.026405e-002
3.893739e+003;8.025816e-002
3.894221e+003;8.022711e-002
3.894703e+003;8.018060e-002
3.895185e+003;8.012855e-002
3.895667e+003;8.007365e-002
3.896149e+003;8.001791e-002
3.896631e+003;7.996108e-002
3.897114e+003;7.990438e-002
3.897595e+003;7.984914e-002
3.898078e+003;7.979848e-002
3.898560e+003;7.975420e-002
3.899042e+003;7.971802e-002
3.899524e+003;7.969104e-002
3.900006e+003;7.967529e-002
3.900488e+003;7.967350e-002
3.900970e+003;7.969309e-002
3.901453e+003;7.973777e-002
3.901935e+003;7.981145e-002
3.902417e+003;7.991009e-002
3.902899e+003;8.002584e-002
3.903381e+003;8.014258e-002
3.903863e+003;8.024347e-002
3.904345e+003;8.031510e-002
3.904828e+003;8.035133e-002
3.905310e+003;8.035339e-002
3.905792e+003;8.033047e-002
3.906274e+003;8.029466e-002
3.906756e+003;8.025842e-002
3.907238e+003;8.022746e-002
3.907720e+003;8.020656e-002
3.908203e+003;8.019514e-002
3.908685e+003;8.019336e-002
3.909167e+003;8.020121e-002
3.909649e+003;8.022142e-002
3.910131e+003;8.025481e-002
3.910613e+003;8.030003e-002
3.911095e+003;8.035191e-002
3.911578e+003;8.040027e-002
3.912060e+003;8.043642e-002
3.912542e+003;8.045325e-002
3.913024e+003;8.044971e-002
3.913506e+003;8.043243e-002
3.913988e+003;8.041134e-002
3.914470e+003;8.039963e-002
3.914952e+003;8.040681e-002
3.915435e+003;8.043671e-002
3.915917e+003;8.048511e-002
3.916399e+003;8.054427e-002
3.916881e+003;8.060045e-002
3.917363e+003;8.064277e-002
3.917845e+003;8.066086e-002
3.918327e+003;8.064982e-002
3.918810e+003;8.060992e-002
3.919292e+003;8.054549e-002
3.919774e+003;8.046690e-002
3.920256e+003;8.038650e-002
3.920738e+003;8.031794e-002
3.921220e+003;8.027551e-002
3.921702e+003;8.026754e-002
3.922185e+003;8.029880e-002
3.922667e+003;8.036631e-002
3.923149e+003;8.046122e-002
3.923631e+003;8.057155e-002
3.924113e+003;8.068424e-002
3.924595e+003;8.078592e-002
3.925077e+003;8.086839e-002
3.925560e+003;8.092388e-002
3.926042e+003;8.095060e-002
3.926524e+003;8.094811e-002
3.927006e+003;8.092040e-002
3.927488e+003;8.087358e-002
3.927970e+003;8.081909e-002
3.928452e+003;8.076869e-002
3.928935e+003;8.073547e-002
3.929417e+003;8.072723e-002
3.929899e+003;8.074723e-002
3.930381e+003;8.079031e-002
3.930863e+003;8.084501e-002
3.931345e+003;8.089700e-002
3.931827e+003;8.093411e-002
3.932309e+003;8.094744e-002
3.932792e+003;8.093728e-002
3.933274e+003;8.090867e-002
3.933756e+003;8.087226e-002
3.934238e+003;8.083775e-002
3.934720e+003;8.081377e-002
3.935202e+003;8.080371e-002
3.935684e+003;8.080840e-002
3.936167e+003;8.082418e-002
3.936649e+003;8.084694e-002
3.937131e+003;8.087203e-002
3.937613e+003;8.089438e-002
3.938095e+003;8.091017e-002
3.938577e+003;8.091760e-002
3.939059e+003;8.091643e-002
3.939542e+003;8.091237e-002
3.940024e+003;8.091133e-002
3.940506e+003;8.092246e-002
3.940988e+003;8.095167e-002
3.941470e+003;8.100374e-002
3.941952e+003;8.107336e-002
3.942434e+003;8.115176e-002
3.942917e+003;8.122361e-002
3.943399e+003;8.127669e-002
3.943881e+003;8.130033e-002
3.944363e+003;8.129340e-002
3.944845e+003;8.126181e-002
3.945327e+003;8.121897e-002
3.945809e+003;8.117832e-002
3.946292e+003;8.115260e-002
3.946773e+003;8.114591e-002
3.947256e+003;8.115817e-002
3.947738e+003;8.118138e-002
3.948220e+003;8.120803e-002
3.948702e+003;8.122988e-002
3.949184e+003;8.124473e-002
3.949666e+003;8.125547e-002
3.950148e+003;8.126690e-002
3.950631e+003;8.128493e-002
3.951113e+003;8.131433e-002
3.951595e+003;8.135185e-002
3.952077e+003;8.139323e-002
3.952559e+003;8.142816e-002
3.953041e+003;8.144975e-002
3.953523e+003;8.145227e-002
3.954006e+003;8.143637e-002
3.954488e+003;8.140673e-002
3.954970e+003;8.137215e-002
3.955452e+003;8.133973e-002
3.955934e+003;8.131488e-002
3.956416e+003;8.129621e-002
3.956898e+003;8.128095e-002
3.957381e+003;8.126240e-002
3.957863e+003;8.123780e-002
3.958345e+003;8.120671e-002
3.958827e+003;8.117452e-002
3.959309e+003;8.114989e-002
3.959791e+003;8.114272e-002
3.960273e+003;8.115934e-002
3.960755e+003;8.120348e-002
3.961238e+003;8.127088e-002
3.961720e+003;8.135563e-002
3.962202e+003;8.144508e-002
3.962684e+003;8.153044e-002
3.963166e+003;8.159985e-002
3.963648e+003;8.164654e-002
3.964130e+003;8.166377e-002
3.964613e+003;8.165029e-002
3.965095e+003;8.160774e-002
3.965577e+003;8.154134e-002
3.966059e+003;8.146032e-002
3.966541e+003;8.137955e-002
3.967023e+003;8.130965e-002
3.967505e+003;8.126372e-002
3.967988e+003;8.124521e-002
3.968470e+003;8.125425e-002
3.968952e+003;8.128412e-002
3.969434e+003;8.132446e-002
3.969916e+003;8.136687e-002
3.970398e+003;8.140394e-002
3.970880e+003;8.143464e-002
3.971363e+003;8.146177e-002
3.971845e+003;8.148877e-002
3.972327e+003;8.152143e-002
3.972809e+003;8.156086e-002
3.973291e+003;8.160664e-002
3.973773e+003;8.165548e-002
3.974255e+003;8.170418e-002
3.974738e+003;8.174890e-002
3.975219e+003;8.178725e-002
3.975702e+003;8.181830e-002
3.976184e+003;8.184218e-002
3.976666e+003;8.185790e-002
3.977148e+003;8.186617e-002
3.977630e+003;8.186559e-002
3.978112e+003;8.185811e-002
3.978594e+003;8.184190e-002
3.979077e+003;8.182016e-002
3.979559e+003;8.179165e-002
3.980041e+003;8.176076e-002
3.980523e+003;8.172849e-002
3.981005e+003;8.169760e-002
3.981487e+003;8.167277e-002
3.981969e+003;8.165943e-002
3.982452e+003;8.166046e-002
3.982934e+003;8.167865e-002
3.983416e+003;8.171055e-002
3.983898e+003;8.175212e-002
3.984380e+003;8.179370e-002
3.984862e+003;8.182631e-002
3.985344e+003;8.184258e-002
3.985827e+003;8.184127e-002
3.986309e+003;8.182209e-002
3.986791e+003;8.179321e-002
3.987273e+003;8.176029e-002
3.987755e+003;8.173222e-002
3.988237e+003;8.171233e-002
3.988719e+003;8.170184e-002
3.989202e+003;8.169828e-002
3.989684e+003;8.169956e-002
3.990166e+003;8.170152e-002
3.990648e+003;8.170447e-002
3.991130e+003;8.170839e-002
3.991612e+003;8.171798e-002
3.992094e+003;8.173783e-002
3.992576e+003;8.177225e-002
3.993059e+003;8.182317e-002
3.993541e+003;8.188701e-002
3.994023e+003;8.195516e-002
3.994505e+003;8.201654e-002
3.994987e+003;8.205628e-002
3.995469e+003;8.206549e-002
3.995951e+003;8.203861e-002
3.996434e+003;8.198382e-002
3.996916e+003;8.191526e-002
3.997398e+003;8.185516e-002
3.997880e+003;8.182296e-002
3.998362e+003;8.183158e-002
3.998844e+003;8.187991e-002
3.999326e+003;8.195439e-002
3.999809e+003;8.203068e-002
4.000291e+003;0.000000e+000
