3.996916e+002;0.000000e+000
4.001737e+002;1.769420e-001
4.006559e+002;1.786399e-001
4.011380e+002;1.814704e-001
4.016201e+002;1.850098e-001
4.021023e+002;1.886379e-001
4.025844e+002;1.917738e-001
4.030666e+002;1.941003e-001
4.035487e+002;1.956465e-001
4.040308e+002;1.966479e-001
4.045130e+002;1.973164e-001
4.049951e+002;1.976691e-001
4.054772e+002;1.975493e-001
4.059594e+002;1.967611e-001
4.064415e+002;1.952934e-001
4.069236e+002;1.934248e-001
4.074058e+002;1.916707e-001
4.078879e+002;1.905838e-001
4.083701e+002;1.905651e-001
4.088522e+002;1.917263e-001
4.093343e+002;1.938707e-001
4.098165e+002;1.965749e-001
4.102986e+002;1.993535e-001
4.107807e+002;2.018222e-001
4.112629e+002;2.038138e-001
4.117450e+002;2.053219e-001
4.122271e+002;2.064052e-001
4.127093e+002;2.070617e-001
4.131914e+002;2.072208e-001
4.136736e+002;2.067975e-001
4.141557e+002;2.058071e-001
4.146378e+002;2.044134e-001
4.151200e+002;2.028989e-001
4.156021e+002;2.015482e-001
4.160843e+002;2.005404e-001
4.165664e+002;1.998752e-001
4.170485e+002;1.994098e-001
4.175307e+002;1.989493e-001
4.180128e+002;1.983723e-001
4.184949e+002;1.977084e-001
4.189771e+002;1.971320e-001
4.194592e+002;1.968608e-001
4.199413e+002;1.970434e-001
4.204235e+002;1.976744e-001
4.209056e+002;1.985997e-001
4.213878e+002;1.995831e-001
4.218699e+002;2.004194e-001
4.223520e+002;2.010165e-001
4.228342e+002;2.014212e-001
4.233163e+002;2.017576e-001
4.237984e+002;2.021409e-001
4.242806e+002;2.025985e-001
4.247627e+002;2.030553e-001
4.252448e+002;2.033761e-001
4.257270e+002;2.034514e-001
4.262091e+002;2.032639e-001
4.266913e+002;2.029106e-001
4.271734e+002;2.025547e-001
4.276555e+002;2.023465e-001
4.281377e+002;2.023512e-001
4.286198e+002;2.025233e-001
4.291020e+002;2.027275e-001
4.295841e+002;2.028059e-001
4.300662e+002;2.026433e-001
4.305484e+002;2.022111e-001
4.310305e+002;2.015617e-001
4.315126e+002;2.007937e-001
4.319948e+002;2.000053e-001
4.324769e+002;1.992720e-001
4.329590e+002;1.986445e-001
4.334412e+002;1.981690e-001
4.339233e+002;1.978988e-001
4.344055e+002;1.978980e-001
4.348876e+002;1.982196e-001
4.353697e+002;1.988778e-001
4.358519e+002;1.998285e-001
4.363340e+002;2.009715e-001
4.368161e+002;2.021760e-001
4.372983e+002;2.033260e-001
4.377804e+002;2.043522e-001
4.382625e+002;2.052472e-001
4.387447e+002;2.060430e-001
4.392268e+002;2.067785e-001
4.397090e+002;2.074646e-001
4.401911e+002;2.080736e-001
4.406732e+002;2.085553e-001
4.411554e+002;2.088679e-001
4.416375e+002;2.090025e-001
4.421196e+002;2.089903e-001
4.426018e+002;2.088821e-001
4.430839e+002;2.087172e-001
4.435660e+002;2.084991e-001
4.440482e+002;2.081980e-001
4.445303e+002;2.077732e-001
4.450125e+002;2.072159e-001
4.454946e+002;2.065740e-001
4.459767e+002;2.059575e-001
4.464589e+002;2.055083e-001
4.469410e+002;2.053552e-001
4.474232e+002;2.055700e-001
4.479053e+002;2.061432e-001
4.483874e+002;2.069866e-001
4.488696e+002;2.079610e-001
4.493517e+002;2.089141e-001
4.498338e+002;2.097173e-001
4.503160e+002;2.102872e-001
4.507981e+002;2.105926e-001
4.512802e+002;2.106462e-001
4.517624e+002;2.105018e-001
4.522445e+002;2.102437e-001
4.527267e+002;2.099798e-001
4.532088e+002;2.098240e-001
4.536909e+002;2.098695e-001
4.541731e+002;2.101627e-001
4.546552e+002;2.106860e-001
4.551373e+002;2.113591e-001
4.556195e+002;2.120661e-001
4.561016e+002;2.126954e-001
4.565837e+002;2.131825e-001
4.570659e+002;2.135327e-001
4.575480e+002;2.138163e-001
4.580302e+002;2.141305e-001
4.585123e+002;2.145538e-001
4.589944e+002;2.151110e-001
4.594766e+002;2.157650e-001
4.599587e+002;2.164353e-001
4.604409e+002;2.170401e-001
4.609230e+002;2.175275e-001
4.614051e+002;2.178916e-001
4.618873e+002;2.181596e-001
4.623694e+002;2.183674e-001
4.628515e+002;2.185271e-001
4.633337e+002;2.186217e-001
4.638158e+002;2.186165e-001
4.642979e+002;2.184861e-001
4.647801e+002;2.182405e-001
4.652622e+002;2.179325e-001
4.657444e+002;2.176439e-001
4.662265e+002;2.174562e-001
4.667086e+002;2.174226e-001
4.671908e+002;2.175535e-001
4.676729e+002;2.178215e-001
4.681550e+002;2.181824e-001
4.686372e+002;2.185951e-001
4.691193e+002;2.190377e-001
4.696014e+002;2.195033e-001
4.700836e+002;2.199894e-001
4.705657e+002;2.204821e-001
4.710479e+002;2.209499e-001
4.715300e+002;2.213509e-001
4.720121e+002;2.216499e-001
4.724943e+002;2.218311e-001
4.729764e+002;2.219084e-001
4.734586e+002;2.219169e-001
4.739407e+002;2.219044e-001
4.744228e+002;2.219148e-001
4.749050e+002;2.219831e-001
4.753871e+002;2.221333e-001
4.758692e+002;2.223803e-001
4.763514e+002;2.227265e-001
4.768335e+002;2.231577e-001
4.773156e+002;2.236360e-001
4.777978e+002;2.241032e-001
4.782799e+002;2.244929e-001
4.787621e+002;2.247584e-001
4.792442e+002;2.248971e-001
4.797263e+002;2.249641e-001
4.802085e+002;2.250594e-001
4.806906e+002;2.252931e-001
4.811727e+002;2.257383e-001
4.816549e+002;2.263970e-001
4.821370e+002;2.271898e-001
4.826191e+002;2.279832e-001
4.831013e+002;2.286401e-001
4.835834e+002;2.290751e-001
4.840656e+002;2.292867e-001
4.845477e+002;2.293540e-001
4.850298e+002;2.293946e-001
4.855120e+002;2.295135e-001
4.859941e+002;2.297578e-001
4.864763e+002;2.301069e-001
4.869584e+002;2.304919e-001
4.874405e+002;2.308397e-001
4.879227e+002;2.311113e-001
4.884048e+002;2.313232e-001
4.888869e+002;2.315359e-001
4.893691e+002;2.318216e-001
4.898512e+002;2.322269e-001
4.903333e+002;2.327498e-001
4.908155e+002;2.333412e-001
4.912976e+002;2.339286e-001
4.917798e+002;2.344464e-001
4.922619e+002;2.348622e-001
4.927440e+002;2.351815e-001
4.932262e+002;2.354370e-001
4.937083e+002;2.356681e-001
4.941904e+002;2.359024e-001
4.946726e+002;2.361501e-001
4.951547e+002;2.364087e-001
4.956368e+002;2.366715e-001
4.961190e+002;2.369371e-001
4.966011e+002;2.372098e-001
4.970833e+002;2.374945e-001
4.975654e+002;2.377903e-001
4.980475e+002;2.380879e-001
4.985297e+002;2.383724e-001
4.990118e+002;2.386301e-001
4.994940e+002;2.388508e-001
4.999761e+002;2.390296e-001
5.004582e+002;2.391599e-001
5.009404e+002;2.392310e-001
5.014225e+002;2.392305e-001
5.019046e+002;2.391535e-001
5.023868e+002;2.390148e-001
5.028689e+002;2.388583e-001
5.033510e+002;2.387498e-001
5.038332e+002;2.387610e-001
5.043153e+002;2.389408e-001
5.047975e+002;2.392957e-001
5.052796e+002;2.397828e-001
5.057617e+002;2.403223e-001
5.062439e+002;2.408263e-001
5.067260e+002;2.412314e-001
5.072081e+002;2.415175e-001
5.076903e+002;2.417099e-001
5.081724e+002;2.418590e-001
5.086545e+002;2.420128e-001
5.091367e+002;2.421954e-001
5.096188e+002;2.424010e-001
5.101010e+002;2.426040e-001
5.105831e+002;2.427790e-001
5.110652e+002;2.429182e-001
5.115474e+002;2.430345e-001
5.120295e+002;2.431555e-001
5.125117e+002;2.433069e-001
5.129938e+002;2.434992e-001
5.134760e+002;2.437274e-001
5.139581e+002;2.439778e-001
5.144402e+002;2.442421e-001
5.149224e+002;2.445246e-001
5.154045e+002;2.448406e-001
5.158866e+002;2.452027e-001
5.163688e+002;2.456077e-001
5.168509e+002;2.460289e-001
5.173330e+002;2.464230e-001
5.178152e+002;2.467489e-001
5.182973e+002;2.469892e-001
5.187794e+002;2.471631e-001
5.192616e+002;2.473208e-001
5.197437e+002;2.475241e-001
5.202258e+002;2.478199e-001
5.207080e+002;2.482195e-001
5.211901e+002;2.486967e-001
5.216722e+002;2.491989e-001
5.221544e+002;2.496712e-001
5.226365e+002;2.500777e-001
5.231187e+002;2.504103e-001
5.236008e+002;2.506821e-001
5.240829e+002;2.509149e-001
5.245651e+002;2.511222e-001
5.250472e+002;2.513054e-001
5.255294e+002;2.514583e-001
5.260115e+002;2.515790e-001
5.264937e+002;2.516768e-001
5.269758e+002;2.517733e-001
5.274579e+002;2.518919e-001
5.279401e+002;2.520445e-001
5.284222e+002;2.522220e-001
5.289043e+002;2.523989e-001
5.293865e+002;2.525438e-001
5.298686e+002;2.526386e-001
5.303507e+002;2.526901e-001
5.308329e+002;2.527298e-001
5.313150e+002;2.527979e-001
5.317971e+002;2.529287e-001
5.322793e+002;2.531313e-001
5.327614e+002;2.533875e-001
5.332435e+002;2.536617e-001
5.337257e+002;2.539189e-001
5.342078e+002;2.541394e-001
5.346899e+002;2.543259e-001
5.351721e+002;2.544967e-001
5.356542e+002;2.546729e-001
5.361364e+002;2.548634e-001
5.366185e+002;2.550623e-001
5.371006e+002;2.552507e-001
5.375828e+002;2.554116e-001
5.380649e+002;2.555380e-001
5.385471e+002;2.556389e-001
5.390292e+002;2.557312e-001
5.395114e+002;2.558310e-001
5.399935e+002;2.559424e-001
5.404756e+002;2.560559e-001
5.409578e+002;2.561550e-001
5.414399e+002;2.562274e-001
5.419220e+002;2.562739e-001
5.424042e+002;2.563111e-001
5.428863e+002;2.563619e-001
5.433684e+002;2.564472e-001
5.438506e+002;2.565731e-001
5.443327e+002;2.567317e-001
5.448148e+002;2.569050e-001
5.452970e+002;2.570777e-001
5.457791e+002;2.572439e-001
5.462612e+002;2.574091e-001
5.467434e+002;2.575824e-001
5.472255e+002;2.577687e-001
5.477076e+002;2.579602e-001
5.481898e+002;2.581384e-001
5.486719e+002;2.582830e-001
5.491541e+002;2.583841e-001
5.496362e+002;2.584493e-001
5.501183e+002;2.585026e-001
5.506005e+002;2.585734e-001
5.510826e+002;2.586823e-001
5.515648e+002;2.588314e-001
5.520469e+002;2.590035e-001
5.525291e+002;2.591714e-001
5.530112e+002;2.593143e-001
5.534933e+002;2.594281e-001
5.539755e+002;2.595289e-001
5.544576e+002;2.596430e-001
5.549397e+002;2.597938e-001
5.554219e+002;2.599879e-001
5.559040e+002;2.602102e-001
5.563861e+002;2.604318e-001
5.568683e+002;2.606224e-001
5.573504e+002;2.607626e-001
5.578325e+002;2.608527e-001
5.583147e+002;2.609075e-001
5.587968e+002;2.609482e-001
5.592789e+002;2.609911e-001
5.597611e+002;2.610430e-001
5.602432e+002;2.611010e-001
5.607253e+002;2.611625e-001
5.612075e+002;2.612291e-001
5.616896e+002;2.613090e-001
5.621718e+002;2.614123e-001
5.626539e+002;2.615424e-001
5.631360e+002;2.616899e-001
5.636182e+002;2.618329e-001
5.641003e+002;2.619451e-001
5.645825e+002;2.620076e-001
5.650646e+002;2.620179e-001
5.655468e+002;2.619930e-001
5.660289e+002;2.619604e-001
5.665110e+002;2.619477e-001
5.669932e+002;2.619697e-001
5.674753e+002;2.620241e-001
5.679574e+002;2.620943e-001
5.684396e+002;2.621604e-001
5.689217e+002;2.622077e-001
5.694038e+002;2.622329e-001
5.698860e+002;2.622427e-001
5.703681e+002;2.622474e-001
5.708502e+002;2.622535e-001
5.713324e+002;2.622619e-001
5.718145e+002;2.622692e-001
5.722966e+002;2.622760e-001
5.727787e+002;2.622891e-001
5.732609e+002;2.623237e-001
5.737430e+002;2.623963e-001
5.742252e+002;2.625166e-001
5.747073e+002;2.626799e-001
5.751895e+002;2.628669e-001
5.756716e+002;2.630481e-001
5.761537e+002;2.631960e-001
5.766359e+002;2.632932e-001
5.771180e+002;2.633388e-001
5.776002e+002;2.633436e-001
5.780823e+002;2.633266e-001
5.785644e+002;2.633035e-001
5.790466e+002;2.632851e-001
5.795287e+002;2.632762e-001
5.800108e+002;2.632793e-001
5.804930e+002;2.632981e-001
5.809751e+002;2.633373e-001
5.814572e+002;2.633986e-001
5.819394e+002;2.634768e-001
5.824215e+002;2.635579e-001
5.829036e+002;2.636223e-001
5.833858e+002;2.636503e-001
5.838679e+002;2.636329e-001
5.843500e+002;2.635745e-001
5.848322e+002;2.634912e-001
5.853143e+002;2.634041e-001
5.857964e+002;2.633297e-001
5.862786e+002;2.632727e-001
5.867607e+002;2.632268e-001
5.872429e+002;2.631811e-001
5.877250e+002;2.631285e-001
5.882072e+002;2.630728e-001
5.886893e+002;2.630288e-001
5.891714e+002;2.630140e-001
5.896536e+002;2.630418e-001
5.901357e+002;2.631115e-001
5.906179e+002;2.632098e-001
5.911000e+002;2.633151e-001
5.915821e+002;2.634083e-001
5.920643e+002;2.634805e-001
5.925464e+002;2.635348e-001
5.930285e+002;2.635820e-001
5.935107e+002;2.636322e-001
5.939928e+002;2.636866e-001
5.944749e+002;2.637365e-001
5.949571e+002;2.637669e-001
5.954392e+002;2.637658e-001
5.959213e+002;2.637302e-001
5.964035e+002;2.636701e-001
5.968856e+002;2.636031e-001
5.973677e+002;2.635472e-001
5.978499e+002;2.635132e-001
5.983320e+002;2.634998e-001
5.988141e+002;2.634969e-001
5.992963e+002;2.634917e-001
5.997784e+002;2.634743e-001
6.002606e+002;2.634425e-001
6.007427e+002;2.633995e-001
6.012249e+002;2.633521e-001
6.017070e+002;2.633047e-001
6.021891e+002;2.632596e-001
6.026713e+002;2.632184e-001
6.031534e+002;2.631847e-001
6.036356e+002;2.631663e-001
6.041177e+002;2.631726e-001
6.045998e+002;2.632095e-001
6.050820e+002;2.632748e-001
6.055641e+002;2.633559e-001
6.060462e+002;2.634329e-001
6.065284e+002;2.634861e-001
6.070105e+002;2.635054e-001
6.074926e+002;2.634936e-001
6.079748e+002;2.634662e-001
6.084569e+002;2.634425e-001
6.089390e+002;2.634369e-001
6.094212e+002;2.634518e-001
6.099033e+002;2.634771e-001
6.103854e+002;2.634957e-001
6.108676e+002;2.634932e-001
6.113497e+002;2.634650e-001
6.118318e+002;2.634185e-001
6.123140e+002;2.633668e-001
6.127961e+002;2.633225e-001
6.132783e+002;2.632887e-001
6.137604e+002;2.632579e-001
6.142426e+002;2.632154e-001
6.147247e+002;2.631489e-001
6.152068e+002;2.630545e-001
6.156890e+002;2.629407e-001
6.161711e+002;2.628245e-001
6.166533e+002;2.627240e-001
6.171354e+002;2.626506e-001
6.176175e+002;2.626054e-001
6.180997e+002;2.625795e-001
6.185818e+002;2.625608e-001
6.190639e+002;2.625399e-001
6.195461e+002;2.625133e-001
6.200282e+002;2.624836e-001
6.205103e+002;2.624556e-001
6.209925e+002;2.624316e-001
6.214746e+002;2.624098e-001
6.219567e+002;2.623841e-001
6.224388e+002;2.623484e-001
6.229210e+002;2.622985e-001
6.234031e+002;2.622350e-001
6.238853e+002;2.621599e-001
6.243674e+002;2.620761e-001
6.248495e+002;2.619842e-001
6.253317e+002;2.618845e-001
6.258138e+002;2.617778e-001
6.262960e+002;2.616694e-001
6.267781e+002;2.615685e-001
6.272603e+002;2.614861e-001
6.277424e+002;2.614284e-001
6.282245e+002;2.613944e-001
6.287067e+002;2.613728e-001
6.291888e+002;2.613472e-001
6.296709e+002;2.613020e-001
6.301531e+002;2.612308e-001
6.306352e+002;2.611390e-001
6.311173e+002;2.610421e-001
6.315995e+002;2.609586e-001
6.320816e+002;2.609005e-001
6.325637e+002;2.608691e-001
6.330459e+002;2.608539e-001
6.335280e+002;2.608384e-001
6.340101e+002;2.608092e-001
6.344923e+002;2.607614e-001
6.349744e+002;2.607004e-001
6.354565e+002;2.606374e-001
6.359387e+002;2.605833e-001
6.364208e+002;2.605408e-001
6.369030e+002;2.605042e-001
6.373851e+002;2.604617e-001
6.378672e+002;2.604015e-001
6.383494e+002;2.603181e-001
6.388315e+002;2.602144e-001
6.393137e+002;2.600991e-001
6.397958e+002;2.599832e-001
6.402780e+002;2.598749e-001
6.407601e+002;2.597781e-001
6.412422e+002;2.596932e-001
6.417244e+002;2.596211e-001
6.422065e+002;2.595639e-001
6.426886e+002;2.595246e-001
6.431708e+002;2.595040e-001
6.436529e+002;2.594967e-001
6.441350e+002;2.594899e-001
6.446172e+002;2.594661e-001
6.450993e+002;2.594087e-001
6.455814e+002;2.593093e-001
6.460636e+002;2.591707e-001
6.465457e+002;2.590072e-001
6.470278e+002;2.588367e-001
6.475100e+002;2.586758e-001
6.479921e+002;2.585316e-001
6.484742e+002;2.584027e-001
6.489564e+002;2.582815e-001
6.494385e+002;2.581613e-001
6.499207e+002;2.580414e-001
6.504028e+002;2.579270e-001
6.508849e+002;2.578267e-001
6.513671e+002;2.577470e-001
6.518492e+002;2.576864e-001
6.523314e+002;2.576360e-001
6.528135e+002;2.575813e-001
6.532957e+002;2.575094e-001
6.537778e+002;2.574130e-001
6.542599e+002;2.572930e-001
6.547421e+002;2.571562e-001
6.552242e+002;2.570112e-001
6.557063e+002;2.568649e-001
6.561885e+002;2.567198e-001
6.566706e+002;2.565766e-001
6.571527e+002;2.564372e-001
6.576349e+002;2.563054e-001
6.581170e+002;2.561877e-001
6.585991e+002;2.560882e-001
6.590813e+002;2.560069e-001
6.595634e+002;2.559357e-001
6.600455e+002;2.558615e-001
6.605277e+002;2.557709e-001
6.610098e+002;2.556558e-001
6.614919e+002;2.555170e-001
6.619741e+002;2.553636e-001
6.624562e+002;2.552078e-001
6.629384e+002;2.550597e-001
6.634205e+002;2.549213e-001
6.639026e+002;2.547880e-001
6.643848e+002;2.546501e-001
6.648669e+002;2.545007e-001
6.653491e+002;2.543384e-001
6.658312e+002;2.541684e-001
6.663134e+002;2.540000e-001
6.667955e+002;2.538407e-001
6.672776e+002;2.536927e-001
6.677598e+002;2.535524e-001
6.682419e+002;2.534132e-001
6.687240e+002;2.532707e-001
6.692062e+002;2.531255e-001
6.696883e+002;2.529846e-001
6.701704e+002;2.528552e-001
6.706526e+002;2.527420e-001
6.711347e+002;2.526417e-001
6.716168e+002;2.525439e-001
6.720990e+002;2.524354e-001
6.725811e+002;2.523060e-001
6.730632e+002;2.521538e-001
6.735454e+002;2.519855e-001
6.740275e+002;2.518140e-001
6.745096e+002;2.516519e-001
6.749918e+002;2.515057e-001
6.754739e+002;2.513750e-001
6.759561e+002;2.512518e-001
6.764382e+002;2.511270e-001
6.769203e+002;2.509932e-001
6.774025e+002;2.508477e-001
6.778846e+002;2.506910e-001
6.783668e+002;2.505244e-001
6.788489e+002;2.503482e-001
6.793311e+002;2.501608e-001
6.798132e+002;2.499622e-001
6.802953e+002;2.497560e-001
6.807775e+002;2.495505e-001
6.812596e+002;2.493574e-001
6.817417e+002;2.491862e-001
6.822239e+002;2.490396e-001
6.827060e+002;2.489105e-001
6.831881e+002;2.487831e-001
6.836703e+002;2.486394e-001
6.841524e+002;2.484656e-001
6.846345e+002;2.482597e-001
6.851167e+002;2.480313e-001
6.855988e+002;2.477984e-001
6.860809e+002;2.475801e-001
6.865631e+002;2.473893e-001
6.870452e+002;2.472292e-001
6.875273e+002;2.470931e-001
6.880095e+002;2.469701e-001
6.884916e+002;2.468486e-001
6.889738e+002;2.467214e-001
6.894559e+002;2.465860e-001
6.899380e+002;2.464418e-001
6.904202e+002;2.462890e-001
6.909023e+002;2.461268e-001
6.913845e+002;2.459529e-001
6.918666e+002;2.457679e-001
6.923488e+002;2.455745e-001
6.928309e+002;2.453791e-001
6.933130e+002;2.451877e-001
6.937952e+002;2.450040e-001
6.942773e+002;2.448265e-001
6.947594e+002;2.446481e-001
6.952416e+002;2.444609e-001
6.957237e+002;2.442591e-001
6.962058e+002;2.440426e-001
6.966880e+002;2.438172e-001
6.971701e+002;2.435915e-001
6.976522e+002;2.433725e-001
6.981344e+002;2.431610e-001
6.986165e+002;2.429526e-001
6.990986e+002;2.427381e-001
6.995808e+002;2.425100e-001
7.000629e+002;2.422662e-001
7.005450e+002;2.420118e-001
7.010272e+002;2.417574e-001
7.015093e+002;2.415140e-001
7.019915e+002;2.412895e-001
7.024736e+002;2.410846e-001
7.029557e+002;2.408946e-001
7.034379e+002;2.407116e-001
7.039200e+002;2.405275e-001
7.044022e+002;2.403370e-001
7.048843e+002;2.401377e-001
7.053665e+002;2.399287e-001
7.058486e+002;2.397090e-001
7.063307e+002;2.394774e-001
7.068129e+002;2.392331e-001
7.072950e+002;2.389773e-001
7.077771e+002;2.387148e-001
7.082593e+002;2.384531e-001
7.087414e+002;2.381999e-001
7.092235e+002;2.379610e-001
7.097057e+002;2.377370e-001
7.101878e+002;2.375245e-001
7.106699e+002;2.373181e-001
7.111521e+002;2.371134e-001
7.116342e+002;2.369082e-001
7.121163e+002;2.367035e-001
7.125985e+002;2.365011e-001
7.130806e+002;2.363003e-001
7.135627e+002;2.360969e-001
7.140449e+002;2.358839e-001
7.145270e+002;2.356541e-001
7.150092e+002;2.354046e-001
7.154913e+002;2.351381e-001
7.159734e+002;2.348634e-001
7.164556e+002;2.345908e-001
7.169377e+002;2.343289e-001
7.174199e+002;2.340801e-001
7.179020e+002;2.338402e-001
7.183842e+002;2.336018e-001
7.188663e+002;2.333575e-001
7.193484e+002;2.331040e-001
7.198306e+002;2.328431e-001
7.203127e+002;2.325795e-001
7.207948e+002;2.323181e-001
7.212770e+002;2.320608e-001
7.217591e+002;2.318061e-001
7.222412e+002;2.315502e-001
7.227234e+002;2.312922e-001
7.232055e+002;2.310341e-001
7.236876e+002;2.307825e-001
7.241698e+002;2.305451e-001
7.246519e+002;2.303265e-001
7.251340e+002;2.301252e-001
7.256162e+002;2.299327e-001
7.260983e+002;2.297363e-001
7.265804e+002;2.295237e-001
7.270626e+002;2.292878e-001
7.275447e+002;2.290281e-001
7.280269e+002;2.287496e-001
7.285090e+002;2.284604e-001
7.289911e+002;2.281669e-001
7.294733e+002;2.278723e-001
7.299554e+002;2.275771e-001
7.304376e+002;2.272806e-001
7.309197e+002;2.269838e-001
7.314019e+002;2.266899e-001
7.318840e+002;2.264028e-001
7.323661e+002;2.261257e-001
7.328483e+002;2.258580e-001
7.333304e+002;2.255970e-001
7.338125e+002;2.253378e-001
7.342947e+002;2.250776e-001
7.347768e+002;2.248172e-001
7.352589e+002;2.245614e-001
7.357411e+002;2.243161e-001
7.362232e+002;2.240845e-001
7.367053e+002;2.238650e-001
7.371875e+002;2.236500e-001
7.376696e+002;2.234283e-001
7.381517e+002;2.231903e-001
7.386339e+002;2.229308e-001
7.391160e+002;2.226517e-001
7.395981e+002;2.223596e-001
7.400803e+002;2.220627e-001
7.405624e+002;2.217663e-001
7.410446e+002;2.214711e-001
7.415267e+002;2.211748e-001
7.420089e+002;2.208728e-001
7.424910e+002;2.205635e-001
7.429731e+002;2.202497e-001
7.434553e+002;2.199370e-001
7.439374e+002;2.196324e-001
7.444196e+002;2.193401e-001
7.449017e+002;2.190606e-001
7.453838e+002;2.187895e-001
7.458660e+002;2.185217e-001
7.463481e+002;2.182525e-001
7.468302e+002;2.179805e-001
7.473124e+002;2.177079e-001
7.477945e+002;2.174376e-001
7.482766e+002;2.171713e-001
7.487588e+002;2.169087e-001
7.492409e+002;2.166465e-001
7.497230e+002;2.163808e-001
7.502052e+002;2.161084e-001
7.506873e+002;2.158292e-001
7.511694e+002;2.155441e-001
7.516516e+002;2.152549e-001
7.521337e+002;2.149616e-001
7.526158e+002;2.146620e-001
7.530980e+002;2.143530e-001
7.535801e+002;2.140326e-001
7.540623e+002;2.137018e-001
7.545444e+002;2.133658e-001
7.550266e+002;2.130329e-001
7.555087e+002;2.127118e-001
7.559908e+002;2.124082e-001
7.564730e+002;2.121231e-001
7.569551e+002;2.118526e-001
7.574373e+002;2.115899e-001
7.579194e+002;2.113279e-001
7.584015e+002;2.110610e-001
7.588837e+002;2.107874e-001
7.593658e+002;2.105076e-001
7.598479e+002;2.102229e-001
7.603301e+002;2.099349e-001
7.608122e+002;2.096437e-001
7.612943e+002;2.093489e-001
7.617765e+002;2.090496e-001
7.622586e+002;2.087461e-001
7.627407e+002;2.084394e-001
7.632229e+002;2.081310e-001
7.637050e+002;2.078230e-001
7.641871e+002;2.075171e-001
7.646693e+002;2.072151e-001
7.651514e+002;2.069182e-001
7.656335e+002;2.066272e-001
7.661157e+002;2.063418e-001
7.665978e+002;2.060601e-001
7.670800e+002;2.057780e-001
7.675621e+002;2.054902e-001
7.680443e+002;2.051926e-001
7.685264e+002;2.048824e-001
7.690085e+002;2.045613e-001
7.694907e+002;2.042336e-001
7.699728e+002;2.039059e-001
7.704550e+002;2.035840e-001
7.709371e+002;2.032697e-001
7.714192e+002;2.029622e-001
7.719014e+002;2.026570e-001
7.723835e+002;2.023500e-001
7.728656e+002;2.020398e-001
7.733478e+002;2.017280e-001
7.738299e+002;2.014189e-001
7.743120e+002;2.011164e-001
7.747942e+002;2.008213e-001
7.752763e+002;2.005291e-001
7.757584e+002;2.002317e-001
7.762406e+002;1.999204e-001
7.767227e+002;1.995890e-001
7.772048e+002;1.992375e-001
7.776870e+002;1.988720e-001
7.781691e+002;1.985024e-001
7.786512e+002;1.981387e-001
7.791334e+002;1.977869e-001
7.796155e+002;1.974481e-001
7.800977e+002;1.971182e-001
7.805798e+002;1.967912e-001
7.810620e+002;1.964618e-001
7.815441e+002;1.961267e-001
7.820262e+002;1.957861e-001
7.825084e+002;1.954411e-001
7.829905e+002;1.950920e-001
7.834727e+002;1.947384e-001
7.839548e+002;1.943780e-001
7.844369e+002;1.940089e-001
7.849191e+002;1.936306e-001
7.854012e+002;1.932450e-001
7.858833e+002;1.928549e-001
7.863655e+002;1.924641e-001
7.868476e+002;1.920755e-001
7.873297e+002;1.916909e-001
7.878119e+002;1.913116e-001
7.882940e+002;1.909390e-001
7.887761e+002;1.905753e-001
7.892583e+002;1.902229e-001
7.897404e+002;1.898822e-001
7.902225e+002;1.895516e-001
7.907047e+002;1.892253e-001
7.911868e+002;1.888965e-001
7.916689e+002;1.885582e-001
7.921511e+002;1.882076e-001
7.926332e+002;1.878464e-001
7.931154e+002;1.874810e-001
7.935975e+002;1.871192e-001
7.940797e+002;1.867665e-001
7.945618e+002;1.864241e-001
7.950439e+002;1.860880e-001
7.955261e+002;1.857514e-001
7.960082e+002;1.854088e-001
7.964904e+002;1.850578e-001
7.969725e+002;1.847020e-001
7.974546e+002;1.843476e-001
7.979368e+002;1.840014e-001
7.984189e+002;1.836665e-001
7.989010e+002;1.833412e-001
7.993832e+002;1.830201e-001
7.998653e+002;1.826966e-001
8.003474e+002;1.823664e-001
8.008296e+002;1.820298e-001
8.013117e+002;1.816903e-001
8.017938e+002;1.813541e-001
8.022760e+002;1.810252e-001
8.027581e+002;1.807045e-001
8.032402e+002;1.803892e-001
8.037224e+002;1.800747e-001
8.042045e+002;1.797563e-001
8.046866e+002;1.794316e-001
8.051688e+002;1.791007e-001
8.056509e+002;1.787652e-001
8.061331e+002;1.784265e-001
8.066152e+002;1.780853e-001
8.070974e+002;1.777414e-001
8.075795e+002;1.773949e-001
8.080616e+002;1.770477e-001
8.085438e+002;1.767042e-001
8.090259e+002;1.763699e-001
8.095081e+002;1.760500e-001
8.099902e+002;1.757469e-001
8.104723e+002;1.754585e-001
8.109545e+002;1.751793e-001
8.114366e+002;1.749014e-001
8.119187e+002;1.746163e-001
8.124009e+002;1.743185e-001
8.128830e+002;1.740050e-001
8.133651e+002;1.736760e-001
8.138473e+002;1.733338e-001
8.143294e+002;1.729823e-001
8.148115e+002;1.726256e-001
8.152937e+002;1.722681e-001
8.157758e+002;1.719136e-001
8.162579e+002;1.715652e-001
8.167401e+002;1.712237e-001
8.172222e+002;1.708876e-001
8.177043e+002;1.705530e-001
8.181865e+002;1.702143e-001
8.186686e+002;1.698671e-001
8.191508e+002;1.695092e-001
8.196329e+002;1.691419e-001
8.201151e+002;1.687695e-001
8.205972e+002;1.683972e-001
8.210793e+002;1.680284e-001
8.215615e+002;1.676629e-001
8.220436e+002;1.672972e-001
8.225258e+002;1.669254e-001
8.230079e+002;1.665426e-001
8.234900e+002;1.661466e-001
8.239722e+002;1.657397e-001
8.244543e+002;1.653271e-001
8.249364e+002;1.649155e-001
8.254186e+002;1.645105e-001
8.259007e+002;1.641151e-001
8.263828e+002;1.637290e-001
8.268650e+002;1.633508e-001
8.273471e+002;1.629778e-001
8.278292e+002;1.626084e-001
8.283114e+002;1.622414e-001
8.287935e+002;1.618759e-001
8.292756e+002;1.615105e-001
8.297578e+002;1.611431e-001
8.302399e+002;1.607713e-001
8.307220e+002;1.603941e-001
8.312042e+002;1.600119e-001
8.316863e+002;1.596277e-001
8.321685e+002;1.592446e-001
8.326506e+002;1.588657e-001
8.331328e+002;1.584913e-001
8.336149e+002;1.581189e-001
8.340970e+002;1.577449e-001
8.345792e+002;1.573651e-001
8.350613e+002;1.569774e-001
8.355435e+002;1.565831e-001
8.360256e+002;1.561861e-001
8.365077e+002;1.557920e-001
8.369899e+002;1.554060e-001
8.374720e+002;1.550319e-001
8.379541e+002;1.546705e-001
8.384363e+002;1.543209e-001
8.389184e+002;1.539802e-001
8.394005e+002;1.536452e-001
8.398827e+002;1.533121e-001
8.403648e+002;1.529766e-001
8.408469e+002;1.526341e-001
8.413291e+002;1.522806e-001
8.418112e+002;1.519137e-001
8.422933e+002;1.515333e-001
8.427755e+002;1.511426e-001
8.432576e+002;1.507479e-001
8.437397e+002;1.503560e-001
8.442219e+002;1.499732e-001
8.447040e+002;1.496024e-001
8.451862e+002;1.492437e-001
8.456683e+002;1.488937e-001
8.461505e+002;1.485487e-001
8.466326e+002;1.482051e-001
8.471147e+002;1.478618e-001
8.475969e+002;1.475192e-001
8.480790e+002;1.471787e-001
8.485612e+002;1.468405e-001
8.490433e+002;1.465034e-001
8.495254e+002;1.461644e-001
8.500076e+002;1.458203e-001
8.504897e+002;1.454693e-001
8.509718e+002;1.451115e-001
8.514540e+002;1.447499e-001
8.519361e+002;1.443883e-001
8.524182e+002;1.440306e-001
8.529004e+002;1.436791e-001
8.533825e+002;1.433331e-001
8.538646e+002;1.429904e-001
8.543468e+002;1.426478e-001
8.548289e+002;1.423021e-001
8.553110e+002;1.419519e-001
8.557932e+002;1.415969e-001
8.562753e+002;1.412383e-001
8.567574e+002;1.408786e-001
8.572396e+002;1.405212e-001
8.577217e+002;1.401695e-001
8.582039e+002;1.398271e-001
8.586860e+002;1.394965e-001
8.591682e+002;1.391782e-001
8.596503e+002;1.388705e-001
8.601324e+002;1.385689e-001
8.606146e+002;1.382672e-001
8.610967e+002;1.379590e-001
8.615789e+002;1.376403e-001
8.620610e+002;1.373098e-001
8.625431e+002;1.369705e-001
8.630253e+002;1.366276e-001
8.635074e+002;1.362868e-001
8.639895e+002;1.359525e-001
8.644717e+002;1.356261e-001
8.649538e+002;1.353060e-001
8.654359e+002;1.349888e-001
8.659181e+002;1.346707e-001
8.664002e+002;1.343489e-001
8.668823e+002;1.340215e-001
8.673645e+002;1.336878e-001
8.678466e+002;1.333472e-001
8.683287e+002;1.329986e-001
8.688109e+002;1.326412e-001
8.692930e+002;1.322749e-001
8.697751e+002;1.319014e-001
8.702573e+002;1.315242e-001
8.707394e+002;1.311483e-001
8.712216e+002;1.307787e-001
8.717037e+002;1.304182e-001
8.721859e+002;1.300670e-001
8.726680e+002;1.297225e-001
8.731501e+002;1.293800e-001
8.736323e+002;1.290353e-001
8.741144e+002;1.286857e-001
8.745966e+002;1.283311e-001
8.750787e+002;1.279736e-001
8.755608e+002;1.276161e-001
8.760430e+002;1.272615e-001
8.765251e+002;1.269107e-001
8.770072e+002;1.265640e-001
8.774894e+002;1.262199e-001
8.779715e+002;1.258777e-001
8.784536e+002;1.255368e-001
8.789358e+002;1.251973e-001
8.794179e+002;1.248595e-001
8.799000e+002;1.245239e-001
8.803822e+002;1.241900e-001
8.808643e+002;1.238570e-001
8.813464e+002;1.235241e-001
8.818286e+002;1.231907e-001
8.823107e+002;1.228567e-001
8.827928e+002;1.225225e-001
8.832750e+002;1.221887e-001
8.837571e+002;1.218558e-001
8.842393e+002;1.215246e-001
8.847214e+002;1.211966e-001
8.852036e+002;1.208734e-001
8.856857e+002;1.205578e-001
8.861678e+002;1.202526e-001
8.866500e+002;1.199590e-001
8.871321e+002;1.196770e-001
8.876143e+002;1.194040e-001
8.880964e+002;1.191359e-001
8.885785e+002;1.188675e-001
8.890607e+002;1.185953e-001
8.895428e+002;1.183175e-001
8.900249e+002;1.180349e-001
8.905071e+002;1.177505e-001
8.909892e+002;1.174673e-001
8.914713e+002;1.171881e-001
8.919535e+002;1.169141e-001
8.924356e+002;1.166449e-001
8.929177e+002;1.163790e-001
8.933999e+002;1.161149e-001
8.938820e+002;1.158516e-001
8.943641e+002;1.155877e-001
8.948463e+002;1.153222e-001
8.953284e+002;1.150535e-001
8.958105e+002;1.147799e-001
8.962927e+002;1.145002e-001
8.967748e+002;1.142146e-001
8.972570e+002;1.139255e-001
8.977391e+002;1.136374e-001
8.982213e+002;1.133555e-001
8.987034e+002;1.130841e-001
8.991855e+002;1.128243e-001
8.996677e+002;1.125747e-001
9.001498e+002;1.123306e-001
9.006320e+002;1.120862e-001
9.011141e+002;1.118367e-001
9.015962e+002;1.115800e-001
9.020784e+002;1.113168e-001
9.025605e+002;1.110501e-001
9.030426e+002;1.107836e-001
9.035248e+002;1.105197e-001
9.040069e+002;1.102590e-001
9.044890e+002;1.100004e-001
9.049712e+002;1.097420e-001
9.054533e+002;1.094832e-001
9.059354e+002;1.092252e-001
9.064176e+002;1.089704e-001
9.068997e+002;1.087225e-001
9.073818e+002;1.084840e-001
9.078640e+002;1.082558e-001
9.083461e+002;1.080361e-001
9.088282e+002;1.078222e-001
9.093104e+002;1.076110e-001
9.097925e+002;1.074005e-001
9.102747e+002;1.071914e-001
9.107568e+002;1.069849e-001
9.112390e+002;1.067833e-001
9.117211e+002;1.065883e-001
9.122032e+002;1.063993e-001
9.126854e+002;1.062149e-001
9.131675e+002;1.060317e-001
9.136496e+002;1.058472e-001
9.141318e+002;1.056602e-001
9.146139e+002;1.054706e-001
9.150960e+002;1.052808e-001
9.155782e+002;1.050937e-001
9.160603e+002;1.049120e-001
9.165424e+002;1.047378e-001
9.170246e+002;1.045718e-001
9.175067e+002;1.044131e-001
9.179888e+002;1.042596e-001
9.184710e+002;1.041087e-001
9.189531e+002;1.039572e-001
9.194352e+002;1.038020e-001
9.199174e+002;1.036405e-001
9.203995e+002;1.034708e-001
9.208817e+002;1.032921e-001
9.213638e+002;1.031052e-001
9.218459e+002;1.029117e-001
9.223281e+002;1.027139e-001
9.228102e+002;1.025143e-001
9.232924e+002;1.023149e-001
9.237745e+002;1.021158e-001
9.242567e+002;1.019168e-001
9.247388e+002;1.017159e-001
9.252209e+002;1.015115e-001
9.257031e+002;1.013015e-001
9.261852e+002;1.010852e-001
9.266673e+002;1.008624e-001
9.271495e+002;1.006340e-001
9.276316e+002;1.004017e-001
9.281137e+002;1.001672e-001
9.285959e+002;9.993233e-002
9.290780e+002;9.969952e-002
9.295601e+002;9.947009e-002
9.300423e+002;9.924567e-002
9.305244e+002;9.902693e-002
9.310065e+002;9.881401e-002
9.314887e+002;9.860639e-002
9.319708e+002;9.840284e-002
9.324529e+002;9.820220e-002
9.329351e+002;9.800331e-002
9.334172e+002;9.780564e-002
9.338994e+002;9.760920e-002
9.343815e+002;9.741436e-002
9.348636e+002;9.722164e-002
9.353458e+002;9.703068e-002
9.358279e+002;9.684098e-002
9.363101e+002;9.665114e-002
9.367922e+002;9.645966e-002
9.372744e+002;9.626489e-002
9.377565e+002;9.606604e-002
9.382386e+002;9.586335e-002
9.387208e+002;9.565753e-002
9.392029e+002;9.545047e-002
9.396850e+002;9.524409e-002
9.401672e+002;9.504065e-002
9.406493e+002;9.484206e-002
9.411314e+002;9.464963e-002
9.416136e+002;9.446418e-002
9.420957e+002;9.428564e-002
9.425778e+002;9.411339e-002
9.430600e+002;9.394547e-002
9.435421e+002;9.377965e-002
9.440242e+002;9.361414e-002
9.445064e+002;9.344700e-002
9.449885e+002;9.327770e-002
9.454706e+002;9.310695e-002
9.459528e+002;9.293622e-002
9.464349e+002;9.276741e-002
9.469171e+002;9.260182e-002
9.473992e+002;9.244010e-002
9.478813e+002;9.228124e-002
9.483635e+002;9.212384e-002
9.488456e+002;9.196597e-002
9.493278e+002;9.180665e-002
9.498099e+002;9.164629e-002
9.502921e+002;9.148666e-002
9.507742e+002;9.133054e-002
9.512563e+002;9.118103e-002
9.517385e+002;9.104033e-002
9.522206e+002;9.090936e-002
9.527027e+002;9.078657e-002
9.531849e+002;9.066979e-002
9.536670e+002;9.055528e-002
9.541491e+002;9.044003e-002
9.546313e+002;9.032112e-002
9.551134e+002;9.019790e-002
9.555955e+002;9.007013e-002
9.560777e+002;8.993935e-002
9.565598e+002;8.980866e-002
9.570419e+002;8.968095e-002
9.575241e+002;8.956022e-002
9.580062e+002;8.945025e-002
9.584883e+002;8.935411e-002
9.589705e+002;8.927403e-002
9.594526e+002;8.921019e-002
9.599348e+002;8.916063e-002
9.604169e+002;8.912182e-002
9.608990e+002;8.908865e-002
9.613812e+002;8.905578e-002
9.618633e+002;8.901873e-002
9.623455e+002;8.897483e-002
9.628276e+002;8.892342e-002
9.633098e+002;8.886613e-002
9.637919e+002;8.880583e-002
9.642740e+002;8.874569e-002
9.647562e+002;8.868869e-002
9.652383e+002;8.863619e-002
9.657204e+002;8.858881e-002
9.662026e+002;8.854537e-002
9.666847e+002;8.850418e-002
9.671668e+002;8.846263e-002
9.676490e+002;8.841807e-002
9.681311e+002;8.836807e-002
9.686132e+002;8.831084e-002
9.690954e+002;8.824511e-002
9.695775e+002;8.817185e-002
9.700596e+002;8.809309e-002
9.705418e+002;8.801267e-002
9.710239e+002;8.793529e-002
9.715060e+002;8.786597e-002
9.719882e+002;8.780845e-002
9.724703e+002;8.776511e-002
9.729525e+002;8.773623e-002
9.734346e+002;8.772043e-002
9.739167e+002;8.771547e-002
9.743989e+002;8.771921e-002
9.748810e+002;8.773033e-002
9.753632e+002;8.774865e-002
9.758453e+002;8.777443e-002
9.763275e+002;8.780823e-002
9.768096e+002;8.784975e-002
9.772917e+002;8.789813e-002
9.777739e+002;8.795091e-002
9.782560e+002;8.800586e-002
9.787381e+002;8.806042e-002
9.792203e+002;8.811277e-002
9.797024e+002;8.816219e-002
9.801845e+002;8.820869e-002
9.806667e+002;8.825301e-002
9.811488e+002;8.829652e-002
9.816309e+002;8.834041e-002
9.821131e+002;8.838640e-002
9.825952e+002;8.843613e-002
9.830773e+002;8.849142e-002
9.835595e+002;8.855350e-002
9.840416e+002;8.862371e-002
9.845237e+002;8.870196e-002
9.850059e+002;8.878786e-002
9.854880e+002;8.888045e-002
9.859702e+002;8.897849e-002
9.864523e+002;8.908121e-002
9.869344e+002;8.918844e-002
9.874166e+002;8.930032e-002
9.878987e+002;8.941729e-002
9.883809e+002;8.953954e-002
9.888630e+002;8.966621e-002
9.893452e+002;8.979593e-002
9.898273e+002;8.992618e-002
9.903094e+002;9.005378e-002
9.907916e+002;9.017541e-002
9.912737e+002;9.028762e-002
9.917558e+002;9.038691e-002
9.922380e+002;9.046996e-002
9.927201e+002;9.053438e-002
9.932022e+002;9.057803e-002
9.936844e+002;9.060080e-002
9.941665e+002;9.060372e-002
9.946486e+002;9.058996e-002
9.951308e+002;9.056368e-002
9.956129e+002;9.053008e-002
9.960950e+002;9.049373e-002
9.965772e+002;9.045830e-002
9.970593e+002;9.042572e-002
9.975414e+002;9.039674e-002
9.980236e+002;9.037067e-002
9.985057e+002;9.034665e-002
9.989879e+002;9.032344e-002
9.994700e+002;9.030017e-002
9.999521e+002;9.027577e-002
1.000434e+003;9.024904e-002
1.000916e+003;9.021821e-002
1.001399e+003;9.018146e-002
1.001881e+003;9.013755e-002
1.002363e+003;9.008625e-002
1.002845e+003;9.002897e-002
1.003327e+003;8.996841e-002
1.003809e+003;8.990839e-002
1.004291e+003;8.985293e-002
1.004773e+003;8.980463e-002
1.005256e+003;8.976486e-002
1.005738e+003;8.973291e-002
1.006220e+003;8.970738e-002
1.006702e+003;8.968646e-002
1.007184e+003;8.966929e-002
1.007666e+003;8.965665e-002
1.008148e+003;8.965071e-002
1.008631e+003;8.965450e-002
1.009113e+003;8.967131e-002
1.009595e+003;8.970325e-002
1.010077e+003;8.975179e-002
1.010559e+003;8.981622e-002
1.011041e+003;8.989496e-002
1.011523e+003;8.998551e-002
1.012006e+003;9.008513e-002
1.012488e+003;9.019026e-002
1.012970e+003;9.029765e-002
1.013452e+003;9.040386e-002
1.013934e+003;9.050539e-002
1.014416e+003;9.059967e-002
1.014898e+003;9.068466e-002
1.015381e+003;9.075909e-002
1.015863e+003;9.082315e-002
1.016345e+003;9.087723e-002
1.016827e+003;9.092221e-002
1.017309e+003;9.095879e-002
1.017791e+003;9.098739e-002
1.018273e+003;9.100839e-002
1.018755e+003;9.102240e-002
1.019238e+003;9.103088e-002
1.019720e+003;9.103598e-002
1.020202e+003;9.104033e-002
1.020684e+003;9.104674e-002
1.021166e+003;9.105682e-002
1.021648e+003;9.107210e-002
1.022130e+003;9.109242e-002
1.022613e+003;9.111778e-002
1.023095e+003;9.114908e-002
1.023577e+003;9.118831e-002
1.024059e+003;9.123909e-002
1.024541e+003;9.130591e-002
1.025023e+003;9.139328e-002
1.025505e+003;9.150355e-002
1.025988e+003;9.163693e-002
1.026470e+003;9.179035e-002
1.026952e+003;9.195859e-002
1.027434e+003;9.213547e-002
1.027916e+003;9.231470e-002
1.028398e+003;9.249162e-002
1.028880e+003;9.266303e-002
1.029363e+003;9.282754e-002
1.029845e+003;9.298427e-002
1.030327e+003;9.313308e-002
1.030809e+003;9.327333e-002
1.031291e+003;9.340417e-002
1.031773e+003;9.352469e-002
1.032255e+003;9.363422e-002
1.032738e+003;9.373184e-002
1.033220e+003;9.381735e-002
1.033702e+003;9.389058e-002
1.034184e+003;9.395102e-002
1.034666e+003;9.399880e-002
1.035148e+003;9.403494e-002
1.035630e+003;9.406167e-002
1.036112e+003;9.408204e-002
1.036594e+003;9.410056e-002
1.037077e+003;9.412140e-002
1.037559e+003;9.414741e-002
1.038041e+003;9.418023e-002
1.038523e+003;9.421872e-002
1.039005e+003;9.426107e-002
1.039487e+003;9.430382e-002
1.039969e+003;9.434449e-002
1.040452e+003;9.438204e-002
1.040934e+003;9.441707e-002
1.041416e+003;9.445114e-002
1.041898e+003;9.448669e-002
1.042380e+003;9.452593e-002
1.042862e+003;9.457047e-002
1.043344e+003;9.462091e-002
1.043827e+003;9.467724e-002
1.044309e+003;9.473936e-002
1.044791e+003;9.480746e-002
1.045273e+003;9.488110e-002
1.045755e+003;9.496066e-002
1.046237e+003;9.504573e-002
1.046719e+003;9.513609e-002
1.047202e+003;9.523171e-002
1.047684e+003;9.533271e-002
1.048166e+003;9.544022e-002
1.048648e+003;9.555619e-002
1.049130e+003;9.568284e-002
1.049612e+003;9.582242e-002
1.050094e+003;9.597646e-002
1.050577e+003;9.614525e-002
1.051059e+003;9.632774e-002
1.051541e+003;9.652149e-002
1.052023e+003;9.672305e-002
1.052505e+003;9.692935e-002
1.052987e+003;9.713724e-002
1.053469e+003;9.734416e-002
1.053951e+003;9.754810e-002
1.054434e+003;9.774770e-002
1.054916e+003;9.794117e-002
1.055398e+003;9.812680e-002
1.055880e+003;9.830206e-002
1.056362e+003;9.846430e-002
1.056844e+003;9.860992e-002
1.057326e+003;9.873567e-002
1.057809e+003;9.883857e-002
1.058291e+003;9.891684e-002
1.058773e+003;9.896997e-002
1.059255e+003;9.899917e-002
1.059737e+003;9.900667e-002
1.060219e+003;9.899575e-002
1.060701e+003;9.896992e-002
1.061184e+003;9.893178e-002
1.061666e+003;9.888312e-002
1.062148e+003;9.882470e-002
1.062630e+003;9.875578e-002
1.063112e+003;9.867532e-002
1.063594e+003;9.858166e-002
1.064076e+003;9.847363e-002
1.064559e+003;9.835024e-002
1.065041e+003;9.821188e-002
1.065523e+003;9.805938e-002
1.066005e+003;9.789509e-002
1.066487e+003;9.772161e-002
1.066969e+003;9.754194e-002
1.067451e+003;9.735877e-002
1.067933e+003;9.717457e-002
1.068416e+003;9.699047e-002
1.068898e+003;9.680714e-002
1.069380e+003;9.662490e-002
1.069862e+003;9.644395e-002
1.070344e+003;9.626488e-002
1.070826e+003;9.608854e-002
1.071308e+003;9.591635e-002
1.071791e+003;9.575006e-002
1.072273e+003;9.559108e-002
1.072755e+003;9.544063e-002
1.073237e+003;9.529991e-002
1.073719e+003;9.517009e-002
1.074201e+003;9.505240e-002
1.074683e+003;9.494849e-002
1.075166e+003;9.486017e-002
1.075648e+003;9.478875e-002
1.076130e+003;9.473494e-002
1.076612e+003;9.469799e-002
1.077094e+003;9.467628e-002
1.077576e+003;9.466711e-002
1.078058e+003;9.466730e-002
1.078541e+003;9.467401e-002
1.079023e+003;9.468445e-002
1.079505e+003;9.469613e-002
1.079987e+003;9.470624e-002
1.080469e+003;9.471110e-002
1.080951e+003;9.470589e-002
1.081433e+003;9.468542e-002
1.081916e+003;9.464335e-002
1.082398e+003;9.457409e-002
1.082880e+003;9.447294e-002
1.083362e+003;9.433658e-002
1.083844e+003;9.416379e-002
1.084326e+003;9.395493e-002
1.084808e+003;9.371220e-002
1.085290e+003;9.343974e-002
1.085772e+003;9.314290e-002
1.086255e+003;9.282885e-002
1.086737e+003;9.250506e-002
1.087219e+003;9.217939e-002
1.087701e+003;9.185834e-002
1.088183e+003;9.154665e-002
1.088665e+003;9.124664e-002
1.089147e+003;9.095823e-002
1.089630e+003;9.068021e-002
1.090112e+003;9.041096e-002
1.090594e+003;9.015072e-002
1.091076e+003;8.990143e-002
1.091558e+003;8.966725e-002
1.092040e+003;8.945350e-002
1.092522e+003;8.926553e-002
1.093005e+003;8.910728e-002
1.093487e+003;8.898070e-002
1.093969e+003;8.888550e-002
1.094451e+003;8.881976e-002
1.094933e+003;8.878103e-002
1.095415e+003;8.876716e-002
1.095897e+003;8.877613e-002
1.096380e+003;8.880650e-002
1.096862e+003;8.885679e-002
1.097344e+003;8.892475e-002
1.097826e+003;8.900797e-002
1.098308e+003;8.910348e-002
1.098790e+003;8.920842e-002
1.099272e+003;8.932073e-002
1.099755e+003;8.943891e-002
1.100237e+003;8.956197e-002
1.100719e+003;8.968849e-002
1.101201e+003;8.981635e-002
1.101683e+003;8.994241e-002
1.102165e+003;9.006254e-002
1.102647e+003;9.017253e-002
1.103129e+003;9.026816e-002
1.103612e+003;9.034628e-002
1.104094e+003;9.040492e-002
1.104576e+003;9.044301e-002
1.105058e+003;9.046002e-002
1.105540e+003;9.045604e-002
1.106022e+003;9.043100e-002
1.106504e+003;9.038554e-002
1.106987e+003;9.032116e-002
1.107469e+003;9.023964e-002
1.107951e+003;9.014381e-002
1.108433e+003;9.003694e-002
1.108915e+003;8.992162e-002
1.109397e+003;8.979996e-002
1.109879e+003;8.967285e-002
1.110362e+003;8.954085e-002
1.110844e+003;8.940385e-002
1.111326e+003;8.926291e-002
1.111808e+003;8.912011e-002
1.112290e+003;8.897828e-002
1.112772e+003;8.884099e-002
1.113254e+003;8.871101e-002
1.113736e+003;8.858971e-002
1.114219e+003;8.847686e-002
1.114701e+003;8.837010e-002
1.115183e+003;8.826666e-002
1.115665e+003;8.816361e-002
1.116147e+003;8.805972e-002
1.116629e+003;8.795510e-002
1.117111e+003;8.785223e-002
1.117594e+003;8.775415e-002
1.118076e+003;8.766422e-002
1.118558e+003;8.758458e-002
1.119040e+003;8.751621e-002
1.119522e+003;8.745793e-002
1.120004e+003;8.740830e-002
1.120486e+003;8.736420e-002
1.120969e+003;8.732368e-002
1.121451e+003;8.728472e-002
1.121933e+003;8.724675e-002
1.122415e+003;8.720912e-002
1.122897e+003;8.717186e-002
1.123379e+003;8.713547e-002
1.123861e+003;8.710046e-002
1.124344e+003;8.706807e-002
1.124826e+003;8.703979e-002
1.125308e+003;8.701774e-002
1.125790e+003;8.700428e-002
1.126272e+003;8.700126e-002
1.126754e+003;8.700965e-002
1.127236e+003;8.702936e-002
1.127719e+003;8.705899e-002
1.128201e+003;8.709612e-002
1.128683e+003;8.713740e-002
1.129165e+003;8.717969e-002
1.129647e+003;8.721980e-002
1.130129e+003;8.725508e-002
1.130611e+003;8.728379e-002
1.131093e+003;8.730466e-002
1.131576e+003;8.731799e-002
1.132058e+003;8.732498e-002
1.132540e+003;8.732869e-002
1.133022e+003;8.733336e-002
1.133504e+003;8.734416e-002
1.133986e+003;8.736587e-002
1.134468e+003;8.740188e-002
1.134950e+003;8.745302e-002
1.135433e+003;8.751706e-002
1.135915e+003;8.758883e-002
1.136397e+003;8.766124e-002
1.136879e+003;8.772689e-002
1.137361e+003;8.777986e-002
1.137843e+003;8.781648e-002
1.138325e+003;8.783639e-002
1.138808e+003;8.784147e-002
1.139290e+003;8.783565e-002
1.139772e+003;8.782300e-002
1.140254e+003;8.780716e-002
1.140736e+003;8.778994e-002
1.141218e+003;8.777267e-002
1.141700e+003;8.775507e-002
1.142183e+003;8.773706e-002
1.142665e+003;8.771892e-002
1.143147e+003;8.770185e-002
1.143629e+003;8.768633e-002
1.144111e+003;8.767352e-002
1.144593e+003;8.766291e-002
1.145075e+003;8.765322e-002
1.145557e+003;8.764175e-002
1.146040e+003;8.762495e-002
1.146522e+003;8.759986e-002
1.147004e+003;8.756451e-002
1.147486e+003;8.751887e-002
1.147968e+003;8.746506e-002
1.148450e+003;8.740655e-002
1.148932e+003;8.734822e-002
1.149415e+003;8.729412e-002
1.149897e+003;8.724733e-002
1.150379e+003;8.720930e-002
1.150861e+003;8.717920e-002
1.151343e+003;8.715472e-002
1.151825e+003;8.713330e-002
1.152307e+003;8.711194e-002
1.152790e+003;8.708899e-002
1.153272e+003;8.706377e-002
1.153754e+003;8.703745e-002
1.154236e+003;8.701157e-002
1.154718e+003;8.698887e-002
1.155200e+003;8.697127e-002
1.155682e+003;8.696034e-002
1.156165e+003;8.695568e-002
1.156647e+003;8.695599e-002
1.157129e+003;8.695823e-002
1.157611e+003;8.695828e-002
1.158093e+003;8.695238e-002
1.158575e+003;8.693673e-002
1.159057e+003;8.690908e-002
1.159540e+003;8.686919e-002
1.160022e+003;8.681797e-002
1.160504e+003;8.675830e-002
1.160986e+003;8.669303e-002
1.161468e+003;8.662533e-002
1.161950e+003;8.655657e-002
1.162432e+003;8.648730e-002
1.162914e+003;8.641653e-002
1.163397e+003;8.634245e-002
1.163879e+003;8.626348e-002
1.164361e+003;8.617863e-002
1.164843e+003;8.608847e-002
1.165325e+003;8.599463e-002
1.165807e+003;8.589993e-002
1.166289e+003;8.580749e-002
1.166771e+003;8.572011e-002
1.167254e+003;8.563956e-002
1.167736e+003;8.556673e-002
1.168218e+003;8.550127e-002
1.168700e+003;8.544229e-002
1.169182e+003;8.538860e-002
1.169664e+003;8.533902e-002
1.170146e+003;8.529291e-002
1.170629e+003;8.524998e-002
1.171111e+003;8.521061e-002
1.171593e+003;8.517473e-002
1.172075e+003;8.514255e-002
1.172557e+003;8.511400e-002
1.173039e+003;8.508869e-002
1.173521e+003;8.506636e-002
1.174004e+003;8.504662e-002
1.174486e+003;8.502951e-002
1.174968e+003;8.501515e-002
1.175450e+003;8.500431e-002
1.175932e+003;8.499794e-002
1.176414e+003;8.499729e-002
1.176896e+003;8.500361e-002
1.177379e+003;8.501783e-002
1.177861e+003;8.504105e-002
1.178343e+003;8.507304e-002
1.178825e+003;8.511320e-002
1.179307e+003;8.515974e-002
1.179789e+003;8.520946e-002
1.180271e+003;8.525892e-002
1.180754e+003;8.530437e-002
1.181236e+003;8.534261e-002
1.181718e+003;8.537187e-002
1.182200e+003;8.539214e-002
1.182682e+003;8.540503e-002
1.183164e+003;8.541339e-002
1.183646e+003;8.541992e-002
1.184128e+003;8.542728e-002
1.184611e+003;8.543681e-002
1.185093e+003;8.544860e-002
1.185575e+003;8.546217e-002
1.186057e+003;8.547669e-002
1.186539e+003;8.549174e-002
1.187021e+003;8.550728e-002
1.187503e+003;8.552356e-002
1.187986e+003;8.554058e-002
1.188468e+003;8.555751e-002
1.188950e+003;8.557280e-002
1.189432e+003;8.558505e-002
1.189914e+003;8.559234e-002
1.190396e+003;8.559458e-002
1.190878e+003;8.559282e-002
1.191361e+003;8.559029e-002
1.191843e+003;8.559001e-002
1.192325e+003;8.559573e-002
1.192807e+003;8.560929e-002
1.193289e+003;8.563115e-002
1.193771e+003;8.566014e-002
1.194253e+003;8.569354e-002
1.194735e+003;8.572858e-002
1.195218e+003;8.576258e-002
1.195700e+003;8.579342e-002
1.196182e+003;8.582018e-002
1.196664e+003;8.584278e-002
1.197146e+003;8.586185e-002
1.197628e+003;8.587836e-002
1.198110e+003;8.589382e-002
1.198593e+003;8.590949e-002
1.199075e+003;8.592658e-002
1.199557e+003;8.594530e-002
1.200039e+003;8.596484e-002
1.200521e+003;8.598346e-002
1.201003e+003;8.599947e-002
1.201485e+003;8.601055e-002
1.201968e+003;8.601653e-002
1.202450e+003;8.601852e-002
1.202932e+003;8.601918e-002
1.203414e+003;8.602183e-002
1.203896e+003;8.602943e-002
1.204378e+003;8.604353e-002
1.204860e+003;8.606381e-002
1.205343e+003;8.608817e-002
1.205825e+003;8.611376e-002
1.206307e+003;8.613822e-002
1.206789e+003;8.616094e-002
1.207271e+003;8.618219e-002
1.207753e+003;8.620407e-002
1.208235e+003;8.622862e-002
1.208718e+003;8.625775e-002
1.209200e+003;8.629163e-002
1.209682e+003;8.632949e-002
1.210164e+003;8.636916e-002
1.210646e+003;8.640904e-002
1.211128e+003;8.644728e-002
1.211610e+003;8.648293e-002
1.212092e+003;8.651552e-002
1.212575e+003;8.654509e-002
1.213057e+003;8.657167e-002
1.213539e+003;8.659569e-002
1.214021e+003;8.661812e-002
1.214503e+003;8.664060e-002
1.214985e+003;8.666562e-002
1.215467e+003;8.669534e-002
1.215949e+003;8.673184e-002
1.216432e+003;8.677587e-002
1.216914e+003;8.682607e-002
1.217396e+003;8.687998e-002
1.217878e+003;8.693402e-002
1.218360e+003;8.698504e-002
1.218842e+003;8.703093e-002
1.219324e+003;8.707107e-002
1.219807e+003;8.710717e-002
1.220289e+003;8.714185e-002
1.220771e+003;8.717775e-002
1.221253e+003;8.721746e-002
1.221735e+003;8.726209e-002
1.222217e+003;8.731164e-002
1.222699e+003;8.736451e-002
1.223182e+003;8.741900e-002
1.223664e+003;8.747318e-002
1.224146e+003;8.752602e-002
1.224628e+003;8.757683e-002
1.225110e+003;8.762697e-002
1.225592e+003;8.767716e-002
1.226074e+003;8.772918e-002
1.226557e+003;8.778393e-002
1.227039e+003;8.784195e-002
1.227521e+003;8.790300e-002
1.228003e+003;8.796626e-002
1.228485e+003;8.803114e-002
1.228967e+003;8.809695e-002
1.229449e+003;8.816366e-002
1.229932e+003;8.823160e-002
1.230414e+003;8.830089e-002
1.230896e+003;8.837174e-002
1.231378e+003;8.844317e-002
1.231860e+003;8.851387e-002
1.232342e+003;8.858249e-002
1.232824e+003;8.864823e-002
1.233306e+003;8.871073e-002
1.233789e+003;8.877135e-002
1.234271e+003;8.883183e-002
1.234753e+003;8.889327e-002
1.235235e+003;8.895681e-002
1.235717e+003;8.902224e-002
1.236199e+003;8.908840e-002
1.236681e+003;8.915333e-002
1.237164e+003;8.921597e-002
1.237646e+003;8.927605e-002
1.238128e+003;8.933413e-002
1.238610e+003;8.939165e-002
1.239092e+003;8.944982e-002
1.239574e+003;8.951002e-002
1.240056e+003;8.957265e-002
1.240539e+003;8.963786e-002
1.241021e+003;8.970610e-002
1.241503e+003;8.977810e-002
1.241985e+003;8.985495e-002
1.242467e+003;8.993763e-002
1.242949e+003;9.002548e-002
1.243431e+003;9.011677e-002
1.243913e+003;9.020719e-002
1.244396e+003;9.029184e-002
1.244878e+003;9.036579e-002
1.245360e+003;9.042638e-002
1.245842e+003;9.047320e-002
1.246324e+003;9.050944e-002
1.246806e+003;9.054033e-002
1.247288e+003;9.057232e-002
1.247771e+003;9.061071e-002
1.248253e+003;9.065913e-002
1.248735e+003;9.071834e-002
1.249217e+003;9.078695e-002
1.249699e+003;9.086154e-002
1.250181e+003;9.093796e-002
1.250663e+003;9.101245e-002
1.251146e+003;9.108217e-002
1.251628e+003;9.114493e-002
1.252110e+003;9.120085e-002
1.252592e+003;9.125068e-002
1.253074e+003;9.129681e-002
1.253556e+003;9.134254e-002
1.254038e+003;9.139130e-002
1.254521e+003;9.144496e-002
1.255003e+003;9.150513e-002
1.255485e+003;9.157052e-002
1.255967e+003;9.163845e-002
1.256449e+003;9.170520e-002
1.256931e+003;9.176774e-002
1.257413e+003;9.182404e-002
1.257896e+003;9.187482e-002
1.258378e+003;9.192326e-002
1.258860e+003;9.197384e-002
1.259342e+003;9.203096e-002
1.259824e+003;9.209744e-002
1.260306e+003;9.217305e-002
1.260788e+003;9.225513e-002
1.261270e+003;9.233826e-002
1.261753e+003;9.241579e-002
1.262235e+003;9.248231e-002
1.262717e+003;9.253380e-002
1.263199e+003;9.256861e-002
1.263681e+003;9.258802e-002
1.264163e+003;9.259423e-002
1.264645e+003;9.259154e-002
1.265127e+003;9.258310e-002
1.265610e+003;9.257209e-002
1.266092e+003;9.256089e-002
1.266574e+003;9.255085e-002
1.267056e+003;9.254272e-002
1.267538e+003;9.253703e-002
1.268020e+003;9.253397e-002
1.268502e+003;9.253373e-002
1.268985e+003;9.253630e-002
1.269467e+003;9.254159e-002
1.269949e+003;9.254906e-002
1.270431e+003;9.255779e-002
1.270913e+003;9.256610e-002
1.271395e+003;9.257278e-002
1.271877e+003;9.257688e-002
1.272360e+003;9.257774e-002
1.272842e+003;9.257562e-002
1.273324e+003;9.257226e-002
1.273806e+003;9.256952e-002
1.274288e+003;9.256970e-002
1.274770e+003;9.257497e-002
1.275252e+003;9.258661e-002
1.275734e+003;9.260517e-002
1.276217e+003;9.262998e-002
1.276699e+003;9.265983e-002
1.277181e+003;9.269261e-002
1.277663e+003;9.272631e-002
1.278145e+003;9.275886e-002
1.278627e+003;9.278893e-002
1.279109e+003;9.281565e-002
1.279592e+003;9.283848e-002
1.280074e+003;9.285796e-002
1.280556e+003;9.287468e-002
1.281038e+003;9.288944e-002
1.281520e+003;9.290311e-002
1.282002e+003;9.291649e-002
1.282484e+003;9.293029e-002
1.282967e+003;9.294538e-002
1.283449e+003;9.296218e-002
1.283931e+003;9.298161e-002
1.284413e+003;9.300428e-002
1.284895e+003;9.303082e-002
1.285377e+003;9.306151e-002
1.285859e+003;9.309581e-002
1.286342e+003;9.313278e-002
1.286824e+003;9.317107e-002
1.287306e+003;9.320918e-002
1.287788e+003;9.324528e-002
1.288270e+003;9.327795e-002
1.288752e+003;9.330616e-002
1.289234e+003;9.332941e-002
1.289717e+003;9.334774e-002
1.290199e+003;9.336171e-002
1.290681e+003;9.337304e-002
1.291163e+003;9.338371e-002
1.291645e+003;9.339603e-002
1.292127e+003;9.341259e-002
1.292609e+003;9.343505e-002
1.293091e+003;9.346413e-002
1.293573e+003;9.349950e-002
1.294056e+003;9.353914e-002
1.294538e+003;9.358124e-002
1.295020e+003;9.362311e-002
1.295502e+003;9.366342e-002
1.295984e+003;9.370200e-002
1.296466e+003;9.373969e-002
1.296948e+003;9.377799e-002
1.297431e+003;9.381904e-002
1.297913e+003;9.386378e-002
1.298395e+003;9.391287e-002
1.298877e+003;9.396553e-002
1.299359e+003;9.402063e-002
1.299841e+003;9.407574e-002
1.300323e+003;9.412997e-002
1.300806e+003;9.418172e-002
1.301288e+003;9.423091e-002
1.301770e+003;9.427729e-002
1.302252e+003;9.432111e-002
1.302734e+003;9.436323e-002
1.303216e+003;9.440473e-002
1.303698e+003;9.444650e-002
1.304181e+003;9.448997e-002
1.304663e+003;9.453622e-002
1.305145e+003;9.458628e-002
1.305627e+003;9.464081e-002
1.306109e+003;9.469964e-002
1.306591e+003;9.476228e-002
1.307073e+003;9.482777e-002
1.307556e+003;9.489458e-002
1.308038e+003;9.496167e-002
1.308520e+003;9.502763e-002
1.309002e+003;9.509147e-002
1.309484e+003;9.515218e-002
1.309966e+003;9.520928e-002
1.310448e+003;9.526213e-002
1.310930e+003;9.531086e-002
1.311413e+003;9.535564e-002
1.311895e+003;9.539734e-002
1.312377e+003;9.543714e-002
1.312859e+003;9.547681e-002
1.313341e+003;9.551798e-002
1.313823e+003;9.556223e-002
1.314305e+003;9.561069e-002
1.314788e+003;9.566344e-002
1.315270e+003;9.572005e-002
1.315752e+003;9.577943e-002
1.316234e+003;9.583993e-002
1.316716e+003;9.590039e-002
1.317198e+003;9.595960e-002
1.317680e+003;9.601734e-002
1.318163e+003;9.607360e-002
1.318645e+003;9.612919e-002
1.319127e+003;9.618436e-002
1.319609e+003;9.623933e-002
1.320091e+003;9.629337e-002
1.320573e+003;9.634613e-002
1.321055e+003;9.639608e-002
1.321538e+003;9.644255e-002
1.322020e+003;9.648560e-002
1.322502e+003;9.652615e-002
1.322984e+003;9.656531e-002
1.323466e+003;9.660455e-002
1.323948e+003;9.664479e-002
1.324430e+003;9.668662e-002
1.324912e+003;9.672966e-002
1.325395e+003;9.677336e-002
1.325877e+003;9.681706e-002
1.326359e+003;9.686095e-002
1.326841e+003;9.690517e-002
1.327323e+003;9.695136e-002
1.327805e+003;9.700008e-002
1.328287e+003;9.705263e-002
1.328770e+003;9.710924e-002
1.329252e+003;9.716996e-002
1.329734e+003;9.723429e-002
1.330216e+003;9.730226e-002
1.330698e+003;9.737334e-002
1.331180e+003;9.744697e-002
1.331662e+003;9.752212e-002
1.332145e+003;9.759677e-002
1.332627e+003;9.766832e-002
1.333109e+003;9.773353e-002
1.333591e+003;9.778998e-002
1.334073e+003;9.783661e-002
1.334555e+003;9.787369e-002
1.335037e+003;9.790428e-002
1.335520e+003;9.793235e-002
1.336002e+003;9.796234e-002
1.336484e+003;9.799836e-002
1.336966e+003;9.804235e-002
1.337448e+003;9.809438e-002
1.337930e+003;9.815311e-002
1.338412e+003;9.821589e-002
1.338895e+003;9.828011e-002
1.339377e+003;9.834361e-002
1.339859e+003;9.840553e-002
1.340341e+003;9.846522e-002
1.340823e+003;9.852343e-002
1.341305e+003;9.858001e-002
1.341787e+003;9.863497e-002
1.342269e+003;9.868810e-002
1.342751e+003;9.873816e-002
1.343234e+003;9.878452e-002
1.343716e+003;9.882680e-002
1.344198e+003;9.886485e-002
1.344680e+003;9.889884e-002
1.345162e+003;9.892904e-002
1.345644e+003;9.895624e-002
1.346126e+003;9.898026e-002
1.346609e+003;9.900177e-002
1.347091e+003;9.902068e-002
1.347573e+003;9.903732e-002
1.348055e+003;9.905209e-002
1.348537e+003;9.906576e-002
1.349019e+003;9.907890e-002
1.349501e+003;9.909237e-002
1.349984e+003;9.910697e-002
1.350466e+003;9.912372e-002
1.350948e+003;9.914318e-002
1.351430e+003;9.916630e-002
1.351912e+003;9.919296e-002
1.352394e+003;9.922281e-002
1.352876e+003;9.925438e-002
1.353359e+003;9.928549e-002
1.353841e+003;9.931382e-002
1.354323e+003;9.933709e-002
1.354805e+003;9.935419e-002
1.355287e+003;9.936536e-002
1.355769e+003;9.937306e-002
1.356251e+003;9.938090e-002
1.356734e+003;9.939269e-002
1.357216e+003;9.941211e-002
1.357698e+003;9.944109e-002
1.358180e+003;9.947906e-002
1.358662e+003;9.952369e-002
1.359144e+003;9.957143e-002
1.359626e+003;9.961850e-002
1.360108e+003;9.966201e-002
1.360591e+003;9.970094e-002
1.361073e+003;9.973573e-002
1.361555e+003;9.976785e-002
1.362037e+003;9.979903e-002
1.362519e+003;9.983033e-002
1.363001e+003;9.986234e-002
1.363483e+003;9.989440e-002
1.363966e+003;9.992535e-002
1.364448e+003;9.995435e-002
1.364930e+003;9.998109e-002
1.365412e+003;1.000057e-001
1.365894e+003;1.000284e-001
1.366376e+003;1.000496e-001
1.366858e+003;1.000699e-001
1.367341e+003;1.000891e-001
1.367823e+003;1.001072e-001
1.368305e+003;1.001243e-001
1.368787e+003;1.001407e-001
1.369269e+003;1.001571e-001
1.369751e+003;1.001740e-001
1.370233e+003;1.001922e-001
1.370716e+003;1.002116e-001
1.371198e+003;1.002321e-001
1.371680e+003;1.002540e-001
1.372162e+003;1.002762e-001
1.372644e+003;1.002990e-001
1.373126e+003;1.003220e-001
1.373608e+003;1.003447e-001
1.374090e+003;1.003666e-001
1.374573e+003;1.003876e-001
1.375055e+003;1.004067e-001
1.375537e+003;1.004246e-001
1.376019e+003;1.004417e-001
1.376501e+003;1.004586e-001
1.376983e+003;1.004760e-001
1.377465e+003;1.004936e-001
1.377948e+003;1.005099e-001
1.378430e+003;1.005232e-001
1.378912e+003;1.005312e-001
1.379394e+003;1.005333e-001
1.379876e+003;1.005296e-001
1.380358e+003;1.005225e-001
1.380840e+003;1.005155e-001
1.381323e+003;1.005116e-001
1.381805e+003;1.005134e-001
1.382287e+003;1.005208e-001
1.382769e+003;1.005323e-001
1.383251e+003;1.005451e-001
1.383733e+003;1.005568e-001
1.384215e+003;1.005668e-001
1.384698e+003;1.005761e-001
1.385180e+003;1.005879e-001
1.385662e+003;1.006056e-001
1.386144e+003;1.006325e-001
1.386626e+003;1.006689e-001
1.387108e+003;1.007137e-001
1.387590e+003;1.007628e-001
1.388073e+003;1.008117e-001
1.388555e+003;1.008558e-001
1.389037e+003;1.008922e-001
1.389519e+003;1.009195e-001
1.390001e+003;1.009390e-001
1.390483e+003;1.009529e-001
1.390965e+003;1.009650e-001
1.391447e+003;1.009794e-001
1.391929e+003;1.010006e-001
1.392412e+003;1.010315e-001
1.392894e+003;1.010747e-001
1.393376e+003;1.011300e-001
1.393858e+003;1.011959e-001
1.394340e+003;1.012687e-001
1.394822e+003;1.013436e-001
1.395304e+003;1.014164e-001
1.395787e+003;1.014840e-001
1.396269e+003;1.015459e-001
1.396751e+003;1.016038e-001
1.397233e+003;1.016605e-001
1.397715e+003;1.017191e-001
1.398197e+003;1.017815e-001
1.398679e+003;1.018476e-001
1.399162e+003;1.019158e-001
1.399644e+003;1.019836e-001
1.400126e+003;1.020488e-001
1.400608e+003;1.021100e-001
1.401090e+003;1.021676e-001
1.401572e+003;1.022236e-001
1.402054e+003;1.022803e-001
1.402537e+003;1.023403e-001
1.403019e+003;1.024047e-001
1.403501e+003;1.024739e-001
1.403983e+003;1.025471e-001
1.404465e+003;1.026229e-001
1.404947e+003;1.026996e-001
1.405429e+003;1.027759e-001
1.405911e+003;1.028511e-001
1.406394e+003;1.029246e-001
1.406876e+003;1.029966e-001
1.407358e+003;1.030674e-001
1.407840e+003;1.031374e-001
1.408322e+003;1.032069e-001
1.408804e+003;1.032762e-001
1.409286e+003;1.033459e-001
1.409769e+003;1.034165e-001
1.410251e+003;1.034881e-001
1.410733e+003;1.035610e-001
1.411215e+003;1.036351e-001
1.411697e+003;1.037104e-001
1.412179e+003;1.037862e-001
1.412661e+003;1.038619e-001
1.413144e+003;1.039356e-001
1.413626e+003;1.040057e-001
1.414108e+003;1.040701e-001
1.414590e+003;1.041270e-001
1.415072e+003;1.041760e-001
1.415554e+003;1.042175e-001
1.416036e+003;1.042541e-001
1.416519e+003;1.042899e-001
1.417001e+003;1.043295e-001
1.417483e+003;1.043773e-001
1.417965e+003;1.044361e-001
1.418447e+003;1.045052e-001
1.418929e+003;1.045817e-001
1.419411e+003;1.046596e-001
1.419894e+003;1.047320e-001
1.420376e+003;1.047927e-001
1.420858e+003;1.048389e-001
1.421340e+003;1.048706e-001
1.421822e+003;1.048918e-001
1.422304e+003;1.049083e-001
1.422786e+003;1.049258e-001
1.423268e+003;1.049488e-001
1.423750e+003;1.049792e-001
1.424233e+003;1.050157e-001
1.424715e+003;1.050560e-001
1.425197e+003;1.050969e-001
1.425679e+003;1.051371e-001
1.426161e+003;1.051766e-001
1.426643e+003;1.052178e-001
1.427125e+003;1.052624e-001
1.427608e+003;1.053122e-001
1.428090e+003;1.053672e-001
1.428572e+003;1.054258e-001
1.429054e+003;1.054856e-001
1.429536e+003;1.055439e-001
1.430018e+003;1.055997e-001
1.430500e+003;1.056522e-001
1.430983e+003;1.057010e-001
1.431465e+003;1.057454e-001
1.431947e+003;1.057835e-001
1.432429e+003;1.058142e-001
1.432911e+003;1.058367e-001
1.433393e+003;1.058533e-001
1.433875e+003;1.058687e-001
1.434358e+003;1.058904e-001
1.434840e+003;1.059262e-001
1.435322e+003;1.059806e-001
1.435804e+003;1.060540e-001
1.436286e+003;1.061400e-001
1.436768e+003;1.062283e-001
1.437250e+003;1.063076e-001
1.437732e+003;1.063689e-001
1.438215e+003;1.064087e-001
1.438697e+003;1.064293e-001
1.439179e+003;1.064372e-001
1.439661e+003;1.064408e-001
1.440143e+003;1.064464e-001
1.440625e+003;1.064576e-001
1.441107e+003;1.064740e-001
1.441590e+003;1.064929e-001
1.442072e+003;1.065104e-001
1.442554e+003;1.065241e-001
1.443036e+003;1.065330e-001
1.443518e+003;1.065383e-001
1.444000e+003;1.065420e-001
1.444482e+003;1.065474e-001
1.444965e+003;1.065578e-001
1.445447e+003;1.065760e-001
1.445929e+003;1.066054e-001
1.446411e+003;1.066477e-001
1.446893e+003;1.067038e-001
1.447375e+003;1.067717e-001
1.447857e+003;1.068472e-001
1.448340e+003;1.069243e-001
1.448822e+003;1.069978e-001
1.449304e+003;1.070638e-001
1.449786e+003;1.071226e-001
1.450268e+003;1.071768e-001
1.450750e+003;1.072299e-001
1.451232e+003;1.072847e-001
1.451715e+003;1.073408e-001
1.452197e+003;1.073945e-001
1.452679e+003;1.074411e-001
1.453161e+003;1.074773e-001
1.453643e+003;1.075039e-001
1.454125e+003;1.075269e-001
1.454607e+003;1.075562e-001
1.455089e+003;1.076016e-001
1.455572e+003;1.076692e-001
1.456054e+003;1.077573e-001
1.456536e+003;1.078569e-001
1.457018e+003;1.079526e-001
1.457500e+003;1.080291e-001
1.457982e+003;1.080754e-001
1.458464e+003;1.080881e-001
1.458947e+003;1.080712e-001
1.459429e+003;1.080327e-001
1.459911e+003;1.079817e-001
1.460393e+003;1.079256e-001
1.460875e+003;1.078684e-001
1.461357e+003;1.078125e-001
1.461839e+003;1.077596e-001
1.462322e+003;1.077128e-001
1.462804e+003;1.076764e-001
1.463286e+003;1.076546e-001
1.463768e+003;1.076496e-001
1.464250e+003;1.076600e-001
1.464732e+003;1.076801e-001
1.465214e+003;1.077017e-001
1.465697e+003;1.077159e-001
1.466179e+003;1.077167e-001
1.466661e+003;1.077014e-001
1.467143e+003;1.076710e-001
1.467625e+003;1.076283e-001
1.468107e+003;1.075767e-001
1.468589e+003;1.075187e-001
1.469072e+003;1.074558e-001
1.469553e+003;1.073898e-001
1.470036e+003;1.073235e-001
1.470518e+003;1.072610e-001
1.471000e+003;1.072077e-001
1.471482e+003;1.071678e-001
1.471964e+003;1.071434e-001
1.472446e+003;1.071328e-001
1.472928e+003;1.071311e-001
1.473411e+003;1.071325e-001
1.473893e+003;1.071321e-001
1.474375e+003;1.071277e-001
1.474857e+003;1.071205e-001
1.475339e+003;1.071141e-001
1.475821e+003;1.071118e-001
1.476303e+003;1.071161e-001
1.476786e+003;1.071267e-001
1.477268e+003;1.071418e-001
1.477750e+003;1.071588e-001
1.478232e+003;1.071759e-001
1.478714e+003;1.071933e-001
1.479196e+003;1.072130e-001
1.479678e+003;1.072377e-001
1.480161e+003;1.072691e-001
1.480643e+003;1.073078e-001
1.481125e+003;1.073515e-001
1.481607e+003;1.073968e-001
1.482089e+003;1.074397e-001
1.482571e+003;1.074770e-001
1.483053e+003;1.075079e-001
1.483536e+003;1.075339e-001
1.484018e+003;1.075575e-001
1.484500e+003;1.075830e-001
1.484982e+003;1.076135e-001
1.485464e+003;1.076516e-001
1.485946e+003;1.076987e-001
1.486428e+003;1.077545e-001
1.486910e+003;1.078181e-001
1.487393e+003;1.078882e-001
1.487875e+003;1.079638e-001
1.488357e+003;1.080448e-001
1.488839e+003;1.081305e-001
1.489321e+003;1.082209e-001
1.489803e+003;1.083139e-001
1.490285e+003;1.084067e-001
1.490768e+003;1.084943e-001
1.491250e+003;1.085716e-001
1.491732e+003;1.086335e-001
1.492214e+003;1.086788e-001
1.492696e+003;1.087100e-001
1.493178e+003;1.087337e-001
1.493660e+003;1.087607e-001
1.494143e+003;1.088012e-001
1.494625e+003;1.088643e-001
1.495107e+003;1.089535e-001
1.495589e+003;1.090658e-001
1.496071e+003;1.091936e-001
1.496553e+003;1.093256e-001
1.497035e+003;1.094519e-001
1.497518e+003;1.095656e-001
1.498000e+003;1.096659e-001
1.498482e+003;1.097557e-001
1.498964e+003;1.098409e-001
1.499446e+003;1.099261e-001
1.499928e+003;1.100137e-001
1.500410e+003;1.101018e-001
1.500893e+003;1.101867e-001
1.501375e+003;1.102631e-001
1.501857e+003;1.103282e-001
1.502339e+003;1.103823e-001
1.502821e+003;1.104304e-001
1.503303e+003;1.104803e-001
1.503785e+003;1.105429e-001
1.504267e+003;1.106275e-001
1.504750e+003;1.107418e-001
1.505232e+003;1.108878e-001
1.505714e+003;1.110622e-001
1.506196e+003;1.112559e-001
1.506678e+003;1.114552e-001
1.507160e+003;1.116461e-001
1.507642e+003;1.118172e-001
1.508125e+003;1.119616e-001
1.508607e+003;1.120796e-001
1.509089e+003;1.121770e-001
1.509571e+003;1.122640e-001
1.510053e+003;1.123512e-001
1.510535e+003;1.124469e-001
1.511017e+003;1.125558e-001
1.511500e+003;1.126761e-001
1.511982e+003;1.128029e-001
1.512464e+003;1.129285e-001
1.512946e+003;1.130468e-001
1.513428e+003;1.131552e-001
1.513910e+003;1.132561e-001
1.514392e+003;1.133556e-001
1.514875e+003;1.134609e-001
1.515357e+003;1.135778e-001
1.515839e+003;1.137074e-001
1.516321e+003;1.138463e-001
1.516803e+003;1.139870e-001
1.517285e+003;1.141221e-001
1.517767e+003;1.142468e-001
1.518250e+003;1.143625e-001
1.518731e+003;1.144754e-001
1.519214e+003;1.145958e-001
1.519696e+003;1.147337e-001
1.520178e+003;1.148950e-001
1.520660e+003;1.150787e-001
1.521142e+003;1.152759e-001
1.521624e+003;1.154744e-001
1.522106e+003;1.156614e-001
1.522589e+003;1.158289e-001
1.523071e+003;1.159766e-001
1.523553e+003;1.161106e-001
1.524035e+003;1.162418e-001
1.524517e+003;1.163799e-001
1.524999e+003;1.165318e-001
1.525481e+003;1.166989e-001
1.525964e+003;1.168775e-001
1.526446e+003;1.170616e-001
1.526928e+003;1.172458e-001
1.527410e+003;1.174271e-001
1.527892e+003;1.176053e-001
1.528374e+003;1.177812e-001
1.528856e+003;1.179557e-001
1.529339e+003;1.181271e-001
1.529821e+003;1.182932e-001
1.530303e+003;1.184510e-001
1.530785e+003;1.186014e-001
1.531267e+003;1.187486e-001
1.531749e+003;1.189009e-001
1.532231e+003;1.190672e-001
1.532714e+003;1.192542e-001
1.533196e+003;1.194620e-001
1.533678e+003;1.196829e-001
1.534160e+003;1.199034e-001
1.534642e+003;1.201100e-001
1.535124e+003;1.202927e-001
1.535606e+003;1.204511e-001
1.536088e+003;1.205938e-001
1.536571e+003;1.207378e-001
1.537053e+003;1.209016e-001
1.537535e+003;1.211015e-001
1.538017e+003;1.213466e-001
1.538499e+003;1.216361e-001
1.538981e+003;1.219599e-001
1.539463e+003;1.223021e-001
1.539946e+003;1.226459e-001
1.540428e+003;1.229776e-001
1.540910e+003;1.232883e-001
1.541392e+003;1.235766e-001
1.541874e+003;1.238449e-001
1.542356e+003;1.241001e-001
1.542838e+003;1.243495e-001
1.543321e+003;1.246003e-001
1.543803e+003;1.248574e-001
1.544285e+003;1.251224e-001
1.544767e+003;1.253934e-001
1.545249e+003;1.256657e-001
1.545731e+003;1.259336e-001
1.546213e+003;1.261932e-001
1.546696e+003;1.264429e-001
1.547178e+003;1.266863e-001
1.547660e+003;1.269289e-001
1.548142e+003;1.271771e-001
1.548624e+003;1.274348e-001
1.549106e+003;1.277024e-001
1.549588e+003;1.279770e-001
1.550071e+003;1.282538e-001
1.550552e+003;1.285291e-001
1.551035e+003;1.288036e-001
1.551517e+003;1.290811e-001
1.551999e+003;1.293682e-001
1.552481e+003;1.296697e-001
1.552963e+003;1.299865e-001
1.553445e+003;1.303129e-001
1.553927e+003;1.306379e-001
1.554410e+003;1.309499e-001
1.554892e+003;1.312409e-001
1.555374e+003;1.315110e-001
1.555856e+003;1.317695e-001
1.556338e+003;1.320340e-001
1.556820e+003;1.323244e-001
1.557302e+003;1.326590e-001
1.557785e+003;1.330476e-001
1.558267e+003;1.334874e-001
1.558749e+003;1.339643e-001
1.559231e+003;1.344550e-001
1.559713e+003;1.349346e-001
1.560195e+003;1.353827e-001
1.560677e+003;1.357894e-001
1.561160e+003;1.361549e-001
1.561642e+003;1.364893e-001
1.562124e+003;1.368078e-001
1.562606e+003;1.371269e-001
1.563088e+003;1.374604e-001
1.563570e+003;1.378172e-001
1.564052e+003;1.381991e-001
1.564535e+003;1.386036e-001
1.565017e+003;1.390236e-001
1.565499e+003;1.394525e-001
1.565981e+003;1.398852e-001
1.566463e+003;1.403214e-001
1.566945e+003;1.407640e-001
1.567427e+003;1.412188e-001
1.567909e+003;1.416914e-001
1.568392e+003;1.421852e-001
1.568874e+003;1.426998e-001
1.569356e+003;1.432299e-001
1.569838e+003;1.437672e-001
1.570320e+003;1.443021e-001
1.570802e+003;1.448245e-001
1.571284e+003;1.453291e-001
1.571767e+003;1.458141e-001
1.572249e+003;1.462839e-001
1.572731e+003;1.467480e-001
1.573213e+003;1.472211e-001
1.573695e+003;1.477196e-001
1.574177e+003;1.482591e-001
1.574659e+003;1.488499e-001
1.575142e+003;1.494932e-001
1.575624e+003;1.501798e-001
1.576106e+003;1.508915e-001
1.576588e+003;1.516051e-001
1.577070e+003;1.523004e-001
1.577552e+003;1.529657e-001
1.578034e+003;1.536005e-001
1.578517e+003;1.542144e-001
1.578999e+003;1.548232e-001
1.579481e+003;1.554435e-001
1.579963e+003;1.560865e-001
1.580445e+003;1.567569e-001
1.580927e+003;1.574528e-001
1.581409e+003;1.581687e-001
1.581892e+003;1.588988e-001
1.582374e+003;1.596401e-001
1.582856e+003;1.603933e-001
1.583338e+003;1.611612e-001
1.583820e+003;1.619455e-001
1.584302e+003;1.627465e-001
1.584784e+003;1.635618e-001
1.585266e+003;1.643877e-001
1.585749e+003;1.652210e-001
1.586231e+003;1.660621e-001
1.586713e+003;1.669136e-001
1.587195e+003;1.677797e-001
1.587677e+003;1.686647e-001
1.588159e+003;1.695696e-001
1.588641e+003;1.704932e-001
1.589124e+003;1.714323e-001
1.589606e+003;1.723837e-001
1.590088e+003;1.733464e-001
1.590570e+003;1.743218e-001
1.591052e+003;1.753134e-001
1.591534e+003;1.763241e-001
1.592016e+003;1.773553e-001
1.592499e+003;1.784065e-001
1.592981e+003;1.794751e-001
1.593463e+003;1.805589e-001
1.593945e+003;1.816580e-001
1.594427e+003;1.827744e-001
1.594909e+003;1.839118e-001
1.595391e+003;1.850735e-001
1.595874e+003;1.862600e-001
1.596356e+003;1.874695e-001
1.596838e+003;1.886974e-001
1.597320e+003;1.899389e-001
1.597802e+003;1.911907e-001
1.598284e+003;1.924526e-001
1.598766e+003;1.937271e-001
1.599249e+003;1.950171e-001
1.599730e+003;1.963246e-001
1.600213e+003;1.976507e-001
1.600695e+003;1.989934e-001
1.601177e+003;2.003518e-001
1.601659e+003;2.017246e-001
1.602141e+003;2.031140e-001
1.602623e+003;2.045221e-001
1.603105e+003;2.059520e-001
1.603588e+003;2.074039e-001
1.604070e+003;2.088763e-001
1.604552e+003;2.103651e-001
1.605034e+003;2.118657e-001
1.605516e+003;2.133748e-001
1.605998e+003;2.148915e-001
1.606480e+003;2.164164e-001
1.606963e+003;2.179519e-001
1.607445e+003;2.194996e-001
1.607927e+003;2.210605e-001
1.608409e+003;2.226342e-001
1.608891e+003;2.242209e-001
1.609373e+003;2.258214e-001
1.609855e+003;2.274366e-001
1.610338e+003;2.290668e-001
1.610820e+003;2.307099e-001
1.611302e+003;2.323591e-001
1.611784e+003;2.340051e-001
1.612266e+003;2.356381e-001
1.612748e+003;2.372527e-001
1.613230e+003;2.388508e-001
1.613713e+003;2.404434e-001
1.614195e+003;2.420478e-001
1.614677e+003;2.436827e-001
1.615159e+003;2.453603e-001
1.615641e+003;2.470817e-001
1.616123e+003;2.488341e-001
1.616605e+003;2.505938e-001
1.617087e+003;2.523323e-001
1.617570e+003;2.540257e-001
1.618052e+003;2.556601e-001
1.618534e+003;2.572337e-001
1.619016e+003;2.587548e-001
1.619498e+003;2.602372e-001
1.619980e+003;2.616954e-001
1.620462e+003;2.631406e-001
1.620945e+003;2.645794e-001
1.621427e+003;2.660140e-001
1.621909e+003;2.674414e-001
1.622391e+003;2.688560e-001
1.622873e+003;2.702487e-001
1.623355e+003;2.716101e-001
1.623837e+003;2.729299e-001
1.624320e+003;2.742012e-001
1.624802e+003;2.754210e-001
1.625284e+003;2.765914e-001
1.625766e+003;2.777184e-001
1.626248e+003;2.788092e-001
1.626730e+003;2.798688e-001
1.627212e+003;2.808971e-001
1.627695e+003;2.818889e-001
1.628177e+003;2.828355e-001
1.628659e+003;2.837275e-001
1.629141e+003;2.845588e-001
1.629623e+003;2.853270e-001
1.630105e+003;2.860334e-001
1.630587e+003;2.866809e-001
1.631070e+003;2.872708e-001
1.631552e+003;2.878033e-001
1.632034e+003;2.882777e-001
1.632516e+003;2.886959e-001
1.632998e+003;2.890643e-001
1.633480e+003;2.893921e-001
1.633962e+003;2.896919e-001
1.634444e+003;2.899714e-001
1.634927e+003;2.902314e-001
1.635409e+003;2.904617e-001
1.635891e+003;2.906446e-001
1.636373e+003;2.907605e-001
1.636855e+003;2.907949e-001
1.637337e+003;2.907440e-001
1.637819e+003;2.906151e-001
1.638302e+003;2.904229e-001
1.638784e+003;2.901826e-001
1.639266e+003;2.899052e-001
1.639748e+003;2.895928e-001
1.640230e+003;2.892407e-001
1.640712e+003;2.888408e-001
1.641194e+003;2.883851e-001
1.641677e+003;2.878705e-001
1.642159e+003;2.872995e-001
1.642641e+003;2.866788e-001
1.643123e+003;2.860168e-001
1.643605e+003;2.853205e-001
1.644087e+003;2.845960e-001
1.644569e+003;2.838483e-001
1.645052e+003;2.830810e-001
1.645534e+003;2.822973e-001
1.646016e+003;2.814972e-001
1.646498e+003;2.806768e-001
1.646980e+003;2.798263e-001
1.647462e+003;2.789329e-001
1.647944e+003;2.779831e-001
1.648427e+003;2.769701e-001
1.648908e+003;2.758956e-001
1.649391e+003;2.747725e-001
1.649873e+003;2.736218e-001
1.650355e+003;2.724681e-001
1.650837e+003;2.713331e-001
1.651319e+003;2.702299e-001
1.651801e+003;2.691593e-001
1.652283e+003;2.681099e-001
1.652766e+003;2.670610e-001
1.653248e+003;2.659899e-001
1.653730e+003;2.648775e-001
1.654212e+003;2.637146e-001
1.654694e+003;2.624995e-001
1.655176e+003;2.612388e-001
1.655658e+003;2.599432e-001
1.656141e+003;2.586245e-001
1.656623e+003;2.572926e-001
1.657105e+003;2.559554e-001
1.657587e+003;2.546163e-001
1.658069e+003;2.532748e-001
1.658551e+003;2.519264e-001
1.659033e+003;2.505661e-001
1.659516e+003;2.491892e-001
1.659998e+003;2.477961e-001
1.660480e+003;2.463903e-001
1.660962e+003;2.449798e-001
1.661444e+003;2.435733e-001
1.661926e+003;2.421767e-001
1.662408e+003;2.407913e-001
1.662891e+003;2.394130e-001
1.663373e+003;2.380335e-001
1.663855e+003;2.366445e-001
1.664337e+003;2.352403e-001
1.664819e+003;2.338199e-001
1.665301e+003;2.323863e-001
1.665783e+003;2.309450e-001
1.666265e+003;2.295021e-001
1.666748e+003;2.280619e-001
1.667230e+003;2.266274e-001
1.667712e+003;2.252007e-001
1.668194e+003;2.237826e-001
1.668676e+003;2.223739e-001
1.669158e+003;2.209729e-001
1.669640e+003;2.195759e-001
1.670123e+003;2.181755e-001
1.670605e+003;2.167633e-001
1.671087e+003;2.153322e-001
1.671569e+003;2.138805e-001
1.672051e+003;2.124126e-001
1.672533e+003;2.109396e-001
1.673015e+003;2.094758e-001
1.673498e+003;2.080349e-001
1.673980e+003;2.066235e-001
1.674462e+003;2.052403e-001
1.674944e+003;2.038766e-001
1.675426e+003;2.025199e-001
1.675908e+003;2.011582e-001
1.676390e+003;1.997853e-001
1.676873e+003;1.984010e-001
1.677355e+003;1.970096e-001
1.677837e+003;1.956169e-001
1.678319e+003;1.942255e-001
1.678801e+003;1.928349e-001
1.679283e+003;1.914413e-001
1.679765e+003;1.900400e-001
1.680248e+003;1.886295e-001
1.680729e+003;1.872117e-001
1.681212e+003;1.857942e-001
1.681694e+003;1.843867e-001
1.682176e+003;1.829990e-001
1.682658e+003;1.816381e-001
1.683140e+003;1.803071e-001
1.683622e+003;1.790036e-001
1.684104e+003;1.777206e-001
1.684587e+003;1.764480e-001
1.685069e+003;1.751755e-001
1.685551e+003;1.738951e-001
1.686033e+003;1.726018e-001
1.686515e+003;1.712963e-001
1.686997e+003;1.699833e-001
1.687479e+003;1.686711e-001
1.687962e+003;1.673691e-001
1.688444e+003;1.660856e-001
1.688926e+003;1.648248e-001
1.689408e+003;1.635853e-001
1.689890e+003;1.623603e-001
1.690372e+003;1.611396e-001
1.690854e+003;1.599133e-001
1.691337e+003;1.586756e-001
1.691819e+003;1.574267e-001
1.692301e+003;1.561736e-001
1.692783e+003;1.549281e-001
1.693265e+003;1.537037e-001
1.693747e+003;1.525113e-001
1.694229e+003;1.513564e-001
1.694712e+003;1.502368e-001
1.695194e+003;1.491427e-001
1.695676e+003;1.480597e-001
1.696158e+003;1.469734e-001
1.696640e+003;1.458743e-001
1.697122e+003;1.447607e-001
1.697604e+003;1.436400e-001
1.698086e+003;1.425261e-001
1.698569e+003;1.414355e-001
1.699051e+003;1.403808e-001
1.699533e+003;1.393664e-001
1.700015e+003;1.383859e-001
1.700497e+003;1.374230e-001
1.700979e+003;1.364584e-001
1.701461e+003;1.354758e-001
1.701944e+003;1.344692e-001
1.702426e+003;1.334448e-001
1.702908e+003;1.324181e-001
1.703390e+003;1.314081e-001
1.703872e+003;1.304307e-001
1.704354e+003;1.294934e-001
1.704836e+003;1.285933e-001
1.705319e+003;1.277191e-001
1.705801e+003;1.268567e-001
1.706283e+003;1.259948e-001
1.706765e+003;1.251291e-001
1.707247e+003;1.242619e-001
1.707729e+003;1.234000e-001
1.708211e+003;1.225500e-001
1.708694e+003;1.217158e-001
1.709176e+003;1.208966e-001
1.709658e+003;1.200896e-001
1.710140e+003;1.192919e-001
1.710622e+003;1.185016e-001
1.711104e+003;1.177201e-001
1.711586e+003;1.169486e-001
1.712069e+003;1.161872e-001
1.712551e+003;1.154333e-001
1.713033e+003;1.146826e-001
1.713515e+003;1.139320e-001
1.713997e+003;1.131824e-001
1.714479e+003;1.124398e-001
1.714961e+003;1.117156e-001
1.715443e+003;1.110213e-001
1.715926e+003;1.103654e-001
1.716408e+003;1.097483e-001
1.716890e+003;1.091615e-001
1.717372e+003;1.085901e-001
1.717854e+003;1.080182e-001
1.718336e+003;1.074337e-001
1.718818e+003;1.068311e-001
1.719301e+003;1.062132e-001
1.719783e+003;1.055875e-001
1.720265e+003;1.049631e-001
1.720747e+003;1.043480e-001
1.721229e+003;1.037474e-001
1.721711e+003;1.031640e-001
1.722193e+003;1.025988e-001
1.722676e+003;1.020517e-001
1.723158e+003;1.015215e-001
1.723640e+003;1.010052e-001
1.724122e+003;1.004987e-001
1.724604e+003;9.999701e-002
1.725086e+003;9.949644e-002
1.725568e+003;9.899507e-002
1.726051e+003;9.849516e-002
1.726533e+003;9.800088e-002
1.727015e+003;9.751695e-002
1.727497e+003;9.704619e-002
1.727979e+003;9.658732e-002
1.728461e+003;9.613586e-002
1.728943e+003;9.568522e-002
1.729426e+003;9.523050e-002
1.729907e+003;9.477118e-002
1.730390e+003;9.431206e-002
1.730872e+003;9.386241e-002
1.731354e+003;9.343334e-002
1.731836e+003;9.303407e-002
1.732318e+003;9.266996e-002
1.732800e+003;9.233969e-002
1.733282e+003;9.203621e-002
1.733765e+003;9.174736e-002
1.734247e+003;9.145904e-002
1.734729e+003;9.115784e-002
1.735211e+003;9.083406e-002
1.735693e+003;9.048475e-002
1.736175e+003;9.011366e-002
1.736657e+003;8.973084e-002
1.737140e+003;8.934977e-002
1.737622e+003;8.898325e-002
1.738104e+003;8.863746e-002
1.738586e+003;8.830860e-002
1.739068e+003;8.798277e-002
1.739550e+003;8.763830e-002
1.740032e+003;8.725487e-002
1.740515e+003;8.682241e-002
1.740997e+003;8.634739e-002
1.741479e+003;8.585332e-002
1.741961e+003;8.537584e-002
1.742443e+003;8.495145e-002
1.742925e+003;8.460624e-002
1.743407e+003;8.434785e-002
1.743890e+003;8.416349e-002
1.744372e+003;8.402386e-002
1.744854e+003;8.389505e-002
1.745336e+003;8.374726e-002
1.745818e+003;8.356291e-002
1.746300e+003;8.333828e-002
1.746782e+003;8.308077e-002
1.747264e+003;8.280238e-002
1.747747e+003;8.251500e-002
1.748229e+003;8.222728e-002
1.748711e+003;8.194466e-002
1.749193e+003;8.167103e-002
1.749675e+003;8.141087e-002
1.750157e+003;8.116830e-002
1.750639e+003;8.094608e-002
1.751122e+003;8.074259e-002
1.751604e+003;8.055092e-002
1.752086e+003;8.036039e-002
1.752568e+003;8.016059e-002
1.753050e+003;7.994532e-002
1.753532e+003;7.971507e-002
1.754014e+003;7.947692e-002
1.754497e+003;7.924116e-002
1.754979e+003;7.901675e-002
1.755461e+003;7.880680e-002
1.755943e+003;7.860764e-002
1.756425e+003;7.841092e-002
1.756907e+003;7.820713e-002
1.757389e+003;7.799102e-002
1.757872e+003;7.776312e-002
1.758354e+003;7.753097e-002
1.758836e+003;7.730523e-002
1.759318e+003;7.709637e-002
1.759800e+003;7.691067e-002
1.760282e+003;7.674903e-002
1.760764e+003;7.660700e-002
1.761247e+003;7.647668e-002
1.761729e+003;7.634880e-002
1.762211e+003;7.621454e-002
1.762693e+003;7.606656e-002
1.763175e+003;7.590027e-002
1.763657e+003;7.571387e-002
1.764139e+003;7.550932e-002
1.764621e+003;7.529256e-002
1.765104e+003;7.507268e-002
1.765586e+003;7.486051e-002
1.766068e+003;7.466529e-002
1.766550e+003;7.449252e-002
1.767032e+003;7.434043e-002
1.767514e+003;7.420309e-002
1.767996e+003;7.407068e-002
1.768479e+003;7.393390e-002
1.768961e+003;7.378886e-002
1.769443e+003;7.363745e-002
1.769925e+003;7.348687e-002
1.770407e+003;7.334664e-002
1.770889e+003;7.322495e-002
1.771371e+003;7.312443e-002
1.771854e+003;7.304195e-002
1.772336e+003;7.296903e-002
1.772818e+003;7.289571e-002
1.773300e+003;7.281270e-002
1.773782e+003;7.271513e-002
1.774264e+003;7.260207e-002
1.774746e+003;7.247683e-002
1.775229e+003;7.234383e-002
1.775711e+003;7.220838e-002
1.776193e+003;7.207530e-002
1.776675e+003;7.194918e-002
1.777157e+003;7.183240e-002
1.777639e+003;7.172764e-002
1.778121e+003;7.163429e-002
1.778604e+003;7.155015e-002
1.779085e+003;7.147014e-002
1.779568e+003;7.138848e-002
1.780050e+003;7.129897e-002
1.780532e+003;7.119802e-002
1.781014e+003;7.108556e-002
1.781496e+003;7.096571e-002
1.781978e+003;7.084527e-002
1.782460e+003;7.073176e-002
1.782943e+003;7.063077e-002
1.783425e+003;7.054526e-002
1.783907e+003;7.047363e-002
1.784389e+003;7.041155e-002
1.784871e+003;7.035299e-002
1.785353e+003;7.029219e-002
1.785835e+003;7.022526e-002
1.786318e+003;7.015046e-002
1.786800e+003;7.006747e-002
1.787282e+003;6.997788e-002
1.787764e+003;6.988339e-002
1.788246e+003;6.978633e-002
1.788728e+003;6.968901e-002
1.789210e+003;6.959466e-002
1.789693e+003;6.950724e-002
1.790175e+003;6.943077e-002
1.790657e+003;6.936895e-002
1.791139e+003;6.932397e-002
1.791621e+003;6.929507e-002
1.792103e+003;6.927775e-002
1.792585e+003;6.926414e-002
1.793067e+003;6.924555e-002
1.793550e+003;6.921396e-002
1.794032e+003;6.916404e-002
1.794514e+003;6.909490e-002
1.794996e+003;6.901039e-002
1.795478e+003;6.891701e-002
1.795960e+003;6.882294e-002
1.796442e+003;6.873486e-002
1.796925e+003;6.865729e-002
1.797407e+003;6.859168e-002
1.797889e+003;6.853742e-002
1.798371e+003;6.849194e-002
1.798853e+003;6.845304e-002
1.799335e+003;6.841874e-002
1.799817e+003;6.838800e-002
1.800300e+003;6.835865e-002
1.800782e+003;6.832884e-002
1.801264e+003;6.829594e-002
1.801746e+003;6.825723e-002
1.802228e+003;6.821176e-002
1.802710e+003;6.816035e-002
1.803192e+003;6.810546e-002
1.803675e+003;6.805136e-002
1.804157e+003;6.800181e-002
1.804639e+003;6.795933e-002
1.805121e+003;6.792302e-002
1.805603e+003;6.789107e-002
1.806085e+003;6.785915e-002
1.806567e+003;6.782362e-002
1.807050e+003;6.778113e-002
1.807531e+003;6.773119e-002
1.808014e+003;6.767482e-002
1.808496e+003;6.761467e-002
1.808978e+003;6.755307e-002
1.809460e+003;6.749371e-002
1.809942e+003;6.743885e-002
1.810424e+003;6.739059e-002
1.810906e+003;6.734932e-002
1.811389e+003;6.731390e-002
1.811871e+003;6.728061e-002
1.812353e+003;6.724600e-002
1.812835e+003;6.720500e-002
1.813317e+003;6.715465e-002
1.813799e+003;6.709467e-002
1.814281e+003;6.702852e-002
1.814764e+003;6.696261e-002
1.815246e+003;6.690399e-002
1.815728e+003;6.685987e-002
1.816210e+003;6.683426e-002
1.816692e+003;6.682803e-002
1.817174e+003;6.683902e-002
1.817656e+003;6.686337e-002
1.818139e+003;6.689789e-002
1.818621e+003;6.693871e-002
1.819103e+003;6.698362e-002
1.819585e+003;6.702855e-002
1.820067e+003;6.706797e-002
1.820549e+003;6.709505e-002
1.821031e+003;6.710336e-002
1.821514e+003;6.708848e-002
1.821996e+003;6.705123e-002
1.822478e+003;6.699727e-002
1.822960e+003;6.693737e-002
1.823442e+003;6.688275e-002
1.823924e+003;6.684310e-002
1.824406e+003;6.682334e-002
1.824888e+003;6.682292e-002
1.825371e+003;6.683688e-002
1.825853e+003;6.685802e-002
1.826335e+003;6.687957e-002
1.826817e+003;6.689602e-002
1.827299e+003;6.690487e-002
1.827781e+003;6.690525e-002
1.828263e+003;6.689733e-002
1.828746e+003;6.688163e-002
1.829228e+003;6.685943e-002
1.829710e+003;6.683300e-002
1.830192e+003;6.680463e-002
1.830674e+003;6.677639e-002
1.831156e+003;6.674936e-002
1.831638e+003;6.672258e-002
1.832121e+003;6.669327e-002
1.832603e+003;6.665866e-002
1.833085e+003;6.661677e-002
1.833567e+003;6.656895e-002
1.834049e+003;6.651907e-002
1.834531e+003;6.647372e-002
1.835013e+003;6.643885e-002
1.835496e+003;6.641909e-002
1.835978e+003;6.641424e-002
1.836460e+003;6.642198e-002
1.836942e+003;6.643736e-002
1.837424e+003;6.645559e-002
1.837906e+003;6.647357e-002
1.838388e+003;6.648953e-002
1.838871e+003;6.650142e-002
1.839353e+003;6.650745e-002
1.839835e+003;6.650415e-002
1.840317e+003;6.648904e-002
1.840799e+003;6.646139e-002
1.841281e+003;6.642497e-002
1.841763e+003;6.638746e-002
1.842245e+003;6.636014e-002
1.842728e+003;6.635182e-002
1.843210e+003;6.636766e-002
1.843692e+003;6.640447e-002
1.844174e+003;6.645311e-002
1.844656e+003;6.649984e-002
1.845138e+003;6.653322e-002
1.845620e+003;6.654622e-002
1.846103e+003;6.653909e-002
1.846585e+003;6.651703e-002
1.847067e+003;6.648760e-002
1.847549e+003;6.645606e-002
1.848031e+003;6.642466e-002
1.848513e+003;6.639115e-002
1.848995e+003;6.635351e-002
1.849478e+003;6.631064e-002
1.849960e+003;6.626601e-002
1.850442e+003;6.622656e-002
1.850924e+003;6.620073e-002
1.851406e+003;6.619605e-002
1.851888e+003;6.621563e-002
1.852370e+003;6.625766e-002
1.852853e+003;6.631724e-002
1.853335e+003;6.638684e-002
1.853817e+003;6.645975e-002
1.854299e+003;6.653041e-002
1.854781e+003;6.659458e-002
1.855263e+003;6.664861e-002
1.855745e+003;6.668863e-002
1.856228e+003;6.671152e-002
1.856709e+003;6.671507e-002
1.857192e+003;6.669964e-002
1.857674e+003;6.666936e-002
1.858156e+003;6.663089e-002
1.858638e+003;6.659274e-002
1.859120e+003;6.656250e-002
1.859602e+003;6.654739e-002
1.860084e+003;6.655005e-002
1.860567e+003;6.657171e-002
1.861049e+003;6.660953e-002
1.861531e+003;6.665980e-002
1.862013e+003;6.671634e-002
1.862495e+003;6.677262e-002
1.862977e+003;6.682160e-002
1.863459e+003;6.685667e-002
1.863942e+003;6.687431e-002
1.864424e+003;6.687510e-002
1.864906e+003;6.686232e-002
1.865388e+003;6.684425e-002
1.865870e+003;6.682841e-002
1.866352e+003;6.682198e-002
1.866834e+003;6.682797e-002
1.867317e+003;6.684541e-002
1.867799e+003;6.687041e-002
1.868281e+003;6.689768e-002
1.868763e+003;6.692214e-002
1.869245e+003;6.694096e-002
1.869727e+003;6.695237e-002
1.870209e+003;6.695638e-002
1.870692e+003;6.695350e-002
1.871174e+003;6.694519e-002
1.871656e+003;6.693415e-002
1.872138e+003;6.692492e-002
1.872620e+003;6.692363e-002
1.873102e+003;6.693634e-002
1.873584e+003;6.696679e-002
1.874066e+003;6.701415e-002
1.874549e+003;6.707180e-002
1.875031e+003;6.712866e-002
1.875513e+003;6.717297e-002
1.875995e+003;6.719571e-002
1.876477e+003;6.719380e-002
1.876959e+003;6.717197e-002
1.877441e+003;6.713990e-002
1.877924e+003;6.711006e-002
1.878406e+003;6.709201e-002
1.878888e+003;6.709125e-002
1.879370e+003;6.710692e-002
1.879852e+003;6.713522e-002
1.880334e+003;6.717029e-002
1.880816e+003;6.720830e-002
1.881299e+003;6.724759e-002
1.881781e+003;6.728947e-002
1.882263e+003;6.733549e-002
1.882745e+003;6.738660e-002
1.883227e+003;6.744011e-002
1.883709e+003;6.749228e-002
1.884191e+003;6.753587e-002
1.884674e+003;6.756406e-002
1.885156e+003;6.757051e-002
1.885638e+003;6.755311e-002
1.886120e+003;6.751398e-002
1.886602e+003;6.746010e-002
1.887084e+003;6.740342e-002
1.887566e+003;6.735837e-002
1.888049e+003;6.733821e-002
1.888531e+003;6.735224e-002
1.889013e+003;6.740136e-002
1.889495e+003;6.747817e-002
1.889977e+003;6.756869e-002
1.890459e+003;6.765638e-002
1.890941e+003;6.772745e-002
1.891423e+003;6.777692e-002
1.891906e+003;6.780774e-002
1.892388e+003;6.783060e-002
1.892870e+003;6.785736e-002
1.893352e+003;6.789836e-002
1.893834e+003;6.795659e-002
1.894316e+003;6.802817e-002
1.894798e+003;6.810338e-002
1.895281e+003;6.817289e-002
1.895763e+003;6.822819e-002
1.896245e+003;6.826656e-002
1.896727e+003;6.828822e-002
1.897209e+003;6.829546e-002
1.897691e+003;6.828973e-002
1.898173e+003;6.827149e-002
1.898656e+003;6.824167e-002
1.899138e+003;6.820296e-002
1.899620e+003;6.816058e-002
1.900102e+003;6.812415e-002
1.900584e+003;6.810251e-002
1.901066e+003;6.810439e-002
1.901548e+003;6.813186e-002
1.902031e+003;6.818362e-002
1.902513e+003;6.825329e-002
1.902995e+003;6.833469e-002
1.903477e+003;6.842086e-002
1.903959e+003;6.850822e-002
1.904441e+003;6.859290e-002
1.904923e+003;6.867035e-002
1.905406e+003;6.873395e-002
1.905887e+003;6.877619e-002
1.906370e+003;6.879056e-002
1.906852e+003;6.877556e-002
1.907334e+003;6.873513e-002
1.907816e+003;6.867935e-002
1.908298e+003;6.862102e-002
1.908780e+003;6.857281e-002
1.909262e+003;6.854388e-002
1.909745e+003;6.853893e-002
1.910227e+003;6.855734e-002
1.910709e+003;6.860042e-002
1.911191e+003;6.866616e-002
1.911673e+003;6.875360e-002
1.912155e+003;6.885752e-002
1.912637e+003;6.896812e-002
1.913120e+003;6.906947e-002
1.913602e+003;6.914324e-002
1.914084e+003;6.917432e-002
1.914566e+003;6.915946e-002
1.915048e+003;6.910814e-002
1.915530e+003;6.904416e-002
1.916012e+003;6.899828e-002
1.916495e+003;6.899792e-002
1.916977e+003;6.905825e-002
1.917459e+003;6.917664e-002
1.917941e+003;6.933372e-002
1.918423e+003;6.950142e-002
1.918905e+003;6.965050e-002
1.919387e+003;6.976202e-002
1.919870e+003;6.982748e-002
1.920352e+003;6.985271e-002
1.920834e+003;6.984934e-002
1.921316e+003;6.983268e-002
1.921798e+003;6.981600e-002
1.922280e+003;6.981067e-002
1.922762e+003;6.982402e-002
1.923244e+003;6.986190e-002
1.923727e+003;6.992570e-002
1.924209e+003;7.001450e-002
1.924691e+003;7.012129e-002
1.925173e+003;7.023668e-002
1.925655e+003;7.034893e-002
1.926137e+003;7.045193e-002
1.926619e+003;7.054312e-002
1.927102e+003;7.062816e-002
1.927584e+003;7.071442e-002
1.928066e+003;7.080838e-002
1.928548e+003;7.090876e-002
1.929030e+003;7.100594e-002
1.929512e+003;7.108472e-002
1.929994e+003;7.113296e-002
1.930477e+003;7.114468e-002
1.930959e+003;7.112873e-002
1.931441e+003;7.110400e-002
1.931923e+003;7.109570e-002
1.932405e+003;7.112305e-002
1.932887e+003;7.119553e-002
1.933369e+003;7.130652e-002
1.933852e+003;7.143997e-002
1.934334e+003;7.157439e-002
1.934816e+003;7.169507e-002
1.935298e+003;7.179422e-002
1.935780e+003;7.187611e-002
1.936262e+003;7.194859e-002
1.936744e+003;7.201969e-002
1.937227e+003;7.209344e-002
1.937708e+003;7.216908e-002
1.938191e+003;7.224232e-002
1.938673e+003;7.231293e-002
1.939155e+003;7.238322e-002
1.939637e+003;7.246263e-002
1.940119e+003;7.255995e-002
1.940601e+003;7.268348e-002
1.941083e+003;7.283081e-002
1.941566e+003;7.299487e-002
1.942048e+003;7.315882e-002
1.942530e+003;7.330783e-002
1.943012e+003;7.342759e-002
1.943494e+003;7.351381e-002
1.943976e+003;7.356887e-002
1.944458e+003;7.360300e-002
1.944941e+003;7.363111e-002
1.945423e+003;7.366806e-002
1.945905e+003;7.372479e-002
1.946387e+003;7.380690e-002
1.946869e+003;7.391127e-002
1.947351e+003;7.402809e-002
1.947833e+003;7.414012e-002
1.948316e+003;7.423049e-002
1.948798e+003;7.428672e-002
1.949280e+003;7.430841e-002
1.949762e+003;7.430768e-002
1.950244e+003;7.430947e-002
1.950726e+003;7.434373e-002
1.951208e+003;7.443671e-002
1.951691e+003;7.460189e-002
1.952173e+003;7.483431e-002
1.952655e+003;7.511183e-002
1.953137e+003;7.540371e-002
1.953619e+003;7.567543e-002
1.954101e+003;7.590359e-002
1.954583e+003;7.607666e-002
1.955065e+003;7.619867e-002
1.955548e+003;7.628273e-002
1.956030e+003;7.634771e-002
1.956512e+003;7.640801e-002
1.956994e+003;7.647912e-002
1.957476e+003;7.656759e-002
1.957958e+003;7.668094e-002
1.958440e+003;7.682233e-002
1.958923e+003;7.699684e-002
1.959405e+003;7.720401e-002
1.959887e+003;7.743963e-002
1.960369e+003;7.769504e-002
1.960851e+003;7.795770e-002
1.961333e+003;7.821261e-002
1.961815e+003;7.845041e-002
1.962298e+003;7.866383e-002
1.962780e+003;7.885429e-002
1.963262e+003;7.902644e-002
1.963744e+003;7.919199e-002
1.964226e+003;7.936348e-002
1.964708e+003;7.955710e-002
1.965190e+003;7.978215e-002
1.965673e+003;8.004411e-002
1.966155e+003;8.033454e-002
1.966637e+003;8.063442e-002
1.967119e+003;8.091231e-002
1.967601e+003;8.113557e-002
1.968083e+003;8.127686e-002
1.968565e+003;8.132934e-002
1.969048e+003;8.130391e-002
1.969530e+003;8.123691e-002
1.970012e+003;8.117182e-002
1.970494e+003;8.115055e-002
1.970976e+003;8.119690e-002
1.971458e+003;8.131438e-002
1.971940e+003;8.148063e-002
1.972422e+003;8.167157e-002
1.972905e+003;8.186240e-002
1.973387e+003;8.204882e-002
1.973869e+003;8.224609e-002
1.974351e+003;8.248409e-002
1.974833e+003;8.279151e-002
1.975315e+003;8.318073e-002
1.975797e+003;8.363624e-002
1.976280e+003;8.411724e-002
1.976762e+003;8.456122e-002
1.977244e+003;8.490758e-002
1.977726e+003;8.511430e-002
1.978208e+003;8.517182e-002
1.978690e+003;8.510252e-002
1.979172e+003;8.495682e-002
1.979655e+003;8.479094e-002
1.980137e+003;8.465569e-002
1.980619e+003;8.458146e-002
1.981101e+003;8.457597e-002
1.981583e+003;8.462038e-002
1.982065e+003;8.468184e-002
1.982547e+003;8.471961e-002
1.983030e+003;8.470224e-002
1.983512e+003;8.461139e-002
1.983994e+003;8.445515e-002
1.984476e+003;8.425451e-002
1.984958e+003;8.404598e-002
1.985440e+003;8.385922e-002
1.985922e+003;8.371512e-002
1.986405e+003;8.361396e-002
1.986886e+003;8.354215e-002
1.987369e+003;8.347625e-002
1.987851e+003;8.340248e-002
1.988333e+003;8.331329e-002
1.988815e+003;8.322136e-002
1.989297e+003;8.314668e-002
1.989779e+003;8.311161e-002
1.990261e+003;8.312730e-002
1.990744e+003;8.318862e-002
1.991226e+003;8.327466e-002
1.991708e+003;8.335862e-002
1.992190e+003;8.341129e-002
1.992672e+003;8.341898e-002
1.993154e+003;8.338185e-002
1.993636e+003;8.331751e-002
1.994119e+003;8.325116e-002
1.994601e+003;8.321323e-002
1.995083e+003;8.322745e-002
1.995565e+003;8.331183e-002
1.996047e+003;8.346900e-002
1.996529e+003;8.369388e-002
1.997011e+003;8.396459e-002
1.997494e+003;8.425307e-002
1.997976e+003;8.452294e-002
1.998458e+003;8.473913e-002
1.998940e+003;8.487634e-002
1.999422e+003;8.492626e-002
1.999904e+003;8.489881e-002
2.000386e+003;8.482229e-002
2.000869e+003;8.473165e-002
2.001351e+003;8.466090e-002
2.001833e+003;8.462924e-002
2.002315e+003;8.464275e-002
2.002797e+003;8.468947e-002
2.003279e+003;8.475894e-002
2.003761e+003;8.484279e-002
2.004243e+003;8.495004e-002
2.004726e+003;8.510062e-002
2.005208e+003;8.531921e-002
2.005690e+003;8.562037e-002
2.006172e+003;8.599464e-002
2.006654e+003;8.640662e-002
2.007136e+003;8.680545e-002
2.007618e+003;8.713183e-002
2.008101e+003;8.734925e-002
2.008583e+003;8.744430e-002
2.009065e+003;8.743938e-002
2.009547e+003;8.737537e-002
2.010029e+003;8.730476e-002
2.010511e+003;8.726792e-002
2.010993e+003;8.729281e-002
2.011476e+003;8.738327e-002
2.011958e+003;8.752933e-002
2.012440e+003;8.770982e-002
2.012922e+003;8.790450e-002
2.013404e+003;8.809879e-002
2.013886e+003;8.828558e-002
2.014368e+003;8.846658e-002
2.014851e+003;8.864997e-002
2.015333e+003;8.884138e-002
2.015815e+003;8.904615e-002
2.016297e+003;8.925835e-002
2.016779e+003;8.946685e-002
2.017261e+003;8.965076e-002
2.017743e+003;8.979067e-002
2.018226e+003;8.986695e-002
2.018708e+003;8.987740e-002
2.019190e+003;8.983044e-002
2.019672e+003;8.975545e-002
2.020154e+003;8.968990e-002
2.020636e+003;8.967786e-002
2.021118e+003;8.975154e-002
2.021600e+003;8.992715e-002
2.022083e+003;9.019706e-002
2.022565e+003;9.053530e-002
2.023047e+003;9.089705e-002
2.023529e+003;9.123554e-002
2.024011e+003;9.150514e-002
2.024493e+003;9.167603e-002
2.024975e+003;9.173116e-002
2.025458e+003;9.167771e-002
2.025940e+003;9.153691e-002
2.026422e+003;9.134562e-002
2.026904e+003;9.114321e-002
2.027386e+003;9.096896e-002
2.027868e+003;9.084681e-002
2.028350e+003;9.078988e-002
2.028833e+003;9.079164e-002
2.029315e+003;9.083699e-002
2.029797e+003;9.090636e-002
2.030279e+003;9.099046e-002
2.030761e+003;9.108631e-002
2.031243e+003;9.120845e-002
2.031725e+003;9.137062e-002
2.032208e+003;9.158551e-002
2.032690e+003;9.184711e-002
2.033172e+003;9.213491e-002
2.033654e+003;9.240884e-002
2.034136e+003;9.263065e-002
2.034618e+003;9.276538e-002
2.035100e+003;9.280002e-002
2.035583e+003;9.274297e-002
2.036064e+003;9.262364e-002
2.036547e+003;9.248059e-002
2.037029e+003;9.235135e-002
2.037511e+003;9.226501e-002
2.037993e+003;9.223632e-002
2.038475e+003;9.226078e-002
2.038957e+003;9.232391e-002
2.039439e+003;9.240244e-002
2.039922e+003;9.247387e-002
2.040404e+003;9.251779e-002
2.040886e+003;9.252727e-002
2.041368e+003;9.250364e-002
2.041850e+003;9.246369e-002
2.042332e+003;9.242557e-002
2.042814e+003;9.241052e-002
2.043297e+003;9.242760e-002
2.043779e+003;9.247728e-002
2.044261e+003;9.254277e-002
2.044743e+003;9.260228e-002
2.045225e+003;9.263313e-002
2.045707e+003;9.262616e-002
2.046189e+003;9.258109e-002
2.046672e+003;9.251508e-002
2.047154e+003;9.244564e-002
2.047636e+003;9.238862e-002
2.048118e+003;9.234245e-002
2.048600e+003;9.229349e-002
2.049082e+003;9.221512e-002
2.049564e+003;9.208784e-002
2.050047e+003;9.189996e-002
2.050529e+003;9.166330e-002
2.051011e+003;9.140242e-002
2.051493e+003;9.115280e-002
2.051975e+003;9.094688e-002
2.052457e+003;9.080400e-002
2.052939e+003;9.072690e-002
2.053421e+003;9.070542e-002
2.053904e+003;9.071465e-002
2.054386e+003;9.073444e-002
2.054868e+003;9.074837e-002
2.055350e+003;9.075397e-002
2.055832e+003;9.075724e-002
2.056314e+003;9.077016e-002
2.056796e+003;9.080169e-002
2.057279e+003;9.085723e-002
2.057761e+003;9.093175e-002
2.058243e+003;9.101821e-002
2.058725e+003;9.110433e-002
2.059207e+003;9.118408e-002
2.059689e+003;9.125318e-002
2.060171e+003;9.131392e-002
2.060654e+003;9.137000e-002
2.061136e+003;9.142701e-002
2.061618e+003;9.148683e-002
2.062100e+003;9.155009e-002
2.062582e+003;9.161311e-002
2.063064e+003;9.167019e-002
2.063546e+003;9.171594e-002
2.064029e+003;9.174531e-002
2.064511e+003;9.175394e-002
2.064993e+003;9.174225e-002
2.065475e+003;9.171022e-002
2.065957e+003;9.166431e-002
2.066439e+003;9.161244e-002
2.066921e+003;9.156661e-002
2.067404e+003;9.153800e-002
2.067885e+003;9.153643e-002
2.068368e+003;9.156650e-002
2.068850e+003;9.162890e-002
2.069332e+003;9.171601e-002
2.069814e+003;9.181767e-002
2.070296e+003;9.192149e-002
2.070778e+003;9.201798e-002
2.071260e+003;9.210061e-002
2.071743e+003;9.217041e-002
2.072225e+003;9.223042e-002
2.072707e+003;9.228782e-002
2.073189e+003;9.234551e-002
2.073671e+003;9.240466e-002
2.074153e+003;9.246117e-002
2.074635e+003;9.250925e-002
2.075118e+003;9.254340e-002
2.075600e+003;9.256101e-002
2.076082e+003;9.256399e-002
2.076564e+003;9.255858e-002
2.077046e+003;9.255093e-002
2.077528e+003;9.254520e-002
2.078010e+003;9.254110e-002
2.078493e+003;9.253511e-002
2.078975e+003;9.252177e-002
2.079457e+003;9.249935e-002
2.079939e+003;9.246932e-002
2.080421e+003;9.244006e-002
2.080903e+003;9.242192e-002
2.081385e+003;9.242409e-002
2.081868e+003;9.244902e-002
2.082350e+003;9.249060e-002
2.082832e+003;9.253547e-002
2.083314e+003;9.256614e-002
2.083796e+003;9.256898e-002
2.084278e+003;9.253770e-002
2.084760e+003;9.247555e-002
2.085242e+003;9.239601e-002
2.085725e+003;9.231544e-002
2.086207e+003;9.225067e-002
2.086689e+003;9.221160e-002
2.087171e+003;9.220283e-002
2.087653e+003;9.222144e-002
2.088135e+003;9.226182e-002
2.088617e+003;9.231514e-002
2.089100e+003;9.237476e-002
2.089582e+003;9.243150e-002
2.090064e+003;9.247867e-002
2.090546e+003;9.250914e-002
2.091028e+003;9.251805e-002
2.091510e+003;9.250484e-002
2.091992e+003;9.247582e-002
2.092475e+003;9.244140e-002
2.092957e+003;9.241757e-002
2.093439e+003;9.241751e-002
2.093921e+003;9.245139e-002
2.094403e+003;9.252091e-002
2.094885e+003;9.262267e-002
2.095367e+003;9.274717e-002
2.095850e+003;9.288770e-002
2.096332e+003;9.303892e-002
2.096814e+003;9.320160e-002
2.097296e+003;9.337594e-002
2.097778e+003;9.356030e-002
2.098260e+003;9.374800e-002
2.098742e+003;9.392579e-002
2.099225e+003;9.407799e-002
2.099707e+003;9.419278e-002
2.100189e+003;9.426339e-002
2.100671e+003;9.429361e-002
2.101153e+003;9.429510e-002
2.101635e+003;9.428401e-002
2.102117e+003;9.427444e-002
2.102599e+003;9.427775e-002
2.103082e+003;9.429643e-002
2.103564e+003;9.432833e-002
2.104046e+003;9.436703e-002
2.104528e+003;9.440504e-002
2.105010e+003;9.443533e-002
2.105492e+003;9.445287e-002
2.105974e+003;9.445313e-002
2.106457e+003;9.443575e-002
2.106939e+003;9.440141e-002
2.107421e+003;9.435690e-002
2.107903e+003;9.430997e-002
2.108385e+003;9.427199e-002
2.108867e+003;9.425072e-002
2.109349e+003;9.425019e-002
2.109832e+003;9.426638e-002
2.110314e+003;9.428963e-002
2.110796e+003;9.430615e-002
2.111278e+003;9.430535e-002
2.111760e+003;9.427942e-002
2.112242e+003;9.422997e-002
2.112724e+003;9.416383e-002
2.113207e+003;9.409314e-002
2.113689e+003;9.402819e-002
2.114171e+003;9.397707e-002
2.114653e+003;9.394439e-002
2.115135e+003;9.393290e-002
2.115617e+003;9.394291e-002
2.116099e+003;9.397449e-002
2.116582e+003;9.402596e-002
2.117063e+003;9.409285e-002
2.117546e+003;9.416486e-002
2.118028e+003;9.422977e-002
2.118510e+003;9.427322e-002
2.118992e+003;9.428643e-002
2.119474e+003;9.426704e-002
2.119956e+003;9.422297e-002
2.120438e+003;9.416788e-002
2.120921e+003;9.412017e-002
2.121403e+003;9.409292e-002
2.121885e+003;9.409391e-002
2.122367e+003;9.412253e-002
2.122849e+003;9.417336e-002
2.123331e+003;9.423705e-002
2.123813e+003;9.430716e-002
2.124296e+003;9.437785e-002
2.124778e+003;9.444498e-002
2.125260e+003;9.450174e-002
2.125742e+003;9.454019e-002
2.126224e+003;9.454899e-002
2.126706e+003;9.452008e-002
2.127188e+003;9.444921e-002
2.127671e+003;9.434125e-002
2.128153e+003;9.420858e-002
2.128635e+003;9.406850e-002
2.129117e+003;9.393805e-002
2.129599e+003;9.382913e-002
2.130081e+003;9.374883e-002
2.130563e+003;9.370091e-002
2.131046e+003;9.368844e-002
2.131528e+003;9.371723e-002
2.132010e+003;9.379563e-002
2.132492e+003;9.393008e-002
2.132974e+003;9.411786e-002
2.133456e+003;9.434448e-002
2.133938e+003;9.458205e-002
2.134420e+003;9.479941e-002
2.134903e+003;9.496726e-002
2.135385e+003;9.507377e-002
2.135867e+003;9.512464e-002
2.136349e+003;9.514391e-002
2.136831e+003;9.516060e-002
2.137313e+003;9.519847e-002
2.137795e+003;9.526869e-002
2.138278e+003;9.537010e-002
2.138760e+003;9.548882e-002
2.139242e+003;9.561577e-002
2.139724e+003;9.574556e-002
2.140206e+003;9.588481e-002
2.140688e+003;9.603994e-002
2.141170e+003;9.621631e-002
2.141653e+003;9.640139e-002
2.142135e+003;9.657520e-002
2.142617e+003;9.670665e-002
2.143099e+003;9.677262e-002
2.143581e+003;9.676309e-002
2.144063e+003;9.669405e-002
2.144545e+003;9.659742e-002
2.145028e+003;9.651420e-002
2.145510e+003;9.648061e-002
2.145992e+003;9.651595e-002
2.146474e+003;9.661777e-002
2.146956e+003;9.677014e-002
2.147438e+003;9.694882e-002
2.147920e+003;9.713690e-002
2.148403e+003;9.732327e-002
2.148885e+003;9.751117e-002
2.149367e+003;9.770494e-002
2.149849e+003;9.791140e-002
2.150331e+003;9.812438e-002
2.150813e+003;9.833346e-002
2.151295e+003;9.851676e-002
2.151777e+003;9.865396e-002
2.152260e+003;9.872703e-002
2.152742e+003;9.872964e-002
2.153224e+003;9.866818e-002
2.153706e+003;9.856769e-002
2.154188e+003;9.846786e-002
2.154670e+003;9.842550e-002
2.155152e+003;9.850091e-002
2.155635e+003;9.875309e-002
2.156117e+003;9.921454e-002
2.156599e+003;9.988815e-002
2.157081e+003;1.007256e-001
2.157563e+003;1.016464e-001
2.158045e+003;1.025398e-001
2.158527e+003;1.033113e-001
2.159010e+003;1.038969e-001
2.159492e+003;1.042859e-001
2.159974e+003;1.045075e-001
2.160456e+003;1.046067e-001
2.160938e+003;1.046245e-001
2.161420e+003;1.045797e-001
2.161902e+003;1.044665e-001
2.162385e+003;1.042720e-001
2.162867e+003;1.039884e-001
2.163349e+003;1.036304e-001
2.163831e+003;1.032267e-001
2.164313e+003;1.028237e-001
2.164795e+003;1.024630e-001
2.165277e+003;1.021711e-001
2.165760e+003;1.019506e-001
2.166241e+003;1.017873e-001
2.166724e+003;1.016498e-001
2.167206e+003;1.015128e-001
2.167688e+003;1.013522e-001
2.168170e+003;1.011614e-001
2.168652e+003;1.009394e-001
2.169134e+003;1.006953e-001
2.169616e+003;1.004359e-001
2.170099e+003;1.001715e-001
2.170581e+003;9.990571e-002
2.171063e+003;9.964729e-002
2.171545e+003;9.939779e-002
2.172027e+003;9.916273e-002
2.172509e+003;9.893943e-002
2.172991e+003;9.873001e-002
2.173474e+003;9.852974e-002
2.173956e+003;9.834119e-002
2.174438e+003;9.816775e-002
2.174920e+003;9.802131e-002
2.175402e+003;9.791302e-002
2.175884e+003;9.784988e-002
2.176366e+003;9.782797e-002
2.176849e+003;9.783406e-002
2.177331e+003;9.784283e-002
2.177813e+003;9.783192e-002
2.178295e+003;9.778603e-002
2.178777e+003;9.771138e-002
2.179259e+003;9.762628e-002
2.179741e+003;9.756637e-002
2.180223e+003;9.756353e-002
2.180706e+003;9.764077e-002
2.181188e+003;9.779400e-002
2.181670e+003;9.799846e-002
2.182152e+003;9.820705e-002
2.182634e+003;9.837299e-002
2.183116e+003;9.845427e-002
2.183598e+003;9.843048e-002
2.184081e+003;9.830402e-002
2.184563e+003;9.809831e-002
2.185045e+003;9.784525e-002
2.185527e+003;9.758343e-002
2.186009e+003;9.734192e-002
2.186491e+003;9.714090e-002
2.186973e+003;9.698495e-002
2.187456e+003;9.687045e-002
2.187938e+003;9.677716e-002
2.188420e+003;9.668586e-002
2.188902e+003;9.657100e-002
2.189384e+003;9.641578e-002
2.189866e+003;9.621114e-002
2.190348e+003;9.596456e-002
2.190831e+003;9.569169e-002
2.191313e+003;9.541781e-002
2.191795e+003;9.516925e-002
2.192277e+003;9.496704e-002
2.192759e+003;9.481855e-002
2.193241e+003;9.471771e-002
2.193723e+003;9.464429e-002
2.194206e+003;9.457260e-002
2.194688e+003;9.447342e-002
2.195170e+003;9.432671e-002
2.195652e+003;9.412234e-002
2.196134e+003;9.386603e-002
2.196616e+003;9.357517e-002
2.197098e+003;9.327745e-002
2.197580e+003;9.300240e-002
2.198063e+003;9.277900e-002
2.198545e+003;9.262581e-002
2.199027e+003;9.254849e-002
2.199509e+003;9.253787e-002
2.199991e+003;9.257206e-002
2.200473e+003;9.261878e-002
2.200955e+003;9.264557e-002
2.201438e+003;9.262481e-002
2.201920e+003;9.254317e-002
2.202402e+003;9.240195e-002
2.202884e+003;9.221977e-002
2.203366e+003;9.201897e-002
2.203848e+003;9.182938e-002
2.204330e+003;9.166781e-002
2.204813e+003;9.154057e-002
2.205295e+003;9.143734e-002
2.205777e+003;9.133939e-002
2.206259e+003;9.122290e-002
2.206741e+003;9.107083e-002
2.207223e+003;9.088163e-002
2.207705e+003;9.066861e-002
2.208188e+003;9.046061e-002
2.208670e+003;9.029630e-002
2.209152e+003;9.021017e-002
2.209634e+003;9.022727e-002
2.210116e+003;9.035027e-002
2.210598e+003;9.056185e-002
2.211080e+003;9.082501e-002
2.211563e+003;9.109537e-002
2.212044e+003;9.132428e-002
2.212527e+003;9.147665e-002
2.213009e+003;9.152795e-002
2.213491e+003;9.147650e-002
2.213973e+003;9.133121e-002
2.214455e+003;9.111489e-002
2.214937e+003;9.085198e-002
2.215419e+003;9.057014e-002
2.215902e+003;9.029022e-002
2.216384e+003;9.003186e-002
2.216866e+003;8.980637e-002
2.217348e+003;8.962342e-002
2.217830e+003;8.948530e-002
2.218312e+003;8.939272e-002
2.218794e+003;8.933891e-002
2.219277e+003;8.931848e-002
2.219759e+003;8.932038e-002
2.220241e+003;8.933646e-002
2.220723e+003;8.935845e-002
2.221205e+003;8.938035e-002
2.221687e+003;8.939636e-002
2.222169e+003;8.939952e-002
2.222652e+003;8.938265e-002
2.223134e+003;8.933795e-002
2.223616e+003;8.925849e-002
2.224098e+003;8.914132e-002
2.224580e+003;8.898897e-002
2.225062e+003;8.881193e-002
2.225544e+003;8.862392e-002
2.226027e+003;8.844517e-002
2.226509e+003;8.829273e-002
2.226991e+003;8.818386e-002
2.227473e+003;8.812623e-002
2.227955e+003;8.812234e-002
2.228437e+003;8.816471e-002
2.228919e+003;8.823968e-002
2.229401e+003;8.832448e-002
2.229884e+003;8.839635e-002
2.230366e+003;8.842996e-002
2.230848e+003;8.841101e-002
2.231330e+003;8.833115e-002
2.231812e+003;8.819868e-002
2.232294e+003;8.803038e-002
2.232776e+003;8.785311e-002
2.233259e+003;8.768933e-002
2.233741e+003;8.755636e-002
2.234223e+003;8.745626e-002
2.234705e+003;8.738147e-002
2.235187e+003;8.731427e-002
2.235669e+003;8.723965e-002
2.236151e+003;8.714961e-002
2.236634e+003;8.704996e-002
2.237116e+003;8.695799e-002
2.237598e+003;8.689525e-002
2.238080e+003;8.688049e-002
2.238562e+003;8.692165e-002
2.239044e+003;8.700933e-002
2.239526e+003;8.712287e-002
2.240009e+003;8.723247e-002
2.240491e+003;8.731067e-002
2.240973e+003;8.733670e-002
2.241455e+003;8.730300e-002
2.241937e+003;8.721340e-002
2.242419e+003;8.708134e-002
2.242901e+003;8.692218e-002
2.243384e+003;8.675341e-002
2.243865e+003;8.658685e-002
2.244348e+003;8.643267e-002
2.244830e+003;8.629487e-002
2.245312e+003;8.617419e-002
2.245794e+003;8.606890e-002
2.246276e+003;8.597527e-002
2.246758e+003;8.588829e-002
2.247240e+003;8.580565e-002
2.247723e+003;8.572762e-002
2.248205e+003;8.565679e-002
2.248687e+003;8.559773e-002
2.249169e+003;8.555271e-002
2.249651e+003;8.551823e-002
2.250133e+003;8.548604e-002
2.250615e+003;8.544161e-002
2.251098e+003;8.537152e-002
2.251580e+003;8.526940e-002
2.252062e+003;8.514087e-002
2.252544e+003;8.500515e-002
2.253026e+003;8.489005e-002
2.253508e+003;8.482246e-002
2.253990e+003;8.482040e-002
2.254473e+003;8.488271e-002
2.254955e+003;8.499001e-002
2.255437e+003;8.510877e-002
2.255919e+003;8.520449e-002
2.256401e+003;8.524864e-002
2.256883e+003;8.523130e-002
2.257365e+003;8.515624e-002
2.257848e+003;8.504226e-002
2.258330e+003;8.490995e-002
2.258812e+003;8.477619e-002
2.259294e+003;8.464780e-002
2.259776e+003;8.452442e-002
2.260258e+003;8.440077e-002
2.260740e+003;8.427274e-002
2.261222e+003;8.414230e-002
2.261705e+003;8.401590e-002
2.262187e+003;8.390188e-002
2.262669e+003;8.380718e-002
2.263151e+003;8.373103e-002
2.263633e+003;8.366819e-002
2.264115e+003;8.360898e-002
2.264597e+003;8.354722e-002
2.265080e+003;8.348020e-002
2.265562e+003;8.341471e-002
2.266044e+003;8.336087e-002
2.266526e+003;8.333062e-002
2.267008e+003;8.333021e-002
2.267490e+003;8.335862e-002
2.267972e+003;8.340491e-002
2.268455e+003;8.345225e-002
2.268937e+003;8.348201e-002
2.269419e+003;8.347963e-002
2.269901e+003;8.343825e-002
2.270383e+003;8.335864e-002
2.270865e+003;8.324943e-002
2.271347e+003;8.312456e-002
2.271830e+003;8.299856e-002
2.272312e+003;8.288465e-002
2.272794e+003;8.279151e-002
2.273276e+003;8.272324e-002
2.273758e+003;8.267853e-002
2.274240e+003;8.265278e-002
2.274722e+003;8.263860e-002
2.275205e+003;8.263112e-002
2.275687e+003;8.262535e-002
2.276169e+003;8.262088e-002
2.276651e+003;8.261828e-002
2.277133e+003;8.261954e-002
2.277615e+003;8.262415e-002
2.278097e+003;8.263008e-002
2.278579e+003;8.263149e-002
2.279062e+003;8.262344e-002
2.279544e+003;8.260068e-002
2.280026e+003;8.256329e-002
2.280508e+003;8.251447e-002
2.280990e+003;8.246177e-002
2.281472e+003;8.241256e-002
2.281954e+003;8.237106e-002
2.282437e+003;8.233645e-002
2.282919e+003;8.230323e-002
2.283401e+003;8.226207e-002
2.283883e+003;8.220423e-002
2.284365e+003;8.212472e-002
2.284847e+003;8.202519e-002
2.285329e+003;8.191115e-002
2.285812e+003;8.179149e-002
2.286294e+003;8.167434e-002
2.286776e+003;8.156522e-002
2.287258e+003;8.146369e-002
2.287740e+003;8.136757e-002
2.288222e+003;8.127166e-002
2.288704e+003;8.117243e-002
2.289187e+003;8.106805e-002
2.289669e+003;8.095944e-002
2.290151e+003;8.084799e-002
2.290633e+003;8.073685e-002
2.291115e+003;8.062664e-002
2.291597e+003;8.051880e-002
2.292079e+003;8.041405e-002
2.292562e+003;8.031443e-002
2.293043e+003;8.022295e-002
2.293526e+003;8.014451e-002
2.294008e+003;8.008196e-002
2.294490e+003;8.003683e-002
2.294972e+003;8.000635e-002
2.295454e+003;7.998459e-002
2.295936e+003;7.996339e-002
2.296418e+003;7.993475e-002
2.296901e+003;7.989290e-002
2.297383e+003;7.983761e-002
2.297865e+003;7.977074e-002
2.298347e+003;7.969904e-002
2.298829e+003;7.962938e-002
2.299311e+003;7.956713e-002
2.299793e+003;7.951474e-002
2.300276e+003;7.947165e-002
2.300758e+003;7.943475e-002
2.301240e+003;7.939947e-002
2.301722e+003;7.936177e-002
2.302204e+003;7.932001e-002
2.302686e+003;7.927327e-002
2.303168e+003;7.922461e-002
2.303651e+003;7.917716e-002
2.304133e+003;7.913573e-002
2.304615e+003;7.910428e-002
2.305097e+003;7.908577e-002
2.305579e+003;7.908107e-002
2.306061e+003;7.908867e-002
2.306543e+003;7.910414e-002
2.307026e+003;7.912043e-002
2.307508e+003;7.912877e-002
2.307990e+003;7.912096e-002
2.308472e+003;7.908957e-002
2.308954e+003;7.903193e-002
2.309436e+003;7.895056e-002
2.309918e+003;7.885312e-002
2.310400e+003;7.875133e-002
2.310883e+003;7.865844e-002
2.311365e+003;7.858581e-002
2.311847e+003;7.854074e-002
2.312329e+003;7.852373e-002
2.312811e+003;7.852917e-002
2.313293e+003;7.854769e-002
2.313775e+003;7.856786e-002
2.314258e+003;7.858077e-002
2.314740e+003;7.858113e-002
2.315222e+003;7.856847e-002
2.315704e+003;7.854584e-002
2.316186e+003;7.851814e-002
2.316668e+003;7.848999e-002
2.317150e+003;7.846316e-002
2.317633e+003;7.843897e-002
2.318115e+003;7.841660e-002
2.318597e+003;7.839670e-002
2.319079e+003;7.837970e-002
2.319561e+003;7.837032e-002
2.320043e+003;7.836983e-002
2.320525e+003;7.837947e-002
2.321008e+003;7.839534e-002
2.321490e+003;7.840863e-002
2.321972e+003;7.840779e-002
2.322454e+003;7.837931e-002
2.322936e+003;7.831223e-002
2.323418e+003;7.820162e-002
2.323900e+003;7.804879e-002
2.324383e+003;7.786130e-002
2.324865e+003;7.765134e-002
2.325347e+003;7.743406e-002
2.325829e+003;7.722291e-002
2.326311e+003;7.702959e-002
2.326793e+003;7.686169e-002
2.327275e+003;7.672312e-002
2.327757e+003;7.661263e-002
2.328240e+003;7.652689e-002
2.328722e+003;7.645975e-002
2.329204e+003;7.640459e-002
2.329686e+003;7.635490e-002
2.330168e+003;7.630550e-002
2.330650e+003;7.625351e-002
2.331132e+003;7.619708e-002
2.331615e+003;7.613737e-002
2.332097e+003;7.607590e-002
2.332579e+003;7.601490e-002
2.333061e+003;7.595588e-002
2.333543e+003;7.589947e-002
2.334025e+003;7.584549e-002
2.334507e+003;7.579362e-002
2.334990e+003;7.574400e-002
2.335472e+003;7.569785e-002
2.335954e+003;7.565703e-002
2.336436e+003;7.562318e-002
2.336918e+003;7.559782e-002
2.337400e+003;7.558163e-002
2.337882e+003;7.557311e-002
2.338365e+003;7.556942e-002
2.338847e+003;7.556647e-002
2.339329e+003;7.556024e-002
2.339811e+003;7.554783e-002
2.340293e+003;7.552782e-002
2.340775e+003;7.550012e-002
2.341257e+003;7.546619e-002
2.341740e+003;7.542993e-002
2.342221e+003;7.539432e-002
2.342704e+003;7.536319e-002
2.343186e+003;7.533865e-002
2.343668e+003;7.532153e-002
2.344150e+003;7.531068e-002
2.344632e+003;7.530367e-002
2.345114e+003;7.529515e-002
2.345596e+003;7.528149e-002
2.346079e+003;7.525890e-002
2.346561e+003;7.522539e-002
2.347043e+003;7.518099e-002
2.347525e+003;7.512811e-002
2.348007e+003;7.506967e-002
2.348489e+003;7.500920e-002
2.348971e+003;7.494895e-002
2.349454e+003;7.489112e-002
2.349936e+003;7.483535e-002
2.350418e+003;7.478081e-002
2.350900e+003;7.472651e-002
2.351382e+003;7.467141e-002
2.351864e+003;7.461388e-002
2.352346e+003;7.455388e-002
2.352829e+003;7.449025e-002
2.353311e+003;7.442366e-002
2.353793e+003;7.435469e-002
2.354275e+003;7.428636e-002
2.354757e+003;7.422170e-002
2.355239e+003;7.416618e-002
2.355721e+003;7.412294e-002
2.356204e+003;7.409523e-002
2.356686e+003;7.408261e-002
2.357168e+003;7.408196e-002
2.357650e+003;7.408578e-002
2.358132e+003;7.408807e-002
2.358614e+003;7.408156e-002
2.359096e+003;7.406184e-002
2.359578e+003;7.402838e-002
2.360061e+003;7.398493e-002
2.360543e+003;7.393683e-002
2.361025e+003;7.389005e-002
2.361507e+003;7.385081e-002
2.361989e+003;7.382274e-002
2.362471e+003;7.380661e-002
2.362953e+003;7.380223e-002
2.363436e+003;7.380702e-002
2.363918e+003;7.381762e-002
2.364400e+003;7.382981e-002
2.364882e+003;7.383940e-002
2.365364e+003;7.384191e-002
2.365846e+003;7.383244e-002
2.366328e+003;7.380890e-002
2.366811e+003;7.376917e-002
2.367293e+003;7.371585e-002
2.367775e+003;7.365291e-002
2.368257e+003;7.358631e-002
2.368739e+003;7.352307e-002
2.369221e+003;7.346796e-002
2.369703e+003;7.342532e-002
2.370186e+003;7.339446e-002
2.370668e+003;7.337429e-002
2.371150e+003;7.336113e-002
2.371632e+003;7.335224e-002
2.372114e+003;7.334530e-002
2.372596e+003;7.334070e-002
2.373078e+003;7.333745e-002
2.373561e+003;7.333784e-002
2.374042e+003;7.334217e-002
2.374525e+003;7.334980e-002
2.375007e+003;7.335978e-002
2.375489e+003;7.336953e-002
2.375971e+003;7.337766e-002
2.376453e+003;7.338257e-002
2.376935e+003;7.338216e-002
2.377417e+003;7.337589e-002
2.377900e+003;7.336244e-002
2.378382e+003;7.334118e-002
2.378864e+003;7.331129e-002
2.379346e+003;7.327317e-002
2.379828e+003;7.322800e-002
2.380310e+003;7.317891e-002
2.380792e+003;7.313015e-002
2.381275e+003;7.308671e-002
2.381757e+003;7.305332e-002
2.382239e+003;7.303295e-002
2.382721e+003;7.302630e-002
2.383203e+003;7.303115e-002
2.383685e+003;7.304493e-002
2.384167e+003;7.306248e-002
2.384650e+003;7.308056e-002
2.385132e+003;7.309671e-002
2.385614e+003;7.311003e-002
2.386096e+003;7.312074e-002
2.386578e+003;7.312915e-002
2.387060e+003;7.313408e-002
2.387542e+003;7.313340e-002
2.388025e+003;7.312380e-002
2.388507e+003;7.310120e-002
2.388989e+003;7.306439e-002
2.389471e+003;7.301381e-002
2.389953e+003;7.295344e-002
2.390435e+003;7.289017e-002
2.390917e+003;7.283144e-002
2.391399e+003;7.278340e-002
2.391882e+003;7.274885e-002
2.392364e+003;7.272595e-002
2.392846e+003;7.270982e-002
2.393328e+003;7.269206e-002
2.393810e+003;7.266674e-002
2.394292e+003;7.262982e-002
2.394774e+003;7.258242e-002
2.395257e+003;7.252878e-002
2.395739e+003;7.247648e-002
2.396221e+003;7.243174e-002
2.396703e+003;7.239890e-002
2.397185e+003;7.237813e-002
2.397667e+003;7.236635e-002
2.398149e+003;7.235859e-002
2.398632e+003;7.235099e-002
2.399114e+003;7.234193e-002
2.399596e+003;7.233305e-002
2.400078e+003;7.232831e-002
2.400560e+003;7.233184e-002
2.401042e+003;7.234628e-002
2.401524e+003;7.237053e-002
2.402007e+003;7.240085e-002
2.402489e+003;7.243074e-002
2.402971e+003;7.245542e-002
2.403453e+003;7.247157e-002
2.403935e+003;7.247886e-002
2.404417e+003;7.248085e-002
2.404899e+003;7.248027e-002
2.405382e+003;7.248139e-002
2.405864e+003;7.248379e-002
2.406346e+003;7.248556e-002
2.406828e+003;7.248214e-002
2.407310e+003;7.246922e-002
2.407792e+003;7.244500e-002
2.408274e+003;7.241059e-002
2.408756e+003;7.237095e-002
2.409239e+003;7.233248e-002
2.409721e+003;7.230170e-002
2.410203e+003;7.228374e-002
2.410685e+003;7.227901e-002
2.411167e+003;7.228672e-002
2.411649e+003;7.230297e-002
2.412131e+003;7.232349e-002
2.412614e+003;7.234480e-002
2.413096e+003;7.236578e-002
2.413578e+003;7.238555e-002
2.414060e+003;7.240549e-002
2.414542e+003;7.242614e-002
2.415024e+003;7.244788e-002
2.415506e+003;7.246937e-002
2.415989e+003;7.248923e-002
2.416471e+003;7.250482e-002
2.416953e+003;7.251371e-002
2.417435e+003;7.251376e-002
2.417917e+003;7.250367e-002
2.418399e+003;7.248197e-002
2.418881e+003;7.244809e-002
2.419364e+003;7.240129e-002
2.419846e+003;7.234279e-002
2.420328e+003;7.227405e-002
2.420810e+003;7.219823e-002
2.421292e+003;7.211929e-002
2.421774e+003;7.204238e-002
2.422256e+003;7.197260e-002
2.422739e+003;7.191378e-002
2.423220e+003;7.186851e-002
2.423703e+003;7.183766e-002
2.424185e+003;7.181996e-002
2.424667e+003;7.181249e-002
2.425149e+003;7.181197e-002
2.425631e+003;7.181455e-002
2.426113e+003;7.181635e-002
2.426595e+003;7.181426e-002
2.427078e+003;7.180597e-002
2.427560e+003;7.179088e-002
2.428042e+003;7.176940e-002
2.428524e+003;7.174283e-002
2.429006e+003;7.171451e-002
2.429488e+003;7.168841e-002
2.429970e+003;7.166827e-002
2.430453e+003;7.165637e-002
2.430935e+003;7.165395e-002
2.431417e+003;7.165936e-002
2.431899e+003;7.166986e-002
2.432381e+003;7.168149e-002
2.432863e+003;7.169095e-002
2.433345e+003;7.169764e-002
2.433828e+003;7.170271e-002
2.434310e+003;7.171043e-002
2.434792e+003;7.172438e-002
2.435274e+003;7.174747e-002
2.435756e+003;7.177904e-002
2.436238e+003;7.181520e-002
2.436720e+003;7.184816e-002
2.437203e+003;7.187042e-002
2.437685e+003;7.187486e-002
2.438167e+003;7.185950e-002
2.438649e+003;7.182632e-002
2.439131e+003;7.178224e-002
2.439613e+003;7.173605e-002
2.440095e+003;7.169650e-002
2.440577e+003;7.166932e-002
2.441060e+003;7.165578e-002
2.441542e+003;7.165237e-002
2.442024e+003;7.165317e-002
2.442506e+003;7.165087e-002
2.442988e+003;7.164077e-002
2.443470e+003;7.161991e-002
2.443952e+003;7.158943e-002
2.444435e+003;7.155390e-002
2.444917e+003;7.151863e-002
2.445399e+003;7.148974e-002
2.445881e+003;7.147186e-002
2.446363e+003;7.146687e-002
2.446845e+003;7.147470e-002
2.447327e+003;7.149199e-002
2.447810e+003;7.151414e-002
2.448292e+003;7.153466e-002
2.448774e+003;7.154814e-002
2.449256e+003;7.154947e-002
2.449738e+003;7.153673e-002
2.450220e+003;7.150912e-002
2.450702e+003;7.146945e-002
2.451185e+003;7.142121e-002
2.451667e+003;7.136986e-002
2.452149e+003;7.132004e-002
2.452631e+003;7.127688e-002
2.453113e+003;7.124363e-002
2.453595e+003;7.122329e-002
2.454077e+003;7.121704e-002
2.454560e+003;7.122338e-002
2.455042e+003;7.124023e-002
2.455524e+003;7.126231e-002
2.456006e+003;7.128335e-002
2.456488e+003;7.129586e-002
2.456970e+003;7.129253e-002
2.457452e+003;7.126884e-002
2.457935e+003;7.122292e-002
2.458417e+003;7.115687e-002
2.458899e+003;7.107642e-002
2.459381e+003;7.098924e-002
2.459863e+003;7.090326e-002
2.460345e+003;7.082498e-002
2.460827e+003;7.075846e-002
2.461309e+003;7.070506e-002
2.461792e+003;7.066435e-002
2.462274e+003;7.063470e-002
2.462756e+003;7.061383e-002
2.463238e+003;7.060020e-002
2.463720e+003;7.059292e-002
2.464202e+003;7.059033e-002
2.464684e+003;7.059070e-002
2.465167e+003;7.059160e-002
2.465649e+003;7.058969e-002
2.466131e+003;7.058325e-002
2.466613e+003;7.057122e-002
2.467095e+003;7.055445e-002
2.467577e+003;7.053602e-002
2.468059e+003;7.051931e-002
2.468542e+003;7.050776e-002
2.469024e+003;7.050380e-002
2.469506e+003;7.050681e-002
2.469988e+003;7.051586e-002
2.470470e+003;7.052883e-002
2.470952e+003;7.054313e-002
2.471434e+003;7.055742e-002
2.471917e+003;7.057171e-002
2.472399e+003;7.058486e-002
2.472881e+003;7.059679e-002
2.473363e+003;7.060530e-002
2.473845e+003;7.060882e-002
2.474327e+003;7.060446e-002
2.474809e+003;7.059019e-002
2.475292e+003;7.056663e-002
2.475773e+003;7.053562e-002
2.476256e+003;7.050178e-002
2.476738e+003;7.046995e-002
2.477220e+003;7.044397e-002
2.477702e+003;7.042630e-002
2.478184e+003;7.041580e-002
2.478666e+003;7.041091e-002
2.479148e+003;7.040725e-002
2.479631e+003;7.040217e-002
2.480113e+003;7.039279e-002
2.480595e+003;7.037848e-002
2.481077e+003;7.035802e-002
2.481559e+003;7.033239e-002
2.482041e+003;7.030074e-002
2.482523e+003;7.026453e-002
2.483006e+003;7.022478e-002
2.483488e+003;7.018467e-002
2.483970e+003;7.014938e-002
2.484452e+003;7.012390e-002
2.484934e+003;7.011265e-002
2.485416e+003;7.011790e-002
2.485898e+003;7.013818e-002
2.486381e+003;7.016647e-002
2.486863e+003;7.019521e-002
2.487345e+003;7.021531e-002
2.487827e+003;7.022012e-002
2.488309e+003;7.020804e-002
2.488791e+003;7.018169e-002
2.489273e+003;7.014813e-002
2.489756e+003;7.011541e-002
2.490238e+003;7.009122e-002
2.490720e+003;7.007933e-002
2.491202e+003;7.008110e-002
2.491684e+003;7.009264e-002
2.492166e+003;7.010920e-002
2.492648e+003;7.012523e-002
2.493130e+003;7.013669e-002
2.493613e+003;7.014160e-002
2.494095e+003;7.013930e-002
2.494577e+003;7.013125e-002
2.495059e+003;7.011914e-002
2.495541e+003;7.010534e-002
2.496023e+003;7.009047e-002
2.496505e+003;7.007638e-002
2.496988e+003;7.006336e-002
2.497470e+003;7.005244e-002
2.497952e+003;7.004301e-002
2.498434e+003;7.003525e-002
2.498916e+003;7.002827e-002
2.499398e+003;7.001970e-002
2.499880e+003;7.000767e-002
2.500363e+003;6.998874e-002
2.500845e+003;6.996167e-002
2.501327e+003;6.992601e-002
2.501809e+003;6.988274e-002
2.502291e+003;6.983679e-002
2.502773e+003;6.979357e-002
2.503255e+003;6.975889e-002
2.503738e+003;6.973721e-002
2.504220e+003;6.972995e-002
2.504702e+003;6.973409e-002
2.505184e+003;6.974466e-002
2.505666e+003;6.975552e-002
2.506148e+003;6.976133e-002
2.506630e+003;6.976173e-002
2.507113e+003;6.975975e-002
2.507594e+003;6.976183e-002
2.508077e+003;6.977505e-002
2.508559e+003;6.980345e-002
2.509041e+003;6.984637e-002
2.509523e+003;6.989650e-002
2.510005e+003;6.994328e-002
2.510487e+003;6.997622e-002
2.510969e+003;6.998788e-002
2.511452e+003;6.997807e-002
2.511934e+003;6.995176e-002
2.512416e+003;6.991903e-002
2.512898e+003;6.989028e-002
2.513380e+003;6.987200e-002
2.513862e+003;6.986532e-002
2.514344e+003;6.986513e-002
2.514827e+003;6.986361e-002
2.515309e+003;6.985258e-002
2.515791e+003;6.982758e-002
2.516273e+003;6.978896e-002
2.516755e+003;6.974224e-002
2.517237e+003;6.969560e-002
2.517719e+003;6.965747e-002
2.518202e+003;6.963488e-002
2.518684e+003;6.962989e-002
2.519166e+003;6.964163e-002
2.519648e+003;6.966447e-002
2.520130e+003;6.969088e-002
2.520612e+003;6.971178e-002
2.521094e+003;6.971916e-002
2.521577e+003;6.970578e-002
2.522059e+003;6.966949e-002
2.522541e+003;6.961245e-002
2.523023e+003;6.954229e-002
2.523505e+003;6.947130e-002
2.523987e+003;6.941257e-002
2.524469e+003;6.937772e-002
2.524951e+003;6.937216e-002
2.525434e+003;6.939397e-002
2.525916e+003;6.943485e-002
2.526398e+003;6.948058e-002
2.526880e+003;6.951784e-002
2.527362e+003;6.953643e-002
2.527844e+003;6.953400e-002
2.528326e+003;6.951442e-002
2.528809e+003;6.948644e-002
2.529291e+003;6.945986e-002
2.529773e+003;6.944132e-002
2.530255e+003;6.943331e-002
2.530737e+003;6.943367e-002
2.531219e+003;6.943751e-002
2.531701e+003;6.944037e-002
2.532184e+003;6.944045e-002
2.532666e+003;6.943876e-002
2.533148e+003;6.943937e-002
2.533630e+003;6.944606e-002
2.534112e+003;6.946151e-002
2.534594e+003;6.948457e-002
2.535076e+003;6.951227e-002
2.535559e+003;6.954018e-002
2.536041e+003;6.956334e-002
2.536523e+003;6.957924e-002
2.537005e+003;6.958834e-002
2.537487e+003;6.959189e-002
2.537969e+003;6.959205e-002
2.538451e+003;6.959067e-002
2.538934e+003;6.958856e-002
2.539416e+003;6.958573e-002
2.539898e+003;6.958173e-002
2.540380e+003;6.957665e-002
2.540862e+003;6.957120e-002
2.541344e+003;6.956728e-002
2.541826e+003;6.956594e-002
2.542308e+003;6.956748e-002
2.542791e+003;6.957088e-002
2.543273e+003;6.957474e-002
2.543755e+003;6.957609e-002
2.544237e+003;6.957419e-002
2.544719e+003;6.956897e-002
2.545201e+003;6.956338e-002
2.545683e+003;6.955985e-002
2.546166e+003;6.956251e-002
2.546648e+003;6.957226e-002
2.547130e+003;6.958850e-002
2.547612e+003;6.960715e-002
2.548094e+003;6.962266e-002
2.548576e+003;6.962872e-002
2.549058e+003;6.962221e-002
2.549541e+003;6.960056e-002
2.550023e+003;6.956675e-002
2.550505e+003;6.952547e-002
2.550987e+003;6.948398e-002
2.551469e+003;6.944788e-002
2.551951e+003;6.942318e-002
2.552433e+003;6.941146e-002
2.552916e+003;6.941332e-002
2.553398e+003;6.942660e-002
2.553880e+003;6.944764e-002
2.554362e+003;6.947254e-002
2.554844e+003;6.949820e-002
2.555326e+003;6.952167e-002
2.555808e+003;6.954065e-002
2.556291e+003;6.955369e-002
2.556772e+003;6.956031e-002
2.557255e+003;6.955863e-002
2.557737e+003;6.954855e-002
2.558219e+003;6.952818e-002
2.558701e+003;6.949734e-002
2.559183e+003;6.945573e-002
2.559665e+003;6.940535e-002
2.560147e+003;6.935024e-002
2.560630e+003;6.929594e-002
2.561112e+003;6.924957e-002
2.561594e+003;6.921790e-002
2.562076e+003;6.920509e-002
2.562558e+003;6.921098e-002
2.563040e+003;6.923267e-002
2.563522e+003;6.926332e-002
2.564005e+003;6.929470e-002
2.564487e+003;6.932057e-002
2.564969e+003;6.933794e-002
2.565451e+003;6.934899e-002
2.565933e+003;6.935930e-002
2.566415e+003;6.937722e-002
2.566897e+003;6.941008e-002
2.567380e+003;6.946115e-002
2.567862e+003;6.952969e-002
2.568344e+003;6.960959e-002
2.568826e+003;6.969251e-002
2.569308e+003;6.976885e-002
2.569790e+003;6.982981e-002
2.570272e+003;6.987083e-002
2.570755e+003;6.989019e-002
2.571237e+003;6.988998e-002
2.571719e+003;6.987487e-002
2.572201e+003;6.985103e-002
2.572683e+003;6.982537e-002
2.573165e+003;6.980480e-002
2.573647e+003;6.979255e-002
2.574129e+003;6.979119e-002
2.574612e+003;6.979872e-002
2.575094e+003;6.981134e-002
2.575576e+003;6.982377e-002
2.576058e+003;6.983066e-002
2.576540e+003;6.982930e-002
2.577022e+003;6.982037e-002
2.577504e+003;6.980652e-002
2.577987e+003;6.979138e-002
2.578469e+003;6.977925e-002
2.578951e+003;6.977148e-002
2.579433e+003;6.976561e-002
2.579915e+003;6.975827e-002
2.580397e+003;6.974482e-002
2.580879e+003;6.972428e-002
2.581362e+003;6.969707e-002
2.581844e+003;6.966912e-002
2.582326e+003;6.964736e-002
2.582808e+003;6.963859e-002
2.583290e+003;6.964604e-002
2.583772e+003;6.966913e-002
2.584254e+003;6.970174e-002
2.584737e+003;6.973562e-002
2.585219e+003;6.976184e-002
2.585701e+003;6.977366e-002
2.586183e+003;6.976897e-002
2.586665e+003;6.974943e-002
2.587147e+003;6.972083e-002
2.587629e+003;6.969159e-002
2.588112e+003;6.966946e-002
2.588594e+003;6.966008e-002
2.589076e+003;6.966601e-002
2.589558e+003;6.968465e-002
2.590040e+003;6.971096e-002
2.590522e+003;6.973735e-002
2.591004e+003;6.975646e-002
2.591486e+003;6.976396e-002
2.591969e+003;6.975930e-002
2.592451e+003;6.974587e-002
2.592933e+003;6.973105e-002
2.593415e+003;6.972281e-002
2.593897e+003;6.972800e-002
2.594379e+003;6.974909e-002
2.594861e+003;6.978392e-002
2.595344e+003;6.982680e-002
2.595826e+003;6.986961e-002
2.596308e+003;6.990620e-002
2.596790e+003;6.993172e-002
2.597272e+003;6.994718e-002
2.597754e+003;6.995540e-002
2.598236e+003;6.996151e-002
2.598719e+003;6.997065e-002
2.599201e+003;6.998628e-002
2.599683e+003;7.000852e-002
2.600165e+003;7.003783e-002
2.600647e+003;7.007144e-002
2.601129e+003;7.010745e-002
2.601611e+003;7.014383e-002
2.602094e+003;7.017848e-002
2.602576e+003;7.020929e-002
2.603058e+003;7.023469e-002
2.603540e+003;7.025283e-002
2.604022e+003;7.026244e-002
2.604504e+003;7.026342e-002
2.604986e+003;7.025715e-002
2.605469e+003;7.024498e-002
2.605950e+003;7.022959e-002
2.606433e+003;7.021317e-002
2.606915e+003;7.019960e-002
2.607397e+003;7.019164e-002
2.607879e+003;7.019413e-002
2.608361e+003;7.021051e-002
2.608843e+003;7.024372e-002
2.609325e+003;7.029276e-002
2.609808e+003;7.035331e-002
2.610290e+003;7.041610e-002
2.610772e+003;7.047017e-002
2.611254e+003;7.050389e-002
2.611736e+003;7.051130e-002
2.612218e+003;7.049143e-002
2.612700e+003;7.045101e-002
2.613183e+003;7.040238e-002
2.613665e+003;7.035907e-002
2.614147e+003;7.033288e-002
2.614629e+003;7.033010e-002
2.615111e+003;7.035007e-002
2.615593e+003;7.038756e-002
2.616075e+003;7.043374e-002
2.616558e+003;7.047984e-002
2.617040e+003;7.051966e-002
2.617522e+003;7.054955e-002
2.618004e+003;7.056956e-002
2.618486e+003;7.058044e-002
2.618968e+003;7.058392e-002
2.619450e+003;7.058232e-002
2.619933e+003;7.057814e-002
2.620415e+003;7.057431e-002
2.620897e+003;7.057418e-002
2.621379e+003;7.058123e-002
2.621861e+003;7.059801e-002
2.622343e+003;7.062467e-002
2.622825e+003;7.065994e-002
2.623307e+003;7.070050e-002
2.623790e+003;7.074207e-002
2.624272e+003;7.078033e-002
2.624754e+003;7.081387e-002
2.625236e+003;7.084142e-002
2.625718e+003;7.086407e-002
2.626200e+003;7.088235e-002
2.626682e+003;7.089757e-002
2.627165e+003;7.091171e-002
2.627647e+003;7.092583e-002
2.628129e+003;7.094190e-002
2.628611e+003;7.096132e-002
2.629093e+003;7.098584e-002
2.629575e+003;7.101488e-002
2.630057e+003;7.104747e-002
2.630540e+003;7.107997e-002
2.631022e+003;7.110952e-002
2.631504e+003;7.113359e-002
2.631986e+003;7.115219e-002
2.632468e+003;7.116847e-002
2.632950e+003;7.118680e-002
2.633432e+003;7.121200e-002
2.633915e+003;7.124659e-002
2.634397e+003;7.129103e-002
2.634879e+003;7.134245e-002
2.635361e+003;7.139556e-002
2.635843e+003;7.144627e-002
2.636325e+003;7.149012e-002
2.636807e+003;7.152691e-002
2.637290e+003;7.155766e-002
2.637771e+003;7.158563e-002
2.638254e+003;7.161397e-002
2.638736e+003;7.164475e-002
2.639218e+003;7.167934e-002
2.639700e+003;7.171720e-002
2.640182e+003;7.175787e-002
2.640664e+003;7.179891e-002
2.641146e+003;7.183848e-002
2.641629e+003;7.187414e-002
2.642111e+003;7.190311e-002
2.642593e+003;7.192425e-002
2.643075e+003;7.193588e-002
2.643557e+003;7.193940e-002
2.644039e+003;7.193740e-002
2.644521e+003;7.193475e-002
2.645004e+003;7.193630e-002
2.645486e+003;7.194699e-002
2.645968e+003;7.196943e-002
2.646450e+003;7.200356e-002
2.646932e+003;7.204776e-002
2.647414e+003;7.209918e-002
2.647896e+003;7.215500e-002
2.648379e+003;7.221214e-002
2.648861e+003;7.226903e-002
2.649343e+003;7.232388e-002
2.649825e+003;7.237378e-002
2.650307e+003;7.241613e-002
2.650789e+003;7.244819e-002
2.651271e+003;7.246802e-002
2.651754e+003;7.247558e-002
2.652236e+003;7.247332e-002
2.652718e+003;7.246608e-002
2.653200e+003;7.245902e-002
2.653682e+003;7.245750e-002
2.654164e+003;7.246392e-002
2.654646e+003;7.247933e-002
2.655128e+003;7.250150e-002
2.655611e+003;7.252852e-002
2.656093e+003;7.255781e-002
2.656575e+003;7.258804e-002
2.657057e+003;7.261848e-002
2.657539e+003;7.264946e-002
2.658021e+003;7.268140e-002
2.658503e+003;7.271334e-002
2.658986e+003;7.274408e-002
2.659468e+003;7.277153e-002
2.659950e+003;7.279327e-002
2.660432e+003;7.280853e-002
2.660914e+003;7.281788e-002
2.661396e+003;7.282234e-002
2.661878e+003;7.282341e-002
2.662361e+003;7.282326e-002
2.662843e+003;7.282367e-002
2.663325e+003;7.282520e-002
2.663807e+003;7.282851e-002
2.664289e+003;7.283407e-002
2.664771e+003;7.284218e-002
2.665253e+003;7.285348e-002
2.665736e+003;7.286751e-002
2.666218e+003;7.288492e-002
2.666700e+003;7.290459e-002
2.667182e+003;7.292558e-002
2.667664e+003;7.294714e-002
2.668146e+003;7.296720e-002
2.668628e+003;7.298491e-002
2.669111e+003;7.299969e-002
2.669593e+003;7.301072e-002
2.670075e+003;7.301853e-002
2.670557e+003;7.302446e-002
2.671039e+003;7.303037e-002
2.671521e+003;7.303970e-002
2.672003e+003;7.305524e-002
2.672485e+003;7.308031e-002
2.672968e+003;7.311707e-002
2.673450e+003;7.316667e-002
2.673932e+003;7.322790e-002
2.674414e+003;7.329897e-002
2.674896e+003;7.337590e-002
2.675378e+003;7.345457e-002
2.675860e+003;7.353041e-002
2.676343e+003;7.359988e-002
2.676825e+003;7.365991e-002
2.677307e+003;7.370920e-002
2.677789e+003;7.374781e-002
2.678271e+003;7.377791e-002
2.678753e+003;7.380282e-002
2.679235e+003;7.382670e-002
2.679718e+003;7.385333e-002
2.680200e+003;7.388535e-002
2.680682e+003;7.392429e-002
2.681164e+003;7.396996e-002
2.681646e+003;7.402047e-002
2.682128e+003;7.407346e-002
2.682610e+003;7.412694e-002
2.683093e+003;7.417968e-002
2.683575e+003;7.423129e-002
2.684057e+003;7.428198e-002
2.684539e+003;7.433133e-002
2.685021e+003;7.437977e-002
2.685503e+003;7.442718e-002
2.685985e+003;7.447355e-002
2.686468e+003;7.451880e-002
2.686949e+003;7.456397e-002
2.687432e+003;7.461010e-002
2.687914e+003;7.465804e-002
2.688396e+003;7.470809e-002
2.688878e+003;7.475938e-002
2.689360e+003;7.481021e-002
2.689842e+003;7.485955e-002
2.690324e+003;7.490622e-002
2.690807e+003;7.495160e-002
2.691289e+003;7.499725e-002
2.691771e+003;7.504550e-002
2.692253e+003;7.509784e-002
2.692735e+003;7.515326e-002
2.693217e+003;7.520953e-002
2.693699e+003;7.526344e-002
2.694182e+003;7.531167e-002
2.694664e+003;7.535248e-002
2.695146e+003;7.538643e-002
2.695628e+003;7.541669e-002
2.696110e+003;7.544713e-002
2.696592e+003;7.548179e-002
2.697074e+003;7.552283e-002
2.697557e+003;7.557122e-002
2.698039e+003;7.562602e-002
2.698521e+003;7.568578e-002
2.699003e+003;7.574929e-002
2.699485e+003;7.581597e-002
2.699967e+003;7.588488e-002
2.700449e+003;7.595456e-002
2.700932e+003;7.602263e-002
2.701414e+003;7.608597e-002
2.701896e+003;7.614186e-002
2.702378e+003;7.618888e-002
2.702860e+003;7.622875e-002
2.703342e+003;7.626549e-002
2.703824e+003;7.630453e-002
2.704306e+003;7.635082e-002
2.704789e+003;7.640805e-002
2.705271e+003;7.647554e-002
2.705753e+003;7.655050e-002
2.706235e+003;7.662807e-002
2.706717e+003;7.670318e-002
2.707199e+003;7.677305e-002
2.707681e+003;7.683566e-002
2.708164e+003;7.689255e-002
2.708646e+003;7.694388e-002
2.709128e+003;7.699075e-002
2.709610e+003;7.703263e-002
2.710092e+003;7.706819e-002
2.710574e+003;7.709648e-002
2.711056e+003;7.711738e-002
2.711539e+003;7.713301e-002
2.712021e+003;7.714759e-002
2.712503e+003;7.716476e-002
2.712985e+003;7.718905e-002
2.713467e+003;7.722273e-002
2.713949e+003;7.726707e-002
2.714431e+003;7.732200e-002
2.714914e+003;7.738694e-002
2.715396e+003;7.746045e-002
2.715878e+003;7.754213e-002
2.716360e+003;7.763077e-002
2.716842e+003;7.772388e-002
2.717324e+003;7.781874e-002
2.717806e+003;7.791075e-002
2.718289e+003;7.799713e-002
2.718771e+003;7.807487e-002
2.719253e+003;7.814329e-002
2.719735e+003;7.820393e-002
2.720217e+003;7.825882e-002
2.720699e+003;7.831065e-002
2.721181e+003;7.836114e-002
2.721663e+003;7.841010e-002
2.722146e+003;7.845723e-002
2.722628e+003;7.850063e-002
2.723110e+003;7.853970e-002
2.723592e+003;7.857511e-002
2.724074e+003;7.860929e-002
2.724556e+003;7.864548e-002
2.725038e+003;7.868708e-002
2.725521e+003;7.873690e-002
2.726003e+003;7.879680e-002
2.726485e+003;7.886683e-002
2.726967e+003;7.894588e-002
2.727449e+003;7.903229e-002
2.727931e+003;7.912385e-002
2.728413e+003;7.921806e-002
2.728896e+003;7.931375e-002
2.729378e+003;7.940849e-002
2.729860e+003;7.950077e-002
2.730342e+003;7.958844e-002
2.730824e+003;7.966965e-002
2.731306e+003;7.974256e-002
2.731788e+003;7.980650e-002
2.732271e+003;7.986048e-002
2.732753e+003;7.990634e-002
2.733235e+003;7.994630e-002
2.733717e+003;7.998432e-002
2.734199e+003;8.002412e-002
2.734681e+003;8.006972e-002
2.735163e+003;8.012360e-002
2.735646e+003;8.018620e-002
2.736127e+003;8.025631e-002
2.736610e+003;8.033030e-002
2.737092e+003;8.040394e-002
2.737574e+003;8.047323e-002
2.738056e+003;8.053516e-002
2.738538e+003;8.058818e-002
2.739020e+003;8.063336e-002
2.739502e+003;8.067299e-002
2.739985e+003;8.071051e-002
2.740467e+003;8.074930e-002
2.740949e+003;8.079316e-002
2.741431e+003;8.084528e-002
2.741913e+003;8.090880e-002
2.742395e+003;8.098526e-002
2.742877e+003;8.107479e-002
2.743360e+003;8.117662e-002
2.743842e+003;8.128734e-002
2.744324e+003;8.140190e-002
2.744806e+003;8.151398e-002
2.745288e+003;8.161800e-002
2.745770e+003;8.170968e-002
2.746252e+003;8.178612e-002
2.746735e+003;8.184805e-002
2.747217e+003;8.189789e-002
2.747699e+003;8.194073e-002
2.748181e+003;8.198222e-002
2.748663e+003;8.202763e-002
2.749145e+003;8.208203e-002
2.749627e+003;8.214844e-002
2.750110e+003;8.222766e-002
2.750592e+003;8.231834e-002
2.751074e+003;8.241733e-002
2.751556e+003;8.251949e-002
2.752038e+003;8.261984e-002
2.752520e+003;8.271369e-002
2.753002e+003;8.279777e-002
2.753484e+003;8.287201e-002
2.753967e+003;8.293825e-002
2.754449e+003;8.299993e-002
2.754931e+003;8.306084e-002
2.755413e+003;8.312469e-002
2.755895e+003;8.319337e-002
2.756377e+003;8.326686e-002
2.756859e+003;8.334478e-002
2.757342e+003;8.342636e-002
2.757824e+003;8.351070e-002
2.758306e+003;8.359782e-002
2.758788e+003;8.368781e-002
2.759270e+003;8.378147e-002
2.759752e+003;8.387848e-002
2.760234e+003;8.397828e-002
2.760717e+003;8.407937e-002
2.761199e+003;8.418033e-002
2.761681e+003;8.427946e-002
2.762163e+003;8.437625e-002
2.762645e+003;8.446925e-002
2.763127e+003;8.455904e-002
2.763609e+003;8.464592e-002
2.764092e+003;8.472987e-002
2.764574e+003;8.481269e-002
2.765056e+003;8.489522e-002
2.765538e+003;8.497906e-002
2.766020e+003;8.506559e-002
2.766502e+003;8.515568e-002
2.766984e+003;8.524887e-002
2.767467e+003;8.534386e-002
2.767948e+003;8.543937e-002
2.768431e+003;8.553333e-002
2.768913e+003;8.562537e-002
2.769395e+003;8.571497e-002
2.769877e+003;8.580430e-002
2.770359e+003;8.589505e-002
2.770841e+003;8.598828e-002
2.771323e+003;8.608501e-002
2.771806e+003;8.618376e-002
2.772288e+003;8.628223e-002
2.772770e+003;8.637847e-002
2.773252e+003;8.646970e-002
2.773734e+003;8.655632e-002
2.774216e+003;8.663843e-002
2.774698e+003;8.671899e-002
2.775181e+003;8.680046e-002
2.775663e+003;8.688582e-002
2.776145e+003;8.697744e-002
2.776627e+003;8.707640e-002
2.777109e+003;8.718184e-002
2.777591e+003;8.729233e-002
2.778073e+003;8.740545e-002
2.778556e+003;8.751843e-002
2.779038e+003;8.762895e-002
2.779520e+003;8.773546e-002
2.780002e+003;8.783865e-002
2.780484e+003;8.793990e-002
2.780966e+003;8.804117e-002
2.781448e+003;8.814497e-002
2.781930e+003;8.825246e-002
2.782413e+003;8.836357e-002
2.782895e+003;8.847569e-002
2.783377e+003;8.858599e-002
2.783859e+003;8.869077e-002
2.784341e+003;8.878853e-002
2.784823e+003;8.887859e-002
2.785305e+003;8.896360e-002
2.785788e+003;8.904805e-002
2.786270e+003;8.913681e-002
2.786752e+003;8.923403e-002
2.787234e+003;8.934341e-002
2.787716e+003;8.946580e-002
2.788198e+003;8.960013e-002
2.788680e+003;8.974418e-002
2.789163e+003;8.989485e-002
2.789645e+003;9.004819e-002
2.790127e+003;9.020228e-002
2.790609e+003;9.035394e-002
2.791091e+003;9.050227e-002
2.791573e+003;9.064549e-002
2.792055e+003;9.078327e-002
2.792538e+003;9.091493e-002
2.793020e+003;9.104057e-002
2.793502e+003;9.115945e-002
2.793984e+003;9.127149e-002
2.794466e+003;9.137648e-002
2.794948e+003;9.147543e-002
2.795430e+003;9.156942e-002
2.795913e+003;9.166133e-002
2.796395e+003;9.175317e-002
2.796877e+003;9.184764e-002
2.797359e+003;9.194706e-002
2.797841e+003;9.205221e-002
2.798323e+003;9.216309e-002
2.798805e+003;9.227942e-002
2.799287e+003;9.240080e-002
2.799770e+003;9.252751e-002
2.800252e+003;9.266029e-002
2.800734e+003;9.279973e-002
2.801216e+003;9.294523e-002
2.801698e+003;9.309500e-002
2.802180e+003;9.324626e-002
2.802662e+003;9.339495e-002
2.803145e+003;9.353889e-002
2.803627e+003;9.367565e-002
2.804109e+003;9.380586e-002
2.804591e+003;9.393080e-002
2.805073e+003;9.405307e-002
2.805555e+003;9.417418e-002
2.806037e+003;9.429533e-002
2.806520e+003;9.441653e-002
2.807002e+003;9.453817e-002
2.807484e+003;9.466127e-002
2.807966e+003;9.478775e-002
2.808448e+003;9.492090e-002
2.808930e+003;9.506255e-002
2.809412e+003;9.521472e-002
2.809895e+003;9.537571e-002
2.810377e+003;9.554293e-002
2.810859e+003;9.571181e-002
2.811341e+003;9.588027e-002
2.811823e+003;9.604638e-002
2.812305e+003;9.621084e-002
2.812787e+003;9.637619e-002
2.813270e+003;9.654523e-002
2.813751e+003;9.671900e-002
2.814234e+003;9.689623e-002
2.814716e+003;9.707437e-002
2.815198e+003;9.725017e-002
2.815680e+003;9.742080e-002
2.816162e+003;9.758664e-002
2.816644e+003;9.774910e-002
2.817126e+003;9.791102e-002
2.817609e+003;9.807586e-002
2.818091e+003;9.824502e-002
2.818573e+003;9.841757e-002
2.819055e+003;9.859223e-002
2.819537e+003;9.876555e-002
2.820019e+003;9.893558e-002
2.820501e+003;9.910104e-002
2.820984e+003;9.926190e-002
2.821466e+003;9.941909e-002
2.821948e+003;9.957349e-002
2.822430e+003;9.972643e-002
2.822912e+003;9.987871e-002
2.823394e+003;1.000307e-001
2.823876e+003;1.001843e-001
2.824359e+003;1.003394e-001
2.824841e+003;1.004969e-001
2.825323e+003;1.006579e-001
2.825805e+003;1.008218e-001
2.826287e+003;1.009894e-001
2.826769e+003;1.011606e-001
2.827251e+003;1.013358e-001
2.827734e+003;1.015165e-001
2.828216e+003;1.017036e-001
2.828698e+003;1.018964e-001
2.829180e+003;1.020934e-001
2.829662e+003;1.022907e-001
2.830144e+003;1.024843e-001
2.830626e+003;1.026720e-001
2.831108e+003;1.028521e-001
2.831591e+003;1.030288e-001
2.832073e+003;1.032059e-001
2.832555e+003;1.033910e-001
2.833037e+003;1.035898e-001
2.833519e+003;1.038033e-001
2.834001e+003;1.040310e-001
2.834483e+003;1.042680e-001
2.834966e+003;1.045086e-001
2.835448e+003;1.047463e-001
2.835930e+003;1.049784e-001
2.836412e+003;1.052048e-001
2.836894e+003;1.054265e-001
2.837376e+003;1.056460e-001
2.837858e+003;1.058652e-001
2.838341e+003;1.060851e-001
2.838823e+003;1.063049e-001
2.839305e+003;1.065245e-001
2.839787e+003;1.067455e-001
2.840269e+003;1.069701e-001
2.840751e+003;1.072037e-001
2.841233e+003;1.074515e-001
2.841716e+003;1.077200e-001
2.842198e+003;1.080125e-001
2.842680e+003;1.083312e-001
2.843162e+003;1.086759e-001
2.843644e+003;1.090450e-001
2.844126e+003;1.094364e-001
2.844608e+003;1.098473e-001
2.845091e+003;1.102750e-001
2.845573e+003;1.107157e-001
2.846055e+003;1.111650e-001
2.846537e+003;1.116150e-001
2.847019e+003;1.120562e-001
2.847501e+003;1.124768e-001
2.847983e+003;1.128643e-001
2.848465e+003;1.132072e-001
2.848948e+003;1.134956e-001
2.849430e+003;1.137247e-001
2.849912e+003;1.138943e-001
2.850394e+003;1.140094e-001
2.850876e+003;1.140794e-001
2.851358e+003;1.141163e-001
2.851840e+003;1.141329e-001
2.852323e+003;1.141422e-001
2.852805e+003;1.141529e-001
2.853287e+003;1.141722e-001
2.853769e+003;1.142037e-001
2.854251e+003;1.142485e-001
2.854733e+003;1.143074e-001
2.855215e+003;1.143794e-001
2.855698e+003;1.144641e-001
2.856180e+003;1.145606e-001
2.856662e+003;1.146694e-001
2.857144e+003;1.147893e-001
2.857626e+003;1.149203e-001
2.858108e+003;1.150613e-001
2.858590e+003;1.152131e-001
2.859073e+003;1.153760e-001
2.859555e+003;1.155516e-001
2.860037e+003;1.157422e-001
2.860519e+003;1.159506e-001
2.861001e+003;1.161786e-001
2.861483e+003;1.164277e-001
2.861965e+003;1.166960e-001
2.862448e+003;1.169799e-001
2.862929e+003;1.172738e-001
2.863412e+003;1.175701e-001
2.863894e+003;1.178616e-001
2.864376e+003;1.181411e-001
2.864858e+003;1.184046e-001
2.865340e+003;1.186513e-001
2.865822e+003;1.188830e-001
2.866304e+003;1.191050e-001
2.866787e+003;1.193243e-001
2.867269e+003;1.195497e-001
2.867751e+003;1.197875e-001
2.868233e+003;1.200439e-001
2.868715e+003;1.203220e-001
2.869197e+003;1.206204e-001
2.869679e+003;1.209354e-001
2.870162e+003;1.212604e-001
2.870644e+003;1.215851e-001
2.871126e+003;1.219021e-001
2.871608e+003;1.222044e-001
2.872090e+003;1.224887e-001
2.872572e+003;1.227558e-001
2.873054e+003;1.230094e-001
2.873537e+003;1.232562e-001
2.874019e+003;1.235027e-001
2.874501e+003;1.237544e-001
2.874983e+003;1.240152e-001
2.875465e+003;1.242868e-001
2.875947e+003;1.245693e-001
2.876429e+003;1.248628e-001
2.876912e+003;1.251659e-001
2.877394e+003;1.254782e-001
2.877876e+003;1.257976e-001
2.878358e+003;1.261200e-001
2.878840e+003;1.264410e-001
2.879322e+003;1.267542e-001
2.879804e+003;1.270539e-001
2.880286e+003;1.273363e-001
2.880769e+003;1.275997e-001
2.881251e+003;1.278473e-001
2.881733e+003;1.280846e-001
2.882215e+003;1.283185e-001
2.882697e+003;1.285563e-001
2.883179e+003;1.288029e-001
2.883661e+003;1.290616e-001
2.884144e+003;1.293316e-001
2.884626e+003;1.296125e-001
2.885108e+003;1.299004e-001
2.885590e+003;1.301924e-001
2.886072e+003;1.304855e-001
2.886554e+003;1.307774e-001
2.887036e+003;1.310672e-001
2.887519e+003;1.313560e-001
2.888001e+003;1.316459e-001
2.888483e+003;1.319394e-001
2.888965e+003;1.322384e-001
2.889447e+003;1.325433e-001
2.889929e+003;1.328515e-001
2.890411e+003;1.331573e-001
2.890894e+003;1.334544e-001
2.891376e+003;1.337363e-001
2.891858e+003;1.340001e-001
2.892340e+003;1.342467e-001
2.892822e+003;1.344813e-001
2.893304e+003;1.347122e-001
2.893786e+003;1.349481e-001
2.894269e+003;1.351953e-001
2.894750e+003;1.354585e-001
2.895233e+003;1.357380e-001
2.895715e+003;1.360338e-001
2.896197e+003;1.363450e-001
2.896679e+003;1.366724e-001
2.897161e+003;1.370195e-001
2.897643e+003;1.373885e-001
2.898125e+003;1.377819e-001
2.898608e+003;1.382001e-001
2.899090e+003;1.386405e-001
2.899572e+003;1.390985e-001
2.900054e+003;1.395684e-001
2.900536e+003;1.400428e-001
2.901018e+003;1.405161e-001
2.901500e+003;1.409810e-001
2.901983e+003;1.414314e-001
2.902465e+003;1.418615e-001
2.902947e+003;1.422671e-001
2.903429e+003;1.426483e-001
2.903911e+003;1.430102e-001
2.904393e+003;1.433615e-001
2.904875e+003;1.437137e-001
2.905358e+003;1.440769e-001
2.905840e+003;1.444577e-001
2.906322e+003;1.448569e-001
2.906804e+003;1.452710e-001
2.907286e+003;1.456940e-001
2.907768e+003;1.461218e-001
2.908250e+003;1.465529e-001
2.908733e+003;1.469914e-001
2.909215e+003;1.474437e-001
2.909697e+003;1.479156e-001
2.910179e+003;1.484110e-001
2.910661e+003;1.489273e-001
2.911143e+003;1.494596e-001
2.911625e+003;1.500008e-001
2.912107e+003;1.505447e-001
2.912590e+003;1.510889e-001
2.913072e+003;1.516330e-001
2.913554e+003;1.521791e-001
2.914036e+003;1.527261e-001
2.914518e+003;1.532695e-001
2.915000e+003;1.537999e-001
2.915482e+003;1.543055e-001
2.915965e+003;1.547750e-001
2.916447e+003;1.551990e-001
2.916929e+003;1.555763e-001
2.917411e+003;1.559098e-001
2.917893e+003;1.562086e-001
2.918375e+003;1.564834e-001
2.918857e+003;1.567440e-001
2.919340e+003;1.569993e-001
2.919822e+003;1.572535e-001
2.920304e+003;1.575104e-001
2.920786e+003;1.577701e-001
2.921268e+003;1.580331e-001
2.921750e+003;1.582994e-001
2.922232e+003;1.585682e-001
2.922715e+003;1.588397e-001
2.923197e+003;1.591138e-001
2.923679e+003;1.593910e-001
2.924161e+003;1.596721e-001
2.924643e+003;1.599586e-001
2.925125e+003;1.602507e-001
2.925607e+003;1.605493e-001
2.926090e+003;1.608539e-001
2.926572e+003;1.611654e-001
2.927054e+003;1.614840e-001
2.927536e+003;1.618106e-001
2.928018e+003;1.621447e-001
2.928500e+003;1.624858e-001
2.928982e+003;1.628313e-001
2.929464e+003;1.631776e-001
2.929947e+003;1.635226e-001
2.930429e+003;1.638654e-001
2.930911e+003;1.642096e-001
2.931393e+003;1.645641e-001
2.931875e+003;1.649395e-001
2.932357e+003;1.653462e-001
2.932839e+003;1.657917e-001
2.933322e+003;1.662775e-001
2.933804e+003;1.667963e-001
2.934286e+003;1.673368e-001
2.934768e+003;1.678839e-001
2.935250e+003;1.684241e-001
2.935732e+003;1.689466e-001
2.936214e+003;1.694455e-001
2.936697e+003;1.699186e-001
2.937179e+003;1.703652e-001
2.937661e+003;1.707873e-001
2.938143e+003;1.711868e-001
2.938625e+003;1.715676e-001
2.939107e+003;1.719361e-001
2.939589e+003;1.723006e-001
2.940072e+003;1.726691e-001
2.940554e+003;1.730497e-001
2.941036e+003;1.734464e-001
2.941518e+003;1.738581e-001
2.942000e+003;1.742802e-001
2.942482e+003;1.747054e-001
2.942964e+003;1.751275e-001
2.943447e+003;1.755432e-001
2.943928e+003;1.759545e-001
2.944411e+003;1.763657e-001
2.944893e+003;1.767850e-001
2.945375e+003;1.772183e-001
2.945857e+003;1.776726e-001
2.946339e+003;1.781501e-001
2.946821e+003;1.786509e-001
2.947303e+003;1.791723e-001
2.947786e+003;1.797091e-001
2.948268e+003;1.802540e-001
2.948750e+003;1.807990e-001
2.949232e+003;1.813354e-001
2.949714e+003;1.818570e-001
2.950196e+003;1.823600e-001
2.950678e+003;1.828444e-001
2.951161e+003;1.833138e-001
2.951643e+003;1.837749e-001
2.952125e+003;1.842326e-001
2.952607e+003;1.846919e-001
2.953089e+003;1.851541e-001
2.953571e+003;1.856200e-001
2.954053e+003;1.860895e-001
2.954536e+003;1.865637e-001
2.955018e+003;1.870448e-001
2.955500e+003;1.875350e-001
2.955982e+003;1.880351e-001
2.956464e+003;1.885417e-001
2.956946e+003;1.890478e-001
2.957428e+003;1.895446e-001
2.957911e+003;1.900253e-001
2.958393e+003;1.904878e-001
2.958875e+003;1.909363e-001
2.959357e+003;1.913816e-001
2.959839e+003;1.918366e-001
2.960321e+003;1.923127e-001
2.960803e+003;1.928161e-001
2.961285e+003;1.933462e-001
2.961768e+003;1.938978e-001
2.962250e+003;1.944623e-001
2.962732e+003;1.950343e-001
2.963214e+003;1.956102e-001
2.963696e+003;1.961907e-001
2.964178e+003;1.967772e-001
2.964660e+003;1.973713e-001
2.965143e+003;1.979726e-001
2.965625e+003;1.985794e-001
2.966107e+003;1.991885e-001
2.966589e+003;1.997986e-001
2.967071e+003;2.004093e-001
2.967553e+003;2.010217e-001
2.968035e+003;2.016363e-001
2.968518e+003;2.022526e-001
2.969000e+003;2.028678e-001
2.969482e+003;2.034784e-001
2.969964e+003;2.040806e-001
2.970446e+003;2.046749e-001
2.970928e+003;2.052635e-001
2.971410e+003;2.058513e-001
2.971893e+003;2.064436e-001
2.972375e+003;2.070444e-001
2.972857e+003;2.076543e-001
2.973339e+003;2.082733e-001
2.973821e+003;2.088995e-001
2.974303e+003;2.095336e-001
2.974785e+003;2.101783e-001
2.975268e+003;2.108377e-001
2.975750e+003;2.115167e-001
2.976232e+003;2.122172e-001
2.976714e+003;2.129370e-001
2.977196e+003;2.136697e-001
2.977678e+003;2.144067e-001
2.978160e+003;2.151384e-001
2.978642e+003;2.158579e-001
2.979125e+003;2.165619e-001
2.979607e+003;2.172520e-001
2.980089e+003;2.179331e-001
2.980571e+003;2.186113e-001
2.981053e+003;2.192935e-001
2.981535e+003;2.199857e-001
2.982017e+003;2.206910e-001
2.982500e+003;2.214104e-001
2.982982e+003;2.221420e-001
2.983464e+003;2.228811e-001
2.983946e+003;2.236214e-001
2.984428e+003;2.243565e-001
2.984910e+003;2.250825e-001
2.985392e+003;2.257974e-001
2.985875e+003;2.265041e-001
2.986357e+003;2.272090e-001
2.986839e+003;2.279184e-001
2.987321e+003;2.286395e-001
2.987803e+003;2.293743e-001
2.988285e+003;2.301240e-001
2.988767e+003;2.308858e-001
2.989250e+003;2.316573e-001
2.989732e+003;2.324381e-001
2.990214e+003;2.332293e-001
2.990696e+003;2.340318e-001
2.991178e+003;2.348466e-001
2.991660e+003;2.356713e-001
2.992142e+003;2.365002e-001
2.992625e+003;2.373274e-001
2.993106e+003;2.381460e-001
2.993589e+003;2.389549e-001
2.994071e+003;2.397573e-001
2.994553e+003;2.405614e-001
2.995035e+003;2.413764e-001
2.995517e+003;2.422107e-001
2.995999e+003;2.430665e-001
2.996481e+003;2.439407e-001
2.996964e+003;2.448256e-001
2.997446e+003;2.457105e-001
2.997928e+003;2.465865e-001
2.998410e+003;2.474480e-001
2.998892e+003;2.482943e-001
2.999374e+003;2.491296e-001
2.999856e+003;2.499598e-001
3.000339e+003;2.507930e-001
3.000821e+003;2.516360e-001
3.001303e+003;2.524945e-001
3.001785e+003;2.533719e-001
3.002267e+003;2.542699e-001
3.002749e+003;2.551896e-001
3.003231e+003;2.561287e-001
3.003714e+003;2.570850e-001
3.004196e+003;2.580546e-001
3.004678e+003;2.590342e-001
3.005160e+003;2.600213e-001
3.005642e+003;2.610117e-001
3.006124e+003;2.620027e-001
3.006606e+003;2.629906e-001
3.007089e+003;2.639709e-001
3.007571e+003;2.649404e-001
3.008053e+003;2.658989e-001
3.008535e+003;2.668491e-001
3.009017e+003;2.677985e-001
3.009499e+003;2.687559e-001
3.009981e+003;2.697298e-001
3.010463e+003;2.707260e-001
3.010946e+003;2.717435e-001
3.011428e+003;2.727752e-001
3.011910e+003;2.738102e-001
3.012392e+003;2.748379e-001
3.012874e+003;2.758520e-001
3.013356e+003;2.768529e-001
3.013838e+003;2.778483e-001
3.014321e+003;2.788505e-001
3.014803e+003;2.798726e-001
3.015285e+003;2.809229e-001
3.015767e+003;2.820044e-001
3.016249e+003;2.831124e-001
3.016731e+003;2.842379e-001
3.017213e+003;2.853700e-001
3.017696e+003;2.864981e-001
3.018178e+003;2.876162e-001
3.018660e+003;2.887214e-001
3.019142e+003;2.898144e-001
3.019624e+003;2.908989e-001
3.020106e+003;2.919792e-001
3.020588e+003;2.930613e-001
3.021071e+003;2.941492e-001
3.021553e+003;2.952459e-001
3.022035e+003;2.963530e-001
3.022517e+003;2.974705e-001
3.022999e+003;2.985968e-001
3.023481e+003;2.997295e-001
3.023963e+003;3.008671e-001
3.024446e+003;3.020098e-001
3.024927e+003;3.031577e-001
3.025410e+003;3.043116e-001
3.025892e+003;3.054717e-001
3.026374e+003;3.066378e-001
3.026856e+003;3.078061e-001
3.027338e+003;3.089760e-001
3.027820e+003;3.101460e-001
3.028302e+003;3.113211e-001
3.028785e+003;3.125087e-001
3.029267e+003;3.137179e-001
3.029749e+003;3.149572e-001
3.030231e+003;3.162306e-001
3.030713e+003;3.175349e-001
3.031195e+003;3.188607e-001
3.031677e+003;3.201924e-001
3.032160e+003;3.215140e-001
3.032642e+003;3.228134e-001
3.033124e+003;3.240833e-001
3.033606e+003;3.253254e-001
3.034088e+003;3.265478e-001
3.034570e+003;3.277621e-001
3.035052e+003;3.289811e-001
3.035535e+003;3.302144e-001
3.036017e+003;3.314675e-001
3.036499e+003;3.327396e-001
3.036981e+003;3.340263e-001
3.037463e+003;3.353198e-001
3.037945e+003;3.366130e-001
3.038427e+003;3.378995e-001
3.038910e+003;3.391785e-001
3.039392e+003;3.404518e-001
3.039874e+003;3.417257e-001
3.040356e+003;3.430076e-001
3.040838e+003;3.443035e-001
3.041320e+003;3.456173e-001
3.041802e+003;3.469494e-001
3.042284e+003;3.482976e-001
3.042767e+003;3.496597e-001
3.043249e+003;3.510333e-001
3.043731e+003;3.524203e-001
3.044213e+003;3.538226e-001
3.044695e+003;3.552427e-001
3.045177e+003;3.566810e-001
3.045659e+003;3.581348e-001
3.046142e+003;3.595974e-001
3.046624e+003;3.610616e-001
3.047106e+003;3.625202e-001
3.047588e+003;3.639703e-001
3.048070e+003;3.654121e-001
3.048552e+003;3.668501e-001
3.049034e+003;3.682894e-001
3.049517e+003;3.697338e-001
3.049999e+003;3.711839e-001
3.050481e+003;3.726369e-001
3.050963e+003;3.740895e-001
3.051445e+003;3.755383e-001
3.051927e+003;3.769841e-001
3.052409e+003;3.784298e-001
3.052892e+003;3.798810e-001
3.053374e+003;3.813437e-001
3.053856e+003;3.828231e-001
3.054338e+003;3.843208e-001
3.054820e+003;3.858358e-001
3.055302e+003;3.873653e-001
3.055784e+003;3.889049e-001
3.056267e+003;3.904501e-001
3.056749e+003;3.919983e-001
3.057231e+003;3.935472e-001
3.057713e+003;3.950960e-001
3.058195e+003;3.966464e-001
3.058677e+003;3.982001e-001
3.059159e+003;3.997613e-001
3.059641e+003;4.013338e-001
3.060124e+003;4.029199e-001
3.060606e+003;4.045207e-001
3.061088e+003;4.061333e-001
3.061570e+003;4.077534e-001
3.062052e+003;4.093758e-001
3.062534e+003;4.109970e-001
3.063016e+003;4.126168e-001
3.063499e+003;4.142388e-001
3.063981e+003;4.158676e-001
3.064463e+003;4.175099e-001
3.064945e+003;4.191671e-001
3.065427e+003;4.208389e-001
3.065909e+003;4.225188e-001
3.066391e+003;4.241997e-001
3.066874e+003;4.258745e-001
3.067356e+003;4.275377e-001
3.067838e+003;4.291895e-001
3.068320e+003;4.308336e-001
3.068802e+003;4.324776e-001
3.069284e+003;4.341297e-001
3.069766e+003;4.357978e-001
3.070249e+003;4.374871e-001
3.070731e+003;4.392006e-001
3.071213e+003;4.409370e-001
3.071695e+003;4.426918e-001
3.072177e+003;4.444605e-001
3.072659e+003;4.462369e-001
3.073141e+003;4.480187e-001
3.073624e+003;4.498050e-001
3.074105e+003;4.515984e-001
3.074588e+003;4.534049e-001
3.075070e+003;4.552286e-001
3.075552e+003;4.570706e-001
3.076034e+003;4.589280e-001
3.076516e+003;4.607914e-001
3.076998e+003;4.626489e-001
3.077480e+003;4.644893e-001
3.077963e+003;4.663054e-001
3.078445e+003;4.680963e-001
3.078927e+003;4.698689e-001
3.079409e+003;4.716330e-001
3.079891e+003;4.734011e-001
3.080373e+003;4.751818e-001
3.080855e+003;4.769798e-001
3.081338e+003;4.787957e-001
3.081820e+003;4.806280e-001
3.082302e+003;4.824771e-001
3.082784e+003;4.843433e-001
3.083266e+003;4.862303e-001
3.083748e+003;4.881398e-001
3.084230e+003;4.900728e-001
3.084713e+003;4.920261e-001
3.085195e+003;4.939924e-001
3.085677e+003;4.959636e-001
3.086159e+003;4.979325e-001
3.086641e+003;4.998956e-001
3.087123e+003;5.018525e-001
3.087605e+003;5.038077e-001
3.088088e+003;5.057644e-001
3.088570e+003;5.077273e-001
3.089052e+003;5.096973e-001
3.089534e+003;5.116734e-001
3.090016e+003;5.136539e-001
3.090498e+003;5.156369e-001
3.090980e+003;5.176215e-001
3.091462e+003;5.196083e-001
3.091945e+003;5.215989e-001
3.092427e+003;5.235959e-001
3.092909e+003;5.256027e-001
3.093391e+003;5.276212e-001
3.093873e+003;5.296524e-001
3.094355e+003;5.316967e-001
3.094837e+003;5.337516e-001
3.095320e+003;5.358131e-001
3.095802e+003;5.378742e-001
3.096284e+003;5.399282e-001
3.096766e+003;5.419691e-001
3.097248e+003;5.439949e-001
3.097730e+003;5.460078e-001
3.098212e+003;5.480158e-001
3.098695e+003;5.500306e-001
3.099177e+003;5.520648e-001
3.099659e+003;5.541296e-001
3.100141e+003;5.562326e-001
3.100623e+003;5.583749e-001
3.101105e+003;5.605549e-001
3.101587e+003;5.627634e-001
3.102070e+003;5.649912e-001
3.102552e+003;5.672261e-001
3.103034e+003;5.694577e-001
3.103516e+003;5.716773e-001
3.103998e+003;5.738810e-001
3.104480e+003;5.760682e-001
3.104962e+003;5.782415e-001
3.105445e+003;5.804070e-001
3.105927e+003;5.825709e-001
3.106409e+003;5.847369e-001
3.106891e+003;5.869071e-001
3.107373e+003;5.890813e-001
3.107855e+003;5.912581e-001
3.108337e+003;5.934393e-001
3.108819e+003;5.956273e-001
3.109302e+003;5.978292e-001
3.109784e+003;6.000513e-001
3.110266e+003;6.022986e-001
3.110748e+003;6.045712e-001
3.111230e+003;6.068621e-001
3.111712e+003;6.091613e-001
3.112194e+003;6.114562e-001
3.112677e+003;6.137375e-001
3.113159e+003;6.159998e-001
3.113641e+003;6.182431e-001
3.114123e+003;6.204735e-001
3.114605e+003;6.226981e-001
3.115087e+003;6.249242e-001
3.115569e+003;6.271609e-001
3.116052e+003;6.294129e-001
3.116534e+003;6.316840e-001
3.117016e+003;6.339746e-001
3.117498e+003;6.362819e-001
3.117980e+003;6.385981e-001
3.118462e+003;6.409134e-001
3.118944e+003;6.432182e-001
3.119427e+003;6.455082e-001
3.119909e+003;6.477885e-001
3.120391e+003;6.500738e-001
3.120873e+003;6.523858e-001
3.121355e+003;6.547462e-001
3.121837e+003;6.571686e-001
3.122319e+003;6.596509e-001
3.122802e+003;6.621739e-001
3.123283e+003;6.647062e-001
3.123766e+003;6.672144e-001
3.124248e+003;6.696740e-001
3.124730e+003;6.720764e-001
3.125212e+003;6.744306e-001
3.125694e+003;6.767576e-001
3.126176e+003;6.790800e-001
3.126658e+003;6.814122e-001
3.127141e+003;6.837588e-001
3.127623e+003;6.861131e-001
3.128105e+003;6.884626e-001
3.128587e+003;6.907995e-001
3.129069e+003;6.931221e-001
3.129551e+003;6.954389e-001
3.130033e+003;6.977631e-001
3.130516e+003;7.001081e-001
3.130998e+003;7.024807e-001
3.131480e+003;7.048814e-001
3.131962e+003;7.073027e-001
3.132444e+003;7.097344e-001
3.132926e+003;7.121670e-001
3.133408e+003;7.145935e-001
3.133891e+003;7.170108e-001
3.134373e+003;7.194178e-001
3.134855e+003;7.218144e-001
3.135337e+003;7.242019e-001
3.135819e+003;7.265826e-001
3.136301e+003;7.289618e-001
3.136783e+003;7.313457e-001
3.137266e+003;7.337417e-001
3.137748e+003;7.361551e-001
3.138230e+003;7.385870e-001
3.138712e+003;7.410339e-001
3.139194e+003;7.434897e-001
3.139676e+003;7.459469e-001
3.140158e+003;7.484007e-001
3.140640e+003;7.508503e-001
3.141123e+003;7.532964e-001
3.141605e+003;7.557418e-001
3.142087e+003;7.581866e-001
3.142569e+003;7.606294e-001
3.143051e+003;7.630682e-001
3.143533e+003;7.655030e-001
3.144015e+003;7.679372e-001
3.144498e+003;7.703772e-001
3.144980e+003;7.728308e-001
3.145462e+003;7.753005e-001
3.145944e+003;7.777840e-001
3.146426e+003;7.802709e-001
3.146908e+003;7.827470e-001
3.147390e+003;7.852000e-001
3.147873e+003;7.876230e-001
3.148355e+003;7.900199e-001
3.148837e+003;7.924017e-001
3.149319e+003;7.947840e-001
3.149801e+003;7.971787e-001
3.150283e+003;7.995929e-001
3.150765e+003;8.020248e-001
3.151248e+003;8.044675e-001
3.151730e+003;8.069129e-001
3.152212e+003;8.093559e-001
3.152694e+003;8.117953e-001
3.153176e+003;8.142330e-001
3.153658e+003;8.166699e-001
3.154140e+003;8.191057e-001
3.154623e+003;8.215377e-001
3.155104e+003;8.239599e-001
3.155587e+003;8.263694e-001
3.156069e+003;8.287656e-001
3.156551e+003;8.311529e-001
3.157033e+003;8.335372e-001
3.157515e+003;8.359231e-001
3.157997e+003;8.383143e-001
3.158479e+003;8.407097e-001
3.158962e+003;8.431078e-001
3.159444e+003;8.455065e-001
3.159926e+003;8.479057e-001
3.160408e+003;8.503076e-001
3.160890e+003;8.527141e-001
3.161372e+003;8.551258e-001
3.161854e+003;8.575402e-001
3.162337e+003;8.599509e-001
3.162819e+003;8.623528e-001
3.163301e+003;8.647407e-001
3.163783e+003;8.671145e-001
3.164265e+003;8.694777e-001
3.164747e+003;8.718347e-001
3.165229e+003;8.741894e-001
3.165712e+003;8.765419e-001
3.166194e+003;8.788909e-001
3.166676e+003;8.812323e-001
3.167158e+003;8.835669e-001
3.167640e+003;8.858954e-001
3.168122e+003;8.882251e-001
3.168604e+003;8.905613e-001
3.169086e+003;8.929073e-001
3.169569e+003;8.952612e-001
3.170051e+003;8.976163e-001
3.170533e+003;8.999614e-001
3.171015e+003;9.022871e-001
3.171497e+003;9.045864e-001
3.171979e+003;9.068590e-001
3.172461e+003;9.091097e-001
3.172944e+003;9.113462e-001
3.173426e+003;9.135770e-001
3.173908e+003;9.158083e-001
3.174390e+003;9.180440e-001
3.174872e+003;9.202851e-001
3.175354e+003;9.225314e-001
3.175836e+003;9.247795e-001
3.176319e+003;9.270234e-001
3.176801e+003;9.292562e-001
3.177283e+003;9.314697e-001
3.177765e+003;9.336585e-001
3.178247e+003;9.358212e-001
3.178729e+003;9.379621e-001
3.179211e+003;9.400902e-001
3.179694e+003;9.422161e-001
3.180176e+003;9.443480e-001
3.180658e+003;9.464878e-001
3.181140e+003;9.486296e-001
3.181622e+003;9.507640e-001
3.182104e+003;9.528798e-001
3.182586e+003;9.549717e-001
3.183069e+003;9.570426e-001
3.183551e+003;9.591026e-001
3.184033e+003;9.611664e-001
3.184515e+003;9.632468e-001
3.184997e+003;9.653504e-001
3.185479e+003;9.674746e-001
3.185961e+003;9.696092e-001
3.186443e+003;9.717386e-001
3.186926e+003;9.738461e-001
3.187408e+003;9.759201e-001
3.187890e+003;9.779541e-001
3.188372e+003;9.799449e-001
3.188854e+003;9.818956e-001
3.189336e+003;9.838101e-001
3.189818e+003;9.856965e-001
3.190301e+003;9.875637e-001
3.190783e+003;9.894212e-001
3.191265e+003;9.912794e-001
3.191747e+003;9.931478e-001
3.192229e+003;9.950314e-001
3.192711e+003;9.969313e-001
3.193193e+003;9.988458e-001
3.193676e+003;1.000769e+000
3.194158e+003;1.002694e+000
3.194640e+003;1.004616e+000
3.195122e+003;1.006529e+000
3.195604e+003;1.008428e+000
3.196086e+003;1.010309e+000
3.196568e+003;1.012166e+000
3.197051e+003;1.013994e+000
3.197533e+003;1.015789e+000
3.198015e+003;1.017550e+000
3.198497e+003;1.019278e+000
3.198979e+003;1.020979e+000
3.199461e+003;1.022662e+000
3.199943e+003;1.024335e+000
3.200426e+003;1.026005e+000
3.200907e+003;1.027678e+000
3.201390e+003;1.029356e+000
3.201872e+003;1.031042e+000
3.202354e+003;1.032732e+000
3.202836e+003;1.034421e+000
3.203318e+003;1.036101e+000
3.203800e+003;1.037763e+000
3.204282e+003;1.039398e+000
3.204765e+003;1.041001e+000
3.205247e+003;1.042570e+000
3.205729e+003;1.044111e+000
3.206211e+003;1.045630e+000
3.206693e+003;1.047135e+000
3.207175e+003;1.048633e+000
3.207657e+003;1.050126e+000
3.208140e+003;1.051615e+000
3.208622e+003;1.053096e+000
3.209104e+003;1.054567e+000
3.209586e+003;1.056026e+000
3.210068e+003;1.057471e+000
3.210550e+003;1.058902e+000
3.211032e+003;1.060318e+000
3.211515e+003;1.061713e+000
3.211997e+003;1.063083e+000
3.212479e+003;1.064426e+000
3.212961e+003;1.065743e+000
3.213443e+003;1.067040e+000
3.213925e+003;1.068322e+000
3.214407e+003;1.069598e+000
3.214890e+003;1.070868e+000
3.215372e+003;1.072128e+000
3.215854e+003;1.073372e+000
3.216336e+003;1.074595e+000
3.216818e+003;1.075795e+000
3.217300e+003;1.076978e+000
3.217782e+003;1.078156e+000
3.218264e+003;1.079343e+000
3.218747e+003;1.080545e+000
3.219229e+003;1.081762e+000
3.219711e+003;1.082982e+000
3.220193e+003;1.084187e+000
3.220675e+003;1.085357e+000
3.221157e+003;1.086482e+000
3.221639e+003;1.087554e+000
3.222122e+003;1.088582e+000
3.222604e+003;1.089575e+000
3.223086e+003;1.090548e+000
3.223568e+003;1.091512e+000
3.224050e+003;1.092477e+000
3.224532e+003;1.093448e+000
3.225014e+003;1.094430e+000
3.225497e+003;1.095421e+000
3.225979e+003;1.096419e+000
3.226461e+003;1.097417e+000
3.226943e+003;1.098403e+000
3.227425e+003;1.099361e+000
3.227907e+003;1.100279e+000
3.228389e+003;1.101147e+000
3.228872e+003;1.101968e+000
3.229354e+003;1.102756e+000
3.229836e+003;1.103529e+000
3.230318e+003;1.104310e+000
3.230800e+003;1.105119e+000
3.231282e+003;1.105964e+000
3.231764e+003;1.106845e+000
3.232247e+003;1.107749e+000
3.232729e+003;1.108656e+000
3.233211e+003;1.109544e+000
3.233693e+003;1.110394e+000
3.234175e+003;1.111188e+000
3.234657e+003;1.111920e+000
3.235139e+003;1.112591e+000
3.235621e+003;1.113210e+000
3.236104e+003;1.113795e+000
3.236586e+003;1.114365e+000
3.237068e+003;1.114939e+000
3.237550e+003;1.115529e+000
3.238032e+003;1.116139e+000
3.238514e+003;1.116764e+000
3.238996e+003;1.117394e+000
3.239479e+003;1.118019e+000
3.239961e+003;1.118631e+000
3.240443e+003;1.119228e+000
3.240925e+003;1.119811e+000
3.241407e+003;1.120384e+000
3.241889e+003;1.120948e+000
3.242371e+003;1.121501e+000
3.242854e+003;1.122039e+000
3.243336e+003;1.122555e+000
3.243818e+003;1.123046e+000
3.244300e+003;1.123514e+000
3.244782e+003;1.123964e+000
3.245264e+003;1.124405e+000
3.245746e+003;1.124840e+000
3.246229e+003;1.125273e+000
3.246711e+003;1.125700e+000
3.247193e+003;1.126119e+000
3.247675e+003;1.126529e+000
3.248157e+003;1.126929e+000
3.248639e+003;1.127325e+000
3.249121e+003;1.127717e+000
3.249604e+003;1.128108e+000
3.250085e+003;1.128492e+000
3.250568e+003;1.128864e+000
3.251050e+003;1.129220e+000
3.251532e+003;1.129563e+000
3.252014e+003;1.129900e+000
3.252496e+003;1.130242e+000
3.252978e+003;1.130600e+000
3.253460e+003;1.130978e+000
3.253943e+003;1.131369e+000
3.254425e+003;1.131759e+000
3.254907e+003;1.132129e+000
3.255389e+003;1.132460e+000
3.255871e+003;1.132742e+000
3.256353e+003;1.132977e+000
3.256835e+003;1.133173e+000
3.257318e+003;1.133346e+000
3.257800e+003;1.133510e+000
3.258282e+003;1.133674e+000
3.258764e+003;1.133843e+000
3.259246e+003;1.134021e+000
3.259728e+003;1.134205e+000
3.260210e+003;1.134394e+000
3.260693e+003;1.134586e+000
3.261175e+003;1.134776e+000
3.261657e+003;1.134960e+000
3.262139e+003;1.135131e+000
3.262621e+003;1.135288e+000
3.263103e+003;1.135432e+000
3.263585e+003;1.135571e+000
3.264068e+003;1.135720e+000
3.264550e+003;1.135890e+000
3.265032e+003;1.136091e+000
3.265514e+003;1.136321e+000
3.265996e+003;1.136574e+000
3.266478e+003;1.136833e+000
3.266960e+003;1.137080e+000
3.267442e+003;1.137300e+000
3.267925e+003;1.137481e+000
3.268407e+003;1.137621e+000
3.268889e+003;1.137718e+000
3.269371e+003;1.137779e+000
3.269853e+003;1.137814e+000
3.270335e+003;1.137834e+000
3.270817e+003;1.137857e+000
3.271300e+003;1.137899e+000
3.271782e+003;1.137977e+000
3.272264e+003;1.138099e+000
3.272746e+003;1.138268e+000
3.273228e+003;1.138474e+000
3.273710e+003;1.138702e+000
3.274192e+003;1.138935e+000
3.274675e+003;1.139157e+000
3.275157e+003;1.139359e+000
3.275639e+003;1.139537e+000
3.276121e+003;1.139691e+000
3.276603e+003;1.139818e+000
3.277085e+003;1.139913e+000
3.277567e+003;1.139970e+000
3.278050e+003;1.139983e+000
3.278532e+003;1.139956e+000
3.279014e+003;1.139897e+000
3.279496e+003;1.139828e+000
3.279978e+003;1.139773e+000
3.280460e+003;1.139755e+000
3.280942e+003;1.139787e+000
3.281425e+003;1.139872e+000
3.281906e+003;1.139998e+000
3.282389e+003;1.140147e+000
3.282871e+003;1.140301e+000
3.283353e+003;1.140436e+000
3.283835e+003;1.140539e+000
3.284317e+003;1.140603e+000
3.284799e+003;1.140626e+000
3.285281e+003;1.140615e+000
3.285764e+003;1.140586e+000
3.286246e+003;1.140557e+000
3.286728e+003;1.140549e+000
3.287210e+003;1.140576e+000
3.287692e+003;1.140644e+000
3.288174e+003;1.140746e+000
3.288656e+003;1.140865e+000
3.289139e+003;1.140980e+000
3.289621e+003;1.141071e+000
3.290103e+003;1.141127e+000
3.290585e+003;1.141155e+000
3.291067e+003;1.141167e+000
3.291549e+003;1.141183e+000
3.292031e+003;1.141220e+000
3.292514e+003;1.141284e+000
3.292996e+003;1.141371e+000
3.293478e+003;1.141470e+000
3.293960e+003;1.141569e+000
3.294442e+003;1.141661e+000
3.294924e+003;1.141745e+000
3.295406e+003;1.141828e+000
3.295889e+003;1.141917e+000
3.296371e+003;1.142018e+000
3.296853e+003;1.142130e+000
3.297335e+003;1.142247e+000
3.297817e+003;1.142359e+000
3.298299e+003;1.142457e+000
3.298781e+003;1.142533e+000
3.299263e+003;1.142582e+000
3.299746e+003;1.142602e+000
3.300228e+003;1.142591e+000
3.300710e+003;1.142550e+000
3.301192e+003;1.142482e+000
3.301674e+003;1.142396e+000
3.302156e+003;1.142305e+000
3.302638e+003;1.142228e+000
3.303121e+003;1.142182e+000
3.303603e+003;1.142181e+000
3.304085e+003;1.142233e+000
3.304567e+003;1.142336e+000
3.305049e+003;1.142482e+000
3.305531e+003;1.142658e+000
3.306013e+003;1.142850e+000
3.306496e+003;1.143046e+000
3.306978e+003;1.143232e+000
3.307460e+003;1.143396e+000
3.307942e+003;1.143527e+000
3.308424e+003;1.143614e+000
3.308906e+003;1.143656e+000
3.309388e+003;1.143655e+000
3.309871e+003;1.143622e+000
3.310353e+003;1.143575e+000
3.310835e+003;1.143534e+000
3.311317e+003;1.143515e+000
3.311799e+003;1.143528e+000
3.312281e+003;1.143578e+000
3.312763e+003;1.143660e+000
3.313246e+003;1.143770e+000
3.313728e+003;1.143899e+000
3.314210e+003;1.144037e+000
3.314692e+003;1.144169e+000
3.315174e+003;1.144280e+000
3.315656e+003;1.144349e+000
3.316138e+003;1.144363e+000
3.316620e+003;1.144314e+000
3.317103e+003;1.144208e+000
3.317585e+003;1.144063e+000
3.318067e+003;1.143904e+000
3.318549e+003;1.143759e+000
3.319031e+003;1.143648e+000
3.319513e+003;1.143579e+000
3.319995e+003;1.143549e+000
3.320478e+003;1.143548e+000
3.320960e+003;1.143568e+000
3.321442e+003;1.143603e+000
3.321924e+003;1.143652e+000
3.322406e+003;1.143718e+000
3.322888e+003;1.143801e+000
3.323370e+003;1.143897e+000
3.323853e+003;1.143994e+000
3.324335e+003;1.144082e+000
3.324817e+003;1.144151e+000
3.325299e+003;1.144202e+000
3.325781e+003;1.144240e+000
3.326263e+003;1.144276e+000
3.326745e+003;1.144317e+000
3.327228e+003;1.144358e+000
3.327710e+003;1.144388e+000
3.328192e+003;1.144387e+000
3.328674e+003;1.144334e+000
3.329156e+003;1.144220e+000
3.329638e+003;1.144043e+000
3.330120e+003;1.143820e+000
3.330603e+003;1.143576e+000
3.331084e+003;1.143340e+000
3.331567e+003;1.143135e+000
3.332049e+003;1.142981e+000
3.332531e+003;1.142880e+000
3.333013e+003;1.142828e+000
3.333495e+003;1.142810e+000
3.333977e+003;1.142805e+000
3.334459e+003;1.142789e+000
3.334942e+003;1.142743e+000
3.335424e+003;1.142655e+000
3.335906e+003;1.142520e+000
3.336388e+003;1.142345e+000
3.336870e+003;1.142146e+000
3.337352e+003;1.141939e+000
3.337834e+003;1.141739e+000
3.338317e+003;1.141552e+000
3.338799e+003;1.141374e+000
3.339281e+003;1.141195e+000
3.339763e+003;1.141005e+000
3.340245e+003;1.140797e+000
3.340727e+003;1.140573e+000
3.341209e+003;1.140340e+000
3.341692e+003;1.140111e+000
3.342174e+003;1.139891e+000
3.342656e+003;1.139686e+000
3.343138e+003;1.139490e+000
3.343620e+003;1.139297e+000
3.344102e+003;1.139101e+000
3.344584e+003;1.138899e+000
3.345067e+003;1.138688e+000
3.345549e+003;1.138468e+000
3.346031e+003;1.138234e+000
3.346513e+003;1.137976e+000
3.346995e+003;1.137685e+000
3.347477e+003;1.137354e+000
3.347959e+003;1.136986e+000
3.348441e+003;1.136593e+000
3.348924e+003;1.136194e+000
3.349406e+003;1.135810e+000
3.349888e+003;1.135453e+000
3.350370e+003;1.135126e+000
3.350852e+003;1.134817e+000
3.351334e+003;1.134507e+000
3.351816e+003;1.134179e+000
3.352299e+003;1.133824e+000
3.352781e+003;1.133443e+000
3.353263e+003;1.133046e+000
3.353745e+003;1.132643e+000
3.354227e+003;1.132244e+000
3.354709e+003;1.131845e+000
3.355191e+003;1.131439e+000
3.355674e+003;1.131012e+000
3.356156e+003;1.130554e+000
3.356638e+003;1.130059e+000
3.357120e+003;1.129527e+000
3.357602e+003;1.128963e+000
3.358084e+003;1.128375e+000
3.358566e+003;1.127770e+000
3.359049e+003;1.127155e+000
3.359531e+003;1.126538e+000
3.360013e+003;1.125926e+000
3.360495e+003;1.125326e+000
3.360977e+003;1.124742e+000
3.361459e+003;1.124174e+000
3.361941e+003;1.123616e+000
3.362424e+003;1.123061e+000
3.362906e+003;1.122499e+000
3.363388e+003;1.121926e+000
3.363870e+003;1.121340e+000
3.364352e+003;1.120745e+000
3.364834e+003;1.120138e+000
3.365316e+003;1.119513e+000
3.365798e+003;1.118854e+000
3.366281e+003;1.118146e+000
3.366763e+003;1.117375e+000
3.367245e+003;1.116541e+000
3.367727e+003;1.115659e+000
3.368209e+003;1.114760e+000
3.368691e+003;1.113878e+000
3.369173e+003;1.113039e+000
3.369656e+003;1.112254e+000
3.370138e+003;1.111508e+000
3.370620e+003;1.110778e+000
3.371102e+003;1.110030e+000
3.371584e+003;1.109241e+000
3.372066e+003;1.108401e+000
3.372548e+003;1.107522e+000
3.373031e+003;1.106624e+000
3.373513e+003;1.105728e+000
3.373995e+003;1.104848e+000
3.374477e+003;1.103986e+000
3.374959e+003;1.103137e+000
3.375441e+003;1.102292e+000
3.375923e+003;1.101445e+000
3.376406e+003;1.100601e+000
3.376888e+003;1.099767e+000
3.377370e+003;1.098953e+000
3.377852e+003;1.098160e+000
3.378334e+003;1.097380e+000
3.378816e+003;1.096592e+000
3.379298e+003;1.095769e+000
3.379781e+003;1.094884e+000
3.380262e+003;1.093917e+000
3.380745e+003;1.092864e+000
3.381227e+003;1.091732e+000
3.381709e+003;1.090540e+000
3.382191e+003;1.089314e+000
3.382673e+003;1.088080e+000
3.383155e+003;1.086861e+000
3.383637e+003;1.085670e+000
3.384120e+003;1.084514e+000
3.384602e+003;1.083387e+000
3.385084e+003;1.082280e+000
3.385566e+003;1.081179e+000
3.386048e+003;1.080072e+000
3.386530e+003;1.078948e+000
3.387012e+003;1.077802e+000
3.387495e+003;1.076631e+000
3.387977e+003;1.075435e+000
3.388459e+003;1.074216e+000
3.388941e+003;1.072974e+000
3.389423e+003;1.071710e+000
3.389905e+003;1.070425e+000
3.390387e+003;1.069125e+000
3.390870e+003;1.067814e+000
3.391352e+003;1.066498e+000
3.391834e+003;1.065181e+000
3.392316e+003;1.063867e+000
3.392798e+003;1.062557e+000
3.393280e+003;1.061248e+000
3.393762e+003;1.059942e+000
3.394245e+003;1.058636e+000
3.394727e+003;1.057330e+000
3.395209e+003;1.056021e+000
3.395691e+003;1.054701e+000
3.396173e+003;1.053359e+000
3.396655e+003;1.051981e+000
3.397137e+003;1.050555e+000
3.397619e+003;1.049083e+000
3.398102e+003;1.047573e+000
3.398584e+003;1.046050e+000
3.399066e+003;1.044541e+000
3.399548e+003;1.043073e+000
3.400030e+003;1.041654e+000
3.400512e+003;1.040281e+000
3.400994e+003;1.038929e+000
3.401477e+003;1.037570e+000
3.401959e+003;1.036172e+000
3.402441e+003;1.034713e+000
3.402923e+003;1.033187e+000
3.403405e+003;1.031600e+000
3.403887e+003;1.029966e+000
3.404369e+003;1.028302e+000
3.404852e+003;1.026624e+000
3.405334e+003;1.024943e+000
3.405816e+003;1.023269e+000
3.406298e+003;1.021614e+000
3.406780e+003;1.019985e+000
3.407262e+003;1.018391e+000
3.407744e+003;1.016832e+000
3.408227e+003;1.015299e+000
3.408709e+003;1.013775e+000
3.409191e+003;1.012243e+000
3.409673e+003;1.010685e+000
3.410155e+003;1.009093e+000
3.410637e+003;1.007472e+000
3.411119e+003;1.005833e+000
3.411602e+003;1.004194e+000
3.412083e+003;1.002565e+000
3.412566e+003;1.000951e+000
3.413048e+003;9.993427e-001
3.413530e+003;9.977286e-001
3.414012e+003;9.960946e-001
3.414494e+003;9.944317e-001
3.414976e+003;9.927378e-001
3.415458e+003;9.910161e-001
3.415941e+003;9.892707e-001
3.416423e+003;9.875060e-001
3.416905e+003;9.857219e-001
3.417387e+003;9.839162e-001
3.417869e+003;9.820873e-001
3.418351e+003;9.802386e-001
3.418833e+003;9.783797e-001
3.419316e+003;9.765238e-001
3.419798e+003;9.746855e-001
3.420280e+003;9.728768e-001
3.420762e+003;9.711019e-001
3.421244e+003;9.693576e-001
3.421726e+003;9.676360e-001
3.422208e+003;9.659238e-001
3.422691e+003;9.642107e-001
3.423173e+003;9.624876e-001
3.423655e+003;9.607506e-001
3.424137e+003;9.589997e-001
3.424619e+003;9.572374e-001
3.425101e+003;9.554665e-001
3.425583e+003;9.536889e-001
3.426066e+003;9.519045e-001
3.426548e+003;9.501123e-001
3.427030e+003;9.483100e-001
3.427512e+003;9.464954e-001
3.427994e+003;9.446677e-001
3.428476e+003;9.428277e-001
3.428958e+003;9.409794e-001
3.429440e+003;9.391268e-001
3.429923e+003;9.372739e-001
3.430405e+003;9.354236e-001
3.430887e+003;9.335762e-001
3.431369e+003;9.317301e-001
3.431851e+003;9.298830e-001
3.432333e+003;9.280349e-001
3.432815e+003;9.261874e-001
3.433298e+003;9.243448e-001
3.433780e+003;9.225107e-001
3.434262e+003;9.206882e-001
3.434744e+003;9.188760e-001
3.435226e+003;9.170691e-001
3.435708e+003;9.152611e-001
3.436190e+003;9.134445e-001
3.436673e+003;9.116147e-001
3.437155e+003;9.097688e-001
3.437637e+003;9.079080e-001
3.438119e+003;9.060353e-001
3.438601e+003;9.041541e-001
3.439083e+003;9.022674e-001
3.439565e+003;9.003806e-001
3.440048e+003;8.985006e-001
3.440530e+003;8.966371e-001
3.441012e+003;8.947988e-001
3.441494e+003;8.929898e-001
3.441976e+003;8.912077e-001
3.442458e+003;8.894416e-001
3.442940e+003;8.876709e-001
3.443423e+003;8.858745e-001
3.443905e+003;8.840348e-001
3.444387e+003;8.821446e-001
3.444869e+003;8.802106e-001
3.445351e+003;8.782504e-001
3.445833e+003;8.762872e-001
3.446315e+003;8.743398e-001
3.446797e+003;8.724222e-001
3.447280e+003;8.705351e-001
3.447762e+003;8.686753e-001
3.448244e+003;8.668342e-001
3.448726e+003;8.650052e-001
3.449208e+003;8.631843e-001
3.449690e+003;8.613693e-001
3.450172e+003;8.595564e-001
3.450655e+003;8.577381e-001
3.451137e+003;8.559046e-001
3.451619e+003;8.540478e-001
3.452101e+003;8.521639e-001
3.452583e+003;8.502609e-001
3.453065e+003;8.483550e-001
3.453547e+003;8.464673e-001
3.454030e+003;8.446160e-001
3.454512e+003;8.428077e-001
3.454994e+003;8.410358e-001
3.455476e+003;8.392807e-001
3.455958e+003;8.375189e-001
3.456440e+003;8.357300e-001
3.456922e+003;8.339042e-001
3.457405e+003;8.320449e-001
3.457887e+003;8.301663e-001
3.458369e+003;8.282852e-001
3.458851e+003;8.264152e-001
3.459333e+003;8.245634e-001
3.459815e+003;8.227265e-001
3.460297e+003;8.208997e-001
3.460780e+003;8.190778e-001
3.461261e+003;8.172596e-001
3.461744e+003;8.154481e-001
3.462226e+003;8.136477e-001
3.462708e+003;8.118599e-001
3.463190e+003;8.100794e-001
3.463672e+003;8.082962e-001
3.464154e+003;8.064957e-001
3.464636e+003;8.046674e-001
3.465119e+003;8.028076e-001
3.465601e+003;8.009203e-001
3.466083e+003;7.990187e-001
3.466565e+003;7.971185e-001
3.467047e+003;7.952350e-001
3.467529e+003;7.933785e-001
3.468011e+003;7.915540e-001
3.468494e+003;7.897611e-001
3.468976e+003;7.879988e-001
3.469458e+003;7.862642e-001
3.469940e+003;7.845565e-001
3.470422e+003;7.828718e-001
3.470904e+003;7.812032e-001
3.471386e+003;7.795370e-001
3.471869e+003;7.778560e-001
3.472351e+003;7.761396e-001
3.472833e+003;7.743727e-001
3.473315e+003;7.725477e-001
3.473797e+003;7.706717e-001
3.474279e+003;7.687628e-001
3.474761e+003;7.668462e-001
3.475244e+003;7.649482e-001
3.475726e+003;7.630876e-001
3.476208e+003;7.612705e-001
3.476690e+003;7.594888e-001
3.477172e+003;7.577252e-001
3.477654e+003;7.559597e-001
3.478136e+003;7.541770e-001
3.478618e+003;7.523714e-001
3.479101e+003;7.505487e-001
3.479583e+003;7.487214e-001
3.480065e+003;7.469048e-001
3.480547e+003;7.451073e-001
3.481029e+003;7.433301e-001
3.481511e+003;7.415633e-001
3.481993e+003;7.397934e-001
3.482476e+003;7.380056e-001
3.482958e+003;7.361926e-001
3.483440e+003;7.343559e-001
3.483922e+003;7.325060e-001
3.484404e+003;7.306591e-001
3.484886e+003;7.288302e-001
3.485368e+003;7.270321e-001
3.485851e+003;7.252681e-001
3.486333e+003;7.235370e-001
3.486815e+003;7.218325e-001
3.487297e+003;7.201443e-001
3.487779e+003;7.184645e-001
3.488261e+003;7.167855e-001
3.488743e+003;7.151002e-001
3.489226e+003;7.134026e-001
3.489708e+003;7.116881e-001
3.490190e+003;7.099525e-001
3.490672e+003;7.081949e-001
3.491154e+003;7.064188e-001
3.491636e+003;7.046306e-001
3.492118e+003;7.028399e-001
3.492601e+003;7.010548e-001
3.493083e+003;6.992823e-001
3.493565e+003;6.975243e-001
3.494047e+003;6.957778e-001
3.494529e+003;6.940383e-001
3.495011e+003;6.922988e-001
3.495493e+003;6.905532e-001
3.495975e+003;6.888001e-001
3.496458e+003;6.870389e-001
3.496940e+003;6.852719e-001
3.497422e+003;6.835024e-001
3.497904e+003;6.817327e-001
3.498386e+003;6.799644e-001
3.498868e+003;6.781982e-001
3.499350e+003;6.764351e-001
3.499833e+003;6.746767e-001
3.500315e+003;6.729261e-001
3.500797e+003;6.711867e-001
3.501279e+003;6.694617e-001
3.501761e+003;6.677535e-001
3.502243e+003;6.660597e-001
3.502725e+003;6.643760e-001
3.503208e+003;6.626924e-001
3.503690e+003;6.609986e-001
3.504172e+003;6.592846e-001
3.504654e+003;6.575444e-001
3.505136e+003;6.557788e-001
3.505618e+003;6.539927e-001
3.506100e+003;6.521965e-001
3.506583e+003;6.504024e-001
3.507065e+003;6.486216e-001
3.507547e+003;6.468610e-001
3.508029e+003;6.451230e-001
3.508511e+003;6.434063e-001
3.508993e+003;6.417060e-001
3.509475e+003;6.400180e-001
3.509958e+003;6.383370e-001
3.510439e+003;6.366597e-001
3.510922e+003;6.349840e-001
3.511404e+003;6.333065e-001
3.511886e+003;6.316233e-001
3.512368e+003;6.299323e-001
3.512850e+003;6.282314e-001
3.513332e+003;6.265225e-001
3.513814e+003;6.248096e-001
3.514297e+003;6.230993e-001
3.514779e+003;6.213962e-001
3.515261e+003;6.197011e-001
3.515743e+003;6.180092e-001
3.516225e+003;6.163118e-001
3.516707e+003;6.145974e-001
3.517189e+003;6.128581e-001
3.517672e+003;6.110924e-001
3.518154e+003;6.093069e-001
3.518636e+003;6.075172e-001
3.519118e+003;6.057422e-001
3.519600e+003;6.039988e-001
3.520082e+003;6.022952e-001
3.520564e+003;6.006307e-001
3.521047e+003;5.989937e-001
3.521529e+003;5.973643e-001
3.522011e+003;5.957217e-001
3.522493e+003;5.940500e-001
3.522975e+003;5.923421e-001
3.523457e+003;5.905989e-001
3.523939e+003;5.888329e-001
3.524422e+003;5.870600e-001
3.524904e+003;5.852975e-001
3.525386e+003;5.835571e-001
3.525868e+003;5.818457e-001
3.526350e+003;5.801629e-001
3.526832e+003;5.785038e-001
3.527314e+003;5.768608e-001
3.527796e+003;5.752265e-001
3.528279e+003;5.735964e-001
3.528761e+003;5.719653e-001
3.529243e+003;5.703315e-001
3.529725e+003;5.686913e-001
3.530207e+003;5.670406e-001
3.530689e+003;5.653752e-001
3.531171e+003;5.636908e-001
3.531654e+003;5.619892e-001
3.532136e+003;5.602756e-001
3.532618e+003;5.585619e-001
3.533100e+003;5.568618e-001
3.533582e+003;5.551878e-001
3.534064e+003;5.535471e-001
3.534546e+003;5.519367e-001
3.535029e+003;5.503477e-001
3.535511e+003;5.487611e-001
3.535993e+003;5.471594e-001
3.536475e+003;5.455258e-001
3.536957e+003;5.438540e-001
3.537439e+003;5.421445e-001
3.537921e+003;5.404073e-001
3.538404e+003;5.386562e-001
3.538886e+003;5.369049e-001
3.539368e+003;5.351655e-001
3.539850e+003;5.334459e-001
3.540332e+003;5.317493e-001
3.540814e+003;5.300792e-001
3.541296e+003;5.284356e-001
3.541779e+003;5.268193e-001
3.542260e+003;5.252300e-001
3.542743e+003;5.236640e-001
3.543225e+003;5.221132e-001
3.543707e+003;5.205655e-001
3.544189e+003;5.190055e-001
3.544671e+003;5.174192e-001
3.545153e+003;5.157971e-001
3.545635e+003;5.141368e-001
3.546118e+003;5.124450e-001
3.546600e+003;5.107357e-001
3.547082e+003;5.090269e-001
3.547564e+003;5.073345e-001
3.548046e+003;5.056711e-001
3.548528e+003;5.040416e-001
3.549010e+003;5.024429e-001
3.549493e+003;5.008680e-001
3.549975e+003;4.993080e-001
3.550457e+003;4.977559e-001
3.550939e+003;4.962060e-001
3.551421e+003;4.946554e-001
3.551903e+003;4.931017e-001
3.552385e+003;4.915402e-001
3.552868e+003;4.899647e-001
3.553350e+003;4.883680e-001
3.553832e+003;4.867453e-001
3.554314e+003;4.850964e-001
3.554796e+003;4.834289e-001
3.555278e+003;4.817570e-001
3.555760e+003;4.800972e-001
3.556243e+003;4.784668e-001
3.556725e+003;4.768747e-001
3.557207e+003;4.753210e-001
3.557689e+003;4.737982e-001
3.558171e+003;4.722912e-001
3.558653e+003;4.707857e-001
3.559135e+003;4.692687e-001
3.559617e+003;4.677348e-001
3.560100e+003;4.661833e-001
3.560582e+003;4.646183e-001
3.561064e+003;4.630437e-001
3.561546e+003;4.614622e-001
3.562028e+003;4.598742e-001
3.562510e+003;4.582808e-001
3.562992e+003;4.566825e-001
3.563475e+003;4.550863e-001
3.563957e+003;4.535021e-001
3.564439e+003;4.519416e-001
3.564921e+003;4.504170e-001
3.565403e+003;4.489350e-001
3.565885e+003;4.474971e-001
3.566367e+003;4.460967e-001
3.566850e+003;4.447199e-001
3.567332e+003;4.433494e-001
3.567814e+003;4.419659e-001
3.568296e+003;4.405540e-001
3.568778e+003;4.391041e-001
3.569260e+003;4.376141e-001
3.569742e+003;4.360896e-001
3.570225e+003;4.345422e-001
3.570707e+003;4.329833e-001
3.571189e+003;4.314270e-001
3.571671e+003;4.298800e-001
3.572153e+003;4.283432e-001
3.572635e+003;4.268136e-001
3.573117e+003;4.252850e-001
3.573599e+003;4.237543e-001
3.574082e+003;4.222237e-001
3.574564e+003;4.207000e-001
3.575046e+003;4.191949e-001
3.575528e+003;4.177194e-001
3.576010e+003;4.162804e-001
3.576492e+003;4.148760e-001
3.576974e+003;4.134985e-001
3.577457e+003;4.121345e-001
3.577939e+003;4.107720e-001
3.578421e+003;4.094017e-001
3.578903e+003;4.080211e-001
3.579385e+003;4.066306e-001
3.579867e+003;4.052319e-001
3.580349e+003;4.038249e-001
3.580832e+003;4.024059e-001
3.581314e+003;4.009704e-001
3.581796e+003;3.995151e-001
3.582278e+003;3.980413e-001
3.582760e+003;3.965578e-001
3.583242e+003;3.950772e-001
3.583724e+003;3.936163e-001
3.584207e+003;3.921876e-001
3.584689e+003;3.907998e-001
3.585171e+003;3.894536e-001
3.585653e+003;3.881440e-001
3.586135e+003;3.868625e-001
3.586617e+003;3.855985e-001
3.587099e+003;3.843409e-001
3.587582e+003;3.830797e-001
3.588063e+003;3.818046e-001
3.588546e+003;3.805071e-001
3.589028e+003;3.791831e-001
3.589510e+003;3.778324e-001
3.589992e+003;3.764600e-001
3.590474e+003;3.750759e-001
3.590956e+003;3.736906e-001
3.591438e+003;3.723104e-001
3.591921e+003;3.709366e-001
3.592403e+003;3.695643e-001
3.592885e+003;3.681867e-001
3.593367e+003;3.667984e-001
3.593849e+003;3.654009e-001
3.594331e+003;3.640042e-001
3.594813e+003;3.626227e-001
3.595296e+003;3.612680e-001
3.595778e+003;3.599450e-001
3.596260e+003;3.586490e-001
3.596742e+003;3.573627e-001
3.597224e+003;3.560687e-001
3.597706e+003;3.547513e-001
3.598188e+003;3.534069e-001
3.598671e+003;3.520421e-001
3.599153e+003;3.506744e-001
3.599635e+003;3.493214e-001
3.600117e+003;3.479961e-001
3.600599e+003;3.467022e-001
3.601081e+003;3.454345e-001
3.601563e+003;3.441812e-001
3.602046e+003;3.429319e-001
3.602528e+003;3.416763e-001
3.603010e+003;3.404096e-001
3.603492e+003;3.391305e-001
3.603974e+003;3.378371e-001
3.604456e+003;3.365293e-001
3.604938e+003;3.352081e-001
3.605420e+003;3.338788e-001
3.605903e+003;3.325507e-001
3.606385e+003;3.312386e-001
3.606867e+003;3.299583e-001
3.607349e+003;3.287182e-001
3.607831e+003;3.275184e-001
3.608313e+003;3.263476e-001
3.608795e+003;3.251863e-001
3.609278e+003;3.240128e-001
3.609760e+003;3.228101e-001
3.610242e+003;3.215717e-001
3.610724e+003;3.203003e-001
3.611206e+003;3.190044e-001
3.611688e+003;3.176941e-001
3.612170e+003;3.163750e-001
3.612653e+003;3.150459e-001
3.613135e+003;3.137039e-001
3.613617e+003;3.123452e-001
3.614099e+003;3.109706e-001
3.614581e+003;3.095850e-001
3.615063e+003;3.081979e-001
3.615545e+003;3.068192e-001
3.616028e+003;3.054549e-001
3.616510e+003;3.041086e-001
3.616992e+003;3.027798e-001
3.617474e+003;3.014676e-001
3.617956e+003;3.001717e-001
3.618438e+003;2.988920e-001
3.618920e+003;2.976264e-001
3.619403e+003;2.963728e-001
3.619885e+003;2.951243e-001
3.620367e+003;2.938730e-001
3.620849e+003;2.926117e-001
3.621331e+003;2.913396e-001
3.621813e+003;2.900602e-001
3.622295e+003;2.887818e-001
3.622777e+003;2.875092e-001
3.623260e+003;2.862441e-001
3.623742e+003;2.849799e-001
3.624224e+003;2.837045e-001
3.624706e+003;2.824069e-001
3.625188e+003;2.810853e-001
3.625670e+003;2.797496e-001
3.626152e+003;2.784220e-001
3.626635e+003;2.771295e-001
3.627117e+003;2.758940e-001
3.627599e+003;2.747186e-001
3.628081e+003;2.735856e-001
3.628563e+003;2.724572e-001
3.629045e+003;2.712874e-001
3.629527e+003;2.700366e-001
3.630010e+003;2.686867e-001
3.630492e+003;2.672452e-001
3.630974e+003;2.657411e-001
3.631456e+003;2.642153e-001
3.631938e+003;2.627077e-001
3.632420e+003;2.612455e-001
3.632902e+003;2.598394e-001
3.633385e+003;2.584828e-001
3.633867e+003;2.571589e-001
3.634349e+003;2.558483e-001
3.634831e+003;2.545357e-001
3.635313e+003;2.532144e-001
3.635795e+003;2.518826e-001
3.636277e+003;2.505422e-001
3.636760e+003;2.491933e-001
3.637241e+003;2.478336e-001
3.637724e+003;2.464576e-001
3.638206e+003;2.450589e-001
3.638688e+003;2.436349e-001
3.639170e+003;2.421879e-001
3.639652e+003;2.407277e-001
3.640134e+003;2.392670e-001
3.640616e+003;2.378181e-001
3.641099e+003;2.363898e-001
3.641581e+003;2.349796e-001
3.642063e+003;2.335788e-001
3.642545e+003;2.321715e-001
3.643027e+003;2.307416e-001
3.643509e+003;2.292757e-001
3.643991e+003;2.277721e-001
3.644474e+003;2.262366e-001
3.644956e+003;2.246847e-001
3.645438e+003;2.231344e-001
3.645920e+003;2.216025e-001
3.646402e+003;2.201014e-001
3.646884e+003;2.186352e-001
3.647366e+003;2.172044e-001
3.647849e+003;2.158040e-001
3.648331e+003;2.144308e-001
3.648813e+003;2.130787e-001
3.649295e+003;2.117407e-001
3.649777e+003;2.104062e-001
3.650259e+003;2.090592e-001
3.650741e+003;2.076802e-001
3.651224e+003;2.062529e-001
3.651706e+003;2.047660e-001
3.652188e+003;2.032229e-001
3.652670e+003;2.016386e-001
3.653152e+003;2.000402e-001
3.653634e+003;1.984565e-001
3.654116e+003;1.969150e-001
3.654598e+003;1.954273e-001
3.655081e+003;1.939931e-001
3.655563e+003;1.925972e-001
3.656045e+003;1.912171e-001
3.656527e+003;1.898312e-001
3.657009e+003;1.884229e-001
3.657491e+003;1.869868e-001
3.657973e+003;1.855244e-001
3.658456e+003;1.840419e-001
3.658938e+003;1.825462e-001
3.659420e+003;1.810421e-001
3.659902e+003;1.795321e-001
3.660384e+003;1.780175e-001
3.660866e+003;1.765001e-001
3.661348e+003;1.749844e-001
3.661831e+003;1.734776e-001
3.662313e+003;1.719860e-001
3.662795e+003;1.705153e-001
3.663277e+003;1.690669e-001
3.663759e+003;1.676400e-001
3.664241e+003;1.662267e-001
3.664723e+003;1.648198e-001
3.665206e+003;1.634102e-001
3.665688e+003;1.619934e-001
3.666170e+003;1.605707e-001
3.666652e+003;1.591514e-001
3.667134e+003;1.577523e-001
3.667616e+003;1.563963e-001
3.668098e+003;1.551051e-001
3.668581e+003;1.538900e-001
3.669063e+003;1.527470e-001
3.669545e+003;1.516503e-001
3.670027e+003;1.505585e-001
3.670509e+003;1.494253e-001
3.670991e+003;1.482133e-001
3.671473e+003;1.469102e-001
3.671955e+003;1.455346e-001
3.672438e+003;1.441332e-001
3.672920e+003;1.427672e-001
3.673402e+003;1.414940e-001
3.673884e+003;1.403473e-001
3.674366e+003;1.393293e-001
3.674848e+003;1.384024e-001
3.675330e+003;1.375091e-001
3.675813e+003;1.365855e-001
3.676295e+003;1.355871e-001
3.676777e+003;1.345001e-001
3.677259e+003;1.333426e-001
3.677741e+003;1.321500e-001
3.678223e+003;1.309636e-001
3.678705e+003;1.298135e-001
3.679188e+003;1.287123e-001
3.679670e+003;1.276552e-001
3.680152e+003;1.266250e-001
3.680634e+003;1.256053e-001
3.681116e+003;1.245837e-001
3.681598e+003;1.235557e-001
3.682080e+003;1.225220e-001
3.682563e+003;1.214844e-001
3.683045e+003;1.204436e-001
3.683527e+003;1.193988e-001
3.684009e+003;1.183530e-001
3.684491e+003;1.173152e-001
3.684973e+003;1.163064e-001
3.685455e+003;1.153508e-001
3.685938e+003;1.144749e-001
3.686419e+003;1.136931e-001
3.686902e+003;1.130060e-001
3.687384e+003;1.123944e-001
3.687866e+003;1.118264e-001
3.688348e+003;1.112663e-001
3.688830e+003;1.106875e-001
3.689312e+003;1.100790e-001
3.689794e+003;1.094431e-001
3.690277e+003;1.087933e-001
3.690759e+003;1.081424e-001
3.691241e+003;1.074968e-001
3.691723e+003;1.068521e-001
3.692205e+003;1.061982e-001
3.692687e+003;1.055249e-001
3.693169e+003;1.048290e-001
3.693652e+003;1.041171e-001
3.694134e+003;1.034048e-001
3.694616e+003;1.027141e-001
3.695098e+003;1.020603e-001
3.695580e+003;1.014527e-001
3.696062e+003;1.008861e-001
3.696544e+003;1.003480e-001
3.697027e+003;9.982210e-002
3.697509e+003;9.929613e-002
3.697991e+003;9.876485e-002
3.698473e+003;9.823256e-002
3.698955e+003;9.770828e-002
3.699437e+003;9.720590e-002
3.699919e+003;9.673362e-002
3.700402e+003;9.629667e-002
3.700884e+003;9.589133e-002
3.701366e+003;9.551059e-002
3.701848e+003;9.514403e-002
3.702330e+003;9.478019e-002
3.702812e+003;9.440920e-002
3.703294e+003;9.402245e-002
3.703776e+003;9.361723e-002
3.704259e+003;9.319275e-002
3.704741e+003;9.275358e-002
3.705223e+003;9.230676e-002
3.705705e+003;9.186229e-002
3.706187e+003;9.142913e-002
3.706669e+003;9.101313e-002
3.707151e+003;9.061780e-002
3.707634e+003;9.024260e-002
3.708116e+003;8.988807e-002
3.708598e+003;8.955533e-002
3.709080e+003;8.925001e-002
3.709562e+003;8.898062e-002
3.710044e+003;8.875511e-002
3.710526e+003;8.857544e-002
3.711009e+003;8.843327e-002
3.711491e+003;8.830965e-002
3.711973e+003;8.817744e-002
3.712455e+003;8.800870e-002
3.712937e+003;8.778342e-002
3.713419e+003;8.749563e-002
3.713901e+003;8.715703e-002
3.714384e+003;8.679037e-002
3.714866e+003;8.642408e-002
3.715348e+003;8.608336e-002
3.715830e+003;8.578379e-002
3.716312e+003;8.552691e-002
3.716794e+003;8.530520e-002
3.717276e+003;8.510461e-002
3.717759e+003;8.491271e-002
3.718240e+003;8.472052e-002
3.718723e+003;8.452518e-002
3.719205e+003;8.432799e-002
3.719687e+003;8.413181e-002
3.720169e+003;8.393614e-002
3.720651e+003;8.373927e-002
3.721133e+003;8.353821e-002
3.721615e+003;8.333063e-002
3.722098e+003;8.311602e-002
3.722580e+003;8.290020e-002
3.723062e+003;8.269048e-002
3.723544e+003;8.249604e-002
3.724026e+003;8.232415e-002
3.724508e+003;8.217952e-002
3.724990e+003;8.205848e-002
3.725473e+003;8.195327e-002
3.725955e+003;8.184739e-002
3.726437e+003;8.172136e-002
3.726919e+003;8.155790e-002
3.727401e+003;8.134519e-002
3.727883e+003;8.108518e-002
3.728365e+003;8.079334e-002
3.728848e+003;8.049964e-002
3.729330e+003;8.023957e-002
3.729812e+003;8.004374e-002
3.730294e+003;7.992993e-002
3.730776e+003;7.989118e-002
3.731258e+003;7.990488e-002
3.731740e+003;7.993275e-002
3.732223e+003;7.994217e-002
3.732705e+003;7.991365e-002
3.733187e+003;7.985093e-002
3.733669e+003;7.977587e-002
3.734151e+003;7.971703e-002
3.734633e+003;7.969483e-002
3.735115e+003;7.971487e-002
3.735597e+003;7.976052e-002
3.736080e+003;7.980371e-002
3.736562e+003;7.981791e-002
3.737044e+003;7.978620e-002
3.737526e+003;7.970700e-002
3.738008e+003;7.958967e-002
3.738490e+003;7.944214e-002
3.738972e+003;7.926492e-002
3.739455e+003;7.904852e-002
3.739937e+003;7.878046e-002
3.740419e+003;7.846241e-002
3.740901e+003;7.811809e-002
3.741383e+003;7.779963e-002
3.741865e+003;7.757451e-002
3.742347e+003;7.750373e-002
3.742830e+003;7.761583e-002
3.743312e+003;7.788591e-002
3.743794e+003;7.823510e-002
3.744276e+003;7.855062e-002
3.744758e+003;7.872716e-002
3.745240e+003;7.869731e-002
3.745722e+003;7.845814e-002
3.746205e+003;7.806266e-002
3.746687e+003;7.759932e-002
3.747169e+003;7.715998e-002
3.747651e+003;7.681461e-002
3.748133e+003;7.659876e-002
3.748615e+003;7.651305e-002
3.749097e+003;7.653487e-002
3.749580e+003;7.663561e-002
3.750062e+003;7.678822e-002
3.750544e+003;7.697292e-002
3.751026e+003;7.717007e-002
3.751508e+003;7.735372e-002
3.751990e+003;7.749170e-002
3.752472e+003;7.754951e-002
3.752954e+003;7.750496e-002
3.753437e+003;7.735919e-002
3.753919e+003;7.713882e-002
3.754401e+003;7.689103e-002
3.754883e+003;7.666420e-002
3.755365e+003;7.649539e-002
3.755847e+003;7.639761e-002
3.756329e+003;7.635980e-002
3.756812e+003;7.635473e-002
3.757294e+003;7.635332e-002
3.757776e+003;7.633793e-002
3.758258e+003;7.630637e-002
3.758740e+003;7.626735e-002
3.759222e+003;7.623170e-002
3.759704e+003;7.620285e-002
3.760187e+003;7.617358e-002
3.760669e+003;7.613048e-002
3.761151e+003;7.606243e-002
3.761633e+003;7.596902e-002
3.762115e+003;7.586476e-002
3.762597e+003;7.577066e-002
3.763079e+003;7.570750e-002
3.763562e+003;7.568520e-002
3.764044e+003;7.569554e-002
3.764526e+003;7.571687e-002
3.765008e+003;7.572264e-002
3.765490e+003;7.569443e-002
3.765972e+003;7.562703e-002
3.766454e+003;7.553502e-002
3.766937e+003;7.544143e-002
3.767418e+003;7.537149e-002
3.767901e+003;7.534191e-002
3.768383e+003;7.535312e-002
3.768865e+003;7.539480e-002
3.769347e+003;7.544550e-002
3.769829e+003;7.548656e-002
3.770311e+003;7.550196e-002
3.770793e+003;7.548662e-002
3.771276e+003;7.544263e-002
3.771758e+003;7.537873e-002
3.772240e+003;7.530382e-002
3.772722e+003;7.522655e-002
3.773204e+003;7.515317e-002
3.773686e+003;7.508633e-002
3.774168e+003;7.502469e-002
3.774651e+003;7.496332e-002
3.775133e+003;7.489683e-002
3.775615e+003;7.482193e-002
3.776097e+003;7.473733e-002
3.776579e+003;7.464852e-002
3.777061e+003;7.456322e-002
3.777543e+003;7.449128e-002
3.778026e+003;7.443817e-002
3.778508e+003;7.440221e-002
3.778990e+003;7.437541e-002
3.779472e+003;7.434663e-002
3.779954e+003;7.430685e-002
3.780436e+003;7.425433e-002
3.780918e+003;7.419735e-002
3.781401e+003;7.415241e-002
3.781883e+003;7.413670e-002
3.782365e+003;7.416030e-002
3.782847e+003;7.422339e-002
3.783329e+003;7.431325e-002
3.783811e+003;7.441022e-002
3.784293e+003;7.449553e-002
3.784775e+003;7.455594e-002
3.785258e+003;7.458761e-002
3.785740e+003;7.459501e-002
3.786222e+003;7.458364e-002
3.786704e+003;7.455678e-002
3.787186e+003;7.451466e-002
3.787668e+003;7.445507e-002
3.788150e+003;7.437906e-002
3.788633e+003;7.429476e-002
3.789115e+003;7.421792e-002
3.789597e+003;7.416312e-002
3.790079e+003;7.414169e-002
3.790561e+003;7.415009e-002
3.791043e+003;7.417160e-002
3.791525e+003;7.417957e-002
3.792008e+003;7.414971e-002
3.792490e+003;7.406937e-002
3.792972e+003;7.394747e-002
3.793454e+003;7.380990e-002
3.793936e+003;7.369360e-002
3.794418e+003;7.362933e-002
3.794900e+003;7.363146e-002
3.795383e+003;7.368802e-002
3.795865e+003;7.376499e-002
3.796347e+003;7.381961e-002
3.796829e+003;7.381398e-002
3.797311e+003;7.373217e-002
3.797793e+003;7.358574e-002
3.798275e+003;7.341205e-002
3.798758e+003;7.326254e-002
3.799240e+003;7.318617e-002
3.799722e+003;7.321164e-002
3.800204e+003;7.333861e-002
3.800686e+003;7.353251e-002
3.801168e+003;7.373530e-002
3.801650e+003;7.388348e-002
3.802132e+003;7.392803e-002
3.802615e+003;7.384939e-002
3.803097e+003;7.366611e-002
3.803579e+003;7.342720e-002
3.804061e+003;7.319801e-002
3.804543e+003;7.304272e-002
3.805025e+003;7.300163e-002
3.805507e+003;7.308298e-002
3.805990e+003;7.325938e-002
3.806472e+003;7.347751e-002
3.806954e+003;7.367778e-002
3.807436e+003;7.381190e-002
3.807918e+003;7.385818e-002
3.808400e+003;7.382267e-002
3.808882e+003;7.372896e-002
3.809365e+003;7.360513e-002
3.809847e+003;7.346980e-002
3.810329e+003;7.332693e-002
3.810811e+003;7.316832e-002
3.811293e+003;7.298370e-002
3.811775e+003;7.277344e-002
3.812257e+003;7.255775e-002
3.812740e+003;7.237291e-002
3.813222e+003;7.226407e-002
3.813704e+003;7.226727e-002
3.814186e+003;7.239547e-002
3.814668e+003;7.262793e-002
3.815150e+003;7.291356e-002
3.815632e+003;7.318267e-002
3.816115e+003;7.337061e-002
3.816596e+003;7.343473e-002
3.817079e+003;7.336958e-002
3.817561e+003;7.320499e-002
3.818043e+003;7.299649e-002
3.818525e+003;7.280712e-002
3.819007e+003;7.268992e-002
3.819489e+003;7.267226e-002
3.819971e+003;7.275191e-002
3.820454e+003;7.289495e-002
3.820936e+003;7.305047e-002
3.821418e+003;7.316528e-002
3.821900e+003;7.320230e-002
3.822382e+003;7.315093e-002
3.822864e+003;7.302830e-002
3.823346e+003;7.287429e-002
3.823829e+003;7.273483e-002
3.824311e+003;7.264882e-002
3.824793e+003;7.263745e-002
3.825275e+003;7.269587e-002
3.825757e+003;7.279866e-002
3.826239e+003;7.290997e-002
3.826721e+003;7.299402e-002
3.827204e+003;7.302878e-002
3.827686e+003;7.300935e-002
3.828168e+003;7.294790e-002
3.828650e+003;7.286590e-002
3.829132e+003;7.278547e-002
3.829614e+003;7.272331e-002
3.830096e+003;7.268289e-002
3.830579e+003;7.265849e-002
3.831061e+003;7.263820e-002
3.831543e+003;7.260729e-002
3.832025e+003;7.255422e-002
3.832507e+003;7.247448e-002
3.832989e+003;7.237204e-002
3.833471e+003;7.226122e-002
3.833953e+003;7.216365e-002
3.834436e+003;7.210665e-002
3.834918e+003;7.211559e-002
3.835400e+003;7.220946e-002
3.835882e+003;7.239122e-002
3.836364e+003;7.264341e-002
3.836846e+003;7.293091e-002
3.837328e+003;7.320603e-002
3.837811e+003;7.342332e-002
3.838293e+003;7.354937e-002
3.838775e+003;7.357576e-002
3.839257e+003;7.351600e-002
3.839739e+003;7.340079e-002
3.840221e+003;7.326813e-002
3.840703e+003;7.314902e-002
3.841186e+003;7.306471e-002
3.841668e+003;7.302069e-002
3.842150e+003;7.301284e-002
3.842632e+003;7.302997e-002
3.843114e+003;7.306188e-002
3.843596e+003;7.309833e-002
3.844078e+003;7.313251e-002
3.844561e+003;7.315646e-002
3.845043e+003;7.316259e-002
3.845525e+003;7.314339e-002
3.846007e+003;7.309224e-002
3.846489e+003;7.300568e-002
3.846971e+003;7.288314e-002
3.847453e+003;7.272543e-002
3.847936e+003;7.253400e-002
3.848417e+003;7.231206e-002
3.848900e+003;7.206838e-002
3.849382e+003;7.182202e-002
3.849864e+003;7.160492e-002
3.850346e+003;7.146303e-002
3.850828e+003;7.144521e-002
3.851310e+003;7.159013e-002
3.851792e+003;7.191043e-002
3.852275e+003;7.237853e-002
3.852757e+003;7.292782e-002
3.853239e+003;7.346594e-002
3.853721e+003;7.389879e-002
3.854203e+003;7.416045e-002
3.854685e+003;7.422806e-002
3.855167e+003;7.412239e-002
3.855650e+003;7.389959e-002
3.856132e+003;7.362375e-002
3.856614e+003;7.335298e-002
3.857096e+003;7.312383e-002
3.857578e+003;7.295112e-002
3.858060e+003;7.283100e-002
3.858542e+003;7.275157e-002
3.859025e+003;7.269897e-002
3.859507e+003;7.266278e-002
3.859989e+003;7.263513e-002
3.860471e+003;7.261081e-002
3.860953e+003;7.258607e-002
3.861435e+003;7.256107e-002
3.861917e+003;7.254180e-002
3.862400e+003;7.253790e-002
3.862882e+003;7.256260e-002
3.863364e+003;7.262123e-002
3.863846e+003;7.270663e-002
3.864328e+003;7.279728e-002
3.864810e+003;7.286011e-002
3.865292e+003;7.286426e-002
3.865774e+003;7.279416e-002
3.866257e+003;7.266197e-002
3.866739e+003;7.250421e-002
3.867221e+003;7.237559e-002
3.867703e+003;7.232600e-002
3.868185e+003;7.238480e-002
3.868667e+003;7.254653e-002
3.869149e+003;7.277296e-002
3.869632e+003;7.300498e-002
3.870114e+003;7.318752e-002
3.870596e+003;7.328625e-002
3.871078e+003;7.330208e-002
3.871560e+003;7.326163e-002
3.872042e+003;7.320683e-002
3.872524e+003;7.317267e-002
3.873007e+003;7.317681e-002
3.873489e+003;7.321179e-002
3.873971e+003;7.325322e-002
3.874453e+003;7.327172e-002
3.874935e+003;7.324623e-002
3.875417e+003;7.317260e-002
3.875899e+003;7.306582e-002
3.876382e+003;7.295084e-002
3.876864e+003;7.285782e-002
3.877346e+003;7.280934e-002
3.877828e+003;7.281665e-002
3.878310e+003;7.287830e-002
3.878792e+003;7.298037e-002
3.879274e+003;7.310072e-002
3.879757e+003;7.321385e-002
3.880239e+003;7.329386e-002
3.880721e+003;7.332069e-002
3.881203e+003;7.328493e-002
3.881685e+003;7.319289e-002
3.882167e+003;7.306401e-002
3.882649e+003;7.293190e-002
3.883131e+003;7.283308e-002
3.883614e+003;7.279859e-002
3.884096e+003;7.284256e-002
3.884578e+003;7.295711e-002
3.885060e+003;7.311121e-002
3.885542e+003;7.326198e-002
3.886024e+003;7.336468e-002
3.886506e+003;7.339045e-002
3.886989e+003;7.333203e-002
3.887471e+003;7.320849e-002
3.887953e+003;7.305654e-002
3.888435e+003;7.292058e-002
3.888917e+003;7.283922e-002
3.889399e+003;7.283627e-002
3.889881e+003;7.291352e-002
3.890364e+003;7.305244e-002
3.890846e+003;7.321914e-002
3.891328e+003;7.337593e-002
3.891810e+003;7.348899e-002
3.892292e+003;7.353728e-002
3.892774e+003;7.351662e-002
3.893256e+003;7.343788e-002
3.893739e+003;7.332101e-002
3.894221e+003;7.319076e-002
3.894703e+003;7.306870e-002
3.895185e+003;7.297128e-002
3.895667e+003;7.290499e-002
3.896149e+003;7.287142e-002
3.896631e+003;7.286736e-002
3.897114e+003;7.288798e-002
3.897595e+003;7.292787e-002
3.898078e+003;7.298180e-002
3.898560e+003;7.304195e-002
3.899042e+003;7.310128e-002
3.899524e+003;7.315119e-002
3.900006e+003;7.318696e-002
3.900488e+003;7.320788e-002
3.900970e+003;7.322327e-002
3.901453e+003;7.324421e-002
3.901935e+003;7.328701e-002
3.902417e+003;7.335939e-002
3.902899e+003;7.346244e-002
3.903381e+003;7.358389e-002
3.903863e+003;7.370213e-002
3.904345e+003;7.379487e-002
3.904828e+003;7.384521e-002
3.905310e+003;7.384662e-002
3.905792e+003;7.380720e-002
3.906274e+003;7.374360e-002
3.906756e+003;7.367738e-002
3.907238e+003;7.362307e-002
3.907720e+003;7.359118e-002
3.908203e+003;7.358146e-002
3.908685e+003;7.358852e-002
3.909167e+003;7.360435e-002
3.909649e+003;7.362398e-002
3.910131e+003;7.364389e-002
3.910613e+003;7.366177e-002
3.911095e+003;7.367626e-002
3.911578e+003;7.368250e-002
3.912060e+003;7.367778e-002
3.912542e+003;7.366072e-002
3.913024e+003;7.363527e-002
3.913506e+003;7.361252e-002
3.913988e+003;7.360752e-002
3.914470e+003;7.363433e-002
3.914952e+003;7.370164e-002
3.915435e+003;7.380678e-002
3.915917e+003;7.393457e-002
3.916399e+003;7.406417e-002
3.916881e+003;7.417143e-002
3.917363e+003;7.423873e-002
3.917845e+003;7.425722e-002
3.918327e+003;7.423002e-002
3.918810e+003;7.416902e-002
3.919292e+003;7.408917e-002
3.919774e+003;7.400659e-002
3.920256e+003;7.393375e-002
3.920738e+003;7.387948e-002
3.921220e+003;7.385016e-002
3.921702e+003;7.384839e-002
3.922185e+003;7.387538e-002
3.922667e+003;7.392763e-002
3.923149e+003;7.399917e-002
3.923631e+003;7.407995e-002
3.924113e+003;7.415777e-002
3.924595e+003;7.422026e-002
3.925077e+003;7.425859e-002
3.925560e+003;7.426839e-002
3.926042e+003;7.425168e-002
3.926524e+003;7.421433e-002
3.927006e+003;7.416609e-002
3.927488e+003;7.411526e-002
3.927970e+003;7.407189e-002
3.928452e+003;7.404346e-002
3.928935e+003;7.403570e-002
3.929417e+003;7.405226e-002
3.929899e+003;7.409561e-002
3.930381e+003;7.416304e-002
3.930863e+003;7.424859e-002
3.931345e+003;7.434110e-002
3.931827e+003;7.442928e-002
3.932309e+003;7.450020e-002
3.932792e+003;7.454636e-002
3.933274e+003;7.456448e-002
3.933756e+003;7.455852e-002
3.934238e+003;7.453565e-002
3.934720e+003;7.450488e-002
3.935202e+003;7.447302e-002
3.935684e+003;7.444250e-002
3.936167e+003;7.441307e-002
3.936649e+003;7.438118e-002
3.937131e+003;7.434274e-002
3.937613e+003;7.429679e-002
3.938095e+003;7.424552e-002
3.938577e+003;7.419546e-002
3.939059e+003;7.415574e-002
3.939542e+003;7.413565e-002
3.940024e+003;7.414268e-002
3.940506e+003;7.418038e-002
3.940988e+003;7.424578e-002
3.941470e+003;7.433315e-002
3.941952e+003;7.442982e-002
3.942434e+003;7.452256e-002
3.942917e+003;7.459895e-002
3.943399e+003;7.465065e-002
3.943881e+003;7.467466e-002
3.944363e+003;7.467368e-002
3.944845e+003;7.465673e-002
3.945327e+003;7.463418e-002
3.945809e+003;7.461585e-002
3.946292e+003;7.460790e-002
3.946773e+003;7.461114e-002
3.947256e+003;7.462312e-002
3.947738e+003;7.463866e-002
3.948220e+003;7.465365e-002
3.948702e+003;7.466741e-002
3.949184e+003;7.468349e-002
3.949666e+003;7.470724e-002
3.950148e+003;7.474275e-002
3.950631e+003;7.479235e-002
3.951113e+003;7.485043e-002
3.951595e+003;7.490743e-002
3.952077e+003;7.495064e-002
3.952559e+003;7.496758e-002
3.953041e+003;7.495236e-002
3.953523e+003;7.490499e-002
3.954006e+003;7.483611e-002
3.954488e+003;7.475888e-002
3.954970e+003;7.468972e-002
3.955452e+003;7.464118e-002
3.955934e+003;7.462057e-002
3.956416e+003;7.462612e-002
3.956898e+003;7.465164e-002
3.957381e+003;7.468688e-002
3.957863e+003;7.472339e-002
3.958345e+003;7.475495e-002
3.958827e+003;7.478077e-002
3.959309e+003;7.480180e-002
3.959791e+003;7.482337e-002
3.960273e+003;7.484839e-002
3.960755e+003;7.488080e-002
3.961238e+003;7.492022e-002
3.961720e+003;7.496690e-002
3.962202e+003;7.501771e-002
3.962684e+003;7.507156e-002
3.963166e+003;7.512362e-002
3.963648e+003;7.517090e-002
3.964130e+003;7.520749e-002
3.964613e+003;7.522994e-002
3.965095e+003;7.523443e-002
3.965577e+003;7.522038e-002
3.966059e+003;7.519027e-002
3.966541e+003;7.515245e-002
3.967023e+003;7.511242e-002
3.967505e+003;7.508077e-002
3.967988e+003;7.506038e-002
3.968470e+003;7.505178e-002
3.968952e+003;7.504950e-002
3.969434e+003;7.504625e-002
3.969916e+003;7.503530e-002
3.970398e+003;7.501296e-002
3.970880e+003;7.498138e-002
3.971363e+003;7.494925e-002
3.971845e+003;7.492634e-002
3.972327e+003;7.492388e-002
3.972809e+003;7.494658e-002
3.973291e+003;7.499474e-002
3.973773e+003;7.506076e-002
3.974255e+003;7.513355e-002
3.974738e+003;7.520030e-002
3.975219e+003;7.525015e-002
3.975702e+003;7.527579e-002
3.976184e+003;7.527570e-002
3.976666e+003;7.525248e-002
3.977148e+003;7.521081e-002
3.977630e+003;7.515523e-002
3.978112e+003;7.509248e-002
3.978594e+003;7.502723e-002
3.979077e+003;7.496403e-002
3.979559e+003;7.490730e-002
3.980041e+003;7.486349e-002
3.980523e+003;7.483592e-002
3.981005e+003;7.482846e-002
3.981487e+003;7.484179e-002
3.981969e+003;7.487606e-002
3.982452e+003;7.492675e-002
3.982934e+003;7.498956e-002
3.983416e+003;7.505750e-002
3.983898e+003;7.512587e-002
3.984380e+003;7.518803e-002
3.984862e+003;7.524002e-002
3.985344e+003;7.527836e-002
3.985827e+003;7.529989e-002
3.986309e+003;7.530335e-002
3.986791e+003;7.528927e-002
3.987273e+003;7.525933e-002
3.987755e+003;7.521709e-002
3.988237e+003;7.516795e-002
3.988719e+003;7.511837e-002
3.989202e+003;7.507403e-002
3.989684e+003;7.504003e-002
3.990166e+003;7.502080e-002
3.990648e+003;7.502006e-002
3.991130e+003;7.503866e-002
3.991612e+003;7.507879e-002
3.992094e+003;7.514022e-002
3.992576e+003;7.522320e-002
3.993059e+003;7.532334e-002
3.993541e+003;7.543429e-002
3.994023e+003;7.554541e-002
3.994505e+003;7.564618e-002
3.994987e+003;7.572321e-002
3.995469e+003;7.576858e-002
3.995951e+003;7.577855e-002
3.996434e+003;7.575561e-002
3.996916e+003;7.570761e-002
3.997398e+003;7.564563e-002
3.997880e+003;7.558004e-002
3.998362e+003;7.551859e-002
3.998844e+003;7.546209e-002
3.999326e+003;7.540836e-002
3.999809e+003;7.534977e-002
4.000291e+003;0.000000e+000
