3.996916e+002;0.000000e+000
4.001737e+002;2.196146e-001
4.006559e+002;2.196130e-001
4.011380e+002;2.198414e-001
4.016201e+002;2.197906e-001
4.021023e+002;2.188638e-001
4.025844e+002;2.167883e-001
4.030666e+002;2.138133e-001
4.035487e+002;2.106325e-001
4.040308e+002;2.080383e-001
4.045130e+002;2.065834e-001
4.049951e+002;2.064099e-001
4.054772e+002;2.072674e-001
4.059594e+002;2.086692e-001
4.064415e+002;2.101396e-001
4.069236e+002;2.114142e-001
4.074058e+002;2.125036e-001
4.078879e+002;2.135864e-001
4.083701e+002;2.148016e-001
4.088522e+002;2.161078e-001
4.093343e+002;2.172480e-001
4.098165e+002;2.178764e-001
4.102986e+002;2.177618e-001
4.107807e+002;2.169176e-001
4.112629e+002;2.156107e-001
4.117450e+002;2.141979e-001
4.122271e+002;2.129415e-001
4.127093e+002;2.119117e-001
4.131914e+002;2.110096e-001
4.136736e+002;2.100832e-001
4.141557e+002;2.090761e-001
4.146378e+002;2.080946e-001
4.151200e+002;2.073880e-001
4.156021e+002;2.072251e-001
4.160843e+002;2.077563e-001
4.165664e+002;2.089244e-001
4.170485e+002;2.104603e-001
4.175307e+002;2.119783e-001
4.180128e+002;2.131290e-001
4.184949e+002;2.137357e-001
4.189771e+002;2.138413e-001
4.194592e+002;2.136472e-001
4.199413e+002;2.133755e-001
4.204235e+002;2.131697e-001
4.209056e+002;2.130580e-001
4.213878e+002;2.129906e-001
4.218699e+002;2.129207e-001
4.223520e+002;2.128590e-001
4.228342e+002;2.128848e-001
4.233163e+002;2.130970e-001
4.237984e+002;2.135540e-001
4.242806e+002;2.142311e-001
4.247627e+002;2.150246e-001
4.252448e+002;2.158020e-001
4.257270e+002;2.164676e-001
4.262091e+002;2.170033e-001
4.266913e+002;2.174661e-001
4.271734e+002;2.179348e-001
4.276555e+002;2.184504e-001
4.281377e+002;2.189834e-001
4.286198e+002;2.194507e-001
4.291020e+002;2.197695e-001
4.295841e+002;2.199243e-001
4.300662e+002;2.199859e-001
4.305484e+002;2.200898e-001
4.310305e+002;2.203606e-001
4.315126e+002;2.208405e-001
4.319948e+002;2.214561e-001
4.324769e+002;2.220427e-001
4.329590e+002;2.224184e-001
4.334412e+002;2.224821e-001
4.339233e+002;2.222693e-001
4.344055e+002;2.219481e-001
4.348876e+002;2.217531e-001
4.353697e+002;2.218859e-001
4.358519e+002;2.224422e-001
4.363340e+002;2.233897e-001
4.368161e+002;2.245981e-001
4.372983e+002;2.259063e-001
4.377804e+002;2.271833e-001
4.382625e+002;2.283616e-001
4.387447e+002;2.294201e-001
4.392268e+002;2.303379e-001
4.397090e+002;2.310585e-001
4.401911e+002;2.314810e-001
4.406732e+002;2.315020e-001
4.411554e+002;2.310773e-001
4.416375e+002;2.302670e-001
4.421196e+002;2.292408e-001
4.426018e+002;2.282273e-001
4.430839e+002;2.274377e-001
4.435660e+002;2.269965e-001
4.440482e+002;2.269127e-001
4.445303e+002;2.270893e-001
4.450125e+002;2.273770e-001
4.454946e+002;2.276309e-001
4.459767e+002;2.277587e-001
4.464589e+002;2.277374e-001
4.469410e+002;2.275950e-001
4.474232e+002;2.273862e-001
4.479053e+002;2.271693e-001
4.483874e+002;2.269974e-001
4.488696e+002;2.269256e-001
4.493517e+002;2.270090e-001
4.498338e+002;2.272967e-001
4.503160e+002;2.278082e-001
4.507981e+002;2.285119e-001
4.512802e+002;2.293176e-001
4.517624e+002;2.300903e-001
4.522445e+002;2.306933e-001
4.527267e+002;2.310380e-001
4.532088e+002;2.311188e-001
4.536909e+002;2.310130e-001
4.541731e+002;2.308456e-001
4.546552e+002;2.307341e-001
4.551373e+002;2.307464e-001
4.556195e+002;2.308854e-001
4.561016e+002;2.311070e-001
4.565837e+002;2.313569e-001
4.570659e+002;2.316031e-001
4.575480e+002;2.318504e-001
4.580302e+002;2.321277e-001
4.585123e+002;2.324564e-001
4.589944e+002;2.328250e-001
4.594766e+002;2.331819e-001
4.599587e+002;2.334547e-001
4.604409e+002;2.335874e-001
4.609230e+002;2.335690e-001
4.614051e+002;2.334440e-001
4.618873e+002;2.332965e-001
4.623694e+002;2.332145e-001
4.628515e+002;2.332582e-001
4.633337e+002;2.334441e-001
4.638158e+002;2.337507e-001
4.642979e+002;2.341418e-001
4.647801e+002;2.345854e-001
4.652622e+002;2.350623e-001
4.657444e+002;2.355576e-001
4.662265e+002;2.360455e-001
4.667086e+002;2.364809e-001
4.671908e+002;2.368078e-001
4.676729e+002;2.369848e-001
4.681550e+002;2.370155e-001
4.686372e+002;2.369578e-001
4.691193e+002;2.369133e-001
4.696014e+002;2.369869e-001
4.700836e+002;2.372399e-001
4.705657e+002;2.376628e-001
4.710479e+002;2.381697e-001
4.715300e+002;2.386322e-001
4.720121e+002;2.389287e-001
4.724943e+002;2.389904e-001
4.729764e+002;2.388259e-001
4.734586e+002;2.385105e-001
4.739407e+002;2.381522e-001
4.744228e+002;2.378529e-001
4.749050e+002;2.376845e-001
4.753871e+002;2.376827e-001
4.758692e+002;2.378576e-001
4.763514e+002;2.382038e-001
4.768335e+002;2.387067e-001
4.773156e+002;2.393353e-001
4.777978e+002;2.400339e-001
4.782799e+002;2.407214e-001
4.787621e+002;2.413062e-001
4.792442e+002;2.417140e-001
4.797263e+002;2.419214e-001
4.802085e+002;2.419671e-001
4.806906e+002;2.419455e-001
4.811727e+002;2.419695e-001
4.816549e+002;2.421294e-001
4.821370e+002;2.424627e-001
4.826191e+002;2.429462e-001
4.831013e+002;2.435179e-001
4.835834e+002;2.441119e-001
4.840656e+002;2.446889e-001
4.845477e+002;2.452507e-001
4.850298e+002;2.458275e-001
4.855120e+002;2.464494e-001
4.859941e+002;2.471208e-001
4.864763e+002;2.478082e-001
4.869584e+002;2.484494e-001
4.874405e+002;2.489801e-001
4.879227e+002;2.493589e-001
4.884048e+002;2.495824e-001
4.888869e+002;2.496809e-001
4.893691e+002;2.496999e-001
4.898512e+002;2.496808e-001
4.903333e+002;2.496477e-001
4.908155e+002;2.496117e-001
4.912976e+002;2.495800e-001
4.917798e+002;2.495639e-001
4.922619e+002;2.495800e-001
4.927440e+002;2.496424e-001
4.932262e+002;2.497470e-001
4.937083e+002;2.498697e-001
4.941904e+002;2.499703e-001
4.946726e+002;2.500122e-001
4.951547e+002;2.499858e-001
4.956368e+002;2.499179e-001
4.961190e+002;2.498667e-001
4.966011e+002;2.499017e-001
4.970833e+002;2.500737e-001
4.975654e+002;2.503950e-001
4.980475e+002;2.508357e-001
4.985297e+002;2.513376e-001
4.990118e+002;2.518393e-001
4.994940e+002;2.522959e-001
4.999761e+002;2.526905e-001
5.004582e+002;2.530276e-001
5.009404e+002;2.533163e-001
5.014225e+002;2.535615e-001
5.019046e+002;2.537578e-001
5.023868e+002;2.539011e-001
5.028689e+002;2.540015e-001
5.033510e+002;2.540908e-001
5.038332e+002;2.542184e-001
5.043153e+002;2.544354e-001
5.047975e+002;2.547746e-001
5.052796e+002;2.552365e-001
5.057617e+002;2.557898e-001
5.062439e+002;2.563837e-001
5.067260e+002;2.569672e-001
5.072081e+002;2.575026e-001
5.076903e+002;2.579688e-001
5.081724e+002;2.583559e-001
5.086545e+002;2.586526e-001
5.091367e+002;2.588433e-001
5.096188e+002;2.589144e-001
5.101010e+002;2.588673e-001
5.105831e+002;2.587320e-001
5.110652e+002;2.585665e-001
5.115474e+002;2.584423e-001
5.120295e+002;2.584198e-001
5.125117e+002;2.585234e-001
5.129938e+002;2.587340e-001
5.134760e+002;2.589990e-001
5.139581e+002;2.592562e-001
5.144402e+002;2.594647e-001
5.149224e+002;2.596188e-001
5.154045e+002;2.597478e-001
5.158866e+002;2.598943e-001
5.163688e+002;2.600892e-001
5.168509e+002;2.603356e-001
5.173330e+002;2.606080e-001
5.178152e+002;2.608702e-001
5.182973e+002;2.610979e-001
5.187794e+002;2.612936e-001
5.192616e+002;2.614850e-001
5.197437e+002;2.617079e-001
5.202258e+002;2.619833e-001
5.207080e+002;2.623010e-001
5.211901e+002;2.626218e-001
5.216722e+002;2.628959e-001
5.221544e+002;2.630876e-001
5.226365e+002;2.631947e-001
5.231187e+002;2.632495e-001
5.236008e+002;2.633027e-001
5.240829e+002;2.633988e-001
5.245651e+002;2.635565e-001
5.250472e+002;2.637620e-001
5.255294e+002;2.639793e-001
5.260115e+002;2.641709e-001
5.264937e+002;2.643151e-001
5.269758e+002;2.644135e-001
5.274579e+002;2.644861e-001
5.279401e+002;2.645552e-001
5.284222e+002;2.646343e-001
5.289043e+002;2.647244e-001
5.293865e+002;2.648200e-001
5.298686e+002;2.649206e-001
5.303507e+002;2.650377e-001
5.308329e+002;2.651922e-001
5.313150e+002;2.654022e-001
5.317971e+002;2.656685e-001
5.322793e+002;2.659687e-001
5.327614e+002;2.662604e-001
5.332435e+002;2.664995e-001
5.337257e+002;2.666601e-001
5.342078e+002;2.667464e-001
5.346899e+002;2.667911e-001
5.351721e+002;2.668398e-001
5.356542e+002;2.669292e-001
5.361364e+002;2.670706e-001
5.366185e+002;2.672485e-001
5.371006e+002;2.674306e-001
5.375828e+002;2.675885e-001
5.380649e+002;2.677118e-001
5.385471e+002;2.678126e-001
5.390292e+002;2.679157e-001
5.395114e+002;2.680428e-001
5.399935e+002;2.681993e-001
5.404756e+002;2.683700e-001
5.409578e+002;2.685291e-001
5.414399e+002;2.686559e-001
5.419220e+002;2.687465e-001
5.424042e+002;2.688184e-001
5.428863e+002;2.689004e-001
5.433684e+002;2.690190e-001
5.438506e+002;2.691846e-001
5.443327e+002;2.693889e-001
5.448148e+002;2.696096e-001
5.452970e+002;2.698244e-001
5.457791e+002;2.700197e-001
5.462612e+002;2.701944e-001
5.467434e+002;2.703525e-001
5.472255e+002;2.704951e-001
5.477076e+002;2.706133e-001
5.481898e+002;2.706912e-001
5.486719e+002;2.707147e-001
5.491541e+002;2.706853e-001
5.496362e+002;2.706229e-001
5.501183e+002;2.705639e-001
5.506005e+002;2.705445e-001
5.510826e+002;2.705846e-001
5.515648e+002;2.706783e-001
5.520469e+002;2.707961e-001
5.525291e+002;2.708982e-001
5.530112e+002;2.709557e-001
5.534933e+002;2.709617e-001
5.539755e+002;2.709358e-001
5.544576e+002;2.709112e-001
5.549397e+002;2.709194e-001
5.554219e+002;2.709755e-001
5.559040e+002;2.710740e-001
5.563861e+002;2.711971e-001
5.568683e+002;2.713268e-001
5.573504e+002;2.714553e-001
5.578325e+002;2.715866e-001
5.583147e+002;2.717296e-001
5.587968e+002;2.718857e-001
5.592789e+002;2.720414e-001
5.597611e+002;2.721711e-001
5.602432e+002;2.722468e-001
5.607253e+002;2.722565e-001
5.612075e+002;2.722107e-001
5.616896e+002;2.721418e-001
5.621718e+002;2.720902e-001
5.626539e+002;2.720834e-001
5.631360e+002;2.721241e-001
5.636182e+002;2.721865e-001
5.641003e+002;2.722307e-001
5.645825e+002;2.722224e-001
5.650646e+002;2.721501e-001
5.655468e+002;2.720325e-001
5.660289e+002;2.719097e-001
5.665110e+002;2.718252e-001
5.669932e+002;2.718078e-001
5.674753e+002;2.718612e-001
5.679574e+002;2.719658e-001
5.684396e+002;2.720924e-001
5.689217e+002;2.722158e-001
5.694038e+002;2.723238e-001
5.698860e+002;2.724194e-001
5.703681e+002;2.725116e-001
5.708502e+002;2.726069e-001
5.713324e+002;2.727047e-001
5.718145e+002;2.727970e-001
5.722966e+002;2.728775e-001
5.727787e+002;2.729447e-001
5.732609e+002;2.730051e-001
5.737430e+002;2.730669e-001
5.742252e+002;2.731304e-001
5.747073e+002;2.731840e-001
5.751895e+002;2.732037e-001
5.756716e+002;2.731638e-001
5.761537e+002;2.730501e-001
5.766359e+002;2.728703e-001
5.771180e+002;2.726554e-001
5.776002e+002;2.724491e-001
5.780823e+002;2.722939e-001
5.785644e+002;2.722146e-001
5.790466e+002;2.722129e-001
5.795287e+002;2.722703e-001
5.800108e+002;2.723596e-001
5.804930e+002;2.724576e-001
5.809751e+002;2.725522e-001
5.814572e+002;2.726428e-001
5.819394e+002;2.727329e-001
5.824215e+002;2.728232e-001
5.829036e+002;2.729071e-001
5.833858e+002;2.729726e-001
5.838679e+002;2.730100e-001
5.843500e+002;2.730165e-001
5.848322e+002;2.729987e-001
5.853143e+002;2.729684e-001
5.857964e+002;2.729349e-001
5.862786e+002;2.728991e-001
5.867607e+002;2.728528e-001
5.872429e+002;2.727843e-001
5.877250e+002;2.726867e-001
5.882072e+002;2.725653e-001
5.886893e+002;2.724371e-001
5.891714e+002;2.723235e-001
5.896536e+002;2.722411e-001
5.901357e+002;2.721927e-001
5.906179e+002;2.721663e-001
5.911000e+002;2.721410e-001
5.915821e+002;2.720986e-001
5.920643e+002;2.720318e-001
5.925464e+002;2.719470e-001
5.930285e+002;2.718601e-001
5.935107e+002;2.717861e-001
5.939928e+002;2.717309e-001
5.944749e+002;2.716887e-001
5.949571e+002;2.716450e-001
5.954392e+002;2.715868e-001
5.959213e+002;2.715083e-001
5.964035e+002;2.714155e-001
5.968856e+002;2.713202e-001
5.973677e+002;2.712328e-001
5.978499e+002;2.711561e-001
5.983320e+002;2.710823e-001
5.988141e+002;2.709988e-001
5.992963e+002;2.708970e-001
5.997784e+002;2.707782e-001
6.002606e+002;2.706565e-001
6.007427e+002;2.705507e-001
6.012249e+002;2.704781e-001
6.017070e+002;2.704434e-001
6.021891e+002;2.704387e-001
6.026713e+002;2.704470e-001
6.031534e+002;2.704516e-001
6.036356e+002;2.704441e-001
6.041177e+002;2.704274e-001
6.045998e+002;2.704109e-001
6.050820e+002;2.704030e-001
6.055641e+002;2.704038e-001
6.060462e+002;2.704037e-001
6.065284e+002;2.703870e-001
6.070105e+002;2.703425e-001
6.074926e+002;2.702694e-001
6.079748e+002;2.701801e-001
6.084569e+002;2.700946e-001
6.089390e+002;2.700309e-001
6.094212e+002;2.699969e-001
6.099033e+002;2.699852e-001
6.103854e+002;2.699779e-001
6.108676e+002;2.699546e-001
6.113497e+002;2.699013e-001
6.118318e+002;2.698162e-001
6.123140e+002;2.697062e-001
6.127961e+002;2.695827e-001
6.132783e+002;2.694536e-001
6.137604e+002;2.693206e-001
6.142426e+002;2.691802e-001
6.147247e+002;2.690312e-001
6.152068e+002;2.688772e-001
6.156890e+002;2.687296e-001
6.161711e+002;2.686025e-001
6.166533e+002;2.685051e-001
6.171354e+002;2.684369e-001
6.176175e+002;2.683860e-001
6.180997e+002;2.683332e-001
6.185818e+002;2.682626e-001
6.190639e+002;2.681677e-001
6.195461e+002;2.680549e-001
6.200282e+002;2.679397e-001
6.205103e+002;2.678388e-001
6.209925e+002;2.677616e-001
6.214746e+002;2.677068e-001
6.219567e+002;2.676649e-001
6.224388e+002;2.676249e-001
6.229210e+002;2.675807e-001
6.234031e+002;2.675354e-001
6.238853e+002;2.674979e-001
6.243674e+002;2.674762e-001
6.248495e+002;2.674711e-001
6.253317e+002;2.674733e-001
6.258138e+002;2.674649e-001
6.262960e+002;2.674284e-001
6.267781e+002;2.673528e-001
6.272603e+002;2.672386e-001
6.277424e+002;2.670958e-001
6.282245e+002;2.669390e-001
6.287067e+002;2.667795e-001
6.291888e+002;2.666225e-001
6.296709e+002;2.664660e-001
6.301531e+002;2.663076e-001
6.306352e+002;2.661477e-001
6.311173e+002;2.659930e-001
6.315995e+002;2.658548e-001
6.320816e+002;2.657430e-001
6.325637e+002;2.656615e-001
6.330459e+002;2.656046e-001
6.335280e+002;2.655583e-001
6.340101e+002;2.655064e-001
6.344923e+002;2.654359e-001
6.349744e+002;2.653417e-001
6.354565e+002;2.652260e-001
6.359387e+002;2.650951e-001
6.364208e+002;2.649548e-001
6.369030e+002;2.648073e-001
6.373851e+002;2.646512e-001
6.378672e+002;2.644840e-001
6.383494e+002;2.643060e-001
6.388315e+002;2.641211e-001
6.393137e+002;2.639365e-001
6.397958e+002;2.637592e-001
6.402780e+002;2.635931e-001
6.407601e+002;2.634383e-001
6.412422e+002;2.632910e-001
6.417244e+002;2.631483e-001
6.422065e+002;2.630093e-001
6.426886e+002;2.628756e-001
6.431708e+002;2.627500e-001
6.436529e+002;2.626325e-001
6.441350e+002;2.625187e-001
6.446172e+002;2.623998e-001
6.450993e+002;2.622658e-001
6.455814e+002;2.621103e-001
6.460636e+002;2.619330e-001
6.465457e+002;2.617414e-001
6.470278e+002;2.615451e-001
6.475100e+002;2.613534e-001
6.479921e+002;2.611701e-001
6.484742e+002;2.609928e-001
6.489564e+002;2.608157e-001
6.494385e+002;2.606340e-001
6.499207e+002;2.604480e-001
6.504028e+002;2.602633e-001
6.508849e+002;2.600889e-001
6.513671e+002;2.599327e-001
6.518492e+002;2.597975e-001
6.523314e+002;2.596805e-001
6.528135e+002;2.595740e-001
6.532957e+002;2.594699e-001
6.537778e+002;2.593628e-001
6.542599e+002;2.592509e-001
6.547421e+002;2.591342e-001
6.552242e+002;2.590121e-001
6.557063e+002;2.588819e-001
6.561885e+002;2.587376e-001
6.566706e+002;2.585742e-001
6.571527e+002;2.583912e-001
6.576349e+002;2.581933e-001
6.581170e+002;2.579912e-001
6.585991e+002;2.577958e-001
6.590813e+002;2.576146e-001
6.595634e+002;2.574475e-001
6.600455e+002;2.572870e-001
6.605277e+002;2.571223e-001
6.610098e+002;2.569445e-001
6.614919e+002;2.567508e-001
6.619741e+002;2.565456e-001
6.624562e+002;2.563372e-001
6.629384e+002;2.561344e-001
6.634205e+002;2.559412e-001
6.639026e+002;2.557569e-001
6.643848e+002;2.555766e-001
6.648669e+002;2.553969e-001
6.653491e+002;2.552178e-001
6.658312e+002;2.550438e-001
6.663134e+002;2.548815e-001
6.667955e+002;2.547347e-001
6.672776e+002;2.546022e-001
6.677598e+002;2.544762e-001
6.682419e+002;2.543450e-001
6.687240e+002;2.541977e-001
6.692062e+002;2.540282e-001
6.696883e+002;2.538374e-001
6.701704e+002;2.536297e-001
6.706526e+002;2.534114e-001
6.711347e+002;2.531862e-001
6.716168e+002;2.529550e-001
6.720990e+002;2.527178e-001
6.725811e+002;2.524760e-001
6.730632e+002;2.522350e-001
6.735454e+002;2.520032e-001
6.740275e+002;2.517905e-001
6.745096e+002;2.516027e-001
6.749918e+002;2.514398e-001
6.754739e+002;2.512957e-001
6.759561e+002;2.511588e-001
6.764382e+002;2.510192e-001
6.769203e+002;2.508693e-001
6.774025e+002;2.507074e-001
6.778846e+002;2.505345e-001
6.783668e+002;2.503529e-001
6.788489e+002;2.501632e-001
6.793311e+002;2.499630e-001
6.798132e+002;2.497500e-001
6.802953e+002;2.495238e-001
6.807775e+002;2.492866e-001
6.812596e+002;2.490441e-001
6.817417e+002;2.488021e-001
6.822239e+002;2.485637e-001
6.827060e+002;2.483274e-001
6.831881e+002;2.480881e-001
6.836703e+002;2.478397e-001
6.841524e+002;2.475786e-001
6.846345e+002;2.473072e-001
6.851167e+002;2.470330e-001
6.855988e+002;2.467653e-001
6.860809e+002;2.465125e-001
6.865631e+002;2.462780e-001
6.870452e+002;2.460598e-001
6.875273e+002;2.458529e-001
6.880095e+002;2.456529e-001
6.884916e+002;2.454571e-001
6.889738e+002;2.452668e-001
6.894559e+002;2.450837e-001
6.899380e+002;2.449078e-001
6.904202e+002;2.447355e-001
6.909023e+002;2.445601e-001
6.913845e+002;2.443730e-001
6.918666e+002;2.441688e-001
6.923488e+002;2.439463e-001
6.928309e+002;2.437093e-001
6.933130e+002;2.434628e-001
6.937952e+002;2.432118e-001
6.942773e+002;2.429582e-001
6.947594e+002;2.427007e-001
6.952416e+002;2.424381e-001
6.957237e+002;2.421709e-001
6.962058e+002;2.419034e-001
6.966880e+002;2.416427e-001
6.971701e+002;2.413951e-001
6.976522e+002;2.411625e-001
6.981344e+002;2.409413e-001
6.986165e+002;2.407227e-001
6.990986e+002;2.404960e-001
6.995808e+002;2.402542e-001
7.000629e+002;2.399959e-001
7.005450e+002;2.397260e-001
7.010272e+002;2.394530e-001
7.015093e+002;2.391838e-001
7.019915e+002;2.389221e-001
7.024736e+002;2.386662e-001
7.029557e+002;2.384122e-001
7.034379e+002;2.381569e-001
7.039200e+002;2.379003e-001
7.044022e+002;2.376455e-001
7.048843e+002;2.373969e-001
7.053665e+002;2.371563e-001
7.058486e+002;2.369211e-001
7.063307e+002;2.366845e-001
7.068129e+002;2.364385e-001
7.072950e+002;2.361775e-001
7.077771e+002;2.359020e-001
7.082593e+002;2.356180e-001
7.087414e+002;2.353348e-001
7.092235e+002;2.350606e-001
7.097057e+002;2.347986e-001
7.101878e+002;2.345461e-001
7.106699e+002;2.342961e-001
7.111521e+002;2.340412e-001
7.116342e+002;2.337757e-001
7.121163e+002;2.334989e-001
7.125985e+002;2.332137e-001
7.130806e+002;2.329231e-001
7.135627e+002;2.326303e-001
7.140449e+002;2.323355e-001
7.145270e+002;2.320378e-001
7.150092e+002;2.317369e-001
7.154913e+002;2.314342e-001
7.159734e+002;2.311334e-001
7.164556e+002;2.308378e-001
7.169377e+002;2.305500e-001
7.174199e+002;2.302689e-001
7.179020e+002;2.299909e-001
7.183842e+002;2.297123e-001
7.188663e+002;2.294300e-001
7.193484e+002;2.291449e-001
7.198306e+002;2.288596e-001
7.203127e+002;2.285770e-001
7.207948e+002;2.282977e-001
7.212770e+002;2.280189e-001
7.217591e+002;2.277357e-001
7.222412e+002;2.274435e-001
7.227234e+002;2.271425e-001
7.232055e+002;2.268378e-001
7.236876e+002;2.265386e-001
7.241698e+002;2.262546e-001
7.246519e+002;2.259908e-001
7.251340e+002;2.257453e-001
7.256162e+002;2.255090e-001
7.260983e+002;2.252697e-001
7.265804e+002;2.250159e-001
7.270626e+002;2.247419e-001
7.275447e+002;2.244489e-001
7.280269e+002;2.241424e-001
7.285090e+002;2.238302e-001
7.289911e+002;2.235174e-001
7.294733e+002;2.232050e-001
7.299554e+002;2.228912e-001
7.304376e+002;2.225727e-001
7.309197e+002;2.222477e-001
7.314019e+002;2.219165e-001
7.318840e+002;2.215816e-001
7.323661e+002;2.212452e-001
7.328483e+002;2.209081e-001
7.333304e+002;2.205698e-001
7.338125e+002;2.202293e-001
7.342947e+002;2.198878e-001
7.347768e+002;2.195484e-001
7.352589e+002;2.192173e-001
7.357411e+002;2.189000e-001
7.362232e+002;2.185994e-001
7.367053e+002;2.183144e-001
7.371875e+002;2.180392e-001
7.376696e+002;2.177664e-001
7.381517e+002;2.174901e-001
7.386339e+002;2.172069e-001
7.391160e+002;2.169174e-001
7.395981e+002;2.166233e-001
7.400803e+002;2.163258e-001
7.405624e+002;2.160236e-001
7.410446e+002;2.157129e-001
7.415267e+002;2.153909e-001
7.420089e+002;2.150573e-001
7.424910e+002;2.147161e-001
7.429731e+002;2.143749e-001
7.434553e+002;2.140416e-001
7.439374e+002;2.137207e-001
7.444196e+002;2.134113e-001
7.449017e+002;2.131071e-001
7.453838e+002;2.127990e-001
7.458660e+002;2.124807e-001
7.463481e+002;2.121499e-001
7.468302e+002;2.118109e-001
7.473124e+002;2.114723e-001
7.477945e+002;2.111416e-001
7.482766e+002;2.108234e-001
7.487588e+002;2.105167e-001
7.492409e+002;2.102160e-001
7.497230e+002;2.099145e-001
7.502052e+002;2.096068e-001
7.506873e+002;2.092918e-001
7.511694e+002;2.089710e-001
7.516516e+002;2.086481e-001
7.521337e+002;2.083258e-001
7.526158e+002;2.080054e-001
7.530980e+002;2.076864e-001
7.535801e+002;2.073683e-001
7.540623e+002;2.070516e-001
7.545444e+002;2.067375e-001
7.550266e+002;2.064272e-001
7.555087e+002;2.061198e-001
7.559908e+002;2.058113e-001
7.564730e+002;2.054956e-001
7.569551e+002;2.051662e-001
7.574373e+002;2.048201e-001
7.579194e+002;2.044594e-001
7.584015e+002;2.040910e-001
7.588837e+002;2.037252e-001
7.593658e+002;2.033712e-001
7.598479e+002;2.030337e-001
7.603301e+002;2.027121e-001
7.608122e+002;2.024003e-001
7.612943e+002;2.020907e-001
7.617765e+002;2.017767e-001
7.622586e+002;2.014552e-001
7.627407e+002;2.011271e-001
7.632229e+002;2.007954e-001
7.637050e+002;2.004639e-001
7.641871e+002;2.001353e-001
7.646693e+002;1.998107e-001
7.651514e+002;1.994900e-001
7.656335e+002;1.991729e-001
7.661157e+002;1.988584e-001
7.665978e+002;1.985453e-001
7.670800e+002;1.982307e-001
7.675621e+002;1.979107e-001
7.680443e+002;1.975816e-001
7.685264e+002;1.972408e-001
7.690085e+002;1.968897e-001
7.694907e+002;1.965326e-001
7.699728e+002;1.961768e-001
7.704550e+002;1.958290e-001
7.709371e+002;1.954918e-001
7.714192e+002;1.951642e-001
7.719014e+002;1.948391e-001
7.723835e+002;1.945088e-001
7.728656e+002;1.941677e-001
7.733478e+002;1.938143e-001
7.738299e+002;1.934524e-001
7.743120e+002;1.930888e-001
7.747942e+002;1.927293e-001
7.752763e+002;1.923759e-001
7.757584e+002;1.920256e-001
7.762406e+002;1.916715e-001
7.767227e+002;1.913054e-001
7.772048e+002;1.909220e-001
7.776870e+002;1.905207e-001
7.781691e+002;1.901060e-001
7.786512e+002;1.896850e-001
7.791334e+002;1.892657e-001
7.796155e+002;1.888544e-001
7.800977e+002;1.884551e-001
7.805798e+002;1.880691e-001
7.810620e+002;1.876967e-001
7.815441e+002;1.873365e-001
7.820262e+002;1.869859e-001
7.825084e+002;1.866400e-001
7.829905e+002;1.862921e-001
7.834727e+002;1.859343e-001
7.839548e+002;1.855602e-001
7.844369e+002;1.851669e-001
7.849191e+002;1.847573e-001
7.854012e+002;1.843396e-001
7.858833e+002;1.839246e-001
7.863655e+002;1.835229e-001
7.868476e+002;1.831410e-001
7.873297e+002;1.827797e-001
7.878119e+002;1.824345e-001
7.882940e+002;1.820977e-001
7.887761e+002;1.817614e-001
7.892583e+002;1.814194e-001
7.897404e+002;1.810682e-001
7.902225e+002;1.807064e-001
7.907047e+002;1.803334e-001
7.911868e+002;1.799491e-001
7.916689e+002;1.795536e-001
7.921511e+002;1.791483e-001
7.926332e+002;1.787365e-001
7.931154e+002;1.783236e-001
7.935975e+002;1.779157e-001
7.940797e+002;1.775169e-001
7.945618e+002;1.771294e-001
7.950439e+002;1.767512e-001
7.955261e+002;1.763776e-001
7.960082e+002;1.760044e-001
7.964904e+002;1.756279e-001
7.969725e+002;1.752484e-001
7.974546e+002;1.748683e-001
7.979368e+002;1.744918e-001
7.984189e+002;1.741223e-001
7.989010e+002;1.737618e-001
7.993832e+002;1.734097e-001
7.998653e+002;1.730649e-001
8.003474e+002;1.727258e-001
8.008296e+002;1.723915e-001
8.013117e+002;1.720608e-001
8.017938e+002;1.717328e-001
8.022760e+002;1.714047e-001
8.027581e+002;1.710728e-001
8.032402e+002;1.707334e-001
8.037224e+002;1.703842e-001
8.042045e+002;1.700250e-001
8.046866e+002;1.696585e-001
8.051688e+002;1.692888e-001
8.056509e+002;1.689192e-001
8.061331e+002;1.685518e-001
8.066152e+002;1.681859e-001
8.070974e+002;1.678197e-001
8.075795e+002;1.674517e-001
8.080616e+002;1.670818e-001
8.085438e+002;1.667125e-001
8.090259e+002;1.663474e-001
8.095081e+002;1.659894e-001
8.099902e+002;1.656391e-001
8.104723e+002;1.652936e-001
8.109545e+002;1.649483e-001
8.114366e+002;1.645972e-001
8.119187e+002;1.642358e-001
8.124009e+002;1.638626e-001
8.128830e+002;1.634789e-001
8.133651e+002;1.630878e-001
8.138473e+002;1.626933e-001
8.143294e+002;1.622986e-001
8.148115e+002;1.619055e-001
8.152937e+002;1.615150e-001
8.157758e+002;1.611276e-001
8.162579e+002;1.607433e-001
8.167401e+002;1.603615e-001
8.172222e+002;1.599808e-001
8.177043e+002;1.595988e-001
8.181865e+002;1.592119e-001
8.186686e+002;1.588171e-001
8.191508e+002;1.584132e-001
8.196329e+002;1.580019e-001
8.201151e+002;1.575877e-001
8.205972e+002;1.571772e-001
8.210793e+002;1.567767e-001
8.215615e+002;1.563909e-001
8.220436e+002;1.560210e-001
8.225258e+002;1.556648e-001
8.230079e+002;1.553176e-001
8.234900e+002;1.549737e-001
8.239722e+002;1.546273e-001
8.244543e+002;1.542734e-001
8.249364e+002;1.539083e-001
8.254186e+002;1.535300e-001
8.259007e+002;1.531380e-001
8.263828e+002;1.527337e-001
8.268650e+002;1.523209e-001
8.273471e+002;1.519049e-001
8.278292e+002;1.514919e-001
8.283114e+002;1.510879e-001
8.287935e+002;1.506967e-001
8.292756e+002;1.503192e-001
8.297578e+002;1.499537e-001
8.302399e+002;1.495957e-001
8.307220e+002;1.492412e-001
8.312042e+002;1.488860e-001
8.316863e+002;1.485283e-001
8.321685e+002;1.481671e-001
8.326506e+002;1.478023e-001
8.331328e+002;1.474338e-001
8.336149e+002;1.470610e-001
8.340970e+002;1.466834e-001
8.345792e+002;1.463002e-001
8.350613e+002;1.459119e-001
8.355435e+002;1.455202e-001
8.360256e+002;1.451274e-001
8.365077e+002;1.447356e-001
8.369899e+002;1.443463e-001
8.374720e+002;1.439607e-001
8.379541e+002;1.435780e-001
8.384363e+002;1.431981e-001
8.389184e+002;1.428207e-001
8.394005e+002;1.424453e-001
8.398827e+002;1.420714e-001
8.403648e+002;1.416976e-001
8.408469e+002;1.413218e-001
8.413291e+002;1.409417e-001
8.418112e+002;1.405556e-001
8.422933e+002;1.401638e-001
8.427755e+002;1.397685e-001
8.432576e+002;1.393742e-001
8.437397e+002;1.389855e-001
8.442219e+002;1.386061e-001
8.447040e+002;1.382369e-001
8.451862e+002;1.378758e-001
8.456683e+002;1.375175e-001
8.461505e+002;1.371558e-001
8.466326e+002;1.367852e-001
8.471147e+002;1.364030e-001
8.475969e+002;1.360088e-001
8.480790e+002;1.356062e-001
8.485612e+002;1.352006e-001
8.490433e+002;1.347976e-001
8.495254e+002;1.344027e-001
8.500076e+002;1.340193e-001
8.504897e+002;1.336483e-001
8.509718e+002;1.332887e-001
8.514540e+002;1.329376e-001
8.519361e+002;1.325902e-001
8.524182e+002;1.322425e-001
8.529004e+002;1.318910e-001
8.533825e+002;1.315338e-001
8.538646e+002;1.311714e-001
8.543468e+002;1.308053e-001
8.548289e+002;1.304381e-001
8.553110e+002;1.300719e-001
8.557932e+002;1.297076e-001
8.562753e+002;1.293453e-001
8.567574e+002;1.289840e-001
8.572396e+002;1.286235e-001
8.577217e+002;1.282636e-001
8.582039e+002;1.279056e-001
8.586860e+002;1.275505e-001
8.591682e+002;1.271992e-001
8.596503e+002;1.268511e-001
8.601324e+002;1.265048e-001
8.606146e+002;1.261584e-001
8.610967e+002;1.258101e-001
8.615789e+002;1.254602e-001
8.620610e+002;1.251098e-001
8.625431e+002;1.247612e-001
8.630253e+002;1.244161e-001
8.635074e+002;1.240743e-001
8.639895e+002;1.237341e-001
8.644717e+002;1.233924e-001
8.649538e+002;1.230462e-001
8.654359e+002;1.226939e-001
8.659181e+002;1.223364e-001
8.664002e+002;1.219764e-001
8.668823e+002;1.216171e-001
8.673645e+002;1.212609e-001
8.678466e+002;1.209079e-001
8.683287e+002;1.205559e-001
8.688109e+002;1.202016e-001
8.692930e+002;1.198423e-001
8.697751e+002;1.194774e-001
8.702573e+002;1.191083e-001
8.707394e+002;1.187386e-001
8.712216e+002;1.183715e-001
8.717037e+002;1.180091e-001
8.721859e+002;1.176509e-001
8.726680e+002;1.172947e-001
8.731501e+002;1.169371e-001
8.736323e+002;1.165760e-001
8.741144e+002;1.162110e-001
8.745966e+002;1.158441e-001
8.750787e+002;1.154789e-001
8.755608e+002;1.151189e-001
8.760430e+002;1.147670e-001
8.765251e+002;1.144237e-001
8.770072e+002;1.140882e-001
8.774894e+002;1.137581e-001
8.779715e+002;1.134312e-001
8.784536e+002;1.131054e-001
8.789358e+002;1.127787e-001
8.794179e+002;1.124500e-001
8.799000e+002;1.121185e-001
8.803822e+002;1.117834e-001
8.808643e+002;1.114442e-001
8.813464e+002;1.111016e-001
8.818286e+002;1.107571e-001
8.823107e+002;1.104128e-001
8.827928e+002;1.100716e-001
8.832750e+002;1.097362e-001
8.837571e+002;1.094082e-001
8.842393e+002;1.090887e-001
8.847214e+002;1.087775e-001
8.852036e+002;1.084736e-001
8.856857e+002;1.081759e-001
8.861678e+002;1.078828e-001
8.866500e+002;1.075930e-001
8.871321e+002;1.073050e-001
8.876143e+002;1.070177e-001
8.880964e+002;1.067299e-001
8.885785e+002;1.064408e-001
8.890607e+002;1.061503e-001
8.895428e+002;1.058587e-001
8.900249e+002;1.055664e-001
8.905071e+002;1.052742e-001
8.909892e+002;1.049829e-001
8.914713e+002;1.046928e-001
8.919535e+002;1.044044e-001
8.924356e+002;1.041181e-001
8.929177e+002;1.038340e-001
8.933999e+002;1.035529e-001
8.938820e+002;1.032743e-001
8.943641e+002;1.029979e-001
8.948463e+002;1.027225e-001
8.953284e+002;1.024469e-001
8.958105e+002;1.021697e-001
8.962927e+002;1.018908e-001
8.967748e+002;1.016112e-001
8.972570e+002;1.013326e-001
8.977391e+002;1.010572e-001
8.982213e+002;1.007864e-001
8.987034e+002;1.005203e-001
8.991855e+002;1.002569e-001
8.996677e+002;9.999298e-002
9.001498e+002;9.972453e-002
9.006320e+002;9.944846e-002
9.011141e+002;9.916385e-002
9.015962e+002;9.887191e-002
9.020784e+002;9.857538e-002
9.025605e+002;9.827849e-002
9.030426e+002;9.798469e-002
9.035248e+002;9.769610e-002
9.040069e+002;9.741312e-002
9.044890e+002;9.713473e-002
9.049712e+002;9.685922e-002
9.054533e+002;9.658556e-002
9.059354e+002;9.631383e-002
9.064176e+002;9.604543e-002
9.068997e+002;9.578239e-002
9.073818e+002;9.552638e-002
9.078640e+002;9.527801e-002
9.083461e+002;9.503614e-002
9.088282e+002;9.479859e-002
9.093104e+002;9.456238e-002
9.097925e+002;9.432488e-002
9.102747e+002;9.408528e-002
9.107568e+002;9.384407e-002
9.112390e+002;9.360368e-002
9.117211e+002;9.336693e-002
9.122032e+002;9.313635e-002
9.126854e+002;9.291360e-002
9.131675e+002;9.269865e-002
9.136496e+002;9.249016e-002
9.141318e+002;9.228612e-002
9.146139e+002;9.208463e-002
9.150960e+002;9.188437e-002
9.155782e+002;9.168451e-002
9.160603e+002;9.148525e-002
9.165424e+002;9.128708e-002
9.170246e+002;9.109034e-002
9.175067e+002;9.089509e-002
9.179888e+002;9.070111e-002
9.184710e+002;9.050769e-002
9.189531e+002;9.031400e-002
9.194352e+002;9.011896e-002
9.199174e+002;8.992142e-002
9.203995e+002;8.972003e-002
9.208817e+002;8.951335e-002
9.213638e+002;8.930033e-002
9.218459e+002;8.908087e-002
9.223281e+002;8.885550e-002
9.228102e+002;8.862576e-002
9.232924e+002;8.839412e-002
9.237745e+002;8.816256e-002
9.242567e+002;8.793266e-002
9.247388e+002;8.770452e-002
9.252209e+002;8.747704e-002
9.257031e+002;8.724822e-002
9.261852e+002;8.701583e-002
9.266673e+002;8.677870e-002
9.271495e+002;8.653665e-002
9.276316e+002;8.629113e-002
9.281137e+002;8.604426e-002
9.285959e+002;8.579856e-002
9.290780e+002;8.555637e-002
9.295601e+002;8.531906e-002
9.300423e+002;8.508744e-002
9.305244e+002;8.486170e-002
9.310065e+002;8.464155e-002
9.314887e+002;8.442669e-002
9.319708e+002;8.421650e-002
9.324529e+002;8.401034e-002
9.329351e+002;8.380697e-002
9.334172e+002;8.360515e-002
9.338994e+002;8.340368e-002
9.343815e+002;8.320177e-002
9.348636e+002;8.299971e-002
9.353458e+002;8.279854e-002
9.358279e+002;8.260002e-002
9.363101e+002;8.240654e-002
9.367922e+002;8.221944e-002
9.372744e+002;8.203950e-002
9.377565e+002;8.186588e-002
9.382386e+002;8.169658e-002
9.387208e+002;8.152840e-002
9.392029e+002;8.135858e-002
9.396850e+002;8.118434e-002
9.401672e+002;8.100449e-002
9.406493e+002;8.081924e-002
9.411314e+002;8.063057e-002
9.416136e+002;8.044125e-002
9.420957e+002;8.025430e-002
9.425778e+002;8.007247e-002
9.430600e+002;7.989679e-002
9.435421e+002;7.972716e-002
9.440242e+002;7.956253e-002
9.445064e+002;7.940046e-002
9.449885e+002;7.923912e-002
9.454706e+002;7.907718e-002
9.459528e+002;7.891388e-002
9.464349e+002;7.874961e-002
9.469171e+002;7.858481e-002
9.473992e+002;7.842018e-002
9.478813e+002;7.825577e-002
9.483635e+002;7.809136e-002
9.488456e+002;7.792708e-002
9.493278e+002;7.776310e-002
9.498099e+002;7.760058e-002
9.502921e+002;7.744126e-002
9.507742e+002;7.728676e-002
9.512563e+002;7.713820e-002
9.517385e+002;7.699569e-002
9.522206e+002;7.685792e-002
9.527027e+002;7.672291e-002
9.531849e+002;7.658852e-002
9.536670e+002;7.645299e-002
9.541491e+002;7.631589e-002
9.546313e+002;7.617794e-002
9.551134e+002;7.604124e-002
9.555955e+002;7.590768e-002
9.560777e+002;7.577924e-002
9.565598e+002;7.565784e-002
9.570419e+002;7.554397e-002
9.575241e+002;7.543787e-002
9.580062e+002;7.533931e-002
9.584883e+002;7.524747e-002
9.589705e+002;7.516150e-002
9.594526e+002;7.507984e-002
9.599348e+002;7.500077e-002
9.604169e+002;7.492302e-002
9.608990e+002;7.484525e-002
9.613812e+002;7.476699e-002
9.618633e+002;7.468879e-002
9.623455e+002;7.461168e-002
9.628276e+002;7.453649e-002
9.633098e+002;7.446426e-002
9.637919e+002;7.439462e-002
9.642740e+002;7.432634e-002
9.647562e+002;7.425769e-002
9.652383e+002;7.418687e-002
9.657204e+002;7.411274e-002
9.662026e+002;7.403518e-002
9.666847e+002;7.395508e-002
9.671668e+002;7.387407e-002
9.676490e+002;7.379346e-002
9.681311e+002;7.371424e-002
9.686132e+002;7.363636e-002
9.690954e+002;7.355867e-002
9.695775e+002;7.348005e-002
9.700596e+002;7.339934e-002
9.705418e+002;7.331692e-002
9.710239e+002;7.323424e-002
9.715060e+002;7.315433e-002
9.719882e+002;7.308125e-002
9.724703e+002;7.301899e-002
9.729525e+002;7.297066e-002
9.734346e+002;7.293769e-002
9.739167e+002;7.291952e-002
9.743989e+002;7.291346e-002
9.748810e+002;7.291596e-002
9.753632e+002;7.292270e-002
9.758453e+002;7.293069e-002
9.763275e+002;7.293838e-002
9.768096e+002;7.294603e-002
9.772917e+002;7.295546e-002
9.777739e+002;7.296869e-002
9.782560e+002;7.298787e-002
9.787381e+002;7.301381e-002
9.792203e+002;7.304622e-002
9.797024e+002;7.308409e-002
9.801845e+002;7.312610e-002
9.806667e+002;7.317215e-002
9.811488e+002;7.322326e-002
9.816309e+002;7.328162e-002
9.821131e+002;7.335003e-002
9.825952e+002;7.343096e-002
9.830773e+002;7.352541e-002
9.835595e+002;7.363298e-002
9.840416e+002;7.375186e-002
9.845237e+002;7.387909e-002
9.850059e+002;7.401220e-002
9.854880e+002;7.414943e-002
9.859702e+002;7.429014e-002
9.864523e+002;7.443469e-002
9.869344e+002;7.458348e-002
9.874166e+002;7.473629e-002
9.878987e+002;7.489230e-002
9.883809e+002;7.504895e-002
9.888630e+002;7.520323e-002
9.893452e+002;7.535204e-002
9.898273e+002;7.549229e-002
9.903094e+002;7.562184e-002
9.907916e+002;7.573884e-002
9.912737e+002;7.584181e-002
9.917558e+002;7.592852e-002
9.922380e+002;7.599609e-002
9.927201e+002;7.604085e-002
9.932022e+002;7.605916e-002
9.936844e+002;7.604823e-002
9.941665e+002;7.600723e-002
9.946486e+002;7.593810e-002
9.951308e+002;7.584555e-002
9.956129e+002;7.573702e-002
9.960950e+002;7.562111e-002
9.965772e+002;7.550670e-002
9.970593e+002;7.540070e-002
9.975414e+002;7.530789e-002
9.980236e+002;7.523010e-002
9.985057e+002;7.516678e-002
9.989879e+002;7.511591e-002
9.994700e+002;7.507476e-002
9.999521e+002;7.504100e-002
1.000434e+003;7.501297e-002
1.000916e+003;7.498981e-002
1.001399e+003;7.497095e-002
1.001881e+003;7.495612e-002
1.002363e+003;7.494511e-002
1.002845e+003;7.493856e-002
1.003327e+003;7.493772e-002
1.003809e+003;7.494484e-002
1.004291e+003;7.496331e-002
1.004773e+003;7.499640e-002
1.005256e+003;7.504671e-002
1.005738e+003;7.511559e-002
1.006220e+003;7.520209e-002
1.006702e+003;7.530360e-002
1.007184e+003;7.541659e-002
1.007666e+003;7.553765e-002
1.008148e+003;7.566403e-002
1.008631e+003;7.579497e-002
1.009113e+003;7.593056e-002
1.009595e+003;7.607216e-002
1.010077e+003;7.622120e-002
1.010559e+003;7.637844e-002
1.011041e+003;7.654387e-002
1.011523e+003;7.671653e-002
1.012006e+003;7.689509e-002
1.012488e+003;7.707728e-002
1.012970e+003;7.726094e-002
1.013452e+003;7.744353e-002
1.013934e+003;7.762198e-002
1.014416e+003;7.779360e-002
1.014898e+003;7.795548e-002
1.015381e+003;7.810515e-002
1.015863e+003;7.824144e-002
1.016345e+003;7.836401e-002
1.016827e+003;7.847354e-002
1.017309e+003;7.857204e-002
1.017791e+003;7.866173e-002
1.018273e+003;7.874511e-002
1.018755e+003;7.882502e-002
1.019238e+003;7.890432e-002
1.019720e+003;7.898581e-002
1.020202e+003;7.907207e-002
1.020684e+003;7.916558e-002
1.021166e+003;7.926773e-002
1.021648e+003;7.937924e-002
1.022130e+003;7.950002e-002
1.022613e+003;7.962953e-002
1.023095e+003;7.976761e-002
1.023577e+003;7.991465e-002
1.024059e+003;8.007211e-002
1.024541e+003;8.024187e-002
1.025023e+003;8.042656e-002
1.025505e+003;8.062752e-002
1.025988e+003;8.084595e-002
1.026470e+003;8.108075e-002
1.026952e+003;8.132963e-002
1.027434e+003;8.158921e-002
1.027916e+003;8.185430e-002
1.028398e+003;8.211923e-002
1.028880e+003;8.237785e-002
1.029363e+003;8.262365e-002
1.029845e+003;8.285119e-002
1.030327e+003;8.305627e-002
1.030809e+003;8.323667e-002
1.031291e+003;8.339237e-002
1.031773e+003;8.352452e-002
1.032255e+003;8.363546e-002
1.032738e+003;8.372673e-002
1.033220e+003;8.379925e-002
1.033702e+003;8.385317e-002
1.034184e+003;8.388765e-002
1.034666e+003;8.390284e-002
1.035148e+003;8.389985e-002
1.035630e+003;8.388105e-002
1.036112e+003;8.384973e-002
1.036594e+003;8.380882e-002
1.037077e+003;8.375940e-002
1.037559e+003;8.370124e-002
1.038041e+003;8.363209e-002
1.038523e+003;8.354885e-002
1.039005e+003;8.344947e-002
1.039487e+003;8.333243e-002
1.039969e+003;8.319867e-002
1.040452e+003;8.305007e-002
1.040934e+003;8.288944e-002
1.041416e+003;8.271934e-002
1.041898e+003;8.254247e-002
1.042380e+003;8.236206e-002
1.042862e+003;8.218170e-002
1.043344e+003;8.200601e-002
1.043827e+003;8.183952e-002
1.044309e+003;8.168668e-002
1.044791e+003;8.155024e-002
1.045273e+003;8.143053e-002
1.045755e+003;8.132546e-002
1.046237e+003;8.123200e-002
1.046719e+003;8.114677e-002
1.047202e+003;8.106811e-002
1.047684e+003;8.099598e-002
1.048166e+003;8.093242e-002
1.048648e+003;8.088011e-002
1.049130e+003;8.084227e-002
1.049612e+003;8.082063e-002
1.050094e+003;8.081611e-002
1.050577e+003;8.082855e-002
1.051059e+003;8.085711e-002
1.051541e+003;8.090070e-002
1.052023e+003;8.095767e-002
1.052505e+003;8.102560e-002
1.052987e+003;8.110117e-002
1.053469e+003;8.117988e-002
1.053951e+003;8.125727e-002
1.054434e+003;8.132940e-002
1.054916e+003;8.139405e-002
1.055398e+003;8.145081e-002
1.055880e+003;8.150024e-002
1.056362e+003;8.154336e-002
1.056844e+003;8.157956e-002
1.057326e+003;8.160666e-002
1.057809e+003;8.162080e-002
1.058291e+003;8.161772e-002
1.058773e+003;8.159454e-002
1.059255e+003;8.155071e-002
1.059737e+003;8.148900e-002
1.060219e+003;8.141433e-002
1.060701e+003;8.133313e-002
1.061184e+003;8.125059e-002
1.061666e+003;8.116978e-002
1.062148e+003;8.109172e-002
1.062630e+003;8.101472e-002
1.063112e+003;8.093681e-002
1.063594e+003;8.085582e-002
1.064076e+003;8.077098e-002
1.064559e+003;8.068339e-002
1.065041e+003;8.059521e-002
1.065523e+003;8.050948e-002
1.066005e+003;8.042918e-002
1.066487e+003;8.035669e-002
1.066969e+003;8.029329e-002
1.067451e+003;8.023963e-002
1.067933e+003;8.019522e-002
1.068416e+003;8.015903e-002
1.068898e+003;8.013003e-002
1.069380e+003;8.010783e-002
1.069862e+003;8.009235e-002
1.070344e+003;8.008530e-002
1.070826e+003;8.008871e-002
1.071308e+003;8.010534e-002
1.071791e+003;8.013745e-002
1.072273e+003;8.018676e-002
1.072755e+003;8.025327e-002
1.073237e+003;8.033617e-002
1.073719e+003;8.043329e-002
1.074201e+003;8.054289e-002
1.074683e+003;8.066279e-002
1.075166e+003;8.079173e-002
1.075648e+003;8.092780e-002
1.076130e+003;8.106891e-002
1.076612e+003;8.121156e-002
1.077094e+003;8.135173e-002
1.077576e+003;8.148438e-002
1.078058e+003;8.160459e-002
1.078541e+003;8.170824e-002
1.079023e+003;8.179123e-002
1.079505e+003;8.185006e-002
1.079987e+003;8.188099e-002
1.080469e+003;8.187922e-002
1.080951e+003;8.183946e-002
1.081433e+003;8.175635e-002
1.081916e+003;8.162571e-002
1.082398e+003;8.144575e-002
1.082880e+003;8.121751e-002
1.083362e+003;8.094423e-002
1.083844e+003;8.063138e-002
1.084326e+003;8.028451e-002
1.084808e+003;7.990865e-002
1.085290e+003;7.950757e-002
1.085772e+003;7.908452e-002
1.086255e+003;7.864325e-002
1.086737e+003;7.818882e-002
1.087219e+003;7.772809e-002
1.087701e+003;7.727039e-002
1.088183e+003;7.682494e-002
1.088665e+003;7.640108e-002
1.089147e+003;7.600547e-002
1.089630e+003;7.564180e-002
1.090112e+003;7.531076e-002
1.090594e+003;7.501148e-002
1.091076e+003;7.474186e-002
1.091558e+003;7.450123e-002
1.092040e+003;7.429037e-002
1.092522e+003;7.411144e-002
1.093005e+003;7.396737e-002
1.093487e+003;7.386085e-002
1.093969e+003;7.379331e-002
1.094451e+003;7.376404e-002
1.094933e+003;7.376996e-002
1.095415e+003;7.380711e-002
1.095897e+003;7.386967e-002
1.096380e+003;7.395201e-002
1.096862e+003;7.404862e-002
1.097344e+003;7.415472e-002
1.097826e+003;7.426652e-002
1.098308e+003;7.438187e-002
1.098790e+003;7.449997e-002
1.099272e+003;7.462118e-002
1.099755e+003;7.474676e-002
1.100237e+003;7.487810e-002
1.100719e+003;7.501547e-002
1.101201e+003;7.515759e-002
1.101683e+003;7.530157e-002
1.102165e+003;7.544301e-002
1.102647e+003;7.557685e-002
1.103129e+003;7.569905e-002
1.103612e+003;7.580652e-002
1.104094e+003;7.589830e-002
1.104576e+003;7.597477e-002
1.105058e+003;7.603667e-002
1.105540e+003;7.608464e-002
1.106022e+003;7.611771e-002
1.106504e+003;7.613383e-002
1.106987e+003;7.613055e-002
1.107469e+003;7.610569e-002
1.107951e+003;7.605852e-002
1.108433e+003;7.599048e-002
1.108915e+003;7.590453e-002
1.109397e+003;7.580479e-002
1.109879e+003;7.569507e-002
1.110362e+003;7.557836e-002
1.110844e+003;7.545621e-002
1.111326e+003;7.532939e-002
1.111808e+003;7.519863e-002
1.112290e+003;7.506464e-002
1.112772e+003;7.492881e-002
1.113254e+003;7.479257e-002
1.113736e+003;7.465716e-002
1.114219e+003;7.452233e-002
1.114701e+003;7.438708e-002
1.115183e+003;7.425001e-002
1.115665e+003;7.411008e-002
1.116147e+003;7.396811e-002
1.116629e+003;7.382656e-002
1.117111e+003;7.368953e-002
1.117594e+003;7.356150e-002
1.118076e+003;7.344543e-002
1.118558e+003;7.334252e-002
1.119040e+003;7.325052e-002
1.119522e+003;7.316575e-002
1.120004e+003;7.308342e-002
1.120486e+003;7.299917e-002
1.120969e+003;7.291064e-002
1.121451e+003;7.281715e-002
1.121933e+003;7.272030e-002
1.122415e+003;7.262210e-002
1.122897e+003;7.252534e-002
1.123379e+003;7.243250e-002
1.123861e+003;7.234587e-002
1.124344e+003;7.226771e-002
1.124826e+003;7.220005e-002
1.125308e+003;7.214462e-002
1.125790e+003;7.210176e-002
1.126272e+003;7.207052e-002
1.126754e+003;7.204752e-002
1.127236e+003;7.202820e-002
1.127719e+003;7.200751e-002
1.128201e+003;7.198112e-002
1.128683e+003;7.194691e-002
1.129165e+003;7.190539e-002
1.129647e+003;7.185885e-002
1.130129e+003;7.181125e-002
1.130611e+003;7.176578e-002
1.131093e+003;7.172450e-002
1.131576e+003;7.168781e-002
1.132058e+003;7.165436e-002
1.132540e+003;7.162268e-002
1.133022e+003;7.159156e-002
1.133504e+003;7.156096e-002
1.133986e+003;7.153182e-002
1.134468e+003;7.150558e-002
1.134950e+003;7.148352e-002
1.135433e+003;7.146573e-002
1.135915e+003;7.145143e-002
1.136397e+003;7.143842e-002
1.136879e+003;7.142449e-002
1.137361e+003;7.140780e-002
1.137843e+003;7.138745e-002
1.138325e+003;7.136410e-002
1.138808e+003;7.133953e-002
1.139290e+003;7.131641e-002
1.139772e+003;7.129766e-002
1.140254e+003;7.128605e-002
1.140736e+003;7.128326e-002
1.141218e+003;7.129001e-002
1.141700e+003;7.130584e-002
1.142183e+003;7.132914e-002
1.142665e+003;7.135767e-002
1.143147e+003;7.138910e-002
1.143629e+003;7.142165e-002
1.144111e+003;7.145444e-002
1.144593e+003;7.148705e-002
1.145075e+003;7.152000e-002
1.145557e+003;7.155372e-002
1.146040e+003;7.158781e-002
1.146522e+003;7.162136e-002
1.147004e+003;7.165217e-002
1.147486e+003;7.167795e-002
1.147968e+003;7.169678e-002
1.148450e+003;7.170790e-002
1.148932e+003;7.171152e-002
1.149415e+003;7.170954e-002
1.149897e+003;7.170412e-002
1.150379e+003;7.169750e-002
1.150861e+003;7.169107e-002
1.151343e+003;7.168503e-002
1.151825e+003;7.167897e-002
1.152307e+003;7.167172e-002
1.152790e+003;7.166215e-002
1.153272e+003;7.164967e-002
1.153754e+003;7.163406e-002
1.154236e+003;7.161563e-002
1.154718e+003;7.159482e-002
1.155200e+003;7.157158e-002
1.155682e+003;7.154568e-002
1.156165e+003;7.151616e-002
1.156647e+003;7.148178e-002
1.157129e+003;7.144192e-002
1.157611e+003;7.139540e-002
1.158093e+003;7.134273e-002
1.158575e+003;7.128394e-002
1.159057e+003;7.121985e-002
1.159540e+003;7.115075e-002
1.160022e+003;7.107648e-002
1.160504e+003;7.099625e-002
1.160986e+003;7.090864e-002
1.161468e+003;7.081261e-002
1.161950e+003;7.070748e-002
1.162432e+003;7.059412e-002
1.162914e+003;7.047488e-002
1.163397e+003;7.035316e-002
1.163879e+003;7.023334e-002
1.164361e+003;7.011858e-002
1.164843e+003;7.001094e-002
1.165325e+003;6.991015e-002
1.165807e+003;6.981384e-002
1.166289e+003;6.971849e-002
1.166771e+003;6.962075e-002
1.167254e+003;6.951842e-002
1.167736e+003;6.941166e-002
1.168218e+003;6.930240e-002
1.168700e+003;6.919500e-002
1.169182e+003;6.909324e-002
1.169664e+003;6.900077e-002
1.170146e+003;6.891902e-002
1.170629e+003;6.884814e-002
1.171111e+003;6.878631e-002
1.171593e+003;6.873170e-002
1.172075e+003;6.868212e-002
1.172557e+003;6.863683e-002
1.173039e+003;6.859510e-002
1.173521e+003;6.855781e-002
1.174004e+003;6.852543e-002
1.174486e+003;6.849860e-002
1.174968e+003;6.847750e-002
1.175450e+003;6.846255e-002
1.175932e+003;6.845378e-002
1.176414e+003;6.845149e-002
1.176896e+003;6.845631e-002
1.177379e+003;6.846850e-002
1.177861e+003;6.848845e-002
1.178343e+003;6.851567e-002
1.178825e+003;6.854906e-002
1.179307e+003;6.858721e-002
1.179789e+003;6.862753e-002
1.180271e+003;6.866782e-002
1.180754e+003;6.870522e-002
1.181236e+003;6.873777e-002
1.181718e+003;6.876375e-002
1.182200e+003;6.878272e-002
1.182682e+003;6.879508e-002
1.183164e+003;6.880227e-002
1.183646e+003;6.880581e-002
1.184128e+003;6.880780e-002
1.184611e+003;6.880958e-002
1.185093e+003;6.881174e-002
1.185575e+003;6.881459e-002
1.186057e+003;6.881818e-002
1.186539e+003;6.882304e-002
1.187021e+003;6.883062e-002
1.187503e+003;6.884293e-002
1.187986e+003;6.886236e-002
1.188468e+003;6.889050e-002
1.188950e+003;6.892740e-002
1.189432e+003;6.897144e-002
1.189914e+003;6.901909e-002
1.190396e+003;6.906608e-002
1.190878e+003;6.910910e-002
1.191361e+003;6.914616e-002
1.191843e+003;6.917753e-002
1.192325e+003;6.920586e-002
1.192807e+003;6.923482e-002
1.193289e+003;6.926817e-002
1.193771e+003;6.930868e-002
1.194253e+003;6.935717e-002
1.194735e+003;6.941326e-002
1.195218e+003;6.947469e-002
1.195700e+003;6.953911e-002
1.196182e+003;6.960424e-002
1.196664e+003;6.966869e-002
1.197146e+003;6.973147e-002
1.197628e+003;6.979205e-002
1.198110e+003;6.985023e-002
1.198593e+003;6.990552e-002
1.199075e+003;6.995703e-002
1.199557e+003;7.000417e-002
1.200039e+003;7.004572e-002
1.200521e+003;7.008091e-002
1.201003e+003;7.010934e-002
1.201485e+003;7.013045e-002
1.201968e+003;7.014503e-002
1.202450e+003;7.015416e-002
1.202932e+003;7.015932e-002
1.203414e+003;7.016272e-002
1.203896e+003;7.016623e-002
1.204378e+003;7.017139e-002
1.204860e+003;7.017870e-002
1.205343e+003;7.018807e-002
1.205825e+003;7.019851e-002
1.206307e+003;7.020883e-002
1.206789e+003;7.021821e-002
1.207271e+003;7.022639e-002
1.207753e+003;7.023422e-002
1.208235e+003;7.024267e-002
1.208718e+003;7.025358e-002
1.209200e+003;7.026814e-002
1.209682e+003;7.028703e-002
1.210164e+003;7.030997e-002
1.210646e+003;7.033619e-002
1.211128e+003;7.036465e-002
1.211610e+003;7.039377e-002
1.212092e+003;7.042264e-002
1.212575e+003;7.045027e-002
1.213057e+003;7.047614e-002
1.213539e+003;7.049979e-002
1.214021e+003;7.052137e-002
1.214503e+003;7.054105e-002
1.214985e+003;7.056004e-002
1.215467e+003;7.057974e-002
1.215949e+003;7.060223e-002
1.216432e+003;7.062957e-002
1.216914e+003;7.066345e-002
1.217396e+003;7.070451e-002
1.217878e+003;7.075210e-002
1.218360e+003;7.080426e-002
1.218842e+003;7.085822e-002
1.219324e+003;7.091063e-002
1.219807e+003;7.095942e-002
1.220289e+003;7.100338e-002
1.220771e+003;7.104295e-002
1.221253e+003;7.108025e-002
1.221735e+003;7.111824e-002
1.222217e+003;7.115948e-002
1.222699e+003;7.120585e-002
1.223182e+003;7.125744e-002
1.223664e+003;7.131324e-002
1.224146e+003;7.137104e-002
1.224628e+003;7.142851e-002
1.225110e+003;7.148454e-002
1.225592e+003;7.153892e-002
1.226074e+003;7.159234e-002
1.226557e+003;7.164673e-002
1.227039e+003;7.170338e-002
1.227521e+003;7.176302e-002
1.228003e+003;7.182538e-002
1.228485e+003;7.188935e-002
1.228967e+003;7.195316e-002
1.229449e+003;7.201584e-002
1.229932e+003;7.207669e-002
1.230414e+003;7.213587e-002
1.230896e+003;7.219443e-002
1.231378e+003;7.225279e-002
1.231860e+003;7.231154e-002
1.232342e+003;7.237056e-002
1.232824e+003;7.242958e-002
1.233306e+003;7.248782e-002
1.233789e+003;7.254478e-002
1.234271e+003;7.259998e-002
1.234753e+003;7.265256e-002
1.235235e+003;7.270289e-002
1.235717e+003;7.275042e-002
1.236199e+003;7.279544e-002
1.236681e+003;7.283871e-002
1.237164e+003;7.288153e-002
1.237646e+003;7.292599e-002
1.238128e+003;7.297408e-002
1.238610e+003;7.302713e-002
1.239092e+003;7.308567e-002
1.239574e+003;7.314881e-002
1.240056e+003;7.321488e-002
1.240539e+003;7.328168e-002
1.241021e+003;7.334755e-002
1.241503e+003;7.341208e-002
1.241985e+003;7.347585e-002
1.242467e+003;7.353999e-002
1.242949e+003;7.360559e-002
1.243431e+003;7.367291e-002
1.243913e+003;7.374026e-002
1.244396e+003;7.380593e-002
1.244878e+003;7.386722e-002
1.245360e+003;7.392283e-002
1.245842e+003;7.397264e-002
1.246324e+003;7.401875e-002
1.246806e+003;7.406410e-002
1.247288e+003;7.411231e-002
1.247771e+003;7.416595e-002
1.248253e+003;7.422638e-002
1.248735e+003;7.429310e-002
1.249217e+003;7.436424e-002
1.249699e+003;7.443663e-002
1.250181e+003;7.450777e-002
1.250663e+003;7.457487e-002
1.251146e+003;7.463647e-002
1.251628e+003;7.469145e-002
1.252110e+003;7.474018e-002
1.252592e+003;7.478289e-002
1.253074e+003;7.482117e-002
1.253556e+003;7.485657e-002
1.254038e+003;7.489148e-002
1.254521e+003;7.492752e-002
1.255003e+003;7.496652e-002
1.255485e+003;7.500932e-002
1.255967e+003;7.505592e-002
1.256449e+003;7.510605e-002
1.256931e+003;7.515953e-002
1.257413e+003;7.521614e-002
1.257896e+003;7.527655e-002
1.258378e+003;7.534191e-002
1.258860e+003;7.541302e-002
1.259342e+003;7.549031e-002
1.259824e+003;7.557238e-002
1.260306e+003;7.565667e-002
1.260788e+003;7.573877e-002
1.261270e+003;7.581425e-002
1.261753e+003;7.587802e-002
1.262235e+003;7.592735e-002
1.262717e+003;7.596070e-002
1.263199e+003;7.597905e-002
1.263681e+003;7.598515e-002
1.264163e+003;7.598253e-002
1.264645e+003;7.597525e-002
1.265127e+003;7.596660e-002
1.265610e+003;7.595828e-002
1.266092e+003;7.595173e-002
1.266574e+003;7.594630e-002
1.267056e+003;7.594166e-002
1.267538e+003;7.593724e-002
1.268020e+003;7.593305e-002
1.268502e+003;7.593016e-002
1.268985e+003;7.592984e-002
1.269467e+003;7.593358e-002
1.269949e+003;7.594237e-002
1.270431e+003;7.595630e-002
1.270913e+003;7.597399e-002
1.271395e+003;7.599397e-002
1.271877e+003;7.601374e-002
1.272360e+003;7.603144e-002
1.272842e+003;7.604627e-002
1.273324e+003;7.605810e-002
1.273806e+003;7.606857e-002
1.274288e+003;7.607991e-002
1.274770e+003;7.609435e-002
1.275252e+003;7.611388e-002
1.275734e+003;7.613983e-002
1.276217e+003;7.617235e-002
1.276699e+003;7.621039e-002
1.277181e+003;7.625214e-002
1.277663e+003;7.629482e-002
1.278145e+003;7.633553e-002
1.278627e+003;7.637186e-002
1.279109e+003;7.640238e-002
1.279592e+003;7.642727e-002
1.280074e+003;7.644733e-002
1.280556e+003;7.646532e-002
1.281038e+003;7.648399e-002
1.281520e+003;7.650614e-002
1.282002e+003;7.653327e-002
1.282484e+003;7.656580e-002
1.282967e+003;7.660283e-002
1.283449e+003;7.664275e-002
1.283931e+003;7.668354e-002
1.284413e+003;7.672387e-002
1.284895e+003;7.676282e-002
1.285377e+003;7.680009e-002
1.285859e+003;7.683539e-002
1.286342e+003;7.686821e-002
1.286824e+003;7.689811e-002
1.287306e+003;7.692406e-002
1.287788e+003;7.694565e-002
1.288270e+003;7.696273e-002
1.288752e+003;7.697621e-002
1.289234e+003;7.698771e-002
1.289717e+003;7.699893e-002
1.290199e+003;7.701155e-002
1.290681e+003;7.702662e-002
1.291163e+003;7.704499e-002
1.291645e+003;7.706654e-002
1.292127e+003;7.709134e-002
1.292609e+003;7.711922e-002
1.293091e+003;7.714994e-002
1.293573e+003;7.718325e-002
1.294056e+003;7.721815e-002
1.294538e+003;7.725365e-002
1.295020e+003;7.728796e-002
1.295502e+003;7.731982e-002
1.295984e+003;7.734866e-002
1.296466e+003;7.737383e-002
1.296948e+003;7.739683e-002
1.297431e+003;7.741914e-002
1.297913e+003;7.744259e-002
1.298395e+003;7.746889e-002
1.298877e+003;7.749913e-002
1.299359e+003;7.753409e-002
1.299841e+003;7.757372e-002
1.300323e+003;7.761821e-002
1.300806e+003;7.766701e-002
1.301288e+003;7.772005e-002
1.301770e+003;7.777632e-002
1.302252e+003;7.783496e-002
1.302734e+003;7.789505e-002
1.303216e+003;7.795525e-002
1.303698e+003;7.801531e-002
1.304181e+003;7.807488e-002
1.304663e+003;7.813404e-002
1.305145e+003;7.819346e-002
1.305627e+003;7.825328e-002
1.306109e+003;7.831273e-002
1.306591e+003;7.837127e-002
1.307073e+003;7.842766e-002
1.307556e+003;7.848129e-002
1.308038e+003;7.853232e-002
1.308520e+003;7.858171e-002
1.309002e+003;7.863125e-002
1.309484e+003;7.868209e-002
1.309966e+003;7.873517e-002
1.310448e+003;7.878993e-002
1.310930e+003;7.884498e-002
1.311413e+003;7.889865e-002
1.311895e+003;7.894970e-002
1.312377e+003;7.899774e-002
1.312859e+003;7.904390e-002
1.313341e+003;7.908999e-002
1.313823e+003;7.913780e-002
1.314305e+003;7.918856e-002
1.314788e+003;7.924165e-002
1.315270e+003;7.929569e-002
1.315752e+003;7.934850e-002
1.316234e+003;7.939799e-002
1.316716e+003;7.944310e-002
1.317198e+003;7.948411e-002
1.317680e+003;7.952198e-002
1.318163e+003;7.955841e-002
1.318645e+003;7.959472e-002
1.319127e+003;7.963152e-002
1.319609e+003;7.966878e-002
1.320091e+003;7.970607e-002
1.320573e+003;7.974287e-002
1.321055e+003;7.977904e-002
1.321538e+003;7.981490e-002
1.322020e+003;7.985075e-002
1.322502e+003;7.988714e-002
1.322984e+003;7.992376e-002
1.323466e+003;7.996044e-002
1.323948e+003;7.999654e-002
1.324430e+003;8.003212e-002
1.324912e+003;8.006711e-002
1.325395e+003;8.010264e-002
1.325877e+003;8.013906e-002
1.326359e+003;8.017714e-002
1.326841e+003;8.021631e-002
1.327323e+003;8.025556e-002
1.327805e+003;8.029385e-002
1.328287e+003;8.033001e-002
1.328770e+003;8.036437e-002
1.329252e+003;8.039848e-002
1.329734e+003;8.043493e-002
1.330216e+003;8.047676e-002
1.330698e+003;8.052663e-002
1.331180e+003;8.058525e-002
1.331662e+003;8.065167e-002
1.332145e+003;8.072279e-002
1.332627e+003;8.079429e-002
1.333109e+003;8.086244e-002
1.333591e+003;8.092389e-002
1.334073e+003;8.097725e-002
1.334555e+003;8.102284e-002
1.335037e+003;8.106238e-002
1.335520e+003;8.109888e-002
1.336002e+003;8.113471e-002
1.336484e+003;8.117277e-002
1.336966e+003;8.121458e-002
1.337448e+003;8.126094e-002
1.337930e+003;8.131176e-002
1.338412e+003;8.136610e-002
1.338895e+003;8.142240e-002
1.339377e+003;8.147898e-002
1.339859e+003;8.153432e-002
1.340341e+003;8.158756e-002
1.340823e+003;8.163869e-002
1.341305e+003;8.168839e-002
1.341787e+003;8.173774e-002
1.342269e+003;8.178812e-002
1.342751e+003;8.183985e-002
1.343234e+003;8.189233e-002
1.343716e+003;8.194454e-002
1.344198e+003;8.199444e-002
1.344680e+003;8.204051e-002
1.345162e+003;8.208186e-002
1.345644e+003;8.211891e-002
1.346126e+003;8.215308e-002
1.346609e+003;8.218677e-002
1.347091e+003;8.222248e-002
1.347573e+003;8.226180e-002
1.348055e+003;8.230569e-002
1.348537e+003;8.235349e-002
1.349019e+003;8.240429e-002
1.349501e+003;8.245622e-002
1.349984e+003;8.250789e-002
1.350466e+003;8.255816e-002
1.350948e+003;8.260730e-002
1.351430e+003;8.265557e-002
1.351912e+003;8.270366e-002
1.352394e+003;8.275203e-002
1.352876e+003;8.280033e-002
1.353359e+003;8.284692e-002
1.353841e+003;8.289044e-002
1.354323e+003;8.292863e-002
1.354805e+003;8.296023e-002
1.355287e+003;8.298525e-002
1.355769e+003;8.300556e-002
1.356251e+003;8.302432e-002
1.356734e+003;8.304549e-002
1.357216e+003;8.307305e-002
1.357698e+003;8.310945e-002
1.358180e+003;8.315518e-002
1.358662e+003;8.320875e-002
1.359144e+003;8.326720e-002
1.359626e+003;8.332679e-002
1.360108e+003;8.338425e-002
1.360591e+003;8.343765e-002
1.361073e+003;8.348627e-002
1.361555e+003;8.353028e-002
1.362037e+003;8.357075e-002
1.362519e+003;8.360801e-002
1.363001e+003;8.364191e-002
1.363483e+003;8.367201e-002
1.363966e+003;8.369729e-002
1.364448e+003;8.371739e-002
1.364930e+003;8.373269e-002
1.365412e+003;8.374431e-002
1.365894e+003;8.375370e-002
1.366376e+003;8.376194e-002
1.366858e+003;8.376996e-002
1.367341e+003;8.377786e-002
1.367823e+003;8.378470e-002
1.368305e+003;8.378986e-002
1.368787e+003;8.379270e-002
1.369269e+003;8.379310e-002
1.369751e+003;8.379127e-002
1.370233e+003;8.378794e-002
1.370716e+003;8.378331e-002
1.371198e+003;8.377767e-002
1.371680e+003;8.377096e-002
1.372162e+003;8.376230e-002
1.372644e+003;8.375202e-002
1.373126e+003;8.374023e-002
1.373608e+003;8.372784e-002
1.374090e+003;8.371624e-002
1.374573e+003;8.370718e-002
1.375055e+003;8.370157e-002
1.375537e+003;8.370008e-002
1.376019e+003;8.370174e-002
1.376501e+003;8.370476e-002
1.376983e+003;8.370664e-002
1.377465e+003;8.370456e-002
1.377948e+003;8.369636e-002
1.378430e+003;8.368100e-002
1.378912e+003;8.365921e-002
1.379394e+003;8.363285e-002
1.379876e+003;8.360519e-002
1.380358e+003;8.357928e-002
1.380840e+003;8.355774e-002
1.381323e+003;8.354156e-002
1.381805e+003;8.353017e-002
1.382287e+003;8.352176e-002
1.382769e+003;8.351474e-002
1.383251e+003;8.350712e-002
1.383733e+003;8.349889e-002
1.384215e+003;8.349104e-002
1.384698e+003;8.348575e-002
1.385180e+003;8.348520e-002
1.385662e+003;8.349029e-002
1.386144e+003;8.350094e-002
1.386626e+003;8.351515e-002
1.387108e+003;8.353004e-002
1.387590e+003;8.354243e-002
1.388073e+003;8.354975e-002
1.388555e+003;8.355119e-002
1.389037e+003;8.354657e-002
1.389519e+003;8.353719e-002
1.390001e+003;8.352538e-002
1.390483e+003;8.351336e-002
1.390965e+003;8.350439e-002
1.391447e+003;8.350103e-002
1.391929e+003;8.350656e-002
1.392412e+003;8.352344e-002
1.392894e+003;8.355317e-002
1.393376e+003;8.359507e-002
1.393858e+003;8.364678e-002
1.394340e+003;8.370434e-002
1.394822e+003;8.376271e-002
1.395304e+003;8.381757e-002
1.395787e+003;8.386668e-002
1.396269e+003;8.391068e-002
1.396751e+003;8.395214e-002
1.397233e+003;8.399537e-002
1.397715e+003;8.404468e-002
1.398197e+003;8.410234e-002
1.398679e+003;8.416840e-002
1.399162e+003;8.424060e-002
1.399644e+003;8.431505e-002
1.400126e+003;8.438794e-002
1.400608e+003;8.445596e-002
1.401090e+003;8.451767e-002
1.401572e+003;8.457353e-002
1.402054e+003;8.462496e-002
1.402537e+003;8.467472e-002
1.403019e+003;8.472497e-002
1.403501e+003;8.477768e-002
1.403983e+003;8.483399e-002
1.404465e+003;8.489463e-002
1.404947e+003;8.495942e-002
1.405429e+003;8.502736e-002
1.405911e+003;8.509761e-002
1.406394e+003;8.516911e-002
1.406876e+003;8.524076e-002
1.407358e+003;8.531206e-002
1.407840e+003;8.538275e-002
1.408322e+003;8.545293e-002
1.408804e+003;8.552281e-002
1.409286e+003;8.559287e-002
1.409769e+003;8.566324e-002
1.410251e+003;8.573417e-002
1.410733e+003;8.580523e-002
1.411215e+003;8.587655e-002
1.411697e+003;8.594798e-002
1.412179e+003;8.601963e-002
1.412661e+003;8.609118e-002
1.413144e+003;8.616156e-002
1.413626e+003;8.622928e-002
1.414108e+003;8.629251e-002
1.414590e+003;8.635002e-002
1.415072e+003;8.640116e-002
1.415554e+003;8.644728e-002
1.416036e+003;8.649167e-002
1.416519e+003;8.653884e-002
1.417001e+003;8.659305e-002
1.417483e+003;8.665772e-002
1.417965e+003;8.673364e-002
1.418447e+003;8.681757e-002
1.418929e+003;8.690370e-002
1.419411e+003;8.698495e-002
1.419894e+003;8.705481e-002
1.420376e+003;8.710919e-002
1.420858e+003;8.714831e-002
1.421340e+003;8.717597e-002
1.421822e+003;8.719871e-002
1.422304e+003;8.722340e-002
1.422786e+003;8.725561e-002
1.423268e+003;8.729797e-002
1.423750e+003;8.735001e-002
1.424233e+003;8.740889e-002
1.424715e+003;8.747035e-002
1.425197e+003;8.753116e-002
1.425679e+003;8.758967e-002
1.426161e+003;8.764585e-002
1.426643e+003;8.770098e-002
1.427125e+003;8.775610e-002
1.427608e+003;8.781128e-002
1.428090e+003;8.786578e-002
1.428572e+003;8.791769e-002
1.429054e+003;8.796556e-002
1.429536e+003;8.800919e-002
1.430018e+003;8.804962e-002
1.430500e+003;8.808827e-002
1.430983e+003;8.812653e-002
1.431465e+003;8.816421e-002
1.431947e+003;8.819974e-002
1.432429e+003;8.823125e-002
1.432911e+003;8.825773e-002
1.433393e+003;8.828047e-002
1.433875e+003;8.830410e-002
1.434358e+003;8.833553e-002
1.434840e+003;8.838134e-002
1.435322e+003;8.844562e-002
1.435804e+003;8.852747e-002
1.436286e+003;8.862000e-002
1.436768e+003;8.871213e-002
1.437250e+003;8.879253e-002
1.437732e+003;8.885241e-002
1.438215e+003;8.888857e-002
1.438697e+003;8.890365e-002
1.439179e+003;8.890436e-002
1.439661e+003;8.889905e-002
1.440143e+003;8.889440e-002
1.440625e+003;8.889424e-002
1.441107e+003;8.889882e-002
1.441590e+003;8.890583e-002
1.442072e+003;8.891255e-002
1.442554e+003;8.891708e-002
1.443036e+003;8.891866e-002
1.443518e+003;8.891816e-002
1.444000e+003;8.891680e-002
1.444482e+003;8.891661e-002
1.444965e+003;8.891893e-002
1.445447e+003;8.892592e-002
1.445929e+003;8.894011e-002
1.446411e+003;8.896410e-002
1.446893e+003;8.900054e-002
1.447375e+003;8.905086e-002
1.447857e+003;8.911397e-002
1.448340e+003;8.918693e-002
1.448822e+003;8.926505e-002
1.449304e+003;8.934338e-002
1.449786e+003;8.941806e-002
1.450268e+003;8.948756e-002
1.450750e+003;8.955067e-002
1.451232e+003;8.960783e-002
1.451715e+003;8.965854e-002
1.452197e+003;8.970221e-002
1.452679e+003;8.973829e-002
1.453161e+003;8.976798e-002
1.453643e+003;8.979449e-002
1.454125e+003;8.982365e-002
1.454607e+003;8.986244e-002
1.455089e+003;8.991656e-002
1.455572e+003;8.998734e-002
1.456054e+003;9.007039e-002
1.456536e+003;9.015644e-002
1.457018e+003;9.023253e-002
1.457500e+003;9.028722e-002
1.457982e+003;9.031366e-002
1.458464e+003;9.031080e-002
1.458947e+003;9.028395e-002
1.459429e+003;9.024085e-002
1.459911e+003;9.018990e-002
1.460393e+003;9.013753e-002
1.460875e+003;9.008783e-002
1.461357e+003;9.004241e-002
1.461839e+003;9.000261e-002
1.462322e+003;8.996994e-002
1.462804e+003;8.994589e-002
1.463286e+003;8.993258e-002
1.463768e+003;8.993031e-002
1.464250e+003;8.993746e-002
1.464732e+003;8.995047e-002
1.465214e+003;8.996464e-002
1.465697e+003;8.997538e-002
1.466179e+003;8.997943e-002
1.466661e+003;8.997508e-002
1.467143e+003;8.996227e-002
1.467625e+003;8.994084e-002
1.468107e+003;8.991089e-002
1.468589e+003;8.987217e-002
1.469072e+003;8.982535e-002
1.469553e+003;8.977301e-002
1.470036e+003;8.971921e-002
1.470518e+003;8.966991e-002
1.471000e+003;8.963034e-002
1.471482e+003;8.960404e-002
1.471964e+003;8.959061e-002
1.472446e+003;8.958711e-002
1.472928e+003;8.958635e-002
1.473411e+003;8.958311e-002
1.473893e+003;8.957366e-002
1.474375e+003;8.955751e-002
1.474857e+003;8.953755e-002
1.475339e+003;8.951815e-002
1.475821e+003;8.950258e-002
1.476303e+003;8.949217e-002
1.476786e+003;8.948574e-002
1.477268e+003;8.948140e-002
1.477750e+003;8.947717e-002
1.478232e+003;8.947287e-002
1.478714e+003;8.947106e-002
1.479196e+003;8.947562e-002
1.479678e+003;8.948985e-002
1.480161e+003;8.951586e-002
1.480643e+003;8.955256e-002
1.481125e+003;8.959658e-002
1.481607e+003;8.964261e-002
1.482089e+003;8.968594e-002
1.482571e+003;8.972320e-002
1.483053e+003;8.975367e-002
1.483536e+003;8.977890e-002
1.484018e+003;8.980139e-002
1.484500e+003;8.982504e-002
1.484982e+003;8.985308e-002
1.485464e+003;8.988763e-002
1.485946e+003;8.993046e-002
1.486428e+003;8.998203e-002
1.486910e+003;9.004262e-002
1.487393e+003;9.011187e-002
1.487875e+003;9.018847e-002
1.488357e+003;9.027121e-002
1.488839e+003;9.035842e-002
1.489321e+003;9.044757e-002
1.489803e+003;9.053537e-002
1.490285e+003;9.061807e-002
1.490768e+003;9.069147e-002
1.491250e+003;9.075161e-002
1.491732e+003;9.079631e-002
1.492214e+003;9.082559e-002
1.492696e+003;9.084351e-002
1.493178e+003;9.085674e-002
1.493660e+003;9.087498e-002
1.494143e+003;9.090773e-002
1.494625e+003;9.096286e-002
1.495107e+003;9.104380e-002
1.495589e+003;9.114801e-002
1.496071e+003;9.126832e-002
1.496553e+003;9.139498e-002
1.497035e+003;9.151801e-002
1.497518e+003;9.163053e-002
1.498000e+003;9.173010e-002
1.498482e+003;9.181824e-002
1.498964e+003;9.189913e-002
1.499446e+003;9.197734e-002
1.499928e+003;9.205453e-002
1.500410e+003;9.213014e-002
1.500893e+003;9.220222e-002
1.501375e+003;9.226689e-002
1.501857e+003;9.232255e-002
1.502339e+003;9.237061e-002
1.502821e+003;9.241585e-002
1.503303e+003;9.246633e-002
1.503785e+003;9.253151e-002
1.504267e+003;9.262024e-002
1.504750e+003;9.273811e-002
1.505232e+003;9.288566e-002
1.505714e+003;9.305742e-002
1.506196e+003;9.324299e-002
1.506678e+003;9.342841e-002
1.507160e+003;9.359998e-002
1.507642e+003;9.374807e-002
1.508125e+003;9.386841e-002
1.508607e+003;9.396374e-002
1.509089e+003;9.404138e-002
1.509571e+003;9.411223e-002
1.510053e+003;9.418604e-002
1.510535e+003;9.427042e-002
1.511017e+003;9.436824e-002
1.511500e+003;9.447795e-002
1.511982e+003;9.459411e-002
1.512464e+003;9.471099e-002
1.512946e+003;9.482386e-002
1.513428e+003;9.493212e-002
1.513910e+003;9.503829e-002
1.514392e+003;9.514789e-002
1.514875e+003;9.526619e-002
1.515357e+003;9.539671e-002
1.515839e+003;9.553863e-002
1.516321e+003;9.568642e-002
1.516803e+003;9.583251e-002
1.517285e+003;9.596933e-002
1.517767e+003;9.609302e-002
1.518250e+003;9.620493e-002
1.518731e+003;9.631216e-002
1.519214e+003;9.642442e-002
1.519696e+003;9.655270e-002
1.520178e+003;9.670287e-002
1.520660e+003;9.687543e-002
1.521142e+003;9.706314e-002
1.521624e+003;9.725442e-002
1.522106e+003;9.743732e-002
1.522589e+003;9.760302e-002
1.523071e+003;9.774970e-002
1.523553e+003;9.788217e-002
1.524035e+003;9.800956e-002
1.524517e+003;9.814141e-002
1.524999e+003;9.828497e-002
1.525481e+003;9.844266e-002
1.525964e+003;9.861199e-002
1.526446e+003;9.878812e-002
1.526928e+003;9.896521e-002
1.527410e+003;9.913985e-002
1.527892e+003;9.931082e-002
1.528374e+003;9.947882e-002
1.528856e+003;9.964497e-002
1.529339e+003;9.980975e-002
1.529821e+003;9.997292e-002
1.530303e+003;1.001343e-001
1.530785e+003;1.002958e-001
1.531267e+003;1.004618e-001
1.531749e+003;1.006381e-001
1.532231e+003;1.008305e-001
1.532714e+003;1.010408e-001
1.533196e+003;1.012649e-001
1.533678e+003;1.014923e-001
1.534160e+003;1.017093e-001
1.534642e+003;1.019037e-001
1.535124e+003;1.020689e-001
1.535606e+003;1.022085e-001
1.536088e+003;1.023343e-001
1.536571e+003;1.024644e-001
1.537053e+003;1.026172e-001
1.537535e+003;1.028068e-001
1.538017e+003;1.030393e-001
1.538499e+003;1.033115e-001
1.538981e+003;1.036128e-001
1.539463e+003;1.039284e-001
1.539946e+003;1.042451e-001
1.540428e+003;1.045529e-001
1.540910e+003;1.048468e-001
1.541392e+003;1.051263e-001
1.541874e+003;1.053935e-001
1.542356e+003;1.056523e-001
1.542838e+003;1.059062e-001
1.543321e+003;1.061588e-001
1.543803e+003;1.064129e-001
1.544285e+003;1.066697e-001
1.544767e+003;1.069283e-001
1.545249e+003;1.071860e-001
1.545731e+003;1.074396e-001
1.546213e+003;1.076869e-001
1.546696e+003;1.079278e-001
1.547178e+003;1.081664e-001
1.547660e+003;1.084083e-001
1.548142e+003;1.086598e-001
1.548624e+003;1.089250e-001
1.549106e+003;1.092031e-001
1.549588e+003;1.094905e-001
1.550071e+003;1.097802e-001
1.550552e+003;1.100675e-001
1.551035e+003;1.103512e-001
1.551517e+003;1.106346e-001
1.551999e+003;1.109243e-001
1.552481e+003;1.112253e-001
1.552963e+003;1.115394e-001
1.553445e+003;1.118615e-001
1.553927e+003;1.121808e-001
1.554410e+003;1.124864e-001
1.554892e+003;1.127705e-001
1.555374e+003;1.130348e-001
1.555856e+003;1.132901e-001
1.556338e+003;1.135559e-001
1.556820e+003;1.138531e-001
1.557302e+003;1.141995e-001
1.557785e+003;1.146020e-001
1.558267e+003;1.150546e-001
1.558749e+003;1.155390e-001
1.559231e+003;1.160297e-001
1.559713e+003;1.165014e-001
1.560195e+003;1.169360e-001
1.560677e+003;1.173275e-001
1.561160e+003;1.176801e-001
1.561642e+003;1.180062e-001
1.562124e+003;1.183214e-001
1.562606e+003;1.186407e-001
1.563088e+003;1.189756e-001
1.563570e+003;1.193320e-001
1.564052e+003;1.197112e-001
1.564535e+003;1.201101e-001
1.565017e+003;1.205232e-001
1.565499e+003;1.209447e-001
1.565981e+003;1.213708e-001
1.566463e+003;1.218004e-001
1.566945e+003;1.222361e-001
1.567427e+003;1.226826e-001
1.567909e+003;1.231456e-001
1.568392e+003;1.236296e-001
1.568874e+003;1.241365e-001
1.569356e+003;1.246635e-001
1.569838e+003;1.252038e-001
1.570320e+003;1.257479e-001
1.570802e+003;1.262851e-001
1.571284e+003;1.268076e-001
1.571767e+003;1.273118e-001
1.572249e+003;1.278005e-001
1.572731e+003;1.282832e-001
1.573213e+003;1.287742e-001
1.573695e+003;1.292903e-001
1.574177e+003;1.298461e-001
1.574659e+003;1.304504e-001
1.575142e+003;1.311019e-001
1.575624e+003;1.317893e-001
1.576106e+003;1.324929e-001
1.576588e+003;1.331909e-001
1.577070e+003;1.338648e-001
1.577552e+003;1.345063e-001
1.578034e+003;1.351182e-001
1.578517e+003;1.357126e-001
1.578999e+003;1.363065e-001
1.579481e+003;1.369164e-001
1.579963e+003;1.375540e-001
1.580445e+003;1.382237e-001
1.580927e+003;1.389236e-001
1.581409e+003;1.396485e-001
1.581892e+003;1.403926e-001
1.582374e+003;1.411524e-001
1.582856e+003;1.419271e-001
1.583338e+003;1.427181e-001
1.583820e+003;1.435257e-001
1.584302e+003;1.443494e-001
1.584784e+003;1.451862e-001
1.585266e+003;1.460328e-001
1.585749e+003;1.468869e-001
1.586231e+003;1.477480e-001
1.586713e+003;1.486183e-001
1.587195e+003;1.495007e-001
1.587677e+003;1.503983e-001
1.588159e+003;1.513122e-001
1.588641e+003;1.522420e-001
1.589124e+003;1.531864e-001
1.589606e+003;1.541454e-001
1.590088e+003;1.551201e-001
1.590570e+003;1.561130e-001
1.591052e+003;1.571272e-001
1.591534e+003;1.581639e-001
1.592016e+003;1.592225e-001
1.592499e+003;1.603000e-001
1.592981e+003;1.613933e-001
1.593463e+003;1.625003e-001
1.593945e+003;1.636214e-001
1.594427e+003;1.647594e-001
1.594909e+003;1.659181e-001
1.595391e+003;1.670994e-001
1.595874e+003;1.683033e-001
1.596356e+003;1.695266e-001
1.596838e+003;1.707653e-001
1.597320e+003;1.720160e-001
1.597802e+003;1.732786e-001
1.598284e+003;1.745555e-001
1.598766e+003;1.758517e-001
1.599249e+003;1.771712e-001
1.599730e+003;1.785155e-001
1.600213e+003;1.798832e-001
1.600695e+003;1.812700e-001
1.601177e+003;1.826714e-001
1.601659e+003;1.840840e-001
1.602141e+003;1.855074e-001
1.602623e+003;1.869425e-001
1.603105e+003;1.883919e-001
1.603588e+003;1.898573e-001
1.604070e+003;1.913393e-001
1.604552e+003;1.928377e-001
1.605034e+003;1.943533e-001
1.605516e+003;1.958881e-001
1.605998e+003;1.974448e-001
1.606480e+003;1.990259e-001
1.606963e+003;2.006316e-001
1.607445e+003;2.022582e-001
1.607927e+003;2.039002e-001
1.608409e+003;2.055501e-001
1.608891e+003;2.072030e-001
1.609373e+003;2.088587e-001
1.609855e+003;2.105204e-001
1.610338e+003;2.121933e-001
1.610820e+003;2.138801e-001
1.611302e+003;2.155784e-001
1.611784e+003;2.172807e-001
1.612266e+003;2.189758e-001
1.612748e+003;2.206552e-001
1.613230e+003;2.223168e-001
1.613713e+003;2.239682e-001
1.614195e+003;2.256243e-001
1.614677e+003;2.273032e-001
1.615159e+003;2.290183e-001
1.615641e+003;2.307729e-001
1.616123e+003;2.325573e-001
1.616605e+003;2.343515e-001
1.617087e+003;2.361303e-001
1.617570e+003;2.378715e-001
1.618052e+003;2.395622e-001
1.618534e+003;2.411999e-001
1.619016e+003;2.427899e-001
1.619498e+003;2.443422e-001
1.619980e+003;2.458670e-001
1.620462e+003;2.473730e-001
1.620945e+003;2.488661e-001
1.621427e+003;2.503489e-001
1.621909e+003;2.518216e-001
1.622391e+003;2.532820e-001
1.622873e+003;2.547235e-001
1.623355e+003;2.561365e-001
1.623837e+003;2.575103e-001
1.624320e+003;2.588350e-001
1.624802e+003;2.601056e-001
1.625284e+003;2.613231e-001
1.625766e+003;2.624936e-001
1.626248e+003;2.636260e-001
1.626730e+003;2.647265e-001
1.627212e+003;2.657965e-001
1.627695e+003;2.668298e-001
1.628177e+003;2.678162e-001
1.628659e+003;2.687451e-001
1.629141e+003;2.696086e-001
1.629623e+003;2.704057e-001
1.630105e+003;2.711394e-001
1.630587e+003;2.718156e-001
1.631070e+003;2.724388e-001
1.631552e+003;2.730100e-001
1.632034e+003;2.735287e-001
1.632516e+003;2.739938e-001
1.632998e+003;2.744083e-001
1.633480e+003;2.747784e-001
1.633962e+003;2.751139e-001
1.634444e+003;2.754209e-001
1.634927e+003;2.757007e-001
1.635409e+003;2.759448e-001
1.635891e+003;2.761375e-001
1.636373e+003;2.762621e-001
1.636855e+003;2.763058e-001
1.637337e+003;2.762654e-001
1.637819e+003;2.761482e-001
1.638302e+003;2.759669e-001
1.638784e+003;2.757346e-001
1.639266e+003;2.754595e-001
1.639748e+003;2.751431e-001
1.640230e+003;2.747813e-001
1.640712e+003;2.743683e-001
1.641194e+003;2.739010e-001
1.641677e+003;2.733817e-001
1.642159e+003;2.728164e-001
1.642641e+003;2.722132e-001
1.643123e+003;2.715779e-001
1.643605e+003;2.709121e-001
1.644087e+003;2.702150e-001
1.644569e+003;2.694848e-001
1.645052e+003;2.687206e-001
1.645534e+003;2.679251e-001
1.646016e+003;2.671015e-001
1.646498e+003;2.662520e-001
1.646980e+003;2.653735e-001
1.647462e+003;2.644589e-001
1.647944e+003;2.634981e-001
1.648427e+003;2.624841e-001
1.648908e+003;2.614161e-001
1.649391e+003;2.603035e-001
1.649873e+003;2.591625e-001
1.650355e+003;2.580135e-001
1.650837e+003;2.568743e-001
1.651319e+003;2.557562e-001
1.651801e+003;2.546587e-001
1.652283e+003;2.535720e-001
1.652766e+003;2.524783e-001
1.653248e+003;2.513593e-001
1.653730e+003;2.502005e-001
1.654212e+003;2.489950e-001
1.654694e+003;2.477430e-001
1.655176e+003;2.464497e-001
1.655658e+003;2.451230e-001
1.656141e+003;2.437718e-001
1.656623e+003;2.424045e-001
1.657105e+003;2.410285e-001
1.657587e+003;2.396495e-001
1.658069e+003;2.382704e-001
1.658551e+003;2.368911e-001
1.659033e+003;2.355094e-001
1.659516e+003;2.341218e-001
1.659998e+003;2.327265e-001
1.660480e+003;2.313237e-001
1.660962e+003;2.299162e-001
1.661444e+003;2.285076e-001
1.661926e+003;2.271002e-001
1.662408e+003;2.256935e-001
1.662891e+003;2.242839e-001
1.663373e+003;2.228651e-001
1.663855e+003;2.214324e-001
1.664337e+003;2.199843e-001
1.664819e+003;2.185237e-001
1.665301e+003;2.170570e-001
1.665783e+003;2.155917e-001
1.666265e+003;2.141346e-001
1.666748e+003;2.126888e-001
1.667230e+003;2.112547e-001
1.667712e+003;2.098303e-001
1.668194e+003;2.084121e-001
1.668676e+003;2.069975e-001
1.669158e+003;2.055823e-001
1.669640e+003;2.041633e-001
1.670123e+003;2.027358e-001
1.670605e+003;2.012953e-001
1.671087e+003;1.998386e-001
1.671569e+003;1.983666e-001
1.672051e+003;1.968846e-001
1.672533e+003;1.954013e-001
1.673015e+003;1.939276e-001
1.673498e+003;1.924720e-001
1.673980e+003;1.910373e-001
1.674462e+003;1.896202e-001
1.674944e+003;1.882126e-001
1.675426e+003;1.868049e-001
1.675908e+003;1.853901e-001
1.676390e+003;1.839671e-001
1.676873e+003;1.825397e-001
1.677355e+003;1.811145e-001
1.677837e+003;1.796973e-001
1.678319e+003;1.782897e-001
1.678801e+003;1.768887e-001
1.679283e+003;1.754887e-001
1.679765e+003;1.740842e-001
1.680248e+003;1.726731e-001
1.680729e+003;1.712576e-001
1.681212e+003;1.698453e-001
1.681694e+003;1.684455e-001
1.682176e+003;1.670670e-001
1.682658e+003;1.657140e-001
1.683140e+003;1.643863e-001
1.683622e+003;1.630782e-001
1.684104e+003;1.617809e-001
1.684587e+003;1.604835e-001
1.685069e+003;1.591778e-001
1.685551e+003;1.578586e-001
1.686033e+003;1.565253e-001
1.686515e+003;1.551819e-001
1.686997e+003;1.538357e-001
1.687479e+003;1.524959e-001
1.687962e+003;1.511707e-001
1.688444e+003;1.498667e-001
1.688926e+003;1.485860e-001
1.689408e+003;1.473253e-001
1.689890e+003;1.460778e-001
1.690372e+003;1.448345e-001
1.690854e+003;1.435871e-001
1.691337e+003;1.423323e-001
1.691819e+003;1.410716e-001
1.692301e+003;1.398120e-001
1.692783e+003;1.385641e-001
1.693265e+003;1.373387e-001
1.693747e+003;1.361442e-001
1.694229e+003;1.349832e-001
1.694712e+003;1.338526e-001
1.695194e+003;1.327426e-001
1.695676e+003;1.316405e-001
1.696158e+003;1.305335e-001
1.696640e+003;1.294143e-001
1.697122e+003;1.282826e-001
1.697604e+003;1.271461e-001
1.698086e+003;1.260186e-001
1.698569e+003;1.249153e-001
1.699051e+003;1.238486e-001
1.699533e+003;1.228213e-001
1.700015e+003;1.218271e-001
1.700497e+003;1.208493e-001
1.700979e+003;1.198683e-001
1.701461e+003;1.188679e-001
1.701944e+003;1.178427e-001
1.702426e+003;1.167990e-001
1.702908e+003;1.157523e-001
1.703390e+003;1.147216e-001
1.703872e+003;1.137226e-001
1.704354e+003;1.127624e-001
1.704836e+003;1.118378e-001
1.705319e+003;1.109385e-001
1.705801e+003;1.100512e-001
1.706283e+003;1.091663e-001
1.706765e+003;1.082811e-001
1.707247e+003;1.073984e-001
1.707729e+003;1.065248e-001
1.708211e+003;1.056654e-001
1.708694e+003;1.048209e-001
1.709176e+003;1.039877e-001
1.709658e+003;1.031607e-001
1.710140e+003;1.023363e-001
1.710622e+003;1.015147e-001
1.711104e+003;1.007001e-001
1.711586e+003;9.989750e-002
1.712069e+003;9.911024e-002
1.712551e+003;9.833769e-002
1.713033e+003;9.757518e-002
1.713515e+003;9.681714e-002
1.713997e+003;9.606155e-002
1.714479e+003;9.531099e-002
1.714961e+003;9.457430e-002
1.715443e+003;9.386238e-002
1.715926e+003;9.318392e-002
1.716408e+003;9.254137e-002
1.716890e+003;9.192879e-002
1.717372e+003;9.133326e-002
1.717854e+003;9.074056e-002
1.718336e+003;9.013881e-002
1.718818e+003;8.952270e-002
1.719301e+003;8.889390e-002
1.719783e+003;8.825837e-002
1.720265e+003;8.762426e-002
1.720747e+003;8.699853e-002
1.721229e+003;8.638629e-002
1.721711e+003;8.579042e-002
1.722193e+003;8.521239e-002
1.722676e+003;8.465251e-002
1.723158e+003;8.410970e-002
1.723640e+003;8.358060e-002
1.724122e+003;8.306047e-002
1.724604e+003;8.254355e-002
1.725086e+003;8.202577e-002
1.725568e+003;8.150616e-002
1.726051e+003;8.098841e-002
1.726533e+003;8.047888e-002
1.727015e+003;7.998410e-002
1.727497e+003;7.950779e-002
1.727979e+003;7.904800e-002
1.728461e+003;7.859819e-002
1.728943e+003;7.814883e-002
1.729426e+003;7.769278e-002
1.729907e+003;7.722783e-002
1.730390e+003;7.675935e-002
1.730872e+003;7.629833e-002
1.731354e+003;7.585857e-002
1.731836e+003;7.545135e-002
1.732318e+003;7.508342e-002
1.732800e+003;7.475287e-002
1.733282e+003;7.445063e-002
1.733765e+003;7.416219e-002
1.734247e+003;7.387065e-002
1.734729e+003;7.356094e-002
1.735211e+003;7.322278e-002
1.735693e+003;7.285390e-002
1.736175e+003;7.245859e-002
1.736657e+003;7.204832e-002
1.737140e+003;7.163770e-002
1.737622e+003;7.124054e-002
1.738104e+003;7.086491e-002
1.738586e+003;7.051012e-002
1.739068e+003;7.016480e-002
1.739550e+003;6.981041e-002
1.740032e+003;6.942800e-002
1.740515e+003;6.900610e-002
1.740997e+003;6.854801e-002
1.741479e+003;6.807197e-002
1.741961e+003;6.760702e-002
1.742443e+003;6.718457e-002
1.742925e+003;6.682698e-002
1.743407e+003;6.654171e-002
1.743890e+003;6.631865e-002
1.744372e+003;6.613367e-002
1.744854e+003;6.595843e-002
1.745336e+003;6.576861e-002
1.745818e+003;6.555080e-002
1.746300e+003;6.530310e-002
1.746782e+003;6.503320e-002
1.747264e+003;6.475200e-002
1.747747e+003;6.446952e-002
1.748229e+003;6.419294e-002
1.748711e+003;6.392543e-002
1.749193e+003;6.366872e-002
1.749675e+003;6.342521e-002
1.750157e+003;6.319649e-002
1.750639e+003;6.298342e-002
1.751122e+003;6.278289e-002
1.751604e+003;6.258810e-002
1.752086e+003;6.239004e-002
1.752568e+003;6.218046e-002
1.753050e+003;6.195551e-002
1.753532e+003;6.171732e-002
1.754014e+003;6.147323e-002
1.754497e+003;6.123243e-002
1.754979e+003;6.100201e-002
1.755461e+003;6.078334e-002
1.755943e+003;6.057209e-002
1.756425e+003;6.036073e-002
1.756907e+003;6.014188e-002
1.757389e+003;5.991289e-002
1.757872e+003;5.967686e-002
1.758354e+003;5.944158e-002
1.758836e+003;5.921736e-002
1.759318e+003;5.901321e-002
1.759800e+003;5.883299e-002
1.760282e+003;5.867553e-002
1.760764e+003;5.853539e-002
1.761247e+003;5.840433e-002
1.761729e+003;5.827333e-002
1.762211e+003;5.813468e-002
1.762693e+003;5.798184e-002
1.763175e+003;5.781145e-002
1.763657e+003;5.762298e-002
1.764139e+003;5.742000e-002
1.764621e+003;5.720938e-002
1.765104e+003;5.700107e-002
1.765586e+003;5.680462e-002
1.766068e+003;5.662688e-002
1.766550e+003;5.646931e-002
1.767032e+003;5.632713e-002
1.767514e+003;5.619137e-002
1.767996e+003;5.605223e-002
1.768479e+003;5.590340e-002
1.768961e+003;5.574485e-002
1.769443e+003;5.558306e-002
1.769925e+003;5.542793e-002
1.770407e+003;5.528928e-002
1.770889e+003;5.517156e-002
1.771371e+003;5.507233e-002
1.771854e+003;5.498251e-002
1.772336e+003;5.489056e-002
1.772818e+003;5.478579e-002
1.773300e+003;5.466233e-002
1.773782e+003;5.452067e-002
1.774264e+003;5.436622e-002
1.774746e+003;5.420653e-002
1.775229e+003;5.404843e-002
1.775711e+003;5.389638e-002
1.776193e+003;5.375275e-002
1.776675e+003;5.361839e-002
1.777157e+003;5.349315e-002
1.777639e+003;5.337725e-002
1.778121e+003;5.327058e-002
1.778604e+003;5.317221e-002
1.779085e+003;5.307996e-002
1.779568e+003;5.298989e-002
1.780050e+003;5.289821e-002
1.780532e+003;5.280211e-002
1.781014e+003;5.270060e-002
1.781496e+003;5.259545e-002
1.781978e+003;5.249000e-002
1.782460e+003;5.238784e-002
1.782943e+003;5.229147e-002
1.783425e+003;5.220162e-002
1.783907e+003;5.211678e-002
1.784389e+003;5.203438e-002
1.784871e+003;5.195110e-002
1.785353e+003;5.186481e-002
1.785835e+003;5.177405e-002
1.786318e+003;5.167940e-002
1.786800e+003;5.158129e-002
1.787282e+003;5.148204e-002
1.787764e+003;5.138372e-002
1.788246e+003;5.128882e-002
1.788728e+003;5.119945e-002
1.789210e+003;5.111778e-002
1.789693e+003;5.104542e-002
1.790175e+003;5.098216e-002
1.790657e+003;5.092722e-002
1.791139e+003;5.087845e-002
1.791621e+003;5.083321e-002
1.792103e+003;5.078806e-002
1.792585e+003;5.074036e-002
1.793067e+003;5.068806e-002
1.793550e+003;5.063059e-002
1.794032e+003;5.056803e-002
1.794514e+003;5.050148e-002
1.794996e+003;5.043199e-002
1.795478e+003;5.036087e-002
1.795960e+003;5.028947e-002
1.796442e+003;5.021803e-002
1.796925e+003;5.014630e-002
1.797407e+003;5.007447e-002
1.797889e+003;5.000310e-002
1.798371e+003;4.993280e-002
1.798853e+003;4.986536e-002
1.799335e+003;4.980228e-002
1.799817e+003;4.974502e-002
1.800300e+003;4.969375e-002
1.800782e+003;4.964673e-002
1.801264e+003;4.960176e-002
1.801746e+003;4.955622e-002
1.802228e+003;4.950808e-002
1.802710e+003;4.945712e-002
1.803192e+003;4.940474e-002
1.803675e+003;4.935289e-002
1.804157e+003;4.930344e-002
1.804639e+003;4.925657e-002
1.805121e+003;4.921063e-002
1.805603e+003;4.916345e-002
1.806085e+003;4.911223e-002
1.806567e+003;4.905607e-002
1.807050e+003;4.899580e-002
1.807531e+003;4.893494e-002
1.808014e+003;4.887785e-002
1.808496e+003;4.882826e-002
1.808978e+003;4.878809e-002
1.809460e+003;4.875720e-002
1.809942e+003;4.873248e-002
1.810424e+003;4.870940e-002
1.810906e+003;4.868286e-002
1.811389e+003;4.864774e-002
1.811871e+003;4.859990e-002
1.812353e+003;4.853746e-002
1.812835e+003;4.846010e-002
1.813317e+003;4.837096e-002
1.813799e+003;4.827569e-002
1.814281e+003;4.818230e-002
1.814764e+003;4.809968e-002
1.815246e+003;4.803459e-002
1.815728e+003;4.799160e-002
1.816210e+003;4.797031e-002
1.816692e+003;4.796674e-002
1.817174e+003;4.797423e-002
1.817656e+003;4.798638e-002
1.818139e+003;4.799911e-002
1.818621e+003;4.801132e-002
1.819103e+003;4.802418e-002
1.819585e+003;4.803915e-002
1.820067e+003;4.805573e-002
1.820549e+003;4.807050e-002
1.821031e+003;4.807958e-002
1.821514e+003;4.807789e-002
1.821996e+003;4.806295e-002
1.822478e+003;4.803640e-002
1.822960e+003;4.800303e-002
1.823442e+003;4.796861e-002
1.823924e+003;4.793750e-002
1.824406e+003;4.791139e-002
1.824888e+003;4.788911e-002
1.825371e+003;4.786725e-002
1.825853e+003;4.784372e-002
1.826335e+003;4.781843e-002
1.826817e+003;4.779299e-002
1.827299e+003;4.777160e-002
1.827781e+003;4.775641e-002
1.828263e+003;4.774823e-002
1.828746e+003;4.774371e-002
1.829228e+003;4.773789e-002
1.829710e+003;4.772633e-002
1.830192e+003;4.770612e-002
1.830674e+003;4.767748e-002
1.831156e+003;4.764326e-002
1.831638e+003;4.760753e-002
1.832121e+003;4.757354e-002
1.832603e+003;4.754370e-002
1.833085e+003;4.751824e-002
1.833567e+003;4.749649e-002
1.834049e+003;4.747777e-002
1.834531e+003;4.746212e-002
1.835013e+003;4.744872e-002
1.835496e+003;4.743724e-002
1.835978e+003;4.742619e-002
1.836460e+003;4.741379e-002
1.836942e+003;4.739968e-002
1.837424e+003;4.738286e-002
1.837906e+003;4.736480e-002
1.838388e+003;4.734670e-002
1.838871e+003;4.732803e-002
1.839353e+003;4.730649e-002
1.839835e+003;4.727775e-002
1.840317e+003;4.723865e-002
1.840799e+003;4.718754e-002
1.841281e+003;4.712898e-002
1.841763e+003;4.707213e-002
1.842245e+003;4.703007e-002
1.842728e+003;4.701434e-002
1.843210e+003;4.703098e-002
1.843692e+003;4.707762e-002
1.844174e+003;4.714340e-002
1.844656e+003;4.721174e-002
1.845138e+003;4.726700e-002
1.845620e+003;4.729804e-002
1.846103e+003;4.730177e-002
1.846585e+003;4.728225e-002
1.847067e+003;4.724747e-002
1.847549e+003;4.720545e-002
1.848031e+003;4.716277e-002
1.848513e+003;4.712129e-002
1.848995e+003;4.708148e-002
1.849478e+003;4.704301e-002
1.849960e+003;4.700645e-002
1.850442e+003;4.697406e-002
1.850924e+003;4.694748e-002
1.851406e+003;4.692849e-002
1.851888e+003;4.691613e-002
1.852370e+003;4.690875e-002
1.852853e+003;4.690489e-002
1.853335e+003;4.690395e-002
1.853817e+003;4.690762e-002
1.854299e+003;4.691865e-002
1.854781e+003;4.693866e-002
1.855263e+003;4.696715e-002
1.855745e+003;4.699956e-002
1.856228e+003;4.702971e-002
1.856709e+003;4.705053e-002
1.857192e+003;4.705746e-002
1.857674e+003;4.705076e-002
1.858156e+003;4.703360e-002
1.858638e+003;4.701206e-002
1.859120e+003;4.699238e-002
1.859602e+003;4.698022e-002
1.860084e+003;4.697750e-002
1.860567e+003;4.698484e-002
1.861049e+003;4.700081e-002
1.861531e+003;4.702383e-002
1.862013e+003;4.705165e-002
1.862495e+003;4.708130e-002
1.862977e+003;4.710951e-002
1.863459e+003;4.713204e-002
1.863942e+003;4.714529e-002
1.864424e+003;4.714772e-002
1.864906e+003;4.714000e-002
1.865388e+003;4.712534e-002
1.865870e+003;4.710763e-002
1.866352e+003;4.709011e-002
1.866834e+003;4.707390e-002
1.867317e+003;4.705760e-002
1.867799e+003;4.703892e-002
1.868281e+003;4.701610e-002
1.868763e+003;4.699018e-002
1.869245e+003;4.696489e-002
1.869727e+003;4.694615e-002
1.870209e+003;4.693929e-002
1.870692e+003;4.694725e-002
1.871174e+003;4.696855e-002
1.871656e+003;4.699898e-002
1.872138e+003;4.703159e-002
1.872620e+003;4.706027e-002
1.873102e+003;4.708022e-002
1.873584e+003;4.708964e-002
1.874066e+003;4.708846e-002
1.874549e+003;4.707781e-002
1.875031e+003;4.705911e-002
1.875513e+003;4.703500e-002
1.875995e+003;4.700778e-002
1.876477e+003;4.698060e-002
1.876959e+003;4.695796e-002
1.877441e+003;4.694287e-002
1.877924e+003;4.693825e-002
1.878406e+003;4.694450e-002
1.878888e+003;4.696070e-002
1.879370e+003;4.698496e-002
1.879852e+003;4.701608e-002
1.880334e+003;4.705315e-002
1.880816e+003;4.709730e-002
1.881299e+003;4.714906e-002
1.881781e+003;4.720751e-002
1.882263e+003;4.727016e-002
1.882745e+003;4.733317e-002
1.883227e+003;4.738997e-002
1.883709e+003;4.743604e-002
1.884191e+003;4.746711e-002
1.884674e+003;4.748156e-002
1.885156e+003;4.747869e-002
1.885638e+003;4.745965e-002
1.886120e+003;4.742708e-002
1.886602e+003;4.738635e-002
1.887084e+003;4.734527e-002
1.887566e+003;4.731382e-002
1.888049e+003;4.730205e-002
1.888531e+003;4.731645e-002
1.889013e+003;4.735697e-002
1.889495e+003;4.741476e-002
1.889977e+003;4.747570e-002
1.890459e+003;4.752218e-002
1.890941e+003;4.754215e-002
1.891423e+003;4.753242e-002
1.891906e+003;4.750036e-002
1.892388e+003;4.746191e-002
1.892870e+003;4.743421e-002
1.893352e+003;4.743081e-002
1.893834e+003;4.745558e-002
1.894316e+003;4.750211e-002
1.894798e+003;4.755683e-002
1.895281e+003;4.760586e-002
1.895763e+003;4.763860e-002
1.896245e+003;4.765145e-002
1.896727e+003;4.764698e-002
1.897209e+003;4.763145e-002
1.897691e+003;4.761045e-002
1.898173e+003;4.758830e-002
1.898656e+003;4.756779e-002
1.899138e+003;4.755108e-002
1.899620e+003;4.754214e-002
1.900102e+003;4.754568e-002
1.900584e+003;4.756555e-002
1.901066e+003;4.760183e-002
1.901548e+003;4.764948e-002
1.902031e+003;4.769941e-002
1.902513e+003;4.774164e-002
1.902995e+003;4.777063e-002
1.903477e+003;4.778574e-002
1.903959e+003;4.779470e-002
1.904441e+003;4.780795e-002
1.904923e+003;4.783417e-002
1.905406e+003;4.787636e-002
1.905887e+003;4.793151e-002
1.906370e+003;4.799075e-002
1.906852e+003;4.804480e-002
1.907334e+003;4.808843e-002
1.907816e+003;4.812081e-002
1.908298e+003;4.814457e-002
1.908780e+003;4.816324e-002
1.909262e+003;4.817768e-002
1.909745e+003;4.818522e-002
1.910227e+003;4.818075e-002
1.910709e+003;4.816319e-002
1.911191e+003;4.813407e-002
1.911673e+003;4.810105e-002
1.912155e+003;4.807356e-002
1.912637e+003;4.805788e-002
1.913120e+003;4.805462e-002
1.913602e+003;4.805664e-002
1.914084e+003;4.805540e-002
1.914566e+003;4.804470e-002
1.915048e+003;4.802722e-002
1.915530e+003;4.801464e-002
1.916012e+003;4.802451e-002
1.916495e+003;4.807117e-002
1.916977e+003;4.815910e-002
1.917459e+003;4.827765e-002
1.917941e+003;4.840448e-002
1.918423e+003;4.851299e-002
1.918905e+003;4.858207e-002
1.919387e+003;4.860465e-002
1.919870e+003;4.858733e-002
1.920352e+003;4.854847e-002
1.920834e+003;4.850825e-002
1.921316e+003;4.848250e-002
1.921798e+003;4.847706e-002
1.922280e+003;4.849010e-002
1.922762e+003;4.851502e-002
1.923244e+003;4.854718e-002
1.923727e+003;4.858455e-002
1.924209e+003;4.863078e-002
1.924691e+003;4.868778e-002
1.925173e+003;4.875590e-002
1.925655e+003;4.883007e-002
1.926137e+003;4.890135e-002
1.926619e+003;4.896165e-002
1.927102e+003;4.900722e-002
1.927584e+003;4.903973e-002
1.928066e+003;4.906717e-002
1.928548e+003;4.909800e-002
1.929030e+003;4.913909e-002
1.929512e+003;4.919177e-002
1.929994e+003;4.925425e-002
1.930477e+003;4.932136e-002
1.930959e+003;4.939101e-002
1.931441e+003;4.946411e-002
1.931923e+003;4.954375e-002
1.932405e+003;4.963327e-002
1.932887e+003;4.973454e-002
1.933369e+003;4.984455e-002
1.933852e+003;4.995755e-002
1.934334e+003;5.006681e-002
1.934816e+003;5.016775e-002
1.935298e+003;5.025683e-002
1.935780e+003;5.033262e-002
1.936262e+003;5.039222e-002
1.936744e+003;5.043174e-002
1.937227e+003;5.044724e-002
1.937708e+003;5.043743e-002
1.938191e+003;5.040716e-002
1.938673e+003;5.036978e-002
1.939155e+003;5.034356e-002
1.939637e+003;5.034858e-002
1.940119e+003;5.039855e-002
1.940601e+003;5.049663e-002
1.941083e+003;5.063263e-002
1.941566e+003;5.078964e-002
1.942048e+003;5.094729e-002
1.942530e+003;5.109081e-002
1.943012e+003;5.121397e-002
1.943494e+003;5.131823e-002
1.943976e+003;5.140899e-002
1.944458e+003;5.148913e-002
1.944941e+003;5.155718e-002
1.945423e+003;5.160730e-002
1.945905e+003;5.163262e-002
1.946387e+003;5.163192e-002
1.946869e+003;5.161220e-002
1.947351e+003;5.158857e-002
1.947833e+003;5.158008e-002
1.948316e+003;5.160299e-002
1.948798e+003;5.166594e-002
1.949280e+003;5.176749e-002
1.949762e+003;5.189596e-002
1.950244e+003;5.203713e-002
1.950726e+003;5.217551e-002
1.951208e+003;5.229974e-002
1.951691e+003;5.240373e-002
1.952173e+003;5.248487e-002
1.952655e+003;5.254299e-002
1.953137e+003;5.257896e-002
1.953619e+003;5.259477e-002
1.954101e+003;5.259424e-002
1.954583e+003;5.258572e-002
1.955065e+003;5.258133e-002
1.955548e+003;5.259574e-002
1.956030e+003;5.264353e-002
1.956512e+003;5.273486e-002
1.956994e+003;5.287488e-002
1.957476e+003;5.305889e-002
1.957958e+003;5.327466e-002
1.958440e+003;5.350239e-002
1.958923e+003;5.372205e-002
1.959405e+003;5.391447e-002
1.959887e+003;5.406820e-002
1.960369e+003;5.418262e-002
1.960851e+003;5.426790e-002
1.961333e+003;5.434371e-002
1.961815e+003;5.443496e-002
1.962298e+003;5.456208e-002
1.962780e+003;5.473864e-002
1.963262e+003;5.496562e-002
1.963744e+003;5.523260e-002
1.964226e+003;5.551965e-002
1.964708e+003;5.580435e-002
1.965190e+003;5.606201e-002
1.965673e+003;5.627346e-002
1.966155e+003;5.642519e-002
1.966637e+003;5.650899e-002
1.967119e+003;5.652452e-002
1.967601e+003;5.648307e-002
1.968083e+003;5.640649e-002
1.968565e+003;5.632736e-002
1.969048e+003;5.628304e-002
1.969530e+003;5.630888e-002
1.970012e+003;5.642369e-002
1.970494e+003;5.662456e-002
1.970976e+003;5.688315e-002
1.971458e+003;5.715276e-002
1.971940e+003;5.737973e-002
1.972422e+003;5.752577e-002
1.972905e+003;5.757542e-002
1.973387e+003;5.754354e-002
1.973869e+003;5.747395e-002
1.974351e+003;5.742091e-002
1.974833e+003;5.743822e-002
1.975315e+003;5.756254e-002
1.975797e+003;5.780787e-002
1.976280e+003;5.816351e-002
1.976762e+003;5.859814e-002
1.977244e+003;5.906700e-002
1.977726e+003;5.952045e-002
1.978208e+003;5.990954e-002
1.978690e+003;6.019364e-002
1.979172e+003;6.034815e-002
1.979655e+003;6.036700e-002
1.980137e+003;6.026409e-002
1.980619e+003;6.007164e-002
1.981101e+003;5.983290e-002
1.981583e+003;5.959192e-002
1.982065e+003;5.938404e-002
1.982547e+003;5.923134e-002
1.983030e+003;5.913856e-002
1.983512e+003;5.909593e-002
1.983994e+003;5.909093e-002
1.984476e+003;5.911008e-002
1.984958e+003;5.914705e-002
1.985440e+003;5.920045e-002
1.985922e+003;5.927191e-002
1.986405e+003;5.936082e-002
1.986886e+003;5.946106e-002
1.987369e+003;5.956199e-002
1.987851e+003;5.965513e-002
1.988333e+003;5.973243e-002
1.988815e+003;5.979288e-002
1.989297e+003;5.984022e-002
1.989779e+003;5.987876e-002
1.990261e+003;5.991383e-002
1.990744e+003;5.994729e-002
1.991226e+003;5.997885e-002
1.991708e+003;6.000999e-002
1.992190e+003;6.004179e-002
1.992672e+003;6.007904e-002
1.993154e+003;6.012493e-002
1.993636e+003;6.017992e-002
1.994119e+003;6.023915e-002
1.994601e+003;6.029631e-002
1.995083e+003;6.034553e-002
1.995565e+003;6.038726e-002
1.996047e+003;6.042923e-002
1.996529e+003;6.048327e-002
1.997011e+003;6.055875e-002
1.997494e+003;6.065747e-002
1.997976e+003;6.076803e-002
1.998458e+003;6.087020e-002
1.998940e+003;6.094364e-002
1.999422e+003;6.097596e-002
1.999904e+003;6.097248e-002
2.000386e+003;6.095382e-002
2.000869e+003;6.094868e-002
2.001351e+003;6.098371e-002
2.001833e+003;6.106877e-002
2.002315e+003;6.119537e-002
2.002797e+003;6.133770e-002
2.003279e+003;6.147021e-002
2.003761e+003;6.157664e-002
2.004243e+003;6.166402e-002
2.004726e+003;6.175929e-002
2.005208e+003;6.189932e-002
2.005690e+003;6.211324e-002
2.006172e+003;6.240639e-002
2.006654e+003;6.275416e-002
2.007136e+003;6.310886e-002
2.007618e+003;6.341621e-002
2.008101e+003;6.363661e-002
2.008583e+003;6.375756e-002
2.009065e+003;6.379836e-002
2.009547e+003;6.379727e-002
2.010029e+003;6.379997e-002
2.010511e+003;6.384058e-002
2.010993e+003;6.393380e-002
2.011476e+003;6.407104e-002
2.011958e+003;6.422581e-002
2.012440e+003;6.436463e-002
2.012922e+003;6.445458e-002
2.013404e+003;6.447534e-002
2.013886e+003;6.442355e-002
2.014368e+003;6.431238e-002
2.014851e+003;6.417043e-002
2.015333e+003;6.403253e-002
2.015815e+003;6.393252e-002
2.016297e+003;6.389318e-002
2.016779e+003;6.392342e-002
2.017261e+003;6.401507e-002
2.017743e+003;6.415019e-002
2.018226e+003;6.430497e-002
2.018708e+003;6.446389e-002
2.019190e+003;6.462114e-002
2.019672e+003;6.478174e-002
2.020154e+003;6.495548e-002
2.020636e+003;6.515081e-002
2.021118e+003;6.536386e-002
2.021600e+003;6.558255e-002
2.022083e+003;6.578707e-002
2.022565e+003;6.595944e-002
2.023047e+003;6.608905e-002
2.023529e+003;6.617883e-002
2.024011e+003;6.623812e-002
2.024493e+003;6.627754e-002
2.024975e+003;6.630173e-002
2.025458e+003;6.630985e-002
2.025940e+003;6.629407e-002
2.026422e+003;6.625244e-002
2.026904e+003;6.618986e-002
2.027386e+003;6.612492e-002
2.027868e+003;6.608097e-002
2.028350e+003;6.607923e-002
2.028833e+003;6.612855e-002
2.029315e+003;6.622197e-002
2.029797e+003;6.633820e-002
2.030279e+003;6.645209e-002
2.030761e+003;6.654464e-002
2.031243e+003;6.661277e-002
2.031725e+003;6.666373e-002
2.032208e+003;6.671716e-002
2.032690e+003;6.678826e-002
2.033172e+003;6.688360e-002
2.033654e+003;6.699657e-002
2.034136e+003;6.711629e-002
2.034618e+003;6.722836e-002
2.035100e+003;6.732529e-002
2.035583e+003;6.741039e-002
2.036064e+003;6.748824e-002
2.036547e+003;6.756780e-002
2.037029e+003;6.765207e-002
2.037511e+003;6.774271e-002
2.037993e+003;6.784067e-002
2.038475e+003;6.794789e-002
2.038957e+003;6.806960e-002
2.039439e+003;6.821399e-002
2.039922e+003;6.838599e-002
2.040404e+003;6.857971e-002
2.040886e+003;6.878188e-002
2.041368e+003;6.896891e-002
2.041850e+003;6.911793e-002
2.042332e+003;6.920945e-002
2.042814e+003;6.923597e-002
2.043297e+003;6.919602e-002
2.043779e+003;6.909529e-002
2.044261e+003;6.893962e-002
2.044743e+003;6.873493e-002
2.045225e+003;6.848728e-002
2.045707e+003;6.821142e-002
2.046189e+003;6.793047e-002
2.046672e+003;6.767991e-002
2.047154e+003;6.749678e-002
2.047636e+003;6.741065e-002
2.048118e+003;6.742550e-002
2.048600e+003;6.751862e-002
2.049082e+003;6.763949e-002
2.049564e+003;6.772963e-002
2.050047e+003;6.773919e-002
2.050529e+003;6.764618e-002
2.051011e+003;6.746157e-002
2.051493e+003;6.722443e-002
2.051975e+003;6.699178e-002
2.052457e+003;6.681802e-002
2.052939e+003;6.674179e-002
2.053421e+003;6.677543e-002
2.053904e+003;6.690024e-002
2.054386e+003;6.707870e-002
2.054868e+003;6.726146e-002
2.055350e+003;6.740619e-002
2.055832e+003;6.748731e-002
2.056314e+003;6.750058e-002
2.056796e+003;6.746267e-002
2.057279e+003;6.740203e-002
2.057761e+003;6.735078e-002
2.058243e+003;6.733523e-002
2.058725e+003;6.736763e-002
2.059207e+003;6.744801e-002
2.059689e+003;6.756153e-002
2.060171e+003;6.768865e-002
2.060654e+003;6.780930e-002
2.061136e+003;6.790821e-002
2.061618e+003;6.798201e-002
2.062100e+003;6.803168e-002
2.062582e+003;6.806637e-002
2.063064e+003;6.809342e-002
2.063546e+003;6.811871e-002
2.064029e+003;6.814215e-002
2.064511e+003;6.816006e-002
2.064993e+003;6.816971e-002
2.065475e+003;6.816848e-002
2.065957e+003;6.816085e-002
2.066439e+003;6.815370e-002
2.066921e+003;6.815556e-002
2.067404e+003;6.817456e-002
2.067885e+003;6.821389e-002
2.068368e+003;6.827217e-002
2.068850e+003;6.834415e-002
2.069332e+003;6.842252e-002
2.069814e+003;6.850064e-002
2.070296e+003;6.857204e-002
2.070778e+003;6.863392e-002
2.071260e+003;6.868389e-002
2.071743e+003;6.872248e-002
2.072225e+003;6.875160e-002
2.072707e+003;6.877553e-002
2.073189e+003;6.879902e-002
2.073671e+003;6.882659e-002
2.074153e+003;6.886090e-002
2.074635e+003;6.890095e-002
2.075118e+003;6.894249e-002
2.075600e+003;6.897900e-002
2.076082e+003;6.900699e-002
2.076564e+003;6.902576e-002
2.077046e+003;6.904223e-002
2.077528e+003;6.906644e-002
2.078010e+003;6.911108e-002
2.078493e+003;6.918533e-002
2.078975e+003;6.929242e-002
2.079457e+003;6.942850e-002
2.079939e+003;6.958318e-002
2.080421e+003;6.974458e-002
2.080903e+003;6.990018e-002
2.081385e+003;7.004059e-002
2.081868e+003;7.015873e-002
2.082350e+003;7.024805e-002
2.082832e+003;7.030339e-002
2.083314e+003;7.031921e-002
2.083796e+003;7.029236e-002
2.084278e+003;7.022437e-002
2.084760e+003;7.012326e-002
2.085242e+003;7.000370e-002
2.085725e+003;6.988400e-002
2.086207e+003;6.978002e-002
2.086689e+003;6.970266e-002
2.087171e+003;6.965454e-002
2.087653e+003;6.963059e-002
2.088135e+003;6.962210e-002
2.088617e+003;6.961948e-002
2.089100e+003;6.961761e-002
2.089582e+003;6.961537e-002
2.090064e+003;6.961484e-002
2.090546e+003;6.961998e-002
2.091028e+003;6.963365e-002
2.091510e+003;6.965666e-002
2.091992e+003;6.968955e-002
2.092475e+003;6.973293e-002
2.092957e+003;6.978944e-002
2.093439e+003;6.986117e-002
2.093921e+003;6.995038e-002
2.094403e+003;7.005673e-002
2.094885e+003;7.017706e-002
2.095367e+003;7.030550e-002
2.095850e+003;7.043833e-002
2.096332e+003;7.057238e-002
2.096814e+003;7.070798e-002
2.097296e+003;7.084540e-002
2.097778e+003;7.098017e-002
2.098260e+003;7.110396e-002
2.098742e+003;7.120135e-002
2.099225e+003;7.125720e-002
2.099707e+003;7.126129e-002
2.100189e+003;7.121437e-002
2.100671e+003;7.113102e-002
2.101153e+003;7.103671e-002
2.101635e+003;7.096058e-002
2.102117e+003;7.092545e-002
2.102599e+003;7.094283e-002
2.103082e+003;7.100798e-002
2.103564e+003;7.110533e-002
2.104046e+003;7.121395e-002
2.104528e+003;7.131598e-002
2.105010e+003;7.140080e-002
2.105492e+003;7.146566e-002
2.105974e+003;7.151378e-002
2.106457e+003;7.155015e-002
2.106939e+003;7.157672e-002
2.107421e+003;7.159431e-002
2.107903e+003;7.160328e-002
2.108385e+003;7.160614e-002
2.108867e+003;7.160809e-002
2.109349e+003;7.161734e-002
2.109832e+003;7.163818e-002
2.110314e+003;7.166960e-002
2.110796e+003;7.170254e-002
2.111278e+003;7.172262e-002
2.111760e+003;7.171456e-002
2.112242e+003;7.166842e-002
2.112724e+003;7.158586e-002
2.113207e+003;7.147919e-002
2.113689e+003;7.136855e-002
2.114171e+003;7.127587e-002
2.114653e+003;7.121852e-002
2.115135e+003;7.120433e-002
2.115617e+003;7.123125e-002
2.116099e+003;7.128945e-002
2.116582e+003;7.136542e-002
2.117063e+003;7.144551e-002
2.117546e+003;7.151819e-002
2.118028e+003;7.157612e-002
2.118510e+003;7.161351e-002
2.118992e+003;7.162836e-002
2.119474e+003;7.162006e-002
2.119956e+003;7.159089e-002
2.120438e+003;7.154504e-002
2.120921e+003;7.149037e-002
2.121403e+003;7.143477e-002
2.121885e+003;7.138552e-002
2.122367e+003;7.134931e-002
2.122849e+003;7.132912e-002
2.123331e+003;7.132676e-002
2.123813e+003;7.134190e-002
2.124296e+003;7.137322e-002
2.124778e+003;7.141811e-002
2.125260e+003;7.147311e-002
2.125742e+003;7.153194e-002
2.126224e+003;7.158677e-002
2.126706e+003;7.163004e-002
2.127188e+003;7.165426e-002
2.127671e+003;7.165612e-002
2.128153e+003;7.163670e-002
2.128635e+003;7.160094e-002
2.129117e+003;7.155640e-002
2.129599e+003;7.151040e-002
2.130081e+003;7.146849e-002
2.130563e+003;7.143448e-002
2.131046e+003;7.141229e-002
2.131528e+003;7.140320e-002
2.132010e+003;7.141010e-002
2.132492e+003;7.143412e-002
2.132974e+003;7.147454e-002
2.133456e+003;7.152697e-002
2.133938e+003;7.158537e-002
2.134420e+003;7.164335e-002
2.134903e+003;7.169987e-002
2.135385e+003;7.175949e-002
2.135867e+003;7.183281e-002
2.136349e+003;7.193141e-002
2.136831e+003;7.206196e-002
2.137313e+003;7.222059e-002
2.137795e+003;7.239140e-002
2.138278e+003;7.255203e-002
2.138760e+003;7.267812e-002
2.139242e+003;7.275529e-002
2.139724e+003;7.278044e-002
2.140206e+003;7.276570e-002
2.140688e+003;7.272962e-002
2.141170e+003;7.268938e-002
2.141653e+003;7.265220e-002
2.142135e+003;7.261745e-002
2.142617e+003;7.257614e-002
2.143099e+003;7.252102e-002
2.143581e+003;7.245455e-002
2.144063e+003;7.239345e-002
2.144545e+003;7.236243e-002
2.145028e+003;7.238646e-002
2.145510e+003;7.248193e-002
2.145992e+003;7.264481e-002
2.146474e+003;7.285389e-002
2.146956e+003;7.307667e-002
2.147438e+003;7.327832e-002
2.147920e+003;7.343375e-002
2.148403e+003;7.353148e-002
2.148885e+003;7.357496e-002
2.149367e+003;7.357428e-002
2.149849e+003;7.354075e-002
2.150331e+003;7.347792e-002
2.150813e+003;7.338261e-002
2.151295e+003;7.324610e-002
2.151777e+003;7.306012e-002
2.152260e+003;7.282174e-002
2.152742e+003;7.253993e-002
2.153224e+003;7.223533e-002
2.153706e+003;7.193965e-002
2.154188e+003;7.169587e-002
2.154670e+003;7.155137e-002
2.155152e+003;7.155180e-002
2.155635e+003;7.173613e-002
2.156117e+003;7.212303e-002
2.156599e+003;7.270411e-002
2.157081e+003;7.343404e-002
2.157563e+003;7.424229e-002
2.158045e+003;7.503336e-002
2.158527e+003;7.572020e-002
2.159010e+003;7.624120e-002
2.159492e+003;7.657370e-002
2.159974e+003;7.673751e-002
2.160456e+003;7.677335e-002
2.160938e+003;7.673477e-002
2.161420e+003;7.666323e-002
2.161902e+003;7.658931e-002
2.162385e+003;7.652850e-002
2.162867e+003;7.648757e-002
2.163349e+003;7.646760e-002
2.163831e+003;7.645968e-002
2.164313e+003;7.645058e-002
2.164795e+003;7.642077e-002
2.165277e+003;7.634605e-002
2.165760e+003;7.620515e-002
2.166241e+003;7.599051e-002
2.166724e+003;7.570734e-002
2.167206e+003;7.537987e-002
2.167688e+003;7.503878e-002
2.168170e+003;7.471919e-002
2.168652e+003;7.444126e-002
2.169134e+003;7.420996e-002
2.169616e+003;7.401367e-002
2.170099e+003;7.382906e-002
2.170581e+003;7.363176e-002
2.171063e+003;7.340858e-002
2.171545e+003;7.315791e-002
2.172027e+003;7.289476e-002
2.172509e+003;7.264104e-002
2.172991e+003;7.242398e-002
2.173474e+003;7.226526e-002
2.173956e+003;7.217687e-002
2.174438e+003;7.215981e-002
2.174920e+003;7.220561e-002
2.175402e+003;7.229577e-002
2.175884e+003;7.240441e-002
2.176366e+003;7.250050e-002
2.176849e+003;7.255472e-002
2.177331e+003;7.254111e-002
2.177813e+003;7.244716e-002
2.178295e+003;7.227699e-002
2.178777e+003;7.205442e-002
2.179259e+003;7.181613e-002
2.179741e+003;7.160944e-002
2.180223e+003;7.147671e-002
2.180706e+003;7.144630e-002
2.181188e+003;7.152546e-002
2.181670e+003;7.169947e-002
2.182152e+003;7.193300e-002
2.182634e+003;7.218237e-002
2.183116e+003;7.240191e-002
2.183598e+003;7.255448e-002
2.184081e+003;7.261746e-002
2.184563e+003;7.258176e-002
2.185045e+003;7.245360e-002
2.185527e+003;7.225076e-002
2.186009e+003;7.199787e-002
2.186491e+003;7.172296e-002
2.186973e+003;7.145242e-002
2.187456e+003;7.120699e-002
2.187938e+003;7.099367e-002
2.188420e+003;7.081243e-002
2.188902e+003;7.065124e-002
2.189384e+003;7.049380e-002
2.189866e+003;7.032618e-002
2.190348e+003;7.014000e-002
2.190831e+003;6.993619e-002
2.191313e+003;6.972428e-002
2.191795e+003;6.951819e-002
2.192277e+003;6.933243e-002
2.192759e+003;6.917750e-002
2.193241e+003;6.905425e-002
2.193723e+003;6.895792e-002
2.194206e+003;6.887632e-002
2.194688e+003;6.879562e-002
2.195170e+003;6.870238e-002
2.195652e+003;6.858878e-002
2.196134e+003;6.845387e-002
2.196616e+003;6.830432e-002
2.197098e+003;6.815298e-002
2.197580e+003;6.801568e-002
2.198063e+003;6.790806e-002
2.198545e+003;6.784216e-002
2.199027e+003;6.782104e-002
2.199509e+003;6.784304e-002
2.199991e+003;6.789760e-002
2.200473e+003;6.797134e-002
2.200955e+003;6.804927e-002
2.201438e+003;6.811798e-002
2.201920e+003;6.816863e-002
2.202402e+003;6.819586e-002
2.202884e+003;6.819762e-002
2.203366e+003;6.817351e-002
2.203848e+003;6.812648e-002
2.204330e+003;6.805731e-002
2.204813e+003;6.796796e-002
2.205295e+003;6.785825e-002
2.205777e+003;6.772663e-002
2.206259e+003;6.756979e-002
2.206741e+003;6.738497e-002
2.207223e+003;6.717367e-002
2.207705e+003;6.694068e-002
2.208188e+003;6.670239e-002
2.208670e+003;6.648131e-002
2.209152e+003;6.630403e-002
2.209634e+003;6.619273e-002
2.210116e+003;6.615815e-002
2.210598e+003;6.619298e-002
2.211080e+003;6.627398e-002
2.211563e+003;6.636641e-002
2.212044e+003;6.643366e-002
2.212527e+003;6.645057e-002
2.213009e+003;6.640910e-002
2.213491e+003;6.632164e-002
2.213973e+003;6.621152e-002
2.214455e+003;6.610844e-002
2.214937e+003;6.603330e-002
2.215419e+003;6.599396e-002
2.215902e+003;6.598514e-002
2.216384e+003;6.599383e-002
2.216866e+003;6.600457e-002
2.217348e+003;6.600988e-002
2.217830e+003;6.601093e-002
2.218312e+003;6.601401e-002
2.218794e+003;6.602593e-002
2.219277e+003;6.604934e-002
2.219759e+003;6.607534e-002
2.220241e+003;6.608976e-002
2.220723e+003;6.607560e-002
2.221205e+003;6.601908e-002
2.221687e+003;6.591613e-002
2.222169e+003;6.577332e-002
2.222652e+003;6.560542e-002
2.223134e+003;6.543186e-002
2.223616e+003;6.527285e-002
2.224098e+003;6.514256e-002
2.224580e+003;6.505088e-002
2.225062e+003;6.500103e-002
2.225544e+003;6.499121e-002
2.226027e+003;6.501625e-002
2.226509e+003;6.506696e-002
2.226991e+003;6.513289e-002
2.227473e+003;6.520084e-002
2.227955e+003;6.525861e-002
2.228437e+003;6.529486e-002
2.228919e+003;6.530053e-002
2.229401e+003;6.527009e-002
2.229884e+003;6.520113e-002
2.230366e+003;6.509351e-002
2.230848e+003;6.495170e-002
2.231330e+003;6.478392e-002
2.231812e+003;6.459996e-002
2.232294e+003;6.441534e-002
2.232776e+003;6.424465e-002
2.233259e+003;6.409929e-002
2.233741e+003;6.398561e-002
2.234223e+003;6.389940e-002
2.234705e+003;6.383173e-002
2.235187e+003;6.376918e-002
2.235669e+003;6.370153e-002
2.236151e+003;6.362603e-002
2.236634e+003;6.355010e-002
2.237116e+003;6.348823e-002
2.237598e+003;6.345601e-002
2.238080e+003;6.346177e-002
2.238562e+003;6.350409e-002
2.239044e+003;6.356814e-002
2.239526e+003;6.363270e-002
2.240009e+003;6.367604e-002
2.240491e+003;6.368521e-002
2.240973e+003;6.365857e-002
2.241455e+003;6.360518e-002
2.241937e+003;6.353934e-002
2.242419e+003;6.347346e-002
2.242901e+003;6.341366e-002
2.243384e+003;6.335630e-002
2.243865e+003;6.329319e-002
2.244348e+003;6.321544e-002
2.244830e+003;6.311903e-002
2.245312e+003;6.300680e-002
2.245794e+003;6.288952e-002
2.246276e+003;6.277783e-002
2.246758e+003;6.268089e-002
2.247240e+003;6.260049e-002
2.247723e+003;6.253316e-002
2.248205e+003;6.247113e-002
2.248687e+003;6.240629e-002
2.249169e+003;6.233308e-002
2.249651e+003;6.224967e-002
2.250133e+003;6.215908e-002
2.250615e+003;6.206512e-002
2.251098e+003;6.197456e-002
2.251580e+003;6.189475e-002
2.252062e+003;6.183312e-002
2.252544e+003;6.179875e-002
2.253026e+003;6.179892e-002
2.253508e+003;6.183688e-002
2.253990e+003;6.191041e-002
2.254473e+003;6.200936e-002
2.254955e+003;6.211736e-002
2.255437e+003;6.221672e-002
2.255919e+003;6.229270e-002
2.256401e+003;6.233717e-002
2.256883e+003;6.235018e-002
2.257365e+003;6.233711e-002
2.257848e+003;6.230451e-002
2.258330e+003;6.225610e-002
2.258812e+003;6.218900e-002
2.259294e+003;6.209628e-002
2.259776e+003;6.196995e-002
2.260258e+003;6.180666e-002
2.260740e+003;6.161037e-002
2.261222e+003;6.139546e-002
2.261705e+003;6.118033e-002
2.262187e+003;6.098432e-002
2.262669e+003;6.082255e-002
2.263151e+003;6.070165e-002
2.263633e+003;6.062205e-002
2.264115e+003;6.057942e-002
2.264597e+003;6.056894e-002
2.265080e+003;6.058639e-002
2.265562e+003;6.063010e-002
2.266044e+003;6.069851e-002
2.266526e+003;6.078650e-002
2.267008e+003;6.088470e-002
2.267490e+003;6.097916e-002
2.267972e+003;6.105322e-002
2.268455e+003;6.109194e-002
2.268937e+003;6.108437e-002
2.269419e+003;6.102752e-002
2.269901e+003;6.092750e-002
2.270383e+003;6.079537e-002
2.270865e+003;6.064696e-002
2.271347e+003;6.049923e-002
2.271830e+003;6.036753e-002
2.272312e+003;6.026284e-002
2.272794e+003;6.019071e-002
2.273276e+003;6.015056e-002
2.273758e+003;6.013506e-002
2.274240e+003;6.013290e-002
2.274722e+003;6.013172e-002
2.275205e+003;6.012123e-002
2.275687e+003;6.009615e-002
2.276169e+003;6.005847e-002
2.276651e+003;6.001467e-002
2.277133e+003;5.997455e-002
2.277615e+003;5.994668e-002
2.278097e+003;5.993491e-002
2.278579e+003;5.993637e-002
2.279062e+003;5.994488e-002
2.279544e+003;5.995082e-002
2.280026e+003;5.994624e-002
2.280508e+003;5.992673e-002
2.280990e+003;5.989179e-002
2.281472e+003;5.984405e-002
2.281954e+003;5.978577e-002
2.282437e+003;5.971776e-002
2.282919e+003;5.963888e-002
2.283401e+003;5.954703e-002
2.283883e+003;5.944205e-002
2.284365e+003;5.932691e-002
2.284847e+003;5.920979e-002
2.285329e+003;5.910204e-002
2.285812e+003;5.901324e-002
2.286294e+003;5.895109e-002
2.286776e+003;5.891600e-002
2.287258e+003;5.890180e-002
2.287740e+003;5.889691e-002
2.288222e+003;5.888745e-002
2.288704e+003;5.886164e-002
2.289187e+003;5.881280e-002
2.289669e+003;5.873898e-002
2.290151e+003;5.864502e-002
2.290633e+003;5.853983e-002
2.291115e+003;5.843235e-002
2.291597e+003;5.833120e-002
2.292079e+003;5.824202e-002
2.292562e+003;5.816663e-002
2.293043e+003;5.810421e-002
2.293526e+003;5.805109e-002
2.294008e+003;5.800151e-002
2.294490e+003;5.794971e-002
2.294972e+003;5.789104e-002
2.295454e+003;5.782172e-002
2.295936e+003;5.774060e-002
2.296418e+003;5.764920e-002
2.296901e+003;5.755172e-002
2.297383e+003;5.745447e-002
2.297865e+003;5.736426e-002
2.298347e+003;5.728717e-002
2.298829e+003;5.722812e-002
2.299311e+003;5.718752e-002
2.299793e+003;5.716280e-002
2.300276e+003;5.714766e-002
2.300758e+003;5.713470e-002
2.301240e+003;5.711544e-002
2.301722e+003;5.708493e-002
2.302204e+003;5.704075e-002
2.302686e+003;5.698485e-002
2.303168e+003;5.692270e-002
2.303651e+003;5.686036e-002
2.304133e+003;5.680455e-002
2.304615e+003;5.675906e-002
2.305097e+003;5.672436e-002
2.305579e+003;5.669791e-002
2.306061e+003;5.667507e-002
2.306543e+003;5.665046e-002
2.307026e+003;5.661887e-002
2.307508e+003;5.657762e-002
2.307990e+003;5.652487e-002
2.308472e+003;5.646158e-002
2.308954e+003;5.638962e-002
2.309436e+003;5.631324e-002
2.309918e+003;5.623724e-002
2.310400e+003;5.616762e-002
2.310883e+003;5.610953e-002
2.311365e+003;5.606714e-002
2.311847e+003;5.604134e-002
2.312329e+003;5.602961e-002
2.312811e+003;5.602557e-002
2.313293e+003;5.602096e-002
2.313775e+003;5.600758e-002
2.314258e+003;5.598067e-002
2.314740e+003;5.593841e-002
2.315222e+003;5.588428e-002
2.315704e+003;5.582366e-002
2.316186e+003;5.576316e-002
2.316668e+003;5.570767e-002
2.317150e+003;5.565889e-002
2.317633e+003;5.561715e-002
2.318115e+003;5.558116e-002
2.318597e+003;5.555066e-002
2.319079e+003;5.552673e-002
2.319561e+003;5.551293e-002
2.320043e+003;5.551197e-002
2.320525e+003;5.552367e-002
2.321008e+003;5.554414e-002
2.321490e+003;5.556478e-002
2.321972e+003;5.557348e-002
2.322454e+003;5.555818e-002
2.322936e+003;5.550937e-002
2.323418e+003;5.542354e-002
2.323900e+003;5.530245e-002
2.324383e+003;5.515285e-002
2.324865e+003;5.498501e-002
2.325347e+003;5.480970e-002
2.325829e+003;5.463647e-002
2.326311e+003;5.447263e-002
2.326793e+003;5.432299e-002
2.327275e+003;5.419089e-002
2.327757e+003;5.407794e-002
2.328240e+003;5.398399e-002
2.328722e+003;5.390751e-002
2.329204e+003;5.384689e-002
2.329686e+003;5.379861e-002
2.330168e+003;5.375852e-002
2.330650e+003;5.372274e-002
2.331132e+003;5.368685e-002
2.331615e+003;5.364802e-002
2.332097e+003;5.360437e-002
2.332579e+003;5.355556e-002
2.333061e+003;5.350299e-002
2.333543e+003;5.344850e-002
2.334025e+003;5.339579e-002
2.334507e+003;5.334828e-002
2.334990e+003;5.330907e-002
2.335472e+003;5.328044e-002
2.335954e+003;5.326256e-002
2.336436e+003;5.325398e-002
2.336918e+003;5.325085e-002
2.337400e+003;5.325008e-002
2.337882e+003;5.324710e-002
2.338365e+003;5.323964e-002
2.338847e+003;5.322636e-002
2.339329e+003;5.320702e-002
2.339811e+003;5.318212e-002
2.340293e+003;5.315207e-002
2.340775e+003;5.311652e-002
2.341257e+003;5.307474e-002
2.341740e+003;5.302706e-002
2.342221e+003;5.297462e-002
2.342704e+003;5.292043e-002
2.343186e+003;5.286909e-002
2.343668e+003;5.282516e-002
2.344150e+003;5.279218e-002
2.344632e+003;5.277031e-002
2.345114e+003;5.275620e-002
2.345596e+003;5.274404e-002
2.346079e+003;5.272665e-002
2.346561e+003;5.269728e-002
2.347043e+003;5.265258e-002
2.347525e+003;5.259264e-002
2.348007e+003;5.252185e-002
2.348489e+003;5.244645e-002
2.348971e+003;5.237371e-002
2.349454e+003;5.231015e-002
2.349936e+003;5.225934e-002
2.350418e+003;5.222145e-002
2.350900e+003;5.219445e-002
2.351382e+003;5.217334e-002
2.351864e+003;5.215247e-002
2.352346e+003;5.212625e-002
2.352829e+003;5.209057e-002
2.353311e+003;5.204366e-002
2.353793e+003;5.198645e-002
2.354275e+003;5.192282e-002
2.354757e+003;5.185867e-002
2.355239e+003;5.180018e-002
2.355721e+003;5.175264e-002
2.356204e+003;5.171897e-002
2.356686e+003;5.169827e-002
2.357168e+003;5.168682e-002
2.357650e+003;5.167883e-002
2.358132e+003;5.166811e-002
2.358614e+003;5.165024e-002
2.359096e+003;5.162339e-002
2.359578e+003;5.158831e-002
2.360061e+003;5.154893e-002
2.360543e+003;5.150905e-002
2.361025e+003;5.147219e-002
2.361507e+003;5.143983e-002
2.361989e+003;5.141158e-002
2.362471e+003;5.138602e-002
2.362953e+003;5.136095e-002
2.363436e+003;5.133595e-002
2.363918e+003;5.131143e-002
2.364400e+003;5.128944e-002
2.364882e+003;5.127263e-002
2.365364e+003;5.126266e-002
2.365846e+003;5.125885e-002
2.366328e+003;5.125924e-002
2.366811e+003;5.125955e-002
2.367293e+003;5.125605e-002
2.367775e+003;5.124481e-002
2.368257e+003;5.122506e-002
2.368739e+003;5.119754e-002
2.369221e+003;5.116481e-002
2.369703e+003;5.113074e-002
2.370186e+003;5.109749e-002
2.370668e+003;5.106751e-002
2.371150e+003;5.104017e-002
2.371632e+003;5.101487e-002
2.372114e+003;5.099105e-002
2.372596e+003;5.096879e-002
2.373078e+003;5.094825e-002
2.373561e+003;5.093192e-002
2.374042e+003;5.092086e-002
2.374525e+003;5.091458e-002
2.375007e+003;5.091267e-002
2.375489e+003;5.091152e-002
2.375971e+003;5.090805e-002
2.376453e+003;5.089951e-002
2.376935e+003;5.088370e-002
2.377417e+003;5.086050e-002
2.377900e+003;5.083101e-002
2.378382e+003;5.079645e-002
2.378864e+003;5.075806e-002
2.379346e+003;5.071652e-002
2.379828e+003;5.067255e-002
2.380310e+003;5.062739e-002
2.380792e+003;5.058380e-002
2.381275e+003;5.054633e-002
2.381757e+003;5.051951e-002
2.382239e+003;5.050703e-002
2.382721e+003;5.051005e-002
2.383203e+003;5.052598e-002
2.383685e+003;5.054948e-002
2.384167e+003;5.057280e-002
2.384650e+003;5.058826e-002
2.385132e+003;5.059202e-002
2.385614e+003;5.058323e-002
2.386096e+003;5.056465e-002
2.386578e+003;5.054099e-002
2.387060e+003;5.051583e-002
2.387542e+003;5.049123e-002
2.388025e+003;5.046554e-002
2.388507e+003;5.043510e-002
2.388989e+003;5.039683e-002
2.389471e+003;5.034865e-002
2.389953e+003;5.029231e-002
2.390435e+003;5.023172e-002
2.390917e+003;5.017242e-002
2.391399e+003;5.011917e-002
2.391882e+003;5.007380e-002
2.392364e+003;5.003466e-002
2.392846e+003;4.999807e-002
2.393328e+003;4.995962e-002
2.393810e+003;4.991736e-002
2.394292e+003;4.987214e-002
2.394774e+003;4.982749e-002
2.395257e+003;4.978931e-002
2.395739e+003;4.976245e-002
2.396221e+003;4.974898e-002
2.396703e+003;4.974858e-002
2.397185e+003;4.975708e-002
2.397667e+003;4.977008e-002
2.398149e+003;4.978251e-002
2.398632e+003;4.979160e-002
2.399114e+003;4.979619e-002
2.399596e+003;4.979686e-002
2.400078e+003;4.979410e-002
2.400560e+003;4.978734e-002
2.401042e+003;4.977639e-002
2.401524e+003;4.976002e-002
2.402007e+003;4.973862e-002
2.402489e+003;4.971395e-002
2.402971e+003;4.969019e-002
2.403453e+003;4.967150e-002
2.403935e+003;4.966151e-002
2.404417e+003;4.966186e-002
2.404899e+003;4.967015e-002
2.405382e+003;4.968304e-002
2.405864e+003;4.969492e-002
2.406346e+003;4.970219e-002
2.406828e+003;4.970312e-002
2.407310e+003;4.969987e-002
2.407792e+003;4.969551e-002
2.408274e+003;4.969417e-002
2.408756e+003;4.969835e-002
2.409239e+003;4.970812e-002
2.409721e+003;4.972042e-002
2.410203e+003;4.973120e-002
2.410685e+003;4.973495e-002
2.411167e+003;4.972856e-002
2.411649e+003;4.971135e-002
2.412131e+003;4.968333e-002
2.412614e+003;4.964774e-002
2.413096e+003;4.960879e-002
2.413578e+003;4.957049e-002
2.414060e+003;4.953620e-002
2.414542e+003;4.950945e-002
2.415024e+003;4.949148e-002
2.415506e+003;4.948273e-002
2.415989e+003;4.948161e-002
2.416471e+003;4.948477e-002
2.416953e+003;4.948684e-002
2.417435e+003;4.948227e-002
2.417917e+003;4.946635e-002
2.418399e+003;4.943548e-002
2.418881e+003;4.938956e-002
2.419364e+003;4.933009e-002
2.419846e+003;4.926244e-002
2.420328e+003;4.919191e-002
2.420810e+003;4.912463e-002
2.421292e+003;4.906624e-002
2.421774e+003;4.902036e-002
2.422256e+003;4.898901e-002
2.422739e+003;4.897218e-002
2.423220e+003;4.896788e-002
2.423703e+003;4.897172e-002
2.424185e+003;4.897818e-002
2.424667e+003;4.898111e-002
2.425149e+003;4.897595e-002
2.425631e+003;4.896009e-002
2.426113e+003;4.893421e-002
2.426595e+003;4.890207e-002
2.427078e+003;4.887000e-002
2.427560e+003;4.884323e-002
2.428042e+003;4.882572e-002
2.428524e+003;4.881730e-002
2.429006e+003;4.881535e-002
2.429488e+003;4.881575e-002
2.429970e+003;4.881407e-002
2.430453e+003;4.880748e-002
2.430935e+003;4.879716e-002
2.431417e+003;4.878533e-002
2.431899e+003;4.877627e-002
2.432381e+003;4.877159e-002
2.432863e+003;4.877247e-002
2.433345e+003;4.877716e-002
2.433828e+003;4.878294e-002
2.434310e+003;4.878728e-002
2.434792e+003;4.878799e-002
2.435274e+003;4.878497e-002
2.435756e+003;4.877807e-002
2.436238e+003;4.876684e-002
2.436720e+003;4.874995e-002
2.437203e+003;4.872518e-002
2.437685e+003;4.869041e-002
2.438167e+003;4.864515e-002
2.438649e+003;4.859030e-002
2.439131e+003;4.852926e-002
2.439613e+003;4.846701e-002
2.440095e+003;4.840804e-002
2.440577e+003;4.835633e-002
2.441060e+003;4.831339e-002
2.441542e+003;4.827916e-002
2.442024e+003;4.825270e-002
2.442506e+003;4.823351e-002
2.442988e+003;4.822152e-002
2.443470e+003;4.821697e-002
2.443952e+003;4.822021e-002
2.444435e+003;4.823125e-002
2.444917e+003;4.824840e-002
2.445399e+003;4.826953e-002
2.445881e+003;4.829185e-002
2.446363e+003;4.831317e-002
2.446845e+003;4.833074e-002
2.447327e+003;4.834298e-002
2.447810e+003;4.834715e-002
2.448292e+003;4.834072e-002
2.448774e+003;4.832163e-002
2.449256e+003;4.828834e-002
2.449738e+003;4.824204e-002
2.450220e+003;4.818511e-002
2.450702e+003;4.812374e-002
2.451185e+003;4.806318e-002
2.451667e+003;4.800907e-002
2.452149e+003;4.796420e-002
2.452631e+003;4.792917e-002
2.453113e+003;4.790203e-002
2.453595e+003;4.788083e-002
2.454077e+003;4.786303e-002
2.454560e+003;4.784649e-002
2.455042e+003;4.783198e-002
2.455524e+003;4.781831e-002
2.456006e+003;4.780430e-002
2.456488e+003;4.778763e-002
2.456970e+003;4.776508e-002
2.457452e+003;4.773418e-002
2.457935e+003;4.769423e-002
2.458417e+003;4.764627e-002
2.458899e+003;4.759419e-002
2.459381e+003;4.754107e-002
2.459863e+003;4.749066e-002
2.460345e+003;4.744371e-002
2.460827e+003;4.739889e-002
2.461309e+003;4.735473e-002
2.461792e+003;4.730994e-002
2.462274e+003;4.726455e-002
2.462756e+003;4.722092e-002
2.463238e+003;4.718198e-002
2.463720e+003;4.715027e-002
2.464202e+003;4.712604e-002
2.464684e+003;4.710812e-002
2.465167e+003;4.709386e-002
2.465649e+003;4.708071e-002
2.466131e+003;4.706857e-002
2.466613e+003;4.705907e-002
2.467095e+003;4.705529e-002
2.467577e+003;4.706030e-002
2.468059e+003;4.707504e-002
2.468542e+003;4.709595e-002
2.469024e+003;4.711712e-002
2.469506e+003;4.713127e-002
2.469988e+003;4.713192e-002
2.470470e+003;4.711837e-002
2.470952e+003;4.709335e-002
2.471434e+003;4.706429e-002
2.471917e+003;4.704053e-002
2.472399e+003;4.702908e-002
2.472881e+003;4.703277e-002
2.473363e+003;4.704973e-002
2.473845e+003;4.707311e-002
2.474327e+003;4.709428e-002
2.474809e+003;4.710457e-002
2.475292e+003;4.709909e-002
2.475773e+003;4.707630e-002
2.476256e+003;4.703944e-002
2.476738e+003;4.699433e-002
2.477220e+003;4.694809e-002
2.477702e+003;4.690535e-002
2.478184e+003;4.687141e-002
2.478666e+003;4.684837e-002
2.479148e+003;4.683534e-002
2.479631e+003;4.683106e-002
2.480113e+003;4.683184e-002
2.480595e+003;4.683271e-002
2.481077e+003;4.682824e-002
2.481559e+003;4.681331e-002
2.482041e+003;4.678323e-002
2.482523e+003;4.673639e-002
2.483006e+003;4.667424e-002
2.483488e+003;4.660245e-002
2.483970e+003;4.652987e-002
2.484452e+003;4.646713e-002
2.484934e+003;4.642329e-002
2.485416e+003;4.640504e-002
2.485898e+003;4.641344e-002
2.486381e+003;4.644265e-002
2.486863e+003;4.648306e-002
2.487345e+003;4.652236e-002
2.487827e+003;4.654867e-002
2.488309e+003;4.655459e-002
2.488791e+003;4.653813e-002
2.489273e+003;4.650341e-002
2.489756e+003;4.645910e-002
2.490238e+003;4.641487e-002
2.490720e+003;4.637949e-002
2.491202e+003;4.635883e-002
2.491684e+003;4.635324e-002
2.492166e+003;4.635979e-002
2.492648e+003;4.637273e-002
2.493130e+003;4.638576e-002
2.493613e+003;4.639412e-002
2.494095e+003;4.639447e-002
2.494577e+003;4.638730e-002
2.495059e+003;4.637427e-002
2.495541e+003;4.635932e-002
2.496023e+003;4.634531e-002
2.496505e+003;4.633492e-002
2.496988e+003;4.632868e-002
2.497470e+003;4.632545e-002
2.497952e+003;4.632065e-002
2.498434e+003;4.630990e-002
2.498916e+003;4.628868e-002
2.499398e+003;4.625328e-002
2.499880e+003;4.620472e-002
2.500363e+003;4.614594e-002
2.500845e+003;4.608352e-002
2.501327e+003;4.602616e-002
2.501809e+003;4.598012e-002
2.502291e+003;4.595153e-002
2.502773e+003;4.594178e-002
2.503255e+003;4.595003e-002
2.503738e+003;4.597221e-002
2.504220e+003;4.600391e-002
2.504702e+003;4.604004e-002
2.505184e+003;4.607756e-002
2.505666e+003;4.611362e-002
2.506148e+003;4.614615e-002
2.506630e+003;4.617340e-002
2.507113e+003;4.619407e-002
2.507594e+003;4.620729e-002
2.508077e+003;4.621322e-002
2.508559e+003;4.621379e-002
2.509041e+003;4.621208e-002
2.509523e+003;4.621202e-002
2.510005e+003;4.621683e-002
2.510487e+003;4.622944e-002
2.510969e+003;4.625020e-002
2.511452e+003;4.627723e-002
2.511934e+003;4.630635e-002
2.512416e+003;4.633279e-002
2.512898e+003;4.635158e-002
2.513380e+003;4.635874e-002
2.513862e+003;4.635181e-002
2.514344e+003;4.632984e-002
2.514827e+003;4.629508e-002
2.515309e+003;4.625049e-002
2.515791e+003;4.620126e-002
2.516273e+003;4.615210e-002
2.516755e+003;4.610832e-002
2.517237e+003;4.607252e-002
2.517719e+003;4.604472e-002
2.518202e+003;4.602212e-002
2.518684e+003;4.600047e-002
2.519166e+003;4.597428e-002
2.519648e+003;4.593919e-002
2.520130e+003;4.589269e-002
2.520612e+003;4.583563e-002
2.521094e+003;4.577228e-002
2.521577e+003;4.570847e-002
2.522059e+003;4.565221e-002
2.522541e+003;4.561074e-002
2.523023e+003;4.559000e-002
2.523505e+003;4.559435e-002
2.523987e+003;4.562451e-002
2.524469e+003;4.567831e-002
2.524951e+003;4.574896e-002
2.525434e+003;4.582706e-002
2.525916e+003;4.590187e-002
2.526398e+003;4.596248e-002
2.526880e+003;4.599981e-002
2.527362e+003;4.600988e-002
2.527844e+003;4.599404e-002
2.528326e+003;4.595834e-002
2.528809e+003;4.591172e-002
2.529291e+003;4.586376e-002
2.529773e+003;4.582155e-002
2.530255e+003;4.578965e-002
2.530737e+003;4.576778e-002
2.531219e+003;4.575384e-002
2.531701e+003;4.574524e-002
2.532184e+003;4.574110e-002
2.532666e+003;4.574080e-002
2.533148e+003;4.574583e-002
2.533630e+003;4.575673e-002
2.534112e+003;4.577304e-002
2.534594e+003;4.579156e-002
2.535076e+003;4.580780e-002
2.535559e+003;4.581704e-002
2.536041e+003;4.581691e-002
2.536523e+003;4.580774e-002
2.537005e+003;4.579384e-002
2.537487e+003;4.578028e-002
2.537969e+003;4.577285e-002
2.538451e+003;4.577453e-002
2.538934e+003;4.578524e-002
2.539416e+003;4.580201e-002
2.539898e+003;4.582053e-002
2.540380e+003;4.583695e-002
2.540862e+003;4.584933e-002
2.541344e+003;4.585926e-002
2.541826e+003;4.586989e-002
2.542308e+003;4.588526e-002
2.542791e+003;4.590705e-002
2.543273e+003;4.593456e-002
2.543755e+003;4.596339e-002
2.544237e+003;4.598783e-002
2.544719e+003;4.600191e-002
2.545201e+003;4.600201e-002
2.545683e+003;4.598848e-002
2.546166e+003;4.596535e-002
2.546648e+003;4.593886e-002
2.547130e+003;4.591589e-002
2.547612e+003;4.590198e-002
2.548094e+003;4.589922e-002
2.548576e+003;4.590570e-002
2.549058e+003;4.591738e-002
2.549541e+003;4.592871e-002
2.550023e+003;4.593475e-002
2.550505e+003;4.593304e-002
2.550987e+003;4.592358e-002
2.551469e+003;4.590829e-002
2.551951e+003;4.589060e-002
2.552433e+003;4.587257e-002
2.552916e+003;4.585638e-002
2.553398e+003;4.584158e-002
2.553880e+003;4.582608e-002
2.554362e+003;4.580817e-002
2.554844e+003;4.578541e-002
2.555326e+003;4.575831e-002
2.555808e+003;4.572785e-002
2.556291e+003;4.569739e-002
2.556772e+003;4.567149e-002
2.557255e+003;4.565485e-002
2.557737e+003;4.565162e-002
2.558219e+003;4.566350e-002
2.558701e+003;4.569030e-002
2.559183e+003;4.572957e-002
2.559665e+003;4.577655e-002
2.560147e+003;4.582556e-002
2.560630e+003;4.586956e-002
2.561112e+003;4.590358e-002
2.561594e+003;4.592301e-002
2.562076e+003;4.592573e-002
2.562558e+003;4.591066e-002
2.563040e+003;4.588097e-002
2.563522e+003;4.584057e-002
2.564005e+003;4.579554e-002
2.564487e+003;4.575298e-002
2.564969e+003;4.572023e-002
2.565451e+003;4.570429e-002
2.565933e+003;4.570968e-002
2.566415e+003;4.573830e-002
2.566897e+003;4.578916e-002
2.567380e+003;4.585627e-002
2.567862e+003;4.593137e-002
2.568344e+003;4.600419e-002
2.568826e+003;4.606481e-002
2.569308e+003;4.610549e-002
2.569790e+003;4.612213e-002
2.570272e+003;4.611472e-002
2.570755e+003;4.608813e-002
2.571237e+003;4.604892e-002
2.571719e+003;4.600649e-002
2.572201e+003;4.596858e-002
2.572683e+003;4.594219e-002
2.573165e+003;4.593224e-002
2.573647e+003;4.594014e-002
2.574129e+003;4.596483e-002
2.574612e+003;4.600348e-002
2.575094e+003;4.605060e-002
2.575576e+003;4.610003e-002
2.576058e+003;4.614353e-002
2.576540e+003;4.617406e-002
2.577022e+003;4.618581e-002
2.577504e+003;4.617513e-002
2.577987e+003;4.614220e-002
2.578469e+003;4.609136e-002
2.578951e+003;4.603089e-002
2.579433e+003;4.597102e-002
2.579915e+003;4.592207e-002
2.580397e+003;4.589262e-002
2.580879e+003;4.588676e-002
2.581362e+003;4.590442e-002
2.581844e+003;4.594107e-002
2.582326e+003;4.598950e-002
2.582808e+003;4.604124e-002
2.583290e+003;4.608952e-002
2.583772e+003;4.612960e-002
2.584254e+003;4.615901e-002
2.584737e+003;4.617628e-002
2.585219e+003;4.618212e-002
2.585701e+003;4.617645e-002
2.586183e+003;4.616050e-002
2.586665e+003;4.613581e-002
2.587147e+003;4.610493e-002
2.587629e+003;4.607305e-002
2.588112e+003;4.604608e-002
2.588594e+003;4.602892e-002
2.589076e+003;4.602489e-002
2.589558e+003;4.603382e-002
2.590040e+003;4.605196e-002
2.590522e+003;4.607332e-002
2.591004e+003;4.609253e-002
2.591486e+003;4.610639e-002
2.591969e+003;4.611523e-002
2.592451e+003;4.612274e-002
2.592933e+003;4.613436e-002
2.593415e+003;4.615377e-002
2.593897e+003;4.618268e-002
2.594379e+003;4.621822e-002
2.594861e+003;4.625404e-002
2.595344e+003;4.628333e-002
2.595826e+003;4.630143e-002
2.596308e+003;4.630716e-002
2.596790e+003;4.630321e-002
2.597272e+003;4.629451e-002
2.597754e+003;4.628624e-002
2.598236e+003;4.628173e-002
2.598719e+003;4.628063e-002
2.599201e+003;4.628051e-002
2.599683e+003;4.627770e-002
2.600165e+003;4.627004e-002
2.600647e+003;4.625707e-002
2.601129e+003;4.624158e-002
2.601611e+003;4.622717e-002
2.602094e+003;4.621714e-002
2.602576e+003;4.621295e-002
2.603058e+003;4.621406e-002
2.603540e+003;4.621893e-002
2.604022e+003;4.622523e-002
2.604504e+003;4.623218e-002
2.604986e+003;4.624038e-002
2.605469e+003;4.625173e-002
2.605950e+003;4.626694e-002
2.606433e+003;4.628629e-002
2.606915e+003;4.630772e-002
2.607397e+003;4.632871e-002
2.607879e+003;4.634592e-002
2.608361e+003;4.635773e-002
2.608843e+003;4.636431e-002
2.609325e+003;4.636649e-002
2.609808e+003;4.636640e-002
2.610290e+003;4.636497e-002
2.610772e+003;4.636300e-002
2.611254e+003;4.635912e-002
2.611736e+003;4.635362e-002
2.612218e+003;4.634774e-002
2.612700e+003;4.634403e-002
2.613183e+003;4.634808e-002
2.613665e+003;4.636303e-002
2.614147e+003;4.639162e-002
2.614629e+003;4.643266e-002
2.615111e+003;4.648148e-002
2.615593e+003;4.653068e-002
2.616075e+003;4.657304e-002
2.616558e+003;4.660185e-002
2.617040e+003;4.661495e-002
2.617522e+003;4.661134e-002
2.618004e+003;4.659544e-002
2.618486e+003;4.657031e-002
2.618968e+003;4.654144e-002
2.619450e+003;4.651105e-002
2.619933e+003;4.648209e-002
2.620415e+003;4.645573e-002
2.620897e+003;4.643361e-002
2.621379e+003;4.641754e-002
2.621861e+003;4.640897e-002
2.622343e+003;4.640999e-002
2.622825e+003;4.642070e-002
2.623307e+003;4.644056e-002
2.623790e+003;4.646702e-002
2.624272e+003;4.649630e-002
2.624754e+003;4.652649e-002
2.625236e+003;4.655479e-002
2.625718e+003;4.658120e-002
2.626200e+003;4.660715e-002
2.626682e+003;4.663402e-002
2.627165e+003;4.666471e-002
2.627647e+003;4.670075e-002
2.628129e+003;4.674125e-002
2.628611e+003;4.678477e-002
2.629093e+003;4.682702e-002
2.629575e+003;4.686366e-002
2.630057e+003;4.689131e-002
2.630540e+003;4.690881e-002
2.631022e+003;4.691668e-002
2.631504e+003;4.691920e-002
2.631986e+003;4.692207e-002
2.632468e+003;4.693166e-002
2.632950e+003;4.695207e-002
2.633432e+003;4.698467e-002
2.633915e+003;4.702692e-002
2.634397e+003;4.707437e-002
2.634879e+003;4.711982e-002
2.635361e+003;4.715829e-002
2.635843e+003;4.718603e-002
2.636325e+003;4.720340e-002
2.636807e+003;4.721404e-002
2.637290e+003;4.722185e-002
2.637771e+003;4.723185e-002
2.638254e+003;4.724686e-002
2.638736e+003;4.726688e-002
2.639218e+003;4.729037e-002
2.639700e+003;4.731441e-002
2.640182e+003;4.733701e-002
2.640664e+003;4.735696e-002
2.641146e+003;4.737509e-002
2.641629e+003;4.739313e-002
2.642111e+003;4.741292e-002
2.642593e+003;4.743571e-002
2.643075e+003;4.746025e-002
2.643557e+003;4.748434e-002
2.644039e+003;4.750523e-002
2.644521e+003;4.752065e-002
2.645004e+003;4.753114e-002
2.645486e+003;4.753806e-002
2.645968e+003;4.754554e-002
2.646450e+003;4.755759e-002
2.646932e+003;4.757768e-002
2.647414e+003;4.760655e-002
2.647896e+003;4.764394e-002
2.648379e+003;4.768617e-002
2.648861e+003;4.772989e-002
2.649343e+003;4.777125e-002
2.649825e+003;4.780868e-002
2.650307e+003;4.784072e-002
2.650789e+003;4.786819e-002
2.651271e+003;4.789238e-002
2.651754e+003;4.791446e-002
2.652236e+003;4.793463e-002
2.652718e+003;4.795324e-002
2.653200e+003;4.796955e-002
2.653682e+003;4.798360e-002
2.654164e+003;4.799534e-002
2.654646e+003;4.800570e-002
2.655128e+003;4.801461e-002
2.655611e+003;4.802397e-002
2.656093e+003;4.803415e-002
2.656575e+003;4.804618e-002
2.657057e+003;4.806078e-002
2.657539e+003;4.807885e-002
2.658021e+003;4.810116e-002
2.658503e+003;4.812798e-002
2.658986e+003;4.815866e-002
2.659468e+003;4.819165e-002
2.659950e+003;4.822391e-002
2.660432e+003;4.825242e-002
2.660914e+003;4.827504e-002
2.661396e+003;4.829106e-002
2.661878e+003;4.830118e-002
2.662361e+003;4.830900e-002
2.662843e+003;4.831840e-002
2.663325e+003;4.833294e-002
2.663807e+003;4.835485e-002
2.664289e+003;4.838450e-002
2.664771e+003;4.841987e-002
2.665253e+003;4.845828e-002
2.665736e+003;4.849633e-002
2.666218e+003;4.853218e-002
2.666700e+003;4.856455e-002
2.667182e+003;4.859389e-002
2.667664e+003;4.862165e-002
2.668146e+003;4.864796e-002
2.668628e+003;4.867335e-002
2.669111e+003;4.869745e-002
2.669593e+003;4.871935e-002
2.670075e+003;4.873830e-002
2.670557e+003;4.875467e-002
2.671039e+003;4.876882e-002
2.671521e+003;4.878326e-002
2.672003e+003;4.880028e-002
2.672485e+003;4.882266e-002
2.672968e+003;4.885253e-002
2.673450e+003;4.889100e-002
2.673932e+003;4.893854e-002
2.674414e+003;4.899386e-002
2.674896e+003;4.905520e-002
2.675378e+003;4.911869e-002
2.675860e+003;4.918091e-002
2.676343e+003;4.923880e-002
2.676825e+003;4.928968e-002
2.677307e+003;4.933272e-002
2.677789e+003;4.936891e-002
2.678271e+003;4.939974e-002
2.678753e+003;4.942854e-002
2.679235e+003;4.945680e-002
2.679718e+003;4.948571e-002
2.680200e+003;4.951509e-002
2.680682e+003;4.954532e-002
2.681164e+003;4.957592e-002
2.681646e+003;4.960773e-002
2.682128e+003;4.964216e-002
2.682610e+003;4.968216e-002
2.683093e+003;4.972959e-002
2.683575e+003;4.978492e-002
2.684057e+003;4.984714e-002
2.684539e+003;4.991272e-002
2.685021e+003;4.997759e-002
2.685503e+003;5.003728e-002
2.685985e+003;5.008927e-002
2.686468e+003;5.013237e-002
2.686949e+003;5.016832e-002
2.687432e+003;5.019945e-002
2.687914e+003;5.022909e-002
2.688396e+003;5.025987e-002
2.688878e+003;5.029324e-002
2.689360e+003;5.032980e-002
2.689842e+003;5.036962e-002
2.690324e+003;5.041253e-002
2.690807e+003;5.045964e-002
2.691289e+003;5.051132e-002
2.691771e+003;5.056842e-002
2.692253e+003;5.063096e-002
2.692735e+003;5.069705e-002
2.693217e+003;5.076539e-002
2.693699e+003;5.083301e-002
2.694182e+003;5.089843e-002
2.694664e+003;5.095958e-002
2.695146e+003;5.101673e-002
2.695628e+003;5.107055e-002
2.696110e+003;5.112242e-002
2.696592e+003;5.117328e-002
2.697074e+003;5.122295e-002
2.697557e+003;5.127152e-002
2.698039e+003;5.131795e-002
2.698521e+003;5.136093e-002
2.699003e+003;5.140019e-002
2.699485e+003;5.143572e-002
2.699967e+003;5.146988e-002
2.700449e+003;5.150422e-002
2.700932e+003;5.154156e-002
2.701414e+003;5.158303e-002
2.701896e+003;5.163031e-002
2.702378e+003;5.168200e-002
2.702860e+003;5.173727e-002
2.703342e+003;5.179330e-002
2.703824e+003;5.184749e-002
2.704306e+003;5.189747e-002
2.704789e+003;5.194185e-002
2.705271e+003;5.197977e-002
2.705753e+003;5.201219e-002
2.706235e+003;5.204029e-002
2.706717e+003;5.206606e-002
2.707199e+003;5.209175e-002
2.707681e+003;5.211884e-002
2.708164e+003;5.214866e-002
2.708646e+003;5.218187e-002
2.709128e+003;5.221866e-002
2.709610e+003;5.225901e-002
2.710092e+003;5.230324e-002
2.710574e+003;5.235085e-002
2.711056e+003;5.240063e-002
2.711539e+003;5.245195e-002
2.712021e+003;5.250308e-002
2.712503e+003;5.255122e-002
2.712985e+003;5.259563e-002
2.713467e+003;5.263619e-002
2.713949e+003;5.267479e-002
2.714431e+003;5.271499e-002
2.714914e+003;5.276208e-002
2.715396e+003;5.282094e-002
2.715878e+003;5.289507e-002
2.716360e+003;5.298550e-002
2.716842e+003;5.308832e-002
2.717324e+003;5.319785e-002
2.717806e+003;5.330640e-002
2.718289e+003;5.340774e-002
2.718771e+003;5.349563e-002
2.719253e+003;5.356875e-002
2.719735e+003;5.362870e-002
2.720217e+003;5.367905e-002
2.720699e+003;5.372357e-002
2.721181e+003;5.376677e-002
2.721663e+003;5.381027e-002
2.722146e+003;5.385530e-002
2.722628e+003;5.390100e-002
2.723110e+003;5.394643e-002
2.723592e+003;5.399178e-002
2.724074e+003;5.403706e-002
2.724556e+003;5.408300e-002
2.725038e+003;5.413056e-002
2.725521e+003;5.417917e-002
2.726003e+003;5.422962e-002
2.726485e+003;5.428167e-002
2.726967e+003;5.433535e-002
2.727449e+003;5.439199e-002
2.727931e+003;5.445317e-002
2.728413e+003;5.451941e-002
2.728896e+003;5.459200e-002
2.729378e+003;5.466907e-002
2.729860e+003;5.474854e-002
2.730342e+003;5.482614e-002
2.730824e+003;5.489827e-002
2.731306e+003;5.496180e-002
2.731788e+003;5.501503e-002
2.732271e+003;5.505802e-002
2.732753e+003;5.509325e-002
2.733235e+003;5.512366e-002
2.733717e+003;5.515330e-002
2.734199e+003;5.518562e-002
2.734681e+003;5.522354e-002
2.735163e+003;5.526926e-002
2.735646e+003;5.532373e-002
2.736127e+003;5.538629e-002
2.736610e+003;5.545619e-002
2.737092e+003;5.552982e-002
2.737574e+003;5.560509e-002
2.738056e+003;5.567914e-002
2.738538e+003;5.574943e-002
2.739020e+003;5.581565e-002
2.739502e+003;5.587798e-002
2.739985e+003;5.593739e-002
2.740467e+003;5.599529e-002
2.740949e+003;5.605294e-002
2.741431e+003;5.611070e-002
2.741913e+003;5.616913e-002
2.742395e+003;5.622844e-002
2.742877e+003;5.628911e-002
2.743360e+003;5.635276e-002
2.743842e+003;5.642052e-002
2.744324e+003;5.649403e-002
2.744806e+003;5.657310e-002
2.745288e+003;5.665705e-002
2.745770e+003;5.674332e-002
2.746252e+003;5.682830e-002
2.746735e+003;5.690959e-002
2.747217e+003;5.698459e-002
2.747699e+003;5.705294e-002
2.748181e+003;5.711558e-002
2.748663e+003;5.717471e-002
2.749145e+003;5.723405e-002
2.749627e+003;5.729599e-002
2.750110e+003;5.736244e-002
2.750592e+003;5.743475e-002
2.751074e+003;5.751225e-002
2.751556e+003;5.759264e-002
2.752038e+003;5.767440e-002
2.752520e+003;5.775458e-002
2.753002e+003;5.783075e-002
2.753484e+003;5.790197e-002
2.753967e+003;5.796833e-002
2.754449e+003;5.803088e-002
2.754931e+003;5.809097e-002
2.755413e+003;5.815078e-002
2.755895e+003;5.821070e-002
2.756377e+003;5.827017e-002
2.756859e+003;5.832889e-002
2.757342e+003;5.838532e-002
2.757824e+003;5.843958e-002
2.758306e+003;5.849317e-002
2.758788e+003;5.854927e-002
2.759270e+003;5.861203e-002
2.759752e+003;5.868612e-002
2.760234e+003;5.877495e-002
2.760717e+003;5.887878e-002
2.761199e+003;5.899516e-002
2.761681e+003;5.911871e-002
2.762163e+003;5.924344e-002
2.762645e+003;5.936160e-002
2.763127e+003;5.946806e-002
2.763609e+003;5.955984e-002
2.764092e+003;5.963607e-002
2.764574e+003;5.970000e-002
2.765056e+003;5.975480e-002
2.765538e+003;5.980643e-002
2.766020e+003;5.986001e-002
2.766502e+003;5.992074e-002
2.766984e+003;5.999219e-002
2.767467e+003;6.007639e-002
2.767948e+003;6.017363e-002
2.768431e+003;6.028219e-002
2.768913e+003;6.039928e-002
2.769395e+003;6.052106e-002
2.769877e+003;6.064355e-002
2.770359e+003;6.076350e-002
2.770841e+003;6.087798e-002
2.771323e+003;6.098613e-002
2.771806e+003;6.108737e-002
2.772288e+003;6.118276e-002
2.772770e+003;6.127450e-002
2.773252e+003;6.136492e-002
2.773734e+003;6.145634e-002
2.774216e+003;6.155021e-002
2.774698e+003;6.164761e-002
2.775181e+003;6.174765e-002
2.775663e+003;6.184802e-002
2.776145e+003;6.194553e-002
2.776627e+003;6.203735e-002
2.777109e+003;6.212137e-002
2.777591e+003;6.219745e-002
2.778073e+003;6.226825e-002
2.778556e+003;6.233732e-002
2.779038e+003;6.240970e-002
2.779520e+003;6.248794e-002
2.780002e+003;6.257532e-002
2.780484e+003;6.267040e-002
2.780966e+003;6.277104e-002
2.781448e+003;6.287386e-002
2.781930e+003;6.297517e-002
2.782413e+003;6.307223e-002
2.782895e+003;6.316438e-002
2.783377e+003;6.325199e-002
2.783859e+003;6.333683e-002
2.784341e+003;6.342100e-002
2.784823e+003;6.350657e-002
2.785305e+003;6.359430e-002
2.785788e+003;6.368587e-002
2.786270e+003;6.378156e-002
2.786752e+003;6.388175e-002
2.787234e+003;6.398744e-002
2.787716e+003;6.409843e-002
2.788198e+003;6.421521e-002
2.788680e+003;6.433816e-002
2.789163e+003;6.446663e-002
2.789645e+003;6.460042e-002
2.790127e+003;6.473846e-002
2.790609e+003;6.487909e-002
2.791091e+003;6.501997e-002
2.791573e+003;6.515846e-002
2.792055e+003;6.529155e-002
2.792538e+003;6.541864e-002
2.793020e+003;6.553964e-002
2.793502e+003;6.565627e-002
2.793984e+003;6.577188e-002
2.794466e+003;6.589036e-002
2.794948e+003;6.601407e-002
2.795430e+003;6.614362e-002
2.795913e+003;6.627683e-002
2.796395e+003;6.641009e-002
2.796877e+003;6.653752e-002
2.797359e+003;6.665552e-002
2.797841e+003;6.676123e-002
2.798323e+003;6.685629e-002
2.798805e+003;6.694425e-002
2.799287e+003;6.703085e-002
2.799770e+003;6.712268e-002
2.800252e+003;6.722523e-002
2.800734e+003;6.734067e-002
2.801216e+003;6.746979e-002
2.801698e+003;6.760927e-002
2.802180e+003;6.775548e-002
2.802662e+003;6.790303e-002
2.803145e+003;6.804799e-002
2.803627e+003;6.818681e-002
2.804109e+003;6.831813e-002
2.804591e+003;6.844204e-002
2.805073e+003;6.856067e-002
2.805555e+003;6.867591e-002
2.806037e+003;6.879169e-002
2.806520e+003;6.891096e-002
2.807002e+003;6.903628e-002
2.807484e+003;6.916834e-002
2.807966e+003;6.930795e-002
2.808448e+003;6.945390e-002
2.808930e+003;6.960406e-002
2.809412e+003;6.975715e-002
2.809895e+003;6.991118e-002
2.810377e+003;7.006499e-002
2.810859e+003;7.021896e-002
2.811341e+003;7.037309e-002
2.811823e+003;7.052857e-002
2.812305e+003;7.068570e-002
2.812787e+003;7.084516e-002
2.813270e+003;7.100608e-002
2.813751e+003;7.116728e-002
2.814234e+003;7.132624e-002
2.814716e+003;7.148093e-002
2.815198e+003;7.163016e-002
2.815680e+003;7.177243e-002
2.816162e+003;7.190930e-002
2.816644e+003;7.204336e-002
2.817126e+003;7.217697e-002
2.817609e+003;7.231510e-002
2.818091e+003;7.245983e-002
2.818573e+003;7.261334e-002
2.819055e+003;7.277554e-002
2.819537e+003;7.294474e-002
2.820019e+003;7.311778e-002
2.820501e+003;7.329199e-002
2.820984e+003;7.346410e-002
2.821466e+003;7.363301e-002
2.821948e+003;7.379911e-002
2.822430e+003;7.396389e-002
2.822912e+003;7.412983e-002
2.823394e+003;7.429933e-002
2.823876e+003;7.447446e-002
2.824359e+003;7.465405e-002
2.824841e+003;7.483691e-002
2.825323e+003;7.502054e-002
2.825805e+003;7.520216e-002
2.826287e+003;7.538047e-002
2.826769e+003;7.555529e-002
2.827251e+003;7.572799e-002
2.827734e+003;7.590145e-002
2.828216e+003;7.607849e-002
2.828698e+003;7.626008e-002
2.829180e+003;7.644545e-002
2.829662e+003;7.663251e-002
2.830144e+003;7.681634e-002
2.830626e+003;7.699388e-002
2.831108e+003;7.716360e-002
2.831591e+003;7.732700e-002
2.832073e+003;7.748866e-002
2.832555e+003;7.765500e-002
2.833037e+003;7.783370e-002
2.833519e+003;7.802919e-002
2.834001e+003;7.824340e-002
2.834483e+003;7.847369e-002
2.834966e+003;7.871444e-002
2.835448e+003;7.895709e-002
2.835930e+003;7.919405e-002
2.836412e+003;7.941923e-002
2.836894e+003;7.963033e-002
2.837376e+003;7.982801e-002
2.837858e+003;8.001705e-002
2.838341e+003;8.020267e-002
2.838823e+003;8.039077e-002
2.839305e+003;8.058630e-002
2.839787e+003;8.079216e-002
2.840269e+003;8.100966e-002
2.840751e+003;8.123943e-002
2.841233e+003;8.148139e-002
2.841716e+003;8.173776e-002
2.842198e+003;8.201095e-002
2.842680e+003;8.230533e-002
2.843162e+003;8.262464e-002
2.843644e+003;8.297236e-002
2.844126e+003;8.334973e-002
2.844608e+003;8.375394e-002
2.845091e+003;8.417990e-002
2.845573e+003;8.461907e-002
2.846055e+003;8.506215e-002
2.846537e+003;8.549826e-002
2.847019e+003;8.591796e-002
2.847501e+003;8.631246e-002
2.847983e+003;8.667278e-002
2.848465e+003;8.699249e-002
2.848948e+003;8.726469e-002
2.849430e+003;8.748514e-002
2.849912e+003;8.765319e-002
2.850394e+003;8.777121e-002
2.850876e+003;8.784690e-002
2.851358e+003;8.789219e-002
2.851840e+003;8.792024e-002
2.852323e+003;8.794565e-002
2.852805e+003;8.797889e-002
2.853287e+003;8.802766e-002
2.853769e+003;8.809379e-002
2.854251e+003;8.817673e-002
2.854733e+003;8.827316e-002
2.855215e+003;8.837920e-002
2.855698e+003;8.849148e-002
2.856180e+003;8.860826e-002
2.856662e+003;8.872823e-002
2.857144e+003;8.885081e-002
2.857626e+003;8.897595e-002
2.858108e+003;8.910451e-002
2.858590e+003;8.923862e-002
2.859073e+003;8.938305e-002
2.859555e+003;8.954334e-002
2.860037e+003;8.972731e-002
2.860519e+003;8.994009e-002
2.861001e+003;9.018398e-002
2.861483e+003;9.045713e-002
2.861965e+003;9.075175e-002
2.862448e+003;9.105726e-002
2.862929e+003;9.136260e-002
2.863412e+003;9.165616e-002
2.863894e+003;9.193209e-002
2.864376e+003;9.218684e-002
2.864858e+003;9.242164e-002
2.865340e+003;9.264030e-002
2.865822e+003;9.284873e-002
2.866304e+003;9.305356e-002
2.866787e+003;9.326249e-002
2.867269e+003;9.348289e-002
2.867751e+003;9.372181e-002
2.868233e+003;9.398495e-002
2.868715e+003;9.427392e-002
2.869197e+003;9.458594e-002
2.869679e+003;9.491404e-002
2.870162e+003;9.524777e-002
2.870644e+003;9.557458e-002
2.871126e+003;9.588514e-002
2.871608e+003;9.617379e-002
2.872090e+003;9.644005e-002
2.872572e+003;9.668824e-002
2.873054e+003;9.692452e-002
2.873537e+003;9.715526e-002
2.874019e+003;9.738620e-002
2.874501e+003;9.761993e-002
2.874983e+003;9.785913e-002
2.875465e+003;9.810607e-002
2.875947e+003;9.836324e-002
2.876429e+003;9.863404e-002
2.876912e+003;9.892097e-002
2.877394e+003;9.922354e-002
2.877876e+003;9.953804e-002
2.878358e+003;9.985744e-002
2.878840e+003;1.001733e-001
2.879322e+003;1.004780e-001
2.879804e+003;1.007662e-001
2.880286e+003;1.010378e-001
2.880769e+003;1.012956e-001
2.881251e+003;1.015437e-001
2.881733e+003;1.017868e-001
2.882215e+003;1.020270e-001
2.882697e+003;1.022652e-001
2.883179e+003;1.025012e-001
2.883661e+003;1.027350e-001
2.884144e+003;1.029696e-001
2.884626e+003;1.032089e-001
2.885108e+003;1.034574e-001
2.885590e+003;1.037184e-001
2.886072e+003;1.039925e-001
2.886554e+003;1.042759e-001
2.887036e+003;1.045642e-001
2.887519e+003;1.048527e-001
2.888001e+003;1.051386e-001
2.888483e+003;1.054214e-001
2.888965e+003;1.057032e-001
2.889447e+003;1.059861e-001
2.889929e+003;1.062714e-001
2.890411e+003;1.065569e-001
2.890894e+003;1.068402e-001
2.891376e+003;1.071177e-001
2.891858e+003;1.073881e-001
2.892340e+003;1.076541e-001
2.892822e+003;1.079199e-001
2.893304e+003;1.081912e-001
2.893786e+003;1.084722e-001
2.894269e+003;1.087621e-001
2.894750e+003;1.090597e-001
2.895233e+003;1.093588e-001
2.895715e+003;1.096558e-001
2.896197e+003;1.099513e-001
2.896679e+003;1.102498e-001
2.897161e+003;1.105605e-001
2.897643e+003;1.108930e-001
2.898125e+003;1.112560e-001
2.898608e+003;1.116525e-001
2.899090e+003;1.120799e-001
2.899572e+003;1.125305e-001
2.900054e+003;1.129931e-001
2.900536e+003;1.134562e-001
2.901018e+003;1.139106e-001
2.901500e+003;1.143480e-001
2.901983e+003;1.147639e-001
2.902465e+003;1.151566e-001
2.902947e+003;1.155265e-001
2.903429e+003;1.158779e-001
2.903911e+003;1.162165e-001
2.904393e+003;1.165511e-001
2.904875e+003;1.168897e-001
2.905358e+003;1.172397e-001
2.905840e+003;1.176042e-001
2.906322e+003;1.179830e-001
2.906804e+003;1.183743e-001
2.907286e+003;1.187747e-001
2.907768e+003;1.191840e-001
2.908250e+003;1.196033e-001
2.908733e+003;1.200371e-001
2.909215e+003;1.204893e-001
2.909697e+003;1.209625e-001
2.910179e+003;1.214564e-001
2.910661e+003;1.219663e-001
2.911143e+003;1.224863e-001
2.911625e+003;1.230104e-001
2.912107e+003;1.235355e-001
2.912590e+003;1.240609e-001
2.913072e+003;1.245869e-001
2.913554e+003;1.251134e-001
2.914036e+003;1.256370e-001
2.914518e+003;1.261494e-001
2.915000e+003;1.266403e-001
2.915482e+003;1.270983e-001
2.915965e+003;1.275148e-001
2.916447e+003;1.278873e-001
2.916929e+003;1.282195e-001
2.917411e+003;1.285191e-001
2.917893e+003;1.287970e-001
2.918375e+003;1.290612e-001
2.918857e+003;1.293183e-001
2.919340e+003;1.295694e-001
2.919822e+003;1.298141e-001
2.920304e+003;1.300513e-001
2.920786e+003;1.302813e-001
2.921268e+003;1.305072e-001
2.921750e+003;1.307339e-001
2.922232e+003;1.309667e-001
2.922715e+003;1.312114e-001
2.923197e+003;1.314701e-001
2.923679e+003;1.317430e-001
2.924161e+003;1.320280e-001
2.924643e+003;1.323220e-001
2.925125e+003;1.326210e-001
2.925607e+003;1.329233e-001
2.926090e+003;1.332287e-001
2.926572e+003;1.335403e-001
2.927054e+003;1.338626e-001
2.927536e+003;1.342000e-001
2.928018e+003;1.345552e-001
2.928500e+003;1.349279e-001
2.928982e+003;1.353131e-001
2.929464e+003;1.357042e-001
2.929947e+003;1.360928e-001
2.930429e+003;1.364733e-001
2.930911e+003;1.368451e-001
2.931393e+003;1.372126e-001
2.931875e+003;1.375841e-001
2.932357e+003;1.379702e-001
2.932839e+003;1.383794e-001
2.933322e+003;1.388163e-001
2.933804e+003;1.392799e-001
2.934286e+003;1.397647e-001
2.934768e+003;1.402630e-001
2.935250e+003;1.407678e-001
2.935732e+003;1.412713e-001
2.936214e+003;1.417703e-001
2.936697e+003;1.422602e-001
2.937179e+003;1.427376e-001
2.937661e+003;1.431984e-001
2.938143e+003;1.436399e-001
2.938625e+003;1.440599e-001
2.939107e+003;1.444609e-001
2.939589e+003;1.448465e-001
2.940072e+003;1.452229e-001
2.940554e+003;1.455970e-001
2.941036e+003;1.459730e-001
2.941518e+003;1.463527e-001
2.942000e+003;1.467357e-001
2.942482e+003;1.471200e-001
2.942964e+003;1.475060e-001
2.943447e+003;1.478950e-001
2.943928e+003;1.482929e-001
2.944411e+003;1.487044e-001
2.944893e+003;1.491366e-001
2.945375e+003;1.495905e-001
2.945857e+003;1.500666e-001
2.946339e+003;1.505609e-001
2.946821e+003;1.510676e-001
2.947303e+003;1.515813e-001
2.947786e+003;1.520967e-001
2.948268e+003;1.526092e-001
2.948750e+003;1.531160e-001
2.949232e+003;1.536151e-001
2.949714e+003;1.541060e-001
2.950196e+003;1.545878e-001
2.950678e+003;1.550617e-001
2.951161e+003;1.555287e-001
2.951643e+003;1.559913e-001
2.952125e+003;1.564505e-001
2.952607e+003;1.569070e-001
2.953089e+003;1.573604e-001
2.953571e+003;1.578106e-001
2.954053e+003;1.582586e-001
2.954536e+003;1.587065e-001
2.955018e+003;1.591581e-001
2.955500e+003;1.596168e-001
2.955982e+003;1.600843e-001
2.956464e+003;1.605599e-001
2.956946e+003;1.610401e-001
2.957428e+003;1.615214e-001
2.957911e+003;1.620017e-001
2.958393e+003;1.624832e-001
2.958875e+003;1.629709e-001
2.959357e+003;1.634723e-001
2.959839e+003;1.639951e-001
2.960321e+003;1.645427e-001
2.960803e+003;1.651132e-001
2.961285e+003;1.657006e-001
2.961768e+003;1.662962e-001
2.962250e+003;1.668920e-001
2.962732e+003;1.674839e-001
2.963214e+003;1.680714e-001
2.963696e+003;1.686563e-001
2.964178e+003;1.692414e-001
2.964660e+003;1.698281e-001
2.965143e+003;1.704163e-001
2.965625e+003;1.710050e-001
2.966107e+003;1.715937e-001
2.966589e+003;1.721840e-001
2.967071e+003;1.727797e-001
2.967553e+003;1.733839e-001
2.968035e+003;1.739990e-001
2.968518e+003;1.746234e-001
2.969000e+003;1.752524e-001
2.969482e+003;1.758798e-001
2.969964e+003;1.765005e-001
2.970446e+003;1.771141e-001
2.970928e+003;1.777233e-001
2.971410e+003;1.783342e-001
2.971893e+003;1.789539e-001
2.972375e+003;1.795867e-001
2.972857e+003;1.802331e-001
2.973339e+003;1.808895e-001
2.973821e+003;1.815506e-001
2.974303e+003;1.822111e-001
2.974785e+003;1.828686e-001
2.975268e+003;1.835225e-001
2.975750e+003;1.841758e-001
2.976232e+003;1.848310e-001
2.976714e+003;1.854902e-001
2.977196e+003;1.861544e-001
2.977678e+003;1.868249e-001
2.978160e+003;1.875029e-001
2.978642e+003;1.881916e-001
2.979125e+003;1.888935e-001
2.979607e+003;1.896108e-001
2.980089e+003;1.903435e-001
2.980571e+003;1.910891e-001
2.981053e+003;1.918415e-001
2.981535e+003;1.925945e-001
2.982017e+003;1.933416e-001
2.982500e+003;1.940798e-001
2.982982e+003;1.948069e-001
2.983464e+003;1.955241e-001
2.983946e+003;1.962326e-001
2.984428e+003;1.969346e-001
2.984910e+003;1.976325e-001
2.985392e+003;1.983287e-001
2.985875e+003;1.990279e-001
2.986357e+003;1.997367e-001
2.986839e+003;2.004611e-001
2.987321e+003;2.012079e-001
2.987803e+003;2.019786e-001
2.988285e+003;2.027724e-001
2.988767e+003;2.035834e-001
2.989250e+003;2.044038e-001
2.989732e+003;2.052267e-001
2.990214e+003;2.060461e-001
2.990696e+003;2.068591e-001
2.991178e+003;2.076667e-001
2.991660e+003;2.084707e-001
2.992142e+003;2.092752e-001
2.992625e+003;2.100842e-001
2.993106e+003;2.109002e-001
2.993589e+003;2.117266e-001
2.994071e+003;2.125654e-001
2.994553e+003;2.134169e-001
2.995035e+003;2.142804e-001
2.995517e+003;2.151526e-001
2.995999e+003;2.160278e-001
2.996481e+003;2.169010e-001
2.996964e+003;2.177694e-001
2.997446e+003;2.186319e-001
2.997928e+003;2.194923e-001
2.998410e+003;2.203545e-001
2.998892e+003;2.212234e-001
2.999374e+003;2.221019e-001
2.999856e+003;2.229889e-001
3.000339e+003;2.238825e-001
3.000821e+003;2.247790e-001
3.001303e+003;2.256774e-001
3.001785e+003;2.265797e-001
3.002267e+003;2.274902e-001
3.002749e+003;2.284145e-001
3.003231e+003;2.293558e-001
3.003714e+003;2.303147e-001
3.004196e+003;2.312865e-001
3.004678e+003;2.322645e-001
3.005160e+003;2.332416e-001
3.005642e+003;2.342132e-001
3.006124e+003;2.351771e-001
3.006606e+003;2.361347e-001
3.007089e+003;2.370891e-001
3.007571e+003;2.380433e-001
3.008053e+003;2.390001e-001
3.008535e+003;2.399621e-001
3.009017e+003;2.409310e-001
3.009499e+003;2.419105e-001
3.009981e+003;2.429032e-001
3.010463e+003;2.439125e-001
3.010946e+003;2.449375e-001
3.011428e+003;2.459753e-001
3.011910e+003;2.470189e-001
3.012392e+003;2.480601e-001
3.012874e+003;2.490931e-001
3.013356e+003;2.501154e-001
3.013838e+003;2.511298e-001
3.014321e+003;2.521441e-001
3.014803e+003;2.531673e-001
3.015285e+003;2.542071e-001
3.015767e+003;2.552676e-001
3.016249e+003;2.563488e-001
3.016731e+003;2.574469e-001
3.017213e+003;2.585578e-001
3.017696e+003;2.596776e-001
3.018178e+003;2.608058e-001
3.018660e+003;2.619419e-001
3.019142e+003;2.630862e-001
3.019624e+003;2.642368e-001
3.020106e+003;2.653894e-001
3.020588e+003;2.665377e-001
3.021071e+003;2.676752e-001
3.021553e+003;2.687974e-001
3.022035e+003;2.699052e-001
3.022517e+003;2.710032e-001
3.022999e+003;2.721004e-001
3.023481e+003;2.732060e-001
3.023963e+003;2.743297e-001
3.024446e+003;2.754755e-001
3.024927e+003;2.766441e-001
3.025410e+003;2.778295e-001
3.025892e+003;2.790258e-001
3.026374e+003;2.802247e-001
3.026856e+003;2.814200e-001
3.027338e+003;2.826092e-001
3.027820e+003;2.837934e-001
3.028302e+003;2.849774e-001
3.028785e+003;2.861677e-001
3.029267e+003;2.873705e-001
3.029749e+003;2.885908e-001
3.030231e+003;2.898308e-001
3.030713e+003;2.910890e-001
3.031195e+003;2.923630e-001
3.031677e+003;2.936489e-001
3.032160e+003;2.949420e-001
3.032642e+003;2.962393e-001
3.033124e+003;2.975371e-001
3.033606e+003;2.988346e-001
3.034088e+003;3.001290e-001
3.034570e+003;3.014196e-001
3.035052e+003;3.027067e-001
3.035535e+003;3.039911e-001
3.036017e+003;3.052748e-001
3.036499e+003;3.065609e-001
3.036981e+003;3.078521e-001
3.037463e+003;3.091517e-001
3.037945e+003;3.104608e-001
3.038427e+003;3.117797e-001
3.038910e+003;3.131078e-001
3.039392e+003;3.144445e-001
3.039874e+003;3.157906e-001
3.040356e+003;3.171461e-001
3.040838e+003;3.185108e-001
3.041320e+003;3.198849e-001
3.041802e+003;3.212656e-001
3.042284e+003;3.226517e-001
3.042767e+003;3.240403e-001
3.043249e+003;3.254304e-001
3.043731e+003;3.268221e-001
3.044213e+003;3.282180e-001
3.044695e+003;3.296195e-001
3.045177e+003;3.310297e-001
3.045659e+003;3.324494e-001
3.046142e+003;3.338786e-001
3.046624e+003;3.353175e-001
3.047106e+003;3.367662e-001
3.047588e+003;3.382257e-001
3.048070e+003;3.396961e-001
3.048552e+003;3.411770e-001
3.049034e+003;3.426664e-001
3.049517e+003;3.441581e-001
3.049999e+003;3.456468e-001
3.050481e+003;3.471269e-001
3.050963e+003;3.485982e-001
3.051445e+003;3.500651e-001
3.051927e+003;3.515370e-001
3.052409e+003;3.530256e-001
3.052892e+003;3.545398e-001
3.053374e+003;3.560830e-001
3.053856e+003;3.576528e-001
3.054338e+003;3.592390e-001
3.054820e+003;3.608296e-001
3.055302e+003;3.624151e-001
3.055784e+003;3.639898e-001
3.056267e+003;3.655545e-001
3.056749e+003;3.671152e-001
3.057231e+003;3.686785e-001
3.057713e+003;3.702495e-001
3.058195e+003;3.718304e-001
3.058677e+003;3.734187e-001
3.059159e+003;3.750123e-001
3.059641e+003;3.766101e-001
3.060124e+003;3.782113e-001
3.060606e+003;3.798189e-001
3.061088e+003;3.814362e-001
3.061570e+003;3.830640e-001
3.062052e+003;3.847018e-001
3.062534e+003;3.863468e-001
3.063016e+003;3.879961e-001
3.063499e+003;3.896489e-001
3.063981e+003;3.913070e-001
3.064463e+003;3.929753e-001
3.064945e+003;3.946586e-001
3.065427e+003;3.963605e-001
3.065909e+003;3.980794e-001
3.066391e+003;3.998099e-001
3.066874e+003;4.015436e-001
3.067356e+003;4.032722e-001
3.067838e+003;4.049899e-001
3.068320e+003;4.066966e-001
3.068802e+003;4.083979e-001
3.069284e+003;4.101018e-001
3.069766e+003;4.118161e-001
3.070249e+003;4.135475e-001
3.070731e+003;4.152983e-001
3.071213e+003;4.170659e-001
3.071695e+003;4.188455e-001
3.072177e+003;4.206323e-001
3.072659e+003;4.224222e-001
3.073141e+003;4.242149e-001
3.073624e+003;4.260105e-001
3.074105e+003;4.278110e-001
3.074588e+003;4.296170e-001
3.075070e+003;4.314285e-001
3.075552e+003;4.332427e-001
3.076034e+003;4.350570e-001
3.076516e+003;4.368701e-001
3.076998e+003;4.386838e-001
3.077480e+003;4.405018e-001
3.077963e+003;4.423304e-001
3.078445e+003;4.441753e-001
3.078927e+003;4.460419e-001
3.079409e+003;4.479282e-001
3.079891e+003;4.498311e-001
3.080373e+003;4.517415e-001
3.080855e+003;4.536507e-001
3.081338e+003;4.555508e-001
3.081820e+003;4.574396e-001
3.082302e+003;4.593197e-001
3.082784e+003;4.611981e-001
3.083266e+003;4.630846e-001
3.083748e+003;4.649892e-001
3.084230e+003;4.669189e-001
3.084713e+003;4.688764e-001
3.085195e+003;4.708608e-001
3.085677e+003;4.728674e-001
3.086159e+003;4.748888e-001
3.086641e+003;4.769188e-001
3.087123e+003;4.789494e-001
3.087605e+003;4.809768e-001
3.088088e+003;4.829965e-001
3.088570e+003;4.850083e-001
3.089052e+003;4.870126e-001
3.089534e+003;4.890131e-001
3.090016e+003;4.910149e-001
3.090498e+003;4.930242e-001
3.090980e+003;4.950458e-001
3.091462e+003;4.970842e-001
3.091945e+003;4.991409e-001
3.092427e+003;5.012169e-001
3.092909e+003;5.033093e-001
3.093391e+003;5.054153e-001
3.093873e+003;5.075285e-001
3.094355e+003;5.096444e-001
3.094837e+003;5.117543e-001
3.095320e+003;5.138518e-001
3.095802e+003;5.159315e-001
3.096284e+003;5.179902e-001
3.096766e+003;5.200320e-001
3.097248e+003;5.220639e-001
3.097730e+003;5.240984e-001
3.098212e+003;5.261489e-001
3.098695e+003;5.282276e-001
3.099177e+003;5.303423e-001
3.099659e+003;5.324941e-001
3.100141e+003;5.346792e-001
3.100623e+003;5.368888e-001
3.101105e+003;5.391169e-001
3.101587e+003;5.413553e-001
3.102070e+003;5.436022e-001
3.102552e+003;5.458559e-001
3.103034e+003;5.481166e-001
3.103516e+003;5.503828e-001
3.103998e+003;5.526507e-001
3.104480e+003;5.549130e-001
3.104962e+003;5.571616e-001
3.105445e+003;5.593879e-001
3.105927e+003;5.615869e-001
3.106409e+003;5.637575e-001
3.106891e+003;5.659047e-001
3.107373e+003;5.680387e-001
3.107855e+003;5.701743e-001
3.108337e+003;5.723279e-001
3.108819e+003;5.745142e-001
3.109302e+003;5.767433e-001
3.109784e+003;5.790193e-001
3.110266e+003;5.813376e-001
3.110748e+003;5.836887e-001
3.111230e+003;5.860574e-001
3.111712e+003;5.884289e-001
3.112194e+003;5.907906e-001
3.112677e+003;5.931346e-001
3.113159e+003;5.954575e-001
3.113641e+003;5.977579e-001
3.114123e+003;6.000372e-001
3.114605e+003;6.022990e-001
3.115087e+003;6.045468e-001
3.115569e+003;6.067895e-001
3.116052e+003;6.090365e-001
3.116534e+003;6.113009e-001
3.117016e+003;6.135941e-001
3.117498e+003;6.159233e-001
3.117980e+003;6.182861e-001
3.118462e+003;6.206749e-001
3.118944e+003;6.230773e-001
3.119427e+003;6.254815e-001
3.119909e+003;6.278834e-001
3.120391e+003;6.302874e-001
3.120873e+003;6.327051e-001
3.121355e+003;6.351511e-001
3.121837e+003;6.376327e-001
3.122319e+003;6.401461e-001
3.122802e+003;6.426755e-001
3.123283e+003;6.451961e-001
3.123766e+003;6.476844e-001
3.124248e+003;6.501259e-001
3.124730e+003;6.525193e-001
3.125212e+003;6.548793e-001
3.125694e+003;6.572258e-001
3.126176e+003;6.595805e-001
3.126658e+003;6.619554e-001
3.127141e+003;6.643536e-001
3.127623e+003;6.667680e-001
3.128105e+003;6.691883e-001
3.128587e+003;6.716061e-001
3.129069e+003;6.740181e-001
3.129551e+003;6.764268e-001
3.130033e+003;6.788390e-001
3.130516e+003;6.812612e-001
3.130998e+003;6.836970e-001
3.131480e+003;6.861470e-001
3.131962e+003;6.886090e-001
3.132444e+003;6.910799e-001
3.132926e+003;6.935580e-001
3.133408e+003;6.960383e-001
3.133891e+003;6.985186e-001
3.134373e+003;7.009921e-001
3.134855e+003;7.034542e-001
3.135337e+003;7.059000e-001
3.135819e+003;7.083302e-001
3.136301e+003;7.107509e-001
3.136783e+003;7.131739e-001
3.137266e+003;7.156112e-001
3.137748e+003;7.180735e-001
3.138230e+003;7.205646e-001
3.138712e+003;7.230807e-001
3.139194e+003;7.256113e-001
3.139676e+003;7.281438e-001
3.140158e+003;7.306670e-001
3.140640e+003;7.331760e-001
3.141123e+003;7.356687e-001
3.141605e+003;7.381489e-001
3.142087e+003;7.406215e-001
3.142569e+003;7.430909e-001
3.143051e+003;7.455609e-001
3.143533e+003;7.480345e-001
3.144015e+003;7.505130e-001
3.144498e+003;7.529997e-001
3.144980e+003;7.554951e-001
3.145462e+003;7.579983e-001
3.145944e+003;7.605075e-001
3.146426e+003;7.630191e-001
3.146908e+003;7.655296e-001
3.147390e+003;7.680395e-001
3.147873e+003;7.705494e-001
3.148355e+003;7.730630e-001
3.148837e+003;7.755810e-001
3.149319e+003;7.781007e-001
3.149801e+003;7.806147e-001
3.150283e+003;7.831142e-001
3.150765e+003;7.855906e-001
3.151248e+003;7.880419e-001
3.151730e+003;7.904738e-001
3.152212e+003;7.928995e-001
3.152694e+003;7.953345e-001
3.153176e+003;7.977915e-001
3.153658e+003;8.002763e-001
3.154140e+003;8.027856e-001
3.154623e+003;8.053103e-001
3.155104e+003;8.078374e-001
3.155587e+003;8.103595e-001
3.156069e+003;8.128727e-001
3.156551e+003;8.153796e-001
3.157033e+003;8.178848e-001
3.157515e+003;8.203896e-001
3.157997e+003;8.228943e-001
3.158479e+003;8.253930e-001
3.158962e+003;8.278808e-001
3.159444e+003;8.303530e-001
3.159926e+003;8.328088e-001
3.160408e+003;8.352506e-001
3.160890e+003;8.376826e-001
3.161372e+003;8.401069e-001
3.161854e+003;8.425242e-001
3.162337e+003;8.449318e-001
3.162819e+003;8.473266e-001
3.163301e+003;8.497070e-001
3.163783e+003;8.520740e-001
3.164265e+003;8.544307e-001
3.164747e+003;8.567827e-001
3.165229e+003;8.591331e-001
3.165712e+003;8.614849e-001
3.166194e+003;8.638406e-001
3.166676e+003;8.662003e-001
3.167158e+003;8.685673e-001
3.167640e+003;8.709437e-001
3.168122e+003;8.733299e-001
3.168604e+003;8.757229e-001
3.169086e+003;8.781152e-001
3.169569e+003;8.804950e-001
3.170051e+003;8.828514e-001
3.170533e+003;8.851754e-001
3.171015e+003;8.874649e-001
3.171497e+003;8.897256e-001
3.171979e+003;8.919677e-001
3.172461e+003;8.942044e-001
3.172944e+003;8.964463e-001
3.173426e+003;8.987001e-001
3.173908e+003;9.009666e-001
3.174390e+003;9.032446e-001
3.174872e+003;9.055309e-001
3.175354e+003;9.078224e-001
3.175836e+003;9.101165e-001
3.176319e+003;9.124113e-001
3.176801e+003;9.147037e-001
3.177283e+003;9.169904e-001
3.177765e+003;9.192692e-001
3.178247e+003;9.215397e-001
3.178729e+003;9.238011e-001
3.179211e+003;9.260555e-001
3.179694e+003;9.283013e-001
3.180176e+003;9.305351e-001
3.180658e+003;9.327492e-001
3.181140e+003;9.349352e-001
3.181622e+003;9.370862e-001
3.182104e+003;9.392018e-001
3.182586e+003;9.412881e-001
3.183069e+003;9.433581e-001
3.183551e+003;9.454254e-001
3.184033e+003;9.475026e-001
3.184515e+003;9.495952e-001
3.184997e+003;9.517040e-001
3.185479e+003;9.538230e-001
3.185961e+003;9.559466e-001
3.186443e+003;9.580676e-001
3.186926e+003;9.601818e-001
3.187408e+003;9.622839e-001
3.187890e+003;9.643701e-001
3.188372e+003;9.664317e-001
3.188854e+003;9.684625e-001
3.189336e+003;9.704583e-001
3.189818e+003;9.724198e-001
3.190301e+003;9.743534e-001
3.190783e+003;9.762691e-001
3.191265e+003;9.781733e-001
3.191747e+003;9.800711e-001
3.192229e+003;9.819591e-001
3.192711e+003;9.838318e-001
3.193193e+003;9.856853e-001
3.193676e+003;9.875219e-001
3.194158e+003;9.893526e-001
3.194640e+003;9.911951e-001
3.195122e+003;9.930640e-001
3.195604e+003;9.949672e-001
3.196086e+003;9.968997e-001
3.196568e+003;9.988445e-001
3.197051e+003;1.000778e+000
3.197533e+003;1.002679e+000
3.198015e+003;1.004536e+000
3.198497e+003;1.006350e+000
3.198979e+003;1.008130e+000
3.199461e+003;1.009887e+000
3.199943e+003;1.011629e+000
3.200426e+003;1.013357e+000
3.200907e+003;1.015064e+000
3.201390e+003;1.016743e+000
3.201872e+003;1.018393e+000
3.202354e+003;1.020019e+000
3.202836e+003;1.021633e+000
3.203318e+003;1.023249e+000
3.203800e+003;1.024878e+000
3.204282e+003;1.026521e+000
3.204765e+003;1.028175e+000
3.205247e+003;1.029832e+000
3.205729e+003;1.031483e+000
3.206211e+003;1.033124e+000
3.206693e+003;1.034750e+000
3.207175e+003;1.036362e+000
3.207657e+003;1.037956e+000
3.208140e+003;1.039526e+000
3.208622e+003;1.041065e+000
3.209104e+003;1.042570e+000
3.209586e+003;1.044041e+000
3.210068e+003;1.045486e+000
3.210550e+003;1.046914e+000
3.211032e+003;1.048334e+000
3.211515e+003;1.049745e+000
3.211997e+003;1.051142e+000
3.212479e+003;1.052512e+000
3.212961e+003;1.053843e+000
3.213443e+003;1.055129e+000
3.213925e+003;1.056373e+000
3.214407e+003;1.057588e+000
3.214890e+003;1.058790e+000
3.215372e+003;1.059996e+000
3.215854e+003;1.061213e+000
3.216336e+003;1.062445e+000
3.216818e+003;1.063688e+000
3.217300e+003;1.064936e+000
3.217782e+003;1.066186e+000
3.218264e+003;1.067433e+000
3.218747e+003;1.068678e+000
3.219229e+003;1.069915e+000
3.219711e+003;1.071140e+000
3.220193e+003;1.072344e+000
3.220675e+003;1.073519e+000
3.221157e+003;1.074659e+000
3.221639e+003;1.075765e+000
3.222122e+003;1.076837e+000
3.222604e+003;1.077883e+000
3.223086e+003;1.078903e+000
3.223568e+003;1.079901e+000
3.224050e+003;1.080874e+000
3.224532e+003;1.081825e+000
3.225014e+003;1.082760e+000
3.225497e+003;1.083686e+000
3.225979e+003;1.084614e+000
3.226461e+003;1.085552e+000
3.226943e+003;1.086502e+000
3.227425e+003;1.087457e+000
3.227907e+003;1.088405e+000
3.228389e+003;1.089332e+000
3.228872e+003;1.090227e+000
3.229354e+003;1.091089e+000
3.229836e+003;1.091923e+000
3.230318e+003;1.092741e+000
3.230800e+003;1.093556e+000
3.231282e+003;1.094380e+000
3.231764e+003;1.095219e+000
3.232247e+003;1.096071e+000
3.232729e+003;1.096931e+000
3.233211e+003;1.097787e+000
3.233693e+003;1.098624e+000
3.234175e+003;1.099428e+000
3.234657e+003;1.100186e+000
3.235139e+003;1.100893e+000
3.235621e+003;1.101551e+000
3.236104e+003;1.102171e+000
3.236586e+003;1.102777e+000
3.237068e+003;1.103393e+000
3.237550e+003;1.104038e+000
3.238032e+003;1.104721e+000
3.238514e+003;1.105435e+000
3.238996e+003;1.106160e+000
3.239479e+003;1.106871e+000
3.239961e+003;1.107541e+000
3.240443e+003;1.108156e+000
3.240925e+003;1.108714e+000
3.241407e+003;1.109226e+000
3.241889e+003;1.109708e+000
3.242371e+003;1.110177e+000
3.242854e+003;1.110645e+000
3.243336e+003;1.111116e+000
3.243818e+003;1.111589e+000
3.244300e+003;1.112060e+000
3.244782e+003;1.112530e+000
3.245264e+003;1.112999e+000
3.245746e+003;1.113467e+000
3.246229e+003;1.113934e+000
3.246711e+003;1.114394e+000
3.247193e+003;1.114840e+000
3.247675e+003;1.115264e+000
3.248157e+003;1.115659e+000
3.248639e+003;1.116027e+000
3.249121e+003;1.116370e+000
3.249604e+003;1.116695e+000
3.250085e+003;1.117012e+000
3.250568e+003;1.117328e+000
3.251050e+003;1.117649e+000
3.251532e+003;1.117982e+000
3.252014e+003;1.118330e+000
3.252496e+003;1.118695e+000
3.252978e+003;1.119075e+000
3.253460e+003;1.119462e+000
3.253943e+003;1.119842e+000
3.254425e+003;1.120197e+000
3.254907e+003;1.120514e+000
3.255389e+003;1.120782e+000
3.255871e+003;1.121002e+000
3.256353e+003;1.121185e+000
3.256835e+003;1.121348e+000
3.257318e+003;1.121510e+000
3.257800e+003;1.121685e+000
3.258282e+003;1.121883e+000
3.258764e+003;1.122106e+000
3.259246e+003;1.122354e+000
3.259728e+003;1.122625e+000
3.260210e+003;1.122914e+000
3.260693e+003;1.123216e+000
3.261175e+003;1.123520e+000
3.261657e+003;1.123812e+000
3.262139e+003;1.124077e+000
3.262621e+003;1.124303e+000
3.263103e+003;1.124487e+000
3.263585e+003;1.124635e+000
3.264068e+003;1.124764e+000
3.264550e+003;1.124893e+000
3.265032e+003;1.125038e+000
3.265514e+003;1.125204e+000
3.265996e+003;1.125381e+000
3.266478e+003;1.125553e+000
3.266960e+003;1.125701e+000
3.267442e+003;1.125810e+000
3.267925e+003;1.125878e+000
3.268407e+003;1.125914e+000
3.268889e+003;1.125935e+000
3.269371e+003;1.125958e+000
3.269853e+003;1.125997e+000
3.270335e+003;1.126057e+000
3.270817e+003;1.126137e+000
3.271300e+003;1.126232e+000
3.271782e+003;1.126341e+000
3.272264e+003;1.126460e+000
3.272746e+003;1.126592e+000
3.273228e+003;1.126737e+000
3.273710e+003;1.126897e+000
3.274192e+003;1.127069e+000
3.274675e+003;1.127246e+000
3.275157e+003;1.127423e+000
3.275639e+003;1.127590e+000
3.276121e+003;1.127738e+000
3.276603e+003;1.127861e+000
3.277085e+003;1.127951e+000
3.277567e+003;1.128008e+000
3.278050e+003;1.128034e+000
3.278532e+003;1.128037e+000
3.279014e+003;1.128034e+000
3.279496e+003;1.128041e+000
3.279978e+003;1.128072e+000
3.280460e+003;1.128135e+000
3.280942e+003;1.128224e+000
3.281425e+003;1.128325e+000
3.281906e+003;1.128419e+000
3.282389e+003;1.128487e+000
3.282871e+003;1.128520e+000
3.283353e+003;1.128516e+000
3.283835e+003;1.128487e+000
3.284317e+003;1.128447e+000
3.284799e+003;1.128413e+000
3.285281e+003;1.128397e+000
3.285764e+003;1.128408e+000
3.286246e+003;1.128445e+000
3.286728e+003;1.128508e+000
3.287210e+003;1.128593e+000
3.287692e+003;1.128697e+000
3.288174e+003;1.128813e+000
3.288656e+003;1.128933e+000
3.289139e+003;1.129049e+000
3.289621e+003;1.129151e+000
3.290103e+003;1.129232e+000
3.290585e+003;1.129291e+000
3.291067e+003;1.129333e+000
3.291549e+003;1.129367e+000
3.292031e+003;1.129405e+000
3.292514e+003;1.129456e+000
3.292996e+003;1.129523e+000
3.293478e+003;1.129608e+000
3.293960e+003;1.129707e+000
3.294442e+003;1.129815e+000
3.294924e+003;1.129927e+000
3.295406e+003;1.130040e+000
3.295889e+003;1.130153e+000
3.296371e+003;1.130263e+000
3.296853e+003;1.130369e+000
3.297335e+003;1.130471e+000
3.297817e+003;1.130564e+000
3.298299e+003;1.130648e+000
3.298781e+003;1.130720e+000
3.299263e+003;1.130776e+000
3.299746e+003;1.130816e+000
3.300228e+003;1.130837e+000
3.300710e+003;1.130840e+000
3.301192e+003;1.130833e+000
3.301674e+003;1.130824e+000
3.302156e+003;1.130825e+000
3.302638e+003;1.130849e+000
3.303121e+003;1.130898e+000
3.303603e+003;1.130974e+000
3.304085e+003;1.131066e+000
3.304567e+003;1.131165e+000
3.305049e+003;1.131260e+000
3.305531e+003;1.131347e+000
3.306013e+003;1.131429e+000
3.306496e+003;1.131510e+000
3.306978e+003;1.131593e+000
3.307460e+003;1.131674e+000
3.307942e+003;1.131743e+000
3.308424e+003;1.131787e+000
3.308906e+003;1.131795e+000
3.309388e+003;1.131769e+000
3.309871e+003;1.131721e+000
3.310353e+003;1.131674e+000
3.310835e+003;1.131654e+000
3.311317e+003;1.131679e+000
3.311799e+003;1.131755e+000
3.312281e+003;1.131869e+000
3.312763e+003;1.131997e+000
3.313246e+003;1.132109e+000
3.313728e+003;1.132182e+000
3.314210e+003;1.132204e+000
3.314692e+003;1.132176e+000
3.315174e+003;1.132109e+000
3.315656e+003;1.132020e+000
3.316138e+003;1.131924e+000
3.316620e+003;1.131835e+000
3.317103e+003;1.131760e+000
3.317585e+003;1.131704e+000
3.318067e+003;1.131669e+000
3.318549e+003;1.131653e+000
3.319031e+003;1.131654e+000
3.319513e+003;1.131666e+000
3.319995e+003;1.131685e+000
3.320478e+003;1.131704e+000
3.320960e+003;1.131721e+000
3.321442e+003;1.131737e+000
3.321924e+003;1.131752e+000
3.322406e+003;1.131770e+000
3.322888e+003;1.131789e+000
3.323370e+003;1.131807e+000
3.323853e+003;1.131819e+000
3.324335e+003;1.131824e+000
3.324817e+003;1.131822e+000
3.325299e+003;1.131821e+000
3.325781e+003;1.131830e+000
3.326263e+003;1.131857e+000
3.326745e+003;1.131903e+000
3.327228e+003;1.131959e+000
3.327710e+003;1.132010e+000
3.328192e+003;1.132034e+000
3.328674e+003;1.132016e+000
3.329156e+003;1.131944e+000
3.329638e+003;1.131819e+000
3.330120e+003;1.131646e+000
3.330603e+003;1.131437e+000
3.331084e+003;1.131202e+000
3.331567e+003;1.130953e+000
3.332049e+003;1.130699e+000
3.332531e+003;1.130454e+000
3.333013e+003;1.130236e+000
3.333495e+003;1.130064e+000
3.333977e+003;1.129953e+000
3.334459e+003;1.129909e+000
3.334942e+003;1.129923e+000
3.335424e+003;1.129973e+000
3.335906e+003;1.130025e+000
3.336388e+003;1.130043e+000
3.336870e+003;1.130002e+000
3.337352e+003;1.129886e+000
3.337834e+003;1.129698e+000
3.338317e+003;1.129453e+000
3.338799e+003;1.129176e+000
3.339281e+003;1.128892e+000
3.339763e+003;1.128624e+000
3.340245e+003;1.128389e+000
3.340727e+003;1.128196e+000
3.341209e+003;1.128044e+000
3.341692e+003;1.127923e+000
3.342174e+003;1.127819e+000
3.342656e+003;1.127709e+000
3.343138e+003;1.127573e+000
3.343620e+003;1.127395e+000
3.344102e+003;1.127169e+000
3.344584e+003;1.126900e+000
3.345067e+003;1.126599e+000
3.345549e+003;1.126282e+000
3.346031e+003;1.125961e+000
3.346513e+003;1.125639e+000
3.346995e+003;1.125315e+000
3.347477e+003;1.124983e+000
3.347959e+003;1.124637e+000
3.348441e+003;1.124280e+000
3.348924e+003;1.123917e+000
3.349406e+003;1.123562e+000
3.349888e+003;1.123222e+000
3.350370e+003;1.122901e+000
3.350852e+003;1.122594e+000
3.351334e+003;1.122288e+000
3.351816e+003;1.121968e+000
3.352299e+003;1.121622e+000
3.352781e+003;1.121245e+000
3.353263e+003;1.120836e+000
3.353745e+003;1.120399e+000
3.354227e+003;1.119936e+000
3.354709e+003;1.119450e+000
3.355191e+003;1.118940e+000
3.355674e+003;1.118409e+000
3.356156e+003;1.117856e+000
3.356638e+003;1.117291e+000
3.357120e+003;1.116721e+000
3.357602e+003;1.116156e+000
3.358084e+003;1.115602e+000
3.358566e+003;1.115061e+000
3.359049e+003;1.114534e+000
3.359531e+003;1.114017e+000
3.360013e+003;1.113511e+000
3.360495e+003;1.113012e+000
3.360977e+003;1.112518e+000
3.361459e+003;1.112022e+000
3.361941e+003;1.111511e+000
3.362424e+003;1.110973e+000
3.362906e+003;1.110390e+000
3.363388e+003;1.109756e+000
3.363870e+003;1.109069e+000
3.364352e+003;1.108342e+000
3.364834e+003;1.107591e+000
3.365316e+003;1.106834e+000
3.365798e+003;1.106084e+000
3.366281e+003;1.105343e+000
3.366763e+003;1.104605e+000
3.367245e+003;1.103861e+000
3.367727e+003;1.103099e+000
3.368209e+003;1.102313e+000
3.368691e+003;1.101501e+000
3.369173e+003;1.100665e+000
3.369656e+003;1.099810e+000
3.370138e+003;1.098940e+000
3.370620e+003;1.098056e+000
3.371102e+003;1.097165e+000
3.371584e+003;1.096270e+000
3.372066e+003;1.095379e+000
3.372548e+003;1.094499e+000
3.373031e+003;1.093637e+000
3.373513e+003;1.092794e+000
3.373995e+003;1.091964e+000
3.374477e+003;1.091138e+000
3.374959e+003;1.090307e+000
3.375441e+003;1.089465e+000
3.375923e+003;1.088609e+000
3.376406e+003;1.087742e+000
3.376888e+003;1.086868e+000
3.377370e+003;1.085985e+000
3.377852e+003;1.085090e+000
3.378334e+003;1.084170e+000
3.378816e+003;1.083214e+000
3.379298e+003;1.082210e+000
3.379781e+003;1.081159e+000
3.380262e+003;1.080068e+000
3.380745e+003;1.078953e+000
3.381227e+003;1.077836e+000
3.381709e+003;1.076735e+000
3.382191e+003;1.075663e+000
3.382673e+003;1.074620e+000
3.383155e+003;1.073595e+000
3.383637e+003;1.072572e+000
3.384120e+003;1.071533e+000
3.384602e+003;1.070460e+000
3.385084e+003;1.069344e+000
3.385566e+003;1.068185e+000
3.386048e+003;1.066992e+000
3.386530e+003;1.065775e+000
3.387012e+003;1.064545e+000
3.387495e+003;1.063309e+000
3.387977e+003;1.062069e+000
3.388459e+003;1.060820e+000
3.388941e+003;1.059556e+000
3.389423e+003;1.058271e+000
3.389905e+003;1.056965e+000
3.390387e+003;1.055642e+000
3.390870e+003;1.054308e+000
3.391352e+003;1.052971e+000
3.391834e+003;1.051633e+000
3.392316e+003;1.050295e+000
3.392798e+003;1.048955e+000
3.393280e+003;1.047613e+000
3.393762e+003;1.046271e+000
3.394245e+003;1.044936e+000
3.394727e+003;1.043612e+000
3.395209e+003;1.042298e+000
3.395691e+003;1.040981e+000
3.396173e+003;1.039641e+000
3.396655e+003;1.038249e+000
3.397137e+003;1.036785e+000
3.397619e+003;1.035241e+000
3.398102e+003;1.033630e+000
3.398584e+003;1.031984e+000
3.399066e+003;1.030343e+000
3.399548e+003;1.028745e+000
3.400030e+003;1.027210e+000
3.400512e+003;1.025737e+000
3.400994e+003;1.024305e+000
3.401477e+003;1.022887e+000
3.401959e+003;1.021455e+000
3.402441e+003;1.019999e+000
3.402923e+003;1.018518e+000
3.403405e+003;1.017030e+000
3.403887e+003;1.015550e+000
3.404369e+003;1.014085e+000
3.404852e+003;1.012634e+000
3.405334e+003;1.011182e+000
3.405816e+003;1.009710e+000
3.406298e+003;1.008204e+000
3.406780e+003;1.006653e+000
3.407262e+003;1.005060e+000
3.407744e+003;1.003435e+000
3.408227e+003;1.001784e+000
3.408709e+003;1.000117e+000
3.409191e+003;9.984372e-001
3.409673e+003;9.967467e-001
3.410155e+003;9.950463e-001
3.410637e+003;9.933388e-001
3.411119e+003;9.916244e-001
3.411602e+003;9.899016e-001
3.412083e+003;9.881658e-001
3.412566e+003;9.864112e-001
3.413048e+003;9.846322e-001
3.413530e+003;9.828306e-001
3.414012e+003;9.810170e-001
3.414494e+003;9.792110e-001
3.414976e+003;9.774342e-001
3.415458e+003;9.757046e-001
3.415941e+003;9.740266e-001
3.416423e+003;9.723908e-001
3.416905e+003;9.707742e-001
3.417387e+003;9.691486e-001
3.417869e+003;9.674892e-001
3.418351e+003;9.657824e-001
3.418833e+003;9.640279e-001
3.419316e+003;9.622394e-001
3.419798e+003;9.604335e-001
3.420280e+003;9.586278e-001
3.420762e+003;9.568328e-001
3.421244e+003;9.550511e-001
3.421726e+003;9.532809e-001
3.422208e+003;9.515147e-001
3.422691e+003;9.497471e-001
3.423173e+003;9.479735e-001
3.423655e+003;9.461889e-001
3.424137e+003;9.443923e-001
3.424619e+003;9.425834e-001
3.425101e+003;9.407614e-001
3.425583e+003;9.389310e-001
3.426066e+003;9.370984e-001
3.426548e+003;9.352695e-001
3.427030e+003;9.334525e-001
3.427512e+003;9.316502e-001
3.427994e+003;9.298607e-001
3.428476e+003;9.280757e-001
3.428958e+003;9.262839e-001
3.429440e+003;9.244712e-001
3.429923e+003;9.226280e-001
3.430405e+003;9.207484e-001
3.430887e+003;9.188316e-001
3.431369e+003;9.168862e-001
3.431851e+003;9.149237e-001
3.432333e+003;9.129583e-001
3.432815e+003;9.110053e-001
3.433298e+003;9.090753e-001
3.433780e+003;9.071761e-001
3.434262e+003;9.053062e-001
3.434744e+003;9.034594e-001
3.435226e+003;9.016246e-001
3.435708e+003;8.997906e-001
3.436190e+003;8.979499e-001
3.436673e+003;8.960999e-001
3.437155e+003;8.942432e-001
3.437637e+003;8.923883e-001
3.438119e+003;8.905411e-001
3.438601e+003;8.887057e-001
3.439083e+003;8.868794e-001
3.439565e+003;8.850560e-001
3.440048e+003;8.832282e-001
3.440530e+003;8.813907e-001
3.441012e+003;8.795432e-001
3.441494e+003;8.776892e-001
3.441976e+003;8.758332e-001
3.442458e+003;8.739783e-001
3.442940e+003;8.721212e-001
3.443423e+003;8.702568e-001
3.443905e+003;8.683773e-001
3.444387e+003;8.664790e-001
3.444869e+003;8.645642e-001
3.445351e+003;8.626408e-001
3.445833e+003;8.607211e-001
3.446315e+003;8.588131e-001
3.446797e+003;8.569204e-001
3.447280e+003;8.550372e-001
3.447762e+003;8.531537e-001
3.448244e+003;8.512594e-001
3.448726e+003;8.493482e-001
3.449208e+003;8.474233e-001
3.449690e+003;8.454936e-001
3.450172e+003;8.435716e-001
3.450655e+003;8.416670e-001
3.451137e+003;8.397844e-001
3.451619e+003;8.379226e-001
3.452101e+003;8.360739e-001
3.452583e+003;8.342318e-001
3.453065e+003;8.323931e-001
3.453547e+003;8.305572e-001
3.454030e+003;8.287256e-001
3.454512e+003;8.268971e-001
3.454994e+003;8.250676e-001
3.455476e+003;8.232281e-001
3.455958e+003;8.213693e-001
3.456440e+003;8.194875e-001
3.456922e+003;8.175860e-001
3.457405e+003;8.156759e-001
3.457887e+003;8.137751e-001
3.458369e+003;8.119000e-001
3.458851e+003;8.100598e-001
3.459333e+003;8.082528e-001
3.459815e+003;8.064655e-001
3.460297e+003;8.046793e-001
3.460780e+003;8.028758e-001
3.461261e+003;8.010413e-001
3.461744e+003;7.991734e-001
3.462226e+003;7.972793e-001
3.462708e+003;7.953746e-001
3.463190e+003;7.934745e-001
3.463672e+003;7.915944e-001
3.464154e+003;7.897418e-001
3.464636e+003;7.879181e-001
3.465119e+003;7.861179e-001
3.465601e+003;7.843308e-001
3.466083e+003;7.825435e-001
3.466565e+003;7.807422e-001
3.467047e+003;7.789175e-001
3.467529e+003;7.770640e-001
3.468011e+003;7.751846e-001
3.468494e+003;7.732896e-001
3.468976e+003;7.713952e-001
3.469458e+003;7.695186e-001
3.469940e+003;7.676728e-001
3.470422e+003;7.658631e-001
3.470904e+003;7.640832e-001
3.471386e+003;7.623158e-001
3.471869e+003;7.605409e-001
3.472351e+003;7.587367e-001
3.472833e+003;7.568936e-001
3.473315e+003;7.550111e-001
3.473797e+003;7.531046e-001
3.474279e+003;7.511967e-001
3.474761e+003;7.493120e-001
3.475244e+003;7.474697e-001
3.475726e+003;7.456785e-001
3.476208e+003;7.439345e-001
3.476690e+003;7.422243e-001
3.477172e+003;7.405295e-001
3.477654e+003;7.388332e-001
3.478136e+003;7.371253e-001
3.478618e+003;7.354039e-001
3.479101e+003;7.336729e-001
3.479583e+003;7.319393e-001
3.480065e+003;7.302084e-001
3.480547e+003;7.284800e-001
3.481029e+003;7.267509e-001
3.481511e+003;7.250097e-001
3.481993e+003;7.232471e-001
3.482476e+003;7.214557e-001
3.482958e+003;7.196320e-001
3.483440e+003;7.177794e-001
3.483922e+003;7.159052e-001
3.484404e+003;7.140191e-001
3.484886e+003;7.121327e-001
3.485368e+003;7.102562e-001
3.485851e+003;7.083993e-001
3.486333e+003;7.065700e-001
3.486815e+003;7.047748e-001
3.487297e+003;7.030146e-001
3.487779e+003;7.012882e-001
3.488261e+003;6.995859e-001
3.488743e+003;6.978931e-001
3.489226e+003;6.961917e-001
3.489708e+003;6.944638e-001
3.490190e+003;6.926974e-001
3.490672e+003;6.908883e-001
3.491154e+003;6.890448e-001
3.491636e+003;6.871847e-001
3.492118e+003;6.853302e-001
3.492601e+003;6.835027e-001
3.493083e+003;6.817181e-001
3.493565e+003;6.799808e-001
3.494047e+003;6.782833e-001
3.494529e+003;6.766090e-001
3.495011e+003;6.749366e-001
3.495493e+003;6.732448e-001
3.495975e+003;6.715205e-001
3.496458e+003;6.697587e-001
3.496940e+003;6.679657e-001
3.497422e+003;6.661571e-001
3.497904e+003;6.643519e-001
3.498386e+003;6.625676e-001
3.498868e+003;6.608149e-001
3.499350e+003;6.590957e-001
3.499833e+003;6.574025e-001
3.500315e+003;6.557197e-001
3.500797e+003;6.540306e-001
3.501279e+003;6.523210e-001
3.501761e+003;6.505837e-001
3.502243e+003;6.488187e-001
3.502725e+003;6.470315e-001
3.503208e+003;6.452312e-001
3.503690e+003;6.434248e-001
3.504172e+003;6.416159e-001
3.504654e+003;6.398051e-001
3.505136e+003;6.379928e-001
3.505618e+003;6.361797e-001
3.506100e+003;6.343696e-001
3.506583e+003;6.325704e-001
3.507065e+003;6.307896e-001
3.507547e+003;6.290320e-001
3.508029e+003;6.272958e-001
3.508511e+003;6.255745e-001
3.508993e+003;6.238571e-001
3.509475e+003;6.221343e-001
3.509958e+003;6.203997e-001
3.510439e+003;6.186531e-001
3.510922e+003;6.169015e-001
3.511404e+003;6.151507e-001
3.511886e+003;6.134056e-001
3.512368e+003;6.116685e-001
3.512850e+003;6.099352e-001
3.513332e+003;6.082036e-001
3.513814e+003;6.064721e-001
3.514297e+003;6.047467e-001
3.514779e+003;6.030369e-001
3.515261e+003;6.013519e-001
3.515743e+003;5.996979e-001
3.516225e+003;5.980693e-001
3.516707e+003;5.964532e-001
3.517189e+003;5.948286e-001
3.517672e+003;5.931748e-001
3.518154e+003;5.914801e-001
3.518636e+003;5.897457e-001
3.519118e+003;5.879852e-001
3.519600e+003;5.862220e-001
3.520082e+003;5.844793e-001
3.520564e+003;5.827734e-001
3.521047e+003;5.811071e-001
3.521529e+003;5.794706e-001
3.522011e+003;5.778448e-001
3.522493e+003;5.762077e-001
3.522975e+003;5.745413e-001
3.523457e+003;5.728337e-001
3.523939e+003;5.710838e-001
3.524422e+003;5.692956e-001
3.524904e+003;5.674801e-001
3.525386e+003;5.656511e-001
3.525868e+003;5.638245e-001
3.526350e+003;5.620177e-001
3.526832e+003;5.602482e-001
3.527314e+003;5.585294e-001
3.527796e+003;5.568674e-001
3.528279e+003;5.552582e-001
3.528761e+003;5.536844e-001
3.529243e+003;5.521197e-001
3.529725e+003;5.505337e-001
3.530207e+003;5.489007e-001
3.530689e+003;5.472072e-001
3.531171e+003;5.454537e-001
3.531654e+003;5.436569e-001
3.532136e+003;5.418409e-001
3.532618e+003;5.400319e-001
3.533100e+003;5.382499e-001
3.533582e+003;5.365052e-001
3.534064e+003;5.347989e-001
3.534546e+003;5.331247e-001
3.535029e+003;5.314748e-001
3.535511e+003;5.298395e-001
3.535993e+003;5.282134e-001
3.536475e+003;5.265895e-001
3.536957e+003;5.249599e-001
3.537439e+003;5.233148e-001
3.537921e+003;5.216469e-001
3.538404e+003;5.199518e-001
3.538886e+003;5.182321e-001
3.539368e+003;5.165006e-001
3.539850e+003;5.147736e-001
3.540332e+003;5.130705e-001
3.540814e+003;5.114031e-001
3.541296e+003;5.097730e-001
3.541779e+003;5.081701e-001
3.542260e+003;5.065752e-001
3.542743e+003;5.049683e-001
3.543225e+003;5.033336e-001
3.543707e+003;5.016660e-001
3.544189e+003;4.999709e-001
3.544671e+003;4.982613e-001
3.545153e+003;4.965537e-001
3.545635e+003;4.948612e-001
3.546118e+003;4.931926e-001
3.546600e+003;4.915482e-001
3.547082e+003;4.899267e-001
3.547564e+003;4.883229e-001
3.548046e+003;4.867327e-001
3.548528e+003;4.851538e-001
3.549010e+003;4.835838e-001
3.549493e+003;4.820224e-001
3.549975e+003;4.804658e-001
3.550457e+003;4.789131e-001
3.550939e+003;4.773612e-001
3.551421e+003;4.758076e-001
3.551903e+003;4.742501e-001
3.552385e+003;4.726818e-001
3.552868e+003;4.710955e-001
3.553350e+003;4.694814e-001
3.553832e+003;4.678328e-001
3.554314e+003;4.661472e-001
3.554796e+003;4.644307e-001
3.555278e+003;4.626991e-001
3.555760e+003;4.609742e-001
3.556243e+003;4.592800e-001
3.556725e+003;4.576345e-001
3.557207e+003;4.560454e-001
3.557689e+003;4.545083e-001
3.558171e+003;4.530067e-001
3.558653e+003;4.515195e-001
3.559135e+003;4.500233e-001
3.559617e+003;4.485026e-001
3.560100e+003;4.469454e-001
3.560582e+003;4.453497e-001
3.561064e+003;4.437188e-001
3.561546e+003;4.420587e-001
3.562028e+003;4.403790e-001
3.562510e+003;4.386899e-001
3.562992e+003;4.370054e-001
3.563475e+003;4.353383e-001
3.563957e+003;4.337026e-001
3.564439e+003;4.321066e-001
3.564921e+003;4.305542e-001
3.565403e+003;4.290433e-001
3.565885e+003;4.275666e-001
3.566367e+003;4.261144e-001
3.566850e+003;4.246780e-001
3.567332e+003;4.232506e-001
3.567814e+003;4.218270e-001
3.568296e+003;4.204025e-001
3.568778e+003;4.189713e-001
3.569260e+003;4.175264e-001
3.569742e+003;4.160605e-001
3.570225e+003;4.145699e-001
3.570707e+003;4.130540e-001
3.571189e+003;4.115214e-001
3.571671e+003;4.099824e-001
3.572153e+003;4.084496e-001
3.572635e+003;4.069322e-001
3.573117e+003;4.054325e-001
3.573599e+003;4.039479e-001
3.574082e+003;4.024719e-001
3.574564e+003;4.009978e-001
3.575046e+003;3.995245e-001
3.575528e+003;3.980545e-001
3.576010e+003;3.965955e-001
3.576492e+003;3.951544e-001
3.576974e+003;3.937343e-001
3.577457e+003;3.923333e-001
3.577939e+003;3.909439e-001
3.578421e+003;3.895563e-001
3.578903e+003;3.881618e-001
3.579385e+003;3.867555e-001
3.579867e+003;3.853375e-001
3.580349e+003;3.839107e-001
3.580832e+003;3.824797e-001
3.581314e+003;3.810476e-001
3.581796e+003;3.796144e-001
3.582278e+003;3.781784e-001
3.582760e+003;3.767366e-001
3.583242e+003;3.752854e-001
3.583724e+003;3.738252e-001
3.584207e+003;3.723584e-001
3.584689e+003;3.708916e-001
3.585171e+003;3.694330e-001
3.585653e+003;3.679936e-001
3.586135e+003;3.665817e-001
3.586617e+003;3.652042e-001
3.587099e+003;3.638609e-001
3.587582e+003;3.625456e-001
3.588063e+003;3.612451e-001
3.588546e+003;3.599432e-001
3.589028e+003;3.586239e-001
3.589510e+003;3.572767e-001
3.589992e+003;3.558981e-001
3.590474e+003;3.544943e-001
3.590956e+003;3.530773e-001
3.591438e+003;3.516615e-001
3.591921e+003;3.502583e-001
3.592403e+003;3.488728e-001
3.592885e+003;3.475054e-001
3.593367e+003;3.461499e-001
3.593849e+003;3.447978e-001
3.594331e+003;3.434434e-001
3.594813e+003;3.420832e-001
3.595296e+003;3.407155e-001
3.595778e+003;3.393436e-001
3.596260e+003;3.379706e-001
3.596742e+003;3.365997e-001
3.597224e+003;3.352370e-001
3.597706e+003;3.338864e-001
3.598188e+003;3.325542e-001
3.598671e+003;3.312430e-001
3.599153e+003;3.299530e-001
3.599635e+003;3.286800e-001
3.600117e+003;3.274146e-001
3.600599e+003;3.261476e-001
3.601081e+003;3.248697e-001
3.601563e+003;3.235763e-001
3.602046e+003;3.222691e-001
3.602528e+003;3.209529e-001
3.603010e+003;3.196338e-001
3.603492e+003;3.183174e-001
3.603974e+003;3.170031e-001
3.604456e+003;3.156913e-001
3.604938e+003;3.143795e-001
3.605420e+003;3.130675e-001
3.605903e+003;3.117606e-001
3.606385e+003;3.104636e-001
3.606867e+003;3.091811e-001
3.607349e+003;3.079128e-001
3.607831e+003;3.066518e-001
3.608313e+003;3.053862e-001
3.608795e+003;3.041049e-001
3.609278e+003;3.028008e-001
3.609760e+003;3.014745e-001
3.610242e+003;3.001348e-001
3.610724e+003;2.987939e-001
3.611206e+003;2.974623e-001
3.611688e+003;2.961446e-001
3.612170e+003;2.948370e-001
3.612653e+003;2.935305e-001
3.613135e+003;2.922163e-001
3.613617e+003;2.908891e-001
3.614099e+003;2.895501e-001
3.614581e+003;2.882067e-001
3.615063e+003;2.868674e-001
3.615545e+003;2.855397e-001
3.616028e+003;2.842259e-001
3.616510e+003;2.829264e-001
3.616992e+003;2.816388e-001
3.617474e+003;2.803632e-001
3.617956e+003;2.791020e-001
3.618438e+003;2.778575e-001
3.618920e+003;2.766297e-001
3.619403e+003;2.754128e-001
3.619885e+003;2.741978e-001
3.620367e+003;2.729726e-001
3.620849e+003;2.717267e-001
3.621331e+003;2.704593e-001
3.621813e+003;2.691738e-001
3.622295e+003;2.678786e-001
3.622777e+003;2.665774e-001
3.623260e+003;2.652679e-001
3.623742e+003;2.639389e-001
3.624224e+003;2.625760e-001
3.624706e+003;2.611691e-001
3.625188e+003;2.597248e-001
3.625670e+003;2.582674e-001
3.626152e+003;2.568357e-001
3.626635e+003;2.554736e-001
3.627117e+003;2.542120e-001
3.627599e+003;2.530548e-001
3.628081e+003;2.519747e-001
3.628563e+003;2.509162e-001
3.629045e+003;2.498129e-001
3.629527e+003;2.486084e-001
3.630010e+003;2.472724e-001
3.630492e+003;2.458100e-001
3.630974e+003;2.442557e-001
3.631456e+003;2.426586e-001
3.631938e+003;2.410689e-001
3.632420e+003;2.395242e-001
3.632902e+003;2.380408e-001
3.633385e+003;2.366161e-001
3.633867e+003;2.352366e-001
3.634349e+003;2.338831e-001
3.634831e+003;2.325403e-001
3.635313e+003;2.312009e-001
3.635795e+003;2.298625e-001
3.636277e+003;2.285249e-001
3.636760e+003;2.271879e-001
3.637241e+003;2.258483e-001
3.637724e+003;2.244984e-001
3.638206e+003;2.231323e-001
3.638688e+003;2.217462e-001
3.639170e+003;2.203388e-001
3.639652e+003;2.189163e-001
3.640134e+003;2.174840e-001
3.640616e+003;2.160470e-001
3.641099e+003;2.146075e-001
3.641581e+003;2.131611e-001
3.642063e+003;2.117014e-001
3.642545e+003;2.102204e-001
3.643027e+003;2.087144e-001
3.643509e+003;2.071844e-001
3.643991e+003;2.056401e-001
3.644474e+003;2.040941e-001
3.644956e+003;2.025615e-001
3.645438e+003;2.010538e-001
3.645920e+003;1.995772e-001
3.646402e+003;1.981316e-001
3.646884e+003;1.967106e-001
3.647366e+003;1.953076e-001
3.647849e+003;1.939162e-001
3.648331e+003;1.925336e-001
3.648813e+003;1.911577e-001
3.649295e+003;1.897853e-001
3.649777e+003;1.884083e-001
3.650259e+003;1.870131e-001
3.650741e+003;1.855836e-001
3.651224e+003;1.841073e-001
3.651706e+003;1.825779e-001
3.652188e+003;1.810049e-001
3.652670e+003;1.794076e-001
3.653152e+003;1.778142e-001
3.653634e+003;1.762508e-001
3.654116e+003;1.747378e-001
3.654598e+003;1.732793e-001
3.655081e+003;1.718669e-001
3.655563e+003;1.704806e-001
3.656045e+003;1.690980e-001
3.656527e+003;1.676988e-001
3.657009e+003;1.662724e-001
3.657491e+003;1.648158e-001
3.657973e+003;1.633322e-001
3.658456e+003;1.618263e-001
3.658938e+003;1.603032e-001
3.659420e+003;1.587654e-001
3.659902e+003;1.572171e-001
3.660384e+003;1.556637e-001
3.660866e+003;1.541140e-001
3.661348e+003;1.525779e-001
3.661831e+003;1.510649e-001
3.662313e+003;1.495816e-001
3.662795e+003;1.481270e-001
3.663277e+003;1.466930e-001
3.663759e+003;1.452702e-001
3.664241e+003;1.438443e-001
3.664723e+003;1.424061e-001
3.665206e+003;1.409507e-001
3.665688e+003;1.394784e-001
3.666170e+003;1.380007e-001
3.666652e+003;1.365347e-001
3.667134e+003;1.351032e-001
3.667616e+003;1.337322e-001
3.668098e+003;1.324409e-001
3.668581e+003;1.312387e-001
3.669063e+003;1.301152e-001
3.669545e+003;1.290399e-001
3.670027e+003;1.279657e-001
3.670509e+003;1.268431e-001
3.670991e+003;1.256335e-001
3.671473e+003;1.243246e-001
3.671955e+003;1.229349e-001
3.672438e+003;1.215107e-001
3.672920e+003;1.201116e-001
3.673402e+003;1.187920e-001
3.673884e+003;1.175853e-001
3.674366e+003;1.164943e-001
3.674848e+003;1.154892e-001
3.675330e+003;1.145231e-001
3.675813e+003;1.135476e-001
3.676295e+003;1.125292e-001
3.676777e+003;1.114594e-001
3.677259e+003;1.103493e-001
3.677741e+003;1.092192e-001
3.678223e+003;1.080898e-001
3.678705e+003;1.069697e-001
3.679188e+003;1.058587e-001
3.679670e+003;1.047507e-001
3.680152e+003;1.036417e-001
3.680634e+003;1.025359e-001
3.681116e+003;1.014446e-001
3.681598e+003;1.003806e-001
3.682080e+003;9.935091e-002
3.682563e+003;9.835007e-002
3.683045e+003;9.736348e-002
3.683527e+003;9.637129e-002
3.684009e+003;9.536054e-002
3.684491e+003;9.433386e-002
3.684973e+003;9.331059e-002
3.685455e+003;9.232391e-002
3.685938e+003;9.140872e-002
3.686419e+003;9.058883e-002
3.686902e+003;8.986954e-002
3.687384e+003;8.923527e-002
3.687866e+003;8.865416e-002
3.688348e+003;8.809172e-002
3.688830e+003;8.752016e-002
3.689312e+003;8.692581e-002
3.689794e+003;8.630806e-002
3.690277e+003;8.567273e-002
3.690759e+003;8.502445e-002
3.691241e+003;8.436352e-002
3.691723e+003;8.368348e-002
3.692205e+003;8.297600e-002
3.692687e+003;8.223748e-002
3.693169e+003;8.147362e-002
3.693652e+003;8.069771e-002
3.694134e+003;7.992969e-002
3.694616e+003;7.919157e-002
3.695098e+003;7.849692e-002
3.695580e+003;7.785355e-002
3.696062e+003;7.725795e-002
3.696544e+003;7.670110e-002
3.697027e+003;7.617191e-002
3.697509e+003;7.566010e-002
3.697991e+003;7.515976e-002
3.698473e+003;7.466894e-002
3.698955e+003;7.418712e-002
3.699437e+003;7.371805e-002
3.699919e+003;7.326271e-002
3.700402e+003;7.282446e-002
3.700884e+003;7.240275e-002
3.701366e+003;7.199516e-002
3.701848e+003;7.159667e-002
3.702330e+003;7.119997e-002
3.702812e+003;7.079610e-002
3.703294e+003;7.037774e-002
3.703776e+003;6.994323e-002
3.704259e+003;6.949501e-002
3.704741e+003;6.904129e-002
3.705223e+003;6.859335e-002
3.705705e+003;6.816195e-002
3.706187e+003;6.775309e-002
3.706669e+003;6.736818e-002
3.707151e+003;6.700541e-002
3.707634e+003;6.665916e-002
3.708116e+003;6.632929e-002
3.708598e+003;6.601846e-002
3.709080e+003;6.573477e-002
3.709562e+003;6.548649e-002
3.710044e+003;6.527941e-002
3.710526e+003;6.510944e-002
3.711009e+003;6.496312e-002
3.711491e+003;6.481997e-002
3.711973e+003;6.465669e-002
3.712455e+003;6.445512e-002
3.712937e+003;6.420691e-002
3.713419e+003;6.391516e-002
3.713901e+003;6.359266e-002
3.714384e+003;6.325555e-002
3.714866e+003;6.291842e-002
3.715348e+003;6.259037e-002
3.715830e+003;6.227304e-002
3.716312e+003;6.196440e-002
3.716794e+003;6.166022e-002
3.717276e+003;6.135831e-002
3.717759e+003;6.106176e-002
3.718240e+003;6.077543e-002
3.718723e+003;6.050544e-002
3.719205e+003;6.025424e-002
3.719687e+003;6.002039e-002
3.720169e+003;5.979741e-002
3.720651e+003;5.957771e-002
3.721133e+003;5.935468e-002
3.721615e+003;5.912636e-002
3.722098e+003;5.889622e-002
3.722580e+003;5.867464e-002
3.723062e+003;5.847196e-002
3.723544e+003;5.829917e-002
3.724026e+003;5.816192e-002
3.724508e+003;5.805956e-002
3.724990e+003;5.798315e-002
3.725473e+003;5.791811e-002
3.725955e+003;5.784423e-002
3.726437e+003;5.774129e-002
3.726919e+003;5.759354e-002
3.727401e+003;5.739329e-002
3.727883e+003;5.714631e-002
3.728365e+003;5.686924e-002
3.728848e+003;5.658934e-002
3.729330e+003;5.633640e-002
3.729812e+003;5.613461e-002
3.730294e+003;5.599766e-002
3.730776e+003;5.592032e-002
3.731258e+003;5.588647e-002
3.731740e+003;5.587040e-002
3.732223e+003;5.584946e-002
3.732705e+003;5.581187e-002
3.733187e+003;5.575928e-002
3.733669e+003;5.570439e-002
3.734151e+003;5.566075e-002
3.734633e+003;5.563540e-002
3.735115e+003;5.562325e-002
3.735597e+003;5.560558e-002
3.736080e+003;5.556138e-002
3.736562e+003;5.547388e-002
3.737044e+003;5.534036e-002
3.737526e+003;5.517055e-002
3.738008e+003;5.498163e-002
3.738490e+003;5.478845e-002
3.738972e+003;5.459410e-002
3.739455e+003;5.439125e-002
3.739937e+003;5.416674e-002
3.740419e+003;5.391631e-002
3.740901e+003;5.365369e-002
3.741383e+003;5.341564e-002
3.741865e+003;5.325187e-002
3.742347e+003;5.321068e-002
3.742830e+003;5.331390e-002
3.743312e+003;5.354110e-002
3.743794e+003;5.382942e-002
3.744276e+003;5.408760e-002
3.744758e+003;5.423131e-002
3.745240e+003;5.420763e-002
3.745722e+003;5.401662e-002
3.746205e+003;5.370576e-002
3.746687e+003;5.334935e-002
3.747169e+003;5.302421e-002
3.747651e+003;5.278474e-002
3.748133e+003;5.265427e-002
3.748615e+003;5.262396e-002
3.749097e+003;5.266692e-002
3.749580e+003;5.275249e-002
3.750062e+003;5.285964e-002
3.750544e+003;5.297799e-002
3.751026e+003;5.310267e-002
3.751508e+003;5.322328e-002
3.751990e+003;5.331953e-002
3.752472e+003;5.336171e-002
3.752954e+003;5.332256e-002
3.753437e+003;5.318948e-002
3.753919e+003;5.297234e-002
3.754401e+003;5.270313e-002
3.754883e+003;5.242517e-002
3.755365e+003;5.217981e-002
3.755847e+003;5.199288e-002
3.756329e+003;5.187042e-002
3.756812e+003;5.180011e-002
3.757294e+003;5.176011e-002
3.757776e+003;5.173244e-002
3.758258e+003;5.170592e-002
3.758740e+003;5.167926e-002
3.759222e+003;5.165580e-002
3.759704e+003;5.163427e-002
3.760187e+003;5.160951e-002
3.760669e+003;5.157022e-002
3.761151e+003;5.150660e-002
3.761633e+003;5.141686e-002
3.762115e+003;5.131064e-002
3.762597e+003;5.120491e-002
3.763079e+003;5.111897e-002
3.763562e+003;5.106428e-002
3.764044e+003;5.104033e-002
3.764526e+003;5.103309e-002
3.765008e+003;5.102354e-002
3.765490e+003;5.099635e-002
3.765972e+003;5.094559e-002
3.766454e+003;5.088041e-002
3.766937e+003;5.081752e-002
3.767418e+003;5.077638e-002
3.767901e+003;5.076833e-002
3.768383e+003;5.079311e-002
3.768865e+003;5.083993e-002
3.769347e+003;5.088882e-002
3.769829e+003;5.092213e-002
3.770311e+003;5.092736e-002
3.770793e+003;5.090113e-002
3.771276e+003;5.084693e-002
3.771758e+003;5.077337e-002
3.772240e+003;5.068833e-002
3.772722e+003;5.059696e-002
3.773204e+003;5.050195e-002
3.773686e+003;5.040537e-002
3.774168e+003;5.030825e-002
3.774651e+003;5.021164e-002
3.775133e+003;5.011810e-002
3.775615e+003;5.003035e-002
3.776097e+003;4.994851e-002
3.776579e+003;4.987387e-002
3.777061e+003;4.980425e-002
3.777543e+003;4.973952e-002
3.778026e+003;4.967761e-002
3.778508e+003;4.961697e-002
3.778990e+003;4.955723e-002
3.779472e+003;4.949889e-002
3.779954e+003;4.944377e-002
3.780436e+003;4.939624e-002
3.780918e+003;4.936149e-002
3.781401e+003;4.934390e-002
3.781883e+003;4.934606e-002
3.782365e+003;4.936500e-002
3.782847e+003;4.939454e-002
3.783329e+003;4.942384e-002
3.783811e+003;4.944318e-002
3.784293e+003;4.944664e-002
3.784775e+003;4.943407e-002
3.785258e+003;4.941154e-002
3.785740e+003;4.938850e-002
3.786222e+003;4.937385e-002
3.786704e+003;4.937238e-002
3.787186e+003;4.938448e-002
3.787668e+003;4.940654e-002
3.788150e+003;4.943379e-002
3.788633e+003;4.946310e-002
3.789115e+003;4.949346e-002
3.789597e+003;4.952344e-002
3.790079e+003;4.954838e-002
3.790561e+003;4.956000e-002
3.791043e+003;4.954532e-002
3.791525e+003;4.949219e-002
3.792008e+003;4.939375e-002
3.792490e+003;4.925488e-002
3.792972e+003;4.909294e-002
3.793454e+003;4.893460e-002
3.793936e+003;4.880705e-002
3.794418e+003;4.872960e-002
3.794900e+003;4.870484e-002
3.795383e+003;4.871763e-002
3.795865e+003;4.873664e-002
3.796347e+003;4.872949e-002
3.796829e+003;4.867205e-002
3.797311e+003;4.855940e-002
3.797793e+003;4.841071e-002
3.798275e+003;4.826329e-002
3.798758e+003;4.816224e-002
3.799240e+003;4.814619e-002
3.799722e+003;4.823137e-002
3.800204e+003;4.840565e-002
3.800686e+003;4.862630e-002
3.801168e+003;4.883263e-002
3.801650e+003;4.896260e-002
3.802132e+003;4.897505e-002
3.802615e+003;4.886107e-002
3.803097e+003;4.865027e-002
3.803579e+003;4.839816e-002
3.804061e+003;4.817329e-002
3.804543e+003;4.803300e-002
3.805025e+003;4.800896e-002
3.805507e+003;4.809670e-002
3.805990e+003;4.825808e-002
3.806472e+003;4.843484e-002
3.806954e+003;4.857074e-002
3.807436e+003;4.862886e-002
3.807918e+003;4.860175e-002
3.808400e+003;4.850980e-002
3.808882e+003;4.838715e-002
3.809365e+003;4.826435e-002
3.809847e+003;4.815570e-002
3.810329e+003;4.805522e-002
3.810811e+003;4.794379e-002
3.811293e+003;4.780115e-002
3.811775e+003;4.762248e-002
3.812257e+003;4.742597e-002
3.812740e+003;4.725102e-002
3.813222e+003;4.714545e-002
3.813704e+003;4.714829e-002
3.814186e+003;4.727154e-002
3.814668e+003;4.749251e-002
3.815150e+003;4.775545e-002
3.815632e+003;4.798922e-002
3.816115e+003;4.812832e-002
3.816596e+003;4.813622e-002
3.817079e+003;4.801562e-002
3.817561e+003;4.780542e-002
3.818043e+003;4.756955e-002
3.818525e+003;4.737648e-002
3.819007e+003;4.727856e-002
3.819489e+003;4.729886e-002
3.819971e+003;4.742673e-002
3.820454e+003;4.762108e-002
3.820936e+003;4.782436e-002
3.821418e+003;4.798105e-002
3.821900e+003;4.805385e-002
3.822382e+003;4.803371e-002
3.822864e+003;4.793689e-002
3.823346e+003;4.780055e-002
3.823829e+003;4.766537e-002
3.824311e+003;4.756523e-002
3.824793e+003;4.751671e-002
3.825275e+003;4.751853e-002
3.825757e+003;4.755060e-002
3.826239e+003;4.758817e-002
3.826721e+003;4.760643e-002
3.827204e+003;4.758986e-002
3.827686e+003;4.753425e-002
3.828168e+003;4.744823e-002
3.828650e+003;4.734494e-002
3.829132e+003;4.723943e-002
3.829614e+003;4.714604e-002
3.830096e+003;4.707390e-002
3.830579e+003;4.702747e-002
3.831061e+003;4.700701e-002
3.831543e+003;4.700823e-002
3.832025e+003;4.702250e-002
3.832507e+003;4.703926e-002
3.832989e+003;4.704923e-002
3.833471e+003;4.704979e-002
3.833953e+003;4.704525e-002
3.834436e+003;4.705052e-002
3.834918e+003;4.708545e-002
3.835400e+003;4.716758e-002
3.835882e+003;4.730545e-002
3.836364e+003;4.748925e-002
3.836846e+003;4.769249e-002
3.837328e+003;4.787774e-002
3.837811e+003;4.800756e-002
3.838293e+003;4.805888e-002
3.838775e+003;4.802892e-002
3.839257e+003;4.793676e-002
3.839739e+003;4.781512e-002
3.840221e+003;4.769778e-002
3.840703e+003;4.760922e-002
3.841186e+003;4.755902e-002
3.841668e+003;4.754207e-002
3.842150e+003;4.754372e-002
3.842632e+003;4.754798e-002
3.843114e+003;4.754451e-002
3.843596e+003;4.752912e-002
3.844078e+003;4.750454e-002
3.844561e+003;4.747394e-002
3.845043e+003;4.744005e-002
3.845525e+003;4.740286e-002
3.846007e+003;4.735885e-002
3.846489e+003;4.730304e-002
3.846971e+003;4.722990e-002
3.847453e+003;4.713314e-002
3.847936e+003;4.700555e-002
3.848417e+003;4.684187e-002
3.848900e+003;4.664354e-002
3.849382e+003;4.642368e-002
3.849864e+003;4.621023e-002
3.850346e+003;4.604762e-002
3.850828e+003;4.598400e-002
3.851310e+003;4.606217e-002
3.851792e+003;4.629792e-002
3.852275e+003;4.667250e-002
3.852757e+003;4.712826e-002
3.853239e+003;4.758307e-002
3.853721e+003;4.795270e-002
3.854203e+003;4.817713e-002
3.854685e+003;4.823508e-002
3.855167e+003;4.814527e-002
3.855650e+003;4.795527e-002
3.856132e+003;4.772186e-002
3.856614e+003;4.749368e-002
3.857096e+003;4.730149e-002
3.857578e+003;4.715674e-002
3.858060e+003;4.705626e-002
3.858542e+003;4.699035e-002
3.859025e+003;4.694875e-002
3.859507e+003;4.692332e-002
3.859989e+003;4.690695e-002
3.860471e+003;4.689163e-002
3.860953e+003;4.687183e-002
3.861435e+003;4.684506e-002
3.861917e+003;4.681735e-002
3.862400e+003;4.680109e-002
3.862882e+003;4.681259e-002
3.863364e+003;4.686358e-002
3.863846e+003;4.695066e-002
3.864328e+003;4.705422e-002
3.864810e+003;4.713991e-002
3.865292e+003;4.717306e-002
3.865774e+003;4.713310e-002
3.866257e+003;4.702514e-002
3.866739e+003;4.688252e-002
3.867221e+003;4.675529e-002
3.867703e+003;4.669220e-002
3.868185e+003;4.672319e-002
3.868667e+003;4.684448e-002
3.869149e+003;4.701985e-002
3.869632e+003;4.719410e-002
3.870114e+003;4.731420e-002
3.870596e+003;4.734990e-002
3.871078e+003;4.730330e-002
3.871560e+003;4.720377e-002
3.872042e+003;4.709578e-002
3.872524e+003;4.701825e-002
3.873007e+003;4.699256e-002
3.873489e+003;4.701689e-002
3.873971e+003;4.706934e-002
3.874453e+003;4.712180e-002
3.874935e+003;4.715090e-002
3.875417e+003;4.714554e-002
3.875899e+003;4.711100e-002
3.876382e+003;4.706191e-002
3.876864e+003;4.701796e-002
3.877346e+003;4.699593e-002
3.877828e+003;4.700521e-002
3.878310e+003;4.704819e-002
3.878792e+003;4.711774e-002
3.879274e+003;4.720053e-002
3.879757e+003;4.727818e-002
3.880239e+003;4.732981e-002
3.880721e+003;4.733741e-002
3.881203e+003;4.729290e-002
3.881685e+003;4.720050e-002
3.882167e+003;4.707924e-002
3.882649e+003;4.696206e-002
3.883131e+003;4.688362e-002
3.883614e+003;4.687237e-002
3.884096e+003;4.693866e-002
3.884578e+003;4.706797e-002
3.885060e+003;4.722578e-002
3.885542e+003;4.736789e-002
3.886024e+003;4.745190e-002
3.886506e+003;4.745672e-002
3.886989e+003;4.738300e-002
3.887471e+003;4.725707e-002
3.887953e+003;4.711880e-002
3.888435e+003;4.700780e-002
3.888917e+003;4.695533e-002
3.889399e+003;4.697387e-002
3.889881e+003;4.705682e-002
3.890364e+003;4.718248e-002
3.890846e+003;4.732210e-002
3.891328e+003;4.744757e-002
3.891810e+003;4.753899e-002
3.892292e+003;4.758560e-002
3.892774e+003;4.758592e-002
3.893256e+003;4.754445e-002
3.893739e+003;4.746953e-002
3.894221e+003;4.737058e-002
3.894703e+003;4.725634e-002
3.895185e+003;4.713677e-002
3.895667e+003;4.702143e-002
3.896149e+003;4.692067e-002
3.896631e+003;4.684471e-002
3.897114e+003;4.680073e-002
3.897595e+003;4.679311e-002
3.898078e+003;4.681934e-002
3.898560e+003;4.687255e-002
3.899042e+003;4.694143e-002
3.899524e+003;4.701405e-002
3.900006e+003;4.708165e-002
3.900488e+003;4.714089e-002
3.900970e+003;4.719496e-002
3.901453e+003;4.725144e-002
3.901935e+003;4.731657e-002
3.902417e+003;4.739289e-002
3.902899e+003;4.747468e-002
3.903381e+003;4.754945e-002
3.903863e+003;4.760068e-002
3.904345e+003;4.761507e-002
3.904828e+003;4.758649e-002
3.905310e+003;4.751971e-002
3.905792e+003;4.742882e-002
3.906274e+003;4.733246e-002
3.906756e+003;4.725058e-002
3.907238e+003;4.719504e-002
3.907720e+003;4.717238e-002
3.908203e+003;4.718059e-002
3.908685e+003;4.721278e-002
3.909167e+003;4.726056e-002
3.909649e+003;4.731474e-002
3.910131e+003;4.736707e-002
3.910613e+003;4.740875e-002
3.911095e+003;4.743232e-002
3.911578e+003;4.743004e-002
3.912060e+003;4.740110e-002
3.912542e+003;4.734961e-002
3.913024e+003;4.728919e-002
3.913506e+003;4.723742e-002
3.913988e+003;4.721338e-002
3.914470e+003;4.722892e-002
3.914952e+003;4.728649e-002
3.915435e+003;4.737542e-002
3.915917e+003;4.747518e-002
3.916399e+003;4.756323e-002
3.916881e+003;4.762100e-002
3.917363e+003;4.764074e-002
3.917845e+003;4.762404e-002
3.918327e+003;4.758157e-002
3.918810e+003;4.752814e-002
3.919292e+003;4.747390e-002
3.919774e+003;4.742712e-002
3.920256e+003;4.738955e-002
3.920738e+003;4.736105e-002
3.921220e+003;4.734242e-002
3.921702e+003;4.733755e-002
3.922185e+003;4.735113e-002
3.922667e+003;4.738795e-002
3.923149e+003;4.744951e-002
3.923631e+003;4.753288e-002
3.924113e+003;4.762950e-002
3.924595e+003;4.772776e-002
3.925077e+003;4.781601e-002
3.925560e+003;4.788356e-002
3.926042e+003;4.792435e-002
3.926524e+003;4.793519e-002
3.927006e+003;4.791685e-002
3.927488e+003;4.787362e-002
3.927970e+003;4.781297e-002
3.928452e+003;4.774575e-002
3.928935e+003;4.768374e-002
3.929417e+003;4.763899e-002
3.929899e+003;4.762086e-002
3.930381e+003;4.763232e-002
3.930863e+003;4.766951e-002
3.931345e+003;4.772304e-002
3.931827e+003;4.777940e-002
3.932309e+003;4.782747e-002
3.932792e+003;4.786121e-002
3.933274e+003;4.788047e-002
3.933756e+003;4.789211e-002
3.934238e+003;4.790549e-002
3.934720e+003;4.792772e-002
3.935202e+003;4.796095e-002
3.935684e+003;4.800142e-002
3.936167e+003;4.804070e-002
3.936649e+003;4.806846e-002
3.937131e+003;4.807596e-002
3.937613e+003;4.805997e-002
3.938095e+003;4.802264e-002
3.938577e+003;4.797255e-002
3.939059e+003;4.792191e-002
3.939542e+003;4.788294e-002
3.940024e+003;4.786867e-002
3.940506e+003;4.788647e-002
3.940988e+003;4.793759e-002
3.941470e+003;4.801960e-002
3.941952e+003;4.811830e-002
3.942434e+003;4.821784e-002
3.942917e+003;4.829684e-002
3.943399e+003;4.833634e-002
3.943881e+003;4.832437e-002
3.944363e+003;4.825728e-002
3.944845e+003;4.814555e-002
3.945327e+003;4.800798e-002
3.945809e+003;4.787133e-002
3.946292e+003;4.776088e-002
3.946773e+003;4.769665e-002
3.947256e+003;4.768877e-002
3.947738e+003;4.773454e-002
3.948220e+003;4.782269e-002
3.948702e+003;4.793522e-002
3.949184e+003;4.805249e-002
3.949666e+003;4.815917e-002
3.950148e+003;4.824406e-002
3.950631e+003;4.830287e-002
3.951113e+003;4.833313e-002
3.951595e+003;4.833580e-002
3.952077e+003;4.831099e-002
3.952559e+003;4.825775e-002
3.953041e+003;4.817620e-002
3.953523e+003;4.806824e-002
3.954006e+003;4.794059e-002
3.954488e+003;4.780430e-002
3.954970e+003;4.767458e-002
3.955452e+003;4.756869e-002
3.955934e+003;4.750131e-002
3.956416e+003;4.747907e-002
3.956898e+003;4.750144e-002
3.957381e+003;4.755764e-002
3.957863e+003;4.763246e-002
3.958345e+003;4.770690e-002
3.958827e+003;4.776598e-002
3.959309e+003;4.780188e-002
3.959791e+003;4.781472e-002
3.960273e+003;4.781298e-002
3.960755e+003;4.780963e-002
3.961238e+003;4.781612e-002
3.961720e+003;4.784313e-002
3.962202e+003;4.789094e-002
3.962684e+003;4.795482e-002
3.963166e+003;4.802479e-002
3.963648e+003;4.808776e-002
3.964130e+003;4.813251e-002
3.964613e+003;4.815254e-002
3.965095e+003;4.814678e-002
3.965577e+003;4.811967e-002
3.966059e+003;4.807998e-002
3.966541e+003;4.803906e-002
3.967023e+003;4.800408e-002
3.967505e+003;4.798193e-002
3.967988e+003;4.797236e-002
3.968470e+003;4.797156e-002
3.968952e+003;4.797293e-002
3.969434e+003;4.796983e-002
3.969916e+003;4.795807e-002
3.970398e+003;4.793617e-002
3.970880e+003;4.790952e-002
3.971363e+003;4.788584e-002
3.971845e+003;4.787434e-002
3.972327e+003;4.788353e-002
3.972809e+003;4.791668e-002
3.973291e+003;4.797272e-002
3.973773e+003;4.804474e-002
3.974255e+003;4.812301e-002
3.974738e+003;4.819575e-002
3.975219e+003;4.825320e-002
3.975702e+003;4.828980e-002
3.976184e+003;4.830352e-002
3.976666e+003;4.829609e-002
3.977148e+003;4.827376e-002
3.977630e+003;4.824127e-002
3.978112e+003;4.820469e-002
3.978594e+003;4.816851e-002
3.979077e+003;4.813503e-002
3.979559e+003;4.810588e-002
3.980041e+003;4.808364e-002
3.980523e+003;4.806953e-002
3.981005e+003;4.806627e-002
3.981487e+003;4.807724e-002
3.981969e+003;4.810436e-002
3.982452e+003;4.814655e-002
3.982934e+003;4.820055e-002
3.983416e+003;4.825864e-002
3.983898e+003;4.831226e-002
3.984380e+003;4.835082e-002
3.984862e+003;4.836835e-002
3.985344e+003;4.836225e-002
3.985827e+003;4.833701e-002
3.986309e+003;4.830034e-002
3.986791e+003;4.826448e-002
3.987273e+003;4.823961e-002
3.987755e+003;4.823308e-002
3.988237e+003;4.824720e-002
3.988719e+003;4.827804e-002
3.989202e+003;4.831826e-002
3.989684e+003;4.835836e-002
3.990166e+003;4.838922e-002
3.990648e+003;4.840553e-002
3.991130e+003;4.840567e-002
3.991612e+003;4.839139e-002
3.992094e+003;4.836786e-002
3.992576e+003;4.834268e-002
3.993059e+003;4.832185e-002
3.993541e+003;4.830986e-002
3.994023e+003;4.830712e-002
3.994505e+003;4.831078e-002
3.994987e+003;4.831334e-002
3.995469e+003;4.830924e-002
3.995951e+003;4.829192e-002
3.996434e+003;4.826004e-002
3.996916e+003;4.821643e-002
3.997398e+003;4.816791e-002
3.997880e+003;4.812442e-002
3.998362e+003;4.809317e-002
3.998844e+003;4.807800e-002
3.999326e+003;4.807603e-002
3.999809e+003;4.808046e-002
4.000291e+003;0.000000e+000
