3.996916e+002;0.000000e+000
4.001737e+002;1.474229e-001
4.006559e+002;1.456114e-001
4.011380e+002;1.438257e-001
4.016201e+002;1.424234e-001
4.021023e+002;1.416602e-001
4.025844e+002;1.416673e-001
4.030666e+002;1.424431e-001
4.035487e+002;1.438557e-001
4.040308e+002;1.456724e-001
4.045130e+002;1.475983e-001
4.049951e+002;1.493486e-001
4.054772e+002;1.507191e-001
4.059594e+002;1.516604e-001
4.064415e+002;1.522918e-001
4.069236e+002;1.528529e-001
4.074058e+002;1.535884e-001
4.078879e+002;1.546476e-001
4.083701e+002;1.560100e-001
4.088522e+002;1.575035e-001
4.093343e+002;1.588795e-001
4.098165e+002;1.599394e-001
4.102986e+002;1.606188e-001
4.107807e+002;1.610171e-001
4.112629e+002;1.613141e-001
4.117450e+002;1.616642e-001
4.122271e+002;1.621035e-001
4.127093e+002;1.625431e-001
4.131914e+002;1.628284e-001
4.136736e+002;1.628459e-001
4.141557e+002;1.626111e-001
4.146378e+002;1.622811e-001
4.151200e+002;1.620782e-001
4.156021e+002;1.621830e-001
4.160843e+002;1.626399e-001
4.165664e+002;1.633341e-001
4.170485e+002;1.640403e-001
4.175307e+002;1.645287e-001
4.180128e+002;1.646743e-001
4.184949e+002;1.645235e-001
4.189771e+002;1.642551e-001
4.194592e+002;1.640875e-001
4.199413e+002;1.641610e-001
4.204235e+002;1.644839e-001
4.209056e+002;1.649455e-001
4.213878e+002;1.653854e-001
4.218699e+002;1.656803e-001
4.223520e+002;1.658036e-001
4.228342e+002;1.658281e-001
4.233163e+002;1.658814e-001
4.237984e+002;1.660698e-001
4.242806e+002;1.664324e-001
4.247627e+002;1.669236e-001
4.252448e+002;1.674457e-001
4.257270e+002;1.678970e-001
4.262091e+002;1.682153e-001
4.266913e+002;1.683886e-001
4.271734e+002;1.684408e-001
4.276555e+002;1.683962e-001
4.281377e+002;1.682649e-001
4.286198e+002;1.680461e-001
4.291020e+002;1.677542e-001
4.295841e+002;1.674449e-001
4.300662e+002;1.672212e-001
4.305484e+002;1.672044e-001
4.310305e+002;1.674901e-001
4.315126e+002;1.681028e-001
4.319948e+002;1.689761e-001
4.324769e+002;1.699701e-001
4.329590e+002;1.709171e-001
4.334412e+002;1.716779e-001
4.339233e+002;1.721837e-001
4.344055e+002;1.724437e-001
4.348876e+002;1.725206e-001
4.353697e+002;1.724846e-001
4.358519e+002;1.723803e-001
4.363340e+002;1.722162e-001
4.368161e+002;1.719868e-001
4.372983e+002;1.717019e-001
4.377804e+002;1.714109e-001
4.382625e+002;1.711999e-001
4.387447e+002;1.711696e-001
4.392268e+002;1.713964e-001
4.397090e+002;1.719051e-001
4.401911e+002;1.726601e-001
4.406732e+002;1.735813e-001
4.411554e+002;1.745723e-001
4.416375e+002;1.755517e-001
4.421196e+002;1.764649e-001
4.426018e+002;1.772823e-001
4.430839e+002;1.779811e-001
4.435660e+002;1.785342e-001
4.440482e+002;1.789096e-001
4.445303e+002;1.790889e-001
4.450125e+002;1.790858e-001
4.454946e+002;1.789554e-001
4.459767e+002;1.787818e-001
4.464589e+002;1.786489e-001
4.469410e+002;1.786076e-001
4.474232e+002;1.786577e-001
4.479053e+002;1.787545e-001
4.483874e+002;1.788376e-001
4.488696e+002;1.788670e-001
4.493517e+002;1.788503e-001
4.498338e+002;1.788421e-001
4.503160e+002;1.789221e-001
4.507981e+002;1.791566e-001
4.512802e+002;1.795701e-001
4.517624e+002;1.801339e-001
4.522445e+002;1.807822e-001
4.527267e+002;1.814429e-001
4.532088e+002;1.820698e-001
4.536909e+002;1.826568e-001
4.541731e+002;1.832325e-001
4.546552e+002;1.838345e-001
4.551373e+002;1.844851e-001
4.556195e+002;1.851756e-001
4.561016e+002;1.858727e-001
4.565837e+002;1.865317e-001
4.570659e+002;1.871176e-001
4.575480e+002;1.876096e-001
4.580302e+002;1.879983e-001
4.585123e+002;1.882702e-001
4.589944e+002;1.884001e-001
4.594766e+002;1.883559e-001
4.599587e+002;1.881174e-001
4.604409e+002;1.877021e-001
4.609230e+002;1.871762e-001
4.614051e+002;1.866461e-001
4.618873e+002;1.862287e-001
4.623694e+002;1.860124e-001
4.628515e+002;1.860270e-001
4.633337e+002;1.862356e-001
4.638158e+002;1.865544e-001
4.642979e+002;1.868863e-001
4.647801e+002;1.871614e-001
4.652622e+002;1.873593e-001
4.657444e+002;1.875111e-001
4.662265e+002;1.876768e-001
4.667086e+002;1.879182e-001
4.671908e+002;1.882736e-001
4.676729e+002;1.887537e-001
4.681550e+002;1.893465e-001
4.686372e+002;1.900306e-001
4.691193e+002;1.907853e-001
4.696014e+002;1.915899e-001
4.700836e+002;1.924149e-001
4.705657e+002;1.932143e-001
4.710479e+002;1.939247e-001
4.715300e+002;1.944799e-001
4.720121e+002;1.948312e-001
4.724943e+002;1.949696e-001
4.729764e+002;1.949316e-001
4.734586e+002;1.947913e-001
4.739407e+002;1.946378e-001
4.744228e+002;1.945502e-001
4.749050e+002;1.945806e-001
4.753871e+002;1.947491e-001
4.758692e+002;1.950483e-001
4.763514e+002;1.954534e-001
4.768335e+002;1.959305e-001
4.773156e+002;1.964399e-001
4.777978e+002;1.969399e-001
4.782799e+002;1.973885e-001
4.787621e+002;1.977538e-001
4.792442e+002;1.980247e-001
4.797263e+002;1.982212e-001
4.802085e+002;1.983928e-001
4.806906e+002;1.986067e-001
4.811727e+002;1.989258e-001
4.816549e+002;1.993868e-001
4.821370e+002;1.999894e-001
4.826191e+002;2.006964e-001
4.831013e+002;2.014514e-001
4.835834e+002;2.021971e-001
4.840656e+002;2.028903e-001
4.845477e+002;2.035057e-001
4.850298e+002;2.040304e-001
4.855120e+002;2.044526e-001
4.859941e+002;2.047594e-001
4.864763e+002;2.049428e-001
4.869584e+002;2.050140e-001
4.874405e+002;2.050163e-001
4.879227e+002;2.050249e-001
4.884048e+002;2.051281e-001
4.888869e+002;2.053993e-001
4.893691e+002;2.058667e-001
4.898512e+002;2.064992e-001
4.903333e+002;2.072128e-001
4.908155e+002;2.079003e-001
4.912976e+002;2.084687e-001
4.917798e+002;2.088706e-001
4.922619e+002;2.091158e-001
4.927440e+002;2.092561e-001
4.932262e+002;2.093579e-001
4.937083e+002;2.094731e-001
4.941904e+002;2.096227e-001
4.946726e+002;2.097995e-001
4.951547e+002;2.099836e-001
4.956368e+002;2.101601e-001
4.961190e+002;2.103284e-001
4.966011e+002;2.105024e-001
4.970833e+002;2.106974e-001
4.975654e+002;2.109203e-001
4.980475e+002;2.111648e-001
4.985297e+002;2.114193e-001
4.990118e+002;2.116786e-001
4.994940e+002;2.119530e-001
4.999761e+002;2.122693e-001
5.004582e+002;2.126586e-001
5.009404e+002;2.131389e-001
5.014225e+002;2.137020e-001
5.019046e+002;2.143104e-001
5.023868e+002;2.149084e-001
5.028689e+002;2.154418e-001
5.033510e+002;2.158764e-001
5.038332e+002;2.162065e-001
5.043153e+002;2.164522e-001
5.047975e+002;2.166450e-001
5.052796e+002;2.168149e-001
5.057617e+002;2.169830e-001
5.062439e+002;2.171639e-001
5.067260e+002;2.173716e-001
5.072081e+002;2.176253e-001
5.076903e+002;2.179472e-001
5.081724e+002;2.183543e-001
5.086545e+002;2.188466e-001
5.091367e+002;2.194019e-001
5.096188e+002;2.199794e-001
5.101010e+002;2.205347e-001
5.105831e+002;2.210358e-001
5.110652e+002;2.214758e-001
5.115474e+002;2.218714e-001
5.120295e+002;2.222506e-001
5.125117e+002;2.226345e-001
5.129938e+002;2.230242e-001
5.134760e+002;2.233992e-001
5.139581e+002;2.237293e-001
5.144402e+002;2.239931e-001
5.149224e+002;2.241913e-001
5.154045e+002;2.243501e-001
5.158866e+002;2.245100e-001
5.163688e+002;2.247079e-001
5.168509e+002;2.249618e-001
5.173330e+002;2.252640e-001
5.178152e+002;2.255896e-001
5.182973e+002;2.259116e-001
5.187794e+002;2.262157e-001
5.192616e+002;2.265049e-001
5.197437e+002;2.267949e-001
5.202258e+002;2.271011e-001
5.207080e+002;2.274248e-001
5.211901e+002;2.277503e-001
5.216722e+002;2.280512e-001
5.221544e+002;2.283039e-001
5.226365e+002;2.285009e-001
5.231187e+002;2.286545e-001
5.236008e+002;2.287916e-001
5.240829e+002;2.289400e-001
5.245651e+002;2.291155e-001
5.250472e+002;2.293165e-001
5.255294e+002;2.295267e-001
5.260115e+002;2.297270e-001
5.264937e+002;2.299067e-001
5.269758e+002;2.300687e-001
5.274579e+002;2.302285e-001
5.279401e+002;2.304038e-001
5.284222e+002;2.306064e-001
5.289043e+002;2.308368e-001
5.293865e+002;2.310867e-001
5.298686e+002;2.313460e-001
5.303507e+002;2.316085e-001
5.308329e+002;2.318752e-001
5.313150e+002;2.321491e-001
5.317971e+002;2.324311e-001
5.322793e+002;2.327147e-001
5.327614e+002;2.329860e-001
5.332435e+002;2.332324e-001
5.337257e+002;2.334489e-001
5.342078e+002;2.336446e-001
5.346899e+002;2.338390e-001
5.351721e+002;2.340545e-001
5.356542e+002;2.343047e-001
5.361364e+002;2.345874e-001
5.366185e+002;2.348861e-001
5.371006e+002;2.351778e-001
5.375828e+002;2.354464e-001
5.380649e+002;2.356903e-001
5.385471e+002;2.359225e-001
5.390292e+002;2.361632e-001
5.395114e+002;2.364267e-001
5.399935e+002;2.367127e-001
5.404756e+002;2.370048e-001
5.409578e+002;2.372793e-001
5.414399e+002;2.375170e-001
5.419220e+002;2.377151e-001
5.424042e+002;2.378895e-001
5.428863e+002;2.380673e-001
5.433684e+002;2.382755e-001
5.438506e+002;2.385270e-001
5.443327e+002;2.388172e-001
5.448148e+002;2.391267e-001
5.452970e+002;2.394312e-001
5.457791e+002;2.397133e-001
5.462612e+002;2.399662e-001
5.467434e+002;2.401943e-001
5.472255e+002;2.404056e-001
5.477076e+002;2.406042e-001
5.481898e+002;2.407881e-001
5.486719e+002;2.409510e-001
5.491541e+002;2.410904e-001
5.496362e+002;2.412125e-001
5.501183e+002;2.413337e-001
5.506005e+002;2.414763e-001
5.510826e+002;2.416591e-001
5.515648e+002;2.418903e-001
5.520469e+002;2.421633e-001
5.525291e+002;2.424595e-001
5.530112e+002;2.427559e-001
5.534933e+002;2.430319e-001
5.539755e+002;2.432754e-001
5.544576e+002;2.434816e-001
5.549397e+002;2.436527e-001
5.554219e+002;2.437942e-001
5.559040e+002;2.439139e-001
5.563861e+002;2.440240e-001
5.568683e+002;2.441415e-001
5.573504e+002;2.442849e-001
5.578325e+002;2.444689e-001
5.583147e+002;2.446960e-001
5.587968e+002;2.449522e-001
5.592789e+002;2.452077e-001
5.597611e+002;2.454266e-001
5.602432e+002;2.455801e-001
5.607253e+002;2.456606e-001
5.612075e+002;2.456856e-001
5.616896e+002;2.456916e-001
5.621718e+002;2.457208e-001
5.626539e+002;2.458028e-001
5.631360e+002;2.459445e-001
5.636182e+002;2.461282e-001
5.641003e+002;2.463227e-001
5.645825e+002;2.464978e-001
5.650646e+002;2.466374e-001
5.655468e+002;2.467444e-001
5.660289e+002;2.468353e-001
5.665110e+002;2.469296e-001
5.669932e+002;2.470384e-001
5.674753e+002;2.471608e-001
5.679574e+002;2.472866e-001
5.684396e+002;2.474055e-001
5.689217e+002;2.475152e-001
5.694038e+002;2.476239e-001
5.698860e+002;2.477471e-001
5.703681e+002;2.478990e-001
5.708502e+002;2.480834e-001
5.713324e+002;2.482929e-001
5.718145e+002;2.485103e-001
5.722966e+002;2.487180e-001
5.727787e+002;2.489044e-001
5.732609e+002;2.490669e-001
5.737430e+002;2.492098e-001
5.742252e+002;2.493371e-001
5.747073e+002;2.494485e-001
5.751895e+002;2.495383e-001
5.756716e+002;2.496008e-001
5.761537e+002;2.496375e-001
5.766359e+002;2.496613e-001
5.771180e+002;2.496951e-001
5.776002e+002;2.497631e-001
5.780823e+002;2.498807e-001
5.785644e+002;2.500457e-001
5.790466e+002;2.502382e-001
5.795287e+002;2.504282e-001
5.800108e+002;2.505877e-001
5.804930e+002;2.507037e-001
5.809751e+002;2.507812e-001
5.814572e+002;2.508406e-001
5.819394e+002;2.509066e-001
5.824215e+002;2.509972e-001
5.829036e+002;2.511172e-001
5.833858e+002;2.512568e-001
5.838679e+002;2.514001e-001
5.843500e+002;2.515319e-001
5.848322e+002;2.516443e-001
5.853143e+002;2.517383e-001
5.857964e+002;2.518194e-001
5.862786e+002;2.518927e-001
5.867607e+002;2.519597e-001
5.872429e+002;2.520183e-001
5.877250e+002;2.520659e-001
5.882072e+002;2.521033e-001
5.886893e+002;2.521363e-001
5.891714e+002;2.521730e-001
5.896536e+002;2.522213e-001
5.901357e+002;2.522840e-001
5.906179e+002;2.523594e-001
5.911000e+002;2.524427e-001
5.915821e+002;2.525305e-001
5.920643e+002;2.526236e-001
5.925464e+002;2.527250e-001
5.930285e+002;2.528377e-001
5.935107e+002;2.529598e-001
5.939928e+002;2.530817e-001
5.944749e+002;2.531897e-001
5.949571e+002;2.532702e-001
5.954392e+002;2.533179e-001
5.959213e+002;2.533392e-001
5.964035e+002;2.533507e-001
5.968856e+002;2.533729e-001
5.973677e+002;2.534218e-001
5.978499e+002;2.535028e-001
5.983320e+002;2.536097e-001
5.988141e+002;2.537290e-001
5.992963e+002;2.538477e-001
5.997784e+002;2.539581e-001
6.002606e+002;2.540612e-001
6.007427e+002;2.541620e-001
6.012249e+002;2.542666e-001
6.017070e+002;2.543748e-001
6.021891e+002;2.544824e-001
6.026713e+002;2.545831e-001
6.031534e+002;2.546727e-001
6.036356e+002;2.547534e-001
6.041177e+002;2.548316e-001
6.045998e+002;2.549126e-001
6.050820e+002;2.549960e-001
6.055641e+002;2.550729e-001
6.060462e+002;2.551289e-001
6.065284e+002;2.551516e-001
6.070105e+002;2.551396e-001
6.074926e+002;2.551056e-001
6.079748e+002;2.550751e-001
6.084569e+002;2.550771e-001
6.089390e+002;2.551323e-001
6.094212e+002;2.552449e-001
6.099033e+002;2.554011e-001
6.103854e+002;2.555752e-001
6.108676e+002;2.557401e-001
6.113497e+002;2.558782e-001
6.118318e+002;2.559855e-001
6.123140e+002;2.560696e-001
6.127961e+002;2.561427e-001
6.132783e+002;2.562136e-001
6.137604e+002;2.562831e-001
6.142426e+002;2.563464e-001
6.147247e+002;2.563979e-001
6.152068e+002;2.564370e-001
6.156890e+002;2.564705e-001
6.161711e+002;2.565106e-001
6.166533e+002;2.565683e-001
6.171354e+002;2.566476e-001
6.176175e+002;2.567448e-001
6.180997e+002;2.568482e-001
6.185818e+002;2.569466e-001
6.190639e+002;2.570326e-001
6.195461e+002;2.571067e-001
6.200282e+002;2.571742e-001
6.205103e+002;2.572412e-001
6.209925e+002;2.573103e-001
6.214746e+002;2.573778e-001
6.219567e+002;2.574382e-001
6.224388e+002;2.574879e-001
6.229210e+002;2.575295e-001
6.234031e+002;2.575731e-001
6.238853e+002;2.576312e-001
6.243674e+002;2.577139e-001
6.248495e+002;2.578228e-001
6.253317e+002;2.579499e-001
6.258138e+002;2.580803e-001
6.262960e+002;2.581987e-001
6.267781e+002;2.582955e-001
6.272603e+002;2.583680e-001
6.277424e+002;2.584198e-001
6.282245e+002;2.584554e-001
6.287067e+002;2.584765e-001
6.291888e+002;2.584815e-001
6.296709e+002;2.584673e-001
6.301531e+002;2.584352e-001
6.306352e+002;2.583933e-001
6.311173e+002;2.583575e-001
6.315995e+002;2.583454e-001
6.320816e+002;2.583708e-001
6.325637e+002;2.584372e-001
6.330459e+002;2.585358e-001
6.335280e+002;2.586497e-001
6.340101e+002;2.587605e-001
6.344923e+002;2.588553e-001
6.349744e+002;2.589301e-001
6.354565e+002;2.589884e-001
6.359387e+002;2.590373e-001
6.364208e+002;2.590808e-001
6.369030e+002;2.591175e-001
6.373851e+002;2.591411e-001
6.378672e+002;2.591442e-001
6.383494e+002;2.591232e-001
6.388315e+002;2.590802e-001
6.393137e+002;2.590230e-001
6.397958e+002;2.589613e-001
6.402780e+002;2.589034e-001
6.407601e+002;2.588546e-001
6.412422e+002;2.588159e-001
6.417244e+002;2.587883e-001
6.422065e+002;2.587737e-001
6.426886e+002;2.587748e-001
6.431708e+002;2.587947e-001
6.436529e+002;2.588328e-001
6.441350e+002;2.588835e-001
6.446172e+002;2.589371e-001
6.450993e+002;2.589827e-001
6.455814e+002;2.590127e-001
6.460636e+002;2.590257e-001
6.465457e+002;2.590277e-001
6.470278e+002;2.590274e-001
6.475100e+002;2.590337e-001
6.479921e+002;2.590505e-001
6.484742e+002;2.590770e-001
6.489564e+002;2.591078e-001
6.494385e+002;2.591376e-001
6.499207e+002;2.591631e-001
6.504028e+002;2.591830e-001
6.508849e+002;2.591979e-001
6.513671e+002;2.592061e-001
6.518492e+002;2.592044e-001
6.523314e+002;2.591892e-001
6.528135e+002;2.591591e-001
6.532957e+002;2.591189e-001
6.537778e+002;2.590789e-001
6.542599e+002;2.590528e-001
6.547421e+002;2.590507e-001
6.552242e+002;2.590740e-001
6.557063e+002;2.591137e-001
6.561885e+002;2.591522e-001
6.566706e+002;2.591713e-001
6.571527e+002;2.591599e-001
6.576349e+002;2.591195e-001
6.581170e+002;2.590637e-001
6.585991e+002;2.590119e-001
6.590813e+002;2.589821e-001
6.595634e+002;2.589818e-001
6.600455e+002;2.590072e-001
6.605277e+002;2.590456e-001
6.610098e+002;2.590818e-001
6.614919e+002;2.591057e-001
6.619741e+002;2.591146e-001
6.624562e+002;2.591124e-001
6.629384e+002;2.591050e-001
6.634205e+002;2.590947e-001
6.639026e+002;2.590792e-001
6.643848e+002;2.590511e-001
6.648669e+002;2.590047e-001
6.653491e+002;2.589386e-001
6.658312e+002;2.588588e-001
6.663134e+002;2.587776e-001
6.667955e+002;2.587079e-001
6.672776e+002;2.586594e-001
6.677598e+002;2.586349e-001
6.682419e+002;2.586306e-001
6.687240e+002;2.586390e-001
6.692062e+002;2.586530e-001
6.696883e+002;2.586686e-001
6.701704e+002;2.586840e-001
6.706526e+002;2.586987e-001
6.711347e+002;2.587112e-001
6.716168e+002;2.587177e-001
6.720990e+002;2.587138e-001
6.725811e+002;2.586960e-001
6.730632e+002;2.586647e-001
6.735454e+002;2.586229e-001
6.740275e+002;2.585754e-001
6.745096e+002;2.585254e-001
6.749918e+002;2.584738e-001
6.754739e+002;2.584191e-001
6.759561e+002;2.583593e-001
6.764382e+002;2.582962e-001
6.769203e+002;2.582354e-001
6.774025e+002;2.581858e-001
6.778846e+002;2.581550e-001
6.783668e+002;2.581459e-001
6.788489e+002;2.581539e-001
6.793311e+002;2.581680e-001
6.798132e+002;2.581753e-001
6.802953e+002;2.581662e-001
6.807775e+002;2.581376e-001
6.812596e+002;2.580938e-001
6.817417e+002;2.580425e-001
6.822239e+002;2.579901e-001
6.827060e+002;2.579378e-001
6.831881e+002;2.578813e-001
6.836703e+002;2.578131e-001
6.841524e+002;2.577271e-001
6.846345e+002;2.576233e-001
6.851167e+002;2.575078e-001
6.855988e+002;2.573909e-001
6.860809e+002;2.572821e-001
6.865631e+002;2.571864e-001
6.870452e+002;2.571031e-001
6.875273e+002;2.570275e-001
6.880095e+002;2.569549e-001
6.884916e+002;2.568837e-001
6.889738e+002;2.568165e-001
6.894559e+002;2.567585e-001
6.899380e+002;2.567125e-001
6.904202e+002;2.566779e-001
6.909023e+002;2.566490e-001
6.913845e+002;2.566175e-001
6.918666e+002;2.565772e-001
6.923488e+002;2.565260e-001
6.928309e+002;2.564672e-001
6.933130e+002;2.564056e-001
6.937952e+002;2.563446e-001
6.942773e+002;2.562820e-001
6.947594e+002;2.562097e-001
6.952416e+002;2.561179e-001
6.957237e+002;2.559994e-001
6.962058e+002;2.558540e-001
6.966880e+002;2.556907e-001
6.971701e+002;2.555244e-001
6.976522e+002;2.553703e-001
6.981344e+002;2.552394e-001
6.986165e+002;2.551351e-001
6.990986e+002;2.550534e-001
6.995808e+002;2.549869e-001
7.000629e+002;2.549290e-001
7.005450e+002;2.548754e-001
7.010272e+002;2.548259e-001
7.015093e+002;2.547808e-001
7.019915e+002;2.547389e-001
7.024736e+002;2.546956e-001
7.029557e+002;2.546436e-001
7.034379e+002;2.545760e-001
7.039200e+002;2.544880e-001
7.044022e+002;2.543794e-001
7.048843e+002;2.542533e-001
7.053665e+002;2.541144e-001
7.058486e+002;2.539670e-001
7.063307e+002;2.538133e-001
7.068129e+002;2.536551e-001
7.072950e+002;2.534951e-001
7.077771e+002;2.533380e-001
7.082593e+002;2.531903e-001
7.087414e+002;2.530579e-001
7.092235e+002;2.529435e-001
7.097057e+002;2.528445e-001
7.101878e+002;2.527533e-001
7.106699e+002;2.526600e-001
7.111521e+002;2.525574e-001
7.116342e+002;2.524422e-001
7.121163e+002;2.523172e-001
7.125985e+002;2.521898e-001
7.130806e+002;2.520660e-001
7.135627e+002;2.519498e-001
7.140449e+002;2.518397e-001
7.145270e+002;2.517302e-001
7.150092e+002;2.516152e-001
7.154913e+002;2.514909e-001
7.159734e+002;2.513566e-001
7.164556e+002;2.512150e-001
7.169377e+002;2.510698e-001
7.174199e+002;2.509233e-001
7.179020e+002;2.507758e-001
7.183842e+002;2.506266e-001
7.188663e+002;2.504746e-001
7.193484e+002;2.503212e-001
7.198306e+002;2.501692e-001
7.203127e+002;2.500208e-001
7.207948e+002;2.498764e-001
7.212770e+002;2.497322e-001
7.217591e+002;2.495829e-001
7.222412e+002;2.494220e-001
7.227234e+002;2.492476e-001
7.232055e+002;2.490633e-001
7.236876e+002;2.488774e-001
7.241698e+002;2.487002e-001
7.246519e+002;2.485391e-001
7.251340e+002;2.483953e-001
7.256162e+002;2.482637e-001
7.260983e+002;2.481353e-001
7.265804e+002;2.480013e-001
7.270626e+002;2.478575e-001
7.275447e+002;2.477063e-001
7.280269e+002;2.475534e-001
7.285090e+002;2.474063e-001
7.289911e+002;2.472682e-001
7.294733e+002;2.471376e-001
7.299554e+002;2.470085e-001
7.304376e+002;2.468736e-001
7.309197e+002;2.467286e-001
7.314019e+002;2.465727e-001
7.318840e+002;2.464097e-001
7.323661e+002;2.462450e-001
7.328483e+002;2.460816e-001
7.333304e+002;2.459195e-001
7.338125e+002;2.457548e-001
7.342947e+002;2.455822e-001
7.347768e+002;2.453981e-001
7.352589e+002;2.452019e-001
7.357411e+002;2.449966e-001
7.362232e+002;2.447871e-001
7.367053e+002;2.445792e-001
7.371875e+002;2.443771e-001
7.376696e+002;2.441833e-001
7.381517e+002;2.440002e-001
7.386339e+002;2.438291e-001
7.391160e+002;2.436719e-001
7.395981e+002;2.435282e-001
7.400803e+002;2.433957e-001
7.405624e+002;2.432674e-001
7.410446e+002;2.431342e-001
7.415267e+002;2.429872e-001
7.420089e+002;2.428198e-001
7.424910e+002;2.426319e-001
7.429731e+002;2.424284e-001
7.434553e+002;2.422183e-001
7.439374e+002;2.420107e-001
7.444196e+002;2.418115e-001
7.449017e+002;2.416212e-001
7.453838e+002;2.414356e-001
7.458660e+002;2.412482e-001
7.463481e+002;2.410530e-001
7.468302e+002;2.408467e-001
7.473124e+002;2.406302e-001
7.477945e+002;2.404064e-001
7.482766e+002;2.401803e-001
7.487588e+002;2.399565e-001
7.492409e+002;2.397395e-001
7.497230e+002;2.395323e-001
7.502052e+002;2.393377e-001
7.506873e+002;2.391571e-001
7.511694e+002;2.389891e-001
7.516516e+002;2.388297e-001
7.521337e+002;2.386723e-001
7.526158e+002;2.385090e-001
7.530980e+002;2.383337e-001
7.535801e+002;2.381442e-001
7.540623e+002;2.379422e-001
7.545444e+002;2.377335e-001
7.550266e+002;2.375241e-001
7.555087e+002;2.373177e-001
7.559908e+002;2.371139e-001
7.564730e+002;2.369093e-001
7.569551e+002;2.366985e-001
7.574373e+002;2.364791e-001
7.579194e+002;2.362528e-001
7.584015e+002;2.360256e-001
7.588837e+002;2.358055e-001
7.593658e+002;2.355990e-001
7.598479e+002;2.354078e-001
7.603301e+002;2.352284e-001
7.608122e+002;2.350535e-001
7.612943e+002;2.348752e-001
7.617765e+002;2.346879e-001
7.622586e+002;2.344905e-001
7.627407e+002;2.342861e-001
7.632229e+002;2.340785e-001
7.637050e+002;2.338716e-001
7.641871e+002;2.336660e-001
7.646693e+002;2.334609e-001
7.651514e+002;2.332539e-001
7.656335e+002;2.330439e-001
7.661157e+002;2.328313e-001
7.665978e+002;2.326177e-001
7.670800e+002;2.324050e-001
7.675621e+002;2.321932e-001
7.680443e+002;2.319812e-001
7.685264e+002;2.317664e-001
7.690085e+002;2.315466e-001
7.694907e+002;2.313211e-001
7.699728e+002;2.310908e-001
7.704550e+002;2.308584e-001
7.709371e+002;2.306246e-001
7.714192e+002;2.303900e-001
7.719014e+002;2.301525e-001
7.723835e+002;2.299099e-001
7.728656e+002;2.296609e-001
7.733478e+002;2.294062e-001
7.738299e+002;2.291476e-001
7.743120e+002;2.288871e-001
7.747942e+002;2.286250e-001
7.752763e+002;2.283587e-001
7.757584e+002;2.280840e-001
7.762406e+002;2.277976e-001
7.767227e+002;2.274979e-001
7.772048e+002;2.271890e-001
7.776870e+002;2.268783e-001
7.781691e+002;2.265756e-001
7.786512e+002;2.262889e-001
7.791334e+002;2.260221e-001
7.796155e+002;2.257737e-001
7.800977e+002;2.255375e-001
7.805798e+002;2.253052e-001
7.810620e+002;2.250689e-001
7.815441e+002;2.248224e-001
7.820262e+002;2.245624e-001
7.825084e+002;2.242871e-001
7.829905e+002;2.239960e-001
7.834727e+002;2.236901e-001
7.839548e+002;2.233719e-001
7.844369e+002;2.230460e-001
7.849191e+002;2.227194e-001
7.854012e+002;2.223993e-001
7.858833e+002;2.220911e-001
7.863655e+002;2.217960e-001
7.868476e+002;2.215104e-001
7.873297e+002;2.212276e-001
7.878119e+002;2.209405e-001
7.882940e+002;2.206452e-001
7.887761e+002;2.203430e-001
7.892583e+002;2.200398e-001
7.897404e+002;2.197429e-001
7.902225e+002;2.194583e-001
7.907047e+002;2.191860e-001
7.911868e+002;2.189216e-001
7.916689e+002;2.186567e-001
7.921511e+002;2.183846e-001
7.926332e+002;2.181024e-001
7.931154e+002;2.178137e-001
7.935975e+002;2.175263e-001
7.940797e+002;2.172481e-001
7.945618e+002;2.169840e-001
7.950439e+002;2.167325e-001
7.955261e+002;2.164861e-001
7.960082e+002;2.162349e-001
7.964904e+002;2.159695e-001
7.969725e+002;2.156859e-001
7.974546e+002;2.153858e-001
7.979368e+002;2.150756e-001
7.984189e+002;2.147636e-001
7.989010e+002;2.144581e-001
7.993832e+002;2.141647e-001
7.998653e+002;2.138855e-001
8.003474e+002;2.136208e-001
8.008296e+002;2.133688e-001
8.013117e+002;2.131270e-001
8.017938e+002;2.128920e-001
8.022760e+002;2.126600e-001
8.027581e+002;2.124265e-001
8.032402e+002;2.121878e-001
8.037224e+002;2.119417e-001
8.042045e+002;2.116874e-001
8.046866e+002;2.114262e-001
8.051688e+002;2.111594e-001
8.056509e+002;2.108875e-001
8.061331e+002;2.106098e-001
8.066152e+002;2.103247e-001
8.070974e+002;2.100313e-001
8.075795e+002;2.097311e-001
8.080616e+002;2.094285e-001
8.085438e+002;2.091302e-001
8.090259e+002;2.088425e-001
8.095081e+002;2.085690e-001
8.099902e+002;2.083088e-001
8.104723e+002;2.080565e-001
8.109545e+002;2.078048e-001
8.114366e+002;2.075466e-001
8.119187e+002;2.072786e-001
8.124009e+002;2.070014e-001
8.128830e+002;2.067187e-001
8.133651e+002;2.064345e-001
8.138473e+002;2.061511e-001
8.143294e+002;2.058683e-001
8.148115e+002;2.055837e-001
8.152937e+002;2.052946e-001
8.157758e+002;2.050010e-001
8.162579e+002;2.047050e-001
8.167401e+002;2.044115e-001
8.172222e+002;2.041247e-001
8.177043e+002;2.038464e-001
8.181865e+002;2.035742e-001
8.186686e+002;2.033023e-001
8.191508e+002;2.030238e-001
8.196329e+002;2.027326e-001
8.201151e+002;2.024262e-001
8.205972e+002;2.021060e-001
8.210793e+002;2.017760e-001
8.215615e+002;2.014415e-001
8.220436e+002;2.011070e-001
8.225258e+002;2.007750e-001
8.230079e+002;2.004464e-001
8.234900e+002;2.001211e-001
8.239722e+002;1.997987e-001
8.244543e+002;1.994789e-001
8.249364e+002;1.991611e-001
8.254186e+002;1.988444e-001
8.259007e+002;1.985274e-001
8.263828e+002;1.982084e-001
8.268650e+002;1.978865e-001
8.273471e+002;1.975618e-001
8.278292e+002;1.972357e-001
8.283114e+002;1.969104e-001
8.287935e+002;1.965870e-001
8.292756e+002;1.962655e-001
8.297578e+002;1.959444e-001
8.302399e+002;1.956208e-001
8.307220e+002;1.952928e-001
8.312042e+002;1.949592e-001
8.316863e+002;1.946213e-001
8.321685e+002;1.942816e-001
8.326506e+002;1.939434e-001
8.331328e+002;1.936087e-001
8.336149e+002;1.932790e-001
8.340970e+002;1.929547e-001
8.345792e+002;1.926354e-001
8.350613e+002;1.923221e-001
8.355435e+002;1.920162e-001
8.360256e+002;1.917201e-001
8.365077e+002;1.914348e-001
8.369899e+002;1.911604e-001
8.374720e+002;1.908942e-001
8.379541e+002;1.906319e-001
8.384363e+002;1.903678e-001
8.389184e+002;1.900974e-001
8.394005e+002;1.898170e-001
8.398827e+002;1.895254e-001
8.403648e+002;1.892225e-001
8.408469e+002;1.889095e-001
8.413291e+002;1.885880e-001
8.418112e+002;1.882596e-001
8.422933e+002;1.879259e-001
8.427755e+002;1.875888e-001
8.432576e+002;1.872506e-001
8.437397e+002;1.869128e-001
8.442219e+002;1.865770e-001
8.447040e+002;1.862434e-001
8.451862e+002;1.859116e-001
8.456683e+002;1.855809e-001
8.461505e+002;1.852504e-001
8.466326e+002;1.849208e-001
8.471147e+002;1.845928e-001
8.475969e+002;1.842683e-001
8.480790e+002;1.839490e-001
8.485612e+002;1.836361e-001
8.490433e+002;1.833301e-001
8.495254e+002;1.830300e-001
8.500076e+002;1.827338e-001
8.504897e+002;1.824389e-001
8.509718e+002;1.821420e-001
8.514540e+002;1.818399e-001
8.519361e+002;1.815298e-001
8.524182e+002;1.812105e-001
8.529004e+002;1.808831e-001
8.533825e+002;1.805508e-001
8.538646e+002;1.802191e-001
8.543468e+002;1.798943e-001
8.548289e+002;1.795813e-001
8.553110e+002;1.792826e-001
8.557932e+002;1.789972e-001
8.562753e+002;1.787207e-001
8.567574e+002;1.784472e-001
8.572396e+002;1.781717e-001
8.577217e+002;1.778910e-001
8.582039e+002;1.776045e-001
8.586860e+002;1.773144e-001
8.591682e+002;1.770234e-001
8.596503e+002;1.767334e-001
8.601324e+002;1.764447e-001
8.606146e+002;1.761571e-001
8.610967e+002;1.758694e-001
8.615789e+002;1.755816e-001
8.620610e+002;1.752946e-001
8.625431e+002;1.750096e-001
8.630253e+002;1.747274e-001
8.635074e+002;1.744463e-001
8.639895e+002;1.741627e-001
8.644717e+002;1.738714e-001
8.649538e+002;1.735680e-001
8.654359e+002;1.732503e-001
8.659181e+002;1.729194e-001
8.664002e+002;1.725801e-001
8.668823e+002;1.722383e-001
8.673645e+002;1.718997e-001
8.678466e+002;1.715682e-001
8.683287e+002;1.712455e-001
8.688109e+002;1.709312e-001
8.692930e+002;1.706241e-001
8.697751e+002;1.703228e-001
8.702573e+002;1.700260e-001
8.707394e+002;1.697318e-001
8.712216e+002;1.694371e-001
8.717037e+002;1.691378e-001
8.721859e+002;1.688298e-001
8.726680e+002;1.685104e-001
8.731501e+002;1.681797e-001
8.736323e+002;1.678418e-001
8.741144e+002;1.675032e-001
8.745966e+002;1.671710e-001
8.750787e+002;1.668500e-001
8.755608e+002;1.665408e-001
8.760430e+002;1.662403e-001
8.765251e+002;1.659426e-001
8.770072e+002;1.656425e-001
8.774894e+002;1.653369e-001
8.779715e+002;1.650273e-001
8.784536e+002;1.647175e-001
8.789358e+002;1.644131e-001
8.794179e+002;1.641176e-001
8.799000e+002;1.638320e-001
8.803822e+002;1.635539e-001
8.808643e+002;1.632789e-001
8.813464e+002;1.630029e-001
8.818286e+002;1.627232e-001
8.823107e+002;1.624398e-001
8.827928e+002;1.621543e-001
8.832750e+002;1.618688e-001
8.837571e+002;1.615848e-001
8.842393e+002;1.613027e-001
8.847214e+002;1.610217e-001
8.852036e+002;1.607411e-001
8.856857e+002;1.604608e-001
8.861678e+002;1.601820e-001
8.866500e+002;1.599060e-001
8.871321e+002;1.596346e-001
8.876143e+002;1.593682e-001
8.880964e+002;1.591066e-001
8.885785e+002;1.588484e-001
8.890607e+002;1.585928e-001
8.895428e+002;1.583396e-001
8.900249e+002;1.580896e-001
8.905071e+002;1.578442e-001
8.909892e+002;1.576047e-001
8.914713e+002;1.573715e-001
8.919535e+002;1.571438e-001
8.924356e+002;1.569197e-001
8.929177e+002;1.566968e-001
8.933999e+002;1.564729e-001
8.938820e+002;1.562459e-001
8.943641e+002;1.560152e-001
8.948463e+002;1.557798e-001
8.953284e+002;1.555399e-001
8.958105e+002;1.552958e-001
8.962927e+002;1.550487e-001
8.967748e+002;1.548003e-001
8.972570e+002;1.545533e-001
8.977391e+002;1.543107e-001
8.982213e+002;1.540746e-001
8.987034e+002;1.538456e-001
8.991855e+002;1.536223e-001
8.996677e+002;1.534014e-001
9.001498e+002;1.531786e-001
9.006320e+002;1.529495e-001
9.011141e+002;1.527116e-001
9.015962e+002;1.524647e-001
9.020784e+002;1.522110e-001
9.025605e+002;1.519543e-001
9.030426e+002;1.516995e-001
9.035248e+002;1.514503e-001
9.040069e+002;1.512088e-001
9.044890e+002;1.509751e-001
9.049712e+002;1.507476e-001
9.054533e+002;1.505238e-001
9.059354e+002;1.503013e-001
9.064176e+002;1.500784e-001
9.068997e+002;1.498559e-001
9.073818e+002;1.496352e-001
9.078640e+002;1.494188e-001
9.083461e+002;1.492091e-001
9.088282e+002;1.490074e-001
9.093104e+002;1.488132e-001
9.097925e+002;1.486242e-001
9.102747e+002;1.484371e-001
9.107568e+002;1.482480e-001
9.112390e+002;1.480546e-001
9.117211e+002;1.478555e-001
9.122032e+002;1.476518e-001
9.126854e+002;1.474456e-001
9.131675e+002;1.472399e-001
9.136496e+002;1.470373e-001
9.141318e+002;1.468394e-001
9.146139e+002;1.466467e-001
9.150960e+002;1.464590e-001
9.155782e+002;1.462757e-001
9.160603e+002;1.460956e-001
9.165424e+002;1.459180e-001
9.170246e+002;1.457417e-001
9.175067e+002;1.455665e-001
9.179888e+002;1.453920e-001
9.184710e+002;1.452184e-001
9.189531e+002;1.450467e-001
9.194352e+002;1.448778e-001
9.199174e+002;1.447123e-001
9.203995e+002;1.445502e-001
9.208817e+002;1.443899e-001
9.213638e+002;1.442283e-001
9.218459e+002;1.440618e-001
9.223281e+002;1.438870e-001
9.228102e+002;1.437023e-001
9.232924e+002;1.435086e-001
9.237745e+002;1.433085e-001
9.242567e+002;1.431063e-001
9.247388e+002;1.429061e-001
9.252209e+002;1.427102e-001
9.257031e+002;1.425191e-001
9.261852e+002;1.423309e-001
9.266673e+002;1.421432e-001
9.271495e+002;1.419534e-001
9.276316e+002;1.417604e-001
9.281137e+002;1.415642e-001
9.285959e+002;1.413660e-001
9.290780e+002;1.411674e-001
9.295601e+002;1.409696e-001
9.300423e+002;1.407737e-001
9.305244e+002;1.405808e-001
9.310065e+002;1.403921e-001
9.314887e+002;1.402088e-001
9.319708e+002;1.400324e-001
9.324529e+002;1.398632e-001
9.329351e+002;1.397005e-001
9.334172e+002;1.395421e-001
9.338994e+002;1.393849e-001
9.343815e+002;1.392261e-001
9.348636e+002;1.390646e-001
9.353458e+002;1.389004e-001
9.358279e+002;1.387359e-001
9.363101e+002;1.385741e-001
9.367922e+002;1.384172e-001
9.372744e+002;1.382661e-001
9.377565e+002;1.381203e-001
9.382386e+002;1.379787e-001
9.387208e+002;1.378393e-001
9.392029e+002;1.377016e-001
9.396850e+002;1.375654e-001
9.401672e+002;1.374308e-001
9.406493e+002;1.372983e-001
9.411314e+002;1.371667e-001
9.416136e+002;1.370349e-001
9.420957e+002;1.369016e-001
9.425778e+002;1.367659e-001
9.430600e+002;1.366287e-001
9.435421e+002;1.364916e-001
9.440242e+002;1.363565e-001
9.445064e+002;1.362240e-001
9.449885e+002;1.360933e-001
9.454706e+002;1.359623e-001
9.459528e+002;1.358283e-001
9.464349e+002;1.356901e-001
9.469171e+002;1.355496e-001
9.473992e+002;1.354112e-001
9.478813e+002;1.352814e-001
9.483635e+002;1.351665e-001
9.488456e+002;1.350700e-001
9.493278e+002;1.349917e-001
9.498099e+002;1.349269e-001
9.502921e+002;1.348680e-001
9.507742e+002;1.348071e-001
9.512563e+002;1.347374e-001
9.517385e+002;1.346553e-001
9.522206e+002;1.345608e-001
9.527027e+002;1.344562e-001
9.531849e+002;1.343464e-001
9.536670e+002;1.342361e-001
9.541491e+002;1.341310e-001
9.546313e+002;1.340355e-001
9.551134e+002;1.339533e-001
9.555955e+002;1.338869e-001
9.560777e+002;1.338362e-001
9.565598e+002;1.337993e-001
9.570419e+002;1.337713e-001
9.575241e+002;1.337472e-001
9.580062e+002;1.337217e-001
9.584883e+002;1.336913e-001
9.589705e+002;1.336553e-001
9.594526e+002;1.336159e-001
9.599348e+002;1.335763e-001
9.604169e+002;1.335405e-001
9.608990e+002;1.335112e-001
9.613812e+002;1.334890e-001
9.618633e+002;1.334735e-001
9.623455e+002;1.334632e-001
9.628276e+002;1.334564e-001
9.633098e+002;1.334527e-001
9.637919e+002;1.334514e-001
9.642740e+002;1.334511e-001
9.647562e+002;1.334500e-001
9.652383e+002;1.334450e-001
9.657204e+002;1.334328e-001
9.662026e+002;1.334110e-001
9.666847e+002;1.333797e-001
9.671668e+002;1.333412e-001
9.676490e+002;1.332998e-001
9.681311e+002;1.332605e-001
9.686132e+002;1.332276e-001
9.690954e+002;1.332033e-001
9.695775e+002;1.331877e-001
9.700596e+002;1.331796e-001
9.705418e+002;1.331775e-001
9.710239e+002;1.331805e-001
9.715060e+002;1.331891e-001
9.719882e+002;1.332043e-001
9.724703e+002;1.332269e-001
9.729525e+002;1.332574e-001
9.734346e+002;1.332944e-001
9.739167e+002;1.333366e-001
9.743989e+002;1.333832e-001
9.748810e+002;1.334346e-001
9.753632e+002;1.334924e-001
9.758453e+002;1.335594e-001
9.763275e+002;1.336380e-001
9.768096e+002;1.337294e-001
9.772917e+002;1.338323e-001
9.777739e+002;1.339439e-001
9.782560e+002;1.340596e-001
9.787381e+002;1.341759e-001
9.792203e+002;1.342898e-001
9.797024e+002;1.344002e-001
9.801845e+002;1.345077e-001
9.806667e+002;1.346137e-001
9.811488e+002;1.347201e-001
9.816309e+002;1.348287e-001
9.821131e+002;1.349413e-001
9.825952e+002;1.350605e-001
9.830773e+002;1.351884e-001
9.835595e+002;1.353287e-001
9.840416e+002;1.354844e-001
9.845237e+002;1.356582e-001
9.850059e+002;1.358512e-001
9.854880e+002;1.360632e-001
9.859702e+002;1.362920e-001
9.864523e+002;1.365349e-001
9.869344e+002;1.367879e-001
9.874166e+002;1.370470e-001
9.878987e+002;1.373079e-001
9.883809e+002;1.375658e-001
9.888630e+002;1.378157e-001
9.893452e+002;1.380519e-001
9.898273e+002;1.382687e-001
9.903094e+002;1.384606e-001
9.907916e+002;1.386233e-001
9.912737e+002;1.387540e-001
9.917558e+002;1.388521e-001
9.922380e+002;1.389184e-001
9.927201e+002;1.389550e-001
9.932022e+002;1.389643e-001
9.936844e+002;1.389489e-001
9.941665e+002;1.389113e-001
9.946486e+002;1.388538e-001
9.951308e+002;1.387787e-001
9.956129e+002;1.386902e-001
9.960950e+002;1.385929e-001
9.965772e+002;1.384937e-001
9.970593e+002;1.383999e-001
9.975414e+002;1.383192e-001
9.980236e+002;1.382577e-001
9.985057e+002;1.382191e-001
9.989879e+002;1.382037e-001
9.994700e+002;1.382086e-001
9.999521e+002;1.382286e-001
1.000434e+003;1.382574e-001
1.000916e+003;1.382898e-001
1.001399e+003;1.383224e-001
1.001881e+003;1.383550e-001
1.002363e+003;1.383898e-001
1.002845e+003;1.384313e-001
1.003327e+003;1.384841e-001
1.003809e+003;1.385529e-001
1.004291e+003;1.386412e-001
1.004773e+003;1.387507e-001
1.005256e+003;1.388823e-001
1.005738e+003;1.390361e-001
1.006220e+003;1.392118e-001
1.006702e+003;1.394083e-001
1.007184e+003;1.396239e-001
1.007666e+003;1.398561e-001
1.008148e+003;1.401012e-001
1.008631e+003;1.403548e-001
1.009113e+003;1.406127e-001
1.009595e+003;1.408706e-001
1.010077e+003;1.411267e-001
1.010559e+003;1.413798e-001
1.011041e+003;1.416309e-001
1.011523e+003;1.418816e-001
1.012006e+003;1.421336e-001
1.012488e+003;1.423878e-001
1.012970e+003;1.426438e-001
1.013452e+003;1.428994e-001
1.013934e+003;1.431509e-001
1.014416e+003;1.433937e-001
1.014898e+003;1.436229e-001
1.015381e+003;1.438347e-001
1.015863e+003;1.440264e-001
1.016345e+003;1.441972e-001
1.016827e+003;1.443482e-001
1.017309e+003;1.444819e-001
1.017791e+003;1.446022e-001
1.018273e+003;1.447139e-001
1.018755e+003;1.448222e-001
1.019238e+003;1.449337e-001
1.019720e+003;1.450548e-001
1.020202e+003;1.451926e-001
1.020684e+003;1.453533e-001
1.021166e+003;1.455410e-001
1.021648e+003;1.457569e-001
1.022130e+003;1.459985e-001
1.022613e+003;1.462599e-001
1.023095e+003;1.465329e-001
1.023577e+003;1.468094e-001
1.024059e+003;1.470834e-001
1.024541e+003;1.473524e-001
1.025023e+003;1.476188e-001
1.025505e+003;1.478876e-001
1.025988e+003;1.481658e-001
1.026470e+003;1.484592e-001
1.026952e+003;1.487706e-001
1.027434e+003;1.490997e-001
1.027916e+003;1.494417e-001
1.028398e+003;1.497894e-001
1.028880e+003;1.501350e-001
1.029363e+003;1.504695e-001
1.029845e+003;1.507851e-001
1.030327e+003;1.510744e-001
1.030809e+003;1.513308e-001
1.031291e+003;1.515483e-001
1.031773e+003;1.517227e-001
1.032255e+003;1.518523e-001
1.032738e+003;1.519381e-001
1.033220e+003;1.519848e-001
1.033702e+003;1.519994e-001
1.034184e+003;1.519905e-001
1.034666e+003;1.519660e-001
1.035148e+003;1.519319e-001
1.035630e+003;1.518911e-001
1.036112e+003;1.518430e-001
1.036594e+003;1.517855e-001
1.037077e+003;1.517155e-001
1.037559e+003;1.516304e-001
1.038041e+003;1.515297e-001
1.038523e+003;1.514142e-001
1.039005e+003;1.512863e-001
1.039487e+003;1.511487e-001
1.039969e+003;1.510034e-001
1.040452e+003;1.508514e-001
1.040934e+003;1.506929e-001
1.041416e+003;1.505277e-001
1.041898e+003;1.503560e-001
1.042380e+003;1.501791e-001
1.042862e+003;1.499996e-001
1.043344e+003;1.498215e-001
1.043827e+003;1.496489e-001
1.044309e+003;1.494859e-001
1.044791e+003;1.493361e-001
1.045273e+003;1.492012e-001
1.045755e+003;1.490818e-001
1.046237e+003;1.489771e-001
1.046719e+003;1.488862e-001
1.047202e+003;1.488070e-001
1.047684e+003;1.487384e-001
1.048166e+003;1.486796e-001
1.048648e+003;1.486309e-001
1.049130e+003;1.485939e-001
1.049612e+003;1.485708e-001
1.050094e+003;1.485638e-001
1.050577e+003;1.485756e-001
1.051059e+003;1.486066e-001
1.051541e+003;1.486565e-001
1.052023e+003;1.487225e-001
1.052505e+003;1.488014e-001
1.052987e+003;1.488885e-001
1.053469e+003;1.489796e-001
1.053951e+003;1.490711e-001
1.054434e+003;1.491602e-001
1.054916e+003;1.492449e-001
1.055398e+003;1.493239e-001
1.055880e+003;1.493963e-001
1.056362e+003;1.494609e-001
1.056844e+003;1.495170e-001
1.057326e+003;1.495640e-001
1.057809e+003;1.496013e-001
1.058291e+003;1.496288e-001
1.058773e+003;1.496457e-001
1.059255e+003;1.496511e-001
1.059737e+003;1.496440e-001
1.060219e+003;1.496226e-001
1.060701e+003;1.495863e-001
1.061184e+003;1.495348e-001
1.061666e+003;1.494696e-001
1.062148e+003;1.493923e-001
1.062630e+003;1.493051e-001
1.063112e+003;1.492097e-001
1.063594e+003;1.491068e-001
1.064076e+003;1.489970e-001
1.064559e+003;1.488811e-001
1.065041e+003;1.487622e-001
1.065523e+003;1.486449e-001
1.066005e+003;1.485365e-001
1.066487e+003;1.484443e-001
1.066969e+003;1.483741e-001
1.067451e+003;1.483277e-001
1.067933e+003;1.483026e-001
1.068416e+003;1.482918e-001
1.068898e+003;1.482862e-001
1.069380e+003;1.482778e-001
1.069862e+003;1.482622e-001
1.070344e+003;1.482403e-001
1.070826e+003;1.482177e-001
1.071308e+003;1.482035e-001
1.071791e+003;1.482064e-001
1.072273e+003;1.482332e-001
1.072755e+003;1.482858e-001
1.073237e+003;1.483624e-001
1.073719e+003;1.484584e-001
1.074201e+003;1.485676e-001
1.074683e+003;1.486855e-001
1.075166e+003;1.488089e-001
1.075648e+003;1.489368e-001
1.076130e+003;1.490690e-001
1.076612e+003;1.492056e-001
1.077094e+003;1.493451e-001
1.077576e+003;1.494845e-001
1.078058e+003;1.496194e-001
1.078541e+003;1.497435e-001
1.079023e+003;1.498496e-001
1.079505e+003;1.499301e-001
1.079987e+003;1.499768e-001
1.080469e+003;1.499822e-001
1.080951e+003;1.499392e-001
1.081433e+003;1.498420e-001
1.081916e+003;1.496868e-001
1.082398e+003;1.494720e-001
1.082880e+003;1.491982e-001
1.083362e+003;1.488679e-001
1.083844e+003;1.484854e-001
1.084326e+003;1.480568e-001
1.084808e+003;1.475896e-001
1.085290e+003;1.470924e-001
1.085772e+003;1.465744e-001
1.086255e+003;1.460456e-001
1.086737e+003;1.455148e-001
1.087219e+003;1.449900e-001
1.087701e+003;1.444784e-001
1.088183e+003;1.439847e-001
1.088665e+003;1.435136e-001
1.089147e+003;1.430689e-001
1.089630e+003;1.426540e-001
1.090112e+003;1.422723e-001
1.090594e+003;1.419269e-001
1.091076e+003;1.416200e-001
1.091558e+003;1.413531e-001
1.092040e+003;1.411268e-001
1.092522e+003;1.409407e-001
1.093005e+003;1.407936e-001
1.093487e+003;1.406850e-001
1.093969e+003;1.406135e-001
1.094451e+003;1.405783e-001
1.094933e+003;1.405782e-001
1.095415e+003;1.406120e-001
1.095897e+003;1.406770e-001
1.096380e+003;1.407707e-001
1.096862e+003;1.408897e-001
1.097344e+003;1.410301e-001
1.097826e+003;1.411882e-001
1.098308e+003;1.413605e-001
1.098790e+003;1.415433e-001
1.099272e+003;1.417328e-001
1.099755e+003;1.419256e-001
1.100237e+003;1.421171e-001
1.100719e+003;1.423031e-001
1.101201e+003;1.424791e-001
1.101683e+003;1.426409e-001
1.102165e+003;1.427846e-001
1.102647e+003;1.429074e-001
1.103129e+003;1.430065e-001
1.103612e+003;1.430806e-001
1.104094e+003;1.431287e-001
1.104576e+003;1.431507e-001
1.105058e+003;1.431475e-001
1.105540e+003;1.431207e-001
1.106022e+003;1.430723e-001
1.106504e+003;1.430048e-001
1.106987e+003;1.429210e-001
1.107469e+003;1.428225e-001
1.107951e+003;1.427109e-001
1.108433e+003;1.425866e-001
1.108915e+003;1.424494e-001
1.109397e+003;1.422984e-001
1.109879e+003;1.421333e-001
1.110362e+003;1.419533e-001
1.110844e+003;1.417593e-001
1.111326e+003;1.415530e-001
1.111808e+003;1.413376e-001
1.112290e+003;1.411168e-001
1.112772e+003;1.408949e-001
1.113254e+003;1.406753e-001
1.113736e+003;1.404609e-001
1.114219e+003;1.402526e-001
1.114701e+003;1.400505e-001
1.115183e+003;1.398537e-001
1.115665e+003;1.396610e-001
1.116147e+003;1.394719e-001
1.116629e+003;1.392868e-001
1.117111e+003;1.391066e-001
1.117594e+003;1.389330e-001
1.118076e+003;1.387680e-001
1.118558e+003;1.386129e-001
1.119040e+003;1.384687e-001
1.119522e+003;1.383355e-001
1.120004e+003;1.382129e-001
1.120486e+003;1.380997e-001
1.120969e+003;1.379943e-001
1.121451e+003;1.378950e-001
1.121933e+003;1.378005e-001
1.122415e+003;1.377096e-001
1.122897e+003;1.376212e-001
1.123379e+003;1.375351e-001
1.123861e+003;1.374515e-001
1.124344e+003;1.373714e-001
1.124826e+003;1.372955e-001
1.125308e+003;1.372247e-001
1.125790e+003;1.371597e-001
1.126272e+003;1.370998e-001
1.126754e+003;1.370441e-001
1.127236e+003;1.369911e-001
1.127719e+003;1.369390e-001
1.128201e+003;1.368867e-001
1.128683e+003;1.368342e-001
1.129165e+003;1.367823e-001
1.129647e+003;1.367329e-001
1.130129e+003;1.366879e-001
1.130611e+003;1.366485e-001
1.131093e+003;1.366146e-001
1.131576e+003;1.365847e-001
1.132058e+003;1.365557e-001
1.132540e+003;1.365247e-001
1.133022e+003;1.364888e-001
1.133504e+003;1.364476e-001
1.133986e+003;1.364021e-001
1.134468e+003;1.363554e-001
1.134950e+003;1.363119e-001
1.135433e+003;1.362752e-001
1.135915e+003;1.362480e-001
1.136397e+003;1.362316e-001
1.136879e+003;1.362253e-001
1.137361e+003;1.362281e-001
1.137843e+003;1.362379e-001
1.138325e+003;1.362537e-001
1.138808e+003;1.362746e-001
1.139290e+003;1.363003e-001
1.139772e+003;1.363299e-001
1.140254e+003;1.363627e-001
1.140736e+003;1.363977e-001
1.141218e+003;1.364334e-001
1.141700e+003;1.364700e-001
1.142183e+003;1.365076e-001
1.142665e+003;1.365478e-001
1.143147e+003;1.365926e-001
1.143629e+003;1.366437e-001
1.144111e+003;1.367023e-001
1.144593e+003;1.367684e-001
1.145075e+003;1.368415e-001
1.145557e+003;1.369197e-001
1.146040e+003;1.370011e-001
1.146522e+003;1.370833e-001
1.147004e+003;1.371638e-001
1.147486e+003;1.372400e-001
1.147968e+003;1.373087e-001
1.148450e+003;1.373671e-001
1.148932e+003;1.374139e-001
1.149415e+003;1.374484e-001
1.149897e+003;1.374720e-001
1.150379e+003;1.374878e-001
1.150861e+003;1.374986e-001
1.151343e+003;1.375067e-001
1.151825e+003;1.375135e-001
1.152307e+003;1.375172e-001
1.152790e+003;1.375155e-001
1.153272e+003;1.375052e-001
1.153754e+003;1.374846e-001
1.154236e+003;1.374539e-001
1.154718e+003;1.374156e-001
1.155200e+003;1.373731e-001
1.155682e+003;1.373306e-001
1.156165e+003;1.372903e-001
1.156647e+003;1.372520e-001
1.157129e+003;1.372134e-001
1.157611e+003;1.371705e-001
1.158093e+003;1.371190e-001
1.158575e+003;1.370547e-001
1.159057e+003;1.369761e-001
1.159540e+003;1.368830e-001
1.160022e+003;1.367773e-001
1.160504e+003;1.366620e-001
1.160986e+003;1.365407e-001
1.161468e+003;1.364170e-001
1.161950e+003;1.362938e-001
1.162432e+003;1.361727e-001
1.162914e+003;1.360538e-001
1.163397e+003;1.359357e-001
1.163879e+003;1.358162e-001
1.164361e+003;1.356930e-001
1.164843e+003;1.355646e-001
1.165325e+003;1.354321e-001
1.165807e+003;1.352981e-001
1.166289e+003;1.351666e-001
1.166771e+003;1.350420e-001
1.167254e+003;1.349270e-001
1.167736e+003;1.348219e-001
1.168218e+003;1.347248e-001
1.168700e+003;1.346324e-001
1.169182e+003;1.345417e-001
1.169664e+003;1.344516e-001
1.170146e+003;1.343636e-001
1.170629e+003;1.342815e-001
1.171111e+003;1.342103e-001
1.171593e+003;1.341539e-001
1.172075e+003;1.341140e-001
1.172557e+003;1.340896e-001
1.173039e+003;1.340775e-001
1.173521e+003;1.340737e-001
1.174004e+003;1.340748e-001
1.174486e+003;1.340793e-001
1.174968e+003;1.340869e-001
1.175450e+003;1.340987e-001
1.175932e+003;1.341151e-001
1.176414e+003;1.341357e-001
1.176896e+003;1.341586e-001
1.177379e+003;1.341813e-001
1.177861e+003;1.342015e-001
1.178343e+003;1.342176e-001
1.178825e+003;1.342301e-001
1.179307e+003;1.342407e-001
1.179789e+003;1.342517e-001
1.180271e+003;1.342658e-001
1.180754e+003;1.342845e-001
1.181236e+003;1.343088e-001
1.181718e+003;1.343387e-001
1.182200e+003;1.343737e-001
1.182682e+003;1.344135e-001
1.183164e+003;1.344577e-001
1.183646e+003;1.345062e-001
1.184128e+003;1.345582e-001
1.184611e+003;1.346130e-001
1.185093e+003;1.346696e-001
1.185575e+003;1.347268e-001
1.186057e+003;1.347841e-001
1.186539e+003;1.348404e-001
1.187021e+003;1.348961e-001
1.187503e+003;1.349511e-001
1.187986e+003;1.350060e-001
1.188468e+003;1.350610e-001
1.188950e+003;1.351166e-001
1.189432e+003;1.351735e-001
1.189914e+003;1.352324e-001
1.190396e+003;1.352939e-001
1.190878e+003;1.353582e-001
1.191361e+003;1.354256e-001
1.191843e+003;1.354952e-001
1.192325e+003;1.355655e-001
1.192807e+003;1.356348e-001
1.193289e+003;1.357014e-001
1.193771e+003;1.357639e-001
1.194253e+003;1.358219e-001
1.194735e+003;1.358756e-001
1.195218e+003;1.359260e-001
1.195700e+003;1.359740e-001
1.196182e+003;1.360212e-001
1.196664e+003;1.360684e-001
1.197146e+003;1.361163e-001
1.197628e+003;1.361652e-001
1.198110e+003;1.362151e-001
1.198593e+003;1.362660e-001
1.199075e+003;1.363175e-001
1.199557e+003;1.363694e-001
1.200039e+003;1.364214e-001
1.200521e+003;1.364724e-001
1.201003e+003;1.365218e-001
1.201485e+003;1.365679e-001
1.201968e+003;1.366096e-001
1.202450e+003;1.366452e-001
1.202932e+003;1.366741e-001
1.203414e+003;1.366967e-001
1.203896e+003;1.367141e-001
1.204378e+003;1.367292e-001
1.204860e+003;1.367450e-001
1.205343e+003;1.367645e-001
1.205825e+003;1.367894e-001
1.206307e+003;1.368197e-001
1.206789e+003;1.368547e-001
1.207271e+003;1.368916e-001
1.207753e+003;1.369283e-001
1.208235e+003;1.369636e-001
1.208718e+003;1.369972e-001
1.209200e+003;1.370308e-001
1.209682e+003;1.370666e-001
1.210164e+003;1.371066e-001
1.210646e+003;1.371511e-001
1.211128e+003;1.371996e-001
1.211610e+003;1.372504e-001
1.212092e+003;1.373014e-001
1.212575e+003;1.373517e-001
1.213057e+003;1.374011e-001
1.213539e+003;1.374509e-001
1.214021e+003;1.375029e-001
1.214503e+003;1.375582e-001
1.214985e+003;1.376170e-001
1.215467e+003;1.376785e-001
1.215949e+003;1.377406e-001
1.216432e+003;1.378013e-001
1.216914e+003;1.378602e-001
1.217396e+003;1.379175e-001
1.217878e+003;1.379750e-001
1.218360e+003;1.380350e-001
1.218842e+003;1.380990e-001
1.219324e+003;1.381676e-001
1.219807e+003;1.382396e-001
1.220289e+003;1.383132e-001
1.220771e+003;1.383863e-001
1.221253e+003;1.384573e-001
1.221735e+003;1.385267e-001
1.222217e+003;1.385959e-001
1.222699e+003;1.386672e-001
1.223182e+003;1.387434e-001
1.223664e+003;1.388259e-001
1.224146e+003;1.389154e-001
1.224628e+003;1.390107e-001
1.225110e+003;1.391096e-001
1.225592e+003;1.392095e-001
1.226074e+003;1.393074e-001
1.226557e+003;1.394016e-001
1.227039e+003;1.394912e-001
1.227521e+003;1.395766e-001
1.228003e+003;1.396588e-001
1.228485e+003;1.397398e-001
1.228967e+003;1.398217e-001
1.229449e+003;1.399060e-001
1.229932e+003;1.399938e-001
1.230414e+003;1.400856e-001
1.230896e+003;1.401812e-001
1.231378e+003;1.402800e-001
1.231860e+003;1.403812e-001
1.232342e+003;1.404838e-001
1.232824e+003;1.405860e-001
1.233306e+003;1.406866e-001
1.233789e+003;1.407837e-001
1.234271e+003;1.408760e-001
1.234753e+003;1.409619e-001
1.235235e+003;1.410417e-001
1.235717e+003;1.411164e-001
1.236199e+003;1.411881e-001
1.236681e+003;1.412596e-001
1.237164e+003;1.413343e-001
1.237646e+003;1.414142e-001
1.238128e+003;1.415010e-001
1.238610e+003;1.415953e-001
1.239092e+003;1.416960e-001
1.239574e+003;1.418021e-001
1.240056e+003;1.419122e-001
1.240539e+003;1.420247e-001
1.241021e+003;1.421380e-001
1.241503e+003;1.422508e-001
1.241985e+003;1.423614e-001
1.242467e+003;1.424691e-001
1.242949e+003;1.425733e-001
1.243431e+003;1.426744e-001
1.243913e+003;1.427739e-001
1.244396e+003;1.428736e-001
1.244878e+003;1.429752e-001
1.245360e+003;1.430802e-001
1.245842e+003;1.431878e-001
1.246324e+003;1.432966e-001
1.246806e+003;1.434043e-001
1.247288e+003;1.435084e-001
1.247771e+003;1.436072e-001
1.248253e+003;1.437008e-001
1.248735e+003;1.437899e-001
1.249217e+003;1.438775e-001
1.249699e+003;1.439654e-001
1.250181e+003;1.440555e-001
1.250663e+003;1.441486e-001
1.251146e+003;1.442441e-001
1.251628e+003;1.443406e-001
1.252110e+003;1.444371e-001
1.252592e+003;1.445323e-001
1.253074e+003;1.446262e-001
1.253556e+003;1.447194e-001
1.254038e+003;1.448135e-001
1.254521e+003;1.449099e-001
1.255003e+003;1.450095e-001
1.255485e+003;1.451127e-001
1.255967e+003;1.452187e-001
1.256449e+003;1.453257e-001
1.256931e+003;1.454308e-001
1.257413e+003;1.455309e-001
1.257896e+003;1.456239e-001
1.258378e+003;1.457085e-001
1.258860e+003;1.457851e-001
1.259342e+003;1.458555e-001
1.259824e+003;1.459223e-001
1.260306e+003;1.459878e-001
1.260788e+003;1.460528e-001
1.261270e+003;1.461164e-001
1.261753e+003;1.461759e-001
1.262235e+003;1.462275e-001
1.262717e+003;1.462680e-001
1.263199e+003;1.462957e-001
1.263681e+003;1.463110e-001
1.264163e+003;1.463164e-001
1.264645e+003;1.463153e-001
1.265127e+003;1.463108e-001
1.265610e+003;1.463053e-001
1.266092e+003;1.462991e-001
1.266574e+003;1.462916e-001
1.267056e+003;1.462814e-001
1.267538e+003;1.462682e-001
1.268020e+003;1.462524e-001
1.268502e+003;1.462357e-001
1.268985e+003;1.462216e-001
1.269467e+003;1.462131e-001
1.269949e+003;1.462131e-001
1.270431e+003;1.462234e-001
1.270913e+003;1.462443e-001
1.271395e+003;1.462750e-001
1.271877e+003;1.463129e-001
1.272360e+003;1.463555e-001
1.272842e+003;1.464001e-001
1.273324e+003;1.464442e-001
1.273806e+003;1.464864e-001
1.274288e+003;1.465259e-001
1.274770e+003;1.465632e-001
1.275252e+003;1.465992e-001
1.275734e+003;1.466356e-001
1.276217e+003;1.466739e-001
1.276699e+003;1.467151e-001
1.277181e+003;1.467596e-001
1.277663e+003;1.468068e-001
1.278145e+003;1.468555e-001
1.278627e+003;1.469041e-001
1.279109e+003;1.469509e-001
1.279592e+003;1.469951e-001
1.280074e+003;1.470364e-001
1.280556e+003;1.470756e-001
1.281038e+003;1.471145e-001
1.281520e+003;1.471552e-001
1.282002e+003;1.472003e-001
1.282484e+003;1.472512e-001
1.282967e+003;1.473082e-001
1.283449e+003;1.473699e-001
1.283931e+003;1.474338e-001
1.284413e+003;1.474955e-001
1.284895e+003;1.475510e-001
1.285377e+003;1.475970e-001
1.285859e+003;1.476318e-001
1.286342e+003;1.476561e-001
1.286824e+003;1.476725e-001
1.287306e+003;1.476848e-001
1.287788e+003;1.476972e-001
1.288270e+003;1.477125e-001
1.288752e+003;1.477328e-001
1.289234e+003;1.477582e-001
1.289717e+003;1.477884e-001
1.290199e+003;1.478228e-001
1.290681e+003;1.478609e-001
1.291163e+003;1.479027e-001
1.291645e+003;1.479490e-001
1.292127e+003;1.479999e-001
1.292609e+003;1.480552e-001
1.293091e+003;1.481139e-001
1.293573e+003;1.481743e-001
1.294056e+003;1.482346e-001
1.294538e+003;1.482931e-001
1.295020e+003;1.483485e-001
1.295502e+003;1.484002e-001
1.295984e+003;1.484478e-001
1.296466e+003;1.484917e-001
1.296948e+003;1.485327e-001
1.297431e+003;1.485720e-001
1.297913e+003;1.486119e-001
1.298395e+003;1.486546e-001
1.298877e+003;1.487032e-001
1.299359e+003;1.487603e-001
1.299841e+003;1.488267e-001
1.300323e+003;1.489022e-001
1.300806e+003;1.489842e-001
1.301288e+003;1.490698e-001
1.301770e+003;1.491557e-001
1.302252e+003;1.492388e-001
1.302734e+003;1.493185e-001
1.303216e+003;1.493954e-001
1.303698e+003;1.494718e-001
1.304181e+003;1.495501e-001
1.304663e+003;1.496323e-001
1.305145e+003;1.497198e-001
1.305627e+003;1.498121e-001
1.306109e+003;1.499079e-001
1.306591e+003;1.500052e-001
1.307073e+003;1.501014e-001
1.307556e+003;1.501949e-001
1.308038e+003;1.502837e-001
1.308520e+003;1.503676e-001
1.309002e+003;1.504467e-001
1.309484e+003;1.505224e-001
1.309966e+003;1.505964e-001
1.310448e+003;1.506713e-001
1.310930e+003;1.507487e-001
1.311413e+003;1.508299e-001
1.311895e+003;1.509149e-001
1.312377e+003;1.510021e-001
1.312859e+003;1.510891e-001
1.313341e+003;1.511731e-001
1.313823e+003;1.512513e-001
1.314305e+003;1.513225e-001
1.314788e+003;1.513865e-001
1.315270e+003;1.514440e-001
1.315752e+003;1.514970e-001
1.316234e+003;1.515472e-001
1.316716e+003;1.515966e-001
1.317198e+003;1.516459e-001
1.317680e+003;1.516957e-001
1.318163e+003;1.517458e-001
1.318645e+003;1.517963e-001
1.319127e+003;1.518468e-001
1.319609e+003;1.518975e-001
1.320091e+003;1.519484e-001
1.320573e+003;1.520006e-001
1.321055e+003;1.520550e-001
1.321538e+003;1.521128e-001
1.322020e+003;1.521748e-001
1.322502e+003;1.522412e-001
1.322984e+003;1.523114e-001
1.323466e+003;1.523839e-001
1.323948e+003;1.524567e-001
1.324430e+003;1.525277e-001
1.324912e+003;1.525950e-001
1.325395e+003;1.526574e-001
1.325877e+003;1.527150e-001
1.326359e+003;1.527683e-001
1.326841e+003;1.528185e-001
1.327323e+003;1.528668e-001
1.327805e+003;1.529142e-001
1.328287e+003;1.529627e-001
1.328770e+003;1.530135e-001
1.329252e+003;1.530690e-001
1.329734e+003;1.531314e-001
1.330216e+003;1.532022e-001
1.330698e+003;1.532826e-001
1.331180e+003;1.533707e-001
1.331662e+003;1.534636e-001
1.332145e+003;1.535571e-001
1.332627e+003;1.536469e-001
1.333109e+003;1.537298e-001
1.333591e+003;1.538047e-001
1.334073e+003;1.538729e-001
1.334555e+003;1.539371e-001
1.335037e+003;1.540005e-001
1.335520e+003;1.540654e-001
1.336002e+003;1.541325e-001
1.336484e+003;1.542013e-001
1.336966e+003;1.542698e-001
1.337448e+003;1.543363e-001
1.337930e+003;1.544007e-001
1.338412e+003;1.544635e-001
1.338895e+003;1.545264e-001
1.339377e+003;1.545910e-001
1.339859e+003;1.546587e-001
1.340341e+003;1.547286e-001
1.340823e+003;1.547996e-001
1.341305e+003;1.548692e-001
1.341787e+003;1.549358e-001
1.342269e+003;1.549989e-001
1.342751e+003;1.550591e-001
1.343234e+003;1.551183e-001
1.343716e+003;1.551790e-001
1.344198e+003;1.552429e-001
1.344680e+003;1.553108e-001
1.345162e+003;1.553820e-001
1.345644e+003;1.554554e-001
1.346126e+003;1.555291e-001
1.346609e+003;1.556017e-001
1.347091e+003;1.556725e-001
1.347573e+003;1.557410e-001
1.348055e+003;1.558077e-001
1.348537e+003;1.558730e-001
1.349019e+003;1.559372e-001
1.349501e+003;1.560009e-001
1.349984e+003;1.560640e-001
1.350466e+003;1.561263e-001
1.350948e+003;1.561879e-001
1.351430e+003;1.562488e-001
1.351912e+003;1.563086e-001
1.352394e+003;1.563673e-001
1.352876e+003;1.564239e-001
1.353359e+003;1.564784e-001
1.353841e+003;1.565306e-001
1.354323e+003;1.565806e-001
1.354805e+003;1.566292e-001
1.355287e+003;1.566775e-001
1.355769e+003;1.567268e-001
1.356251e+003;1.567773e-001
1.356734e+003;1.568293e-001
1.357216e+003;1.568815e-001
1.357698e+003;1.569329e-001
1.358180e+003;1.569823e-001
1.358662e+003;1.570294e-001
1.359144e+003;1.570752e-001
1.359626e+003;1.571216e-001
1.360108e+003;1.571717e-001
1.360591e+003;1.572278e-001
1.361073e+003;1.572918e-001
1.361555e+003;1.573626e-001
1.362037e+003;1.574373e-001
1.362519e+003;1.575118e-001
1.363001e+003;1.575815e-001
1.363483e+003;1.576424e-001
1.363966e+003;1.576930e-001
1.364448e+003;1.577335e-001
1.364930e+003;1.577661e-001
1.365412e+003;1.577941e-001
1.365894e+003;1.578191e-001
1.366376e+003;1.578429e-001
1.366858e+003;1.578648e-001
1.367341e+003;1.578830e-001
1.367823e+003;1.578956e-001
1.368305e+003;1.579012e-001
1.368787e+003;1.578995e-001
1.369269e+003;1.578917e-001
1.369751e+003;1.578800e-001
1.370233e+003;1.578668e-001
1.370716e+003;1.578546e-001
1.371198e+003;1.578446e-001
1.371680e+003;1.578373e-001
1.372162e+003;1.578326e-001
1.372644e+003;1.578297e-001
1.373126e+003;1.578274e-001
1.373608e+003;1.578249e-001
1.374090e+003;1.578213e-001
1.374573e+003;1.578161e-001
1.375055e+003;1.578088e-001
1.375537e+003;1.577996e-001
1.376019e+003;1.577883e-001
1.376501e+003;1.577749e-001
1.376983e+003;1.577597e-001
1.377465e+003;1.577421e-001
1.377948e+003;1.577220e-001
1.378430e+003;1.576993e-001
1.378912e+003;1.576740e-001
1.379394e+003;1.576465e-001
1.379876e+003;1.576180e-001
1.380358e+003;1.575903e-001
1.380840e+003;1.575651e-001
1.381323e+003;1.575440e-001
1.381805e+003;1.575277e-001
1.382287e+003;1.575171e-001
1.382769e+003;1.575121e-001
1.383251e+003;1.575123e-001
1.383733e+003;1.575184e-001
1.384215e+003;1.575304e-001
1.384698e+003;1.575487e-001
1.385180e+003;1.575735e-001
1.385662e+003;1.576039e-001
1.386144e+003;1.576374e-001
1.386626e+003;1.576717e-001
1.387108e+003;1.577037e-001
1.387590e+003;1.577311e-001
1.388073e+003;1.577534e-001
1.388555e+003;1.577711e-001
1.389037e+003;1.577861e-001
1.389519e+003;1.578007e-001
1.390001e+003;1.578168e-001
1.390483e+003;1.578355e-001
1.390965e+003;1.578566e-001
1.391447e+003;1.578804e-001
1.391929e+003;1.579066e-001
1.392412e+003;1.579363e-001
1.392894e+003;1.579711e-001
1.393376e+003;1.580131e-001
1.393858e+003;1.580634e-001
1.394340e+003;1.581225e-001
1.394822e+003;1.581891e-001
1.395304e+003;1.582613e-001
1.395787e+003;1.583370e-001
1.396269e+003;1.584143e-001
1.396751e+003;1.584927e-001
1.397233e+003;1.585723e-001
1.397715e+003;1.586536e-001
1.398197e+003;1.587367e-001
1.398679e+003;1.588211e-001
1.399162e+003;1.589052e-001
1.399644e+003;1.589872e-001
1.400126e+003;1.590661e-001
1.400608e+003;1.591419e-001
1.401090e+003;1.592162e-001
1.401572e+003;1.592916e-001
1.402054e+003;1.593705e-001
1.402537e+003;1.594545e-001
1.403019e+003;1.595435e-001
1.403501e+003;1.596371e-001
1.403983e+003;1.597321e-001
1.404465e+003;1.598272e-001
1.404947e+003;1.599204e-001
1.405429e+003;1.600112e-001
1.405911e+003;1.601008e-001
1.406394e+003;1.601899e-001
1.406876e+003;1.602797e-001
1.407358e+003;1.603706e-001
1.407840e+003;1.604624e-001
1.408322e+003;1.605540e-001
1.408804e+003;1.606442e-001
1.409286e+003;1.607316e-001
1.409769e+003;1.608156e-001
1.410251e+003;1.608960e-001
1.410733e+003;1.609732e-001
1.411215e+003;1.610482e-001
1.411697e+003;1.611219e-001
1.412179e+003;1.611963e-001
1.412661e+003;1.612724e-001
1.413144e+003;1.613512e-001
1.413626e+003;1.614326e-001
1.414108e+003;1.615156e-001
1.414590e+003;1.615981e-001
1.415072e+003;1.616775e-001
1.415554e+003;1.617521e-001
1.416036e+003;1.618208e-001
1.416519e+003;1.618839e-001
1.417001e+003;1.619441e-001
1.417483e+003;1.620042e-001
1.417965e+003;1.620670e-001
1.418447e+003;1.621342e-001
1.418929e+003;1.622050e-001
1.419411e+003;1.622773e-001
1.419894e+003;1.623479e-001
1.420376e+003;1.624144e-001
1.420858e+003;1.624756e-001
1.421340e+003;1.625325e-001
1.421822e+003;1.625874e-001
1.422304e+003;1.626426e-001
1.422786e+003;1.626995e-001
1.423268e+003;1.627569e-001
1.423750e+003;1.628123e-001
1.424233e+003;1.628618e-001
1.424715e+003;1.629031e-001
1.425197e+003;1.629361e-001
1.425679e+003;1.629630e-001
1.426161e+003;1.629892e-001
1.426643e+003;1.630206e-001
1.427125e+003;1.630616e-001
1.427608e+003;1.631148e-001
1.428090e+003;1.631792e-001
1.428572e+003;1.632513e-001
1.429054e+003;1.633267e-001
1.429536e+003;1.634012e-001
1.430018e+003;1.634719e-001
1.430500e+003;1.635373e-001
1.430983e+003;1.635972e-001
1.431465e+003;1.636513e-001
1.431947e+003;1.636996e-001
1.432429e+003;1.637418e-001
1.432911e+003;1.637785e-001
1.433393e+003;1.638113e-001
1.433875e+003;1.638436e-001
1.434358e+003;1.638791e-001
1.434840e+003;1.639207e-001
1.435322e+003;1.639705e-001
1.435804e+003;1.640268e-001
1.436286e+003;1.640859e-001
1.436768e+003;1.641423e-001
1.437250e+003;1.641917e-001
1.437732e+003;1.642313e-001
1.438215e+003;1.642616e-001
1.438697e+003;1.642851e-001
1.439179e+003;1.643055e-001
1.439661e+003;1.643261e-001
1.440143e+003;1.643482e-001
1.440625e+003;1.643724e-001
1.441107e+003;1.643977e-001
1.441590e+003;1.644241e-001
1.442072e+003;1.644522e-001
1.442554e+003;1.644834e-001
1.443036e+003;1.645193e-001
1.443518e+003;1.645603e-001
1.444000e+003;1.646057e-001
1.444482e+003;1.646535e-001
1.444965e+003;1.647007e-001
1.445447e+003;1.647457e-001
1.445929e+003;1.647880e-001
1.446411e+003;1.648291e-001
1.446893e+003;1.648711e-001
1.447375e+003;1.649160e-001
1.447857e+003;1.649640e-001
1.448340e+003;1.650139e-001
1.448822e+003;1.650638e-001
1.449304e+003;1.651118e-001
1.449786e+003;1.651577e-001
1.450268e+003;1.652028e-001
1.450750e+003;1.652493e-001
1.451232e+003;1.652984e-001
1.451715e+003;1.653499e-001
1.452197e+003;1.654015e-001
1.452679e+003;1.654494e-001
1.453161e+003;1.654905e-001
1.453643e+003;1.655249e-001
1.454125e+003;1.655553e-001
1.454607e+003;1.655877e-001
1.455089e+003;1.656286e-001
1.455572e+003;1.656820e-001
1.456054e+003;1.657473e-001
1.456536e+003;1.658186e-001
1.457018e+003;1.658854e-001
1.457500e+003;1.659367e-001
1.457982e+003;1.659639e-001
1.458464e+003;1.659631e-001
1.458947e+003;1.659367e-001
1.459429e+003;1.658905e-001
1.459911e+003;1.658325e-001
1.460393e+003;1.657699e-001
1.460875e+003;1.657086e-001
1.461357e+003;1.656522e-001
1.461839e+003;1.656030e-001
1.462322e+003;1.655624e-001
1.462804e+003;1.655305e-001
1.463286e+003;1.655071e-001
1.463768e+003;1.654903e-001
1.464250e+003;1.654767e-001
1.464732e+003;1.654619e-001
1.465214e+003;1.654410e-001
1.465697e+003;1.654108e-001
1.466179e+003;1.653699e-001
1.466661e+003;1.653190e-001
1.467143e+003;1.652603e-001
1.467625e+003;1.651965e-001
1.468107e+003;1.651288e-001
1.468589e+003;1.650584e-001
1.469072e+003;1.649857e-001
1.469553e+003;1.649122e-001
1.470036e+003;1.648409e-001
1.470518e+003;1.647765e-001
1.471000e+003;1.647242e-001
1.471482e+003;1.646872e-001
1.471964e+003;1.646662e-001
1.472446e+003;1.646580e-001
1.472928e+003;1.646562e-001
1.473411e+003;1.646542e-001
1.473893e+003;1.646465e-001
1.474375e+003;1.646320e-001
1.474857e+003;1.646133e-001
1.475339e+003;1.645954e-001
1.475821e+003;1.645840e-001
1.476303e+003;1.645826e-001
1.476786e+003;1.645923e-001
1.477268e+003;1.646098e-001
1.477750e+003;1.646315e-001
1.478232e+003;1.646536e-001
1.478714e+003;1.646744e-001
1.479196e+003;1.646949e-001
1.479678e+003;1.647174e-001
1.480161e+003;1.647443e-001
1.480643e+003;1.647772e-001
1.481125e+003;1.648150e-001
1.481607e+003;1.648550e-001
1.482089e+003;1.648944e-001
1.482571e+003;1.649304e-001
1.483053e+003;1.649621e-001
1.483536e+003;1.649907e-001
1.484018e+003;1.650187e-001
1.484500e+003;1.650490e-001
1.484982e+003;1.650838e-001
1.485464e+003;1.651243e-001
1.485946e+003;1.651705e-001
1.486428e+003;1.652219e-001
1.486910e+003;1.652785e-001
1.487393e+003;1.653410e-001
1.487875e+003;1.654105e-001
1.488357e+003;1.654886e-001
1.488839e+003;1.655758e-001
1.489321e+003;1.656707e-001
1.489803e+003;1.657704e-001
1.490285e+003;1.658703e-001
1.490768e+003;1.659651e-001
1.491250e+003;1.660505e-001
1.491732e+003;1.661244e-001
1.492214e+003;1.661875e-001
1.492696e+003;1.662439e-001
1.493178e+003;1.662994e-001
1.493660e+003;1.663606e-001
1.494143e+003;1.664328e-001
1.494625e+003;1.665189e-001
1.495107e+003;1.666177e-001
1.495589e+003;1.667255e-001
1.496071e+003;1.668367e-001
1.496553e+003;1.669452e-001
1.497035e+003;1.670471e-001
1.497518e+003;1.671420e-001
1.498000e+003;1.672320e-001
1.498482e+003;1.673211e-001
1.498964e+003;1.674134e-001
1.499446e+003;1.675110e-001
1.499928e+003;1.676142e-001
1.500410e+003;1.677197e-001
1.500893e+003;1.678239e-001
1.501375e+003;1.679224e-001
1.501857e+003;1.680133e-001
1.502339e+003;1.680975e-001
1.502821e+003;1.681788e-001
1.503303e+003;1.682644e-001
1.503785e+003;1.683619e-001
1.504267e+003;1.684792e-001
1.504750e+003;1.686205e-001
1.505232e+003;1.687864e-001
1.505714e+003;1.689723e-001
1.506196e+003;1.691688e-001
1.506678e+003;1.693637e-001
1.507160e+003;1.695450e-001
1.507642e+003;1.697037e-001
1.508125e+003;1.698366e-001
1.508607e+003;1.699459e-001
1.509089e+003;1.700385e-001
1.509571e+003;1.701242e-001
1.510053e+003;1.702128e-001
1.510535e+003;1.703111e-001
1.511017e+003;1.704227e-001
1.511500e+003;1.705470e-001
1.511982e+003;1.706795e-001
1.512464e+003;1.708149e-001
1.512946e+003;1.709485e-001
1.513428e+003;1.710782e-001
1.513910e+003;1.712045e-001
1.514392e+003;1.713303e-001
1.514875e+003;1.714590e-001
1.515357e+003;1.715932e-001
1.515839e+003;1.717337e-001
1.516321e+003;1.718785e-001
1.516803e+003;1.720247e-001
1.517285e+003;1.721697e-001
1.517767e+003;1.723124e-001
1.518250e+003;1.724544e-001
1.518731e+003;1.726006e-001
1.519214e+003;1.727559e-001
1.519696e+003;1.729252e-001
1.520178e+003;1.731094e-001
1.520660e+003;1.733054e-001
1.521142e+003;1.735067e-001
1.521624e+003;1.737048e-001
1.522106e+003;1.738922e-001
1.522589e+003;1.740651e-001
1.523071e+003;1.742251e-001
1.523553e+003;1.743772e-001
1.524035e+003;1.745296e-001
1.524517e+003;1.746887e-001
1.524999e+003;1.748587e-001
1.525481e+003;1.750396e-001
1.525964e+003;1.752277e-001
1.526446e+003;1.754179e-001
1.526928e+003;1.756053e-001
1.527410e+003;1.757873e-001
1.527892e+003;1.759632e-001
1.528374e+003;1.761353e-001
1.528856e+003;1.763053e-001
1.529339e+003;1.764751e-001
1.529821e+003;1.766463e-001
1.530303e+003;1.768199e-001
1.530785e+003;1.769987e-001
1.531267e+003;1.771872e-001
1.531749e+003;1.773906e-001
1.532231e+003;1.776132e-001
1.532714e+003;1.778561e-001
1.533196e+003;1.781147e-001
1.533678e+003;1.783794e-001
1.534160e+003;1.786371e-001
1.534642e+003;1.788761e-001
1.535124e+003;1.790902e-001
1.535606e+003;1.792804e-001
1.536088e+003;1.794569e-001
1.536571e+003;1.796343e-001
1.537053e+003;1.798287e-001
1.537535e+003;1.800534e-001
1.538017e+003;1.803144e-001
1.538499e+003;1.806106e-001
1.538981e+003;1.809326e-001
1.539463e+003;1.812676e-001
1.539946e+003;1.816021e-001
1.540428e+003;1.819258e-001
1.540910e+003;1.822321e-001
1.541392e+003;1.825203e-001
1.541874e+003;1.827924e-001
1.542356e+003;1.830533e-001
1.542838e+003;1.833088e-001
1.543321e+003;1.835642e-001
1.543803e+003;1.838241e-001
1.544285e+003;1.840905e-001
1.544767e+003;1.843630e-001
1.545249e+003;1.846391e-001
1.545731e+003;1.849158e-001
1.546213e+003;1.851907e-001
1.546696e+003;1.854635e-001
1.547178e+003;1.857371e-001
1.547660e+003;1.860155e-001
1.548142e+003;1.863022e-001
1.548624e+003;1.865988e-001
1.549106e+003;1.869030e-001
1.549588e+003;1.872102e-001
1.550071e+003;1.875152e-001
1.550552e+003;1.878146e-001
1.551035e+003;1.881100e-001
1.551517e+003;1.884062e-001
1.551999e+003;1.887106e-001
1.552481e+003;1.890285e-001
1.552963e+003;1.893610e-001
1.553445e+003;1.897033e-001
1.553927e+003;1.900462e-001
1.554410e+003;1.903793e-001
1.554892e+003;1.906970e-001
1.555374e+003;1.910009e-001
1.555856e+003;1.913004e-001
1.556338e+003;1.916106e-001
1.556820e+003;1.919473e-001
1.557302e+003;1.923220e-001
1.557785e+003;1.927379e-001
1.558267e+003;1.931874e-001
1.558749e+003;1.936555e-001
1.559231e+003;1.941223e-001
1.559713e+003;1.945708e-001
1.560195e+003;1.949909e-001
1.560677e+003;1.953815e-001
1.561160e+003;1.957491e-001
1.561642e+003;1.961054e-001
1.562124e+003;1.964634e-001
1.562606e+003;1.968338e-001
1.563088e+003;1.972238e-001
1.563570e+003;1.976355e-001
1.564052e+003;1.980665e-001
1.564535e+003;1.985115e-001
1.565017e+003;1.989633e-001
1.565499e+003;1.994164e-001
1.565981e+003;1.998683e-001
1.566463e+003;2.003200e-001
1.566945e+003;2.007755e-001
1.567427e+003;2.012411e-001
1.567909e+003;2.017217e-001
1.568392e+003;2.022200e-001
1.568874e+003;2.027346e-001
1.569356e+003;2.032606e-001
1.569838e+003;2.037911e-001
1.570320e+003;2.043196e-001
1.570802e+003;2.048413e-001
1.571284e+003;2.053558e-001
1.571767e+003;2.058654e-001
1.572249e+003;2.063758e-001
1.572731e+003;2.068951e-001
1.573213e+003;2.074315e-001
1.573695e+003;2.079937e-001
1.574177e+003;2.085880e-001
1.574659e+003;2.092174e-001
1.575142e+003;2.098804e-001
1.575624e+003;2.105693e-001
1.576106e+003;2.112714e-001
1.576588e+003;2.119711e-001
1.577070e+003;2.126557e-001
1.577552e+003;2.133170e-001
1.578034e+003;2.139553e-001
1.578517e+003;2.145786e-001
1.578999e+003;2.151988e-001
1.579481e+003;2.158298e-001
1.579963e+003;2.164823e-001
1.580445e+003;2.171612e-001
1.580927e+003;2.178657e-001
1.581409e+003;2.185913e-001
1.581892e+003;2.193324e-001
1.582374e+003;2.200845e-001
1.582856e+003;2.208473e-001
1.583338e+003;2.216218e-001
1.583820e+003;2.224105e-001
1.584302e+003;2.232153e-001
1.584784e+003;2.240358e-001
1.585266e+003;2.248703e-001
1.585749e+003;2.257168e-001
1.586231e+003;2.265739e-001
1.586713e+003;2.274418e-001
1.587195e+003;2.283214e-001
1.587677e+003;2.292128e-001
1.588159e+003;2.301152e-001
1.588641e+003;2.310270e-001
1.589124e+003;2.319456e-001
1.589606e+003;2.328709e-001
1.590088e+003;2.338048e-001
1.590570e+003;2.347524e-001
1.591052e+003;2.357192e-001
1.591534e+003;2.367097e-001
1.592016e+003;2.377246e-001
1.592499e+003;2.387610e-001
1.592981e+003;2.398127e-001
1.593463e+003;2.408741e-001
1.593945e+003;2.419423e-001
1.594427e+003;2.430180e-001
1.594909e+003;2.441060e-001
1.595391e+003;2.452119e-001
1.595874e+003;2.463409e-001
1.596356e+003;2.474944e-001
1.596838e+003;2.486704e-001
1.597320e+003;2.498647e-001
1.597802e+003;2.510732e-001
1.598284e+003;2.522935e-001
1.598766e+003;2.535253e-001
1.599249e+003;2.547698e-001
1.599730e+003;2.560286e-001
1.600213e+003;2.573017e-001
1.600695e+003;2.585876e-001
1.601177e+003;2.598840e-001
1.601659e+003;2.611895e-001
1.602141e+003;2.625040e-001
1.602623e+003;2.638289e-001
1.603105e+003;2.651663e-001
1.603588e+003;2.665186e-001
1.604070e+003;2.678868e-001
1.604552e+003;2.692705e-001
1.605034e+003;2.706694e-001
1.605516e+003;2.720833e-001
1.605998e+003;2.735125e-001
1.606480e+003;2.749579e-001
1.606963e+003;2.764186e-001
1.607445e+003;2.778922e-001
1.607927e+003;2.793743e-001
1.608409e+003;2.808596e-001
1.608891e+003;2.823440e-001
1.609373e+003;2.838269e-001
1.609855e+003;2.853102e-001
1.610338e+003;2.867980e-001
1.610820e+003;2.882932e-001
1.611302e+003;2.897948e-001
1.611784e+003;2.912976e-001
1.612266e+003;2.927937e-001
1.612748e+003;2.942766e-001
1.613230e+003;2.957441e-001
1.613713e+003;2.972011e-001
1.614195e+003;2.986589e-001
1.614677e+003;3.001311e-001
1.615159e+003;3.016284e-001
1.615641e+003;3.031530e-001
1.616123e+003;3.046971e-001
1.616605e+003;3.062440e-001
1.617087e+003;3.077729e-001
1.617570e+003;3.092663e-001
1.618052e+003;3.107134e-001
1.618534e+003;3.121133e-001
1.619016e+003;3.134716e-001
1.619498e+003;3.147979e-001
1.619980e+003;3.161020e-001
1.620462e+003;3.173909e-001
1.620945e+003;3.186692e-001
1.621427e+003;3.199374e-001
1.621909e+003;3.211935e-001
1.622391e+003;3.224328e-001
1.622873e+003;3.236471e-001
1.623355e+003;3.248261e-001
1.623837e+003;3.259597e-001
1.624320e+003;3.270407e-001
1.624802e+003;3.280672e-001
1.625284e+003;3.290434e-001
1.625766e+003;3.299795e-001
1.626248e+003;3.308860e-001
1.626730e+003;3.317698e-001
1.627212e+003;3.326312e-001
1.627695e+003;3.334618e-001
1.628177e+003;3.342484e-001
1.628659e+003;3.349766e-001
1.629141e+003;3.356371e-001
1.629623e+003;3.362265e-001
1.630105e+003;3.367494e-001
1.630587e+003;3.372133e-001
1.631070e+003;3.376250e-001
1.631552e+003;3.379893e-001
1.632034e+003;3.383078e-001
1.632516e+003;3.385820e-001
1.632998e+003;3.388160e-001
1.633480e+003;3.390170e-001
1.633962e+003;3.391940e-001
1.634444e+003;3.393525e-001
1.634927e+003;3.394915e-001
1.635409e+003;3.396003e-001
1.635891e+003;3.396603e-001
1.636373e+003;3.396524e-001
1.636855e+003;3.395627e-001
1.637337e+003;3.393881e-001
1.637819e+003;3.391361e-001
1.638302e+003;3.388217e-001
1.638784e+003;3.384602e-001
1.639266e+003;3.380622e-001
1.639748e+003;3.376319e-001
1.640230e+003;3.371665e-001
1.640712e+003;3.366617e-001
1.641194e+003;3.361143e-001
1.641677e+003;3.355249e-001
1.642159e+003;3.348978e-001
1.642641e+003;3.342376e-001
1.643123e+003;3.335469e-001
1.643605e+003;3.328250e-001
1.644087e+003;3.320693e-001
1.644569e+003;3.312780e-001
1.645052e+003;3.304530e-001
1.645534e+003;3.295993e-001
1.646016e+003;3.287240e-001
1.646498e+003;3.278306e-001
1.646980e+003;3.269176e-001
1.647462e+003;3.259771e-001
1.647944e+003;3.249979e-001
1.648427e+003;3.239717e-001
1.648908e+003;3.228982e-001
1.649391e+003;3.217856e-001
1.649873e+003;3.206509e-001
1.650355e+003;3.195133e-001
1.650837e+003;3.183877e-001
1.651319e+003;3.172808e-001
1.651801e+003;3.161865e-001
1.652283e+003;3.150903e-001
1.652766e+003;3.139727e-001
1.653248e+003;3.128165e-001
1.653730e+003;3.116132e-001
1.654212e+003;3.103636e-001
1.654694e+003;3.090760e-001
1.655176e+003;3.077623e-001
1.655658e+003;3.064338e-001
1.656141e+003;3.051002e-001
1.656623e+003;3.037669e-001
1.657105e+003;3.024369e-001
1.657587e+003;3.011094e-001
1.658069e+003;2.997799e-001
1.658551e+003;2.984432e-001
1.659033e+003;2.970931e-001
1.659516e+003;2.957262e-001
1.659998e+003;2.943431e-001
1.660480e+003;2.929492e-001
1.660962e+003;2.915528e-001
1.661444e+003;2.901623e-001
1.661926e+003;2.887822e-001
1.662408e+003;2.874112e-001
1.662891e+003;2.860425e-001
1.663373e+003;2.846663e-001
1.663855e+003;2.832753e-001
1.664337e+003;2.818677e-001
1.664819e+003;2.804480e-001
1.665301e+003;2.790248e-001
1.665783e+003;2.776071e-001
1.666265e+003;2.761997e-001
1.666748e+003;2.748015e-001
1.667230e+003;2.734068e-001
1.667712e+003;2.720077e-001
1.668194e+003;2.705986e-001
1.668676e+003;2.691790e-001
1.669158e+003;2.677520e-001
1.669640e+003;2.663230e-001
1.670123e+003;2.648966e-001
1.670605e+003;2.634724e-001
1.671087e+003;2.620476e-001
1.671569e+003;2.606179e-001
1.672051e+003;2.591815e-001
1.672533e+003;2.577399e-001
1.673015e+003;2.562988e-001
1.673498e+003;2.548648e-001
1.673980e+003;2.534424e-001
1.674462e+003;2.520324e-001
1.674944e+003;2.506309e-001
1.675426e+003;2.492323e-001
1.675908e+003;2.478330e-001
1.676390e+003;2.464324e-001
1.676873e+003;2.450341e-001
1.677355e+003;2.436432e-001
1.677837e+003;2.422629e-001
1.678319e+003;2.408921e-001
1.678801e+003;2.395252e-001
1.679283e+003;2.381544e-001
1.679765e+003;2.367734e-001
1.680248e+003;2.353800e-001
1.680729e+003;2.339782e-001
1.681212e+003;2.325768e-001
1.681694e+003;2.311867e-001
1.682176e+003;2.298169e-001
1.682658e+003;2.284722e-001
1.683140e+003;2.271537e-001
1.683622e+003;2.258574e-001
1.684104e+003;2.245775e-001
1.684587e+003;2.233072e-001
1.685069e+003;2.220408e-001
1.685551e+003;2.207737e-001
1.686033e+003;2.195024e-001
1.686515e+003;2.182252e-001
1.686997e+003;2.169425e-001
1.687479e+003;2.156577e-001
1.687962e+003;2.143746e-001
1.688444e+003;2.130999e-001
1.688926e+003;2.118374e-001
1.689408e+003;2.105896e-001
1.689890e+003;2.093540e-001
1.690372e+003;2.081268e-001
1.690854e+003;2.069034e-001
1.691337e+003;2.056811e-001
1.691819e+003;2.044621e-001
1.692301e+003;2.032526e-001
1.692783e+003;2.020602e-001
1.693265e+003;2.008931e-001
1.693747e+003;1.997549e-001
1.694229e+003;1.986441e-001
1.694712e+003;1.975539e-001
1.695194e+003;1.964741e-001
1.695676e+003;1.953943e-001
1.696158e+003;1.943081e-001
1.696640e+003;1.932139e-001
1.697122e+003;1.921168e-001
1.697604e+003;1.910255e-001
1.698086e+003;1.899509e-001
1.698569e+003;1.889023e-001
1.699051e+003;1.878850e-001
1.699533e+003;1.868983e-001
1.700015e+003;1.859352e-001
1.700497e+003;1.849837e-001
1.700979e+003;1.840307e-001
1.701461e+003;1.830663e-001
1.701944e+003;1.820875e-001
1.702426e+003;1.810989e-001
1.702908e+003;1.801111e-001
1.703390e+003;1.791372e-001
1.703872e+003;1.781882e-001
1.704354e+003;1.772700e-001
1.704836e+003;1.763812e-001
1.705319e+003;1.755143e-001
1.705801e+003;1.746592e-001
1.706283e+003;1.738071e-001
1.706765e+003;1.729544e-001
1.707247e+003;1.721024e-001
1.707729e+003;1.712565e-001
1.708211e+003;1.704221e-001
1.708694e+003;1.696027e-001
1.709176e+003;1.687986e-001
1.709658e+003;1.680072e-001
1.710140e+003;1.672254e-001
1.710622e+003;1.664516e-001
1.711104e+003;1.656868e-001
1.711586e+003;1.649331e-001
1.712069e+003;1.641928e-001
1.712551e+003;1.634664e-001
1.713033e+003;1.627530e-001
1.713515e+003;1.620507e-001
1.713997e+003;1.613596e-001
1.714479e+003;1.606814e-001
1.714961e+003;1.600210e-001
1.715443e+003;1.593837e-001
1.715926e+003;1.587722e-001
1.716408e+003;1.581839e-001
1.716890e+003;1.576112e-001
1.717372e+003;1.570423e-001
1.717854e+003;1.564657e-001
1.718336e+003;1.558741e-001
1.718818e+003;1.552669e-001
1.719301e+003;1.546501e-001
1.719783e+003;1.540331e-001
1.720265e+003;1.534257e-001
1.720747e+003;1.528353e-001
1.721229e+003;1.522650e-001
1.721711e+003;1.517141e-001
1.722193e+003;1.511805e-001
1.722676e+003;1.506603e-001
1.723158e+003;1.501507e-001
1.723640e+003;1.496493e-001
1.724122e+003;1.491544e-001
1.724604e+003;1.486640e-001
1.725086e+003;1.481779e-001
1.725568e+003;1.476969e-001
1.726051e+003;1.472238e-001
1.726533e+003;1.467619e-001
1.727015e+003;1.463141e-001
1.727497e+003;1.458811e-001
1.727979e+003;1.454601e-001
1.728461e+003;1.450452e-001
1.728943e+003;1.446297e-001
1.729426e+003;1.442083e-001
1.729907e+003;1.437805e-001
1.730390e+003;1.433503e-001
1.730872e+003;1.429268e-001
1.731354e+003;1.425200e-001
1.731836e+003;1.421380e-001
1.732318e+003;1.417846e-001
1.732800e+003;1.414578e-001
1.733282e+003;1.411503e-001
1.733765e+003;1.408515e-001
1.734247e+003;1.405509e-001
1.734729e+003;1.402396e-001
1.735211e+003;1.399131e-001
1.735693e+003;1.395702e-001
1.736175e+003;1.392142e-001
1.736657e+003;1.388514e-001
1.737140e+003;1.384900e-001
1.737622e+003;1.381390e-001
1.738104e+003;1.378075e-001
1.738586e+003;1.375013e-001
1.739068e+003;1.372228e-001
1.739550e+003;1.369694e-001
1.740032e+003;1.367344e-001
1.740515e+003;1.365088e-001
1.740997e+003;1.362841e-001
1.741479e+003;1.360535e-001
1.741961e+003;1.358133e-001
1.742443e+003;1.355616e-001
1.742925e+003;1.352985e-001
1.743407e+003;1.350243e-001
1.743890e+003;1.347405e-001
1.744372e+003;1.344492e-001
1.744854e+003;1.341552e-001
1.745336e+003;1.338646e-001
1.745818e+003;1.335838e-001
1.746300e+003;1.333181e-001
1.746782e+003;1.330698e-001
1.747264e+003;1.328364e-001
1.747747e+003;1.326131e-001
1.748229e+003;1.323938e-001
1.748711e+003;1.321742e-001
1.749193e+003;1.319527e-001
1.749675e+003;1.317309e-001
1.750157e+003;1.315118e-001
1.750639e+003;1.312962e-001
1.751122e+003;1.310827e-001
1.751604e+003;1.308655e-001
1.752086e+003;1.306392e-001
1.752568e+003;1.303997e-001
1.753050e+003;1.301485e-001
1.753532e+003;1.298924e-001
1.754014e+003;1.296414e-001
1.754497e+003;1.294058e-001
1.754979e+003;1.291919e-001
1.755461e+003;1.290002e-001
1.755943e+003;1.288253e-001
1.756425e+003;1.286585e-001
1.756907e+003;1.284912e-001
1.757389e+003;1.283181e-001
1.757872e+003;1.281385e-001
1.758354e+003;1.279558e-001
1.758836e+003;1.277754e-001
1.759318e+003;1.276017e-001
1.759800e+003;1.274375e-001
1.760282e+003;1.272831e-001
1.760764e+003;1.271370e-001
1.761247e+003;1.269973e-001
1.761729e+003;1.268616e-001
1.762211e+003;1.267269e-001
1.762693e+003;1.265903e-001
1.763175e+003;1.264489e-001
1.763657e+003;1.263004e-001
1.764139e+003;1.261446e-001
1.764621e+003;1.259837e-001
1.765104e+003;1.258230e-001
1.765586e+003;1.256685e-001
1.766068e+003;1.255255e-001
1.766550e+003;1.253956e-001
1.767032e+003;1.252767e-001
1.767514e+003;1.251634e-001
1.767996e+003;1.250487e-001
1.768479e+003;1.249286e-001
1.768961e+003;1.248024e-001
1.769443e+003;1.246741e-001
1.769925e+003;1.245508e-001
1.770407e+003;1.244393e-001
1.770889e+003;1.243429e-001
1.771371e+003;1.242607e-001
1.771854e+003;1.241869e-001
1.772336e+003;1.241135e-001
1.772818e+003;1.240325e-001
1.773300e+003;1.239393e-001
1.773782e+003;1.238329e-001
1.774264e+003;1.237161e-001
1.774746e+003;1.235937e-001
1.775229e+003;1.234709e-001
1.775711e+003;1.233520e-001
1.776193e+003;1.232400e-001
1.776675e+003;1.231367e-001
1.777157e+003;1.230426e-001
1.777639e+003;1.229578e-001
1.778121e+003;1.228812e-001
1.778604e+003;1.228116e-001
1.779085e+003;1.227469e-001
1.779568e+003;1.226846e-001
1.780050e+003;1.226227e-001
1.780532e+003;1.225592e-001
1.781014e+003;1.224929e-001
1.781496e+003;1.224235e-001
1.781978e+003;1.223502e-001
1.782460e+003;1.222731e-001
1.782943e+003;1.221924e-001
1.783425e+003;1.221091e-001
1.783907e+003;1.220251e-001
1.784389e+003;1.219433e-001
1.784871e+003;1.218656e-001
1.785353e+003;1.217941e-001
1.785835e+003;1.217283e-001
1.786318e+003;1.216664e-001
1.786800e+003;1.216048e-001
1.787282e+003;1.215402e-001
1.787764e+003;1.214698e-001
1.788246e+003;1.213935e-001
1.788728e+003;1.213143e-001
1.789210e+003;1.212367e-001
1.789693e+003;1.211663e-001
1.790175e+003;1.211080e-001
1.790657e+003;1.210651e-001
1.791139e+003;1.210376e-001
1.791621e+003;1.210231e-001
1.792103e+003;1.210171e-001
1.792585e+003;1.210134e-001
1.793067e+003;1.210061e-001
1.793550e+003;1.209904e-001
1.794032e+003;1.209634e-001
1.794514e+003;1.209240e-001
1.794996e+003;1.208733e-001
1.795478e+003;1.208141e-001
1.795960e+003;1.207484e-001
1.796442e+003;1.206800e-001
1.796925e+003;1.206117e-001
1.797407e+003;1.205458e-001
1.797889e+003;1.204851e-001
1.798371e+003;1.204321e-001
1.798853e+003;1.203883e-001
1.799335e+003;1.203546e-001
1.799817e+003;1.203299e-001
1.800300e+003;1.203104e-001
1.800782e+003;1.202906e-001
1.801264e+003;1.202643e-001
1.801746e+003;1.202268e-001
1.802228e+003;1.201761e-001
1.802710e+003;1.201141e-001
1.803192e+003;1.200460e-001
1.803675e+003;1.199781e-001
1.804157e+003;1.199162e-001
1.804639e+003;1.198628e-001
1.805121e+003;1.198178e-001
1.805603e+003;1.197782e-001
1.806085e+003;1.197402e-001
1.806567e+003;1.197016e-001
1.807050e+003;1.196626e-001
1.807531e+003;1.196249e-001
1.808014e+003;1.195916e-001
1.808496e+003;1.195650e-001
1.808978e+003;1.195453e-001
1.809460e+003;1.195310e-001
1.809942e+003;1.195192e-001
1.810424e+003;1.195072e-001
1.810906e+003;1.194921e-001
1.811389e+003;1.194708e-001
1.811871e+003;1.194410e-001
1.812353e+003;1.193985e-001
1.812835e+003;1.193395e-001
1.813317e+003;1.192615e-001
1.813799e+003;1.191657e-001
1.814281e+003;1.190584e-001
1.814764e+003;1.189503e-001
1.815246e+003;1.188555e-001
1.815728e+003;1.187876e-001
1.816210e+003;1.187549e-001
1.816692e+003;1.187595e-001
1.817174e+003;1.187948e-001
1.817656e+003;1.188501e-001
1.818139e+003;1.189115e-001
1.818621e+003;1.189681e-001
1.819103e+003;1.190128e-001
1.819585e+003;1.190424e-001
1.820067e+003;1.190565e-001
1.820549e+003;1.190559e-001
1.821031e+003;1.190420e-001
1.821514e+003;1.190164e-001
1.821996e+003;1.189819e-001
1.822478e+003;1.189440e-001
1.822960e+003;1.189097e-001
1.823442e+003;1.188863e-001
1.823924e+003;1.188795e-001
1.824406e+003;1.188899e-001
1.824888e+003;1.189150e-001
1.825371e+003;1.189492e-001
1.825853e+003;1.189858e-001
1.826335e+003;1.190209e-001
1.826817e+003;1.190524e-001
1.827299e+003;1.190821e-001
1.827781e+003;1.191111e-001
1.828263e+003;1.191401e-001
1.828746e+003;1.191672e-001
1.829228e+003;1.191887e-001
1.829710e+003;1.192012e-001
1.830192e+003;1.192026e-001
1.830674e+003;1.191927e-001
1.831156e+003;1.191733e-001
1.831638e+003;1.191472e-001
1.832121e+003;1.191169e-001
1.832603e+003;1.190835e-001
1.833085e+003;1.190481e-001
1.833567e+003;1.190118e-001
1.834049e+003;1.189776e-001
1.834531e+003;1.189490e-001
1.835013e+003;1.189303e-001
1.835496e+003;1.189230e-001
1.835978e+003;1.189267e-001
1.836460e+003;1.189372e-001
1.836942e+003;1.189496e-001
1.837424e+003;1.189582e-001
1.837906e+003;1.189608e-001
1.838388e+003;1.189565e-001
1.838871e+003;1.189471e-001
1.839353e+003;1.189338e-001
1.839835e+003;1.189173e-001
1.840317e+003;1.188961e-001
1.840799e+003;1.188705e-001
1.841281e+003;1.188419e-001
1.841763e+003;1.188159e-001
1.842245e+003;1.188006e-001
1.842728e+003;1.188044e-001
1.843210e+003;1.188328e-001
1.843692e+003;1.188849e-001
1.844174e+003;1.189522e-001
1.844656e+003;1.190218e-001
1.845138e+003;1.190797e-001
1.845620e+003;1.191163e-001
1.846103e+003;1.191279e-001
1.846585e+003;1.191183e-001
1.847067e+003;1.190953e-001
1.847549e+003;1.190675e-001
1.848031e+003;1.190418e-001
1.848513e+003;1.190219e-001
1.848995e+003;1.190089e-001
1.849478e+003;1.190032e-001
1.849960e+003;1.190058e-001
1.850442e+003;1.190190e-001
1.850924e+003;1.190447e-001
1.851406e+003;1.190836e-001
1.851888e+003;1.191310e-001
1.852370e+003;1.191805e-001
1.852853e+003;1.192237e-001
1.853335e+003;1.192528e-001
1.853817e+003;1.192636e-001
1.854299e+003;1.192557e-001
1.854781e+003;1.192328e-001
1.855263e+003;1.192002e-001
1.855745e+003;1.191630e-001
1.856228e+003;1.191259e-001
1.856709e+003;1.190919e-001
1.857192e+003;1.190638e-001
1.857674e+003;1.190438e-001
1.858156e+003;1.190353e-001
1.858638e+003;1.190396e-001
1.859120e+003;1.190579e-001
1.859602e+003;1.190890e-001
1.860084e+003;1.191299e-001
1.860567e+003;1.191767e-001
1.861049e+003;1.192262e-001
1.861531e+003;1.192755e-001
1.862013e+003;1.193229e-001
1.862495e+003;1.193655e-001
1.862977e+003;1.194008e-001
1.863459e+003;1.194251e-001
1.863942e+003;1.194362e-001
1.864424e+003;1.194345e-001
1.864906e+003;1.194243e-001
1.865388e+003;1.194134e-001
1.865870e+003;1.194117e-001
1.866352e+003;1.194279e-001
1.866834e+003;1.194667e-001
1.867317e+003;1.195268e-001
1.867799e+003;1.196015e-001
1.868281e+003;1.196809e-001
1.868763e+003;1.197554e-001
1.869245e+003;1.198173e-001
1.869727e+003;1.198635e-001
1.870209e+003;1.198923e-001
1.870692e+003;1.199044e-001
1.871174e+003;1.199003e-001
1.871656e+003;1.198801e-001
1.872138e+003;1.198453e-001
1.872620e+003;1.198005e-001
1.873102e+003;1.197529e-001
1.873584e+003;1.197126e-001
1.874066e+003;1.196888e-001
1.874549e+003;1.196883e-001
1.875031e+003;1.197112e-001
1.875513e+003;1.197526e-001
1.875995e+003;1.198023e-001
1.876477e+003;1.198500e-001
1.876959e+003;1.198883e-001
1.877441e+003;1.199148e-001
1.877924e+003;1.199331e-001
1.878406e+003;1.199499e-001
1.878888e+003;1.199732e-001
1.879370e+003;1.200079e-001
1.879852e+003;1.200558e-001
1.880334e+003;1.201131e-001
1.880816e+003;1.201736e-001
1.881299e+003;1.202287e-001
1.881781e+003;1.202709e-001
1.882263e+003;1.202950e-001
1.882745e+003;1.202984e-001
1.883227e+003;1.202827e-001
1.883709e+003;1.202524e-001
1.884191e+003;1.202138e-001
1.884674e+003;1.201734e-001
1.885156e+003;1.201370e-001
1.885638e+003;1.201064e-001
1.886120e+003;1.200814e-001
1.886602e+003;1.200598e-001
1.887084e+003;1.200401e-001
1.887566e+003;1.200221e-001
1.888049e+003;1.200103e-001
1.888531e+003;1.200108e-001
1.889013e+003;1.200307e-001
1.889495e+003;1.200736e-001
1.889977e+003;1.201388e-001
1.890459e+003;1.202183e-001
1.890941e+003;1.203015e-001
1.891423e+003;1.203765e-001
1.891906e+003;1.204359e-001
1.892388e+003;1.204776e-001
1.892870e+003;1.205061e-001
1.893352e+003;1.205303e-001
1.893834e+003;1.205580e-001
1.894316e+003;1.205947e-001
1.894798e+003;1.206400e-001
1.895281e+003;1.206887e-001
1.895763e+003;1.207317e-001
1.896245e+003;1.207605e-001
1.896727e+003;1.207693e-001
1.897209e+003;1.207568e-001
1.897691e+003;1.207259e-001
1.898173e+003;1.206837e-001
1.898656e+003;1.206380e-001
1.899138e+003;1.205964e-001
1.899620e+003;1.205647e-001
1.900102e+003;1.205460e-001
1.900584e+003;1.205411e-001
1.901066e+003;1.205493e-001
1.901548e+003;1.205685e-001
1.902031e+003;1.205981e-001
1.902513e+003;1.206386e-001
1.902995e+003;1.206918e-001
1.903477e+003;1.207604e-001
1.903959e+003;1.208453e-001
1.904441e+003;1.209458e-001
1.904923e+003;1.210559e-001
1.905406e+003;1.211680e-001
1.905887e+003;1.212715e-001
1.906370e+003;1.213585e-001
1.906852e+003;1.214240e-001
1.907334e+003;1.214677e-001
1.907816e+003;1.214926e-001
1.908298e+003;1.215043e-001
1.908780e+003;1.215064e-001
1.909262e+003;1.215014e-001
1.909745e+003;1.214897e-001
1.910227e+003;1.214721e-001
1.910709e+003;1.214510e-001
1.911191e+003;1.214314e-001
1.911673e+003;1.214193e-001
1.912155e+003;1.214203e-001
1.912637e+003;1.214359e-001
1.913120e+003;1.214624e-001
1.913602e+003;1.214935e-001
1.914084e+003;1.215229e-001
1.914566e+003;1.215490e-001
1.915048e+003;1.215760e-001
1.915530e+003;1.216131e-001
1.916012e+003;1.216712e-001
1.916495e+003;1.217553e-001
1.916977e+003;1.218616e-001
1.917459e+003;1.219762e-001
1.917941e+003;1.220793e-001
1.918423e+003;1.221520e-001
1.918905e+003;1.221836e-001
1.919387e+003;1.221751e-001
1.919870e+003;1.221404e-001
1.920352e+003;1.220997e-001
1.920834e+003;1.220727e-001
1.921316e+003;1.220733e-001
1.921798e+003;1.221047e-001
1.922280e+003;1.221614e-001
1.922762e+003;1.222317e-001
1.923244e+003;1.223025e-001
1.923727e+003;1.223634e-001
1.924209e+003;1.224066e-001
1.924691e+003;1.224279e-001
1.925173e+003;1.224252e-001
1.925655e+003;1.223977e-001
1.926137e+003;1.223476e-001
1.926619e+003;1.222810e-001
1.927102e+003;1.222083e-001
1.927584e+003;1.221450e-001
1.928066e+003;1.221073e-001
1.928548e+003;1.221076e-001
1.929030e+003;1.221519e-001
1.929512e+003;1.222353e-001
1.929994e+003;1.223461e-001
1.930477e+003;1.224665e-001
1.930959e+003;1.225777e-001
1.931441e+003;1.226653e-001
1.931923e+003;1.227200e-001
1.932405e+003;1.227398e-001
1.932887e+003;1.227276e-001
1.933369e+003;1.226918e-001
1.933852e+003;1.226429e-001
1.934334e+003;1.225941e-001
1.934816e+003;1.225569e-001
1.935298e+003;1.225435e-001
1.935780e+003;1.225610e-001
1.936262e+003;1.226123e-001
1.936744e+003;1.226936e-001
1.937227e+003;1.227967e-001
1.937708e+003;1.229108e-001
1.938191e+003;1.230251e-001
1.938673e+003;1.231308e-001
1.939155e+003;1.232244e-001
1.939637e+003;1.233037e-001
1.940119e+003;1.233698e-001
1.940601e+003;1.234234e-001
1.941083e+003;1.234648e-001
1.941566e+003;1.234931e-001
1.942048e+003;1.235065e-001
1.942530e+003;1.235023e-001
1.943012e+003;1.234790e-001
1.943494e+003;1.234360e-001
1.943976e+003;1.233748e-001
1.944458e+003;1.232993e-001
1.944941e+003;1.232201e-001
1.945423e+003;1.231516e-001
1.945905e+003;1.231114e-001
1.946387e+003;1.231168e-001
1.946869e+003;1.231790e-001
1.947351e+003;1.232980e-001
1.947833e+003;1.234612e-001
1.948316e+003;1.236454e-001
1.948798e+003;1.238229e-001
1.949280e+003;1.239716e-001
1.949762e+003;1.240792e-001
1.950244e+003;1.241473e-001
1.950726e+003;1.241898e-001
1.951208e+003;1.242223e-001
1.951691e+003;1.242589e-001
1.952173e+003;1.243007e-001
1.952655e+003;1.243389e-001
1.953137e+003;1.243562e-001
1.953619e+003;1.243369e-001
1.954101e+003;1.242706e-001
1.954583e+003;1.241601e-001
1.955065e+003;1.240187e-001
1.955548e+003;1.238661e-001
1.956030e+003;1.237232e-001
1.956512e+003;1.236060e-001
1.956994e+003;1.235238e-001
1.957476e+003;1.234802e-001
1.957958e+003;1.234744e-001
1.958440e+003;1.235036e-001
1.958923e+003;1.235635e-001
1.959405e+003;1.236485e-001
1.959887e+003;1.237498e-001
1.960369e+003;1.238553e-001
1.960851e+003;1.239536e-001
1.961333e+003;1.240346e-001
1.961815e+003;1.240927e-001
1.962298e+003;1.241284e-001
1.962780e+003;1.241463e-001
1.963262e+003;1.241499e-001
1.963744e+003;1.241414e-001
1.964226e+003;1.241165e-001
1.964708e+003;1.240681e-001
1.965190e+003;1.239890e-001
1.965673e+003;1.238773e-001
1.966155e+003;1.237403e-001
1.966637e+003;1.235959e-001
1.967119e+003;1.234706e-001
1.967601e+003;1.233915e-001
1.968083e+003;1.233806e-001
1.968565e+003;1.234480e-001
1.969048e+003;1.235907e-001
1.969530e+003;1.237916e-001
1.970012e+003;1.240267e-001
1.970494e+003;1.242719e-001
1.970976e+003;1.245083e-001
1.971458e+003;1.247317e-001
1.971940e+003;1.249487e-001
1.972422e+003;1.251791e-001
1.972905e+003;1.254452e-001
1.973387e+003;1.257663e-001
1.973869e+003;1.261510e-001
1.974351e+003;1.265967e-001
1.974833e+003;1.270843e-001
1.975315e+003;1.275917e-001
1.975797e+003;1.280890e-001
1.976280e+003;1.285529e-001
1.976762e+003;1.289622e-001
1.977244e+003;1.293023e-001
1.977726e+003;1.295613e-001
1.978208e+003;1.297336e-001
1.978690e+003;1.298187e-001
1.979172e+003;1.298258e-001
1.979655e+003;1.297742e-001
1.980137e+003;1.296917e-001
1.980619e+003;1.296108e-001
1.981101e+003;1.295588e-001
1.981583e+003;1.295561e-001
1.982065e+003;1.296047e-001
1.982547e+003;1.296910e-001
1.983030e+003;1.297908e-001
1.983512e+003;1.298762e-001
1.983994e+003;1.299246e-001
1.984476e+003;1.299255e-001
1.984958e+003;1.298830e-001
1.985440e+003;1.298142e-001
1.985922e+003;1.297392e-001
1.986405e+003;1.296781e-001
1.986886e+003;1.296457e-001
1.987369e+003;1.296466e-001
1.987851e+003;1.296788e-001
1.988333e+003;1.297346e-001
1.988815e+003;1.298023e-001
1.989297e+003;1.298728e-001
1.989779e+003;1.299382e-001
1.990261e+003;1.299945e-001
1.990744e+003;1.300441e-001
1.991226e+003;1.300929e-001
1.991708e+003;1.301511e-001
1.992190e+003;1.302279e-001
1.992672e+003;1.303281e-001
1.993154e+003;1.304501e-001
1.993636e+003;1.305847e-001
1.994119e+003;1.307196e-001
1.994601e+003;1.308437e-001
1.995083e+003;1.309528e-001
1.995565e+003;1.310526e-001
1.996047e+003;1.311560e-001
1.996529e+003;1.312756e-001
1.997011e+003;1.314185e-001
1.997494e+003;1.315745e-001
1.997976e+003;1.317204e-001
1.998458e+003;1.318221e-001
1.998940e+003;1.318485e-001
1.999422e+003;1.317795e-001
1.999904e+003;1.316184e-001
2.000386e+003;1.313886e-001
2.000869e+003;1.311332e-001
2.001351e+003;1.308989e-001
2.001833e+003;1.307277e-001
2.002315e+003;1.306469e-001
2.002797e+003;1.306649e-001
2.003279e+003;1.307722e-001
2.003761e+003;1.309474e-001
2.004243e+003;1.311615e-001
2.004726e+003;1.313845e-001
2.005208e+003;1.315912e-001
2.005690e+003;1.317632e-001
2.006172e+003;1.318896e-001
2.006654e+003;1.319737e-001
2.007136e+003;1.320252e-001
2.007618e+003;1.320580e-001
2.008101e+003;1.320808e-001
2.008583e+003;1.320916e-001
2.009065e+003;1.320761e-001
2.009547e+003;1.320129e-001
2.010029e+003;1.318834e-001
2.010511e+003;1.316843e-001
2.010993e+003;1.314341e-001
2.011476e+003;1.311785e-001
2.011958e+003;1.309699e-001
2.012440e+003;1.308631e-001
2.012922e+003;1.308864e-001
2.013404e+003;1.310408e-001
2.013886e+003;1.312941e-001
2.014368e+003;1.315966e-001
2.014851e+003;1.318973e-001
2.015333e+003;1.321605e-001
2.015815e+003;1.323692e-001
2.016297e+003;1.325294e-001
2.016779e+003;1.326534e-001
2.017261e+003;1.327530e-001
2.017743e+003;1.328301e-001
2.018226e+003;1.328792e-001
2.018708e+003;1.328910e-001
2.019190e+003;1.328647e-001
2.019672e+003;1.328070e-001
2.020154e+003;1.327364e-001
2.020636e+003;1.326723e-001
2.021118e+003;1.326299e-001
2.021600e+003;1.326154e-001
2.022083e+003;1.326291e-001
2.022565e+003;1.326698e-001
2.023047e+003;1.327428e-001
2.023529e+003;1.328606e-001
2.024011e+003;1.330379e-001
2.024493e+003;1.332825e-001
2.024975e+003;1.335833e-001
2.025458e+003;1.339083e-001
2.025940e+003;1.342102e-001
2.026422e+003;1.344406e-001
2.026904e+003;1.345652e-001
2.027386e+003;1.345772e-001
2.027868e+003;1.345020e-001
2.028350e+003;1.343862e-001
2.028833e+003;1.342853e-001
2.029315e+003;1.342428e-001
2.029797e+003;1.342843e-001
2.030279e+003;1.344086e-001
2.030761e+003;1.345994e-001
2.031243e+003;1.348286e-001
2.031725e+003;1.350713e-001
2.032208e+003;1.353075e-001
2.032690e+003;1.355228e-001
2.033172e+003;1.357094e-001
2.033654e+003;1.358627e-001
2.034136e+003;1.359839e-001
2.034618e+003;1.360787e-001
2.035100e+003;1.361593e-001
2.035583e+003;1.362420e-001
2.036064e+003;1.363452e-001
2.036547e+003;1.364799e-001
2.037029e+003;1.366493e-001
2.037511e+003;1.368442e-001
2.037993e+003;1.370511e-001
2.038475e+003;1.372535e-001
2.038957e+003;1.374398e-001
2.039439e+003;1.376055e-001
2.039922e+003;1.377523e-001
2.040404e+003;1.378837e-001
2.040886e+003;1.379993e-001
2.041368e+003;1.380945e-001
2.041850e+003;1.381584e-001
2.042332e+003;1.381814e-001
2.042814e+003;1.381558e-001
2.043297e+003;1.380870e-001
2.043779e+003;1.379906e-001
2.044261e+003;1.378912e-001
2.044743e+003;1.378191e-001
2.045225e+003;1.378046e-001
2.045707e+003;1.378708e-001
2.046189e+003;1.380317e-001
2.046672e+003;1.382886e-001
2.047154e+003;1.386323e-001
2.047636e+003;1.390384e-001
2.048118e+003;1.394711e-001
2.048600e+003;1.398885e-001
2.049082e+003;1.402462e-001
2.049564e+003;1.405080e-001
2.050047e+003;1.406519e-001
2.050529e+003;1.406753e-001
2.051011e+003;1.405963e-001
2.051493e+003;1.404500e-001
2.051975e+003;1.402794e-001
2.052457e+003;1.401286e-001
2.052939e+003;1.400327e-001
2.053421e+003;1.400121e-001
2.053904e+003;1.400680e-001
2.054386e+003;1.401830e-001
2.054868e+003;1.403301e-001
2.055350e+003;1.404795e-001
2.055832e+003;1.406069e-001
2.056314e+003;1.406995e-001
2.056796e+003;1.407570e-001
2.057279e+003;1.407877e-001
2.057761e+003;1.408043e-001
2.058243e+003;1.408155e-001
2.058725e+003;1.408277e-001
2.059207e+003;1.408405e-001
2.059689e+003;1.408520e-001
2.060171e+003;1.408599e-001
2.060654e+003;1.408674e-001
2.061136e+003;1.408805e-001
2.061618e+003;1.409104e-001
2.062100e+003;1.409664e-001
2.062582e+003;1.410572e-001
2.063064e+003;1.411849e-001
2.063546e+003;1.413473e-001
2.064029e+003;1.415371e-001
2.064511e+003;1.417462e-001
2.064993e+003;1.419639e-001
2.065475e+003;1.421802e-001
2.065957e+003;1.423841e-001
2.066439e+003;1.425636e-001
2.066921e+003;1.427091e-001
2.067404e+003;1.428147e-001
2.067885e+003;1.428802e-001
2.068368e+003;1.429139e-001
2.068850e+003;1.429306e-001
2.069332e+003;1.429486e-001
2.069814e+003;1.429831e-001
2.070296e+003;1.430417e-001
2.070778e+003;1.431220e-001
2.071260e+003;1.432111e-001
2.071743e+003;1.432937e-001
2.072225e+003;1.433548e-001
2.072707e+003;1.433895e-001
2.073189e+003;1.434021e-001
2.073671e+003;1.434057e-001
2.074153e+003;1.434188e-001
2.074635e+003;1.434560e-001
2.075118e+003;1.435256e-001
2.075600e+003;1.436261e-001
2.076082e+003;1.437497e-001
2.076564e+003;1.438849e-001
2.077046e+003;1.440209e-001
2.077528e+003;1.441489e-001
2.078010e+003;1.442646e-001
2.078493e+003;1.443657e-001
2.078975e+003;1.444492e-001
2.079457e+003;1.445125e-001
2.079939e+003;1.445534e-001
2.080421e+003;1.445727e-001
2.080903e+003;1.445746e-001
2.081385e+003;1.445685e-001
2.081868e+003;1.445663e-001
2.082350e+003;1.445800e-001
2.082832e+003;1.446165e-001
2.083314e+003;1.446773e-001
2.083796e+003;1.447567e-001
2.084278e+003;1.448440e-001
2.084760e+003;1.449261e-001
2.085242e+003;1.449925e-001
2.085725e+003;1.450370e-001
2.086207e+003;1.450592e-001
2.086689e+003;1.450637e-001
2.087171e+003;1.450580e-001
2.087653e+003;1.450505e-001
2.088135e+003;1.450482e-001
2.088617e+003;1.450544e-001
2.089100e+003;1.450692e-001
2.089582e+003;1.450887e-001
2.090064e+003;1.451065e-001
2.090546e+003;1.451157e-001
2.091028e+003;1.451095e-001
2.091510e+003;1.450850e-001
2.091992e+003;1.450423e-001
2.092475e+003;1.449870e-001
2.092957e+003;1.449264e-001
2.093439e+003;1.448710e-001
2.093921e+003;1.448308e-001
2.094403e+003;1.448126e-001
2.094885e+003;1.448216e-001
2.095367e+003;1.448584e-001
2.095850e+003;1.449217e-001
2.096332e+003;1.450071e-001
2.096814e+003;1.451088e-001
2.097296e+003;1.452196e-001
2.097778e+003;1.453325e-001
2.098260e+003;1.454401e-001
2.098742e+003;1.455378e-001
2.099225e+003;1.456238e-001
2.099707e+003;1.457019e-001
2.100189e+003;1.457798e-001
2.100671e+003;1.458676e-001
2.101153e+003;1.459729e-001
2.101635e+003;1.460991e-001
2.102117e+003;1.462405e-001
2.102599e+003;1.463844e-001
2.103082e+003;1.465121e-001
2.103564e+003;1.466048e-001
2.104046e+003;1.466492e-001
2.104528e+003;1.466402e-001
2.105010e+003;1.465873e-001
2.105492e+003;1.465086e-001
2.105974e+003;1.464283e-001
2.106457e+003;1.463707e-001
2.106939e+003;1.463532e-001
2.107421e+003;1.463835e-001
2.107903e+003;1.464571e-001
2.108385e+003;1.465583e-001
2.108867e+003;1.466686e-001
2.109349e+003;1.467688e-001
2.109832e+003;1.468455e-001
2.110314e+003;1.468939e-001
2.110796e+003;1.469190e-001
2.111278e+003;1.469299e-001
2.111760e+003;1.469376e-001
2.112242e+003;1.469483e-001
2.112724e+003;1.469627e-001
2.113207e+003;1.469733e-001
2.113689e+003;1.469686e-001
2.114171e+003;1.469387e-001
2.114653e+003;1.468773e-001
2.115135e+003;1.467863e-001
2.115617e+003;1.466747e-001
2.116099e+003;1.465566e-001
2.116582e+003;1.464466e-001
2.117063e+003;1.463568e-001
2.117546e+003;1.462955e-001
2.118028e+003;1.462652e-001
2.118510e+003;1.462664e-001
2.118992e+003;1.462970e-001
2.119474e+003;1.463542e-001
2.119956e+003;1.464308e-001
2.120438e+003;1.465170e-001
2.120921e+003;1.465963e-001
2.121403e+003;1.466492e-001
2.121885e+003;1.466566e-001
2.122367e+003;1.466061e-001
2.122849e+003;1.464974e-001
2.123331e+003;1.463445e-001
2.123813e+003;1.461718e-001
2.124296e+003;1.460097e-001
2.124778e+003;1.458837e-001
2.125260e+003;1.458071e-001
2.125742e+003;1.457788e-001
2.126224e+003;1.457842e-001
2.126706e+003;1.458013e-001
2.127188e+003;1.458101e-001
2.127671e+003;1.457969e-001
2.128153e+003;1.457570e-001
2.128635e+003;1.456925e-001
2.129117e+003;1.456075e-001
2.129599e+003;1.455011e-001
2.130081e+003;1.453698e-001
2.130563e+003;1.452086e-001
2.131046e+003;1.450167e-001
2.131528e+003;1.448024e-001
2.132010e+003;1.445870e-001
2.132492e+003;1.443987e-001
2.132974e+003;1.442645e-001
2.133456e+003;1.442027e-001
2.133938e+003;1.442117e-001
2.134420e+003;1.442714e-001
2.134903e+003;1.443503e-001
2.135385e+003;1.444148e-001
2.135867e+003;1.444442e-001
2.136349e+003;1.444336e-001
2.136831e+003;1.443947e-001
2.137313e+003;1.443477e-001
2.137795e+003;1.443136e-001
2.138278e+003;1.443014e-001
2.138760e+003;1.443089e-001
2.139242e+003;1.443221e-001
2.139724e+003;1.443267e-001
2.140206e+003;1.443084e-001
2.140688e+003;1.442617e-001
2.141170e+003;1.441881e-001
2.141653e+003;1.440903e-001
2.142135e+003;1.439697e-001
2.142617e+003;1.438222e-001
2.143099e+003;1.436415e-001
2.143581e+003;1.434229e-001
2.144063e+003;1.431678e-001
2.144545e+003;1.428879e-001
2.145028e+003;1.426027e-001
2.145510e+003;1.423358e-001
2.145992e+003;1.421059e-001
2.146474e+003;1.419233e-001
2.146956e+003;1.417882e-001
2.147438e+003;1.416947e-001
2.147920e+003;1.416352e-001
2.148403e+003;1.416052e-001
2.148885e+003;1.416055e-001
2.149367e+003;1.416382e-001
2.149849e+003;1.417034e-001
2.150331e+003;1.417906e-001
2.150813e+003;1.418797e-001
2.151295e+003;1.419462e-001
2.151777e+003;1.419635e-001
2.152260e+003;1.419133e-001
2.152742e+003;1.417874e-001
2.153224e+003;1.415896e-001
2.153706e+003;1.413296e-001
2.154188e+003;1.410198e-001
2.154670e+003;1.406690e-001
2.155152e+003;1.402897e-001
2.155635e+003;1.398994e-001
2.156117e+003;1.395279e-001
2.156599e+003;1.392243e-001
2.157081e+003;1.390480e-001
2.157563e+003;1.390515e-001
2.158045e+003;1.392643e-001
2.158527e+003;1.396715e-001
2.159010e+003;1.402177e-001
2.159492e+003;1.408180e-001
2.159974e+003;1.413868e-001
2.160456e+003;1.418664e-001
2.160938e+003;1.422365e-001
2.161420e+003;1.425096e-001
2.161902e+003;1.427190e-001
2.162385e+003;1.428978e-001
2.162867e+003;1.430713e-001
2.163349e+003;1.432511e-001
2.163831e+003;1.434393e-001
2.164313e+003;1.436347e-001
2.164795e+003;1.438376e-001
2.165277e+003;1.440503e-001
2.165760e+003;1.442703e-001
2.166241e+003;1.444870e-001
2.166724e+003;1.446785e-001
2.167206e+003;1.448145e-001
2.167688e+003;1.448638e-001
2.168170e+003;1.448073e-001
2.168652e+003;1.446449e-001
2.169134e+003;1.443929e-001
2.169616e+003;1.440803e-001
2.170099e+003;1.437352e-001
2.170581e+003;1.433782e-001
2.171063e+003;1.430129e-001
2.171545e+003;1.426366e-001
2.172027e+003;1.422462e-001
2.172509e+003;1.418548e-001
2.172991e+003;1.414970e-001
2.173474e+003;1.412278e-001
2.173956e+003;1.411053e-001
2.174438e+003;1.411734e-001
2.174920e+003;1.414386e-001
2.175402e+003;1.418620e-001
2.175884e+003;1.423624e-001
2.176366e+003;1.428398e-001
2.176849e+003;1.432025e-001
2.177331e+003;1.433927e-001
2.177813e+003;1.434011e-001
2.178295e+003;1.432683e-001
2.178777e+003;1.430656e-001
2.179259e+003;1.428773e-001
2.179741e+003;1.427722e-001
2.180223e+003;1.427894e-001
2.180706e+003;1.429344e-001
2.181188e+003;1.431817e-001
2.181670e+003;1.434869e-001
2.182152e+003;1.438074e-001
2.182634e+003;1.441061e-001
2.183116e+003;1.443602e-001
2.183598e+003;1.445580e-001
2.184081e+003;1.446954e-001
2.184563e+003;1.447691e-001
2.185045e+003;1.447778e-001
2.185527e+003;1.447203e-001
2.186009e+003;1.446038e-001
2.186491e+003;1.444414e-001
2.186973e+003;1.442549e-001
2.187456e+003;1.440692e-001
2.187938e+003;1.439063e-001
2.188420e+003;1.437795e-001
2.188902e+003;1.436910e-001
2.189384e+003;1.436291e-001
2.189866e+003;1.435794e-001
2.190348e+003;1.435288e-001
2.190831e+003;1.434712e-001
2.191313e+003;1.434098e-001
2.191795e+003;1.433587e-001
2.192277e+003;1.433318e-001
2.192759e+003;1.433411e-001
2.193241e+003;1.433866e-001
2.193723e+003;1.434594e-001
2.194206e+003;1.435397e-001
2.194688e+003;1.436056e-001
2.195170e+003;1.436367e-001
2.195652e+003;1.436209e-001
2.196134e+003;1.435572e-001
2.196616e+003;1.434532e-001
2.197098e+003;1.433224e-001
2.197580e+003;1.431841e-001
2.198063e+003;1.430507e-001
2.198545e+003;1.429347e-001
2.199027e+003;1.428377e-001
2.199509e+003;1.427593e-001
2.199991e+003;1.426894e-001
2.200473e+003;1.426183e-001
2.200955e+003;1.425330e-001
2.201438e+003;1.424286e-001
2.201920e+003;1.423045e-001
2.202402e+003;1.421693e-001
2.202884e+003;1.420384e-001
2.203366e+003;1.419296e-001
2.203848e+003;1.418574e-001
2.204330e+003;1.418303e-001
2.204813e+003;1.418458e-001
2.205295e+003;1.418934e-001
2.205777e+003;1.419572e-001
2.206259e+003;1.420234e-001
2.206741e+003;1.420835e-001
2.207223e+003;1.421366e-001
2.207705e+003;1.421904e-001
2.208188e+003;1.422533e-001
2.208670e+003;1.423317e-001
2.209152e+003;1.424254e-001
2.209634e+003;1.425263e-001
2.210116e+003;1.426180e-001
2.210598e+003;1.426835e-001
2.211080e+003;1.427044e-001
2.211563e+003;1.426705e-001
2.212044e+003;1.425768e-001
2.212527e+003;1.424285e-001
2.213009e+003;1.422381e-001
2.213491e+003;1.420264e-001
2.213973e+003;1.418170e-001
2.214455e+003;1.416342e-001
2.214937e+003;1.414992e-001
2.215419e+003;1.414222e-001
2.215902e+003;1.414044e-001
2.216384e+003;1.414338e-001
2.216866e+003;1.414910e-001
2.217348e+003;1.415533e-001
2.217830e+003;1.415994e-001
2.218312e+003;1.416163e-001
2.218794e+003;1.416002e-001
2.219277e+003;1.415523e-001
2.219759e+003;1.414800e-001
2.220241e+003;1.413896e-001
2.220723e+003;1.412878e-001
2.221205e+003;1.411810e-001
2.221687e+003;1.410768e-001
2.222169e+003;1.409875e-001
2.222652e+003;1.409249e-001
2.223134e+003;1.408990e-001
2.223616e+003;1.409136e-001
2.224098e+003;1.409619e-001
2.224580e+003;1.410256e-001
2.225062e+003;1.410826e-001
2.225544e+003;1.411110e-001
2.226027e+003;1.410997e-001
2.226509e+003;1.410489e-001
2.226991e+003;1.409719e-001
2.227473e+003;1.408871e-001
2.227955e+003;1.408083e-001
2.228437e+003;1.407431e-001
2.228919e+003;1.406852e-001
2.229401e+003;1.406216e-001
2.229884e+003;1.405392e-001
2.230366e+003;1.404341e-001
2.230848e+003;1.403122e-001
2.231330e+003;1.401905e-001
2.231812e+003;1.400909e-001
2.232294e+003;1.400309e-001
2.232776e+003;1.400180e-001
2.233259e+003;1.400458e-001
2.233741e+003;1.401002e-001
2.234223e+003;1.401629e-001
2.234705e+003;1.402194e-001
2.235187e+003;1.402646e-001
2.235669e+003;1.402996e-001
2.236151e+003;1.403330e-001
2.236634e+003;1.403711e-001
2.237116e+003;1.404171e-001
2.237598e+003;1.404662e-001
2.238080e+003;1.405099e-001
2.238562e+003;1.405381e-001
2.239044e+003;1.405442e-001
2.239526e+003;1.405272e-001
2.240009e+003;1.404909e-001
2.240491e+003;1.404436e-001
2.240973e+003;1.403916e-001
2.241455e+003;1.403384e-001
2.241937e+003;1.402803e-001
2.242419e+003;1.402093e-001
2.242901e+003;1.401151e-001
2.243384e+003;1.399903e-001
2.243865e+003;1.398347e-001
2.244348e+003;1.396575e-001
2.244830e+003;1.394779e-001
2.245312e+003;1.393190e-001
2.245794e+003;1.392052e-001
2.246276e+003;1.391518e-001
2.246758e+003;1.391627e-001
2.247240e+003;1.392263e-001
2.247723e+003;1.393185e-001
2.248205e+003;1.394075e-001
2.248687e+003;1.394629e-001
2.249169e+003;1.394626e-001
2.249651e+003;1.393978e-001
2.250133e+003;1.392744e-001
2.250615e+003;1.391100e-001
2.251098e+003;1.389286e-001
2.251580e+003;1.387557e-001
2.252062e+003;1.386131e-001
2.252544e+003;1.385162e-001
2.253026e+003;1.384716e-001
2.253508e+003;1.384784e-001
2.253990e+003;1.385289e-001
2.254473e+003;1.386091e-001
2.254955e+003;1.387020e-001
2.255437e+003;1.387898e-001
2.255919e+003;1.388580e-001
2.256401e+003;1.388980e-001
2.256883e+003;1.389088e-001
2.257365e+003;1.388972e-001
2.257848e+003;1.388742e-001
2.258330e+003;1.388495e-001
2.258812e+003;1.388275e-001
2.259294e+003;1.388073e-001
2.259776e+003;1.387793e-001
2.260258e+003;1.387337e-001
2.260740e+003;1.386627e-001
2.261222e+003;1.385670e-001
2.261705e+003;1.384545e-001
2.262187e+003;1.383419e-001
2.262669e+003;1.382467e-001
2.263151e+003;1.381829e-001
2.263633e+003;1.381579e-001
2.264115e+003;1.381702e-001
2.264597e+003;1.382107e-001
2.265080e+003;1.382678e-001
2.265562e+003;1.383280e-001
2.266044e+003;1.383810e-001
2.266526e+003;1.384176e-001
2.267008e+003;1.384327e-001
2.267490e+003;1.384220e-001
2.267972e+003;1.383848e-001
2.268455e+003;1.383234e-001
2.268937e+003;1.382435e-001
2.269419e+003;1.381550e-001
2.269901e+003;1.380696e-001
2.270383e+003;1.379979e-001
2.270865e+003;1.379471e-001
2.271347e+003;1.379197e-001
2.271830e+003;1.379124e-001
2.272312e+003;1.379199e-001
2.272794e+003;1.379347e-001
2.273276e+003;1.379514e-001
2.273758e+003;1.379661e-001
2.274240e+003;1.379768e-001
2.274722e+003;1.379839e-001
2.275205e+003;1.379873e-001
2.275687e+003;1.379886e-001
2.276169e+003;1.379888e-001
2.276651e+003;1.379926e-001
2.277133e+003;1.380036e-001
2.277615e+003;1.380254e-001
2.278097e+003;1.380582e-001
2.278579e+003;1.380990e-001
2.279062e+003;1.381398e-001
2.279544e+003;1.381702e-001
2.280026e+003;1.381820e-001
2.280508e+003;1.381712e-001
2.280990e+003;1.381412e-001
2.281472e+003;1.381019e-001
2.281954e+003;1.380670e-001
2.282437e+003;1.380488e-001
2.282919e+003;1.380554e-001
2.283401e+003;1.380873e-001
2.283883e+003;1.381376e-001
2.284365e+003;1.381936e-001
2.284847e+003;1.382416e-001
2.285329e+003;1.382689e-001
2.285812e+003;1.382676e-001
2.286294e+003;1.382343e-001
2.286776e+003;1.381701e-001
2.287258e+003;1.380803e-001
2.287740e+003;1.379726e-001
2.288222e+003;1.378563e-001
2.288704e+003;1.377399e-001
2.289187e+003;1.376314e-001
2.289669e+003;1.375349e-001
2.290151e+003;1.374527e-001
2.290633e+003;1.373820e-001
2.291115e+003;1.373180e-001
2.291597e+003;1.372556e-001
2.292079e+003;1.371895e-001
2.292562e+003;1.371180e-001
2.293043e+003;1.370423e-001
2.293526e+003;1.369660e-001
2.294008e+003;1.368946e-001
2.294490e+003;1.368325e-001
2.294972e+003;1.367835e-001
2.295454e+003;1.367499e-001
2.295936e+003;1.367313e-001
2.296418e+003;1.367254e-001
2.296901e+003;1.367293e-001
2.297383e+003;1.367364e-001
2.297865e+003;1.367405e-001
2.298347e+003;1.367335e-001
2.298829e+003;1.367088e-001
2.299311e+003;1.366625e-001
2.299793e+003;1.365957e-001
2.300276e+003;1.365143e-001
2.300758e+003;1.364290e-001
2.301240e+003;1.363511e-001
2.301722e+003;1.362923e-001
2.302204e+003;1.362585e-001
2.302686e+003;1.362500e-001
2.303168e+003;1.362611e-001
2.303651e+003;1.362828e-001
2.304133e+003;1.363036e-001
2.304615e+003;1.363139e-001
2.305097e+003;1.363065e-001
2.305579e+003;1.362784e-001
2.306061e+003;1.362291e-001
2.306543e+003;1.361629e-001
2.307026e+003;1.360850e-001
2.307508e+003;1.360044e-001
2.307990e+003;1.359296e-001
2.308472e+003;1.358697e-001
2.308954e+003;1.358309e-001
2.309436e+003;1.358158e-001
2.309918e+003;1.358220e-001
2.310400e+003;1.358421e-001
2.310883e+003;1.358664e-001
2.311365e+003;1.358857e-001
2.311847e+003;1.358938e-001
2.312329e+003;1.358906e-001
2.312811e+003;1.358802e-001
2.313293e+003;1.358706e-001
2.313775e+003;1.358703e-001
2.314258e+003;1.358843e-001
2.314740e+003;1.359131e-001
2.315222e+003;1.359523e-001
2.315704e+003;1.359934e-001
2.316186e+003;1.360274e-001
2.316668e+003;1.360468e-001
2.317150e+003;1.360464e-001
2.317633e+003;1.360269e-001
2.318115e+003;1.359921e-001
2.318597e+003;1.359497e-001
2.319079e+003;1.359095e-001
2.319561e+003;1.358830e-001
2.320043e+003;1.358790e-001
2.320525e+003;1.359029e-001
2.321008e+003;1.359544e-001
2.321490e+003;1.360254e-001
2.321972e+003;1.361005e-001
2.322454e+003;1.361595e-001
2.322936e+003;1.361815e-001
2.323418e+003;1.361509e-001
2.323900e+003;1.360596e-001
2.324383e+003;1.359106e-001
2.324865e+003;1.357157e-001
2.325347e+003;1.354945e-001
2.325829e+003;1.352660e-001
2.326311e+003;1.350487e-001
2.326793e+003;1.348542e-001
2.327275e+003;1.346870e-001
2.327757e+003;1.345460e-001
2.328240e+003;1.344263e-001
2.328722e+003;1.343222e-001
2.329204e+003;1.342307e-001
2.329686e+003;1.341500e-001
2.330168e+003;1.340812e-001
2.330650e+003;1.340255e-001
2.331132e+003;1.339829e-001
2.331615e+003;1.339508e-001
2.332097e+003;1.339264e-001
2.332579e+003;1.339047e-001
2.333061e+003;1.338832e-001
2.333543e+003;1.338588e-001
2.334025e+003;1.338321e-001
2.334507e+003;1.338042e-001
2.334990e+003;1.337757e-001
2.335472e+003;1.337478e-001
2.335954e+003;1.337203e-001
2.336436e+003;1.336931e-001
2.336918e+003;1.336665e-001
2.337400e+003;1.336412e-001
2.337882e+003;1.336191e-001
2.338365e+003;1.336017e-001
2.338847e+003;1.335900e-001
2.339329e+003;1.335842e-001
2.339811e+003;1.335826e-001
2.340293e+003;1.335828e-001
2.340775e+003;1.335824e-001
2.341257e+003;1.335782e-001
2.341740e+003;1.335686e-001
2.342221e+003;1.335525e-001
2.342704e+003;1.335285e-001
2.343186e+003;1.334968e-001
2.343668e+003;1.334572e-001
2.344150e+003;1.334102e-001
2.344632e+003;1.333586e-001
2.345114e+003;1.333053e-001
2.345596e+003;1.332548e-001
2.346079e+003;1.332087e-001
2.346561e+003;1.331695e-001
2.347043e+003;1.331355e-001
2.347525e+003;1.331037e-001
2.348007e+003;1.330697e-001
2.348489e+003;1.330305e-001
2.348971e+003;1.329842e-001
2.349454e+003;1.329323e-001
2.349936e+003;1.328772e-001
2.350418e+003;1.328237e-001
2.350900e+003;1.327741e-001
2.351382e+003;1.327293e-001
2.351864e+003;1.326880e-001
2.352346e+003;1.326477e-001
2.352829e+003;1.326058e-001
2.353311e+003;1.325619e-001
2.353793e+003;1.325175e-001
2.354275e+003;1.324762e-001
2.354757e+003;1.324407e-001
2.355239e+003;1.324135e-001
2.355721e+003;1.323945e-001
2.356204e+003;1.323812e-001
2.356686e+003;1.323703e-001
2.357168e+003;1.323588e-001
2.357650e+003;1.323448e-001
2.358132e+003;1.323277e-001
2.358614e+003;1.323081e-001
2.359096e+003;1.322859e-001
2.359578e+003;1.322600e-001
2.360061e+003;1.322277e-001
2.360543e+003;1.321854e-001
2.361025e+003;1.321312e-001
2.361507e+003;1.320651e-001
2.361989e+003;1.319905e-001
2.362471e+003;1.319134e-001
2.362953e+003;1.318402e-001
2.363436e+003;1.317763e-001
2.363918e+003;1.317242e-001
2.364400e+003;1.316822e-001
2.364882e+003;1.316458e-001
2.365364e+003;1.316098e-001
2.365846e+003;1.315689e-001
2.366328e+003;1.315220e-001
2.366811e+003;1.314703e-001
2.367293e+003;1.314197e-001
2.367775e+003;1.313760e-001
2.368257e+003;1.313456e-001
2.368739e+003;1.313317e-001
2.369221e+003;1.313347e-001
2.369703e+003;1.313502e-001
2.370186e+003;1.313718e-001
2.370668e+003;1.313917e-001
2.371150e+003;1.314026e-001
2.371632e+003;1.314002e-001
2.372114e+003;1.313824e-001
2.372596e+003;1.313508e-001
2.373078e+003;1.313107e-001
2.373561e+003;1.312677e-001
2.374042e+003;1.312286e-001
2.374525e+003;1.311981e-001
2.375007e+003;1.311788e-001
2.375489e+003;1.311700e-001
2.375971e+003;1.311695e-001
2.376453e+003;1.311727e-001
2.376935e+003;1.311753e-001
2.377417e+003;1.311737e-001
2.377900e+003;1.311656e-001
2.378382e+003;1.311511e-001
2.378864e+003;1.311313e-001
2.379346e+003;1.311091e-001
2.379828e+003;1.310863e-001
2.380310e+003;1.310658e-001
2.380792e+003;1.310474e-001
2.381275e+003;1.310304e-001
2.381757e+003;1.310136e-001
2.382239e+003;1.309957e-001
2.382721e+003;1.309764e-001
2.383203e+003;1.309569e-001
2.383685e+003;1.309403e-001
2.384167e+003;1.309293e-001
2.384650e+003;1.309261e-001
2.385132e+003;1.309313e-001
2.385614e+003;1.309419e-001
2.386096e+003;1.309527e-001
2.386578e+003;1.309589e-001
2.387060e+003;1.309548e-001
2.387542e+003;1.309388e-001
2.388025e+003;1.309116e-001
2.388507e+003;1.308762e-001
2.388989e+003;1.308370e-001
2.389471e+003;1.307982e-001
2.389953e+003;1.307607e-001
2.390435e+003;1.307237e-001
2.390917e+003;1.306865e-001
2.391399e+003;1.306479e-001
2.391882e+003;1.306085e-001
2.392364e+003;1.305715e-001
2.392846e+003;1.305410e-001
2.393328e+003;1.305202e-001
2.393810e+003;1.305103e-001
2.394292e+003;1.305088e-001
2.394774e+003;1.305109e-001
2.395257e+003;1.305106e-001
2.395739e+003;1.305036e-001
2.396221e+003;1.304872e-001
2.396703e+003;1.304637e-001
2.397185e+003;1.304358e-001
2.397667e+003;1.304089e-001
2.398149e+003;1.303867e-001
2.398632e+003;1.303709e-001
2.399114e+003;1.303610e-001
2.399596e+003;1.303553e-001
2.400078e+003;1.303513e-001
2.400560e+003;1.303459e-001
2.401042e+003;1.303373e-001
2.401524e+003;1.303235e-001
2.402007e+003;1.303033e-001
2.402489e+003;1.302773e-001
2.402971e+003;1.302465e-001
2.403453e+003;1.302148e-001
2.403935e+003;1.301883e-001
2.404417e+003;1.301730e-001
2.404899e+003;1.301746e-001
2.405382e+003;1.301954e-001
2.405864e+003;1.302332e-001
2.406346e+003;1.302805e-001
2.406828e+003;1.303270e-001
2.407310e+003;1.303607e-001
2.407792e+003;1.303724e-001
2.408274e+003;1.303570e-001
2.408756e+003;1.303151e-001
2.409239e+003;1.302525e-001
2.409721e+003;1.301787e-001
2.410203e+003;1.301049e-001
2.410685e+003;1.300407e-001
2.411167e+003;1.299930e-001
2.411649e+003;1.299648e-001
2.412131e+003;1.299547e-001
2.412614e+003;1.299578e-001
2.413096e+003;1.299675e-001
2.413578e+003;1.299763e-001
2.414060e+003;1.299795e-001
2.414542e+003;1.299745e-001
2.415024e+003;1.299635e-001
2.415506e+003;1.299512e-001
2.415989e+003;1.299446e-001
2.416471e+003;1.299496e-001
2.416953e+003;1.299701e-001
2.417435e+003;1.300057e-001
2.417917e+003;1.300521e-001
2.418399e+003;1.301018e-001
2.418881e+003;1.301471e-001
2.419364e+003;1.301807e-001
2.419846e+003;1.301980e-001
2.420328e+003;1.301972e-001
2.420810e+003;1.301801e-001
2.421292e+003;1.301501e-001
2.421774e+003;1.301128e-001
2.422256e+003;1.300730e-001
2.422739e+003;1.300360e-001
2.423220e+003;1.300049e-001
2.423703e+003;1.299813e-001
2.424185e+003;1.299633e-001
2.424667e+003;1.299483e-001
2.425149e+003;1.299319e-001
2.425631e+003;1.299104e-001
2.426113e+003;1.298826e-001
2.426595e+003;1.298488e-001
2.427078e+003;1.298123e-001
2.427560e+003;1.297779e-001
2.428042e+003;1.297494e-001
2.428524e+003;1.297292e-001
2.429006e+003;1.297178e-001
2.429488e+003;1.297138e-001
2.429970e+003;1.297154e-001
2.430453e+003;1.297196e-001
2.430935e+003;1.297258e-001
2.431417e+003;1.297316e-001
2.431899e+003;1.297354e-001
2.432381e+003;1.297345e-001
2.432863e+003;1.297267e-001
2.433345e+003;1.297108e-001
2.433828e+003;1.296883e-001
2.434310e+003;1.296650e-001
2.434792e+003;1.296491e-001
2.435274e+003;1.296496e-001
2.435756e+003;1.296735e-001
2.436238e+003;1.297219e-001
2.436720e+003;1.297920e-001
2.437203e+003;1.298747e-001
2.437685e+003;1.299595e-001
2.438167e+003;1.300354e-001
2.438649e+003;1.300948e-001
2.439131e+003;1.301332e-001
2.439613e+003;1.301493e-001
2.440095e+003;1.301447e-001
2.440577e+003;1.301220e-001
2.441060e+003;1.300857e-001
2.441542e+003;1.300430e-001
2.442024e+003;1.300023e-001
2.442506e+003;1.299735e-001
2.442988e+003;1.299649e-001
2.443470e+003;1.299798e-001
2.443952e+003;1.300151e-001
2.444435e+003;1.300607e-001
2.444917e+003;1.301025e-001
2.445399e+003;1.301281e-001
2.445881e+003;1.301305e-001
2.446363e+003;1.301115e-001
2.446845e+003;1.300815e-001
2.447327e+003;1.300558e-001
2.447810e+003;1.300485e-001
2.448292e+003;1.300664e-001
2.448774e+003;1.301079e-001
2.449256e+003;1.301623e-001
2.449738e+003;1.302152e-001
2.450220e+003;1.302515e-001
2.450702e+003;1.302614e-001
2.451185e+003;1.302413e-001
2.451667e+003;1.301934e-001
2.452149e+003;1.301238e-001
2.452631e+003;1.300396e-001
2.453113e+003;1.299477e-001
2.453595e+003;1.298552e-001
2.454077e+003;1.297683e-001
2.454560e+003;1.296944e-001
2.455042e+003;1.296407e-001
2.455524e+003;1.296120e-001
2.456006e+003;1.296107e-001
2.456488e+003;1.296344e-001
2.456970e+003;1.296782e-001
2.457452e+003;1.297345e-001
2.457935e+003;1.297958e-001
2.458417e+003;1.298571e-001
2.458899e+003;1.299152e-001
2.459381e+003;1.299674e-001
2.459863e+003;1.300116e-001
2.460345e+003;1.300440e-001
2.460827e+003;1.300607e-001
2.461309e+003;1.300576e-001
2.461792e+003;1.300334e-001
2.462274e+003;1.299907e-001
2.462756e+003;1.299356e-001
2.463238e+003;1.298757e-001
2.463720e+003;1.298193e-001
2.464202e+003;1.297728e-001
2.464684e+003;1.297386e-001
2.465167e+003;1.297172e-001
2.465649e+003;1.297074e-001
2.466131e+003;1.297064e-001
2.466613e+003;1.297136e-001
2.467095e+003;1.297274e-001
2.467577e+003;1.297464e-001
2.468059e+003;1.297696e-001
2.468542e+003;1.297935e-001
2.469024e+003;1.298162e-001
2.469506e+003;1.298343e-001
2.469988e+003;1.298472e-001
2.470470e+003;1.298544e-001
2.470952e+003;1.298570e-001
2.471434e+003;1.298548e-001
2.471917e+003;1.298497e-001
2.472399e+003;1.298427e-001
2.472881e+003;1.298365e-001
2.473363e+003;1.298334e-001
2.473845e+003;1.298367e-001
2.474327e+003;1.298482e-001
2.474809e+003;1.298677e-001
2.475292e+003;1.298919e-001
2.475773e+003;1.299161e-001
2.476256e+003;1.299328e-001
2.476738e+003;1.299381e-001
2.477220e+003;1.299310e-001
2.477702e+003;1.299129e-001
2.478184e+003;1.298892e-001
2.478666e+003;1.298651e-001
2.479148e+003;1.298442e-001
2.479631e+003;1.298280e-001
2.480113e+003;1.298149e-001
2.480595e+003;1.298039e-001
2.481077e+003;1.297944e-001
2.481559e+003;1.297888e-001
2.482041e+003;1.297899e-001
2.482523e+003;1.297999e-001
2.483006e+003;1.298192e-001
2.483488e+003;1.298434e-001
2.483970e+003;1.298673e-001
2.484452e+003;1.298838e-001
2.484934e+003;1.298892e-001
2.485416e+003;1.298838e-001
2.485898e+003;1.298708e-001
2.486381e+003;1.298564e-001
2.486863e+003;1.298444e-001
2.487345e+003;1.298371e-001
2.487827e+003;1.298327e-001
2.488309e+003;1.298277e-001
2.488791e+003;1.298196e-001
2.489273e+003;1.298094e-001
2.489756e+003;1.298005e-001
2.490238e+003;1.297997e-001
2.490720e+003;1.298122e-001
2.491202e+003;1.298400e-001
2.491684e+003;1.298804e-001
2.492166e+003;1.299260e-001
2.492648e+003;1.299680e-001
2.493130e+003;1.299971e-001
2.493613e+003;1.300075e-001
2.494095e+003;1.299973e-001
2.494577e+003;1.299682e-001
2.495059e+003;1.299261e-001
2.495541e+003;1.298771e-001
2.496023e+003;1.298299e-001
2.496505e+003;1.297921e-001
2.496988e+003;1.297701e-001
2.497470e+003;1.297685e-001
2.497952e+003;1.297873e-001
2.498434e+003;1.298214e-001
2.498916e+003;1.298624e-001
2.499398e+003;1.298998e-001
2.499880e+003;1.299236e-001
2.500363e+003;1.299294e-001
2.500845e+003;1.299178e-001
2.501327e+003;1.298938e-001
2.501809e+003;1.298656e-001
2.502291e+003;1.298390e-001
2.502773e+003;1.298175e-001
2.503255e+003;1.297991e-001
2.503738e+003;1.297801e-001
2.504220e+003;1.297574e-001
2.504702e+003;1.297319e-001
2.505184e+003;1.297098e-001
2.505666e+003;1.296996e-001
2.506148e+003;1.297110e-001
2.506630e+003;1.297491e-001
2.507113e+003;1.298133e-001
2.507594e+003;1.298958e-001
2.508077e+003;1.299859e-001
2.508559e+003;1.300711e-001
2.509041e+003;1.301425e-001
2.509523e+003;1.301946e-001
2.510005e+003;1.302269e-001
2.510487e+003;1.302406e-001
2.510969e+003;1.302383e-001
2.511452e+003;1.302222e-001
2.511934e+003;1.301942e-001
2.512416e+003;1.301573e-001
2.512898e+003;1.301151e-001
2.513380e+003;1.300725e-001
2.513862e+003;1.300360e-001
2.514344e+003;1.300100e-001
2.514827e+003;1.299985e-001
2.515309e+003;1.300019e-001
2.515791e+003;1.300195e-001
2.516273e+003;1.300490e-001
2.516755e+003;1.300881e-001
2.517237e+003;1.301338e-001
2.517719e+003;1.301824e-001
2.518202e+003;1.302304e-001
2.518684e+003;1.302730e-001
2.519166e+003;1.303054e-001
2.519648e+003;1.303243e-001
2.520130e+003;1.303301e-001
2.520612e+003;1.303245e-001
2.521094e+003;1.303129e-001
2.521577e+003;1.303006e-001
2.522059e+003;1.302918e-001
2.522541e+003;1.302876e-001
2.523023e+003;1.302850e-001
2.523505e+003;1.302790e-001
2.523987e+003;1.302649e-001
2.524469e+003;1.302392e-001
2.524951e+003;1.302015e-001
2.525434e+003;1.301564e-001
2.525916e+003;1.301112e-001
2.526398e+003;1.300734e-001
2.526880e+003;1.300514e-001
2.527362e+003;1.300492e-001
2.527844e+003;1.300673e-001
2.528326e+003;1.301022e-001
2.528809e+003;1.301460e-001
2.529291e+003;1.301896e-001
2.529773e+003;1.302240e-001
2.530255e+003;1.302417e-001
2.530737e+003;1.302412e-001
2.531219e+003;1.302236e-001
2.531701e+003;1.301949e-001
2.532184e+003;1.301622e-001
2.532666e+003;1.301312e-001
2.533148e+003;1.301051e-001
2.533630e+003;1.300849e-001
2.534112e+003;1.300689e-001
2.534594e+003;1.300572e-001
2.535076e+003;1.300512e-001
2.535559e+003;1.300561e-001
2.536041e+003;1.300781e-001
2.536523e+003;1.301209e-001
2.537005e+003;1.301845e-001
2.537487e+003;1.302629e-001
2.537969e+003;1.303443e-001
2.538451e+003;1.304158e-001
2.538934e+003;1.304674e-001
2.539416e+003;1.304945e-001
2.539898e+003;1.305002e-001
2.540380e+003;1.304923e-001
2.540862e+003;1.304814e-001
2.541344e+003;1.304754e-001
2.541826e+003;1.304772e-001
2.542308e+003;1.304848e-001
2.542791e+003;1.304933e-001
2.543273e+003;1.304978e-001
2.543755e+003;1.304949e-001
2.544237e+003;1.304850e-001
2.544719e+003;1.304706e-001
2.545201e+003;1.304532e-001
2.545683e+003;1.304343e-001
2.546166e+003;1.304135e-001
2.546648e+003;1.303899e-001
2.547130e+003;1.303636e-001
2.547612e+003;1.303372e-001
2.548094e+003;1.303153e-001
2.548576e+003;1.303030e-001
2.549058e+003;1.303040e-001
2.549541e+003;1.303180e-001
2.550023e+003;1.303429e-001
2.550505e+003;1.303737e-001
2.550987e+003;1.304063e-001
2.551469e+003;1.304383e-001
2.551951e+003;1.304695e-001
2.552433e+003;1.305020e-001
2.552916e+003;1.305363e-001
2.553398e+003;1.305725e-001
2.553880e+003;1.306079e-001
2.554362e+003;1.306393e-001
2.554844e+003;1.306648e-001
2.555326e+003;1.306836e-001
2.555808e+003;1.306995e-001
2.556291e+003;1.307166e-001
2.556772e+003;1.307399e-001
2.557255e+003;1.307706e-001
2.557737e+003;1.308084e-001
2.558219e+003;1.308492e-001
2.558701e+003;1.308891e-001
2.559183e+003;1.309258e-001
2.559665e+003;1.309575e-001
2.560147e+003;1.309851e-001
2.560630e+003;1.310096e-001
2.561112e+003;1.310305e-001
2.561594e+003;1.310452e-001
2.562076e+003;1.310516e-001
2.562558e+003;1.310483e-001
2.563040e+003;1.310366e-001
2.563522e+003;1.310216e-001
2.564005e+003;1.310108e-001
2.564487e+003;1.310108e-001
2.564969e+003;1.310246e-001
2.565451e+003;1.310507e-001
2.565933e+003;1.310814e-001
2.566415e+003;1.311074e-001
2.566897e+003;1.311207e-001
2.567380e+003;1.311171e-001
2.567862e+003;1.310987e-001
2.568344e+003;1.310740e-001
2.568826e+003;1.310524e-001
2.569308e+003;1.310430e-001
2.569790e+003;1.310510e-001
2.570272e+003;1.310752e-001
2.570755e+003;1.311099e-001
2.571237e+003;1.311471e-001
2.571719e+003;1.311788e-001
2.572201e+003;1.312003e-001
2.572683e+003;1.312112e-001
2.573165e+003;1.312152e-001
2.573647e+003;1.312198e-001
2.574129e+003;1.312325e-001
2.574612e+003;1.312604e-001
2.575094e+003;1.313065e-001
2.575576e+003;1.313698e-001
2.576058e+003;1.314446e-001
2.576540e+003;1.315221e-001
2.577022e+003;1.315915e-001
2.577504e+003;1.316444e-001
2.577987e+003;1.316755e-001
2.578469e+003;1.316846e-001
2.578951e+003;1.316763e-001
2.579433e+003;1.316591e-001
2.579915e+003;1.316410e-001
2.580397e+003;1.316283e-001
2.580879e+003;1.316240e-001
2.581362e+003;1.316277e-001
2.581844e+003;1.316357e-001
2.582326e+003;1.316452e-001
2.582808e+003;1.316545e-001
2.583290e+003;1.316647e-001
2.583772e+003;1.316790e-001
2.584254e+003;1.317007e-001
2.584737e+003;1.317323e-001
2.585219e+003;1.317735e-001
2.585701e+003;1.318215e-001
2.586183e+003;1.318710e-001
2.586665e+003;1.319164e-001
2.587147e+003;1.319548e-001
2.587629e+003;1.319845e-001
2.588112e+003;1.320065e-001
2.588594e+003;1.320242e-001
2.589076e+003;1.320406e-001
2.589558e+003;1.320591e-001
2.590040e+003;1.320812e-001
2.590522e+003;1.321071e-001
2.591004e+003;1.321357e-001
2.591486e+003;1.321666e-001
2.591969e+003;1.321990e-001
2.592451e+003;1.322332e-001
2.592933e+003;1.322699e-001
2.593415e+003;1.323101e-001
2.593897e+003;1.323538e-001
2.594379e+003;1.324012e-001
2.594861e+003;1.324498e-001
2.595344e+003;1.324959e-001
2.595826e+003;1.325352e-001
2.596308e+003;1.325622e-001
2.596790e+003;1.325734e-001
2.597272e+003;1.325673e-001
2.597754e+003;1.325465e-001
2.598236e+003;1.325162e-001
2.598719e+003;1.324850e-001
2.599201e+003;1.324633e-001
2.599683e+003;1.324596e-001
2.600165e+003;1.324799e-001
2.600647e+003;1.325261e-001
2.601129e+003;1.325942e-001
2.601611e+003;1.326774e-001
2.602094e+003;1.327657e-001
2.602576e+003;1.328498e-001
2.603058e+003;1.329211e-001
2.603540e+003;1.329735e-001
2.604022e+003;1.330051e-001
2.604504e+003;1.330170e-001
2.604986e+003;1.330126e-001
2.605469e+003;1.329975e-001
2.605950e+003;1.329779e-001
2.606433e+003;1.329592e-001
2.606915e+003;1.329473e-001
2.607397e+003;1.329443e-001
2.607879e+003;1.329511e-001
2.608361e+003;1.329671e-001
2.608843e+003;1.329902e-001
2.609325e+003;1.330169e-001
2.609808e+003;1.330450e-001
2.610290e+003;1.330729e-001
2.610772e+003;1.331015e-001
2.611254e+003;1.331329e-001
2.611736e+003;1.331700e-001
2.612218e+003;1.332161e-001
2.612700e+003;1.332727e-001
2.613183e+003;1.333394e-001
2.613665e+003;1.334140e-001
2.614147e+003;1.334925e-001
2.614629e+003;1.335698e-001
2.615111e+003;1.336418e-001
2.615593e+003;1.337050e-001
2.616075e+003;1.337581e-001
2.616558e+003;1.338004e-001
2.617040e+003;1.338324e-001
2.617522e+003;1.338557e-001
2.618004e+003;1.338711e-001
2.618486e+003;1.338806e-001
2.618968e+003;1.338870e-001
2.619450e+003;1.338933e-001
2.619933e+003;1.339048e-001
2.620415e+003;1.339265e-001
2.620897e+003;1.339627e-001
2.621379e+003;1.340149e-001
2.621861e+003;1.340820e-001
2.622343e+003;1.341584e-001
2.622825e+003;1.342357e-001
2.623307e+003;1.343051e-001
2.623790e+003;1.343597e-001
2.624272e+003;1.343960e-001
2.624754e+003;1.344151e-001
2.625236e+003;1.344230e-001
2.625718e+003;1.344279e-001
2.626200e+003;1.344374e-001
2.626682e+003;1.344581e-001
2.627165e+003;1.344912e-001
2.627647e+003;1.345359e-001
2.628129e+003;1.345881e-001
2.628611e+003;1.346435e-001
2.629093e+003;1.346987e-001
2.629575e+003;1.347519e-001
2.630057e+003;1.348035e-001
2.630540e+003;1.348546e-001
2.631022e+003;1.349047e-001
2.631504e+003;1.349537e-001
2.631986e+003;1.349998e-001
2.632468e+003;1.350411e-001
2.632950e+003;1.350778e-001
2.633432e+003;1.351113e-001
2.633915e+003;1.351456e-001
2.634397e+003;1.351850e-001
2.634879e+003;1.352333e-001
2.635361e+003;1.352925e-001
2.635843e+003;1.353620e-001
2.636325e+003;1.354381e-001
2.636807e+003;1.355152e-001
2.637290e+003;1.355878e-001
2.637771e+003;1.356522e-001
2.638254e+003;1.357062e-001
2.638736e+003;1.357502e-001
2.639218e+003;1.357860e-001
2.639700e+003;1.358166e-001
2.640182e+003;1.358448e-001
2.640664e+003;1.358742e-001
2.641146e+003;1.359072e-001
2.641629e+003;1.359457e-001
2.642111e+003;1.359915e-001
2.642593e+003;1.360438e-001
2.643075e+003;1.361012e-001
2.643557e+003;1.361594e-001
2.644039e+003;1.362136e-001
2.644521e+003;1.362591e-001
2.645004e+003;1.362931e-001
2.645486e+003;1.363159e-001
2.645968e+003;1.363313e-001
2.646450e+003;1.363444e-001
2.646932e+003;1.363619e-001
2.647414e+003;1.363879e-001
2.647896e+003;1.364245e-001
2.648379e+003;1.364701e-001
2.648861e+003;1.365217e-001
2.649343e+003;1.365760e-001
2.649825e+003;1.366306e-001
2.650307e+003;1.366860e-001
2.650789e+003;1.367435e-001
2.651271e+003;1.368048e-001
2.651754e+003;1.368710e-001
2.652236e+003;1.369390e-001
2.652718e+003;1.370056e-001
2.653200e+003;1.370652e-001
2.653682e+003;1.371139e-001
2.654164e+003;1.371495e-001
2.654646e+003;1.371734e-001
2.655128e+003;1.371895e-001
2.655611e+003;1.372029e-001
2.656093e+003;1.372180e-001
2.656575e+003;1.372386e-001
2.657057e+003;1.372658e-001
2.657539e+003;1.372997e-001
2.658021e+003;1.373397e-001
2.658503e+003;1.373844e-001
2.658986e+003;1.374338e-001
2.659468e+003;1.374855e-001
2.659950e+003;1.375381e-001
2.660432e+003;1.375871e-001
2.660914e+003;1.376283e-001
2.661396e+003;1.376574e-001
2.661878e+003;1.376723e-001
2.662361e+003;1.376730e-001
2.662843e+003;1.376639e-001
2.663325e+003;1.376519e-001
2.663807e+003;1.376449e-001
2.664289e+003;1.376503e-001
2.664771e+003;1.376725e-001
2.665253e+003;1.377121e-001
2.665736e+003;1.377661e-001
2.666218e+003;1.378291e-001
2.666700e+003;1.378940e-001
2.667182e+003;1.379556e-001
2.667664e+003;1.380100e-001
2.668146e+003;1.380566e-001
2.668628e+003;1.380979e-001
2.669111e+003;1.381367e-001
2.669593e+003;1.381775e-001
2.670075e+003;1.382231e-001
2.670557e+003;1.382750e-001
2.671039e+003;1.383324e-001
2.671521e+003;1.383927e-001
2.672003e+003;1.384529e-001
2.672485e+003;1.385099e-001
2.672968e+003;1.385628e-001
2.673450e+003;1.386115e-001
2.673932e+003;1.386590e-001
2.674414e+003;1.387081e-001
2.674896e+003;1.387623e-001
2.675378e+003;1.388247e-001
2.675860e+003;1.388952e-001
2.676343e+003;1.389732e-001
2.676825e+003;1.390564e-001
2.677307e+003;1.391410e-001
2.677789e+003;1.392234e-001
2.678271e+003;1.393004e-001
2.678753e+003;1.393692e-001
2.679235e+003;1.394292e-001
2.679718e+003;1.394805e-001
2.680200e+003;1.395242e-001
2.680682e+003;1.395646e-001
2.681164e+003;1.396044e-001
2.681646e+003;1.396475e-001
2.682128e+003;1.396969e-001
2.682610e+003;1.397533e-001
2.683093e+003;1.398155e-001
2.683575e+003;1.398810e-001
2.684057e+003;1.399469e-001
2.684539e+003;1.400106e-001
2.685021e+003;1.400708e-001
2.685503e+003;1.401274e-001
2.685985e+003;1.401830e-001
2.686468e+003;1.402392e-001
2.686949e+003;1.402982e-001
2.687432e+003;1.403621e-001
2.687914e+003;1.404304e-001
2.688396e+003;1.405037e-001
2.688878e+003;1.405810e-001
2.689360e+003;1.406613e-001
2.689842e+003;1.407426e-001
2.690324e+003;1.408222e-001
2.690807e+003;1.408979e-001
2.691289e+003;1.409662e-001
2.691771e+003;1.410254e-001
2.692253e+003;1.410757e-001
2.692735e+003;1.411181e-001
2.693217e+003;1.411576e-001
2.693699e+003;1.411987e-001
2.694182e+003;1.412462e-001
2.694664e+003;1.413022e-001
2.695146e+003;1.413659e-001
2.695628e+003;1.414359e-001
2.696110e+003;1.415078e-001
2.696592e+003;1.415783e-001
2.697074e+003;1.416456e-001
2.697557e+003;1.417096e-001
2.698039e+003;1.417715e-001
2.698521e+003;1.418331e-001
2.699003e+003;1.418961e-001
2.699485e+003;1.419611e-001
2.699967e+003;1.420281e-001
2.700449e+003;1.420964e-001
2.700932e+003;1.421659e-001
2.701414e+003;1.422363e-001
2.701896e+003;1.423067e-001
2.702378e+003;1.423763e-001
2.702860e+003;1.424434e-001
2.703342e+003;1.425064e-001
2.703824e+003;1.425633e-001
2.704306e+003;1.426147e-001
2.704789e+003;1.426616e-001
2.705271e+003;1.427074e-001
2.705753e+003;1.427558e-001
2.706235e+003;1.428093e-001
2.706717e+003;1.428692e-001
2.707199e+003;1.429352e-001
2.707681e+003;1.430051e-001
2.708164e+003;1.430777e-001
2.708646e+003;1.431521e-001
2.709128e+003;1.432287e-001
2.709610e+003;1.433089e-001
2.710092e+003;1.433936e-001
2.710574e+003;1.434828e-001
2.711056e+003;1.435738e-001
2.711539e+003;1.436628e-001
2.712021e+003;1.437449e-001
2.712503e+003;1.438174e-001
2.712985e+003;1.438790e-001
2.713467e+003;1.439314e-001
2.713949e+003;1.439784e-001
2.714431e+003;1.440243e-001
2.714914e+003;1.440731e-001
2.715396e+003;1.441267e-001
2.715878e+003;1.441859e-001
2.716360e+003;1.442497e-001
2.716842e+003;1.443170e-001
2.717324e+003;1.443874e-001
2.717806e+003;1.444591e-001
2.718289e+003;1.445331e-001
2.718771e+003;1.446096e-001
2.719253e+003;1.446890e-001
2.719735e+003;1.447722e-001
2.720217e+003;1.448593e-001
2.720699e+003;1.449497e-001
2.721181e+003;1.450429e-001
2.721663e+003;1.451355e-001
2.722146e+003;1.452250e-001
2.722628e+003;1.453068e-001
2.723110e+003;1.453788e-001
2.723592e+003;1.454396e-001
2.724074e+003;1.454912e-001
2.724556e+003;1.455381e-001
2.725038e+003;1.455862e-001
2.725521e+003;1.456415e-001
2.726003e+003;1.457087e-001
2.726485e+003;1.457887e-001
2.726967e+003;1.458797e-001
2.727449e+003;1.459777e-001
2.727931e+003;1.460764e-001
2.728413e+003;1.461716e-001
2.728896e+003;1.462604e-001
2.729378e+003;1.463411e-001
2.729860e+003;1.464152e-001
2.730342e+003;1.464842e-001
2.730824e+003;1.465517e-001
2.731306e+003;1.466203e-001
2.731788e+003;1.466932e-001
2.732271e+003;1.467719e-001
2.732753e+003;1.468569e-001
2.733235e+003;1.469468e-001
2.733717e+003;1.470382e-001
2.734199e+003;1.471259e-001
2.734681e+003;1.472042e-001
2.735163e+003;1.472700e-001
2.735646e+003;1.473219e-001
2.736127e+003;1.473634e-001
2.736610e+003;1.474013e-001
2.737092e+003;1.474446e-001
2.737574e+003;1.475018e-001
2.738056e+003;1.475784e-001
2.738538e+003;1.476755e-001
2.739020e+003;1.477891e-001
2.739502e+003;1.479126e-001
2.739985e+003;1.480372e-001
2.740467e+003;1.481553e-001
2.740949e+003;1.482625e-001
2.741431e+003;1.483572e-001
2.741913e+003;1.484419e-001
2.742395e+003;1.485210e-001
2.742877e+003;1.485992e-001
2.743360e+003;1.486818e-001
2.743842e+003;1.487715e-001
2.744324e+003;1.488693e-001
2.744806e+003;1.489740e-001
2.745288e+003;1.490827e-001
2.745770e+003;1.491916e-001
2.746252e+003;1.492977e-001
2.746735e+003;1.493981e-001
2.747217e+003;1.494930e-001
2.747699e+003;1.495829e-001
2.748181e+003;1.496695e-001
2.748663e+003;1.497540e-001
2.749145e+003;1.498374e-001
2.749627e+003;1.499189e-001
2.750110e+003;1.499972e-001
2.750592e+003;1.500713e-001
2.751074e+003;1.501411e-001
2.751556e+003;1.502092e-001
2.752038e+003;1.502791e-001
2.752520e+003;1.503558e-001
2.753002e+003;1.504432e-001
2.753484e+003;1.505429e-001
2.753967e+003;1.506533e-001
2.754449e+003;1.507715e-001
2.754931e+003;1.508918e-001
2.755413e+003;1.510098e-001
2.755895e+003;1.511234e-001
2.756377e+003;1.512324e-001
2.756859e+003;1.513389e-001
2.757342e+003;1.514463e-001
2.757824e+003;1.515570e-001
2.758306e+003;1.516719e-001
2.758788e+003;1.517888e-001
2.759270e+003;1.519047e-001
2.759752e+003;1.520160e-001
2.760234e+003;1.521192e-001
2.760717e+003;1.522145e-001
2.761199e+003;1.523036e-001
2.761681e+003;1.523903e-001
2.762163e+003;1.524797e-001
2.762645e+003;1.525756e-001
2.763127e+003;1.526809e-001
2.763609e+003;1.527944e-001
2.764092e+003;1.529142e-001
2.764574e+003;1.530370e-001
2.765056e+003;1.531585e-001
2.765538e+003;1.532775e-001
2.766020e+003;1.533930e-001
2.766502e+003;1.535062e-001
2.766984e+003;1.536199e-001
2.767467e+003;1.537338e-001
2.767948e+003;1.538489e-001
2.768431e+003;1.539635e-001
2.768913e+003;1.540748e-001
2.769395e+003;1.541815e-001
2.769877e+003;1.542828e-001
2.770359e+003;1.543808e-001
2.770841e+003;1.544790e-001
2.771323e+003;1.545810e-001
2.771806e+003;1.546892e-001
2.772288e+003;1.548048e-001
2.772770e+003;1.549258e-001
2.773252e+003;1.550487e-001
2.773734e+003;1.551708e-001
2.774216e+003;1.552898e-001
2.774698e+003;1.554060e-001
2.775181e+003;1.555216e-001
2.775663e+003;1.556392e-001
2.776145e+003;1.557603e-001
2.776627e+003;1.558863e-001
2.777109e+003;1.560156e-001
2.777591e+003;1.561462e-001
2.778073e+003;1.562770e-001
2.778556e+003;1.564064e-001
2.779038e+003;1.565355e-001
2.779520e+003;1.566664e-001
2.780002e+003;1.568008e-001
2.780484e+003;1.569400e-001
2.780966e+003;1.570835e-001
2.781448e+003;1.572299e-001
2.781930e+003;1.573779e-001
2.782413e+003;1.575256e-001
2.782895e+003;1.576715e-001
2.783377e+003;1.578154e-001
2.783859e+003;1.579562e-001
2.784341e+003;1.580932e-001
2.784823e+003;1.582238e-001
2.785305e+003;1.583471e-001
2.785788e+003;1.584627e-001
2.786270e+003;1.585724e-001
2.786752e+003;1.586798e-001
2.787234e+003;1.587896e-001
2.787716e+003;1.589076e-001
2.788198e+003;1.590368e-001
2.788680e+003;1.591787e-001
2.789163e+003;1.593321e-001
2.789645e+003;1.594930e-001
2.790127e+003;1.596581e-001
2.790609e+003;1.598243e-001
2.791091e+003;1.599889e-001
2.791573e+003;1.601512e-001
2.792055e+003;1.603102e-001
2.792538e+003;1.604657e-001
2.793020e+003;1.606167e-001
2.793502e+003;1.607627e-001
2.793984e+003;1.609051e-001
2.794466e+003;1.610443e-001
2.794948e+003;1.611831e-001
2.795430e+003;1.613232e-001
2.795913e+003;1.614660e-001
2.796395e+003;1.616101e-001
2.796877e+003;1.617533e-001
2.797359e+003;1.618918e-001
2.797841e+003;1.620233e-001
2.798323e+003;1.621481e-001
2.798805e+003;1.622679e-001
2.799287e+003;1.623890e-001
2.799770e+003;1.625173e-001
2.800252e+003;1.626570e-001
2.800734e+003;1.628104e-001
2.801216e+003;1.629756e-001
2.801698e+003;1.631490e-001
2.802180e+003;1.633249e-001
2.802662e+003;1.634990e-001
2.803145e+003;1.636704e-001
2.803627e+003;1.638395e-001
2.804109e+003;1.640107e-001
2.804591e+003;1.641880e-001
2.805073e+003;1.643747e-001
2.805555e+003;1.645718e-001
2.806037e+003;1.647788e-001
2.806520e+003;1.649928e-001
2.807002e+003;1.652099e-001
2.807484e+003;1.654267e-001
2.807966e+003;1.656403e-001
2.808448e+003;1.658475e-001
2.808930e+003;1.660475e-001
2.809412e+003;1.662381e-001
2.809895e+003;1.664190e-001
2.810377e+003;1.665896e-001
2.810859e+003;1.667509e-001
2.811341e+003;1.669046e-001
2.811823e+003;1.670544e-001
2.812305e+003;1.672033e-001
2.812787e+003;1.673554e-001
2.813270e+003;1.675130e-001
2.813751e+003;1.676772e-001
2.814234e+003;1.678475e-001
2.814716e+003;1.680226e-001
2.815198e+003;1.682008e-001
2.815680e+003;1.683815e-001
2.816162e+003;1.685642e-001
2.816644e+003;1.687514e-001
2.817126e+003;1.689450e-001
2.817609e+003;1.691480e-001
2.818091e+003;1.693614e-001
2.818573e+003;1.695847e-001
2.819055e+003;1.698149e-001
2.819537e+003;1.700466e-001
2.820019e+003;1.702740e-001
2.820501e+003;1.704907e-001
2.820984e+003;1.706928e-001
2.821466e+003;1.708788e-001
2.821948e+003;1.710493e-001
2.822430e+003;1.712090e-001
2.822912e+003;1.713635e-001
2.823394e+003;1.715197e-001
2.823876e+003;1.716828e-001
2.824359e+003;1.718580e-001
2.824841e+003;1.720466e-001
2.825323e+003;1.722501e-001
2.825805e+003;1.724671e-001
2.826287e+003;1.726954e-001
2.826769e+003;1.729327e-001
2.827251e+003;1.731753e-001
2.827734e+003;1.734186e-001
2.828216e+003;1.736586e-001
2.828698e+003;1.738907e-001
2.829180e+003;1.741108e-001
2.829662e+003;1.743172e-001
2.830144e+003;1.745102e-001
2.830626e+003;1.746936e-001
2.831108e+003;1.748735e-001
2.831591e+003;1.750578e-001
2.832073e+003;1.752540e-001
2.832555e+003;1.754674e-001
2.833037e+003;1.757011e-001
2.833519e+003;1.759533e-001
2.834001e+003;1.762191e-001
2.834483e+003;1.764914e-001
2.834966e+003;1.767630e-001
2.835448e+003;1.770274e-001
2.835930e+003;1.772824e-001
2.836412e+003;1.775275e-001
2.836894e+003;1.777665e-001
2.837376e+003;1.780044e-001
2.837858e+003;1.782469e-001
2.838341e+003;1.784983e-001
2.838823e+003;1.787610e-001
2.839305e+003;1.790348e-001
2.839787e+003;1.793164e-001
2.840269e+003;1.796011e-001
2.840751e+003;1.798843e-001
2.841233e+003;1.801615e-001
2.841716e+003;1.804304e-001
2.842198e+003;1.806906e-001
2.842680e+003;1.809447e-001
2.843162e+003;1.811960e-001
2.843644e+003;1.814474e-001
2.844126e+003;1.817017e-001
2.844608e+003;1.819602e-001
2.845091e+003;1.822211e-001
2.845573e+003;1.824830e-001
2.846055e+003;1.827430e-001
2.846537e+003;1.829995e-001
2.847019e+003;1.832507e-001
2.847501e+003;1.834966e-001
2.847983e+003;1.837389e-001
2.848465e+003;1.839783e-001
2.848948e+003;1.842176e-001
2.849430e+003;1.844582e-001
2.849912e+003;1.847021e-001
2.850394e+003;1.849500e-001
2.850876e+003;1.852017e-001
2.851358e+003;1.854549e-001
2.851840e+003;1.857065e-001
2.852323e+003;1.859527e-001
2.852805e+003;1.861883e-001
2.853287e+003;1.864100e-001
2.853769e+003;1.866174e-001
2.854251e+003;1.868117e-001
2.854733e+003;1.869973e-001
2.855215e+003;1.871810e-001
2.855698e+003;1.873679e-001
2.856180e+003;1.875626e-001
2.856662e+003;1.877667e-001
2.857144e+003;1.879805e-001
2.857626e+003;1.882023e-001
2.858108e+003;1.884316e-001
2.858590e+003;1.886688e-001
2.859073e+003;1.889164e-001
2.859555e+003;1.891769e-001
2.860037e+003;1.894524e-001
2.860519e+003;1.897431e-001
2.861001e+003;1.900468e-001
2.861483e+003;1.903585e-001
2.861965e+003;1.906736e-001
2.862448e+003;1.909881e-001
2.862929e+003;1.913001e-001
2.863412e+003;1.916095e-001
2.863894e+003;1.919176e-001
2.864376e+003;1.922257e-001
2.864858e+003;1.925336e-001
2.865340e+003;1.928394e-001
2.865822e+003;1.931409e-001
2.866304e+003;1.934355e-001
2.866787e+003;1.937230e-001
2.867269e+003;1.940060e-001
2.867751e+003;1.942886e-001
2.868233e+003;1.945753e-001
2.868715e+003;1.948699e-001
2.869197e+003;1.951736e-001
2.869679e+003;1.954838e-001
2.870162e+003;1.957951e-001
2.870644e+003;1.961016e-001
2.871126e+003;1.963978e-001
2.871608e+003;1.966802e-001
2.872090e+003;1.969489e-001
2.872572e+003;1.972065e-001
2.873054e+003;1.974578e-001
2.873537e+003;1.977074e-001
2.874019e+003;1.979605e-001
2.874501e+003;1.982193e-001
2.874983e+003;1.984857e-001
2.875465e+003;1.987603e-001
2.875947e+003;1.990419e-001
2.876429e+003;1.993308e-001
2.876912e+003;1.996260e-001
2.877394e+003;1.999264e-001
2.877876e+003;2.002315e-001
2.878358e+003;2.005396e-001
2.878840e+003;2.008489e-001
2.879322e+003;2.011567e-001
2.879804e+003;2.014608e-001
2.880286e+003;2.017609e-001
2.880769e+003;2.020581e-001
2.881251e+003;2.023560e-001
2.881733e+003;2.026585e-001
2.882215e+003;2.029701e-001
2.882697e+003;2.032934e-001
2.883179e+003;2.036269e-001
2.883661e+003;2.039661e-001
2.884144e+003;2.043030e-001
2.884626e+003;2.046299e-001
2.885108e+003;2.049408e-001
2.885590e+003;2.052336e-001
2.886072e+003;2.055114e-001
2.886554e+003;2.057815e-001
2.887036e+003;2.060536e-001
2.887519e+003;2.063347e-001
2.888001e+003;2.066301e-001
2.888483e+003;2.069379e-001
2.888965e+003;2.072545e-001
2.889447e+003;2.075734e-001
2.889929e+003;2.078880e-001
2.890411e+003;2.081952e-001
2.890894e+003;2.084948e-001
2.891376e+003;2.087891e-001
2.891858e+003;2.090816e-001
2.892340e+003;2.093743e-001
2.892822e+003;2.096669e-001
2.893304e+003;2.099578e-001
2.893786e+003;2.102438e-001
2.894269e+003;2.105226e-001
2.894750e+003;2.107948e-001
2.895233e+003;2.110647e-001
2.895715e+003;2.113394e-001
2.896197e+003;2.116283e-001
2.896679e+003;2.119406e-001
2.897161e+003;2.122843e-001
2.897643e+003;2.126641e-001
2.898125e+003;2.130805e-001
2.898608e+003;2.135320e-001
2.899090e+003;2.140115e-001
2.899572e+003;2.145112e-001
2.900054e+003;2.150201e-001
2.900536e+003;2.155271e-001
2.901018e+003;2.160201e-001
2.901500e+003;2.164905e-001
2.901983e+003;2.169309e-001
2.902465e+003;2.173395e-001
2.902947e+003;2.177182e-001
2.903429e+003;2.180725e-001
2.903911e+003;2.184102e-001
2.904393e+003;2.187393e-001
2.904875e+003;2.190661e-001
2.905358e+003;2.193947e-001
2.905840e+003;2.197258e-001
2.906322e+003;2.200597e-001
2.906804e+003;2.203955e-001
2.907286e+003;2.207346e-001
2.907768e+003;2.210784e-001
2.908250e+003;2.214320e-001
2.908733e+003;2.217986e-001
2.909215e+003;2.221819e-001
2.909697e+003;2.225820e-001
2.910179e+003;2.229968e-001
2.910661e+003;2.234213e-001
2.911143e+003;2.238485e-001
2.911625e+003;2.242727e-001
2.912107e+003;2.246874e-001
2.912590e+003;2.250891e-001
2.913072e+003;2.254757e-001
2.913554e+003;2.258470e-001
2.914036e+003;2.262039e-001
2.914518e+003;2.265489e-001
2.915000e+003;2.268860e-001
2.915482e+003;2.272194e-001
2.915965e+003;2.275554e-001
2.916447e+003;2.278988e-001
2.916929e+003;2.282543e-001
2.917411e+003;2.286247e-001
2.917893e+003;2.290106e-001
2.918375e+003;2.294111e-001
2.918857e+003;2.298245e-001
2.919340e+003;2.302490e-001
2.919822e+003;2.306823e-001
2.920304e+003;2.311222e-001
2.920786e+003;2.315652e-001
2.921268e+003;2.320072e-001
2.921750e+003;2.324415e-001
2.922232e+003;2.328616e-001
2.922715e+003;2.332625e-001
2.923197e+003;2.336430e-001
2.923679e+003;2.340056e-001
2.924161e+003;2.343584e-001
2.924643e+003;2.347112e-001
2.925125e+003;2.350757e-001
2.925607e+003;2.354581e-001
2.926090e+003;2.358602e-001
2.926572e+003;2.362794e-001
2.927054e+003;2.367078e-001
2.927536e+003;2.371370e-001
2.928018e+003;2.375604e-001
2.928500e+003;2.379747e-001
2.928982e+003;2.383821e-001
2.929464e+003;2.387874e-001
2.929947e+003;2.391967e-001
2.930429e+003;2.396160e-001
2.930911e+003;2.400483e-001
2.931393e+003;2.404957e-001
2.931875e+003;2.409560e-001
2.932357e+003;2.414266e-001
2.932839e+003;2.419055e-001
2.933322e+003;2.423911e-001
2.933804e+003;2.428815e-001
2.934286e+003;2.433774e-001
2.934768e+003;2.438777e-001
2.935250e+003;2.443816e-001
2.935732e+003;2.448865e-001
2.936214e+003;2.453890e-001
2.936697e+003;2.458850e-001
2.937179e+003;2.463694e-001
2.937661e+003;2.468387e-001
2.938143e+003;2.472921e-001
2.938625e+003;2.477289e-001
2.939107e+003;2.481527e-001
2.939589e+003;2.485679e-001
2.940072e+003;2.489794e-001
2.940554e+003;2.493907e-001
2.941036e+003;2.498043e-001
2.941518e+003;2.502197e-001
2.942000e+003;2.506349e-001
2.942482e+003;2.510460e-001
2.942964e+003;2.514502e-001
2.943447e+003;2.518460e-001
2.943928e+003;2.522346e-001
2.944411e+003;2.526199e-001
2.944893e+003;2.530089e-001
2.945375e+003;2.534088e-001
2.945857e+003;2.538272e-001
2.946339e+003;2.542689e-001
2.946821e+003;2.547365e-001
2.947303e+003;2.552268e-001
2.947786e+003;2.557335e-001
2.948268e+003;2.562473e-001
2.948750e+003;2.567587e-001
2.949232e+003;2.572595e-001
2.949714e+003;2.577457e-001
2.950196e+003;2.582169e-001
2.950678e+003;2.586748e-001
2.951161e+003;2.591232e-001
2.951643e+003;2.595645e-001
2.952125e+003;2.599989e-001
2.952607e+003;2.604241e-001
2.953089e+003;2.608390e-001
2.953571e+003;2.612440e-001
2.954053e+003;2.616436e-001
2.954536e+003;2.620469e-001
2.955018e+003;2.624650e-001
2.955500e+003;2.629084e-001
2.955982e+003;2.633825e-001
2.956464e+003;2.638865e-001
2.956946e+003;2.644128e-001
2.957428e+003;2.649496e-001
2.957911e+003;2.654862e-001
2.958393e+003;2.660159e-001
2.958875e+003;2.665384e-001
2.959357e+003;2.670602e-001
2.959839e+003;2.675911e-001
2.960321e+003;2.681399e-001
2.960803e+003;2.687110e-001
2.961285e+003;2.693042e-001
2.961768e+003;2.699133e-001
2.962250e+003;2.705294e-001
2.962732e+003;2.711445e-001
2.963214e+003;2.717524e-001
2.963696e+003;2.723519e-001
2.964178e+003;2.729447e-001
2.964660e+003;2.735346e-001
2.965143e+003;2.741262e-001
2.965625e+003;2.747228e-001
2.966107e+003;2.753256e-001
2.966589e+003;2.759340e-001
2.967071e+003;2.765455e-001
2.967553e+003;2.771565e-001
2.968035e+003;2.777630e-001
2.968518e+003;2.783632e-001
2.969000e+003;2.789579e-001
2.969482e+003;2.795508e-001
2.969964e+003;2.801494e-001
2.970446e+003;2.807615e-001
2.970928e+003;2.813945e-001
2.971410e+003;2.820513e-001
2.971893e+003;2.827297e-001
2.972375e+003;2.834221e-001
2.972857e+003;2.841184e-001
2.973339e+003;2.848090e-001
2.973821e+003;2.854863e-001
2.974303e+003;2.861505e-001
2.974785e+003;2.868065e-001
2.975268e+003;2.874619e-001
2.975750e+003;2.881257e-001
2.976232e+003;2.888026e-001
2.976714e+003;2.894951e-001
2.977196e+003;2.902002e-001
2.977678e+003;2.909134e-001
2.978160e+003;2.916291e-001
2.978642e+003;2.923430e-001
2.979125e+003;2.930527e-001
2.979607e+003;2.937571e-001
2.980089e+003;2.944566e-001
2.980571e+003;2.951517e-001
2.981053e+003;2.958443e-001
2.981535e+003;2.965364e-001
2.982017e+003;2.972305e-001
2.982500e+003;2.979306e-001
2.982982e+003;2.986390e-001
2.983464e+003;2.993577e-001
2.983946e+003;3.000865e-001
2.984428e+003;3.008240e-001
2.984910e+003;3.015669e-001
2.985392e+003;3.023142e-001
2.985875e+003;3.030652e-001
2.986357e+003;3.038197e-001
2.986839e+003;3.045793e-001
2.987321e+003;3.053446e-001
2.987803e+003;3.061154e-001
2.988285e+003;3.068910e-001
2.988767e+003;3.076714e-001
2.989250e+003;3.084577e-001
2.989732e+003;3.092524e-001
2.990214e+003;3.100591e-001
2.990696e+003;3.108798e-001
2.991178e+003;3.117143e-001
2.991660e+003;3.125580e-001
2.992142e+003;3.134037e-001
2.992625e+003;3.142416e-001
2.993106e+003;3.150648e-001
2.993589e+003;3.158694e-001
2.994071e+003;3.166572e-001
2.994553e+003;3.174334e-001
2.995035e+003;3.182062e-001
2.995517e+003;3.189830e-001
2.995999e+003;3.197700e-001
2.996481e+003;3.205710e-001
2.996964e+003;3.213883e-001
2.997446e+003;3.222232e-001
2.997928e+003;3.230774e-001
2.998410e+003;3.239517e-001
2.998892e+003;3.248462e-001
2.999374e+003;3.257598e-001
2.999856e+003;3.266887e-001
3.000339e+003;3.276269e-001
3.000821e+003;3.285689e-001
3.001303e+003;3.295086e-001
3.001785e+003;3.304428e-001
3.002267e+003;3.313684e-001
3.002749e+003;3.322838e-001
3.003231e+003;3.331891e-001
3.003714e+003;3.340853e-001
3.004196e+003;3.349737e-001
3.004678e+003;3.358596e-001
3.005160e+003;3.367501e-001
3.005642e+003;3.376532e-001
3.006124e+003;3.385779e-001
3.006606e+003;3.395295e-001
3.007089e+003;3.405087e-001
3.007571e+003;3.415132e-001
3.008053e+003;3.425344e-001
3.008535e+003;3.435645e-001
3.009017e+003;3.445933e-001
3.009499e+003;3.456146e-001
3.009981e+003;3.466238e-001
3.010463e+003;3.476197e-001
3.010946e+003;3.486025e-001
3.011428e+003;3.495757e-001
3.011910e+003;3.505437e-001
3.012392e+003;3.515142e-001
3.012874e+003;3.524945e-001
3.013356e+003;3.534921e-001
3.013838e+003;3.545119e-001
3.014321e+003;3.555548e-001
3.014803e+003;3.566169e-001
3.015285e+003;3.576913e-001
3.015767e+003;3.587707e-001
3.016249e+003;3.598497e-001
3.016731e+003;3.609271e-001
3.017213e+003;3.620052e-001
3.017696e+003;3.630885e-001
3.018178e+003;3.641787e-001
3.018660e+003;3.652745e-001
3.019142e+003;3.663696e-001
3.019624e+003;3.674570e-001
3.020106e+003;3.685314e-001
3.020588e+003;3.695923e-001
3.021071e+003;3.706465e-001
3.021553e+003;3.717053e-001
3.022035e+003;3.727831e-001
3.022517e+003;3.738877e-001
3.022999e+003;3.750235e-001
3.023481e+003;3.761854e-001
3.023963e+003;3.773627e-001
3.024446e+003;3.785430e-001
3.024927e+003;3.797150e-001
3.025410e+003;3.808718e-001
3.025892e+003;3.820113e-001
3.026374e+003;3.831339e-001
3.026856e+003;3.842443e-001
3.027338e+003;3.853483e-001
3.027820e+003;3.864539e-001
3.028302e+003;3.875704e-001
3.028785e+003;3.887084e-001
3.029267e+003;3.898772e-001
3.029749e+003;3.910834e-001
3.030231e+003;3.923267e-001
3.030713e+003;3.936006e-001
3.031195e+003;3.948923e-001
3.031677e+003;3.961866e-001
3.032160e+003;3.974699e-001
3.032642e+003;3.987333e-001
3.033124e+003;3.999754e-001
3.033606e+003;4.012001e-001
3.034088e+003;4.024143e-001
3.034570e+003;4.036254e-001
3.035052e+003;4.048377e-001
3.035535e+003;4.060539e-001
3.036017e+003;4.072729e-001
3.036499e+003;4.084936e-001
3.036981e+003;4.097154e-001
3.037463e+003;4.109392e-001
3.037945e+003;4.121641e-001
3.038427e+003;4.133923e-001
3.038910e+003;4.146251e-001
3.039392e+003;4.158655e-001
3.039874e+003;4.171161e-001
3.040356e+003;4.183819e-001
3.040838e+003;4.196681e-001
3.041320e+003;4.209782e-001
3.041802e+003;4.223119e-001
3.042284e+003;4.236667e-001
3.042767e+003;4.250346e-001
3.043249e+003;4.264083e-001
3.043731e+003;4.277808e-001
3.044213e+003;4.291488e-001
3.044695e+003;4.305125e-001
3.045177e+003;4.318753e-001
3.045659e+003;4.332390e-001
3.046142e+003;4.346053e-001
3.046624e+003;4.359712e-001
3.047106e+003;4.373343e-001
3.047588e+003;4.386901e-001
3.048070e+003;4.400387e-001
3.048552e+003;4.413829e-001
3.049034e+003;4.427291e-001
3.049517e+003;4.440832e-001
3.049999e+003;4.454515e-001
3.050481e+003;4.468348e-001
3.050963e+003;4.482324e-001
3.051445e+003;4.496397e-001
3.051927e+003;4.510530e-001
3.052409e+003;4.524699e-001
3.052892e+003;4.538905e-001
3.053374e+003;4.553164e-001
3.053856e+003;4.567501e-001
3.054338e+003;4.581930e-001
3.054820e+003;4.596470e-001
3.055302e+003;4.611115e-001
3.055784e+003;4.625860e-001
3.056267e+003;4.640703e-001
3.056749e+003;4.655638e-001
3.057231e+003;4.670652e-001
3.057713e+003;4.685721e-001
3.058195e+003;4.700816e-001
3.058677e+003;4.715902e-001
3.059159e+003;4.730964e-001
3.059641e+003;4.746018e-001
3.060124e+003;4.761107e-001
3.060606e+003;4.776295e-001
3.061088e+003;4.791627e-001
3.061570e+003;4.807149e-001
3.062052e+003;4.822832e-001
3.062534e+003;4.838611e-001
3.063016e+003;4.854397e-001
3.063499e+003;4.870106e-001
3.063981e+003;4.885686e-001
3.064463e+003;4.901140e-001
3.064945e+003;4.916524e-001
3.065427e+003;4.931928e-001
3.065909e+003;4.947456e-001
3.066391e+003;4.963188e-001
3.066874e+003;4.979160e-001
3.067356e+003;4.995362e-001
3.067838e+003;5.011739e-001
3.068320e+003;5.028228e-001
3.068802e+003;5.044758e-001
3.069284e+003;5.061285e-001
3.069766e+003;5.077800e-001
3.070249e+003;5.094308e-001
3.070731e+003;5.110835e-001
3.071213e+003;5.127404e-001
3.071695e+003;5.144016e-001
3.072177e+003;5.160652e-001
3.072659e+003;5.177263e-001
3.073141e+003;5.193816e-001
3.073624e+003;5.210282e-001
3.074105e+003;5.226668e-001
3.074588e+003;5.243008e-001
3.075070e+003;5.259384e-001
3.075552e+003;5.275878e-001
3.076034e+003;5.292550e-001
3.076516e+003;5.309451e-001
3.076998e+003;5.326577e-001
3.077480e+003;5.343900e-001
3.077963e+003;5.361370e-001
3.078445e+003;5.378928e-001
3.078927e+003;5.396523e-001
3.079409e+003;5.414107e-001
3.079891e+003;5.431648e-001
3.080373e+003;5.449126e-001
3.080855e+003;5.466533e-001
3.081338e+003;5.483900e-001
3.081820e+003;5.501279e-001
3.082302e+003;5.518751e-001
3.082784e+003;5.536408e-001
3.083266e+003;5.554320e-001
3.083748e+003;5.572532e-001
3.084230e+003;5.591019e-001
3.084713e+003;5.609703e-001
3.085195e+003;5.628476e-001
3.085677e+003;5.647227e-001
3.086159e+003;5.665863e-001
3.086641e+003;5.684339e-001
3.087123e+003;5.702656e-001
3.087605e+003;5.720842e-001
3.088088e+003;5.738933e-001
3.088570e+003;5.756968e-001
3.089052e+003;5.774968e-001
3.089534e+003;5.792961e-001
3.090016e+003;5.810984e-001
3.090498e+003;5.829093e-001
3.090980e+003;5.847366e-001
3.091462e+003;5.865871e-001
3.091945e+003;5.884656e-001
3.092427e+003;5.903744e-001
3.092909e+003;5.923104e-001
3.093391e+003;5.942671e-001
3.093873e+003;5.962368e-001
3.094355e+003;5.982126e-001
3.094837e+003;6.001875e-001
3.095320e+003;6.021591e-001
3.095802e+003;6.041254e-001
3.096284e+003;6.060866e-001
3.096766e+003;6.080418e-001
3.097248e+003;6.099907e-001
3.097730e+003;6.119322e-001
3.098212e+003;6.138649e-001
3.098695e+003;6.157882e-001
3.099177e+003;6.177031e-001
3.099659e+003;6.196108e-001
3.100141e+003;6.215162e-001
3.100623e+003;6.234263e-001
3.101105e+003;6.253496e-001
3.101587e+003;6.272945e-001
3.102070e+003;6.292685e-001
3.102552e+003;6.312740e-001
3.103034e+003;6.333094e-001
3.103516e+003;6.353660e-001
3.103998e+003;6.374334e-001
3.104480e+003;6.394979e-001
3.104962e+003;6.415501e-001
3.105445e+003;6.435844e-001
3.105927e+003;6.456023e-001
3.106409e+003;6.476104e-001
3.106891e+003;6.496188e-001
3.107373e+003;6.516375e-001
3.107855e+003;6.536760e-001
3.108337e+003;6.557375e-001
3.108819e+003;6.578218e-001
3.109302e+003;6.599233e-001
3.109784e+003;6.620332e-001
3.110266e+003;6.641407e-001
3.110748e+003;6.662363e-001
3.111230e+003;6.683127e-001
3.111712e+003;6.703704e-001
3.112194e+003;6.724142e-001
3.112677e+003;6.744556e-001
3.113159e+003;6.765079e-001
3.113641e+003;6.785823e-001
3.114123e+003;6.806850e-001
3.114605e+003;6.828125e-001
3.115087e+003;6.849551e-001
3.115569e+003;6.870984e-001
3.116052e+003;6.892287e-001
3.116534e+003;6.913364e-001
3.117016e+003;6.934183e-001
3.117498e+003;6.954795e-001
3.117980e+003;6.975265e-001
3.118462e+003;6.995690e-001
3.118944e+003;7.016152e-001
3.119427e+003;7.036732e-001
3.119909e+003;7.057518e-001
3.120391e+003;7.078602e-001
3.120873e+003;7.100089e-001
3.121355e+003;7.122061e-001
3.121837e+003;7.144528e-001
3.122319e+003;7.167423e-001
3.122802e+003;7.190562e-001
3.123283e+003;7.213730e-001
3.123766e+003;7.236684e-001
3.124248e+003;7.259279e-001
3.124730e+003;7.281470e-001
3.125212e+003;7.303314e-001
3.125694e+003;7.324942e-001
3.126176e+003;7.346485e-001
3.126658e+003;7.368019e-001
3.127141e+003;7.389563e-001
3.127623e+003;7.411088e-001
3.128105e+003;7.432558e-001
3.128587e+003;7.453986e-001
3.129069e+003;7.475438e-001
3.129551e+003;7.497024e-001
3.130033e+003;7.518846e-001
3.130516e+003;7.540936e-001
3.130998e+003;7.563269e-001
3.131480e+003;7.585726e-001
3.131962e+003;7.608172e-001
3.132444e+003;7.630495e-001
3.132926e+003;7.652658e-001
3.133408e+003;7.674690e-001
3.133891e+003;7.696696e-001
3.134373e+003;7.718765e-001
3.134855e+003;7.740993e-001
3.135337e+003;7.763389e-001
3.135819e+003;7.785941e-001
3.136301e+003;7.808585e-001
3.136783e+003;7.831253e-001
3.137266e+003;7.853888e-001
3.137748e+003;7.876447e-001
3.138230e+003;7.898885e-001
3.138712e+003;7.921203e-001
3.139194e+003;7.943382e-001
3.139676e+003;7.965450e-001
3.140158e+003;7.987452e-001
3.140640e+003;8.009452e-001
3.141123e+003;8.031514e-001
3.141605e+003;8.053679e-001
3.142087e+003;8.075944e-001
3.142569e+003;8.098277e-001
3.143051e+003;8.120618e-001
3.143533e+003;8.142935e-001
3.144015e+003;8.165228e-001
3.144498e+003;8.187559e-001
3.144980e+003;8.210004e-001
3.145462e+003;8.232662e-001
3.145944e+003;8.255578e-001
3.146426e+003;8.278747e-001
3.146908e+003;8.302097e-001
3.147390e+003;8.325522e-001
3.147873e+003;8.348908e-001
3.148355e+003;8.372158e-001
3.148837e+003;8.395201e-001
3.149319e+003;8.418002e-001
3.149801e+003;8.440541e-001
3.150283e+003;8.462826e-001
3.150765e+003;8.484877e-001
3.151248e+003;8.506753e-001
3.151730e+003;8.528517e-001
3.152212e+003;8.550252e-001
3.152694e+003;8.572011e-001
3.153176e+003;8.593812e-001
3.153658e+003;8.615621e-001
3.154140e+003;8.637387e-001
3.154623e+003;8.659061e-001
3.155104e+003;8.680636e-001
3.155587e+003;8.702193e-001
3.156069e+003;8.723854e-001
3.156551e+003;8.745753e-001
3.157033e+003;8.767976e-001
3.157515e+003;8.790505e-001
3.157997e+003;8.813226e-001
3.158479e+003;8.835942e-001
3.158962e+003;8.858448e-001
3.159444e+003;8.880607e-001
3.159926e+003;8.902386e-001
3.160408e+003;8.923846e-001
3.160890e+003;8.945145e-001
3.161372e+003;8.966433e-001
3.161854e+003;8.987845e-001
3.162337e+003;9.009463e-001
3.162819e+003;9.031305e-001
3.163301e+003;9.053354e-001
3.163783e+003;9.075581e-001
3.164265e+003;9.097933e-001
3.164747e+003;9.120343e-001
3.165229e+003;9.142690e-001
3.165712e+003;9.164856e-001
3.166194e+003;9.186714e-001
3.166676e+003;9.208181e-001
3.167158e+003;9.229248e-001
3.167640e+003;9.250013e-001
3.168122e+003;9.270636e-001
3.168604e+003;9.291300e-001
3.169086e+003;9.312147e-001
3.169569e+003;9.333250e-001
3.170051e+003;9.354575e-001
3.170533e+003;9.376032e-001
3.171015e+003;9.397492e-001
3.171497e+003;9.418859e-001
3.171979e+003;9.440072e-001
3.172461e+003;9.461121e-001
3.172944e+003;9.482029e-001
3.173426e+003;9.502810e-001
3.173908e+003;9.523479e-001
3.174390e+003;9.544016e-001
3.174872e+003;9.564391e-001
3.175354e+003;9.584573e-001
3.175836e+003;9.604545e-001
3.176319e+003;9.624306e-001
3.176801e+003;9.643859e-001
3.177283e+003;9.663250e-001
3.177765e+003;9.682546e-001
3.178247e+003;9.701849e-001
3.178729e+003;9.721246e-001
3.179211e+003;9.740846e-001
3.179694e+003;9.760690e-001
3.180176e+003;9.780738e-001
3.180658e+003;9.800879e-001
3.181140e+003;9.820958e-001
3.181622e+003;9.840810e-001
3.182104e+003;9.860337e-001
3.182586e+003;9.879544e-001
3.183069e+003;9.898515e-001
3.183551e+003;9.917410e-001
3.184033e+003;9.936361e-001
3.184515e+003;9.955442e-001
3.184997e+003;9.974634e-001
3.185479e+003;9.993833e-001
3.185961e+003;1.001292e+000
3.186443e+003;1.003182e+000
3.186926e+003;1.005051e+000
3.187408e+003;1.006907e+000
3.187890e+003;1.008762e+000
3.188372e+003;1.010624e+000
3.188854e+003;1.012500e+000
3.189336e+003;1.014385e+000
3.189818e+003;1.016273e+000
3.190301e+003;1.018151e+000
3.190783e+003;1.020012e+000
3.191265e+003;1.021851e+000
3.191747e+003;1.023668e+000
3.192229e+003;1.025463e+000
3.192711e+003;1.027239e+000
3.193193e+003;1.028993e+000
3.193676e+003;1.030723e+000
3.194158e+003;1.032429e+000
3.194640e+003;1.034107e+000
3.195122e+003;1.035757e+000
3.195604e+003;1.037384e+000
3.196086e+003;1.038991e+000
3.196568e+003;1.040585e+000
3.197051e+003;1.042172e+000
3.197533e+003;1.043760e+000
3.198015e+003;1.045357e+000
3.198497e+003;1.046964e+000
3.198979e+003;1.048582e+000
3.199461e+003;1.050200e+000
3.199943e+003;1.051804e+000
3.200426e+003;1.053378e+000
3.200907e+003;1.054910e+000
3.201390e+003;1.056398e+000
3.201872e+003;1.057847e+000
3.202354e+003;1.059274e+000
3.202836e+003;1.060699e+000
3.203318e+003;1.062137e+000
3.203800e+003;1.063596e+000
3.204282e+003;1.065072e+000
3.204765e+003;1.066557e+000
3.205247e+003;1.068041e+000
3.205729e+003;1.069515e+000
3.206211e+003;1.070978e+000
3.206693e+003;1.072427e+000
3.207175e+003;1.073865e+000
3.207657e+003;1.075287e+000
3.208140e+003;1.076686e+000
3.208622e+003;1.078052e+000
3.209104e+003;1.079380e+000
3.209586e+003;1.080671e+000
3.210068e+003;1.081933e+000
3.210550e+003;1.083179e+000
3.211032e+003;1.084424e+000
3.211515e+003;1.085675e+000
3.211997e+003;1.086933e+000
3.212479e+003;1.088192e+000
3.212961e+003;1.089445e+000
3.213443e+003;1.090685e+000
3.213925e+003;1.091912e+000
3.214407e+003;1.093128e+000
3.214890e+003;1.094337e+000
3.215372e+003;1.095539e+000
3.215854e+003;1.096735e+000
3.216336e+003;1.097918e+000
3.216818e+003;1.099084e+000
3.217300e+003;1.100232e+000
3.217782e+003;1.101363e+000
3.218264e+003;1.102479e+000
3.218747e+003;1.103577e+000
3.219229e+003;1.104651e+000
3.219711e+003;1.105689e+000
3.220193e+003;1.106683e+000
3.220675e+003;1.107628e+000
3.221157e+003;1.108534e+000
3.221639e+003;1.109419e+000
3.222122e+003;1.110309e+000
3.222604e+003;1.111228e+000
3.223086e+003;1.112185e+000
3.223568e+003;1.113177e+000
3.224050e+003;1.114187e+000
3.224532e+003;1.115196e+000
3.225014e+003;1.116185e+000
3.225497e+003;1.117147e+000
3.225979e+003;1.118085e+000
3.226461e+003;1.119004e+000
3.226943e+003;1.119907e+000
3.227425e+003;1.120792e+000
3.227907e+003;1.121647e+000
3.228389e+003;1.122459e+000
3.228872e+003;1.123219e+000
3.229354e+003;1.123932e+000
3.229836e+003;1.124611e+000
3.230318e+003;1.125279e+000
3.230800e+003;1.125957e+000
3.231282e+003;1.126658e+000
3.231764e+003;1.127383e+000
3.232247e+003;1.128121e+000
3.232729e+003;1.128858e+000
3.233211e+003;1.129581e+000
3.233693e+003;1.130288e+000
3.234175e+003;1.130982e+000
3.234657e+003;1.131670e+000
3.235139e+003;1.132359e+000
3.235621e+003;1.133051e+000
3.236104e+003;1.133737e+000
3.236586e+003;1.134406e+000
3.237068e+003;1.135049e+000
3.237550e+003;1.135656e+000
3.238032e+003;1.136230e+000
3.238514e+003;1.136776e+000
3.238996e+003;1.137305e+000
3.239479e+003;1.137830e+000
3.239961e+003;1.138359e+000
3.240443e+003;1.138895e+000
3.240925e+003;1.139439e+000
3.241407e+003;1.139985e+000
3.241889e+003;1.140523e+000
3.242371e+003;1.141045e+000
3.242854e+003;1.141542e+000
3.243336e+003;1.142009e+000
3.243818e+003;1.142446e+000
3.244300e+003;1.142860e+000
3.244782e+003;1.143260e+000
3.245264e+003;1.143658e+000
3.245746e+003;1.144062e+000
3.246229e+003;1.144474e+000
3.246711e+003;1.144888e+000
3.247193e+003;1.145297e+000
3.247675e+003;1.145692e+000
3.248157e+003;1.146066e+000
3.248639e+003;1.146422e+000
3.249121e+003;1.146764e+000
3.249604e+003;1.147101e+000
3.250085e+003;1.147438e+000
3.250568e+003;1.147781e+000
3.251050e+003;1.148128e+000
3.251532e+003;1.148477e+000
3.252014e+003;1.148822e+000
3.252496e+003;1.149159e+000
3.252978e+003;1.149484e+000
3.253460e+003;1.149793e+000
3.253943e+003;1.150081e+000
3.254425e+003;1.150347e+000
3.254907e+003;1.150589e+000
3.255389e+003;1.150814e+000
3.255871e+003;1.151030e+000
3.256353e+003;1.151250e+000
3.256835e+003;1.151485e+000
3.257318e+003;1.151741e+000
3.257800e+003;1.152012e+000
3.258282e+003;1.152286e+000
3.258764e+003;1.152546e+000
3.259246e+003;1.152777e+000
3.259728e+003;1.152974e+000
3.260210e+003;1.153138e+000
3.260693e+003;1.153279e+000
3.261175e+003;1.153409e+000
3.261657e+003;1.153537e+000
3.262139e+003;1.153666e+000
3.262621e+003;1.153798e+000
3.263103e+003;1.153931e+000
3.263585e+003;1.154067e+000
3.264068e+003;1.154213e+000
3.264550e+003;1.154375e+000
3.265032e+003;1.154562e+000
3.265514e+003;1.154770e+000
3.265996e+003;1.154992e+000
3.266478e+003;1.155212e+000
3.266960e+003;1.155415e+000
3.267442e+003;1.155590e+000
3.267925e+003;1.155734e+000
3.268407e+003;1.155853e+000
3.268889e+003;1.155959e+000
3.269371e+003;1.156061e+000
3.269853e+003;1.156165e+000
3.270335e+003;1.156272e+000
3.270817e+003;1.156378e+000
3.271300e+003;1.156481e+000
3.271782e+003;1.156578e+000
3.272264e+003;1.156671e+000
3.272746e+003;1.156763e+000
3.273228e+003;1.156857e+000
3.273710e+003;1.156951e+000
3.274192e+003;1.157044e+000
3.274675e+003;1.157130e+000
3.275157e+003;1.157208e+000
3.275639e+003;1.157278e+000
3.276121e+003;1.157344e+000
3.276603e+003;1.157404e+000
3.277085e+003;1.157456e+000
3.277567e+003;1.157495e+000
3.278050e+003;1.157511e+000
3.278532e+003;1.157504e+000
3.279014e+003;1.157475e+000
3.279496e+003;1.157437e+000
3.279978e+003;1.157407e+000
3.280460e+003;1.157401e+000
3.280942e+003;1.157427e+000
3.281425e+003;1.157485e+000
3.281906e+003;1.157565e+000
3.282389e+003;1.157652e+000
3.282871e+003;1.157737e+000
3.283353e+003;1.157814e+000
3.283835e+003;1.157887e+000
3.284317e+003;1.157961e+000
3.284799e+003;1.158041e+000
3.285281e+003;1.158127e+000
3.285764e+003;1.158217e+000
3.286246e+003;1.158304e+000
3.286728e+003;1.158389e+000
3.287210e+003;1.158477e+000
3.287692e+003;1.158579e+000
3.288174e+003;1.158708e+000
3.288656e+003;1.158867e+000
3.289139e+003;1.159051e+000
3.289621e+003;1.159242e+000
3.290103e+003;1.159418e+000
3.290585e+003;1.159557e+000
3.291067e+003;1.159646e+000
3.291549e+003;1.159687e+000
3.292031e+003;1.159693e+000
3.292514e+003;1.159684e+000
3.292996e+003;1.159678e+000
3.293478e+003;1.159685e+000
3.293960e+003;1.159707e+000
3.294442e+003;1.159733e+000
3.294924e+003;1.159756e+000
3.295406e+003;1.159764e+000
3.295889e+003;1.159754e+000
3.296371e+003;1.159726e+000
3.296853e+003;1.159689e+000
3.297335e+003;1.159649e+000
3.297817e+003;1.159618e+000
3.298299e+003;1.159603e+000
3.298781e+003;1.159610e+000
3.299263e+003;1.159644e+000
3.299746e+003;1.159704e+000
3.300228e+003;1.159789e+000
3.300710e+003;1.159892e+000
3.301192e+003;1.160005e+000
3.301674e+003;1.160121e+000
3.302156e+003;1.160229e+000
3.302638e+003;1.160324e+000
3.303121e+003;1.160401e+000
3.303603e+003;1.160456e+000
3.304085e+003;1.160486e+000
3.304567e+003;1.160492e+000
3.305049e+003;1.160478e+000
3.305531e+003;1.160451e+000
3.306013e+003;1.160423e+000
3.306496e+003;1.160410e+000
3.306978e+003;1.160423e+000
3.307460e+003;1.160468e+000
3.307942e+003;1.160542e+000
3.308424e+003;1.160636e+000
3.308906e+003;1.160735e+000
3.309388e+003;1.160829e+000
3.309871e+003;1.160908e+000
3.310353e+003;1.160972e+000
3.310835e+003;1.161024e+000
3.311317e+003;1.161066e+000
3.311799e+003;1.161093e+000
3.312281e+003;1.161097e+000
3.312763e+003;1.161071e+000
3.313246e+003;1.161010e+000
3.313728e+003;1.160918e+000
3.314210e+003;1.160813e+000
3.314692e+003;1.160718e+000
3.315174e+003;1.160657e+000
3.315656e+003;1.160643e+000
3.316138e+003;1.160674e+000
3.316620e+003;1.160736e+000
3.317103e+003;1.160808e+000
3.317585e+003;1.160869e+000
3.318067e+003;1.160909e+000
3.318549e+003;1.160928e+000
3.319031e+003;1.160938e+000
3.319513e+003;1.160952e+000
3.319995e+003;1.160980e+000
3.320478e+003;1.161025e+000
3.320960e+003;1.161082e+000
3.321442e+003;1.161138e+000
3.321924e+003;1.161186e+000
3.322406e+003;1.161219e+000
3.322888e+003;1.161236e+000
3.323370e+003;1.161239e+000
3.323853e+003;1.161232e+000
3.324335e+003;1.161219e+000
3.324817e+003;1.161203e+000
3.325299e+003;1.161187e+000
3.325781e+003;1.161179e+000
3.326263e+003;1.161186e+000
3.326745e+003;1.161214e+000
3.327228e+003;1.161256e+000
3.327710e+003;1.161302e+000
3.328192e+003;1.161330e+000
3.328674e+003;1.161315e+000
3.329156e+003;1.161238e+000
3.329638e+003;1.161088e+000
3.330120e+003;1.160873e+000
3.330603e+003;1.160615e+000
3.331084e+003;1.160341e+000
3.331567e+003;1.160083e+000
3.332049e+003;1.159863e+000
3.332531e+003;1.159692e+000
3.333013e+003;1.159569e+000
3.333495e+003;1.159483e+000
3.333977e+003;1.159418e+000
3.334459e+003;1.159357e+000
3.334942e+003;1.159287e+000
3.335424e+003;1.159199e+000
3.335906e+003;1.159087e+000
3.336388e+003;1.158952e+000
3.336870e+003;1.158797e+000
3.337352e+003;1.158630e+000
3.337834e+003;1.158456e+000
3.338317e+003;1.158283e+000
3.338799e+003;1.158113e+000
3.339281e+003;1.157948e+000
3.339763e+003;1.157784e+000
3.340245e+003;1.157622e+000
3.340727e+003;1.157459e+000
3.341209e+003;1.157296e+000
3.341692e+003;1.157136e+000
3.342174e+003;1.156979e+000
3.342656e+003;1.156822e+000
3.343138e+003;1.156661e+000
3.343620e+003;1.156491e+000
3.344102e+003;1.156304e+000
3.344584e+003;1.156099e+000
3.345067e+003;1.155876e+000
3.345549e+003;1.155637e+000
3.346031e+003;1.155385e+000
3.346513e+003;1.155114e+000
3.346995e+003;1.154817e+000
3.347477e+003;1.154480e+000
3.347959e+003;1.154097e+000
3.348441e+003;1.153665e+000
3.348924e+003;1.153196e+000
3.349406e+003;1.152711e+000
3.349888e+003;1.152231e+000
3.350370e+003;1.151779e+000
3.350852e+003;1.151364e+000
3.351334e+003;1.150986e+000
3.351816e+003;1.150635e+000
3.352299e+003;1.150298e+000
3.352781e+003;1.149967e+000
3.353263e+003;1.149636e+000
3.353745e+003;1.149305e+000
3.354227e+003;1.148975e+000
3.354709e+003;1.148641e+000
3.355191e+003;1.148294e+000
3.355674e+003;1.147918e+000
3.356156e+003;1.147500e+000
3.356638e+003;1.147034e+000
3.357120e+003;1.146524e+000
3.357602e+003;1.145984e+000
3.358084e+003;1.145429e+000
3.358566e+003;1.144878e+000
3.359049e+003;1.144338e+000
3.359531e+003;1.143807e+000
3.360013e+003;1.143274e+000
3.360495e+003;1.142727e+000
3.360977e+003;1.142157e+000
3.361459e+003;1.141562e+000
3.361941e+003;1.140945e+000
3.362424e+003;1.140313e+000
3.362906e+003;1.139673e+000
3.363388e+003;1.139029e+000
3.363870e+003;1.138379e+000
3.364352e+003;1.137719e+000
3.364834e+003;1.137048e+000
3.365316e+003;1.136367e+000
3.365798e+003;1.135681e+000
3.366281e+003;1.134998e+000
3.366763e+003;1.134328e+000
3.367245e+003;1.133674e+000
3.367727e+003;1.133039e+000
3.368209e+003;1.132418e+000
3.368691e+003;1.131802e+000
3.369173e+003;1.131181e+000
3.369656e+003;1.130543e+000
3.370138e+003;1.129877e+000
3.370620e+003;1.129175e+000
3.371102e+003;1.128434e+000
3.371584e+003;1.127651e+000
3.372066e+003;1.126833e+000
3.372548e+003;1.125990e+000
3.373031e+003;1.125135e+000
3.373513e+003;1.124284e+000
3.373995e+003;1.123449e+000
3.374477e+003;1.122638e+000
3.374959e+003;1.121848e+000
3.375441e+003;1.121073e+000
3.375923e+003;1.120296e+000
3.376406e+003;1.119500e+000
3.376888e+003;1.118668e+000
3.377370e+003;1.117786e+000
3.377852e+003;1.116848e+000
3.378334e+003;1.115852e+000
3.378816e+003;1.114806e+000
3.379298e+003;1.113720e+000
3.379781e+003;1.112609e+000
3.380262e+003;1.111484e+000
3.380745e+003;1.110358e+000
3.381227e+003;1.109239e+000
3.381709e+003;1.108133e+000
3.382191e+003;1.107044e+000
3.382673e+003;1.105971e+000
3.383155e+003;1.104918e+000
3.383637e+003;1.103878e+000
3.384120e+003;1.102849e+000
3.384602e+003;1.101819e+000
3.385084e+003;1.100776e+000
3.385566e+003;1.099705e+000
3.386048e+003;1.098598e+000
3.386530e+003;1.097451e+000
3.387012e+003;1.096269e+000
3.387495e+003;1.095067e+000
3.387977e+003;1.093860e+000
3.388459e+003;1.092664e+000
3.388941e+003;1.091486e+000
3.389423e+003;1.090329e+000
3.389905e+003;1.089183e+000
3.390387e+003;1.088038e+000
3.390870e+003;1.086884e+000
3.391352e+003;1.085715e+000
3.391834e+003;1.084530e+000
3.392316e+003;1.083332e+000
3.392798e+003;1.082124e+000
3.393280e+003;1.080908e+000
3.393762e+003;1.079683e+000
3.394245e+003;1.078444e+000
3.394727e+003;1.077188e+000
3.395209e+003;1.075914e+000
3.395691e+003;1.074621e+000
3.396173e+003;1.073310e+000
3.396655e+003;1.071979e+000
3.397137e+003;1.070621e+000
3.397619e+003;1.069231e+000
3.398102e+003;1.067801e+000
3.398584e+003;1.066333e+000
3.399066e+003;1.064837e+000
3.399548e+003;1.063331e+000
3.400030e+003;1.061840e+000
3.400512e+003;1.060383e+000
3.400994e+003;1.058972e+000
3.401477e+003;1.057601e+000
3.401959e+003;1.056254e+000
3.402441e+003;1.054902e+000
3.402923e+003;1.053521e+000
3.403405e+003;1.052089e+000
3.403887e+003;1.050599e+000
3.404369e+003;1.049056e+000
3.404852e+003;1.047476e+000
3.405334e+003;1.045875e+000
3.405816e+003;1.044275e+000
3.406298e+003;1.042689e+000
3.406780e+003;1.041127e+000
3.407262e+003;1.039594e+000
3.407744e+003;1.038089e+000
3.408227e+003;1.036607e+000
3.408709e+003;1.035138e+000
3.409191e+003;1.033670e+000
3.409673e+003;1.032189e+000
3.410155e+003;1.030683e+000
3.410637e+003;1.029144e+000
3.411119e+003;1.027570e+000
3.411602e+003;1.025966e+000
3.412083e+003;1.024337e+000
3.412566e+003;1.022695e+000
3.413048e+003;1.021044e+000
3.413530e+003;1.019388e+000
3.414012e+003;1.017726e+000
3.414494e+003;1.016057e+000
3.414976e+003;1.014381e+000
3.415458e+003;1.012699e+000
3.415941e+003;1.011012e+000
3.416423e+003;1.009322e+000
3.416905e+003;1.007626e+000
3.417387e+003;1.005922e+000
3.417869e+003;1.004209e+000
3.418351e+003;1.002492e+000
3.418833e+003;1.000779e+000
3.419316e+003;9.990864e-001
3.419798e+003;9.974298e-001
3.420280e+003;9.958205e-001
3.420762e+003;9.942545e-001
3.421244e+003;9.927168e-001
3.421726e+003;9.911804e-001
3.422208e+003;9.896153e-001
3.422691e+003;9.879979e-001
3.423173e+003;9.863178e-001
3.423655e+003;9.845791e-001
3.424137e+003;9.827991e-001
3.424619e+003;9.809967e-001
3.425101e+003;9.791881e-001
3.425583e+003;9.773784e-001
3.426066e+003;9.755644e-001
3.426548e+003;9.737382e-001
3.427030e+003;9.718955e-001
3.427512e+003;9.700378e-001
3.427994e+003;9.681778e-001
3.428476e+003;9.663338e-001
3.428958e+003;9.645228e-001
3.429440e+003;9.627525e-001
3.429923e+003;9.610210e-001
3.430405e+003;9.593143e-001
3.430887e+003;9.576135e-001
3.431369e+003;9.558985e-001
3.431851e+003;9.541587e-001
3.432333e+003;9.523883e-001
3.432815e+003;9.505942e-001
3.433298e+003;9.487845e-001
3.433780e+003;9.469717e-001
3.434262e+003;9.451641e-001
3.434744e+003;9.433705e-001
3.435226e+003;9.415953e-001
3.435708e+003;9.398432e-001
3.436190e+003;9.381151e-001
3.436673e+003;9.364095e-001
3.437155e+003;9.347188e-001
3.437637e+003;9.330310e-001
3.438119e+003;9.313313e-001
3.438601e+003;9.296067e-001
3.439083e+003;9.278485e-001
3.439565e+003;9.260561e-001
3.440048e+003;9.242347e-001
3.440530e+003;9.223939e-001
3.441012e+003;9.205408e-001
3.441494e+003;9.186826e-001
3.441976e+003;9.168178e-001
3.442458e+003;9.149464e-001
3.442940e+003;9.130682e-001
3.443423e+003;9.111910e-001
3.443905e+003;9.093282e-001
3.444387e+003;9.074970e-001
3.444869e+003;9.057128e-001
3.445351e+003;9.039831e-001
3.445833e+003;9.023028e-001
3.446315e+003;9.006540e-001
3.446797e+003;8.990105e-001
3.447280e+003;8.973456e-001
3.447762e+003;8.956376e-001
3.448244e+003;8.938770e-001
3.448726e+003;8.920656e-001
3.449208e+003;8.902172e-001
3.449690e+003;8.883476e-001
3.450172e+003;8.864747e-001
3.450655e+003;8.846099e-001
3.451137e+003;8.827602e-001
3.451619e+003;8.809259e-001
3.452101e+003;8.791022e-001
3.452583e+003;8.772839e-001
3.453065e+003;8.754653e-001
3.453547e+003;8.736408e-001
3.454030e+003;8.718083e-001
3.454512e+003;8.699678e-001
3.454994e+003;8.681218e-001
3.455476e+003;8.662744e-001
3.455958e+003;8.644298e-001
3.456440e+003;8.625926e-001
3.456922e+003;8.607661e-001
3.457405e+003;8.589517e-001
3.457887e+003;8.571516e-001
3.458369e+003;8.553672e-001
3.458851e+003;8.536026e-001
3.459333e+003;8.518632e-001
3.459815e+003;8.501520e-001
3.460297e+003;8.484716e-001
3.460780e+003;8.468187e-001
3.461261e+003;8.451831e-001
3.461744e+003;8.435522e-001
3.462226e+003;8.419092e-001
3.462708e+003;8.402397e-001
3.463190e+003;8.385321e-001
3.463672e+003;8.367827e-001
3.464154e+003;8.349928e-001
3.464636e+003;8.331685e-001
3.465119e+003;8.313175e-001
3.465601e+003;8.294496e-001
3.466083e+003;8.275737e-001
3.466565e+003;8.256989e-001
3.467047e+003;8.238333e-001
3.467529e+003;8.219830e-001
3.468011e+003;8.201512e-001
3.468494e+003;8.183360e-001
3.468976e+003;8.165321e-001
3.469458e+003;8.147312e-001
3.469940e+003;8.129249e-001
3.470422e+003;8.111094e-001
3.470904e+003;8.092877e-001
3.471386e+003;8.074695e-001
3.471869e+003;8.056684e-001
3.472351e+003;8.039004e-001
3.472833e+003;8.021751e-001
3.473315e+003;8.004960e-001
3.473797e+003;7.988568e-001
3.474279e+003;7.972449e-001
3.474761e+003;7.956434e-001
3.475244e+003;7.940356e-001
3.475726e+003;7.924075e-001
3.476208e+003;7.907497e-001
3.476690e+003;7.890577e-001
3.477172e+003;7.873299e-001
3.477654e+003;7.855690e-001
3.478136e+003;7.837799e-001
3.478618e+003;7.819705e-001
3.479101e+003;7.801517e-001
3.479583e+003;7.783328e-001
3.480065e+003;7.765243e-001
3.480547e+003;7.747310e-001
3.481029e+003;7.729548e-001
3.481511e+003;7.711919e-001
3.481993e+003;7.694367e-001
3.482476e+003;7.676839e-001
3.482958e+003;7.659281e-001
3.483440e+003;7.641696e-001
3.483922e+003;7.624087e-001
3.484404e+003;7.606490e-001
3.484886e+003;7.588931e-001
3.485368e+003;7.571428e-001
3.485851e+003;7.553980e-001
3.486333e+003;7.536590e-001
3.486815e+003;7.519267e-001
3.487297e+003;7.502028e-001
3.487779e+003;7.484903e-001
3.488261e+003;7.467917e-001
3.488743e+003;7.451094e-001
3.489226e+003;7.434427e-001
3.489708e+003;7.417881e-001
3.490190e+003;7.401401e-001
3.490672e+003;7.384913e-001
3.491154e+003;7.368335e-001
3.491636e+003;7.351588e-001
3.492118e+003;7.334600e-001
3.492601e+003;7.317326e-001
3.493083e+003;7.299758e-001
3.493565e+003;7.281925e-001
3.494047e+003;7.263908e-001
3.494529e+003;7.245833e-001
3.495011e+003;7.227819e-001
3.495493e+003;7.210000e-001
3.495975e+003;7.192425e-001
3.496458e+003;7.175095e-001
3.496940e+003;7.157934e-001
3.497422e+003;7.140830e-001
3.497904e+003;7.123674e-001
3.498386e+003;7.106401e-001
3.498868e+003;7.089031e-001
3.499350e+003;7.071643e-001
3.499833e+003;7.054362e-001
3.500315e+003;7.037307e-001
3.500797e+003;7.020532e-001
3.501279e+003;7.004031e-001
3.501761e+003;6.987712e-001
3.502243e+003;6.971462e-001
3.502725e+003;6.955155e-001
3.503208e+003;6.938747e-001
3.503690e+003;6.922228e-001
3.504172e+003;6.905661e-001
3.504654e+003;6.889122e-001
3.505136e+003;6.872656e-001
3.505618e+003;6.856270e-001
3.506100e+003;6.839896e-001
3.506583e+003;6.823446e-001
3.507065e+003;6.806822e-001
3.507547e+003;6.789976e-001
3.508029e+003;6.772911e-001
3.508511e+003;6.755680e-001
3.508993e+003;6.738372e-001
3.509475e+003;6.721056e-001
3.509958e+003;6.703761e-001
3.510439e+003;6.686472e-001
3.510922e+003;6.669122e-001
3.511404e+003;6.651658e-001
3.511886e+003;6.634032e-001
3.512368e+003;6.616250e-001
3.512850e+003;6.598383e-001
3.513332e+003;6.580530e-001
3.513814e+003;6.562801e-001
3.514297e+003;6.545289e-001
3.514779e+003;6.528041e-001
3.515261e+003;6.511070e-001
3.515743e+003;6.494347e-001
3.516225e+003;6.477796e-001
3.516707e+003;6.461346e-001
3.517189e+003;6.444932e-001
3.517672e+003;6.428472e-001
3.518154e+003;6.411926e-001
3.518636e+003;6.395274e-001
3.519118e+003;6.378525e-001
3.519600e+003;6.361738e-001
3.520082e+003;6.344979e-001
3.520564e+003;6.328315e-001
3.521047e+003;6.311772e-001
3.521529e+003;6.295321e-001
3.522011e+003;6.278880e-001
3.522493e+003;6.262314e-001
3.522975e+003;6.245497e-001
3.523457e+003;6.228353e-001
3.523939e+003;6.210893e-001
3.524422e+003;6.193209e-001
3.524904e+003;6.175460e-001
3.525386e+003;6.157836e-001
3.525868e+003;6.140460e-001
3.526350e+003;6.123414e-001
3.526832e+003;6.106667e-001
3.527314e+003;6.090144e-001
3.527796e+003;6.073737e-001
3.528279e+003;6.057369e-001
3.528761e+003;6.041005e-001
3.529243e+003;6.024634e-001
3.529725e+003;6.008303e-001
3.530207e+003;5.992012e-001
3.530689e+003;5.975745e-001
3.531171e+003;5.959472e-001
3.531654e+003;5.943128e-001
3.532136e+003;5.926684e-001
3.532618e+003;5.910136e-001
3.533100e+003;5.893533e-001
3.533582e+003;5.876947e-001
3.534064e+003;5.860459e-001
3.534546e+003;5.844116e-001
3.535029e+003;5.827925e-001
3.535511e+003;5.811828e-001
3.535993e+003;5.795729e-001
3.536475e+003;5.779525e-001
3.536957e+003;5.763102e-001
3.537439e+003;5.746393e-001
3.537921e+003;5.729394e-001
3.538404e+003;5.712145e-001
3.538886e+003;5.694746e-001
3.539368e+003;5.677322e-001
3.539850e+003;5.659999e-001
3.540332e+003;5.642863e-001
3.540814e+003;5.625951e-001
3.541296e+003;5.609223e-001
3.541779e+003;5.592602e-001
3.542260e+003;5.575982e-001
3.542743e+003;5.559291e-001
3.543225e+003;5.542521e-001
3.543707e+003;5.525731e-001
3.544189e+003;5.509039e-001
3.544671e+003;5.492567e-001
3.545153e+003;5.476392e-001
3.545635e+003;5.460519e-001
3.546118e+003;5.444863e-001
3.546600e+003;5.429296e-001
3.547082e+003;5.413685e-001
3.547564e+003;5.397963e-001
3.548046e+003;5.382141e-001
3.548528e+003;5.366313e-001
3.549010e+003;5.350595e-001
3.549493e+003;5.335074e-001
3.549975e+003;5.319771e-001
3.550457e+003;5.304614e-001
3.550939e+003;5.289465e-001
3.551421e+003;5.274169e-001
3.551903e+003;5.258622e-001
3.552385e+003;5.242797e-001
3.552868e+003;5.226743e-001
3.553350e+003;5.210567e-001
3.553832e+003;5.194396e-001
3.554314e+003;5.178304e-001
3.554796e+003;5.162311e-001
3.555278e+003;5.146380e-001
3.555760e+003;5.130438e-001
3.556243e+003;5.114422e-001
3.556725e+003;5.098303e-001
3.557207e+003;5.082114e-001
3.557689e+003;5.065921e-001
3.558171e+003;5.049832e-001
3.558653e+003;5.033941e-001
3.559135e+003;5.018322e-001
3.559617e+003;5.002996e-001
3.560100e+003;4.987932e-001
3.560582e+003;4.973048e-001
3.561064e+003;4.958240e-001
3.561546e+003;4.943388e-001
3.562028e+003;4.928397e-001
3.562510e+003;4.913206e-001
3.562992e+003;4.897823e-001
3.563475e+003;4.882325e-001
3.563957e+003;4.866818e-001
3.564439e+003;4.851420e-001
3.564921e+003;4.836265e-001
3.565403e+003;4.821404e-001
3.565885e+003;4.806848e-001
3.566367e+003;4.792528e-001
3.566850e+003;4.778332e-001
3.567332e+003;4.764130e-001
3.567814e+003;4.749790e-001
3.568296e+003;4.735222e-001
3.568778e+003;4.720367e-001
3.569260e+003;4.705207e-001
3.569742e+003;4.689761e-001
3.570225e+003;4.674068e-001
3.570707e+003;4.658201e-001
3.571189e+003;4.642225e-001
3.571671e+003;4.626243e-001
3.572153e+003;4.610337e-001
3.572635e+003;4.594597e-001
3.573117e+003;4.579085e-001
3.573599e+003;4.563841e-001
3.574082e+003;4.548861e-001
3.574564e+003;4.534112e-001
3.575046e+003;4.519537e-001
3.575528e+003;4.505067e-001
3.576010e+003;4.490659e-001
3.576492e+003;4.476273e-001
3.576974e+003;4.461911e-001
3.577457e+003;4.447616e-001
3.577939e+003;4.433431e-001
3.578421e+003;4.419396e-001
3.578903e+003;4.405541e-001
3.579385e+003;4.391842e-001
3.579867e+003;4.378235e-001
3.580349e+003;4.364631e-001
3.580832e+003;4.350925e-001
3.581314e+003;4.337046e-001
3.581796e+003;4.322945e-001
3.582278e+003;4.308631e-001
3.582760e+003;4.294158e-001
3.583242e+003;4.279618e-001
3.583724e+003;4.265119e-001
3.584207e+003;4.250755e-001
3.584689e+003;4.236621e-001
3.585171e+003;4.222773e-001
3.585653e+003;4.209231e-001
3.586135e+003;4.195981e-001
3.586617e+003;4.182933e-001
3.587099e+003;4.169967e-001
3.587582e+003;4.156916e-001
3.588063e+003;4.143612e-001
3.588546e+003;4.129924e-001
3.589028e+003;4.115823e-001
3.589510e+003;4.101376e-001
3.589992e+003;4.086747e-001
3.590474e+003;4.072183e-001
3.590956e+003;4.057921e-001
3.591438e+003;4.044146e-001
3.591921e+003;4.030927e-001
3.592403e+003;4.018216e-001
3.592885e+003;4.005883e-001
3.593367e+003;3.993727e-001
3.593849e+003;3.981580e-001
3.594331e+003;3.969326e-001
3.594813e+003;3.956919e-001
3.595296e+003;3.944369e-001
3.595778e+003;3.931706e-001
3.596260e+003;3.918961e-001
3.596742e+003;3.906122e-001
3.597224e+003;3.893163e-001
3.597706e+003;3.880035e-001
3.598188e+003;3.866706e-001
3.598671e+003;3.853163e-001
3.599153e+003;3.839444e-001
3.599635e+003;3.825603e-001
3.600117e+003;3.811721e-001
3.600599e+003;3.797883e-001
3.601081e+003;3.784148e-001
3.601563e+003;3.770572e-001
3.602046e+003;3.757158e-001
3.602528e+003;3.743883e-001
3.603010e+003;3.730704e-001
3.603492e+003;3.717563e-001
3.603974e+003;3.704413e-001
3.604456e+003;3.691266e-001
3.604938e+003;3.678161e-001
3.605420e+003;3.665211e-001
3.605903e+003;3.652519e-001
3.606385e+003;3.640172e-001
3.606867e+003;3.628156e-001
3.607349e+003;3.616351e-001
3.607831e+003;3.604536e-001
3.608313e+003;3.592453e-001
3.608795e+003;3.579882e-001
3.609278e+003;3.566713e-001
3.609760e+003;3.553026e-001
3.610242e+003;3.539062e-001
3.610724e+003;3.525145e-001
3.611206e+003;3.511616e-001
3.611688e+003;3.498719e-001
3.612170e+003;3.486525e-001
3.612653e+003;3.474914e-001
3.613135e+003;3.463627e-001
3.613617e+003;3.452338e-001
3.614099e+003;3.440742e-001
3.614581e+003;3.428643e-001
3.615063e+003;3.415992e-001
3.615545e+003;3.402888e-001
3.616028e+003;3.389542e-001
3.616510e+003;3.376191e-001
3.616992e+003;3.363060e-001
3.617474e+003;3.350278e-001
3.617956e+003;3.337848e-001
3.618438e+003;3.325636e-001
3.618920e+003;3.313432e-001
3.619403e+003;3.300976e-001
3.619885e+003;3.288066e-001
3.620367e+003;3.274587e-001
3.620849e+003;3.260574e-001
3.621331e+003;3.246164e-001
3.621813e+003;3.231561e-001
3.622295e+003;3.216954e-001
3.622777e+003;3.202462e-001
3.623260e+003;3.188100e-001
3.623742e+003;3.173831e-001
3.624224e+003;3.159578e-001
3.624706e+003;3.145346e-001
3.625188e+003;3.131250e-001
3.625670e+003;3.117508e-001
3.626152e+003;3.104412e-001
3.626635e+003;3.092207e-001
3.627117e+003;3.080996e-001
3.627599e+003;3.070663e-001
3.628081e+003;3.060865e-001
3.628563e+003;3.051105e-001
3.629045e+003;3.040873e-001
3.629527e+003;3.029760e-001
3.630010e+003;3.017578e-001
3.630492e+003;3.004354e-001
3.630974e+003;2.990292e-001
3.631456e+003;2.975692e-001
3.631938e+003;2.960811e-001
3.632420e+003;2.945862e-001
3.632902e+003;2.930958e-001
3.633385e+003;2.916161e-001
3.633867e+003;2.901498e-001
3.634349e+003;2.887021e-001
3.634831e+003;2.872779e-001
3.635313e+003;2.858825e-001
3.635795e+003;2.845179e-001
3.636277e+003;2.831778e-001
3.636760e+003;2.818497e-001
3.637241e+003;2.805167e-001
3.637724e+003;2.791607e-001
3.638206e+003;2.777710e-001
3.638688e+003;2.763442e-001
3.639170e+003;2.748880e-001
3.639652e+003;2.734154e-001
3.640134e+003;2.719420e-001
3.640616e+003;2.704801e-001
3.641099e+003;2.690337e-001
3.641581e+003;2.675993e-001
3.642063e+003;2.661676e-001
3.642545e+003;2.647270e-001
3.643027e+003;2.632692e-001
3.643509e+003;2.617911e-001
3.643991e+003;2.602954e-001
3.644474e+003;2.587908e-001
3.644956e+003;2.572882e-001
3.645438e+003;2.557993e-001
3.645920e+003;2.543343e-001
3.646402e+003;2.529019e-001
3.646884e+003;2.515079e-001
3.647366e+003;2.501550e-001
3.647849e+003;2.488417e-001
3.648331e+003;2.475585e-001
3.648813e+003;2.462899e-001
3.649295e+003;2.450138e-001
3.649777e+003;2.437048e-001
3.650259e+003;2.423407e-001
3.650741e+003;2.409077e-001
3.651224e+003;2.394056e-001
3.651706e+003;2.378484e-001
3.652188e+003;2.362594e-001
3.652670e+003;2.346679e-001
3.653152e+003;2.330984e-001
3.653634e+003;2.315645e-001
3.654116e+003;2.300696e-001
3.654598e+003;2.286032e-001
3.655081e+003;2.271481e-001
3.655563e+003;2.256867e-001
3.656045e+003;2.242054e-001
3.656527e+003;2.226988e-001
3.657009e+003;2.211688e-001
3.657491e+003;2.196229e-001
3.657973e+003;2.180706e-001
3.658456e+003;2.165217e-001
3.658938e+003;2.149844e-001
3.659420e+003;2.134654e-001
3.659902e+003;2.119739e-001
3.660384e+003;2.105146e-001
3.660866e+003;2.090919e-001
3.661348e+003;2.077058e-001
3.661831e+003;2.063500e-001
3.662313e+003;2.050112e-001
3.662795e+003;2.036723e-001
3.663277e+003;2.023158e-001
3.663759e+003;2.009273e-001
3.664241e+003;1.994992e-001
3.664723e+003;1.980323e-001
3.665206e+003;1.965379e-001
3.665688e+003;1.950333e-001
3.666170e+003;1.935428e-001
3.666652e+003;1.920924e-001
3.667134e+003;1.907084e-001
3.667616e+003;1.894096e-001
3.668098e+003;1.882045e-001
3.668581e+003;1.870832e-001
3.669063e+003;1.860180e-001
3.669545e+003;1.849650e-001
3.670027e+003;1.838721e-001
3.670509e+003;1.826955e-001
3.670991e+003;1.814124e-001
3.671473e+003;1.800303e-001
3.671955e+003;1.785884e-001
3.672438e+003;1.771453e-001
3.672920e+003;1.757634e-001
3.673402e+003;1.744913e-001
3.673884e+003;1.733465e-001
3.674366e+003;1.723113e-001
3.674848e+003;1.713386e-001
3.675330e+003;1.703669e-001
3.675813e+003;1.693435e-001
3.676295e+003;1.682421e-001
3.676777e+003;1.670673e-001
3.677259e+003;1.658526e-001
3.677741e+003;1.646440e-001
3.678223e+003;1.634834e-001
3.678705e+003;1.623969e-001
3.679188e+003;1.613898e-001
3.679670e+003;1.604493e-001
3.680152e+003;1.595513e-001
3.680634e+003;1.586718e-001
3.681116e+003;1.577896e-001
3.681598e+003;1.568931e-001
3.682080e+003;1.559737e-001
3.682563e+003;1.550278e-001
3.683045e+003;1.540541e-001
3.683527e+003;1.530581e-001
3.684009e+003;1.520528e-001
3.684491e+003;1.510613e-001
3.684973e+003;1.501158e-001
3.685455e+003;1.492487e-001
3.685938e+003;1.484846e-001
3.686419e+003;1.478299e-001
3.686902e+003;1.472717e-001
3.687384e+003;1.467759e-001
3.687866e+003;1.463007e-001
3.688348e+003;1.458046e-001
3.688830e+003;1.452608e-001
3.689312e+003;1.446598e-001
3.689794e+003;1.440074e-001
3.690277e+003;1.433184e-001
3.690759e+003;1.426074e-001
3.691241e+003;1.418834e-001
3.691723e+003;1.411517e-001
3.692205e+003;1.404132e-001
3.692687e+003;1.396731e-001
3.693169e+003;1.389398e-001
3.693652e+003;1.382266e-001
3.694134e+003;1.375457e-001
3.694616e+003;1.369049e-001
3.695098e+003;1.363051e-001
3.695580e+003;1.357379e-001
3.696062e+003;1.351916e-001
3.696544e+003;1.346564e-001
3.697027e+003;1.341277e-001
3.697509e+003;1.336076e-001
3.697991e+003;1.331026e-001
3.698473e+003;1.326198e-001
3.698955e+003;1.321639e-001
3.699437e+003;1.317325e-001
3.699919e+003;1.313194e-001
3.700402e+003;1.309160e-001
3.700884e+003;1.305159e-001
3.701366e+003;1.301149e-001
3.701848e+003;1.297131e-001
3.702330e+003;1.293109e-001
3.702812e+003;1.289101e-001
3.703294e+003;1.285103e-001
3.703776e+003;1.281114e-001
3.704259e+003;1.277137e-001
3.704741e+003;1.273217e-001
3.705223e+003;1.269403e-001
3.705705e+003;1.265753e-001
3.706187e+003;1.262282e-001
3.706669e+003;1.258958e-001
3.707151e+003;1.255703e-001
3.707634e+003;1.252419e-001
3.708116e+003;1.249040e-001
3.708598e+003;1.245603e-001
3.709080e+003;1.242222e-001
3.709562e+003;1.239084e-001
3.710044e+003;1.236373e-001
3.710526e+003;1.234205e-001
3.711009e+003;1.232557e-001
3.711491e+003;1.231283e-001
3.711973e+003;1.230111e-001
3.712455e+003;1.228779e-001
3.712937e+003;1.227080e-001
3.713419e+003;1.224938e-001
3.713901e+003;1.222396e-001
3.714384e+003;1.219597e-001
3.714866e+003;1.216717e-001
3.715348e+003;1.213899e-001
3.715830e+003;1.211209e-001
3.716312e+003;1.208673e-001
3.716794e+003;1.206247e-001
3.717276e+003;1.203901e-001
3.717759e+003;1.201615e-001
3.718240e+003;1.199407e-001
3.718723e+003;1.197316e-001
3.719205e+003;1.195375e-001
3.719687e+003;1.193604e-001
3.720169e+003;1.192004e-001
3.720651e+003;1.190537e-001
3.721133e+003;1.189174e-001
3.721615e+003;1.187882e-001
3.722098e+003;1.186637e-001
3.722580e+003;1.185446e-001
3.723062e+003;1.184325e-001
3.723544e+003;1.183301e-001
3.724026e+003;1.182403e-001
3.724508e+003;1.181636e-001
3.724990e+003;1.180972e-001
3.725473e+003;1.180322e-001
3.725955e+003;1.179561e-001
3.726437e+003;1.178513e-001
3.726919e+003;1.177033e-001
3.727401e+003;1.175028e-001
3.727883e+003;1.172540e-001
3.728365e+003;1.169756e-001
3.728848e+003;1.166977e-001
3.729330e+003;1.164566e-001
3.729812e+003;1.162824e-001
3.730294e+003;1.161921e-001
3.730776e+003;1.161818e-001
3.731258e+003;1.162302e-001
3.731740e+003;1.163051e-001
3.732223e+003;1.163763e-001
3.732705e+003;1.164248e-001
3.733187e+003;1.164482e-001
3.733669e+003;1.164563e-001
3.734151e+003;1.164633e-001
3.734633e+003;1.164774e-001
3.735115e+003;1.164941e-001
3.735597e+003;1.164969e-001
3.736080e+003;1.164654e-001
3.736562e+003;1.163859e-001
3.737044e+003;1.162558e-001
3.737526e+003;1.160889e-001
3.738008e+003;1.159047e-001
3.738490e+003;1.157195e-001
3.738972e+003;1.155391e-001
3.739455e+003;1.153583e-001
3.739937e+003;1.151658e-001
3.740419e+003;1.149578e-001
3.740901e+003;1.147453e-001
3.741383e+003;1.145611e-001
3.741865e+003;1.144465e-001
3.742347e+003;1.144394e-001
3.742830e+003;1.145508e-001
3.743312e+003;1.147560e-001
3.743794e+003;1.149932e-001
3.744276e+003;1.151836e-001
3.744758e+003;1.152569e-001
3.745240e+003;1.151820e-001
3.745722e+003;1.149740e-001
3.746205e+003;1.146883e-001
3.746687e+003;1.143974e-001
3.747169e+003;1.141676e-001
3.747651e+003;1.140356e-001
3.748133e+003;1.140053e-001
3.748615e+003;1.140471e-001
3.749097e+003;1.141224e-001
3.749580e+003;1.141930e-001
3.750062e+003;1.142405e-001
3.750544e+003;1.142657e-001
3.751026e+003;1.142776e-001
3.751508e+003;1.142854e-001
3.751990e+003;1.142842e-001
3.752472e+003;1.142602e-001
3.752954e+003;1.141947e-001
3.753437e+003;1.140761e-001
3.753919e+003;1.139095e-001
3.754401e+003;1.137149e-001
3.754883e+003;1.135223e-001
3.755365e+003;1.133597e-001
3.755847e+003;1.132462e-001
3.756329e+003;1.131856e-001
3.756812e+003;1.131725e-001
3.757294e+003;1.131959e-001
3.757776e+003;1.132474e-001
3.758258e+003;1.133226e-001
3.758740e+003;1.134182e-001
3.759222e+003;1.135257e-001
3.759704e+003;1.136279e-001
3.760187e+003;1.137005e-001
3.760669e+003;1.137182e-001
3.761151e+003;1.136685e-001
3.761633e+003;1.135568e-001
3.762115e+003;1.134111e-001
3.762597e+003;1.132715e-001
3.763079e+003;1.131769e-001
3.763562e+003;1.131519e-001
3.764044e+003;1.131969e-001
3.764526e+003;1.132880e-001
3.765008e+003;1.133864e-001
3.765490e+003;1.134540e-001
3.765972e+003;1.134668e-001
3.766454e+003;1.134197e-001
3.766937e+003;1.133285e-001
3.767418e+003;1.132178e-001
3.767901e+003;1.131118e-001
3.768383e+003;1.130276e-001
3.768865e+003;1.129715e-001
3.769347e+003;1.129405e-001
3.769829e+003;1.129274e-001
3.770311e+003;1.129263e-001
3.770793e+003;1.129329e-001
3.771276e+003;1.129430e-001
3.771758e+003;1.129513e-001
3.772240e+003;1.129506e-001
3.772722e+003;1.129308e-001
3.773204e+003;1.128867e-001
3.773686e+003;1.128166e-001
3.774168e+003;1.127285e-001
3.774651e+003;1.126364e-001
3.775133e+003;1.125569e-001
3.775615e+003;1.125044e-001
3.776097e+003;1.124866e-001
3.776579e+003;1.125019e-001
3.777061e+003;1.125413e-001
3.777543e+003;1.125905e-001
3.778026e+003;1.126351e-001
3.778508e+003;1.126610e-001
3.778990e+003;1.126595e-001
3.779472e+003;1.126271e-001
3.779954e+003;1.125662e-001
3.780436e+003;1.124828e-001
3.780918e+003;1.123887e-001
3.781401e+003;1.122973e-001
3.781883e+003;1.122215e-001
3.782365e+003;1.121700e-001
3.782847e+003;1.121468e-001
3.783329e+003;1.121482e-001
3.783811e+003;1.121660e-001
3.784293e+003;1.121902e-001
3.784775e+003;1.122129e-001
3.785258e+003;1.122291e-001
3.785740e+003;1.122391e-001
3.786222e+003;1.122447e-001
3.786704e+003;1.122490e-001
3.787186e+003;1.122527e-001
3.787668e+003;1.122556e-001
3.788150e+003;1.122563e-001
3.788633e+003;1.122565e-001
3.789115e+003;1.122589e-001
3.789597e+003;1.122673e-001
3.790079e+003;1.122844e-001
3.790561e+003;1.123085e-001
3.791043e+003;1.123329e-001
3.791525e+003;1.123478e-001
3.792008e+003;1.123454e-001
3.792490e+003;1.123227e-001
3.792972e+003;1.122857e-001
3.793454e+003;1.122482e-001
3.793936e+003;1.122245e-001
3.794418e+003;1.122233e-001
3.794900e+003;1.122419e-001
3.795383e+003;1.122634e-001
3.795865e+003;1.122623e-001
3.796347e+003;1.122132e-001
3.796829e+003;1.121032e-001
3.797311e+003;1.119400e-001
3.797793e+003;1.117518e-001
3.798275e+003;1.115856e-001
3.798758e+003;1.114904e-001
3.799240e+003;1.115046e-001
3.799722e+003;1.116427e-001
3.800204e+003;1.118861e-001
3.800686e+003;1.121863e-001
3.801168e+003;1.124774e-001
3.801650e+003;1.126917e-001
3.802132e+003;1.127835e-001
3.802615e+003;1.127386e-001
3.803097e+003;1.125789e-001
3.803579e+003;1.123537e-001
3.804061e+003;1.121263e-001
3.804543e+003;1.119538e-001
3.805025e+003;1.118749e-001
3.805507e+003;1.118970e-001
3.805990e+003;1.119976e-001
3.806472e+003;1.121339e-001
3.806954e+003;1.122569e-001
3.807436e+003;1.123301e-001
3.807918e+003;1.123375e-001
3.808400e+003;1.122857e-001
3.808882e+003;1.121983e-001
3.809365e+003;1.121009e-001
3.809847e+003;1.120104e-001
3.810329e+003;1.119310e-001
3.810811e+003;1.118537e-001
3.811293e+003;1.117654e-001
3.811775e+003;1.116612e-001
3.812257e+003;1.115499e-001
3.812740e+003;1.114563e-001
3.813222e+003;1.114145e-001
3.813704e+003;1.114537e-001
3.814186e+003;1.115861e-001
3.814668e+003;1.117965e-001
3.815150e+003;1.120426e-001
3.815632e+003;1.122648e-001
3.816115e+003;1.124058e-001
3.816596e+003;1.124281e-001
3.817079e+003;1.123267e-001
3.817561e+003;1.121310e-001
3.818043e+003;1.118950e-001
3.818525e+003;1.116827e-001
3.819007e+003;1.115477e-001
3.819489e+003;1.115217e-001
3.819971e+003;1.116029e-001
3.820454e+003;1.117616e-001
3.820936e+003;1.119491e-001
3.821418e+003;1.121138e-001
3.821900e+003;1.122192e-001
3.822382e+003;1.122531e-001
3.822864e+003;1.122282e-001
3.823346e+003;1.121739e-001
3.823829e+003;1.121248e-001
3.824311e+003;1.121069e-001
3.824793e+003;1.121281e-001
3.825275e+003;1.121783e-001
3.825757e+003;1.122345e-001
3.826239e+003;1.122705e-001
3.826721e+003;1.122678e-001
3.827204e+003;1.122223e-001
3.827686e+003;1.121457e-001
3.828168e+003;1.120578e-001
3.828650e+003;1.119809e-001
3.829132e+003;1.119293e-001
3.829614e+003;1.119065e-001
3.830096e+003;1.119047e-001
3.830579e+003;1.119097e-001
3.831061e+003;1.119061e-001
3.831543e+003;1.118829e-001
3.832025e+003;1.118353e-001
3.832507e+003;1.117650e-001
3.832989e+003;1.116787e-001
3.833471e+003;1.115870e-001
3.833953e+003;1.115054e-001
3.834436e+003;1.114496e-001
3.834918e+003;1.114401e-001
3.835400e+003;1.114921e-001
3.835882e+003;1.116142e-001
3.836364e+003;1.118014e-001
3.836846e+003;1.120328e-001
3.837328e+003;1.122747e-001
3.837811e+003;1.124870e-001
3.838293e+003;1.126353e-001
3.838775e+003;1.127013e-001
3.839257e+003;1.126848e-001
3.839739e+003;1.126053e-001
3.840221e+003;1.124917e-001
3.840703e+003;1.123759e-001
3.841186e+003;1.122820e-001
3.841668e+003;1.122236e-001
3.842150e+003;1.122024e-001
3.842632e+003;1.122110e-001
3.843114e+003;1.122382e-001
3.843596e+003;1.122704e-001
3.844078e+003;1.122956e-001
3.844561e+003;1.123041e-001
3.845043e+003;1.122876e-001
3.845525e+003;1.122411e-001
3.846007e+003;1.121640e-001
3.846489e+003;1.120591e-001
3.846971e+003;1.119330e-001
3.847453e+003;1.117929e-001
3.847936e+003;1.116448e-001
3.848417e+003;1.114941e-001
3.848900e+003;1.113462e-001
3.849382e+003;1.112106e-001
3.849864e+003;1.111066e-001
3.850346e+003;1.110618e-001
3.850828e+003;1.111090e-001
3.851310e+003;1.112754e-001
3.851792e+003;1.115710e-001
3.852275e+003;1.119769e-001
3.852757e+003;1.124446e-001
3.853239e+003;1.129025e-001
3.853721e+003;1.132776e-001
3.854203e+003;1.135141e-001
3.854685e+003;1.135894e-001
3.855167e+003;1.135183e-001
3.855650e+003;1.133420e-001
3.856132e+003;1.131125e-001
3.856614e+003;1.128775e-001
3.857096e+003;1.126704e-001
3.857578e+003;1.125055e-001
3.858060e+003;1.123842e-001
3.858542e+003;1.122994e-001
3.859025e+003;1.122433e-001
3.859507e+003;1.122089e-001
3.859989e+003;1.121923e-001
3.860471e+003;1.121886e-001
3.860953e+003;1.121932e-001
3.861435e+003;1.122019e-001
3.861917e+003;1.122130e-001
3.862400e+003;1.122309e-001
3.862882e+003;1.122606e-001
3.863364e+003;1.123070e-001
3.863846e+003;1.123684e-001
3.864328e+003;1.124324e-001
3.864810e+003;1.124781e-001
3.865292e+003;1.124864e-001
3.865774e+003;1.124484e-001
3.866257e+003;1.123710e-001
3.866739e+003;1.122838e-001
3.867221e+003;1.122251e-001
3.867703e+003;1.122315e-001
3.868185e+003;1.123227e-001
3.868667e+003;1.124915e-001
3.869149e+003;1.127050e-001
3.869632e+003;1.129154e-001
3.870114e+003;1.130775e-001
3.870596e+003;1.131660e-001
3.871078e+003;1.131823e-001
3.871560e+003;1.131524e-001
3.872042e+003;1.131127e-001
3.872524e+003;1.130960e-001
3.873007e+003;1.131170e-001
3.873489e+003;1.131711e-001
3.873971e+003;1.132360e-001
3.874453e+003;1.132833e-001
3.874935e+003;1.132915e-001
3.875417e+003;1.132510e-001
3.875899e+003;1.131690e-001
3.876382e+003;1.130655e-001
3.876864e+003;1.129643e-001
3.877346e+003;1.128891e-001
3.877828e+003;1.128539e-001
3.878310e+003;1.128638e-001
3.878792e+003;1.129125e-001
3.879274e+003;1.129849e-001
3.879757e+003;1.130599e-001
3.880239e+003;1.131149e-001
3.880721e+003;1.131336e-001
3.881203e+003;1.131100e-001
3.881685e+003;1.130528e-001
3.882167e+003;1.129849e-001
3.882649e+003;1.129384e-001
3.883131e+003;1.129435e-001
3.883614e+003;1.130186e-001
3.884096e+003;1.131620e-001
3.884578e+003;1.133475e-001
3.885060e+003;1.135339e-001
3.885542e+003;1.136744e-001
3.886024e+003;1.137354e-001
3.886506e+003;1.137067e-001
3.886989e+003;1.136045e-001
3.887471e+003;1.134651e-001
3.887953e+003;1.133357e-001
3.888435e+003;1.132533e-001
3.888917e+003;1.132418e-001
3.889399e+003;1.132995e-001
3.889881e+003;1.134070e-001
3.890364e+003;1.135311e-001
3.890846e+003;1.136378e-001
3.891328e+003;1.137012e-001
3.891810e+003;1.137099e-001
3.892292e+003;1.136671e-001
3.892774e+003;1.135886e-001
3.893256e+003;1.134966e-001
3.893739e+003;1.134119e-001
3.894221e+003;1.133531e-001
3.894703e+003;1.133314e-001
3.895185e+003;1.133487e-001
3.895667e+003;1.134014e-001
3.896149e+003;1.134802e-001
3.896631e+003;1.135736e-001
3.897114e+003;1.136679e-001
3.897595e+003;1.137521e-001
3.898078e+003;1.138170e-001
3.898560e+003;1.138571e-001
3.899042e+003;1.138692e-001
3.899524e+003;1.138551e-001
3.900006e+003;1.138208e-001
3.900488e+003;1.137772e-001
3.900970e+003;1.137384e-001
3.901453e+003;1.137196e-001
3.901935e+003;1.137355e-001
3.902417e+003;1.137952e-001
3.902899e+003;1.138978e-001
3.903381e+003;1.140354e-001
3.903863e+003;1.141893e-001
3.904345e+003;1.143394e-001
3.904828e+003;1.144651e-001
3.905310e+003;1.145499e-001
3.905792e+003;1.145866e-001
3.906274e+003;1.145744e-001
3.906756e+003;1.145190e-001
3.907238e+003;1.144301e-001
3.907720e+003;1.143193e-001
3.908203e+003;1.142016e-001
3.908685e+003;1.140896e-001
3.909167e+003;1.139995e-001
3.909649e+003;1.139410e-001
3.910131e+003;1.139209e-001
3.910613e+003;1.139372e-001
3.911095e+003;1.139815e-001
3.911578e+003;1.140381e-001
3.912060e+003;1.140919e-001
3.912542e+003;1.141301e-001
3.913024e+003;1.141487e-001
3.913506e+003;1.141515e-001
3.913988e+003;1.141481e-001
3.914470e+003;1.141497e-001
3.914952e+003;1.141657e-001
3.915435e+003;1.141998e-001
3.915917e+003;1.142493e-001
3.916399e+003;1.143095e-001
3.916881e+003;1.143730e-001
3.917363e+003;1.144358e-001
3.917845e+003;1.144936e-001
3.918327e+003;1.145448e-001
3.918810e+003;1.145861e-001
3.919292e+003;1.146153e-001
3.919774e+003;1.146304e-001
3.920256e+003;1.146328e-001
3.920738e+003;1.146284e-001
3.921220e+003;1.146253e-001
3.921702e+003;1.146330e-001
3.922185e+003;1.146578e-001
3.922667e+003;1.146993e-001
3.923149e+003;1.147479e-001
3.923631e+003;1.147906e-001
3.924113e+003;1.148135e-001
3.924595e+003;1.148090e-001
3.925077e+003;1.147791e-001
3.925560e+003;1.147366e-001
3.926042e+003;1.146982e-001
3.926524e+003;1.146808e-001
3.927006e+003;1.146945e-001
3.927488e+003;1.147398e-001
3.927970e+003;1.148065e-001
3.928452e+003;1.148792e-001
3.928935e+003;1.149431e-001
3.929417e+003;1.149871e-001
3.929899e+003;1.150074e-001
3.930381e+003;1.150093e-001
3.930863e+003;1.150025e-001
3.931345e+003;1.149983e-001
3.931827e+003;1.150073e-001
3.932309e+003;1.150363e-001
3.932792e+003;1.150857e-001
3.933274e+003;1.151514e-001
3.933756e+003;1.152225e-001
3.934238e+003;1.152874e-001
3.934720e+003;1.153308e-001
3.935202e+003;1.153442e-001
3.935684e+003;1.153238e-001
3.936167e+003;1.152730e-001
3.936649e+003;1.152036e-001
3.937131e+003;1.151303e-001
3.937613e+003;1.150679e-001
3.938095e+003;1.150266e-001
3.938577e+003;1.150097e-001
3.939059e+003;1.150137e-001
3.939542e+003;1.150324e-001
3.940024e+003;1.150592e-001
3.940506e+003;1.150895e-001
3.940988e+003;1.151223e-001
3.941470e+003;1.151589e-001
3.941952e+003;1.152002e-001
3.942434e+003;1.152449e-001
3.942917e+003;1.152883e-001
3.943399e+003;1.153249e-001
3.943881e+003;1.153508e-001
3.944363e+003;1.153664e-001
3.944845e+003;1.153756e-001
3.945327e+003;1.153856e-001
3.945809e+003;1.154042e-001
3.946292e+003;1.154358e-001
3.946773e+003;1.154815e-001
3.947256e+003;1.155358e-001
3.947738e+003;1.155945e-001
3.948220e+003;1.156505e-001
3.948702e+003;1.156993e-001
3.949184e+003;1.157377e-001
3.949666e+003;1.157626e-001
3.950148e+003;1.157718e-001
3.950631e+003;1.157630e-001
3.951113e+003;1.157352e-001
3.951595e+003;1.156905e-001
3.952077e+003;1.156360e-001
3.952559e+003;1.155819e-001
3.953041e+003;1.155397e-001
3.953523e+003;1.155183e-001
3.954006e+003;1.155219e-001
3.954488e+003;1.155480e-001
3.954970e+003;1.155886e-001
3.955452e+003;1.156363e-001
3.955934e+003;1.156851e-001
3.956416e+003;1.157335e-001
3.956898e+003;1.157842e-001
3.957381e+003;1.158438e-001
3.957863e+003;1.159140e-001
3.958345e+003;1.159942e-001
3.958827e+003;1.160775e-001
3.959309e+003;1.161541e-001
3.959791e+003;1.162142e-001
3.960273e+003;1.162506e-001
3.960755e+003;1.162635e-001
3.961238e+003;1.162549e-001
3.961720e+003;1.162326e-001
3.962202e+003;1.162013e-001
3.962684e+003;1.161666e-001
3.963166e+003;1.161300e-001
3.963648e+003;1.160929e-001
3.964130e+003;1.160565e-001
3.964613e+003;1.160243e-001
3.965095e+003;1.159999e-001
3.965577e+003;1.159873e-001
3.966059e+003;1.159875e-001
3.966541e+003;1.159978e-001
3.967023e+003;1.160122e-001
3.967505e+003;1.160233e-001
3.967988e+003;1.160245e-001
3.968470e+003;1.160138e-001
3.968952e+003;1.159937e-001
3.969434e+003;1.159707e-001
3.969916e+003;1.159545e-001
3.970398e+003;1.159547e-001
3.970880e+003;1.159778e-001
3.971363e+003;1.160265e-001
3.971845e+003;1.160987e-001
3.972327e+003;1.161877e-001
3.972809e+003;1.162853e-001
3.973291e+003;1.163812e-001
3.973773e+003;1.164666e-001
3.974255e+003;1.165326e-001
3.974738e+003;1.165739e-001
3.975219e+003;1.165878e-001
3.975702e+003;1.165760e-001
3.976184e+003;1.165406e-001
3.976666e+003;1.164873e-001
3.977148e+003;1.164222e-001
3.977630e+003;1.163523e-001
3.978112e+003;1.162826e-001
3.978594e+003;1.162186e-001
3.979077e+003;1.161631e-001
3.979559e+003;1.161190e-001
3.980041e+003;1.160883e-001
3.980523e+003;1.160729e-001
3.981005e+003;1.160736e-001
3.981487e+003;1.160917e-001
3.981969e+003;1.161282e-001
3.982452e+003;1.161829e-001
3.982934e+003;1.162543e-001
3.983416e+003;1.163388e-001
3.983898e+003;1.164300e-001
3.984380e+003;1.165226e-001
3.984862e+003;1.166074e-001
3.985344e+003;1.166782e-001
3.985827e+003;1.167290e-001
3.986309e+003;1.167579e-001
3.986791e+003;1.167641e-001
3.987273e+003;1.167502e-001
3.987755e+003;1.167189e-001
3.988237e+003;1.166757e-001
3.988719e+003;1.166243e-001
3.989202e+003;1.165704e-001
3.989684e+003;1.165204e-001
3.990166e+003;1.164818e-001
3.990648e+003;1.164618e-001
3.991130e+003;1.164685e-001
3.991612e+003;1.165048e-001
3.992094e+003;1.165702e-001
3.992576e+003;1.166584e-001
3.993059e+003;1.167573e-001
3.993541e+003;1.168525e-001
3.994023e+003;1.169294e-001
3.994505e+003;1.169757e-001
3.994987e+003;1.169857e-001
3.995469e+003;1.169575e-001
3.995951e+003;1.168978e-001
3.996434e+003;1.168162e-001
3.996916e+003;1.167260e-001
3.997398e+003;1.166423e-001
3.997880e+003;1.165776e-001
3.998362e+003;1.165424e-001
3.998844e+003;1.165423e-001
3.999326e+003;1.165760e-001
3.999809e+003;1.166367e-001
4.000291e+003;0.000000e+000
