3.996916e+002;0.000000e+000
4.001737e+002;1.775562e-001
4.006559e+002;1.753945e-001
4.011380e+002;1.739253e-001
4.016201e+002;1.731639e-001
4.021023e+002;1.729801e-001
4.025844e+002;1.732222e-001
4.030666e+002;1.738227e-001
4.035487e+002;1.747927e-001
4.040308e+002;1.761709e-001
4.045130e+002;1.779159e-001
4.049951e+002;1.798619e-001
4.054772e+002;1.817379e-001
4.059594e+002;1.832771e-001
4.064415e+002;1.843225e-001
4.069236e+002;1.849124e-001
4.074058e+002;1.852210e-001
4.078879e+002;1.854408e-001
4.083701e+002;1.856585e-001
4.088522e+002;1.858065e-001
4.093343e+002;1.857127e-001
4.098165e+002;1.852360e-001
4.102986e+002;1.843877e-001
4.107807e+002;1.833843e-001
4.112629e+002;1.825583e-001
4.117450e+002;1.822205e-001
4.122271e+002;1.825250e-001
4.127093e+002;1.834035e-001
4.131914e+002;1.845920e-001
4.136736e+002;1.857401e-001
4.141557e+002;1.865537e-001
4.146378e+002;1.869161e-001
4.151200e+002;1.868995e-001
4.156021e+002;1.867007e-001
4.160843e+002;1.865171e-001
4.165664e+002;1.864670e-001
4.170485e+002;1.865658e-001
4.175307e+002;1.867665e-001
4.180128e+002;1.870157e-001
4.184949e+002;1.873132e-001
4.189771e+002;1.877004e-001
4.194592e+002;1.882315e-001
4.199413e+002;1.889170e-001
4.204235e+002;1.897032e-001
4.209056e+002;1.904909e-001
4.213878e+002;1.911872e-001
4.218699e+002;1.917548e-001
4.223520e+002;1.922335e-001
4.228342e+002;1.927108e-001
4.233163e+002;1.932650e-001
4.237984e+002;1.939074e-001
4.242806e+002;1.945661e-001
4.247627e+002;1.951095e-001
4.252448e+002;1.954165e-001
4.257270e+002;1.954336e-001
4.262091e+002;1.952067e-001
4.266913e+002;1.948512e-001
4.271734e+002;1.944912e-001
4.276555e+002;1.942028e-001
4.281377e+002;1.939900e-001
4.286198e+002;1.938079e-001
4.291020e+002;1.936141e-001
4.295841e+002;1.934151e-001
4.300662e+002;1.932861e-001
4.305484e+002;1.933339e-001
4.310305e+002;1.936426e-001
4.315126e+002;1.942168e-001
4.319948e+002;1.949621e-001
4.324769e+002;1.957174e-001
4.329590e+002;1.963219e-001
4.334412e+002;1.966854e-001
4.339233e+002;1.968298e-001
4.344055e+002;1.968715e-001
4.348876e+002;1.969644e-001
4.353697e+002;1.972216e-001
4.358519e+002;1.976677e-001
4.363340e+002;1.982313e-001
4.368161e+002;1.987922e-001
4.372983e+002;1.992403e-001
4.377804e+002;1.995296e-001
4.382625e+002;1.996879e-001
4.387447e+002;1.997893e-001
4.392268e+002;1.999038e-001
4.397090e+002;2.000555e-001
4.401911e+002;2.002121e-001
4.406732e+002;2.003099e-001
4.411554e+002;2.002949e-001
4.416375e+002;2.001619e-001
4.421196e+002;1.999617e-001
4.426018e+002;1.997820e-001
4.430839e+002;1.997088e-001
4.435660e+002;1.997957e-001
4.440482e+002;2.000526e-001
4.445303e+002;2.004574e-001
4.450125e+002;2.009787e-001
4.454946e+002;2.015950e-001
4.459767e+002;2.022910e-001
4.464589e+002;2.030465e-001
4.469410e+002;2.038118e-001
4.474232e+002;2.045064e-001
4.479053e+002;2.050321e-001
4.483874e+002;2.053164e-001
4.488696e+002;2.053438e-001
4.493517e+002;2.051788e-001
4.498338e+002;2.049420e-001
4.503160e+002;2.047667e-001
4.507981e+002;2.047462e-001
4.512802e+002;2.049030e-001
4.517624e+002;2.051895e-001
4.522445e+002;2.055221e-001
4.527267e+002;2.058272e-001
4.532088e+002;2.060804e-001
4.536909e+002;2.063088e-001
4.541731e+002;2.065680e-001
4.546552e+002;2.069006e-001
4.551373e+002;2.073058e-001
4.556195e+002;2.077353e-001
4.561016e+002;2.081205e-001
4.565837e+002;2.084104e-001
4.570659e+002;2.086050e-001
4.575480e+002;2.087553e-001
4.580302e+002;2.089385e-001
4.585123e+002;2.092126e-001
4.589944e+002;2.095865e-001
4.594766e+002;2.100133e-001
4.599587e+002;2.104192e-001
4.604409e+002;2.107477e-001
4.609230e+002;2.109936e-001
4.614051e+002;2.112056e-001
4.618873e+002;2.114606e-001
4.623694e+002;2.118151e-001
4.628515e+002;2.122667e-001
4.633337e+002;2.127466e-001
4.638158e+002;2.131487e-001
4.642979e+002;2.133789e-001
4.647801e+002;2.134103e-001
4.652622e+002;2.132995e-001
4.657444e+002;2.131694e-001
4.662265e+002;2.131568e-001
4.667086e+002;2.133572e-001
4.671908e+002;2.137870e-001
4.676729e+002;2.143840e-001
4.681550e+002;2.150368e-001
4.686372e+002;2.156327e-001
4.691193e+002;2.160940e-001
4.696014e+002;2.163934e-001
4.700836e+002;2.165411e-001
4.705657e+002;2.165656e-001
4.710479e+002;2.164933e-001
4.715300e+002;2.163501e-001
4.720121e+002;2.161693e-001
4.724943e+002;2.160088e-001
4.729764e+002;2.159481e-001
4.734586e+002;2.160745e-001
4.739407e+002;2.164515e-001
4.744228e+002;2.170930e-001
4.749050e+002;2.179497e-001
4.753871e+002;2.189218e-001
4.758692e+002;2.198900e-001
4.763514e+002;2.207551e-001
4.768335e+002;2.214624e-001
4.773156e+002;2.220103e-001
4.777978e+002;2.224316e-001
4.782799e+002;2.227713e-001
4.787621e+002;2.230628e-001
4.792442e+002;2.233235e-001
4.797263e+002;2.235591e-001
4.802085e+002;2.237783e-001
4.806906e+002;2.240008e-001
4.811727e+002;2.242583e-001
4.816549e+002;2.245832e-001
4.821370e+002;2.249968e-001
4.826191e+002;2.254984e-001
4.831013e+002;2.260676e-001
4.835834e+002;2.266691e-001
4.840656e+002;2.272650e-001
4.845477e+002;2.278201e-001
4.850298e+002;2.283045e-001
4.855120e+002;2.286912e-001
4.859941e+002;2.289566e-001
4.864763e+002;2.290857e-001
4.869584e+002;2.290831e-001
4.874405e+002;2.289794e-001
4.879227e+002;2.288332e-001
4.884048e+002;2.287162e-001
4.888869e+002;2.286941e-001
4.893691e+002;2.288054e-001
4.898512e+002;2.290509e-001
4.903333e+002;2.293964e-001
4.908155e+002;2.297918e-001
4.912976e+002;2.301906e-001
4.917798e+002;2.305676e-001
4.922619e+002;2.309193e-001
4.927440e+002;2.312551e-001
4.932262e+002;2.315800e-001
4.937083e+002;2.318861e-001
4.941904e+002;2.321502e-001
4.946726e+002;2.323503e-001
4.951547e+002;2.324764e-001
4.956368e+002;2.325440e-001
4.961190e+002;2.325875e-001
4.966011e+002;2.326497e-001
4.970833e+002;2.327619e-001
4.975654e+002;2.329369e-001
4.980475e+002;2.331679e-001
4.985297e+002;2.334455e-001
4.990118e+002;2.337682e-001
4.994940e+002;2.341517e-001
4.999761e+002;2.346197e-001
5.004582e+002;2.351870e-001
5.009404e+002;2.358402e-001
5.014225e+002;2.365309e-001
5.019046e+002;2.371858e-001
5.023868e+002;2.377311e-001
5.028689e+002;2.381211e-001
5.033510e+002;2.383560e-001
5.038332e+002;2.384782e-001
5.043153e+002;2.385504e-001
5.047975e+002;2.386266e-001
5.052796e+002;2.387308e-001
5.057617e+002;2.388530e-001
5.062439e+002;2.389654e-001
5.067260e+002;2.390452e-001
5.072081e+002;2.390956e-001
5.076903e+002;2.391478e-001
5.081724e+002;2.392497e-001
5.086545e+002;2.394403e-001
5.091367e+002;2.397333e-001
5.096188e+002;2.401099e-001
5.101010e+002;2.405296e-001
5.105831e+002;2.409494e-001
5.110652e+002;2.413435e-001
5.115474e+002;2.417086e-001
5.120295e+002;2.420585e-001
5.125117e+002;2.424075e-001
5.129938e+002;2.427580e-001
5.134760e+002;2.430953e-001
5.139581e+002;2.433964e-001
5.144402e+002;2.436436e-001
5.149224e+002;2.438364e-001
5.154045e+002;2.439909e-001
5.158866e+002;2.441302e-001
5.163688e+002;2.442681e-001
5.168509e+002;2.444025e-001
5.173330e+002;2.445151e-001
5.178152e+002;2.445878e-001
5.182973e+002;2.446202e-001
5.187794e+002;2.446418e-001
5.192616e+002;2.447054e-001
5.197437e+002;2.448680e-001
5.202258e+002;2.451661e-001
5.207080e+002;2.455948e-001
5.211901e+002;2.461059e-001
5.216722e+002;2.466245e-001
5.221544e+002;2.470752e-001
5.226365e+002;2.474122e-001
5.231187e+002;2.476302e-001
5.236008e+002;2.477621e-001
5.240829e+002;2.478585e-001
5.245651e+002;2.479645e-001
5.250472e+002;2.481031e-001
5.255294e+002;2.482713e-001
5.260115e+002;2.484509e-001
5.264937e+002;2.486220e-001
5.269758e+002;2.487754e-001
5.274579e+002;2.489169e-001
5.279401e+002;2.490612e-001
5.284222e+002;2.492241e-001
5.289043e+002;2.494159e-001
5.293865e+002;2.496394e-001
5.298686e+002;2.498924e-001
5.303507e+002;2.501729e-001
5.308329e+002;2.504787e-001
5.313150e+002;2.508043e-001
5.317971e+002;2.511380e-001
5.322793e+002;2.514592e-001
5.327614e+002;2.517412e-001
5.332435e+002;2.519611e-001
5.337257e+002;2.521083e-001
5.342078e+002;2.521903e-001
5.346899e+002;2.522292e-001
5.351721e+002;2.522534e-001
5.356542e+002;2.522858e-001
5.361364e+002;2.523366e-001
5.366185e+002;2.524029e-001
5.371006e+002;2.524766e-001
5.375828e+002;2.525533e-001
5.380649e+002;2.526394e-001
5.385471e+002;2.527485e-001
5.390292e+002;2.528955e-001
5.395114e+002;2.530853e-001
5.399935e+002;2.533083e-001
5.404756e+002;2.535413e-001
5.409578e+002;2.537597e-001
5.414399e+002;2.539468e-001
5.419220e+002;2.541034e-001
5.424042e+002;2.542456e-001
5.428863e+002;2.543962e-001
5.433684e+002;2.545725e-001
5.438506e+002;2.547781e-001
5.443327e+002;2.550034e-001
5.448148e+002;2.552331e-001
5.452970e+002;2.554564e-001
5.457791e+002;2.556738e-001
5.462612e+002;2.558951e-001
5.467434e+002;2.561312e-001
5.472255e+002;2.563830e-001
5.477076e+002;2.566357e-001
5.481898e+002;2.568614e-001
5.486719e+002;2.570306e-001
5.491541e+002;2.571252e-001
5.496362e+002;2.571476e-001
5.501183e+002;2.571198e-001
5.506005e+002;2.570724e-001
5.510826e+002;2.570311e-001
5.515648e+002;2.570071e-001
5.520469e+002;2.569956e-001
5.525291e+002;2.569845e-001
5.530112e+002;2.569666e-001
5.534933e+002;2.569495e-001
5.539755e+002;2.569544e-001
5.544576e+002;2.570080e-001
5.549397e+002;2.571295e-001
5.554219e+002;2.573197e-001
5.559040e+002;2.575583e-001
5.563861e+002;2.578137e-001
5.568683e+002;2.580532e-001
5.573504e+002;2.582558e-001
5.578325e+002;2.584170e-001
5.583147e+002;2.585458e-001
5.587968e+002;2.586541e-001
5.592789e+002;2.587507e-001
5.597611e+002;2.588367e-001
5.602432e+002;2.589092e-001
5.607253e+002;2.589688e-001
5.612075e+002;2.590240e-001
5.616896e+002;2.590900e-001
5.621718e+002;2.591826e-001
5.626539e+002;2.593083e-001
5.631360e+002;2.594601e-001
5.636182e+002;2.596175e-001
5.641003e+002;2.597578e-001
5.645825e+002;2.598667e-001
5.650646e+002;2.599461e-001
5.655468e+002;2.600152e-001
5.660289e+002;2.600994e-001
5.665110e+002;2.602181e-001
5.669932e+002;2.603736e-001
5.674753e+002;2.605485e-001
5.679574e+002;2.607130e-001
5.684396e+002;2.608370e-001
5.689217e+002;2.609037e-001
5.694038e+002;2.609139e-001
5.698860e+002;2.608848e-001
5.703681e+002;2.608401e-001
5.708502e+002;2.608005e-001
5.713324e+002;2.607768e-001
5.718145e+002;2.607710e-001
5.722966e+002;2.607796e-001
5.727787e+002;2.607992e-001
5.732609e+002;2.608284e-001
5.737430e+002;2.608671e-001
5.742252e+002;2.609113e-001
5.747073e+002;2.609539e-001
5.751895e+002;2.609842e-001
5.756716e+002;2.609955e-001
5.761537e+002;2.609905e-001
5.766359e+002;2.609842e-001
5.771180e+002;2.609999e-001
5.776002e+002;2.610599e-001
5.780823e+002;2.611758e-001
5.785644e+002;2.613413e-001
5.790466e+002;2.615340e-001
5.795287e+002;2.617238e-001
5.800108e+002;2.618833e-001
5.804930e+002;2.619979e-001
5.809751e+002;2.620676e-001
5.814572e+002;2.621022e-001
5.819394e+002;2.621126e-001
5.824215e+002;2.621050e-001
5.829036e+002;2.620789e-001
5.833858e+002;2.620303e-001
5.838679e+002;2.619608e-001
5.843500e+002;2.618809e-001
5.848322e+002;2.618092e-001
5.853143e+002;2.617663e-001
5.857964e+002;2.617661e-001
5.862786e+002;2.618091e-001
5.867607e+002;2.618823e-001
5.872429e+002;2.619666e-001
5.877250e+002;2.620437e-001
5.882072e+002;2.621049e-001
5.886893e+002;2.621520e-001
5.891714e+002;2.621917e-001
5.896536e+002;2.622295e-001
5.901357e+002;2.622637e-001
5.906179e+002;2.622843e-001
5.911000e+002;2.622800e-001
5.915821e+002;2.622443e-001
5.920643e+002;2.621824e-001
5.925464e+002;2.621091e-001
5.930285e+002;2.620444e-001
5.935107e+002;2.620041e-001
5.939928e+002;2.619939e-001
5.944749e+002;2.620089e-001
5.949571e+002;2.620378e-001
5.954392e+002;2.620714e-001
5.959213e+002;2.621070e-001
5.964035e+002;2.621479e-001
5.968856e+002;2.621995e-001
5.973677e+002;2.622607e-001
5.978499e+002;2.623212e-001
5.983320e+002;2.623609e-001
5.988141e+002;2.623593e-001
5.992963e+002;2.623045e-001
5.997784e+002;2.621996e-001
6.002606e+002;2.620633e-001
6.007427e+002;2.619226e-001
6.012249e+002;2.618035e-001
6.017070e+002;2.617218e-001
6.021891e+002;2.616804e-001
6.026713e+002;2.616732e-001
6.031534e+002;2.616905e-001
6.036356e+002;2.617263e-001
6.041177e+002;2.617786e-001
6.045998e+002;2.618465e-001
6.050820e+002;2.619249e-001
6.055641e+002;2.620010e-001
6.060462e+002;2.620565e-001
6.065284e+002;2.620732e-001
6.070105e+002;2.620429e-001
6.074926e+002;2.619710e-001
6.079748e+002;2.618770e-001
6.084569e+002;2.617868e-001
6.089390e+002;2.617223e-001
6.094212e+002;2.616937e-001
6.099033e+002;2.616970e-001
6.103854e+002;2.617180e-001
6.108676e+002;2.617399e-001
6.113497e+002;2.617514e-001
6.118318e+002;2.617491e-001
6.123140e+002;2.617346e-001
6.127961e+002;2.617106e-001
6.132783e+002;2.616762e-001
6.137604e+002;2.616259e-001
6.142426e+002;2.615546e-001
6.147247e+002;2.614627e-001
6.152068e+002;2.613594e-001
6.156890e+002;2.612602e-001
6.161711e+002;2.611811e-001
6.166533e+002;2.611305e-001
6.171354e+002;2.611047e-001
6.176175e+002;2.610891e-001
6.180997e+002;2.610653e-001
6.185818e+002;2.610218e-001
6.190639e+002;2.609592e-001
6.195461e+002;2.608906e-001
6.200282e+002;2.608349e-001
6.205103e+002;2.608056e-001
6.209925e+002;2.608039e-001
6.214746e+002;2.608151e-001
6.219567e+002;2.608168e-001
6.224388e+002;2.607874e-001
6.229210e+002;2.607168e-001
6.234031e+002;2.606113e-001
6.238853e+002;2.604896e-001
6.243674e+002;2.603745e-001
6.248495e+002;2.602839e-001
6.253317e+002;2.602240e-001
6.258138e+002;2.601896e-001
6.262960e+002;2.601693e-001
6.267781e+002;2.601520e-001
6.272603e+002;2.601312e-001
6.277424e+002;2.601057e-001
6.282245e+002;2.600771e-001
6.287067e+002;2.600462e-001
6.291888e+002;2.600116e-001
6.296709e+002;2.599699e-001
6.301531e+002;2.599196e-001
6.306352e+002;2.598620e-001
6.311173e+002;2.598013e-001
6.315995e+002;2.597418e-001
6.320816e+002;2.596829e-001
6.325637e+002;2.596191e-001
6.330459e+002;2.595406e-001
6.335280e+002;2.594395e-001
6.340101e+002;2.593152e-001
6.344923e+002;2.591782e-001
6.349744e+002;2.590473e-001
6.354565e+002;2.589418e-001
6.359387e+002;2.588738e-001
6.364208e+002;2.588412e-001
6.369030e+002;2.588277e-001
6.373851e+002;2.588098e-001
6.378672e+002;2.587650e-001
6.383494e+002;2.586824e-001
6.388315e+002;2.585641e-001
6.393137e+002;2.584245e-001
6.397958e+002;2.582806e-001
6.402780e+002;2.581465e-001
6.407601e+002;2.580278e-001
6.412422e+002;2.579223e-001
6.417244e+002;2.578255e-001
6.422065e+002;2.577344e-001
6.426886e+002;2.576503e-001
6.431708e+002;2.575786e-001
6.436529e+002;2.575234e-001
6.441350e+002;2.574847e-001
6.446172e+002;2.574563e-001
6.450993e+002;2.574287e-001
6.455814e+002;2.573926e-001
6.460636e+002;2.573436e-001
6.465457e+002;2.572833e-001
6.470278e+002;2.572152e-001
6.475100e+002;2.571427e-001
6.479921e+002;2.570643e-001
6.484742e+002;2.569737e-001
6.489564e+002;2.568642e-001
6.494385e+002;2.567327e-001
6.499207e+002;2.565847e-001
6.504028e+002;2.564324e-001
6.508849e+002;2.562915e-001
6.513671e+002;2.561728e-001
6.518492e+002;2.560783e-001
6.523314e+002;2.559995e-001
6.528135e+002;2.559218e-001
6.532957e+002;2.558317e-001
6.537778e+002;2.557232e-001
6.542599e+002;2.556006e-001
6.547421e+002;2.554746e-001
6.552242e+002;2.553566e-001
6.557063e+002;2.552519e-001
6.561885e+002;2.551561e-001
6.566706e+002;2.550581e-001
6.571527e+002;2.549445e-001
6.576349e+002;2.548088e-001
6.581170e+002;2.546528e-001
6.585991e+002;2.544874e-001
6.590813e+002;2.543272e-001
6.595634e+002;2.541837e-001
6.600455e+002;2.540607e-001
6.605277e+002;2.539543e-001
6.610098e+002;2.538546e-001
6.614919e+002;2.537525e-001
6.619741e+002;2.536425e-001
6.624562e+002;2.535244e-001
6.629384e+002;2.534017e-001
6.634205e+002;2.532778e-001
6.639026e+002;2.531543e-001
6.643848e+002;2.530293e-001
6.648669e+002;2.528999e-001
6.653491e+002;2.527649e-001
6.658312e+002;2.526253e-001
6.663134e+002;2.524866e-001
6.667955e+002;2.523538e-001
6.672776e+002;2.522318e-001
6.677598e+002;2.521219e-001
6.682419e+002;2.520223e-001
6.687240e+002;2.519291e-001
6.692062e+002;2.518386e-001
6.696883e+002;2.517483e-001
6.701704e+002;2.516560e-001
6.706526e+002;2.515598e-001
6.711347e+002;2.514563e-001
6.716168e+002;2.513408e-001
6.720990e+002;2.512101e-001
6.725811e+002;2.510629e-001
6.730632e+002;2.509027e-001
6.735454e+002;2.507354e-001
6.740275e+002;2.505683e-001
6.745096e+002;2.504060e-001
6.749918e+002;2.502492e-001
6.754739e+002;2.500947e-001
6.759561e+002;2.499366e-001
6.764382e+002;2.497712e-001
6.769203e+002;2.495977e-001
6.774025e+002;2.494195e-001
6.778846e+002;2.492423e-001
6.783668e+002;2.490708e-001
6.788489e+002;2.489077e-001
6.793311e+002;2.487523e-001
6.798132e+002;2.486025e-001
6.802953e+002;2.484565e-001
6.807775e+002;2.483141e-001
6.812596e+002;2.481765e-001
6.817417e+002;2.480445e-001
6.822239e+002;2.479168e-001
6.827060e+002;2.477895e-001
6.831881e+002;2.476563e-001
6.836703e+002;2.475123e-001
6.841524e+002;2.473546e-001
6.846345e+002;2.471849e-001
6.851167e+002;2.470071e-001
6.855988e+002;2.468245e-001
6.860809e+002;2.466369e-001
6.865631e+002;2.464406e-001
6.870452e+002;2.462297e-001
6.875273e+002;2.460008e-001
6.880095e+002;2.457566e-001
6.884916e+002;2.455074e-001
6.889738e+002;2.452683e-001
6.894559e+002;2.450544e-001
6.899380e+002;2.448736e-001
6.904202e+002;2.447248e-001
6.909023e+002;2.445970e-001
6.913845e+002;2.444738e-001
6.918666e+002;2.443399e-001
6.923488e+002;2.441863e-001
6.928309e+002;2.440119e-001
6.933130e+002;2.438221e-001
6.937952e+002;2.436248e-001
6.942773e+002;2.434265e-001
6.947594e+002;2.432298e-001
6.952416e+002;2.430358e-001
6.957237e+002;2.428438e-001
6.962058e+002;2.426553e-001
6.966880e+002;2.424729e-001
6.971701e+002;2.422989e-001
6.976522e+002;2.421320e-001
6.981344e+002;2.419666e-001
6.986165e+002;2.417932e-001
6.990986e+002;2.416019e-001
6.995808e+002;2.413872e-001
7.000629e+002;2.411509e-001
7.005450e+002;2.409011e-001
7.010272e+002;2.406507e-001
7.015093e+002;2.404105e-001
7.019915e+002;2.401869e-001
7.024736e+002;2.399791e-001
7.029557e+002;2.397813e-001
7.034379e+002;2.395864e-001
7.039200e+002;2.393897e-001
7.044022e+002;2.391910e-001
7.048843e+002;2.389923e-001
7.053665e+002;2.387966e-001
7.058486e+002;2.386039e-001
7.063307e+002;2.384106e-001
7.068129e+002;2.382105e-001
7.072950e+002;2.379981e-001
7.077771e+002;2.377719e-001
7.082593e+002;2.375340e-001
7.087414e+002;2.372909e-001
7.092235e+002;2.370487e-001
7.097057e+002;2.368117e-001
7.101878e+002;2.365799e-001
7.106699e+002;2.363515e-001
7.111521e+002;2.361238e-001
7.116342e+002;2.358961e-001
7.121163e+002;2.356706e-001
7.125985e+002;2.354511e-001
7.130806e+002;2.352395e-001
7.135627e+002;2.350347e-001
7.140449e+002;2.348301e-001
7.145270e+002;2.346159e-001
7.150092e+002;2.343818e-001
7.154913e+002;2.341214e-001
7.159734e+002;2.338337e-001
7.164556e+002;2.335243e-001
7.169377e+002;2.332035e-001
7.174199e+002;2.328839e-001
7.179020e+002;2.325769e-001
7.183842e+002;2.322920e-001
7.188663e+002;2.320340e-001
7.193484e+002;2.318046e-001
7.198306e+002;2.316006e-001
7.203127e+002;2.314153e-001
7.207948e+002;2.312384e-001
7.212770e+002;2.310583e-001
7.217591e+002;2.308647e-001
7.222412e+002;2.306501e-001
7.227234e+002;2.304131e-001
7.232055e+002;2.301580e-001
7.236876e+002;2.298918e-001
7.241698e+002;2.296225e-001
7.246519e+002;2.293552e-001
7.251340e+002;2.290911e-001
7.256162e+002;2.288285e-001
7.260983e+002;2.285652e-001
7.265804e+002;2.283002e-001
7.270626e+002;2.280360e-001
7.275447e+002;2.277769e-001
7.280269e+002;2.275266e-001
7.285090e+002;2.272859e-001
7.289911e+002;2.270513e-001
7.294733e+002;2.268168e-001
7.299554e+002;2.265767e-001
7.304376e+002;2.263289e-001
7.309197e+002;2.260769e-001
7.314019e+002;2.258279e-001
7.318840e+002;2.255900e-001
7.323661e+002;2.253674e-001
7.328483e+002;2.251576e-001
7.333304e+002;2.249515e-001
7.338125e+002;2.247365e-001
7.342947e+002;2.245010e-001
7.347768e+002;2.242389e-001
7.352589e+002;2.239510e-001
7.357411e+002;2.236445e-001
7.362232e+002;2.233291e-001
7.367053e+002;2.230144e-001
7.371875e+002;2.227056e-001
7.376696e+002;2.224041e-001
7.381517e+002;2.221086e-001
7.386339e+002;2.218166e-001
7.391160e+002;2.215265e-001
7.395981e+002;2.212375e-001
7.400803e+002;2.209498e-001
7.405624e+002;2.206635e-001
7.410446e+002;2.203781e-001
7.415267e+002;2.200942e-001
7.420089e+002;2.198123e-001
7.424910e+002;2.195345e-001
7.429731e+002;2.192628e-001
7.434553e+002;2.189981e-001
7.439374e+002;2.187394e-001
7.444196e+002;2.184835e-001
7.449017e+002;2.182253e-001
7.453838e+002;2.179608e-001
7.458660e+002;2.176887e-001
7.463481e+002;2.174106e-001
7.468302e+002;2.171305e-001
7.473124e+002;2.168530e-001
7.477945e+002;2.165801e-001
7.482766e+002;2.163114e-001
7.487588e+002;2.160436e-001
7.492409e+002;2.157730e-001
7.497230e+002;2.154974e-001
7.502052e+002;2.152175e-001
7.506873e+002;2.149367e-001
7.511694e+002;2.146578e-001
7.516516e+002;2.143824e-001
7.521337e+002;2.141089e-001
7.526158e+002;2.138330e-001
7.530980e+002;2.135505e-001
7.535801e+002;2.132595e-001
7.540623e+002;2.129617e-001
7.545444e+002;2.126617e-001
7.550266e+002;2.123656e-001
7.555087e+002;2.120774e-001
7.559908e+002;2.117977e-001
7.564730e+002;2.115241e-001
7.569551e+002;2.112524e-001
7.574373e+002;2.109789e-001
7.579194e+002;2.107029e-001
7.584015e+002;2.104253e-001
7.588837e+002;2.101487e-001
7.593658e+002;2.098733e-001
7.598479e+002;2.095975e-001
7.603301e+002;2.093164e-001
7.608122e+002;2.090248e-001
7.612943e+002;2.087194e-001
7.617765e+002;2.083999e-001
7.622586e+002;2.080701e-001
7.627407e+002;2.077365e-001
7.632229e+002;2.074050e-001
7.637050e+002;2.070804e-001
7.641871e+002;2.067658e-001
7.646693e+002;2.064622e-001
7.651514e+002;2.061706e-001
7.656335e+002;2.058923e-001
7.661157e+002;2.056274e-001
7.665978e+002;2.053747e-001
7.670800e+002;2.051298e-001
7.675621e+002;2.048852e-001
7.680443e+002;2.046330e-001
7.685264e+002;2.043668e-001
7.690085e+002;2.040849e-001
7.694907e+002;2.037909e-001
7.699728e+002;2.034918e-001
7.704550e+002;2.031960e-001
7.709371e+002;2.029073e-001
7.714192e+002;2.026254e-001
7.719014e+002;2.023447e-001
7.723835e+002;2.020578e-001
7.728656e+002;2.017591e-001
7.733478e+002;2.014474e-001
7.738299e+002;2.011253e-001
7.743120e+002;2.007987e-001
7.747942e+002;2.004722e-001
7.752763e+002;2.001469e-001
7.757584e+002;1.998205e-001
7.762406e+002;1.994893e-001
7.767227e+002;1.991497e-001
7.772048e+002;1.988027e-001
7.776870e+002;1.984524e-001
7.781691e+002;1.981062e-001
7.786512e+002;1.977699e-001
7.791334e+002;1.974463e-001
7.796155e+002;1.971336e-001
7.800977e+002;1.968255e-001
7.805798e+002;1.965150e-001
7.810620e+002;1.961960e-001
7.815441e+002;1.958650e-001
7.820262e+002;1.955214e-001
7.825084e+002;1.951654e-001
7.829905e+002;1.947971e-001
7.834727e+002;1.944159e-001
7.839548e+002;1.940211e-001
7.844369e+002;1.936132e-001
7.849191e+002;1.931955e-001
7.854012e+002;1.927736e-001
7.858833e+002;1.923538e-001
7.863655e+002;1.919411e-001
7.868476e+002;1.915368e-001
7.873297e+002;1.911394e-001
7.878119e+002;1.907452e-001
7.882940e+002;1.903503e-001
7.887761e+002;1.899545e-001
7.892583e+002;1.895594e-001
7.897404e+002;1.891694e-001
7.902225e+002;1.887885e-001
7.907047e+002;1.884184e-001
7.911868e+002;1.880579e-001
7.916689e+002;1.877034e-001
7.921511e+002;1.873509e-001
7.926332e+002;1.869981e-001
7.931154e+002;1.866450e-001
7.935975e+002;1.862936e-001
7.940797e+002;1.859458e-001
7.945618e+002;1.856024e-001
7.950439e+002;1.852622e-001
7.955261e+002;1.849228e-001
7.960082e+002;1.845824e-001
7.964904e+002;1.842411e-001
7.969725e+002;1.839017e-001
7.974546e+002;1.835674e-001
7.979368e+002;1.832408e-001
7.984189e+002;1.829215e-001
7.989010e+002;1.826060e-001
7.993832e+002;1.822899e-001
7.998653e+002;1.819680e-001
8.003474e+002;1.816398e-001
8.008296e+002;1.813077e-001
8.013117e+002;1.809776e-001
8.017938e+002;1.806557e-001
8.022760e+002;1.803461e-001
8.027581e+002;1.800490e-001
8.032402e+002;1.797611e-001
8.037224e+002;1.794762e-001
8.042045e+002;1.791884e-001
8.046866e+002;1.788932e-001
8.051688e+002;1.785886e-001
8.056509e+002;1.782738e-001
8.061331e+002;1.779498e-001
8.066152e+002;1.776169e-001
8.070974e+002;1.772764e-001
8.075795e+002;1.769300e-001
8.080616e+002;1.765809e-001
8.085438e+002;1.762338e-001
8.090259e+002;1.758937e-001
8.095081e+002;1.755647e-001
8.099902e+002;1.752488e-001
8.104723e+002;1.749448e-001
8.109545e+002;1.746501e-001
8.114366e+002;1.743605e-001
8.119187e+002;1.740728e-001
8.124009e+002;1.737844e-001
8.128830e+002;1.734945e-001
8.133651e+002;1.732016e-001
8.138473e+002;1.729048e-001
8.143294e+002;1.726022e-001
8.148115e+002;1.722918e-001
8.152937e+002;1.719723e-001
8.157758e+002;1.716443e-001
8.162579e+002;1.713089e-001
8.167401e+002;1.709687e-001
8.172222e+002;1.706254e-001
8.177043e+002;1.702802e-001
8.181865e+002;1.699320e-001
8.186686e+002;1.695793e-001
8.191508e+002;1.692203e-001
8.196329e+002;1.688537e-001
8.201151e+002;1.684791e-001
8.205972e+002;1.680966e-001
8.210793e+002;1.677062e-001
8.215615e+002;1.673082e-001
8.220436e+002;1.669025e-001
8.225258e+002;1.664904e-001
8.230079e+002;1.660735e-001
8.234900e+002;1.656549e-001
8.239722e+002;1.652377e-001
8.244543e+002;1.648235e-001
8.249364e+002;1.644115e-001
8.254186e+002;1.639995e-001
8.259007e+002;1.635839e-001
8.263828e+002;1.631628e-001
8.268650e+002;1.627371e-001
8.273471e+002;1.623113e-001
8.278292e+002;1.618919e-001
8.283114e+002;1.614856e-001
8.287935e+002;1.610954e-001
8.292756e+002;1.607207e-001
8.297578e+002;1.603556e-001
8.302399e+002;1.599921e-001
8.307220e+002;1.596231e-001
8.312042e+002;1.592440e-001
8.316863e+002;1.588551e-001
8.321685e+002;1.584599e-001
8.326506e+002;1.580633e-001
8.331328e+002;1.576695e-001
8.336149e+002;1.572801e-001
8.340970e+002;1.568946e-001
8.345792e+002;1.565104e-001
8.350613e+002;1.561258e-001
8.355435e+002;1.557404e-001
8.360256e+002;1.553561e-001
8.365077e+002;1.549751e-001
8.369899e+002;1.546002e-001
8.374720e+002;1.542326e-001
8.379541e+002;1.538719e-001
8.384363e+002;1.535166e-001
8.389184e+002;1.531648e-001
8.394005e+002;1.528149e-001
8.398827e+002;1.524663e-001
8.403648e+002;1.521181e-001
8.408469e+002;1.517700e-001
8.413291e+002;1.514202e-001
8.418112e+002;1.510668e-001
8.422933e+002;1.507071e-001
8.427755e+002;1.503389e-001
8.432576e+002;1.499611e-001
8.437397e+002;1.495741e-001
8.442219e+002;1.491793e-001
8.447040e+002;1.487798e-001
8.451862e+002;1.483795e-001
8.456683e+002;1.479824e-001
8.461505e+002;1.475925e-001
8.466326e+002;1.472133e-001
8.471147e+002;1.468464e-001
8.475969e+002;1.464917e-001
8.480790e+002;1.461470e-001
8.485612e+002;1.458088e-001
8.490433e+002;1.454730e-001
8.495254e+002;1.451366e-001
8.500076e+002;1.447979e-001
8.504897e+002;1.444572e-001
8.509718e+002;1.441157e-001
8.514540e+002;1.437751e-001
8.519361e+002;1.434360e-001
8.524182e+002;1.430987e-001
8.529004e+002;1.427625e-001
8.533825e+002;1.424277e-001
8.538646e+002;1.420954e-001
8.543468e+002;1.417682e-001
8.548289e+002;1.414486e-001
8.553110e+002;1.411384e-001
8.557932e+002;1.408367e-001
8.562753e+002;1.405400e-001
8.567574e+002;1.402428e-001
8.572396e+002;1.399398e-001
8.577217e+002;1.396271e-001
8.582039e+002;1.393046e-001
8.586860e+002;1.389750e-001
8.591682e+002;1.386430e-001
8.596503e+002;1.383132e-001
8.601324e+002;1.379883e-001
8.606146e+002;1.376681e-001
8.610967e+002;1.373503e-001
8.615789e+002;1.370310e-001
8.620610e+002;1.367079e-001
8.625431e+002;1.363799e-001
8.630253e+002;1.360484e-001
8.635074e+002;1.357158e-001
8.639895e+002;1.353849e-001
8.644717e+002;1.350572e-001
8.649538e+002;1.347329e-001
8.654359e+002;1.344104e-001
8.659181e+002;1.340877e-001
8.664002e+002;1.337624e-001
8.668823e+002;1.334330e-001
8.673645e+002;1.330986e-001
8.678466e+002;1.327598e-001
8.683287e+002;1.324171e-001
8.688109e+002;1.320721e-001
8.692930e+002;1.317255e-001
8.697751e+002;1.313778e-001
8.702573e+002;1.310278e-001
8.707394e+002;1.306735e-001
8.712216e+002;1.303119e-001
8.717037e+002;1.299404e-001
8.721859e+002;1.295580e-001
8.726680e+002;1.291661e-001
8.731501e+002;1.287690e-001
8.736323e+002;1.283730e-001
8.741144e+002;1.279844e-001
8.745966e+002;1.276080e-001
8.750787e+002;1.272446e-001
8.755608e+002;1.268915e-001
8.760430e+002;1.265434e-001
8.765251e+002;1.261945e-001
8.770072e+002;1.258409e-001
8.774894e+002;1.254820e-001
8.779715e+002;1.251205e-001
8.784536e+002;1.247610e-001
8.789358e+002;1.244079e-001
8.794179e+002;1.240636e-001
8.799000e+002;1.237280e-001
8.803822e+002;1.233989e-001
8.808643e+002;1.230730e-001
8.813464e+002;1.227484e-001
8.818286e+002;1.224239e-001
8.823107e+002;1.221002e-001
8.827928e+002;1.217782e-001
8.832750e+002;1.214577e-001
8.837571e+002;1.211376e-001
8.842393e+002;1.208159e-001
8.847214e+002;1.204906e-001
8.852036e+002;1.201616e-001
8.856857e+002;1.198303e-001
8.861678e+002;1.195007e-001
8.866500e+002;1.191768e-001
8.871321e+002;1.188624e-001
8.876143e+002;1.185590e-001
8.880964e+002;1.182665e-001
8.885785e+002;1.179826e-001
8.890607e+002;1.177049e-001
8.895428e+002;1.174314e-001
8.900249e+002;1.171611e-001
8.905071e+002;1.168937e-001
8.909892e+002;1.166288e-001
8.914713e+002;1.163654e-001
8.919535e+002;1.161015e-001
8.924356e+002;1.158342e-001
8.929177e+002;1.155613e-001
8.933999e+002;1.152810e-001
8.938820e+002;1.149932e-001
8.943641e+002;1.146990e-001
8.948463e+002;1.144005e-001
8.953284e+002;1.141004e-001
8.958105e+002;1.138011e-001
8.962927e+002;1.135050e-001
8.967748e+002;1.132146e-001
8.972570e+002;1.129321e-001
8.977391e+002;1.126598e-001
8.982213e+002;1.123985e-001
8.987034e+002;1.121477e-001
8.991855e+002;1.119047e-001
8.996677e+002;1.116656e-001
9.001498e+002;1.114251e-001
9.006320e+002;1.111791e-001
9.011141e+002;1.109250e-001
9.015962e+002;1.106628e-001
9.020784e+002;1.103949e-001
9.025605e+002;1.101250e-001
9.030426e+002;1.098569e-001
9.035248e+002;1.095929e-001
9.040069e+002;1.093339e-001
9.044890e+002;1.090788e-001
9.049712e+002;1.088262e-001
9.054533e+002;1.085745e-001
9.059354e+002;1.083233e-001
9.064176e+002;1.080735e-001
9.068997e+002;1.078271e-001
9.073818e+002;1.075859e-001
9.078640e+002;1.073518e-001
9.083461e+002;1.071251e-001
9.088282e+002;1.069056e-001
9.093104e+002;1.066926e-001
9.097925e+002;1.064843e-001
9.102747e+002;1.062801e-001
9.107568e+002;1.060786e-001
9.112390e+002;1.058792e-001
9.117211e+002;1.056808e-001
9.122032e+002;1.054824e-001
9.126854e+002;1.052827e-001
9.131675e+002;1.050814e-001
9.136496e+002;1.048785e-001
9.141318e+002;1.046755e-001
9.146139e+002;1.044747e-001
9.150960e+002;1.042786e-001
9.155782e+002;1.040894e-001
9.160603e+002;1.039078e-001
9.165424e+002;1.037330e-001
9.170246e+002;1.035622e-001
9.175067e+002;1.033921e-001
9.179888e+002;1.032191e-001
9.184710e+002;1.030404e-001
9.189531e+002;1.028550e-001
9.194352e+002;1.026634e-001
9.199174e+002;1.024671e-001
9.203995e+002;1.022682e-001
9.208817e+002;1.020685e-001
9.213638e+002;1.018686e-001
9.218459e+002;1.016687e-001
9.223281e+002;1.014679e-001
9.228102e+002;1.012653e-001
9.232924e+002;1.010597e-001
9.237745e+002;1.008506e-001
9.242567e+002;1.006380e-001
9.247388e+002;1.004223e-001
9.252209e+002;1.002045e-001
9.257031e+002;9.998579e-002
9.261852e+002;9.976740e-002
9.266673e+002;9.955078e-002
9.271495e+002;9.933658e-002
9.276316e+002;9.912501e-002
9.281137e+002;9.891492e-002
9.285959e+002;9.870488e-002
9.290780e+002;9.849289e-002
9.295601e+002;9.827778e-002
9.300423e+002;9.805917e-002
9.305244e+002;9.783895e-002
9.310065e+002;9.761964e-002
9.314887e+002;9.740475e-002
9.319708e+002;9.719709e-002
9.324529e+002;9.699826e-002
9.329351e+002;9.680738e-002
9.334172e+002;9.662227e-002
9.338994e+002;9.643935e-002
9.343815e+002;9.625533e-002
9.348636e+002;9.606790e-002
9.353458e+002;9.587596e-002
9.358279e+002;9.567995e-002
9.363101e+002;9.548101e-002
9.367922e+002;9.528009e-002
9.372744e+002;9.507801e-002
9.377565e+002;9.487546e-002
9.382386e+002;9.467348e-002
9.387208e+002;9.447298e-002
9.392029e+002;9.427596e-002
9.396850e+002;9.408443e-002
9.401672e+002;9.389976e-002
9.406493e+002;9.372225e-002
9.411314e+002;9.355056e-002
9.416136e+002;9.338184e-002
9.420957e+002;9.321295e-002
9.425778e+002;9.304097e-002
9.430600e+002;9.286475e-002
9.435421e+002;9.268479e-002
9.440242e+002;9.250373e-002
9.445064e+002;9.232430e-002
9.449885e+002;9.214949e-002
9.454706e+002;9.198127e-002
9.459528e+002;9.182014e-002
9.464349e+002;9.166548e-002
9.469171e+002;9.151632e-002
9.473992e+002;9.137192e-002
9.478813e+002;9.123187e-002
9.483635e+002;9.109650e-002
9.488456e+002;9.096605e-002
9.493278e+002;9.084013e-002
9.498099e+002;9.071772e-002
9.502921e+002;9.059671e-002
9.507742e+002;9.047484e-002
9.512563e+002;9.034974e-002
9.517385e+002;9.022061e-002
9.522206e+002;9.008714e-002
9.527027e+002;8.995109e-002
9.531849e+002;8.981471e-002
9.536670e+002;8.968100e-002
9.541491e+002;8.955274e-002
9.546313e+002;8.943239e-002
9.551134e+002;8.932161e-002
9.555955e+002;8.922171e-002
9.560777e+002;8.913326e-002
9.565598e+002;8.905631e-002
9.570419e+002;8.899017e-002
9.575241e+002;8.893390e-002
9.580062e+002;8.888590e-002
9.584883e+002;8.884417e-002
9.589705e+002;8.880704e-002
9.594526e+002;8.877299e-002
9.599348e+002;8.874136e-002
9.604169e+002;8.871278e-002
9.608990e+002;8.868822e-002
9.613812e+002;8.866965e-002
9.618633e+002;8.865833e-002
9.623455e+002;8.865524e-002
9.628276e+002;8.865979e-002
9.633098e+002;8.867039e-002
9.637919e+002;8.868365e-002
9.642740e+002;8.869566e-002
9.647562e+002;8.870168e-002
9.652383e+002;8.869728e-002
9.657204e+002;8.867830e-002
9.662026e+002;8.864202e-002
9.666847e+002;8.858676e-002
9.671668e+002;8.851271e-002
9.676490e+002;8.842143e-002
9.681311e+002;8.831598e-002
9.686132e+002;8.820059e-002
9.690954e+002;8.808008e-002
9.695775e+002;8.795920e-002
9.700596e+002;8.784223e-002
9.705418e+002;8.773261e-002
9.710239e+002;8.763256e-002
9.715060e+002;8.754380e-002
9.719882e+002;8.746741e-002
9.724703e+002;8.740435e-002
9.729525e+002;8.735602e-002
9.734346e+002;8.732358e-002
9.739167e+002;8.730852e-002
9.743989e+002;8.731174e-002
9.748810e+002;8.733309e-002
9.753632e+002;8.737130e-002
9.758453e+002;8.742376e-002
9.763275e+002;8.748702e-002
9.768096e+002;8.755679e-002
9.772917e+002;8.762835e-002
9.777739e+002;8.769728e-002
9.782560e+002;8.775895e-002
9.787381e+002;8.780980e-002
9.792203e+002;8.784603e-002
9.797024e+002;8.786522e-002
9.801845e+002;8.786573e-002
9.806667e+002;8.784750e-002
9.811488e+002;8.781198e-002
9.816309e+002;8.776224e-002
9.821131e+002;8.770240e-002
9.825952e+002;8.763743e-002
9.830773e+002;8.757196e-002
9.835595e+002;8.751022e-002
9.840416e+002;8.745556e-002
9.845237e+002;8.741014e-002
9.850059e+002;8.737545e-002
9.854880e+002;8.735240e-002
9.859702e+002;8.734104e-002
9.864523e+002;8.734152e-002
9.869344e+002;8.735278e-002
9.874166e+002;8.737324e-002
9.878987e+002;8.740058e-002
9.883809e+002;8.743188e-002
9.888630e+002;8.746389e-002
9.893452e+002;8.749383e-002
9.898273e+002;8.751980e-002
9.903094e+002;8.754155e-002
9.907916e+002;8.755957e-002
9.912737e+002;8.757596e-002
9.917558e+002;8.759280e-002
9.922380e+002;8.761155e-002
9.927201e+002;8.763231e-002
9.932022e+002;8.765376e-002
9.936844e+002;8.767274e-002
9.941665e+002;8.768546e-002
9.946486e+002;8.768795e-002
9.951308e+002;8.767786e-002
9.956129e+002;8.765473e-002
9.960950e+002;8.762074e-002
9.965772e+002;8.758038e-002
9.970593e+002;8.753914e-002
9.975414e+002;8.750269e-002
9.980236e+002;8.747503e-002
9.985057e+002;8.745801e-002
9.989879e+002;8.745077e-002
9.994700e+002;8.745012e-002
9.999521e+002;8.745171e-002
1.000434e+003;8.745042e-002
1.000916e+003;8.744273e-002
1.001399e+003;8.742595e-002
1.001881e+003;8.739958e-002
1.002363e+003;8.736464e-002
1.002845e+003;8.732358e-002
1.003327e+003;8.727957e-002
1.003809e+003;8.723641e-002
1.004291e+003;8.719786e-002
1.004773e+003;8.716741e-002
1.005256e+003;8.714780e-002
1.005738e+003;8.714123e-002
1.006220e+003;8.714852e-002
1.006702e+003;8.716978e-002
1.007184e+003;8.720396e-002
1.007666e+003;8.725008e-002
1.008148e+003;8.730658e-002
1.008631e+003;8.737265e-002
1.009113e+003;8.744732e-002
1.009595e+003;8.753008e-002
1.010077e+003;8.762043e-002
1.010559e+003;8.771710e-002
1.011041e+003;8.781847e-002
1.011523e+003;8.792288e-002
1.012006e+003;8.802784e-002
1.012488e+003;8.813146e-002
1.012970e+003;8.823203e-002
1.013452e+003;8.832826e-002
1.013934e+003;8.841875e-002
1.014416e+003;8.850223e-002
1.014898e+003;8.857693e-002
1.015381e+003;8.864121e-002
1.015863e+003;8.869342e-002
1.016345e+003;8.873289e-002
1.016827e+003;8.875974e-002
1.017309e+003;8.877559e-002
1.017791e+003;8.878241e-002
1.018273e+003;8.878330e-002
1.018755e+003;8.878142e-002
1.019238e+003;8.877943e-002
1.019720e+003;8.877983e-002
1.020202e+003;8.878496e-002
1.020684e+003;8.879652e-002
1.021166e+003;8.881626e-002
1.021648e+003;8.884562e-002
1.022130e+003;8.888552e-002
1.022613e+003;8.893647e-002
1.023095e+003;8.899894e-002
1.023577e+003;8.907322e-002
1.024059e+003;8.916015e-002
1.024541e+003;8.926090e-002
1.025023e+003;8.937749e-002
1.025505e+003;8.951131e-002
1.025988e+003;8.966325e-002
1.026470e+003;8.983262e-002
1.026952e+003;9.001692e-002
1.027434e+003;9.021205e-002
1.027916e+003;9.041332e-002
1.028398e+003;9.061570e-002
1.028880e+003;9.081581e-002
1.029363e+003;9.101136e-002
1.029845e+003;9.120183e-002
1.030327e+003;9.138708e-002
1.030809e+003;9.156725e-002
1.031291e+003;9.174162e-002
1.031773e+003;9.190846e-002
1.032255e+003;9.206546e-002
1.032738e+003;9.221003e-002
1.033220e+003;9.233960e-002
1.033702e+003;9.245262e-002
1.034184e+003;9.254795e-002
1.034666e+003;9.262548e-002
1.035148e+003;9.268583e-002
1.035630e+003;9.273063e-002
1.036112e+003;9.276201e-002
1.036594e+003;9.278417e-002
1.037077e+003;9.280204e-002
1.037559e+003;9.282117e-002
1.038041e+003;9.284663e-002
1.038523e+003;9.288195e-002
1.039005e+003;9.292811e-002
1.039487e+003;9.298290e-002
1.039969e+003;9.304190e-002
1.040452e+003;9.309983e-002
1.040934e+003;9.315221e-002
1.041416e+003;9.319798e-002
1.041898e+003;9.323896e-002
1.042380e+003;9.328090e-002
1.042862e+003;9.333116e-002
1.043344e+003;9.339713e-002
1.043827e+003;9.348347e-002
1.044309e+003;9.359157e-002
1.044791e+003;9.371848e-002
1.045273e+003;9.385841e-002
1.045755e+003;9.400497e-002
1.046237e+003;9.415280e-002
1.046719e+003;9.429941e-002
1.047202e+003;9.444600e-002
1.047684e+003;9.459616e-002
1.048166e+003;9.475549e-002
1.048648e+003;9.492863e-002
1.049130e+003;9.511848e-002
1.049612e+003;9.532520e-002
1.050094e+003;9.554659e-002
1.050577e+003;9.577907e-002
1.051059e+003;9.601922e-002
1.051541e+003;9.626485e-002
1.052023e+003;9.651603e-002
1.052505e+003;9.677418e-002
1.052987e+003;9.704202e-002
1.053469e+003;9.732153e-002
1.053951e+003;9.761297e-002
1.054434e+003;9.791455e-002
1.054916e+003;9.822218e-002
1.055398e+003;9.852992e-002
1.055880e+003;9.883232e-002
1.056362e+003;9.912412e-002
1.056844e+003;9.940205e-002
1.057326e+003;9.966435e-002
1.057809e+003;9.991053e-002
1.058291e+003;1.001406e-001
1.058773e+003;1.003534e-001
1.059255e+003;1.005467e-001
1.059737e+003;1.007174e-001
1.060219e+003;1.008613e-001
1.060701e+003;1.009751e-001
1.061184e+003;1.010566e-001
1.061666e+003;1.011054e-001
1.062148e+003;1.011224e-001
1.062630e+003;1.011098e-001
1.063112e+003;1.010696e-001
1.063594e+003;1.010031e-001
1.064076e+003;1.009106e-001
1.064559e+003;1.007921e-001
1.065041e+003;1.006476e-001
1.065523e+003;1.004785e-001
1.066005e+003;1.002873e-001
1.066487e+003;1.000773e-001
1.066969e+003;9.985188e-002
1.067451e+003;9.961368e-002
1.067933e+003;9.936323e-002
1.068416e+003;9.910037e-002
1.068898e+003;9.882369e-002
1.069380e+003;9.853291e-002
1.069862e+003;9.822947e-002
1.070344e+003;9.791718e-002
1.070826e+003;9.760153e-002
1.071308e+003;9.728938e-002
1.071791e+003;9.698721e-002
1.072273e+003;9.670067e-002
1.072755e+003;9.643365e-002
1.073237e+003;9.618921e-002
1.073719e+003;9.596984e-002
1.074201e+003;9.577759e-002
1.074683e+003;9.561455e-002
1.075166e+003;9.548303e-002
1.075648e+003;9.538379e-002
1.076130e+003;9.531689e-002
1.076612e+003;9.528045e-002
1.077094e+003;9.527191e-002
1.077576e+003;9.528758e-002
1.078058e+003;9.532443e-002
1.078541e+003;9.537952e-002
1.079023e+003;9.545022e-002
1.079505e+003;9.553315e-002
1.079987e+003;9.562377e-002
1.080469e+003;9.571535e-002
1.080951e+003;9.579983e-002
1.081433e+003;9.586776e-002
1.081916e+003;9.591055e-002
1.082398e+003;9.592089e-002
1.082880e+003;9.589466e-002
1.083362e+003;9.583013e-002
1.083844e+003;9.572830e-002
1.084326e+003;9.559090e-002
1.084808e+003;9.542031e-002
1.085290e+003;9.521819e-002
1.085772e+003;9.498619e-002
1.086255e+003;9.472556e-002
1.086737e+003;9.443883e-002
1.087219e+003;9.412957e-002
1.087701e+003;9.380328e-002
1.088183e+003;9.346600e-002
1.088665e+003;9.312446e-002
1.089147e+003;9.278420e-002
1.089630e+003;9.244970e-002
1.090112e+003;9.212372e-002
1.090594e+003;9.180763e-002
1.091076e+003;9.150241e-002
1.091558e+003;9.120983e-002
1.092040e+003;9.093207e-002
1.092522e+003;9.067325e-002
1.093005e+003;9.043758e-002
1.093487e+003;9.022996e-002
1.093969e+003;9.005426e-002
1.094451e+003;8.991327e-002
1.094933e+003;8.980844e-002
1.095415e+003;8.974040e-002
1.095897e+003;8.970767e-002
1.096380e+003;8.970883e-002
1.096862e+003;8.974085e-002
1.097344e+003;8.979981e-002
1.097826e+003;8.988090e-002
1.098308e+003;8.997843e-002
1.098790e+003;9.008613e-002
1.099272e+003;9.019820e-002
1.099755e+003;9.030925e-002
1.100237e+003;9.041514e-002
1.100719e+003;9.051284e-002
1.101201e+003;9.060048e-002
1.101683e+003;9.067688e-002
1.102165e+003;9.074149e-002
1.102647e+003;9.079380e-002
1.103129e+003;9.083322e-002
1.103612e+003;9.085909e-002
1.104094e+003;9.087011e-002
1.104576e+003;9.086505e-002
1.105058e+003;9.084237e-002
1.105540e+003;9.080049e-002
1.106022e+003;9.073817e-002
1.106504e+003;9.065456e-002
1.106987e+003;9.055052e-002
1.107469e+003;9.042707e-002
1.107951e+003;9.028684e-002
1.108433e+003;9.013246e-002
1.108915e+003;8.996720e-002
1.109397e+003;8.979300e-002
1.109879e+003;8.961190e-002
1.110362e+003;8.942445e-002
1.110844e+003;8.923125e-002
1.111326e+003;8.903259e-002
1.111808e+003;8.882996e-002
1.112290e+003;8.862439e-002
1.112772e+003;8.841889e-002
1.113254e+003;8.821604e-002
1.113736e+003;8.801859e-002
1.114219e+003;8.782922e-002
1.114701e+003;8.764986e-002
1.115183e+003;8.748154e-002
1.115665e+003;8.732517e-002
1.116147e+003;8.718102e-002
1.116629e+003;8.704966e-002
1.117111e+003;8.693130e-002
1.117594e+003;8.682688e-002
1.118076e+003;8.673716e-002
1.118558e+003;8.666296e-002
1.119040e+003;8.660415e-002
1.119522e+003;8.655983e-002
1.120004e+003;8.652736e-002
1.120486e+003;8.650285e-002
1.120969e+003;8.648139e-002
1.121451e+003;8.645885e-002
1.121933e+003;8.643200e-002
1.122415e+003;8.640051e-002
1.122897e+003;8.636617e-002
1.123379e+003;8.633298e-002
1.123861e+003;8.630557e-002
1.124344e+003;8.628829e-002
1.124826e+003;8.628318e-002
1.125308e+003;8.629015e-002
1.125790e+003;8.630682e-002
1.126272e+003;8.632928e-002
1.126754e+003;8.635378e-002
1.127236e+003;8.637741e-002
1.127719e+003;8.639840e-002
1.128201e+003;8.641665e-002
1.128683e+003;8.643278e-002
1.129165e+003;8.644776e-002
1.129647e+003;8.646215e-002
1.130129e+003;8.647644e-002
1.130611e+003;8.649012e-002
1.131093e+003;8.650375e-002
1.131576e+003;8.651781e-002
1.132058e+003;8.653319e-002
1.132540e+003;8.655147e-002
1.133022e+003;8.657422e-002
1.133504e+003;8.660256e-002
1.133986e+003;8.663666e-002
1.134468e+003;8.667541e-002
1.134950e+003;8.671685e-002
1.135433e+003;8.675778e-002
1.135915e+003;8.679493e-002
1.136397e+003;8.682541e-002
1.136879e+003;8.684742e-002
1.137361e+003;8.686108e-002
1.137843e+003;8.686845e-002
1.138325e+003;8.687355e-002
1.138808e+003;8.688135e-002
1.139290e+003;8.689613e-002
1.139772e+003;8.692080e-002
1.140254e+003;8.695520e-002
1.140736e+003;8.699647e-002
1.141218e+003;8.703934e-002
1.141700e+003;8.707792e-002
1.142183e+003;8.710657e-002
1.142665e+003;8.712238e-002
1.143147e+003;8.712481e-002
1.143629e+003;8.711675e-002
1.144111e+003;8.710229e-002
1.144593e+003;8.708704e-002
1.145075e+003;8.707549e-002
1.145557e+003;8.707088e-002
1.146040e+003;8.707448e-002
1.146522e+003;8.708606e-002
1.147004e+003;8.710407e-002
1.147486e+003;8.712687e-002
1.147968e+003;8.715229e-002
1.148450e+003;8.717899e-002
1.148932e+003;8.720601e-002
1.149415e+003;8.723269e-002
1.149897e+003;8.725876e-002
1.150379e+003;8.728379e-002
1.150861e+003;8.730679e-002
1.151343e+003;8.732706e-002
1.151825e+003;8.734335e-002
1.152307e+003;8.735519e-002
1.152790e+003;8.736216e-002
1.153272e+003;8.736536e-002
1.153754e+003;8.736647e-002
1.154236e+003;8.736777e-002
1.154718e+003;8.737138e-002
1.155200e+003;8.737867e-002
1.155682e+003;8.738943e-002
1.156165e+003;8.740205e-002
1.156647e+003;8.741347e-002
1.157129e+003;8.742061e-002
1.157611e+003;8.742063e-002
1.158093e+003;8.741242e-002
1.158575e+003;8.739573e-002
1.159057e+003;8.737211e-002
1.159540e+003;8.734334e-002
1.160022e+003;8.731107e-002
1.160504e+003;8.727606e-002
1.160986e+003;8.723794e-002
1.161468e+003;8.719520e-002
1.161950e+003;8.714613e-002
1.162432e+003;8.708866e-002
1.162914e+003;8.702181e-002
1.163397e+003;8.694490e-002
1.163879e+003;8.685914e-002
1.164361e+003;8.676653e-002
1.164843e+003;8.667003e-002
1.165325e+003;8.657313e-002
1.165807e+003;8.647925e-002
1.166289e+003;8.639071e-002
1.166771e+003;8.630902e-002
1.167254e+003;8.623371e-002
1.167736e+003;8.616358e-002
1.168218e+003;8.609641e-002
1.168700e+003;8.603082e-002
1.169182e+003;8.596584e-002
1.169664e+003;8.590230e-002
1.170146e+003;8.584179e-002
1.170629e+003;8.578665e-002
1.171111e+003;8.573829e-002
1.171593e+003;8.569810e-002
1.172075e+003;8.566609e-002
1.172557e+003;8.564170e-002
1.173039e+003;8.562422e-002
1.173521e+003;8.561356e-002
1.174004e+003;8.560953e-002
1.174486e+003;8.561257e-002
1.174968e+003;8.562210e-002
1.175450e+003;8.563753e-002
1.175932e+003;8.565662e-002
1.176414e+003;8.567721e-002
1.176896e+003;8.569705e-002
1.177379e+003;8.571485e-002
1.177861e+003;8.573018e-002
1.178343e+003;8.574412e-002
1.178825e+003;8.575805e-002
1.179307e+003;8.577354e-002
1.179789e+003;8.579132e-002
1.180271e+003;8.581153e-002
1.180754e+003;8.583374e-002
1.181236e+003;8.585696e-002
1.181718e+003;8.588087e-002
1.182200e+003;8.590481e-002
1.182682e+003;8.592886e-002
1.183164e+003;8.595339e-002
1.183646e+003;8.597811e-002
1.184128e+003;8.600296e-002
1.184611e+003;8.602768e-002
1.185093e+003;8.605167e-002
1.185575e+003;8.607417e-002
1.186057e+003;8.609468e-002
1.186539e+003;8.611187e-002
1.187021e+003;8.612503e-002
1.187503e+003;8.613369e-002
1.187986e+003;8.613791e-002
1.188468e+003;8.613863e-002
1.188950e+003;8.613767e-002
1.189432e+003;8.613712e-002
1.189914e+003;8.613883e-002
1.190396e+003;8.614312e-002
1.190878e+003;8.614901e-002
1.191361e+003;8.615388e-002
1.191843e+003;8.615460e-002
1.192325e+003;8.614831e-002
1.192807e+003;8.613404e-002
1.193289e+003;8.611231e-002
1.193771e+003;8.608572e-002
1.194253e+003;8.605772e-002
1.194735e+003;8.603127e-002
1.195218e+003;8.600805e-002
1.195700e+003;8.598830e-002
1.196182e+003;8.597140e-002
1.196664e+003;8.595640e-002
1.197146e+003;8.594298e-002
1.197628e+003;8.593229e-002
1.198110e+003;8.592585e-002
1.198593e+003;8.592606e-002
1.199075e+003;8.593353e-002
1.199557e+003;8.594836e-002
1.200039e+003;8.596859e-002
1.200521e+003;8.599111e-002
1.201003e+003;8.601242e-002
1.201485e+003;8.602980e-002
1.201968e+003;8.604100e-002
1.202450e+003;8.604553e-002
1.202932e+003;8.604361e-002
1.203414e+003;8.603650e-002
1.203896e+003;8.602591e-002
1.204378e+003;8.601418e-002
1.204860e+003;8.600339e-002
1.205343e+003;8.599572e-002
1.205825e+003;8.599288e-002
1.206307e+003;8.599582e-002
1.206789e+003;8.600525e-002
1.207271e+003;8.602097e-002
1.207753e+003;8.604269e-002
1.208235e+003;8.607044e-002
1.208718e+003;8.610399e-002
1.209200e+003;8.614400e-002
1.209682e+003;8.619010e-002
1.210164e+003;8.624175e-002
1.210646e+003;8.629704e-002
1.211128e+003;8.635379e-002
1.211610e+003;8.640899e-002
1.212092e+003;8.646043e-002
1.212575e+003;8.650712e-002
1.213057e+003;8.654940e-002
1.213539e+003;8.658853e-002
1.214021e+003;8.662646e-002
1.214503e+003;8.666418e-002
1.214985e+003;8.670224e-002
1.215467e+003;8.674052e-002
1.215949e+003;8.677810e-002
1.216432e+003;8.681476e-002
1.216914e+003;8.685125e-002
1.217396e+003;8.688901e-002
1.217878e+003;8.692969e-002
1.218360e+003;8.697467e-002
1.218842e+003;8.702413e-002
1.219324e+003;8.707669e-002
1.219807e+003;8.713037e-002
1.220289e+003;8.718269e-002
1.220771e+003;8.723217e-002
1.221253e+003;8.727861e-002
1.221735e+003;8.732398e-002
1.222217e+003;8.737093e-002
1.222699e+003;8.742292e-002
1.223182e+003;8.748231e-002
1.223664e+003;8.755057e-002
1.224146e+003;8.762726e-002
1.224628e+003;8.771028e-002
1.225110e+003;8.779614e-002
1.225592e+003;8.788151e-002
1.226074e+003;8.796261e-002
1.226557e+003;8.803710e-002
1.227039e+003;8.810358e-002
1.227521e+003;8.816236e-002
1.228003e+003;8.821522e-002
1.228485e+003;8.826498e-002
1.228967e+003;8.831523e-002
1.229449e+003;8.836887e-002
1.229932e+003;8.842797e-002
1.230414e+003;8.849378e-002
1.230896e+003;8.856592e-002
1.231378e+003;8.864323e-002
1.231860e+003;8.872408e-002
1.232342e+003;8.880698e-002
1.232824e+003;8.889041e-002
1.233306e+003;8.897363e-002
1.233789e+003;8.905555e-002
1.234271e+003;8.913571e-002
1.234753e+003;8.921367e-002
1.235235e+003;8.928948e-002
1.235717e+003;8.936334e-002
1.236199e+003;8.943622e-002
1.236681e+003;8.950856e-002
1.237164e+003;8.958139e-002
1.237646e+003;8.965471e-002
1.238128e+003;8.972833e-002
1.238610e+003;8.980162e-002
1.239092e+003;8.987404e-002
1.239574e+003;8.994477e-002
1.240056e+003;9.001387e-002
1.240539e+003;9.008165e-002
1.241021e+003;9.014825e-002
1.241503e+003;9.021348e-002
1.241985e+003;9.027696e-002
1.242467e+003;9.033814e-002
1.242949e+003;9.039737e-002
1.243431e+003;9.045478e-002
1.243913e+003;9.051242e-002
1.244396e+003;9.057143e-002
1.244878e+003;9.063292e-002
1.245360e+003;9.069724e-002
1.245842e+003;9.076256e-002
1.246324e+003;9.082667e-002
1.246806e+003;9.088715e-002
1.247288e+003;9.094243e-002
1.247771e+003;9.099330e-002
1.248253e+003;9.104215e-002
1.248735e+003;9.109233e-002
1.249217e+003;9.114765e-002
1.249699e+003;9.120947e-002
1.250181e+003;9.127752e-002
1.250663e+003;9.134902e-002
1.251146e+003;9.141970e-002
1.251628e+003;9.148558e-002
1.252110e+003;9.154401e-002
1.252592e+003;9.159432e-002
1.253074e+003;9.163725e-002
1.253556e+003;9.167535e-002
1.254038e+003;9.171097e-002
1.254521e+003;9.174657e-002
1.255003e+003;9.178359e-002
1.255485e+003;9.182341e-002
1.255967e+003;9.186696e-002
1.256449e+003;9.191505e-002
1.256931e+003;9.196822e-002
1.257413e+003;9.202613e-002
1.257896e+003;9.208741e-002
1.258378e+003;9.215029e-002
1.258860e+003;9.221271e-002
1.259342e+003;9.227290e-002
1.259824e+003;9.232999e-002
1.260306e+003;9.238465e-002
1.260788e+003;9.243789e-002
1.261270e+003;9.249127e-002
1.261753e+003;9.254482e-002
1.262235e+003;9.259782e-002
1.262717e+003;9.264773e-002
1.263199e+003;9.269160e-002
1.263681e+003;9.272637e-002
1.264163e+003;9.275033e-002
1.264645e+003;9.276242e-002
1.265127e+003;9.276313e-002
1.265610e+003;9.275449e-002
1.266092e+003;9.273849e-002
1.266574e+003;9.271753e-002
1.267056e+003;9.269403e-002
1.267538e+003;9.267036e-002
1.268020e+003;9.264785e-002
1.268502e+003;9.262736e-002
1.268985e+003;9.260906e-002
1.269467e+003;9.259210e-002
1.269949e+003;9.257513e-002
1.270431e+003;9.255684e-002
1.270913e+003;9.253652e-002
1.271395e+003;9.251414e-002
1.271877e+003;9.249073e-002
1.272360e+003;9.246824e-002
1.272842e+003;9.244869e-002
1.273324e+003;9.243385e-002
1.273806e+003;9.242535e-002
1.274288e+003;9.242383e-002
1.274770e+003;9.242955e-002
1.275252e+003;9.244230e-002
1.275734e+003;9.246150e-002
1.276217e+003;9.248632e-002
1.276699e+003;9.251490e-002
1.277181e+003;9.254508e-002
1.277663e+003;9.257413e-002
1.278145e+003;9.259966e-002
1.278627e+003;9.262002e-002
1.279109e+003;9.263480e-002
1.279592e+003;9.264520e-002
1.280074e+003;9.265273e-002
1.280556e+003;9.266040e-002
1.281038e+003;9.267009e-002
1.281520e+003;9.268283e-002
1.282002e+003;9.269920e-002
1.282484e+003;9.271799e-002
1.282967e+003;9.273823e-002
1.283449e+003;9.275908e-002
1.283931e+003;9.277976e-002
1.284413e+003;9.280054e-002
1.284895e+003;9.282142e-002
1.285377e+003;9.284319e-002
1.285859e+003;9.286543e-002
1.286342e+003;9.288827e-002
1.286824e+003;9.291150e-002
1.287306e+003;9.293476e-002
1.287788e+003;9.295771e-002
1.288270e+003;9.298019e-002
1.288752e+003;9.300204e-002
1.289234e+003;9.302332e-002
1.289717e+003;9.304447e-002
1.290199e+003;9.306661e-002
1.290681e+003;9.309072e-002
1.291163e+003;9.311841e-002
1.291645e+003;9.315116e-002
1.292127e+003;9.318978e-002
1.292609e+003;9.323391e-002
1.293091e+003;9.328259e-002
1.293573e+003;9.333344e-002
1.294056e+003;9.338435e-002
1.294538e+003;9.343297e-002
1.295020e+003;9.347792e-002
1.295502e+003;9.351894e-002
1.295984e+003;9.355644e-002
1.296466e+003;9.359089e-002
1.296948e+003;9.362310e-002
1.297431e+003;9.365410e-002
1.297913e+003;9.368420e-002
1.298395e+003;9.371412e-002
1.298877e+003;9.374458e-002
1.299359e+003;9.377635e-002
1.299841e+003;9.380991e-002
1.300323e+003;9.384617e-002
1.300806e+003;9.388519e-002
1.301288e+003;9.392712e-002
1.301770e+003;9.397182e-002
1.302252e+003;9.401909e-002
1.302734e+003;9.406900e-002
1.303216e+003;9.412165e-002
1.303698e+003;9.417703e-002
1.304181e+003;9.423468e-002
1.304663e+003;9.429401e-002
1.305145e+003;9.435409e-002
1.305627e+003;9.441404e-002
1.306109e+003;9.447319e-002
1.306591e+003;9.453133e-002
1.307073e+003;9.458849e-002
1.307556e+003;9.464507e-002
1.308038e+003;9.470048e-002
1.308520e+003;9.475439e-002
1.309002e+003;9.480608e-002
1.309484e+003;9.485482e-002
1.309966e+003;9.490082e-002
1.310448e+003;9.494539e-002
1.310930e+003;9.499010e-002
1.311413e+003;9.503763e-002
1.311895e+003;9.508970e-002
1.312377e+003;9.514725e-002
1.312859e+003;9.520934e-002
1.313341e+003;9.527426e-002
1.313823e+003;9.533802e-002
1.314305e+003;9.539802e-002
1.314788e+003;9.545178e-002
1.315270e+003;9.549877e-002
1.315752e+003;9.553982e-002
1.316234e+003;9.557773e-002
1.316716e+003;9.561582e-002
1.317198e+003;9.565732e-002
1.317680e+003;9.570414e-002
1.318163e+003;9.575728e-002
1.318645e+003;9.581585e-002
1.319127e+003;9.587746e-002
1.319609e+003;9.593969e-002
1.320091e+003;9.600002e-002
1.320573e+003;9.605739e-002
1.321055e+003;9.611193e-002
1.321538e+003;9.616549e-002
1.322020e+003;9.622019e-002
1.322502e+003;9.627867e-002
1.322984e+003;9.634179e-002
1.323466e+003;9.640968e-002
1.323948e+003;9.648093e-002
1.324430e+003;9.655280e-002
1.324912e+003;9.662310e-002
1.325395e+003;9.668988e-002
1.325877e+003;9.675241e-002
1.326359e+003;9.681093e-002
1.326841e+003;9.686652e-002
1.327323e+003;9.692030e-002
1.327805e+003;9.697332e-002
1.328287e+003;9.702696e-002
1.328770e+003;9.708200e-002
1.329252e+003;9.713978e-002
1.329734e+003;9.720176e-002
1.330216e+003;9.726892e-002
1.330698e+003;9.734207e-002
1.331180e+003;9.742039e-002
1.331662e+003;9.750211e-002
1.332145e+003;9.758476e-002
1.332627e+003;9.766534e-002
1.333109e+003;9.774153e-002
1.333591e+003;9.781211e-002
1.334073e+003;9.787701e-002
1.334555e+003;9.793709e-002
1.335037e+003;9.799347e-002
1.335520e+003;9.804726e-002
1.336002e+003;9.809967e-002
1.336484e+003;9.815152e-002
1.336966e+003;9.820379e-002
1.337448e+003;9.825800e-002
1.337930e+003;9.831575e-002
1.338412e+003;9.837875e-002
1.338895e+003;9.844676e-002
1.339377e+003;9.851927e-002
1.339859e+003;9.859361e-002
1.340341e+003;9.866644e-002
1.340823e+003;9.873451e-002
1.341305e+003;9.879539e-002
1.341787e+003;9.884880e-002
1.342269e+003;9.889558e-002
1.342751e+003;9.893793e-002
1.343234e+003;9.897824e-002
1.343716e+003;9.901822e-002
1.344198e+003;9.905877e-002
1.344680e+003;9.909947e-002
1.345162e+003;9.913900e-002
1.345644e+003;9.917594e-002
1.346126e+003;9.920875e-002
1.346609e+003;9.923651e-002
1.347091e+003;9.925910e-002
1.347573e+003;9.927630e-002
1.348055e+003;9.928892e-002
1.348537e+003;9.929705e-002
1.349019e+003;9.930200e-002
1.349501e+003;9.930427e-002
1.349984e+003;9.930479e-002
1.350466e+003;9.930401e-002
1.350948e+003;9.930264e-002
1.351430e+003;9.930094e-002
1.351912e+003;9.929947e-002
1.352394e+003;9.929886e-002
1.352876e+003;9.929987e-002
1.353359e+003;9.930323e-002
1.353841e+003;9.930972e-002
1.354323e+003;9.931957e-002
1.354805e+003;9.933288e-002
1.355287e+003;9.934866e-002
1.355769e+003;9.936593e-002
1.356251e+003;9.938334e-002
1.356734e+003;9.939981e-002
1.357216e+003;9.941445e-002
1.357698e+003;9.942687e-002
1.358180e+003;9.943762e-002
1.358662e+003;9.944765e-002
1.359144e+003;9.945879e-002
1.359626e+003;9.947336e-002
1.360108e+003;9.949388e-002
1.360591e+003;9.952267e-002
1.361073e+003;9.956059e-002
1.361555e+003;9.960760e-002
1.362037e+003;9.966074e-002
1.362519e+003;9.971634e-002
1.363001e+003;9.976998e-002
1.363483e+003;9.981809e-002
1.363966e+003;9.985831e-002
1.364448e+003;9.989110e-002
1.364930e+003;9.991803e-002
1.365412e+003;9.994264e-002
1.365894e+003;9.996758e-002
1.366376e+003;9.999482e-002
1.366858e+003;1.000244e-001
1.367341e+003;1.000552e-001
1.367823e+003;1.000850e-001
1.368305e+003;1.001122e-001
1.368787e+003;1.001356e-001
1.369269e+003;1.001554e-001
1.369751e+003;1.001728e-001
1.370233e+003;1.001888e-001
1.370716e+003;1.002052e-001
1.371198e+003;1.002234e-001
1.371680e+003;1.002439e-001
1.372162e+003;1.002672e-001
1.372644e+003;1.002932e-001
1.373126e+003;1.003212e-001
1.373608e+003;1.003505e-001
1.374090e+003;1.003798e-001
1.374573e+003;1.004075e-001
1.375055e+003;1.004328e-001
1.375537e+003;1.004556e-001
1.376019e+003;1.004760e-001
1.376501e+003;1.004953e-001
1.376983e+003;1.005144e-001
1.377465e+003;1.005329e-001
1.377948e+003;1.005500e-001
1.378430e+003;1.005633e-001
1.378912e+003;1.005706e-001
1.379394e+003;1.005703e-001
1.379876e+003;1.005627e-001
1.380358e+003;1.005504e-001
1.380840e+003;1.005370e-001
1.381323e+003;1.005272e-001
1.381805e+003;1.005248e-001
1.382287e+003;1.005320e-001
1.382769e+003;1.005496e-001
1.383251e+003;1.005763e-001
1.383733e+003;1.006114e-001
1.384215e+003;1.006525e-001
1.384698e+003;1.006987e-001
1.385180e+003;1.007494e-001
1.385662e+003;1.008037e-001
1.386144e+003;1.008600e-001
1.386626e+003;1.009169e-001
1.387108e+003;1.009718e-001
1.387590e+003;1.010232e-001
1.388073e+003;1.010704e-001
1.388555e+003;1.011134e-001
1.389037e+003;1.011530e-001
1.389519e+003;1.011909e-001
1.390001e+003;1.012278e-001
1.390483e+003;1.012650e-001
1.390965e+003;1.013038e-001
1.391447e+003;1.013458e-001
1.391929e+003;1.013933e-001
1.392412e+003;1.014490e-001
1.392894e+003;1.015150e-001
1.393376e+003;1.015921e-001
1.393858e+003;1.016784e-001
1.394340e+003;1.017704e-001
1.394822e+003;1.018630e-001
1.395304e+003;1.019514e-001
1.395787e+003;1.020329e-001
1.396269e+003;1.021072e-001
1.396751e+003;1.021766e-001
1.397233e+003;1.022445e-001
1.397715e+003;1.023143e-001
1.398197e+003;1.023874e-001
1.398679e+003;1.024629e-001
1.399162e+003;1.025380e-001
1.399644e+003;1.026099e-001
1.400126e+003;1.026764e-001
1.400608e+003;1.027374e-001
1.401090e+003;1.027949e-001
1.401572e+003;1.028532e-001
1.402054e+003;1.029157e-001
1.402537e+003;1.029850e-001
1.403019e+003;1.030617e-001
1.403501e+003;1.031445e-001
1.403983e+003;1.032299e-001
1.404465e+003;1.033144e-001
1.404947e+003;1.033948e-001
1.405429e+003;1.034686e-001
1.405911e+003;1.035355e-001
1.406394e+003;1.035962e-001
1.406876e+003;1.036525e-001
1.407358e+003;1.037063e-001
1.407840e+003;1.037601e-001
1.408322e+003;1.038149e-001
1.408804e+003;1.038720e-001
1.409286e+003;1.039310e-001
1.409769e+003;1.039909e-001
1.410251e+003;1.040502e-001
1.410733e+003;1.041080e-001
1.411215e+003;1.041637e-001
1.411697e+003;1.042174e-001
1.412179e+003;1.042707e-001
1.412661e+003;1.043256e-001
1.413144e+003;1.043832e-001
1.413626e+003;1.044441e-001
1.414108e+003;1.045072e-001
1.414590e+003;1.045703e-001
1.415072e+003;1.046305e-001
1.415554e+003;1.046866e-001
1.416036e+003;1.047384e-001
1.416519e+003;1.047883e-001
1.417001e+003;1.048405e-001
1.417483e+003;1.048990e-001
1.417965e+003;1.049663e-001
1.418447e+003;1.050422e-001
1.418929e+003;1.051227e-001
1.419411e+003;1.052010e-001
1.419894e+003;1.052699e-001
1.420376e+003;1.053243e-001
1.420858e+003;1.053619e-001
1.421340e+003;1.053853e-001
1.421822e+003;1.053997e-001
1.422304e+003;1.054114e-001
1.422786e+003;1.054253e-001
1.423268e+003;1.054434e-001
1.423750e+003;1.054644e-001
1.424233e+003;1.054845e-001
1.424715e+003;1.055003e-001
1.425197e+003;1.055101e-001
1.425679e+003;1.055152e-001
1.426161e+003;1.055206e-001
1.426643e+003;1.055321e-001
1.427125e+003;1.055553e-001
1.427608e+003;1.055928e-001
1.428090e+003;1.056443e-001
1.428572e+003;1.057057e-001
1.429054e+003;1.057710e-001
1.429536e+003;1.058343e-001
1.430018e+003;1.058907e-001
1.430500e+003;1.059371e-001
1.430983e+003;1.059724e-001
1.431465e+003;1.059972e-001
1.431947e+003;1.060137e-001
1.432429e+003;1.060250e-001
1.432911e+003;1.060361e-001
1.433393e+003;1.060521e-001
1.433875e+003;1.060792e-001
1.434358e+003;1.061209e-001
1.434840e+003;1.061779e-001
1.435322e+003;1.062459e-001
1.435804e+003;1.063162e-001
1.436286e+003;1.063778e-001
1.436768e+003;1.064207e-001
1.437250e+003;1.064388e-001
1.437732e+003;1.064333e-001
1.438215e+003;1.064112e-001
1.438697e+003;1.063834e-001
1.439179e+003;1.063607e-001
1.439661e+003;1.063512e-001
1.440143e+003;1.063572e-001
1.440625e+003;1.063773e-001
1.441107e+003;1.064059e-001
1.441590e+003;1.064373e-001
1.442072e+003;1.064673e-001
1.442554e+003;1.064943e-001
1.443036e+003;1.065190e-001
1.443518e+003;1.065434e-001
1.444000e+003;1.065688e-001
1.444482e+003;1.065965e-001
1.444965e+003;1.066257e-001
1.445447e+003;1.066572e-001
1.445929e+003;1.066910e-001
1.446411e+003;1.067289e-001
1.446893e+003;1.067722e-001
1.447375e+003;1.068216e-001
1.447857e+003;1.068765e-001
1.448340e+003;1.069349e-001
1.448822e+003;1.069948e-001
1.449304e+003;1.070547e-001
1.449786e+003;1.071150e-001
1.450268e+003;1.071765e-001
1.450750e+003;1.072412e-001
1.451232e+003;1.073091e-001
1.451715e+003;1.073789e-001
1.452197e+003;1.074478e-001
1.452679e+003;1.075134e-001
1.453161e+003;1.075754e-001
1.453643e+003;1.076365e-001
1.454125e+003;1.077025e-001
1.454607e+003;1.077798e-001
1.455089e+003;1.078721e-001
1.455572e+003;1.079777e-001
1.456054e+003;1.080882e-001
1.456536e+003;1.081893e-001
1.457018e+003;1.082653e-001
1.457500e+003;1.083033e-001
1.457982e+003;1.082974e-001
1.458464e+003;1.082495e-001
1.458947e+003;1.081688e-001
1.459429e+003;1.080673e-001
1.459911e+003;1.079572e-001
1.460393e+003;1.078482e-001
1.460875e+003;1.077465e-001
1.461357e+003;1.076552e-001
1.461839e+003;1.075759e-001
1.462322e+003;1.075093e-001
1.462804e+003;1.074552e-001
1.463286e+003;1.074129e-001
1.463768e+003;1.073806e-001
1.464250e+003;1.073544e-001
1.464732e+003;1.073298e-001
1.465214e+003;1.073020e-001
1.465697e+003;1.072677e-001
1.466179e+003;1.072256e-001
1.466661e+003;1.071765e-001
1.467143e+003;1.071234e-001
1.467625e+003;1.070694e-001
1.468107e+003;1.070176e-001
1.468589e+003;1.069712e-001
1.469072e+003;1.069324e-001
1.469553e+003;1.069034e-001
1.470036e+003;1.068864e-001
1.470518e+003;1.068826e-001
1.471000e+003;1.068917e-001
1.471482e+003;1.069108e-001
1.471964e+003;1.069352e-001
1.472446e+003;1.069584e-001
1.472928e+003;1.069743e-001
1.473411e+003;1.069798e-001
1.473893e+003;1.069739e-001
1.474375e+003;1.069601e-001
1.474857e+003;1.069428e-001
1.475339e+003;1.069273e-001
1.475821e+003;1.069166e-001
1.476303e+003;1.069116e-001
1.476786e+003;1.069111e-001
1.477268e+003;1.069131e-001
1.477750e+003;1.069158e-001
1.478232e+003;1.069196e-001
1.478714e+003;1.069257e-001
1.479196e+003;1.069371e-001
1.479678e+003;1.069557e-001
1.480161e+003;1.069823e-001
1.480643e+003;1.070160e-001
1.481125e+003;1.070546e-001
1.481607e+003;1.070947e-001
1.482089e+003;1.071337e-001
1.482571e+003;1.071705e-001
1.483053e+003;1.072053e-001
1.483536e+003;1.072391e-001
1.484018e+003;1.072741e-001
1.484500e+003;1.073122e-001
1.484982e+003;1.073553e-001
1.485464e+003;1.074039e-001
1.485946e+003;1.074585e-001
1.486428e+003;1.075187e-001
1.486910e+003;1.075841e-001
1.487393e+003;1.076541e-001
1.487875e+003;1.077280e-001
1.488357e+003;1.078060e-001
1.488839e+003;1.078875e-001
1.489321e+003;1.079718e-001
1.489803e+003;1.080568e-001
1.490285e+003;1.081396e-001
1.490768e+003;1.082166e-001
1.491250e+003;1.082839e-001
1.491732e+003;1.083395e-001
1.492214e+003;1.083840e-001
1.492696e+003;1.084223e-001
1.493178e+003;1.084614e-001
1.493660e+003;1.085102e-001
1.494143e+003;1.085767e-001
1.494625e+003;1.086651e-001
1.495107e+003;1.087743e-001
1.495589e+003;1.088983e-001
1.496071e+003;1.090273e-001
1.496553e+003;1.091511e-001
1.497035e+003;1.092621e-001
1.497518e+003;1.093578e-001
1.498000e+003;1.094405e-001
1.498482e+003;1.095158e-001
1.498964e+003;1.095902e-001
1.499446e+003;1.096683e-001
1.499928e+003;1.097503e-001
1.500410e+003;1.098336e-001
1.500893e+003;1.099140e-001
1.501375e+003;1.099871e-001
1.501857e+003;1.100522e-001
1.502339e+003;1.101125e-001
1.502821e+003;1.101755e-001
1.503303e+003;1.102511e-001
1.503785e+003;1.103494e-001
1.504267e+003;1.104776e-001
1.504750e+003;1.106377e-001
1.505232e+003;1.108253e-001
1.505714e+003;1.110293e-001
1.506196e+003;1.112338e-001
1.506678e+003;1.114223e-001
1.507160e+003;1.115807e-001
1.507642e+003;1.117016e-001
1.508125e+003;1.117855e-001
1.508607e+003;1.118405e-001
1.509089e+003;1.118795e-001
1.509571e+003;1.119176e-001
1.510053e+003;1.119680e-001
1.510535e+003;1.120397e-001
1.511017e+003;1.121356e-001
1.511500e+003;1.122524e-001
1.511982e+003;1.123830e-001
1.512464e+003;1.125180e-001
1.512946e+003;1.126508e-001
1.513428e+003;1.127773e-001
1.513910e+003;1.128988e-001
1.514392e+003;1.130192e-001
1.514875e+003;1.131432e-001
1.515357e+003;1.132738e-001
1.515839e+003;1.134105e-001
1.516321e+003;1.135500e-001
1.516803e+003;1.136873e-001
1.517285e+003;1.138186e-001
1.517767e+003;1.139443e-001
1.518250e+003;1.140691e-001
1.518731e+003;1.142017e-001
1.519214e+003;1.143510e-001
1.519696e+003;1.145236e-001
1.520178e+003;1.147187e-001
1.520660e+003;1.149287e-001
1.521142e+003;1.151400e-001
1.521624e+003;1.153381e-001
1.522106e+003;1.155122e-001
1.522589e+003;1.156595e-001
1.523071e+003;1.157859e-001
1.523553e+003;1.159034e-001
1.524035e+003;1.160257e-001
1.524517e+003;1.161625e-001
1.524999e+003;1.163176e-001
1.525481e+003;1.164864e-001
1.525964e+003;1.166596e-001
1.526446e+003;1.168269e-001
1.526928e+003;1.169809e-001
1.527410e+003;1.171199e-001
1.527892e+003;1.172479e-001
1.528374e+003;1.173720e-001
1.528856e+003;1.174997e-001
1.529339e+003;1.176364e-001
1.529821e+003;1.177851e-001
1.530303e+003;1.179465e-001
1.530785e+003;1.181217e-001
1.531267e+003;1.183128e-001
1.531749e+003;1.185218e-001
1.532231e+003;1.187506e-001
1.532714e+003;1.189960e-001
1.533196e+003;1.192502e-001
1.533678e+003;1.194999e-001
1.534160e+003;1.197314e-001
1.534642e+003;1.199340e-001
1.535124e+003;1.201065e-001
1.535606e+003;1.202567e-001
1.536088e+003;1.204022e-001
1.536571e+003;1.205639e-001
1.537053e+003;1.207611e-001
1.537535e+003;1.210055e-001
1.538017e+003;1.212982e-001
1.538499e+003;1.216289e-001
1.538981e+003;1.219791e-001
1.539463e+003;1.223277e-001
1.539946e+003;1.226569e-001
1.540428e+003;1.229557e-001
1.540910e+003;1.232227e-001
1.541392e+003;1.234633e-001
1.541874e+003;1.236873e-001
1.542356e+003;1.239058e-001
1.542838e+003;1.241289e-001
1.543321e+003;1.243627e-001
1.543803e+003;1.246098e-001
1.544285e+003;1.248687e-001
1.544767e+003;1.251338e-001
1.545249e+003;1.253989e-001
1.545731e+003;1.256583e-001
1.546213e+003;1.259093e-001
1.546696e+003;1.261536e-001
1.547178e+003;1.263964e-001
1.547660e+003;1.266447e-001
1.548142e+003;1.269042e-001
1.548624e+003;1.271771e-001
1.549106e+003;1.274613e-001
1.549588e+003;1.277515e-001
1.550071e+003;1.280421e-001
1.550552e+003;1.283303e-001
1.551035e+003;1.286179e-001
1.551517e+003;1.289105e-001
1.551999e+003;1.292151e-001
1.552481e+003;1.295361e-001
1.552963e+003;1.298730e-001
1.553445e+003;1.302185e-001
1.553927e+003;1.305621e-001
1.554410e+003;1.308939e-001
1.554892e+003;1.312102e-001
1.555374e+003;1.315165e-001
1.555856e+003;1.318261e-001
1.556338e+003;1.321580e-001
1.556820e+003;1.325293e-001
1.557302e+003;1.329508e-001
1.557785e+003;1.334210e-001
1.558267e+003;1.339256e-001
1.558749e+003;1.344400e-001
1.559231e+003;1.349369e-001
1.559713e+003;1.353924e-001
1.560195e+003;1.357944e-001
1.560677e+003;1.361434e-001
1.561160e+003;1.364513e-001
1.561642e+003;1.367365e-001
1.562124e+003;1.370198e-001
1.562606e+003;1.373187e-001
1.563088e+003;1.376456e-001
1.563570e+003;1.380048e-001
1.564052e+003;1.383952e-001
1.564535e+003;1.388105e-001
1.565017e+003;1.392421e-001
1.565499e+003;1.396827e-001
1.565981e+003;1.401287e-001
1.566463e+003;1.405806e-001
1.566945e+003;1.410423e-001
1.567427e+003;1.415190e-001
1.567909e+003;1.420152e-001
1.568392e+003;1.425315e-001
1.568874e+003;1.430645e-001
1.569356e+003;1.436062e-001
1.569838e+003;1.441475e-001
1.570320e+003;1.446790e-001
1.570802e+003;1.451954e-001
1.571284e+003;1.456964e-001
1.571767e+003;1.461870e-001
1.572249e+003;1.466770e-001
1.572731e+003;1.471801e-001
1.573213e+003;1.477096e-001
1.573695e+003;1.482779e-001
1.574177e+003;1.488911e-001
1.574659e+003;1.495486e-001
1.575142e+003;1.502409e-001
1.575624e+003;1.509518e-001
1.576106e+003;1.516607e-001
1.576588e+003;1.523491e-001
1.577070e+003;1.530066e-001
1.577552e+003;1.536329e-001
1.578034e+003;1.542386e-001
1.578517e+003;1.548413e-001
1.578999e+003;1.554585e-001
1.579481e+003;1.561049e-001
1.579963e+003;1.567860e-001
1.580445e+003;1.574992e-001
1.580927e+003;1.582354e-001
1.581409e+003;1.589845e-001
1.581892e+003;1.597382e-001
1.582374e+003;1.604946e-001
1.582856e+003;1.612570e-001
1.583338e+003;1.620323e-001
1.583820e+003;1.628266e-001
1.584302e+003;1.636432e-001
1.584784e+003;1.644813e-001
1.585266e+003;1.653373e-001
1.585749e+003;1.662065e-001
1.586231e+003;1.670862e-001
1.586713e+003;1.679755e-001
1.587195e+003;1.688757e-001
1.587677e+003;1.697881e-001
1.588159e+003;1.707136e-001
1.588641e+003;1.716517e-001
1.589124e+003;1.726016e-001
1.589606e+003;1.735632e-001
1.590088e+003;1.745385e-001
1.590570e+003;1.755310e-001
1.591052e+003;1.765449e-001
1.591534e+003;1.775823e-001
1.592016e+003;1.786437e-001
1.592499e+003;1.797257e-001
1.592981e+003;1.808237e-001
1.593463e+003;1.819340e-001
1.593945e+003;1.830551e-001
1.594427e+003;1.841878e-001
1.594909e+003;1.853362e-001
1.595391e+003;1.865031e-001
1.595874e+003;1.876910e-001
1.596356e+003;1.888990e-001
1.596838e+003;1.901247e-001
1.597320e+003;1.913652e-001
1.597802e+003;1.926186e-001
1.598284e+003;1.938856e-001
1.598766e+003;1.951680e-001
1.599249e+003;1.964687e-001
1.599730e+003;1.977895e-001
1.600213e+003;1.991308e-001
1.600695e+003;2.004916e-001
1.601177e+003;2.018708e-001
1.601659e+003;2.032679e-001
1.602141e+003;2.046831e-001
1.602623e+003;2.061173e-001
1.603105e+003;2.075696e-001
1.603588e+003;2.090385e-001
1.604070e+003;2.105210e-001
1.604552e+003;2.120137e-001
1.605034e+003;2.135153e-001
1.605516e+003;2.150267e-001
1.605998e+003;2.165508e-001
1.606480e+003;2.180916e-001
1.606963e+003;2.196511e-001
1.607445e+003;2.212285e-001
1.607927e+003;2.228196e-001
1.608409e+003;2.244189e-001
1.608891e+003;2.260221e-001
1.609373e+003;2.276285e-001
1.609855e+003;2.292400e-001
1.610338e+003;2.308607e-001
1.610820e+003;2.324926e-001
1.611302e+003;2.341339e-001
1.611784e+003;2.357788e-001
1.612266e+003;2.374198e-001
1.612748e+003;2.390512e-001
1.613230e+003;2.406749e-001
1.613713e+003;2.423000e-001
1.614195e+003;2.439413e-001
1.614677e+003;2.456137e-001
1.615159e+003;2.473252e-001
1.615641e+003;2.490708e-001
1.616123e+003;2.508327e-001
1.616605e+003;2.525833e-001
1.617087e+003;2.542935e-001
1.617570e+003;2.559416e-001
1.618052e+003;2.575205e-001
1.618534e+003;2.590368e-001
1.619016e+003;2.605073e-001
1.619498e+003;2.619525e-001
1.619980e+003;2.633903e-001
1.620462e+003;2.648314e-001
1.620945e+003;2.662797e-001
1.621427e+003;2.677314e-001
1.621909e+003;2.691791e-001
1.622391e+003;2.706122e-001
1.622873e+003;2.720196e-001
1.623355e+003;2.733894e-001
1.623837e+003;2.747127e-001
1.624320e+003;2.759824e-001
1.624802e+003;2.771963e-001
1.625284e+003;2.783573e-001
1.625766e+003;2.794730e-001
1.626248e+003;2.805512e-001
1.626730e+003;2.815984e-001
1.627212e+003;2.826159e-001
1.627695e+003;2.835975e-001
1.628177e+003;2.845330e-001
1.628659e+003;2.854105e-001
1.629141e+003;2.862202e-001
1.629623e+003;2.869579e-001
1.630105e+003;2.876256e-001
1.630587e+003;2.882286e-001
1.631070e+003;2.887746e-001
1.631552e+003;2.892710e-001
1.632034e+003;2.897232e-001
1.632516e+003;2.901369e-001
1.632998e+003;2.905171e-001
1.633480e+003;2.908685e-001
1.633962e+003;2.911936e-001
1.634444e+003;2.914895e-001
1.634927e+003;2.917464e-001
1.635409e+003;2.919490e-001
1.635891e+003;2.920788e-001
1.636373e+003;2.921218e-001
1.636855e+003;2.920736e-001
1.637337e+003;2.919408e-001
1.637819e+003;2.917390e-001
1.638302e+003;2.914868e-001
1.638784e+003;2.911988e-001
1.639266e+003;2.908819e-001
1.639748e+003;2.905335e-001
1.640230e+003;2.901450e-001
1.640712e+003;2.897073e-001
1.641194e+003;2.892157e-001
1.641677e+003;2.886732e-001
1.642159e+003;2.880874e-001
1.642641e+003;2.874683e-001
1.643123e+003;2.868234e-001
1.643605e+003;2.861547e-001
1.644087e+003;2.854605e-001
1.644569e+003;2.847359e-001
1.645052e+003;2.839782e-001
1.645534e+003;2.831857e-001
1.646016e+003;2.823590e-001
1.646498e+003;2.814968e-001
1.646980e+003;2.805950e-001
1.647462e+003;2.796463e-001
1.647944e+003;2.786438e-001
1.648427e+003;2.775855e-001
1.648908e+003;2.764796e-001
1.649391e+003;2.753432e-001
1.649873e+003;2.742012e-001
1.650355e+003;2.730786e-001
1.650837e+003;2.719924e-001
1.651319e+003;2.709456e-001
1.651801e+003;2.699249e-001
1.652283e+003;2.689024e-001
1.652766e+003;2.678447e-001
1.653248e+003;2.667225e-001
1.653730e+003;2.655207e-001
1.654212e+003;2.642402e-001
1.654694e+003;2.628959e-001
1.655176e+003;2.615089e-001
1.655658e+003;2.601009e-001
1.656141e+003;2.586886e-001
1.656623e+003;2.572827e-001
1.657105e+003;2.558874e-001
1.657587e+003;2.545020e-001
1.658069e+003;2.531220e-001
1.658551e+003;2.517426e-001
1.659033e+003;2.503585e-001
1.659516e+003;2.489677e-001
1.659998e+003;2.475705e-001
1.660480e+003;2.461708e-001
1.660962e+003;2.447734e-001
1.661444e+003;2.433823e-001
1.661926e+003;2.419977e-001
1.662408e+003;2.406154e-001
1.662891e+003;2.392279e-001
1.663373e+003;2.378262e-001
1.663855e+003;2.364044e-001
1.664337e+003;2.349622e-001
1.664819e+003;2.335045e-001
1.665301e+003;2.320401e-001
1.665783e+003;2.305788e-001
1.666265e+003;2.291264e-001
1.666748e+003;2.276849e-001
1.667230e+003;2.262523e-001
1.667712e+003;2.248244e-001
1.668194e+003;2.233965e-001
1.668676e+003;2.219662e-001
1.669158e+003;2.205318e-001
1.669640e+003;2.190920e-001
1.670123e+003;2.176445e-001
1.670605e+003;2.161862e-001
1.671087e+003;2.147148e-001
1.671569e+003;2.132314e-001
1.672051e+003;2.117423e-001
1.672533e+003;2.102571e-001
1.673015e+003;2.087872e-001
1.673498e+003;2.073405e-001
1.673980e+003;2.059177e-001
1.674462e+003;2.045114e-001
1.674944e+003;2.031082e-001
1.675426e+003;2.016939e-001
1.675908e+003;2.002601e-001
1.676390e+003;1.988067e-001
1.676873e+003;1.973423e-001
1.677355e+003;1.958796e-001
1.677837e+003;1.944298e-001
1.678319e+003;1.929978e-001
1.678801e+003;1.915814e-001
1.679283e+003;1.901733e-001
1.679765e+003;1.887660e-001
1.680248e+003;1.873561e-001
1.680729e+003;1.859473e-001
1.681212e+003;1.845494e-001
1.681694e+003;1.831745e-001
1.682176e+003;1.818312e-001
1.682658e+003;1.805218e-001
1.683140e+003;1.792390e-001
1.683622e+003;1.779692e-001
1.684104e+003;1.766948e-001
1.684587e+003;1.754007e-001
1.685069e+003;1.740784e-001
1.685551e+003;1.727272e-001
1.686033e+003;1.713534e-001
1.686515e+003;1.699686e-001
1.686997e+003;1.685851e-001
1.687479e+003;1.672153e-001
1.687962e+003;1.658684e-001
1.688444e+003;1.645499e-001
1.688926e+003;1.632602e-001
1.689408e+003;1.619946e-001
1.689890e+003;1.607442e-001
1.690372e+003;1.594992e-001
1.690854e+003;1.582516e-001
1.691337e+003;1.569986e-001
1.691819e+003;1.557442e-001
1.692301e+003;1.544985e-001
1.692783e+003;1.532742e-001
1.693265e+003;1.520826e-001
1.693747e+003;1.509290e-001
1.694229e+003;1.498103e-001
1.694712e+003;1.487147e-001
1.695194e+003;1.476256e-001
1.695676e+003;1.465260e-001
1.696158e+003;1.454062e-001
1.696640e+003;1.442668e-001
1.697122e+003;1.431191e-001
1.697604e+003;1.419803e-001
1.698086e+003;1.408703e-001
1.698569e+003;1.398029e-001
1.699051e+003;1.387819e-001
1.699533e+003;1.377995e-001
1.700015e+003;1.368370e-001
1.700497e+003;1.358712e-001
1.700979e+003;1.348819e-001
1.701461e+003;1.338594e-001
1.701944e+003;1.328077e-001
1.702426e+003;1.317423e-001
1.702908e+003;1.306844e-001
1.703390e+003;1.296547e-001
1.703872e+003;1.286656e-001
1.704354e+003;1.277189e-001
1.704836e+003;1.268058e-001
1.705319e+003;1.259104e-001
1.705801e+003;1.250171e-001
1.706283e+003;1.241152e-001
1.706765e+003;1.232042e-001
1.707247e+003;1.222894e-001
1.707729e+003;1.213817e-001
1.708211e+003;1.204896e-001
1.708694e+003;1.196179e-001
1.709176e+003;1.187664e-001
1.709658e+003;1.179316e-001
1.710140e+003;1.171099e-001
1.710622e+003;1.163004e-001
1.711104e+003;1.155051e-001
1.711586e+003;1.147275e-001
1.712069e+003;1.139694e-001
1.712551e+003;1.132296e-001
1.713033e+003;1.125041e-001
1.713515e+003;1.117880e-001
1.713997e+003;1.110789e-001
1.714479e+003;1.103791e-001
1.714961e+003;1.096949e-001
1.715443e+003;1.090346e-001
1.715926e+003;1.084026e-001
1.716408e+003;1.077970e-001
1.716890e+003;1.072061e-001
1.717372e+003;1.066142e-001
1.717854e+003;1.060042e-001
1.718336e+003;1.053650e-001
1.718818e+003;1.046961e-001
1.719301e+003;1.040067e-001
1.719783e+003;1.033128e-001
1.720265e+003;1.026321e-001
1.720747e+003;1.019782e-001
1.721229e+003;1.013580e-001
1.721711e+003;1.007712e-001
1.722193e+003;1.002120e-001
1.722676e+003;9.967152e-002
1.723158e+003;9.914073e-002
1.723640e+003;9.861283e-002
1.724122e+003;9.808289e-002
1.724604e+003;9.754894e-002
1.725086e+003;9.701252e-002
1.725568e+003;9.647710e-002
1.726051e+003;9.594814e-002
1.726533e+003;9.543226e-002
1.727015e+003;9.493428e-002
1.727497e+003;9.445646e-002
1.727979e+003;9.399719e-002
1.728461e+003;9.355022e-002
1.728943e+003;9.310886e-002
1.729426e+003;9.266733e-002
1.729907e+003;9.222470e-002
1.730390e+003;9.178555e-002
1.730872e+003;9.135953e-002
1.731354e+003;9.095847e-002
1.731836e+003;9.059117e-002
1.732318e+003;9.026064e-002
1.732800e+003;8.996113e-002
1.733282e+003;8.967859e-002
1.733765e+003;8.939447e-002
1.734247e+003;8.908901e-002
1.734729e+003;8.874828e-002
1.735211e+003;8.836689e-002
1.735693e+003;8.794928e-002
1.736175e+003;8.750794e-002
1.736657e+003;8.706012e-002
1.737140e+003;8.662403e-002
1.737622e+003;8.621472e-002
1.738104e+003;8.584184e-002
1.738586e+003;8.550718e-002
1.739068e+003;8.520490e-002
1.739550e+003;8.492422e-002
1.740032e+003;8.465151e-002
1.740515e+003;8.437560e-002
1.740997e+003;8.409002e-002
1.741479e+003;8.379409e-002
1.741961e+003;8.349159e-002
1.742443e+003;8.318868e-002
1.742925e+003;8.289068e-002
1.743407e+003;8.260012e-002
1.743890e+003;8.231713e-002
1.744372e+003;8.203960e-002
1.744854e+003;8.176598e-002
1.745336e+003;8.149578e-002
1.745818e+003;8.122921e-002
1.746300e+003;8.096761e-002
1.746782e+003;8.071148e-002
1.747264e+003;8.045995e-002
1.747747e+003;8.021151e-002
1.748229e+003;7.996464e-002
1.748711e+003;7.971989e-002
1.749193e+003;7.947926e-002
1.749675e+003;7.924485e-002
1.750157e+003;7.901808e-002
1.750639e+003;7.879602e-002
1.751122e+003;7.857276e-002
1.751604e+003;7.833914e-002
1.752086e+003;7.808797e-002
1.752568e+003;7.781616e-002
1.753050e+003;7.752811e-002
1.753532e+003;7.723433e-002
1.754014e+003;7.694870e-002
1.754497e+003;7.668365e-002
1.754979e+003;7.644624e-002
1.755461e+003;7.623587e-002
1.755943e+003;7.604522e-002
1.756425e+003;7.586332e-002
1.756907e+003;7.568021e-002
1.757389e+003;7.549004e-002
1.757872e+003;7.529267e-002
1.758354e+003;7.509273e-002
1.758836e+003;7.489617e-002
1.759318e+003;7.470814e-002
1.759800e+003;7.453136e-002
1.760282e+003;7.436573e-002
1.760764e+003;7.420902e-002
1.761247e+003;7.405838e-002
1.761729e+003;7.391089e-002
1.762211e+003;7.376309e-002
1.762693e+003;7.361183e-002
1.763175e+003;7.345376e-002
1.763657e+003;7.328644e-002
1.764139e+003;7.310954e-002
1.764621e+003;7.292642e-002
1.765104e+003;7.274234e-002
1.765586e+003;7.256451e-002
1.766068e+003;7.239863e-002
1.766550e+003;7.224640e-002
1.767032e+003;7.210500e-002
1.767514e+003;7.196821e-002
1.767996e+003;7.182863e-002
1.768479e+003;7.168204e-002
1.768961e+003;7.152960e-002
1.769443e+003;7.137763e-002
1.769925e+003;7.123607e-002
1.770407e+003;7.111365e-002
1.770889e+003;7.101455e-002
1.771371e+003;7.093655e-002
1.771854e+003;7.087068e-002
1.772336e+003;7.080472e-002
1.772818e+003;7.072708e-002
1.773300e+003;7.063024e-002
1.773782e+003;7.051225e-002
1.774264e+003;7.037631e-002
1.774746e+003;7.022832e-002
1.775229e+003;7.007475e-002
1.775711e+003;6.992065e-002
1.776193e+003;6.976968e-002
1.776675e+003;6.962430e-002
1.777157e+003;6.948694e-002
1.777639e+003;6.935982e-002
1.778121e+003;6.924515e-002
1.778604e+003;6.914335e-002
1.779085e+003;6.905333e-002
1.779568e+003;6.897146e-002
1.780050e+003;6.889266e-002
1.780532e+003;6.881155e-002
1.781014e+003;6.872415e-002
1.781496e+003;6.862889e-002
1.781978e+003;6.852637e-002
1.782460e+003;6.841947e-002
1.782943e+003;6.831061e-002
1.783425e+003;6.820278e-002
1.783907e+003;6.809774e-002
1.784389e+003;6.799584e-002
1.784871e+003;6.789670e-002
1.785353e+003;6.780017e-002
1.785835e+003;6.770612e-002
1.786318e+003;6.761443e-002
1.786800e+003;6.752545e-002
1.787282e+003;6.743966e-002
1.787764e+003;6.735726e-002
1.788246e+003;6.727856e-002
1.788728e+003;6.720512e-002
1.789210e+003;6.713825e-002
1.789693e+003;6.707998e-002
1.790175e+003;6.703243e-002
1.790657e+003;6.699655e-002
1.791139e+003;6.697196e-002
1.791621e+003;6.695544e-002
1.792103e+003;6.694148e-002
1.792585e+003;6.692325e-002
1.793067e+003;6.689294e-002
1.793550e+003;6.684559e-002
1.794032e+003;6.677853e-002
1.794514e+003;6.669419e-002
1.794996e+003;6.659783e-002
1.795478e+003;6.649760e-002
1.795960e+003;6.640083e-002
1.796442e+003;6.631405e-002
1.796925e+003;6.624033e-002
1.797407e+003;6.617895e-002
1.797889e+003;6.612673e-002
1.798371e+003;6.607930e-002
1.798853e+003;6.603279e-002
1.799335e+003;6.598412e-002
1.799817e+003;6.593219e-002
1.800300e+003;6.587645e-002
1.800782e+003;6.581652e-002
1.801264e+003;6.575267e-002
1.801746e+003;6.568425e-002
1.802228e+003;6.561173e-002
1.802710e+003;6.553590e-002
1.803192e+003;6.545845e-002
1.803675e+003;6.538109e-002
1.804157e+003;6.530520e-002
1.804639e+003;6.523108e-002
1.805121e+003;6.515816e-002
1.805603e+003;6.508501e-002
1.806085e+003;6.501143e-002
1.806567e+003;6.493893e-002
1.807050e+003;6.487052e-002
1.807531e+003;6.480992e-002
1.808014e+003;6.476065e-002
1.808496e+003;6.472396e-002
1.808978e+003;6.469885e-002
1.809460e+003;6.468106e-002
1.809942e+003;6.466568e-002
1.810424e+003;6.464695e-002
1.810906e+003;6.462105e-002
1.811389e+003;6.458417e-002
1.811871e+003;6.453580e-002
1.812353e+003;6.447444e-002
1.812835e+003;6.440045e-002
1.813317e+003;6.431575e-002
1.813799e+003;6.422374e-002
1.814281e+003;6.413066e-002
1.814764e+003;6.404367e-002
1.815246e+003;6.397139e-002
1.815728e+003;6.391980e-002
1.816210e+003;6.389135e-002
1.816692e+003;6.388377e-002
1.817174e+003;6.389107e-002
1.817656e+003;6.390619e-002
1.818139e+003;6.392236e-002
1.818621e+003;6.393597e-002
1.819103e+003;6.394548e-002
1.819585e+003;6.395119e-002
1.820067e+003;6.395303e-002
1.820549e+003;6.394916e-002
1.821031e+003;6.393691e-002
1.821514e+003;6.391446e-002
1.821996e+003;6.388235e-002
1.822478e+003;6.384571e-002
1.822960e+003;6.381226e-002
1.823442e+003;6.379088e-002
1.823924e+003;6.378732e-002
1.824406e+003;6.380188e-002
1.824888e+003;6.382857e-002
1.825371e+003;6.385762e-002
1.825853e+003;6.387778e-002
1.826335e+003;6.388173e-002
1.826817e+003;6.386629e-002
1.827299e+003;6.383546e-002
1.827781e+003;6.379474e-002
1.828263e+003;6.375190e-002
1.828746e+003;6.371199e-002
1.829228e+003;6.367704e-002
1.829710e+003;6.364699e-002
1.830192e+003;6.362052e-002
1.830674e+003;6.359550e-002
1.831156e+003;6.357051e-002
1.831638e+003;6.354503e-002
1.832121e+003;6.351817e-002
1.832603e+003;6.348912e-002
1.833085e+003;6.345748e-002
1.833567e+003;6.342363e-002
1.834049e+003;6.339076e-002
1.834531e+003;6.336227e-002
1.835013e+003;6.334272e-002
1.835496e+003;6.333435e-002
1.835978e+003;6.333634e-002
1.836460e+003;6.334443e-002
1.836942e+003;6.335170e-002
1.837424e+003;6.335131e-002
1.837906e+003;6.333914e-002
1.838388e+003;6.331459e-002
1.838871e+003;6.328029e-002
1.839353e+003;6.324271e-002
1.839835e+003;6.320789e-002
1.840317e+003;6.318090e-002
1.840799e+003;6.316622e-002
1.841281e+003;6.316628e-002
1.841763e+003;6.318314e-002
1.842245e+003;6.321726e-002
1.842728e+003;6.326677e-002
1.843210e+003;6.332695e-002
1.843692e+003;6.338821e-002
1.844174e+003;6.343819e-002
1.844656e+003;6.346478e-002
1.845138e+003;6.345971e-002
1.845620e+003;6.342189e-002
1.846103e+003;6.335729e-002
1.846585e+003;6.327875e-002
1.847067e+003;6.320018e-002
1.847549e+003;6.313349e-002
1.848031e+003;6.308439e-002
1.848513e+003;6.305307e-002
1.848995e+003;6.303433e-002
1.849478e+003;6.302240e-002
1.849960e+003;6.301290e-002
1.850442e+003;6.300513e-002
1.850924e+003;6.300065e-002
1.851406e+003;6.300153e-002
1.851888e+003;6.300792e-002
1.852370e+003;6.301656e-002
1.852853e+003;6.302267e-002
1.853335e+003;6.302174e-002
1.853817e+003;6.301083e-002
1.854299e+003;6.299160e-002
1.854781e+003;6.296891e-002
1.855263e+003;6.294925e-002
1.855745e+003;6.293721e-002
1.856228e+003;6.293542e-002
1.856709e+003;6.294278e-002
1.857192e+003;6.295646e-002
1.857674e+003;6.297275e-002
1.858156e+003;6.298935e-002
1.858638e+003;6.300537e-002
1.859120e+003;6.302063e-002
1.859602e+003;6.303513e-002
1.860084e+003;6.304879e-002
1.860567e+003;6.305993e-002
1.861049e+003;6.306863e-002
1.861531e+003;6.307461e-002
1.862013e+003;6.307995e-002
1.862495e+003;6.308728e-002
1.862977e+003;6.309867e-002
1.863459e+003;6.311433e-002
1.863942e+003;6.313314e-002
1.864424e+003;6.315127e-002
1.864906e+003;6.316499e-002
1.865388e+003;6.317164e-002
1.865870e+003;6.317145e-002
1.866352e+003;6.316732e-002
1.866834e+003;6.316379e-002
1.867317e+003;6.316544e-002
1.867799e+003;6.317540e-002
1.868281e+003;6.319430e-002
1.868763e+003;6.322033e-002
1.869245e+003;6.324929e-002
1.869727e+003;6.327746e-002
1.870209e+003;6.330122e-002
1.870692e+003;6.331866e-002
1.871174e+003;6.332991e-002
1.871656e+003;6.333723e-002
1.872138e+003;6.334335e-002
1.872620e+003;6.335276e-002
1.873102e+003;6.336813e-002
1.873584e+003;6.339156e-002
1.874066e+003;6.342129e-002
1.874549e+003;6.345299e-002
1.875031e+003;6.347986e-002
1.875513e+003;6.349510e-002
1.875995e+003;6.349248e-002
1.876477e+003;6.347048e-002
1.876959e+003;6.343105e-002
1.877441e+003;6.338152e-002
1.877924e+003;6.333122e-002
1.878406e+003;6.329057e-002
1.878888e+003;6.326772e-002
1.879370e+003;6.326755e-002
1.879852e+003;6.329118e-002
1.880334e+003;6.333556e-002
1.880816e+003;6.339524e-002
1.881299e+003;6.346209e-002
1.881781e+003;6.352767e-002
1.882263e+003;6.358366e-002
1.882745e+003;6.362301e-002
1.883227e+003;6.364185e-002
1.883709e+003;6.364014e-002
1.884191e+003;6.362269e-002
1.884674e+003;6.359671e-002
1.885156e+003;6.357276e-002
1.885638e+003;6.355970e-002
1.886120e+003;6.356346e-002
1.886602e+003;6.358518e-002
1.887084e+003;6.362157e-002
1.887566e+003;6.366574e-002
1.888049e+003;6.371128e-002
1.888531e+003;6.375163e-002
1.889013e+003;6.378379e-002
1.889495e+003;6.380664e-002
1.889977e+003;6.382218e-002
1.890459e+003;6.383168e-002
1.890941e+003;6.383822e-002
1.891423e+003;6.384373e-002
1.891906e+003;6.385085e-002
1.892388e+003;6.386122e-002
1.892870e+003;6.387676e-002
1.893352e+003;6.389831e-002
1.893834e+003;6.392583e-002
1.894316e+003;6.395766e-002
1.894798e+003;6.399170e-002
1.895281e+003;6.402598e-002
1.895763e+003;6.405924e-002
1.896245e+003;6.409183e-002
1.896727e+003;6.412552e-002
1.897209e+003;6.416057e-002
1.897691e+003;6.419700e-002
1.898173e+003;6.423255e-002
1.898656e+003;6.426369e-002
1.899138e+003;6.428607e-002
1.899620e+003;6.429701e-002
1.900102e+003;6.429563e-002
1.900584e+003;6.428397e-002
1.901066e+003;6.426617e-002
1.901548e+003;6.424704e-002
1.902031e+003;6.423056e-002
1.902513e+003;6.422144e-002
1.902995e+003;6.422183e-002
1.903477e+003;6.423497e-002
1.903959e+003;6.426270e-002
1.904441e+003;6.430686e-002
1.904923e+003;6.436763e-002
1.905406e+003;6.444328e-002
1.905887e+003;6.452808e-002
1.906370e+003;6.461493e-002
1.906852e+003;6.469364e-002
1.907334e+003;6.475456e-002
1.907816e+003;6.478916e-002
1.908298e+003;6.479318e-002
1.908780e+003;6.476653e-002
1.909262e+003;6.471551e-002
1.909745e+003;6.465038e-002
1.910227e+003;6.458617e-002
1.910709e+003;6.453793e-002
1.911191e+003;6.451911e-002
1.911673e+003;6.453554e-002
1.912155e+003;6.458673e-002
1.912637e+003;6.466199e-002
1.913120e+003;6.474579e-002
1.913602e+003;6.482002e-002
1.914084e+003;6.487229e-002
1.914566e+003;6.489919e-002
1.915048e+003;6.490730e-002
1.915530e+003;6.491101e-002
1.916012e+003;6.492811e-002
1.916495e+003;6.497053e-002
1.916977e+003;6.504085e-002
1.917459e+003;6.512991e-002
1.917941e+003;6.522235e-002
1.918423e+003;6.530116e-002
1.918905e+003;6.535617e-002
1.919387e+003;6.538736e-002
1.919870e+003;6.540620e-002
1.920352e+003;6.542972e-002
1.920834e+003;6.547471e-002
1.921316e+003;6.554989e-002
1.921798e+003;6.565431e-002
1.922280e+003;6.577600e-002
1.922762e+003;6.589714e-002
1.923244e+003;6.599849e-002
1.923727e+003;6.606580e-002
1.924209e+003;6.609105e-002
1.924691e+003;6.607413e-002
1.925173e+003;6.601965e-002
1.925655e+003;6.593642e-002
1.926137e+003;6.583484e-002
1.926619e+003;6.572641e-002
1.927102e+003;6.562296e-002
1.927584e+003;6.553770e-002
1.928066e+003;6.548321e-002
1.928548e+003;6.546959e-002
1.929030e+003;6.550242e-002
1.929512e+003;6.558212e-002
1.929994e+003;6.570299e-002
1.930477e+003;6.585550e-002
1.930959e+003;6.602594e-002
1.931441e+003;6.620171e-002
1.931923e+003;6.636890e-002
1.932405e+003;6.651693e-002
1.932887e+003;6.663642e-002
1.933369e+003;6.672336e-002
1.933852e+003;6.677601e-002
1.934334e+003;6.679960e-002
1.934816e+003;6.680085e-002
1.935298e+003;6.679033e-002
1.935780e+003;6.677788e-002
1.936262e+003;6.677236e-002
1.936744e+003;6.677807e-002
1.937227e+003;6.679783e-002
1.937708e+003;6.683099e-002
1.938191e+003;6.687773e-002
1.938673e+003;6.693722e-002
1.939155e+003;6.701056e-002
1.939637e+003;6.709494e-002
1.940119e+003;6.718860e-002
1.940601e+003;6.728526e-002
1.941083e+003;6.737985e-002
1.941566e+003;6.746843e-002
1.942048e+003;6.755163e-002
1.942530e+003;6.763289e-002
1.943012e+003;6.771973e-002
1.943494e+003;6.781803e-002
1.943976e+003;6.792950e-002
1.944458e+003;6.804781e-002
1.944941e+003;6.816459e-002
1.945423e+003;6.826814e-002
1.945905e+003;6.835265e-002
1.946387e+003;6.841826e-002
1.946869e+003;6.847437e-002
1.947351e+003;6.853408e-002
1.947833e+003;6.861019e-002
1.948316e+003;6.870762e-002
1.948798e+003;6.882366e-002
1.949280e+003;6.894655e-002
1.949762e+003;6.906271e-002
1.950244e+003;6.916034e-002
1.950726e+003;6.923629e-002
1.951208e+003;6.929522e-002
1.951691e+003;6.934834e-002
1.952173e+003;6.940528e-002
1.952655e+003;6.947325e-002
1.953137e+003;6.954920e-002
1.953619e+003;6.962413e-002
1.954101e+003;6.968194e-002
1.954583e+003;6.970954e-002
1.955065e+003;6.969537e-002
1.955548e+003;6.963751e-002
1.956030e+003;6.954128e-002
1.956512e+003;6.942138e-002
1.956994e+003;6.929629e-002
1.957476e+003;6.918924e-002
1.957958e+003;6.912128e-002
1.958440e+003;6.910916e-002
1.958923e+003;6.915940e-002
1.959405e+003;6.926762e-002
1.959887e+003;6.941444e-002
1.960369e+003;6.957515e-002
1.960851e+003;6.972264e-002
1.961333e+003;6.983796e-002
1.961815e+003;6.991236e-002
1.962298e+003;6.995395e-002
1.962780e+003;6.997962e-002
1.963262e+003;7.000739e-002
1.963744e+003;7.005052e-002
1.964226e+003;7.011060e-002
1.964708e+003;7.017835e-002
1.965190e+003;7.023799e-002
1.965673e+003;7.027721e-002
1.966155e+003;7.029276e-002
1.966637e+003;7.029633e-002
1.967119e+003;7.031158e-002
1.967601e+003;7.036386e-002
1.968083e+003;7.047620e-002
1.968565e+003;7.065760e-002
1.969048e+003;7.090425e-002
1.969530e+003;7.119959e-002
1.970012e+003;7.152403e-002
1.970494e+003;7.186016e-002
1.970976e+003;7.219942e-002
1.971458e+003;7.254145e-002
1.971940e+003;7.289498e-002
1.972422e+003;7.326812e-002
1.972905e+003;7.366578e-002
1.973387e+003;7.408484e-002
1.973869e+003;7.451442e-002
1.974351e+003;7.494167e-002
1.974833e+003;7.535017e-002
1.975315e+003;7.572731e-002
1.975797e+003;7.606406e-002
1.976280e+003;7.635491e-002
1.976762e+003;7.659545e-002
1.977244e+003;7.678002e-002
1.977726e+003;7.690560e-002
1.978208e+003;7.696822e-002
1.978690e+003;7.696848e-002
1.979172e+003;7.691057e-002
1.979655e+003;7.680593e-002
1.980137e+003;7.666817e-002
1.980619e+003;7.651490e-002
1.981101e+003;7.636134e-002
1.981583e+003;7.622366e-002
1.982065e+003;7.611291e-002
1.982547e+003;7.603592e-002
1.983030e+003;7.599369e-002
1.983512e+003;7.598239e-002
1.983994e+003;7.599346e-002
1.984476e+003;7.601200e-002
1.984958e+003;7.602313e-002
1.985440e+003;7.601328e-002
1.985922e+003;7.597239e-002
1.986405e+003;7.589868e-002
1.986886e+003;7.579994e-002
1.987369e+003;7.569318e-002
1.987851e+003;7.560053e-002
1.988333e+003;7.554559e-002
1.988815e+003;7.554182e-002
1.989297e+003;7.559604e-002
1.989779e+003;7.570137e-002
1.990261e+003;7.583992e-002
1.990744e+003;7.599039e-002
1.991226e+003;7.613370e-002
1.991708e+003;7.625829e-002
1.992190e+003;7.636335e-002
1.992672e+003;7.645179e-002
1.993154e+003;7.653189e-002
1.993636e+003;7.660670e-002
1.994119e+003;7.667503e-002
1.994601e+003;7.673235e-002
1.995083e+003;7.677653e-002
1.995565e+003;7.681098e-002
1.996047e+003;7.685086e-002
1.996529e+003;7.691295e-002
1.997011e+003;7.701569e-002
1.997494e+003;7.716087e-002
1.997976e+003;7.733203e-002
1.998458e+003;7.749043e-002
1.998940e+003;7.758885e-002
1.999422e+003;7.758395e-002
1.999904e+003;7.745507e-002
2.000386e+003;7.721647e-002
2.000869e+003;7.692103e-002
2.001351e+003;7.664321e-002
2.001833e+003;7.646596e-002
2.002315e+003;7.644902e-002
2.002797e+003;7.661744e-002
2.003279e+003;7.695126e-002
2.003761e+003;7.739536e-002
2.004243e+003;7.787554e-002
2.004726e+003;7.832259e-002
2.005208e+003;7.868934e-002
2.005690e+003;7.896087e-002
2.006172e+003;7.914549e-002
2.006654e+003;7.927113e-002
2.007136e+003;7.935996e-002
2.007618e+003;7.942121e-002
2.008101e+003;7.944451e-002
2.008583e+003;7.940920e-002
2.009065e+003;7.929498e-002
2.009547e+003;7.909507e-002
2.010029e+003;7.882337e-002
2.010511e+003;7.851621e-002
2.010993e+003;7.822022e-002
2.011476e+003;7.799015e-002
2.011958e+003;7.786585e-002
2.012440e+003;7.787372e-002
2.012922e+003;7.801598e-002
2.013404e+003;7.827628e-002
2.013886e+003;7.862195e-002
2.014368e+003;7.901442e-002
2.014851e+003;7.941492e-002
2.015333e+003;7.979235e-002
2.015815e+003;8.012328e-002
2.016297e+003;8.039914e-002
2.016779e+003;8.061808e-002
2.017261e+003;8.079119e-002
2.017743e+003;8.092904e-002
2.018226e+003;8.104916e-002
2.018708e+003;8.116011e-002
2.019190e+003;8.126866e-002
2.019672e+003;8.136964e-002
2.020154e+003;8.145399e-002
2.020636e+003;8.150604e-002
2.021118e+003;8.151322e-002
2.021600e+003;8.146490e-002
2.022083e+003;8.136369e-002
2.022565e+003;8.122115e-002
2.023047e+003;8.105972e-002
2.023529e+003;8.090495e-002
2.024011e+003;8.078395e-002
2.024493e+003;8.071751e-002
2.024975e+003;8.071733e-002
2.025458e+003;8.078429e-002
2.025940e+003;8.091663e-002
2.026422e+003;8.110704e-002
2.026904e+003;8.135127e-002
2.027386e+003;8.164372e-002
2.027868e+003;8.197790e-002
2.028350e+003;8.234165e-002
2.028833e+003;8.271388e-002
2.029315e+003;8.306410e-002
2.029797e+003;8.336250e-002
2.030279e+003;8.358286e-002
2.030761e+003;8.371531e-002
2.031243e+003;8.376811e-002
2.031725e+003;8.376832e-002
2.032208e+003;8.375220e-002
2.032690e+003;8.375541e-002
2.033172e+003;8.379743e-002
2.033654e+003;8.388354e-002
2.034136e+003;8.400156e-002
2.034618e+003;8.413017e-002
2.035100e+003;8.424912e-002
2.035583e+003;8.434861e-002
2.036064e+003;8.442722e-002
2.036547e+003;8.448946e-002
2.037029e+003;8.453739e-002
2.037511e+003;8.456817e-002
2.037993e+003;8.457324e-002
2.038475e+003;8.454303e-002
2.038957e+003;8.447293e-002
2.039439e+003;8.437479e-002
2.039922e+003;8.427207e-002
2.040404e+003;8.419682e-002
2.040886e+003;8.417388e-002
2.041368e+003;8.421712e-002
2.041850e+003;8.431447e-002
2.042332e+003;8.443633e-002
2.042814e+003;8.454018e-002
2.043297e+003;8.458925e-002
2.043779e+003;8.456220e-002
2.044261e+003;8.446220e-002
2.044743e+003;8.431517e-002
2.045225e+003;8.416247e-002
2.045707e+003;8.404820e-002
2.046189e+003;8.400458e-002
2.046672e+003;8.404697e-002
2.047154e+003;8.417085e-002
2.047636e+003;8.435388e-002
2.048118e+003;8.456224e-002
2.048600e+003;8.475871e-002
2.049082e+003;8.491197e-002
2.049564e+003;8.500046e-002
2.050047e+003;8.501680e-002
2.050529e+003;8.496840e-002
2.051011e+003;8.487563e-002
2.051493e+003;8.476587e-002
2.051975e+003;8.466781e-002
2.052457e+003;8.460185e-002
2.052939e+003;8.457752e-002
2.053421e+003;8.459014e-002
2.053904e+003;8.462128e-002
2.054386e+003;8.464564e-002
2.054868e+003;8.464501e-002
2.055350e+003;8.461005e-002
2.055832e+003;8.454655e-002
2.056314e+003;8.447029e-002
2.056796e+003;8.440177e-002
2.057279e+003;8.435360e-002
2.057761e+003;8.432849e-002
2.058243e+003;8.431438e-002
2.058725e+003;8.429574e-002
2.059207e+003;8.425709e-002
2.059689e+003;8.419388e-002
2.060171e+003;8.411338e-002
2.060654e+003;8.403580e-002
2.061136e+003;8.398397e-002
2.061618e+003;8.397669e-002
2.062100e+003;8.402388e-002
2.062582e+003;8.412526e-002
2.063064e+003;8.427078e-002
2.063546e+003;8.445109e-002
2.064029e+003;8.465517e-002
2.064511e+003;8.487811e-002
2.064993e+003;8.511421e-002
2.065475e+003;8.535609e-002
2.065957e+003;8.559054e-002
2.066439e+003;8.580019e-002
2.066921e+003;8.596762e-002
2.067404e+003;8.607988e-002
2.067885e+003;8.613306e-002
2.068368e+003;8.613489e-002
2.068850e+003;8.610087e-002
2.069332e+003;8.605000e-002
2.069814e+003;8.599760e-002
2.070296e+003;8.595400e-002
2.070778e+003;8.592238e-002
2.071260e+003;8.590199e-002
2.071743e+003;8.589004e-002
2.072225e+003;8.588706e-002
2.072707e+003;8.589534e-002
2.073189e+003;8.591812e-002
2.073671e+003;8.595851e-002
2.074153e+003;8.601879e-002
2.074635e+003;8.609907e-002
2.075118e+003;8.619942e-002
2.075600e+003;8.631851e-002
2.076082e+003;8.645629e-002
2.076564e+003;8.660996e-002
2.077046e+003;8.677264e-002
2.077528e+003;8.693083e-002
2.078010e+003;8.706874e-002
2.078493e+003;8.716919e-002
2.078975e+003;8.722083e-002
2.079457e+003;8.722049e-002
2.079939e+003;8.717702e-002
2.080421e+003;8.710682e-002
2.080903e+003;8.703059e-002
2.081385e+003;8.696585e-002
2.081868e+003;8.692420e-002
2.082350e+003;8.690847e-002
2.082832e+003;8.691460e-002
2.083314e+003;8.693463e-002
2.083796e+003;8.696290e-002
2.084278e+003;8.699436e-002
2.084760e+003;8.702808e-002
2.085242e+003;8.706228e-002
2.085725e+003;8.709732e-002
2.086207e+003;8.712986e-002
2.086689e+003;8.715800e-002
2.087171e+003;8.717996e-002
2.087653e+003;8.719812e-002
2.088135e+003;8.721659e-002
2.088617e+003;8.724136e-002
2.089100e+003;8.727567e-002
2.089582e+003;8.731838e-002
2.090064e+003;8.736300e-002
2.090546e+003;8.739904e-002
2.091028e+003;8.741523e-002
2.091510e+003;8.740416e-002
2.091992e+003;8.736569e-002
2.092475e+003;8.730744e-002
2.092957e+003;8.724291e-002
2.093439e+003;8.718941e-002
2.093921e+003;8.716267e-002
2.094403e+003;8.717380e-002
2.094885e+003;8.722565e-002
2.095367e+003;8.731505e-002
2.095850e+003;8.743160e-002
2.096332e+003;8.756167e-002
2.096814e+003;8.768982e-002
2.097296e+003;8.780427e-002
2.097778e+003;8.789708e-002
2.098260e+003;8.796675e-002
2.098742e+003;8.801729e-002
2.099225e+003;8.805644e-002
2.099707e+003;8.809452e-002
2.100189e+003;8.813842e-002
2.100671e+003;8.819123e-002
2.101153e+003;8.825059e-002
2.101635e+003;8.831112e-002
2.102117e+003;8.836530e-002
2.102599e+003;8.840743e-002
2.103082e+003;8.843614e-002
2.103564e+003;8.845274e-002
2.104046e+003;8.846034e-002
2.104528e+003;8.846024e-002
2.105010e+003;8.845194e-002
2.105492e+003;8.843186e-002
2.105974e+003;8.839605e-002
2.106457e+003;8.834335e-002
2.106939e+003;8.827822e-002
2.107421e+003;8.821245e-002
2.107903e+003;8.816027e-002
2.108385e+003;8.813635e-002
2.108867e+003;8.815189e-002
2.109349e+003;8.820906e-002
2.109832e+003;8.830252e-002
2.110314e+003;8.841778e-002
2.110796e+003;8.853836e-002
2.111278e+003;8.864734e-002
2.111760e+003;8.873109e-002
2.112242e+003;8.877979e-002
2.112724e+003;8.879004e-002
2.113207e+003;8.876209e-002
2.113689e+003;8.870073e-002
2.114171e+003;8.861472e-002
2.114653e+003;8.851570e-002
2.115135e+003;8.841790e-002
2.115617e+003;8.833573e-002
2.116099e+003;8.827990e-002
2.116582e+003;8.825894e-002
2.117063e+003;8.827312e-002
2.117546e+003;8.831870e-002
2.118028e+003;8.838522e-002
2.118510e+003;8.846122e-002
2.118992e+003;8.853438e-002
2.119474e+003;8.859458e-002
2.119956e+003;8.863275e-002
2.120438e+003;8.864579e-002
2.120921e+003;8.863112e-002
2.121403e+003;8.859115e-002
2.121885e+003;8.853048e-002
2.122367e+003;8.845817e-002
2.122849e+003;8.838459e-002
2.123331e+003;8.831926e-002
2.123813e+003;8.826860e-002
2.124296e+003;8.823364e-002
2.124778e+003;8.820906e-002
2.125260e+003;8.818422e-002
2.125742e+003;8.814672e-002
2.126224e+003;8.808656e-002
2.126706e+003;8.799865e-002
2.127188e+003;8.788579e-002
2.127671e+003;8.775516e-002
2.128153e+003;8.761936e-002
2.128635e+003;8.749019e-002
2.129117e+003;8.737870e-002
2.129599e+003;8.729117e-002
2.130081e+003;8.723252e-002
2.130563e+003;8.720595e-002
2.131046e+003;8.721475e-002
2.131528e+003;8.725932e-002
2.132010e+003;8.734099e-002
2.132492e+003;8.745432e-002
2.132974e+003;8.758952e-002
2.133456e+003;8.773225e-002
2.133938e+003;8.786673e-002
2.134420e+003;8.797905e-002
2.134903e+003;8.806285e-002
2.135385e+003;8.811822e-002
2.135867e+003;8.815297e-002
2.136349e+003;8.817723e-002
2.136831e+003;8.819823e-002
2.137313e+003;8.821681e-002
2.137795e+003;8.822853e-002
2.138278e+003;8.822341e-002
2.138760e+003;8.819265e-002
2.139242e+003;8.813070e-002
2.139724e+003;8.804417e-002
2.140206e+003;8.794458e-002
2.140688e+003;8.785126e-002
2.141170e+003;8.778067e-002
2.141653e+003;8.774173e-002
2.142135e+003;8.772879e-002
2.142617e+003;8.772342e-002
2.143099e+003;8.769596e-002
2.143581e+003;8.761719e-002
2.144063e+003;8.746379e-002
2.144545e+003;8.722921e-002
2.145028e+003;8.692347e-002
2.145510e+003;8.657698e-002
2.145992e+003;8.622792e-002
2.146474e+003;8.591631e-002
2.146956e+003;8.567207e-002
2.147438e+003;8.551287e-002
2.147920e+003;8.544018e-002
2.148403e+003;8.544211e-002
2.148885e+003;8.549851e-002
2.149367e+003;8.558849e-002
2.149849e+003;8.569176e-002
2.150331e+003;8.579165e-002
2.150813e+003;8.587568e-002
2.151295e+003;8.593681e-002
2.151777e+003;8.597084e-002
2.152260e+003;8.597877e-002
2.152742e+003;8.596291e-002
2.153224e+003;8.592882e-002
2.153706e+003;8.588142e-002
2.154188e+003;8.582202e-002
2.154670e+003;8.574991e-002
2.155152e+003;8.566556e-002
2.155635e+003;8.557390e-002
2.156117e+003;8.549199e-002
2.156599e+003;8.544832e-002
2.157081e+003;8.549044e-002
2.157563e+003;8.566002e-002
2.158045e+003;8.598665e-002
2.158527e+003;8.646238e-002
2.159010e+003;8.704472e-002
2.159492e+003;8.765430e-002
2.159974e+003;8.820075e-002
2.160456e+003;8.860578e-002
2.160938e+003;8.882488e-002
2.161420e+003;8.884951e-002
2.161902e+003;8.870651e-002
2.162385e+003;8.844277e-002
2.162867e+003;8.811987e-002
2.163349e+003;8.779795e-002
2.163831e+003;8.752827e-002
2.164313e+003;8.734386e-002
2.164795e+003;8.726358e-002
2.165277e+003;8.728003e-002
2.165760e+003;8.736750e-002
2.166241e+003;8.748446e-002
2.166724e+003;8.758177e-002
2.167206e+003;8.761339e-002
2.167688e+003;8.754674e-002
2.168170e+003;8.737054e-002
2.168652e+003;8.709837e-002
2.169134e+003;8.676211e-002
2.169616e+003;8.640311e-002
2.170099e+003;8.605915e-002
2.170581e+003;8.575881e-002
2.171063e+003;8.551245e-002
2.171545e+003;8.531938e-002
2.172027e+003;8.516999e-002
2.172509e+003;8.505677e-002
2.172991e+003;8.497952e-002
2.173474e+003;8.494551e-002
2.173956e+003;8.496334e-002
2.174438e+003;8.503933e-002
2.174920e+003;8.516985e-002
2.175402e+003;8.534051e-002
2.175884e+003;8.552475e-002
2.176366e+003;8.570026e-002
2.176849e+003;8.584806e-002
2.177331e+003;8.596157e-002
2.177813e+003;8.604445e-002
2.178295e+003;8.611434e-002
2.178777e+003;8.618914e-002
2.179259e+003;8.628746e-002
2.179741e+003;8.642042e-002
2.180223e+003;8.659499e-002
2.180706e+003;8.680766e-002
2.181188e+003;8.704953e-002
2.181670e+003;8.730076e-002
2.182152e+003;8.754080e-002
2.182634e+003;8.774212e-002
2.183116e+003;8.787768e-002
2.183598e+003;8.792391e-002
2.184081e+003;8.786701e-002
2.184563e+003;8.770427e-002
2.185045e+003;8.744685e-002
2.185527e+003;8.711880e-002
2.186009e+003;8.675574e-002
2.186491e+003;8.639550e-002
2.186973e+003;8.607732e-002
2.187456e+003;8.582876e-002
2.187938e+003;8.566660e-002
2.188420e+003;8.559225e-002
2.188902e+003;8.559096e-002
2.189384e+003;8.563448e-002
2.189866e+003;8.569217e-002
2.190348e+003;8.573368e-002
2.190831e+003;8.573809e-002
2.191313e+003;8.569705e-002
2.191795e+003;8.561984e-002
2.192277e+003;8.552510e-002
2.192759e+003;8.543932e-002
2.193241e+003;8.538482e-002
2.193723e+003;8.537839e-002
2.194206e+003;8.542252e-002
2.194688e+003;8.550915e-002
2.195170e+003;8.561743e-002
2.195652e+003;8.572474e-002
2.196134e+003;8.580781e-002
2.196616e+003;8.584951e-002
2.197098e+003;8.583976e-002
2.197580e+003;8.578124e-002
2.198063e+003;8.567967e-002
2.198545e+003;8.554842e-002
2.199027e+003;8.539856e-002
2.199509e+003;8.524047e-002
2.199991e+003;8.507635e-002
2.200473e+003;8.490524e-002
2.200955e+003;8.472221e-002
2.201438e+003;8.452991e-002
2.201920e+003;8.433515e-002
2.202402e+003;8.415893e-002
2.202884e+003;8.402848e-002
2.203366e+003;8.397394e-002
2.203848e+003;8.401320e-002
2.204330e+003;8.414793e-002
2.204813e+003;8.435419e-002
2.205295e+003;8.458932e-002
2.205777e+003;8.480008e-002
2.206259e+003;8.493931e-002
2.206741e+003;8.497792e-002
2.207223e+003;8.491633e-002
2.207705e+003;8.478040e-002
2.208188e+003;8.461326e-002
2.208670e+003;8.445862e-002
2.209152e+003;8.434908e-002
2.209634e+003;8.429530e-002
2.210116e+003;8.428427e-002
2.210598e+003;8.428914e-002
2.211080e+003;8.427849e-002
2.211563e+003;8.422832e-002
2.212044e+003;8.412708e-002
2.212527e+003;8.397993e-002
2.213009e+003;8.380459e-002
2.213491e+003;8.362658e-002
2.213973e+003;8.347060e-002
2.214455e+003;8.335778e-002
2.214937e+003;8.330254e-002
2.215419e+003;8.330762e-002
2.215902e+003;8.336698e-002
2.216384e+003;8.346521e-002
2.216866e+003;8.358014e-002
2.217348e+003;8.368649e-002
2.217830e+003;8.376222e-002
2.218312e+003;8.379293e-002
2.218794e+003;8.377771e-002
2.219277e+003;8.372469e-002
2.219759e+003;8.365071e-002
2.220241e+003;8.357267e-002
2.220723e+003;8.350425e-002
2.221205e+003;8.345063e-002
2.221687e+003;8.340839e-002
2.222169e+003;8.336917e-002
2.222652e+003;8.332624e-002
2.223134e+003;8.327486e-002
2.223616e+003;8.321533e-002
2.224098e+003;8.315184e-002
2.224580e+003;8.308874e-002
2.225062e+003;8.302826e-002
2.225544e+003;8.297054e-002
2.226027e+003;8.291379e-002
2.226509e+003;8.285748e-002
2.226991e+003;8.280227e-002
2.227473e+003;8.275040e-002
2.227955e+003;8.270117e-002
2.228437e+003;8.265192e-002
2.228919e+003;8.259403e-002
2.229401e+003;8.251706e-002
2.229884e+003;8.241108e-002
2.230366e+003;8.227427e-002
2.230848e+003;8.211222e-002
2.231330e+003;8.193725e-002
2.231812e+003;8.176561e-002
2.232294e+003;8.161052e-002
2.232776e+003;8.147693e-002
2.233259e+003;8.136068e-002
2.233741e+003;8.125181e-002
2.234223e+003;8.114194e-002
2.234705e+003;8.102833e-002
2.235187e+003;8.091796e-002
2.235669e+003;8.082406e-002
2.236151e+003;8.076194e-002
2.236634e+003;8.073996e-002
2.237116e+003;8.075471e-002
2.237598e+003;8.079065e-002
2.238080e+003;8.082644e-002
2.238562e+003;8.083973e-002
2.239044e+003;8.081885e-002
2.239526e+003;8.076175e-002
2.240009e+003;8.068124e-002
2.240491e+003;8.059545e-002
2.240973e+003;8.052269e-002
2.241455e+003;8.047564e-002
2.241937e+003;8.045633e-002
2.242419e+003;8.046032e-002
2.242901e+003;8.047704e-002
2.243384e+003;8.049420e-002
2.243865e+003;8.050406e-002
2.244348e+003;8.050059e-002
2.244830e+003;8.048040e-002
2.245312e+003;8.044105e-002
2.245794e+003;8.038261e-002
2.246276e+003;8.030425e-002
2.246758e+003;8.020906e-002
2.247240e+003;8.010251e-002
2.247723e+003;7.999262e-002
2.248205e+003;7.988648e-002
2.248687e+003;7.978953e-002
2.249169e+003;7.969949e-002
2.249651e+003;7.961120e-002
2.250133e+003;7.951535e-002
2.250615e+003;7.940435e-002
2.251098e+003;7.927632e-002
2.251580e+003;7.913844e-002
2.252062e+003;7.900564e-002
2.252544e+003;7.889522e-002
2.253026e+003;7.882195e-002
2.253508e+003;7.879155e-002
2.253990e+003;7.879853e-002
2.254473e+003;7.882624e-002
2.254955e+003;7.885298e-002
2.255437e+003;7.885947e-002
2.255919e+003;7.883362e-002
2.256401e+003;7.877399e-002
2.256883e+003;7.868824e-002
2.257365e+003;7.859020e-002
2.257848e+003;7.849174e-002
2.258330e+003;7.839973e-002
2.258812e+003;7.831269e-002
2.259294e+003;7.822627e-002
2.259776e+003;7.813334e-002
2.260258e+003;7.803195e-002
2.260740e+003;7.792564e-002
2.261222e+003;7.782555e-002
2.261705e+003;7.774422e-002
2.262187e+003;7.769258e-002
2.262669e+003;7.767311e-002
2.263151e+003;7.767935e-002
2.263633e+003;7.769534e-002
2.264115e+003;7.770327e-002
2.264597e+003;7.768636e-002
2.265080e+003;7.763736e-002
2.265562e+003;7.755797e-002
2.266044e+003;7.746083e-002
2.266526e+003;7.736128e-002
2.267008e+003;7.727650e-002
2.267490e+003;7.721661e-002
2.267972e+003;7.718461e-002
2.268455e+003;7.717418e-002
2.268937e+003;7.717554e-002
2.269419e+003;7.717667e-002
2.269901e+003;7.716817e-002
2.270383e+003;7.714518e-002
2.270865e+003;7.710941e-002
2.271347e+003;7.706695e-002
2.271830e+003;7.702584e-002
2.272312e+003;7.699473e-002
2.272794e+003;7.697948e-002
2.273276e+003;7.698188e-002
2.273758e+003;7.699855e-002
2.274240e+003;7.702211e-002
2.274722e+003;7.704341e-002
2.275205e+003;7.705348e-002
2.275687e+003;7.704592e-002
2.276169e+003;7.701813e-002
2.276651e+003;7.697304e-002
2.277133e+003;7.691668e-002
2.277615e+003;7.685596e-002
2.278097e+003;7.679661e-002
2.278579e+003;7.674254e-002
2.279062e+003;7.669389e-002
2.279544e+003;7.664915e-002
2.280026e+003;7.660545e-002
2.280508e+003;7.656288e-002
2.280990e+003;7.652223e-002
2.281472e+003;7.648606e-002
2.281954e+003;7.645565e-002
2.282437e+003;7.643139e-002
2.282919e+003;7.641093e-002
2.283401e+003;7.638931e-002
2.283883e+003;7.636188e-002
2.284365e+003;7.632594e-002
2.284847e+003;7.628203e-002
2.285329e+003;7.623409e-002
2.285812e+003;7.618671e-002
2.286294e+003;7.614463e-002
2.286776e+003;7.610874e-002
2.287258e+003;7.607553e-002
2.287740e+003;7.603877e-002
2.288222e+003;7.599171e-002
2.288704e+003;7.592848e-002
2.289187e+003;7.584828e-002
2.289669e+003;7.575364e-002
2.290151e+003;7.565225e-002
2.290633e+003;7.555155e-002
2.291115e+003;7.545789e-002
2.291597e+003;7.537450e-002
2.292079e+003;7.530025e-002
2.292562e+003;7.523242e-002
2.293043e+003;7.516665e-002
2.293526e+003;7.510141e-002
2.294008e+003;7.503745e-002
2.294490e+003;7.497813e-002
2.294972e+003;7.492871e-002
2.295454e+003;7.489452e-002
2.295936e+003;7.487712e-002
2.296418e+003;7.487570e-002
2.296901e+003;7.488510e-002
2.297383e+003;7.489688e-002
2.297865e+003;7.490250e-002
2.298347e+003;7.489409e-002
2.298829e+003;7.486678e-002
2.299311e+003;7.481991e-002
2.299793e+003;7.475717e-002
2.300276e+003;7.468675e-002
2.300758e+003;7.461846e-002
2.301240e+003;7.456113e-002
2.301722e+003;7.452261e-002
2.302204e+003;7.450543e-002
2.302686e+003;7.450648e-002
2.303168e+003;7.451731e-002
2.303651e+003;7.452673e-002
2.304133e+003;7.452244e-002
2.304615e+003;7.449517e-002
2.305097e+003;7.443999e-002
2.305579e+003;7.435970e-002
2.306061e+003;7.426259e-002
2.306543e+003;7.416142e-002
2.307026e+003;7.406861e-002
2.307508e+003;7.399558e-002
2.307990e+003;7.394698e-002
2.308472e+003;7.392233e-002
2.308954e+003;7.391563e-002
2.309436e+003;7.391845e-002
2.309918e+003;7.392193e-002
2.310400e+003;7.392015e-002
2.310883e+003;7.391010e-002
2.311365e+003;7.389311e-002
2.311847e+003;7.387218e-002
2.312329e+003;7.385081e-002
2.312811e+003;7.383032e-002
2.313293e+003;7.381172e-002
2.313775e+003;7.379434e-002
2.314258e+003;7.377680e-002
2.314740e+003;7.375892e-002
2.315222e+003;7.374167e-002
2.315704e+003;7.372665e-002
2.316186e+003;7.371614e-002
2.316668e+003;7.371026e-002
2.317150e+003;7.370842e-002
2.317633e+003;7.370896e-002
2.318115e+003;7.371000e-002
2.318597e+003;7.371020e-002
2.319079e+003;7.371048e-002
2.319561e+003;7.371423e-002
2.320043e+003;7.372410e-002
2.320525e+003;7.374173e-002
2.321008e+003;7.376500e-002
2.321490e+003;7.378785e-002
2.321972e+003;7.379937e-002
2.322454e+003;7.378803e-002
2.322936e+003;7.374231e-002
2.323418e+003;7.365708e-002
2.323900e+003;7.353247e-002
2.324383e+003;7.337552e-002
2.324865e+003;7.319760e-002
2.325347e+003;7.301322e-002
2.325829e+003;7.283445e-002
2.326311e+003;7.267170e-002
2.326793e+003;7.252977e-002
2.327275e+003;7.240953e-002
2.327757e+003;7.230853e-002
2.328240e+003;7.222241e-002
2.328722e+003;7.214845e-002
2.329204e+003;7.208458e-002
2.329686e+003;7.203004e-002
2.330168e+003;7.198533e-002
2.330650e+003;7.195082e-002
2.331132e+003;7.192397e-002
2.331615e+003;7.190152e-002
2.332097e+003;7.187840e-002
2.332579e+003;7.184946e-002
2.333061e+003;7.181129e-002
2.333543e+003;7.176180e-002
2.334025e+003;7.170250e-002
2.334507e+003;7.163727e-002
2.334990e+003;7.157038e-002
2.335472e+003;7.150635e-002
2.335954e+003;7.144894e-002
2.336436e+003;7.140023e-002
2.336918e+003;7.136162e-002
2.337400e+003;7.133273e-002
2.337882e+003;7.131362e-002
2.338365e+003;7.130349e-002
2.338847e+003;7.130098e-002
2.339329e+003;7.130486e-002
2.339811e+003;7.131331e-002
2.340293e+003;7.132352e-002
2.340775e+003;7.133315e-002
2.341257e+003;7.133967e-002
2.341740e+003;7.134156e-002
2.342221e+003;7.133786e-002
2.342704e+003;7.132872e-002
2.343186e+003;7.131509e-002
2.343668e+003;7.129743e-002
2.344150e+003;7.127787e-002
2.344632e+003;7.125711e-002
2.345114e+003;7.123636e-002
2.345596e+003;7.121565e-002
2.346079e+003;7.119345e-002
2.346561e+003;7.116831e-002
2.347043e+003;7.113773e-002
2.347525e+003;7.109848e-002
2.348007e+003;7.104901e-002
2.348489e+003;7.098893e-002
2.348971e+003;7.091906e-002
2.349454e+003;7.084224e-002
2.349936e+003;7.076132e-002
2.350418e+003;7.067968e-002
2.350900e+003;7.059860e-002
2.351382e+003;7.051857e-002
2.351864e+003;7.043985e-002
2.352346e+003;7.036185e-002
2.352829e+003;7.028624e-002
2.353311e+003;7.021521e-002
2.353793e+003;7.015232e-002
2.354275e+003;7.010043e-002
2.354757e+003;7.006131e-002
2.355239e+003;7.003296e-002
2.355721e+003;7.001278e-002
2.356204e+003;6.999617e-002
2.356686e+003;6.997923e-002
2.357168e+003;6.996008e-002
2.357650e+003;6.993868e-002
2.358132e+003;6.991718e-002
2.358614e+003;6.989675e-002
2.359096e+003;6.987732e-002
2.359578e+003;6.985669e-002
2.360061e+003;6.983053e-002
2.360543e+003;6.979306e-002
2.361025e+003;6.974108e-002
2.361507e+003;6.967442e-002
2.361989e+003;6.959742e-002
2.362471e+003;6.951756e-002
2.362953e+003;6.944328e-002
2.363436e+003;6.938387e-002
2.363918e+003;6.934381e-002
2.364400e+003;6.932409e-002
2.364882e+003;6.932197e-002
2.365364e+003;6.933174e-002
2.365846e+003;6.934570e-002
2.366328e+003;6.935723e-002
2.366811e+003;6.936063e-002
2.367293e+003;6.935402e-002
2.367775e+003;6.933651e-002
2.368257e+003;6.931043e-002
2.368739e+003;6.927920e-002
2.369221e+003;6.924830e-002
2.369703e+003;6.922106e-002
2.370186e+003;6.920055e-002
2.370668e+003;6.918655e-002
2.371150e+003;6.917837e-002
2.371632e+003;6.917259e-002
2.372114e+003;6.916656e-002
2.372596e+003;6.915793e-002
2.373078e+003;6.914692e-002
2.373561e+003;6.913491e-002
2.374042e+003;6.912489e-002
2.374525e+003;6.911798e-002
2.375007e+003;6.911474e-002
2.375489e+003;6.911254e-002
2.375971e+003;6.910849e-002
2.376453e+003;6.909783e-002
2.376935e+003;6.907918e-002
2.377417e+003;6.905174e-002
2.377900e+003;6.901841e-002
2.378382e+003;6.898286e-002
2.378864e+003;6.894967e-002
2.379346e+003;6.892201e-002
2.379828e+003;6.890040e-002
2.380310e+003;6.888459e-002
2.380792e+003;6.887122e-002
2.381275e+003;6.885862e-002
2.381757e+003;6.884540e-002
2.382239e+003;6.883158e-002
2.382721e+003;6.881902e-002
2.383203e+003;6.881057e-002
2.383685e+003;6.880779e-002
2.384167e+003;6.881164e-002
2.384650e+003;6.882033e-002
2.385132e+003;6.883027e-002
2.385614e+003;6.883641e-002
2.386096e+003;6.883258e-002
2.386578e+003;6.881455e-002
2.387060e+003;6.877986e-002
2.387542e+003;6.872967e-002
2.388025e+003;6.866813e-002
2.388507e+003;6.860133e-002
2.388989e+003;6.853603e-002
2.389471e+003;6.847949e-002
2.389953e+003;6.843375e-002
2.390435e+003;6.840027e-002
2.390917e+003;6.837777e-002
2.391399e+003;6.836379e-002
2.391882e+003;6.835540e-002
2.392364e+003;6.835217e-002
2.392846e+003;6.835298e-002
2.393328e+003;6.835768e-002
2.393810e+003;6.836393e-002
2.394292e+003;6.836864e-002
2.394774e+003;6.836587e-002
2.395257e+003;6.835090e-002
2.395739e+003;6.832016e-002
2.396221e+003;6.827321e-002
2.396703e+003;6.821521e-002
2.397185e+003;6.815312e-002
2.397667e+003;6.809556e-002
2.398149e+003;6.804989e-002
2.398632e+003;6.801953e-002
2.399114e+003;6.800368e-002
2.399596e+003;6.799766e-002
2.400078e+003;6.799553e-002
2.400560e+003;6.799043e-002
2.401042e+003;6.797827e-002
2.401524e+003;6.795770e-002
2.402007e+003;6.792904e-002
2.402489e+003;6.789586e-002
2.402971e+003;6.786198e-002
2.403453e+003;6.783140e-002
2.403935e+003;6.780880e-002
2.404417e+003;6.779750e-002
2.404899e+003;6.780037e-002
2.405382e+003;6.781780e-002
2.405864e+003;6.784883e-002
2.406346e+003;6.788836e-002
2.406828e+003;6.792869e-002
2.407310e+003;6.796027e-002
2.407792e+003;6.797328e-002
2.408274e+003;6.796169e-002
2.408756e+003;6.792291e-002
2.409239e+003;6.785985e-002
2.409721e+003;6.778109e-002
2.410203e+003;6.769778e-002
2.410685e+003;6.762201e-002
2.411167e+003;6.756319e-002
2.411649e+003;6.752607e-002
2.412131e+003;6.751050e-002
2.412614e+003;6.751052e-002
2.413096e+003;6.751762e-002
2.413578e+003;6.752309e-002
2.414060e+003;6.752020e-002
2.414542e+003;6.750537e-002
2.415024e+003;6.747942e-002
2.415506e+003;6.744772e-002
2.415989e+003;6.741654e-002
2.416471e+003;6.739192e-002
2.416953e+003;6.737856e-002
2.417435e+003;6.737790e-002
2.417917e+003;6.738980e-002
2.418399e+003;6.741170e-002
2.418881e+003;6.744104e-002
2.419364e+003;6.747577e-002
2.419846e+003;6.751323e-002
2.420328e+003;6.755140e-002
2.420810e+003;6.758837e-002
2.421292e+003;6.762177e-002
2.421774e+003;6.764944e-002
2.422256e+003;6.766977e-002
2.422739e+003;6.768169e-002
2.423220e+003;6.768523e-002
2.423703e+003;6.768139e-002
2.424185e+003;6.767035e-002
2.424667e+003;6.765109e-002
2.425149e+003;6.762315e-002
2.425631e+003;6.758459e-002
2.426113e+003;6.753597e-002
2.426595e+003;6.747831e-002
2.427078e+003;6.741611e-002
2.427560e+003;6.735482e-002
2.428042e+003;6.729986e-002
2.428524e+003;6.725533e-002
2.429006e+003;6.722458e-002
2.429488e+003;6.720831e-002
2.429970e+003;6.720476e-002
2.430453e+003;6.721295e-002
2.430935e+003;6.723151e-002
2.431417e+003;6.725799e-002
2.431899e+003;6.728996e-002
2.432381e+003;6.732186e-002
2.432863e+003;6.734834e-002
2.433345e+003;6.736220e-002
2.433828e+003;6.735888e-002
2.434310e+003;6.733757e-002
2.434792e+003;6.730268e-002
2.435274e+003;6.726338e-002
2.435756e+003;6.723060e-002
2.436238e+003;6.721354e-002
2.436720e+003;6.721772e-002
2.437203e+003;6.724179e-002
2.437685e+003;6.727866e-002
2.438167e+003;6.731702e-002
2.438649e+003;6.734626e-002
2.439131e+003;6.735897e-002
2.439613e+003;6.735291e-002
2.440095e+003;6.733116e-002
2.440577e+003;6.730155e-002
2.441060e+003;6.727279e-002
2.441542e+003;6.725280e-002
2.442024e+003;6.724582e-002
2.442506e+003;6.725228e-002
2.442988e+003;6.726789e-002
2.443470e+003;6.728505e-002
2.443952e+003;6.729530e-002
2.444435e+003;6.729071e-002
2.444917e+003;6.726636e-002
2.445399e+003;6.722318e-002
2.445881e+003;6.716649e-002
2.446363e+003;6.710738e-002
2.446845e+003;6.705695e-002
2.447327e+003;6.702620e-002
2.447810e+003;6.702005e-002
2.448292e+003;6.703724e-002
2.448774e+003;6.707048e-002
2.449256e+003;6.710772e-002
2.449738e+003;6.713788e-002
2.450220e+003;6.715256e-002
2.450702e+003;6.714892e-002
2.451185e+003;6.712881e-002
2.451667e+003;6.709728e-002
2.452149e+003;6.706021e-002
2.452631e+003;6.702112e-002
2.453113e+003;6.698176e-002
2.453595e+003;6.694141e-002
2.454077e+003;6.689943e-002
2.454560e+003;6.685723e-002
2.455042e+003;6.681848e-002
2.455524e+003;6.678725e-002
2.456006e+003;6.676865e-002
2.456488e+003;6.676495e-002
2.456970e+003;6.677649e-002
2.457452e+003;6.679966e-002
2.457935e+003;6.682897e-002
2.458417e+003;6.685874e-002
2.458899e+003;6.688347e-002
2.459381e+003;6.689867e-002
2.459863e+003;6.690155e-002
2.460345e+003;6.689025e-002
2.460827e+003;6.686518e-002
2.461309e+003;6.682716e-002
2.461792e+003;6.677911e-002
2.462274e+003;6.672627e-002
2.462756e+003;6.667428e-002
2.463238e+003;6.662793e-002
2.463720e+003;6.659120e-002
2.464202e+003;6.656582e-002
2.464684e+003;6.655058e-002
2.465167e+003;6.654336e-002
2.465649e+003;6.654254e-002
2.466131e+003;6.654600e-002
2.466613e+003;6.655388e-002
2.467095e+003;6.656567e-002
2.467577e+003;6.658094e-002
2.468059e+003;6.659751e-002
2.468542e+003;6.661097e-002
2.469024e+003;6.661649e-002
2.469506e+003;6.660964e-002
2.469988e+003;6.658860e-002
2.470470e+003;6.655386e-002
2.470952e+003;6.650823e-002
2.471434e+003;6.645578e-002
2.471917e+003;6.640130e-002
2.472399e+003;6.634837e-002
2.472881e+003;6.630031e-002
2.473363e+003;6.625953e-002
2.473845e+003;6.622902e-002
2.474327e+003;6.621081e-002
2.474809e+003;6.620600e-002
2.475292e+003;6.621463e-002
2.475773e+003;6.623390e-002
2.476256e+003;6.625788e-002
2.476738e+003;6.627995e-002
2.477220e+003;6.629425e-002
2.477702e+003;6.629720e-002
2.478184e+003;6.628922e-002
2.478666e+003;6.627408e-002
2.479148e+003;6.625701e-002
2.479631e+003;6.624394e-002
2.480113e+003;6.623751e-002
2.480595e+003;6.623850e-002
2.481077e+003;6.624508e-002
2.481559e+003;6.625377e-002
2.482041e+003;6.626217e-002
2.482523e+003;6.626865e-002
2.483006e+003;6.627382e-002
2.483488e+003;6.627873e-002
2.483970e+003;6.628451e-002
2.484452e+003;6.629020e-002
2.484934e+003;6.629378e-002
2.485416e+003;6.629219e-002
2.485898e+003;6.628185e-002
2.486381e+003;6.625905e-002
2.486863e+003;6.622415e-002
2.487345e+003;6.617837e-002
2.487827e+003;6.612511e-002
2.488309e+003;6.607000e-002
2.488791e+003;6.601907e-002
2.489273e+003;6.597716e-002
2.489756e+003;6.594785e-002
2.490238e+003;6.593282e-002
2.490720e+003;6.593172e-002
2.491202e+003;6.594229e-002
2.491684e+003;6.596102e-002
2.492166e+003;6.598466e-002
2.492648e+003;6.600946e-002
2.493130e+003;6.603189e-002
2.493613e+003;6.604861e-002
2.494095e+003;6.605585e-002
2.494577e+003;6.605008e-002
2.495059e+003;6.602885e-002
2.495541e+003;6.599107e-002
2.496023e+003;6.593939e-002
2.496505e+003;6.587880e-002
2.496988e+003;6.581690e-002
2.497470e+003;6.576111e-002
2.497952e+003;6.571691e-002
2.498434e+003;6.568668e-002
2.498916e+003;6.566883e-002
2.499398e+003;6.565950e-002
2.499880e+003;6.565386e-002
2.500363e+003;6.565024e-002
2.500845e+003;6.564952e-002
2.501327e+003;6.565478e-002
2.501809e+003;6.566902e-002
2.502291e+003;6.569418e-002
2.502773e+003;6.572720e-002
2.503255e+003;6.576118e-002
2.503738e+003;6.578830e-002
2.504220e+003;6.580221e-002
2.504702e+003;6.580121e-002
2.505184e+003;6.578997e-002
2.505666e+003;6.577723e-002
2.506148e+003;6.577472e-002
2.506630e+003;6.579001e-002
2.507113e+003;6.582562e-002
2.507594e+003;6.587668e-002
2.508077e+003;6.593322e-002
2.508559e+003;6.598298e-002
2.509041e+003;6.601501e-002
2.509523e+003;6.602318e-002
2.510005e+003;6.600698e-002
2.510487e+003;6.597061e-002
2.510969e+003;6.592122e-002
2.511452e+003;6.586653e-002
2.511934e+003;6.581384e-002
2.512416e+003;6.576936e-002
2.512898e+003;6.573776e-002
2.513380e+003;6.572208e-002
2.513862e+003;6.572414e-002
2.514344e+003;6.574294e-002
2.514827e+003;6.577414e-002
2.515309e+003;6.581065e-002
2.515791e+003;6.584345e-002
2.516273e+003;6.586306e-002
2.516755e+003;6.586398e-002
2.517237e+003;6.584392e-002
2.517719e+003;6.580693e-002
2.518202e+003;6.576130e-002
2.518684e+003;6.571823e-002
2.519166e+003;6.568730e-002
2.519648e+003;6.567558e-002
2.520130e+003;6.568530e-002
2.520612e+003;6.571375e-002
2.521094e+003;6.575356e-002
2.521577e+003;6.579655e-002
2.522059e+003;6.583443e-002
2.522541e+003;6.586086e-002
2.523023e+003;6.587176e-002
2.523505e+003;6.586596e-002
2.523987e+003;6.584506e-002
2.524469e+003;6.581137e-002
2.524951e+003;6.576815e-002
2.525434e+003;6.571976e-002
2.525916e+003;6.567117e-002
2.526398e+003;6.562692e-002
2.526880e+003;6.559198e-002
2.527362e+003;6.557000e-002
2.527844e+003;6.556304e-002
2.528326e+003;6.557056e-002
2.528809e+003;6.558920e-002
2.529291e+003;6.561425e-002
2.529773e+003;6.564011e-002
2.530255e+003;6.566072e-002
2.530737e+003;6.567368e-002
2.531219e+003;6.567799e-002
2.531701e+003;6.567581e-002
2.532184e+003;6.566943e-002
2.532666e+003;6.566074e-002
2.533148e+003;6.565034e-002
2.533630e+003;6.563745e-002
2.534112e+003;6.562087e-002
2.534594e+003;6.560056e-002
2.535076e+003;6.557862e-002
2.535559e+003;6.555945e-002
2.536041e+003;6.554899e-002
2.536523e+003;6.555154e-002
2.537005e+003;6.556998e-002
2.537487e+003;6.560162e-002
2.537969e+003;6.564043e-002
2.538451e+003;6.567905e-002
2.538934e+003;6.571099e-002
2.539416e+003;6.573401e-002
2.539898e+003;6.574952e-002
2.540380e+003;6.576299e-002
2.540862e+003;6.578199e-002
2.541344e+003;6.581199e-002
2.541826e+003;6.585478e-002
2.542308e+003;6.590751e-002
2.542791e+003;6.596365e-002
2.543273e+003;6.601526e-002
2.543755e+003;6.605373e-002
2.544237e+003;6.607358e-002
2.544719e+003;6.607286e-002
2.545201e+003;6.605162e-002
2.545683e+003;6.601354e-002
2.546166e+003;6.596389e-002
2.546648e+003;6.590876e-002
2.547130e+003;6.585567e-002
2.547612e+003;6.581125e-002
2.548094e+003;6.578007e-002
2.548576e+003;6.576554e-002
2.549058e+003;6.576696e-002
2.549541e+003;6.577993e-002
2.550023e+003;6.579874e-002
2.550505e+003;6.581718e-002
2.550987e+003;6.582981e-002
2.551469e+003;6.583445e-002
2.551951e+003;6.583145e-002
2.552433e+003;6.582487e-002
2.552916e+003;6.581854e-002
2.553398e+003;6.581562e-002
2.553880e+003;6.581916e-002
2.554362e+003;6.582905e-002
2.554844e+003;6.584598e-002
2.555326e+003;6.586829e-002
2.555808e+003;6.589500e-002
2.556291e+003;6.592560e-002
2.556772e+003;6.595808e-002
2.557255e+003;6.599020e-002
2.557737e+003;6.601874e-002
2.558219e+003;6.604055e-002
2.558701e+003;6.605398e-002
2.559183e+003;6.605832e-002
2.559665e+003;6.605376e-002
2.560147e+003;6.604297e-002
2.560630e+003;6.602795e-002
2.561112e+003;6.601059e-002
2.561594e+003;6.599148e-002
2.562076e+003;6.597149e-002
2.562558e+003;6.595237e-002
2.563040e+003;6.593557e-002
2.563522e+003;6.592400e-002
2.564005e+003;6.591937e-002
2.564487e+003;6.592185e-002
2.564969e+003;6.592811e-002
2.565451e+003;6.593221e-002
2.565933e+003;6.592682e-002
2.566415e+003;6.590565e-002
2.566897e+003;6.586615e-002
2.567380e+003;6.581058e-002
2.567862e+003;6.574621e-002
2.568344e+003;6.568363e-002
2.568826e+003;6.563323e-002
2.569308e+003;6.560175e-002
2.569790e+003;6.559204e-002
2.570272e+003;6.560127e-002
2.570755e+003;6.562369e-002
2.571237e+003;6.565119e-002
2.571719e+003;6.567822e-002
2.572201e+003;6.570075e-002
2.572683e+003;6.571694e-002
2.573165e+003;6.572872e-002
2.573647e+003;6.573805e-002
2.574129e+003;6.574684e-002
2.574612e+003;6.575707e-002
2.575094e+003;6.576911e-002
2.575576e+003;6.578297e-002
2.576058e+003;6.579818e-002
2.576540e+003;6.581422e-002
2.577022e+003;6.583115e-002
2.577504e+003;6.584971e-002
2.577987e+003;6.587108e-002
2.578469e+003;6.589708e-002
2.578951e+003;6.592880e-002
2.579433e+003;6.596734e-002
2.579915e+003;6.601076e-002
2.580397e+003;6.605474e-002
2.580879e+003;6.609376e-002
2.581362e+003;6.612152e-002
2.581844e+003;6.613287e-002
2.582326e+003;6.612599e-002
2.582808e+003;6.610230e-002
2.583290e+003;6.606715e-002
2.583772e+003;6.602799e-002
2.584254e+003;6.599092e-002
2.584737e+003;6.596154e-002
2.585219e+003;6.594151e-002
2.585701e+003;6.593145e-002
2.586183e+003;6.592965e-002
2.586665e+003;6.593459e-002
2.587147e+003;6.594788e-002
2.587629e+003;6.597117e-002
2.588112e+003;6.600574e-002
2.588594e+003;6.605179e-002
2.589076e+003;6.610666e-002
2.589558e+003;6.616520e-002
2.590040e+003;6.622130e-002
2.590522e+003;6.626777e-002
2.591004e+003;6.630068e-002
2.591486e+003;6.631930e-002
2.591969e+003;6.632417e-002
2.592451e+003;6.631875e-002
2.592933e+003;6.630611e-002
2.593415e+003;6.628909e-002
2.593897e+003;6.626878e-002
2.594379e+003;6.624636e-002
2.594861e+003;6.622220e-002
2.595344e+003;6.619757e-002
2.595826e+003;6.617302e-002
2.596308e+003;6.614900e-002
2.596790e+003;6.612570e-002
2.597272e+003;6.610203e-002
2.597754e+003;6.607861e-002
2.598236e+003;6.605618e-002
2.598719e+003;6.603822e-002
2.599201e+003;6.603084e-002
2.599683e+003;6.603926e-002
2.600165e+003;6.606767e-002
2.600647e+003;6.611628e-002
2.601129e+003;6.618008e-002
2.601611e+003;6.624975e-002
2.602094e+003;6.631396e-002
2.602576e+003;6.636256e-002
2.603058e+003;6.638912e-002
2.603540e+003;6.639171e-002
2.604022e+003;6.637409e-002
2.604504e+003;6.634208e-002
2.604986e+003;6.630275e-002
2.605469e+003;6.626156e-002
2.605950e+003;6.622136e-002
2.606433e+003;6.618389e-002
2.606915e+003;6.615072e-002
2.607397e+003;6.612284e-002
2.607879e+003;6.610272e-002
2.608361e+003;6.609314e-002
2.608843e+003;6.609647e-002
2.609325e+003;6.611299e-002
2.609808e+003;6.614170e-002
2.610290e+003;6.617896e-002
2.610772e+003;6.622237e-002
2.611254e+003;6.626926e-002
2.611736e+003;6.631847e-002
2.612218e+003;6.636917e-002
2.612700e+003;6.642088e-002
2.613183e+003;6.647262e-002
2.613665e+003;6.652226e-002
2.614147e+003;6.656741e-002
2.614629e+003;6.660504e-002
2.615111e+003;6.663423e-002
2.615593e+003;6.665515e-002
2.616075e+003;6.666965e-002
2.616558e+003;6.667899e-002
2.617040e+003;6.668401e-002
2.617522e+003;6.668480e-002
2.618004e+003;6.668007e-002
2.618486e+003;6.666917e-002
2.618968e+003;6.665263e-002
2.619450e+003;6.663279e-002
2.619933e+003;6.661413e-002
2.620415e+003;6.660107e-002
2.620897e+003;6.659850e-002
2.621379e+003;6.660743e-002
2.621861e+003;6.662770e-002
2.622343e+003;6.665672e-002
2.622825e+003;6.669025e-002
2.623307e+003;6.672511e-002
2.623790e+003;6.675884e-002
2.624272e+003;6.679102e-002
2.624754e+003;6.682063e-002
2.625236e+003;6.684785e-002
2.625718e+003;6.687258e-002
2.626200e+003;6.689381e-002
2.626682e+003;6.691162e-002
2.627165e+003;6.692612e-002
2.627647e+003;6.693767e-002
2.628129e+003;6.694949e-002
2.628611e+003;6.696279e-002
2.629093e+003;6.697960e-002
2.629575e+003;6.700075e-002
2.630057e+003;6.702532e-002
2.630540e+003;6.705212e-002
2.631022e+003;6.707939e-002
2.631504e+003;6.710639e-002
2.631986e+003;6.713200e-002
2.632468e+003;6.715649e-002
2.632950e+003;6.718000e-002
2.633432e+003;6.720386e-002
2.633915e+003;6.722913e-002
2.634397e+003;6.725635e-002
2.634879e+003;6.728791e-002
2.635361e+003;6.732439e-002
2.635843e+003;6.736745e-002
2.636325e+003;6.741600e-002
2.636807e+003;6.746846e-002
2.637290e+003;6.752112e-002
2.637771e+003;6.757017e-002
2.638254e+003;6.761108e-002
2.638736e+003;6.764218e-002
2.639218e+003;6.766316e-002
2.639700e+003;6.767607e-002
2.640182e+003;6.768529e-002
2.640664e+003;6.769458e-002
2.641146e+003;6.770834e-002
2.641629e+003;6.772774e-002
2.642111e+003;6.775302e-002
2.642593e+003;6.778182e-002
2.643075e+003;6.781156e-002
2.643557e+003;6.783956e-002
2.644039e+003;6.786390e-002
2.644521e+003;6.788483e-002
2.645004e+003;6.790270e-002
2.645486e+003;6.792037e-002
2.645968e+003;6.793955e-002
2.646450e+003;6.796189e-002
2.646932e+003;6.798859e-002
2.647414e+003;6.801847e-002
2.647896e+003;6.805097e-002
2.648379e+003;6.808281e-002
2.648861e+003;6.811281e-002
2.649343e+003;6.813955e-002
2.649825e+003;6.816303e-002
2.650307e+003;6.818447e-002
2.650789e+003;6.820572e-002
2.651271e+003;6.822886e-002
2.651754e+003;6.825478e-002
2.652236e+003;6.828277e-002
2.652718e+003;6.831178e-002
2.653200e+003;6.833883e-002
2.653682e+003;6.836236e-002
2.654164e+003;6.838103e-002
2.654646e+003;6.839617e-002
2.655128e+003;6.840961e-002
2.655611e+003;6.842493e-002
2.656093e+003;6.844481e-002
2.656575e+003;6.847201e-002
2.657057e+003;6.850649e-002
2.657539e+003;6.854722e-002
2.658021e+003;6.859171e-002
2.658503e+003;6.863565e-002
2.658986e+003;6.867606e-002
2.659468e+003;6.870937e-002
2.659950e+003;6.873249e-002
2.660432e+003;6.874364e-002
2.660914e+003;6.874356e-002
2.661396e+003;6.873253e-002
2.661878e+003;6.871399e-002
2.662361e+003;6.869142e-002
2.662843e+003;6.867016e-002
2.663325e+003;6.865543e-002
2.663807e+003;6.865101e-002
2.664289e+003;6.866043e-002
2.664771e+003;6.868467e-002
2.665253e+003;6.872258e-002
2.665736e+003;6.877147e-002
2.666218e+003;6.882787e-002
2.666700e+003;6.888778e-002
2.667182e+003;6.894741e-002
2.667664e+003;6.900471e-002
2.668146e+003;6.905885e-002
2.668628e+003;6.911018e-002
2.669111e+003;6.915918e-002
2.669593e+003;6.920709e-002
2.670075e+003;6.925423e-002
2.670557e+003;6.930046e-002
2.671039e+003;6.934481e-002
2.671521e+003;6.938581e-002
2.672003e+003;6.942259e-002
2.672485e+003;6.945457e-002
2.672968e+003;6.948289e-002
2.673450e+003;6.950859e-002
2.673932e+003;6.953420e-002
2.674414e+003;6.956105e-002
2.674896e+003;6.959043e-002
2.675378e+003;6.962217e-002
2.675860e+003;6.965589e-002
2.676343e+003;6.969123e-002
2.676825e+003;6.972846e-002
2.677307e+003;6.976787e-002
2.677789e+003;6.981087e-002
2.678271e+003;6.985773e-002
2.678753e+003;6.990820e-002
2.679235e+003;6.996057e-002
2.679718e+003;7.001285e-002
2.680200e+003;7.006279e-002
2.680682e+003;7.010993e-002
2.681164e+003;7.015444e-002
2.681646e+003;7.019846e-002
2.682128e+003;7.024517e-002
2.682610e+003;7.029612e-002
2.683093e+003;7.035144e-002
2.683575e+003;7.040980e-002
2.684057e+003;7.046799e-002
2.684539e+003;7.052325e-002
2.685021e+003;7.057364e-002
2.685503e+003;7.061864e-002
2.685985e+003;7.066044e-002
2.686468e+003;7.070121e-002
2.686949e+003;7.074191e-002
2.687432e+003;7.078374e-002
2.687914e+003;7.082473e-002
2.688396e+003;7.086309e-002
2.688878e+003;7.089700e-002
2.689360e+003;7.092581e-002
2.689842e+003;7.094980e-002
2.690324e+003;7.097122e-002
2.690807e+003;7.099228e-002
2.691289e+003;7.101524e-002
2.691771e+003;7.104113e-002
2.692253e+003;7.107083e-002
2.692735e+003;7.110452e-002
2.693217e+003;7.114360e-002
2.693699e+003;7.118905e-002
2.694182e+003;7.124222e-002
2.694664e+003;7.130317e-002
2.695146e+003;7.137155e-002
2.695628e+003;7.144479e-002
2.696110e+003;7.151929e-002
2.696592e+003;7.159211e-002
2.697074e+003;7.165972e-002
2.697557e+003;7.172119e-002
2.698039e+003;7.177649e-002
2.698521e+003;7.182563e-002
2.699003e+003;7.187050e-002
2.699485e+003;7.191225e-002
2.699967e+003;7.195250e-002
2.700449e+003;7.199293e-002
2.700932e+003;7.203548e-002
2.701414e+003;7.208232e-002
2.701896e+003;7.213373e-002
2.702378e+003;7.218888e-002
2.702860e+003;7.224537e-002
2.703342e+003;7.229942e-002
2.703824e+003;7.234596e-002
2.704306e+003;7.238287e-002
2.704789e+003;7.240959e-002
2.705271e+003;7.242908e-002
2.705753e+003;7.244600e-002
2.706235e+003;7.246577e-002
2.706717e+003;7.249288e-002
2.707199e+003;7.252908e-002
2.707681e+003;7.257320e-002
2.708164e+003;7.262297e-002
2.708646e+003;7.267580e-002
2.709128e+003;7.272971e-002
2.709610e+003;7.278467e-002
2.710092e+003;7.284156e-002
2.710574e+003;7.290182e-002
2.711056e+003;7.296457e-002
2.711539e+003;7.302869e-002
2.712021e+003;7.309101e-002
2.712503e+003;7.314914e-002
2.712985e+003;7.320023e-002
2.713467e+003;7.324518e-002
2.713949e+003;7.328509e-002
2.714431e+003;7.332376e-002
2.714914e+003;7.336397e-002
2.715396e+003;7.340784e-002
2.715878e+003;7.345562e-002
2.716360e+003;7.350688e-002
2.716842e+003;7.356007e-002
2.717324e+003;7.361376e-002
2.717806e+003;7.366689e-002
2.718289e+003;7.371994e-002
2.718771e+003;7.377367e-002
2.719253e+003;7.382924e-002
2.719735e+003;7.388818e-002
2.720217e+003;7.395203e-002
2.720699e+003;7.402082e-002
2.721181e+003;7.409566e-002
2.721663e+003;7.417475e-002
2.722146e+003;7.425607e-002
2.722628e+003;7.433599e-002
2.723110e+003;7.441113e-002
2.723592e+003;7.447851e-002
2.724074e+003;7.453698e-002
2.724556e+003;7.458775e-002
2.725038e+003;7.463374e-002
2.725521e+003;7.467955e-002
2.726003e+003;7.472856e-002
2.726485e+003;7.478421e-002
2.726967e+003;7.484662e-002
2.727449e+003;7.491501e-002
2.727931e+003;7.498632e-002
2.728413e+003;7.505775e-002
2.728896e+003;7.512651e-002
2.729378e+003;7.519016e-002
2.729860e+003;7.524759e-002
2.730342e+003;7.529761e-002
2.730824e+003;7.534089e-002
2.731306e+003;7.537897e-002
2.731788e+003;7.541543e-002
2.732271e+003;7.545527e-002
2.732753e+003;7.550380e-002
2.733235e+003;7.556491e-002
2.733717e+003;7.564078e-002
2.734199e+003;7.572895e-002
2.734681e+003;7.582305e-002
2.735163e+003;7.591515e-002
2.735646e+003;7.599723e-002
2.736127e+003;7.606447e-002
2.736610e+003;7.611673e-002
2.737092e+003;7.615905e-002
2.737574e+003;7.619916e-002
2.738056e+003;7.624566e-002
2.738538e+003;7.630407e-002
2.739020e+003;7.637616e-002
2.739502e+003;7.645919e-002
2.739985e+003;7.654709e-002
2.740467e+003;7.663406e-002
2.740949e+003;7.671507e-002
2.741431e+003;7.678873e-002
2.741913e+003;7.685620e-002
2.742395e+003;7.692060e-002
2.742877e+003;7.698483e-002
2.743360e+003;7.705141e-002
2.743842e+003;7.712130e-002
2.744324e+003;7.719335e-002
2.744806e+003;7.726698e-002
2.745288e+003;7.734150e-002
2.745770e+003;7.741721e-002
2.746252e+003;7.749548e-002
2.746735e+003;7.757737e-002
2.747217e+003;7.766335e-002
2.747699e+003;7.775296e-002
2.748181e+003;7.784367e-002
2.748663e+003;7.793209e-002
2.749145e+003;7.801432e-002
2.749627e+003;7.808743e-002
2.750110e+003;7.814889e-002
2.750592e+003;7.819947e-002
2.751074e+003;7.824159e-002
2.751556e+003;7.828021e-002
2.752038e+003;7.832178e-002
2.752520e+003;7.837358e-002
2.753002e+003;7.844048e-002
2.753484e+003;7.852574e-002
2.753967e+003;7.862806e-002
2.754449e+003;7.874262e-002
2.754931e+003;7.886189e-002
2.755413e+003;7.897731e-002
2.755895e+003;7.908282e-002
2.756377e+003;7.917432e-002
2.756859e+003;7.925278e-002
2.757342e+003;7.932267e-002
2.757824e+003;7.939064e-002
2.758306e+003;7.946291e-002
2.758788e+003;7.954401e-002
2.759270e+003;7.963481e-002
2.759752e+003;7.973355e-002
2.760234e+003;7.983565e-002
2.760717e+003;7.993680e-002
2.761199e+003;8.003312e-002
2.761681e+003;8.012380e-002
2.762163e+003;8.020960e-002
2.762645e+003;8.029259e-002
2.763127e+003;8.037592e-002
2.763609e+003;8.046123e-002
2.764092e+003;8.054911e-002
2.764574e+003;8.063879e-002
2.765056e+003;8.072909e-002
2.765538e+003;8.081901e-002
2.766020e+003;8.090809e-002
2.766502e+003;8.099701e-002
2.766984e+003;8.108686e-002
2.767467e+003;8.117839e-002
2.767948e+003;8.127172e-002
2.768431e+003;8.136614e-002
2.768913e+003;8.146053e-002
2.769395e+003;8.155356e-002
2.769877e+003;8.164467e-002
2.770359e+003;8.173384e-002
2.770841e+003;8.182225e-002
2.771323e+003;8.191139e-002
2.771806e+003;8.200242e-002
2.772288e+003;8.209614e-002
2.772770e+003;8.219256e-002
2.773252e+003;8.229057e-002
2.773734e+003;8.238822e-002
2.774216e+003;8.248501e-002
2.774698e+003;8.257980e-002
2.775181e+003;8.267195e-002
2.775663e+003;8.276097e-002
2.776145e+003;8.284698e-002
2.776627e+003;8.293054e-002
2.777109e+003;8.301287e-002
2.777591e+003;8.309540e-002
2.778073e+003;8.318024e-002
2.778556e+003;8.326994e-002
2.779038e+003;8.336578e-002
2.779520e+003;8.346866e-002
2.780002e+003;8.357830e-002
2.780484e+003;8.369361e-002
2.780966e+003;8.381300e-002
2.781448e+003;8.393512e-002
2.781930e+003;8.406034e-002
2.782413e+003;8.418857e-002
2.782895e+003;8.432081e-002
2.783377e+003;8.445626e-002
2.783859e+003;8.459306e-002
2.784341e+003;8.472724e-002
2.784823e+003;8.485346e-002
2.785305e+003;8.496734e-002
2.785788e+003;8.506622e-002
2.786270e+003;8.515227e-002
2.786752e+003;8.523010e-002
2.787234e+003;8.530688e-002
2.787716e+003;8.539232e-002
2.788198e+003;8.549263e-002
2.788680e+003;8.561094e-002
2.789163e+003;8.574626e-002
2.789645e+003;8.589423e-002
2.790127e+003;8.604753e-002
2.790609e+003;8.620010e-002
2.791091e+003;8.634556e-002
2.791573e+003;8.648137e-002
2.792055e+003;8.660708e-002
2.792538e+003;8.672480e-002
2.793020e+003;8.683740e-002
2.793502e+003;8.694854e-002
2.793984e+003;8.706211e-002
2.794466e+003;8.717989e-002
2.794948e+003;8.730280e-002
2.795430e+003;8.742966e-002
2.795913e+003;8.755773e-002
2.796395e+003;8.768277e-002
2.796877e+003;8.780038e-002
2.797359e+003;8.790790e-002
2.797841e+003;8.800417e-002
2.798323e+003;8.809230e-002
2.798805e+003;8.817679e-002
2.799287e+003;8.826499e-002
2.799770e+003;8.836248e-002
2.800252e+003;8.847299e-002
2.800734e+003;8.859780e-002
2.801216e+003;8.873426e-002
2.801698e+003;8.887835e-002
2.802180e+003;8.902561e-002
2.802662e+003;8.917231e-002
2.803145e+003;8.931828e-002
2.803627e+003;8.946431e-002
2.804109e+003;8.961219e-002
2.804591e+003;8.976435e-002
2.805073e+003;8.992076e-002
2.805555e+003;9.008053e-002
2.806037e+003;9.024137e-002
2.806520e+003;9.040040e-002
2.807002e+003;9.055527e-002
2.807484e+003;9.070489e-002
2.807966e+003;9.084937e-002
2.808448e+003;9.098928e-002
2.808930e+003;9.112644e-002
2.809412e+003;9.126176e-002
2.809895e+003;9.139692e-002
2.810377e+003;9.153295e-002
2.810859e+003;9.167174e-002
2.811341e+003;9.181499e-002
2.811823e+003;9.196503e-002
2.812305e+003;9.212248e-002
2.812787e+003;9.228793e-002
2.813270e+003;9.245918e-002
2.813751e+003;9.263302e-002
2.814234e+003;9.280500e-002
2.814716e+003;9.297114e-002
2.815198e+003;9.312929e-002
2.815680e+003;9.327916e-002
2.816162e+003;9.342343e-002
2.816644e+003;9.356717e-002
2.817126e+003;9.371528e-002
2.817609e+003;9.387325e-002
2.818091e+003;9.404267e-002
2.818573e+003;9.422286e-002
2.819055e+003;9.440967e-002
2.819537e+003;9.459607e-002
2.820019e+003;9.477558e-002
2.820501e+003;9.494255e-002
2.820984e+003;9.509383e-002
2.821466e+003;9.523033e-002
2.821948e+003;9.535614e-002
2.822430e+003;9.547636e-002
2.822912e+003;9.559771e-002
2.823394e+003;9.572481e-002
2.823876e+003;9.586022e-002
2.824359e+003;9.600571e-002
2.824841e+003;9.616058e-002
2.825323e+003;9.632502e-002
2.825805e+003;9.649784e-002
2.826287e+003;9.668006e-002
2.826769e+003;9.687158e-002
2.827251e+003;9.707089e-002
2.827734e+003;9.727584e-002
2.828216e+003;9.748132e-002
2.828698e+003;9.768273e-002
2.829180e+003;9.787539e-002
2.829662e+003;9.805657e-002
2.830144e+003;9.822766e-002
2.830626e+003;9.839233e-002
2.831108e+003;9.855685e-002
2.831591e+003;9.872846e-002
2.832073e+003;9.891132e-002
2.832555e+003;9.910730e-002
2.833037e+003;9.931444e-002
2.833519e+003;9.952758e-002
2.834001e+003;9.974033e-002
2.834483e+003;9.994786e-002
2.834966e+003;1.001467e-001
2.835448e+003;1.003379e-001
2.835930e+003;1.005243e-001
2.836412e+003;1.007100e-001
2.836894e+003;1.009001e-001
2.837376e+003;1.010973e-001
2.837858e+003;1.013024e-001
2.838341e+003;1.015142e-001
2.838823e+003;1.017302e-001
2.839305e+003;1.019474e-001
2.839787e+003;1.021634e-001
2.840269e+003;1.023769e-001
2.840751e+003;1.025885e-001
2.841233e+003;1.027985e-001
2.841716e+003;1.030073e-001
2.842198e+003;1.032155e-001
2.842680e+003;1.034221e-001
2.843162e+003;1.036269e-001
2.843644e+003;1.038299e-001
2.844126e+003;1.040310e-001
2.844608e+003;1.042322e-001
2.845091e+003;1.044343e-001
2.845573e+003;1.046397e-001
2.846055e+003;1.048485e-001
2.846537e+003;1.050595e-001
2.847019e+003;1.052710e-001
2.847501e+003;1.054797e-001
2.847983e+003;1.056843e-001
2.848465e+003;1.058841e-001
2.848948e+003;1.060819e-001
2.849430e+003;1.062800e-001
2.849912e+003;1.064835e-001
2.850394e+003;1.066948e-001
2.850876e+003;1.069151e-001
2.851358e+003;1.071426e-001
2.851840e+003;1.073743e-001
2.852323e+003;1.076060e-001
2.852805e+003;1.078348e-001
2.853287e+003;1.080590e-001
2.853769e+003;1.082788e-001
2.854251e+003;1.084950e-001
2.854733e+003;1.087086e-001
2.855215e+003;1.089191e-001
2.855698e+003;1.091262e-001
2.856180e+003;1.093289e-001
2.856662e+003;1.095266e-001
2.857144e+003;1.097226e-001
2.857626e+003;1.099204e-001
2.858108e+003;1.101260e-001
2.858590e+003;1.103438e-001
2.859073e+003;1.105773e-001
2.859555e+003;1.108269e-001
2.860037e+003;1.110890e-001
2.860519e+003;1.113590e-001
2.861001e+003;1.116319e-001
2.861483e+003;1.119048e-001
2.861965e+003;1.121771e-001
2.862448e+003;1.124505e-001
2.862929e+003;1.127294e-001
2.863412e+003;1.130156e-001
2.863894e+003;1.133104e-001
2.864376e+003;1.136109e-001
2.864858e+003;1.139124e-001
2.865340e+003;1.142086e-001
2.865822e+003;1.144931e-001
2.866304e+003;1.147625e-001
2.866787e+003;1.150167e-001
2.867269e+003;1.152584e-001
2.867751e+003;1.154949e-001
2.868233e+003;1.157328e-001
2.868715e+003;1.159802e-001
2.869197e+003;1.162416e-001
2.869679e+003;1.165192e-001
2.870162e+003;1.168105e-001
2.870644e+003;1.171106e-001
2.871126e+003;1.174129e-001
2.871608e+003;1.177113e-001
2.872090e+003;1.180015e-001
2.872572e+003;1.182831e-001
2.873054e+003;1.185568e-001
2.873537e+003;1.188266e-001
2.874019e+003;1.190960e-001
2.874501e+003;1.193660e-001
2.874983e+003;1.196376e-001
2.875465e+003;1.199094e-001
2.875947e+003;1.201800e-001
2.876429e+003;1.204498e-001
2.876912e+003;1.207202e-001
2.877394e+003;1.209943e-001
2.877876e+003;1.212757e-001
2.878358e+003;1.215665e-001
2.878840e+003;1.218659e-001
2.879322e+003;1.221709e-001
2.879804e+003;1.224754e-001
2.880286e+003;1.227764e-001
2.880769e+003;1.230701e-001
2.881251e+003;1.233567e-001
2.881733e+003;1.236381e-001
2.882215e+003;1.239168e-001
2.882697e+003;1.241945e-001
2.883179e+003;1.244708e-001
2.883661e+003;1.247431e-001
2.884144e+003;1.250072e-001
2.884626e+003;1.252613e-001
2.885108e+003;1.255064e-001
2.885590e+003;1.257460e-001
2.886072e+003;1.259873e-001
2.886554e+003;1.262375e-001
2.887036e+003;1.265026e-001
2.887519e+003;1.267837e-001
2.888001e+003;1.270793e-001
2.888483e+003;1.273827e-001
2.888965e+003;1.276872e-001
2.889447e+003;1.279868e-001
2.889929e+003;1.282779e-001
2.890411e+003;1.285587e-001
2.890894e+003;1.288306e-001
2.891376e+003;1.290958e-001
2.891858e+003;1.293563e-001
2.892340e+003;1.296134e-001
2.892822e+003;1.298676e-001
2.893304e+003;1.301195e-001
2.893786e+003;1.303694e-001
2.894269e+003;1.306183e-001
2.894750e+003;1.308682e-001
2.895233e+003;1.311231e-001
2.895715e+003;1.313871e-001
2.896197e+003;1.316667e-001
2.896679e+003;1.319670e-001
2.897161e+003;1.322936e-001
2.897643e+003;1.326512e-001
2.898125e+003;1.330398e-001
2.898608e+003;1.334583e-001
2.899090e+003;1.338988e-001
2.899572e+003;1.343527e-001
2.900054e+003;1.348092e-001
2.900536e+003;1.352579e-001
2.901018e+003;1.356908e-001
2.901500e+003;1.361038e-001
2.901983e+003;1.364947e-001
2.902465e+003;1.368654e-001
2.902947e+003;1.372172e-001
2.903429e+003;1.375529e-001
2.903911e+003;1.378748e-001
2.904393e+003;1.381858e-001
2.904875e+003;1.384895e-001
2.905358e+003;1.387908e-001
2.905840e+003;1.390946e-001
2.906322e+003;1.394061e-001
2.906804e+003;1.397292e-001
2.907286e+003;1.400653e-001
2.907768e+003;1.404119e-001
2.908250e+003;1.407658e-001
2.908733e+003;1.411203e-001
2.909215e+003;1.414697e-001
2.909697e+003;1.418098e-001
2.910179e+003;1.421384e-001
2.910661e+003;1.424563e-001
2.911143e+003;1.427669e-001
2.911625e+003;1.430751e-001
2.912107e+003;1.433856e-001
2.912590e+003;1.437027e-001
2.913072e+003;1.440296e-001
2.913554e+003;1.443665e-001
2.914036e+003;1.447130e-001
2.914518e+003;1.450665e-001
2.915000e+003;1.454258e-001
2.915482e+003;1.457895e-001
2.915965e+003;1.461578e-001
2.916447e+003;1.465323e-001
2.916929e+003;1.469153e-001
2.917411e+003;1.473085e-001
2.917893e+003;1.477135e-001
2.918375e+003;1.481297e-001
2.918857e+003;1.485550e-001
2.919340e+003;1.489875e-001
2.919822e+003;1.494239e-001
2.920304e+003;1.498628e-001
2.920786e+003;1.503033e-001
2.921268e+003;1.507456e-001
2.921750e+003;1.511899e-001
2.922232e+003;1.516363e-001
2.922715e+003;1.520848e-001
2.923197e+003;1.525334e-001
2.923679e+003;1.529807e-001
2.924161e+003;1.534262e-001
2.924643e+003;1.538703e-001
2.925125e+003;1.543148e-001
2.925607e+003;1.547613e-001
2.926090e+003;1.552109e-001
2.926572e+003;1.556639e-001
2.927054e+003;1.561179e-001
2.927536e+003;1.565695e-001
2.928018e+003;1.570149e-001
2.928500e+003;1.574533e-001
2.928982e+003;1.578859e-001
2.929464e+003;1.583187e-001
2.929947e+003;1.587586e-001
2.930429e+003;1.592142e-001
2.930911e+003;1.596916e-001
2.931393e+003;1.601935e-001
2.931875e+003;1.607163e-001
2.932357e+003;1.612537e-001
2.932839e+003;1.617970e-001
2.933322e+003;1.623393e-001
2.933804e+003;1.628746e-001
2.934286e+003;1.634036e-001
2.934768e+003;1.639285e-001
2.935250e+003;1.644540e-001
2.935732e+003;1.649834e-001
2.936214e+003;1.655178e-001
2.936697e+003;1.660535e-001
2.937179e+003;1.665847e-001
2.937661e+003;1.671040e-001
2.938143e+003;1.676061e-001
2.938625e+003;1.680868e-001
2.939107e+003;1.685458e-001
2.939589e+003;1.689855e-001
2.940072e+003;1.694106e-001
2.940554e+003;1.698249e-001
2.941036e+003;1.702332e-001
2.941518e+003;1.706377e-001
2.942000e+003;1.710413e-001
2.942482e+003;1.714441e-001
2.942964e+003;1.718471e-001
2.943447e+003;1.722518e-001
2.943928e+003;1.726601e-001
2.944411e+003;1.730751e-001
2.944893e+003;1.735015e-001
2.945375e+003;1.739436e-001
2.945857e+003;1.744062e-001
2.946339e+003;1.748904e-001
2.946821e+003;1.753950e-001
2.947303e+003;1.759145e-001
2.947786e+003;1.764392e-001
2.948268e+003;1.769580e-001
2.948750e+003;1.774606e-001
2.949232e+003;1.779405e-001
2.949714e+003;1.783968e-001
2.950196e+003;1.788332e-001
2.950678e+003;1.792562e-001
2.951161e+003;1.796737e-001
2.951643e+003;1.800908e-001
2.952125e+003;1.805099e-001
2.952607e+003;1.809294e-001
2.953089e+003;1.813482e-001
2.953571e+003;1.817665e-001
2.954053e+003;1.821869e-001
2.954536e+003;1.826153e-001
2.955018e+003;1.830594e-001
2.955500e+003;1.835241e-001
2.955982e+003;1.840116e-001
2.956464e+003;1.845201e-001
2.956946e+003;1.850433e-001
2.957428e+003;1.855749e-001
2.957911e+003;1.861090e-001
2.958393e+003;1.866433e-001
2.958875e+003;1.871783e-001
2.959357e+003;1.877169e-001
2.959839e+003;1.882617e-001
2.960321e+003;1.888136e-001
2.960803e+003;1.893719e-001
2.961285e+003;1.899344e-001
2.961768e+003;1.904986e-001
2.962250e+003;1.910634e-001
2.962732e+003;1.916296e-001
2.963214e+003;1.921994e-001
2.963696e+003;1.927766e-001
2.964178e+003;1.933649e-001
2.964660e+003;1.939670e-001
2.965143e+003;1.945842e-001
2.965625e+003;1.952168e-001
2.966107e+003;1.958621e-001
2.966589e+003;1.965151e-001
2.967071e+003;1.971677e-001
2.967553e+003;1.978102e-001
2.968035e+003;1.984335e-001
2.968518e+003;1.990302e-001
2.969000e+003;1.996004e-001
2.969482e+003;2.001494e-001
2.969964e+003;2.006905e-001
2.970446e+003;2.012391e-001
2.970928e+003;2.018109e-001
2.971410e+003;2.024166e-001
2.971893e+003;2.030591e-001
2.972375e+003;2.037332e-001
2.972857e+003;2.044296e-001
2.973339e+003;2.051367e-001
2.973821e+003;2.058446e-001
2.974303e+003;2.065488e-001
2.974785e+003;2.072478e-001
2.975268e+003;2.079431e-001
2.975750e+003;2.086371e-001
2.976232e+003;2.093295e-001
2.976714e+003;2.100199e-001
2.977196e+003;2.107065e-001
2.977678e+003;2.113884e-001
2.978160e+003;2.120657e-001
2.978642e+003;2.127423e-001
2.979125e+003;2.134226e-001
2.979607e+003;2.141109e-001
2.980089e+003;2.148101e-001
2.980571e+003;2.155201e-001
2.981053e+003;2.162391e-001
2.981535e+003;2.169621e-001
2.982017e+003;2.176848e-001
2.982500e+003;2.184030e-001
2.982982e+003;2.191143e-001
2.983464e+003;2.198201e-001
2.983946e+003;2.205240e-001
2.984428e+003;2.212321e-001
2.984910e+003;2.219516e-001
2.985392e+003;2.226888e-001
2.985875e+003;2.234473e-001
2.986357e+003;2.242258e-001
2.986839e+003;2.250177e-001
2.987321e+003;2.258142e-001
2.987803e+003;2.266052e-001
2.988285e+003;2.273837e-001
2.988767e+003;2.281471e-001
2.989250e+003;2.288994e-001
2.989732e+003;2.296478e-001
2.990214e+003;2.304013e-001
2.990696e+003;2.311663e-001
2.991178e+003;2.319443e-001
2.991660e+003;2.327323e-001
2.992142e+003;2.335244e-001
2.992625e+003;2.343141e-001
2.993106e+003;2.350983e-001
2.993589e+003;2.358778e-001
2.994071e+003;2.366568e-001
2.994553e+003;2.374424e-001
2.995035e+003;2.382407e-001
2.995517e+003;2.390556e-001
2.995999e+003;2.398905e-001
2.996481e+003;2.407441e-001
2.996964e+003;2.416154e-001
2.997446e+003;2.425012e-001
2.997928e+003;2.433992e-001
2.998410e+003;2.443041e-001
2.998892e+003;2.452109e-001
2.999374e+003;2.461157e-001
2.999856e+003;2.470153e-001
3.000339e+003;2.479094e-001
3.000821e+003;2.488028e-001
3.001303e+003;2.497008e-001
3.001785e+003;2.506096e-001
3.002267e+003;2.515330e-001
3.002749e+003;2.524693e-001
3.003231e+003;2.534146e-001
3.003714e+003;2.543617e-001
3.004196e+003;2.553035e-001
3.004678e+003;2.562367e-001
3.005160e+003;2.571617e-001
3.005642e+003;2.580824e-001
3.006124e+003;2.590033e-001
3.006606e+003;2.599289e-001
3.007089e+003;2.608610e-001
3.007571e+003;2.618006e-001
3.008053e+003;2.627479e-001
3.008535e+003;2.637038e-001
3.009017e+003;2.646692e-001
3.009499e+003;2.656449e-001
3.009981e+003;2.666297e-001
3.010463e+003;2.676205e-001
3.010946e+003;2.686108e-001
3.011428e+003;2.695966e-001
3.011910e+003;2.705768e-001
3.012392e+003;2.715556e-001
3.012874e+003;2.725412e-001
3.013356e+003;2.735440e-001
3.013838e+003;2.745711e-001
3.014321e+003;2.756245e-001
3.014803e+003;2.766981e-001
3.015285e+003;2.777810e-001
3.015767e+003;2.788618e-001
3.016249e+003;2.799338e-001
3.016731e+003;2.809969e-001
3.017213e+003;2.820577e-001
3.017696e+003;2.831262e-001
3.018178e+003;2.842110e-001
3.018660e+003;2.853143e-001
3.019142e+003;2.864331e-001
3.019624e+003;2.875597e-001
3.020106e+003;2.886869e-001
3.020588e+003;2.898096e-001
3.021071e+003;2.909296e-001
3.021553e+003;2.920509e-001
3.022035e+003;2.931806e-001
3.022517e+003;2.943212e-001
3.022999e+003;2.954734e-001
3.023481e+003;2.966326e-001
3.023963e+003;2.977935e-001
3.024446e+003;2.989507e-001
3.024927e+003;3.001021e-001
3.025410e+003;3.012487e-001
3.025892e+003;3.023930e-001
3.026374e+003;3.035365e-001
3.026856e+003;3.046820e-001
3.027338e+003;3.058302e-001
3.027820e+003;3.069841e-001
3.028302e+003;3.081477e-001
3.028785e+003;3.093271e-001
3.029267e+003;3.105280e-001
3.029749e+003;3.117543e-001
3.030231e+003;3.130054e-001
3.030713e+003;3.142755e-001
3.031195e+003;3.155580e-001
3.031677e+003;3.168443e-001
3.032160e+003;3.181297e-001
3.032642e+003;3.194120e-001
3.033124e+003;3.206922e-001
3.033606e+003;3.219715e-001
3.034088e+003;3.232492e-001
3.034570e+003;3.245237e-001
3.035052e+003;3.257924e-001
3.035535e+003;3.270542e-001
3.036017e+003;3.283112e-001
3.036499e+003;3.295697e-001
3.036981e+003;3.308364e-001
3.037463e+003;3.321171e-001
3.037945e+003;3.334115e-001
3.038427e+003;3.347140e-001
3.038910e+003;3.360154e-001
3.039392e+003;3.373068e-001
3.039874e+003;3.385832e-001
3.040356e+003;3.398478e-001
3.040838e+003;3.411109e-001
3.041320e+003;3.423848e-001
3.041802e+003;3.436815e-001
3.042284e+003;3.450076e-001
3.042767e+003;3.463622e-001
3.043249e+003;3.477402e-001
3.043731e+003;3.491340e-001
3.044213e+003;3.505383e-001
3.044695e+003;3.519509e-001
3.045177e+003;3.533742e-001
3.045659e+003;3.548100e-001
3.046142e+003;3.562597e-001
3.046624e+003;3.577197e-001
3.047106e+003;3.591847e-001
3.047588e+003;3.606471e-001
3.048070e+003;3.621005e-001
3.048552e+003;3.635427e-001
3.049034e+003;3.649751e-001
3.049517e+003;3.664013e-001
3.049999e+003;3.678274e-001
3.050481e+003;3.692578e-001
3.050963e+003;3.706956e-001
3.051445e+003;3.721414e-001
3.051927e+003;3.735960e-001
3.052409e+003;3.750602e-001
3.052892e+003;3.765350e-001
3.053374e+003;3.780214e-001
3.053856e+003;3.795211e-001
3.054338e+003;3.810344e-001
3.054820e+003;3.825616e-001
3.055302e+003;3.841007e-001
3.055784e+003;3.856505e-001
3.056267e+003;3.872094e-001
3.056749e+003;3.887759e-001
3.057231e+003;3.903473e-001
3.057713e+003;3.919235e-001
3.058195e+003;3.935028e-001
3.058677e+003;3.950858e-001
3.059159e+003;3.966732e-001
3.059641e+003;3.982669e-001
3.060124e+003;3.998661e-001
3.060606e+003;4.014696e-001
3.061088e+003;4.030733e-001
3.061570e+003;4.046719e-001
3.062052e+003;4.062605e-001
3.062534e+003;4.078365e-001
3.063016e+003;4.094014e-001
3.063499e+003;4.109615e-001
3.063981e+003;4.125258e-001
3.064463e+003;4.141040e-001
3.064945e+003;4.157038e-001
3.065427e+003;4.173287e-001
3.065909e+003;4.189782e-001
3.066391e+003;4.206480e-001
3.066874e+003;4.223326e-001
3.067356e+003;4.240264e-001
3.067838e+003;4.257254e-001
3.068320e+003;4.274274e-001
3.068802e+003;4.291311e-001
3.069284e+003;4.308364e-001
3.069766e+003;4.325434e-001
3.070249e+003;4.342532e-001
3.070731e+003;4.359674e-001
3.071213e+003;4.376899e-001
3.071695e+003;4.394227e-001
3.072177e+003;4.411694e-001
3.072659e+003;4.429295e-001
3.073141e+003;4.447011e-001
3.073624e+003;4.464800e-001
3.074105e+003;4.482616e-001
3.074588e+003;4.500411e-001
3.075070e+003;4.518178e-001
3.075552e+003;4.535929e-001
3.076034e+003;4.553690e-001
3.076516e+003;4.571517e-001
3.076998e+003;4.589460e-001
3.077480e+003;4.607556e-001
3.077963e+003;4.625822e-001
3.078445e+003;4.644240e-001
3.078927e+003;4.662764e-001
3.079409e+003;4.681323e-001
3.079891e+003;4.699840e-001
3.080373e+003;4.718260e-001
3.080855e+003;4.736567e-001
3.081338e+003;4.754810e-001
3.081820e+003;4.773101e-001
3.082302e+003;4.791579e-001
3.082784e+003;4.810395e-001
3.083266e+003;4.829623e-001
3.083748e+003;4.849273e-001
3.084230e+003;4.869242e-001
3.084713e+003;4.889356e-001
3.085195e+003;4.909431e-001
3.085677e+003;4.929309e-001
3.086159e+003;4.948913e-001
3.086641e+003;4.968257e-001
3.087123e+003;4.987418e-001
3.087605e+003;5.006505e-001
3.088088e+003;5.025594e-001
3.088570e+003;5.044745e-001
3.089052e+003;5.063962e-001
3.089534e+003;5.083241e-001
3.090016e+003;5.102599e-001
3.090498e+003;5.122069e-001
3.090980e+003;5.141712e-001
3.091462e+003;5.161591e-001
3.091945e+003;5.181726e-001
3.092427e+003;5.202112e-001
3.092909e+003;5.222686e-001
3.093391e+003;5.243368e-001
3.093873e+003;5.264097e-001
3.094355e+003;5.284831e-001
3.094837e+003;5.305557e-001
3.095320e+003;5.326285e-001
3.095802e+003;5.347015e-001
3.096284e+003;5.367730e-001
3.096766e+003;5.388387e-001
3.097248e+003;5.408942e-001
3.097730e+003;5.429364e-001
3.098212e+003;5.449657e-001
3.098695e+003;5.469868e-001
3.099177e+003;5.490078e-001
3.099659e+003;5.510358e-001
3.100141e+003;5.530777e-001
3.100623e+003;5.551384e-001
3.101105e+003;5.572196e-001
3.101587e+003;5.593215e-001
3.102070e+003;5.614449e-001
3.102552e+003;5.635886e-001
3.103034e+003;5.657533e-001
3.103516e+003;5.679363e-001
3.103998e+003;5.701344e-001
3.104480e+003;5.723408e-001
3.104962e+003;5.745496e-001
3.105445e+003;5.767542e-001
3.105927e+003;5.789500e-001
3.106409e+003;5.811349e-001
3.106891e+003;5.833103e-001
3.107373e+003;5.854784e-001
3.107855e+003;5.876459e-001
3.108337e+003;5.898191e-001
3.108819e+003;5.920056e-001
3.109302e+003;5.942129e-001
3.109784e+003;5.964459e-001
3.110266e+003;5.987048e-001
3.110748e+003;6.009845e-001
3.111230e+003;6.032749e-001
3.111712e+003;6.055633e-001
3.112194e+003;6.078374e-001
3.112677e+003;6.100892e-001
3.113159e+003;6.123180e-001
3.113641e+003;6.145309e-001
3.114123e+003;6.167377e-001
3.114605e+003;6.189514e-001
3.115087e+003;6.211811e-001
3.115569e+003;6.234310e-001
3.116052e+003;6.257000e-001
3.116534e+003;6.279829e-001
3.117016e+003;6.302730e-001
3.117498e+003;6.325638e-001
3.117980e+003;6.348503e-001
3.118462e+003;6.371309e-001
3.118944e+003;6.394043e-001
3.119427e+003;6.416740e-001
3.119909e+003;6.439468e-001
3.120391e+003;6.462320e-001
3.120873e+003;6.485415e-001
3.121355e+003;6.508870e-001
3.121837e+003;6.532750e-001
3.122319e+003;6.557046e-001
3.122802e+003;6.581658e-001
3.123283e+003;6.606404e-001
3.123766e+003;6.631069e-001
3.124248e+003;6.655478e-001
3.124730e+003;6.679536e-001
3.125212e+003;6.703232e-001
3.125694e+003;6.726657e-001
3.126176e+003;6.749943e-001
3.126658e+003;6.773199e-001
3.127141e+003;6.796503e-001
3.127623e+003;6.819870e-001
3.128105e+003;6.843276e-001
3.128587e+003;6.866690e-001
3.129069e+003;6.890100e-001
3.129551e+003;6.913515e-001
3.130033e+003;6.936992e-001
3.130516e+003;6.960588e-001
3.130998e+003;6.984375e-001
3.131480e+003;7.008390e-001
3.131962e+003;7.032669e-001
3.132444e+003;7.057194e-001
3.132926e+003;7.081943e-001
3.133408e+003;7.106842e-001
3.133891e+003;7.131790e-001
3.134373e+003;7.156656e-001
3.134855e+003;7.181332e-001
3.135337e+003;7.205728e-001
3.135819e+003;7.229851e-001
3.136301e+003;7.253760e-001
3.136783e+003;7.277598e-001
3.137266e+003;7.301497e-001
3.137748e+003;7.325565e-001
3.138230e+003;7.349817e-001
3.138712e+003;7.374182e-001
3.139194e+003;7.398524e-001
3.139676e+003;7.422708e-001
3.140158e+003;7.446665e-001
3.140640e+003;7.470395e-001
3.141123e+003;7.493992e-001
3.141605e+003;7.517598e-001
3.142087e+003;7.541341e-001
3.142569e+003;7.565293e-001
3.143051e+003;7.589448e-001
3.143533e+003;7.613748e-001
3.144015e+003;7.638114e-001
3.144498e+003;7.662492e-001
3.144980e+003;7.686865e-001
3.145462e+003;7.711269e-001
3.145944e+003;7.735749e-001
3.146426e+003;7.760345e-001
3.146908e+003;7.785058e-001
3.147390e+003;7.809839e-001
3.147873e+003;7.834616e-001
3.148355e+003;7.859305e-001
3.148837e+003;7.883849e-001
3.149319e+003;7.908214e-001
3.149801e+003;7.932408e-001
3.150283e+003;7.956463e-001
3.150765e+003;7.980450e-001
3.151248e+003;8.004446e-001
3.151730e+003;8.028520e-001
3.152212e+003;8.052738e-001
3.152694e+003;8.077102e-001
3.153176e+003;8.101606e-001
3.153658e+003;8.126162e-001
3.154140e+003;8.150666e-001
3.154623e+003;8.175002e-001
3.155104e+003;8.199090e-001
3.155587e+003;8.222913e-001
3.156069e+003;8.246529e-001
3.156551e+003;8.270059e-001
3.157033e+003;8.293650e-001
3.157515e+003;8.317450e-001
3.157997e+003;8.341560e-001
3.158479e+003;8.366007e-001
3.158962e+003;8.390736e-001
3.159444e+003;8.415634e-001
3.159926e+003;8.440537e-001
3.160408e+003;8.465267e-001
3.160890e+003;8.489673e-001
3.161372e+003;8.513655e-001
3.161854e+003;8.537199e-001
3.162337e+003;8.560388e-001
3.162819e+003;8.583375e-001
3.163301e+003;8.606336e-001
3.163783e+003;8.629463e-001
3.164265e+003;8.652864e-001
3.164747e+003;8.676580e-001
3.165229e+003;8.700535e-001
3.165712e+003;8.724625e-001
3.166194e+003;8.748735e-001
3.166676e+003;8.772786e-001
3.167158e+003;8.796757e-001
3.167640e+003;8.820681e-001
3.168122e+003;8.844581e-001
3.168604e+003;8.868456e-001
3.169086e+003;8.892240e-001
3.169569e+003;8.915849e-001
3.170051e+003;8.939191e-001
3.170533e+003;8.962225e-001
3.171015e+003;8.984988e-001
3.171497e+003;9.007596e-001
3.171979e+003;9.030163e-001
3.172461e+003;9.052775e-001
3.172944e+003;9.075439e-001
3.173426e+003;9.098064e-001
3.173908e+003;9.120523e-001
3.174390e+003;9.142705e-001
3.174872e+003;9.164574e-001
3.175354e+003;9.186193e-001
3.175836e+003;9.207707e-001
3.176319e+003;9.229304e-001
3.176801e+003;9.251095e-001
3.177283e+003;9.273139e-001
3.177765e+003;9.295381e-001
3.178247e+003;9.317709e-001
3.178729e+003;9.339970e-001
3.179211e+003;9.362061e-001
3.179694e+003;9.383905e-001
3.180176e+003;9.405472e-001
3.180658e+003;9.426762e-001
3.181140e+003;9.447786e-001
3.181622e+003;9.468555e-001
3.182104e+003;9.489105e-001
3.182586e+003;9.509490e-001
3.183069e+003;9.529787e-001
3.183551e+003;9.550086e-001
3.184033e+003;9.570462e-001
3.184515e+003;9.590961e-001
3.184997e+003;9.611568e-001
3.185479e+003;9.632235e-001
3.185961e+003;9.652892e-001
3.186443e+003;9.673494e-001
3.186926e+003;9.694019e-001
3.187408e+003;9.714480e-001
3.187890e+003;9.734919e-001
3.188372e+003;9.755361e-001
3.188854e+003;9.775821e-001
3.189336e+003;9.796274e-001
3.189818e+003;9.816685e-001
3.190301e+003;9.837007e-001
3.190783e+003;9.857186e-001
3.191265e+003;9.877169e-001
3.191747e+003;9.896913e-001
3.192229e+003;9.916379e-001
3.192711e+003;9.935551e-001
3.193193e+003;9.954443e-001
3.193676e+003;9.973112e-001
3.194158e+003;9.991634e-001
3.194640e+003;1.001011e+000
3.195122e+003;1.002860e+000
3.195604e+003;1.004713e+000
3.196086e+003;1.006566e+000
3.196568e+003;1.008413e+000
3.197051e+003;1.010247e+000
3.197533e+003;1.012064e+000
3.198015e+003;1.013867e+000
3.198497e+003;1.015659e+000
3.198979e+003;1.017444e+000
3.199461e+003;1.019221e+000
3.199943e+003;1.020987e+000
3.200426e+003;1.022731e+000
3.200907e+003;1.024445e+000
3.201390e+003;1.026127e+000
3.201872e+003;1.027781e+000
3.202354e+003;1.029418e+000
3.202836e+003;1.031050e+000
3.203318e+003;1.032685e+000
3.203800e+003;1.034324e+000
3.204282e+003;1.035956e+000
3.204765e+003;1.037571e+000
3.205247e+003;1.039157e+000
3.205729e+003;1.040710e+000
3.206211e+003;1.042234e+000
3.206693e+003;1.043740e+000
3.207175e+003;1.045239e+000
3.207657e+003;1.046741e+000
3.208140e+003;1.048246e+000
3.208622e+003;1.049750e+000
3.209104e+003;1.051248e+000
3.209586e+003;1.052732e+000
3.210068e+003;1.054198e+000
3.210550e+003;1.055642e+000
3.211032e+003;1.057063e+000
3.211515e+003;1.058454e+000
3.211997e+003;1.059812e+000
3.212479e+003;1.061136e+000
3.212961e+003;1.062435e+000
3.213443e+003;1.063721e+000
3.213925e+003;1.065014e+000
3.214407e+003;1.066330e+000
3.214890e+003;1.067678e+000
3.215372e+003;1.069054e+000
3.215854e+003;1.070442e+000
3.216336e+003;1.071818e+000
3.216818e+003;1.073165e+000
3.217300e+003;1.074472e+000
3.217782e+003;1.075742e+000
3.218264e+003;1.076986e+000
3.218747e+003;1.078219e+000
3.219229e+003;1.079446e+000
3.219711e+003;1.080664e+000
3.220193e+003;1.081861e+000
3.220675e+003;1.083023e+000
3.221157e+003;1.084141e+000
3.221639e+003;1.085213e+000
3.222122e+003;1.086250e+000
3.222604e+003;1.087265e+000
3.223086e+003;1.088273e+000
3.223568e+003;1.089281e+000
3.224050e+003;1.090290e+000
3.224532e+003;1.091297e+000
3.225014e+003;1.092299e+000
3.225497e+003;1.093296e+000
3.225979e+003;1.094289e+000
3.226461e+003;1.095278e+000
3.226943e+003;1.096260e+000
3.227425e+003;1.097221e+000
3.227907e+003;1.098149e+000
3.228389e+003;1.099029e+000
3.228872e+003;1.099854e+000
3.229354e+003;1.100631e+000
3.229836e+003;1.101377e+000
3.230318e+003;1.102117e+000
3.230800e+003;1.102874e+000
3.231282e+003;1.103664e+000
3.231764e+003;1.104495e+000
3.232247e+003;1.105358e+000
3.232729e+003;1.106244e+000
3.233211e+003;1.107136e+000
3.233693e+003;1.108017e+000
3.234175e+003;1.108874e+000
3.234657e+003;1.109689e+000
3.235139e+003;1.110450e+000
3.235621e+003;1.111143e+000
3.236104e+003;1.111766e+000
3.236586e+003;1.112325e+000
3.237068e+003;1.112837e+000
3.237550e+003;1.113329e+000
3.238032e+003;1.113830e+000
3.238514e+003;1.114363e+000
3.238996e+003;1.114936e+000
3.239479e+003;1.115545e+000
3.239961e+003;1.116172e+000
3.240443e+003;1.116794e+000
3.240925e+003;1.117395e+000
3.241407e+003;1.117965e+000
3.241889e+003;1.118509e+000
3.242371e+003;1.119041e+000
3.242854e+003;1.119576e+000
3.243336e+003;1.120128e+000
3.243818e+003;1.120701e+000
3.244300e+003;1.121289e+000
3.244782e+003;1.121880e+000
3.245264e+003;1.122457e+000
3.245746e+003;1.123003e+000
3.246229e+003;1.123509e+000
3.246711e+003;1.123971e+000
3.247193e+003;1.124393e+000
3.247675e+003;1.124785e+000
3.248157e+003;1.125161e+000
3.248639e+003;1.125529e+000
3.249121e+003;1.125895e+000
3.249604e+003;1.126258e+000
3.250085e+003;1.126613e+000
3.250568e+003;1.126954e+000
3.251050e+003;1.127277e+000
3.251532e+003;1.127588e+000
3.252014e+003;1.127893e+000
3.252496e+003;1.128202e+000
3.252978e+003;1.128523e+000
3.253460e+003;1.128856e+000
3.253943e+003;1.129193e+000
3.254425e+003;1.129524e+000
3.254907e+003;1.129839e+000
3.255389e+003;1.130133e+000
3.255871e+003;1.130410e+000
3.256353e+003;1.130684e+000
3.256835e+003;1.130969e+000
3.257318e+003;1.131273e+000
3.257800e+003;1.131593e+000
3.258282e+003;1.131919e+000
3.258764e+003;1.132231e+000
3.259246e+003;1.132514e+000
3.259728e+003;1.132763e+000
3.260210e+003;1.132982e+000
3.260693e+003;1.133185e+000
3.261175e+003;1.133392e+000
3.261657e+003;1.133616e+000
3.262139e+003;1.133860e+000
3.262621e+003;1.134119e+000
3.263103e+003;1.134378e+000
3.263585e+003;1.134622e+000
3.264068e+003;1.134839e+000
3.264550e+003;1.135023e+000
3.265032e+003;1.135176e+000
3.265514e+003;1.135304e+000
3.265996e+003;1.135413e+000
3.266478e+003;1.135511e+000
3.266960e+003;1.135608e+000
3.267442e+003;1.135709e+000
3.267925e+003;1.135822e+000
3.268407e+003;1.135950e+000
3.268889e+003;1.136091e+000
3.269371e+003;1.136239e+000
3.269853e+003;1.136383e+000
3.270335e+003;1.136513e+000
3.270817e+003;1.136622e+000
3.271300e+003;1.136714e+000
3.271782e+003;1.136799e+000
3.272264e+003;1.136894e+000
3.272746e+003;1.137009e+000
3.273228e+003;1.137151e+000
3.273710e+003;1.137312e+000
3.274192e+003;1.137478e+000
3.274675e+003;1.137631e+000
3.275157e+003;1.137758e+000
3.275639e+003;1.137857e+000
3.276121e+003;1.137935e+000
3.276603e+003;1.138006e+000
3.277085e+003;1.138087e+000
3.277567e+003;1.138188e+000
3.278050e+003;1.138313e+000
3.278532e+003;1.138456e+000
3.279014e+003;1.138608e+000
3.279496e+003;1.138760e+000
3.279978e+003;1.138907e+000
3.280460e+003;1.139045e+000
3.280942e+003;1.139174e+000
3.281425e+003;1.139294e+000
3.281906e+003;1.139406e+000
3.282389e+003;1.139505e+000
3.282871e+003;1.139592e+000
3.283353e+003;1.139663e+000
3.283835e+003;1.139721e+000
3.284317e+003;1.139765e+000
3.284799e+003;1.139796e+000
3.285281e+003;1.139816e+000
3.285764e+003;1.139828e+000
3.286246e+003;1.139839e+000
3.286728e+003;1.139855e+000
3.287210e+003;1.139890e+000
3.287692e+003;1.139954e+000
3.288174e+003;1.140053e+000
3.288656e+003;1.140186e+000
3.289139e+003;1.140342e+000
3.289621e+003;1.140502e+000
3.290103e+003;1.140646e+000
3.290585e+003;1.140756e+000
3.291067e+003;1.140824e+000
3.291549e+003;1.140853e+000
3.292031e+003;1.140852e+000
3.292514e+003;1.140839e+000
3.292996e+003;1.140831e+000
3.293478e+003;1.140841e+000
3.293960e+003;1.140877e+000
3.294442e+003;1.140940e+000
3.294924e+003;1.141027e+000
3.295406e+003;1.141131e+000
3.295889e+003;1.141243e+000
3.296371e+003;1.141354e+000
3.296853e+003;1.141460e+000
3.297335e+003;1.141554e+000
3.297817e+003;1.141639e+000
3.298299e+003;1.141717e+000
3.298781e+003;1.141792e+000
3.299263e+003;1.141869e+000
3.299746e+003;1.141951e+000
3.300228e+003;1.142035e+000
3.300710e+003;1.142116e+000
3.301192e+003;1.142187e+000
3.301674e+003;1.142245e+000
3.302156e+003;1.142287e+000
3.302638e+003;1.142316e+000
3.303121e+003;1.142337e+000
3.303603e+003;1.142355e+000
3.304085e+003;1.142372e+000
3.304567e+003;1.142391e+000
3.305049e+003;1.142412e+000
3.305531e+003;1.142437e+000
3.306013e+003;1.142470e+000
3.306496e+003;1.142518e+000
3.306978e+003;1.142588e+000
3.307460e+003;1.142685e+000
3.307942e+003;1.142812e+000
3.308424e+003;1.142963e+000
3.308906e+003;1.143129e+000
3.309388e+003;1.143296e+000
3.309871e+003;1.143452e+000
3.310353e+003;1.143582e+000
3.310835e+003;1.143678e+000
3.311317e+003;1.143729e+000
3.311799e+003;1.143732e+000
3.312281e+003;1.143688e+000
3.312763e+003;1.143602e+000
3.313246e+003;1.143491e+000
3.313728e+003;1.143375e+000
3.314210e+003;1.143278e+000
3.314692e+003;1.143219e+000
3.315174e+003;1.143212e+000
3.315656e+003;1.143258e+000
3.316138e+003;1.143345e+000
3.316620e+003;1.143456e+000
3.317103e+003;1.143573e+000
3.317585e+003;1.143681e+000
3.318067e+003;1.143772e+000
3.318549e+003;1.143845e+000
3.319031e+003;1.143905e+000
3.319513e+003;1.143957e+000
3.319995e+003;1.144008e+000
3.320478e+003;1.144060e+000
3.320960e+003;1.144113e+000
3.321442e+003;1.144164e+000
3.321924e+003;1.144206e+000
3.322406e+003;1.144229e+000
3.322888e+003;1.144222e+000
3.323370e+003;1.144173e+000
3.323853e+003;1.144078e+000
3.324335e+003;1.143942e+000
3.324817e+003;1.143785e+000
3.325299e+003;1.143632e+000
3.325781e+003;1.143517e+000
3.326263e+003;1.143466e+000
3.326745e+003;1.143488e+000
3.327228e+003;1.143569e+000
3.327710e+003;1.143681e+000
3.328192e+003;1.143781e+000
3.328674e+003;1.143832e+000
3.329156e+003;1.143811e+000
3.329638e+003;1.143717e+000
3.330120e+003;1.143566e+000
3.330603e+003;1.143391e+000
3.331084e+003;1.143221e+000
3.331567e+003;1.143083e+000
3.332049e+003;1.142985e+000
3.332531e+003;1.142926e+000
3.333013e+003;1.142896e+000
3.333495e+003;1.142882e+000
3.333977e+003;1.142873e+000
3.334459e+003;1.142859e+000
3.334942e+003;1.142834e+000
3.335424e+003;1.142791e+000
3.335906e+003;1.142723e+000
3.336388e+003;1.142626e+000
3.336870e+003;1.142499e+000
3.337352e+003;1.142342e+000
3.337834e+003;1.142160e+000
3.338317e+003;1.141960e+000
3.338799e+003;1.141745e+000
3.339281e+003;1.141521e+000
3.339763e+003;1.141290e+000
3.340245e+003;1.141057e+000
3.340727e+003;1.140825e+000
3.341209e+003;1.140603e+000
3.341692e+003;1.140395e+000
3.342174e+003;1.140206e+000
3.342656e+003;1.140033e+000
3.343138e+003;1.139870e+000
3.343620e+003;1.139704e+000
3.344102e+003;1.139525e+000
3.344584e+003;1.139324e+000
3.345067e+003;1.139099e+000
3.345549e+003;1.138847e+000
3.346031e+003;1.138566e+000
3.346513e+003;1.138252e+000
3.346995e+003;1.137899e+000
3.347477e+003;1.137503e+000
3.347959e+003;1.137068e+000
3.348441e+003;1.136608e+000
3.348924e+003;1.136148e+000
3.349406e+003;1.135719e+000
3.349888e+003;1.135348e+000
3.350370e+003;1.135049e+000
3.350852e+003;1.134818e+000
3.351334e+003;1.134631e+000
3.351816e+003;1.134454e+000
3.352299e+003;1.134250e+000
3.352781e+003;1.133992e+000
3.353263e+003;1.133665e+000
3.353745e+003;1.133269e+000
3.354227e+003;1.132815e+000
3.354709e+003;1.132318e+000
3.355191e+003;1.131794e+000
3.355674e+003;1.131258e+000
3.356156e+003;1.130721e+000
3.356638e+003;1.130195e+000
3.357120e+003;1.129690e+000
3.357602e+003;1.129211e+000
3.358084e+003;1.128755e+000
3.358566e+003;1.128313e+000
3.359049e+003;1.127866e+000
3.359531e+003;1.127392e+000
3.360013e+003;1.126874e+000
3.360495e+003;1.126306e+000
3.360977e+003;1.125693e+000
3.361459e+003;1.125051e+000
3.361941e+003;1.124398e+000
3.362424e+003;1.123750e+000
3.362906e+003;1.123114e+000
3.363388e+003;1.122484e+000
3.363870e+003;1.121850e+000
3.364352e+003;1.121202e+000
3.364834e+003;1.120534e+000
3.365316e+003;1.119851e+000
3.365798e+003;1.119162e+000
3.366281e+003;1.118482e+000
3.366763e+003;1.117820e+000
3.367245e+003;1.117182e+000
3.367727e+003;1.116560e+000
3.368209e+003;1.115946e+000
3.368691e+003;1.115323e+000
3.369173e+003;1.114680e+000
3.369656e+003;1.114007e+000
3.370138e+003;1.113298e+000
3.370620e+003;1.112553e+000
3.371102e+003;1.111772e+000
3.371584e+003;1.110958e+000
3.372066e+003;1.110118e+000
3.372548e+003;1.109261e+000
3.373031e+003;1.108398e+000
3.373513e+003;1.107535e+000
3.373995e+003;1.106678e+000
3.374477e+003;1.105824e+000
3.374959e+003;1.104964e+000
3.375441e+003;1.104085e+000
3.375923e+003;1.103173e+000
3.376406e+003;1.102221e+000
3.376888e+003;1.101229e+000
3.377370e+003;1.100205e+000
3.377852e+003;1.099164e+000
3.378334e+003;1.098119e+000
3.378816e+003;1.097080e+000
3.379298e+003;1.096049e+000
3.379781e+003;1.095023e+000
3.380262e+003;1.093994e+000
3.380745e+003;1.092956e+000
3.381227e+003;1.091905e+000
3.381709e+003;1.090844e+000
3.382191e+003;1.089779e+000
3.382673e+003;1.088715e+000
3.383155e+003;1.087654e+000
3.383637e+003;1.086592e+000
3.384120e+003;1.085520e+000
3.384602e+003;1.084423e+000
3.385084e+003;1.083292e+000
3.385566e+003;1.082120e+000
3.386048e+003;1.080907e+000
3.386530e+003;1.079658e+000
3.387012e+003;1.078383e+000
3.387495e+003;1.077091e+000
3.387977e+003;1.075788e+000
3.388459e+003;1.074479e+000
3.388941e+003;1.073170e+000
3.389423e+003;1.071866e+000
3.389905e+003;1.070573e+000
3.390387e+003;1.069298e+000
3.390870e+003;1.068047e+000
3.391352e+003;1.066820e+000
3.391834e+003;1.065608e+000
3.392316e+003;1.064397e+000
3.392798e+003;1.063171e+000
3.393280e+003;1.061911e+000
3.393762e+003;1.060610e+000
3.394245e+003;1.059264e+000
3.394727e+003;1.057883e+000
3.395209e+003;1.056480e+000
3.395691e+003;1.055070e+000
3.396173e+003;1.053664e+000
3.396655e+003;1.052266e+000
3.397137e+003;1.050875e+000
3.397619e+003;1.049484e+000
3.398102e+003;1.048084e+000
3.398584e+003;1.046665e+000
3.399066e+003;1.045222e+000
3.399548e+003;1.043751e+000
3.400030e+003;1.042251e+000
3.400512e+003;1.040723e+000
3.400994e+003;1.039171e+000
3.401477e+003;1.037600e+000
3.401959e+003;1.036018e+000
3.402441e+003;1.034432e+000
3.402923e+003;1.032851e+000
3.403405e+003;1.031281e+000
3.403887e+003;1.029726e+000
3.404369e+003;1.028185e+000
3.404852e+003;1.026658e+000
3.405334e+003;1.025144e+000
3.405816e+003;1.023644e+000
3.406298e+003;1.022158e+000
3.406780e+003;1.020687e+000
3.407262e+003;1.019227e+000
3.407744e+003;1.017767e+000
3.408227e+003;1.016291e+000
3.408709e+003;1.014779e+000
3.409191e+003;1.013212e+000
3.409673e+003;1.011579e+000
3.410155e+003;1.009877e+000
3.410637e+003;1.008116e+000
3.411119e+003;1.006317e+000
3.411602e+003;1.004502e+000
3.412083e+003;1.002697e+000
3.412566e+003;1.000917e+000
3.413048e+003;9.991712e-001
3.413530e+003;9.974622e-001
3.414012e+003;9.957846e-001
3.414494e+003;9.941319e-001
3.414976e+003;9.924933e-001
3.415458e+003;9.908616e-001
3.415941e+003;9.892249e-001
3.416423e+003;9.875733e-001
3.416905e+003;9.858956e-001
3.417387e+003;9.841847e-001
3.417869e+003;9.824373e-001
3.418351e+003;9.806585e-001
3.418833e+003;9.788597e-001
3.419316e+003;9.770565e-001
3.419798e+003;9.752647e-001
3.420280e+003;9.734941e-001
3.420762e+003;9.717444e-001
3.421244e+003;9.700064e-001
3.421726e+003;9.682626e-001
3.422208e+003;9.664950e-001
3.422691e+003;9.646906e-001
3.423173e+003;9.628469e-001
3.423655e+003;9.609721e-001
3.424137e+003;9.590828e-001
3.424619e+003;9.571974e-001
3.425101e+003;9.553320e-001
3.425583e+003;9.534906e-001
3.426066e+003;9.516706e-001
3.426548e+003;9.498602e-001
3.427030e+003;9.480500e-001
3.427512e+003;9.462320e-001
3.427994e+003;9.444070e-001
3.428476e+003;9.425827e-001
3.428958e+003;9.407687e-001
3.429440e+003;9.389719e-001
3.429923e+003;9.371919e-001
3.430405e+003;9.354178e-001
3.430887e+003;9.336351e-001
3.431369e+003;9.318270e-001
3.431851e+003;9.299825e-001
3.432333e+003;9.280978e-001
3.432815e+003;9.261828e-001
3.433298e+003;9.242512e-001
3.433780e+003;9.223217e-001
3.434262e+003;9.204089e-001
3.434744e+003;9.185230e-001
3.435226e+003;9.166653e-001
3.435708e+003;9.148338e-001
3.436190e+003;9.130205e-001
3.436673e+003;9.112175e-001
3.437155e+003;9.094158e-001
3.437637e+003;9.076086e-001
3.438119e+003;9.057889e-001
3.438601e+003;9.039546e-001
3.439083e+003;9.021061e-001
3.439565e+003;9.002486e-001
3.440048e+003;8.983901e-001
3.440530e+003;8.965408e-001
3.441012e+003;8.947080e-001
3.441494e+003;8.928962e-001
3.441976e+003;8.911008e-001
3.442458e+003;8.893148e-001
3.442940e+003;8.875250e-001
3.443423e+003;8.857214e-001
3.443905e+003;8.838972e-001
3.444387e+003;8.820500e-001
3.444869e+003;8.801823e-001
3.445351e+003;8.782988e-001
3.445833e+003;8.764028e-001
3.446315e+003;8.744957e-001
3.446797e+003;8.725789e-001
3.447280e+003;8.706524e-001
3.447762e+003;8.687190e-001
3.448244e+003;8.667843e-001
3.448726e+003;8.648520e-001
3.449208e+003;8.629264e-001
3.449690e+003;8.610069e-001
3.450172e+003;8.590902e-001
3.450655e+003;8.571699e-001
3.451137e+003;8.552426e-001
3.451619e+003;8.533092e-001
3.452101e+003;8.513786e-001
3.452583e+003;8.494639e-001
3.453065e+003;8.475813e-001
3.453547e+003;8.457407e-001
3.454030e+003;8.439445e-001
3.454512e+003;8.421832e-001
3.454994e+003;8.404396e-001
3.455476e+003;8.386904e-001
3.455958e+003;8.369151e-001
3.456440e+003;8.350990e-001
3.456922e+003;8.332382e-001
3.457405e+003;8.313376e-001
3.457887e+003;8.294110e-001
3.458369e+003;8.274739e-001
3.458851e+003;8.255430e-001
3.459333e+003;8.236303e-001
3.459815e+003;8.217435e-001
3.460297e+003;8.198825e-001
3.460780e+003;8.180434e-001
3.461261e+003;8.162141e-001
3.461744e+003;8.143839e-001
3.462226e+003;8.125401e-001
3.462708e+003;8.106735e-001
3.463190e+003;8.087782e-001
3.463672e+003;8.068584e-001
3.464154e+003;8.049221e-001
3.464636e+003;8.029848e-001
3.465119e+003;8.010625e-001
3.465601e+003;7.991713e-001
3.466083e+003;7.973245e-001
3.466565e+003;7.955278e-001
3.467047e+003;7.937778e-001
3.467529e+003;7.920647e-001
3.468011e+003;7.903704e-001
3.468494e+003;7.886743e-001
3.468976e+003;7.869550e-001
3.469458e+003;7.851982e-001
3.469940e+003;7.833969e-001
3.470422e+003;7.815546e-001
3.470904e+003;7.796846e-001
3.471386e+003;7.778026e-001
3.471869e+003;7.759250e-001
3.472351e+003;7.740641e-001
3.472833e+003;7.722236e-001
3.473315e+003;7.704020e-001
3.473797e+003;7.685936e-001
3.474279e+003;7.667940e-001
3.474761e+003;7.650003e-001
3.475244e+003;7.632124e-001
3.475726e+003;7.614291e-001
3.476208e+003;7.596477e-001
3.476690e+003;7.578582e-001
3.477172e+003;7.560484e-001
3.477654e+003;7.542048e-001
3.478136e+003;7.523227e-001
3.478618e+003;7.504063e-001
3.479101e+003;7.484761e-001
3.479583e+003;7.465608e-001
3.480065e+003;7.446930e-001
3.480547e+003;7.428969e-001
3.481029e+003;7.411815e-001
3.481511e+003;7.395359e-001
3.481993e+003;7.379323e-001
3.482476e+003;7.363315e-001
3.482958e+003;7.346969e-001
3.483440e+003;7.330018e-001
3.483922e+003;7.312356e-001
3.484404e+003;7.294057e-001
3.484886e+003;7.275332e-001
3.485368e+003;7.256469e-001
3.485851e+003;7.237720e-001
3.486333e+003;7.219267e-001
3.486815e+003;7.201194e-001
3.487297e+003;7.183478e-001
3.487779e+003;7.166020e-001
3.488261e+003;7.148715e-001
3.488743e+003;7.131472e-001
3.489226e+003;7.114213e-001
3.489708e+003;7.096937e-001
3.490190e+003;7.079620e-001
3.490672e+003;7.062253e-001
3.491154e+003;7.044814e-001
3.491636e+003;7.027240e-001
3.492118e+003;7.009469e-001
3.492601e+003;6.991484e-001
3.493083e+003;6.973299e-001
3.493565e+003;6.954991e-001
3.494047e+003;6.936688e-001
3.494529e+003;6.918500e-001
3.495011e+003;6.900493e-001
3.495493e+003;6.882665e-001
3.495975e+003;6.864915e-001
3.496458e+003;6.847098e-001
3.496940e+003;6.829078e-001
3.497422e+003;6.810792e-001
3.497904e+003;6.792269e-001
3.498386e+003;6.773667e-001
3.498868e+003;6.755185e-001
3.499350e+003;6.737046e-001
3.499833e+003;6.719385e-001
3.500315e+003;6.702256e-001
3.500797e+003;6.685572e-001
3.501279e+003;6.669188e-001
3.501761e+003;6.652911e-001
3.502243e+003;6.636578e-001
3.502725e+003;6.620054e-001
3.503208e+003;6.603287e-001
3.503690e+003;6.586259e-001
3.504172e+003;6.568983e-001
3.504654e+003;6.551479e-001
3.505136e+003;6.533780e-001
3.505618e+003;6.515927e-001
3.506100e+003;6.497984e-001
3.506583e+003;6.480015e-001
3.507065e+003;6.462094e-001
3.507547e+003;6.444288e-001
3.508029e+003;6.426648e-001
3.508511e+003;6.409194e-001
3.508993e+003;6.391928e-001
3.509475e+003;6.374837e-001
3.509958e+003;6.357901e-001
3.510439e+003;6.341078e-001
3.510922e+003;6.324306e-001
3.511404e+003;6.307511e-001
3.511886e+003;6.290569e-001
3.512368e+003;6.273378e-001
3.512850e+003;6.255857e-001
3.513332e+003;6.237994e-001
3.513814e+003;6.219861e-001
3.514297e+003;6.201596e-001
3.514779e+003;6.183397e-001
3.515261e+003;6.165445e-001
3.515743e+003;6.147862e-001
3.516225e+003;6.130649e-001
3.516707e+003;6.113727e-001
3.517189e+003;6.096907e-001
3.517672e+003;6.079987e-001
3.518154e+003;6.062806e-001
3.518636e+003;6.045285e-001
3.519118e+003;6.027476e-001
3.519600e+003;6.009519e-001
3.520082e+003;5.991602e-001
3.520564e+003;5.973905e-001
3.521047e+003;5.956521e-001
3.521529e+003;5.939450e-001
3.522011e+003;5.922592e-001
3.522493e+003;5.905781e-001
3.522975e+003;5.888854e-001
3.523457e+003;5.871723e-001
3.523939e+003;5.854372e-001
3.524422e+003;5.836880e-001
3.524904e+003;5.819372e-001
3.525386e+003;5.801993e-001
3.525868e+003;5.784822e-001
3.526350e+003;5.767884e-001
3.526832e+003;5.751119e-001
3.527314e+003;5.734447e-001
3.527796e+003;5.717783e-001
3.528279e+003;5.701063e-001
3.528761e+003;5.684268e-001
3.529243e+003;5.667394e-001
3.529725e+003;5.650449e-001
3.530207e+003;5.633420e-001
3.530689e+003;5.616274e-001
3.531171e+003;5.599017e-001
3.531654e+003;5.581670e-001
3.532136e+003;5.564321e-001
3.532618e+003;5.547101e-001
3.533100e+003;5.530153e-001
3.533582e+003;5.513572e-001
3.534064e+003;5.497370e-001
3.534546e+003;5.481434e-001
3.535029e+003;5.465578e-001
3.535511e+003;5.449552e-001
3.535993e+003;5.433149e-001
3.536475e+003;5.416257e-001
3.536957e+003;5.398880e-001
3.537439e+003;5.381134e-001
3.537921e+003;5.363213e-001
3.538404e+003;5.345327e-001
3.538886e+003;5.327680e-001
3.539368e+003;5.310385e-001
3.539850e+003;5.293506e-001
3.540332e+003;5.277012e-001
3.540814e+003;5.260817e-001
3.541296e+003;5.244799e-001
3.541779e+003;5.228820e-001
3.542260e+003;5.212754e-001
3.542743e+003;5.196543e-001
3.543225e+003;5.180181e-001
3.543707e+003;5.163744e-001
3.544189e+003;5.147336e-001
3.544671e+003;5.131062e-001
3.545153e+003;5.114963e-001
3.545635e+003;5.099003e-001
3.546118e+003;5.083029e-001
3.546600e+003;5.066869e-001
3.547082e+003;5.050346e-001
3.547564e+003;5.033388e-001
3.548046e+003;5.016039e-001
3.548528e+003;4.998465e-001
3.549010e+003;4.980892e-001
3.549493e+003;4.963510e-001
3.549975e+003;4.946481e-001
3.550457e+003;4.929838e-001
3.550939e+003;4.913523e-001
3.551421e+003;4.897457e-001
3.551903e+003;4.881559e-001
3.552385e+003;4.865794e-001
3.552868e+003;4.850166e-001
3.553350e+003;4.834687e-001
3.553832e+003;4.819348e-001
3.554314e+003;4.804094e-001
3.554796e+003;4.788821e-001
3.555278e+003;4.773415e-001
3.555760e+003;4.757779e-001
3.556243e+003;4.741887e-001
3.556725e+003;4.725758e-001
3.557207e+003;4.709456e-001
3.557689e+003;4.693051e-001
3.558171e+003;4.676598e-001
3.558653e+003;4.660121e-001
3.559135e+003;4.643655e-001
3.559617e+003;4.627232e-001
3.560100e+003;4.610939e-001
3.560582e+003;4.594872e-001
3.561064e+003;4.579134e-001
3.561546e+003;4.563759e-001
3.562028e+003;4.548718e-001
3.562510e+003;4.533881e-001
3.562992e+003;4.519083e-001
3.563475e+003;4.504155e-001
3.563957e+003;4.488989e-001
3.564439e+003;4.473560e-001
3.564921e+003;4.457948e-001
3.565403e+003;4.442272e-001
3.565885e+003;4.426665e-001
3.566367e+003;4.411214e-001
3.566850e+003;4.395959e-001
3.567332e+003;4.380885e-001
3.567814e+003;4.365949e-001
3.568296e+003;4.351111e-001
3.568778e+003;4.336346e-001
3.569260e+003;4.321626e-001
3.569742e+003;4.306931e-001
3.570225e+003;4.292198e-001
3.570707e+003;4.277354e-001
3.571189e+003;4.262311e-001
3.571671e+003;4.247009e-001
3.572153e+003;4.231426e-001
3.572635e+003;4.215629e-001
3.573117e+003;4.199734e-001
3.573599e+003;4.183901e-001
3.574082e+003;4.168276e-001
3.574564e+003;4.152972e-001
3.575046e+003;4.138025e-001
3.575528e+003;4.123398e-001
3.576010e+003;4.109001e-001
3.576492e+003;4.094712e-001
3.576974e+003;4.080409e-001
3.577457e+003;4.066031e-001
3.577939e+003;4.051535e-001
3.578421e+003;4.036953e-001
3.578903e+003;4.022331e-001
3.579385e+003;4.007729e-001
3.579867e+003;3.993206e-001
3.580349e+003;3.978788e-001
3.580832e+003;3.964486e-001
3.581314e+003;3.950278e-001
3.581796e+003;3.936130e-001
3.582278e+003;3.922014e-001
3.582760e+003;3.907923e-001
3.583242e+003;3.893875e-001
3.583724e+003;3.879930e-001
3.584207e+003;3.866144e-001
3.584689e+003;3.852585e-001
3.585171e+003;3.839297e-001
3.585653e+003;3.826256e-001
3.586135e+003;3.813388e-001
3.586617e+003;3.800543e-001
3.587099e+003;3.787539e-001
3.587582e+003;3.774190e-001
3.588063e+003;3.760352e-001
3.588546e+003;3.745977e-001
3.589028e+003;3.731135e-001
3.589510e+003;3.715997e-001
3.589992e+003;3.700806e-001
3.590474e+003;3.685813e-001
3.590956e+003;3.671224e-001
3.591438e+003;3.657135e-001
3.591921e+003;3.643531e-001
3.592403e+003;3.630291e-001
3.592885e+003;3.617263e-001
3.593367e+003;3.604261e-001
3.593849e+003;3.591178e-001
3.594331e+003;3.577975e-001
3.594813e+003;3.564669e-001
3.595296e+003;3.551335e-001
3.595778e+003;3.538030e-001
3.596260e+003;3.524802e-001
3.596742e+003;3.511663e-001
3.597224e+003;3.498588e-001
3.597706e+003;3.485550e-001
3.598188e+003;3.472520e-001
3.598671e+003;3.459474e-001
3.599153e+003;3.446398e-001
3.599635e+003;3.433268e-001
3.600117e+003;3.420054e-001
3.600599e+003;3.406732e-001
3.601081e+003;3.393268e-001
3.601563e+003;3.379678e-001
3.602046e+003;3.365973e-001
3.602528e+003;3.352199e-001
3.603010e+003;3.338411e-001
3.603492e+003;3.324677e-001
3.603974e+003;3.311057e-001
3.604456e+003;3.297621e-001
3.604938e+003;3.284455e-001
3.605420e+003;3.271653e-001
3.605903e+003;3.259277e-001
3.606385e+003;3.247367e-001
3.606867e+003;3.235875e-001
3.607349e+003;3.224652e-001
3.607831e+003;3.213470e-001
3.608313e+003;3.202076e-001
3.608795e+003;3.190230e-001
3.609278e+003;3.177801e-001
3.609760e+003;3.164795e-001
3.610242e+003;3.151363e-001
3.610724e+003;3.137746e-001
3.611206e+003;3.124194e-001
3.611688e+003;3.110922e-001
3.612170e+003;3.098028e-001
3.612653e+003;3.085478e-001
3.613135e+003;3.073153e-001
3.613617e+003;3.060863e-001
3.614099e+003;3.048438e-001
3.614581e+003;3.035747e-001
3.615063e+003;3.022762e-001
3.615545e+003;3.009513e-001
3.616028e+003;2.996126e-001
3.616510e+003;2.982738e-001
3.616992e+003;2.969488e-001
3.617474e+003;2.956447e-001
3.617956e+003;2.943620e-001
3.618438e+003;2.930900e-001
3.618920e+003;2.918128e-001
3.619403e+003;2.905126e-001
3.619885e+003;2.891774e-001
3.620367e+003;2.878041e-001
3.620849e+003;2.864027e-001
3.621331e+003;2.849918e-001
3.621813e+003;2.835906e-001
3.622295e+003;2.822151e-001
3.622777e+003;2.808666e-001
3.623260e+003;2.795353e-001
3.623742e+003;2.782043e-001
3.624224e+003;2.768567e-001
3.624706e+003;2.754890e-001
3.625188e+003;2.741122e-001
3.625670e+003;2.727528e-001
3.626152e+003;2.714429e-001
3.626635e+003;2.702089e-001
3.627117e+003;2.690574e-001
3.627599e+003;2.679699e-001
3.628081e+003;2.669052e-001
3.628563e+003;2.658086e-001
3.629045e+003;2.646310e-001
3.629527e+003;2.633425e-001
3.630010e+003;2.619402e-001
3.630492e+003;2.604475e-001
3.630974e+003;2.589032e-001
3.631456e+003;2.573513e-001
3.631938e+003;2.558259e-001
3.632420e+003;2.543492e-001
3.632902e+003;2.529268e-001
3.633385e+003;2.515539e-001
3.633867e+003;2.502166e-001
3.634349e+003;2.489014e-001
3.634831e+003;2.475943e-001
3.635313e+003;2.462834e-001
3.635795e+003;2.449573e-001
3.636277e+003;2.436053e-001
3.636760e+003;2.422167e-001
3.637241e+003;2.407850e-001
3.637724e+003;2.393067e-001
3.638206e+003;2.377890e-001
3.638688e+003;2.362440e-001
3.639170e+003;2.346922e-001
3.639652e+003;2.331537e-001
3.640134e+003;2.316468e-001
3.640616e+003;2.301807e-001
3.641099e+003;2.287540e-001
3.641581e+003;2.273552e-001
3.642063e+003;2.259648e-001
3.642545e+003;2.245622e-001
3.643027e+003;2.231325e-001
3.643509e+003;2.216687e-001
3.643991e+003;2.201762e-001
3.644474e+003;2.186709e-001
3.644956e+003;2.171736e-001
3.645438e+003;2.157048e-001
3.645920e+003;2.142766e-001
3.646402e+003;2.128939e-001
3.646884e+003;2.115510e-001
3.647366e+003;2.102349e-001
3.647849e+003;2.089319e-001
3.648331e+003;2.076262e-001
3.648813e+003;2.063080e-001
3.649295e+003;2.049657e-001
3.649777e+003;2.035891e-001
3.650259e+003;2.021675e-001
3.650741e+003;2.006918e-001
3.651224e+003;1.991560e-001
3.651706e+003;1.975650e-001
3.652188e+003;1.959333e-001
3.652670e+003;1.942858e-001
3.653152e+003;1.926514e-001
3.653634e+003;1.910557e-001
3.654116e+003;1.895136e-001
3.654598e+003;1.880247e-001
3.655081e+003;1.865736e-001
3.655563e+003;1.851357e-001
3.656045e+003;1.836836e-001
3.656527e+003;1.821990e-001
3.657009e+003;1.806726e-001
3.657491e+003;1.791095e-001
3.657973e+003;1.775218e-001
3.658456e+003;1.759265e-001
3.658938e+003;1.743371e-001
3.659420e+003;1.727644e-001
3.659902e+003;1.712145e-001
3.660384e+003;1.696915e-001
3.660866e+003;1.681966e-001
3.661348e+003;1.667323e-001
3.661831e+003;1.652966e-001
3.662313e+003;1.638844e-001
3.662795e+003;1.624854e-001
3.663277e+003;1.610873e-001
3.663759e+003;1.596739e-001
3.664241e+003;1.582335e-001
3.664723e+003;1.567586e-001
3.665206e+003;1.552525e-001
3.665688e+003;1.537268e-001
3.666170e+003;1.522030e-001
3.666652e+003;1.507096e-001
3.667134e+003;1.492774e-001
3.667616e+003;1.479317e-001
3.668098e+003;1.466887e-001
3.668581e+003;1.455451e-001
3.669063e+003;1.444757e-001
3.669545e+003;1.434354e-001
3.670027e+003;1.423678e-001
3.670509e+003;1.412204e-001
3.670991e+003;1.399616e-001
3.671473e+003;1.385918e-001
3.671955e+003;1.371472e-001
3.672438e+003;1.356879e-001
3.672920e+003;1.342834e-001
3.673402e+003;1.329885e-001
3.673884e+003;1.318278e-001
3.674366e+003;1.307837e-001
3.674848e+003;1.298060e-001
3.675330e+003;1.288234e-001
3.675813e+003;1.277741e-001
3.676295e+003;1.266235e-001
3.676777e+003;1.253762e-001
3.677259e+003;1.240672e-001
3.677741e+003;1.227507e-001
3.678223e+003;1.214754e-001
3.678705e+003;1.202744e-001
3.679188e+003;1.191549e-001
3.679670e+003;1.181078e-001
3.680152e+003;1.171103e-001
3.680634e+003;1.161413e-001
3.681116e+003;1.151861e-001
3.681598e+003;1.142370e-001
3.682080e+003;1.132890e-001
3.682563e+003;1.123362e-001
3.683045e+003;1.113720e-001
3.683527e+003;1.103904e-001
3.684009e+003;1.093954e-001
3.684491e+003;1.084039e-001
3.684973e+003;1.074484e-001
3.685455e+003;1.065669e-001
3.685938e+003;1.057936e-001
3.686419e+003;1.051443e-001
3.686902e+003;1.046087e-001
3.687384e+003;1.041502e-001
3.687866e+003;1.037153e-001
3.688348e+003;1.032495e-001
3.688830e+003;1.027125e-001
3.689312e+003;1.020869e-001
3.689794e+003;1.013766e-001
3.690277e+003;1.006002e-001
3.690759e+003;9.977950e-002
3.691241e+003;9.893384e-002
3.691723e+003;9.807683e-002
3.692205e+003;9.721811e-002
3.692687e+003;9.637044e-002
3.693169e+003;9.554922e-002
3.693652e+003;9.477262e-002
3.694134e+003;9.405411e-002
3.694616e+003;9.339852e-002
3.695098e+003;9.279779e-002
3.695580e+003;9.223214e-002
3.696062e+003;9.167771e-002
3.696544e+003;9.111658e-002
3.697027e+003;9.054345e-002
3.697509e+003;8.996572e-002
3.697991e+003;8.940309e-002
3.698473e+003;8.887443e-002
3.698955e+003;8.839490e-002
3.699437e+003;8.796472e-002
3.699919e+003;8.757403e-002
3.700402e+003;8.720329e-002
3.700884e+003;8.683549e-002
3.701366e+003;8.645643e-002
3.701848e+003;8.606015e-002
3.702330e+003;8.564588e-002
3.702812e+003;8.521597e-002
3.703294e+003;8.477119e-002
3.703776e+003;8.431128e-002
3.704259e+003;8.383781e-002
3.704741e+003;8.335609e-002
3.705223e+003;8.287698e-002
3.705705e+003;8.241547e-002
3.706187e+003;8.198563e-002
3.706669e+003;8.159661e-002
3.707151e+003;8.124880e-002
3.707634e+003;8.093394e-002
3.708116e+003;8.063920e-002
3.708598e+003;8.035735e-002
3.709080e+003;8.008582e-002
3.709562e+003;7.983143e-002
3.710044e+003;7.960414e-002
3.710526e+003;7.941093e-002
3.711009e+003;7.924662e-002
3.711491e+003;7.909352e-002
3.711973e+003;7.892346e-002
3.712455e+003;7.870689e-002
3.712937e+003;7.842287e-002
3.713419e+003;7.806922e-002
3.713901e+003;7.765989e-002
3.714384e+003;7.722449e-002
3.714866e+003;7.679788e-002
3.715348e+003;7.640651e-002
3.715830e+003;7.606508e-002
3.716312e+003;7.577434e-002
3.716794e+003;7.552206e-002
3.717276e+003;7.529218e-002
3.717759e+003;7.506939e-002
3.718240e+003;7.484747e-002
3.718723e+003;7.462618e-002
3.719205e+003;7.441156e-002
3.719687e+003;7.420968e-002
3.720169e+003;7.402625e-002
3.720651e+003;7.386110e-002
3.721133e+003;7.371233e-002
3.721615e+003;7.357462e-002
3.722098e+003;7.344386e-002
3.722580e+003;7.331733e-002
3.723062e+003;7.319491e-002
3.723544e+003;7.307737e-002
3.724026e+003;7.296677e-002
3.724508e+003;7.286067e-002
3.724990e+003;7.275520e-002
3.725473e+003;7.263950e-002
3.725955e+003;7.250132e-002
3.726437e+003;7.232529e-002
3.726919e+003;7.210274e-002
3.727401e+003;7.183395e-002
3.727883e+003;7.153299e-002
3.728365e+003;7.122748e-002
3.728848e+003;7.095332e-002
3.729330e+003;7.074446e-002
3.729812e+003;7.062463e-002
3.730294e+003;7.059619e-002
3.730776e+003;7.063812e-002
3.731258e+003;7.071363e-002
3.731740e+003;7.078101e-002
3.732223e+003;7.080980e-002
3.732705e+003;7.079001e-002
3.733187e+003;7.073596e-002
3.733669e+003;7.067505e-002
3.734151e+003;7.063546e-002
3.734633e+003;7.063024e-002
3.735115e+003;7.065137e-002
3.735597e+003;7.067252e-002
3.736080e+003;7.065862e-002
3.736562e+003;7.058562e-002
3.737044e+003;7.044602e-002
3.737526e+003;7.025349e-002
3.738008e+003;7.003209e-002
3.738490e+003;6.980382e-002
3.738972e+003;6.957629e-002
3.739455e+003;6.934745e-002
3.739937e+003;6.910604e-002
3.740419e+003;6.885141e-002
3.740901e+003;6.860244e-002
3.741383e+003;6.840129e-002
3.741865e+003;6.829942e-002
3.742347e+003;6.833784e-002
3.742830e+003;6.852191e-002
3.743312e+003;6.880981e-002
3.743794e+003;6.911349e-002
3.744276e+003;6.932915e-002
3.744758e+003;6.937096e-002
3.745240e+003;6.920753e-002
3.745722e+003;6.887069e-002
3.746205e+003;6.844115e-002
3.746687e+003;6.802171e-002
3.747169e+003;6.770141e-002
3.747651e+003;6.752942e-002
3.748133e+003;6.750755e-002
3.748615e+003;6.759625e-002
3.749097e+003;6.773897e-002
3.749580e+003;6.788109e-002
3.750062e+003;6.799086e-002
3.750544e+003;6.806142e-002
3.751026e+003;6.809880e-002
3.751508e+003;6.810950e-002
3.751990e+003;6.809013e-002
3.752472e+003;6.802576e-002
3.752954e+003;6.790135e-002
3.753437e+003;6.771015e-002
3.753919e+003;6.746461e-002
3.754401e+003;6.719221e-002
3.754883e+003;6.692874e-002
3.755365e+003;6.670373e-002
3.755847e+003;6.653248e-002
3.756329e+003;6.641255e-002
3.756812e+003;6.633136e-002
3.757294e+003;6.627362e-002
3.757776e+003;6.623142e-002
3.758258e+003;6.620647e-002
3.758740e+003;6.620562e-002
3.759222e+003;6.623200e-002
3.759704e+003;6.627762e-002
3.760187e+003;6.632361e-002
3.760669e+003;6.634600e-002
3.761151e+003;6.632750e-002
3.761633e+003;6.626553e-002
3.762115e+003;6.617653e-002
3.762597e+003;6.608726e-002
3.763079e+003;6.602459e-002
3.763562e+003;6.600331e-002
3.764044e+003;6.601631e-002
3.764526e+003;6.604074e-002
3.765008e+003;6.604660e-002
3.765490e+003;6.600855e-002
3.765972e+003;6.592008e-002
3.766454e+003;6.579275e-002
3.766937e+003;6.565318e-002
3.767418e+003;6.552983e-002
3.767901e+003;6.544179e-002
3.768383e+003;6.539547e-002
3.768865e+003;6.538109e-002
3.769347e+003;6.538061e-002
3.769829e+003;6.537572e-002
3.770311e+003;6.535716e-002
3.770793e+003;6.532313e-002
3.771276e+003;6.528077e-002
3.771758e+003;6.523826e-002
3.772240e+003;6.520303e-002
3.772722e+003;6.517585e-002
3.773204e+003;6.515504e-002
3.773686e+003;6.513356e-002
3.774168e+003;6.510571e-002
3.774651e+003;6.506848e-002
3.775133e+003;6.502136e-002
3.775615e+003;6.496783e-002
3.776097e+003;6.491547e-002
3.776579e+003;6.487208e-002
3.777061e+003;6.484546e-002
3.777543e+003;6.483903e-002
3.778026e+003;6.485108e-002
3.778508e+003;6.486939e-002
3.778990e+003;6.487727e-002
3.779472e+003;6.485714e-002
3.779954e+003;6.479584e-002
3.780436e+003;6.469166e-002
3.780918e+003;6.455696e-002
3.781401e+003;6.441469e-002
3.781883e+003;6.429154e-002
3.782365e+003;6.420851e-002
3.782847e+003;6.417355e-002
3.783329e+003;6.417978e-002
3.783811e+003;6.420908e-002
3.784293e+003;6.423826e-002
3.784775e+003;6.425113e-002
3.785258e+003;6.424132e-002
3.785740e+003;6.421572e-002
3.786222e+003;6.418581e-002
3.786704e+003;6.416476e-002
3.787186e+003;6.415845e-002
3.787668e+003;6.416622e-002
3.788150e+003;6.417973e-002
3.788633e+003;6.419221e-002
3.789115e+003;6.419855e-002
3.789597e+003;6.419915e-002
3.790079e+003;6.419492e-002
3.790561e+003;6.418807e-002
3.791043e+003;6.417429e-002
3.791525e+003;6.414822e-002
3.792008e+003;6.410478e-002
3.792490e+003;6.404473e-002
3.792972e+003;6.397879e-002
3.793454e+003;6.392486e-002
3.793936e+003;6.390122e-002
3.794418e+003;6.391693e-002
3.794900e+003;6.396479e-002
3.795383e+003;6.401854e-002
3.795865e+003;6.404249e-002
3.796347e+003;6.400067e-002
3.796829e+003;6.387619e-002
3.797311e+003;6.368002e-002
3.797793e+003;6.345218e-002
3.798275e+003;6.325426e-002
3.798758e+003;6.315020e-002
3.799240e+003;6.318596e-002
3.799722e+003;6.337411e-002
3.800204e+003;6.368338e-002
3.800686e+003;6.404660e-002
3.801168e+003;6.437737e-002
3.801650e+003;6.459301e-002
3.802132e+003;6.464247e-002
3.802615e+003;6.451873e-002
3.803097e+003;6.425910e-002
3.803579e+003;6.393316e-002
3.804061e+003;6.362227e-002
3.804543e+003;6.339663e-002
3.805025e+003;6.329802e-002
3.805507e+003;6.332766e-002
3.805990e+003;6.345100e-002
3.806472e+003;6.361081e-002
3.806954e+003;6.374525e-002
3.807436e+003;6.381048e-002
3.807918e+003;6.379049e-002
3.808400e+003;6.369851e-002
3.808882e+003;6.356611e-002
3.809365e+003;6.342542e-002
3.809847e+003;6.329770e-002
3.810329e+003;6.318398e-002
3.810811e+003;6.307130e-002
3.811293e+003;6.294087e-002
3.811775e+003;6.278485e-002
3.812257e+003;6.261516e-002
3.812740e+003;6.246328e-002
3.813222e+003;6.237397e-002
3.813704e+003;6.238658e-002
3.814186e+003;6.251821e-002
3.814668e+003;6.275216e-002
3.815150e+003;6.303608e-002
3.815632e+003;6.329714e-002
3.816115e+003;6.346292e-002
3.816596e+003;6.348868e-002
3.817079e+003;6.336870e-002
3.817561e+003;6.314201e-002
3.818043e+003;6.287810e-002
3.818525e+003;6.265581e-002
3.819007e+003;6.253995e-002
3.819489e+003;6.256322e-002
3.819971e+003;6.271636e-002
3.820454e+003;6.295001e-002
3.820936e+003;6.319493e-002
3.821418e+003;6.338181e-002
3.821900e+003;6.346388e-002
3.822382e+003;6.343202e-002
3.822864e+003;6.331091e-002
3.823346e+003;6.315032e-002
3.823829e+003;6.300312e-002
3.824311e+003;6.290973e-002
3.824793e+003;6.288357e-002
3.825275e+003;6.291033e-002
3.825757e+003;6.295630e-002
3.826239e+003;6.298214e-002
3.826721e+003;6.295887e-002
3.827204e+003;6.287737e-002
3.827686e+003;6.275200e-002
3.828168e+003;6.261252e-002
3.828650e+003;6.249171e-002
3.829132e+003;6.241527e-002
3.829614e+003;6.239296e-002
3.830096e+003;6.241781e-002
3.830579e+003;6.246903e-002
3.831061e+003;6.252090e-002
3.831543e+003;6.255053e-002
3.832025e+003;6.254257e-002
3.832507e+003;6.249282e-002
3.832989e+003;6.240957e-002
3.833471e+003;6.230903e-002
3.833953e+003;6.221757e-002
3.834436e+003;6.216301e-002
3.834918e+003;6.217359e-002
3.835400e+003;6.226742e-002
3.835882e+003;6.244520e-002
3.836364e+003;6.268916e-002
3.836846e+003;6.296159e-002
3.837328e+003;6.321313e-002
3.837811e+003;6.339702e-002
3.838293e+003;6.348412e-002
3.838775e+003;6.346976e-002
3.839257e+003;6.337427e-002
3.839739e+003;6.323673e-002
3.840221e+003;6.309719e-002
3.840703e+003;6.298828e-002
3.841186e+003;6.292164e-002
3.841668e+003;6.289398e-002
3.842150e+003;6.288707e-002
3.842632e+003;6.288148e-002
3.843114e+003;6.286160e-002
3.843596e+003;6.282267e-002
3.844078e+003;6.276575e-002
3.844561e+003;6.269652e-002
3.845043e+003;6.261919e-002
3.845525e+003;6.253418e-002
3.846007e+003;6.243936e-002
3.846489e+003;6.233420e-002
3.846971e+003;6.221924e-002
3.847453e+003;6.210028e-002
3.847936e+003;6.198341e-002
3.848417e+003;6.187805e-002
3.848900e+003;6.179342e-002
3.849382e+003;6.174200e-002
3.849864e+003;6.174219e-002
3.850346e+003;6.181678e-002
3.850828e+003;6.199055e-002
3.851310e+003;6.228068e-002
3.851792e+003;6.268366e-002
3.852275e+003;6.316864e-002
3.852757e+003;6.367376e-002
3.853239e+003;6.411945e-002
3.853721e+003;6.442907e-002
3.854203e+003;6.455087e-002
3.854685e+003;6.447293e-002
3.855167e+003;6.422613e-002
3.855650e+003;6.386887e-002
3.856132e+003;6.346994e-002
3.856614e+003;6.308932e-002
3.857096e+003;6.276878e-002
3.857578e+003;6.252731e-002
3.858060e+003;6.236396e-002
3.858542e+003;6.226984e-002
3.859025e+003;6.223131e-002
3.859507e+003;6.223483e-002
3.859989e+003;6.226743e-002
3.860471e+003;6.231530e-002
3.860953e+003;6.236424e-002
3.861435e+003;6.240244e-002
3.861917e+003;6.242405e-002
3.862400e+003;6.243251e-002
3.862882e+003;6.243831e-002
3.863364e+003;6.245128e-002
3.863846e+003;6.247555e-002
3.864328e+003;6.250182e-002
3.864810e+003;6.251320e-002
3.865292e+003;6.248951e-002
3.865774e+003;6.242179e-002
3.866257e+003;6.232028e-002
3.866739e+003;6.221810e-002
3.867221e+003;6.215737e-002
3.867703e+003;6.217643e-002
3.868185e+003;6.229072e-002
3.868667e+003;6.248406e-002
3.869149e+003;6.270914e-002
3.869632e+003;6.290569e-002
3.870114e+003;6.302083e-002
3.870596e+003;6.303029e-002
3.871078e+003;6.294546e-002
3.871560e+003;6.280841e-002
3.872042e+003;6.267133e-002
3.872524e+003;6.257939e-002
3.873007e+003;6.255162e-002
3.873489e+003;6.257925e-002
3.873971e+003;6.263167e-002
3.874453e+003;6.267078e-002
3.874935e+003;6.266898e-002
3.875417e+003;6.261800e-002
3.875899e+003;6.253102e-002
3.876382e+003;6.243817e-002
3.876864e+003;6.237408e-002
3.877346e+003;6.236731e-002
3.877828e+003;6.243306e-002
3.878310e+003;6.256845e-002
3.878792e+003;6.275430e-002
3.879274e+003;6.295597e-002
3.879757e+003;6.313341e-002
3.880239e+003;6.324724e-002
3.880721e+003;6.326966e-002
3.881203e+003;6.319246e-002
3.881685e+003;6.303208e-002
3.882167e+003;6.282693e-002
3.882649e+003;6.262991e-002
3.883131e+003;6.249215e-002
3.883614e+003;6.244849e-002
3.884096e+003;6.250579e-002
3.884578e+003;6.263857e-002
3.885060e+003;6.279826e-002
3.885542e+003;6.292900e-002
3.886024e+003;6.298839e-002
3.886506e+003;6.296078e-002
3.886989e+003;6.286178e-002
3.887471e+003;6.273028e-002
3.887953e+003;6.261345e-002
3.888435e+003;6.254888e-002
3.888917e+003;6.255503e-002
3.889399e+003;6.262752e-002
3.889881e+003;6.274282e-002
3.890364e+003;6.286980e-002
3.890846e+003;6.298103e-002
3.891328e+003;6.305777e-002
3.891810e+003;6.309502e-002
3.892292e+003;6.309534e-002
3.892774e+003;6.306700e-002
3.893256e+003;6.301711e-002
3.893739e+003;6.295247e-002
3.894221e+003;6.287871e-002
3.894703e+003;6.280532e-002
3.895185e+003;6.274184e-002
3.895667e+003;6.270205e-002
3.896149e+003;6.269641e-002
3.896631e+003;6.273177e-002
3.897114e+003;6.280601e-002
3.897595e+003;6.290799e-002
3.898078e+003;6.302048e-002
3.898560e+003;6.312400e-002
3.899042e+003;6.320087e-002
3.899524e+003;6.324208e-002
3.900006e+003;6.324883e-002
3.900488e+003;6.323103e-002
3.900970e+003;6.320704e-002
3.901453e+003;6.319620e-002
3.901935e+003;6.321354e-002
3.902417e+003;6.326645e-002
3.902899e+003;6.335011e-002
3.903381e+003;6.344991e-002
3.903863e+003;6.354516e-002
3.904345e+003;6.361533e-002
3.904828e+003;6.364548e-002
3.905310e+003;6.363051e-002
3.905792e+003;6.357468e-002
3.906274e+003;6.349143e-002
3.906756e+003;6.339538e-002
3.907238e+003;6.330134e-002
3.907720e+003;6.321991e-002
3.908203e+003;6.315795e-002
3.908685e+003;6.311668e-002
3.909167e+003;6.309759e-002
3.909649e+003;6.309649e-002
3.910131e+003;6.310965e-002
3.910613e+003;6.312859e-002
3.911095e+003;6.314445e-002
3.911578e+003;6.314658e-002
3.912060e+003;6.312841e-002
3.912542e+003;6.308976e-002
3.913024e+003;6.303766e-002
3.913506e+003;6.298581e-002
3.913988e+003;6.295078e-002
3.914470e+003;6.294656e-002
3.914952e+003;6.298055e-002
3.915435e+003;6.305172e-002
3.915917e+003;6.315091e-002
3.916399e+003;6.326550e-002
3.916881e+003;6.338239e-002
3.917363e+003;6.349152e-002
3.917845e+003;6.358395e-002
3.918327e+003;6.365431e-002
3.918810e+003;6.369652e-002
3.919292e+003;6.370597e-002
3.919774e+003;6.368105e-002
3.920256e+003;6.362604e-002
3.920738e+003;6.355444e-002
3.921220e+003;6.348308e-002
3.921702e+003;6.343371e-002
3.922185e+003;6.342208e-002
3.922667e+003;6.345361e-002
3.923149e+003;6.352133e-002
3.923631e+003;6.360713e-002
3.924113e+003;6.368676e-002
3.924595e+003;6.374169e-002
3.925077e+003;6.375992e-002
3.925560e+003;6.374331e-002
3.926042e+003;6.370185e-002
3.926524e+003;6.365160e-002
3.927006e+003;6.360579e-002
3.927488e+003;6.357308e-002
3.927970e+003;6.355657e-002
3.928452e+003;6.355464e-002
3.928935e+003;6.356379e-002
3.929417e+003;6.358322e-002
3.929899e+003;6.361008e-002
3.930381e+003;6.364450e-002
3.930863e+003;6.368355e-002
3.931345e+003;6.372299e-002
3.931827e+003;6.375609e-002
3.932309e+003;6.377799e-002
3.932792e+003;6.378405e-002
3.933274e+003;6.377400e-002
3.933756e+003;6.375043e-002
3.934238e+003;6.371766e-002
3.934720e+003;6.368040e-002
3.935202e+003;6.364341e-002
3.935684e+003;6.361127e-002
3.936167e+003;6.358888e-002
3.936649e+003;6.357893e-002
3.937131e+003;6.358293e-002
3.937613e+003;6.359817e-002
3.938095e+003;6.361964e-002
3.938577e+003;6.363812e-002
3.939059e+003;6.364536e-002
3.939542e+003;6.363676e-002
3.940024e+003;6.361394e-002
3.940506e+003;6.358553e-002
3.940988e+003;6.356364e-002
3.941470e+003;6.355908e-002
3.941952e+003;6.357878e-002
3.942434e+003;6.362045e-002
3.942917e+003;6.367284e-002
3.943399e+003;6.372416e-002
3.943881e+003;6.376220e-002
3.944363e+003;6.378178e-002
3.944845e+003;6.378552e-002
3.945327e+003;6.378083e-002
3.945809e+003;6.377845e-002
3.946292e+003;6.378529e-002
3.946773e+003;6.380557e-002
3.947256e+003;6.383686e-002
3.947738e+003;6.387710e-002
3.948220e+003;6.392142e-002
3.948702e+003;6.396576e-002
3.949184e+003;6.400617e-002
3.949666e+003;6.403694e-002
3.950148e+003;6.405196e-002
3.950631e+003;6.404456e-002
3.951113e+003;6.401269e-002
3.951595e+003;6.396003e-002
3.952077e+003;6.389824e-002
3.952559e+003;6.384528e-002
3.953041e+003;6.381703e-002
3.953523e+003;6.382578e-002
3.954006e+003;6.387177e-002
3.954488e+003;6.394415e-002
3.954970e+003;6.402609e-002
3.955452e+003;6.410109e-002
3.955934e+003;6.415842e-002
3.956416e+003;6.419918e-002
3.956898e+003;6.423110e-002
3.957381e+003;6.426791e-002
3.957863e+003;6.431782e-002
3.958345e+003;6.438188e-002
3.958827e+003;6.445114e-002
3.959309e+003;6.451128e-002
3.959791e+003;6.454639e-002
3.960273e+003;6.454798e-002
3.960755e+003;6.451564e-002
3.961238e+003;6.445700e-002
3.961720e+003;6.438485e-002
3.962202e+003;6.431227e-002
3.962684e+003;6.424964e-002
3.963166e+003;6.420375e-002
3.963648e+003;6.417599e-002
3.964130e+003;6.416865e-002
3.964613e+003;6.418000e-002
3.965095e+003;6.420990e-002
3.965577e+003;6.425304e-002
3.966059e+003;6.430396e-002
3.966541e+003;6.435393e-002
3.967023e+003;6.439613e-002
3.967505e+003;6.442387e-002
3.967988e+003;6.443676e-002
3.968470e+003;6.443831e-002
3.968952e+003;6.443468e-002
3.969434e+003;6.443103e-002
3.969916e+003;6.443066e-002
3.970398e+003;6.443357e-002
3.970880e+003;6.443840e-002
3.971363e+003;6.444143e-002
3.971845e+003;6.444338e-002
3.972327e+003;6.444629e-002
3.972809e+003;6.445397e-002
3.973291e+003;6.446904e-002
3.973773e+003;6.449176e-002
3.974255e+003;6.451763e-002
3.974738e+003;6.454022e-002
3.975219e+003;6.455269e-002
3.975702e+003;6.455136e-002
3.976184e+003;6.453471e-002
3.976666e+003;6.450629e-002
3.977148e+003;6.447020e-002
3.977630e+003;6.443082e-002
3.978112e+003;6.439102e-002
3.978594e+003;6.435175e-002
3.979077e+003;6.431288e-002
3.979559e+003;6.427689e-002
3.980041e+003;6.424580e-002
3.980523e+003;6.422429e-002
3.981005e+003;6.421579e-002
3.981487e+003;6.422246e-002
3.981969e+003;6.424502e-002
3.982452e+003;6.428033e-002
3.982934e+003;6.432536e-002
3.983416e+003;6.437645e-002
3.983898e+003;6.443027e-002
3.984380e+003;6.448480e-002
3.984862e+003;6.453672e-002
3.985344e+003;6.458182e-002
3.985827e+003;6.461294e-002
3.986309e+003;6.462583e-002
3.986791e+003;6.461445e-002
3.987273e+003;6.457961e-002
3.987755e+003;6.452419e-002
3.988237e+003;6.445738e-002
3.988719e+003;6.438932e-002
3.989202e+003;6.433057e-002
3.989684e+003;6.428909e-002
3.990166e+003;6.426969e-002
3.990648e+003;6.427334e-002
3.991130e+003;6.429963e-002
3.991612e+003;6.434419e-002
3.992094e+003;6.440303e-002
3.992576e+003;6.447081e-002
3.993059e+003;6.454217e-002
3.993541e+003;6.461053e-002
3.994023e+003;6.467121e-002
3.994505e+003;6.471790e-002
3.994987e+003;6.474908e-002
3.995469e+003;6.476087e-002
3.995951e+003;6.475329e-002
3.996434e+003;6.472606e-002
3.996916e+003;6.468122e-002
3.997398e+003;6.462275e-002
3.997880e+003;6.455726e-002
3.998362e+003;6.449355e-002
3.998844e+003;6.444427e-002
3.999326e+003;6.441848e-002
3.999809e+003;6.442405e-002
4.000291e+003;0.000000e+000
