3.996916e+002;0.000000e+000
4.001737e+002;1.876934e-001
4.006559e+002;1.886242e-001
4.011380e+002;1.894591e-001
4.016201e+002;1.898245e-001
4.021023e+002;1.895009e-001
4.025844e+002;1.886361e-001
4.030666e+002;1.877432e-001
4.035487e+002;1.874624e-001
4.040308e+002;1.882430e-001
4.045130e+002;1.901293e-001
4.049951e+002;1.927117e-001
4.054772e+002;1.952680e-001
4.059594e+002;1.970163e-001
4.064415e+002;1.974556e-001
4.069236e+002;1.965552e-001
4.074058e+002;1.947238e-001
4.078879e+002;1.925540e-001
4.083701e+002;1.905818e-001
4.088522e+002;1.891313e-001
4.093343e+002;1.883240e-001
4.098165e+002;1.881651e-001
4.102986e+002;1.886374e-001
4.107807e+002;1.897578e-001
4.112629e+002;1.915329e-001
4.117450e+002;1.938888e-001
4.122271e+002;1.965967e-001
4.127093e+002;1.992762e-001
4.131914e+002;2.014863e-001
4.136736e+002;2.028876e-001
4.141557e+002;2.033992e-001
4.146378e+002;2.032390e-001
4.151200e+002;2.027951e-001
4.156021e+002;2.024244e-001
4.160843e+002;2.023004e-001
4.165664e+002;2.023567e-001
4.170485e+002;2.023667e-001
4.175307e+002;2.021003e-001
4.180128e+002;2.014853e-001
4.184949e+002;2.006742e-001
4.189771e+002;1.999862e-001
4.194592e+002;1.997470e-001
4.199413e+002;2.001439e-001
4.204235e+002;2.011533e-001
4.209056e+002;2.025724e-001
4.213878e+002;2.041095e-001
4.218699e+002;2.055111e-001
4.223520e+002;2.066420e-001
4.228342e+002;2.074986e-001
4.233163e+002;2.081459e-001
4.237984e+002;2.086403e-001
4.242806e+002;2.089750e-001
4.247627e+002;2.090936e-001
4.252448e+002;2.089421e-001
4.257270e+002;2.085364e-001
4.262091e+002;2.079839e-001
4.266913e+002;2.074512e-001
4.271734e+002;2.070936e-001
4.276555e+002;2.069947e-001
4.281377e+002;2.071448e-001
4.286198e+002;2.074680e-001
4.291020e+002;2.078760e-001
4.295841e+002;2.083226e-001
4.300662e+002;2.088197e-001
4.305484e+002;2.094071e-001
4.310305e+002;2.100921e-001
4.315126e+002;2.108092e-001
4.319948e+002;2.114177e-001
4.324769e+002;2.117601e-001
4.329590e+002;2.117471e-001
4.334412e+002;2.114270e-001
4.339233e+002;2.109933e-001
4.344055e+002;2.107190e-001
4.348876e+002;2.108460e-001
4.353697e+002;2.114806e-001
4.358519e+002;2.125431e-001
4.363340e+002;2.137929e-001
4.368161e+002;2.149170e-001
4.372983e+002;2.156525e-001
4.377804e+002;2.158833e-001
4.382625e+002;2.156665e-001
4.387447e+002;2.151854e-001
4.392268e+002;2.146636e-001
4.397090e+002;2.142774e-001
4.401911e+002;2.141203e-001
4.406732e+002;2.142016e-001
4.411554e+002;2.144842e-001
4.416375e+002;2.149206e-001
4.421196e+002;2.154747e-001
4.426018e+002;2.161164e-001
4.430839e+002;2.168082e-001
4.435660e+002;2.174982e-001
4.440482e+002;2.181292e-001
4.445303e+002;2.186658e-001
4.450125e+002;2.191210e-001
4.454946e+002;2.195575e-001
4.459767e+002;2.200605e-001
4.464589e+002;2.206863e-001
4.469410e+002;2.214225e-001
4.474232e+002;2.221725e-001
4.479053e+002;2.227887e-001
4.483874e+002;2.231345e-001
4.488696e+002;2.231499e-001
4.493517e+002;2.228881e-001
4.498338e+002;2.224953e-001
4.503160e+002;2.221495e-001
4.507981e+002;2.219893e-001
4.512802e+002;2.220606e-001
4.517624e+002;2.223090e-001
4.522445e+002;2.226123e-001
4.527267e+002;2.228381e-001
4.532088e+002;2.228986e-001
4.536909e+002;2.227744e-001
4.541731e+002;2.225030e-001
4.546552e+002;2.221518e-001
4.551373e+002;2.217859e-001
4.556195e+002;2.214604e-001
4.561016e+002;2.212287e-001
4.565837e+002;2.211553e-001
4.570659e+002;2.213178e-001
4.575480e+002;2.217861e-001
4.580302e+002;2.225887e-001
4.585123e+002;2.236829e-001
4.589944e+002;2.249506e-001
4.594766e+002;2.262258e-001
4.599587e+002;2.273460e-001
4.604409e+002;2.282081e-001
4.609230e+002;2.287971e-001
4.614051e+002;2.291692e-001
4.618873e+002;2.294059e-001
4.623694e+002;2.295596e-001
4.628515e+002;2.296221e-001
4.633337e+002;2.295329e-001
4.638158e+002;2.292238e-001
4.642979e+002;2.286685e-001
4.647801e+002;2.279195e-001
4.652622e+002;2.270975e-001
4.657444e+002;2.263497e-001
4.662265e+002;2.257995e-001
4.667086e+002;2.255077e-001
4.671908e+002;2.254708e-001
4.676729e+002;2.256471e-001
4.681550e+002;2.259976e-001
4.686372e+002;2.265095e-001
4.691193e+002;2.271954e-001
4.696014e+002;2.280623e-001
4.700836e+002;2.290762e-001
4.705657e+002;2.301415e-001
4.710479e+002;2.311170e-001
4.715300e+002;2.318587e-001
4.720121e+002;2.322777e-001
4.724943e+002;2.323795e-001
4.729764e+002;2.322606e-001
4.734586e+002;2.320665e-001
4.739407e+002;2.319351e-001
4.744228e+002;2.319501e-001
4.749050e+002;2.321305e-001
4.753871e+002;2.324515e-001
4.758692e+002;2.328819e-001
4.763514e+002;2.334153e-001
4.768335e+002;2.340729e-001
4.773156e+002;2.348816e-001
4.777978e+002;2.358419e-001
4.782799e+002;2.369066e-001
4.787621e+002;2.379827e-001
4.792442e+002;2.389613e-001
4.797263e+002;2.397574e-001
4.802085e+002;2.403384e-001
4.806906e+002;2.407252e-001
4.811727e+002;2.409668e-001
4.816549e+002;2.411058e-001
4.821370e+002;2.411579e-001
4.826191e+002;2.411168e-001
4.831013e+002;2.409830e-001
4.835834e+002;2.407957e-001
4.840656e+002;2.406452e-001
4.845477e+002;2.406515e-001
4.850298e+002;2.409183e-001
4.855120e+002;2.414848e-001
4.859941e+002;2.422968e-001
4.864763e+002;2.432184e-001
4.869584e+002;2.440753e-001
4.874405e+002;2.447194e-001
4.879227e+002;2.450785e-001
4.884048e+002;2.451717e-001
4.888869e+002;2.450840e-001
4.893691e+002;2.449208e-001
4.898512e+002;2.447622e-001
4.903333e+002;2.446485e-001
4.908155e+002;2.445887e-001
4.912976e+002;2.445870e-001
4.917798e+002;2.446632e-001
4.922619e+002;2.448498e-001
4.927440e+002;2.451663e-001
4.932262e+002;2.455898e-001
4.937083e+002;2.460413e-001
4.941904e+002;2.464000e-001
4.946726e+002;2.465482e-001
4.951547e+002;2.464265e-001
4.956368e+002;2.460674e-001
4.961190e+002;2.455912e-001
4.966011e+002;2.451597e-001
4.970833e+002;2.449140e-001
4.975654e+002;2.449213e-001
4.980475e+002;2.451584e-001
4.985297e+002;2.455340e-001
4.990118e+002;2.459402e-001
4.994940e+002;2.463045e-001
4.999761e+002;2.466171e-001
5.004582e+002;2.469221e-001
5.009404e+002;2.472809e-001
5.014225e+002;2.477293e-001
5.019046e+002;2.482551e-001
5.023868e+002;2.488022e-001
5.028689e+002;2.493028e-001
5.033510e+002;2.497134e-001
5.038332e+002;2.500368e-001
5.043153e+002;2.503159e-001
5.047975e+002;2.506075e-001
5.052796e+002;2.509482e-001
5.057617e+002;2.513346e-001
5.062439e+002;2.517264e-001
5.067260e+002;2.520683e-001
5.072081e+002;2.523209e-001
5.076903e+002;2.524760e-001
5.081724e+002;2.525561e-001
5.086545e+002;2.525955e-001
5.091367e+002;2.526183e-001
5.096188e+002;2.526303e-001
5.101010e+002;2.526239e-001
5.105831e+002;2.525979e-001
5.110652e+002;2.525768e-001
5.115474e+002;2.526122e-001
5.120295e+002;2.527674e-001
5.125117e+002;2.530901e-001
5.129938e+002;2.535835e-001
5.134760e+002;2.541982e-001
5.139581e+002;2.548434e-001
5.144402e+002;2.554198e-001
5.149224e+002;2.558540e-001
5.154045e+002;2.561230e-001
5.158866e+002;2.562539e-001
5.163688e+002;2.563055e-001
5.168509e+002;2.563402e-001
5.173330e+002;2.564027e-001
5.178152e+002;2.565102e-001
5.182973e+002;2.566632e-001
5.187794e+002;2.568561e-001
5.192616e+002;2.570901e-001
5.197437e+002;2.573716e-001
5.202258e+002;2.577053e-001
5.207080e+002;2.580812e-001
5.211901e+002;2.584721e-001
5.216722e+002;2.588379e-001
5.221544e+002;2.591394e-001
5.226365e+002;2.593545e-001
5.231187e+002;2.594844e-001
5.236008e+002;2.595494e-001
5.240829e+002;2.595790e-001
5.245651e+002;2.595978e-001
5.250472e+002;2.596192e-001
5.255294e+002;2.596481e-001
5.260115e+002;2.596887e-001
5.264937e+002;2.597500e-001
5.269758e+002;2.598478e-001
5.274579e+002;2.599978e-001
5.279401e+002;2.602062e-001
5.284222e+002;2.604640e-001
5.289043e+002;2.607495e-001
5.293865e+002;2.610382e-001
5.298686e+002;2.613143e-001
5.303507e+002;2.615780e-001
5.308329e+002;2.618420e-001
5.313150e+002;2.621178e-001
5.317971e+002;2.624042e-001
5.322793e+002;2.626792e-001
5.327614e+002;2.629056e-001
5.332435e+002;2.630494e-001
5.337257e+002;2.630981e-001
5.342078e+002;2.630731e-001
5.346899e+002;2.630242e-001
5.351721e+002;2.630129e-001
5.356542e+002;2.630866e-001
5.361364e+002;2.632613e-001
5.366185e+002;2.635178e-001
5.371006e+002;2.638122e-001
5.375828e+002;2.640976e-001
5.380649e+002;2.643434e-001
5.385471e+002;2.645437e-001
5.390292e+002;2.647108e-001
5.395114e+002;2.648618e-001
5.399935e+002;2.650049e-001
5.404756e+002;2.651327e-001
5.409578e+002;2.652302e-001
5.414399e+002;2.652867e-001
5.419220e+002;2.653062e-001
5.424042e+002;2.653120e-001
5.428863e+002;2.653345e-001
5.433684e+002;2.654001e-001
5.438506e+002;2.655163e-001
5.443327e+002;2.656716e-001
5.448148e+002;2.658413e-001
5.452970e+002;2.660026e-001
5.457791e+002;2.661471e-001
5.462612e+002;2.662830e-001
5.467434e+002;2.664269e-001
5.472255e+002;2.665926e-001
5.477076e+002;2.667786e-001
5.481898e+002;2.669671e-001
5.486719e+002;2.671320e-001
5.491541e+002;2.672534e-001
5.496362e+002;2.673276e-001
5.501183e+002;2.673703e-001
5.506005e+002;2.674074e-001
5.510826e+002;2.674611e-001
5.515648e+002;2.675397e-001
5.520469e+002;2.676340e-001
5.525291e+002;2.677259e-001
5.530112e+002;2.678011e-001
5.534933e+002;2.678605e-001
5.539755e+002;2.679209e-001
5.544576e+002;2.680050e-001
5.549397e+002;2.681302e-001
5.554219e+002;2.682954e-001
5.559040e+002;2.684786e-001
5.563861e+002;2.686482e-001
5.568683e+002;2.687759e-001
5.573504e+002;2.688501e-001
5.578325e+002;2.688797e-001
5.583147e+002;2.688867e-001
5.587968e+002;2.688931e-001
5.592789e+002;2.689091e-001
5.597611e+002;2.689288e-001
5.602432e+002;2.689354e-001
5.607253e+002;2.689145e-001
5.612075e+002;2.688639e-001
5.616896e+002;2.687968e-001
5.621718e+002;2.687356e-001
5.626539e+002;2.687000e-001
5.631360e+002;2.686975e-001
5.636182e+002;2.687192e-001
5.641003e+002;2.687477e-001
5.645825e+002;2.687687e-001
5.650646e+002;2.687798e-001
5.655468e+002;2.687955e-001
5.660289e+002;2.688368e-001
5.665110e+002;2.689226e-001
5.669932e+002;2.690564e-001
5.674753e+002;2.692248e-001
5.679574e+002;2.694020e-001
5.684396e+002;2.695626e-001
5.689217e+002;2.696920e-001
5.694038e+002;2.697907e-001
5.698860e+002;2.698697e-001
5.703681e+002;2.699419e-001
5.708502e+002;2.700108e-001
5.713324e+002;2.700705e-001
5.718145e+002;2.701075e-001
5.722966e+002;2.701117e-001
5.727787e+002;2.700828e-001
5.732609e+002;2.700325e-001
5.737430e+002;2.699782e-001
5.742252e+002;2.699330e-001
5.747073e+002;2.698990e-001
5.751895e+002;2.698668e-001
5.756716e+002;2.698220e-001
5.761537e+002;2.697569e-001
5.766359e+002;2.696780e-001
5.771180e+002;2.696062e-001
5.776002e+002;2.695677e-001
5.780823e+002;2.695830e-001
5.785644e+002;2.696550e-001
5.790466e+002;2.697689e-001
5.795287e+002;2.698979e-001
5.800108e+002;2.700160e-001
5.804930e+002;2.701092e-001
5.809751e+002;2.701784e-001
5.814572e+002;2.702352e-001
5.819394e+002;2.702902e-001
5.824215e+002;2.703449e-001
5.829036e+002;2.703894e-001
5.833858e+002;2.704060e-001
5.838679e+002;2.703816e-001
5.843500e+002;2.703164e-001
5.848322e+002;2.702254e-001
5.853143e+002;2.701325e-001
5.857964e+002;2.700599e-001
5.862786e+002;2.700171e-001
5.867607e+002;2.699976e-001
5.872429e+002;2.699842e-001
5.877250e+002;2.699588e-001
5.882072e+002;2.699129e-001
5.886893e+002;2.698530e-001
5.891714e+002;2.697939e-001
5.896536e+002;2.697527e-001
5.901357e+002;2.697371e-001
5.906179e+002;2.697420e-001
5.911000e+002;2.697526e-001
5.915821e+002;2.697524e-001
5.920643e+002;2.697327e-001
5.925464e+002;2.696945e-001
5.930285e+002;2.696484e-001
5.935107e+002;2.696058e-001
5.939928e+002;2.695729e-001
5.944749e+002;2.695475e-001
5.949571e+002;2.695209e-001
5.954392e+002;2.694858e-001
5.959213e+002;2.694405e-001
5.964035e+002;2.693910e-001
5.968856e+002;2.693460e-001
5.973677e+002;2.693108e-001
5.978499e+002;2.692817e-001
5.983320e+002;2.692456e-001
5.988141e+002;2.691863e-001
5.992963e+002;2.690932e-001
5.997784e+002;2.689680e-001
6.002606e+002;2.688269e-001
6.007427e+002;2.686927e-001
6.012249e+002;2.685882e-001
6.017070e+002;2.685250e-001
6.021891e+002;2.685015e-001
6.026713e+002;2.685068e-001
6.031534e+002;2.685263e-001
6.036356e+002;2.685507e-001
6.041177e+002;2.685776e-001
6.045998e+002;2.686085e-001
6.050820e+002;2.686434e-001
6.055641e+002;2.686755e-001
6.060462e+002;2.686914e-001
6.065284e+002;2.686748e-001
6.070105e+002;2.686163e-001
6.074926e+002;2.685182e-001
6.079748e+002;2.683963e-001
6.084569e+002;2.682739e-001
6.089390e+002;2.681733e-001
6.094212e+002;2.681081e-001
6.099033e+002;2.680791e-001
6.103854e+002;2.680776e-001
6.108676e+002;2.680911e-001
6.113497e+002;2.681103e-001
6.118318e+002;2.681315e-001
6.123140e+002;2.681534e-001
6.127961e+002;2.681738e-001
6.132783e+002;2.681854e-001
6.137604e+002;2.681763e-001
6.142426e+002;2.681349e-001
6.147247e+002;2.680562e-001
6.152068e+002;2.679466e-001
6.156890e+002;2.678220e-001
6.161711e+002;2.677013e-001
6.166533e+002;2.675977e-001
6.171354e+002;2.675132e-001
6.176175e+002;2.674375e-001
6.180997e+002;2.673539e-001
6.185818e+002;2.672490e-001
6.190639e+002;2.671198e-001
6.195461e+002;2.669750e-001
6.200282e+002;2.668302e-001
6.205103e+002;2.666999e-001
6.209925e+002;2.665911e-001
6.214746e+002;2.664991e-001
6.219567e+002;2.664134e-001
6.224388e+002;2.663232e-001
6.229210e+002;2.662242e-001
6.234031e+002;2.661208e-001
6.238853e+002;2.660212e-001
6.243674e+002;2.659319e-001
6.248495e+002;2.658521e-001
6.253317e+002;2.657721e-001
6.258138e+002;2.656783e-001
6.262960e+002;2.655604e-001
6.267781e+002;2.654172e-001
6.272603e+002;2.652575e-001
6.277424e+002;2.650957e-001
6.282245e+002;2.649450e-001
6.287067e+002;2.648107e-001
6.291888e+002;2.646897e-001
6.296709e+002;2.645729e-001
6.301531e+002;2.644527e-001
6.306352e+002;2.643281e-001
6.311173e+002;2.642052e-001
6.315995e+002;2.640934e-001
6.320816e+002;2.639975e-001
6.325637e+002;2.639141e-001
6.330459e+002;2.638303e-001
6.335280e+002;2.637296e-001
6.340101e+002;2.636009e-001
6.344923e+002;2.634439e-001
6.349744e+002;2.632714e-001
6.354565e+002;2.631018e-001
6.359387e+002;2.629524e-001
6.364208e+002;2.628296e-001
6.369030e+002;2.627266e-001
6.373851e+002;2.626278e-001
6.378672e+002;2.625169e-001
6.383494e+002;2.623857e-001
6.388315e+002;2.622377e-001
6.393137e+002;2.620866e-001
6.397958e+002;2.619483e-001
6.402780e+002;2.618334e-001
6.407601e+002;2.617429e-001
6.412422e+002;2.616679e-001
6.417244e+002;2.615959e-001
6.422065e+002;2.615167e-001
6.426886e+002;2.614270e-001
6.431708e+002;2.613302e-001
6.436529e+002;2.612323e-001
6.441350e+002;2.611370e-001
6.446172e+002;2.610434e-001
6.450993e+002;2.609459e-001
6.455814e+002;2.608381e-001
6.460636e+002;2.607167e-001
6.465457e+002;2.605840e-001
6.470278e+002;2.604440e-001
6.475100e+002;2.603012e-001
6.479921e+002;2.601553e-001
6.484742e+002;2.600007e-001
6.489564e+002;2.598299e-001
6.494385e+002;2.596379e-001
6.499207e+002;2.594272e-001
6.504028e+002;2.592082e-001
6.508849e+002;2.589964e-001
6.513671e+002;2.588060e-001
6.518492e+002;2.586440e-001
6.523314e+002;2.585089e-001
6.528135e+002;2.583900e-001
6.532957e+002;2.582744e-001
6.537778e+002;2.581515e-001
6.542599e+002;2.580171e-001
6.547421e+002;2.578718e-001
6.552242e+002;2.577198e-001
6.557063e+002;2.575641e-001
6.561885e+002;2.574050e-001
6.566706e+002;2.572412e-001
6.571527e+002;2.570716e-001
6.576349e+002;2.568992e-001
6.581170e+002;2.567301e-001
6.585991e+002;2.565708e-001
6.590813e+002;2.564258e-001
6.595634e+002;2.562924e-001
6.600455e+002;2.561625e-001
6.605277e+002;2.560253e-001
6.610098e+002;2.558722e-001
6.614919e+002;2.557017e-001
6.619741e+002;2.555208e-001
6.624562e+002;2.553406e-001
6.629384e+002;2.551723e-001
6.634205e+002;2.550208e-001
6.639026e+002;2.548831e-001
6.643848e+002;2.547484e-001
6.648669e+002;2.546056e-001
6.653491e+002;2.544461e-001
6.658312e+002;2.542685e-001
6.663134e+002;2.540786e-001
6.667955e+002;2.538854e-001
6.672776e+002;2.536973e-001
6.677598e+002;2.535188e-001
6.682419e+002;2.533488e-001
6.687240e+002;2.531824e-001
6.692062e+002;2.530148e-001
6.696883e+002;2.528425e-001
6.701704e+002;2.526641e-001
6.706526e+002;2.524805e-001
6.711347e+002;2.522920e-001
6.716168e+002;2.520986e-001
6.720990e+002;2.519003e-001
6.725811e+002;2.516977e-001
6.730632e+002;2.514933e-001
6.735454e+002;2.512904e-001
6.740275e+002;2.510920e-001
6.745096e+002;2.508986e-001
6.749918e+002;2.507082e-001
6.754739e+002;2.505173e-001
6.759561e+002;2.503215e-001
6.764382e+002;2.501207e-001
6.769203e+002;2.499175e-001
6.774025e+002;2.497178e-001
6.778846e+002;2.495268e-001
6.783668e+002;2.493461e-001
6.788489e+002;2.491735e-001
6.793311e+002;2.490021e-001
6.798132e+002;2.488249e-001
6.802953e+002;2.486378e-001
6.807775e+002;2.484410e-001
6.812596e+002;2.482386e-001
6.817417e+002;2.480357e-001
6.822239e+002;2.478350e-001
6.827060e+002;2.476350e-001
6.831881e+002;2.474305e-001
6.836703e+002;2.472158e-001
6.841524e+002;2.469870e-001
6.846345e+002;2.467456e-001
6.851167e+002;2.464971e-001
6.855988e+002;2.462484e-001
6.860809e+002;2.460049e-001
6.865631e+002;2.457677e-001
6.870452e+002;2.455352e-001
6.875273e+002;2.453046e-001
6.880095e+002;2.450761e-001
6.884916e+002;2.448527e-001
6.889738e+002;2.446407e-001
6.894559e+002;2.444454e-001
6.899380e+002;2.442668e-001
6.904202e+002;2.440999e-001
6.909023e+002;2.439344e-001
6.913845e+002;2.437587e-001
6.918666e+002;2.435650e-001
6.923488e+002;2.433516e-001
6.928309e+002;2.431231e-001
6.933130e+002;2.428865e-001
6.937952e+002;2.426485e-001
6.942773e+002;2.424116e-001
6.947594e+002;2.421751e-001
6.952416e+002;2.419375e-001
6.957237e+002;2.416989e-001
6.962058e+002;2.414631e-001
6.966880e+002;2.412365e-001
6.971701e+002;2.410244e-001
6.976522e+002;2.408270e-001
6.981344e+002;2.406377e-001
6.986165e+002;2.404453e-001
6.990986e+002;2.402372e-001
6.995808e+002;2.400057e-001
7.000629e+002;2.397512e-001
7.005450e+002;2.394816e-001
7.010272e+002;2.392098e-001
7.015093e+002;2.389470e-001
7.019915e+002;2.386996e-001
7.024736e+002;2.384673e-001
7.029557e+002;2.382450e-001
7.034379e+002;2.380269e-001
7.039200e+002;2.378088e-001
7.044022e+002;2.375905e-001
7.048843e+002;2.373723e-001
7.053665e+002;2.371542e-001
7.058486e+002;2.369324e-001
7.063307e+002;2.367002e-001
7.068129e+002;2.364504e-001
7.072950e+002;2.361786e-001
7.077771e+002;2.358868e-001
7.082593e+002;2.355817e-001
7.087414e+002;2.352730e-001
7.092235e+002;2.349694e-001
7.097057e+002;2.346746e-001
7.101878e+002;2.343882e-001
7.106699e+002;2.341069e-001
7.111521e+002;2.338284e-001
7.116342e+002;2.335532e-001
7.121163e+002;2.332853e-001
7.125985e+002;2.330296e-001
7.130806e+002;2.327876e-001
7.135627e+002;2.325560e-001
7.140449e+002;2.323260e-001
7.145270e+002;2.320862e-001
7.150092e+002;2.318273e-001
7.154913e+002;2.315460e-001
7.159734e+002;2.312459e-001
7.164556e+002;2.309355e-001
7.169377e+002;2.306257e-001
7.174199e+002;2.303239e-001
7.179020e+002;2.300340e-001
7.183842e+002;2.297565e-001
7.188663e+002;2.294890e-001
7.193484e+002;2.292303e-001
7.198306e+002;2.289794e-001
7.203127e+002;2.287352e-001
7.207948e+002;2.284942e-001
7.212770e+002;2.282502e-001
7.217591e+002;2.279943e-001
7.222412e+002;2.277173e-001
7.227234e+002;2.274144e-001
7.232055e+002;2.270859e-001
7.236876e+002;2.267386e-001
7.241698e+002;2.263824e-001
7.246519e+002;2.260274e-001
7.251340e+002;2.256806e-001
7.256162e+002;2.253452e-001
7.260983e+002;2.250216e-001
7.265804e+002;2.247093e-001
7.270626e+002;2.244091e-001
7.275447e+002;2.241235e-001
7.280269e+002;2.238542e-001
7.285090e+002;2.236012e-001
7.289911e+002;2.233604e-001
7.294733e+002;2.231242e-001
7.299554e+002;2.228842e-001
7.304376e+002;2.226335e-001
7.309197e+002;2.223694e-001
7.314019e+002;2.220934e-001
7.318840e+002;2.218093e-001
7.323661e+002;2.215211e-001
7.328483e+002;2.212302e-001
7.333304e+002;2.209362e-001
7.338125e+002;2.206371e-001
7.342947e+002;2.203328e-001
7.347768e+002;2.200256e-001
7.352589e+002;2.197198e-001
7.357411e+002;2.194194e-001
7.362232e+002;2.191256e-001
7.367053e+002;2.188357e-001
7.371875e+002;2.185436e-001
7.376696e+002;2.182426e-001
7.381517e+002;2.179293e-001
7.386339e+002;2.176054e-001
7.391160e+002;2.172777e-001
7.395981e+002;2.169544e-001
7.400803e+002;2.166427e-001
7.405624e+002;2.163444e-001
7.410446e+002;2.160559e-001
7.415267e+002;2.157708e-001
7.420089e+002;2.154819e-001
7.424910e+002;2.151858e-001
7.429731e+002;2.148827e-001
7.434553e+002;2.145761e-001
7.439374e+002;2.142697e-001
7.444196e+002;2.139656e-001
7.449017e+002;2.136629e-001
7.453838e+002;2.133586e-001
7.458660e+002;2.130502e-001
7.463481e+002;2.127367e-001
7.468302e+002;2.124195e-001
7.473124e+002;2.121017e-001
7.477945e+002;2.117852e-001
7.482766e+002;2.114706e-001
7.487588e+002;2.111570e-001
7.492409e+002;2.108427e-001
7.497230e+002;2.105275e-001
7.502052e+002;2.102135e-001
7.506873e+002;2.099047e-001
7.511694e+002;2.096037e-001
7.516516e+002;2.093109e-001
7.521337e+002;2.090228e-001
7.526158e+002;2.087327e-001
7.530980e+002;2.084343e-001
7.535801e+002;2.081244e-001
7.540623e+002;2.078042e-001
7.545444e+002;2.074795e-001
7.550266e+002;2.071573e-001
7.555087e+002;2.068416e-001
7.559908e+002;2.065320e-001
7.564730e+002;2.062229e-001
7.569551e+002;2.059065e-001
7.574373e+002;2.055765e-001
7.579194e+002;2.052317e-001
7.584015e+002;2.048759e-001
7.588837e+002;2.045183e-001
7.593658e+002;2.041679e-001
7.598479e+002;2.038313e-001
7.603301e+002;2.035104e-001
7.608122e+002;2.032031e-001
7.612943e+002;2.029047e-001
7.617765e+002;2.026109e-001
7.622586e+002;2.023185e-001
7.627407e+002;2.020259e-001
7.632229e+002;2.017319e-001
7.637050e+002;2.014348e-001
7.641871e+002;2.011327e-001
7.646693e+002;2.008239e-001
7.651514e+002;2.005087e-001
7.656335e+002;2.001900e-001
7.661157e+002;1.998723e-001
7.665978e+002;1.995600e-001
7.670800e+002;1.992551e-001
7.675621e+002;1.989557e-001
7.680443e+002;1.986573e-001
7.685264e+002;1.983540e-001
7.690085e+002;1.980424e-001
7.694907e+002;1.977231e-001
7.699728e+002;1.974004e-001
7.704550e+002;1.970807e-001
7.709371e+002;1.967685e-001
7.714192e+002;1.964654e-001
7.719014e+002;1.961686e-001
7.723835e+002;1.958724e-001
7.728656e+002;1.955717e-001
7.733478e+002;1.952639e-001
7.738299e+002;1.949496e-001
7.743120e+002;1.946315e-001
7.747942e+002;1.943125e-001
7.752763e+002;1.939929e-001
7.757584e+002;1.936702e-001
7.762406e+002;1.933404e-001
7.767227e+002;1.929992e-001
7.772048e+002;1.926450e-001
7.776870e+002;1.922795e-001
7.781691e+002;1.919065e-001
7.786512e+002;1.915305e-001
7.791334e+002;1.911543e-001
7.796155e+002;1.907783e-001
7.800977e+002;1.904003e-001
7.805798e+002;1.900176e-001
7.810620e+002;1.896275e-001
7.815441e+002;1.892279e-001
7.820262e+002;1.888180e-001
7.825084e+002;1.883968e-001
7.829905e+002;1.879631e-001
7.834727e+002;1.875171e-001
7.839548e+002;1.870602e-001
7.844369e+002;1.865966e-001
7.849191e+002;1.861335e-001
7.854012e+002;1.856787e-001
7.858833e+002;1.852377e-001
7.863655e+002;1.848118e-001
7.868476e+002;1.843971e-001
7.873297e+002;1.839859e-001
7.878119e+002;1.835705e-001
7.882940e+002;1.831461e-001
7.887761e+002;1.827143e-001
7.892583e+002;1.822814e-001
7.897404e+002;1.818561e-001
7.902225e+002;1.814462e-001
7.907047e+002;1.810533e-001
7.911868e+002;1.806743e-001
7.916689e+002;1.803017e-001
7.921511e+002;1.799271e-001
7.926332e+002;1.795454e-001
7.931154e+002;1.791567e-001
7.935975e+002;1.787650e-001
7.940797e+002;1.783761e-001
7.945618e+002;1.779946e-001
7.950439e+002;1.776220e-001
7.955261e+002;1.772563e-001
7.960082e+002;1.768941e-001
7.964904e+002;1.765328e-001
7.969725e+002;1.761718e-001
7.974546e+002;1.758125e-001
7.979368e+002;1.754575e-001
7.984189e+002;1.751088e-001
7.989010e+002;1.747669e-001
7.993832e+002;1.744312e-001
7.998653e+002;1.741000e-001
8.003474e+002;1.737724e-001
8.008296e+002;1.734480e-001
8.013117e+002;1.731264e-001
8.017938e+002;1.728063e-001
8.022760e+002;1.724853e-001
8.027581e+002;1.721597e-001
8.032402e+002;1.718267e-001
8.037224e+002;1.714853e-001
8.042045e+002;1.711373e-001
8.046866e+002;1.707868e-001
8.051688e+002;1.704382e-001
8.056509e+002;1.700942e-001
8.061331e+002;1.697544e-001
8.066152e+002;1.694158e-001
8.070974e+002;1.690744e-001
8.075795e+002;1.687283e-001
8.080616e+002;1.683785e-001
8.085438e+002;1.680301e-001
8.090259e+002;1.676889e-001
8.095081e+002;1.673604e-001
8.099902e+002;1.670464e-001
8.104723e+002;1.667446e-001
8.109545e+002;1.664505e-001
8.114366e+002;1.661578e-001
8.119187e+002;1.658621e-001
8.124009e+002;1.655609e-001
8.128830e+002;1.652537e-001
8.133651e+002;1.649403e-001
8.138473e+002;1.646204e-001
8.143294e+002;1.642935e-001
8.148115e+002;1.639599e-001
8.152937e+002;1.636215e-001
8.157758e+002;1.632832e-001
8.162579e+002;1.629508e-001
8.167401e+002;1.626294e-001
8.172222e+002;1.623205e-001
8.177043e+002;1.620201e-001
8.181865e+002;1.617190e-001
8.186686e+002;1.614052e-001
8.191508e+002;1.610677e-001
8.196329e+002;1.606991e-001
8.201151e+002;1.602987e-001
8.205972e+002;1.598708e-001
8.210793e+002;1.594231e-001
8.215615e+002;1.589644e-001
8.220436e+002;1.585023e-001
8.225258e+002;1.580423e-001
8.230079e+002;1.575879e-001
8.234900e+002;1.571416e-001
8.239722e+002;1.567048e-001
8.244543e+002;1.562767e-001
8.249364e+002;1.558549e-001
8.254186e+002;1.554345e-001
8.259007e+002;1.550102e-001
8.263828e+002;1.545771e-001
8.268650e+002;1.541339e-001
8.273471e+002;1.536826e-001
8.278292e+002;1.532293e-001
8.283114e+002;1.527808e-001
8.287935e+002;1.523420e-001
8.292756e+002;1.519139e-001
8.297578e+002;1.514927e-001
8.302399e+002;1.510722e-001
8.307220e+002;1.506460e-001
8.312042e+002;1.502112e-001
8.316863e+002;1.497694e-001
8.321685e+002;1.493263e-001
8.326506e+002;1.488893e-001
8.331328e+002;1.484644e-001
8.336149e+002;1.480544e-001
8.340970e+002;1.476587e-001
8.345792e+002;1.472731e-001
8.350613e+002;1.468934e-001
8.355435e+002;1.465160e-001
8.360256e+002;1.461392e-001
8.365077e+002;1.457629e-001
8.369899e+002;1.453872e-001
8.374720e+002;1.450123e-001
8.379541e+002;1.446372e-001
8.384363e+002;1.442607e-001
8.389184e+002;1.438826e-001
8.394005e+002;1.435033e-001
8.398827e+002;1.431245e-001
8.403648e+002;1.427483e-001
8.408469e+002;1.423758e-001
8.413291e+002;1.420074e-001
8.418112e+002;1.416414e-001
8.422933e+002;1.412761e-001
8.427755e+002;1.409093e-001
8.432576e+002;1.405396e-001
8.437397e+002;1.401665e-001
8.442219e+002;1.397895e-001
8.447040e+002;1.394083e-001
8.451862e+002;1.390230e-001
8.456683e+002;1.386337e-001
8.461505e+002;1.382419e-001
8.466326e+002;1.378510e-001
8.471147e+002;1.374649e-001
8.475969e+002;1.370877e-001
8.480790e+002;1.367224e-001
8.485612e+002;1.363693e-001
8.490433e+002;1.360263e-001
8.495254e+002;1.356892e-001
8.500076e+002;1.353530e-001
8.504897e+002;1.350137e-001
8.509718e+002;1.346692e-001
8.514540e+002;1.343188e-001
8.519361e+002;1.339634e-001
8.524182e+002;1.336041e-001
8.529004e+002;1.332425e-001
8.533825e+002;1.328797e-001
8.538646e+002;1.325175e-001
8.543468e+002;1.321586e-001
8.548289e+002;1.318059e-001
8.553110e+002;1.314620e-001
8.557932e+002;1.311287e-001
8.562753e+002;1.308058e-001
8.567574e+002;1.304915e-001
8.572396e+002;1.301830e-001
8.577217e+002;1.298772e-001
8.582039e+002;1.295720e-001
8.586860e+002;1.292666e-001
8.591682e+002;1.289602e-001
8.596503e+002;1.286521e-001
8.601324e+002;1.283400e-001
8.606146e+002;1.280211e-001
8.610967e+002;1.276923e-001
8.615789e+002;1.273521e-001
8.620610e+002;1.270017e-001
8.625431e+002;1.266447e-001
8.630253e+002;1.262867e-001
8.635074e+002;1.259330e-001
8.639895e+002;1.255870e-001
8.644717e+002;1.252490e-001
8.649538e+002;1.249159e-001
8.654359e+002;1.245834e-001
8.659181e+002;1.242466e-001
8.664002e+002;1.239031e-001
8.668823e+002;1.235524e-001
8.673645e+002;1.231965e-001
8.678466e+002;1.228386e-001
8.683287e+002;1.224820e-001
8.688109e+002;1.221292e-001
8.692930e+002;1.217808e-001
8.697751e+002;1.214363e-001
8.702573e+002;1.210940e-001
8.707394e+002;1.207510e-001
8.712216e+002;1.204040e-001
8.717037e+002;1.200497e-001
8.721859e+002;1.196850e-001
8.726680e+002;1.193087e-001
8.731501e+002;1.189201e-001
8.736323e+002;1.185213e-001
8.741144e+002;1.181157e-001
8.745966e+002;1.177074e-001
8.750787e+002;1.172999e-001
8.755608e+002;1.168956e-001
8.760430e+002;1.164957e-001
8.765251e+002;1.160996e-001
8.770072e+002;1.157069e-001
8.774894e+002;1.153169e-001
8.779715e+002;1.149299e-001
8.784536e+002;1.145468e-001
8.789358e+002;1.141679e-001
8.794179e+002;1.137942e-001
8.799000e+002;1.134262e-001
8.803822e+002;1.130644e-001
8.808643e+002;1.127099e-001
8.813464e+002;1.123641e-001
8.818286e+002;1.120289e-001
8.823107e+002;1.117053e-001
8.827928e+002;1.113933e-001
8.832750e+002;1.110906e-001
8.837571e+002;1.107938e-001
8.842393e+002;1.104984e-001
8.847214e+002;1.102009e-001
8.852036e+002;1.098989e-001
8.856857e+002;1.095918e-001
8.861678e+002;1.092808e-001
8.866500e+002;1.089676e-001
8.871321e+002;1.086536e-001
8.876143e+002;1.083396e-001
8.880964e+002;1.080259e-001
8.885785e+002;1.077130e-001
8.890607e+002;1.074022e-001
8.895428e+002;1.070951e-001
8.900249e+002;1.067938e-001
8.905071e+002;1.064995e-001
8.909892e+002;1.062118e-001
8.914713e+002;1.059285e-001
8.919535e+002;1.056465e-001
8.924356e+002;1.053621e-001
8.929177e+002;1.050735e-001
8.933999e+002;1.047800e-001
8.938820e+002;1.044826e-001
8.943641e+002;1.041833e-001
8.948463e+002;1.038838e-001
8.953284e+002;1.035852e-001
8.958105e+002;1.032880e-001
8.962927e+002;1.029924e-001
8.967748e+002;1.026996e-001
8.972570e+002;1.024113e-001
8.977391e+002;1.021298e-001
8.982213e+002;1.018566e-001
8.987034e+002;1.015919e-001
8.991855e+002;1.013335e-001
8.996677e+002;1.010781e-001
9.001498e+002;1.008215e-001
9.006320e+002;1.005611e-001
9.011141e+002;1.002963e-001
9.015962e+002;1.000289e-001
9.020784e+002;9.976240e-002
9.025605e+002;9.949976e-002
9.030426e+002;9.924264e-002
9.035248e+002;9.899054e-002
9.040069e+002;9.874108e-002
9.044890e+002;9.849150e-002
9.049712e+002;9.823985e-002
9.054533e+002;9.798582e-002
9.059354e+002;9.773113e-002
9.064176e+002;9.747826e-002
9.068997e+002;9.722944e-002
9.073818e+002;9.698588e-002
9.078640e+002;9.674705e-002
9.083461e+002;9.651126e-002
9.088282e+002;9.627692e-002
9.093104e+002;9.604329e-002
9.097925e+002;9.581072e-002
9.102747e+002;9.558084e-002
9.107568e+002;9.535572e-002
9.112390e+002;9.513682e-002
9.117211e+002;9.492442e-002
9.122032e+002;9.471809e-002
9.126854e+002;9.451651e-002
9.131675e+002;9.431861e-002
9.136496e+002;9.412397e-002
9.141318e+002;9.393307e-002
9.146139e+002;9.374698e-002
9.150960e+002;9.356658e-002
9.155782e+002;9.339195e-002
9.160603e+002;9.322204e-002
9.165424e+002;9.305462e-002
9.170246e+002;9.288692e-002
9.175067e+002;9.271622e-002
9.179888e+002;9.254035e-002
9.184710e+002;9.235817e-002
9.189531e+002;9.216966e-002
9.194352e+002;9.197558e-002
9.199174e+002;9.177730e-002
9.203995e+002;9.157595e-002
9.208817e+002;9.137225e-002
9.213638e+002;9.116670e-002
9.218459e+002;9.095882e-002
9.223281e+002;9.074799e-002
9.228102e+002;9.053384e-002
9.232924e+002;9.031562e-002
9.237745e+002;9.009308e-002
9.242567e+002;8.986669e-002
9.247388e+002;8.963678e-002
9.252209e+002;8.940420e-002
9.257031e+002;8.916997e-002
9.261852e+002;8.893557e-002
9.266673e+002;8.870238e-002
9.271495e+002;8.847173e-002
9.276316e+002;8.824533e-002
9.281137e+002;8.802370e-002
9.285959e+002;8.780698e-002
9.290780e+002;8.759435e-002
9.295601e+002;8.738420e-002
9.300423e+002;8.717460e-002
9.305244e+002;8.696421e-002
9.310065e+002;8.675171e-002
9.314887e+002;8.653738e-002
9.319708e+002;8.632214e-002
9.324529e+002;8.610755e-002
9.329351e+002;8.589470e-002
9.334172e+002;8.568417e-002
9.338994e+002;8.547548e-002
9.343815e+002;8.526725e-002
9.348636e+002;8.505809e-002
9.353458e+002;8.484684e-002
9.358279e+002;8.463334e-002
9.363101e+002;8.441854e-002
9.367922e+002;8.420408e-002
9.372744e+002;8.399205e-002
9.377565e+002;8.378430e-002
9.382386e+002;8.358209e-002
9.387208e+002;8.338559e-002
9.392029e+002;8.319412e-002
9.396850e+002;8.300668e-002
9.401672e+002;8.282162e-002
9.406493e+002;8.263779e-002
9.411314e+002;8.245363e-002
9.416136e+002;8.226861e-002
9.420957e+002;8.208241e-002
9.425778e+002;8.189545e-002
9.430600e+002;8.170840e-002
9.435421e+002;8.152243e-002
9.440242e+002;8.133864e-002
9.445064e+002;8.115768e-002
9.449885e+002;8.097997e-002
9.454706e+002;8.080561e-002
9.459528e+002;8.063410e-002
9.464349e+002;8.046500e-002
9.469171e+002;8.029824e-002
9.473992e+002;8.013447e-002
9.478813e+002;7.997423e-002
9.483635e+002;7.981884e-002
9.488456e+002;7.966921e-002
9.493278e+002;7.952560e-002
9.498099e+002;7.938800e-002
9.502921e+002;7.925539e-002
9.507742e+002;7.912629e-002
9.512563e+002;7.899870e-002
9.517385e+002;7.887042e-002
9.522206e+002;7.873953e-002
9.527027e+002;7.860479e-002
9.531849e+002;7.846583e-002
9.536670e+002;7.832339e-002
9.541491e+002;7.817976e-002
9.546313e+002;7.803845e-002
9.551134e+002;7.790319e-002
9.555955e+002;7.777809e-002
9.560777e+002;7.766592e-002
9.565598e+002;7.756813e-002
9.570419e+002;7.748470e-002
9.575241e+002;7.741467e-002
9.580062e+002;7.735652e-002
9.584883e+002;7.730921e-002
9.589705e+002;7.727222e-002
9.594526e+002;7.724607e-002
9.599348e+002;7.723118e-002
9.604169e+002;7.722810e-002
9.608990e+002;7.723632e-002
9.613812e+002;7.725448e-002
9.618633e+002;7.728017e-002
9.623455e+002;7.731048e-002
9.628276e+002;7.734191e-002
9.633098e+002;7.737130e-002
9.637919e+002;7.739495e-002
9.642740e+002;7.740912e-002
9.647562e+002;7.740995e-002
9.652383e+002;7.739415e-002
9.657204e+002;7.735910e-002
9.662026e+002;7.730375e-002
9.666847e+002;7.722910e-002
9.671668e+002;7.713767e-002
9.676490e+002;7.703305e-002
9.681311e+002;7.691894e-002
9.686132e+002;7.679906e-002
9.690954e+002;7.667600e-002
9.695775e+002;7.655196e-002
9.700596e+002;7.642914e-002
9.705418e+002;7.631059e-002
9.710239e+002;7.619984e-002
9.715060e+002;7.610142e-002
9.719882e+002;7.601963e-002
9.724703e+002;7.595756e-002
9.729525e+002;7.591688e-002
9.734346e+002;7.589740e-002
9.739167e+002;7.589753e-002
9.743989e+002;7.591493e-002
9.748810e+002;7.594731e-002
9.753632e+002;7.599263e-002
9.758453e+002;7.604874e-002
9.763275e+002;7.611370e-002
9.768096e+002;7.618439e-002
9.772917e+002;7.625699e-002
9.777739e+002;7.632704e-002
9.782560e+002;7.638968e-002
9.787381e+002;7.644098e-002
9.792203e+002;7.647769e-002
9.797024e+002;7.649837e-002
9.801845e+002;7.650231e-002
9.806667e+002;7.649006e-002
9.811488e+002;7.646234e-002
9.816309e+002;7.642070e-002
9.821131e+002;7.636704e-002
9.825952e+002;7.630393e-002
9.830773e+002;7.623501e-002
9.835595e+002;7.616397e-002
9.840416e+002;7.609544e-002
9.845237e+002;7.603336e-002
9.850059e+002;7.598141e-002
9.854880e+002;7.594250e-002
9.859702e+002;7.591864e-002
9.864523e+002;7.591114e-002
9.869344e+002;7.592009e-002
9.874166e+002;7.594439e-002
9.878987e+002;7.598190e-002
9.883809e+002;7.602891e-002
9.888630e+002;7.608067e-002
9.893452e+002;7.613220e-002
9.898273e+002;7.617880e-002
9.903094e+002;7.621754e-002
9.907916e+002;7.624679e-002
9.912737e+002;7.626747e-002
9.917558e+002;7.628120e-002
9.922380e+002;7.629044e-002
9.927201e+002;7.629656e-002
9.932022e+002;7.630008e-002
9.936844e+002;7.629967e-002
9.941665e+002;7.629361e-002
9.946486e+002;7.627923e-002
9.951308e+002;7.625487e-002
9.956129e+002;7.621995e-002
9.960950e+002;7.617564e-002
9.965772e+002;7.612485e-002
9.970593e+002;7.607163e-002
9.975414e+002;7.602078e-002
9.980236e+002;7.597703e-002
9.985057e+002;7.594401e-002
9.989879e+002;7.592341e-002
9.994700e+002;7.591470e-002
9.999521e+002;7.591490e-002
1.000434e+003;7.591909e-002
1.000916e+003;7.592152e-002
1.001399e+003;7.591659e-002
1.001881e+003;7.590041e-002
1.002363e+003;7.587155e-002
1.002845e+003;7.583127e-002
1.003327e+003;7.578363e-002
1.003809e+003;7.573431e-002
1.004291e+003;7.568960e-002
1.004773e+003;7.565504e-002
1.005256e+003;7.563493e-002
1.005738e+003;7.563180e-002
1.006220e+003;7.564604e-002
1.006702e+003;7.567671e-002
1.007184e+003;7.572194e-002
1.007666e+003;7.577908e-002
1.008148e+003;7.584556e-002
1.008631e+003;7.591927e-002
1.009113e+003;7.599867e-002
1.009595e+003;7.608299e-002
1.010077e+003;7.617206e-002
1.010559e+003;7.626548e-002
1.011041e+003;7.636309e-002
1.011523e+003;7.646421e-002
1.012006e+003;7.656740e-002
1.012488e+003;7.667076e-002
1.012970e+003;7.677196e-002
1.013452e+003;7.686885e-002
1.013934e+003;7.695938e-002
1.014416e+003;7.704175e-002
1.014898e+003;7.711405e-002
1.015381e+003;7.717451e-002
1.015863e+003;7.722149e-002
1.016345e+003;7.725406e-002
1.016827e+003;7.727221e-002
1.017309e+003;7.727794e-002
1.017791e+003;7.727508e-002
1.018273e+003;7.726921e-002
1.018755e+003;7.726642e-002
1.019238e+003;7.727234e-002
1.019720e+003;7.729073e-002
1.020202e+003;7.732308e-002
1.020684e+003;7.736786e-002
1.021166e+003;7.742179e-002
1.021648e+003;7.748108e-002
1.022130e+003;7.754205e-002
1.022613e+003;7.760312e-002
1.023095e+003;7.766438e-002
1.023577e+003;7.772838e-002
1.024059e+003;7.779869e-002
1.024541e+003;7.787962e-002
1.025023e+003;7.797590e-002
1.025505e+003;7.809094e-002
1.025988e+003;7.822777e-002
1.026470e+003;7.838792e-002
1.026952e+003;7.857132e-002
1.027434e+003;7.877678e-002
1.027916e+003;7.900119e-002
1.028398e+003;7.923979e-002
1.028880e+003;7.948753e-002
1.029363e+003;7.973782e-002
1.029845e+003;7.998482e-002
1.030327e+003;8.022295e-002
1.030809e+003;8.044744e-002
1.031291e+003;8.065486e-002
1.031773e+003;8.084282e-002
1.032255e+003;8.101088e-002
1.032738e+003;8.115908e-002
1.033220e+003;8.128877e-002
1.033702e+003;8.140178e-002
1.034184e+003;8.150014e-002
1.034666e+003;8.158521e-002
1.035148e+003;8.165806e-002
1.035630e+003;8.171907e-002
1.036112e+003;8.176830e-002
1.036594e+003;8.180632e-002
1.037077e+003;8.183533e-002
1.037559e+003;8.185858e-002
1.038041e+003;8.188086e-002
1.038523e+003;8.190715e-002
1.039005e+003;8.194166e-002
1.039487e+003;8.198640e-002
1.039969e+003;8.204067e-002
1.040452e+003;8.210174e-002
1.040934e+003;8.216502e-002
1.041416e+003;8.222703e-002
1.041898e+003;8.228542e-002
1.042380e+003;8.234105e-002
1.042862e+003;8.239681e-002
1.043344e+003;8.245772e-002
1.043827e+003;8.252839e-002
1.044309e+003;8.261244e-002
1.044791e+003;8.271176e-002
1.045273e+003;8.282621e-002
1.045755e+003;8.295497e-002
1.046237e+003;8.309764e-002
1.046719e+003;8.325426e-002
1.047202e+003;8.342651e-002
1.047684e+003;8.361630e-002
1.048166e+003;8.382551e-002
1.048648e+003;8.405504e-002
1.049130e+003;8.430418e-002
1.049612e+003;8.457115e-002
1.050094e+003;8.485269e-002
1.050577e+003;8.514569e-002
1.051059e+003;8.544732e-002
1.051541e+003;8.575554e-002
1.052023e+003;8.606944e-002
1.052505e+003;8.638868e-002
1.052987e+003;8.671318e-002
1.053469e+003;8.704299e-002
1.053951e+003;8.737770e-002
1.054434e+003;8.771621e-002
1.054916e+003;8.805617e-002
1.055398e+003;8.839429e-002
1.055880e+003;8.872639e-002
1.056362e+003;8.904772e-002
1.056844e+003;8.935419e-002
1.057326e+003;8.964251e-002
1.057809e+003;8.991081e-002
1.058291e+003;9.015905e-002
1.058773e+003;9.038740e-002
1.059255e+003;9.059565e-002
1.059737e+003;9.078281e-002
1.060219e+003;9.094582e-002
1.060701e+003;9.108110e-002
1.061184e+003;9.118450e-002
1.061666e+003;9.125353e-002
1.062148e+003;9.128718e-002
1.062630e+003;9.128650e-002
1.063112e+003;9.125341e-002
1.063594e+003;9.118990e-002
1.064076e+003;9.109643e-002
1.064559e+003;9.097201e-002
1.065041e+003;9.081504e-002
1.065523e+003;9.062469e-002
1.066005e+003;9.040146e-002
1.066487e+003;9.014866e-002
1.066969e+003;8.987094e-002
1.067451e+003;8.957461e-002
1.067933e+003;8.926509e-002
1.068416e+003;8.894657e-002
1.068898e+003;8.862150e-002
1.069380e+003;8.829153e-002
1.069862e+003;8.795803e-002
1.070344e+003;8.762313e-002
1.070826e+003;8.728948e-002
1.071308e+003;8.696086e-002
1.071791e+003;8.664106e-002
1.072273e+003;8.633359e-002
1.072755e+003;8.604193e-002
1.073237e+003;8.576968e-002
1.073719e+003;8.552095e-002
1.074201e+003;8.530013e-002
1.074683e+003;8.511187e-002
1.075166e+003;8.495986e-002
1.075648e+003;8.484600e-002
1.076130e+003;8.476967e-002
1.076612e+003;8.472813e-002
1.077094e+003;8.471756e-002
1.077576e+003;8.473347e-002
1.078058e+003;8.477197e-002
1.078541e+003;8.482978e-002
1.079023e+003;8.490299e-002
1.079505e+003;8.498728e-002
1.079987e+003;8.507617e-002
1.080469e+003;8.516136e-002
1.080951e+003;8.523379e-002
1.081433e+003;8.528433e-002
1.081916e+003;8.530572e-002
1.082398e+003;8.529276e-002
1.082880e+003;8.524221e-002
1.083362e+003;8.515254e-002
1.083844e+003;8.502283e-002
1.084326e+003;8.485184e-002
1.084808e+003;8.463916e-002
1.085290e+003;8.438531e-002
1.085772e+003;8.409302e-002
1.086255e+003;8.376709e-002
1.086737e+003;8.341520e-002
1.087219e+003;8.304545e-002
1.087701e+003;8.266623e-002
1.088183e+003;8.228430e-002
1.088665e+003;8.190443e-002
1.089147e+003;8.152933e-002
1.089630e+003;8.116093e-002
1.090112e+003;8.080016e-002
1.090594e+003;8.044831e-002
1.091076e+003;8.010738e-002
1.091558e+003;7.977992e-002
1.092040e+003;7.946931e-002
1.092522e+003;7.917945e-002
1.093005e+003;7.891446e-002
1.093487e+003;7.867952e-002
1.093969e+003;7.847893e-002
1.094451e+003;7.831700e-002
1.094933e+003;7.819641e-002
1.095415e+003;7.811818e-002
1.095897e+003;7.808097e-002
1.096380e+003;7.808141e-002
1.096862e+003;7.811465e-002
1.097344e+003;7.817473e-002
1.097826e+003;7.825579e-002
1.098308e+003;7.835218e-002
1.098790e+003;7.845876e-002
1.099272e+003;7.857092e-002
1.099755e+003;7.868500e-002
1.100237e+003;7.879756e-002
1.100719e+003;7.890607e-002
1.101201e+003;7.900847e-002
1.101683e+003;7.910313e-002
1.102165e+003;7.918807e-002
1.102647e+003;7.926106e-002
1.103129e+003;7.931817e-002
1.103612e+003;7.935543e-002
1.104094e+003;7.936841e-002
1.104576e+003;7.935385e-002
1.105058e+003;7.931039e-002
1.105540e+003;7.923873e-002
1.106022e+003;7.914197e-002
1.106504e+003;7.902427e-002
1.106987e+003;7.889033e-002
1.107469e+003;7.874361e-002
1.107951e+003;7.858686e-002
1.108433e+003;7.842129e-002
1.108915e+003;7.824745e-002
1.109397e+003;7.806513e-002
1.109879e+003;7.787471e-002
1.110362e+003;7.767601e-002
1.110844e+003;7.746968e-002
1.111326e+003;7.725664e-002
1.111808e+003;7.703864e-002
1.112290e+003;7.681774e-002
1.112772e+003;7.659767e-002
1.113254e+003;7.638209e-002
1.113736e+003;7.617518e-002
1.114219e+003;7.597988e-002
1.114701e+003;7.579809e-002
1.115183e+003;7.562986e-002
1.115665e+003;7.547401e-002
1.116147e+003;7.532891e-002
1.116629e+003;7.519315e-002
1.117111e+003;7.506570e-002
1.117594e+003;7.494684e-002
1.118076e+003;7.483709e-002
1.118558e+003;7.473703e-002
1.119040e+003;7.464657e-002
1.119522e+003;7.456545e-002
1.120004e+003;7.449282e-002
1.120486e+003;7.442804e-002
1.120969e+003;7.437106e-002
1.121451e+003;7.432210e-002
1.121933e+003;7.428166e-002
1.122415e+003;7.424974e-002
1.122897e+003;7.422555e-002
1.123379e+003;7.420773e-002
1.123861e+003;7.419477e-002
1.124344e+003;7.418551e-002
1.124826e+003;7.417945e-002
1.125308e+003;7.417703e-002
1.125790e+003;7.417887e-002
1.126272e+003;7.418478e-002
1.126754e+003;7.419434e-002
1.127236e+003;7.420546e-002
1.127719e+003;7.421611e-002
1.128201e+003;7.422447e-002
1.128683e+003;7.423008e-002
1.129165e+003;7.423390e-002
1.129647e+003;7.423805e-002
1.130129e+003;7.424476e-002
1.130611e+003;7.425541e-002
1.131093e+003;7.427068e-002
1.131576e+003;7.428989e-002
1.132058e+003;7.431223e-002
1.132540e+003;7.433756e-002
1.133022e+003;7.436601e-002
1.133504e+003;7.439876e-002
1.133986e+003;7.443639e-002
1.134468e+003;7.447825e-002
1.134950e+003;7.452222e-002
1.135433e+003;7.456414e-002
1.135915e+003;7.460018e-002
1.136397e+003;7.462690e-002
1.136879e+003;7.464353e-002
1.137361e+003;7.465175e-002
1.137843e+003;7.465550e-002
1.138325e+003;7.465967e-002
1.138808e+003;7.466860e-002
1.139290e+003;7.468494e-002
1.139772e+003;7.470882e-002
1.140254e+003;7.473847e-002
1.140736e+003;7.477094e-002
1.141218e+003;7.480291e-002
1.141700e+003;7.483153e-002
1.142183e+003;7.485499e-002
1.142665e+003;7.487267e-002
1.143147e+003;7.488454e-002
1.143629e+003;7.489184e-002
1.144111e+003;7.489582e-002
1.144593e+003;7.489881e-002
1.145075e+003;7.490265e-002
1.145557e+003;7.490893e-002
1.146040e+003;7.491823e-002
1.146522e+003;7.493011e-002
1.147004e+003;7.494324e-002
1.147486e+003;7.495578e-002
1.147968e+003;7.496610e-002
1.148450e+003;7.497346e-002
1.148932e+003;7.497825e-002
1.149415e+003;7.498154e-002
1.149897e+003;7.498492e-002
1.150379e+003;7.498972e-002
1.150861e+003;7.499624e-002
1.151343e+003;7.500447e-002
1.151825e+003;7.501357e-002
1.152307e+003;7.502272e-002
1.152790e+003;7.503124e-002
1.153272e+003;7.503880e-002
1.153754e+003;7.504512e-002
1.154236e+003;7.505038e-002
1.154718e+003;7.505430e-002
1.155200e+003;7.505663e-002
1.155682e+003;7.505718e-002
1.156165e+003;7.505594e-002
1.156647e+003;7.505289e-002
1.157129e+003;7.504790e-002
1.157611e+003;7.504049e-002
1.158093e+003;7.502981e-002
1.158575e+003;7.501375e-002
1.159057e+003;7.499071e-002
1.159540e+003;7.495896e-002
1.160022e+003;7.491764e-002
1.160504e+003;7.486689e-002
1.160986e+003;7.480716e-002
1.161468e+003;7.473949e-002
1.161950e+003;7.466421e-002
1.162432e+003;7.458103e-002
1.162914e+003;7.448945e-002
1.163397e+003;7.438865e-002
1.163879e+003;7.427913e-002
1.164361e+003;7.416257e-002
1.164843e+003;7.404219e-002
1.165325e+003;7.392219e-002
1.165807e+003;7.380661e-002
1.166289e+003;7.369853e-002
1.166771e+003;7.359934e-002
1.167254e+003;7.350807e-002
1.167736e+003;7.342260e-002
1.168218e+003;7.334001e-002
1.168700e+003;7.325785e-002
1.169182e+003;7.317489e-002
1.169664e+003;7.309162e-002
1.170146e+003;7.301027e-002
1.170629e+003;7.293373e-002
1.171111e+003;7.286506e-002
1.171593e+003;7.280716e-002
1.172075e+003;7.276142e-002
1.172557e+003;7.272823e-002
1.173039e+003;7.270631e-002
1.173521e+003;7.269414e-002
1.174004e+003;7.268951e-002
1.174486e+003;7.269078e-002
1.174968e+003;7.269654e-002
1.175450e+003;7.270645e-002
1.175932e+003;7.272027e-002
1.176414e+003;7.273777e-002
1.176896e+003;7.275845e-002
1.177379e+003;7.278126e-002
1.177861e+003;7.280475e-002
1.178343e+003;7.282770e-002
1.178825e+003;7.284903e-002
1.179307e+003;7.286861e-002
1.179789e+003;7.288704e-002
1.180271e+003;7.290519e-002
1.180754e+003;7.292401e-002
1.181236e+003;7.294369e-002
1.181718e+003;7.296438e-002
1.182200e+003;7.298495e-002
1.182682e+003;7.300472e-002
1.183164e+003;7.302286e-002
1.183646e+003;7.303926e-002
1.184128e+003;7.305379e-002
1.184611e+003;7.306690e-002
1.185093e+003;7.307859e-002
1.185575e+003;7.308862e-002
1.186057e+003;7.309692e-002
1.186539e+003;7.310287e-002
1.187021e+003;7.310672e-002
1.187503e+003;7.310893e-002
1.187986e+003;7.311048e-002
1.188468e+003;7.311226e-002
1.188950e+003;7.311468e-002
1.189432e+003;7.311759e-002
1.189914e+003;7.311980e-002
1.190396e+003;7.311957e-002
1.190878e+003;7.311509e-002
1.191361e+003;7.310484e-002
1.191843e+003;7.308789e-002
1.192325e+003;7.306420e-002
1.192807e+003;7.303434e-002
1.193289e+003;7.299939e-002
1.193771e+003;7.296103e-002
1.194253e+003;7.292143e-002
1.194735e+003;7.288264e-002
1.195218e+003;7.284676e-002
1.195700e+003;7.281522e-002
1.196182e+003;7.278916e-002
1.196664e+003;7.276808e-002
1.197146e+003;7.275105e-002
1.197628e+003;7.273659e-002
1.198110e+003;7.272317e-002
1.198593e+003;7.271017e-002
1.199075e+003;7.269724e-002
1.199557e+003;7.268544e-002
1.200039e+003;7.267560e-002
1.200521e+003;7.266826e-002
1.201003e+003;7.266361e-002
1.201485e+003;7.266104e-002
1.201968e+003;7.266000e-002
1.202450e+003;7.266007e-002
1.202932e+003;7.266140e-002
1.203414e+003;7.266515e-002
1.203896e+003;7.267202e-002
1.204378e+003;7.268292e-002
1.204860e+003;7.269761e-002
1.205343e+003;7.271468e-002
1.205825e+003;7.273234e-002
1.206307e+003;7.274840e-002
1.206789e+003;7.276244e-002
1.207271e+003;7.277439e-002
1.207753e+003;7.278649e-002
1.208235e+003;7.280120e-002
1.208718e+003;7.282120e-002
1.209200e+003;7.284807e-002
1.209682e+003;7.288172e-002
1.210164e+003;7.292096e-002
1.210646e+003;7.296313e-002
1.211128e+003;7.300557e-002
1.211610e+003;7.304621e-002
1.212092e+003;7.308384e-002
1.212575e+003;7.311875e-002
1.213057e+003;7.315224e-002
1.213539e+003;7.318594e-002
1.214021e+003;7.322228e-002
1.214503e+003;7.326213e-002
1.214985e+003;7.330649e-002
1.215467e+003;7.335509e-002
1.215949e+003;7.340652e-002
1.216432e+003;7.345928e-002
1.216914e+003;7.351188e-002
1.217396e+003;7.356300e-002
1.217878e+003;7.361211e-002
1.218360e+003;7.365922e-002
1.218842e+003;7.370484e-002
1.219324e+003;7.374968e-002
1.219807e+003;7.379413e-002
1.220289e+003;7.383846e-002
1.220771e+003;7.388317e-002
1.221253e+003;7.392871e-002
1.221735e+003;7.397643e-002
1.222217e+003;7.402842e-002
1.222699e+003;7.408632e-002
1.223182e+003;7.415162e-002
1.223664e+003;7.422446e-002
1.224146e+003;7.430395e-002
1.224628e+003;7.438757e-002
1.225110e+003;7.447224e-002
1.225592e+003;7.455564e-002
1.226074e+003;7.463567e-002
1.226557e+003;7.471208e-002
1.227039e+003;7.478531e-002
1.227521e+003;7.485636e-002
1.228003e+003;7.492593e-002
1.228485e+003;7.499446e-002
1.228967e+003;7.506181e-002
1.229449e+003;7.512769e-002
1.229932e+003;7.519259e-002
1.230414e+003;7.525691e-002
1.230896e+003;7.532247e-002
1.231378e+003;7.539068e-002
1.231860e+003;7.546245e-002
1.232342e+003;7.553831e-002
1.232824e+003;7.561696e-002
1.233306e+003;7.569700e-002
1.233789e+003;7.577644e-002
1.234271e+003;7.585397e-002
1.234753e+003;7.592885e-002
1.235235e+003;7.600093e-002
1.235717e+003;7.607071e-002
1.236199e+003;7.613852e-002
1.236681e+003;7.620424e-002
1.237164e+003;7.626798e-002
1.237646e+003;7.632979e-002
1.238128e+003;7.638964e-002
1.238610e+003;7.644887e-002
1.239092e+003;7.650816e-002
1.239574e+003;7.656888e-002
1.240056e+003;7.663160e-002
1.240539e+003;7.669603e-002
1.241021e+003;7.676144e-002
1.241503e+003;7.682633e-002
1.241985e+003;7.688966e-002
1.242467e+003;7.695112e-002
1.242949e+003;7.701129e-002
1.243431e+003;7.707163e-002
1.243913e+003;7.713403e-002
1.244396e+003;7.719968e-002
1.244878e+003;7.726872e-002
1.245360e+003;7.734063e-002
1.245842e+003;7.741296e-002
1.246324e+003;7.748318e-002
1.246806e+003;7.754876e-002
1.247288e+003;7.760785e-002
1.247771e+003;7.765970e-002
1.248253e+003;7.770498e-002
1.248735e+003;7.774526e-002
1.249217e+003;7.778312e-002
1.249699e+003;7.782079e-002
1.250181e+003;7.786070e-002
1.250663e+003;7.790413e-002
1.251146e+003;7.795171e-002
1.251628e+003;7.800267e-002
1.252110e+003;7.805591e-002
1.252592e+003;7.810918e-002
1.253074e+003;7.816073e-002
1.253556e+003;7.820892e-002
1.254038e+003;7.825293e-002
1.254521e+003;7.829303e-002
1.255003e+003;7.833037e-002
1.255485e+003;7.836667e-002
1.255967e+003;7.840371e-002
1.256449e+003;7.844305e-002
1.256931e+003;7.848509e-002
1.257413e+003;7.852962e-002
1.257896e+003;7.857595e-002
1.258378e+003;7.862315e-002
1.258860e+003;7.867072e-002
1.259342e+003;7.871890e-002
1.259824e+003;7.876815e-002
1.260306e+003;7.881917e-002
1.260788e+003;7.887180e-002
1.261270e+003;7.892509e-002
1.261753e+003;7.897682e-002
1.262235e+003;7.902417e-002
1.262717e+003;7.906444e-002
1.263199e+003;7.909542e-002
1.263681e+003;7.911664e-002
1.264163e+003;7.912877e-002
1.264645e+003;7.913342e-002
1.265127e+003;7.913207e-002
1.265610e+003;7.912575e-002
1.266092e+003;7.911473e-002
1.266574e+003;7.909809e-002
1.267056e+003;7.907493e-002
1.267538e+003;7.904509e-002
1.268020e+003;7.900915e-002
1.268502e+003;7.896903e-002
1.268985e+003;7.892735e-002
1.269467e+003;7.888728e-002
1.269949e+003;7.885130e-002
1.270431e+003;7.882114e-002
1.270913e+003;7.879678e-002
1.271395e+003;7.877737e-002
1.271877e+003;7.876106e-002
1.272360e+003;7.874635e-002
1.272842e+003;7.873183e-002
1.273324e+003;7.871703e-002
1.273806e+003;7.870243e-002
1.274288e+003;7.868864e-002
1.274770e+003;7.867756e-002
1.275252e+003;7.867055e-002
1.275734e+003;7.866881e-002
1.276217e+003;7.867336e-002
1.276699e+003;7.868387e-002
1.277181e+003;7.869939e-002
1.277663e+003;7.871798e-002
1.278145e+003;7.873749e-002
1.278627e+003;7.875557e-002
1.279109e+003;7.877070e-002
1.279592e+003;7.878248e-002
1.280074e+003;7.879167e-002
1.280556e+003;7.880018e-002
1.281038e+003;7.881048e-002
1.281520e+003;7.882473e-002
1.282002e+003;7.884426e-002
1.282484e+003;7.886920e-002
1.282967e+003;7.889803e-002
1.283449e+003;7.892837e-002
1.283931e+003;7.895767e-002
1.284413e+003;7.898385e-002
1.284895e+003;7.900549e-002
1.285377e+003;7.902263e-002
1.285859e+003;7.903562e-002
1.286342e+003;7.904606e-002
1.286824e+003;7.905497e-002
1.287306e+003;7.906353e-002
1.287788e+003;7.907268e-002
1.288270e+003;7.908294e-002
1.288752e+003;7.909475e-002
1.289234e+003;7.910889e-002
1.289717e+003;7.912640e-002
1.290199e+003;7.914808e-002
1.290681e+003;7.917493e-002
1.291163e+003;7.920706e-002
1.291645e+003;7.924452e-002
1.292127e+003;7.928639e-002
1.292609e+003;7.933102e-002
1.293091e+003;7.937728e-002
1.293573e+003;7.942354e-002
1.294056e+003;7.946853e-002
1.294538e+003;7.951148e-002
1.295020e+003;7.955168e-002
1.295502e+003;7.958870e-002
1.295984e+003;7.962254e-002
1.296466e+003;7.965305e-002
1.296948e+003;7.968114e-002
1.297431e+003;7.970817e-002
1.297913e+003;7.973612e-002
1.298395e+003;7.976698e-002
1.298877e+003;7.980273e-002
1.299359e+003;7.984404e-002
1.299841e+003;7.989036e-002
1.300323e+003;7.994000e-002
1.300806e+003;7.999025e-002
1.301288e+003;8.003892e-002
1.301770e+003;8.008454e-002
1.302252e+003;8.012641e-002
1.302734e+003;8.016644e-002
1.303216e+003;8.020655e-002
1.303698e+003;8.024950e-002
1.304181e+003;8.029728e-002
1.304663e+003;8.035090e-002
1.305145e+003;8.041020e-002
1.305627e+003;8.047397e-002
1.306109e+003;8.054064e-002
1.306591e+003;8.060835e-002
1.307073e+003;8.067566e-002
1.307556e+003;8.074135e-002
1.308038e+003;8.080424e-002
1.308520e+003;8.086376e-002
1.309002e+003;8.091962e-002
1.309484e+003;8.097173e-002
1.309966e+003;8.102091e-002
1.310448e+003;8.106875e-002
1.310930e+003;8.111642e-002
1.311413e+003;8.116557e-002
1.311895e+003;8.121704e-002
1.312377e+003;8.127125e-002
1.312859e+003;8.132765e-002
1.313341e+003;8.138544e-002
1.313823e+003;8.144321e-002
1.314305e+003;8.150032e-002
1.314788e+003;8.155611e-002
1.315270e+003;8.161020e-002
1.315752e+003;8.166220e-002
1.316234e+003;8.171222e-002
1.316716e+003;8.175989e-002
1.317198e+003;8.180538e-002
1.317680e+003;8.184897e-002
1.318163e+003;8.189122e-002
1.318645e+003;8.193321e-002
1.319127e+003;8.197559e-002
1.319609e+003;8.201922e-002
1.320091e+003;8.206433e-002
1.320573e+003;8.211136e-002
1.321055e+003;8.216070e-002
1.321538e+003;8.221281e-002
1.322020e+003;8.226802e-002
1.322502e+003;8.232697e-002
1.322984e+003;8.238924e-002
1.323466e+003;8.245450e-002
1.323948e+003;8.252126e-002
1.324430e+003;8.258838e-002
1.324912e+003;8.265464e-002
1.325395e+003;8.271918e-002
1.325877e+003;8.278220e-002
1.326359e+003;8.284422e-002
1.326841e+003;8.290542e-002
1.327323e+003;8.296586e-002
1.327805e+003;8.302508e-002
1.328287e+003;8.308302e-002
1.328770e+003;8.313990e-002
1.329252e+003;8.319703e-002
1.329734e+003;8.325712e-002
1.330216e+003;8.332300e-002
1.330698e+003;8.339681e-002
1.331180e+003;8.347915e-002
1.331662e+003;8.356812e-002
1.332145e+003;8.365984e-002
1.332627e+003;8.374941e-002
1.333109e+003;8.383244e-002
1.333591e+003;8.390667e-002
1.334073e+003;8.397228e-002
1.334555e+003;8.403181e-002
1.335037e+003;8.408835e-002
1.335520e+003;8.414567e-002
1.336002e+003;8.420603e-002
1.336484e+003;8.426962e-002
1.336966e+003;8.433560e-002
1.337448e+003;8.440240e-002
1.337930e+003;8.446863e-002
1.338412e+003;8.453352e-002
1.338895e+003;8.459672e-002
1.339377e+003;8.465823e-002
1.339859e+003;8.471813e-002
1.340341e+003;8.477579e-002
1.340823e+003;8.483085e-002
1.341305e+003;8.488284e-002
1.341787e+003;8.493222e-002
1.342269e+003;8.497918e-002
1.342751e+003;8.502466e-002
1.343234e+003;8.506930e-002
1.343716e+003;8.511313e-002
1.344198e+003;8.515558e-002
1.344680e+003;8.519530e-002
1.345162e+003;8.523119e-002
1.345644e+003;8.526264e-002
1.346126e+003;8.528915e-002
1.346609e+003;8.531113e-002
1.347091e+003;8.532913e-002
1.347573e+003;8.534363e-002
1.348055e+003;8.535496e-002
1.348537e+003;8.536305e-002
1.349019e+003;8.536829e-002
1.349501e+003;8.537132e-002
1.349984e+003;8.537327e-002
1.350466e+003;8.537509e-002
1.350948e+003;8.537795e-002
1.351430e+003;8.538225e-002
1.351912e+003;8.538751e-002
1.352394e+003;8.539319e-002
1.352876e+003;8.539803e-002
1.353359e+003;8.540186e-002
1.353841e+003;8.540428e-002
1.354323e+003;8.540613e-002
1.354805e+003;8.540837e-002
1.355287e+003;8.541188e-002
1.355769e+003;8.541702e-002
1.356251e+003;8.542360e-002
1.356734e+003;8.543140e-002
1.357216e+003;8.543958e-002
1.357698e+003;8.544751e-002
1.358180e+003;8.545518e-002
1.358662e+003;8.546307e-002
1.359144e+003;8.547206e-002
1.359626e+003;8.548354e-002
1.360108e+003;8.549884e-002
1.360591e+003;8.551933e-002
1.361073e+003;8.554550e-002
1.361555e+003;8.557737e-002
1.362037e+003;8.561400e-002
1.362519e+003;8.565336e-002
1.363001e+003;8.569375e-002
1.363483e+003;8.573282e-002
1.363966e+003;8.576947e-002
1.364448e+003;8.580381e-002
1.364930e+003;8.583611e-002
1.365412e+003;8.586811e-002
1.365894e+003;8.590046e-002
1.366376e+003;8.593413e-002
1.366858e+003;8.596788e-002
1.367341e+003;8.600018e-002
1.367823e+003;8.602904e-002
1.368305e+003;8.605234e-002
1.368787e+003;8.606910e-002
1.369269e+003;8.607963e-002
1.369751e+003;8.608509e-002
1.370233e+003;8.608736e-002
1.370716e+003;8.608903e-002
1.371198e+003;8.609220e-002
1.371680e+003;8.609830e-002
1.372162e+003;8.610880e-002
1.372644e+003;8.612431e-002
1.373126e+003;8.614441e-002
1.373608e+003;8.616814e-002
1.374090e+003;8.619420e-002
1.374573e+003;8.622032e-002
1.375055e+003;8.624434e-002
1.375537e+003;8.626499e-002
1.376019e+003;8.628133e-002
1.376501e+003;8.629347e-002
1.376983e+003;8.630226e-002
1.377465e+003;8.630823e-002
1.377948e+003;8.631221e-002
1.378430e+003;8.631393e-002
1.378912e+003;8.631336e-002
1.379394e+003;8.630996e-002
1.379876e+003;8.630395e-002
1.380358e+003;8.629684e-002
1.380840e+003;8.629076e-002
1.381323e+003;8.628786e-002
1.381805e+003;8.629055e-002
1.382287e+003;8.630039e-002
1.382769e+003;8.631776e-002
1.383251e+003;8.634249e-002
1.383733e+003;8.637387e-002
1.384215e+003;8.641101e-002
1.384698e+003;8.645318e-002
1.385180e+003;8.650015e-002
1.385662e+003;8.655043e-002
1.386144e+003;8.660284e-002
1.386626e+003;8.665551e-002
1.387108e+003;8.670666e-002
1.387590e+003;8.675468e-002
1.388073e+003;8.679938e-002
1.388555e+003;8.684129e-002
1.389037e+003;8.688163e-002
1.389519e+003;8.692179e-002
1.390001e+003;8.696289e-002
1.390483e+003;8.700531e-002
1.390965e+003;8.704927e-002
1.391447e+003;8.709546e-002
1.391929e+003;8.714505e-002
1.392412e+003;8.720005e-002
1.392894e+003;8.726256e-002
1.393376e+003;8.733388e-002
1.393858e+003;8.741359e-002
1.394340e+003;8.749910e-002
1.394822e+003;8.758622e-002
1.395304e+003;8.767034e-002
1.395787e+003;8.774775e-002
1.396269e+003;8.781703e-002
1.396751e+003;8.787940e-002
1.397233e+003;8.793841e-002
1.397715e+003;8.799805e-002
1.398197e+003;8.806197e-002
1.398679e+003;8.813173e-002
1.399162e+003;8.820676e-002
1.399644e+003;8.828454e-002
1.400126e+003;8.836154e-002
1.400608e+003;8.843564e-002
1.401090e+003;8.850564e-002
1.401572e+003;8.857278e-002
1.402054e+003;8.863954e-002
1.402537e+003;8.870889e-002
1.403019e+003;8.878325e-002
1.403501e+003;8.886403e-002
1.403983e+003;8.895025e-002
1.404465e+003;8.903943e-002
1.404947e+003;8.912797e-002
1.405429e+003;8.921206e-002
1.405911e+003;8.928899e-002
1.406394e+003;8.935817e-002
1.406876e+003;8.942004e-002
1.407358e+003;8.947742e-002
1.407840e+003;8.953340e-002
1.408322e+003;8.959112e-002
1.408804e+003;8.965254e-002
1.409286e+003;8.971845e-002
1.409769e+003;8.978774e-002
1.410251e+003;8.985870e-002
1.410733e+003;8.992945e-002
1.411215e+003;8.999784e-002
1.411697e+003;9.006290e-002
1.412179e+003;9.012431e-002
1.412661e+003;9.018216e-002
1.413144e+003;9.023657e-002
1.413626e+003;9.028744e-002
1.414108e+003;9.033502e-002
1.414590e+003;9.037964e-002
1.415072e+003;9.042219e-002
1.415554e+003;9.046501e-002
1.416036e+003;9.051110e-002
1.416519e+003;9.056394e-002
1.417001e+003;9.062658e-002
1.417483e+003;9.069939e-002
1.417965e+003;9.078079e-002
1.418447e+003;9.086609e-002
1.418929e+003;9.094814e-002
1.419411e+003;9.101970e-002
1.419894e+003;9.107544e-002
1.420376e+003;9.111318e-002
1.420858e+003;9.113467e-002
1.421340e+003;9.114593e-002
1.421822e+003;9.115409e-002
1.422304e+003;9.116594e-002
1.422786e+003;9.118573e-002
1.423268e+003;9.121365e-002
1.423750e+003;9.124634e-002
1.424233e+003;9.127799e-002
1.424715e+003;9.130355e-002
1.425197e+003;9.131960e-002
1.425679e+003;9.132739e-002
1.426161e+003;9.133122e-002
1.426643e+003;9.133756e-002
1.427125e+003;9.135298e-002
1.427608e+003;9.138161e-002
1.428090e+003;9.142409e-002
1.428572e+003;9.147787e-002
1.429054e+003;9.153780e-002
1.429536e+003;9.159825e-002
1.430018e+003;9.165385e-002
1.430500e+003;9.170046e-002
1.430983e+003;9.173538e-002
1.431465e+003;9.175717e-002
1.431947e+003;9.176651e-002
1.432429e+003;9.176562e-002
1.432911e+003;9.175904e-002
1.433393e+003;9.175397e-002
1.433875e+003;9.175825e-002
1.434358e+003;9.177913e-002
1.434840e+003;9.182023e-002
1.435322e+003;9.188040e-002
1.435804e+003;9.195238e-002
1.436286e+003;9.202474e-002
1.436768e+003;9.208486e-002
1.437250e+003;9.212357e-002
1.437732e+003;9.213750e-002
1.438215e+003;9.213013e-002
1.438697e+003;9.210971e-002
1.439179e+003;9.208630e-002
1.439661e+003;9.206819e-002
1.440143e+003;9.205955e-002
1.440625e+003;9.206073e-002
1.441107e+003;9.206862e-002
1.441590e+003;9.207974e-002
1.442072e+003;9.209188e-002
1.442554e+003;9.210461e-002
1.443036e+003;9.211979e-002
1.443518e+003;9.213953e-002
1.444000e+003;9.216531e-002
1.444482e+003;9.219738e-002
1.444965e+003;9.223486e-002
1.445447e+003;9.227717e-002
1.445929e+003;9.232385e-002
1.446411e+003;9.237521e-002
1.446893e+003;9.243131e-002
1.447375e+003;9.249100e-002
1.447857e+003;9.255156e-002
1.448340e+003;9.260871e-002
1.448822e+003;9.265877e-002
1.449304e+003;9.269948e-002
1.449786e+003;9.273160e-002
1.450268e+003;9.275875e-002
1.450750e+003;9.278564e-002
1.451232e+003;9.281687e-002
1.451715e+003;9.285507e-002
1.452197e+003;9.290048e-002
1.452679e+003;9.295204e-002
1.453161e+003;9.300962e-002
1.453643e+003;9.307499e-002
1.454125e+003;9.315095e-002
1.454607e+003;9.324151e-002
1.455089e+003;9.334758e-002
1.455572e+003;9.346483e-002
1.456054e+003;9.358322e-002
1.456536e+003;9.368747e-002
1.457018e+003;9.376165e-002
1.457500e+003;9.379378e-002
1.457982e+003;9.377877e-002
1.458464e+003;9.371995e-002
1.458947e+003;9.362702e-002
1.459429e+003;9.351233e-002
1.459911e+003;9.338813e-002
1.460393e+003;9.326351e-002
1.460875e+003;9.314499e-002
1.461357e+003;9.303668e-002
1.461839e+003;9.294114e-002
1.462322e+003;9.286041e-002
1.462804e+003;9.279562e-002
1.463286e+003;9.274652e-002
1.463768e+003;9.270974e-002
1.464250e+003;9.268016e-002
1.464732e+003;9.265055e-002
1.465214e+003;9.261400e-002
1.465697e+003;9.256576e-002
1.466179e+003;9.250437e-002
1.466661e+003;9.243161e-002
1.467143e+003;9.235184e-002
1.467625e+003;9.227013e-002
1.468107e+003;9.219065e-002
1.468589e+003;9.211791e-002
1.469072e+003;9.205497e-002
1.469553e+003;9.200470e-002
1.470036e+003;9.196990e-002
1.470518e+003;9.195190e-002
1.471000e+003;9.195087e-002
1.471482e+003;9.196308e-002
1.471964e+003;9.198248e-002
1.472446e+003;9.200037e-002
1.472928e+003;9.200840e-002
1.473411e+003;9.200116e-002
1.473893e+003;9.197696e-002
1.474375e+003;9.193898e-002
1.474857e+003;9.189373e-002
1.475339e+003;9.184811e-002
1.475821e+003;9.180865e-002
1.476303e+003;9.177881e-002
1.476786e+003;9.175962e-002
1.477268e+003;9.174974e-002
1.477750e+003;9.174767e-002
1.478232e+003;9.175172e-002
1.478714e+003;9.176130e-002
1.479196e+003;9.177618e-002
1.479678e+003;9.179609e-002
1.480161e+003;9.182000e-002
1.480643e+003;9.184684e-002
1.481125e+003;9.187445e-002
1.481607e+003;9.190158e-002
1.482089e+003;9.192762e-002
1.482571e+003;9.195317e-002
1.483053e+003;9.197966e-002
1.483536e+003;9.200805e-002
1.484018e+003;9.204003e-002
1.484500e+003;9.207612e-002
1.484982e+003;9.211653e-002
1.485464e+003;9.216120e-002
1.485946e+003;9.221015e-002
1.486428e+003;9.226300e-002
1.486910e+003;9.231989e-002
1.487393e+003;9.238087e-002
1.487875e+003;9.244574e-002
1.488357e+003;9.251472e-002
1.488839e+003;9.258726e-002
1.489321e+003;9.266231e-002
1.489803e+003;9.273797e-002
1.490285e+003;9.281160e-002
1.490768e+003;9.287982e-002
1.491250e+003;9.293918e-002
1.491732e+003;9.298800e-002
1.492214e+003;9.302735e-002
1.492696e+003;9.306107e-002
1.493178e+003;9.309597e-002
1.493660e+003;9.314038e-002
1.494143e+003;9.320131e-002
1.494625e+003;9.328271e-002
1.495107e+003;9.338334e-002
1.495589e+003;9.349751e-002
1.496071e+003;9.361610e-002
1.496553e+003;9.372910e-002
1.497035e+003;9.382926e-002
1.497518e+003;9.391364e-002
1.498000e+003;9.398396e-002
1.498482e+003;9.404515e-002
1.498964e+003;9.410357e-002
1.499446e+003;9.416376e-002
1.499928e+003;9.422746e-002
1.500410e+003;9.429342e-002
1.500893e+003;9.435909e-002
1.501375e+003;9.442112e-002
1.501857e+003;9.447905e-002
1.502339e+003;9.453510e-002
1.502821e+003;9.459566e-002
1.503303e+003;9.466874e-002
1.503785e+003;9.476349e-002
1.504267e+003;9.488650e-002
1.504750e+003;9.504005e-002
1.505232e+003;9.522003e-002
1.505714e+003;9.541649e-002
1.506196e+003;9.561394e-002
1.506678e+003;9.579590e-002
1.507160e+003;9.594872e-002
1.507642e+003;9.606514e-002
1.508125e+003;9.614597e-002
1.508607e+003;9.619964e-002
1.509089e+003;9.623878e-002
1.509571e+003;9.627762e-002
1.510053e+003;9.632781e-002
1.510535e+003;9.639618e-002
1.511017e+003;9.648395e-002
1.511500e+003;9.658750e-002
1.511982e+003;9.670014e-002
1.512464e+003;9.681530e-002
1.512946e+003;9.692933e-002
1.513428e+003;9.704184e-002
1.513910e+003;9.715556e-002
1.514392e+003;9.727491e-002
1.514875e+003;9.740338e-002
1.515357e+003;9.754115e-002
1.515839e+003;9.768508e-002
1.516321e+003;9.782930e-002
1.516803e+003;9.796687e-002
1.517285e+003;9.809352e-002
1.517767e+003;9.820937e-002
1.518250e+003;9.831970e-002
1.518731e+003;9.843415e-002
1.519214e+003;9.856267e-002
1.519696e+003;9.871299e-002
1.520178e+003;9.888653e-002
1.520660e+003;9.907699e-002
1.521142e+003;9.927272e-002
1.521624e+003;9.945909e-002
1.522106e+003;9.962454e-002
1.522589e+003;9.976446e-002
1.523071e+003;9.988321e-002
1.523553e+003;9.999097e-002
1.524035e+003;1.001017e-001
1.524517e+003;1.002264e-001
1.524999e+003;1.003711e-001
1.525481e+003;1.005340e-001
1.525964e+003;1.007082e-001
1.526446e+003;1.008837e-001
1.526928e+003;1.010516e-001
1.527410e+003;1.012075e-001
1.527892e+003;1.013514e-001
1.528374e+003;1.014869e-001
1.528856e+003;1.016195e-001
1.529339e+003;1.017530e-001
1.529821e+003;1.018911e-001
1.530303e+003;1.020363e-001
1.530785e+003;1.021918e-001
1.531267e+003;1.023618e-001
1.531749e+003;1.025508e-001
1.532231e+003;1.027611e-001
1.532714e+003;1.029909e-001
1.533196e+003;1.032314e-001
1.533678e+003;1.034696e-001
1.534160e+003;1.036903e-001
1.534642e+003;1.038833e-001
1.535124e+003;1.040456e-001
1.535606e+003;1.041845e-001
1.536088e+003;1.043161e-001
1.536571e+003;1.044600e-001
1.537053e+003;1.046340e-001
1.537535e+003;1.048497e-001
1.538017e+003;1.051091e-001
1.538499e+003;1.054047e-001
1.538981e+003;1.057220e-001
1.539463e+003;1.060444e-001
1.539946e+003;1.063574e-001
1.540428e+003;1.066516e-001
1.540910e+003;1.069231e-001
1.541392e+003;1.071738e-001
1.541874e+003;1.074082e-001
1.542356e+003;1.076339e-001
1.542838e+003;1.078585e-001
1.543321e+003;1.080893e-001
1.543803e+003;1.083317e-001
1.544285e+003;1.085874e-001
1.544767e+003;1.088541e-001
1.545249e+003;1.091262e-001
1.545731e+003;1.093968e-001
1.546213e+003;1.096609e-001
1.546696e+003;1.099166e-001
1.547178e+003;1.101673e-001
1.547660e+003;1.104189e-001
1.548142e+003;1.106776e-001
1.548624e+003;1.109466e-001
1.549106e+003;1.112248e-001
1.549588e+003;1.115073e-001
1.550071e+003;1.117887e-001
1.550552e+003;1.120659e-001
1.551035e+003;1.123411e-001
1.551517e+003;1.126212e-001
1.551999e+003;1.129148e-001
1.552481e+003;1.132275e-001
1.552963e+003;1.135596e-001
1.553445e+003;1.139026e-001
1.553927e+003;1.142446e-001
1.554410e+003;1.145731e-001
1.554892e+003;1.148826e-001
1.555374e+003;1.151775e-001
1.555856e+003;1.154727e-001
1.556338e+003;1.157888e-001
1.556820e+003;1.161461e-001
1.557302e+003;1.165574e-001
1.557785e+003;1.170221e-001
1.558267e+003;1.175254e-001
1.558749e+003;1.180414e-001
1.559231e+003;1.185400e-001
1.559713e+003;1.189958e-001
1.560195e+003;1.193956e-001
1.560677e+003;1.197401e-001
1.561160e+003;1.200423e-001
1.561642e+003;1.203223e-001
1.562124e+003;1.206022e-001
1.562606e+003;1.209005e-001
1.563088e+003;1.212299e-001
1.563570e+003;1.215945e-001
1.564052e+003;1.219917e-001
1.564535e+003;1.224130e-001
1.565017e+003;1.228480e-001
1.565499e+003;1.232876e-001
1.565981e+003;1.237268e-001
1.566463e+003;1.241661e-001
1.566945e+003;1.246106e-001
1.567427e+003;1.250682e-001
1.567909e+003;1.255460e-001
1.568392e+003;1.260474e-001
1.568874e+003;1.265707e-001
1.569356e+003;1.271090e-001
1.569838e+003;1.276509e-001
1.570320e+003;1.281857e-001
1.570802e+003;1.287049e-001
1.571284e+003;1.292055e-001
1.571767e+003;1.296908e-001
1.572249e+003;1.301708e-001
1.572731e+003;1.306593e-001
1.573213e+003;1.311722e-001
1.573695e+003;1.317241e-001
1.574177e+003;1.323239e-001
1.574659e+003;1.329733e-001
1.575142e+003;1.336643e-001
1.575624e+003;1.343803e-001
1.576106e+003;1.350998e-001
1.576588e+003;1.358023e-001
1.577070e+003;1.364744e-001
1.577552e+003;1.371130e-001
1.578034e+003;1.377268e-001
1.578517e+003;1.383314e-001
1.578999e+003;1.389450e-001
1.579481e+003;1.395826e-001
1.579963e+003;1.402519e-001
1.580445e+003;1.409536e-001
1.580927e+003;1.416817e-001
1.581409e+003;1.424287e-001
1.581892e+003;1.431881e-001
1.582374e+003;1.439578e-001
1.582856e+003;1.447393e-001
1.583338e+003;1.455361e-001
1.583820e+003;1.463503e-001
1.584302e+003;1.471821e-001
1.584784e+003;1.480291e-001
1.585266e+003;1.488877e-001
1.585749e+003;1.497551e-001
1.586231e+003;1.506309e-001
1.586713e+003;1.515173e-001
1.587195e+003;1.524169e-001
1.587677e+003;1.533322e-001
1.588159e+003;1.542627e-001
1.588641e+003;1.552073e-001
1.589124e+003;1.561641e-001
1.589606e+003;1.571324e-001
1.590088e+003;1.581146e-001
1.590570e+003;1.591142e-001
1.591052e+003;1.601358e-001
1.591534e+003;1.611813e-001
1.592016e+003;1.622498e-001
1.592499e+003;1.633377e-001
1.592981e+003;1.644395e-001
1.593463e+003;1.655516e-001
1.593945e+003;1.666733e-001
1.594427e+003;1.678069e-001
1.594909e+003;1.689572e-001
1.595391e+003;1.701281e-001
1.595874e+003;1.713222e-001
1.596356e+003;1.725389e-001
1.596838e+003;1.737754e-001
1.597320e+003;1.750290e-001
1.597802e+003;1.762983e-001
1.598284e+003;1.775838e-001
1.598766e+003;1.788870e-001
1.599249e+003;1.802098e-001
1.599730e+003;1.815520e-001
1.600213e+003;1.829133e-001
1.600695e+003;1.842908e-001
1.601177e+003;1.856839e-001
1.601659e+003;1.870928e-001
1.602141e+003;1.885195e-001
1.602623e+003;1.899664e-001
1.603105e+003;1.914336e-001
1.603588e+003;1.929199e-001
1.604070e+003;1.944215e-001
1.604552e+003;1.959346e-001
1.605034e+003;1.974571e-001
1.605516e+003;1.989903e-001
1.605998e+003;2.005383e-001
1.606480e+003;2.021059e-001
1.606963e+003;2.036958e-001
1.607445e+003;2.053075e-001
1.607927e+003;2.069365e-001
1.608409e+003;2.085769e-001
1.608891e+003;2.102236e-001
1.609373e+003;2.118757e-001
1.609855e+003;2.135352e-001
1.610338e+003;2.152059e-001
1.610820e+003;2.168891e-001
1.611302e+003;2.185825e-001
1.611784e+003;2.202783e-001
1.612266e+003;2.219680e-001
1.612748e+003;2.236458e-001
1.613230e+003;2.253138e-001
1.613713e+003;2.269832e-001
1.614195e+003;2.286706e-001
1.614677e+003;2.303924e-001
1.615159e+003;2.321579e-001
1.615641e+003;2.339621e-001
1.616123e+003;2.357858e-001
1.616605e+003;2.375995e-001
1.617087e+003;2.393721e-001
1.617570e+003;2.410811e-001
1.618052e+003;2.427180e-001
1.618534e+003;2.442894e-001
1.619016e+003;2.458127e-001
1.619498e+003;2.473094e-001
1.619980e+003;2.487987e-001
1.620462e+003;2.502933e-001
1.620945e+003;2.517983e-001
1.621427e+003;2.533111e-001
1.621909e+003;2.548239e-001
1.622391e+003;2.563248e-001
1.622873e+003;2.578000e-001
1.623355e+003;2.592349e-001
1.623837e+003;2.606176e-001
1.624320e+003;2.619405e-001
1.624802e+003;2.632016e-001
1.625284e+003;2.644059e-001
1.625766e+003;2.655634e-001
1.626248e+003;2.666843e-001
1.626730e+003;2.677763e-001
1.627212e+003;2.688413e-001
1.627695e+003;2.698730e-001
1.628177e+003;2.708612e-001
1.628659e+003;2.717938e-001
1.629141e+003;2.726617e-001
1.629623e+003;2.734595e-001
1.630105e+003;2.741886e-001
1.630587e+003;2.748524e-001
1.631070e+003;2.754553e-001
1.631552e+003;2.760013e-001
1.632034e+003;2.764945e-001
1.632516e+003;2.769399e-001
1.632998e+003;2.773447e-001
1.633480e+003;2.777178e-001
1.633962e+003;2.780659e-001
1.634444e+003;2.783909e-001
1.634927e+003;2.786854e-001
1.635409e+003;2.789342e-001
1.635891e+003;2.791164e-001
1.636373e+003;2.792137e-001
1.636855e+003;2.792162e-001
1.637337e+003;2.791259e-001
1.637819e+003;2.789554e-001
1.638302e+003;2.787228e-001
1.638784e+003;2.784447e-001
1.639266e+003;2.781316e-001
1.639748e+003;2.777868e-001
1.640230e+003;2.774059e-001
1.640712e+003;2.769836e-001
1.641194e+003;2.765159e-001
1.641677e+003;2.760032e-001
1.642159e+003;2.754489e-001
1.642641e+003;2.748590e-001
1.643123e+003;2.742368e-001
1.643605e+003;2.735839e-001
1.644087e+003;2.728994e-001
1.644569e+003;2.721819e-001
1.645052e+003;2.714319e-001
1.645534e+003;2.706500e-001
1.646016e+003;2.698369e-001
1.646498e+003;2.689901e-001
1.646980e+003;2.681034e-001
1.647462e+003;2.671683e-001
1.647944e+003;2.661783e-001
1.648427e+003;2.651328e-001
1.648908e+003;2.640418e-001
1.649391e+003;2.629227e-001
1.649873e+003;2.617989e-001
1.650355e+003;2.606918e-001
1.650837e+003;2.596142e-001
1.651319e+003;2.585663e-001
1.651801e+003;2.575340e-001
1.652283e+003;2.564928e-001
1.652766e+003;2.554143e-001
1.653248e+003;2.542757e-001
1.653730e+003;2.530656e-001
1.654212e+003;2.517855e-001
1.654694e+003;2.504466e-001
1.655176e+003;2.490656e-001
1.655658e+003;2.476590e-001
1.656141e+003;2.462418e-001
1.656623e+003;2.448248e-001
1.657105e+003;2.434158e-001
1.657587e+003;2.420182e-001
1.658069e+003;2.406313e-001
1.658551e+003;2.392515e-001
1.659033e+003;2.378728e-001
1.659516e+003;2.364906e-001
1.659998e+003;2.351018e-001
1.660480e+003;2.337073e-001
1.660962e+003;2.323102e-001
1.661444e+003;2.309144e-001
1.661926e+003;2.295209e-001
1.662408e+003;2.281272e-001
1.662891e+003;2.267271e-001
1.663373e+003;2.253129e-001
1.663855e+003;2.238801e-001
1.664337e+003;2.224287e-001
1.664819e+003;2.209639e-001
1.665301e+003;2.194943e-001
1.665783e+003;2.180286e-001
1.666265e+003;2.165716e-001
1.666748e+003;2.151237e-001
1.667230e+003;2.136818e-001
1.667712e+003;2.122414e-001
1.668194e+003;2.107987e-001
1.668676e+003;2.093532e-001
1.669158e+003;2.079052e-001
1.669640e+003;2.064544e-001
1.670123e+003;2.049996e-001
1.670605e+003;2.035366e-001
1.671087e+003;2.020613e-001
1.671569e+003;2.005724e-001
1.672051e+003;1.990745e-001
1.672533e+003;1.975762e-001
1.673015e+003;1.960895e-001
1.673498e+003;1.946232e-001
1.673980e+003;1.931800e-001
1.674462e+003;1.917544e-001
1.674944e+003;1.903350e-001
1.675426e+003;1.889090e-001
1.675908e+003;1.874677e-001
1.676390e+003;1.860110e-001
1.676873e+003;1.845462e-001
1.677355e+003;1.830846e-001
1.677837e+003;1.816355e-001
1.678319e+003;1.802027e-001
1.678801e+003;1.787823e-001
1.679283e+003;1.773666e-001
1.679765e+003;1.759478e-001
1.680248e+003;1.745235e-001
1.680729e+003;1.730981e-001
1.681212e+003;1.716834e-001
1.681694e+003;1.702926e-001
1.682176e+003;1.689359e-001
1.682658e+003;1.676167e-001
1.683140e+003;1.663283e-001
1.683622e+003;1.650571e-001
1.684104e+003;1.637846e-001
1.684587e+003;1.624944e-001
1.685069e+003;1.611766e-001
1.685551e+003;1.598290e-001
1.686033e+003;1.584566e-001
1.686515e+003;1.570701e-001
1.686997e+003;1.556817e-001
1.687479e+003;1.543031e-001
1.687962e+003;1.529431e-001
1.688444e+003;1.516075e-001
1.688926e+003;1.502970e-001
1.689408e+003;1.490075e-001
1.689890e+003;1.477322e-001
1.690372e+003;1.464636e-001
1.690854e+003;1.451958e-001
1.691337e+003;1.439274e-001
1.691819e+003;1.426630e-001
1.692301e+003;1.414114e-001
1.692783e+003;1.401830e-001
1.693265e+003;1.389861e-001
1.693747e+003;1.378239e-001
1.694229e+003;1.366919e-001
1.694712e+003;1.355793e-001
1.695194e+003;1.344712e-001
1.695676e+003;1.333532e-001
1.696158e+003;1.322179e-001
1.696640e+003;1.310659e-001
1.697122e+003;1.299075e-001
1.697604e+003;1.287581e-001
1.698086e+003;1.276348e-001
1.698569e+003;1.265496e-001
1.699051e+003;1.255058e-001
1.699533e+003;1.244968e-001
1.700015e+003;1.235059e-001
1.700497e+003;1.225129e-001
1.700979e+003;1.214993e-001
1.701461e+003;1.204572e-001
1.701944e+003;1.193904e-001
1.702426e+003;1.183138e-001
1.702908e+003;1.172479e-001
1.703390e+003;1.162123e-001
1.703872e+003;1.152189e-001
1.704354e+003;1.142691e-001
1.704836e+003;1.133536e-001
1.705319e+003;1.124561e-001
1.705801e+003;1.115606e-001
1.706283e+003;1.106564e-001
1.706765e+003;1.097421e-001
1.707247e+003;1.088237e-001
1.707729e+003;1.079117e-001
1.708211e+003;1.070147e-001
1.708694e+003;1.061376e-001
1.709176e+003;1.052795e-001
1.709658e+003;1.044367e-001
1.710140e+003;1.036051e-001
1.710622e+003;1.027832e-001
1.711104e+003;1.019732e-001
1.711586e+003;1.011787e-001
1.712069e+003;1.004029e-001
1.712551e+003;9.964598e-002
1.713033e+003;9.890567e-002
1.713515e+003;9.817814e-002
1.713997e+003;9.746170e-002
1.714479e+003;9.675679e-002
1.714961e+003;9.606731e-002
1.715443e+003;9.539799e-002
1.715926e+003;9.475072e-002
1.716408e+003;9.412180e-002
1.716890e+003;9.350225e-002
1.717372e+003;9.288011e-002
1.717854e+003;9.224510e-002
1.718336e+003;9.159210e-002
1.718818e+003;9.092426e-002
1.719301e+003;9.025040e-002
1.719783e+003;8.958224e-002
1.720265e+003;8.892949e-002
1.720747e+003;8.829785e-002
1.721229e+003;8.768743e-002
1.721711e+003;8.709475e-002
1.722193e+003;8.651553e-002
1.722676e+003;8.594578e-002
1.723158e+003;8.538309e-002
1.723640e+003;8.482698e-002
1.724122e+003;8.427650e-002
1.724604e+003;8.373054e-002
1.725086e+003;8.318855e-002
1.725568e+003;8.265118e-002
1.726051e+003;8.212087e-002
1.726533e+003;8.160261e-002
1.727015e+003;8.110195e-002
1.727497e+003;8.062202e-002
1.727979e+003;8.016272e-002
1.728461e+003;7.971933e-002
1.728943e+003;7.928468e-002
1.729426e+003;7.885196e-002
1.729907e+003;7.841808e-002
1.730390e+003;7.798540e-002
1.730872e+003;7.756151e-002
1.731354e+003;7.715654e-002
1.731836e+003;7.677825e-002
1.732318e+003;7.642925e-002
1.732800e+003;7.610468e-002
1.733282e+003;7.579277e-002
1.733765e+003;7.547772e-002
1.734247e+003;7.514467e-002
1.734729e+003;7.478315e-002
1.735211e+003;7.439105e-002
1.735693e+003;7.397267e-002
1.736175e+003;7.353912e-002
1.736657e+003;7.310362e-002
1.737140e+003;7.267988e-002
1.737622e+003;7.227863e-002
1.738104e+003;7.190699e-002
1.738586e+003;7.156628e-002
1.739068e+003;7.125261e-002
1.739550e+003;7.095787e-002
1.740032e+003;7.067272e-002
1.740515e+003;7.038835e-002
1.740997e+003;7.009988e-002
1.741479e+003;6.980605e-002
1.741961e+003;6.950938e-002
1.742443e+003;6.921338e-002
1.742925e+003;6.892131e-002
1.743407e+003;6.863420e-002
1.743890e+003;6.835102e-002
1.744372e+003;6.806994e-002
1.744854e+003;6.778998e-002
1.745336e+003;6.751153e-002
1.745818e+003;6.723575e-002
1.746300e+003;6.696467e-002
1.746782e+003;6.669909e-002
1.747264e+003;6.643745e-002
1.747747e+003;6.617771e-002
1.748229e+003;6.591793e-002
1.748711e+003;6.565828e-002
1.749193e+003;6.540148e-002
1.749675e+003;6.515204e-002
1.750157e+003;6.491344e-002
1.750639e+003;6.468643e-002
1.751122e+003;6.446587e-002
1.751604e+003;6.424285e-002
1.752086e+003;6.400751e-002
1.752568e+003;6.375274e-002
1.753050e+003;6.347797e-002
1.753532e+003;6.318944e-002
1.754014e+003;6.289873e-002
1.754497e+003;6.261870e-002
1.754979e+003;6.235906e-002
1.755461e+003;6.212362e-002
1.755943e+003;6.190937e-002
1.756425e+003;6.170908e-002
1.756907e+003;6.151391e-002
1.757389e+003;6.131761e-002
1.757872e+003;6.111790e-002
1.758354e+003;6.091706e-002
1.758836e+003;6.071965e-002
1.759318e+003;6.053050e-002
1.759800e+003;6.035334e-002
1.760282e+003;6.018888e-002
1.760764e+003;6.003584e-002
1.761247e+003;5.989108e-002
1.761729e+003;5.974980e-002
1.762211e+003;5.960650e-002
1.762693e+003;5.945533e-002
1.763175e+003;5.929199e-002
1.763657e+003;5.911445e-002
1.764139e+003;5.892434e-002
1.764621e+003;5.872737e-002
1.765104e+003;5.853204e-002
1.765586e+003;5.834745e-002
1.766068e+003;5.818054e-002
1.766550e+003;5.803213e-002
1.767032e+003;5.789826e-002
1.767514e+003;5.777045e-002
1.767996e+003;5.763951e-002
1.768479e+003;5.749936e-002
1.768961e+003;5.734960e-002
1.769443e+003;5.719564e-002
1.769925e+003;5.704654e-002
1.770407e+003;5.691072e-002
1.770889e+003;5.679247e-002
1.771371e+003;5.669009e-002
1.771854e+003;5.659638e-002
1.772336e+003;5.650098e-002
1.772818e+003;5.639469e-002
1.773300e+003;5.627195e-002
1.773782e+003;5.613179e-002
1.774264e+003;5.597792e-002
1.774746e+003;5.581553e-002
1.775229e+003;5.564954e-002
1.775711e+003;5.548398e-002
1.776193e+003;5.532099e-002
1.776675e+003;5.516209e-002
1.777157e+003;5.500916e-002
1.777639e+003;5.486540e-002
1.778121e+003;5.473341e-002
1.778604e+003;5.461549e-002
1.779085e+003;5.451167e-002
1.779568e+003;5.442021e-002
1.780050e+003;5.433624e-002
1.780532e+003;5.425426e-002
1.781014e+003;5.416938e-002
1.781496e+003;5.407775e-002
1.781978e+003;5.397842e-002
1.782460e+003;5.387272e-002
1.782943e+003;5.376317e-002
1.783425e+003;5.365363e-002
1.783907e+003;5.354740e-002
1.784389e+003;5.344658e-002
1.784871e+003;5.335185e-002
1.785353e+003;5.326234e-002
1.785835e+003;5.317545e-002
1.786318e+003;5.308839e-002
1.786800e+003;5.299806e-002
1.787282e+003;5.290324e-002
1.787764e+003;5.280396e-002
1.788246e+003;5.270258e-002
1.788728e+003;5.260357e-002
1.789210e+003;5.251132e-002
1.789693e+003;5.243037e-002
1.790175e+003;5.236322e-002
1.790657e+003;5.231017e-002
1.791139e+003;5.226839e-002
1.791621e+003;5.223301e-002
1.792103e+003;5.219822e-002
1.792585e+003;5.215804e-002
1.793067e+003;5.210790e-002
1.793550e+003;5.204624e-002
1.794032e+003;5.197407e-002
1.794514e+003;5.189460e-002
1.794996e+003;5.181294e-002
1.795478e+003;5.173378e-002
1.795960e+003;5.166018e-002
1.796442e+003;5.159347e-002
1.796925e+003;5.153303e-002
1.797407e+003;5.147547e-002
1.797889e+003;5.141795e-002
1.798371e+003;5.135786e-002
1.798853e+003;5.129454e-002
1.799335e+003;5.122871e-002
1.799817e+003;5.116165e-002
1.800300e+003;5.109491e-002
1.800782e+003;5.102905e-002
1.801264e+003;5.096352e-002
1.801746e+003;5.089702e-002
1.802228e+003;5.082868e-002
1.802710e+003;5.075859e-002
1.803192e+003;5.068803e-002
1.803675e+003;5.061856e-002
1.804157e+003;5.055226e-002
1.804639e+003;5.048924e-002
1.805121e+003;5.042816e-002
1.805603e+003;5.036686e-002
1.806085e+003;5.030214e-002
1.806567e+003;5.023280e-002
1.807050e+003;5.015830e-002
1.807531e+003;5.008040e-002
1.808014e+003;5.000169e-002
1.808496e+003;4.992466e-002
1.808978e+003;4.985175e-002
1.809460e+003;4.978454e-002
1.809942e+003;4.972300e-002
1.810424e+003;4.966691e-002
1.810906e+003;4.961501e-002
1.811389e+003;4.956467e-002
1.811871e+003;4.951284e-002
1.812353e+003;4.945523e-002
1.812835e+003;4.938761e-002
1.813317e+003;4.930774e-002
1.813799e+003;4.921611e-002
1.814281e+003;4.911792e-002
1.814764e+003;4.902091e-002
1.815246e+003;4.893537e-002
1.815728e+003;4.886989e-002
1.816210e+003;4.883068e-002
1.816692e+003;4.881829e-002
1.817174e+003;4.882888e-002
1.817656e+003;4.885554e-002
1.818139e+003;4.888946e-002
1.818621e+003;4.892332e-002
1.819103e+003;4.895040e-002
1.819585e+003;4.896639e-002
1.820067e+003;4.896762e-002
1.820549e+003;4.895107e-002
1.821031e+003;4.891589e-002
1.821514e+003;4.886439e-002
1.821996e+003;4.880167e-002
1.822478e+003;4.873694e-002
1.822960e+003;4.868066e-002
1.823442e+003;4.864142e-002
1.823924e+003;4.862485e-002
1.824406e+003;4.862954e-002
1.824888e+003;4.864927e-002
1.825371e+003;4.867428e-002
1.825853e+003;4.869505e-002
1.826335e+003;4.870405e-002
1.826817e+003;4.869791e-002
1.827299e+003;4.867794e-002
1.827781e+003;4.864680e-002
1.828263e+003;4.860798e-002
1.828746e+003;4.856483e-002
1.829228e+003;4.851926e-002
1.829710e+003;4.847327e-002
1.830192e+003;4.842893e-002
1.830674e+003;4.838691e-002
1.831156e+003;4.834729e-002
1.831638e+003;4.830875e-002
1.832121e+003;4.826851e-002
1.832603e+003;4.822359e-002
1.833085e+003;4.817311e-002
1.833567e+003;4.811872e-002
1.834049e+003;4.806611e-002
1.834531e+003;4.802218e-002
1.835013e+003;4.799348e-002
1.835496e+003;4.798200e-002
1.835978e+003;4.798432e-002
1.836460e+003;4.799267e-002
1.836942e+003;4.799654e-002
1.837424e+003;4.798715e-002
1.837906e+003;4.796056e-002
1.838388e+003;4.791854e-002
1.838871e+003;4.786758e-002
1.839353e+003;4.781639e-002
1.839835e+003;4.777301e-002
1.840317e+003;4.774177e-002
1.840799e+003;4.772643e-002
1.841281e+003;4.772741e-002
1.841763e+003;4.774541e-002
1.842245e+003;4.778079e-002
1.842728e+003;4.783185e-002
1.843210e+003;4.789501e-002
1.843692e+003;4.796110e-002
1.844174e+003;4.801816e-002
1.844656e+003;4.805330e-002
1.845138e+003;4.805754e-002
1.845620e+003;4.802803e-002
1.846103e+003;4.796991e-002
1.846585e+003;4.789378e-002
1.847067e+003;4.781327e-002
1.847549e+003;4.773906e-002
1.848031e+003;4.767771e-002
1.848513e+003;4.763073e-002
1.848995e+003;4.759564e-002
1.849478e+003;4.756968e-002
1.849960e+003;4.755190e-002
1.850442e+003;4.754284e-002
1.850924e+003;4.754384e-002
1.851406e+003;4.755472e-002
1.851888e+003;4.757180e-002
1.852370e+003;4.758757e-002
1.852853e+003;4.759403e-002
1.853335e+003;4.758394e-002
1.853817e+003;4.755468e-002
1.854299e+003;4.750884e-002
1.854781e+003;4.745320e-002
1.855263e+003;4.739662e-002
1.855745e+003;4.734587e-002
1.856228e+003;4.730581e-002
1.856709e+003;4.727725e-002
1.857192e+003;4.725926e-002
1.857674e+003;4.725038e-002
1.858156e+003;4.725017e-002
1.858638e+003;4.725930e-002
1.859120e+003;4.727795e-002
1.859602e+003;4.730564e-002
1.860084e+003;4.734005e-002
1.860567e+003;4.737709e-002
1.861049e+003;4.741194e-002
1.861531e+003;4.744044e-002
1.862013e+003;4.746012e-002
1.862495e+003;4.747071e-002
1.862977e+003;4.747258e-002
1.863459e+003;4.746864e-002
1.863942e+003;4.746219e-002
1.864424e+003;4.745658e-002
1.864906e+003;4.745595e-002
1.865388e+003;4.746357e-002
1.865870e+003;4.748140e-002
1.866352e+003;4.750954e-002
1.866834e+003;4.754425e-002
1.867317e+003;4.758014e-002
1.867799e+003;4.760996e-002
1.868281e+003;4.762815e-002
1.868763e+003;4.763151e-002
1.869245e+003;4.762127e-002
1.869727e+003;4.760281e-002
1.870209e+003;4.758224e-002
1.870692e+003;4.756459e-002
1.871174e+003;4.755253e-002
1.871656e+003;4.754460e-002
1.872138e+003;4.753744e-002
1.872620e+003;4.752726e-002
1.873102e+003;4.751153e-002
1.873584e+003;4.749132e-002
1.874066e+003;4.746989e-002
1.874549e+003;4.745110e-002
1.875031e+003;4.743835e-002
1.875513e+003;4.743296e-002
1.875995e+003;4.743369e-002
1.876477e+003;4.743790e-002
1.876959e+003;4.744291e-002
1.877441e+003;4.744757e-002
1.877924e+003;4.745376e-002
1.878406e+003;4.746455e-002
1.878888e+003;4.748465e-002
1.879370e+003;4.751698e-002
1.879852e+003;4.756343e-002
1.880334e+003;4.762080e-002
1.880816e+003;4.768355e-002
1.881299e+003;4.774283e-002
1.881781e+003;4.778917e-002
1.882263e+003;4.781477e-002
1.882745e+003;4.781432e-002
1.883227e+003;4.778859e-002
1.883709e+003;4.774246e-002
1.884191e+003;4.768487e-002
1.884674e+003;4.762538e-002
1.885156e+003;4.757255e-002
1.885638e+003;4.753162e-002
1.886120e+003;4.750370e-002
1.886602e+003;4.748743e-002
1.887084e+003;4.748075e-002
1.887566e+003;4.748327e-002
1.888049e+003;4.749625e-002
1.888531e+003;4.752252e-002
1.889013e+003;4.756396e-002
1.889495e+003;4.762029e-002
1.889977e+003;4.768619e-002
1.890459e+003;4.775259e-002
1.890941e+003;4.781106e-002
1.891423e+003;4.785434e-002
1.891906e+003;4.788116e-002
1.892388e+003;4.789509e-002
1.892870e+003;4.790337e-002
1.893352e+003;4.791444e-002
1.893834e+003;4.793149e-002
1.894316e+003;4.795415e-002
1.894798e+003;4.797633e-002
1.895281e+003;4.799007e-002
1.895763e+003;4.798729e-002
1.896245e+003;4.796567e-002
1.896727e+003;4.792830e-002
1.897209e+003;4.788385e-002
1.897691e+003;4.784331e-002
1.898173e+003;4.781868e-002
1.898656e+003;4.781795e-002
1.899138e+003;4.784511e-002
1.899620e+003;4.789754e-002
1.900102e+003;4.796928e-002
1.900584e+003;4.804973e-002
1.901066e+003;4.812796e-002
1.901548e+003;4.819285e-002
1.902031e+003;4.823747e-002
1.902513e+003;4.825867e-002
1.902995e+003;4.825926e-002
1.903477e+003;4.824668e-002
1.903959e+003;4.823075e-002
1.904441e+003;4.822236e-002
1.904923e+003;4.822949e-002
1.905406e+003;4.825554e-002
1.905887e+003;4.829882e-002
1.906370e+003;4.835402e-002
1.906852e+003;4.841441e-002
1.907334e+003;4.847142e-002
1.907816e+003;4.851938e-002
1.908298e+003;4.855358e-002
1.908780e+003;4.857268e-002
1.909262e+003;4.857650e-002
1.909745e+003;4.856844e-002
1.910227e+003;4.855439e-002
1.910709e+003;4.854215e-002
1.911191e+003;4.853875e-002
1.911673e+003;4.854738e-002
1.912155e+003;4.856720e-002
1.912637e+003;4.859027e-002
1.913120e+003;4.860453e-002
1.913602e+003;4.860004e-002
1.914084e+003;4.857249e-002
1.914566e+003;4.852916e-002
1.915048e+003;4.848710e-002
1.915530e+003;4.846951e-002
1.916012e+003;4.849699e-002
1.916495e+003;4.857845e-002
1.916977e+003;4.870569e-002
1.917459e+003;4.885456e-002
1.917941e+003;4.899179e-002
1.918423e+003;4.908703e-002
1.918905e+003;4.912325e-002
1.919387e+003;4.910253e-002
1.919870e+003;4.904537e-002
1.920352e+003;4.898414e-002
1.920834e+003;4.894818e-002
1.921316e+003;4.895803e-002
1.921798e+003;4.901759e-002
1.922280e+003;4.911500e-002
1.922762e+003;4.922745e-002
1.923244e+003;4.933100e-002
1.923727e+003;4.940571e-002
1.924209e+003;4.944129e-002
1.924691e+003;4.943703e-002
1.925173e+003;4.940022e-002
1.925655e+003;4.934254e-002
1.926137e+003;4.927872e-002
1.926619e+003;4.922275e-002
1.927102e+003;4.918753e-002
1.927584e+003;4.918378e-002
1.928066e+003;4.921729e-002
1.928548e+003;4.928558e-002
1.929030e+003;4.938136e-002
1.929512e+003;4.949000e-002
1.929994e+003;4.959537e-002
1.930477e+003;4.968466e-002
1.930959e+003;4.975083e-002
1.931441e+003;4.979497e-002
1.931923e+003;4.982350e-002
1.932405e+003;4.984469e-002
1.932887e+003;4.986400e-002
1.933369e+003;4.988133e-002
1.933852e+003;4.989132e-002
1.934334e+003;4.988628e-002
1.934816e+003;4.985913e-002
1.935298e+003;4.980963e-002
1.935780e+003;4.974487e-002
1.936262e+003;4.967660e-002
1.936744e+003;4.962109e-002
1.937227e+003;4.959233e-002
1.937708e+003;4.960072e-002
1.938191e+003;4.964828e-002
1.938673e+003;4.973068e-002
1.939155e+003;4.983691e-002
1.939637e+003;4.995336e-002
1.940119e+003;5.006421e-002
1.940601e+003;5.015698e-002
1.941083e+003;5.022275e-002
1.941566e+003;5.025974e-002
1.942048e+003;5.027140e-002
1.942530e+003;5.026584e-002
1.943012e+003;5.025325e-002
1.943494e+003;5.024199e-002
1.943976e+003;5.023620e-002
1.944458e+003;5.023628e-002
1.944941e+003;5.024095e-002
1.945423e+003;5.025012e-002
1.945905e+003;5.026667e-002
1.946387e+003;5.029933e-002
1.946869e+003;5.035759e-002
1.947351e+003;5.044998e-002
1.947833e+003;5.057621e-002
1.948316e+003;5.072812e-002
1.948798e+003;5.088851e-002
1.949280e+003;5.103754e-002
1.949762e+003;5.115762e-002
1.950244e+003;5.123905e-002
1.950726e+003;5.128263e-002
1.951208e+003;5.129730e-002
1.951691e+003;5.129299e-002
1.952173e+003;5.127805e-002
1.952655e+003;5.125359e-002
1.953137e+003;5.121462e-002
1.953619e+003;5.115245e-002
1.954101e+003;5.106124e-002
1.954583e+003;5.094159e-002
1.955065e+003;5.080263e-002
1.955548e+003;5.066129e-002
1.956030e+003;5.053799e-002
1.956512e+003;5.045338e-002
1.956994e+003;5.042321e-002
1.957476e+003;5.045725e-002
1.957958e+003;5.055849e-002
1.958440e+003;5.072081e-002
1.958923e+003;5.093153e-002
1.959405e+003;5.116914e-002
1.959887e+003;5.140886e-002
1.960369e+003;5.162328e-002
1.960851e+003;5.179339e-002
1.961333e+003;5.190771e-002
1.961815e+003;5.197002e-002
1.962298e+003;5.199592e-002
1.962780e+003;5.200939e-002
1.963262e+003;5.202852e-002
1.963744e+003;5.206488e-002
1.964226e+003;5.211156e-002
1.964708e+003;5.214969e-002
1.965190e+003;5.215072e-002
1.965673e+003;5.209158e-002
1.966155e+003;5.196020e-002
1.966637e+003;5.176888e-002
1.967119e+003;5.154490e-002
1.967601e+003;5.133099e-002
1.968083e+003;5.116769e-002
1.968565e+003;5.108854e-002
1.969048e+003;5.110791e-002
1.969530e+003;5.122449e-002
1.970012e+003;5.142292e-002
1.970494e+003;5.168417e-002
1.970976e+003;5.198865e-002
1.971458e+003;5.232503e-002
1.971940e+003;5.268761e-002
1.972422e+003;5.307490e-002
1.972905e+003;5.348364e-002
1.973387e+003;5.390994e-002
1.973869e+003;5.434389e-002
1.974351e+003;5.477902e-002
1.974833e+003;5.520814e-002
1.975315e+003;5.563341e-002
1.975797e+003;5.605586e-002
1.976280e+003;5.647773e-002
1.976762e+003;5.688845e-002
1.977244e+003;5.726612e-002
1.977726e+003;5.757533e-002
1.978208e+003;5.778060e-002
1.978690e+003;5.785478e-002
1.979172e+003;5.779473e-002
1.979655e+003;5.762152e-002
1.980137e+003;5.737810e-002
1.980619e+003;5.711838e-002
1.981101e+003;5.689199e-002
1.981583e+003;5.673511e-002
1.982065e+003;5.666369e-002
1.982547e+003;5.666772e-002
1.983030e+003;5.672438e-002
1.983512e+003;5.680044e-002
1.983994e+003;5.686656e-002
1.984476e+003;5.689738e-002
1.984958e+003;5.688092e-002
1.985440e+003;5.681266e-002
1.985922e+003;5.669483e-002
1.986405e+003;5.653408e-002
1.986886e+003;5.634412e-002
1.987369e+003;5.614420e-002
1.987851e+003;5.596096e-002
1.988333e+003;5.582482e-002
1.988815e+003;5.576341e-002
1.989297e+003;5.579683e-002
1.989779e+003;5.592922e-002
1.990261e+003;5.614408e-002
1.990744e+003;5.641168e-002
1.991226e+003;5.669286e-002
1.991708e+003;5.695141e-002
1.992190e+003;5.716037e-002
1.992672e+003;5.730950e-002
1.993154e+003;5.740324e-002
1.993636e+003;5.745864e-002
1.994119e+003;5.749753e-002
1.994601e+003;5.754456e-002
1.995083e+003;5.761950e-002
1.995565e+003;5.773604e-002
1.996047e+003;5.789917e-002
1.996529e+003;5.809996e-002
1.997011e+003;5.831722e-002
1.997494e+003;5.851494e-002
1.997976e+003;5.864763e-002
1.998458e+003;5.867269e-002
1.998940e+003;5.856163e-002
1.999422e+003;5.831272e-002
1.999904e+003;5.795452e-002
2.000386e+003;5.754552e-002
2.000869e+003;5.716110e-002
2.001351e+003;5.687479e-002
2.001833e+003;5.673908e-002
2.002315e+003;5.677378e-002
2.002797e+003;5.696110e-002
2.003279e+003;5.725548e-002
2.003761e+003;5.759742e-002
2.004243e+003;5.793155e-002
2.004726e+003;5.821943e-002
2.005208e+003;5.844749e-002
2.005690e+003;5.862226e-002
2.006172e+003;5.876219e-002
2.006654e+003;5.888928e-002
2.007136e+003;5.901465e-002
2.007618e+003;5.913518e-002
2.008101e+003;5.923625e-002
2.008583e+003;5.929471e-002
2.009065e+003;5.928906e-002
2.009547e+003;5.920431e-002
2.010029e+003;5.904270e-002
2.010511e+003;5.882289e-002
2.010993e+003;5.857943e-002
2.011476e+003;5.835753e-002
2.011958e+003;5.820070e-002
2.012440e+003;5.814252e-002
2.012922e+003;5.819901e-002
2.013404e+003;5.835907e-002
2.013886e+003;5.859506e-002
2.014368e+003;5.886677e-002
2.014851e+003;5.913775e-002
2.015333e+003;5.938269e-002
2.015815e+003;5.959121e-002
2.016297e+003;5.976845e-002
2.016779e+003;5.992399e-002
2.017261e+003;6.006594e-002
2.017743e+003;6.019565e-002
2.018226e+003;6.031038e-002
2.018708e+003;6.040592e-002
2.019190e+003;6.048664e-002
2.019672e+003;6.056627e-002
2.020154e+003;6.066535e-002
2.020636e+003;6.080116e-002
2.021118e+003;6.097552e-002
2.021600e+003;6.116909e-002
2.022083e+003;6.134237e-002
2.022565e+003;6.144848e-002
2.023047e+003;6.144832e-002
2.023529e+003;6.132953e-002
2.024011e+003;6.111377e-002
2.024493e+003;6.085977e-002
2.024975e+003;6.063760e-002
2.025458e+003;6.051673e-002
2.025940e+003;6.054121e-002
2.026422e+003;6.071602e-002
2.026904e+003;6.101020e-002
2.027386e+003;6.136676e-002
2.027868e+003;6.171900e-002
2.028350e+003;6.201141e-002
2.028833e+003;6.220850e-002
2.029315e+003;6.230425e-002
2.029797e+003;6.231753e-002
2.030279e+003;6.228541e-002
2.030761e+003;6.225052e-002
2.031243e+003;6.225446e-002
2.031725e+003;6.232711e-002
2.032208e+003;6.248484e-002
2.032690e+003;6.272229e-002
2.033172e+003;6.301957e-002
2.033654e+003;6.334373e-002
2.034136e+003;6.365771e-002
2.034618e+003;6.392620e-002
2.035100e+003;6.412543e-002
2.035583e+003;6.424621e-002
2.036064e+003;6.429545e-002
2.036547e+003;6.428979e-002
2.037029e+003;6.425384e-002
2.037511e+003;6.421045e-002
2.037993e+003;6.417947e-002
2.038475e+003;6.417280e-002
2.038957e+003;6.419459e-002
2.039439e+003;6.424217e-002
2.039922e+003;6.430641e-002
2.040404e+003;6.437337e-002
2.040886e+003;6.442850e-002
2.041368e+003;6.445777e-002
2.041850e+003;6.445429e-002
2.042332e+003;6.441945e-002
2.042814e+003;6.436507e-002
2.043297e+003;6.431082e-002
2.043779e+003;6.428216e-002
2.044261e+003;6.429951e-002
2.044743e+003;6.437849e-002
2.045225e+003;6.452424e-002
2.045707e+003;6.473490e-002
2.046189e+003;6.500090e-002
2.046672e+003;6.531168e-002
2.047154e+003;6.565439e-002
2.047636e+003;6.601325e-002
2.048118e+003;6.636536e-002
2.048600e+003;6.668339e-002
2.049082e+003;6.693760e-002
2.049564e+003;6.710360e-002
2.050047e+003;6.717037e-002
2.050529e+003;6.714675e-002
2.051011e+003;6.705958e-002
2.051493e+003;6.694806e-002
2.051975e+003;6.684981e-002
2.052457e+003;6.679142e-002
2.052939e+003;6.677808e-002
2.053421e+003;6.679486e-002
2.053904e+003;6.681082e-002
2.054386e+003;6.679380e-002
2.054868e+003;6.672619e-002
2.055350e+003;6.661284e-002
2.055832e+003;6.647919e-002
2.056314e+003;6.636356e-002
2.056796e+003;6.630027e-002
2.057279e+003;6.630473e-002
2.057761e+003;6.636881e-002
2.058243e+003;6.646135e-002
2.058725e+003;6.654407e-002
2.059207e+003;6.658392e-002
2.059689e+003;6.656753e-002
2.060171e+003;6.650566e-002
2.060654e+003;6.642902e-002
2.061136e+003;6.637425e-002
2.061618e+003;6.637182e-002
2.062100e+003;6.643621e-002
2.062582e+003;6.656326e-002
2.063064e+003;6.673529e-002
2.063546e+003;6.692939e-002
2.064029e+003;6.712618e-002
2.064511e+003;6.731542e-002
2.064993e+003;6.749321e-002
2.065475e+003;6.765986e-002
2.065957e+003;6.781334e-002
2.066439e+003;6.794807e-002
2.066921e+003;6.805685e-002
2.067404e+003;6.813399e-002
2.067885e+003;6.817967e-002
2.068368e+003;6.820185e-002
2.068850e+003;6.821442e-002
2.069332e+003;6.823298e-002
2.069814e+003;6.826953e-002
2.070296e+003;6.832754e-002
2.070778e+003;6.840460e-002
2.071260e+003;6.849073e-002
2.071743e+003;6.857667e-002
2.072225e+003;6.865532e-002
2.072707e+003;6.872460e-002
2.073189e+003;6.878731e-002
2.073671e+003;6.884898e-002
2.074153e+003;6.891647e-002
2.074635e+003;6.899624e-002
2.075118e+003;6.909125e-002
2.075600e+003;6.920324e-002
2.076082e+003;6.933127e-002
2.076564e+003;6.947117e-002
2.077046e+003;6.961634e-002
2.077528e+003;6.975670e-002
2.078010e+003;6.988142e-002
2.078493e+003;6.998262e-002
2.078975e+003;7.005581e-002
2.079457e+003;7.010251e-002
2.079939e+003;7.013074e-002
2.080421e+003;7.015021e-002
2.080903e+003;7.016989e-002
2.081385e+003;7.019450e-002
2.081868e+003;7.022299e-002
2.082350e+003;7.025066e-002
2.082832e+003;7.027028e-002
2.083314e+003;7.027788e-002
2.083796e+003;7.027378e-002
2.084278e+003;7.026161e-002
2.084760e+003;7.024747e-002
2.085242e+003;7.023632e-002
2.085725e+003;7.022993e-002
2.086207e+003;7.022689e-002
2.086689e+003;7.022288e-002
2.087171e+003;7.021527e-002
2.087653e+003;7.020301e-002
2.088135e+003;7.018872e-002
2.088617e+003;7.017636e-002
2.089100e+003;7.016960e-002
2.089582e+003;7.016859e-002
2.090064e+003;7.017154e-002
2.090546e+003;7.017329e-002
2.091028e+003;7.017039e-002
2.091510e+003;7.016133e-002
2.091992e+003;7.014965e-002
2.092475e+003;7.014147e-002
2.092957e+003;7.014319e-002
2.093439e+003;7.015897e-002
2.093921e+003;7.018861e-002
2.094403e+003;7.022561e-002
2.094885e+003;7.026217e-002
2.095367e+003;7.029095e-002
2.095850e+003;7.030839e-002
2.096332e+003;7.031631e-002
2.096814e+003;7.032145e-002
2.097296e+003;7.033312e-002
2.097778e+003;7.036071e-002
2.098260e+003;7.041014e-002
2.098742e+003;7.048433e-002
2.099225e+003;7.058108e-002
2.099707e+003;7.069727e-002
2.100189e+003;7.082653e-002
2.100671e+003;7.096391e-002
2.101153e+003;7.110331e-002
2.101635e+003;7.123986e-002
2.102117e+003;7.136850e-002
2.102599e+003;7.148430e-002
2.103082e+003;7.158171e-002
2.103564e+003;7.165421e-002
2.104046e+003;7.169537e-002
2.104528e+003;7.169980e-002
2.105010e+003;7.166523e-002
2.105492e+003;7.159504e-002
2.105974e+003;7.149785e-002
2.106457e+003;7.138986e-002
2.106939e+003;7.128967e-002
2.107421e+003;7.121744e-002
2.107903e+003;7.118663e-002
2.108385e+003;7.120375e-002
2.108867e+003;7.126466e-002
2.109349e+003;7.135832e-002
2.109832e+003;7.146820e-002
2.110314e+003;7.157872e-002
2.110796e+003;7.167751e-002
2.111278e+003;7.175848e-002
2.111760e+003;7.181814e-002
2.112242e+003;7.185406e-002
2.112724e+003;7.186328e-002
2.113207e+003;7.184144e-002
2.113689e+003;7.178400e-002
2.114171e+003;7.169114e-002
2.114653e+003;7.156810e-002
2.115135e+003;7.142889e-002
2.115617e+003;7.129215e-002
2.116099e+003;7.117747e-002
2.116582e+003;7.110056e-002
2.117063e+003;7.106886e-002
2.117546e+003;7.108019e-002
2.118028e+003;7.112449e-002
2.118510e+003;7.118809e-002
2.118992e+003;7.125793e-002
2.119474e+003;7.132445e-002
2.119956e+003;7.138174e-002
2.120438e+003;7.142765e-002
2.120921e+003;7.146007e-002
2.121403e+003;7.147563e-002
2.121885e+003;7.147099e-002
2.122367e+003;7.144278e-002
2.122849e+003;7.139120e-002
2.123331e+003;7.132023e-002
2.123813e+003;7.123744e-002
2.124296e+003;7.115332e-002
2.124778e+003;7.107678e-002
2.125260e+003;7.101145e-002
2.125742e+003;7.095674e-002
2.126224e+003;7.090726e-002
2.126706e+003;7.085418e-002
2.127188e+003;7.079048e-002
2.127671e+003;7.071162e-002
2.128153e+003;7.061706e-002
2.128635e+003;7.051056e-002
2.129117e+003;7.039649e-002
2.129599e+003;7.027973e-002
2.130081e+003;7.016391e-002
2.130563e+003;7.005231e-002
2.131046e+003;6.994768e-002
2.131528e+003;6.985277e-002
2.132010e+003;6.977173e-002
2.132492e+003;6.970721e-002
2.132974e+003;6.966112e-002
2.133456e+003;6.963335e-002
2.133938e+003;6.962247e-002
2.134420e+003;6.962617e-002
2.134903e+003;6.964524e-002
2.135385e+003;6.968218e-002
2.135867e+003;6.974307e-002
2.136349e+003;6.983491e-002
2.136831e+003;6.995801e-002
2.137313e+003;7.010706e-002
2.137795e+003;7.026719e-002
2.138278e+003;7.041433e-002
2.138760e+003;7.052293e-002
2.139242e+003;7.057049e-002
2.139724e+003;7.054748e-002
2.140206e+003;7.045887e-002
2.140688e+003;7.032485e-002
2.141170e+003;7.017695e-002
2.141653e+003;7.004538e-002
2.142135e+003;6.995087e-002
2.142617e+003;6.989904e-002
2.143099e+003;6.987635e-002
2.143581e+003;6.985615e-002
2.144063e+003;6.980846e-002
2.144545e+003;6.970815e-002
2.145028e+003;6.954627e-002
2.145510e+003;6.933206e-002
2.145992e+003;6.908916e-002
2.146474e+003;6.884713e-002
2.146956e+003;6.863254e-002
2.147438e+003;6.846026e-002
2.147920e+003;6.833258e-002
2.148403e+003;6.823616e-002
2.148885e+003;6.815504e-002
2.149367e+003;6.807442e-002
2.149849e+003;6.798831e-002
2.150331e+003;6.789881e-002
2.150813e+003;6.781526e-002
2.151295e+003;6.774730e-002
2.151777e+003;6.769817e-002
2.152260e+003;6.766021e-002
2.152742e+003;6.761371e-002
2.153224e+003;6.753329e-002
2.153706e+003;6.739663e-002
2.154188e+003;6.719144e-002
2.154670e+003;6.692860e-002
2.155152e+003;6.663972e-002
2.155635e+003;6.637711e-002
2.156117e+003;6.619711e-002
2.156599e+003;6.614987e-002
2.157081e+003;6.625977e-002
2.157563e+003;6.651094e-002
2.158045e+003;6.685203e-002
2.158527e+003;6.720683e-002
2.159010e+003;6.750439e-002
2.159492e+003;6.770019e-002
2.159974e+003;6.778862e-002
2.160456e+003;6.780329e-002
2.160938e+003;6.779394e-002
2.161420e+003;6.780530e-002
2.161902e+003;6.786654e-002
2.162385e+003;6.798135e-002
2.162867e+003;6.813905e-002
2.163349e+003;6.832351e-002
2.163831e+003;6.852234e-002
2.164313e+003;6.873140e-002
2.164795e+003;6.895007e-002
2.165277e+003;6.917251e-002
2.165760e+003;6.937895e-002
2.166241e+003;6.953171e-002
2.166724e+003;6.958637e-002
2.167206e+003;6.950682e-002
2.167688e+003;6.927627e-002
2.168170e+003;6.891425e-002
2.168652e+003;6.847269e-002
2.169134e+003;6.802197e-002
2.169616e+003;6.762964e-002
2.170099e+003;6.734512e-002
2.170581e+003;6.718336e-002
2.171063e+003;6.712814e-002
2.171545e+003;6.714359e-002
2.172027e+003;6.719004e-002
2.172509e+003;6.724251e-002
2.172991e+003;6.729732e-002
2.173474e+003;6.736756e-002
2.173956e+003;6.747140e-002
2.174438e+003;6.761830e-002
2.174920e+003;6.780084e-002
2.175402e+003;6.799153e-002
2.175884e+003;6.815397e-002
2.176366e+003;6.825944e-002
2.176849e+003;6.829550e-002
2.177331e+003;6.827333e-002
2.177813e+003;6.822111e-002
2.178295e+003;6.817719e-002
2.178777e+003;6.817342e-002
2.179259e+003;6.822910e-002
2.179741e+003;6.834310e-002
2.180223e+003;6.849822e-002
2.180706e+003;6.866827e-002
2.181188e+003;6.882434e-002
2.181670e+003;6.894085e-002
2.182152e+003;6.900352e-002
2.182634e+003;6.900749e-002
2.183116e+003;6.895521e-002
2.183598e+003;6.885684e-002
2.184081e+003;6.872528e-002
2.184563e+003;6.857308e-002
2.185045e+003;6.840876e-002
2.185527e+003;6.823763e-002
2.186009e+003;6.806225e-002
2.186491e+003;6.788372e-002
2.186973e+003;6.770482e-002
2.187456e+003;6.753390e-002
2.187938e+003;6.738441e-002
2.188420e+003;6.727324e-002
2.188902e+003;6.721474e-002
2.189384e+003;6.721622e-002
2.189866e+003;6.727456e-002
2.190348e+003;6.737623e-002
2.190831e+003;6.749976e-002
2.191313e+003;6.762172e-002
2.191795e+003;6.772705e-002
2.192277e+003;6.780630e-002
2.192759e+003;6.786247e-002
2.193241e+003;6.790136e-002
2.193723e+003;6.793034e-002
2.194206e+003;6.795323e-002
2.194688e+003;6.796708e-002
2.195170e+003;6.796466e-002
2.195652e+003;6.793912e-002
2.196134e+003;6.788824e-002
2.196616e+003;6.781461e-002
2.197098e+003;6.772570e-002
2.197580e+003;6.763183e-002
2.198063e+003;6.753949e-002
2.198545e+003;6.744743e-002
2.199027e+003;6.734884e-002
2.199509e+003;6.723231e-002
2.199991e+003;6.708650e-002
2.200473e+003;6.690858e-002
2.200955e+003;6.670364e-002
2.201438e+003;6.649114e-002
2.201920e+003;6.629838e-002
2.202402e+003;6.615704e-002
2.202884e+003;6.609385e-002
2.203366e+003;6.612428e-002
2.203848e+003;6.624532e-002
2.204330e+003;6.643752e-002
2.204813e+003;6.666388e-002
2.205295e+003;6.688286e-002
2.205777e+003;6.705283e-002
2.206259e+003;6.714394e-002
2.206741e+003;6.714308e-002
2.207223e+003;6.705531e-002
2.207705e+003;6.690279e-002
2.208188e+003;6.671321e-002
2.208670e+003;6.651629e-002
2.209152e+003;6.633438e-002
2.209634e+003;6.618301e-002
2.210116e+003;6.606510e-002
2.210598e+003;6.597838e-002
2.211080e+003;6.591563e-002
2.211563e+003;6.586880e-002
2.212044e+003;6.582868e-002
2.212527e+003;6.578909e-002
2.213009e+003;6.574336e-002
2.213491e+003;6.569061e-002
2.213973e+003;6.563070e-002
2.214455e+003;6.556966e-002
2.214937e+003;6.551582e-002
2.215419e+003;6.547806e-002
2.215902e+003;6.546284e-002
2.216384e+003;6.547213e-002
2.216866e+003;6.550211e-002
2.217348e+003;6.554475e-002
2.217830e+003;6.558935e-002
2.218312e+003;6.562721e-002
2.218794e+003;6.565360e-002
2.219277e+003;6.566551e-002
2.219759e+003;6.566183e-002
2.220241e+003;6.564198e-002
2.220723e+003;6.560268e-002
2.221205e+003;6.554106e-002
2.221687e+003;6.545658e-002
2.222169e+003;6.535211e-002
2.222652e+003;6.523698e-002
2.223134e+003;6.512465e-002
2.223616e+003;6.502756e-002
2.224098e+003;6.495495e-002
2.224580e+003;6.490739e-002
2.225062e+003;6.487881e-002
2.225544e+003;6.486092e-002
2.226027e+003;6.484674e-002
2.226509e+003;6.483452e-002
2.226991e+003;6.482827e-002
2.227473e+003;6.483646e-002
2.227955e+003;6.486250e-002
2.228437e+003;6.490330e-002
2.228919e+003;6.494649e-002
2.229401e+003;6.497097e-002
2.229884e+003;6.495791e-002
2.230366e+003;6.489412e-002
2.230848e+003;6.477972e-002
2.231330e+003;6.462726e-002
2.231812e+003;6.446014e-002
2.232294e+003;6.430334e-002
2.232776e+003;6.417770e-002
2.233259e+003;6.409273e-002
2.233741e+003;6.404838e-002
2.234223e+003;6.403533e-002
2.234705e+003;6.404155e-002
2.235187e+003;6.405552e-002
2.235669e+003;6.406862e-002
2.236151e+003;6.407571e-002
2.236634e+003;6.407401e-002
2.237116e+003;6.406099e-002
2.237598e+003;6.403369e-002
2.238080e+003;6.399062e-002
2.238562e+003;6.393160e-002
2.239044e+003;6.385996e-002
2.239526e+003;6.378204e-002
2.240009e+003;6.370575e-002
2.240491e+003;6.363908e-002
2.240973e+003;6.358588e-002
2.241455e+003;6.354691e-002
2.241937e+003;6.351809e-002
2.242419e+003;6.349106e-002
2.242901e+003;6.345744e-002
2.243384e+003;6.340770e-002
2.243865e+003;6.333587e-002
2.244348e+003;6.323925e-002
2.244830e+003;6.311911e-002
2.245312e+003;6.298164e-002
2.245794e+003;6.283721e-002
2.246276e+003;6.269854e-002
2.246758e+003;6.257801e-002
2.247240e+003;6.248506e-002
2.247723e+003;6.242406e-002
2.248205e+003;6.239180e-002
2.248687e+003;6.237754e-002
2.249169e+003;6.236549e-002
2.249651e+003;6.233881e-002
2.250133e+003;6.228431e-002
2.250615e+003;6.219521e-002
2.251098e+003;6.207612e-002
2.251580e+003;6.194077e-002
2.252062e+003;6.180960e-002
2.252544e+003;6.170470e-002
2.253026e+003;6.164236e-002
2.253508e+003;6.162836e-002
2.253990e+003;6.165625e-002
2.254473e+003;6.170771e-002
2.254955e+003;6.175815e-002
2.255437e+003;6.178553e-002
2.255919e+003;6.177389e-002
2.256401e+003;6.172132e-002
2.256883e+003;6.163784e-002
2.257365e+003;6.154348e-002
2.257848e+003;6.145898e-002
2.258330e+003;6.140111e-002
2.258812e+003;6.137509e-002
2.259294e+003;6.137696e-002
2.259776e+003;6.139396e-002
2.260258e+003;6.141049e-002
2.260740e+003;6.141426e-002
2.261222e+003;6.139841e-002
2.261705e+003;6.136172e-002
2.262187e+003;6.130754e-002
2.262669e+003;6.123858e-002
2.263151e+003;6.115506e-002
2.263633e+003;6.105627e-002
2.264115e+003;6.094180e-002
2.264597e+003;6.081468e-002
2.265080e+003;6.068425e-002
2.265562e+003;6.056312e-002
2.266044e+003;6.046575e-002
2.266526e+003;6.040075e-002
2.267008e+003;6.037047e-002
2.267490e+003;6.036756e-002
2.267972e+003;6.037833e-002
2.268455e+003;6.038725e-002
2.268937e+003;6.038346e-002
2.269419e+003;6.036311e-002
2.269901e+003;6.032988e-002
2.270383e+003;6.029159e-002
2.270865e+003;6.025680e-002
2.271347e+003;6.023184e-002
2.271830e+003;6.021693e-002
2.272312e+003;6.020882e-002
2.272794e+003;6.020311e-002
2.273276e+003;6.019555e-002
2.273758e+003;6.018510e-002
2.274240e+003;6.017343e-002
2.274722e+003;6.016312e-002
2.275205e+003;6.015729e-002
2.275687e+003;6.015641e-002
2.276169e+003;6.015929e-002
2.276651e+003;6.016433e-002
2.277133e+003;6.016890e-002
2.277615e+003;6.017089e-002
2.278097e+003;6.016839e-002
2.278579e+003;6.015971e-002
2.279062e+003;6.014314e-002
2.279544e+003;6.011622e-002
2.280026e+003;6.007811e-002
2.280508e+003;6.002981e-002
2.280990e+003;5.997368e-002
2.281472e+003;5.991416e-002
2.281954e+003;5.985517e-002
2.282437e+003;5.979962e-002
2.282919e+003;5.974846e-002
2.283401e+003;5.969936e-002
2.283883e+003;5.964912e-002
2.284365e+003;5.959509e-002
2.284847e+003;5.953659e-002
2.285329e+003;5.947438e-002
2.285812e+003;5.941215e-002
2.286294e+003;5.935263e-002
2.286776e+003;5.929910e-002
2.287258e+003;5.925360e-002
2.287740e+003;5.921636e-002
2.288222e+003;5.918692e-002
2.288704e+003;5.916398e-002
2.289187e+003;5.914585e-002
2.289669e+003;5.912948e-002
2.290151e+003;5.911125e-002
2.290633e+003;5.908640e-002
2.291115e+003;5.904953e-002
2.291597e+003;5.899767e-002
2.292079e+003;5.892878e-002
2.292562e+003;5.884454e-002
2.293043e+003;5.874884e-002
2.293526e+003;5.864769e-002
2.294008e+003;5.854789e-002
2.294490e+003;5.845433e-002
2.294972e+003;5.837195e-002
2.295454e+003;5.830398e-002
2.295936e+003;5.825235e-002
2.296418e+003;5.821884e-002
2.296901e+003;5.820315e-002
2.297383e+003;5.820230e-002
2.297865e+003;5.821145e-002
2.298347e+003;5.822269e-002
2.298829e+003;5.822610e-002
2.299311e+003;5.821344e-002
2.299793e+003;5.817968e-002
2.300276e+003;5.812483e-002
2.300758e+003;5.805436e-002
2.301240e+003;5.797772e-002
2.301722e+003;5.790598e-002
2.302204e+003;5.784762e-002
2.302686e+003;5.780735e-002
2.303168e+003;5.778453e-002
2.303651e+003;5.777406e-002
2.304133e+003;5.776852e-002
2.304615e+003;5.775926e-002
2.305097e+003;5.773962e-002
2.305579e+003;5.770564e-002
2.306061e+003;5.765636e-002
2.306543e+003;5.759338e-002
2.307026e+003;5.752090e-002
2.307508e+003;5.744571e-002
2.307990e+003;5.737413e-002
2.308472e+003;5.731225e-002
2.308954e+003;5.726421e-002
2.309436e+003;5.723144e-002
2.309918e+003;5.721219e-002
2.310400e+003;5.720137e-002
2.310883e+003;5.719352e-002
2.311365e+003;5.718429e-002
2.311847e+003;5.717157e-002
2.312329e+003;5.715657e-002
2.312811e+003;5.714276e-002
2.313293e+003;5.713464e-002
2.313775e+003;5.713599e-002
2.314258e+003;5.714782e-002
2.314740e+003;5.716833e-002
2.315222e+003;5.719315e-002
2.315704e+003;5.721627e-002
2.316186e+003;5.723249e-002
2.316668e+003;5.723766e-002
2.317150e+003;5.722892e-002
2.317633e+003;5.720750e-002
2.318115e+003;5.717583e-002
2.318597e+003;5.713910e-002
2.319079e+003;5.710422e-002
2.319561e+003;5.707965e-002
2.320043e+003;5.707207e-002
2.320525e+003;5.708605e-002
2.321008e+003;5.712005e-002
2.321490e+003;5.716667e-002
2.321972e+003;5.721144e-002
2.322454e+003;5.723635e-002
2.322936e+003;5.722412e-002
2.323418e+003;5.716218e-002
2.323900e+003;5.704652e-002
2.324383e+003;5.688316e-002
2.324865e+003;5.668538e-002
2.325347e+003;5.647279e-002
2.325829e+003;5.626432e-002
2.326311e+003;5.607609e-002
2.326793e+003;5.591765e-002
2.327275e+003;5.579136e-002
2.327757e+003;5.569403e-002
2.328240e+003;5.561809e-002
2.328722e+003;5.555534e-002
2.329204e+003;5.549877e-002
2.329686e+003;5.544405e-002
2.330168e+003;5.538897e-002
2.330650e+003;5.533478e-002
2.331132e+003;5.528185e-002
2.331615e+003;5.523152e-002
2.332097e+003;5.518395e-002
2.332579e+003;5.513888e-002
2.333061e+003;5.509666e-002
2.333543e+003;5.505604e-002
2.334025e+003;5.501736e-002
2.334507e+003;5.498029e-002
2.334990e+003;5.494477e-002
2.335472e+003;5.490980e-002
2.335954e+003;5.487529e-002
2.336436e+003;5.484070e-002
2.336918e+003;5.480608e-002
2.337400e+003;5.477137e-002
2.337882e+003;5.473827e-002
2.338365e+003;5.470794e-002
2.338847e+003;5.468168e-002
2.339329e+003;5.466007e-002
2.339811e+003;5.464409e-002
2.340293e+003;5.463260e-002
2.340775e+003;5.462528e-002
2.341257e+003;5.462024e-002
2.341740e+003;5.461618e-002
2.342221e+003;5.461171e-002
2.342704e+003;5.460517e-002
2.343186e+003;5.459618e-002
2.343668e+003;5.458389e-002
2.344150e+003;5.456849e-002
2.344632e+003;5.455053e-002
2.345114e+003;5.453052e-002
2.345596e+003;5.450893e-002
2.346079e+003;5.448463e-002
2.346561e+003;5.445654e-002
2.347043e+003;5.442261e-002
2.347525e+003;5.438087e-002
2.348007e+003;5.433000e-002
2.348489e+003;5.426959e-002
2.348971e+003;5.420045e-002
2.349454e+003;5.412464e-002
2.349936e+003;5.404405e-002
2.350418e+003;5.396103e-002
2.350900e+003;5.387677e-002
2.351382e+003;5.379213e-002
2.351864e+003;5.370780e-002
2.352346e+003;5.362484e-002
2.352829e+003;5.354496e-002
2.353311e+003;5.347015e-002
2.353793e+003;5.340345e-002
2.354275e+003;5.334633e-002
2.354757e+003;5.329914e-002
2.355239e+003;5.326049e-002
2.355721e+003;5.322806e-002
2.356204e+003;5.319890e-002
2.356686e+003;5.317039e-002
2.357168e+003;5.314128e-002
2.357650e+003;5.311069e-002
2.358132e+003;5.307892e-002
2.358614e+003;5.304483e-002
2.359096e+003;5.300678e-002
2.359578e+003;5.296220e-002
2.360061e+003;5.290772e-002
2.360543e+003;5.284112e-002
2.361025e+003;5.276222e-002
2.361507e+003;5.267398e-002
2.361989e+003;5.258151e-002
2.362471e+003;5.249156e-002
2.362953e+003;5.241048e-002
2.363436e+003;5.234371e-002
2.363918e+003;5.229446e-002
2.364400e+003;5.226260e-002
2.364882e+003;5.224662e-002
2.365364e+003;5.224333e-002
2.365846e+003;5.224812e-002
2.366328e+003;5.225655e-002
2.366811e+003;5.226381e-002
2.367293e+003;5.226620e-002
2.367775e+003;5.226067e-002
2.368257e+003;5.224572e-002
2.368739e+003;5.222201e-002
2.369221e+003;5.219225e-002
2.369703e+003;5.215843e-002
2.370186e+003;5.212320e-002
2.370668e+003;5.208785e-002
2.371150e+003;5.205208e-002
2.371632e+003;5.201505e-002
2.372114e+003;5.197562e-002
2.372596e+003;5.193418e-002
2.373078e+003;5.189313e-002
2.373561e+003;5.185546e-002
2.374042e+003;5.182580e-002
2.374525e+003;5.180613e-002
2.375007e+003;5.179677e-002
2.375489e+003;5.179430e-002
2.375971e+003;5.179439e-002
2.376453e+003;5.179181e-002
2.376935e+003;5.178336e-002
2.377417e+003;5.176868e-002
2.377900e+003;5.175002e-002
2.378382e+003;5.173168e-002
2.378864e+003;5.171764e-002
2.379346e+003;5.171014e-002
2.379828e+003;5.170859e-002
2.380310e+003;5.171102e-002
2.380792e+003;5.171212e-002
2.381275e+003;5.170726e-002
2.381757e+003;5.169367e-002
2.382239e+003;5.166994e-002
2.382721e+003;5.163608e-002
2.383203e+003;5.159515e-002
2.383685e+003;5.154940e-002
2.384167e+003;5.150194e-002
2.384650e+003;5.145448e-002
2.385132e+003;5.140791e-002
2.385614e+003;5.136264e-002
2.386096e+003;5.131778e-002
2.386578e+003;5.127306e-002
2.387060e+003;5.122883e-002
2.387542e+003;5.118681e-002
2.388025e+003;5.114985e-002
2.388507e+003;5.112110e-002
2.388989e+003;5.110372e-002
2.389471e+003;5.109940e-002
2.389953e+003;5.110630e-002
2.390435e+003;5.112119e-002
2.390917e+003;5.113907e-002
2.391399e+003;5.115496e-002
2.391882e+003;5.116460e-002
2.392364e+003;5.116735e-002
2.392846e+003;5.116416e-002
2.393328e+003;5.115664e-002
2.393810e+003;5.114554e-002
2.394292e+003;5.112968e-002
2.394774e+003;5.110505e-002
2.395257e+003;5.106632e-002
2.395739e+003;5.100957e-002
2.396221e+003;5.093387e-002
2.396703e+003;5.084322e-002
2.397185e+003;5.074536e-002
2.397667e+003;5.065129e-002
2.398149e+003;5.057131e-002
2.398632e+003;5.051281e-002
2.399114e+003;5.047791e-002
2.399596e+003;5.046419e-002
2.400078e+003;5.046515e-002
2.400560e+003;5.047261e-002
2.401042e+003;5.047983e-002
2.401524e+003;5.048136e-002
2.402007e+003;5.047571e-002
2.402489e+003;5.046412e-002
2.402971e+003;5.044993e-002
2.403453e+003;5.043764e-002
2.403935e+003;5.043205e-002
2.404417e+003;5.043631e-002
2.404899e+003;5.045253e-002
2.405382e+003;5.047913e-002
2.405864e+003;5.051267e-002
2.406346e+003;5.054588e-002
2.406828e+003;5.057091e-002
2.407310e+003;5.057937e-002
2.407792e+003;5.056522e-002
2.408274e+003;5.052635e-002
2.408756e+003;5.046477e-002
2.409239e+003;5.038649e-002
2.409721e+003;5.030107e-002
2.410203e+003;5.021821e-002
2.410685e+003;5.014672e-002
2.411167e+003;5.009238e-002
2.411649e+003;5.005672e-002
2.412131e+003;5.003696e-002
2.412614e+003;5.002759e-002
2.413096e+003;5.002116e-002
2.413578e+003;5.001051e-002
2.414060e+003;4.999139e-002
2.414542e+003;4.996228e-002
2.415024e+003;4.992660e-002
2.415506e+003;4.989107e-002
2.415989e+003;4.986434e-002
2.416471e+003;4.985314e-002
2.416953e+003;4.986250e-002
2.417435e+003;4.989185e-002
2.417917e+003;4.993625e-002
2.418399e+003;4.998746e-002
2.418881e+003;5.003601e-002
2.419364e+003;5.007390e-002
2.419846e+003;5.009497e-002
2.420328e+003;5.009789e-002
2.420810e+003;5.008373e-002
2.421292e+003;5.005608e-002
2.421774e+003;5.001926e-002
2.422256e+003;4.997722e-002
2.422739e+003;4.993396e-002
2.423220e+003;4.989162e-002
2.423703e+003;4.985253e-002
2.424185e+003;4.981646e-002
2.424667e+003;4.978291e-002
2.425149e+003;4.975010e-002
2.425631e+003;4.971525e-002
2.426113e+003;4.967618e-002
2.426595e+003;4.963193e-002
2.427078e+003;4.958254e-002
2.427560e+003;4.953085e-002
2.428042e+003;4.948099e-002
2.428524e+003;4.943634e-002
2.429006e+003;4.940043e-002
2.429488e+003;4.937548e-002
2.429970e+003;4.936073e-002
2.430453e+003;4.935499e-002
2.430935e+003;4.935651e-002
2.431417e+003;4.936251e-002
2.431899e+003;4.937027e-002
2.432381e+003;4.937651e-002
2.432863e+003;4.937878e-002
2.433345e+003;4.937462e-002
2.433828e+003;4.936277e-002
2.434310e+003;4.934534e-002
2.434792e+003;4.932553e-002
2.435274e+003;4.930841e-002
2.435756e+003;4.929890e-002
2.436238e+003;4.929952e-002
2.436720e+003;4.930987e-002
2.437203e+003;4.932614e-002
2.437685e+003;4.934241e-002
2.438167e+003;4.935217e-002
2.438649e+003;4.935126e-002
2.439131e+003;4.933883e-002
2.439613e+003;4.931708e-002
2.440095e+003;4.928999e-002
2.440577e+003;4.926305e-002
2.441060e+003;4.924050e-002
2.441542e+003;4.922497e-002
2.442024e+003;4.921765e-002
2.442506e+003;4.921813e-002
2.442988e+003;4.922539e-002
2.443470e+003;4.923688e-002
2.443952e+003;4.924999e-002
2.444435e+003;4.926047e-002
2.444917e+003;4.926518e-002
2.445399e+003;4.926141e-002
2.445881e+003;4.925049e-002
2.446363e+003;4.923668e-002
2.446845e+003;4.922667e-002
2.447327e+003;4.922763e-002
2.447810e+003;4.924411e-002
2.448292e+003;4.927574e-002
2.448774e+003;4.931655e-002
2.449256e+003;4.935686e-002
2.449738e+003;4.938682e-002
2.450220e+003;4.939934e-002
2.450702e+003;4.939197e-002
2.451185e+003;4.936799e-002
2.451667e+003;4.933380e-002
2.452149e+003;4.929551e-002
2.452631e+003;4.925609e-002
2.453113e+003;4.921555e-002
2.453595e+003;4.917013e-002
2.454077e+003;4.911636e-002
2.454560e+003;4.905413e-002
2.455042e+003;4.898830e-002
2.455524e+003;4.892628e-002
2.456006e+003;4.887932e-002
2.456488e+003;4.885568e-002
2.456970e+003;4.886092e-002
2.457452e+003;4.889344e-002
2.457935e+003;4.894720e-002
2.458417e+003;4.901343e-002
2.458899e+003;4.908113e-002
2.459381e+003;4.914076e-002
2.459863e+003;4.918496e-002
2.460345e+003;4.920816e-002
2.460827e+003;4.920723e-002
2.461309e+003;4.918083e-002
2.461792e+003;4.913059e-002
2.462274e+003;4.906086e-002
2.462756e+003;4.897846e-002
2.463238e+003;4.889228e-002
2.463720e+003;4.881093e-002
2.464202e+003;4.874400e-002
2.464684e+003;4.869566e-002
2.465167e+003;4.866878e-002
2.465649e+003;4.866265e-002
2.466131e+003;4.867328e-002
2.466613e+003;4.869477e-002
2.467095e+003;4.872003e-002
2.467577e+003;4.874068e-002
2.468059e+003;4.874900e-002
2.468542e+003;4.873738e-002
2.469024e+003;4.870187e-002
2.469506e+003;4.864356e-002
2.469988e+003;4.856777e-002
2.470470e+003;4.848517e-002
2.470952e+003;4.840907e-002
2.471434e+003;4.835085e-002
2.471917e+003;4.831950e-002
2.472399e+003;4.831676e-002
2.472881e+003;4.833809e-002
2.473363e+003;4.837426e-002
2.473845e+003;4.841413e-002
2.474327e+003;4.844749e-002
2.474809e+003;4.846757e-002
2.475292e+003;4.847315e-002
2.475773e+003;4.846672e-002
2.476256e+003;4.845281e-002
2.476738e+003;4.843770e-002
2.477220e+003;4.842574e-002
2.477702e+003;4.841988e-002
2.478184e+003;4.841977e-002
2.478666e+003;4.842326e-002
2.479148e+003;4.842623e-002
2.479631e+003;4.842371e-002
2.480113e+003;4.841034e-002
2.480595e+003;4.838416e-002
2.481077e+003;4.834507e-002
2.481559e+003;4.829729e-002
2.482041e+003;4.824784e-002
2.482523e+003;4.820603e-002
2.483006e+003;4.818046e-002
2.483488e+003;4.817665e-002
2.483970e+003;4.819616e-002
2.484452e+003;4.823315e-002
2.484934e+003;4.827962e-002
2.485416e+003;4.832464e-002
2.485898e+003;4.835779e-002
2.486381e+003;4.837165e-002
2.486863e+003;4.836354e-002
2.487345e+003;4.833620e-002
2.487827e+003;4.829479e-002
2.488309e+003;4.824776e-002
2.488791e+003;4.820339e-002
2.489273e+003;4.816841e-002
2.489756e+003;4.814634e-002
2.490238e+003;4.813807e-002
2.490720e+003;4.814117e-002
2.491202e+003;4.815136e-002
2.491684e+003;4.816326e-002
2.492166e+003;4.817249e-002
2.492648e+003;4.817560e-002
2.493130e+003;4.817067e-002
2.493613e+003;4.815743e-002
2.494095e+003;4.813668e-002
2.494577e+003;4.810866e-002
2.495059e+003;4.807518e-002
2.495541e+003;4.803650e-002
2.496023e+003;4.799486e-002
2.496505e+003;4.795216e-002
2.496988e+003;4.791066e-002
2.497470e+003;4.787347e-002
2.497952e+003;4.784162e-002
2.498434e+003;4.781496e-002
2.498916e+003;4.779217e-002
2.499398e+003;4.777162e-002
2.499880e+003;4.775088e-002
2.500363e+003;4.773066e-002
2.500845e+003;4.771242e-002
2.501327e+003;4.769875e-002
2.501809e+003;4.769244e-002
2.502291e+003;4.769392e-002
2.502773e+003;4.770190e-002
2.503255e+003;4.771143e-002
2.503738e+003;4.771803e-002
2.504220e+003;4.771742e-002
2.504702e+003;4.770831e-002
2.505184e+003;4.769320e-002
2.505666e+003;4.767688e-002
2.506148e+003;4.766515e-002
2.506630e+003;4.766408e-002
2.507113e+003;4.767629e-002
2.507594e+003;4.770186e-002
2.508077e+003;4.773916e-002
2.508559e+003;4.778403e-002
2.509041e+003;4.783178e-002
2.509523e+003;4.787712e-002
2.510005e+003;4.791430e-002
2.510487e+003;4.793784e-002
2.510969e+003;4.794322e-002
2.511452e+003;4.792782e-002
2.511934e+003;4.789328e-002
2.512416e+003;4.784577e-002
2.512898e+003;4.779362e-002
2.513380e+003;4.774684e-002
2.513862e+003;4.771353e-002
2.514344e+003;4.769649e-002
2.514827e+003;4.769206e-002
2.515309e+003;4.769162e-002
2.515791e+003;4.768465e-002
2.516273e+003;4.766305e-002
2.516755e+003;4.762444e-002
2.517237e+003;4.757328e-002
2.517719e+003;4.752081e-002
2.518202e+003;4.748162e-002
2.518684e+003;4.746927e-002
2.519166e+003;4.749083e-002
2.519648e+003;4.754630e-002
2.520130e+003;4.762656e-002
2.520612e+003;4.771733e-002
2.521094e+003;4.780089e-002
2.521577e+003;4.786144e-002
2.522059e+003;4.788822e-002
2.522541e+003;4.787720e-002
2.523023e+003;4.783107e-002
2.523505e+003;4.775881e-002
2.523987e+003;4.767403e-002
2.524469e+003;4.759020e-002
2.524951e+003;4.751942e-002
2.525434e+003;4.747118e-002
2.525916e+003;4.745017e-002
2.526398e+003;4.745626e-002
2.526880e+003;4.748587e-002
2.527362e+003;4.753226e-002
2.527844e+003;4.758717e-002
2.528326e+003;4.764156e-002
2.528809e+003;4.768634e-002
2.529291e+003;4.771513e-002
2.529773e+003;4.772317e-002
2.530255e+003;4.770942e-002
2.530737e+003;4.767648e-002
2.531219e+003;4.762994e-002
2.531701e+003;4.757760e-002
2.532184e+003;4.752718e-002
2.532666e+003;4.748366e-002
2.533148e+003;4.744870e-002
2.533630e+003;4.742145e-002
2.534112e+003;4.739812e-002
2.534594e+003;4.737637e-002
2.535076e+003;4.735600e-002
2.535559e+003;4.734011e-002
2.536041e+003;4.733411e-002
2.536523e+003;4.734293e-002
2.537005e+003;4.736869e-002
2.537487e+003;4.740849e-002
2.537969e+003;4.745491e-002
2.538451e+003;4.749773e-002
2.538934e+003;4.752906e-002
2.539416e+003;4.754415e-002
2.539898e+003;4.754456e-002
2.540380e+003;4.753662e-002
2.540862e+003;4.753017e-002
2.541344e+003;4.753295e-002
2.541826e+003;4.754901e-002
2.542308e+003;4.757764e-002
2.542791e+003;4.761445e-002
2.543273e+003;4.765208e-002
2.543755e+003;4.768373e-002
2.544237e+003;4.770298e-002
2.544719e+003;4.770621e-002
2.545201e+003;4.769015e-002
2.545683e+003;4.765286e-002
2.546166e+003;4.759460e-002
2.546648e+003;4.751807e-002
2.547130e+003;4.742937e-002
2.547612e+003;4.733835e-002
2.548094e+003;4.725725e-002
2.548576e+003;4.719798e-002
2.549058e+003;4.716884e-002
2.549541e+003;4.717150e-002
2.550023e+003;4.720158e-002
2.550505e+003;4.725028e-002
2.550987e+003;4.730623e-002
2.551469e+003;4.736026e-002
2.551951e+003;4.740644e-002
2.552433e+003;4.744347e-002
2.552916e+003;4.747257e-002
2.553398e+003;4.749504e-002
2.553880e+003;4.751214e-002
2.554362e+003;4.752366e-002
2.554844e+003;4.752857e-002
2.555326e+003;4.752614e-002
2.555808e+003;4.751813e-002
2.556291e+003;4.750889e-002
2.556772e+003;4.750317e-002
2.557255e+003;4.750567e-002
2.557737e+003;4.751887e-002
2.558219e+003;4.754163e-002
2.558701e+003;4.757050e-002
2.559183e+003;4.760106e-002
2.559665e+003;4.762720e-002
2.560147e+003;4.764529e-002
2.560630e+003;4.765276e-002
2.561112e+003;4.764783e-002
2.561594e+003;4.762996e-002
2.562076e+003;4.760038e-002
2.562558e+003;4.756042e-002
2.563040e+003;4.751371e-002
2.563522e+003;4.746503e-002
2.564005e+003;4.742041e-002
2.564487e+003;4.738499e-002
2.564969e+003;4.736348e-002
2.565451e+003;4.735722e-002
2.565933e+003;4.736425e-002
2.566415e+003;4.738105e-002
2.566897e+003;4.740193e-002
2.567380e+003;4.742211e-002
2.567862e+003;4.743785e-002
2.568344e+003;4.744800e-002
2.568826e+003;4.745273e-002
2.569308e+003;4.745347e-002
2.569790e+003;4.745233e-002
2.570272e+003;4.745120e-002
2.570755e+003;4.745147e-002
2.571237e+003;4.745380e-002
2.571719e+003;4.745816e-002
2.572201e+003;4.746421e-002
2.572683e+003;4.747035e-002
2.573165e+003;4.747605e-002
2.573647e+003;4.748147e-002
2.574129e+003;4.748717e-002
2.574612e+003;4.749587e-002
2.575094e+003;4.750940e-002
2.575576e+003;4.752969e-002
2.576058e+003;4.755684e-002
2.576540e+003;4.758865e-002
2.577022e+003;4.762010e-002
2.577504e+003;4.764656e-002
2.577987e+003;4.766349e-002
2.578469e+003;4.766884e-002
2.578951e+003;4.766277e-002
2.579433e+003;4.764894e-002
2.579915e+003;4.763091e-002
2.580397e+003;4.761135e-002
2.580879e+003;4.759161e-002
2.581362e+003;4.757265e-002
2.581844e+003;4.755324e-002
2.582326e+003;4.753499e-002
2.582808e+003;4.752057e-002
2.583290e+003;4.751416e-002
2.583772e+003;4.751990e-002
2.584254e+003;4.753851e-002
2.584737e+003;4.756802e-002
2.585219e+003;4.760192e-002
2.585701e+003;4.763198e-002
2.586183e+003;4.764935e-002
2.586665e+003;4.764947e-002
2.587147e+003;4.763322e-002
2.587629e+003;4.760524e-002
2.588112e+003;4.757404e-002
2.588594e+003;4.754765e-002
2.589076e+003;4.753215e-002
2.589558e+003;4.752973e-002
2.590040e+003;4.753894e-002
2.590522e+003;4.755665e-002
2.591004e+003;4.757920e-002
2.591486e+003;4.760445e-002
2.591969e+003;4.763060e-002
2.592451e+003;4.765747e-002
2.592933e+003;4.768417e-002
2.593415e+003;4.770846e-002
2.593897e+003;4.772773e-002
2.594379e+003;4.773974e-002
2.594861e+003;4.774260e-002
2.595344e+003;4.773711e-002
2.595826e+003;4.772544e-002
2.596308e+003;4.771069e-002
2.596790e+003;4.769559e-002
2.597272e+003;4.768165e-002
2.597754e+003;4.766976e-002
2.598236e+003;4.765929e-002
2.598719e+003;4.765044e-002
2.599201e+003;4.764580e-002
2.599683e+003;4.764800e-002
2.600165e+003;4.766187e-002
2.600647e+003;4.769074e-002
2.601129e+003;4.773564e-002
2.601611e+003;4.779404e-002
2.602094e+003;4.786046e-002
2.602576e+003;4.792745e-002
2.603058e+003;4.798727e-002
2.603540e+003;4.803286e-002
2.604022e+003;4.806094e-002
2.604504e+003;4.807137e-002
2.604986e+003;4.806640e-002
2.605469e+003;4.805071e-002
2.605950e+003;4.802960e-002
2.606433e+003;4.800811e-002
2.606915e+003;4.799104e-002
2.607397e+003;4.798172e-002
2.607879e+003;4.798085e-002
2.608361e+003;4.798864e-002
2.608843e+003;4.800364e-002
2.609325e+003;4.802261e-002
2.609808e+003;4.804321e-002
2.610290e+003;4.806247e-002
2.610772e+003;4.808056e-002
2.611254e+003;4.809882e-002
2.611736e+003;4.812070e-002
2.612218e+003;4.814909e-002
2.612700e+003;4.818715e-002
2.613183e+003;4.823507e-002
2.613665e+003;4.829051e-002
2.614147e+003;4.834868e-002
2.614629e+003;4.840289e-002
2.615111e+003;4.844717e-002
2.615593e+003;4.847735e-002
2.616075e+003;4.849244e-002
2.616558e+003;4.849333e-002
2.617040e+003;4.848352e-002
2.617522e+003;4.846711e-002
2.618004e+003;4.844880e-002
2.618486e+003;4.843065e-002
2.618968e+003;4.841557e-002
2.619450e+003;4.840447e-002
2.619933e+003;4.839789e-002
2.620415e+003;4.839674e-002
2.620897e+003;4.840057e-002
2.621379e+003;4.840883e-002
2.621861e+003;4.842010e-002
2.622343e+003;4.843236e-002
2.622825e+003;4.844416e-002
2.623307e+003;4.845407e-002
2.623790e+003;4.846379e-002
2.624272e+003;4.847578e-002
2.624754e+003;4.849403e-002
2.625236e+003;4.852282e-002
2.625718e+003;4.856532e-002
2.626200e+003;4.862027e-002
2.626682e+003;4.868569e-002
2.627165e+003;4.875386e-002
2.627647e+003;4.881733e-002
2.628129e+003;4.886873e-002
2.628611e+003;4.890288e-002
2.629093e+003;4.891713e-002
2.629575e+003;4.891309e-002
2.630057e+003;4.889504e-002
2.630540e+003;4.886825e-002
2.631022e+003;4.883891e-002
2.631504e+003;4.881228e-002
2.631986e+003;4.879237e-002
2.632468e+003;4.878237e-002
2.632950e+003;4.878394e-002
2.633432e+003;4.879870e-002
2.633915e+003;4.882530e-002
2.634397e+003;4.886184e-002
2.634879e+003;4.890558e-002
2.635361e+003;4.895208e-002
2.635843e+003;4.899777e-002
2.636325e+003;4.903983e-002
2.636807e+003;4.907762e-002
2.637290e+003;4.911231e-002
2.637771e+003;4.914693e-002
2.638254e+003;4.918529e-002
2.638736e+003;4.922988e-002
2.639218e+003;4.928132e-002
2.639700e+003;4.933844e-002
2.640182e+003;4.939759e-002
2.640664e+003;4.945439e-002
2.641146e+003;4.950554e-002
2.641629e+003;4.954729e-002
2.642111e+003;4.957864e-002
2.642593e+003;4.959884e-002
2.643075e+003;4.960899e-002
2.643557e+003;4.961009e-002
2.644039e+003;4.960376e-002
2.644521e+003;4.959249e-002
2.645004e+003;4.957939e-002
2.645486e+003;4.956912e-002
2.645968e+003;4.956543e-002
2.646450e+003;4.957199e-002
2.646932e+003;4.959027e-002
2.647414e+003;4.961890e-002
2.647896e+003;4.965441e-002
2.648379e+003;4.969130e-002
2.648861e+003;4.972510e-002
2.649343e+003;4.975340e-002
2.649825e+003;4.977620e-002
2.650307e+003;4.979681e-002
2.650789e+003;4.982027e-002
2.651271e+003;4.985107e-002
2.651754e+003;4.989161e-002
2.652236e+003;4.994051e-002
2.652718e+003;4.999429e-002
2.653200e+003;5.004597e-002
2.653682e+003;5.009025e-002
2.654164e+003;5.012203e-002
2.654646e+003;5.014097e-002
2.655128e+003;5.014861e-002
2.655611e+003;5.014962e-002
2.656093e+003;5.014861e-002
2.656575e+003;5.015119e-002
2.657057e+003;5.016048e-002
2.657539e+003;5.017823e-002
2.658021e+003;5.020425e-002
2.658503e+003;5.023690e-002
2.658986e+003;5.027400e-002
2.659468e+003;5.031257e-002
2.659950e+003;5.034894e-002
2.660432e+003;5.037943e-002
2.660914e+003;5.040136e-002
2.661396e+003;5.041280e-002
2.661878e+003;5.041391e-002
2.662361e+003;5.040682e-002
2.662843e+003;5.039577e-002
2.663325e+003;5.038563e-002
2.663807e+003;5.038101e-002
2.664289e+003;5.038506e-002
2.664771e+003;5.039888e-002
2.665253e+003;5.042156e-002
2.665736e+003;5.045052e-002
2.666218e+003;5.048345e-002
2.666700e+003;5.051759e-002
2.667182e+003;5.055220e-002
2.667664e+003;5.058728e-002
2.668146e+003;5.062358e-002
2.668628e+003;5.066201e-002
2.669111e+003;5.070138e-002
2.669593e+003;5.074131e-002
2.670075e+003;5.077958e-002
2.670557e+003;5.081492e-002
2.671039e+003;5.084619e-002
2.671521e+003;5.087397e-002
2.672003e+003;5.089933e-002
2.672485e+003;5.092425e-002
2.672968e+003;5.095064e-002
2.673450e+003;5.097964e-002
2.673932e+003;5.101235e-002
2.674414e+003;5.104877e-002
2.674896e+003;5.108844e-002
2.675378e+003;5.113257e-002
2.675860e+003;5.118024e-002
2.676343e+003;5.123283e-002
2.676825e+003;5.128989e-002
2.677307e+003;5.135012e-002
2.677789e+003;5.141130e-002
2.678271e+003;5.147009e-002
2.678753e+003;5.152249e-002
2.679235e+003;5.156555e-002
2.679718e+003;5.159821e-002
2.680200e+003;5.162124e-002
2.680682e+003;5.163841e-002
2.681164e+003;5.165485e-002
2.681646e+003;5.167593e-002
2.682128e+003;5.170641e-002
2.682610e+003;5.174832e-002
2.683093e+003;5.180084e-002
2.683575e+003;5.186118e-002
2.684057e+003;5.192424e-002
2.684539e+003;5.198509e-002
2.685021e+003;5.203955e-002
2.685503e+003;5.208620e-002
2.685985e+003;5.212617e-002
2.686468e+003;5.216206e-002
2.686949e+003;5.219740e-002
2.687432e+003;5.223629e-002
2.687914e+003;5.228049e-002
2.688396e+003;5.233020e-002
2.688878e+003;5.238394e-002
2.689360e+003;5.243890e-002
2.689842e+003;5.249054e-002
2.690324e+003;5.253593e-002
2.690807e+003;5.257361e-002
2.691289e+003;5.260243e-002
2.691771e+003;5.262444e-002
2.692253e+003;5.264227e-002
2.692735e+003;5.265824e-002
2.693217e+003;5.267569e-002
2.693699e+003;5.269594e-002
2.694182e+003;5.272022e-002
2.694664e+003;5.274732e-002
2.695146e+003;5.277693e-002
2.695628e+003;5.280862e-002
2.696110e+003;5.284226e-002
2.696592e+003;5.287826e-002
2.697074e+003;5.291697e-002
2.697557e+003;5.295926e-002
2.698039e+003;5.300483e-002
2.698521e+003;5.305219e-002
2.699003e+003;5.310012e-002
2.699485e+003;5.314676e-002
2.699967e+003;5.319071e-002
2.700449e+003;5.323176e-002
2.700932e+003;5.327020e-002
2.701414e+003;5.330716e-002
2.701896e+003;5.334356e-002
2.702378e+003;5.337997e-002
2.702860e+003;5.341686e-002
2.703342e+003;5.345376e-002
2.703824e+003;5.349096e-002
2.704306e+003;5.352853e-002
2.704789e+003;5.356744e-002
2.705271e+003;5.360964e-002
2.705753e+003;5.365645e-002
2.706235e+003;5.370890e-002
2.706717e+003;5.376700e-002
2.707199e+003;5.382964e-002
2.707681e+003;5.389370e-002
2.708164e+003;5.395656e-002
2.708646e+003;5.401540e-002
2.709128e+003;5.406816e-002
2.709610e+003;5.411454e-002
2.710092e+003;5.415632e-002
2.710574e+003;5.419567e-002
2.711056e+003;5.423503e-002
2.711539e+003;5.427751e-002
2.712021e+003;5.432367e-002
2.712503e+003;5.437418e-002
2.712985e+003;5.442697e-002
2.713467e+003;5.447986e-002
2.713949e+003;5.453078e-002
2.714431e+003;5.457815e-002
2.714914e+003;5.462195e-002
2.715396e+003;5.466314e-002
2.715878e+003;5.470366e-002
2.716360e+003;5.474655e-002
2.716842e+003;5.479285e-002
2.717324e+003;5.484360e-002
2.717806e+003;5.489777e-002
2.718289e+003;5.495422e-002
2.718771e+003;5.501201e-002
2.719253e+003;5.507019e-002
2.719735e+003;5.512942e-002
2.720217e+003;5.519104e-002
2.720699e+003;5.525524e-002
2.721181e+003;5.532286e-002
2.721663e+003;5.539230e-002
2.722146e+003;5.546127e-002
2.722628e+003;5.552707e-002
2.723110e+003;5.558759e-002
2.723592e+003;5.564303e-002
2.724074e+003;5.569479e-002
2.724556e+003;5.574619e-002
2.725038e+003;5.580063e-002
2.725521e+003;5.586039e-002
2.726003e+003;5.592558e-002
2.726485e+003;5.599419e-002
2.726967e+003;5.606226e-002
2.727449e+003;5.612590e-002
2.727931e+003;5.618121e-002
2.728413e+003;5.622755e-002
2.728896e+003;5.626574e-002
2.729378e+003;5.629862e-002
2.729860e+003;5.633086e-002
2.730342e+003;5.636633e-002
2.730824e+003;5.640874e-002
2.731306e+003;5.645922e-002
2.731788e+003;5.651817e-002
2.732271e+003;5.658474e-002
2.732753e+003;5.665607e-002
2.733235e+003;5.672981e-002
2.733717e+003;5.680338e-002
2.734199e+003;5.687489e-002
2.734681e+003;5.694262e-002
2.735163e+003;5.700733e-002
2.735646e+003;5.706892e-002
2.736127e+003;5.712911e-002
2.736610e+003;5.718913e-002
2.737092e+003;5.724983e-002
2.737574e+003;5.731218e-002
2.738056e+003;5.737577e-002
2.738538e+003;5.744072e-002
2.739020e+003;5.750608e-002
2.739502e+003;5.757136e-002
2.739985e+003;5.763657e-002
2.740467e+003;5.770180e-002
2.740949e+003;5.776678e-002
2.741431e+003;5.783148e-002
2.741913e+003;5.789658e-002
2.742395e+003;5.796219e-002
2.742877e+003;5.802886e-002
2.743360e+003;5.809776e-002
2.743842e+003;5.816993e-002
2.744324e+003;5.824517e-002
2.744806e+003;5.832379e-002
2.745288e+003;5.840433e-002
2.745770e+003;5.848521e-002
2.746252e+003;5.856486e-002
2.746735e+003;5.864245e-002
2.747217e+003;5.871823e-002
2.747699e+003;5.879347e-002
2.748181e+003;5.886960e-002
2.748663e+003;5.894728e-002
2.749145e+003;5.902644e-002
2.749627e+003;5.910533e-002
2.750110e+003;5.918052e-002
2.750592e+003;5.924932e-002
2.751074e+003;5.930980e-002
2.751556e+003;5.936254e-002
2.752038e+003;5.941089e-002
2.752520e+003;5.946060e-002
2.753002e+003;5.951770e-002
2.753484e+003;5.958758e-002
2.753967e+003;5.967264e-002
2.754449e+003;5.977222e-002
2.754931e+003;5.988085e-002
2.755413e+003;5.999134e-002
2.755895e+003;6.009574e-002
2.756377e+003;6.018712e-002
2.756859e+003;6.026210e-002
2.757342e+003;6.032154e-002
2.757824e+003;6.037015e-002
2.758306e+003;6.041405e-002
2.758788e+003;6.046057e-002
2.759270e+003;6.051451e-002
2.759752e+003;6.057894e-002
2.760234e+003;6.065273e-002
2.760717e+003;6.073346e-002
2.761199e+003;6.081760e-002
2.761681e+003;6.090246e-002
2.762163e+003;6.098646e-002
2.762645e+003;6.106915e-002
2.763127e+003;6.115147e-002
2.763609e+003;6.123336e-002
2.764092e+003;6.131325e-002
2.764574e+003;6.139037e-002
2.765056e+003;6.146288e-002
2.765538e+003;6.153156e-002
2.766020e+003;6.159901e-002
2.766502e+003;6.166966e-002
2.766984e+003;6.174894e-002
2.767467e+003;6.184040e-002
2.767948e+003;6.194494e-002
2.768431e+003;6.206042e-002
2.768913e+003;6.218049e-002
2.769395e+003;6.229868e-002
2.769877e+003;6.240928e-002
2.770359e+003;6.250997e-002
2.770841e+003;6.260150e-002
2.771323e+003;6.268707e-002
2.771806e+003;6.277113e-002
2.772288e+003;6.285695e-002
2.772770e+003;6.294522e-002
2.773252e+003;6.303488e-002
2.773734e+003;6.312323e-002
2.774216e+003;6.320771e-002
2.774698e+003;6.328769e-002
2.775181e+003;6.336420e-002
2.775663e+003;6.343987e-002
2.776145e+003;6.351847e-002
2.776627e+003;6.360339e-002
2.777109e+003;6.369729e-002
2.777591e+003;6.380110e-002
2.778073e+003;6.391495e-002
2.778556e+003;6.403682e-002
2.779038e+003;6.416435e-002
2.779520e+003;6.429368e-002
2.780002e+003;6.442026e-002
2.780484e+003;6.453989e-002
2.780966e+003;6.464985e-002
2.781448e+003;6.474827e-002
2.781930e+003;6.483837e-002
2.782413e+003;6.492402e-002
2.782895e+003;6.501097e-002
2.783377e+003;6.510428e-002
2.783859e+003;6.520629e-002
2.784341e+003;6.531670e-002
2.784823e+003;6.543126e-002
2.785305e+003;6.554449e-002
2.785788e+003;6.565202e-002
2.786270e+003;6.575160e-002
2.786752e+003;6.584389e-002
2.787234e+003;6.593173e-002
2.787716e+003;6.602050e-002
2.788198e+003;6.611406e-002
2.788680e+003;6.621498e-002
2.789163e+003;6.632433e-002
2.789645e+003;6.644076e-002
2.790127e+003;6.656329e-002
2.790609e+003;6.669095e-002
2.791091e+003;6.682149e-002
2.791573e+003;6.695403e-002
2.792055e+003;6.708615e-002
2.792538e+003;6.721646e-002
2.793020e+003;6.734262e-002
2.793502e+003;6.746344e-002
2.793984e+003;6.758069e-002
2.794466e+003;6.769641e-002
2.794948e+003;6.781425e-002
2.795430e+003;6.793664e-002
2.795913e+003;6.806356e-002
2.796395e+003;6.819212e-002
2.796877e+003;6.831680e-002
2.797359e+003;6.843232e-002
2.797841e+003;6.853455e-002
2.798323e+003;6.862416e-002
2.798805e+003;6.870448e-002
2.799287e+003;6.878335e-002
2.799770e+003;6.886803e-002
2.800252e+003;6.896454e-002
2.800734e+003;6.907492e-002
2.801216e+003;6.919743e-002
2.801698e+003;6.932727e-002
2.802180e+003;6.945932e-002
2.802662e+003;6.958837e-002
2.803145e+003;6.971374e-002
2.803627e+003;6.983601e-002
2.804109e+003;6.995862e-002
2.804591e+003;7.008522e-002
2.805073e+003;7.021935e-002
2.805555e+003;7.036190e-002
2.806037e+003;7.051407e-002
2.806520e+003;7.067537e-002
2.807002e+003;7.084394e-002
2.807484e+003;7.101711e-002
2.807966e+003;7.119166e-002
2.808448e+003;7.136399e-002
2.808930e+003;7.153078e-002
2.809412e+003;7.168886e-002
2.809895e+003;7.183743e-002
2.810377e+003;7.197737e-002
2.810859e+003;7.211203e-002
2.811341e+003;7.224585e-002
2.811823e+003;7.238457e-002
2.812305e+003;7.253136e-002
2.812787e+003;7.268880e-002
2.813270e+003;7.285540e-002
2.813751e+003;7.302832e-002
2.814234e+003;7.320267e-002
2.814716e+003;7.337277e-002
2.815198e+003;7.353480e-002
2.815680e+003;7.368632e-002
2.816162e+003;7.382670e-002
2.816644e+003;7.396029e-002
2.817126e+003;7.409114e-002
2.817609e+003;7.422593e-002
2.818091e+003;7.437000e-002
2.818573e+003;7.452624e-002
2.819055e+003;7.469425e-002
2.819537e+003;7.486910e-002
2.820019e+003;7.504342e-002
2.820501e+003;7.520967e-002
2.820984e+003;7.536158e-002
2.821466e+003;7.549746e-002
2.821948e+003;7.562054e-002
2.822430e+003;7.573861e-002
2.822912e+003;7.586089e-002
2.823394e+003;7.599548e-002
2.823876e+003;7.614593e-002
2.824359e+003;7.631199e-002
2.824841e+003;7.648779e-002
2.825323e+003;7.666764e-002
2.825805e+003;7.684559e-002
2.826287e+003;7.702022e-002
2.826769e+003;7.719374e-002
2.827251e+003;7.737112e-002
2.827734e+003;7.755744e-002
2.828216e+003;7.775406e-002
2.828698e+003;7.796033e-002
2.829180e+003;7.816991e-002
2.829662e+003;7.837529e-002
2.830144e+003;7.857027e-002
2.830626e+003;7.875174e-002
2.831108e+003;7.892018e-002
2.831591e+003;7.908098e-002
2.832073e+003;7.923985e-002
2.832555e+003;7.940280e-002
2.833037e+003;7.957394e-002
2.833519e+003;7.975455e-002
2.834001e+003;7.994348e-002
2.834483e+003;8.013949e-002
2.834966e+003;8.034010e-002
2.835448e+003;8.054452e-002
2.835930e+003;8.075175e-002
2.836412e+003;8.095948e-002
2.836894e+003;8.116618e-002
2.837376e+003;8.136977e-002
2.837858e+003;8.156904e-002
2.838341e+003;8.176398e-002
2.838823e+003;8.195750e-002
2.839305e+003;8.215311e-002
2.839787e+003;8.235496e-002
2.840269e+003;8.256484e-002
2.840751e+003;8.278146e-002
2.841233e+003;8.300080e-002
2.841716e+003;8.321702e-002
2.842198e+003;8.342529e-002
2.842680e+003;8.362327e-002
2.843162e+003;8.381357e-002
2.843644e+003;8.400225e-002
2.844126e+003;8.419718e-002
2.844608e+003;8.440559e-002
2.845091e+003;8.462977e-002
2.845573e+003;8.486798e-002
2.846055e+003;8.511428e-002
2.846537e+003;8.536001e-002
2.847019e+003;8.559787e-002
2.847501e+003;8.582360e-002
2.847983e+003;8.603872e-002
2.848465e+003;8.624757e-002
2.848948e+003;8.645763e-002
2.849430e+003;8.667497e-002
2.849912e+003;8.690376e-002
2.850394e+003;8.714411e-002
2.850876e+003;8.739198e-002
2.851358e+003;8.764199e-002
2.851840e+003;8.788747e-002
2.852323e+003;8.812424e-002
2.852805e+003;8.834966e-002
2.853287e+003;8.856442e-002
2.853769e+003;8.877093e-002
2.854251e+003;8.897239e-002
2.854733e+003;8.917218e-002
2.855215e+003;8.937258e-002
2.855698e+003;8.957358e-002
2.856180e+003;8.977547e-002
2.856662e+003;8.997697e-002
2.857144e+003;9.017754e-002
2.857626e+003;9.037746e-002
2.858108e+003;9.057840e-002
2.858590e+003;9.078322e-002
2.859073e+003;9.099402e-002
2.859555e+003;9.121349e-002
2.860037e+003;9.144092e-002
2.860519e+003;9.167620e-002
2.861001e+003;9.191651e-002
2.861483e+003;9.215999e-002
2.861965e+003;9.240624e-002
2.862448e+003;9.265622e-002
2.862929e+003;9.291273e-002
2.863412e+003;9.317929e-002
2.863894e+003;9.345764e-002
2.864376e+003;9.374700e-002
2.864858e+003;9.404317e-002
2.865340e+003;9.433917e-002
2.865822e+003;9.462735e-002
2.866304e+003;9.490255e-002
2.866787e+003;9.516221e-002
2.867269e+003;9.540867e-002
2.867751e+003;9.564950e-002
2.868233e+003;9.589271e-002
2.868715e+003;9.614650e-002
2.869197e+003;9.641542e-002
2.869679e+003;9.669968e-002
2.870162e+003;9.699386e-002
2.870644e+003;9.729034e-002
2.871126e+003;9.758062e-002
2.871608e+003;9.785777e-002
2.872090e+003;9.811962e-002
2.872572e+003;9.836767e-002
2.873054e+003;9.860794e-002
2.873537e+003;9.884821e-002
2.874019e+003;9.909704e-002
2.874501e+003;9.935921e-002
2.874983e+003;9.963676e-002
2.875465e+003;9.992759e-002
2.875947e+003;1.002256e-001
2.876429e+003;1.005250e-001
2.876912e+003;1.008191e-001
2.877394e+003;1.011057e-001
2.877876e+003;1.013839e-001
2.878358e+003;1.016587e-001
2.878840e+003;1.019343e-001
2.879322e+003;1.022160e-001
2.879804e+003;1.025066e-001
2.880286e+003;1.028069e-001
2.880769e+003;1.031144e-001
2.881251e+003;1.034249e-001
2.881733e+003;1.037339e-001
2.882215e+003;1.040380e-001
2.882697e+003;1.043342e-001
2.883179e+003;1.046218e-001
2.883661e+003;1.049004e-001
2.884144e+003;1.051693e-001
2.884626e+003;1.054287e-001
2.885108e+003;1.056805e-001
2.885590e+003;1.059264e-001
2.886072e+003;1.061717e-001
2.886554e+003;1.064216e-001
2.887036e+003;1.066822e-001
2.887519e+003;1.069564e-001
2.888001e+003;1.072455e-001
2.888483e+003;1.075446e-001
2.888965e+003;1.078480e-001
2.889447e+003;1.081476e-001
2.889929e+003;1.084378e-001
2.890411e+003;1.087152e-001
2.890894e+003;1.089812e-001
2.891376e+003;1.092391e-001
2.891858e+003;1.094935e-001
2.892340e+003;1.097466e-001
2.892822e+003;1.099984e-001
2.893304e+003;1.102459e-001
2.893786e+003;1.104847e-001
2.894269e+003;1.107107e-001
2.894750e+003;1.109241e-001
2.895233e+003;1.111292e-001
2.895715e+003;1.113355e-001
2.896197e+003;1.115561e-001
2.896679e+003;1.118032e-001
2.897161e+003;1.120877e-001
2.897643e+003;1.124159e-001
2.898125e+003;1.127879e-001
2.898608e+003;1.131991e-001
2.899090e+003;1.136389e-001
2.899572e+003;1.140964e-001
2.900054e+003;1.145582e-001
2.900536e+003;1.150134e-001
2.901018e+003;1.154531e-001
2.901500e+003;1.158717e-001
2.901983e+003;1.162652e-001
2.902465e+003;1.166339e-001
2.902947e+003;1.169780e-001
2.903429e+003;1.172999e-001
2.903911e+003;1.176028e-001
2.904393e+003;1.178915e-001
2.904875e+003;1.181721e-001
2.905358e+003;1.184506e-001
2.905840e+003;1.187349e-001
2.906322e+003;1.190308e-001
2.906804e+003;1.193433e-001
2.907286e+003;1.196746e-001
2.907768e+003;1.200231e-001
2.908250e+003;1.203849e-001
2.908733e+003;1.207538e-001
2.909215e+003;1.211232e-001
2.909697e+003;1.214883e-001
2.910179e+003;1.218461e-001
2.910661e+003;1.221960e-001
2.911143e+003;1.225393e-001
2.911625e+003;1.228792e-001
2.912107e+003;1.232177e-001
2.912590e+003;1.235553e-001
2.913072e+003;1.238929e-001
2.913554e+003;1.242300e-001
2.914036e+003;1.245674e-001
2.914518e+003;1.249064e-001
2.915000e+003;1.252505e-001
2.915482e+003;1.256033e-001
2.915965e+003;1.259683e-001
2.916447e+003;1.263489e-001
2.916929e+003;1.267461e-001
2.917411e+003;1.271584e-001
2.917893e+003;1.275840e-001
2.918375e+003;1.280186e-001
2.918857e+003;1.284588e-001
2.919340e+003;1.289016e-001
2.919822e+003;1.293448e-001
2.920304e+003;1.297879e-001
2.920786e+003;1.302303e-001
2.921268e+003;1.306729e-001
2.921750e+003;1.311151e-001
2.922232e+003;1.315573e-001
2.922715e+003;1.319984e-001
2.923197e+003;1.324373e-001
2.923679e+003;1.328725e-001
2.924161e+003;1.333036e-001
2.924643e+003;1.337318e-001
2.925125e+003;1.341591e-001
2.925607e+003;1.345888e-001
2.926090e+003;1.350232e-001
2.926572e+003;1.354651e-001
2.927054e+003;1.359149e-001
2.927536e+003;1.363706e-001
2.928018e+003;1.368298e-001
2.928500e+003;1.372898e-001
2.928982e+003;1.377495e-001
2.929464e+003;1.382105e-001
2.929947e+003;1.386747e-001
2.930429e+003;1.391473e-001
2.930911e+003;1.396311e-001
2.931393e+003;1.401270e-001
2.931875e+003;1.406327e-001
2.932357e+003;1.411435e-001
2.932839e+003;1.416545e-001
2.933322e+003;1.421625e-001
2.933804e+003;1.426662e-001
2.934286e+003;1.431699e-001
2.934768e+003;1.436773e-001
2.935250e+003;1.441944e-001
2.935732e+003;1.447227e-001
2.936214e+003;1.452592e-001
2.936697e+003;1.457973e-001
2.937179e+003;1.463265e-001
2.937661e+003;1.468368e-001
2.938143e+003;1.473220e-001
2.938625e+003;1.477791e-001
2.939107e+003;1.482120e-001
2.939589e+003;1.486280e-001
2.940072e+003;1.490369e-001
2.940554e+003;1.494471e-001
2.941036e+003;1.498656e-001
2.941518e+003;1.502942e-001
2.942000e+003;1.507322e-001
2.942482e+003;1.511736e-001
2.942964e+003;1.516126e-001
2.943447e+003;1.520428e-001
2.943928e+003;1.524603e-001
2.944411e+003;1.528649e-001
2.944893e+003;1.532623e-001
2.945375e+003;1.536608e-001
2.945857e+003;1.540717e-001
2.946339e+003;1.545059e-001
2.946821e+003;1.549701e-001
2.947303e+003;1.554646e-001
2.947786e+003;1.559824e-001
2.948268e+003;1.565118e-001
2.948750e+003;1.570373e-001
2.949232e+003;1.575460e-001
2.949714e+003;1.580297e-001
2.950196e+003;1.584864e-001
2.950678e+003;1.589195e-001
2.951161e+003;1.593364e-001
2.951643e+003;1.597439e-001
2.952125e+003;1.601474e-001
2.952607e+003;1.605494e-001
2.953089e+003;1.609504e-001
2.953571e+003;1.613513e-001
2.954053e+003;1.617538e-001
2.954536e+003;1.621618e-001
2.955018e+003;1.625800e-001
2.955500e+003;1.630135e-001
2.955982e+003;1.634646e-001
2.956464e+003;1.639343e-001
2.956946e+003;1.644196e-001
2.957428e+003;1.649179e-001
2.957911e+003;1.654254e-001
2.958393e+003;1.659396e-001
2.958875e+003;1.664582e-001
2.959357e+003;1.669796e-001
2.959839e+003;1.675011e-001
2.960321e+003;1.680198e-001
2.960803e+003;1.685331e-001
2.961285e+003;1.690400e-001
2.961768e+003;1.695418e-001
2.962250e+003;1.700435e-001
2.962732e+003;1.705524e-001
2.963214e+003;1.710756e-001
2.963696e+003;1.716193e-001
2.964178e+003;1.721871e-001
2.964660e+003;1.727788e-001
2.965143e+003;1.733906e-001
2.965625e+003;1.740184e-001
2.966107e+003;1.746560e-001
2.966589e+003;1.752976e-001
2.967071e+003;1.759365e-001
2.967553e+003;1.765672e-001
2.968035e+003;1.771839e-001
2.968518e+003;1.777835e-001
2.969000e+003;1.783662e-001
2.969482e+003;1.789367e-001
2.969964e+003;1.795037e-001
2.970446e+003;1.800781e-001
2.970928e+003;1.806704e-001
2.971410e+003;1.812880e-001
2.971893e+003;1.819322e-001
2.972375e+003;1.825986e-001
2.972857e+003;1.832787e-001
2.973339e+003;1.839634e-001
2.973821e+003;1.846437e-001
2.974303e+003;1.853161e-001
2.974785e+003;1.859805e-001
2.975268e+003;1.866396e-001
2.975750e+003;1.872976e-001
2.976232e+003;1.879580e-001
2.976714e+003;1.886235e-001
2.977196e+003;1.892945e-001
2.977678e+003;1.899711e-001
2.978160e+003;1.906523e-001
2.978642e+003;1.913374e-001
2.979125e+003;1.920252e-001
2.979607e+003;1.927135e-001
2.980089e+003;1.934002e-001
2.980571e+003;1.940823e-001
2.981053e+003;1.947588e-001
2.981535e+003;1.954290e-001
2.982017e+003;1.960961e-001
2.982500e+003;1.967641e-001
2.982982e+003;1.974389e-001
2.983464e+003;1.981260e-001
2.983946e+003;1.988309e-001
2.984428e+003;1.995557e-001
2.984910e+003;2.003010e-001
2.985392e+003;2.010654e-001
2.985875e+003;2.018450e-001
2.986357e+003;2.026346e-001
2.986839e+003;2.034271e-001
2.987321e+003;2.042157e-001
2.987803e+003;2.049955e-001
2.988285e+003;2.057633e-001
2.988767e+003;2.065209e-001
2.989250e+003;2.072735e-001
2.989732e+003;2.080285e-001
2.990214e+003;2.087935e-001
2.990696e+003;2.095735e-001
2.991178e+003;2.103694e-001
2.991660e+003;2.111774e-001
2.992142e+003;2.119921e-001
2.992625e+003;2.128068e-001
2.993106e+003;2.136174e-001
2.993589e+003;2.144242e-001
2.994071e+003;2.152305e-001
2.994553e+003;2.160407e-001
2.995035e+003;2.168592e-001
2.995517e+003;2.176874e-001
2.995999e+003;2.185248e-001
2.996481e+003;2.193687e-001
2.996964e+003;2.202178e-001
2.997446e+003;2.210712e-001
2.997928e+003;2.219315e-001
2.998410e+003;2.228017e-001
2.998892e+003;2.236844e-001
2.999374e+003;2.245800e-001
2.999856e+003;2.254860e-001
3.000339e+003;2.263978e-001
3.000821e+003;2.273102e-001
3.001303e+003;2.282199e-001
3.001785e+003;2.291262e-001
3.002267e+003;2.300316e-001
3.002749e+003;2.309394e-001
3.003231e+003;2.318525e-001
3.003714e+003;2.327724e-001
3.004196e+003;2.336971e-001
3.004678e+003;2.346237e-001
3.005160e+003;2.355486e-001
3.005642e+003;2.364702e-001
3.006124e+003;2.373902e-001
3.006606e+003;2.383132e-001
3.007089e+003;2.392450e-001
3.007571e+003;2.401922e-001
3.008053e+003;2.411580e-001
3.008535e+003;2.421425e-001
3.009017e+003;2.431413e-001
3.009499e+003;2.441474e-001
3.009981e+003;2.451524e-001
3.010463e+003;2.461502e-001
3.010946e+003;2.471367e-001
3.011428e+003;2.481137e-001
3.011910e+003;2.490873e-001
3.012392e+003;2.500661e-001
3.012874e+003;2.510584e-001
3.013356e+003;2.520720e-001
3.013838e+003;2.531094e-001
3.014321e+003;2.541697e-001
3.014803e+003;2.552490e-001
3.015285e+003;2.563411e-001
3.015767e+003;2.574412e-001
3.016249e+003;2.585447e-001
3.016731e+003;2.596504e-001
3.017213e+003;2.607568e-001
3.017696e+003;2.618637e-001
3.018178e+003;2.629695e-001
3.018660e+003;2.640723e-001
3.019142e+003;2.651708e-001
3.019624e+003;2.662650e-001
3.020106e+003;2.673582e-001
3.020588e+003;2.684540e-001
3.021071e+003;2.695579e-001
3.021553e+003;2.706723e-001
3.022035e+003;2.717994e-001
3.022517e+003;2.729361e-001
3.022999e+003;2.740803e-001
3.023481e+003;2.752279e-001
3.023963e+003;2.763784e-001
3.024446e+003;2.775331e-001
3.024927e+003;2.786946e-001
3.025410e+003;2.798663e-001
3.025892e+003;2.810494e-001
3.026374e+003;2.822421e-001
3.026856e+003;2.834412e-001
3.027338e+003;2.846428e-001
3.027820e+003;2.858455e-001
3.028302e+003;2.870507e-001
3.028785e+003;2.882624e-001
3.029267e+003;2.894854e-001
3.029749e+003;2.907231e-001
3.030231e+003;2.919764e-001
3.030713e+003;2.932407e-001
3.031195e+003;2.945100e-001
3.031677e+003;2.957773e-001
3.032160e+003;2.970378e-001
3.032642e+003;2.982897e-001
3.033124e+003;2.995355e-001
3.033606e+003;3.007791e-001
3.034088e+003;3.020258e-001
3.034570e+003;3.032799e-001
3.035052e+003;3.045454e-001
3.035535e+003;3.058241e-001
3.036017e+003;3.071179e-001
3.036499e+003;3.084264e-001
3.036981e+003;3.097487e-001
3.037463e+003;3.110819e-001
3.037945e+003;3.124198e-001
3.038427e+003;3.137569e-001
3.038910e+003;3.150881e-001
3.039392e+003;3.164099e-001
3.039874e+003;3.177226e-001
3.040356e+003;3.190297e-001
3.040838e+003;3.203374e-001
3.041320e+003;3.216518e-001
3.041802e+003;3.229778e-001
3.042284e+003;3.243183e-001
3.042767e+003;3.256750e-001
3.043249e+003;3.270503e-001
3.043731e+003;3.284460e-001
3.044213e+003;3.298658e-001
3.044695e+003;3.313121e-001
3.045177e+003;3.327863e-001
3.045659e+003;3.342840e-001
3.046142e+003;3.357965e-001
3.046624e+003;3.373114e-001
3.047106e+003;3.388149e-001
3.047588e+003;3.402968e-001
3.048070e+003;3.417502e-001
3.048552e+003;3.431757e-001
3.049034e+003;3.445790e-001
3.049517e+003;3.459694e-001
3.049999e+003;3.473580e-001
3.050481e+003;3.487538e-001
3.050963e+003;3.501652e-001
3.051445e+003;3.515975e-001
3.051927e+003;3.530546e-001
3.052409e+003;3.545394e-001
3.052892e+003;3.560533e-001
3.053374e+003;3.575949e-001
3.053856e+003;3.591623e-001
3.054338e+003;3.607504e-001
3.054820e+003;3.623539e-001
3.055302e+003;3.639644e-001
3.055784e+003;3.655756e-001
3.056267e+003;3.671802e-001
3.056749e+003;3.687730e-001
3.057231e+003;3.703510e-001
3.057713e+003;3.719145e-001
3.058195e+003;3.734657e-001
3.058677e+003;3.750098e-001
3.059159e+003;3.765545e-001
3.059641e+003;3.781094e-001
3.060124e+003;3.796818e-001
3.060606e+003;3.812786e-001
3.061088e+003;3.829016e-001
3.061570e+003;3.845500e-001
3.062052e+003;3.862180e-001
3.062534e+003;3.878981e-001
3.063016e+003;3.895817e-001
3.063499e+003;3.912619e-001
3.063981e+003;3.929336e-001
3.064463e+003;3.945968e-001
3.064945e+003;3.962528e-001
3.065427e+003;3.979073e-001
3.065909e+003;3.995685e-001
3.066391e+003;4.012443e-001
3.066874e+003;4.029417e-001
3.067356e+003;4.046648e-001
3.067838e+003;4.064130e-001
3.068320e+003;4.081824e-001
3.068802e+003;4.099655e-001
3.069284e+003;4.117537e-001
3.069766e+003;4.135400e-001
3.070249e+003;4.153198e-001
3.070731e+003;4.170911e-001
3.071213e+003;4.188563e-001
3.071695e+003;4.206173e-001
3.072177e+003;4.223774e-001
3.072659e+003;4.241380e-001
3.073141e+003;4.259007e-001
3.073624e+003;4.276666e-001
3.074105e+003;4.294386e-001
3.074588e+003;4.312197e-001
3.075070e+003;4.330141e-001
3.075552e+003;4.348257e-001
3.076034e+003;4.366555e-001
3.076516e+003;4.385039e-001
3.076998e+003;4.403682e-001
3.077480e+003;4.422461e-001
3.077963e+003;4.441347e-001
3.078445e+003;4.460314e-001
3.078927e+003;4.479339e-001
3.079409e+003;4.498381e-001
3.079891e+003;4.517395e-001
3.080373e+003;4.536327e-001
3.080855e+003;4.555134e-001
3.081338e+003;4.573814e-001
3.081820e+003;4.592416e-001
3.082302e+003;4.611032e-001
3.082784e+003;4.629787e-001
3.083266e+003;4.648786e-001
3.083748e+003;4.668090e-001
3.084230e+003;4.687695e-001
3.084713e+003;4.707522e-001
3.085195e+003;4.727471e-001
3.085677e+003;4.747429e-001
3.086159e+003;4.767324e-001
3.086641e+003;4.787143e-001
3.087123e+003;4.806902e-001
3.087605e+003;4.826650e-001
3.088088e+003;4.846425e-001
3.088570e+003;4.866259e-001
3.089052e+003;4.886158e-001
3.089534e+003;4.906126e-001
3.090016e+003;4.926181e-001
3.090498e+003;4.946351e-001
3.090980e+003;4.966666e-001
3.091462e+003;4.987147e-001
3.091945e+003;5.007773e-001
3.092427e+003;5.028510e-001
3.092909e+003;5.049294e-001
3.093391e+003;5.070049e-001
3.093873e+003;5.090741e-001
3.094355e+003;5.111372e-001
3.094837e+003;5.131963e-001
3.095320e+003;5.152578e-001
3.095802e+003;5.173262e-001
3.096284e+003;5.194060e-001
3.096766e+003;5.214989e-001
3.097248e+003;5.236058e-001
3.097730e+003;5.257267e-001
3.098212e+003;5.278621e-001
3.098695e+003;5.300105e-001
3.099177e+003;5.321703e-001
3.099659e+003;5.343364e-001
3.100141e+003;5.365025e-001
3.100623e+003;5.386620e-001
3.101105e+003;5.408104e-001
3.101587e+003;5.429470e-001
3.102070e+003;5.450769e-001
3.102552e+003;5.472086e-001
3.103034e+003;5.493533e-001
3.103516e+003;5.515193e-001
3.103998e+003;5.537127e-001
3.104480e+003;5.559316e-001
3.104962e+003;5.581708e-001
3.105445e+003;5.604225e-001
3.105927e+003;5.626777e-001
3.106409e+003;5.649318e-001
3.106891e+003;5.671828e-001
3.107373e+003;5.694324e-001
3.107855e+003;5.716860e-001
3.108337e+003;5.739487e-001
3.108819e+003;5.762245e-001
3.109302e+003;5.785152e-001
3.109784e+003;5.808175e-001
3.110266e+003;5.831259e-001
3.110748e+003;5.854332e-001
3.111230e+003;5.877309e-001
3.111712e+003;5.900152e-001
3.112194e+003;5.922853e-001
3.112677e+003;5.945449e-001
3.113159e+003;5.968012e-001
3.113641e+003;5.990623e-001
3.114123e+003;6.013333e-001
3.114605e+003;6.036169e-001
3.115087e+003;6.059110e-001
3.115569e+003;6.082116e-001
3.116052e+003;6.105142e-001
3.116534e+003;6.128167e-001
3.117016e+003;6.151179e-001
3.117498e+003;6.174199e-001
3.117980e+003;6.197232e-001
3.118462e+003;6.220304e-001
3.118944e+003;6.243418e-001
3.119427e+003;6.266603e-001
3.119909e+003;6.289915e-001
3.120391e+003;6.313466e-001
3.120873e+003;6.337380e-001
3.121355e+003;6.361782e-001
3.121837e+003;6.386723e-001
3.122319e+003;6.412147e-001
3.122802e+003;6.437882e-001
3.123283e+003;6.463661e-001
3.123766e+003;6.489195e-001
3.124248e+003;6.514255e-001
3.124730e+003;6.538735e-001
3.125212e+003;6.562664e-001
3.125694e+003;6.586190e-001
3.126176e+003;6.609532e-001
3.126658e+003;6.632888e-001
3.127141e+003;6.656408e-001
3.127623e+003;6.680170e-001
3.128105e+003;6.704167e-001
3.128587e+003;6.728366e-001
3.129069e+003;6.752714e-001
3.129551e+003;6.777154e-001
3.130033e+003;6.801646e-001
3.130516e+003;6.826149e-001
3.130998e+003;6.850628e-001
3.131480e+003;6.875040e-001
3.131962e+003;6.899367e-001
3.132444e+003;6.923605e-001
3.132926e+003;6.947775e-001
3.133408e+003;6.971915e-001
3.133891e+003;6.996067e-001
3.134373e+003;7.020273e-001
3.134855e+003;7.044562e-001
3.135337e+003;7.068962e-001
3.135819e+003;7.093507e-001
3.136301e+003;7.118236e-001
3.136783e+003;7.143181e-001
3.137266e+003;7.168338e-001
3.137748e+003;7.193677e-001
3.138230e+003;7.219107e-001
3.138712e+003;7.244503e-001
3.139194e+003;7.269736e-001
3.139676e+003;7.294719e-001
3.140158e+003;7.319422e-001
3.140640e+003;7.343893e-001
3.141123e+003;7.368245e-001
3.141605e+003;7.392608e-001
3.142087e+003;7.417101e-001
3.142569e+003;7.441785e-001
3.143051e+003;7.466675e-001
3.143533e+003;7.491743e-001
3.144015e+003;7.516932e-001
3.144498e+003;7.542204e-001
3.144980e+003;7.567510e-001
3.145462e+003;7.592847e-001
3.145944e+003;7.618192e-001
3.146426e+003;7.643530e-001
3.146908e+003;7.668830e-001
3.147390e+003;7.694049e-001
3.147873e+003;7.719155e-001
3.148355e+003;7.744129e-001
3.148837e+003;7.768973e-001
3.149319e+003;7.793725e-001
3.149801e+003;7.818440e-001
3.150283e+003;7.843190e-001
3.150765e+003;7.868040e-001
3.151248e+003;7.893040e-001
3.151730e+003;7.918184e-001
3.152212e+003;7.943417e-001
3.152694e+003;7.968627e-001
3.153176e+003;7.993680e-001
3.153658e+003;8.018442e-001
3.154140e+003;8.042843e-001
3.154623e+003;8.066911e-001
3.155104e+003;8.090749e-001
3.155587e+003;8.114552e-001
3.156069e+003;8.138513e-001
3.156551e+003;8.162779e-001
3.157033e+003;8.187394e-001
3.157515e+003;8.212296e-001
3.157997e+003;8.237351e-001
3.158479e+003;8.262380e-001
3.158962e+003;8.287262e-001
3.159444e+003;8.311937e-001
3.159926e+003;8.336444e-001
3.160408e+003;8.360853e-001
3.160890e+003;8.385265e-001
3.161372e+003;8.409745e-001
3.161854e+003;8.434330e-001
3.162337e+003;8.459022e-001
3.162819e+003;8.483805e-001
3.163301e+003;8.508661e-001
3.163783e+003;8.533558e-001
3.164265e+003;8.558441e-001
3.164747e+003;8.583226e-001
3.165229e+003;8.607781e-001
3.165712e+003;8.631983e-001
3.166194e+003;8.655747e-001
3.166676e+003;8.679066e-001
3.167158e+003;8.702051e-001
3.167640e+003;8.724895e-001
3.168122e+003;8.747824e-001
3.168604e+003;8.771040e-001
3.169086e+003;8.794634e-001
3.169569e+003;8.818595e-001
3.170051e+003;8.842798e-001
3.170533e+003;8.867059e-001
3.171015e+003;8.891196e-001
3.171497e+003;8.915068e-001
3.171979e+003;8.938607e-001
3.172461e+003;8.961810e-001
3.172944e+003;8.984736e-001
3.173426e+003;9.007461e-001
3.173908e+003;9.030084e-001
3.174390e+003;9.052683e-001
3.174872e+003;9.075344e-001
3.175354e+003;9.098097e-001
3.175836e+003;9.120959e-001
3.176319e+003;9.143899e-001
3.176801e+003;9.166860e-001
3.177283e+003;9.189783e-001
3.177765e+003;9.212622e-001
3.178247e+003;9.235359e-001
3.178729e+003;9.258000e-001
3.179211e+003;9.280537e-001
3.179694e+003;9.302935e-001
3.180176e+003;9.325119e-001
3.180658e+003;9.346972e-001
3.181140e+003;9.368402e-001
3.181622e+003;9.389387e-001
3.182104e+003;9.409997e-001
3.182586e+003;9.430427e-001
3.183069e+003;9.450894e-001
3.183551e+003;9.471600e-001
3.184033e+003;9.492650e-001
3.184515e+003;9.514017e-001
3.184997e+003;9.535543e-001
3.185479e+003;9.557043e-001
3.185961e+003;9.578342e-001
3.186443e+003;9.599383e-001
3.186926e+003;9.620194e-001
3.187408e+003;9.640880e-001
3.187890e+003;9.661567e-001
3.188372e+003;9.682310e-001
3.188854e+003;9.703096e-001
3.189336e+003;9.723844e-001
3.189818e+003;9.744459e-001
3.190301e+003;9.764859e-001
3.190783e+003;9.785020e-001
3.191265e+003;9.804948e-001
3.191747e+003;9.824656e-001
3.192229e+003;9.844137e-001
3.192711e+003;9.863358e-001
3.193193e+003;9.882287e-001
3.193676e+003;9.900927e-001
3.194158e+003;9.919348e-001
3.194640e+003;9.937673e-001
3.195122e+003;9.956055e-001
3.195604e+003;9.974635e-001
3.196086e+003;9.993458e-001
3.196568e+003;1.001247e+000
3.197051e+003;1.003156e+000
3.197533e+003;1.005057e+000
3.198015e+003;1.006939e+000
3.198497e+003;1.008797e+000
3.198979e+003;1.010633e+000
3.199461e+003;1.012453e+000
3.199943e+003;1.014263e+000
3.200426e+003;1.016063e+000
3.200907e+003;1.017849e+000
3.201390e+003;1.019617e+000
3.201872e+003;1.021358e+000
3.202354e+003;1.023070e+000
3.202836e+003;1.024749e+000
3.203318e+003;1.026398e+000
3.203800e+003;1.028017e+000
3.204282e+003;1.029608e+000
3.204765e+003;1.031178e+000
3.205247e+003;1.032729e+000
3.205729e+003;1.034272e+000
3.206211e+003;1.035817e+000
3.206693e+003;1.037367e+000
3.207175e+003;1.038926e+000
3.207657e+003;1.040488e+000
3.208140e+003;1.042041e+000
3.208622e+003;1.043569e+000
3.209104e+003;1.045060e+000
3.209586e+003;1.046510e+000
3.210068e+003;1.047924e+000
3.210550e+003;1.049310e+000
3.211032e+003;1.050683e+000
3.211515e+003;1.052053e+000
3.211997e+003;1.053427e+000
3.212479e+003;1.054807e+000
3.212961e+003;1.056188e+000
3.213443e+003;1.057568e+000
3.213925e+003;1.058942e+000
3.214407e+003;1.060305e+000
3.214890e+003;1.061654e+000
3.215372e+003;1.062981e+000
3.215854e+003;1.064281e+000
3.216336e+003;1.065554e+000
3.216818e+003;1.066802e+000
3.217300e+003;1.068034e+000
3.217782e+003;1.069260e+000
3.218264e+003;1.070490e+000
3.218747e+003;1.071723e+000
3.219229e+003;1.072950e+000
3.219711e+003;1.074156e+000
3.220193e+003;1.075319e+000
3.220675e+003;1.076429e+000
3.221157e+003;1.077483e+000
3.221639e+003;1.078497e+000
3.222122e+003;1.079495e+000
3.222604e+003;1.080503e+000
3.223086e+003;1.081541e+000
3.223568e+003;1.082617e+000
3.224050e+003;1.083725e+000
3.224532e+003;1.084847e+000
3.225014e+003;1.085960e+000
3.225497e+003;1.087047e+000
3.225979e+003;1.088094e+000
3.226461e+003;1.089100e+000
3.226943e+003;1.090070e+000
3.227425e+003;1.091016e+000
3.227907e+003;1.091950e+000
3.228389e+003;1.092882e+000
3.228872e+003;1.093816e+000
3.229354e+003;1.094751e+000
3.229836e+003;1.095678e+000
3.230318e+003;1.096585e+000
3.230800e+003;1.097457e+000
3.231282e+003;1.098284e+000
3.231764e+003;1.099064e+000
3.232247e+003;1.099803e+000
3.232729e+003;1.100517e+000
3.233211e+003;1.101221e+000
3.233693e+003;1.101933e+000
3.234175e+003;1.102657e+000
3.234657e+003;1.103391e+000
3.235139e+003;1.104126e+000
3.235621e+003;1.104848e+000
3.236104e+003;1.105550e+000
3.236586e+003;1.106231e+000
3.237068e+003;1.106898e+000
3.237550e+003;1.107559e+000
3.238032e+003;1.108221e+000
3.238514e+003;1.108884e+000
3.238996e+003;1.109540e+000
3.239479e+003;1.110175e+000
3.239961e+003;1.110778e+000
3.240443e+003;1.111340e+000
3.240925e+003;1.111860e+000
3.241407e+003;1.112343e+000
3.241889e+003;1.112800e+000
3.242371e+003;1.113242e+000
3.242854e+003;1.113682e+000
3.243336e+003;1.114129e+000
3.243818e+003;1.114594e+000
3.244300e+003;1.115084e+000
3.244782e+003;1.115603e+000
3.245264e+003;1.116150e+000
3.245746e+003;1.116715e+000
3.246229e+003;1.117286e+000
3.246711e+003;1.117845e+000
3.247193e+003;1.118379e+000
3.247675e+003;1.118880e+000
3.248157e+003;1.119351e+000
3.248639e+003;1.119798e+000
3.249121e+003;1.120226e+000
3.249604e+003;1.120637e+000
3.250085e+003;1.121026e+000
3.250568e+003;1.121383e+000
3.251050e+003;1.121705e+000
3.251532e+003;1.121992e+000
3.252014e+003;1.122259e+000
3.252496e+003;1.122524e+000
3.252978e+003;1.122804e+000
3.253460e+003;1.123111e+000
3.253943e+003;1.123441e+000
3.254425e+003;1.123779e+000
3.254907e+003;1.124109e+000
3.255389e+003;1.124414e+000
3.255871e+003;1.124693e+000
3.256353e+003;1.124955e+000
3.256835e+003;1.125222e+000
3.257318e+003;1.125511e+000
3.257800e+003;1.125832e+000
3.258282e+003;1.126180e+000
3.258764e+003;1.126542e+000
3.259246e+003;1.126894e+000
3.259728e+003;1.127217e+000
3.260210e+003;1.127495e+000
3.260693e+003;1.127721e+000
3.261175e+003;1.127898e+000
3.261657e+003;1.128036e+000
3.262139e+003;1.128145e+000
3.262621e+003;1.128243e+000
3.263103e+003;1.128347e+000
3.263585e+003;1.128475e+000
3.264068e+003;1.128642e+000
3.264550e+003;1.128852e+000
3.265032e+003;1.129098e+000
3.265514e+003;1.129360e+000
3.265996e+003;1.129612e+000
3.266478e+003;1.129833e+000
3.266960e+003;1.130013e+000
3.267442e+003;1.130158e+000
3.267925e+003;1.130287e+000
3.268407e+003;1.130425e+000
3.268889e+003;1.130586e+000
3.269371e+003;1.130769e+000
3.269853e+003;1.130957e+000
3.270335e+003;1.131122e+000
3.270817e+003;1.131241e+000
3.271300e+003;1.131304e+000
3.271782e+003;1.131322e+000
3.272264e+003;1.131321e+000
3.272746e+003;1.131332e+000
3.273228e+003;1.131378e+000
3.273710e+003;1.131465e+000
3.274192e+003;1.131586e+000
3.274675e+003;1.131720e+000
3.275157e+003;1.131845e+000
3.275639e+003;1.131953e+000
3.276121e+003;1.132043e+000
3.276603e+003;1.132127e+000
3.277085e+003;1.132215e+000
3.277567e+003;1.132315e+000
3.278050e+003;1.132427e+000
3.278532e+003;1.132541e+000
3.279014e+003;1.132650e+000
3.279496e+003;1.132752e+000
3.279978e+003;1.132849e+000
3.280460e+003;1.132952e+000
3.280942e+003;1.133071e+000
3.281425e+003;1.133211e+000
3.281906e+003;1.133371e+000
3.282389e+003;1.133540e+000
3.282871e+003;1.133704e+000
3.283353e+003;1.133850e+000
3.283835e+003;1.133966e+000
3.284317e+003;1.134047e+000
3.284799e+003;1.134089e+000
3.285281e+003;1.134093e+000
3.285764e+003;1.134062e+000
3.286246e+003;1.134006e+000
3.286728e+003;1.133937e+000
3.287210e+003;1.133877e+000
3.287692e+003;1.133848e+000
3.288174e+003;1.133867e+000
3.288656e+003;1.133946e+000
3.289139e+003;1.134079e+000
3.289621e+003;1.134251e+000
3.290103e+003;1.134436e+000
3.290585e+003;1.134610e+000
3.291067e+003;1.134753e+000
3.291549e+003;1.134854e+000
3.292031e+003;1.134916e+000
3.292514e+003;1.134948e+000
3.292996e+003;1.134964e+000
3.293478e+003;1.134977e+000
3.293960e+003;1.134997e+000
3.294442e+003;1.135035e+000
3.294924e+003;1.135093e+000
3.295406e+003;1.135177e+000
3.295889e+003;1.135281e+000
3.296371e+003;1.135402e+000
3.296853e+003;1.135525e+000
3.297335e+003;1.135639e+000
3.297817e+003;1.135730e+000
3.298299e+003;1.135789e+000
3.298781e+003;1.135815e+000
3.299263e+003;1.135814e+000
3.299746e+003;1.135798e+000
3.300228e+003;1.135779e+000
3.300710e+003;1.135769e+000
3.301192e+003;1.135777e+000
3.301674e+003;1.135803e+000
3.302156e+003;1.135848e+000
3.302638e+003;1.135905e+000
3.303121e+003;1.135967e+000
3.303603e+003;1.136025e+000
3.304085e+003;1.136071e+000
3.304567e+003;1.136098e+000
3.305049e+003;1.136104e+000
3.305531e+003;1.136092e+000
3.306013e+003;1.136073e+000
3.306496e+003;1.136061e+000
3.306978e+003;1.136071e+000
3.307460e+003;1.136114e+000
3.307942e+003;1.136196e+000
3.308424e+003;1.136311e+000
3.308906e+003;1.136451e+000
3.309388e+003;1.136602e+000
3.309871e+003;1.136756e+000
3.310353e+003;1.136904e+000
3.310835e+003;1.137038e+000
3.311317e+003;1.137154e+000
3.311799e+003;1.137244e+000
3.312281e+003;1.137298e+000
3.312763e+003;1.137311e+000
3.313246e+003;1.137281e+000
3.313728e+003;1.137221e+000
3.314210e+003;1.137150e+000
3.314692e+003;1.137094e+000
3.315174e+003;1.137077e+000
3.315656e+003;1.137115e+000
3.316138e+003;1.137208e+000
3.316620e+003;1.137343e+000
3.317103e+003;1.137498e+000
3.317585e+003;1.137647e+000
3.318067e+003;1.137769e+000
3.318549e+003;1.137848e+000
3.319031e+003;1.137881e+000
3.319513e+003;1.137869e+000
3.319995e+003;1.137819e+000
3.320478e+003;1.137740e+000
3.320960e+003;1.137643e+000
3.321442e+003;1.137542e+000
3.321924e+003;1.137454e+000
3.322406e+003;1.137391e+000
3.322888e+003;1.137365e+000
3.323370e+003;1.137382e+000
3.323853e+003;1.137437e+000
3.324335e+003;1.137521e+000
3.324817e+003;1.137617e+000
3.325299e+003;1.137712e+000
3.325781e+003;1.137791e+000
3.326263e+003;1.137851e+000
3.326745e+003;1.137887e+000
3.327228e+003;1.137899e+000
3.327710e+003;1.137887e+000
3.328192e+003;1.137846e+000
3.328674e+003;1.137775e+000
3.329156e+003;1.137672e+000
3.329638e+003;1.137536e+000
3.330120e+003;1.137374e+000
3.330603e+003;1.137194e+000
3.331084e+003;1.137006e+000
3.331567e+003;1.136819e+000
3.332049e+003;1.136641e+000
3.332531e+003;1.136474e+000
3.333013e+003;1.136322e+000
3.333495e+003;1.136184e+000
3.333977e+003;1.136058e+000
3.334459e+003;1.135942e+000
3.334942e+003;1.135829e+000
3.335424e+003;1.135714e+000
3.335906e+003;1.135589e+000
3.336388e+003;1.135451e+000
3.336870e+003;1.135302e+000
3.337352e+003;1.135146e+000
3.337834e+003;1.134989e+000
3.338317e+003;1.134837e+000
3.338799e+003;1.134694e+000
3.339281e+003;1.134558e+000
3.339763e+003;1.134424e+000
3.340245e+003;1.134285e+000
3.340727e+003;1.134137e+000
3.341209e+003;1.133977e+000
3.341692e+003;1.133804e+000
3.342174e+003;1.133620e+000
3.342656e+003;1.133421e+000
3.343138e+003;1.133206e+000
3.343620e+003;1.132972e+000
3.344102e+003;1.132718e+000
3.344584e+003;1.132449e+000
3.345067e+003;1.132175e+000
3.345549e+003;1.131909e+000
3.346031e+003;1.131660e+000
3.346513e+003;1.131433e+000
3.346995e+003;1.131219e+000
3.347477e+003;1.131001e+000
3.347959e+003;1.130759e+000
3.348441e+003;1.130470e+000
3.348924e+003;1.130126e+000
3.349406e+003;1.129726e+000
3.349888e+003;1.129285e+000
3.350370e+003;1.128826e+000
3.350852e+003;1.128372e+000
3.351334e+003;1.127945e+000
3.351816e+003;1.127554e+000
3.352299e+003;1.127202e+000
3.352781e+003;1.126878e+000
3.353263e+003;1.126570e+000
3.353745e+003;1.126261e+000
3.354227e+003;1.125936e+000
3.354709e+003;1.125582e+000
3.355191e+003;1.125193e+000
3.355674e+003;1.124766e+000
3.356156e+003;1.124303e+000
3.356638e+003;1.123808e+000
3.357120e+003;1.123290e+000
3.357602e+003;1.122755e+000
3.358084e+003;1.122209e+000
3.358566e+003;1.121655e+000
3.359049e+003;1.121093e+000
3.359531e+003;1.120522e+000
3.360013e+003;1.119940e+000
3.360495e+003;1.119345e+000
3.360977e+003;1.118736e+000
3.361459e+003;1.118114e+000
3.361941e+003;1.117479e+000
3.362424e+003;1.116830e+000
3.362906e+003;1.116166e+000
3.363388e+003;1.115485e+000
3.363870e+003;1.114786e+000
3.364352e+003;1.114070e+000
3.364834e+003;1.113341e+000
3.365316e+003;1.112605e+000
3.365798e+003;1.111870e+000
3.366281e+003;1.111144e+000
3.366763e+003;1.110434e+000
3.367245e+003;1.109741e+000
3.367727e+003;1.109063e+000
3.368209e+003;1.108390e+000
3.368691e+003;1.107708e+000
3.369173e+003;1.107004e+000
3.369656e+003;1.106266e+000
3.370138e+003;1.105488e+000
3.370620e+003;1.104674e+000
3.371102e+003;1.103834e+000
3.371584e+003;1.102985e+000
3.372066e+003;1.102143e+000
3.372548e+003;1.101321e+000
3.373031e+003;1.100521e+000
3.373513e+003;1.099739e+000
3.373995e+003;1.098962e+000
3.374477e+003;1.098176e+000
3.374959e+003;1.097363e+000
3.375441e+003;1.096511e+000
3.375923e+003;1.095614e+000
3.376406e+003;1.094667e+000
3.376888e+003;1.093671e+000
3.377370e+003;1.092633e+000
3.377852e+003;1.091559e+000
3.378334e+003;1.090466e+000
3.378816e+003;1.089370e+000
3.379298e+003;1.088291e+000
3.379781e+003;1.087242e+000
3.380262e+003;1.086231e+000
3.380745e+003;1.085250e+000
3.381227e+003;1.084281e+000
3.381709e+003;1.083299e+000
3.382191e+003;1.082279e+000
3.382673e+003;1.081207e+000
3.383155e+003;1.080082e+000
3.383637e+003;1.078916e+000
3.384120e+003;1.077732e+000
3.384602e+003;1.076555e+000
3.385084e+003;1.075398e+000
3.385566e+003;1.074266e+000
3.386048e+003;1.073149e+000
3.386530e+003;1.072028e+000
3.387012e+003;1.070883e+000
3.387495e+003;1.069698e+000
3.387977e+003;1.068467e+000
3.388459e+003;1.067192e+000
3.388941e+003;1.065882e+000
3.389423e+003;1.064549e+000
3.389905e+003;1.063205e+000
3.390387e+003;1.061856e+000
3.390870e+003;1.060510e+000
3.391352e+003;1.059169e+000
3.391834e+003;1.057837e+000
3.392316e+003;1.056514e+000
3.392798e+003;1.055200e+000
3.393280e+003;1.053892e+000
3.393762e+003;1.052586e+000
3.394245e+003;1.051273e+000
3.394727e+003;1.049946e+000
3.395209e+003;1.048601e+000
3.395691e+003;1.047236e+000
3.396173e+003;1.045850e+000
3.396655e+003;1.044447e+000
3.397137e+003;1.043029e+000
3.397619e+003;1.041598e+000
3.398102e+003;1.040153e+000
3.398584e+003;1.038693e+000
3.399066e+003;1.037219e+000
3.399548e+003;1.035732e+000
3.400030e+003;1.034236e+000
3.400512e+003;1.032735e+000
3.400994e+003;1.031233e+000
3.401477e+003;1.029732e+000
3.401959e+003;1.028227e+000
3.402441e+003;1.026709e+000
3.402923e+003;1.025169e+000
3.403405e+003;1.023598e+000
3.403887e+003;1.021992e+000
3.404369e+003;1.020358e+000
3.404852e+003;1.018704e+000
3.405334e+003;1.017049e+000
3.405816e+003;1.015408e+000
3.406298e+003;1.013795e+000
3.406780e+003;1.012211e+000
3.407262e+003;1.010650e+000
3.407744e+003;1.009098e+000
3.408227e+003;1.007540e+000
3.408709e+003;1.005962e+000
3.409191e+003;1.004357e+000
3.409673e+003;1.002725e+000
3.410155e+003;1.001073e+000
3.410637e+003;9.994064e-001
3.411119e+003;9.977312e-001
3.411602e+003;9.960479e-001
3.412083e+003;9.943526e-001
3.412566e+003;9.926411e-001
3.413048e+003;9.909095e-001
3.413530e+003;9.891585e-001
3.414012e+003;9.873940e-001
3.414494e+003;9.856230e-001
3.414976e+003;9.838530e-001
3.415458e+003;9.820899e-001
3.415941e+003;9.803328e-001
3.416423e+003;9.785783e-001
3.416905e+003;9.768209e-001
3.417387e+003;9.750553e-001
3.417869e+003;9.732797e-001
3.418351e+003;9.714947e-001
3.418833e+003;9.697036e-001
3.419316e+003;9.679119e-001
3.419798e+003;9.661250e-001
3.420280e+003;9.643493e-001
3.420762e+003;9.625895e-001
3.421244e+003;9.608487e-001
3.421726e+003;9.591272e-001
3.422208e+003;9.574196e-001
3.422691e+003;9.557183e-001
3.423173e+003;9.540091e-001
3.423655e+003;9.522785e-001
3.424137e+003;9.505137e-001
3.424619e+003;9.487086e-001
3.425101e+003;9.468650e-001
3.425583e+003;9.449919e-001
3.426066e+003;9.431028e-001
3.426548e+003;9.412080e-001
3.427030e+003;9.393175e-001
3.427512e+003;9.374315e-001
3.427994e+003;9.355447e-001
3.428476e+003;9.336517e-001
3.428958e+003;9.317464e-001
3.429440e+003;9.298311e-001
3.429923e+003;9.279124e-001
3.430405e+003;9.260020e-001
3.430887e+003;9.241132e-001
3.431369e+003;9.222555e-001
3.431851e+003;9.204304e-001
3.432333e+003;9.186321e-001
3.432815e+003;9.168481e-001
3.433298e+003;9.150656e-001
3.433780e+003;9.132690e-001
3.434262e+003;9.114492e-001
3.434744e+003;9.096034e-001
3.435226e+003;9.077354e-001
3.435708e+003;9.058545e-001
3.436190e+003;9.039731e-001
3.436673e+003;9.021035e-001
3.437155e+003;9.002551e-001
3.437637e+003;8.984311e-001
3.438119e+003;8.966278e-001
3.438601e+003;8.948365e-001
3.439083e+003;8.930441e-001
3.439565e+003;8.912373e-001
3.440048e+003;8.894072e-001
3.440530e+003;8.875484e-001
3.441012e+003;8.856631e-001
3.441494e+003;8.837572e-001
3.441976e+003;8.818386e-001
3.442458e+003;8.799145e-001
3.442940e+003;8.779873e-001
3.443423e+003;8.760564e-001
3.443905e+003;8.741208e-001
3.444387e+003;8.721763e-001
3.444869e+003;8.702248e-001
3.445351e+003;8.682708e-001
3.445833e+003;8.663214e-001
3.446315e+003;8.643870e-001
3.446797e+003;8.624756e-001
3.447280e+003;8.605894e-001
3.447762e+003;8.587261e-001
3.448244e+003;8.568752e-001
3.448726e+003;8.550249e-001
3.449208e+003;8.531607e-001
3.449690e+003;8.512734e-001
3.450172e+003;8.493602e-001
3.450655e+003;8.474238e-001
3.451137e+003;8.454740e-001
3.451619e+003;8.435236e-001
3.452101e+003;8.415814e-001
3.452583e+003;8.396552e-001
3.453065e+003;8.377479e-001
3.453547e+003;8.358566e-001
3.454030e+003;8.339792e-001
3.454512e+003;8.321140e-001
3.454994e+003;8.302612e-001
3.455476e+003;8.284227e-001
3.455958e+003;8.265993e-001
3.456440e+003;8.247901e-001
3.456922e+003;8.229901e-001
3.457405e+003;8.211901e-001
3.457887e+003;8.193800e-001
3.458369e+003;8.175539e-001
3.458851e+003;8.157080e-001
3.459333e+003;8.138478e-001
3.459815e+003;8.119800e-001
3.460297e+003;8.101159e-001
3.460780e+003;8.082618e-001
3.461261e+003;8.064191e-001
3.461744e+003;8.045863e-001
3.462226e+003;8.027566e-001
3.462708e+003;8.009237e-001
3.463190e+003;7.990840e-001
3.463672e+003;7.972349e-001
3.464154e+003;7.953801e-001
3.464636e+003;7.935207e-001
3.465119e+003;7.916591e-001
3.465601e+003;7.897978e-001
3.466083e+003;7.879395e-001
3.466565e+003;7.860870e-001
3.467047e+003;7.842447e-001
3.467529e+003;7.824163e-001
3.468011e+003;7.806025e-001
3.468494e+003;7.787980e-001
3.468976e+003;7.769910e-001
3.469458e+003;7.751672e-001
3.469940e+003;7.733133e-001
3.470422e+003;7.714215e-001
3.470904e+003;7.694957e-001
3.471386e+003;7.675485e-001
3.471869e+003;7.656007e-001
3.472351e+003;7.636737e-001
3.472833e+003;7.617847e-001
3.473315e+003;7.599416e-001
3.473797e+003;7.581434e-001
3.474279e+003;7.563815e-001
3.474761e+003;7.546442e-001
3.475244e+003;7.529197e-001
3.475726e+003;7.511987e-001
3.476208e+003;7.494721e-001
3.476690e+003;7.477324e-001
3.477172e+003;7.459726e-001
3.477654e+003;7.441858e-001
3.478136e+003;7.423701e-001
3.478618e+003;7.405287e-001
3.479101e+003;7.386706e-001
3.479583e+003;7.368131e-001
3.480065e+003;7.349713e-001
3.480547e+003;7.331574e-001
3.481029e+003;7.313752e-001
3.481511e+003;7.296184e-001
3.481993e+003;7.278737e-001
3.482476e+003;7.261241e-001
3.482958e+003;7.243533e-001
3.483440e+003;7.225518e-001
3.483922e+003;7.207159e-001
3.484404e+003;7.188492e-001
3.484886e+003;7.169592e-001
3.485368e+003;7.150561e-001
3.485851e+003;7.131489e-001
3.486333e+003;7.112478e-001
3.486815e+003;7.093619e-001
3.487297e+003;7.074997e-001
3.487779e+003;7.056666e-001
3.488261e+003;7.038658e-001
3.488743e+003;7.020971e-001
3.489226e+003;7.003551e-001
3.489708e+003;6.986344e-001
3.490190e+003;6.969274e-001
3.490672e+003;6.952286e-001
3.491154e+003;6.935347e-001
3.491636e+003;6.918414e-001
3.492118e+003;6.901457e-001
3.492601e+003;6.884416e-001
3.493083e+003;6.867220e-001
3.493565e+003;6.849797e-001
3.494047e+003;6.832096e-001
3.494529e+003;6.814095e-001
3.495011e+003;6.795853e-001
3.495493e+003;6.777458e-001
3.495975e+003;6.759027e-001
3.496458e+003;6.740672e-001
3.496940e+003;6.722474e-001
3.497422e+003;6.704474e-001
3.497904e+003;6.686666e-001
3.498386e+003;6.669022e-001
3.498868e+003;6.651505e-001
3.499350e+003;6.634077e-001
3.499833e+003;6.616701e-001
3.500315e+003;6.599359e-001
3.500797e+003;6.582004e-001
3.501279e+003;6.564607e-001
3.501761e+003;6.547137e-001
3.502243e+003;6.529582e-001
3.502725e+003;6.511968e-001
3.503208e+003;6.494347e-001
3.503690e+003;6.476786e-001
3.504172e+003;6.459346e-001
3.504654e+003;6.442072e-001
3.505136e+003;6.424941e-001
3.505618e+003;6.407924e-001
3.506100e+003;6.390932e-001
3.506583e+003;6.373899e-001
3.507065e+003;6.356763e-001
3.507547e+003;6.339502e-001
3.508029e+003;6.322150e-001
3.508511e+003;6.304753e-001
3.508993e+003;6.287360e-001
3.509475e+003;6.270028e-001
3.509958e+003;6.252750e-001
3.510439e+003;6.235519e-001
3.510922e+003;6.218259e-001
3.511404e+003;6.200913e-001
3.511886e+003;6.183400e-001
3.512368e+003;6.165671e-001
3.512850e+003;6.147696e-001
3.513332e+003;6.129472e-001
3.513814e+003;6.111026e-001
3.514297e+003;6.092412e-001
3.514779e+003;6.073694e-001
3.515261e+003;6.054958e-001
3.515743e+003;6.036291e-001
3.516225e+003;6.017762e-001
3.516707e+003;5.999436e-001
3.517189e+003;5.981337e-001
3.517672e+003;5.963452e-001
3.518154e+003;5.945757e-001
3.518636e+003;5.928219e-001
3.519118e+003;5.910820e-001
3.519600e+003;5.893576e-001
3.520082e+003;5.876511e-001
3.520564e+003;5.859646e-001
3.521047e+003;5.842979e-001
3.521529e+003;5.826434e-001
3.522011e+003;5.809922e-001
3.522493e+003;5.793277e-001
3.522975e+003;5.776370e-001
3.523457e+003;5.759117e-001
3.523939e+003;5.741517e-001
3.524422e+003;5.723638e-001
3.524904e+003;5.705607e-001
3.525386e+003;5.687568e-001
3.525868e+003;5.669647e-001
3.526350e+003;5.651910e-001
3.526832e+003;5.634394e-001
3.527314e+003;5.617114e-001
3.527796e+003;5.600092e-001
3.528279e+003;5.583351e-001
3.528761e+003;5.566930e-001
3.529243e+003;5.550807e-001
3.529725e+003;5.534928e-001
3.530207e+003;5.519146e-001
3.530689e+003;5.503290e-001
3.531171e+003;5.487177e-001
3.531654e+003;5.470676e-001
3.532136e+003;5.453752e-001
3.532618e+003;5.436459e-001
3.533100e+003;5.418922e-001
3.533582e+003;5.401302e-001
3.534064e+003;5.383718e-001
3.534546e+003;5.366261e-001
3.535029e+003;5.348967e-001
3.535511e+003;5.331830e-001
3.535993e+003;5.314798e-001
3.536475e+003;5.297848e-001
3.536957e+003;5.280914e-001
3.537439e+003;5.263944e-001
3.537921e+003;5.246859e-001
3.538404e+003;5.229603e-001
3.538886e+003;5.212167e-001
3.539368e+003;5.194572e-001
3.539850e+003;5.176904e-001
3.540332e+003;5.159277e-001
3.540814e+003;5.141771e-001
3.541296e+003;5.124446e-001
3.541779e+003;5.107263e-001
3.542260e+003;5.090159e-001
3.542743e+003;5.073054e-001
3.543225e+003;5.055931e-001
3.543707e+003;5.038853e-001
3.544189e+003;5.021944e-001
3.544671e+003;5.005338e-001
3.545153e+003;4.989109e-001
3.545635e+003;4.973209e-001
3.546118e+003;4.957472e-001
3.546600e+003;4.941674e-001
3.547082e+003;4.925607e-001
3.547564e+003;4.909165e-001
3.548046e+003;4.892398e-001
3.548528e+003;4.875467e-001
3.549010e+003;4.858578e-001
3.549493e+003;4.841884e-001
3.549975e+003;4.825440e-001
3.550457e+003;4.809199e-001
3.550939e+003;4.793035e-001
3.551421e+003;4.776853e-001
3.551903e+003;4.760639e-001
3.552385e+003;4.744464e-001
3.552868e+003;4.728451e-001
3.553350e+003;4.712680e-001
3.553832e+003;4.697166e-001
3.554314e+003;4.681808e-001
3.554796e+003;4.666435e-001
3.555278e+003;4.650878e-001
3.555760e+003;4.635049e-001
3.556243e+003;4.618963e-001
3.556725e+003;4.602756e-001
3.557207e+003;4.586567e-001
3.557689e+003;4.570509e-001
3.558171e+003;4.554586e-001
3.558653e+003;4.538702e-001
3.559135e+003;4.522741e-001
3.559617e+003;4.506586e-001
3.560100e+003;4.490223e-001
3.560582e+003;4.473733e-001
3.561064e+003;4.457267e-001
3.561546e+003;4.440961e-001
3.562028e+003;4.424906e-001
3.562510e+003;4.409080e-001
3.562992e+003;4.393401e-001
3.563475e+003;4.377763e-001
3.563957e+003;4.362097e-001
3.564439e+003;4.346415e-001
3.564921e+003;4.330807e-001
3.565403e+003;4.315390e-001
3.565885e+003;4.300275e-001
3.566367e+003;4.285494e-001
3.566850e+003;4.271007e-001
3.567332e+003;4.256706e-001
3.567814e+003;4.242439e-001
3.568296e+003;4.228076e-001
3.568778e+003;4.213509e-001
3.569260e+003;4.198663e-001
3.569742e+003;4.183532e-001
3.570225e+003;4.168110e-001
3.570707e+003;4.152439e-001
3.571189e+003;4.136580e-001
3.571671e+003;4.120615e-001
3.572153e+003;4.104669e-001
3.572635e+003;4.088841e-001
3.573117e+003;4.073208e-001
3.573599e+003;4.057832e-001
3.574082e+003;4.042681e-001
3.574564e+003;4.027709e-001
3.575046e+003;4.012846e-001
3.575528e+003;3.998026e-001
3.576010e+003;3.983211e-001
3.576492e+003;3.968379e-001
3.576974e+003;3.953522e-001
3.577457e+003;3.938645e-001
3.577939e+003;3.923737e-001
3.578421e+003;3.908784e-001
3.578903e+003;3.893798e-001
3.579385e+003;3.878799e-001
3.579867e+003;3.863853e-001
3.580349e+003;3.849029e-001
3.580832e+003;3.834412e-001
3.581314e+003;3.820039e-001
3.581796e+003;3.805926e-001
3.582278e+003;3.792023e-001
3.582760e+003;3.778270e-001
3.583242e+003;3.764604e-001
3.583724e+003;3.751012e-001
3.584207e+003;3.737490e-001
3.584689e+003;3.724095e-001
3.585171e+003;3.710883e-001
3.585653e+003;3.697868e-001
3.586135e+003;3.685013e-001
3.586617e+003;3.672204e-001
3.587099e+003;3.659270e-001
3.587582e+003;3.646038e-001
3.588063e+003;3.632339e-001
3.588546e+003;3.618104e-001
3.589028e+003;3.603365e-001
3.589510e+003;3.588257e-001
3.589992e+003;3.572982e-001
3.590474e+003;3.557794e-001
3.590956e+003;3.542898e-001
3.591438e+003;3.528444e-001
3.591921e+003;3.514477e-001
3.592403e+003;3.500957e-001
3.592885e+003;3.487783e-001
3.593367e+003;3.474817e-001
3.593849e+003;3.461947e-001
3.594331e+003;3.449094e-001
3.594813e+003;3.436210e-001
3.595296e+003;3.423301e-001
3.595778e+003;3.410356e-001
3.596260e+003;3.397386e-001
3.596742e+003;3.384358e-001
3.597224e+003;3.371257e-001
3.597706e+003;3.358044e-001
3.598188e+003;3.344707e-001
3.598671e+003;3.331234e-001
3.599153e+003;3.317640e-001
3.599635e+003;3.303937e-001
3.600117e+003;3.290142e-001
3.600599e+003;3.276280e-001
3.601081e+003;3.262349e-001
3.601563e+003;3.248374e-001
3.602046e+003;3.234353e-001
3.602528e+003;3.220297e-001
3.603010e+003;3.206225e-001
3.603492e+003;3.192165e-001
3.603974e+003;3.178172e-001
3.604456e+003;3.164344e-001
3.604938e+003;3.150795e-001
3.605420e+003;3.137648e-001
3.605903e+003;3.124999e-001
3.606385e+003;3.112853e-001
3.606867e+003;3.101126e-001
3.607349e+003;3.089611e-001
3.607831e+003;3.078047e-001
3.608313e+003;3.066173e-001
3.608795e+003;3.053812e-001
3.609278e+003;3.040919e-001
3.609760e+003;3.027626e-001
3.610242e+003;3.014167e-001
3.610724e+003;3.000802e-001
3.611206e+003;2.987725e-001
3.611688e+003;2.975003e-001
3.612170e+003;2.962547e-001
3.612653e+003;2.950144e-001
3.613135e+003;2.937549e-001
3.613617e+003;2.924553e-001
3.614099e+003;2.911063e-001
3.614581e+003;2.897134e-001
3.615063e+003;2.882928e-001
3.615545e+003;2.868687e-001
3.616028e+003;2.854663e-001
3.616510e+003;2.841035e-001
3.616992e+003;2.827898e-001
3.617474e+003;2.815219e-001
3.617956e+003;2.802839e-001
3.618438e+003;2.790548e-001
3.618920e+003;2.778085e-001
3.619403e+003;2.765243e-001
3.619885e+003;2.751917e-001
3.620367e+003;2.738115e-001
3.620849e+003;2.723975e-001
3.621331e+003;2.709705e-001
3.621813e+003;2.695478e-001
3.622295e+003;2.681428e-001
3.622777e+003;2.667546e-001
3.623260e+003;2.653731e-001
3.623742e+003;2.639855e-001
3.624224e+003;2.625835e-001
3.624706e+003;2.611741e-001
3.625188e+003;2.597809e-001
3.625670e+003;2.584381e-001
3.626152e+003;2.571808e-001
3.626635e+003;2.560290e-001
3.627117e+003;2.549788e-001
3.627599e+003;2.539948e-001
3.628081e+003;2.530187e-001
3.628563e+003;2.519813e-001
3.629045e+003;2.508260e-001
3.629527e+003;2.495206e-001
3.630010e+003;2.480679e-001
3.630492e+003;2.464961e-001
3.630974e+003;2.448531e-001
3.631456e+003;2.431918e-001
3.631938e+003;2.415528e-001
3.632420e+003;2.399664e-001
3.632902e+003;2.384476e-001
3.633385e+003;2.369983e-001
3.633867e+003;2.356153e-001
3.634349e+003;2.342896e-001
3.634831e+003;2.330107e-001
3.635313e+003;2.317631e-001
3.635795e+003;2.305294e-001
3.636277e+003;2.292868e-001
3.636760e+003;2.280138e-001
3.637241e+003;2.266903e-001
3.637724e+003;2.253051e-001
3.638206e+003;2.238574e-001
3.638688e+003;2.223578e-001
3.639170e+003;2.208277e-001
3.639652e+003;2.192910e-001
3.640134e+003;2.177726e-001
3.640616e+003;2.162884e-001
3.641099e+003;2.148432e-001
3.641581e+003;2.134289e-001
3.642063e+003;2.120255e-001
3.642545e+003;2.106085e-001
3.643027e+003;2.091553e-001
3.643509e+003;2.076518e-001
3.643991e+003;2.060980e-001
3.644474e+003;2.045107e-001
3.644956e+003;2.029181e-001
3.645438e+003;2.013546e-001
3.645920e+003;1.998497e-001
3.646402e+003;1.984241e-001
3.646884e+003;1.970819e-001
3.647366e+003;1.958105e-001
3.647849e+003;1.945841e-001
3.648331e+003;1.933680e-001
3.648813e+003;1.921258e-001
3.649295e+003;1.908244e-001
3.649777e+003;1.894380e-001
3.650259e+003;1.879553e-001
3.650741e+003;1.863772e-001
3.651224e+003;1.847187e-001
3.651706e+003;1.830090e-001
3.652188e+003;1.812864e-001
3.652670e+003;1.795907e-001
3.653152e+003;1.779556e-001
3.653634e+003;1.764007e-001
3.654116e+003;1.749276e-001
3.654598e+003;1.735171e-001
3.655081e+003;1.721369e-001
3.655563e+003;1.707489e-001
3.656045e+003;1.693230e-001
3.656527e+003;1.678437e-001
3.657009e+003;1.663131e-001
3.657491e+003;1.647488e-001
3.657973e+003;1.631765e-001
3.658456e+003;1.616205e-001
3.658938e+003;1.600963e-001
3.659420e+003;1.586086e-001
3.659902e+003;1.571537e-001
3.660384e+003;1.557180e-001
3.660866e+003;1.542895e-001
3.661348e+003;1.528558e-001
3.661831e+003;1.514113e-001
3.662313e+003;1.499547e-001
3.662795e+003;1.484860e-001
3.663277e+003;1.470103e-001
3.663759e+003;1.455290e-001
3.664241e+003;1.440434e-001
3.664723e+003;1.425517e-001
3.665206e+003;1.410530e-001
3.665688e+003;1.395477e-001
3.666170e+003;1.380447e-001
3.666652e+003;1.365604e-001
3.667134e+003;1.351220e-001
3.667616e+003;1.337589e-001
3.668098e+003;1.324959e-001
3.668581e+003;1.313402e-001
3.669063e+003;1.302730e-001
3.669545e+003;1.292482e-001
3.670027e+003;1.282011e-001
3.670509e+003;1.270652e-001
3.670991e+003;1.257975e-001
3.671473e+003;1.243944e-001
3.671955e+003;1.228952e-001
3.672438e+003;1.213730e-001
3.672920e+003;1.199134e-001
3.673402e+003;1.185861e-001
3.673884e+003;1.174244e-001
3.674366e+003;1.164133e-001
3.674848e+003;1.154952e-001
3.675330e+003;1.145896e-001
3.675813e+003;1.136228e-001
3.676295e+003;1.125526e-001
3.676777e+003;1.113756e-001
3.677259e+003;1.101247e-001
3.677741e+003;1.088483e-001
3.678223e+003;1.075911e-001
3.678705e+003;1.063816e-001
3.679188e+003;1.052254e-001
3.679670e+003;1.041130e-001
3.680152e+003;1.030319e-001
3.680634e+003;1.019735e-001
3.681116e+003;1.009387e-001
3.681598e+003;9.993278e-002
3.682080e+003;9.895669e-002
3.682563e+003;9.800223e-002
3.683045e+003;9.705186e-002
3.683527e+003;9.608523e-002
3.684009e+003;9.509211e-002
3.684491e+003;9.408020e-002
3.684973e+003;9.308100e-002
3.685455e+003;9.213984e-002
3.685938e+003;9.130399e-002
3.686419e+003;9.060227e-002
3.686902e+003;9.003636e-002
3.687384e+003;8.957298e-002
3.687866e+003;8.915611e-002
3.688348e+003;8.872064e-002
3.688830e+003;8.821455e-002
3.689312e+003;8.760854e-002
3.689794e+003;8.690065e-002
3.690277e+003;8.610863e-002
3.690759e+003;8.525942e-002
3.691241e+003;8.437821e-002
3.691723e+003;8.348671e-002
3.692205e+003;8.259702e-002
3.692687e+003;8.172176e-002
3.693169e+003;8.087378e-002
3.693652e+003;8.006772e-002
3.694134e+003;7.931549e-002
3.694616e+003;7.862668e-002
3.695098e+003;7.799814e-002
3.695580e+003;7.741865e-002
3.696062e+003;7.686877e-002
3.696544e+003;7.632947e-002
3.697027e+003;7.578713e-002
3.697509e+003;7.523675e-002
3.697991e+003;7.468167e-002
3.698473e+003;7.413344e-002
3.698955e+003;7.360335e-002
3.699437e+003;7.310063e-002
3.699919e+003;7.262884e-002
3.700402e+003;7.218787e-002
3.700884e+003;7.177253e-002
3.701366e+003;7.137643e-002
3.701848e+003;7.099134e-002
3.702330e+003;7.060883e-002
3.702812e+003;7.022040e-002
3.703294e+003;6.982045e-002
3.703776e+003;6.940639e-002
3.704259e+003;6.898157e-002
3.704741e+003;6.855573e-002
3.705223e+003;6.814142e-002
3.705705e+003;6.774953e-002
3.706187e+003;6.738567e-002
3.706669e+003;6.704818e-002
3.707151e+003;6.672794e-002
3.707634e+003;6.641180e-002
3.708116e+003;6.609027e-002
3.708598e+003;6.576384e-002
3.709080e+003;6.544150e-002
3.709562e+003;6.514038e-002
3.710044e+003;6.487597e-002
3.710526e+003;6.465556e-002
3.711009e+003;6.447326e-002
3.711491e+003;6.430745e-002
3.711973e+003;6.412829e-002
3.712455e+003;6.390727e-002
3.712937e+003;6.362579e-002
3.713419e+003;6.328212e-002
3.713901e+003;6.289121e-002
3.714384e+003;6.247600e-002
3.714866e+003;6.206436e-002
3.715348e+003;6.167651e-002
3.715830e+003;6.132191e-002
3.716312e+003;6.100233e-002
3.716794e+003;6.070985e-002
3.717276e+003;6.043638e-002
3.717759e+003;6.017685e-002
3.718240e+003;5.993121e-002
3.718723e+003;5.970345e-002
3.719205e+003;5.949881e-002
3.719687e+003;5.932188e-002
3.720169e+003;5.917255e-002
3.720651e+003;5.904544e-002
3.721133e+003;5.893263e-002
3.721615e+003;5.882465e-002
3.722098e+003;5.871308e-002
3.722580e+003;5.859534e-002
3.723062e+003;5.847157e-002
3.723544e+003;5.834804e-002
3.724026e+003;5.823253e-002
3.724508e+003;5.812915e-002
3.724990e+003;5.803701e-002
3.725473e+003;5.794460e-002
3.725955e+003;5.783131e-002
3.726437e+003;5.767437e-002
3.726919e+003;5.745227e-002
3.727401e+003;5.715926e-002
3.727883e+003;5.680790e-002
3.728365e+003;5.643120e-002
3.728848e+003;5.607571e-002
3.729330e+003;5.578839e-002
3.729812e+003;5.560144e-002
3.730294e+003;5.552382e-002
3.730776e+003;5.553458e-002
3.731258e+003;5.559447e-002
3.731740e+003;5.565924e-002
3.732223e+003;5.569638e-002
3.732705e+003;5.569705e-002
3.733187e+003;5.567620e-002
3.733669e+003;5.566112e-002
3.734151e+003;5.567599e-002
3.734633e+003;5.572595e-002
3.735115e+003;5.579117e-002
3.735597e+003;5.583398e-002
3.736080e+003;5.581274e-002
3.736562e+003;5.570001e-002
3.737044e+003;5.549411e-002
3.737526e+003;5.521693e-002
3.738008e+003;5.490373e-002
3.738490e+003;5.458334e-002
3.738972e+003;5.427151e-002
3.739455e+003;5.396825e-002
3.739937e+003;5.366548e-002
3.740419e+003;5.336498e-002
3.740901e+003;5.308881e-002
3.741383e+003;5.288087e-002
3.741865e+003;5.279483e-002
3.742347e+003;5.286964e-002
3.742830e+003;5.310670e-002
3.743312e+003;5.345676e-002
3.743794e+003;5.382429e-002
3.744276e+003;5.409953e-002
3.744758e+003;5.419385e-002
3.745240e+003;5.407433e-002
3.745722e+003;5.377415e-002
3.746205e+003;5.337455e-002
3.746687e+003;5.297596e-002
3.747169e+003;5.266471e-002
3.747651e+003;5.248642e-002
3.748133e+003;5.244084e-002
3.748615e+003;5.248966e-002
3.749097e+003;5.258083e-002
3.749580e+003;5.266818e-002
3.750062e+003;5.272808e-002
3.750544e+003;5.276143e-002
3.751026e+003;5.277771e-002
3.751508e+003;5.278436e-002
3.751990e+003;5.277549e-002
3.752472e+003;5.273385e-002
3.752954e+003;5.264006e-002
3.753437e+003;5.248614e-002
3.753919e+003;5.228224e-002
3.754401e+003;5.205531e-002
3.754883e+003;5.183979e-002
3.755365e+003;5.166496e-002
3.755847e+003;5.154456e-002
3.756329e+003;5.147564e-002
3.756812e+003;5.144230e-002
3.757294e+003;5.142783e-002
3.757776e+003;5.142081e-002
3.758258e+003;5.141944e-002
3.758740e+003;5.142732e-002
3.759222e+003;5.144548e-002
3.759704e+003;5.146610e-002
3.760187e+003;5.147334e-002
3.760669e+003;5.144843e-002
3.761151e+003;5.138173e-002
3.761633e+003;5.127796e-002
3.762115e+003;5.115989e-002
3.762597e+003;5.105763e-002
3.763079e+003;5.099856e-002
3.763562e+003;5.099390e-002
3.764044e+003;5.103351e-002
3.764526e+003;5.108830e-002
3.765008e+003;5.112187e-002
3.765490e+003;5.110525e-002
3.765972e+003;5.102850e-002
3.766454e+003;5.090268e-002
3.766937e+003;5.075533e-002
3.767418e+003;5.061775e-002
3.767901e+003;5.051401e-002
3.768383e+003;5.045338e-002
3.768865e+003;5.042970e-002
3.769347e+003;5.042443e-002
3.769829e+003;5.041890e-002
3.770311e+003;5.039752e-002
3.770793e+003;5.035410e-002
3.771276e+003;5.028838e-002
3.771758e+003;5.020589e-002
3.772240e+003;5.011101e-002
3.772722e+003;5.000877e-002
3.773204e+003;4.990277e-002
3.773686e+003;4.979635e-002
3.774168e+003;4.969314e-002
3.774651e+003;4.959958e-002
3.775133e+003;4.952044e-002
3.775615e+003;4.946050e-002
3.776097e+003;4.942065e-002
3.776579e+003;4.939975e-002
3.777061e+003;4.939315e-002
3.777543e+003;4.939508e-002
3.778026e+003;4.939700e-002
3.778508e+003;4.938949e-002
3.778990e+003;4.936302e-002
3.779472e+003;4.931059e-002
3.779954e+003;4.923004e-002
3.780436e+003;4.912647e-002
3.780918e+003;4.901282e-002
3.781401e+003;4.890819e-002
3.781883e+003;4.883258e-002
3.782365e+003;4.880020e-002
3.782847e+003;4.881521e-002
3.783329e+003;4.887063e-002
3.783811e+003;4.894879e-002
3.784293e+003;4.902828e-002
3.784775e+003;4.908879e-002
3.785258e+003;4.911753e-002
3.785740e+003;4.911203e-002
3.786222e+003;4.907563e-002
3.786704e+003;4.901724e-002
3.787186e+003;4.894592e-002
3.787668e+003;4.886863e-002
3.788150e+003;4.879300e-002
3.788633e+003;4.872331e-002
3.789115e+003;4.866614e-002
3.789597e+003;4.862539e-002
3.790079e+003;4.860196e-002
3.790561e+003;4.859339e-002
3.791043e+003;4.859116e-002
3.791525e+003;4.858531e-002
3.792008e+003;4.856884e-002
3.792490e+003;4.854124e-002
3.792972e+003;4.851091e-002
3.793454e+003;4.849391e-002
3.793936e+003;4.850563e-002
3.794418e+003;4.855271e-002
3.794900e+003;4.862843e-002
3.795383e+003;4.870934e-002
3.795865e+003;4.876255e-002
3.796347e+003;4.875761e-002
3.796829e+003;4.867814e-002
3.797311e+003;4.853167e-002
3.797793e+003;4.835111e-002
3.798275e+003;4.818710e-002
3.798758e+003;4.809329e-002
3.799240e+003;4.810860e-002
3.799722e+003;4.824317e-002
3.800204e+003;4.846984e-002
3.800686e+003;4.873123e-002
3.801168e+003;4.895315e-002
3.801650e+003;4.906693e-002
3.802132e+003;4.903318e-002
3.802615e+003;4.885225e-002
3.803097e+003;4.856410e-002
3.803579e+003;4.823673e-002
3.804061e+003;4.794542e-002
3.804543e+003;4.775166e-002
3.805025e+003;4.768685e-002
3.805507e+003;4.774364e-002
3.805990e+003;4.788119e-002
3.806472e+003;4.804007e-002
3.806954e+003;4.816083e-002
3.807436e+003;4.820563e-002
3.807918e+003;4.816523e-002
3.808400e+003;4.806025e-002
3.808882e+003;4.792629e-002
3.809365e+003;4.779801e-002
3.809847e+003;4.769621e-002
3.810329e+003;4.762117e-002
3.810811e+003;4.755650e-002
3.811293e+003;4.748025e-002
3.811775e+003;4.737929e-002
3.812257e+003;4.725934e-002
3.812740e+003;4.714560e-002
3.813222e+003;4.707604e-002
3.813704e+003;4.708654e-002
3.814186e+003;4.719469e-002
3.814668e+003;4.738767e-002
3.815150e+003;4.762379e-002
3.815632e+003;4.783892e-002
3.816115e+003;4.797030e-002
3.816596e+003;4.797532e-002
3.817079e+003;4.784572e-002
3.817561e+003;4.761158e-002
3.818043e+003;4.733158e-002
3.818525e+003;4.707512e-002
3.819007e+003;4.690260e-002
3.819489e+003;4.684955e-002
3.819971e+003;4.691535e-002
3.820454e+003;4.706660e-002
3.820936e+003;4.724916e-002
3.821418e+003;4.740534e-002
3.821900e+003;4.749289e-002
3.822382e+003;4.749746e-002
3.822864e+003;4.743227e-002
3.823346e+003;4.733124e-002
3.823829e+003;4.723292e-002
3.824311e+003;4.716757e-002
3.824793e+003;4.714744e-002
3.825275e+003;4.716355e-002
3.825757e+003;4.719440e-002
3.826239e+003;4.721327e-002
3.826721e+003;4.720174e-002
3.827204e+003;4.715459e-002
3.827686e+003;4.708315e-002
3.828168e+003;4.700675e-002
3.828650e+003;4.694703e-002
3.829132e+003;4.691758e-002
3.829614e+003;4.692231e-002
3.830096e+003;4.695119e-002
3.830579e+003;4.698739e-002
3.831061e+003;4.701028e-002
3.831543e+003;4.700340e-002
3.832025e+003;4.695615e-002
3.832507e+003;4.686788e-002
3.832989e+003;4.674852e-002
3.833471e+003;4.661723e-002
3.833953e+003;4.650056e-002
3.834436e+003;4.642920e-002
3.834918e+003;4.643163e-002
3.835400e+003;4.652647e-002
3.835882e+003;4.671334e-002
3.836364e+003;4.697206e-002
3.836846e+003;4.726175e-002
3.837328e+003;4.753088e-002
3.837811e+003;4.772973e-002
3.838293e+003;4.782472e-002
3.838775e+003;4.780690e-002
3.839257e+003;4.769339e-002
3.839739e+003;4.751899e-002
3.840221e+003;4.732544e-002
3.840703e+003;4.714837e-002
3.841186e+003;4.700910e-002
3.841668e+003;4.691301e-002
3.842150e+003;4.685422e-002
3.842632e+003;4.681937e-002
3.843114e+003;4.679683e-002
3.843596e+003;4.677899e-002
3.844078e+003;4.676377e-002
3.844561e+003;4.675195e-002
3.845043e+003;4.674367e-002
3.845525e+003;4.673656e-002
3.846007e+003;4.672616e-002
3.846489e+003;4.670397e-002
3.846971e+003;4.666172e-002
3.847453e+003;4.659075e-002
3.847936e+003;4.648437e-002
3.848417e+003;4.634297e-002
3.848900e+003;4.617662e-002
3.849382e+003;4.600633e-002
3.849864e+003;4.586970e-002
3.850346e+003;4.581106e-002
3.850828e+003;4.587476e-002
3.851310e+003;4.609011e-002
3.851792e+003;4.645682e-002
3.852275e+003;4.693857e-002
3.852757e+003;4.746365e-002
3.853239e+003;4.794184e-002
3.853721e+003;4.828794e-002
3.854203e+003;4.844830e-002
3.854685e+003;4.841032e-002
3.855167e+003;4.820588e-002
3.855650e+003;4.789467e-002
3.856132e+003;4.754452e-002
3.856614e+003;4.721435e-002
3.857096e+003;4.694237e-002
3.857578e+003;4.674451e-002
3.858060e+003;4.661746e-002
3.858542e+003;4.654822e-002
3.859025e+003;4.652026e-002
3.859507e+003;4.651647e-002
3.859989e+003;4.652426e-002
3.860471e+003;4.653191e-002
3.860953e+003;4.653219e-002
3.861435e+003;4.652301e-002
3.861917e+003;4.650711e-002
3.862400e+003;4.649568e-002
3.862882e+003;4.650122e-002
3.863364e+003;4.653032e-002
3.863846e+003;4.658075e-002
3.864328e+003;4.663579e-002
3.864810e+003;4.666900e-002
3.865292e+003;4.665836e-002
3.865774e+003;4.659294e-002
3.866257e+003;4.648455e-002
3.866739e+003;4.636720e-002
3.867221e+003;4.628592e-002
3.867703e+003;4.628167e-002
3.868185e+003;4.637322e-002
3.868667e+003;4.654846e-002
3.869149e+003;4.676648e-002
3.869632e+003;4.696967e-002
3.870114e+003;4.710555e-002
3.870596e+003;4.714426e-002
3.871078e+003;4.708959e-002
3.871560e+003;4.697277e-002
3.872042e+003;4.684089e-002
3.872524e+003;4.673643e-002
3.873007e+003;4.668511e-002
3.873489e+003;4.668908e-002
3.873971e+003;4.672920e-002
3.874453e+003;4.677620e-002
3.874935e+003;4.680354e-002
3.875417e+003;4.679590e-002
3.875899e+003;4.675537e-002
3.876382e+003;4.669753e-002
3.876864e+003;4.664563e-002
3.877346e+003;4.662197e-002
3.877828e+003;4.664125e-002
3.878310e+003;4.670452e-002
3.878792e+003;4.679938e-002
3.879274e+003;4.690023e-002
3.879757e+003;4.697584e-002
3.880239e+003;4.699451e-002
3.880721e+003;4.693768e-002
3.881203e+003;4.680414e-002
3.881685e+003;4.661690e-002
3.882167e+003;4.641760e-002
3.882649e+003;4.625953e-002
3.883131e+003;4.618897e-002
3.883614e+003;4.623372e-002
3.884096e+003;4.638986e-002
3.884578e+003;4.661936e-002
3.885060e+003;4.686085e-002
3.885542e+003;4.704696e-002
3.886024e+003;4.712668e-002
3.886506e+003;4.708008e-002
3.886989e+003;4.692449e-002
3.887471e+003;4.670836e-002
3.887953e+003;4.649366e-002
3.888435e+003;4.633787e-002
3.888917e+003;4.627924e-002
3.889399e+003;4.632763e-002
3.889881e+003;4.646532e-002
3.890364e+003;4.665446e-002
3.890846e+003;4.685124e-002
3.891328e+003;4.701572e-002
3.891810e+003;4.712086e-002
3.892292e+003;4.715653e-002
3.892774e+003;4.712670e-002
3.893256e+003;4.704619e-002
3.893739e+003;4.693449e-002
3.894221e+003;4.681321e-002
3.894703e+003;4.670345e-002
3.895185e+003;4.662153e-002
3.895667e+003;4.658034e-002
3.896149e+003;4.658597e-002
3.896631e+003;4.663779e-002
3.897114e+003;4.672705e-002
3.897595e+003;4.683864e-002
3.898078e+003;4.695452e-002
3.898560e+003;4.705476e-002
3.899042e+003;4.712487e-002
3.899524e+003;4.715700e-002
3.900006e+003;4.715247e-002
3.900488e+003;4.712255e-002
3.900970e+003;4.708425e-002
3.901453e+003;4.705711e-002
3.901935e+003;4.705721e-002
3.902417e+003;4.709280e-002
3.902899e+003;4.716152e-002
3.903381e+003;4.725192e-002
3.903863e+003;4.734594e-002
3.904345e+003;4.742376e-002
3.904828e+003;4.747180e-002
3.905310e+003;4.748205e-002
3.905792e+003;4.745743e-002
3.906274e+003;4.740686e-002
3.906756e+003;4.734429e-002
3.907238e+003;4.728250e-002
3.907720e+003;4.723136e-002
3.908203e+003;4.719684e-002
3.908685e+003;4.717909e-002
3.909167e+003;4.717719e-002
3.909649e+003;4.718421e-002
3.910131e+003;4.719322e-002
3.910613e+003;4.719597e-002
3.911095e+003;4.718314e-002
3.911578e+003;4.714925e-002
3.912060e+003;4.709176e-002
3.912542e+003;4.701479e-002
3.913024e+003;4.692795e-002
3.913506e+003;4.684576e-002
3.913988e+003;4.678328e-002
3.914470e+003;4.675238e-002
3.914952e+003;4.675827e-002
3.915435e+003;4.680017e-002
3.915917e+003;4.686901e-002
3.916399e+003;4.695362e-002
3.916881e+003;4.704252e-002
3.917363e+003;4.712717e-002
3.917845e+003;4.720184e-002
3.918327e+003;4.726264e-002
3.918810e+003;4.730745e-002
3.919292e+003;4.733450e-002
3.919774e+003;4.734312e-002
3.920256e+003;4.733586e-002
3.920738e+003;4.731857e-002
3.921220e+003;4.730034e-002
3.921702e+003;4.729160e-002
3.922185e+003;4.729901e-002
3.922667e+003;4.732367e-002
3.923149e+003;4.735836e-002
3.923631e+003;4.739118e-002
3.924113e+003;4.740796e-002
3.924595e+003;4.739815e-002
3.925077e+003;4.735931e-002
3.925560e+003;4.729906e-002
3.926042e+003;4.723091e-002
3.926524e+003;4.716970e-002
3.927006e+003;4.712974e-002
3.927488e+003;4.711841e-002
3.927970e+003;4.713570e-002
3.928452e+003;4.717667e-002
3.928935e+003;4.723493e-002
3.929417e+003;4.730471e-002
3.929899e+003;4.738133e-002
3.930381e+003;4.746226e-002
3.930863e+003;4.754642e-002
3.931345e+003;4.762700e-002
3.931827e+003;4.769728e-002
3.932309e+003;4.774775e-002
3.932792e+003;4.776955e-002
3.933274e+003;4.775731e-002
3.933756e+003;4.771129e-002
3.934238e+003;4.763725e-002
3.934720e+003;4.754644e-002
3.935202e+003;4.745251e-002
3.935684e+003;4.737051e-002
3.936167e+003;4.731034e-002
3.936649e+003;4.727859e-002
3.937131e+003;4.727419e-002
3.937613e+003;4.729031e-002
3.938095e+003;4.731528e-002
3.938577e+003;4.733784e-002
3.939059e+003;4.734726e-002
3.939542e+003;4.733896e-002
3.940024e+003;4.731443e-002
3.940506e+003;4.728156e-002
3.940988e+003;4.725057e-002
3.941470e+003;4.723111e-002
3.941952e+003;4.722816e-002
3.942434e+003;4.724145e-002
3.942917e+003;4.726402e-002
3.943399e+003;4.728645e-002
3.943881e+003;4.730029e-002
3.944363e+003;4.730379e-002
3.944845e+003;4.729869e-002
3.945327e+003;4.729399e-002
3.945809e+003;4.729950e-002
3.946292e+003;4.732410e-002
3.946773e+003;4.737290e-002
3.947256e+003;4.744134e-002
3.947738e+003;4.752460e-002
3.948220e+003;4.761245e-002
3.948702e+003;4.769413e-002
3.949184e+003;4.776144e-002
3.949666e+003;4.780872e-002
3.950148e+003;4.783272e-002
3.950631e+003;4.783291e-002
3.951113e+003;4.781156e-002
3.951595e+003;4.777121e-002
3.952077e+003;4.771847e-002
3.952559e+003;4.765980e-002
3.953041e+003;4.760110e-002
3.953523e+003;4.754845e-002
3.954006e+003;4.750456e-002
3.954488e+003;4.746886e-002
3.954970e+003;4.744070e-002
3.955452e+003;4.741846e-002
3.955934e+003;4.740201e-002
3.956416e+003;4.739350e-002
3.956898e+003;4.739779e-002
3.957381e+003;4.741826e-002
3.957863e+003;4.745693e-002
3.958345e+003;4.751125e-002
3.958827e+003;4.757529e-002
3.959309e+003;4.763881e-002
3.959791e+003;4.769304e-002
3.960273e+003;4.773055e-002
3.960755e+003;4.774945e-002
3.961238e+003;4.775027e-002
3.961720e+003;4.773948e-002
3.962202e+003;4.772207e-002
3.962684e+003;4.770534e-002
3.963166e+003;4.769332e-002
3.963648e+003;4.768819e-002
3.964130e+003;4.769088e-002
3.964613e+003;4.770168e-002
3.965095e+003;4.771896e-002
3.965577e+003;4.774097e-002
3.966059e+003;4.776340e-002
3.966541e+003;4.778163e-002
3.967023e+003;4.779176e-002
3.967505e+003;4.778987e-002
3.967988e+003;4.777540e-002
3.968470e+003;4.775308e-002
3.968952e+003;4.772887e-002
3.969434e+003;4.771115e-002
3.969916e+003;4.770625e-002
3.970398e+003;4.771936e-002
3.970880e+003;4.775058e-002
3.971363e+003;4.779534e-002
3.971845e+003;4.784782e-002
3.972327e+003;4.790004e-002
3.972809e+003;4.794429e-002
3.973291e+003;4.797665e-002
3.973773e+003;4.799424e-002
3.974255e+003;4.799614e-002
3.974738e+003;4.798301e-002
3.975219e+003;4.795646e-002
3.975702e+003;4.791947e-002
3.976184e+003;4.787490e-002
3.976666e+003;4.782666e-002
3.977148e+003;4.778016e-002
3.977630e+003;4.773853e-002
3.978112e+003;4.770651e-002
3.978594e+003;4.768627e-002
3.979077e+003;4.767823e-002
3.979559e+003;4.768278e-002
3.980041e+003;4.769832e-002
3.980523e+003;4.772362e-002
3.981005e+003;4.775490e-002
3.981487e+003;4.778916e-002
3.981969e+003;4.782221e-002
3.982452e+003;4.784903e-002
3.982934e+003;4.786472e-002
3.983416e+003;4.786631e-002
3.983898e+003;4.785189e-002
3.984380e+003;4.782415e-002
3.984862e+003;4.778799e-002
3.985344e+003;4.774912e-002
3.985827e+003;4.771417e-002
3.986309e+003;4.768777e-002
3.986791e+003;4.767113e-002
3.987273e+003;4.766317e-002
3.987755e+003;4.765997e-002
3.988237e+003;4.765732e-002
3.988719e+003;4.765384e-002
3.989202e+003;4.764873e-002
3.989684e+003;4.764525e-002
3.990166e+003;4.764802e-002
3.990648e+003;4.766233e-002
3.991130e+003;4.769256e-002
3.991612e+003;4.773897e-002
3.992094e+003;4.779845e-002
3.992576e+003;4.786596e-002
3.993059e+003;4.793295e-002
3.993541e+003;4.799070e-002
3.994023e+003;4.803173e-002
3.994505e+003;4.804977e-002
3.994987e+003;4.804251e-002
3.995469e+003;4.800857e-002
3.995951e+003;4.795134e-002
3.996434e+003;4.787422e-002
3.996916e+003;4.778321e-002
3.997398e+003;4.768618e-002
3.997880e+003;4.759105e-002
3.998362e+003;4.750665e-002
3.998844e+003;4.744252e-002
3.999326e+003;4.740684e-002
3.999809e+003;4.740357e-002
4.000291e+003;0.000000e+000
