4.001737e+002;2.579136e-001
4.006559e+002;2.427361e-001
4.011380e+002;2.299301e-001
4.016201e+002;2.238139e-001
4.021023e+002;2.270436e-001
4.025844e+002;2.385925e-001
4.030666e+002;2.542002e-001
4.035487e+002;2.689438e-001
4.040308e+002;2.792661e-001
4.045130e+002;2.831691e-001
4.049951e+002;2.798671e-001
4.054772e+002;2.696420e-001
4.059594e+002;2.541250e-001
4.064415e+002;2.363786e-001
4.069236e+002;2.202625e-001
4.074058e+002;2.090158e-001
4.078879e+002;2.039980e-001
4.083701e+002;2.043357e-001
4.088522e+002;2.076669e-001
4.093344e+002;2.111978e-001
4.098165e+002;2.126404e-001
4.102986e+002;2.108136e-001
4.107808e+002;2.058511e-001
4.112629e+002;1.989538e-001
4.117450e+002;1.919102e-001
4.122272e+002;1.865638e-001
4.127093e+002;1.844184e-001
4.131914e+002;1.862707e-001
4.136736e+002;1.919980e-001
4.141557e+002;2.005995e-001
4.146378e+002;2.106192e-001
4.151200e+002;2.206175e-001
4.156021e+002;2.294425e-001
4.160843e+002;2.362191e-001
4.165664e+002;2.402929e-001
4.170485e+002;2.412864e-001
4.175307e+002;2.393248e-001
4.180128e+002;2.352617e-001
4.184949e+002;2.306619e-001
4.189771e+002;2.273420e-001
4.194592e+002;2.266644e-001
4.199413e+002;2.289377e-001
4.204235e+002;2.333268e-001
4.209056e+002;2.382423e-001
4.213878e+002;2.419697e-001
4.218699e+002;2.432399e-001
4.223521e+002;2.415641e-001
4.228342e+002;2.372597e-001
4.233163e+002;2.312722e-001
4.237985e+002;2.248680e-001
4.242806e+002;2.193280e-001
4.247627e+002;2.156449e-001
4.252449e+002;2.142949e-001
4.257270e+002;2.151513e-001
4.262091e+002;2.176178e-001
4.266913e+002;2.208914e-001
4.271734e+002;2.242207e-001
4.276555e+002;2.270309e-001
4.281377e+002;2.289706e-001
4.286198e+002;2.299162e-001
4.291020e+002;2.299881e-001
4.295841e+002;2.295448e-001
4.300662e+002;2.291098e-001
4.305484e+002;2.292151e-001
4.310305e+002;2.302208e-001
4.315126e+002;2.321653e-001
4.319948e+002;2.347395e-001
4.324769e+002;2.373651e-001
4.329590e+002;2.393956e-001
4.334412e+002;2.403144e-001
4.339233e+002;2.398981e-001
4.344055e+002;2.382350e-001
4.348876e+002;2.356619e-001
4.353698e+002;2.326328e-001
4.358519e+002;2.296297e-001
4.363340e+002;2.270968e-001
4.368162e+002;2.254016e-001
4.372983e+002;2.247812e-001
4.377804e+002;2.252803e-001
4.382626e+002;2.267029e-001
4.387447e+002;2.286287e-001
4.392268e+002;2.304803e-001
4.397090e+002;2.316578e-001
4.401911e+002;2.316955e-001
4.406732e+002;2.304195e-001
4.411554e+002;2.280515e-001
4.416375e+002;2.252014e-001
4.421197e+002;2.227056e-001
4.426018e+002;2.213522e-001
4.430839e+002;2.215889e-001
4.435661e+002;2.233638e-001
4.440482e+002;2.261584e-001
4.445303e+002;2.291998e-001
4.450125e+002;2.317427e-001
4.454946e+002;2.332949e-001
4.459767e+002;2.337094e-001
4.464589e+002;2.331512e-001
4.469410e+002;2.319729e-001
4.474232e+002;2.305817e-001
4.479053e+002;2.293306e-001
4.483875e+002;2.284649e-001
4.488696e+002;2.281015e-001
4.493517e+002;2.282415e-001
4.498339e+002;2.287768e-001
4.503160e+002;2.295031e-001
4.507981e+002;2.301369e-001
4.512803e+002;2.303619e-001
4.517624e+002;2.299116e-001
4.522445e+002;2.286779e-001
4.527267e+002;2.268058e-001
4.532088e+002;2.247126e-001
4.536909e+002;2.229908e-001
4.541731e+002;2.222199e-001
4.546552e+002;2.227477e-001
4.551374e+002;2.245504e-001
4.556195e+002;2.272303e-001
4.561016e+002;2.301537e-001
4.565838e+002;2.326642e-001
4.570659e+002;2.342886e-001
4.575480e+002;2.348497e-001
4.580302e+002;2.344718e-001
4.585123e+002;2.334848e-001
4.589944e+002;2.323007e-001
4.594766e+002;2.312947e-001
4.599587e+002;2.307382e-001
4.604409e+002;2.307794e-001
4.609230e+002;2.314578e-001
4.614052e+002;2.327154e-001
4.618873e+002;2.344081e-001
4.623694e+002;2.363022e-001
4.628516e+002;2.380881e-001
4.633337e+002;2.394304e-001
4.638158e+002;2.400481e-001
4.642980e+002;2.398085e-001
4.647801e+002;2.387893e-001
4.652622e+002;2.372617e-001
4.657444e+002;2.356114e-001
4.662265e+002;2.342068e-001
4.667086e+002;2.332851e-001
4.671908e+002;2.328935e-001
4.676729e+002;2.329125e-001
4.681551e+002;2.331389e-001
4.686372e+002;2.333870e-001
4.691193e+002;2.335523e-001
4.696015e+002;2.336220e-001
4.700836e+002;2.336314e-001
4.705657e+002;2.336175e-001
4.710479e+002;2.335842e-001
4.715300e+002;2.335146e-001
4.720121e+002;2.334045e-001
4.724943e+002;2.332957e-001
4.729764e+002;2.332761e-001
4.734586e+002;2.334418e-001
4.739407e+002;2.338415e-001
4.744229e+002;2.344387e-001
4.749050e+002;2.351154e-001
4.753871e+002;2.357264e-001
4.758693e+002;2.361759e-001
4.763514e+002;2.364769e-001
4.768335e+002;2.367535e-001
4.773157e+002;2.371887e-001
4.777978e+002;2.379244e-001
4.782799e+002;2.389777e-001
4.787621e+002;2.402052e-001
4.792442e+002;2.413401e-001
4.797263e+002;2.420889e-001
4.802085e+002;2.422406e-001
4.806906e+002;2.417385e-001
4.811728e+002;2.406954e-001
4.816549e+002;2.393444e-001
4.821370e+002;2.379685e-001
4.826192e+002;2.368254e-001
4.831013e+002;2.360984e-001
4.835834e+002;2.358792e-001
4.840656e+002;2.361747e-001
4.845477e+002;2.369212e-001
4.850298e+002;2.379985e-001
4.855120e+002;2.392308e-001
4.859941e+002;2.403993e-001
4.864763e+002;2.412673e-001
4.869584e+002;2.416359e-001
4.874405e+002;2.414072e-001
4.879227e+002;2.406340e-001
4.884048e+002;2.395227e-001
4.888869e+002;2.383826e-001
4.893691e+002;2.375301e-001
4.898512e+002;2.371888e-001
4.903333e+002;2.374172e-001
4.908155e+002;2.381012e-001
4.912976e+002;2.390082e-001
4.917798e+002;2.398780e-001
4.922619e+002;2.405143e-001
4.927440e+002;2.408388e-001
4.932262e+002;2.408884e-001
4.937083e+002;2.407850e-001
4.941905e+002;2.406774e-001
4.946726e+002;2.406945e-001
4.951547e+002;2.409114e-001
4.956369e+002;2.413410e-001
4.961190e+002;2.419377e-001
4.966011e+002;2.426175e-001
4.970833e+002;2.432723e-001
4.975654e+002;2.437891e-001
4.980475e+002;2.440722e-001
4.985297e+002;2.440677e-001
4.990118e+002;2.437861e-001
4.994940e+002;2.433091e-001
4.999761e+002;2.427770e-001
5.004582e+002;2.423529e-001
5.009404e+002;2.421731e-001
5.014225e+002;2.423101e-001
5.019046e+002;2.427491e-001
5.023868e+002;2.433960e-001
5.028689e+002;2.441074e-001
5.033510e+002;2.447352e-001
5.038332e+002;2.451629e-001
5.043153e+002;2.453293e-001
5.047975e+002;2.452292e-001
5.052796e+002;2.449078e-001
5.057617e+002;2.444486e-001
5.062439e+002;2.439629e-001
5.067260e+002;2.435740e-001
5.072082e+002;2.433949e-001
5.076903e+002;2.434963e-001
5.081724e+002;2.438830e-001
5.086546e+002;2.444782e-001
5.091367e+002;2.451383e-001
5.096188e+002;2.456864e-001
5.101010e+002;2.459668e-001
5.105831e+002;2.458955e-001
5.110652e+002;2.454912e-001
5.115474e+002;2.448687e-001
5.120295e+002;2.442040e-001
5.125117e+002;2.436743e-001
5.129938e+002;2.434070e-001
5.134760e+002;2.434479e-001
5.139581e+002;2.437595e-001
5.144402e+002;2.442469e-001
5.149224e+002;2.447950e-001
5.154045e+002;2.453023e-001
5.158866e+002;2.457009e-001
5.163688e+002;2.459566e-001
5.168509e+002;2.460643e-001
5.173330e+002;2.460371e-001
5.178152e+002;2.459009e-001
5.182973e+002;2.456916e-001
5.187794e+002;2.454512e-001
5.192616e+002;2.452193e-001
5.197437e+002;2.450256e-001
5.202258e+002;2.448830e-001
5.207080e+002;2.447895e-001
5.211901e+002;2.447403e-001
5.216722e+002;2.447398e-001
5.221544e+002;2.448094e-001
5.226365e+002;2.449847e-001
5.231187e+002;2.452960e-001
5.236008e+002;2.457484e-001
5.240829e+002;2.463049e-001
5.245651e+002;2.468866e-001
5.250472e+002;2.473917e-001
5.255294e+002;2.477272e-001
5.260115e+002;2.478396e-001
5.264937e+002;2.477318e-001
5.269758e+002;2.474563e-001
5.274579e+002;2.470953e-001
5.279401e+002;2.467303e-001
5.284222e+002;2.464250e-001
5.289043e+002;2.462196e-001
5.293865e+002;2.461381e-001
5.298686e+002;2.461967e-001
5.303507e+002;2.464062e-001
5.308329e+002;2.467634e-001
5.313150e+002;2.472382e-001
5.317971e+002;2.477663e-001
5.322793e+002;2.482559e-001
5.327614e+002;2.486097e-001
5.332435e+002;2.487588e-001
5.337257e+002;2.486868e-001
5.342078e+002;2.484391e-001
5.346899e+002;2.481038e-001
5.351721e+002;2.477805e-001
5.356542e+002;2.475431e-001
5.361364e+002;2.474217e-001
5.366185e+002;2.474044e-001
5.371006e+002;2.474579e-001
5.375828e+002;2.475533e-001
5.380649e+002;2.476821e-001
5.385471e+002;2.478525e-001
5.390292e+002;2.480734e-001
5.395114e+002;2.483326e-001
5.399935e+002;2.485905e-001
5.404756e+002;2.487864e-001
5.409578e+002;2.488642e-001
5.414399e+002;2.487974e-001
5.419220e+002;2.486012e-001
5.424042e+002;2.483250e-001
5.428863e+002;2.480287e-001
5.433684e+002;2.477553e-001
5.438506e+002;2.475150e-001
5.443327e+002;2.472920e-001
5.448148e+002;2.470652e-001
5.452970e+002;2.468349e-001
5.457791e+002;2.466367e-001
5.462612e+002;2.465317e-001
5.467434e+002;2.465810e-001
5.472255e+002;2.468129e-001
5.477076e+002;2.472031e-001
5.481898e+002;2.476778e-001
5.486719e+002;2.481378e-001
5.491541e+002;2.484950e-001
5.496362e+002;2.486986e-001
5.501183e+002;2.487458e-001
5.506005e+002;2.486703e-001
5.510826e+002;2.485197e-001
5.515648e+002;2.483362e-001
5.520469e+002;2.481476e-001
5.525291e+002;2.479747e-001
5.530112e+002;2.478430e-001
5.534933e+002;2.477878e-001
5.539755e+002;2.478449e-001
5.544576e+002;2.480313e-001
5.549397e+002;2.483231e-001
5.554219e+002;2.486499e-001
5.559040e+002;2.489052e-001
5.563861e+002;2.489851e-001
5.568683e+002;2.488225e-001
5.573504e+002;2.484159e-001
5.578325e+002;2.478308e-001
5.583147e+002;2.471780e-001
5.587968e+002;2.465735e-001
5.592789e+002;2.461042e-001
5.597611e+002;2.458090e-001
5.602432e+002;2.456811e-001
5.607253e+002;2.456897e-001
5.612075e+002;2.458006e-001
5.616896e+002;2.459885e-001
5.621718e+002;2.462363e-001
5.626539e+002;2.465217e-001
5.631360e+002;2.468089e-001
5.636182e+002;2.470483e-001
5.641003e+002;2.471932e-001
5.645825e+002;2.472194e-001
5.650646e+002;2.471386e-001
5.655468e+002;2.469970e-001
5.660289e+002;2.468538e-001
5.665110e+002;2.467528e-001
5.669932e+002;2.467003e-001
5.674753e+002;2.466624e-001
5.679574e+002;2.465829e-001
5.684396e+002;2.464157e-001
5.689217e+002;2.461542e-001
5.694038e+002;2.458410e-001
5.698860e+002;2.455573e-001
5.703681e+002;2.453898e-001
5.708502e+002;2.453955e-001
5.713324e+002;2.455798e-001
5.718145e+002;2.458927e-001
5.722966e+002;2.462507e-001
5.727788e+002;2.465647e-001
5.732609e+002;2.467667e-001
5.737430e+002;2.468244e-001
5.742252e+002;2.467368e-001
5.747073e+002;2.465250e-001
5.751895e+002;2.462200e-001
5.756716e+002;2.458576e-001
5.761537e+002;2.454783e-001
5.766359e+002;2.451288e-001
5.771180e+002;2.448566e-001
5.776002e+002;2.447003e-001
5.780823e+002;2.446747e-001
5.785645e+002;2.447608e-001
5.790466e+002;2.449075e-001
5.795287e+002;2.450455e-001
5.800109e+002;2.451103e-001
5.804930e+002;2.450648e-001
5.809751e+002;2.449084e-001
5.814573e+002;2.446746e-001
5.819394e+002;2.444109e-001
5.824215e+002;2.441615e-001
5.829037e+002;2.439517e-001
5.833858e+002;2.437841e-001
5.838679e+002;2.436485e-001
5.843501e+002;2.435334e-001
5.848322e+002;2.434342e-001
5.853143e+002;2.433554e-001
5.857965e+002;2.433030e-001
5.862786e+002;2.432753e-001
5.867607e+002;2.432586e-001
5.872429e+002;2.432300e-001
5.877250e+002;2.431667e-001
5.882072e+002;2.430563e-001
5.886893e+002;2.429023e-001
5.891714e+002;2.427191e-001
5.896536e+002;2.425239e-001
5.901357e+002;2.423258e-001
5.906179e+002;2.421219e-001
5.911000e+002;2.419020e-001
5.915822e+002;2.416583e-001
5.920643e+002;2.413967e-001
5.925464e+002;2.411382e-001
5.930286e+002;2.409143e-001
5.935107e+002;2.407540e-001
5.939928e+002;2.406695e-001
5.944750e+002;2.406510e-001
5.949571e+002;2.406691e-001
5.954392e+002;2.406877e-001
5.959214e+002;2.406780e-001
5.964035e+002;2.406285e-001
5.968856e+002;2.405457e-001
5.973678e+002;2.404456e-001
5.978499e+002;2.403434e-001
5.983320e+002;2.402437e-001
5.988142e+002;2.401391e-001
5.992963e+002;2.400174e-001
5.997784e+002;2.398688e-001
6.002606e+002;2.396944e-001
6.007427e+002;2.395073e-001
6.012249e+002;2.393288e-001
6.017070e+002;2.391792e-001
6.021891e+002;2.390714e-001
6.026713e+002;2.390068e-001
6.031534e+002;2.389754e-001
6.036356e+002;2.389608e-001
6.041177e+002;2.389422e-001
6.045999e+002;2.388990e-001
6.050820e+002;2.388118e-001
6.055641e+002;2.386650e-001
6.060463e+002;2.384501e-001
6.065284e+002;2.381694e-001
6.070105e+002;2.378392e-001
6.074927e+002;2.374872e-001
6.079748e+002;2.371473e-001
6.084569e+002;2.368497e-001
6.089391e+002;2.366125e-001
6.094212e+002;2.364369e-001
6.099033e+002;2.363098e-001
6.103855e+002;2.362111e-001
6.108676e+002;2.361225e-001
6.113497e+002;2.360329e-001
6.118319e+002;2.359389e-001
6.123140e+002;2.358384e-001
6.127961e+002;2.357246e-001
6.132783e+002;2.355830e-001
6.137604e+002;2.353942e-001
6.142426e+002;2.351427e-001
6.147247e+002;2.348272e-001
6.152068e+002;2.344653e-001
6.156890e+002;2.340908e-001
6.161711e+002;2.337446e-001
6.166533e+002;2.334608e-001
6.171354e+002;2.332588e-001
6.176176e+002;2.331388e-001
6.180997e+002;2.330876e-001
6.185818e+002;2.330873e-001
6.190640e+002;2.331224e-001
6.195461e+002;2.331808e-001
6.200282e+002;2.332515e-001
6.205104e+002;2.333181e-001
6.209925e+002;2.333560e-001
6.214746e+002;2.333347e-001
6.219568e+002;2.332277e-001
6.224389e+002;2.330220e-001
6.229210e+002;2.327245e-001
6.234032e+002;2.323616e-001
6.238853e+002;2.319694e-001
6.243674e+002;2.315811e-001
6.248496e+002;2.312174e-001
6.253317e+002;2.308827e-001
6.258138e+002;2.305706e-001
6.262960e+002;2.302726e-001
6.267781e+002;2.299875e-001
6.272603e+002;2.297228e-001
6.277424e+002;2.294917e-001
6.282245e+002;2.293043e-001
6.287067e+002;2.291601e-001
6.291888e+002;2.290464e-001
6.296710e+002;2.289414e-001
6.301531e+002;2.288229e-001
6.306353e+002;2.286761e-001
6.311174e+002;2.284977e-001
6.315995e+002;2.282941e-001
6.320817e+002;2.280758e-001
6.325638e+002;2.278527e-001
6.330459e+002;2.276313e-001
6.335281e+002;2.274155e-001
6.340102e+002;2.272112e-001
6.344923e+002;2.270269e-001
6.349745e+002;2.268728e-001
6.354566e+002;2.267549e-001
6.359387e+002;2.266707e-001
6.364209e+002;2.266062e-001
6.369030e+002;2.265386e-001
6.373851e+002;2.264440e-001
6.378673e+002;2.263055e-001
6.383494e+002;2.261188e-001
6.388315e+002;2.258918e-001
6.393137e+002;2.256393e-001
6.397958e+002;2.253756e-001
6.402780e+002;2.251099e-001
6.407601e+002;2.248471e-001
6.412422e+002;2.245903e-001
6.417244e+002;2.243479e-001
6.422065e+002;2.241338e-001
6.426887e+002;2.239636e-001
6.431708e+002;2.238477e-001
6.436530e+002;2.237824e-001
6.441351e+002;2.237473e-001
6.446172e+002;2.237100e-001
6.450994e+002;2.236364e-001
6.455815e+002;2.235025e-001
6.460636e+002;2.233034e-001
6.465458e+002;2.230523e-001
6.470279e+002;2.227735e-001
6.475100e+002;2.224930e-001
6.479922e+002;2.222282e-001
6.484743e+002;2.219863e-001
6.489564e+002;2.217667e-001
6.494386e+002;2.215676e-001
6.499207e+002;2.213895e-001
6.504028e+002;2.212336e-001
6.508850e+002;2.210975e-001
6.513671e+002;2.209690e-001
6.518492e+002;2.208250e-001
6.523314e+002;2.206384e-001
6.528135e+002;2.203878e-001
6.532957e+002;2.200704e-001
6.537778e+002;2.197064e-001
6.542599e+002;2.193339e-001
6.547421e+002;2.189953e-001
6.552242e+002;2.187196e-001
6.557064e+002;2.185113e-001
6.561885e+002;2.183485e-001
6.566707e+002;2.181928e-001
6.571527e+002;2.180080e-001
6.576349e+002;2.177745e-001
6.581171e+002;2.174969e-001
6.585991e+002;2.171995e-001
6.590813e+002;2.169140e-001
6.595635e+002;2.166642e-001
6.600455e+002;2.164578e-001
6.605277e+002;2.162853e-001
6.610099e+002;2.161282e-001
6.614919e+002;2.159697e-001
6.619741e+002;2.158015e-001
6.624563e+002;2.156248e-001
6.629384e+002;2.154449e-001
6.634205e+002;2.152640e-001
6.639027e+002;2.150776e-001
6.643848e+002;2.148750e-001
6.648669e+002;2.146468e-001
6.653491e+002;2.143912e-001
6.658312e+002;2.141173e-001
6.663134e+002;2.138431e-001
6.667955e+002;2.135867e-001
6.672776e+002;2.133579e-001
6.677598e+002;2.131523e-001
6.682419e+002;2.129526e-001
6.687240e+002;2.127362e-001
6.692062e+002;2.124853e-001
6.696884e+002;2.121947e-001
6.701704e+002;2.118719e-001
6.706526e+002;2.115334e-001
6.711348e+002;2.111969e-001
6.716168e+002;2.108737e-001
6.720990e+002;2.105674e-001
6.725812e+002;2.102742e-001
6.730632e+002;2.099888e-001
6.735454e+002;2.097077e-001
6.740276e+002;2.094318e-001
6.745096e+002;2.091652e-001
6.749918e+002;2.089131e-001
6.754740e+002;2.086790e-001
6.759561e+002;2.084637e-001
6.764382e+002;2.082669e-001
6.769204e+002;2.080872e-001
6.774025e+002;2.079223e-001
6.778846e+002;2.077676e-001
6.783668e+002;2.076146e-001
6.788489e+002;2.074514e-001
6.793311e+002;2.072638e-001
6.798132e+002;2.070425e-001
6.802953e+002;2.067865e-001
6.807775e+002;2.065061e-001
6.812596e+002;2.062196e-001
6.817417e+002;2.059469e-001
6.822239e+002;2.057010e-001
6.827061e+002;2.054816e-001
6.831881e+002;2.052760e-001
6.836703e+002;2.050639e-001
6.841525e+002;2.048270e-001
6.846345e+002;2.045580e-001
6.851167e+002;2.042629e-001
6.855989e+002;2.039584e-001
6.860809e+002;2.036640e-001
6.865631e+002;2.033930e-001
6.870453e+002;2.031483e-001
6.875273e+002;2.029219e-001
6.880095e+002;2.027016e-001
6.884917e+002;2.024765e-001
6.889738e+002;2.022429e-001
6.894559e+002;2.020038e-001
6.899381e+002;2.017642e-001
6.904202e+002;2.015266e-001
6.909023e+002;2.012878e-001
6.913845e+002;2.010394e-001
6.918666e+002;2.007731e-001
6.923488e+002;2.004867e-001
6.928309e+002;2.001872e-001
6.933130e+002;1.998884e-001
6.937952e+002;1.996072e-001
6.942773e+002;1.993541e-001
6.947594e+002;1.991287e-001
6.952416e+002;1.989197e-001
6.957238e+002;1.987084e-001
6.962058e+002;1.984768e-001
6.966880e+002;1.982144e-001
6.971702e+002;1.979215e-001
6.976522e+002;1.976080e-001
6.981344e+002;1.972884e-001
6.986166e+002;1.969770e-001
6.990986e+002;1.966825e-001
6.995808e+002;1.964083e-001
7.000630e+002;1.961527e-001
7.005450e+002;1.959115e-001
7.010272e+002;1.956797e-001
7.015094e+002;1.954517e-001
7.019915e+002;1.952210e-001
7.024736e+002;1.949785e-001
7.029558e+002;1.947145e-001
7.034379e+002;1.944207e-001
7.039200e+002;1.940928e-001
7.044022e+002;1.937334e-001
7.048843e+002;1.933526e-001
7.053665e+002;1.929659e-001
7.058486e+002;1.925912e-001
7.063307e+002;1.922443e-001
7.068129e+002;1.919352e-001
7.072950e+002;1.916659e-001
7.077771e+002;1.914306e-001
7.082593e+002;1.912155e-001
7.087415e+002;1.910028e-001
7.092235e+002;1.907738e-001
7.097057e+002;1.905134e-001
7.101879e+002;1.902139e-001
7.106699e+002;1.898782e-001
7.111521e+002;1.895194e-001
7.116343e+002;1.891575e-001
7.121163e+002;1.888135e-001
7.125985e+002;1.885037e-001
7.130807e+002;1.882333e-001
7.135627e+002;1.879966e-001
7.140449e+002;1.877786e-001
7.145271e+002;1.875610e-001
7.150092e+002;1.873290e-001
7.154913e+002;1.870753e-001
7.159735e+002;1.868003e-001
7.164556e+002;1.865093e-001
7.169377e+002;1.862084e-001
7.174199e+002;1.859003e-001
7.179020e+002;1.855840e-001
7.183842e+002;1.852570e-001
7.188663e+002;1.849184e-001
7.193484e+002;1.845721e-001
7.198306e+002;1.842262e-001
7.203127e+002;1.838899e-001
7.207948e+002;1.835695e-001
7.212770e+002;1.832649e-001
7.217592e+002;1.829697e-001
7.222412e+002;1.826738e-001
7.227234e+002;1.823687e-001
7.232056e+002;1.820510e-001
7.236876e+002;1.817245e-001
7.241698e+002;1.813975e-001
7.246520e+002;1.810791e-001
7.251340e+002;1.807747e-001
7.256162e+002;1.804842e-001
7.260984e+002;1.802027e-001
7.265804e+002;1.799240e-001
7.270626e+002;1.796449e-001
7.275448e+002;1.793671e-001
7.280269e+002;1.790956e-001
7.285090e+002;1.788376e-001
7.289912e+002;1.785970e-001
7.294733e+002;1.783734e-001
7.299554e+002;1.781607e-001
7.304376e+002;1.779492e-001
7.309197e+002;1.777289e-001
7.314019e+002;1.774912e-001
7.318840e+002;1.772311e-001
7.323661e+002;1.769466e-001
7.328483e+002;1.766386e-001
7.333304e+002;1.763102e-001
7.338125e+002;1.759664e-001
7.342947e+002;1.756141e-001
7.347769e+002;1.752611e-001
7.352589e+002;1.749143e-001
7.357411e+002;1.745780e-001
7.362233e+002;1.742521e-001
7.367053e+002;1.739331e-001
7.371875e+002;1.736154e-001
7.376697e+002;1.732952e-001
7.381517e+002;1.729727e-001
7.386339e+002;1.726528e-001
7.391161e+002;1.723429e-001
7.395981e+002;1.720487e-001
7.400803e+002;1.717706e-001
7.405625e+002;1.715018e-001
7.410446e+002;1.712295e-001
7.415267e+002;1.709408e-001
7.420089e+002;1.706268e-001
7.424910e+002;1.702872e-001
7.429731e+002;1.699304e-001
7.434553e+002;1.695701e-001
7.439374e+002;1.692206e-001
7.444196e+002;1.688909e-001
7.449017e+002;1.685835e-001
7.453838e+002;1.682944e-001
7.458660e+002;1.680160e-001
7.463481e+002;1.677406e-001
7.468302e+002;1.674623e-001
7.473124e+002;1.671771e-001
7.477945e+002;1.668815e-001
7.482766e+002;1.665722e-001
7.487588e+002;1.662456e-001
7.492409e+002;1.659009e-001
7.497230e+002;1.655413e-001
7.502052e+002;1.651754e-001
7.506873e+002;1.648159e-001
7.511694e+002;1.644749e-001
7.516516e+002;1.641599e-001
7.521337e+002;1.638700e-001
7.526158e+002;1.635966e-001
7.530980e+002;1.633263e-001
7.535801e+002;1.630466e-001
7.540623e+002;1.627501e-001
7.545444e+002;1.624377e-001
7.550266e+002;1.621162e-001
7.555087e+002;1.617953e-001
7.559908e+002;1.614830e-001
7.564730e+002;1.611832e-001
7.569551e+002;1.608950e-001
7.574373e+002;1.606150e-001
7.579194e+002;1.603405e-001
7.584015e+002;1.600697e-001
7.588837e+002;1.598029e-001
7.593658e+002;1.595391e-001
7.598479e+002;1.592755e-001
7.603301e+002;1.590063e-001
7.608122e+002;1.587241e-001
7.612943e+002;1.584239e-001
7.617765e+002;1.581038e-001
7.622586e+002;1.577672e-001
7.627407e+002;1.574212e-001
7.632229e+002;1.570729e-001
7.637050e+002;1.567269e-001
7.641871e+002;1.563839e-001
7.646693e+002;1.560413e-001
7.651514e+002;1.556945e-001
7.656335e+002;1.553411e-001
7.661157e+002;1.549809e-001
7.665978e+002;1.546165e-001
7.670800e+002;1.542507e-001
7.675621e+002;1.538856e-001
7.680443e+002;1.535220e-001
7.685264e+002;1.531594e-001
7.690085e+002;1.527994e-001
7.694907e+002;1.524459e-001
7.699728e+002;1.521054e-001
7.704550e+002;1.517855e-001
7.709371e+002;1.514907e-001
7.714192e+002;1.512214e-001
7.719014e+002;1.509717e-001
7.723835e+002;1.507329e-001
7.728656e+002;1.504955e-001
7.733478e+002;1.502526e-001
7.738299e+002;1.500012e-001
7.743120e+002;1.497414e-001
7.747942e+002;1.494738e-001
7.752763e+002;1.491973e-001
7.757584e+002;1.489089e-001
7.762406e+002;1.486045e-001
7.767227e+002;1.482817e-001
7.772048e+002;1.479430e-001
7.776870e+002;1.475957e-001
7.781691e+002;1.472498e-001
7.786512e+002;1.469142e-001
7.791334e+002;1.465928e-001
7.796155e+002;1.462826e-001
7.800977e+002;1.459743e-001
7.805798e+002;1.456568e-001
7.810620e+002;1.453214e-001
7.815441e+002;1.449652e-001
7.820262e+002;1.445923e-001
7.825084e+002;1.442110e-001
7.829905e+002;1.438308e-001
7.834727e+002;1.434581e-001
7.839548e+002;1.430955e-001
7.844369e+002;1.427408e-001
7.849191e+002;1.423903e-001
7.854012e+002;1.420403e-001
7.858833e+002;1.416885e-001
7.863655e+002;1.413340e-001
7.868476e+002;1.409773e-001
7.873297e+002;1.406186e-001
7.878119e+002;1.402583e-001
7.882940e+002;1.398972e-001
7.887761e+002;1.395380e-001
7.892583e+002;1.391842e-001
7.897404e+002;1.388397e-001
7.902225e+002;1.385066e-001
7.907047e+002;1.381828e-001
7.911868e+002;1.378619e-001
7.916689e+002;1.375337e-001
7.921511e+002;1.371877e-001
7.926332e+002;1.368166e-001
7.931154e+002;1.364187e-001
7.935975e+002;1.359997e-001
7.940797e+002;1.355703e-001
7.945618e+002;1.351447e-001
7.950439e+002;1.347363e-001
7.955261e+002;1.343553e-001
7.960082e+002;1.340071e-001
7.964904e+002;1.336922e-001
7.969725e+002;1.334064e-001
7.974546e+002;1.331415e-001
7.979368e+002;1.328864e-001
7.984189e+002;1.326282e-001
7.989010e+002;1.323545e-001
7.993832e+002;1.320558e-001
7.998653e+002;1.317272e-001
8.003474e+002;1.313709e-001
8.008296e+002;1.309948e-001
8.013117e+002;1.306110e-001
8.017938e+002;1.302327e-001
8.022760e+002;1.298704e-001
8.027581e+002;1.295296e-001
8.032402e+002;1.292112e-001
8.037224e+002;1.289113e-001
8.042045e+002;1.286234e-001
8.046866e+002;1.283397e-001
8.051688e+002;1.280526e-001
8.056509e+002;1.277546e-001
8.061331e+002;1.274395e-001
8.066152e+002;1.271042e-001
8.070974e+002;1.267490e-001
8.075795e+002;1.263803e-001
8.080616e+002;1.260099e-001
8.085438e+002;1.256523e-001
8.090259e+002;1.253219e-001
8.095081e+002;1.250279e-001
8.099902e+002;1.247712e-001
8.104723e+002;1.245442e-001
8.109545e+002;1.243337e-001
8.114366e+002;1.241246e-001
8.119187e+002;1.239063e-001
8.124009e+002;1.236749e-001
8.128830e+002;1.234338e-001
8.133651e+002;1.231908e-001
8.138473e+002;1.229534e-001
8.143294e+002;1.227259e-001
8.148115e+002;1.225061e-001
8.152937e+002;1.222876e-001
8.157758e+002;1.220616e-001
8.162579e+002;1.218212e-001
8.167401e+002;1.215630e-001
8.172222e+002;1.212885e-001
8.177043e+002;1.210021e-001
8.181865e+002;1.207086e-001
8.186686e+002;1.204116e-001
8.191508e+002;1.201120e-001
8.196329e+002;1.198080e-001
8.201151e+002;1.194973e-001
8.205972e+002;1.191777e-001
8.210793e+002;1.188485e-001
8.215615e+002;1.185103e-001
8.220436e+002;1.181645e-001
8.225258e+002;1.178129e-001
8.230079e+002;1.174559e-001
8.234900e+002;1.170935e-001
8.239722e+002;1.167254e-001
8.244543e+002;1.163514e-001
8.249364e+002;1.159727e-001
8.254186e+002;1.155923e-001
8.259007e+002;1.152143e-001
8.263828e+002;1.148437e-001
8.268650e+002;1.144853e-001
8.273471e+002;1.141420e-001
8.278292e+002;1.138135e-001
8.283114e+002;1.134970e-001
8.287935e+002;1.131856e-001
8.292756e+002;1.128715e-001
8.297578e+002;1.125469e-001
8.302399e+002;1.122059e-001
8.307220e+002;1.118465e-001
8.312042e+002;1.114703e-001
8.316863e+002;1.110822e-001
8.321685e+002;1.106883e-001
8.326506e+002;1.102948e-001
8.331328e+002;1.099064e-001
8.336149e+002;1.095263e-001
8.340970e+002;1.091565e-001
8.345792e+002;1.087983e-001
8.350613e+002;1.084527e-001
8.355435e+002;1.081202e-001
8.360256e+002;1.078000e-001
8.365077e+002;1.074891e-001
8.369899e+002;1.071824e-001
8.374720e+002;1.068735e-001
8.379541e+002;1.065548e-001
8.384363e+002;1.062204e-001
8.389184e+002;1.058671e-001
8.394005e+002;1.054944e-001
8.398827e+002;1.051059e-001
8.403648e+002;1.047070e-001
8.408469e+002;1.043053e-001
8.413291e+002;1.039093e-001
8.418112e+002;1.035269e-001
8.422933e+002;1.031645e-001
8.427755e+002;1.028261e-001
8.432576e+002;1.025120e-001
8.437397e+002;1.022184e-001
8.442219e+002;1.019378e-001
8.447040e+002;1.016607e-001
8.451862e+002;1.013778e-001
8.456683e+002;1.010826e-001
8.461505e+002;1.007728e-001
8.466326e+002;1.004509e-001
8.471147e+002;1.001223e-001
8.475969e+002;9.979320e-002
8.480790e+002;9.946892e-002
8.485612e+002;9.915177e-002
8.490433e+002;9.884188e-002
8.495254e+002;9.853747e-002
8.500076e+002;9.823707e-002
8.504897e+002;9.793910e-002
8.509718e+002;9.764238e-002
8.514540e+002;9.734531e-002
8.519361e+002;9.704460e-002
8.524182e+002;9.673582e-002
8.529004e+002;9.641454e-002
8.533825e+002;9.607799e-002
8.538646e+002;9.572742e-002
8.543468e+002;9.536753e-002
8.548289e+002;9.500676e-002
8.553110e+002;9.465323e-002
8.557932e+002;9.431329e-002
8.562753e+002;9.398863e-002
8.567574e+002;9.367663e-002
8.572396e+002;9.337195e-002
8.577217e+002;9.306871e-002
8.582039e+002;9.276364e-002
8.586860e+002;9.245636e-002
8.591682e+002;9.214896e-002
8.596503e+002;9.184442e-002
8.601324e+002;9.154368e-002
8.606146e+002;9.124518e-002
8.610967e+002;9.094402e-002
8.615789e+002;9.063385e-002
8.620610e+002;9.030791e-002
8.625431e+002;8.996108e-002
8.630253e+002;8.959035e-002
8.635074e+002;8.919474e-002
8.639895e+002;8.877520e-002
8.644717e+002;8.833382e-002
8.649538e+002;8.787379e-002
8.654359e+002;8.739935e-002
8.659181e+002;8.691480e-002
8.664002e+002;8.642414e-002
8.668823e+002;8.592883e-002
8.673645e+002;8.542648e-002
8.678466e+002;8.491038e-002
8.683287e+002;8.436940e-002
8.688109e+002;8.379094e-002
8.692930e+002;8.316319e-002
8.697751e+002;8.247815e-002
8.702573e+002;8.173331e-002
8.707394e+002;8.093226e-002
8.712216e+002;8.008346e-002
8.717037e+002;7.919767e-002
8.721859e+002;7.828704e-002
8.726680e+002;7.736237e-002
8.731501e+002;7.643311e-002
8.736323e+002;7.550742e-002
8.741144e+002;7.459271e-002
8.745966e+002;7.369643e-002
8.750787e+002;7.282738e-002
8.755608e+002;7.199592e-002
8.760430e+002;7.121447e-002
8.765251e+002;7.049698e-002
8.770072e+002;6.985816e-002
8.774894e+002;6.931125e-002
8.779715e+002;6.886612e-002
8.784536e+002;6.852686e-002
8.789358e+002;6.829143e-002
8.794179e+002;6.815103e-002
8.799000e+002;6.809280e-002
8.803822e+002;6.810232e-002
8.808643e+002;6.816656e-002
8.813464e+002;6.827608e-002
8.818286e+002;6.842571e-002
8.823107e+002;6.861320e-002
8.827928e+002;6.883729e-002
8.832750e+002;6.909537e-002
8.837571e+002;6.938193e-002
8.842393e+002;6.968821e-002
8.847214e+002;7.000297e-002
8.852036e+002;7.031363e-002
8.856857e+002;7.060830e-002
8.861678e+002;7.087611e-002
8.866500e+002;7.110779e-002
8.871321e+002;7.129671e-002
8.876143e+002;7.143909e-002
8.880964e+002;7.153472e-002
8.885785e+002;7.158801e-002
8.890607e+002;7.160761e-002
8.895428e+002;7.160531e-002
8.900249e+002;7.159358e-002
8.905071e+002;7.158232e-002
8.909892e+002;7.157672e-002
8.914713e+002;7.157557e-002
8.919535e+002;7.157219e-002
8.924356e+002;7.155674e-002
8.929177e+002;7.151926e-002
8.933999e+002;7.145262e-002
8.938820e+002;7.135428e-002
8.943641e+002;7.122630e-002
8.948463e+002;7.107449e-002
8.953284e+002;7.090617e-002
8.958105e+002;7.072834e-002
8.962927e+002;7.054698e-002
8.967748e+002;7.036564e-002
8.972570e+002;7.018599e-002
8.977391e+002;7.000823e-002
8.982213e+002;6.983118e-002
8.987034e+002;6.965344e-002
8.991855e+002;6.947390e-002
8.996677e+002;6.929201e-002
9.001498e+002;6.910866e-002
9.006320e+002;6.892540e-002
9.011141e+002;6.874467e-002
9.015962e+002;6.856811e-002
9.020784e+002;6.839587e-002
9.025605e+002;6.822632e-002
9.030426e+002;6.805614e-002
9.035248e+002;6.788117e-002
9.040069e+002;6.769857e-002
9.044890e+002;6.750746e-002
9.049712e+002;6.731007e-002
9.054533e+002;6.711093e-002
9.059354e+002;6.691557e-002
9.064176e+002;6.672886e-002
9.068997e+002;6.655377e-002
9.073818e+002;6.639008e-002
9.078640e+002;6.623513e-002
9.083461e+002;6.608422e-002
9.088282e+002;6.593197e-002
9.093104e+002;6.577333e-002
9.097925e+002;6.560508e-002
9.102747e+002;6.542608e-002
9.107568e+002;6.523775e-002
9.112390e+002;6.504419e-002
9.117211e+002;6.485105e-002
9.122032e+002;6.466547e-002
9.126853e+002;6.449399e-002
9.131675e+002;6.434108e-002
9.136497e+002;6.420828e-002
9.141317e+002;6.409374e-002
9.146139e+002;6.399284e-002
9.150961e+002;6.389946e-002
9.155781e+002;6.380765e-002
9.160603e+002;6.371263e-002
9.165425e+002;6.361117e-002
9.170245e+002;6.350123e-002
9.175067e+002;6.338112e-002
9.179889e+002;6.324933e-002
9.184709e+002;6.310415e-002
9.189531e+002;6.294499e-002
9.194353e+002;6.277376e-002
9.199174e+002;6.259461e-002
9.203995e+002;6.241398e-002
9.208817e+002;6.223883e-002
9.213638e+002;6.207449e-002
9.218459e+002;6.192246e-002
9.223281e+002;6.178041e-002
9.228102e+002;6.164267e-002
9.232924e+002;6.150309e-002
9.237745e+002;6.135704e-002
9.242566e+002;6.120323e-002
9.247388e+002;6.104364e-002
9.252209e+002;6.088157e-002
9.257030e+002;6.071953e-002
9.261852e+002;6.055681e-002
9.266674e+002;6.038908e-002
9.271494e+002;6.020977e-002
9.276316e+002;6.001253e-002
9.281138e+002;5.979468e-002
9.285958e+002;5.955879e-002
9.290780e+002;5.931339e-002
9.295602e+002;5.907036e-002
9.300422e+002;5.884206e-002
9.305244e+002;5.863753e-002
9.310066e+002;5.845989e-002
9.314886e+002;5.830632e-002
9.319708e+002;5.816793e-002
9.324530e+002;5.803359e-002
9.329351e+002;5.789234e-002
9.334172e+002;5.773567e-002
9.338994e+002;5.755964e-002
9.343815e+002;5.736404e-002
9.348636e+002;5.715283e-002
9.353458e+002;5.693203e-002
9.358279e+002;5.670846e-002
9.363101e+002;5.648904e-002
9.367922e+002;5.627942e-002
9.372743e+002;5.608366e-002
9.377565e+002;5.590421e-002
9.382386e+002;5.574135e-002
9.387207e+002;5.559358e-002
9.392029e+002;5.545768e-002
9.396851e+002;5.532902e-002
9.401671e+002;5.520235e-002
9.406493e+002;5.507293e-002
9.411315e+002;5.493661e-002
9.416135e+002;5.479106e-002
9.420957e+002;5.463567e-002
9.425779e+002;5.447133e-002
9.430599e+002;5.429982e-002
9.435421e+002;5.412308e-002
9.440243e+002;5.394296e-002
9.445063e+002;5.376051e-002
9.449885e+002;5.357693e-002
9.454707e+002;5.339342e-002
9.459528e+002;5.321199e-002
9.464349e+002;5.303546e-002
9.469171e+002;5.286650e-002
9.473992e+002;5.270731e-002
9.478813e+002;5.255810e-002
9.483635e+002;5.241707e-002
9.488456e+002;5.228068e-002
9.493278e+002;5.214429e-002
9.498099e+002;5.200407e-002
9.502920e+002;5.185777e-002
9.507742e+002;5.170576e-002
9.512563e+002;5.155008e-002
9.517384e+002;5.139400e-002
9.522206e+002;5.124045e-002
9.527028e+002;5.109130e-002
9.531848e+002;5.094745e-002
9.536670e+002;5.080930e-002
9.541492e+002;5.067783e-002
9.546312e+002;5.055477e-002
9.551134e+002;5.044293e-002
9.555956e+002;5.034477e-002
9.560776e+002;5.026155e-002
9.565598e+002;5.019191e-002
9.570420e+002;5.013172e-002
9.575240e+002;5.007472e-002
9.580062e+002;5.001432e-002
9.584884e+002;4.994526e-002
9.589705e+002;4.986514e-002
9.594526e+002;4.977514e-002
9.599348e+002;4.967977e-002
9.604169e+002;4.958536e-002
9.608990e+002;4.949910e-002
9.613812e+002;4.942727e-002
9.618633e+002;4.937413e-002
9.623455e+002;4.934144e-002
9.628276e+002;4.932803e-002
9.633097e+002;4.932970e-002
9.637919e+002;4.934029e-002
9.642740e+002;4.935180e-002
9.647561e+002;4.935619e-002
9.652383e+002;4.934621e-002
9.657205e+002;4.931691e-002
9.662025e+002;4.926624e-002
9.666847e+002;4.919476e-002
9.671669e+002;4.910576e-002
9.676489e+002;4.900397e-002
9.681311e+002;4.889471e-002
9.686133e+002;4.878332e-002
9.690953e+002;4.867477e-002
9.695775e+002;4.857348e-002
9.700597e+002;4.848311e-002
9.705417e+002;4.840617e-002
9.710239e+002;4.834364e-002
9.715061e+002;4.829456e-002
9.719882e+002;4.825635e-002
9.724703e+002;4.822598e-002
9.729525e+002;4.820018e-002
9.734346e+002;4.817757e-002
9.739167e+002;4.815836e-002
9.743989e+002;4.814436e-002
9.748810e+002;4.813792e-002
9.753632e+002;4.814056e-002
9.758453e+002;4.815238e-002
9.763274e+002;4.817198e-002
9.768096e+002;4.819707e-002
9.772917e+002;4.822608e-002
9.777738e+002;4.825849e-002
9.782560e+002;4.829571e-002
9.787382e+002;4.833951e-002
9.792202e+002;4.839080e-002
9.797024e+002;4.844820e-002
9.801846e+002;4.850745e-002
9.806666e+002;4.856236e-002
9.811488e+002;4.860626e-002
9.816310e+002;4.863385e-002
9.821130e+002;4.864344e-002
9.825952e+002;4.863653e-002
9.830774e+002;4.861805e-002
9.835594e+002;4.859442e-002
9.840416e+002;4.857228e-002
9.845238e+002;4.855739e-002
9.850059e+002;4.855374e-002
9.854880e+002;4.856445e-002
9.859702e+002;4.859081e-002
9.864523e+002;4.863286e-002
9.869344e+002;4.868955e-002
9.874166e+002;4.875819e-002
9.878987e+002;4.883430e-002
9.883809e+002;4.891341e-002
9.888630e+002;4.899048e-002
9.893451e+002;4.906158e-002
9.898273e+002;4.912452e-002
9.903094e+002;4.917812e-002
9.907915e+002;4.922207e-002
9.912737e+002;4.925578e-002
9.917559e+002;4.927893e-002
9.922379e+002;4.929046e-002
9.927201e+002;4.929057e-002
9.932023e+002;4.928070e-002
9.936843e+002;4.926358e-002
9.941665e+002;4.924317e-002
9.946487e+002;4.922304e-002
9.951307e+002;4.920496e-002
9.956129e+002;4.918842e-002
9.960951e+002;4.917058e-002
9.965771e+002;4.914765e-002
9.970593e+002;4.911613e-002
9.975415e+002;4.907489e-002
9.980236e+002;4.902460e-002
9.985057e+002;4.896777e-002
9.989879e+002;4.890710e-002
9.994700e+002;4.884391e-002
9.999521e+002;4.877812e-002
1.000434e+003;4.870797e-002
1.000916e+003;4.863077e-002
1.001399e+003;4.854487e-002
1.001881e+003;4.844984e-002
1.002363e+003;4.834676e-002
1.002845e+003;4.823736e-002
1.003327e+003;4.812357e-002
1.003809e+003;4.800601e-002
1.004291e+003;4.788445e-002
1.004774e+003;4.775782e-002
1.005256e+003;4.762492e-002
1.005738e+003;4.748505e-002
1.006220e+003;4.733806e-002
1.006702e+003;4.718470e-002
1.007184e+003;4.702624e-002
1.007666e+003;4.686480e-002
1.008148e+003;4.670323e-002
1.008631e+003;4.654559e-002
1.009113e+003;4.639661e-002
1.009595e+003;4.626141e-002
1.010077e+003;4.614389e-002
1.010559e+003;4.604603e-002
1.011041e+003;4.596681e-002
1.011523e+003;4.590200e-002
1.012006e+003;4.584534e-002
1.012488e+003;4.579059e-002
1.012970e+003;4.573232e-002
1.013452e+003;4.566715e-002
1.013934e+003;4.559376e-002
1.014416e+003;4.551212e-002
1.014898e+003;4.542172e-002
1.015380e+003;4.532131e-002
1.015863e+003;4.520876e-002
1.016345e+003;4.508115e-002
1.016827e+003;4.493722e-002
1.017309e+003;4.477713e-002
1.017791e+003;4.460339e-002
1.018273e+003;4.441971e-002
1.018755e+003;4.422995e-002
1.019238e+003;4.403680e-002
1.019720e+003;4.384064e-002
1.020202e+003;4.363989e-002
1.020684e+003;4.343114e-002
1.021166e+003;4.321078e-002
1.021648e+003;4.297613e-002
1.022130e+003;4.272547e-002
1.022613e+003;4.245871e-002
1.023095e+003;4.217719e-002
1.023577e+003;4.188322e-002
1.024059e+003;4.157962e-002
1.024541e+003;4.127007e-002
1.025023e+003;4.095791e-002
1.025505e+003;4.064681e-002
1.025988e+003;4.033945e-002
1.026470e+003;4.003679e-002
1.026952e+003;3.973795e-002
1.027434e+003;3.943872e-002
1.027916e+003;3.913241e-002
1.028398e+003;3.881015e-002
1.028880e+003;3.846091e-002
1.029363e+003;3.807393e-002
1.029845e+003;3.763939e-002
1.030327e+003;3.714957e-002
1.030809e+003;3.660037e-002
1.031291e+003;3.599061e-002
1.031773e+003;3.532273e-002
1.032255e+003;3.460127e-002
1.032737e+003;3.383125e-002
1.033220e+003;3.301697e-002
1.033702e+003;3.216057e-002
1.034184e+003;3.126151e-002
1.034666e+003;3.031754e-002
1.035148e+003;2.932576e-002
1.035630e+003;2.828466e-002
1.036112e+003;2.719560e-002
1.036595e+003;2.606405e-002
1.037077e+003;2.489967e-002
1.037559e+003;2.371607e-002
1.038041e+003;2.252965e-002
1.038523e+003;2.135859e-002
1.039005e+003;2.022154e-002
1.039487e+003;1.913743e-002
1.039969e+003;1.812438e-002
1.040452e+003;1.720010e-002
1.040934e+003;1.638108e-002
1.041416e+003;1.568207e-002
1.041898e+003;1.511564e-002
1.042380e+003;1.469091e-002
1.042862e+003;1.441384e-002
1.043344e+003;1.428649e-002
1.043827e+003;1.430772e-002
1.044309e+003;1.447392e-002
1.044791e+003;1.477942e-002
1.045273e+003;1.521710e-002
1.045755e+003;1.577891e-002
1.046237e+003;1.645585e-002
1.046719e+003;1.723812e-002
1.047202e+003;1.811532e-002
1.047684e+003;1.907733e-002
1.048166e+003;2.011447e-002
1.048648e+003;2.121824e-002
1.049130e+003;2.238112e-002
1.049612e+003;2.359747e-002
1.050094e+003;2.486247e-002
1.050577e+003;2.617219e-002
1.051059e+003;2.752280e-002
1.051541e+003;2.890979e-002
1.052023e+003;3.032726e-002
1.052505e+003;3.176632e-002
1.052987e+003;3.321583e-002
1.053469e+003;3.466140e-002
1.053952e+003;3.608821e-002
1.054434e+003;3.748120e-002
1.054916e+003;3.882776e-002
1.055398e+003;4.011826e-002
1.055880e+003;4.134617e-002
1.056362e+003;4.250730e-002
1.056844e+003;4.359862e-002
1.057326e+003;4.461643e-002
1.057809e+003;4.555725e-002
1.058291e+003;4.641721e-002
1.058773e+003;4.719407e-002
1.059255e+003;4.788725e-002
1.059737e+003;4.849856e-002
1.060219e+003;4.903154e-002
1.060701e+003;4.949065e-002
1.061184e+003;4.987996e-002
1.061666e+003;5.020317e-002
1.062148e+003;5.046337e-002
1.062630e+003;5.066325e-002
1.063112e+003;5.080601e-002
1.063594e+003;5.089444e-002
1.064076e+003;5.093129e-002
1.064558e+003;5.091826e-002
1.065041e+003;5.085595e-002
1.065523e+003;5.074434e-002
1.066005e+003;5.058377e-002
1.066487e+003;5.037573e-002
1.066969e+003;5.012386e-002
1.067451e+003;4.983342e-002
1.067933e+003;4.951061e-002
1.068416e+003;4.916009e-002
1.068898e+003;4.878538e-002
1.069380e+003;4.838773e-002
1.069862e+003;4.796693e-002
1.070344e+003;4.752294e-002
1.070826e+003;4.705724e-002
1.071308e+003;4.657318e-002
1.071791e+003;4.607610e-002
1.072273e+003;4.557198e-002
1.072755e+003;4.506664e-002
1.073237e+003;4.456391e-002
1.073719e+003;4.406594e-002
1.074201e+003;4.357345e-002
1.074683e+003;4.308614e-002
1.075166e+003;4.260412e-002
1.075648e+003;4.212765e-002
1.076130e+003;4.165751e-002
1.076612e+003;4.119478e-002
1.077094e+003;4.074032e-002
1.077576e+003;4.029457e-002
1.078058e+003;3.985796e-002
1.078541e+003;3.943067e-002
1.079023e+003;3.901274e-002
1.079505e+003;3.860377e-002
1.079987e+003;3.820288e-002
1.080469e+003;3.780835e-002
1.080951e+003;3.741827e-002
1.081433e+003;3.703044e-002
1.081915e+003;3.664434e-002
1.082398e+003;3.626127e-002
1.082880e+003;3.588483e-002
1.083362e+003;3.551985e-002
1.083844e+003;3.517202e-002
1.084326e+003;3.484571e-002
1.084808e+003;3.454331e-002
1.085290e+003;3.426513e-002
1.085773e+003;3.401041e-002
1.086255e+003;3.377816e-002
1.086737e+003;3.356917e-002
1.087219e+003;3.338649e-002
1.087701e+003;3.323555e-002
1.088183e+003;3.312333e-002
1.088665e+003;3.305626e-002
1.089147e+003;3.303970e-002
1.089630e+003;3.307585e-002
1.090112e+003;3.316440e-002
1.090594e+003;3.330272e-002
1.091076e+003;3.348701e-002
1.091558e+003;3.371375e-002
1.092040e+003;3.397992e-002
1.092522e+003;3.428419e-002
1.093005e+003;3.462616e-002
1.093487e+003;3.500609e-002
1.093969e+003;3.542364e-002
1.094451e+003;3.587702e-002
1.094933e+003;3.636206e-002
1.095415e+003;3.687247e-002
1.095897e+003;3.739993e-002
1.096380e+003;3.793562e-002
1.096862e+003;3.847152e-002
1.097344e+003;3.900129e-002
1.097826e+003;3.952140e-002
1.098308e+003;4.003017e-002
1.098790e+003;4.052728e-002
1.099272e+003;4.101199e-002
1.099755e+003;4.148306e-002
1.100237e+003;4.193753e-002
1.100719e+003;4.237245e-002
1.101201e+003;4.278469e-002
1.101683e+003;4.317206e-002
1.102165e+003;4.353335e-002
1.102647e+003;4.386802e-002
1.103130e+003;4.417477e-002
1.103612e+003;4.445203e-002
1.104094e+003;4.469760e-002
1.104576e+003;4.490984e-002
1.105058e+003;4.508841e-002
1.105540e+003;4.523533e-002
1.106022e+003;4.535466e-002
1.106504e+003;4.545127e-002
1.106987e+003;4.552957e-002
1.107469e+003;4.559201e-002
1.107951e+003;4.563845e-002
1.108433e+003;4.566728e-002
1.108915e+003;4.567676e-002
1.109397e+003;4.566664e-002
1.109879e+003;4.563833e-002
1.110362e+003;4.559616e-002
1.110844e+003;4.554557e-002
1.111326e+003;4.549116e-002
1.111808e+003;4.543635e-002
1.112290e+003;4.538252e-002
1.112772e+003;4.532949e-002
1.113254e+003;4.527657e-002
1.113736e+003;4.522308e-002
1.114219e+003;4.516950e-002
1.114701e+003;4.511671e-002
1.115183e+003;4.506517e-002
1.115665e+003;4.501500e-002
1.116147e+003;4.496571e-002
1.116629e+003;4.491609e-002
1.117111e+003;4.486572e-002
1.117594e+003;4.481539e-002
1.118076e+003;4.476724e-002
1.118558e+003;4.472445e-002
1.119040e+003;4.468982e-002
1.119522e+003;4.466539e-002
1.120004e+003;4.465117e-002
1.120486e+003;4.464523e-002
1.120969e+003;4.464483e-002
1.121451e+003;4.464635e-002
1.121933e+003;4.464733e-002
1.122415e+003;4.464578e-002
1.122897e+003;4.464166e-002
1.123379e+003;4.463518e-002
1.123861e+003;4.462817e-002
1.124344e+003;4.462222e-002
1.124826e+003;4.461996e-002
1.125308e+003;4.462335e-002
1.125790e+003;4.463525e-002
1.126272e+003;4.465746e-002
1.126754e+003;4.469118e-002
1.127236e+003;4.473609e-002
1.127719e+003;4.479105e-002
1.128201e+003;4.485386e-002
1.128683e+003;4.492180e-002
1.129165e+003;4.499230e-002
1.129647e+003;4.506344e-002
1.130129e+003;4.513387e-002
1.130611e+003;4.520344e-002
1.131093e+003;4.527247e-002
1.131576e+003;4.534166e-002
1.132058e+003;4.541156e-002
1.132540e+003;4.548272e-002
1.133022e+003;4.555472e-002
1.133504e+003;4.562639e-002
1.133986e+003;4.569576e-002
1.134468e+003;4.576039e-002
1.134951e+003;4.581806e-002
1.135433e+003;4.586732e-002
1.135915e+003;4.590828e-002
1.136397e+003;4.594224e-002
1.136879e+003;4.597210e-002
1.137361e+003;4.600033e-002
1.137843e+003;4.602889e-002
1.138325e+003;4.605820e-002
1.138808e+003;4.608699e-002
1.139290e+003;4.611310e-002
1.139772e+003;4.613414e-002
1.140254e+003;4.614884e-002
1.140736e+003;4.615654e-002
1.141218e+003;4.615819e-002
1.141700e+003;4.615440e-002
1.142183e+003;4.614536e-002
1.142665e+003;4.612989e-002
1.143147e+003;4.610547e-002
1.143629e+003;4.606973e-002
1.144111e+003;4.602028e-002
1.144593e+003;4.595727e-002
1.145075e+003;4.588225e-002
1.145557e+003;4.579910e-002
1.146040e+003;4.571237e-002
1.146522e+003;4.562643e-002
1.147004e+003;4.554475e-002
1.147486e+003;4.546887e-002
1.147968e+003;4.539935e-002
1.148450e+003;4.533572e-002
1.148932e+003;4.527715e-002
1.149415e+003;4.522341e-002
1.149897e+003;4.517439e-002
1.150379e+003;4.513017e-002
1.150861e+003;4.509087e-002
1.151343e+003;4.505619e-002
1.151825e+003;4.502540e-002
1.152307e+003;4.499806e-002
1.152790e+003;4.497337e-002
1.153272e+003;4.495185e-002
1.153754e+003;4.493397e-002
1.154236e+003;4.492090e-002
1.154718e+003;4.491407e-002
1.155200e+003;4.491356e-002
1.155682e+003;4.491903e-002
1.156165e+003;4.492835e-002
1.156647e+003;4.493853e-002
1.157129e+003;4.494632e-002
1.157611e+003;4.494901e-002
1.158093e+003;4.494480e-002
1.158575e+003;4.493395e-002
1.159057e+003;4.491796e-002
1.159540e+003;4.489952e-002
1.160022e+003;4.488083e-002
1.160504e+003;4.486314e-002
1.160986e+003;4.484628e-002
1.161468e+003;4.482831e-002
1.161950e+003;4.480719e-002
1.162432e+003;4.478059e-002
1.162914e+003;4.474796e-002
1.163397e+003;4.471041e-002
1.163879e+003;4.467035e-002
1.164361e+003;4.463018e-002
1.164843e+003;4.459272e-002
1.165325e+003;4.455869e-002
1.165807e+003;4.452789e-002
1.166289e+003;4.449875e-002
1.166772e+003;4.446895e-002
1.167254e+003;4.443666e-002
1.167736e+003;4.440065e-002
1.168218e+003;4.436027e-002
1.168700e+003;4.431578e-002
1.169182e+003;4.426756e-002
1.169664e+003;4.421666e-002
1.170146e+003;4.416453e-002
1.170629e+003;4.411301e-002
1.171111e+003;4.406457e-002
1.171593e+003;4.402141e-002
1.172075e+003;4.398529e-002
1.172557e+003;4.395649e-002
1.173039e+003;4.393402e-002
1.173521e+003;4.391555e-002
1.174004e+003;4.389793e-002
1.174486e+003;4.387911e-002
1.174968e+003;4.385851e-002
1.175450e+003;4.383750e-002
1.175932e+003;4.381885e-002
1.176414e+003;4.380632e-002
1.176896e+003;4.380298e-002
1.177379e+003;4.381063e-002
1.177861e+003;4.382948e-002
1.178343e+003;4.385741e-002
1.178825e+003;4.389191e-002
1.179307e+003;4.392970e-002
1.179789e+003;4.396811e-002
1.180271e+003;4.400473e-002
1.180754e+003;4.403853e-002
1.181236e+003;4.406867e-002
1.181718e+003;4.409501e-002
1.182200e+003;4.411792e-002
1.182682e+003;4.413784e-002
1.183164e+003;4.415517e-002
1.183646e+003;4.417006e-002
1.184129e+003;4.418193e-002
1.184611e+003;4.419004e-002
1.185093e+003;4.419306e-002
1.185575e+003;4.419024e-002
1.186057e+003;4.418135e-002
1.186539e+003;4.416718e-002
1.187021e+003;4.415001e-002
1.187503e+003;4.413214e-002
1.187986e+003;4.411644e-002
1.188468e+003;4.410488e-002
1.188950e+003;4.409839e-002
1.189432e+003;4.409735e-002
1.189914e+003;4.410079e-002
1.190396e+003;4.410767e-002
1.190878e+003;4.411625e-002
1.191361e+003;4.412501e-002
1.191843e+003;4.413194e-002
1.192325e+003;4.413489e-002
1.192807e+003;4.413218e-002
1.193289e+003;4.412264e-002
1.193771e+003;4.410609e-002
1.194253e+003;4.408411e-002
1.194735e+003;4.405905e-002
1.195218e+003;4.403394e-002
1.195700e+003;4.401146e-002
1.196182e+003;4.399303e-002
1.196664e+003;4.397847e-002
1.197146e+003;4.396636e-002
1.197628e+003;4.395432e-002
1.198110e+003;4.394052e-002
1.198593e+003;4.392408e-002
1.199075e+003;4.390512e-002
1.199557e+003;4.388477e-002
1.200039e+003;4.386521e-002
1.200521e+003;4.384804e-002
1.201003e+003;4.383501e-002
1.201485e+003;4.382762e-002
1.201968e+003;4.382689e-002
1.202450e+003;4.383333e-002
1.202932e+003;4.384770e-002
1.203414e+003;4.386922e-002
1.203896e+003;4.389664e-002
1.204378e+003;4.392751e-002
1.204860e+003;4.395911e-002
1.205343e+003;4.398857e-002
1.205825e+003;4.401403e-002
1.206307e+003;4.403500e-002
1.206789e+003;4.405245e-002
1.207271e+003;4.406803e-002
1.207753e+003;4.408424e-002
1.208235e+003;4.410298e-002
1.208718e+003;4.412537e-002
1.209200e+003;4.415164e-002
1.209682e+003;4.418127e-002
1.210164e+003;4.421341e-002
1.210646e+003;4.424704e-002
1.211128e+003;4.428072e-002
1.211610e+003;4.431342e-002
1.212092e+003;4.434393e-002
1.212575e+003;4.437155e-002
1.213057e+003;4.439574e-002
1.213539e+003;4.441702e-002
1.214021e+003;4.443634e-002
1.214503e+003;4.445486e-002
1.214985e+003;4.447400e-002
1.215467e+003;4.449448e-002
1.215950e+003;4.451592e-002
1.216432e+003;4.453773e-002
1.216914e+003;4.455919e-002
1.217396e+003;4.457979e-002
1.217878e+003;4.460007e-002
1.218360e+003;4.462138e-002
1.218842e+003;4.464541e-002
1.219324e+003;4.467322e-002
1.219807e+003;4.470496e-002
1.220289e+003;4.473948e-002
1.220771e+003;4.477432e-002
1.221253e+003;4.480702e-002
1.221735e+003;4.483529e-002
1.222217e+003;4.485804e-002
1.222699e+003;4.487591e-002
1.223182e+003;4.489009e-002
1.223664e+003;4.490279e-002
1.224146e+003;4.491603e-002
1.224628e+003;4.493142e-002
1.225110e+003;4.494999e-002
1.225592e+003;4.497271e-002
1.226074e+003;4.500022e-002
1.226557e+003;4.503275e-002
1.227039e+003;4.507021e-002
1.227521e+003;4.511223e-002
1.228003e+003;4.515731e-002
1.228485e+003;4.520370e-002
1.228967e+003;4.524928e-002
1.229449e+003;4.529222e-002
1.229932e+003;4.533163e-002
1.230414e+003;4.536794e-002
1.230896e+003;4.540251e-002
1.231378e+003;4.543753e-002
1.231860e+003;4.547523e-002
1.232342e+003;4.551699e-002
1.232824e+003;4.556321e-002
1.233307e+003;4.561245e-002
1.233789e+003;4.566210e-002
1.234271e+003;4.570934e-002
1.234753e+003;4.575081e-002
1.235235e+003;4.578454e-002
1.235717e+003;4.580986e-002
1.236199e+003;4.582805e-002
1.236681e+003;4.584177e-002
1.237164e+003;4.585478e-002
1.237646e+003;4.587055e-002
1.238128e+003;4.589226e-002
1.238610e+003;4.592113e-002
1.239092e+003;4.595631e-002
1.239574e+003;4.599561e-002
1.240056e+003;4.603571e-002
1.240539e+003;4.607255e-002
1.241021e+003;4.610316e-002
1.241503e+003;4.612597e-002
1.241985e+003;4.614146e-002
1.242467e+003;4.615084e-002
1.242949e+003;4.615750e-002
1.243431e+003;4.616455e-002
1.243913e+003;4.617459e-002
1.244396e+003;4.618960e-002
1.244878e+003;4.620985e-002
1.245360e+003;4.623470e-002
1.245842e+003;4.626222e-002
1.246324e+003;4.629093e-002
1.246806e+003;4.631873e-002
1.247288e+003;4.634448e-002
1.247771e+003;4.636748e-002
1.248253e+003;4.638720e-002
1.248735e+003;4.640386e-002
1.249217e+003;4.641727e-002
1.249699e+003;4.642765e-002
1.250181e+003;4.643486e-002
1.250663e+003;4.643919e-002
1.251146e+003;4.644052e-002
1.251628e+003;4.643907e-002
1.252110e+003;4.643474e-002
1.252592e+003;4.642702e-002
1.253074e+003;4.641524e-002
1.253556e+003;4.639903e-002
1.254038e+003;4.637843e-002
1.254521e+003;4.635439e-002
1.255003e+003;4.632901e-002
1.255485e+003;4.630524e-002
1.255967e+003;4.628577e-002
1.256449e+003;4.627282e-002
1.256931e+003;4.626669e-002
1.257413e+003;4.626548e-002
1.257896e+003;4.626548e-002
1.258378e+003;4.626220e-002
1.258860e+003;4.625152e-002
1.259342e+003;4.623076e-002
1.259824e+003;4.619960e-002
1.260306e+003;4.616002e-002
1.260788e+003;4.611465e-002
1.261270e+003;4.606668e-002
1.261753e+003;4.601844e-002
1.262235e+003;4.597062e-002
1.262717e+003;4.592302e-002
1.263199e+003;4.587417e-002
1.263681e+003;4.582208e-002
1.264163e+003;4.576502e-002
1.264645e+003;4.570156e-002
1.265128e+003;4.563037e-002
1.265610e+003;4.555008e-002
1.266092e+003;4.546076e-002
1.266574e+003;4.536293e-002
1.267056e+003;4.525858e-002
1.267538e+003;4.515037e-002
1.268020e+003;4.504160e-002
1.268502e+003;4.493553e-002
1.268985e+003;4.483434e-002
1.269467e+003;4.473895e-002
1.269949e+003;4.464879e-002
1.270431e+003;4.456294e-002
1.270913e+003;4.448041e-002
1.271395e+003;4.440168e-002
1.271877e+003;4.432819e-002
1.272360e+003;4.426273e-002
1.272842e+003;4.420896e-002
1.273324e+003;4.416967e-002
1.273806e+003;4.414645e-002
1.274288e+003;4.413955e-002
1.274770e+003;4.414748e-002
1.275252e+003;4.416788e-002
1.275734e+003;4.419789e-002
1.276217e+003;4.423540e-002
1.276699e+003;4.427900e-002
1.277181e+003;4.432786e-002
1.277663e+003;4.438224e-002
1.278145e+003;4.444244e-002
1.278627e+003;4.450896e-002
1.279109e+003;4.458194e-002
1.279592e+003;4.466065e-002
1.280074e+003;4.474388e-002
1.280556e+003;4.482967e-002
1.281038e+003;4.491530e-002
1.281520e+003;4.499780e-002
1.282002e+003;4.507488e-002
1.282484e+003;4.514413e-002
1.282967e+003;4.520513e-002
1.283449e+003;4.525786e-002
1.283931e+003;4.530324e-002
1.284413e+003;4.534265e-002
1.284895e+003;4.537674e-002
1.285377e+003;4.540611e-002
1.285859e+003;4.543072e-002
1.286342e+003;4.545011e-002
1.286824e+003;4.546377e-002
1.287306e+003;4.547191e-002
1.287788e+003;4.547516e-002
1.288270e+003;4.547482e-002
1.288752e+003;4.547276e-002
1.289234e+003;4.547050e-002
1.289716e+003;4.546951e-002
1.290199e+003;4.547067e-002
1.290681e+003;4.547406e-002
1.291163e+003;4.547917e-002
1.291645e+003;4.548487e-002
1.292127e+003;4.548974e-002
1.292609e+003;4.549222e-002
1.293091e+003;4.549111e-002
1.293574e+003;4.548606e-002
1.294056e+003;4.547724e-002
1.294538e+003;4.546553e-002
1.295020e+003;4.545224e-002
1.295502e+003;4.543852e-002
1.295984e+003;4.542533e-002
1.296466e+003;4.541298e-002
1.296948e+003;4.540154e-002
1.297431e+003;4.539069e-002
1.297913e+003;4.538025e-002
1.298395e+003;4.537006e-002
1.298877e+003;4.536013e-002
1.299359e+003;4.535016e-002
1.299841e+003;4.533958e-002
1.300323e+003;4.532778e-002
1.300806e+003;4.531376e-002
1.301288e+003;4.529734e-002
1.301770e+003;4.527856e-002
1.302252e+003;4.525845e-002
1.302734e+003;4.523855e-002
1.303216e+003;4.522016e-002
1.303698e+003;4.520414e-002
1.304181e+003;4.519030e-002
1.304663e+003;4.517764e-002
1.305145e+003;4.516441e-002
1.305627e+003;4.514925e-002
1.306109e+003;4.513133e-002
1.306591e+003;4.511063e-002
1.307073e+003;4.508797e-002
1.307556e+003;4.506475e-002
1.308038e+003;4.504218e-002
1.308520e+003;4.502133e-002
1.309002e+003;4.500290e-002
1.309484e+003;4.498736e-002
1.309966e+003;4.497517e-002
1.310448e+003;4.496681e-002
1.310931e+003;4.496231e-002
1.311413e+003;4.496181e-002
1.311895e+003;4.496456e-002
1.312377e+003;4.496951e-002
1.312859e+003;4.497553e-002
1.313341e+003;4.498166e-002
1.313823e+003;4.498775e-002
1.314305e+003;4.499389e-002
1.314788e+003;4.500097e-002
1.315270e+003;4.500932e-002
1.315752e+003;4.501889e-002
1.316234e+003;4.502909e-002
1.316716e+003;4.503942e-002
1.317198e+003;4.504863e-002
1.317680e+003;4.505676e-002
1.318163e+003;4.506394e-002
1.318645e+003;4.507129e-002
1.319127e+003;4.507983e-002
1.319609e+003;4.509021e-002
1.320091e+003;4.510257e-002
1.320573e+003;4.511672e-002
1.321055e+003;4.513172e-002
1.321537e+003;4.514734e-002
1.322020e+003;4.516338e-002
1.322502e+003;4.518015e-002
1.322984e+003;4.519789e-002
1.323466e+003;4.521750e-002
1.323948e+003;4.523933e-002
1.324430e+003;4.526411e-002
1.324912e+003;4.529252e-002
1.325395e+003;4.532524e-002
1.325877e+003;4.536279e-002
1.326359e+003;4.540520e-002
1.326841e+003;4.545144e-002
1.327323e+003;4.549965e-002
1.327805e+003;4.554740e-002
1.328287e+003;4.559277e-002
1.328770e+003;4.563538e-002
1.329252e+003;4.567720e-002
1.329734e+003;4.572194e-002
1.330216e+003;4.577449e-002
1.330698e+003;4.583930e-002
1.331180e+003;4.591826e-002
1.331662e+003;4.601014e-002
1.332145e+003;4.611040e-002
1.332627e+003;4.621250e-002
1.333109e+003;4.630999e-002
1.333591e+003;4.639729e-002
1.334073e+003;4.647216e-002
1.334555e+003;4.653490e-002
1.335037e+003;4.658819e-002
1.335520e+003;4.663547e-002
1.336002e+003;4.668079e-002
1.336484e+003;4.672755e-002
1.336966e+003;4.677930e-002
1.337448e+003;4.683888e-002
1.337930e+003;4.690902e-002
1.338412e+003;4.699140e-002
1.338894e+003;4.708626e-002
1.339377e+003;4.719176e-002
1.339859e+003;4.730395e-002
1.340341e+003;4.741737e-002
1.340823e+003;4.752649e-002
1.341305e+003;4.762715e-002
1.341787e+003;4.771737e-002
1.342269e+003;4.779805e-002
1.342752e+003;4.787176e-002
1.343234e+003;4.794248e-002
1.343716e+003;4.801302e-002
1.344198e+003;4.808504e-002
1.344680e+003;4.815841e-002
1.345162e+003;4.823133e-002
1.345644e+003;4.830146e-002
1.346126e+003;4.836643e-002
1.346609e+003;4.842428e-002
1.347091e+003;4.847450e-002
1.347573e+003;4.851720e-002
1.348055e+003;4.855321e-002
1.348537e+003;4.858397e-002
1.349019e+003;4.861072e-002
1.349501e+003;4.863488e-002
1.349984e+003;4.865771e-002
1.350466e+003;4.867980e-002
1.350948e+003;4.870136e-002
1.351430e+003;4.872245e-002
1.351912e+003;4.874240e-002
1.352394e+003;4.876056e-002
1.352876e+003;4.877634e-002
1.353359e+003;4.878895e-002
1.353841e+003;4.879849e-002
1.354323e+003;4.880459e-002
1.354805e+003;4.880763e-002
1.355287e+003;4.880818e-002
1.355769e+003;4.880665e-002
1.356251e+003;4.880472e-002
1.356734e+003;4.880341e-002
1.357216e+003;4.880439e-002
1.357698e+003;4.880892e-002
1.358180e+003;4.881741e-002
1.358662e+003;4.883029e-002
1.359144e+003;4.884692e-002
1.359626e+003;4.886627e-002
1.360109e+003;4.888697e-002
1.360591e+003;4.890773e-002
1.361073e+003;4.892712e-002
1.361555e+003;4.894356e-002
1.362037e+003;4.895522e-002
1.362519e+003;4.895954e-002
1.363001e+003;4.895450e-002
1.363483e+003;4.893840e-002
1.363966e+003;4.891025e-002
1.364448e+003;4.887024e-002
1.364930e+003;4.881929e-002
1.365412e+003;4.875888e-002
1.365894e+003;4.868986e-002
1.366376e+003;4.861225e-002
1.366858e+003;4.852448e-002
1.367341e+003;4.842414e-002
1.367823e+003;4.830837e-002
1.368305e+003;4.817454e-002
1.368787e+003;4.802201e-002
1.369269e+003;4.785100e-002
1.369751e+003;4.766475e-002
1.370233e+003;4.746739e-002
1.370715e+003;4.726410e-002
1.371198e+003;4.706067e-002
1.371680e+003;4.686191e-002
1.372162e+003;4.667163e-002
1.372644e+003;4.649276e-002
1.373126e+003;4.632579e-002
1.373608e+003;4.617056e-002
1.374090e+003;4.602571e-002
1.374573e+003;4.588884e-002
1.375055e+003;4.575765e-002
1.375537e+003;4.563041e-002
1.376019e+003;4.550593e-002
1.376501e+003;4.538353e-002
1.376983e+003;4.526374e-002
1.377465e+003;4.514708e-002
1.377948e+003;4.503453e-002
1.378430e+003;4.492744e-002
1.378912e+003;4.482734e-002
1.379394e+003;4.473623e-002
1.379876e+003;4.465683e-002
1.380358e+003;4.459189e-002
1.380840e+003;4.454407e-002
1.381323e+003;4.451526e-002
1.381805e+003;4.450566e-002
1.382287e+003;4.451481e-002
1.382769e+003;4.454057e-002
1.383251e+003;4.458126e-002
1.383733e+003;4.463596e-002
1.384215e+003;4.470463e-002
1.384698e+003;4.478855e-002
1.385180e+003;4.488960e-002
1.385662e+003;4.500817e-002
1.386144e+003;4.514348e-002
1.386626e+003;4.529246e-002
1.387108e+003;4.545039e-002
1.387590e+003;4.561216e-002
1.388072e+003;4.577293e-002
1.388555e+003;4.592933e-002
1.389037e+003;4.607954e-002
1.389519e+003;4.622267e-002
1.390001e+003;4.635860e-002
1.390483e+003;4.648697e-002
1.390965e+003;4.660739e-002
1.391447e+003;4.671991e-002
1.391930e+003;4.682510e-002
1.392412e+003;4.692477e-002
1.392894e+003;4.702079e-002
1.393376e+003;4.711516e-002
1.393858e+003;4.720898e-002
1.394340e+003;4.730150e-002
1.394822e+003;4.739016e-002
1.395304e+003;4.747219e-002
1.395787e+003;4.754487e-002
1.396269e+003;4.760693e-002
1.396751e+003;4.765932e-002
1.397233e+003;4.770446e-002
1.397715e+003;4.774512e-002
1.398197e+003;4.778379e-002
1.398679e+003;4.782128e-002
1.399162e+003;4.785708e-002
1.399644e+003;4.788896e-002
1.400126e+003;4.791501e-002
1.400608e+003;4.793366e-002
1.401090e+003;4.794533e-002
1.401572e+003;4.795143e-002
1.402054e+003;4.795442e-002
1.402536e+003;4.795703e-002
1.403019e+003;4.796038e-002
1.403501e+003;4.796555e-002
1.403983e+003;4.797165e-002
1.404465e+003;4.797791e-002
1.404947e+003;4.798325e-002
1.405429e+003;4.798742e-002
1.405911e+003;4.799094e-002
1.406394e+003;4.799479e-002
1.406876e+003;4.800015e-002
1.407358e+003;4.800767e-002
1.407840e+003;4.801812e-002
1.408322e+003;4.803098e-002
1.408804e+003;4.804580e-002
1.409286e+003;4.806180e-002
1.409769e+003;4.807854e-002
1.410251e+003;4.809563e-002
1.410733e+003;4.811335e-002
1.411215e+003;4.813216e-002
1.411697e+003;4.815276e-002
1.412179e+003;4.817577e-002
1.412661e+003;4.820155e-002
1.413144e+003;4.822990e-002
1.413626e+003;4.825993e-002
1.414108e+003;4.829024e-002
1.414590e+003;4.831926e-002
1.415072e+003;4.834583e-002
1.415554e+003;4.836941e-002
1.416036e+003;4.839117e-002
1.416519e+003;4.841373e-002
1.417001e+003;4.844032e-002
1.417483e+003;4.847444e-002
1.417965e+003;4.851862e-002
1.418447e+003;4.857316e-002
1.418929e+003;4.863612e-002
1.419411e+003;4.870369e-002
1.419893e+003;4.877111e-002
1.420376e+003;4.883447e-002
1.420858e+003;4.889198e-002
1.421340e+003;4.894358e-002
1.421822e+003;4.899181e-002
1.422304e+003;4.903904e-002
1.422786e+003;4.908755e-002
1.423268e+003;4.913825e-002
1.423751e+003;4.919024e-002
1.424233e+003;4.924215e-002
1.424715e+003;4.929256e-002
1.425197e+003;4.934172e-002
1.425679e+003;4.939085e-002
1.426161e+003;4.944286e-002
1.426643e+003;4.950074e-002
1.427125e+003;4.956633e-002
1.427608e+003;4.963977e-002
1.428090e+003;4.971984e-002
1.428572e+003;4.980370e-002
1.429054e+003;4.988887e-002
1.429536e+003;4.997319e-002
1.430018e+003;5.005568e-002
1.430500e+003;5.013596e-002
1.430983e+003;5.021350e-002
1.431465e+003;5.028746e-002
1.431947e+003;5.035697e-002
1.432429e+003;5.042158e-002
1.432911e+003;5.048253e-002
1.433393e+003;5.054330e-002
1.433875e+003;5.060839e-002
1.434358e+003;5.068313e-002
1.434840e+003;5.077103e-002
1.435322e+003;5.087179e-002
1.435804e+003;5.098045e-002
1.436286e+003;5.108878e-002
1.436768e+003;5.118638e-002
1.437250e+003;5.126498e-002
1.437733e+003;5.131951e-002
1.438215e+003;5.135028e-002
1.438697e+003;5.136175e-002
1.439179e+003;5.136022e-002
1.439661e+003;5.135215e-002
1.440143e+003;5.134216e-002
1.440625e+003;5.133210e-002
1.441107e+003;5.132159e-002
1.441590e+003;5.130818e-002
1.442072e+003;5.128914e-002
1.442554e+003;5.126176e-002
1.443036e+003;5.122391e-002
1.443518e+003;5.117417e-002
1.444000e+003;5.111261e-002
1.444482e+003;5.104012e-002
1.444965e+003;5.095906e-002
1.445447e+003;5.087405e-002
1.445929e+003;5.078955e-002
1.446411e+003;5.071136e-002
1.446893e+003;5.064319e-002
1.447375e+003;5.058729e-002
1.447857e+003;5.054394e-002
1.448339e+003;5.051141e-002
1.448822e+003;5.048798e-002
1.449304e+003;5.047183e-002
1.449786e+003;5.046312e-002
1.450268e+003;5.046251e-002
1.450750e+003;5.047112e-002
1.451232e+003;5.048873e-002
1.451714e+003;5.051409e-002
1.452197e+003;5.054522e-002
1.452679e+003;5.058040e-002
1.453161e+003;5.061941e-002
1.453643e+003;5.066617e-002
1.454125e+003;5.072702e-002
1.454607e+003;5.080992e-002
1.455089e+003;5.092234e-002
1.455572e+003;5.106813e-002
1.456054e+003;5.124575e-002
1.456536e+003;5.144797e-002
1.457018e+003;5.166381e-002
1.457500e+003;5.188110e-002
1.457982e+003;5.209064e-002
1.458464e+003;5.228654e-002
1.458947e+003;5.246733e-002
1.459429e+003;5.263377e-002
1.459911e+003;5.278788e-002
1.460393e+003;5.293160e-002
1.460875e+003;5.306647e-002
1.461357e+003;5.319429e-002
1.461839e+003;5.331688e-002
1.462322e+003;5.343654e-002
1.462804e+003;5.355614e-002
1.463286e+003;5.367729e-002
1.463768e+003;5.380043e-002
1.464250e+003;5.392408e-002
1.464732e+003;5.404533e-002
1.465214e+003;5.416070e-002
1.465696e+003;5.426677e-002
1.466179e+003;5.436119e-002
1.466661e+003;5.444167e-002
1.467143e+003;5.450754e-002
1.467625e+003;5.455821e-002
1.468107e+003;5.459420e-002
1.468589e+003;5.461742e-002
1.469071e+003;5.463201e-002
1.469554e+003;5.464412e-002
1.470036e+003;5.466002e-002
1.470518e+003;5.468629e-002
1.471000e+003;5.472577e-002
1.471482e+003;5.477812e-002
1.471964e+003;5.483801e-002
1.472446e+003;5.489764e-002
1.472928e+003;5.494864e-002
1.473411e+003;5.498488e-002
1.473893e+003;5.500420e-002
1.474375e+003;5.500856e-002
1.474857e+003;5.500275e-002
1.475339e+003;5.499165e-002
1.475821e+003;5.497972e-002
1.476303e+003;5.496874e-002
1.476786e+003;5.495834e-002
1.477268e+003;5.494764e-002
1.477750e+003;5.493566e-002
1.478232e+003;5.492327e-002
1.478714e+003;5.491253e-002
1.479196e+003;5.490641e-002
1.479678e+003;5.490807e-002
1.480161e+003;5.491891e-002
1.480643e+003;5.493957e-002
1.481125e+003;5.496929e-002
1.481607e+003;5.500637e-002
1.482089e+003;5.505005e-002
1.482571e+003;5.509986e-002
1.483053e+003;5.515583e-002
1.483536e+003;5.521822e-002
1.484018e+003;5.528678e-002
1.484500e+003;5.536097e-002
1.484982e+003;5.543932e-002
1.485464e+003;5.552072e-002
1.485946e+003;5.560454e-002
1.486428e+003;5.569107e-002
1.486911e+003;5.578171e-002
1.487393e+003;5.587873e-002
1.487875e+003;5.598458e-002
1.488357e+003;5.610114e-002
1.488839e+003;5.622891e-002
1.489321e+003;5.636659e-002
1.489803e+003;5.651114e-002
1.490285e+003;5.665834e-002
1.490768e+003;5.680317e-002
1.491250e+003;5.694086e-002
1.491732e+003;5.706842e-002
1.492214e+003;5.718524e-002
1.492696e+003;5.729336e-002
1.493178e+003;5.739682e-002
1.493660e+003;5.750117e-002
1.494143e+003;5.761165e-002
1.494625e+003;5.773156e-002
1.495107e+003;5.786158e-002
1.495589e+003;5.799948e-002
1.496071e+003;5.814068e-002
1.496553e+003;5.827988e-002
1.497035e+003;5.841271e-002
1.497517e+003;5.853727e-002
1.498000e+003;5.865328e-002
1.498482e+003;5.876292e-002
1.498964e+003;5.886830e-002
1.499446e+003;5.897003e-002
1.499928e+003;5.906777e-002
1.500410e+003;5.915866e-002
1.500892e+003;5.923999e-002
1.501375e+003;5.930951e-002
1.501857e+003;5.936785e-002
1.502339e+003;5.941882e-002
1.502821e+003;5.946919e-002
1.503303e+003;5.952777e-002
1.503785e+003;5.960341e-002
1.504267e+003;5.970341e-002
1.504750e+003;5.983033e-002
1.505232e+003;5.998194e-002
1.505714e+003;6.015079e-002
1.506196e+003;6.032502e-002
1.506678e+003;6.049194e-002
1.507160e+003;6.064058e-002
1.507642e+003;6.076532e-002
1.508125e+003;6.086650e-002
1.508607e+003;6.094922e-002
1.509089e+003;6.102275e-002
1.509571e+003;6.109599e-002
1.510053e+003;6.117676e-002
1.510535e+003;6.126865e-002
1.511017e+003;6.137098e-002
1.511500e+003;6.147972e-002
1.511982e+003;6.158907e-002
1.512464e+003;6.169359e-002
1.512946e+003;6.179079e-002
1.513428e+003;6.188172e-002
1.513910e+003;6.196994e-002
1.514392e+003;6.206109e-002
1.514874e+003;6.215952e-002
1.515357e+003;6.226687e-002
1.515839e+003;6.238160e-002
1.516321e+003;6.249950e-002
1.516803e+003;6.261536e-002
1.517285e+003;6.272539e-002
1.517767e+003;6.282873e-002
1.518249e+003;6.292877e-002
1.518732e+003;6.303130e-002
1.519214e+003;6.314299e-002
1.519696e+003;6.326876e-002
1.520178e+003;6.340952e-002
1.520660e+003;6.356166e-002
1.521142e+003;6.371833e-002
1.521624e+003;6.387109e-002
1.522106e+003;6.401403e-002
1.522589e+003;6.414504e-002
1.523071e+003;6.426629e-002
1.523553e+003;6.438287e-002
1.524035e+003;6.450096e-002
1.524517e+003;6.462464e-002
1.524999e+003;6.475563e-002
1.525481e+003;6.489199e-002
1.525964e+003;6.503001e-002
1.526446e+003;6.516622e-002
1.526928e+003;6.529906e-002
1.527410e+003;6.542926e-002
1.527892e+003;6.555927e-002
1.528374e+003;6.569204e-002
1.528856e+003;6.582999e-002
1.529339e+003;6.597330e-002
1.529821e+003;6.612026e-002
1.530303e+003;6.626954e-002
1.530785e+003;6.641959e-002
1.531267e+003;6.657077e-002
1.531749e+003;6.672464e-002
1.532231e+003;6.688277e-002
1.532714e+003;6.704538e-002
1.533196e+003;6.721018e-002
1.533678e+003;6.737252e-002
1.534160e+003;6.752695e-002
1.534642e+003;6.766958e-002
1.535124e+003;6.780012e-002
1.535606e+003;6.792303e-002
1.536089e+003;6.804699e-002
1.536571e+003;6.818264e-002
1.537053e+003;6.833971e-002
1.537535e+003;6.852490e-002
1.538017e+003;6.873965e-002
1.538499e+003;6.897987e-002
1.538981e+003;6.923664e-002
1.539463e+003;6.949865e-002
1.539946e+003;6.975489e-002
1.540428e+003;6.999726e-002
1.540910e+003;7.022179e-002
1.541392e+003;7.042928e-002
1.541874e+003;7.062426e-002
1.542356e+003;7.081389e-002
1.542838e+003;7.100584e-002
1.543321e+003;7.120714e-002
1.543803e+003;7.142181e-002
1.544285e+003;7.165001e-002
1.544767e+003;7.188800e-002
1.545249e+003;7.212903e-002
1.545731e+003;7.236560e-002
1.546213e+003;7.259306e-002
1.546695e+003;7.280985e-002
1.547178e+003;7.301964e-002
1.547660e+003;7.322855e-002
1.548142e+003;7.344399e-002
1.548624e+003;7.367065e-002
1.549106e+003;7.391004e-002
1.549588e+003;7.415887e-002
1.550070e+003;7.441232e-002
1.550553e+003;7.466584e-002
1.551035e+003;7.491739e-002
1.551517e+003;7.516859e-002
1.551999e+003;7.542385e-002
1.552481e+003;7.568681e-002
1.552963e+003;7.595862e-002
1.553445e+003;7.623605e-002
1.553927e+003;7.651232e-002
1.554410e+003;7.677995e-002
1.554892e+003;7.703414e-002
1.555374e+003;7.727646e-002
1.555856e+003;7.751546e-002
1.556338e+003;7.776497e-002
1.556820e+003;7.804033e-002
1.557302e+003;7.835378e-002
1.557785e+003;7.870917e-002
1.558267e+003;7.910065e-002
1.558749e+003;7.951193e-002
1.559231e+003;7.992185e-002
1.559713e+003;8.031035e-002
1.560195e+003;8.066462e-002
1.560677e+003;8.098232e-002
1.561160e+003;8.127064e-002
1.561642e+003;8.154391e-002
1.562124e+003;8.181812e-002
1.562606e+003;8.210766e-002
1.563088e+003;8.242187e-002
1.563570e+003;8.276390e-002
1.564052e+003;8.313067e-002
1.564535e+003;8.351420e-002
1.565017e+003;8.390450e-002
1.565499e+003;8.429337e-002
1.565981e+003;8.467501e-002
1.566463e+003;8.504908e-002
1.566945e+003;8.541839e-002
1.567427e+003;8.578985e-002
1.567910e+003;8.617081e-002
1.568392e+003;8.656707e-002
1.568874e+003;8.698166e-002
1.569356e+003;8.741363e-002
1.569838e+003;8.785831e-002
1.570320e+003;8.830898e-002
1.570802e+003;8.875903e-002
1.571284e+003;8.920334e-002
1.571767e+003;8.964083e-002
1.572249e+003;9.007376e-002
1.572731e+003;9.050810e-002
1.573213e+003;9.095255e-002
1.573695e+003;9.141612e-002
1.574177e+003;9.190595e-002
1.574659e+003;9.242593e-002
1.575142e+003;9.297551e-002
1.575624e+003;9.354842e-002
1.576106e+003;9.413513e-002
1.576588e+003;9.472561e-002
1.577070e+003;9.531127e-002
1.577552e+003;9.588869e-002
1.578034e+003;9.645882e-002
1.578516e+003;9.702658e-002
1.578999e+003;9.759852e-002
1.579481e+003;9.818005e-002
1.579963e+003;9.877503e-002
1.580445e+003;9.938386e-002
1.580927e+003;1.000052e-001
1.581409e+003;1.006376e-001
1.581891e+003;1.012795e-001
1.582374e+003;1.019319e-001
1.582856e+003;1.025968e-001
1.583338e+003;1.032758e-001
1.583820e+003;1.039709e-001
1.584302e+003;1.046810e-001
1.584784e+003;1.054038e-001
1.585266e+003;1.061365e-001
1.585749e+003;1.068761e-001
1.586231e+003;1.076217e-001
1.586713e+003;1.083743e-001
1.587195e+003;1.091363e-001
1.587677e+003;1.099111e-001
1.588159e+003;1.107009e-001
1.588641e+003;1.115077e-001
1.589124e+003;1.123317e-001
1.589606e+003;1.131727e-001
1.590088e+003;1.140292e-001
1.590570e+003;1.148999e-001
1.591052e+003;1.157831e-001
1.591534e+003;1.166767e-001
1.592016e+003;1.175794e-001
1.592499e+003;1.184903e-001
1.592981e+003;1.194101e-001
1.593463e+003;1.203417e-001
1.593945e+003;1.212889e-001
1.594427e+003;1.222565e-001
1.594909e+003;1.232478e-001
1.595391e+003;1.242640e-001
1.595873e+003;1.253033e-001
1.596356e+003;1.263625e-001
1.596838e+003;1.274372e-001
1.597320e+003;1.285243e-001
1.597802e+003;1.296226e-001
1.598284e+003;1.307328e-001
1.598766e+003;1.318573e-001
1.599248e+003;1.329978e-001
1.599731e+003;1.341549e-001
1.600213e+003;1.353280e-001
1.600695e+003;1.365155e-001
1.601177e+003;1.377161e-001
1.601659e+003;1.389295e-001
1.602141e+003;1.401572e-001
1.602623e+003;1.414007e-001
1.603105e+003;1.426615e-001
1.603588e+003;1.439391e-001
1.604070e+003;1.452321e-001
1.604552e+003;1.465388e-001
1.605034e+003;1.478575e-001
1.605516e+003;1.491882e-001
1.605998e+003;1.505321e-001
1.606480e+003;1.518909e-001
1.606963e+003;1.532654e-001
1.607445e+003;1.546549e-001
1.607927e+003;1.560563e-001
1.608409e+003;1.574673e-001
1.608891e+003;1.588851e-001
1.609373e+003;1.603093e-001
1.609855e+003;1.617411e-001
1.610338e+003;1.631820e-001
1.610820e+003;1.646307e-001
1.611302e+003;1.660834e-001
1.611784e+003;1.675337e-001
1.612266e+003;1.689747e-001
1.612748e+003;1.704034e-001
1.613230e+003;1.718217e-001
1.613713e+003;1.732383e-001
1.614195e+003;1.746656e-001
1.614677e+003;1.761152e-001
1.615159e+003;1.775936e-001
1.615641e+003;1.790978e-001
1.616123e+003;1.806151e-001
1.616605e+003;1.821266e-001
1.617088e+003;1.836125e-001
1.617570e+003;1.850586e-001
1.618052e+003;1.864596e-001
1.618534e+003;1.878190e-001
1.619016e+003;1.891453e-001
1.619498e+003;1.904484e-001
1.619980e+003;1.917367e-001
1.620462e+003;1.930139e-001
1.620945e+003;1.942807e-001
1.621427e+003;1.955353e-001
1.621909e+003;1.967749e-001
1.622391e+003;1.979957e-001
1.622873e+003;1.991932e-001
1.623355e+003;2.003619e-001
1.623837e+003;2.014960e-001
1.624320e+003;2.025901e-001
1.624802e+003;2.036407e-001
1.625284e+003;2.046476e-001
1.625766e+003;2.056139e-001
1.626248e+003;2.065428e-001
1.626730e+003;2.074361e-001
1.627212e+003;2.082933e-001
1.627694e+003;2.091091e-001
1.628177e+003;2.098768e-001
1.628659e+003;2.105896e-001
1.629141e+003;2.112439e-001
1.629623e+003;2.118397e-001
1.630105e+003;2.123804e-001
1.630587e+003;2.128701e-001
1.631069e+003;2.133124e-001
1.631552e+003;2.137089e-001
1.632034e+003;2.140598e-001
1.632516e+003;2.143667e-001
1.632998e+003;2.146338e-001
1.633480e+003;2.148672e-001
1.633962e+003;2.150736e-001
1.634444e+003;2.152558e-001
1.634927e+003;2.154107e-001
1.635409e+003;2.155276e-001
1.635891e+003;2.155916e-001
1.636373e+003;2.155892e-001
1.636855e+003;2.155131e-001
1.637337e+003;2.153656e-001
1.637819e+003;2.151568e-001
1.638302e+003;2.149004e-001
1.638784e+003;2.146079e-001
1.639266e+003;2.142847e-001
1.639748e+003;2.139293e-001
1.640230e+003;2.135350e-001
1.640712e+003;2.130949e-001
1.641194e+003;2.126060e-001
1.641677e+003;2.120707e-001
1.642159e+003;2.114957e-001
1.642641e+003;2.108907e-001
1.643123e+003;2.102624e-001
1.643605e+003;2.096152e-001
1.644087e+003;2.089491e-001
1.644569e+003;2.082625e-001
1.645051e+003;2.075537e-001
1.645534e+003;2.068209e-001
1.646016e+003;2.060630e-001
1.646498e+003;2.052770e-001
1.646980e+003;2.044576e-001
1.647462e+003;2.035979e-001
1.647944e+003;2.026928e-001
1.648426e+003;2.017419e-001
1.648909e+003;2.007519e-001
1.649391e+003;1.997352e-001
1.649873e+003;1.987077e-001
1.650355e+003;1.976842e-001
1.650837e+003;1.966737e-001
1.651319e+003;1.956764e-001
1.651801e+003;1.946854e-001
1.652283e+003;1.936871e-001
1.652766e+003;1.926688e-001
1.653248e+003;1.916220e-001
1.653730e+003;1.905441e-001
1.654212e+003;1.894386e-001
1.654694e+003;1.883110e-001
1.655176e+003;1.871662e-001
1.655658e+003;1.860079e-001
1.656141e+003;1.848380e-001
1.656623e+003;1.836585e-001
1.657105e+003;1.824728e-001
1.657587e+003;1.812850e-001
1.658069e+003;1.800980e-001
1.658551e+003;1.789132e-001
1.659033e+003;1.777293e-001
1.659516e+003;1.765423e-001
1.659998e+003;1.753487e-001
1.660480e+003;1.741460e-001
1.660962e+003;1.729349e-001
1.661444e+003;1.717178e-001
1.661926e+003;1.704971e-001
1.662408e+003;1.692746e-001
1.662891e+003;1.680493e-001
1.663373e+003;1.668195e-001
1.663855e+003;1.655834e-001
1.664337e+003;1.643420e-001
1.664819e+003;1.630995e-001
1.665301e+003;1.618614e-001
1.665783e+003;1.606335e-001
1.666266e+003;1.594188e-001
1.666748e+003;1.582166e-001
1.667230e+003;1.570233e-001
1.667712e+003;1.558327e-001
1.668194e+003;1.546399e-001
1.668676e+003;1.534424e-001
1.669158e+003;1.522394e-001
1.669640e+003;1.510323e-001
1.670123e+003;1.498224e-001
1.670605e+003;1.486098e-001
1.671087e+003;1.473955e-001
1.671569e+003;1.461812e-001
1.672051e+003;1.449701e-001
1.672533e+003;1.437668e-001
1.673015e+003;1.425755e-001
1.673498e+003;1.413972e-001
1.673980e+003;1.402283e-001
1.674462e+003;1.390619e-001
1.674944e+003;1.378897e-001
1.675426e+003;1.367062e-001
1.675908e+003;1.355114e-001
1.676390e+003;1.343130e-001
1.676872e+003;1.331218e-001
1.677355e+003;1.319481e-001
1.677837e+003;1.307969e-001
1.678319e+003;1.296657e-001
1.678801e+003;1.285452e-001
1.679283e+003;1.274238e-001
1.679765e+003;1.262920e-001
1.680247e+003;1.251477e-001
1.680730e+003;1.239965e-001
1.681212e+003;1.228498e-001
1.681694e+003;1.217205e-001
1.682176e+003;1.206171e-001
1.682658e+003;1.195424e-001
1.683140e+003;1.184914e-001
1.683622e+003;1.174537e-001
1.684104e+003;1.164174e-001
1.684587e+003;1.153725e-001
1.685069e+003;1.143146e-001
1.685551e+003;1.132429e-001
1.686033e+003;1.121610e-001
1.686515e+003;1.110736e-001
1.686997e+003;1.099865e-001
1.687479e+003;1.089048e-001
1.687962e+003;1.078335e-001
1.688444e+003;1.067762e-001
1.688926e+003;1.057352e-001
1.689408e+003;1.047093e-001
1.689890e+003;1.036949e-001
1.690372e+003;1.026867e-001
1.690854e+003;1.016793e-001
1.691337e+003;1.006706e-001
1.691819e+003;9.966259e-002
1.692301e+003;9.866196e-002
1.692783e+003;9.767672e-002
1.693265e+003;9.671555e-002
1.693747e+003;9.578250e-002
1.694229e+003;9.487607e-002
1.694712e+003;9.398887e-002
1.695194e+003;9.310942e-002
1.695676e+003;9.222636e-002
1.696158e+003;9.133182e-002
1.696640e+003;9.042419e-002
1.697122e+003;8.950810e-002
1.697604e+003;8.859323e-002
1.698087e+003;8.769065e-002
1.698569e+003;8.681005e-002
1.699051e+003;8.595637e-002
1.699533e+003;8.512907e-002
1.700015e+003;8.432180e-002
1.700497e+003;8.352486e-002
1.700979e+003;8.272728e-002
1.701461e+003;8.192173e-002
1.701944e+003;8.110640e-002
1.702426e+003;8.028507e-002
1.702908e+003;7.946578e-002
1.703390e+003;7.865754e-002
1.703872e+003;7.786718e-002
1.704354e+003;7.709781e-002
1.704836e+003;7.634801e-002
1.705319e+003;7.561248e-002
1.705801e+003;7.488546e-002
1.706283e+003;7.416321e-002
1.706765e+003;7.344481e-002
1.707247e+003;7.273275e-002
1.707729e+003;7.203055e-002
1.708211e+003;7.134081e-002
1.708693e+003;7.066309e-002
1.709176e+003;6.999575e-002
1.709658e+003;6.933547e-002
1.710140e+003;6.868079e-002
1.710622e+003;6.803199e-002
1.711104e+003;6.739241e-002
1.711586e+003;6.676534e-002
1.712068e+003;6.615364e-002
1.712551e+003;6.555607e-002
1.713033e+003;6.496976e-002
1.713515e+003;6.438965e-002
1.713997e+003;6.381260e-002
1.714479e+003;6.323787e-002
1.714961e+003;6.266852e-002
1.715443e+003;6.210887e-002
1.715926e+003;6.156325e-002
1.716408e+003;6.103273e-002
1.716890e+003;6.051465e-002
1.717372e+003;6.000393e-002
1.717854e+003;5.949531e-002
1.718336e+003;5.898549e-002
1.718818e+003;5.847479e-002
1.719301e+003;5.796660e-002
1.719783e+003;5.746493e-002
1.720265e+003;5.697286e-002
1.720747e+003;5.649090e-002
1.721229e+003;5.601800e-002
1.721711e+003;5.555148e-002
1.722193e+003;5.508987e-002
1.722676e+003;5.463320e-002
1.723158e+003;5.418276e-002
1.723640e+003;5.374106e-002
1.724122e+003;5.330926e-002
1.724604e+003;5.288717e-002
1.725086e+003;5.247300e-002
1.725568e+003;5.206520e-002
1.726050e+003;5.166268e-002
1.726533e+003;5.126580e-002
1.727015e+003;5.087521e-002
1.727497e+003;5.049141e-002
1.727979e+003;5.011330e-002
1.728461e+003;4.973780e-002
1.728943e+003;4.936137e-002
1.729425e+003;4.898181e-002
1.729908e+003;4.859992e-002
1.730390e+003;4.822014e-002
1.730872e+003;4.784946e-002
1.731354e+003;4.749532e-002
1.731836e+003;4.716314e-002
1.732318e+003;4.685349e-002
1.732800e+003;4.656266e-002
1.733282e+003;4.628344e-002
1.733765e+003;4.600644e-002
1.734247e+003;4.572451e-002
1.734729e+003;4.543264e-002
1.735211e+003;4.513131e-002
1.735693e+003;4.482367e-002
1.736175e+003;4.451402e-002
1.736657e+003;4.420799e-002
1.737140e+003;4.391016e-002
1.737622e+003;4.362332e-002
1.738104e+003;4.334803e-002
1.738586e+003;4.308280e-002
1.739068e+003;4.282406e-002
1.739550e+003;4.256720e-002
1.740032e+003;4.230792e-002
1.740515e+003;4.204378e-002
1.740997e+003;4.177561e-002
1.741479e+003;4.150624e-002
1.741961e+003;4.124022e-002
1.742443e+003;4.098153e-002
1.742925e+003;4.073254e-002
1.743407e+003;4.049196e-002
1.743890e+003;4.025688e-002
1.744372e+003;4.002368e-002
1.744854e+003;3.979056e-002
1.745336e+003;3.955762e-002
1.745818e+003;3.932712e-002
1.746300e+003;3.910217e-002
1.746782e+003;3.888496e-002
1.747265e+003;3.867482e-002
1.747747e+003;3.846871e-002
1.748229e+003;3.826333e-002
1.748711e+003;3.805588e-002
1.749193e+003;3.784654e-002
1.749675e+003;3.763741e-002
1.750157e+003;3.743203e-002
1.750639e+003;3.723251e-002
1.751122e+003;3.703855e-002
1.751604e+003;3.684629e-002
1.752086e+003;3.665099e-002
1.752568e+003;3.644856e-002
1.753050e+003;3.623828e-002
1.753532e+003;3.602258e-002
1.754014e+003;3.580731e-002
1.754497e+003;3.559844e-002
1.754979e+003;3.540017e-002
1.755461e+003;3.521306e-002
1.755943e+003;3.503459e-002
1.756425e+003;3.486119e-002
1.756907e+003;3.468858e-002
1.757389e+003;3.451543e-002
1.757871e+003;3.434338e-002
1.758354e+003;3.417518e-002
1.758836e+003;3.401374e-002
1.759318e+003;3.386139e-002
1.759800e+003;3.371824e-002
1.760282e+003;3.358267e-002
1.760764e+003;3.345130e-002
1.761246e+003;3.332110e-002
1.761729e+003;3.318872e-002
1.762211e+003;3.305123e-002
1.762693e+003;3.290642e-002
1.763175e+003;3.275438e-002
1.763657e+003;3.259624e-002
1.764139e+003;3.243651e-002
1.764621e+003;3.228125e-002
1.765104e+003;3.213667e-002
1.765586e+003;3.200753e-002
1.766068e+003;3.189364e-002
1.766550e+003;3.179142e-002
1.767032e+003;3.169198e-002
1.767514e+003;3.158576e-002
1.767996e+003;3.146633e-002
1.768479e+003;3.133158e-002
1.768961e+003;3.118671e-002
1.769443e+003;3.104093e-002
1.769925e+003;3.090456e-002
1.770407e+003;3.078549e-002
1.770889e+003;3.068498e-002
1.771371e+003;3.059940e-002
1.771854e+003;3.051964e-002
1.772336e+003;3.043642e-002
1.772818e+003;3.034235e-002
1.773300e+003;3.023485e-002
1.773782e+003;3.011630e-002
1.774264e+003;2.999172e-002
1.774746e+003;2.986764e-002
1.775228e+003;2.974951e-002
1.775711e+003;2.964091e-002
1.776193e+003;2.954366e-002
1.776675e+003;2.945809e-002
1.777157e+003;2.938265e-002
1.777639e+003;2.931469e-002
1.778121e+003;2.924988e-002
1.778603e+003;2.918425e-002
1.779086e+003;2.911332e-002
1.779568e+003;2.903408e-002
1.780050e+003;2.894722e-002
1.780532e+003;2.885517e-002
1.781014e+003;2.876278e-002
1.781496e+003;2.867487e-002
1.781978e+003;2.859478e-002
1.782460e+003;2.852309e-002
1.782943e+003;2.845762e-002
1.783425e+003;2.839427e-002
1.783907e+003;2.832819e-002
1.784389e+003;2.825699e-002
1.784871e+003;2.817961e-002
1.785353e+003;2.809748e-002
1.785835e+003;2.801347e-002
1.786318e+003;2.792985e-002
1.786800e+003;2.784926e-002
1.787282e+003;2.777348e-002
1.787764e+003;2.770307e-002
1.788246e+003;2.763839e-002
1.788728e+003;2.757896e-002
1.789210e+003;2.752418e-002
1.789693e+003;2.747243e-002
1.790175e+003;2.742214e-002
1.790657e+003;2.737113e-002
1.791139e+003;2.731820e-002
1.791621e+003;2.726358e-002
1.792103e+003;2.720751e-002
1.792585e+003;2.715105e-002
1.793068e+003;2.709407e-002
1.793550e+003;2.703558e-002
1.794032e+003;2.697325e-002
1.794514e+003;2.690460e-002
1.794996e+003;2.682848e-002
1.795478e+003;2.674567e-002
1.795960e+003;2.665913e-002
1.796442e+003;2.657322e-002
1.796925e+003;2.649288e-002
1.797407e+003;2.642150e-002
1.797889e+003;2.636068e-002
1.798371e+003;2.631068e-002
1.798853e+003;2.626990e-002
1.799335e+003;2.623674e-002
1.799817e+003;2.620924e-002
1.800300e+003;2.618560e-002
1.800782e+003;2.616374e-002
1.801264e+003;2.614001e-002
1.801746e+003;2.611096e-002
1.802228e+003;2.607343e-002
1.802710e+003;2.602532e-002
1.803192e+003;2.596675e-002
1.803674e+003;2.589993e-002
1.804157e+003;2.582827e-002
1.804639e+003;2.575533e-002
1.805121e+003;2.568396e-002
1.805603e+003;2.561498e-002
1.806085e+003;2.554837e-002
1.806567e+003;2.548364e-002
1.807049e+003;2.542011e-002
1.807532e+003;2.535774e-002
1.808014e+003;2.529595e-002
1.808496e+003;2.523432e-002
1.808978e+003;2.517105e-002
1.809460e+003;2.510402e-002
1.809942e+003;2.503190e-002
1.810424e+003;2.495410e-002
1.810906e+003;2.487230e-002
1.811389e+003;2.478867e-002
1.811871e+003;2.470457e-002
1.812353e+003;2.462062e-002
1.812835e+003;2.453489e-002
1.813317e+003;2.444486e-002
1.813799e+003;2.434864e-002
1.814281e+003;2.424816e-002
1.814764e+003;2.414982e-002
1.815246e+003;2.406371e-002
1.815728e+003;2.400156e-002
1.816210e+003;2.397307e-002
1.816692e+003;2.398173e-002
1.817174e+003;2.402410e-002
1.817656e+003;2.409026e-002
1.818139e+003;2.416665e-002
1.818621e+003;2.424085e-002
1.819103e+003;2.430210e-002
1.819585e+003;2.434522e-002
1.820067e+003;2.436822e-002
1.820549e+003;2.437243e-002
1.821031e+003;2.436003e-002
1.821514e+003;2.433356e-002
1.821996e+003;2.429667e-002
1.822478e+003;2.425366e-002
1.822960e+003;2.420938e-002
1.823442e+003;2.416788e-002
1.823924e+003;2.413128e-002
1.824406e+003;2.409865e-002
1.824889e+003;2.406581e-002
1.825371e+003;2.402865e-002
1.825853e+003;2.398330e-002
1.826335e+003;2.393045e-002
1.826817e+003;2.387425e-002
1.827299e+003;2.382291e-002
1.827781e+003;2.378370e-002
1.828263e+003;2.376176e-002
1.828746e+003;2.375673e-002
1.829228e+003;2.376311e-002
1.829710e+003;2.377231e-002
1.830192e+003;2.377526e-002
1.830674e+003;2.376584e-002
1.831156e+003;2.374234e-002
1.831638e+003;2.370808e-002
1.832121e+003;2.366960e-002
1.832603e+003;2.363436e-002
1.833085e+003;2.360942e-002
1.833567e+003;2.359910e-002
1.834049e+003;2.360443e-002
1.834531e+003;2.362222e-002
1.835013e+003;2.364578e-002
1.835495e+003;2.366578e-002
1.835978e+003;2.367312e-002
1.836460e+003;2.365978e-002
1.836942e+003;2.362361e-002
1.837424e+003;2.356791e-002
1.837906e+003;2.350191e-002
1.838388e+003;2.343731e-002
1.838870e+003;2.338574e-002
1.839353e+003;2.335409e-002
1.839835e+003;2.334302e-002
1.840317e+003;2.334794e-002
1.840799e+003;2.336172e-002
1.841281e+003;2.337814e-002
1.841763e+003;2.339456e-002
1.842245e+003;2.341244e-002
1.842728e+003;2.343397e-002
1.843210e+003;2.346155e-002
1.843692e+003;2.349235e-002
1.844174e+003;2.351938e-002
1.844656e+003;2.353340e-002
1.845138e+003;2.352746e-002
1.845620e+003;2.349923e-002
1.846103e+003;2.345397e-002
1.846585e+003;2.340112e-002
1.847067e+003;2.335179e-002
1.847549e+003;2.331408e-002
1.848031e+003;2.329016e-002
1.848513e+003;2.327744e-002
1.848995e+003;2.326920e-002
1.849478e+003;2.325988e-002
1.849960e+003;2.324657e-002
1.850442e+003;2.322997e-002
1.850924e+003;2.321368e-002
1.851406e+003;2.320135e-002
1.851888e+003;2.319501e-002
1.852370e+003;2.319423e-002
1.852852e+003;2.319622e-002
1.853335e+003;2.319828e-002
1.853817e+003;2.319837e-002
1.854299e+003;2.319536e-002
1.854781e+003;2.318887e-002
1.855263e+003;2.317648e-002
1.855745e+003;2.315656e-002
1.856227e+003;2.312637e-002
1.856710e+003;2.308635e-002
1.857192e+003;2.303948e-002
1.857674e+003;2.299264e-002
1.858156e+003;2.295363e-002
1.858638e+003;2.292923e-002
1.859120e+003;2.292060e-002
1.859602e+003;2.292490e-002
1.860084e+003;2.293382e-002
1.860567e+003;2.293970e-002
1.861049e+003;2.293715e-002
1.861531e+003;2.292627e-002
1.862013e+003;2.291254e-002
1.862495e+003;2.290362e-002
1.862977e+003;2.290567e-002
1.863459e+003;2.292176e-002
1.863942e+003;2.294942e-002
1.864424e+003;2.298326e-002
1.864906e+003;2.301577e-002
1.865388e+003;2.304093e-002
1.865870e+003;2.305566e-002
1.866352e+003;2.305818e-002
1.866834e+003;2.304868e-002
1.867317e+003;2.302834e-002
1.867799e+003;2.299850e-002
1.868281e+003;2.296305e-002
1.868763e+003;2.292789e-002
1.869245e+003;2.290125e-002
1.869727e+003;2.289027e-002
1.870209e+003;2.289949e-002
1.870692e+003;2.292751e-002
1.871174e+003;2.296786e-002
1.871656e+003;2.301059e-002
1.872138e+003;2.304625e-002
1.872620e+003;2.306968e-002
1.873102e+003;2.308143e-002
1.873584e+003;2.308673e-002
1.874067e+003;2.309344e-002
1.874549e+003;2.310583e-002
1.875031e+003;2.312450e-002
1.875513e+003;2.314489e-002
1.875995e+003;2.316108e-002
1.876477e+003;2.316843e-002
1.876959e+003;2.316664e-002
1.877441e+003;2.315992e-002
1.877924e+003;2.315403e-002
1.878406e+003;2.315350e-002
1.878888e+003;2.315970e-002
1.879370e+003;2.316885e-002
1.879852e+003;2.317575e-002
1.880334e+003;2.317657e-002
1.880816e+003;2.317007e-002
1.881299e+003;2.315941e-002
1.881781e+003;2.314963e-002
1.882263e+003;2.314369e-002
1.882745e+003;2.314172e-002
1.883227e+003;2.313898e-002
1.883709e+003;2.313040e-002
1.884191e+003;2.311230e-002
1.884673e+003;2.308564e-002
1.885156e+003;2.305622e-002
1.885638e+003;2.303371e-002
1.886120e+003;2.302571e-002
1.886602e+003;2.303578e-002
1.887084e+003;2.306135e-002
1.887566e+003;2.309663e-002
1.888048e+003;2.313323e-002
1.888531e+003;2.316495e-002
1.889013e+003;2.318959e-002
1.889495e+003;2.320788e-002
1.889977e+003;2.322211e-002
1.890459e+003;2.323461e-002
1.890941e+003;2.324543e-002
1.891423e+003;2.325516e-002
1.891906e+003;2.326496e-002
1.892388e+003;2.327805e-002
1.892870e+003;2.329824e-002
1.893352e+003;2.332799e-002
1.893834e+003;2.336498e-002
1.894316e+003;2.340102e-002
1.894798e+003;2.342364e-002
1.895281e+003;2.342069e-002
1.895763e+003;2.338522e-002
1.896245e+003;2.332058e-002
1.896727e+003;2.324059e-002
1.897209e+003;2.316697e-002
1.897691e+003;2.312074e-002
1.898173e+003;2.311665e-002
1.898656e+003;2.315746e-002
1.899138e+003;2.323473e-002
1.899620e+003;2.333166e-002
1.900102e+003;2.342949e-002
1.900584e+003;2.351350e-002
1.901066e+003;2.357734e-002
1.901548e+003;2.362073e-002
1.902030e+003;2.364857e-002
1.902513e+003;2.366683e-002
1.902995e+003;2.367912e-002
1.903477e+003;2.368571e-002
1.903959e+003;2.368456e-002
1.904441e+003;2.367245e-002
1.904923e+003;2.364753e-002
1.905405e+003;2.361057e-002
1.905888e+003;2.356346e-002
1.906370e+003;2.351093e-002
1.906852e+003;2.346013e-002
1.907334e+003;2.341789e-002
1.907816e+003;2.339116e-002
1.908298e+003;2.338505e-002
1.908780e+003;2.340214e-002
1.909262e+003;2.344078e-002
1.909745e+003;2.349637e-002
1.910227e+003;2.356241e-002
1.910709e+003;2.363264e-002
1.911191e+003;2.370291e-002
1.911673e+003;2.377088e-002
1.912155e+003;2.383594e-002
1.912637e+003;2.389687e-002
1.913120e+003;2.394935e-002
1.913602e+003;2.398743e-002
1.914084e+003;2.400418e-002
1.914566e+003;2.399625e-002
1.915048e+003;2.396552e-002
1.915530e+003;2.392106e-002
1.916012e+003;2.387658e-002
1.916495e+003;2.384501e-002
1.916977e+003;2.383460e-002
1.917459e+003;2.384354e-002
1.917941e+003;2.386229e-002
1.918423e+003;2.387738e-002
1.918905e+003;2.387638e-002
1.919387e+003;2.385541e-002
1.919870e+003;2.381951e-002
1.920352e+003;2.378202e-002
1.920834e+003;2.375892e-002
1.921316e+003;2.376298e-002
1.921798e+003;2.379804e-002
1.922280e+003;2.385984e-002
1.922762e+003;2.393519e-002
1.923245e+003;2.401091e-002
1.923727e+003;2.407400e-002
1.924209e+003;2.411888e-002
1.924691e+003;2.414612e-002
1.925173e+003;2.416307e-002
1.925655e+003;2.417871e-002
1.926137e+003;2.420408e-002
1.926619e+003;2.424576e-002
1.927102e+003;2.430664e-002
1.927584e+003;2.438308e-002
1.928066e+003;2.446792e-002
1.928548e+003;2.454871e-002
1.929030e+003;2.461363e-002
1.929512e+003;2.465283e-002
1.929994e+003;2.466353e-002
1.930477e+003;2.464954e-002
1.930959e+003;2.462176e-002
1.931441e+003;2.459377e-002
1.931923e+003;2.457783e-002
1.932405e+003;2.458066e-002
1.932887e+003;2.460315e-002
1.933369e+003;2.464122e-002
1.933851e+003;2.469118e-002
1.934334e+003;2.475166e-002
1.934816e+003;2.482505e-002
1.935298e+003;2.491538e-002
1.935780e+003;2.502493e-002
1.936262e+003;2.514862e-002
1.936744e+003;2.527503e-002
1.937226e+003;2.538796e-002
1.937709e+003;2.547408e-002
1.938191e+003;2.552728e-002
1.938673e+003;2.555344e-002
1.939155e+003;2.556754e-002
1.939637e+003;2.558728e-002
1.940119e+003;2.562465e-002
1.940601e+003;2.568147e-002
1.941083e+003;2.574798e-002
1.941566e+003;2.580817e-002
1.942048e+003;2.584802e-002
1.942530e+003;2.586174e-002
1.943012e+003;2.585508e-002
1.943494e+003;2.584396e-002
1.943976e+003;2.584380e-002
1.944458e+003;2.586729e-002
1.944941e+003;2.591576e-002
1.945423e+003;2.598334e-002
1.945905e+003;2.606019e-002
1.946387e+003;2.613895e-002
1.946869e+003;2.621636e-002
1.947351e+003;2.629619e-002
1.947833e+003;2.638067e-002
1.948316e+003;2.647032e-002
1.948798e+003;2.655843e-002
1.949280e+003;2.663464e-002
1.949762e+003;2.668837e-002
1.950244e+003;2.671357e-002
1.950726e+003;2.671191e-002
1.951208e+003;2.669376e-002
1.951691e+003;2.666958e-002
1.952173e+003;2.664948e-002
1.952655e+003;2.663462e-002
1.953137e+003;2.662070e-002
1.953619e+003;2.660062e-002
1.954101e+003;2.656843e-002
1.954583e+003;2.652367e-002
1.955066e+003;2.647354e-002
1.955548e+003;2.642880e-002
1.956030e+003;2.640202e-002
1.956512e+003;2.640344e-002
1.956994e+003;2.644152e-002
1.957476e+003;2.652037e-002
1.957958e+003;2.664337e-002
1.958440e+003;2.680964e-002
1.958923e+003;2.701722e-002
1.959405e+003;2.725578e-002
1.959887e+003;2.751317e-002
1.960369e+003;2.777108e-002
1.960851e+003;2.801591e-002
1.961333e+003;2.823773e-002
1.961815e+003;2.843647e-002
1.962298e+003;2.861429e-002
1.962780e+003;2.877576e-002
1.963262e+003;2.891424e-002
1.963744e+003;2.901868e-002
1.964226e+003;2.906903e-002
1.964708e+003;2.905193e-002
1.965190e+003;2.896420e-002
1.965672e+003;2.882423e-002
1.966155e+003;2.866582e-002
1.966637e+003;2.853209e-002
1.967119e+003;2.845896e-002
1.967601e+003;2.846385e-002
1.968083e+003;2.853973e-002
1.968565e+003;2.866293e-002
1.969047e+003;2.879963e-002
1.969530e+003;2.892379e-002
1.970012e+003;2.902061e-002
1.970494e+003;2.909026e-002
1.970976e+003;2.913629e-002
1.971458e+003;2.916160e-002
1.971940e+003;2.915832e-002
1.972422e+003;2.911501e-002
1.972905e+003;2.902082e-002
1.973387e+003;2.888237e-002
1.973869e+003;2.872879e-002
1.974351e+003;2.861371e-002
1.974833e+003;2.860053e-002
1.975315e+003;2.874693e-002
1.975797e+003;2.908308e-002
1.976280e+003;2.960170e-002
1.976762e+003;3.025405e-002
1.977244e+003;3.096118e-002
1.977726e+003;3.163286e-002
1.978208e+003;3.219349e-002
1.978690e+003;3.259131e-002
1.979172e+003;3.281185e-002
1.979655e+003;3.287137e-002
1.980137e+003;3.280848e-002
1.980619e+003;3.266976e-002
1.981101e+003;3.250244e-002
1.981583e+003;3.234051e-002
1.982065e+003;3.220799e-002
1.982547e+003;3.210808e-002
1.983029e+003;3.203324e-002
1.983512e+003;3.196647e-002
1.983994e+003;3.188971e-002
1.984476e+003;3.178966e-002
1.984958e+003;3.166228e-002
1.985440e+003;3.151200e-002
1.985922e+003;3.134856e-002
1.986404e+003;3.118391e-002
1.986887e+003;3.102939e-002
1.987369e+003;3.089338e-002
1.987851e+003;3.078565e-002
1.988333e+003;3.071297e-002
1.988815e+003;3.068245e-002
1.989297e+003;3.069508e-002
1.989779e+003;3.074624e-002
1.990261e+003;3.081970e-002
1.990744e+003;3.089293e-002
1.991226e+003;3.094007e-002
1.991708e+003;3.094414e-002
1.992190e+003;3.089978e-002
1.992672e+003;3.081810e-002
1.993154e+003;3.072291e-002
1.993636e+003;3.063966e-002
1.994119e+003;3.058861e-002
1.994601e+003;3.057643e-002
1.995083e+003;3.059553e-002
1.995565e+003;3.063018e-002
1.996047e+003;3.066177e-002
1.996529e+003;3.067775e-002
1.997011e+003;3.067240e-002
1.997494e+003;3.064799e-002
1.997976e+003;3.060855e-002
1.998458e+003;3.055962e-002
1.998940e+003;3.050271e-002
1.999422e+003;3.044104e-002
1.999904e+003;3.037907e-002
2.000386e+003;3.032407e-002
2.000869e+003;3.028237e-002
2.001351e+003;3.025670e-002
2.001833e+003;3.023851e-002
2.002315e+003;3.021248e-002
2.002797e+003;3.015854e-002
2.003279e+003;3.006657e-002
2.003761e+003;2.994194e-002
2.004244e+003;2.981319e-002
2.004726e+003;2.972579e-002
2.005208e+003;2.973053e-002
2.005690e+003;2.986167e-002
2.006172e+003;3.012671e-002
2.006654e+003;3.049600e-002
2.007136e+003;3.091528e-002
2.007618e+003;3.132048e-002
2.008101e+003;3.166050e-002
2.008583e+003;3.190630e-002
2.009065e+003;3.205883e-002
2.009547e+003;3.213685e-002
2.010029e+003;3.216992e-002
2.010511e+003;3.218393e-002
2.010993e+003;3.220021e-002
2.011476e+003;3.223221e-002
2.011958e+003;3.228351e-002
2.012440e+003;3.235220e-002
2.012922e+003;3.242848e-002
2.013404e+003;3.249316e-002
2.013886e+003;3.252199e-002
2.014368e+003;3.248822e-002
2.014850e+003;3.237960e-002
2.015333e+003;3.220090e-002
2.015815e+003;3.198218e-002
2.016297e+003;3.176915e-002
2.016779e+003;3.160956e-002
2.017261e+003;3.153507e-002
2.017743e+003;3.155030e-002
2.018225e+003;3.163160e-002
2.018708e+003;3.174062e-002
2.019190e+003;3.183769e-002
2.019672e+003;3.190394e-002
2.020154e+003;3.194140e-002
2.020636e+003;3.197430e-002
2.021118e+003;3.202617e-002
2.021600e+003;3.211003e-002
2.022083e+003;3.221616e-002
2.022565e+003;3.232069e-002
2.023047e+003;3.239558e-002
2.023529e+003;3.242848e-002
2.024011e+003;3.242842e-002
2.024493e+003;3.242953e-002
2.024975e+003;3.246719e-002
2.025458e+003;3.256789e-002
2.025940e+003;3.272821e-002
2.026422e+003;3.291894e-002
2.026904e+003;3.309384e-002
2.027386e+003;3.321318e-002
2.027868e+003;3.325952e-002
2.028350e+003;3.325228e-002
2.028833e+003;3.323380e-002
2.029315e+003;3.325867e-002
2.029797e+003;3.336561e-002
2.030279e+003;3.357093e-002
2.030761e+003;3.385694e-002
2.031243e+003;3.418562e-002
2.031725e+003;3.450954e-002
2.032207e+003;3.479127e-002
2.032690e+003;3.500707e-002
2.033172e+003;3.515297e-002
2.033654e+003;3.523676e-002
2.034136e+003;3.527113e-002
2.034618e+003;3.526926e-002
2.035100e+003;3.524463e-002
2.035582e+003;3.521241e-002
2.036065e+003;3.519344e-002
2.036547e+003;3.521055e-002
2.037029e+003;3.528231e-002
2.037511e+003;3.541833e-002
2.037993e+003;3.561228e-002
2.038475e+003;3.583864e-002
2.038957e+003;3.605988e-002
2.039439e+003;3.623376e-002
2.039922e+003;3.632957e-002
2.040404e+003;3.633477e-002
2.040886e+003;3.626319e-002
2.041368e+003;3.615543e-002
2.041850e+003;3.606525e-002
2.042332e+003;3.604951e-002
2.042814e+003;3.614798e-002
2.043297e+003;3.637268e-002
2.043779e+003;3.670310e-002
2.044261e+003;3.709256e-002
2.044743e+003;3.748285e-002
2.045225e+003;3.782278e-002
2.045707e+003;3.808750e-002
2.046189e+003;3.828347e-002
2.046672e+003;3.844457e-002
2.047154e+003;3.861507e-002
2.047636e+003;3.882641e-002
2.048118e+003;3.908009e-002
2.048600e+003;3.934183e-002
2.049082e+003;3.955024e-002
2.049564e+003;3.964389e-002
2.050047e+003;3.958071e-002
2.050529e+003;3.935920e-002
2.051011e+003;3.901792e-002
2.051493e+003;3.862522e-002
2.051975e+003;3.825508e-002
2.052457e+003;3.797093e-002
2.052939e+003;3.780447e-002
2.053422e+003;3.775373e-002
2.053904e+003;3.778538e-002
2.054386e+003;3.785206e-002
2.054868e+003;3.790904e-002
2.055350e+003;3.793044e-002
2.055832e+003;3.791325e-002
2.056314e+003;3.787559e-002
2.056796e+003;3.784500e-002
2.057279e+003;3.784733e-002
2.057761e+003;3.789660e-002
2.058243e+003;3.799201e-002
2.058725e+003;3.811970e-002
2.059207e+003;3.826108e-002
2.059689e+003;3.839591e-002
2.060171e+003;3.851328e-002
2.060654e+003;3.860712e-002
2.061136e+003;3.868105e-002
2.061618e+003;3.874095e-002
2.062100e+003;3.879325e-002
2.062582e+003;3.884207e-002
2.063064e+003;3.888734e-002
2.063546e+003;3.892542e-002
2.064029e+003;3.895430e-002
2.064511e+003;3.897304e-002
2.064993e+003;3.898587e-002
2.065475e+003;3.900154e-002
2.065957e+003;3.902895e-002
2.066439e+003;3.907610e-002
2.066921e+003;3.914517e-002
2.067404e+003;3.923072e-002
2.067886e+003;3.931983e-002
2.068368e+003;3.939623e-002
2.068850e+003;3.944631e-002
2.069332e+003;3.946188e-002
2.069814e+003;3.944492e-002
2.070296e+003;3.940473e-002
2.070779e+003;3.935641e-002
2.071260e+003;3.931287e-002
2.071743e+003;3.928352e-002
2.072225e+003;3.927107e-002
2.072707e+003;3.927476e-002
2.073189e+003;3.929186e-002
2.073671e+003;3.932160e-002
2.074153e+003;3.936613e-002
2.074635e+003;3.943015e-002
2.075118e+003;3.951639e-002
2.075600e+003;3.962481e-002
2.076082e+003;3.974896e-002
2.076564e+003;3.987922e-002
2.077046e+003;4.000479e-002
2.077528e+003;4.011786e-002
2.078010e+003;4.021520e-002
2.078493e+003;4.029921e-002
2.078975e+003;4.037454e-002
2.079457e+003;4.044609e-002
2.079939e+003;4.051485e-002
2.080421e+003;4.057976e-002
2.080903e+003;4.063518e-002
2.081385e+003;4.067619e-002
2.081868e+003;4.069846e-002
2.082350e+003;4.070232e-002
2.082832e+003;4.068843e-002
2.083314e+003;4.066044e-002
2.083796e+003;4.062082e-002
2.084278e+003;4.057201e-002
2.084760e+003;4.051594e-002
2.085243e+003;4.045530e-002
2.085725e+003;4.039304e-002
2.086207e+003;4.033408e-002
2.086689e+003;4.028138e-002
2.087171e+003;4.023726e-002
2.087653e+003;4.020085e-002
2.088135e+003;4.017029e-002
2.088617e+003;4.014144e-002
2.089100e+003;4.011286e-002
2.089582e+003;4.008326e-002
2.090064e+003;4.005611e-002
2.090546e+003;4.003537e-002
2.091028e+003;4.002622e-002
2.091510e+003;4.003197e-002
2.091992e+003;4.005496e-002
2.092475e+003;4.009513e-002
2.092957e+003;4.015047e-002
2.093439e+003;4.021909e-002
2.093921e+003;4.029863e-002
2.094403e+003;4.038531e-002
2.094885e+003;4.047595e-002
2.095367e+003;4.056694e-002
2.095850e+003;4.065512e-002
2.096332e+003;4.073791e-002
2.096814e+003;4.081522e-002
2.097296e+003;4.088725e-002
2.097778e+003;4.095576e-002
2.098260e+003;4.102175e-002
2.098742e+003;4.108334e-002
2.099225e+003;4.113883e-002
2.099707e+003;4.118467e-002
2.100189e+003;4.121837e-002
2.100671e+003;4.123876e-002
2.101153e+003;4.124764e-002
2.101635e+003;4.124975e-002
2.102117e+003;4.124960e-002
2.102600e+003;4.125234e-002
2.103082e+003;4.126158e-002
2.103564e+003;4.127958e-002
2.104046e+003;4.130633e-002
2.104528e+003;4.134074e-002
2.105010e+003;4.137992e-002
2.105492e+003;4.142042e-002
2.105974e+003;4.145721e-002
2.106457e+003;4.148657e-002
2.106939e+003;4.150409e-002
2.107421e+003;4.151052e-002
2.107903e+003;4.150847e-002
2.108385e+003;4.150540e-002
2.108867e+003;4.151042e-002
2.109349e+003;4.153103e-002
2.109832e+003;4.157051e-002
2.110314e+003;4.162662e-002
2.110796e+003;4.169074e-002
2.111278e+003;4.175210e-002
2.111760e+003;4.179736e-002
2.112242e+003;4.181774e-002
2.112724e+003;4.180810e-002
2.113207e+003;4.176810e-002
2.113689e+003;4.170001e-002
2.114171e+003;4.160852e-002
2.114653e+003;4.149718e-002
2.115135e+003;4.137079e-002
2.115617e+003;4.123277e-002
2.116099e+003;4.108980e-002
2.116582e+003;4.094714e-002
2.117064e+003;4.081251e-002
2.117546e+003;4.069199e-002
2.118028e+003;4.059057e-002
2.118510e+003;4.051075e-002
2.118992e+003;4.045548e-002
2.119474e+003;4.042425e-002
2.119957e+003;4.041701e-002
2.120438e+003;4.042986e-002
2.120921e+003;4.045594e-002
2.121403e+003;4.048212e-002
2.121885e+003;4.049220e-002
2.122367e+003;4.046745e-002
2.122849e+003;4.039294e-002
2.123331e+003;4.026209e-002
2.123813e+003;4.007909e-002
2.124296e+003;3.985886e-002
2.124778e+003;3.962249e-002
2.125260e+003;3.939114e-002
2.125742e+003;3.918157e-002
2.126224e+003;3.900171e-002
2.126706e+003;3.885268e-002
2.127188e+003;3.873182e-002
2.127671e+003;3.863622e-002
2.128153e+003;3.856572e-002
2.128635e+003;3.852342e-002
2.129117e+003;3.850861e-002
2.129599e+003;3.851608e-002
2.130081e+003;3.853098e-002
2.130563e+003;3.853264e-002
2.131046e+003;3.850028e-002
2.131528e+003;3.842058e-002
2.132010e+003;3.829503e-002
2.132492e+003;3.814353e-002
2.132974e+003;3.799877e-002
2.133456e+003;3.789844e-002
2.133938e+003;3.787261e-002
2.134421e+003;3.793627e-002
2.134903e+003;3.808331e-002
2.135385e+003;3.828929e-002
2.135867e+003;3.852180e-002
2.136349e+003;3.874790e-002
2.136831e+003;3.894240e-002
2.137313e+003;3.909514e-002
2.137795e+003;3.920400e-002
2.138278e+003;3.927884e-002
2.138760e+003;3.933065e-002
2.139242e+003;3.937330e-002
2.139724e+003;3.941547e-002
2.140206e+003;3.946393e-002
2.140688e+003;3.952100e-002
2.141170e+003;3.958505e-002
2.141653e+003;3.965254e-002
2.142135e+003;3.972176e-002
2.142617e+003;3.978960e-002
2.143099e+003;3.985741e-002
2.143581e+003;3.992723e-002
2.144063e+003;4.000437e-002
2.144545e+003;4.008837e-002
2.145028e+003;4.017751e-002
2.145510e+003;4.026151e-002
2.145992e+003;4.032989e-002
2.146474e+003;4.037036e-002
2.146956e+003;4.037779e-002
2.147438e+003;4.035275e-002
2.147920e+003;4.030645e-002
2.148403e+003;4.024935e-002
2.148885e+003;4.019275e-002
2.149367e+003;4.013938e-002
2.149849e+003;4.008570e-002
2.150331e+003;4.002061e-002
2.150813e+003;3.993334e-002
2.151295e+003;3.981598e-002
2.151778e+003;3.966808e-002
2.152260e+003;3.949424e-002
2.152742e+003;3.930139e-002
2.153224e+003;3.909153e-002
2.153706e+003;3.886906e-002
2.154188e+003;3.863605e-002
2.154670e+003;3.840760e-002
2.155152e+003;3.821667e-002
2.155635e+003;3.812017e-002
2.156117e+003;3.819337e-002
2.156599e+003;3.851971e-002
2.157081e+003;3.916305e-002
2.157563e+003;4.014186e-002
2.158045e+003;4.140687e-002
2.158527e+003;4.284152e-002
2.159010e+003;4.427890e-002
2.159492e+003;4.554835e-002
2.159974e+003;4.651616e-002
2.160456e+003;4.711310e-002
2.160938e+003;4.734182e-002
2.161420e+003;4.726389e-002
2.161902e+003;4.697390e-002
2.162385e+003;4.657779e-002
2.162867e+003;4.617129e-002
2.163349e+003;4.582619e-002
2.163831e+003;4.557747e-002
2.164313e+003;4.542588e-002
2.164795e+003;4.534100e-002
2.165277e+003;4.527543e-002
2.165760e+003;4.517597e-002
2.166242e+003;4.500259e-002
2.166724e+003;4.473572e-002
2.167206e+003;4.438481e-002
2.167688e+003;4.397887e-002
2.168170e+003;4.356268e-002
2.168652e+003;4.317749e-002
2.169135e+003;4.285353e-002
2.169616e+003;4.260119e-002
2.170099e+003;4.241388e-002
2.170581e+003;4.227143e-002
2.171063e+003;4.214999e-002
2.171545e+003;4.203498e-002
2.172027e+003;4.192423e-002
2.172509e+003;4.183089e-002
2.172991e+003;4.177808e-002
2.173474e+003;4.178517e-002
2.173956e+003;4.186244e-002
2.174438e+003;4.200089e-002
2.174920e+003;4.217476e-002
2.175402e+003;4.234225e-002
2.175884e+003;4.246460e-002
2.176366e+003;4.250862e-002
2.176849e+003;4.246357e-002
2.177331e+003;4.233482e-002
2.177813e+003;4.214876e-002
2.178295e+003;4.193882e-002
2.178777e+003;4.174286e-002
2.179259e+003;4.159213e-002
2.179741e+003;4.150806e-002
2.180224e+003;4.150245e-002
2.180706e+003;4.157874e-002
2.181188e+003;4.172802e-002
2.181670e+003;4.193572e-002
2.182152e+003;4.217733e-002
2.182634e+003;4.242630e-002
2.183116e+003;4.265128e-002
2.183598e+003;4.282895e-002
2.184081e+003;4.294214e-002
2.184563e+003;4.298813e-002
2.185045e+003;4.297549e-002
2.185527e+003;4.292019e-002
2.186009e+003;4.284146e-002
2.186491e+003;4.275298e-002
2.186973e+003;4.266108e-002
2.187456e+003;4.256390e-002
2.187938e+003;4.245721e-002
2.188420e+003;4.233881e-002
2.188902e+003;4.221136e-002
2.189384e+003;4.208347e-002
2.189866e+003;4.196548e-002
2.190348e+003;4.186717e-002
2.190831e+003;4.178900e-002
2.191313e+003;4.172439e-002
2.191795e+003;4.165701e-002
2.192277e+003;4.157040e-002
2.192759e+003;4.145144e-002
2.193241e+003;4.129503e-002
2.193723e+003;4.110464e-002
2.194206e+003;4.089356e-002
2.194688e+003;4.067569e-002
2.195170e+003;4.046854e-002
2.195652e+003;4.028472e-002
2.196134e+003;4.013592e-002
2.196616e+003;4.002959e-002
2.197098e+003;3.996831e-002
2.197581e+003;3.994853e-002
2.198063e+003;3.996170e-002
2.198545e+003;3.999120e-002
2.199027e+003;4.001858e-002
2.199509e+003;4.002265e-002
2.199991e+003;3.999220e-002
2.200473e+003;3.992486e-002
2.200955e+003;3.983051e-002
2.201438e+003;3.972593e-002
2.201920e+003;3.963189e-002
2.202402e+003;3.956344e-002
2.202884e+003;3.952631e-002
2.203366e+003;3.951830e-002
2.203848e+003;3.953258e-002
2.204330e+003;3.955927e-002
2.204813e+003;3.959395e-002
2.205295e+003;3.963330e-002
2.205777e+003;3.968006e-002
2.206259e+003;3.973201e-002
2.206741e+003;3.978422e-002
2.207223e+003;3.982484e-002
2.207705e+003;3.984155e-002
2.208188e+003;3.982303e-002
2.208670e+003;3.976551e-002
2.209152e+003;3.967127e-002
2.209634e+003;3.955243e-002
2.210116e+003;3.942012e-002
2.210598e+003;3.928640e-002
2.211080e+003;3.915684e-002
2.211563e+003;3.903433e-002
2.212045e+003;3.891743e-002
2.212527e+003;3.880507e-002
2.213009e+003;3.869970e-002
2.213491e+003;3.860605e-002
2.213973e+003;3.852810e-002
2.214455e+003;3.846790e-002
2.214938e+003;3.842282e-002
2.215419e+003;3.838434e-002
2.215902e+003;3.834158e-002
2.216384e+003;3.828428e-002
2.216866e+003;3.820495e-002
2.217348e+003;3.810104e-002
2.217830e+003;3.797608e-002
2.218312e+003;3.783632e-002
2.218794e+003;3.769041e-002
2.219277e+003;3.754729e-002
2.219759e+003;3.741460e-002
2.220241e+003;3.729968e-002
2.220723e+003;3.720851e-002
2.221205e+003;3.714629e-002
2.221687e+003;3.711633e-002
2.222169e+003;3.711865e-002
2.222652e+003;3.715081e-002
2.223134e+003;3.720702e-002
2.223616e+003;3.727650e-002
2.224098e+003;3.734777e-002
2.224580e+003;3.740567e-002
2.225062e+003;3.743647e-002
2.225544e+003;3.742763e-002
2.226027e+003;3.737196e-002
2.226509e+003;3.727079e-002
2.226991e+003;3.713293e-002
2.227473e+003;3.697793e-002
2.227955e+003;3.682818e-002
2.228437e+003;3.670554e-002
2.228919e+003;3.662634e-002
2.229402e+003;3.659430e-002
2.229884e+003;3.660144e-002
2.230366e+003;3.663108e-002
2.230848e+003;3.666195e-002
2.231330e+003;3.667701e-002
2.231812e+003;3.666758e-002
2.232294e+003;3.663464e-002
2.232776e+003;3.658623e-002
2.233259e+003;3.653512e-002
2.233741e+003;3.649006e-002
2.234223e+003;3.645458e-002
2.234705e+003;3.642748e-002
2.235187e+003;3.640104e-002
2.235669e+003;3.636689e-002
2.236151e+003;3.631766e-002
2.236634e+003;3.624933e-002
2.237116e+003;3.616013e-002
2.237598e+003;3.605235e-002
2.238080e+003;3.592845e-002
2.238562e+003;3.579373e-002
2.239044e+003;3.565413e-002
2.239526e+003;3.551733e-002
2.240009e+003;3.539097e-002
2.240491e+003;3.528288e-002
2.240973e+003;3.519701e-002
2.241455e+003;3.513312e-002
2.241937e+003;3.508778e-002
2.242419e+003;3.505496e-002
2.242901e+003;3.502729e-002
2.243384e+003;3.500123e-002
2.243866e+003;3.497569e-002
2.244348e+003;3.495399e-002
2.244830e+003;3.494067e-002
2.245312e+003;3.494132e-002
2.245794e+003;3.495708e-002
2.246276e+003;3.498610e-002
2.246759e+003;3.502139e-002
2.247240e+003;3.505168e-002
2.247723e+003;3.506437e-002
2.248205e+003;3.504556e-002
2.248687e+003;3.498458e-002
2.249169e+003;3.487506e-002
2.249651e+003;3.471940e-002
2.250133e+003;3.452878e-002
2.250615e+003;3.432175e-002
2.251098e+003;3.412324e-002
2.251580e+003;3.395643e-002
2.252062e+003;3.384057e-002
2.252544e+003;3.378307e-002
2.253026e+003;3.378103e-002
2.253508e+003;3.381886e-002
2.253990e+003;3.387573e-002
2.254473e+003;3.393092e-002
2.254955e+003;3.396928e-002
2.255437e+003;3.398397e-002
2.255919e+003;3.397815e-002
2.256401e+003;3.395817e-002
2.256883e+003;3.393330e-002
2.257365e+003;3.390841e-002
2.257848e+003;3.388360e-002
2.258330e+003;3.385249e-002
2.258812e+003;3.380626e-002
2.259294e+003;3.373654e-002
2.259776e+003;3.363781e-002
2.260258e+003;3.351115e-002
2.260740e+003;3.336453e-002
2.261223e+003;3.321152e-002
2.261705e+003;3.306946e-002
2.262187e+003;3.295497e-002
2.262669e+003;3.288098e-002
2.263151e+003;3.285216e-002
2.263633e+003;3.286498e-002
2.264115e+003;3.290673e-002
2.264597e+003;3.296075e-002
2.265080e+003;3.301124e-002
2.265562e+003;3.304776e-002
2.266044e+003;3.306947e-002
2.266526e+003;3.308319e-002
2.267008e+003;3.310126e-002
2.267490e+003;3.313626e-002
2.267972e+003;3.319376e-002
2.268455e+003;3.327078e-002
2.268937e+003;3.335460e-002
2.269419e+003;3.342773e-002
2.269901e+003;3.347195e-002
2.270383e+003;3.347509e-002
2.270865e+003;3.343378e-002
2.271347e+003;3.335376e-002
2.271830e+003;3.324787e-002
2.272312e+003;3.313259e-002
2.272794e+003;3.302305e-002
2.273276e+003;3.293107e-002
2.273758e+003;3.286406e-002
2.274240e+003;3.282397e-002
2.274722e+003;3.280974e-002
2.275205e+003;3.281615e-002
2.275687e+003;3.283573e-002
2.276169e+003;3.286007e-002
2.276651e+003;3.287974e-002
2.277133e+003;3.288912e-002
2.277615e+003;3.288571e-002
2.278097e+003;3.287254e-002
2.278580e+003;3.285694e-002
2.279062e+003;3.284891e-002
2.279544e+003;3.285702e-002
2.280026e+003;3.288639e-002
2.280508e+003;3.293701e-002
2.280990e+003;3.300359e-002
2.281472e+003;3.307653e-002
2.281954e+003;3.314497e-002
2.282437e+003;3.319874e-002
2.282919e+003;3.323078e-002
2.283401e+003;3.323725e-002
2.283883e+003;3.321790e-002
2.284365e+003;3.317318e-002
2.284847e+003;3.310683e-002
2.285329e+003;3.302175e-002
2.285812e+003;3.292333e-002
2.286294e+003;3.281556e-002
2.286776e+003;3.270353e-002
2.287258e+003;3.259044e-002
2.287740e+003;3.247849e-002
2.288222e+003;3.236908e-002
2.288704e+003;3.226130e-002
2.289187e+003;3.215495e-002
2.289669e+003;3.204866e-002
2.290151e+003;3.194194e-002
2.290633e+003;3.183393e-002
2.291115e+003;3.172518e-002
2.291597e+003;3.161459e-002
2.292079e+003;3.150264e-002
2.292562e+003;3.138962e-002
2.293044e+003;3.127674e-002
2.293526e+003;3.116640e-002
2.294008e+003;3.106144e-002
2.294490e+003;3.096530e-002
2.294972e+003;3.087964e-002
2.295454e+003;3.080509e-002
2.295937e+003;3.073961e-002
2.296418e+003;3.068039e-002
2.296901e+003;3.062295e-002
2.297383e+003;3.056368e-002
2.297865e+003;3.050078e-002
2.298347e+003;3.043337e-002
2.298829e+003;3.036311e-002
2.299311e+003;3.029322e-002
2.299793e+003;3.022732e-002
2.300276e+003;3.016939e-002
2.300758e+003;3.012268e-002
2.301240e+003;3.008798e-002
2.301722e+003;3.006544e-002
2.302204e+003;3.005224e-002
2.302686e+003;3.004359e-002
2.303168e+003;3.003494e-002
2.303651e+003;3.002101e-002
2.304133e+003;2.999929e-002
2.304615e+003;2.996773e-002
2.305097e+003;2.992795e-002
2.305579e+003;2.988085e-002
2.306061e+003;2.982963e-002
2.306543e+003;2.977572e-002
2.307026e+003;2.972202e-002
2.307508e+003;2.966987e-002
2.307990e+003;2.962226e-002
2.308472e+003;2.958182e-002
2.308954e+003;2.955191e-002
2.309436e+003;2.953459e-002
2.309918e+003;2.952965e-002
2.310401e+003;2.953392e-002
2.310883e+003;2.954268e-002
2.311365e+003;2.954940e-002
2.311847e+003;2.954980e-002
2.312329e+003;2.954168e-002
2.312811e+003;2.952622e-002
2.313293e+003;2.950672e-002
2.313775e+003;2.948737e-002
2.314258e+003;2.947196e-002
2.314740e+003;2.946214e-002
2.315222e+003;2.945651e-002
2.315704e+003;2.945475e-002
2.316186e+003;2.945511e-002
2.316668e+003;2.945879e-002
2.317150e+003;2.946824e-002
2.317633e+003;2.948639e-002
2.318115e+003;2.951744e-002
2.318597e+003;2.956400e-002
2.319079e+003;2.962887e-002
2.319561e+003;2.971379e-002
2.320043e+003;2.981941e-002
2.320525e+003;2.994299e-002
2.321008e+003;3.007756e-002
2.321490e+003;3.020839e-002
2.321972e+003;3.031369e-002
2.322454e+003;3.036693e-002
2.322936e+003;3.034047e-002
2.323418e+003;3.021429e-002
2.323900e+003;2.998058e-002
2.324383e+003;2.964777e-002
2.324865e+003;2.923968e-002
2.325347e+003;2.879186e-002
2.325829e+003;2.834374e-002
2.326311e+003;2.793122e-002
2.326793e+003;2.758049e-002
2.327275e+003;2.730421e-002
2.327758e+003;2.710109e-002
2.328240e+003;2.696020e-002
2.328722e+003;2.686522e-002
2.329204e+003;2.679970e-002
2.329686e+003;2.674953e-002
2.330168e+003;2.670599e-002
2.330650e+003;2.666371e-002
2.331132e+003;2.662045e-002
2.331615e+003;2.657472e-002
2.332097e+003;2.652612e-002
2.332579e+003;2.647464e-002
2.333061e+003;2.642084e-002
2.333543e+003;2.636702e-002
2.334025e+003;2.631460e-002
2.334507e+003;2.626597e-002
2.334990e+003;2.622218e-002
2.335472e+003;2.618360e-002
2.335954e+003;2.614882e-002
2.336436e+003;2.611688e-002
2.336918e+003;2.608628e-002
2.337400e+003;2.605622e-002
2.337882e+003;2.602583e-002
2.338365e+003;2.599400e-002
2.338847e+003;2.596016e-002
2.339329e+003;2.592313e-002
2.339811e+003;2.588250e-002
2.340293e+003;2.583932e-002
2.340775e+003;2.579548e-002
2.341257e+003;2.575424e-002
2.341740e+003;2.571801e-002
2.342222e+003;2.568836e-002
2.342704e+003;2.566459e-002
2.343186e+003;2.564400e-002
2.343668e+003;2.562251e-002
2.344150e+003;2.559632e-002
2.344632e+003;2.556247e-002
2.345115e+003;2.552112e-002
2.345596e+003;2.547313e-002
2.346079e+003;2.542194e-002
2.346561e+003;2.537025e-002
2.347043e+003;2.531973e-002
2.347525e+003;2.527135e-002
2.348007e+003;2.522471e-002
2.348489e+003;2.517908e-002
2.348971e+003;2.513390e-002
2.349454e+003;2.508904e-002
2.349936e+003;2.504503e-002
2.350418e+003;2.500300e-002
2.350900e+003;2.496319e-002
2.351382e+003;2.492520e-002
2.351864e+003;2.488879e-002
2.352346e+003;2.485260e-002
2.352829e+003;2.481568e-002
2.353311e+003;2.477738e-002
2.353793e+003;2.473763e-002
2.354275e+003;2.469667e-002
2.354757e+003;2.465377e-002
2.355239e+003;2.460974e-002
2.355721e+003;2.456368e-002
2.356204e+003;2.451449e-002
2.356686e+003;2.446041e-002
2.357168e+003;2.439998e-002
2.357650e+003;2.433201e-002
2.358132e+003;2.425681e-002
2.358614e+003;2.417543e-002
2.359096e+003;2.409106e-002
2.359579e+003;2.400602e-002
2.360061e+003;2.392399e-002
2.360543e+003;2.384610e-002
2.361025e+003;2.377259e-002
2.361507e+003;2.370112e-002
2.361989e+003;2.362835e-002
2.362471e+003;2.355100e-002
2.362953e+003;2.346849e-002
2.363436e+003;2.338234e-002
2.363918e+003;2.329697e-002
2.364400e+003;2.321926e-002
2.364882e+003;2.315579e-002
2.365364e+003;2.311033e-002
2.365846e+003;2.308329e-002
2.366328e+003;2.307067e-002
2.366811e+003;2.306567e-002
2.367293e+003;2.305946e-002
2.367775e+003;2.304594e-002
2.368257e+003;2.302191e-002
2.368739e+003;2.298823e-002
2.369221e+003;2.294988e-002
2.369703e+003;2.291312e-002
2.370186e+003;2.288382e-002
2.370668e+003;2.286558e-002
2.371150e+003;2.285875e-002
2.371632e+003;2.286050e-002
2.372114e+003;2.286603e-002
2.372596e+003;2.287108e-002
2.373078e+003;2.287155e-002
2.373561e+003;2.286615e-002
2.374043e+003;2.285471e-002
2.374525e+003;2.283884e-002
2.375007e+003;2.282070e-002
2.375489e+003;2.280208e-002
2.375971e+003;2.278369e-002
2.376453e+003;2.276577e-002
2.376936e+003;2.274737e-002
2.377417e+003;2.272774e-002
2.377900e+003;2.270601e-002
2.378382e+003;2.268153e-002
2.378864e+003;2.265391e-002
2.379346e+003;2.262240e-002
2.379828e+003;2.258733e-002
2.380310e+003;2.254877e-002
2.380792e+003;2.250779e-002
2.381275e+003;2.246542e-002
2.381757e+003;2.242327e-002
2.382239e+003;2.238200e-002
2.382721e+003;2.234232e-002
2.383203e+003;2.230326e-002
2.383685e+003;2.226380e-002
2.384167e+003;2.222205e-002
2.384650e+003;2.217722e-002
2.385132e+003;2.212987e-002
2.385614e+003;2.208218e-002
2.386096e+003;2.203811e-002
2.386578e+003;2.200144e-002
2.387060e+003;2.197576e-002
2.387542e+003;2.196201e-002
2.388025e+003;2.195877e-002
2.388507e+003;2.196248e-002
2.388989e+003;2.196861e-002
2.389471e+003;2.197288e-002
2.389953e+003;2.197189e-002
2.390435e+003;2.196500e-002
2.390917e+003;2.195220e-002
2.391400e+003;2.193461e-002
2.391882e+003;2.191410e-002
2.392364e+003;2.189132e-002
2.392846e+003;2.186617e-002
2.393328e+003;2.183883e-002
2.393810e+003;2.180865e-002
2.394292e+003;2.177545e-002
2.394774e+003;2.173940e-002
2.395257e+003;2.170067e-002
2.395739e+003;2.165908e-002
2.396221e+003;2.161399e-002
2.396703e+003;2.156483e-002
2.397185e+003;2.151192e-002
2.397667e+003;2.145606e-002
2.398149e+003;2.139889e-002
2.398632e+003;2.134300e-002
2.399114e+003;2.129018e-002
2.399596e+003;2.124195e-002
2.400078e+003;2.119785e-002
2.400560e+003;2.115486e-002
2.401042e+003;2.110999e-002
2.401524e+003;2.105837e-002
2.402007e+003;2.099820e-002
2.402489e+003;2.093013e-002
2.402971e+003;2.085740e-002
2.403453e+003;2.078782e-002
2.403935e+003;2.073097e-002
2.404417e+003;2.069799e-002
2.404899e+003;2.069662e-002
2.405382e+003;2.073101e-002
2.405864e+003;2.079810e-002
2.406346e+003;2.088905e-002
2.406828e+003;2.098778e-002
2.407310e+003;2.107638e-002
2.407792e+003;2.113849e-002
2.408274e+003;2.116234e-002
2.408757e+003;2.114418e-002
2.409239e+003;2.109001e-002
2.409721e+003;2.101277e-002
2.410203e+003;2.093028e-002
2.410685e+003;2.085770e-002
2.411167e+003;2.080744e-002
2.411649e+003;2.078486e-002
2.412131e+003;2.078706e-002
2.412614e+003;2.080655e-002
2.413096e+003;2.083297e-002
2.413578e+003;2.085549e-002
2.414060e+003;2.086700e-002
2.414542e+003;2.086325e-002
2.415024e+003;2.084546e-002
2.415506e+003;2.081647e-002
2.415989e+003;2.078233e-002
2.416471e+003;2.074932e-002
2.416953e+003;2.072365e-002
2.417435e+003;2.070965e-002
2.417917e+003;2.070887e-002
2.418399e+003;2.071970e-002
2.418881e+003;2.073691e-002
2.419364e+003;2.075364e-002
2.419846e+003;2.076170e-002
2.420328e+003;2.075537e-002
2.420810e+003;2.073087e-002
2.421292e+003;2.069024e-002
2.421774e+003;2.063903e-002
2.422256e+003;2.058446e-002
2.422739e+003;2.053429e-002
2.423221e+003;2.049343e-002
2.423703e+003;2.046409e-002
2.424185e+003;2.044482e-002
2.424667e+003;2.043275e-002
2.425149e+003;2.042354e-002
2.425631e+003;2.041581e-002
2.426114e+003;2.040863e-002
2.426595e+003;2.040310e-002
2.427078e+003;2.040141e-002
2.427560e+003;2.040464e-002
2.428042e+003;2.041305e-002
2.428524e+003;2.042489e-002
2.429006e+003;2.043822e-002
2.429488e+003;2.044999e-002
2.429970e+003;2.045873e-002
2.430453e+003;2.046328e-002
2.430935e+003;2.046356e-002
2.431417e+003;2.046072e-002
2.431899e+003;2.045500e-002
2.432381e+003;2.044731e-002
2.432863e+003;2.043788e-002
2.433345e+003;2.042787e-002
2.433828e+003;2.041902e-002
2.434310e+003;2.041377e-002
2.434792e+003;2.041501e-002
2.435274e+003;2.042432e-002
2.435756e+003;2.044277e-002
2.436238e+003;2.046895e-002
2.436720e+003;2.049802e-002
2.437203e+003;2.052439e-002
2.437685e+003;2.054130e-002
2.438167e+003;2.054363e-002
2.438649e+003;2.052825e-002
2.439131e+003;2.049548e-002
2.439613e+003;2.044811e-002
2.440095e+003;2.039206e-002
2.440578e+003;2.033278e-002
2.441060e+003;2.027611e-002
2.441542e+003;2.022463e-002
2.442024e+003;2.018095e-002
2.442506e+003;2.014444e-002
2.442988e+003;2.011632e-002
2.443470e+003;2.009669e-002
2.443952e+003;2.008663e-002
2.444435e+003;2.008779e-002
2.444917e+003;2.010025e-002
2.445399e+003;2.012313e-002
2.445881e+003;2.015361e-002
2.446363e+003;2.018625e-002
2.446845e+003;2.021592e-002
2.447327e+003;2.023668e-002
2.447810e+003;2.024422e-002
2.448292e+003;2.023672e-002
2.448774e+003;2.021341e-002
2.449256e+003;2.017629e-002
2.449738e+003;2.012873e-002
2.450220e+003;2.007560e-002
2.450702e+003;2.002213e-002
2.451185e+003;1.997434e-002
2.451667e+003;1.993721e-002
2.452149e+003;1.991299e-002
2.452631e+003;1.990307e-002
2.453113e+003;1.990409e-002
2.453595e+003;1.991164e-002
2.454077e+003;1.991937e-002
2.454560e+003;1.992088e-002
2.455042e+003;1.991253e-002
2.455524e+003;1.989206e-002
2.456006e+003;1.986065e-002
2.456488e+003;1.982093e-002
2.456970e+003;1.977548e-002
2.457452e+003;1.972677e-002
2.457935e+003;1.967639e-002
2.458417e+003;1.962491e-002
2.458899e+003;1.957233e-002
2.459381e+003;1.951890e-002
2.459863e+003;1.946512e-002
2.460345e+003;1.941148e-002
2.460827e+003;1.935833e-002
2.461310e+003;1.930582e-002
2.461792e+003;1.925454e-002
2.462274e+003;1.920423e-002
2.462756e+003;1.915690e-002
2.463238e+003;1.911504e-002
2.463720e+003;1.908014e-002
2.464202e+003;1.905411e-002
2.464684e+003;1.903597e-002
2.465167e+003;1.902274e-002
2.465649e+003;1.901024e-002
2.466131e+003;1.899450e-002
2.466613e+003;1.897217e-002
2.467095e+003;1.894335e-002
2.467577e+003;1.891027e-002
2.468059e+003;1.887734e-002
2.468542e+003;1.884823e-002
2.469024e+003;1.882527e-002
2.469506e+003;1.880754e-002
2.469988e+003;1.879122e-002
2.470470e+003;1.877281e-002
2.470952e+003;1.874940e-002
2.471434e+003;1.871965e-002
2.471917e+003;1.868579e-002
2.472399e+003;1.865060e-002
2.472881e+003;1.861813e-002
2.473363e+003;1.859116e-002
2.473845e+003;1.857076e-002
2.474327e+003;1.855820e-002
2.474809e+003;1.855206e-002
2.475292e+003;1.855258e-002
2.475774e+003;1.855870e-002
2.476256e+003;1.856933e-002
2.476738e+003;1.858138e-002
2.477220e+003;1.859134e-002
2.477702e+003;1.859421e-002
2.478184e+003;1.858546e-002
2.478667e+003;1.856242e-002
2.479148e+003;1.852541e-002
2.479631e+003;1.847745e-002
2.480113e+003;1.842461e-002
2.480595e+003;1.837159e-002
2.481077e+003;1.832282e-002
2.481559e+003;1.828030e-002
2.482041e+003;1.824261e-002
2.482523e+003;1.820867e-002
2.483006e+003;1.817732e-002
2.483488e+003;1.814913e-002
2.483970e+003;1.812629e-002
2.484452e+003;1.811256e-002
2.484934e+003;1.810921e-002
2.485416e+003;1.811725e-002
2.485898e+003;1.813366e-002
2.486381e+003;1.815402e-002
2.486863e+003;1.817271e-002
2.487345e+003;1.818528e-002
2.487827e+003;1.818973e-002
2.488309e+003;1.818596e-002
2.488791e+003;1.817623e-002
2.489273e+003;1.816273e-002
2.489756e+003;1.814745e-002
2.490238e+003;1.813075e-002
2.490720e+003;1.811235e-002
2.491202e+003;1.809168e-002
2.491684e+003;1.806790e-002
2.492166e+003;1.804277e-002
2.492648e+003;1.801796e-002
2.493131e+003;1.799708e-002
2.493613e+003;1.798183e-002
2.494095e+003;1.797388e-002
2.494577e+003;1.797248e-002
2.495059e+003;1.797343e-002
2.495541e+003;1.797279e-002
2.496023e+003;1.796507e-002
2.496505e+003;1.794609e-002
2.496988e+003;1.791238e-002
2.497470e+003;1.786376e-002
2.497952e+003;1.780116e-002
2.498434e+003;1.772861e-002
2.498916e+003;1.765174e-002
2.499398e+003;1.757603e-002
2.499880e+003;1.750837e-002
2.500363e+003;1.745298e-002
2.500845e+003;1.741247e-002
2.501327e+003;1.738711e-002
2.501809e+003;1.737547e-002
2.502291e+003;1.737267e-002
2.502773e+003;1.737442e-002
2.503255e+003;1.737540e-002
2.503738e+003;1.737234e-002
2.504220e+003;1.736313e-002
2.504702e+003;1.734708e-002
2.505184e+003;1.732545e-002
2.505666e+003;1.729934e-002
2.506148e+003;1.726960e-002
2.506630e+003;1.723748e-002
2.507113e+003;1.720375e-002
2.507595e+003;1.717026e-002
2.508077e+003;1.713894e-002
2.508559e+003;1.711404e-002
2.509041e+003;1.709875e-002
2.509523e+003;1.709595e-002
2.510005e+003;1.710574e-002
2.510488e+003;1.712593e-002
2.510969e+003;1.715161e-002
2.511452e+003;1.717688e-002
2.511934e+003;1.719684e-002
2.512416e+003;1.720843e-002
2.512898e+003;1.721215e-002
2.513380e+003;1.721106e-002
2.513862e+003;1.720928e-002
2.514344e+003;1.721021e-002
2.514827e+003;1.721410e-002
2.515309e+003;1.721977e-002
2.515791e+003;1.722341e-002
2.516273e+003;1.722087e-002
2.516755e+003;1.720934e-002
2.517237e+003;1.718934e-002
2.517719e+003;1.716331e-002
2.518202e+003;1.713659e-002
2.518684e+003;1.711326e-002
2.519166e+003;1.709704e-002
2.519648e+003;1.709064e-002
2.520130e+003;1.709297e-002
2.520612e+003;1.710388e-002
2.521094e+003;1.712056e-002
2.521577e+003;1.714047e-002
2.522059e+003;1.716132e-002
2.522541e+003;1.717971e-002
2.523023e+003;1.719216e-002
2.523505e+003;1.719477e-002
2.523987e+003;1.718480e-002
2.524469e+003;1.716081e-002
2.524952e+003;1.712296e-002
2.525434e+003;1.707404e-002
2.525916e+003;1.701848e-002
2.526398e+003;1.696136e-002
2.526880e+003;1.690840e-002
2.527362e+003;1.686332e-002
2.527844e+003;1.682895e-002
2.528326e+003;1.680544e-002
2.528809e+003;1.679078e-002
2.529291e+003;1.678028e-002
2.529773e+003;1.676825e-002
2.530255e+003;1.675033e-002
2.530737e+003;1.672160e-002
2.531219e+003;1.668331e-002
2.531701e+003;1.663888e-002
2.532184e+003;1.659656e-002
2.532666e+003;1.656624e-002
2.533148e+003;1.655585e-002
2.533630e+003;1.656965e-002
2.534112e+003;1.660545e-002
2.534594e+003;1.665482e-002
2.535076e+003;1.670617e-002
2.535559e+003;1.674706e-002
2.536041e+003;1.676986e-002
2.536523e+003;1.677160e-002
2.537005e+003;1.675575e-002
2.537487e+003;1.672940e-002
2.537969e+003;1.670065e-002
2.538451e+003;1.667505e-002
2.538934e+003;1.665541e-002
2.539416e+003;1.663995e-002
2.539898e+003;1.662602e-002
2.540380e+003;1.661140e-002
2.540862e+003;1.659575e-002
2.541344e+003;1.657924e-002
2.541826e+003;1.656520e-002
2.542309e+003;1.655466e-002
2.542791e+003;1.654805e-002
2.543273e+003;1.654512e-002
2.543755e+003;1.654329e-002
2.544237e+003;1.654241e-002
2.544719e+003;1.654289e-002
2.545201e+003;1.654654e-002
2.545683e+003;1.655489e-002
2.546166e+003;1.656848e-002
2.546648e+003;1.658523e-002
2.547130e+003;1.660199e-002
2.547612e+003;1.661336e-002
2.548094e+003;1.661625e-002
2.548576e+003;1.660834e-002
2.549058e+003;1.659099e-002
2.549541e+003;1.656711e-002
2.550023e+003;1.654006e-002
2.550505e+003;1.651368e-002
2.550987e+003;1.649003e-002
2.551469e+003;1.647024e-002
2.551951e+003;1.645464e-002
2.552433e+003;1.644401e-002
2.552916e+003;1.643905e-002
2.553398e+003;1.643975e-002
2.553880e+003;1.644629e-002
2.554362e+003;1.645644e-002
2.554844e+003;1.646779e-002
2.555326e+003;1.647760e-002
2.555808e+003;1.648449e-002
2.556291e+003;1.648881e-002
2.556773e+003;1.649132e-002
2.557255e+003;1.649580e-002
2.557737e+003;1.650407e-002
2.558219e+003;1.651820e-002
2.558701e+003;1.653774e-002
2.559183e+003;1.656143e-002
2.559666e+003;1.658616e-002
2.560147e+003;1.660960e-002
2.560630e+003;1.662944e-002
2.561112e+003;1.664360e-002
2.561594e+003;1.664975e-002
2.562076e+003;1.664633e-002
2.562558e+003;1.663068e-002
2.563040e+003;1.660251e-002
2.563522e+003;1.656322e-002
2.564005e+003;1.651718e-002
2.564487e+003;1.647036e-002
2.564969e+003;1.642946e-002
2.565451e+003;1.639977e-002
2.565933e+003;1.638430e-002
2.566415e+003;1.638126e-002
2.566897e+003;1.638701e-002
2.567380e+003;1.639544e-002
2.567862e+003;1.640180e-002
2.568344e+003;1.640410e-002
2.568826e+003;1.640303e-002
2.569308e+003;1.640266e-002
2.569790e+003;1.640677e-002
2.570272e+003;1.641892e-002
2.570755e+003;1.644042e-002
2.571237e+003;1.647030e-002
2.571719e+003;1.650504e-002
2.572201e+003;1.654109e-002
2.572683e+003;1.657525e-002
2.573165e+003;1.660518e-002
2.573647e+003;1.663071e-002
2.574130e+003;1.665114e-002
2.574612e+003;1.666785e-002
2.575094e+003;1.668163e-002
2.575576e+003;1.669255e-002
2.576058e+003;1.670182e-002
2.576540e+003;1.670773e-002
2.577022e+003;1.671007e-002
2.577504e+003;1.670609e-002
2.577987e+003;1.669361e-002
2.578469e+003;1.666950e-002
2.578951e+003;1.663281e-002
2.579433e+003;1.658318e-002
2.579915e+003;1.652477e-002
2.580397e+003;1.646425e-002
2.580879e+003;1.641032e-002
2.581362e+003;1.637129e-002
2.581844e+003;1.635568e-002
2.582326e+003;1.636647e-002
2.582808e+003;1.640252e-002
2.583290e+003;1.645665e-002
2.583772e+003;1.651837e-002
2.584254e+003;1.657515e-002
2.584737e+003;1.661588e-002
2.585219e+003;1.663315e-002
2.585701e+003;1.662469e-002
2.586183e+003;1.659483e-002
2.586665e+003;1.655200e-002
2.587147e+003;1.650819e-002
2.587629e+003;1.647307e-002
2.588112e+003;1.645534e-002
2.588594e+003;1.645754e-002
2.589076e+003;1.647810e-002
2.589558e+003;1.651217e-002
2.590040e+003;1.655103e-002
2.590522e+003;1.658783e-002
2.591004e+003;1.661627e-002
2.591487e+003;1.663304e-002
2.591969e+003;1.663797e-002
2.592451e+003;1.663208e-002
2.592933e+003;1.661887e-002
2.593415e+003;1.660182e-002
2.593897e+003;1.658371e-002
2.594379e+003;1.656751e-002
2.594861e+003;1.655401e-002
2.595344e+003;1.654365e-002
2.595826e+003;1.653590e-002
2.596308e+003;1.652963e-002
2.596790e+003;1.652484e-002
2.597272e+003;1.652119e-002
2.597754e+003;1.652102e-002
2.598236e+003;1.652601e-002
2.598719e+003;1.653895e-002
2.599201e+003;1.656116e-002
2.599683e+003;1.659273e-002
2.600165e+003;1.663043e-002
2.600647e+003;1.667093e-002
2.601129e+003;1.670875e-002
2.601611e+003;1.673985e-002
2.602094e+003;1.676185e-002
2.602576e+003;1.677423e-002
2.603058e+003;1.677822e-002
2.603540e+003;1.677519e-002
2.604022e+003;1.676700e-002
2.604504e+003;1.675522e-002
2.604986e+003;1.674124e-002
2.605469e+003;1.672716e-002
2.605951e+003;1.671589e-002
2.606433e+003;1.671083e-002
2.606915e+003;1.671594e-002
2.607397e+003;1.673350e-002
2.607879e+003;1.676290e-002
2.608361e+003;1.680108e-002
2.608844e+003;1.684253e-002
2.609325e+003;1.688127e-002
2.609808e+003;1.691274e-002
2.610290e+003;1.693369e-002
2.610772e+003;1.694410e-002
2.611254e+003;1.694565e-002
2.611736e+003;1.694026e-002
2.612218e+003;1.692942e-002
2.612700e+003;1.691391e-002
2.613183e+003;1.689445e-002
2.613665e+003;1.687313e-002
2.614147e+003;1.685207e-002
2.614629e+003;1.683662e-002
2.615111e+003;1.683128e-002
2.615593e+003;1.684010e-002
2.616075e+003;1.686415e-002
2.616558e+003;1.690131e-002
2.617040e+003;1.694684e-002
2.617522e+003;1.699433e-002
2.618004e+003;1.703850e-002
2.618486e+003;1.707528e-002
2.618968e+003;1.710326e-002
2.619450e+003;1.712271e-002
2.619933e+003;1.713424e-002
2.620415e+003;1.713924e-002
2.620897e+003;1.713764e-002
2.621379e+003;1.713003e-002
2.621861e+003;1.711819e-002
2.622343e+003;1.710405e-002
2.622825e+003;1.709184e-002
2.623308e+003;1.708554e-002
2.623790e+003;1.708877e-002
2.624272e+003;1.710242e-002
2.624754e+003;1.712472e-002
2.625236e+003;1.715179e-002
2.625718e+003;1.717791e-002
2.626200e+003;1.719864e-002
2.626682e+003;1.721036e-002
2.627165e+003;1.721202e-002
2.627647e+003;1.720546e-002
2.628129e+003;1.719288e-002
2.628611e+003;1.717782e-002
2.629093e+003;1.716311e-002
2.629575e+003;1.715104e-002
2.630057e+003;1.714242e-002
2.630540e+003;1.713760e-002
2.631022e+003;1.713605e-002
2.631504e+003;1.713698e-002
2.631986e+003;1.713923e-002
2.632468e+003;1.714264e-002
2.632950e+003;1.714773e-002
2.633432e+003;1.715530e-002
2.633915e+003;1.716694e-002
2.634397e+003;1.718435e-002
2.634879e+003;1.720797e-002
2.635361e+003;1.723691e-002
2.635843e+003;1.726906e-002
2.636325e+003;1.730201e-002
2.636807e+003;1.733241e-002
2.637290e+003;1.735918e-002
2.637772e+003;1.738258e-002
2.638254e+003;1.740413e-002
2.638736e+003;1.742649e-002
2.639218e+003;1.745240e-002
2.639700e+003;1.748267e-002
2.640182e+003;1.751571e-002
2.640665e+003;1.754974e-002
2.641146e+003;1.758058e-002
2.641629e+003;1.760592e-002
2.642111e+003;1.762398e-002
2.642593e+003;1.763422e-002
2.643075e+003;1.763788e-002
2.643557e+003;1.763665e-002
2.644039e+003;1.763266e-002
2.644521e+003;1.762662e-002
2.645004e+003;1.761969e-002
2.645486e+003;1.761311e-002
2.645968e+003;1.760787e-002
2.646450e+003;1.760467e-002
2.646932e+003;1.760404e-002
2.647414e+003;1.760707e-002
2.647896e+003;1.761277e-002
2.648379e+003;1.762052e-002
2.648861e+003;1.762917e-002
2.649343e+003;1.763799e-002
2.649825e+003;1.764655e-002
2.650307e+003;1.765520e-002
2.650789e+003;1.766359e-002
2.651271e+003;1.767251e-002
2.651754e+003;1.768090e-002
2.652236e+003;1.768840e-002
2.652718e+003;1.769331e-002
2.653200e+003;1.769518e-002
2.653682e+003;1.769385e-002
2.654164e+003;1.768929e-002
2.654646e+003;1.768259e-002
2.655129e+003;1.767312e-002
2.655611e+003;1.766104e-002
2.656093e+003;1.764584e-002
2.656575e+003;1.762634e-002
2.657057e+003;1.760291e-002
2.657539e+003;1.757668e-002
2.658021e+003;1.754956e-002
2.658503e+003;1.752492e-002
2.658986e+003;1.750449e-002
2.659468e+003;1.748879e-002
2.659950e+003;1.747648e-002
2.660432e+003;1.746416e-002
2.660914e+003;1.744728e-002
2.661396e+003;1.742233e-002
2.661878e+003;1.738671e-002
2.662361e+003;1.734195e-002
2.662843e+003;1.728975e-002
2.663325e+003;1.723582e-002
2.663807e+003;1.718555e-002
2.664289e+003;1.714332e-002
2.664771e+003;1.711300e-002
2.665253e+003;1.709530e-002
2.665736e+003;1.708970e-002
2.666218e+003;1.709288e-002
2.666700e+003;1.710216e-002
2.667182e+003;1.711332e-002
2.667664e+003;1.712323e-002
2.668146e+003;1.713054e-002
2.668628e+003;1.713400e-002
2.669111e+003;1.713530e-002
2.669593e+003;1.713615e-002
2.670075e+003;1.713879e-002
2.670557e+003;1.714459e-002
2.671039e+003;1.715442e-002
2.671521e+003;1.716677e-002
2.672003e+003;1.717921e-002
2.672486e+003;1.718950e-002
2.672968e+003;1.719601e-002
2.673450e+003;1.719705e-002
2.673932e+003;1.719413e-002
2.674414e+003;1.719012e-002
2.674896e+003;1.718836e-002
2.675378e+003;1.719191e-002
2.675860e+003;1.720293e-002
2.676343e+003;1.722106e-002
2.676825e+003;1.724522e-002
2.677307e+003;1.727165e-002
2.677789e+003;1.729647e-002
2.678271e+003;1.731651e-002
2.678753e+003;1.732891e-002
2.679235e+003;1.733266e-002
2.679718e+003;1.732893e-002
2.680200e+003;1.731970e-002
2.680682e+003;1.730848e-002
2.681164e+003;1.729933e-002
2.681646e+003;1.729621e-002
2.682128e+003;1.730176e-002
2.682610e+003;1.731642e-002
2.683093e+003;1.733956e-002
2.683575e+003;1.736786e-002
2.684057e+003;1.739770e-002
2.684539e+003;1.742430e-002
2.685021e+003;1.744423e-002
2.685503e+003;1.745540e-002
2.685985e+003;1.745853e-002
2.686468e+003;1.745462e-002
2.686950e+003;1.744700e-002
2.687432e+003;1.743847e-002
2.687914e+003;1.743264e-002
2.688396e+003;1.743125e-002
2.688878e+003;1.743555e-002
2.689360e+003;1.744537e-002
2.689843e+003;1.746071e-002
2.690324e+003;1.748031e-002
2.690807e+003;1.750317e-002
2.691289e+003;1.752812e-002
2.691771e+003;1.755390e-002
2.692253e+003;1.757959e-002
2.692735e+003;1.760375e-002
2.693217e+003;1.762502e-002
2.693699e+003;1.764249e-002
2.694182e+003;1.765562e-002
2.694664e+003;1.766440e-002
2.695146e+003;1.766964e-002
2.695628e+003;1.767226e-002
2.696110e+003;1.767461e-002
2.696592e+003;1.767849e-002
2.697074e+003;1.768619e-002
2.697557e+003;1.769979e-002
2.698039e+003;1.771956e-002
2.698521e+003;1.774460e-002
2.699003e+003;1.777337e-002
2.699485e+003;1.780289e-002
2.699967e+003;1.783005e-002
2.700449e+003;1.785176e-002
2.700932e+003;1.786667e-002
2.701414e+003;1.787468e-002
2.701896e+003;1.787605e-002
2.702378e+003;1.787279e-002
2.702860e+003;1.786761e-002
2.703342e+003;1.786298e-002
2.703824e+003;1.786152e-002
2.704307e+003;1.786525e-002
2.704789e+003;1.787581e-002
2.705271e+003;1.789492e-002
2.705753e+003;1.792160e-002
2.706235e+003;1.795629e-002
2.706717e+003;1.799619e-002
2.707199e+003;1.803829e-002
2.707681e+003;1.807940e-002
2.708164e+003;1.811588e-002
2.708646e+003;1.814572e-002
2.709128e+003;1.816937e-002
2.709610e+003;1.818801e-002
2.710092e+003;1.820438e-002
2.710574e+003;1.822212e-002
2.711056e+003;1.824334e-002
2.711539e+003;1.827013e-002
2.712021e+003;1.830139e-002
2.712503e+003;1.833541e-002
2.712985e+003;1.836889e-002
2.713467e+003;1.839855e-002
2.713949e+003;1.842164e-002
2.714431e+003;1.843660e-002
2.714914e+003;1.844317e-002
2.715396e+003;1.844370e-002
2.715878e+003;1.843994e-002
2.716360e+003;1.843598e-002
2.716842e+003;1.843487e-002
2.717324e+003;1.843970e-002
2.717806e+003;1.845193e-002
2.718289e+003;1.847131e-002
2.718771e+003;1.849682e-002
2.719253e+003;1.852554e-002
2.719735e+003;1.855409e-002
2.720217e+003;1.857981e-002
2.720699e+003;1.860014e-002
2.721181e+003;1.861498e-002
2.721664e+003;1.862396e-002
2.722146e+003;1.862918e-002
2.722628e+003;1.863120e-002
2.723110e+003;1.863193e-002
2.723592e+003;1.863156e-002
2.724074e+003;1.863174e-002
2.724556e+003;1.863275e-002
2.725038e+003;1.863622e-002
2.725521e+003;1.864447e-002
2.726003e+003;1.865971e-002
2.726485e+003;1.868411e-002
2.726967e+003;1.871789e-002
2.727449e+003;1.876041e-002
2.727931e+003;1.880863e-002
2.728413e+003;1.885935e-002
2.728896e+003;1.890853e-002
2.729378e+003;1.895340e-002
2.729860e+003;1.899278e-002
2.730342e+003;1.902739e-002
2.730824e+003;1.905861e-002
2.731306e+003;1.908938e-002
2.731788e+003;1.912163e-002
2.732271e+003;1.915610e-002
2.732753e+003;1.919298e-002
2.733235e+003;1.922996e-002
2.733717e+003;1.926622e-002
2.734199e+003;1.929982e-002
2.734681e+003;1.932993e-002
2.735163e+003;1.935710e-002
2.735646e+003;1.938327e-002
2.736128e+003;1.941037e-002
2.736610e+003;1.944098e-002
2.737092e+003;1.947667e-002
2.737574e+003;1.951791e-002
2.738056e+003;1.956460e-002
2.738538e+003;1.961500e-002
2.739021e+003;1.966689e-002
2.739502e+003;1.971723e-002
2.739985e+003;1.976492e-002
2.740467e+003;1.980745e-002
2.740949e+003;1.984492e-002
2.741431e+003;1.987806e-002
2.741913e+003;1.990779e-002
2.742395e+003;1.993476e-002
2.742877e+003;1.996072e-002
2.743360e+003;1.998540e-002
2.743842e+003;2.000962e-002
2.744324e+003;2.003348e-002
2.744806e+003;2.005698e-002
2.745288e+003;2.008187e-002
2.745770e+003;2.010871e-002
2.746252e+003;2.014019e-002
2.746735e+003;2.017668e-002
2.747217e+003;2.021966e-002
2.747699e+003;2.026895e-002
2.748181e+003;2.032373e-002
2.748663e+003;2.038195e-002
2.749145e+003;2.044131e-002
2.749627e+003;2.049865e-002
2.750110e+003;2.055258e-002
2.750592e+003;2.060152e-002
2.751074e+003;2.064520e-002
2.751556e+003;2.068462e-002
2.752038e+003;2.072230e-002
2.752520e+003;2.076156e-002
2.753002e+003;2.080530e-002
2.753485e+003;2.085619e-002
2.753967e+003;2.091538e-002
2.754449e+003;2.098182e-002
2.754931e+003;2.105303e-002
2.755413e+003;2.112464e-002
2.755895e+003;2.119331e-002
2.756377e+003;2.125577e-002
2.756859e+003;2.131146e-002
2.757342e+003;2.136113e-002
2.757824e+003;2.140859e-002
2.758306e+003;2.145597e-002
2.758788e+003;2.150690e-002
2.759270e+003;2.156261e-002
2.759752e+003;2.162261e-002
2.760234e+003;2.168571e-002
2.760717e+003;2.174985e-002
2.761199e+003;2.181495e-002
2.761681e+003;2.188064e-002
2.762163e+003;2.194766e-002
2.762645e+003;2.201749e-002
2.763127e+003;2.208941e-002
2.763609e+003;2.216322e-002
2.764092e+003;2.223622e-002
2.764574e+003;2.230551e-002
2.765056e+003;2.236942e-002
2.765538e+003;2.242691e-002
2.766020e+003;2.247900e-002
2.766502e+003;2.252896e-002
2.766984e+003;2.257960e-002
2.767467e+003;2.263278e-002
2.767949e+003;2.269008e-002
2.768431e+003;2.275059e-002
2.768913e+003;2.281205e-002
2.769395e+003;2.287401e-002
2.769877e+003;2.293421e-002
2.770359e+003;2.299359e-002
2.770841e+003;2.305318e-002
2.771323e+003;2.311354e-002
2.771806e+003;2.317524e-002
2.772288e+003;2.323676e-002
2.772770e+003;2.329635e-002
2.773252e+003;2.335127e-002
2.773734e+003;2.340078e-002
2.774216e+003;2.344533e-002
2.774698e+003;2.348635e-002
2.775181e+003;2.352700e-002
2.775663e+003;2.356991e-002
2.776145e+003;2.361631e-002
2.776627e+003;2.366479e-002
2.777109e+003;2.371413e-002
2.777591e+003;2.376152e-002
2.778073e+003;2.380573e-002
2.778556e+003;2.384695e-002
2.779038e+003;2.388856e-002
2.779520e+003;2.393451e-002
2.780002e+003;2.398893e-002
2.780484e+003;2.405390e-002
2.780966e+003;2.412922e-002
2.781448e+003;2.421116e-002
2.781931e+003;2.429455e-002
2.782413e+003;2.437336e-002
2.782895e+003;2.444353e-002
2.783377e+003;2.450339e-002
2.783859e+003;2.455498e-002
2.784341e+003;2.460141e-002
2.784823e+003;2.464890e-002
2.785305e+003;2.470073e-002
2.785788e+003;2.475965e-002
2.786270e+003;2.482519e-002
2.786752e+003;2.489471e-002
2.787234e+003;2.496406e-002
2.787716e+003;2.502901e-002
2.788198e+003;2.508616e-002
2.788680e+003;2.513493e-002
2.789163e+003;2.517569e-002
2.789645e+003;2.521091e-002
2.790127e+003;2.524368e-002
2.790609e+003;2.527693e-002
2.791091e+003;2.531255e-002
2.791573e+003;2.535149e-002
2.792055e+003;2.539347e-002
2.792538e+003;2.543782e-002
2.793020e+003;2.548408e-002
2.793502e+003;2.553149e-002
2.793984e+003;2.558034e-002
2.794466e+003;2.563109e-002
2.794948e+003;2.568375e-002
2.795430e+003;2.573861e-002
2.795913e+003;2.579509e-002
2.796395e+003;2.585178e-002
2.796877e+003;2.590745e-002
2.797359e+003;2.596106e-002
2.797841e+003;2.601147e-002
2.798323e+003;2.605830e-002
2.798805e+003;2.610315e-002
2.799288e+003;2.614621e-002
2.799770e+003;2.618929e-002
2.800252e+003;2.623268e-002
2.800734e+003;2.627626e-002
2.801216e+003;2.631929e-002
2.801698e+003;2.635996e-002
2.802180e+003;2.639600e-002
2.802662e+003;2.642569e-002
2.803145e+003;2.644799e-002
2.803627e+003;2.646326e-002
2.804109e+003;2.647342e-002
2.804591e+003;2.648120e-002
2.805073e+003;2.649117e-002
2.805555e+003;2.650711e-002
2.806037e+003;2.653258e-002
2.806520e+003;2.656926e-002
2.807002e+003;2.661650e-002
2.807484e+003;2.667185e-002
2.807966e+003;2.673178e-002
2.808448e+003;2.679106e-002
2.808930e+003;2.684646e-002
2.809412e+003;2.689618e-002
2.809895e+003;2.694106e-002
2.810377e+003;2.698443e-002
2.810859e+003;2.703143e-002
2.811341e+003;2.708768e-002
2.811823e+003;2.715768e-002
2.812305e+003;2.724332e-002
2.812787e+003;2.734435e-002
2.813270e+003;2.745657e-002
2.813752e+003;2.757475e-002
2.814234e+003;2.769259e-002
2.814716e+003;2.780418e-002
2.815198e+003;2.790599e-002
2.815680e+003;2.799611e-002
2.816162e+003;2.807557e-002
2.816645e+003;2.814646e-002
2.817126e+003;2.821221e-002
2.817609e+003;2.827599e-002
2.818091e+003;2.834103e-002
2.818573e+003;2.840973e-002
2.819055e+003;2.848342e-002
2.819537e+003;2.856298e-002
2.820019e+003;2.864782e-002
2.820501e+003;2.873738e-002
2.820984e+003;2.882957e-002
2.821466e+003;2.892132e-002
2.821948e+003;2.900936e-002
2.822430e+003;2.909025e-002
2.822912e+003;2.916112e-002
2.823394e+003;2.922080e-002
2.823876e+003;2.926940e-002
2.824359e+003;2.930928e-002
2.824841e+003;2.934390e-002
2.825323e+003;2.937729e-002
2.825805e+003;2.941414e-002
2.826287e+003;2.945791e-002
2.826769e+003;2.951216e-002
2.827251e+003;2.957775e-002
2.827734e+003;2.965429e-002
2.828216e+003;2.974085e-002
2.828698e+003;2.983513e-002
2.829180e+003;2.993368e-002
2.829662e+003;3.003351e-002
2.830144e+003;3.013136e-002
2.830626e+003;3.022511e-002
2.831109e+003;3.031343e-002
2.831591e+003;3.039783e-002
2.832073e+003;3.047967e-002
2.832555e+003;3.056231e-002
2.833037e+003;3.064873e-002
2.833519e+003;3.074048e-002
2.834001e+003;3.083776e-002
2.834483e+003;3.093854e-002
2.834966e+003;3.103984e-002
2.835448e+003;3.113752e-002
2.835930e+003;3.122850e-002
2.836412e+003;3.131035e-002
2.836894e+003;3.138278e-002
2.837376e+003;3.144703e-002
2.837858e+003;3.150649e-002
2.838341e+003;3.156491e-002
2.838823e+003;3.162789e-002
2.839305e+003;3.170006e-002
2.839787e+003;3.178519e-002
2.840269e+003;3.188570e-002
2.840751e+003;3.200230e-002
2.841233e+003;3.213256e-002
2.841716e+003;3.227197e-002
2.842198e+003;3.241433e-002
2.842680e+003;3.255357e-002
2.843162e+003;3.268396e-002
2.843644e+003;3.280280e-002
2.844126e+003;3.290970e-002
2.844608e+003;3.300811e-002
2.845091e+003;3.310259e-002
2.845573e+003;3.319855e-002
2.846055e+003;3.330028e-002
2.846537e+003;3.341047e-002
2.847019e+003;3.352807e-002
2.847501e+003;3.365184e-002
2.847983e+003;3.377914e-002
2.848466e+003;3.390737e-002
2.848948e+003;3.403439e-002
2.849430e+003;3.415816e-002
2.849912e+003;3.427694e-002
2.850394e+003;3.438789e-002
2.850876e+003;3.448909e-002
2.851358e+003;3.457798e-002
2.851840e+003;3.465419e-002
2.852323e+003;3.471865e-002
2.852805e+003;3.477497e-002
2.853287e+003;3.482947e-002
2.853769e+003;3.488777e-002
2.854251e+003;3.495418e-002
2.854733e+003;3.503003e-002
2.855215e+003;3.511224e-002
2.855698e+003;3.519576e-002
2.856180e+003;3.527297e-002
2.856662e+003;3.533804e-002
2.857144e+003;3.538793e-002
2.857626e+003;3.542323e-002
2.858108e+003;3.544810e-002
2.858590e+003;3.546841e-002
2.859073e+003;3.549019e-002
2.859555e+003;3.551703e-002
2.860037e+003;3.555004e-002
2.860519e+003;3.558665e-002
2.861001e+003;3.562250e-002
2.861483e+003;3.565368e-002
2.861965e+003;3.567667e-002
2.862448e+003;3.569049e-002
2.862930e+003;3.569620e-002
2.863412e+003;3.569636e-002
2.863894e+003;3.569357e-002
2.864376e+003;3.568982e-002
2.864858e+003;3.568567e-002
2.865340e+003;3.568112e-002
2.865823e+003;3.567501e-002
2.866304e+003;3.566674e-002
2.866787e+003;3.565730e-002
2.867269e+003;3.564863e-002
2.867751e+003;3.564417e-002
2.868233e+003;3.564741e-002
2.868715e+003;3.566211e-002
2.869197e+003;3.568982e-002
2.869679e+003;3.573124e-002
2.870162e+003;3.578481e-002
2.870644e+003;3.584760e-002
2.871126e+003;3.591520e-002
2.871608e+003;3.598294e-002
2.872090e+003;3.604530e-002
2.872572e+003;3.609837e-002
2.873054e+003;3.613863e-002
2.873537e+003;3.616528e-002
2.874019e+003;3.617929e-002
2.874501e+003;3.618428e-002
2.874983e+003;3.618672e-002
2.875465e+003;3.619416e-002
2.875947e+003;3.621504e-002
2.876429e+003;3.625692e-002
2.876912e+003;3.632571e-002
2.877394e+003;3.642318e-002
2.877876e+003;3.654769e-002
2.878358e+003;3.669493e-002
2.878840e+003;3.685757e-002
2.879322e+003;3.702765e-002
2.879804e+003;3.719819e-002
2.880287e+003;3.736420e-002
2.880769e+003;3.752358e-002
2.881251e+003;3.767675e-002
2.881733e+003;3.782584e-002
2.882215e+003;3.797529e-002
2.882697e+003;3.812816e-002
2.883179e+003;3.828681e-002
2.883661e+003;3.845064e-002
2.884144e+003;3.861849e-002
2.884626e+003;3.878691e-002
2.885108e+003;3.895245e-002
2.885590e+003;3.911155e-002
2.886072e+003;3.926392e-002
2.886554e+003;3.940972e-002
2.887036e+003;3.955254e-002
2.887519e+003;3.969621e-002
2.888001e+003;3.984408e-002
2.888483e+003;3.999924e-002
2.888965e+003;4.016137e-002
2.889447e+003;4.032822e-002
2.889929e+003;4.049496e-002
2.890411e+003;4.065711e-002
2.890894e+003;4.081083e-002
2.891376e+003;4.095392e-002
2.891858e+003;4.108797e-002
2.892340e+003;4.121731e-002
2.892822e+003;4.134681e-002
2.893304e+003;4.148251e-002
2.893786e+003;4.162847e-002
2.894269e+003;4.178797e-002
2.894751e+003;4.196093e-002
2.895233e+003;4.214687e-002
2.895715e+003;4.234509e-002
2.896197e+003;4.255602e-002
2.896679e+003;4.278104e-002
2.897161e+003;4.302287e-002
2.897644e+003;4.328499e-002
2.898125e+003;4.357040e-002
2.898608e+003;4.388024e-002
2.899090e+003;4.421452e-002
2.899572e+003;4.457190e-002
2.900054e+003;4.494880e-002
2.900536e+003;4.534228e-002
2.901018e+003;4.574776e-002
2.901500e+003;4.616078e-002
2.901983e+003;4.657656e-002
2.902465e+003;4.698992e-002
2.902947e+003;4.739695e-002
2.903429e+003;4.779505e-002
2.903911e+003;4.818469e-002
2.904393e+003;4.856858e-002
2.904875e+003;4.895130e-002
2.905358e+003;4.933957e-002
2.905840e+003;4.973819e-002
2.906322e+003;5.015050e-002
2.906804e+003;5.057568e-002
2.907286e+003;5.101129e-002
2.907768e+003;5.145099e-002
2.908250e+003;5.188948e-002
2.908733e+003;5.232213e-002
2.909215e+003;5.274641e-002
2.909697e+003;5.316192e-002
2.910179e+003;5.356964e-002
2.910661e+003;5.397109e-002
2.911143e+003;5.436746e-002
2.911625e+003;5.475913e-002
2.912108e+003;5.514681e-002
2.912590e+003;5.553200e-002
2.913072e+003;5.591703e-002
2.913554e+003;5.630523e-002
2.914036e+003;5.669941e-002
2.914518e+003;5.710081e-002
2.915000e+003;5.750904e-002
2.915482e+003;5.791974e-002
2.915965e+003;5.832747e-002
2.916447e+003;5.872452e-002
2.916929e+003;5.910532e-002
2.917411e+003;5.946719e-002
2.917893e+003;5.980973e-002
2.918375e+003;6.013601e-002
2.918857e+003;6.045064e-002
2.919340e+003;6.075772e-002
2.919822e+003;6.106009e-002
2.920304e+003;6.135826e-002
2.920786e+003;6.165161e-002
2.921268e+003;6.193922e-002
2.921750e+003;6.222048e-002
2.922232e+003;6.249639e-002
2.922715e+003;6.276919e-002
2.923197e+003;6.304213e-002
2.923679e+003;6.331848e-002
2.924161e+003;6.360056e-002
2.924643e+003;6.388932e-002
2.925125e+003;6.418506e-002
2.925607e+003;6.448657e-002
2.926090e+003;6.479528e-002
2.926572e+003;6.511201e-002
2.927054e+003;6.543943e-002
2.927536e+003;6.577962e-002
2.928018e+003;6.613552e-002
2.928500e+003;6.650676e-002
2.928982e+003;6.689326e-002
2.929465e+003;6.729106e-002
2.929947e+003;6.769625e-002
2.930429e+003;6.810610e-002
2.930911e+003;6.851877e-002
2.931393e+003;6.893510e-002
2.931875e+003;6.935886e-002
2.932357e+003;6.979366e-002
2.932839e+003;7.024434e-002
2.933322e+003;7.071260e-002
2.933804e+003;7.119699e-002
2.934286e+003;7.169396e-002
2.934768e+003;7.219724e-002
2.935250e+003;7.270003e-002
2.935732e+003;7.319639e-002
2.936214e+003;7.368235e-002
2.936697e+003;7.415620e-002
2.937179e+003;7.461807e-002
2.937661e+003;7.506827e-002
2.938143e+003;7.550731e-002
2.938625e+003;7.593607e-002
2.939107e+003;7.635510e-002
2.939589e+003;7.676559e-002
2.940072e+003;7.717001e-002
2.940554e+003;7.757211e-002
2.941036e+003;7.797475e-002
2.941518e+003;7.838200e-002
2.942000e+003;7.879406e-002
2.942482e+003;7.920960e-002
2.942964e+003;7.962695e-002
2.943447e+003;8.004331e-002
2.943929e+003;8.045910e-002
2.944411e+003;8.087722e-002
2.944893e+003;8.130393e-002
2.945375e+003;8.174744e-002
2.945857e+003;8.221425e-002
2.946339e+003;8.270814e-002
2.946822e+003;8.322548e-002
2.947303e+003;8.375759e-002
2.947786e+003;8.429048e-002
2.948268e+003;8.480790e-002
2.948750e+003;8.529642e-002
2.949232e+003;8.574726e-002
2.949714e+003;8.615710e-002
2.950196e+003;8.653089e-002
2.950678e+003;8.687550e-002
2.951161e+003;8.720020e-002
2.951643e+003;8.751252e-002
2.952125e+003;8.781716e-002
2.952607e+003;8.811608e-002
2.953089e+003;8.840823e-002
2.953571e+003;8.869216e-002
2.954053e+003;8.896542e-002
2.954536e+003;8.922780e-002
2.955018e+003;8.947771e-002
2.955500e+003;8.971556e-002
2.955982e+003;8.994101e-002
2.956464e+003;9.015291e-002
2.956946e+003;9.034871e-002
2.957428e+003;9.052590e-002
2.957911e+003;9.068116e-002
2.958393e+003;9.081186e-002
2.958875e+003;9.091609e-002
2.959357e+003;9.099270e-002
2.959839e+003;9.104131e-002
2.960321e+003;9.106288e-002
2.960803e+003;9.105708e-002
2.961286e+003;9.102420e-002
2.961768e+003;9.096286e-002
2.962250e+003;9.087168e-002
2.962732e+003;9.074754e-002
2.963214e+003;9.058838e-002
2.963696e+003;9.039209e-002
2.964178e+003;9.015785e-002
2.964660e+003;8.988660e-002
2.965143e+003;8.958089e-002
2.965625e+003;8.924535e-002
2.966107e+003;8.888493e-002
2.966589e+003;8.850376e-002
2.967071e+003;8.810712e-002
2.967553e+003;8.769836e-002
2.968035e+003;8.728077e-002
2.968518e+003;8.685939e-002
2.969000e+003;8.643991e-002
2.969482e+003;8.603127e-002
2.969964e+003;8.564336e-002
2.970446e+003;8.528855e-002
2.970928e+003;8.497747e-002
2.971410e+003;8.472113e-002
2.971893e+003;8.452754e-002
2.972375e+003;8.440235e-002
2.972857e+003;8.435022e-002
2.973339e+003;8.437493e-002
2.973821e+003;8.448129e-002
2.974303e+003;8.467397e-002
2.974785e+003;8.495925e-002
2.975268e+003;8.534347e-002
2.975750e+003;8.583201e-002
2.976232e+003;8.642819e-002
2.976714e+003;8.713318e-002
2.977196e+003;8.794636e-002
2.977678e+003;8.886345e-002
2.978160e+003;8.988013e-002
2.978643e+003;9.098940e-002
2.979125e+003;9.218295e-002
2.979607e+003;9.345139e-002
2.980089e+003;9.478519e-002
2.980571e+003;9.617203e-002
2.981053e+003;9.760189e-002
2.981535e+003;9.906490e-002
2.982017e+003;1.005522e-001
2.982500e+003;1.020578e-001
2.982982e+003;1.035771e-001
2.983464e+003;1.051070e-001
2.983946e+003;1.066455e-001
2.984428e+003;1.081903e-001
2.984910e+003;1.097392e-001
2.985392e+003;1.112892e-001
2.985875e+003;1.128372e-001
2.986357e+003;1.143798e-001
2.986839e+003;1.159126e-001
2.987321e+003;1.174311e-001
2.987803e+003;1.189299e-001
2.988285e+003;1.204030e-001
2.988767e+003;1.218438e-001
2.989250e+003;1.232473e-001
2.989732e+003;1.246093e-001
2.990214e+003;1.259286e-001
2.990696e+003;1.272076e-001
2.991178e+003;1.284503e-001
2.991660e+003;1.296626e-001
2.992142e+003;1.308502e-001
2.992625e+003;1.320185e-001
2.993107e+003;1.331701e-001
2.993589e+003;1.343053e-001
2.994071e+003;1.354225e-001
2.994553e+003;1.365200e-001
2.995035e+003;1.375955e-001
2.995517e+003;1.386496e-001
2.996000e+003;1.396836e-001
2.996481e+003;1.407012e-001
2.996964e+003;1.417058e-001
2.997446e+003;1.426997e-001
2.997928e+003;1.436834e-001
2.998410e+003;1.446550e-001
2.998892e+003;1.456108e-001
2.999374e+003;1.465474e-001
2.999856e+003;1.474641e-001
3.000339e+003;1.483629e-001
3.000821e+003;1.492494e-001
3.001303e+003;1.501324e-001
3.001785e+003;1.510206e-001
3.002267e+003;1.519197e-001
3.002749e+003;1.528330e-001
3.003231e+003;1.537584e-001
3.003714e+003;1.546902e-001
3.004196e+003;1.556208e-001
3.004678e+003;1.565430e-001
3.005160e+003;1.574514e-001
3.005642e+003;1.583453e-001
3.006124e+003;1.592255e-001
3.006606e+003;1.600956e-001
3.007089e+003;1.609592e-001
3.007571e+003;1.618208e-001
3.008053e+003;1.626832e-001
3.008535e+003;1.635483e-001
3.009017e+003;1.644189e-001
3.009499e+003;1.652960e-001
3.009981e+003;1.661817e-001
3.010464e+003;1.670756e-001
3.010946e+003;1.679778e-001
3.011428e+003;1.688854e-001
3.011910e+003;1.697951e-001
3.012392e+003;1.707030e-001
3.012874e+003;1.716064e-001
3.013356e+003;1.725045e-001
3.013838e+003;1.733993e-001
3.014321e+003;1.742941e-001
3.014803e+003;1.751937e-001
3.015285e+003;1.761028e-001
3.015767e+003;1.770232e-001
3.016249e+003;1.779544e-001
3.016731e+003;1.788942e-001
3.017213e+003;1.798382e-001
3.017696e+003;1.807811e-001
3.018178e+003;1.817199e-001
3.018660e+003;1.826529e-001
3.019142e+003;1.835812e-001
3.019624e+003;1.845073e-001
3.020106e+003;1.854356e-001
3.020588e+003;1.863695e-001
3.021071e+003;1.873111e-001
3.021553e+003;1.882602e-001
3.022035e+003;1.892152e-001
3.022517e+003;1.901725e-001
3.022999e+003;1.911303e-001
3.023481e+003;1.920868e-001
3.023963e+003;1.930430e-001
3.024446e+003;1.940010e-001
3.024928e+003;1.949648e-001
3.025410e+003;1.959385e-001
3.025892e+003;1.969248e-001
3.026374e+003;1.979245e-001
3.026856e+003;1.989381e-001
3.027338e+003;1.999657e-001
3.027821e+003;2.010056e-001
3.028302e+003;2.020581e-001
3.028785e+003;2.031219e-001
3.029267e+003;2.041957e-001
3.029749e+003;2.052772e-001
3.030231e+003;2.063626e-001
3.030713e+003;2.074471e-001
3.031195e+003;2.085271e-001
3.031677e+003;2.095993e-001
3.032160e+003;2.106626e-001
3.032642e+003;2.117178e-001
3.033124e+003;2.127656e-001
3.033606e+003;2.138082e-001
3.034088e+003;2.148449e-001
3.034570e+003;2.158772e-001
3.035052e+003;2.169048e-001
3.035535e+003;2.179305e-001
3.036017e+003;2.189591e-001
3.036499e+003;2.199968e-001
3.036981e+003;2.210513e-001
3.037463e+003;2.221282e-001
3.037945e+003;2.232302e-001
3.038427e+003;2.243548e-001
3.038910e+003;2.254954e-001
3.039392e+003;2.266434e-001
3.039874e+003;2.277901e-001
3.040356e+003;2.289286e-001
3.040838e+003;2.300576e-001
3.041320e+003;2.311783e-001
3.041802e+003;2.322958e-001
3.042285e+003;2.334169e-001
3.042767e+003;2.345462e-001
3.043249e+003;2.356871e-001
3.043731e+003;2.368403e-001
3.044213e+003;2.380051e-001
3.044695e+003;2.391792e-001
3.045177e+003;2.403606e-001
3.045659e+003;2.415485e-001
3.046142e+003;2.427419e-001
3.046624e+003;2.439413e-001
3.047106e+003;2.451473e-001
3.047588e+003;2.463589e-001
3.048070e+003;2.475745e-001
3.048552e+003;2.487935e-001
3.049034e+003;2.500131e-001
3.049517e+003;2.512320e-001
3.049999e+003;2.524498e-001
3.050481e+003;2.536677e-001
3.050963e+003;2.548881e-001
3.051445e+003;2.561141e-001
3.051927e+003;2.573504e-001
3.052409e+003;2.586006e-001
3.052892e+003;2.598665e-001
3.053374e+003;2.611479e-001
3.053856e+003;2.624435e-001
3.054338e+003;2.637488e-001
3.054820e+003;2.650602e-001
3.055302e+003;2.663719e-001
3.055784e+003;2.676795e-001
3.056267e+003;2.689816e-001
3.056749e+003;2.702778e-001
3.057231e+003;2.715688e-001
3.057713e+003;2.728585e-001
3.058195e+003;2.741521e-001
3.058677e+003;2.754539e-001
3.059159e+003;2.767683e-001
3.059642e+003;2.780986e-001
3.060124e+003;2.794441e-001
3.060606e+003;2.808038e-001
3.061088e+003;2.821736e-001
3.061570e+003;2.835508e-001
3.062052e+003;2.849323e-001
3.062534e+003;2.863186e-001
3.063016e+003;2.877110e-001
3.063499e+003;2.891114e-001
3.063981e+003;2.905227e-001
3.064463e+003;2.919434e-001
3.064945e+003;2.933720e-001
3.065427e+003;2.948033e-001
3.065909e+003;2.962329e-001
3.066391e+003;2.976573e-001
3.066874e+003;2.990758e-001
3.067356e+003;3.004915e-001
3.067838e+003;3.019084e-001
3.068320e+003;3.033319e-001
3.068802e+003;3.047653e-001
3.069284e+003;3.062092e-001
3.069766e+003;3.076622e-001
3.070249e+003;3.091213e-001
3.070731e+003;3.105831e-001
3.071213e+003;3.120465e-001
3.071695e+003;3.135120e-001
3.072177e+003;3.149821e-001
3.072659e+003;3.164603e-001
3.073141e+003;3.179495e-001
3.073624e+003;3.194528e-001
3.074106e+003;3.209692e-001
3.074588e+003;3.224990e-001
3.075070e+003;3.240408e-001
3.075552e+003;3.255939e-001
3.076034e+003;3.271561e-001
3.076516e+003;3.287258e-001
3.076999e+003;3.303007e-001
3.077480e+003;3.318779e-001
3.077963e+003;3.334537e-001
3.078445e+003;3.350256e-001
3.078927e+003;3.365903e-001
3.079409e+003;3.381477e-001
3.079891e+003;3.396986e-001
3.080373e+003;3.412456e-001
3.080855e+003;3.427933e-001
3.081338e+003;3.443477e-001
3.081820e+003;3.459141e-001
3.082302e+003;3.474986e-001
3.082784e+003;3.491042e-001
3.083266e+003;3.507327e-001
3.083748e+003;3.523808e-001
3.084230e+003;3.540434e-001
3.084713e+003;3.557124e-001
3.085195e+003;3.573802e-001
3.085677e+003;3.590404e-001
3.086159e+003;3.606898e-001
3.086641e+003;3.623306e-001
3.087123e+003;3.639677e-001
3.087605e+003;3.656081e-001
3.088088e+003;3.672590e-001
3.088570e+003;3.689250e-001
3.089052e+003;3.706087e-001
3.089534e+003;3.723100e-001
3.090016e+003;3.740259e-001
3.090498e+003;3.757551e-001
3.090980e+003;3.774951e-001
3.091463e+003;3.792454e-001
3.091945e+003;3.810046e-001
3.092427e+003;3.827704e-001
3.092909e+003;3.845403e-001
3.093391e+003;3.863104e-001
3.093873e+003;3.880762e-001
3.094355e+003;3.898359e-001
3.094837e+003;3.915895e-001
3.095320e+003;3.933403e-001
3.095802e+003;3.950940e-001
3.096284e+003;3.968572e-001
3.096766e+003;3.986359e-001
3.097248e+003;4.004327e-001
3.097730e+003;4.022470e-001
3.098212e+003;4.040761e-001
3.098695e+003;4.059143e-001
3.099177e+003;4.077556e-001
3.099659e+003;4.095940e-001
3.100141e+003;4.114257e-001
3.100623e+003;4.132495e-001
3.101105e+003;4.150646e-001
3.101587e+003;4.168735e-001
3.102070e+003;4.186783e-001
3.102552e+003;4.204835e-001
3.103034e+003;4.222926e-001
3.103516e+003;4.241117e-001
3.103998e+003;4.259449e-001
3.104480e+003;4.277960e-001
3.104962e+003;4.296672e-001
3.105445e+003;4.315566e-001
3.105927e+003;4.334611e-001
3.106409e+003;4.353752e-001
3.106891e+003;4.372917e-001
3.107373e+003;4.392051e-001
3.107855e+003;4.411122e-001
3.108337e+003;4.430133e-001
3.108820e+003;4.449110e-001
3.109302e+003;4.468100e-001
3.109784e+003;4.487150e-001
3.110266e+003;4.506287e-001
3.110748e+003;4.525520e-001
3.111230e+003;4.544840e-001
3.111712e+003;4.564227e-001
3.112194e+003;4.583662e-001
3.112677e+003;4.603156e-001
3.113159e+003;4.622726e-001
3.113641e+003;4.642407e-001
3.114123e+003;4.662236e-001
3.114605e+003;4.682237e-001
3.115087e+003;4.702404e-001
3.115569e+003;4.722708e-001
3.116052e+003;4.743081e-001
3.116534e+003;4.763435e-001
3.117016e+003;4.783657e-001
3.117498e+003;4.803651e-001
3.117980e+003;4.823349e-001
3.118462e+003;4.842736e-001
3.118944e+003;4.861869e-001
3.119427e+003;4.880889e-001
3.119909e+003;4.899994e-001
3.120391e+003;4.919414e-001
3.120873e+003;4.939350e-001
3.121355e+003;4.959927e-001
3.121837e+003;4.981157e-001
3.122319e+003;5.002915e-001
3.122802e+003;5.024971e-001
3.123284e+003;5.047054e-001
3.123766e+003;5.068901e-001
3.124248e+003;5.090330e-001
3.124730e+003;5.111251e-001
3.125212e+003;5.131687e-001
3.125694e+003;5.151725e-001
3.126177e+003;5.171494e-001
3.126658e+003;5.191119e-001
3.127141e+003;5.210711e-001
3.127623e+003;5.230348e-001
3.128105e+003;5.250109e-001
3.128587e+003;5.270038e-001
3.129069e+003;5.290178e-001
3.129551e+003;5.310552e-001
3.130033e+003;5.331137e-001
3.130516e+003;5.351905e-001
3.130998e+003;5.372795e-001
3.131480e+003;5.393763e-001
3.131962e+003;5.414794e-001
3.132444e+003;5.435888e-001
3.132926e+003;5.457078e-001
3.133408e+003;5.478388e-001
3.133891e+003;5.499815e-001
3.134373e+003;5.521311e-001
3.134855e+003;5.542794e-001
3.135337e+003;5.564160e-001
3.135819e+003;5.585331e-001
3.136301e+003;5.606273e-001
3.136783e+003;5.627018e-001
3.137266e+003;5.647644e-001
3.137748e+003;5.668254e-001
3.138230e+003;5.688939e-001
3.138712e+003;5.709761e-001
3.139194e+003;5.730730e-001
3.139676e+003;5.751832e-001
3.140158e+003;5.773039e-001
3.140641e+003;5.794311e-001
3.141123e+003;5.815633e-001
3.141605e+003;5.837001e-001
3.142087e+003;5.858400e-001
3.142569e+003;5.879844e-001
3.143051e+003;5.901314e-001
3.143533e+003;5.922805e-001
3.144015e+003;5.944313e-001
3.144498e+003;5.965847e-001
3.144980e+003;5.987415e-001
3.145462e+003;6.009016e-001
3.145944e+003;6.030632e-001
3.146426e+003;6.052238e-001
3.146908e+003;6.073780e-001
3.147390e+003;6.095217e-001
3.147873e+003;6.116523e-001
3.148355e+003;6.137696e-001
3.148837e+003;6.158765e-001
3.149319e+003;6.179771e-001
3.149801e+003;6.200753e-001
3.150283e+003;6.221741e-001
3.150765e+003;6.242734e-001
3.151248e+003;6.263711e-001
3.151730e+003;6.284621e-001
3.152212e+003;6.305438e-001
3.152694e+003;6.326151e-001
3.153176e+003;6.346772e-001
3.153658e+003;6.367342e-001
3.154140e+003;6.387932e-001
3.154623e+003;6.408612e-001
3.155105e+003;6.429442e-001
3.155587e+003;6.450469e-001
3.156069e+003;6.471707e-001
3.156551e+003;6.493122e-001
3.157033e+003;6.514658e-001
3.157515e+003;6.536235e-001
3.157998e+003;6.557756e-001
3.158479e+003;6.579141e-001
3.158962e+003;6.600339e-001
3.159444e+003;6.621342e-001
3.159926e+003;6.642170e-001
3.160408e+003;6.662883e-001
3.160890e+003;6.683548e-001
3.161372e+003;6.704229e-001
3.161854e+003;6.724976e-001
3.162337e+003;6.745829e-001
3.162819e+003;6.766778e-001
3.163301e+003;6.787806e-001
3.163783e+003;6.808854e-001
3.164265e+003;6.829862e-001
3.164747e+003;6.850755e-001
3.165229e+003;6.871467e-001
3.165712e+003;6.891961e-001
3.166194e+003;6.912220e-001
3.166676e+003;6.932271e-001
3.167158e+003;6.952161e-001
3.167640e+003;6.971959e-001
3.168122e+003;6.991732e-001
3.168604e+003;7.011529e-001
3.169087e+003;7.031385e-001
3.169569e+003;7.051306e-001
3.170051e+003;7.071308e-001
3.170533e+003;7.091370e-001
3.171015e+003;7.111480e-001
3.171497e+003;7.131607e-001
3.171979e+003;7.151703e-001
3.172461e+003;7.171705e-001
3.172944e+003;7.191539e-001
3.173426e+003;7.211142e-001
3.173908e+003;7.230483e-001
3.174390e+003;7.249569e-001
3.174872e+003;7.268447e-001
3.175354e+003;7.287210e-001
3.175836e+003;7.305962e-001
3.176319e+003;7.324808e-001
3.176801e+003;7.343825e-001
3.177283e+003;7.363063e-001
3.177765e+003;7.382537e-001
3.178247e+003;7.402226e-001
3.178729e+003;7.422075e-001
3.179211e+003;7.441987e-001
3.179694e+003;7.461850e-001
3.180176e+003;7.481531e-001
3.180658e+003;7.500916e-001
3.181140e+003;7.519931e-001
3.181622e+003;7.538561e-001
3.182104e+003;7.556858e-001
3.182586e+003;7.574909e-001
3.183069e+003;7.592825e-001
3.183551e+003;7.610688e-001
3.184033e+003;7.628514e-001
3.184515e+003;7.646276e-001
3.184997e+003;7.663901e-001
3.185479e+003;7.681327e-001
3.185961e+003;7.698522e-001
3.186444e+003;7.715522e-001
3.186926e+003;7.732388e-001
3.187408e+003;7.749230e-001
3.187890e+003;7.766132e-001
3.188372e+003;7.783118e-001
3.188854e+003;7.800186e-001
3.189336e+003;7.817277e-001
3.189818e+003;7.834340e-001
3.190301e+003;7.851325e-001
3.190783e+003;7.868227e-001
3.191265e+003;7.885072e-001
3.191747e+003;7.901895e-001
3.192229e+003;7.918716e-001
3.192711e+003;7.935543e-001
3.193193e+003;7.952356e-001
3.193676e+003;7.969118e-001
3.194158e+003;7.985786e-001
3.194640e+003;8.002318e-001
3.195122e+003;8.018684e-001
3.195604e+003;8.034850e-001
3.196086e+003;8.050795e-001
3.196568e+003;8.066490e-001
3.197051e+003;8.081930e-001
3.197533e+003;8.097116e-001
3.198015e+003;8.112071e-001
3.198497e+003;8.126831e-001
3.198979e+003;8.141448e-001
3.199461e+003;8.155943e-001
3.199943e+003;8.170331e-001
3.200426e+003;8.184596e-001
3.200908e+003;8.198718e-001
3.201390e+003;8.212687e-001
3.201872e+003;8.226503e-001
3.202354e+003;8.240195e-001
3.202836e+003;8.253806e-001
3.203318e+003;8.267388e-001
3.203801e+003;8.280964e-001
3.204282e+003;8.294556e-001
3.204765e+003;8.308151e-001
3.205247e+003;8.321732e-001
3.205729e+003;8.335267e-001
3.206211e+003;8.348727e-001
3.206693e+003;8.362096e-001
3.207175e+003;8.375325e-001
3.207657e+003;8.388387e-001
3.208140e+003;8.401259e-001
3.208622e+003;8.413925e-001
3.209104e+003;8.426389e-001
3.209586e+003;8.438679e-001
3.210068e+003;8.450850e-001
3.210550e+003;8.462957e-001
3.211032e+003;8.475047e-001
3.211515e+003;8.487154e-001
3.211997e+003;8.499274e-001
3.212479e+003;8.511378e-001
3.212961e+003;8.523405e-001
3.213443e+003;8.535276e-001
3.213925e+003;8.546924e-001
3.214407e+003;8.558285e-001
3.214890e+003;8.569329e-001
3.215372e+003;8.580058e-001
3.215854e+003;8.590501e-001
3.216336e+003;8.600731e-001
3.216818e+003;8.610818e-001
3.217300e+003;8.620812e-001
3.217782e+003;8.630748e-001
3.218265e+003;8.640615e-001
3.218747e+003;8.650387e-001
3.219229e+003;8.660021e-001
3.219711e+003;8.669509e-001
3.220193e+003;8.678856e-001
3.220675e+003;8.688114e-001
3.221157e+003;8.697340e-001
3.221639e+003;8.706554e-001
3.222122e+003;8.715746e-001
3.222604e+003;8.724861e-001
3.223086e+003;8.733792e-001
3.223568e+003;8.742464e-001
3.224050e+003;8.750836e-001
3.224532e+003;8.758916e-001
3.225014e+003;8.766783e-001
3.225497e+003;8.774517e-001
3.225979e+003;8.782189e-001
3.226461e+003;8.789805e-001
3.226943e+003;8.797328e-001
3.227425e+003;8.804702e-001
3.227907e+003;8.811868e-001
3.228389e+003;8.818821e-001
3.228872e+003;8.825616e-001
3.229354e+003;8.832342e-001
3.229836e+003;8.839079e-001
3.230318e+003;8.845872e-001
3.230800e+003;8.852692e-001
3.231282e+003;8.859462e-001
3.231764e+003;8.866085e-001
3.232247e+003;8.872462e-001
3.232729e+003;8.878559e-001
3.233211e+003;8.884392e-001
3.233693e+003;8.890033e-001
3.234175e+003;8.895560e-001
3.234657e+003;8.901051e-001
3.235139e+003;8.906557e-001
3.235622e+003;8.912117e-001
3.236104e+003;8.917739e-001
3.236586e+003;8.923434e-001
3.237068e+003;8.929192e-001
3.237550e+003;8.934982e-001
3.238032e+003;8.940743e-001
3.238514e+003;8.946381e-001
3.238996e+003;8.951790e-001
3.239479e+003;8.956893e-001
3.239961e+003;8.961638e-001
3.240443e+003;8.966029e-001
3.240925e+003;8.970133e-001
3.241407e+003;8.974029e-001
3.241889e+003;8.977795e-001
3.242371e+003;8.981481e-001
3.242854e+003;8.985106e-001
3.243336e+003;8.988662e-001
3.243818e+003;8.992131e-001
3.244300e+003;8.995520e-001
3.244782e+003;8.998852e-001
3.245264e+003;9.002162e-001
3.245746e+003;9.005466e-001
3.246229e+003;9.008765e-001
3.246711e+003;9.012030e-001
3.247193e+003;9.015229e-001
3.247675e+003;9.018318e-001
3.248157e+003;9.021295e-001
3.248639e+003;9.024186e-001
3.249121e+003;9.027039e-001
3.249604e+003;9.029902e-001
3.250086e+003;9.032819e-001
3.250568e+003;9.035786e-001
3.251050e+003;9.038776e-001
3.251532e+003;9.041718e-001
3.252014e+003;9.044546e-001
3.252496e+003;9.047208e-001
3.252979e+003;9.049680e-001
3.253460e+003;9.051974e-001
3.253943e+003;9.054126e-001
3.254425e+003;9.056207e-001
3.254907e+003;9.058286e-001
3.255389e+003;9.060404e-001
3.255871e+003;9.062542e-001
3.256353e+003;9.064634e-001
3.256835e+003;9.066559e-001
3.257318e+003;9.068189e-001
3.257800e+003;9.069402e-001
3.258282e+003;9.070169e-001
3.258764e+003;9.070569e-001
3.259246e+003;9.070767e-001
3.259728e+003;9.071002e-001
3.260210e+003;9.071501e-001
3.260693e+003;9.072435e-001
3.261175e+003;9.073833e-001
3.261657e+003;9.075589e-001
3.262139e+003;9.077510e-001
3.262621e+003;9.079365e-001
3.263103e+003;9.080954e-001
3.263585e+003;9.082178e-001
3.264068e+003;9.083041e-001
3.264550e+003;9.083660e-001
3.265032e+003;9.084200e-001
3.265514e+003;9.084820e-001
3.265996e+003;9.085672e-001
3.266478e+003;9.086810e-001
3.266960e+003;9.088229e-001
3.267443e+003;9.089849e-001
3.267925e+003;9.091544e-001
3.268407e+003;9.093150e-001
3.268889e+003;9.094508e-001
3.269371e+003;9.095478e-001
3.269853e+003;9.096010e-001
3.270335e+003;9.096141e-001
3.270817e+003;9.095992e-001
3.271300e+003;9.095757e-001
3.271782e+003;9.095652e-001
3.272264e+003;9.095829e-001
3.272746e+003;9.096372e-001
3.273228e+003;9.097235e-001
3.273710e+003;9.098312e-001
3.274192e+003;9.099450e-001
3.274675e+003;9.100512e-001
3.275157e+003;9.101412e-001
3.275639e+003;9.102151e-001
3.276121e+003;9.102775e-001
3.276603e+003;9.103329e-001
3.277085e+003;9.103845e-001
3.277567e+003;9.104325e-001
3.278050e+003;9.104719e-001
3.278532e+003;9.104970e-001
3.279014e+003;9.105042e-001
3.279496e+003;9.104938e-001
3.279978e+003;9.104699e-001
3.280460e+003;9.104426e-001
3.280942e+003;9.104221e-001
3.281425e+003;9.104218e-001
3.281907e+003;9.104507e-001
3.282389e+003;9.105169e-001
3.282871e+003;9.106231e-001
3.283353e+003;9.107652e-001
3.283835e+003;9.109336e-001
3.284317e+003;9.111091e-001
3.284800e+003;9.112696e-001
3.285281e+003;9.113915e-001
3.285764e+003;9.114578e-001
3.286246e+003;9.114586e-001
3.286728e+003;9.113991e-001
3.287210e+003;9.112934e-001
3.287692e+003;9.111637e-001
3.288174e+003;9.110336e-001
3.288656e+003;9.109218e-001
3.289139e+003;9.108394e-001
3.289621e+003;9.107888e-001
3.290103e+003;9.107655e-001
3.290585e+003;9.107615e-001
3.291067e+003;9.107701e-001
3.291549e+003;9.107868e-001
3.292031e+003;9.108078e-001
3.292514e+003;9.108326e-001
3.292996e+003;9.108593e-001
3.293478e+003;9.108868e-001
3.293960e+003;9.109114e-001
3.294442e+003;9.109308e-001
3.294924e+003;9.109444e-001
3.295406e+003;9.109529e-001
3.295889e+003;9.109617e-001
3.296371e+003;9.109761e-001
3.296853e+003;9.110024e-001
3.297335e+003;9.110451e-001
3.297817e+003;9.111049e-001
3.298299e+003;9.111788e-001
3.298781e+003;9.112610e-001
3.299264e+003;9.113426e-001
3.299746e+003;9.114155e-001
3.300228e+003;9.114726e-001
3.300710e+003;9.115134e-001
3.301192e+003;9.115393e-001
3.301674e+003;9.115572e-001
3.302156e+003;9.115758e-001
3.302638e+003;9.116015e-001
3.303121e+003;9.116393e-001
3.303603e+003;9.116884e-001
3.304085e+003;9.117447e-001
3.304567e+003;9.118026e-001
3.305049e+003;9.118563e-001
3.305531e+003;9.119023e-001
3.306013e+003;9.119387e-001
3.306496e+003;9.119673e-001
3.306978e+003;9.119893e-001
3.307460e+003;9.120027e-001
3.307942e+003;9.120061e-001
3.308424e+003;9.119948e-001
3.308906e+003;9.119657e-001
3.309388e+003;9.119189e-001
3.309871e+003;9.118586e-001
3.310353e+003;9.117923e-001
3.310835e+003;9.117305e-001
3.311317e+003;9.116830e-001
3.311799e+003;9.116560e-001
3.312281e+003;9.116508e-001
3.312763e+003;9.116633e-001
3.313246e+003;9.116851e-001
3.313728e+003;9.117069e-001
3.314210e+003;9.117218e-001
3.314692e+003;9.117264e-001
3.315174e+003;9.117217e-001
3.315656e+003;9.117132e-001
3.316138e+003;9.117078e-001
3.316621e+003;9.117130e-001
3.317103e+003;9.117305e-001
3.317585e+003;9.117587e-001
3.318067e+003;9.117894e-001
3.318549e+003;9.118124e-001
3.319031e+003;9.118167e-001
3.319513e+003;9.117948e-001
3.319995e+003;9.117460e-001
3.320478e+003;9.116759e-001
3.320960e+003;9.115945e-001
3.321442e+003;9.115118e-001
3.321924e+003;9.114372e-001
3.322406e+003;9.113745e-001
3.322888e+003;9.113218e-001
3.323370e+003;9.112758e-001
3.323853e+003;9.112307e-001
3.324335e+003;9.111842e-001
3.324817e+003;9.111360e-001
3.325299e+003;9.110872e-001
3.325781e+003;9.110407e-001
3.326263e+003;9.109975e-001
3.326745e+003;9.109551e-001
3.327228e+003;9.109088e-001
3.327710e+003;9.108561e-001
3.328192e+003;9.107948e-001
3.328674e+003;9.107266e-001
3.329156e+003;9.106557e-001
3.329638e+003;9.105876e-001
3.330120e+003;9.105263e-001
3.330603e+003;9.104723e-001
3.331085e+003;9.104238e-001
3.331567e+003;9.103761e-001
3.332049e+003;9.103246e-001
3.332531e+003;9.102664e-001
3.333013e+003;9.101976e-001
3.333495e+003;9.101186e-001
3.333978e+003;9.100270e-001
3.334459e+003;9.099223e-001
3.334942e+003;9.098025e-001
3.335424e+003;9.096684e-001
3.335906e+003;9.095213e-001
3.336388e+003;9.093621e-001
3.336870e+003;9.091914e-001
3.337352e+003;9.090074e-001
3.337834e+003;9.088057e-001
3.338317e+003;9.085799e-001
3.338799e+003;9.083232e-001
3.339281e+003;9.080341e-001
3.339763e+003;9.077197e-001
3.340245e+003;9.073932e-001
3.340727e+003;9.070718e-001
3.341209e+003;9.067748e-001
3.341692e+003;9.065151e-001
3.342174e+003;9.062968e-001
3.342656e+003;9.061137e-001
3.343138e+003;9.059541e-001
3.343620e+003;9.058028e-001
3.344102e+003;9.056454e-001
3.344584e+003;9.054725e-001
3.345067e+003;9.052778e-001
3.345549e+003;9.050583e-001
3.346031e+003;9.048113e-001
3.346513e+003;9.045345e-001
3.346995e+003;9.042276e-001
3.347477e+003;9.038931e-001
3.347959e+003;9.035375e-001
3.348442e+003;9.031715e-001
3.348924e+003;9.028079e-001
3.349406e+003;9.024579e-001
3.349888e+003;9.021254e-001
3.350370e+003;9.018102e-001
3.350852e+003;9.015036e-001
3.351334e+003;9.011952e-001
3.351816e+003;9.008731e-001
3.352299e+003;9.005307e-001
3.352781e+003;9.001644e-001
3.353263e+003;8.997759e-001
3.353745e+003;8.993671e-001
3.354227e+003;8.989409e-001
3.354709e+003;8.984985e-001
3.355191e+003;8.980410e-001
3.355674e+003;8.975684e-001
3.356156e+003;8.970808e-001
3.356638e+003;8.965799e-001
3.357120e+003;8.960683e-001
3.357602e+003;8.955489e-001
3.358084e+003;8.950251e-001
3.358566e+003;8.945013e-001
3.359049e+003;8.939828e-001
3.359531e+003;8.934749e-001
3.360013e+003;8.929858e-001
3.360495e+003;8.925186e-001
3.360977e+003;8.920732e-001
3.361459e+003;8.916430e-001
3.361941e+003;8.912163e-001
3.362424e+003;8.907779e-001
3.362906e+003;8.903126e-001
3.363388e+003;8.898082e-001
3.363870e+003;8.892586e-001
3.364352e+003;8.886629e-001
3.364834e+003;8.880250e-001
3.365316e+003;8.873508e-001
3.365799e+003;8.866450e-001
3.366281e+003;8.859127e-001
3.366763e+003;8.851592e-001
3.367245e+003;8.843919e-001
3.367727e+003;8.836204e-001
3.368209e+003;8.828589e-001
3.368691e+003;8.821224e-001
3.369173e+003;8.814208e-001
3.369656e+003;8.807584e-001
3.370138e+003;8.801301e-001
3.370620e+003;8.795201e-001
3.371102e+003;8.789068e-001
3.371584e+003;8.782675e-001
3.372066e+003;8.775830e-001
3.372548e+003;8.768433e-001
3.373031e+003;8.760488e-001
3.373513e+003;8.752086e-001
3.373995e+003;8.743382e-001
3.374477e+003;8.734535e-001
3.374959e+003;8.725684e-001
3.375441e+003;8.716896e-001
3.375923e+003;8.708191e-001
3.376406e+003;8.699543e-001
3.376888e+003;8.690915e-001
3.377370e+003;8.682261e-001
3.377852e+003;8.673574e-001
3.378334e+003;8.664842e-001
3.378816e+003;8.656048e-001
3.379298e+003;8.647180e-001
3.379781e+003;8.638180e-001
3.380263e+003;8.629018e-001
3.380745e+003;8.619663e-001
3.381227e+003;8.610116e-001
3.381709e+003;8.600425e-001
3.382191e+003;8.590661e-001
3.382673e+003;8.580878e-001
3.383156e+003;8.571091e-001
3.383637e+003;8.561267e-001
3.384120e+003;8.551326e-001
3.384602e+003;8.541179e-001
3.385084e+003;8.530756e-001
3.385566e+003;8.520067e-001
3.386048e+003;8.509209e-001
3.386530e+003;8.498304e-001
3.387012e+003;8.487489e-001
3.387495e+003;8.476843e-001
3.387977e+003;8.466355e-001
3.388459e+003;8.455927e-001
3.388941e+003;8.445413e-001
3.389423e+003;8.434690e-001
3.389905e+003;8.423676e-001
3.390387e+003;8.412388e-001
3.390870e+003;8.400924e-001
3.391352e+003;8.389410e-001
3.391834e+003;8.377958e-001
3.392316e+003;8.366621e-001
3.392798e+003;8.355393e-001
3.393280e+003;8.344201e-001
3.393762e+003;8.332958e-001
3.394245e+003;8.321577e-001
3.394727e+003;8.310008e-001
3.395209e+003;8.298226e-001
3.395691e+003;8.286245e-001
3.396173e+003;8.274083e-001
3.396655e+003;8.261769e-001
3.397137e+003;8.249344e-001
3.397620e+003;8.236849e-001
3.398102e+003;8.224313e-001
3.398584e+003;8.211762e-001
3.399066e+003;8.199209e-001
3.399548e+003;8.186645e-001
3.400030e+003;8.174016e-001
3.400512e+003;8.161272e-001
3.400994e+003;8.148357e-001
3.401477e+003;8.135249e-001
3.401959e+003;8.121952e-001
3.402441e+003;8.108487e-001
3.402923e+003;8.094904e-001
3.403405e+003;8.081239e-001
3.403887e+003;8.067508e-001
3.404369e+003;8.053698e-001
3.404852e+003;8.039817e-001
3.405334e+003;8.025840e-001
3.405816e+003;8.011758e-001
3.406298e+003;7.997596e-001
3.406780e+003;7.983357e-001
3.407262e+003;7.969068e-001
3.407744e+003;7.954738e-001
3.408227e+003;7.940357e-001
3.408709e+003;7.925950e-001
3.409191e+003;7.911537e-001
3.409673e+003;7.897149e-001
3.410155e+003;7.882820e-001
3.410637e+003;7.868576e-001
3.411119e+003;7.854431e-001
3.411602e+003;7.840357e-001
3.412084e+003;7.826315e-001
3.412566e+003;7.812256e-001
3.413048e+003;7.798135e-001
3.413530e+003;7.783910e-001
3.414012e+003;7.769557e-001
3.414494e+003;7.755059e-001
3.414977e+003;7.740399e-001
3.415458e+003;7.725575e-001
3.415941e+003;7.710578e-001
3.416423e+003;7.695430e-001
3.416905e+003;7.680172e-001
3.417387e+003;7.664854e-001
3.417869e+003;7.649534e-001
3.418351e+003;7.634254e-001
3.418833e+003;7.619049e-001
3.419316e+003;7.603913e-001
3.419798e+003;7.588829e-001
3.420280e+003;7.573782e-001
3.420762e+003;7.558746e-001
3.421244e+003;7.543702e-001
3.421726e+003;7.528618e-001
3.422208e+003;7.513462e-001
3.422691e+003;7.498175e-001
3.423173e+003;7.482715e-001
3.423655e+003;7.467031e-001
3.424137e+003;7.451131e-001
3.424619e+003;7.435057e-001
3.425101e+003;7.418874e-001
3.425583e+003;7.402685e-001
3.426066e+003;7.386552e-001
3.426548e+003;7.370523e-001
3.427030e+003;7.354606e-001
3.427512e+003;7.338798e-001
3.427994e+003;7.323094e-001
3.428476e+003;7.307516e-001
3.428958e+003;7.292085e-001
3.429441e+003;7.276824e-001
3.429923e+003;7.261715e-001
3.430405e+003;7.246693e-001
3.430887e+003;7.231625e-001
3.431369e+003;7.216362e-001
3.431851e+003;7.200788e-001
3.432333e+003;7.184842e-001
3.432815e+003;7.168559e-001
3.433298e+003;7.152068e-001
3.433780e+003;7.135510e-001
3.434262e+003;7.119052e-001
3.434744e+003;7.102785e-001
3.435226e+003;7.086732e-001
3.435708e+003;7.070854e-001
3.436190e+003;7.055074e-001
3.436673e+003;7.039329e-001
3.437155e+003;7.023590e-001
3.437637e+003;7.007864e-001
3.438119e+003;6.992210e-001
3.438601e+003;6.976686e-001
3.439083e+003;6.961323e-001
3.439565e+003;6.946124e-001
3.440048e+003;6.931057e-001
3.440530e+003;6.916031e-001
3.441012e+003;6.900954e-001
3.441494e+003;6.885713e-001
3.441976e+003;6.870242e-001
3.442458e+003;6.854495e-001
3.442940e+003;6.838477e-001
3.443423e+003;6.822265e-001
3.443905e+003;6.805954e-001
3.444387e+003;6.789659e-001
3.444869e+003;6.773492e-001
3.445351e+003;6.757498e-001
3.445833e+003;6.741680e-001
3.446315e+003;6.725974e-001
3.446798e+003;6.710287e-001
3.447280e+003;6.694511e-001
3.447762e+003;6.678579e-001
3.448244e+003;6.662465e-001
3.448726e+003;6.646191e-001
3.449208e+003;6.629816e-001
3.449690e+003;6.613422e-001
3.450172e+003;6.597071e-001
3.450655e+003;6.580820e-001
3.451137e+003;6.564698e-001
3.451619e+003;6.548738e-001
3.452101e+003;6.532964e-001
3.452583e+003;6.517399e-001
3.453065e+003;6.502048e-001
3.453547e+003;6.486920e-001
3.454030e+003;6.471956e-001
3.454512e+003;6.457080e-001
3.454994e+003;6.442175e-001
3.455476e+003;6.427116e-001
3.455958e+003;6.411776e-001
3.456440e+003;6.396083e-001
3.456922e+003;6.380013e-001
3.457405e+003;6.363617e-001
3.457887e+003;6.347010e-001
3.458369e+003;6.330355e-001
3.458851e+003;6.313837e-001
3.459333e+003;6.297619e-001
3.459815e+003;6.281787e-001
3.460297e+003;6.266354e-001
3.460780e+003;6.251264e-001
3.461262e+003;6.236373e-001
3.461744e+003;6.221547e-001
3.462226e+003;6.206660e-001
3.462708e+003;6.191649e-001
3.463190e+003;6.176518e-001
3.463672e+003;6.161315e-001
3.464155e+003;6.146109e-001
3.464636e+003;6.130954e-001
3.465119e+003;6.115854e-001
3.465601e+003;6.100781e-001
3.466083e+003;6.085668e-001
3.466565e+003;6.070476e-001
3.467047e+003;6.055164e-001
3.467529e+003;6.039757e-001
3.468011e+003;6.024301e-001
3.468494e+003;6.008853e-001
3.468976e+003;5.993478e-001
3.469458e+003;5.978203e-001
3.469940e+003;5.963036e-001
3.470422e+003;5.947959e-001
3.470904e+003;5.932948e-001
3.471386e+003;5.917959e-001
3.471869e+003;5.902937e-001
3.472351e+003;5.887824e-001
3.472833e+003;5.872567e-001
3.473315e+003;5.857102e-001
3.473797e+003;5.841423e-001
3.474279e+003;5.825558e-001
3.474761e+003;5.809608e-001
3.475244e+003;5.793694e-001
3.475726e+003;5.777987e-001
3.476208e+003;5.762618e-001
3.476690e+003;5.747669e-001
3.477172e+003;5.733140e-001
3.477654e+003;5.718954e-001
3.478136e+003;5.704960e-001
3.478619e+003;5.690997e-001
3.479101e+003;5.676904e-001
3.479583e+003;5.662555e-001
3.480065e+003;5.647890e-001
3.480547e+003;5.632928e-001
3.481029e+003;5.617726e-001
3.481511e+003;5.602401e-001
3.481993e+003;5.587084e-001
3.482476e+003;5.571890e-001
3.482958e+003;5.556889e-001
3.483440e+003;5.542122e-001
3.483922e+003;5.527556e-001
3.484404e+003;5.513148e-001
3.484886e+003;5.498833e-001
3.485368e+003;5.484570e-001
3.485851e+003;5.470335e-001
3.486333e+003;5.456129e-001
3.486815e+003;5.441954e-001
3.487297e+003;5.427786e-001
3.487779e+003;5.413579e-001
3.488261e+003;5.399265e-001
3.488743e+003;5.384778e-001
3.489226e+003;5.370076e-001
3.489708e+003;5.355189e-001
3.490190e+003;5.340181e-001
3.490672e+003;5.325143e-001
3.491154e+003;5.310166e-001
3.491636e+003;5.295283e-001
3.492118e+003;5.280471e-001
3.492601e+003;5.265667e-001
3.493083e+003;5.250803e-001
3.493565e+003;5.235845e-001
3.494047e+003;5.220825e-001
3.494529e+003;5.205827e-001
3.495011e+003;5.190954e-001
3.495493e+003;5.176280e-001
3.495976e+003;5.161830e-001
3.496458e+003;5.147569e-001
3.496940e+003;5.133407e-001
3.497422e+003;5.119258e-001
3.497904e+003;5.105075e-001
3.498386e+003;5.090865e-001
3.498868e+003;5.076687e-001
3.499350e+003;5.062613e-001
3.499833e+003;5.048690e-001
3.500315e+003;5.034909e-001
3.500797e+003;5.021205e-001
3.501279e+003;5.007478e-001
3.501761e+003;4.993618e-001
3.502243e+003;4.979545e-001
3.502725e+003;4.965231e-001
3.503208e+003;4.950692e-001
3.503690e+003;4.935987e-001
3.504172e+003;4.921183e-001
3.504654e+003;4.906355e-001
3.505136e+003;4.891566e-001
3.505618e+003;4.876871e-001
3.506100e+003;4.862303e-001
3.506583e+003;4.847869e-001
3.507065e+003;4.833548e-001
3.507547e+003;4.819312e-001
3.508029e+003;4.805097e-001
3.508511e+003;4.790850e-001
3.508993e+003;4.776531e-001
3.509475e+003;4.762136e-001
3.509958e+003;4.747680e-001
3.510440e+003;4.733206e-001
3.510922e+003;4.718742e-001
3.511404e+003;4.704320e-001
3.511886e+003;4.689935e-001
3.512368e+003;4.675569e-001
3.512850e+003;4.661220e-001
3.513333e+003;4.646890e-001
3.513814e+003;4.632605e-001
3.514297e+003;4.618414e-001
3.514779e+003;4.604340e-001
3.515261e+003;4.590389e-001
3.515743e+003;4.576512e-001
3.516225e+003;4.562630e-001
3.516707e+003;4.548652e-001
3.517189e+003;4.534525e-001
3.517672e+003;4.520240e-001
3.518154e+003;4.505846e-001
3.518636e+003;4.491451e-001
3.519118e+003;4.477180e-001
3.519600e+003;4.463138e-001
3.520082e+003;4.449366e-001
3.520564e+003;4.435857e-001
3.521047e+003;4.422538e-001
3.521529e+003;4.409304e-001
3.522011e+003;4.396045e-001
3.522493e+003;4.382669e-001
3.522975e+003;4.369147e-001
3.523457e+003;4.355483e-001
3.523939e+003;4.341722e-001
3.524422e+003;4.327930e-001
3.524904e+003;4.314162e-001
3.525386e+003;4.300451e-001
3.525868e+003;4.286762e-001
3.526350e+003;4.273061e-001
3.526832e+003;4.259288e-001
3.527314e+003;4.245385e-001
3.527797e+003;4.231361e-001
3.528279e+003;4.217262e-001
3.528761e+003;4.203185e-001
3.529243e+003;4.189231e-001
3.529725e+003;4.175495e-001
3.530207e+003;4.162014e-001
3.530689e+003;4.148760e-001
3.531171e+003;4.135663e-001
3.531654e+003;4.122593e-001
3.532136e+003;4.109456e-001
3.532618e+003;4.096179e-001
3.533100e+003;4.082743e-001
3.533582e+003;4.069165e-001
3.534064e+003;4.055468e-001
3.534546e+003;4.041682e-001
3.535029e+003;4.027814e-001
3.535511e+003;4.013834e-001
3.535993e+003;3.999744e-001
3.536475e+003;3.985550e-001
3.536957e+003;3.971293e-001
3.537439e+003;3.957071e-001
3.537921e+003;3.942972e-001
3.538404e+003;3.929096e-001
3.538886e+003;3.915486e-001
3.539368e+003;3.902131e-001
3.539850e+003;3.888965e-001
3.540332e+003;3.875907e-001
3.540814e+003;3.862859e-001
3.541296e+003;3.849773e-001
3.541779e+003;3.836631e-001
3.542261e+003;3.823484e-001
3.542743e+003;3.810400e-001
3.543225e+003;3.797460e-001
3.543707e+003;3.784724e-001
3.544189e+003;3.772186e-001
3.544671e+003;3.759792e-001
3.545154e+003;3.747449e-001
3.545635e+003;3.735020e-001
3.546118e+003;3.722396e-001
3.546600e+003;3.709517e-001
3.547082e+003;3.696349e-001
3.547564e+003;3.682951e-001
3.548046e+003;3.669407e-001
3.548528e+003;3.655818e-001
3.549010e+003;3.642280e-001
3.549493e+003;3.628835e-001
3.549975e+003;3.615517e-001
3.550457e+003;3.602321e-001
3.550939e+003;3.589233e-001
3.551421e+003;3.576259e-001
3.551903e+003;3.563418e-001
3.552385e+003;3.550744e-001
3.552868e+003;3.538254e-001
3.553350e+003;3.525963e-001
3.553832e+003;3.513847e-001
3.554314e+003;3.501843e-001
3.554796e+003;3.489884e-001
3.555278e+003;3.477904e-001
3.555760e+003;3.465844e-001
3.556243e+003;3.453667e-001
3.556725e+003;3.441359e-001
3.557207e+003;3.428906e-001
3.557689e+003;3.416315e-001
3.558171e+003;3.403591e-001
3.558653e+003;3.390741e-001
3.559135e+003;3.377800e-001
3.559618e+003;3.364815e-001
3.560100e+003;3.351842e-001
3.560582e+003;3.338961e-001
3.561064e+003;3.326236e-001
3.561546e+003;3.313719e-001
3.562028e+003;3.301450e-001
3.562510e+003;3.289429e-001
3.562992e+003;3.277658e-001
3.563475e+003;3.266112e-001
3.563957e+003;3.254745e-001
3.564439e+003;3.243482e-001
3.564921e+003;3.232222e-001
3.565403e+003;3.220855e-001
3.565885e+003;3.209256e-001
3.566367e+003;3.197329e-001
3.566850e+003;3.185028e-001
3.567332e+003;3.172382e-001
3.567814e+003;3.159471e-001
3.568296e+003;3.146435e-001
3.568778e+003;3.133434e-001
3.569260e+003;3.120609e-001
3.569742e+003;3.108053e-001
3.570225e+003;3.095802e-001
3.570707e+003;3.083823e-001
3.571189e+003;3.072050e-001
3.571671e+003;3.060398e-001
3.572153e+003;3.048811e-001
3.572635e+003;3.037258e-001
3.573117e+003;3.025766e-001
3.573600e+003;3.014399e-001
3.574082e+003;3.003222e-001
3.574564e+003;2.992293e-001
3.575046e+003;2.981614e-001
3.575528e+003;2.971137e-001
3.576010e+003;2.960765e-001
3.576492e+003;2.950371e-001
3.576974e+003;2.939856e-001
3.577457e+003;2.929150e-001
3.577939e+003;2.918256e-001
3.578421e+003;2.907216e-001
3.578903e+003;2.896108e-001
3.579385e+003;2.884988e-001
3.579867e+003;2.873868e-001
3.580349e+003;2.862722e-001
3.580832e+003;2.851480e-001
3.581314e+003;2.840076e-001
3.581796e+003;2.828480e-001
3.582278e+003;2.816727e-001
3.582760e+003;2.804907e-001
3.583242e+003;2.793147e-001
3.583724e+003;2.781565e-001
3.584207e+003;2.770256e-001
3.584689e+003;2.759257e-001
3.585171e+003;2.748550e-001
3.585653e+003;2.738082e-001
3.586135e+003;2.727773e-001
3.586617e+003;2.717566e-001
3.587099e+003;2.707397e-001
3.587582e+003;2.697211e-001
3.588064e+003;2.686960e-001
3.588546e+003;2.676592e-001
3.589028e+003;2.666050e-001
3.589510e+003;2.655290e-001
3.589992e+003;2.644311e-001
3.590474e+003;2.633132e-001
3.590957e+003;2.621802e-001
3.591438e+003;2.610405e-001
3.591921e+003;2.599033e-001
3.592403e+003;2.587768e-001
3.592885e+003;2.576682e-001
3.593367e+003;2.565831e-001
3.593849e+003;2.555234e-001
3.594331e+003;2.544885e-001
3.594813e+003;2.534740e-001
3.595296e+003;2.524725e-001
3.595778e+003;2.514729e-001
3.596260e+003;2.504654e-001
3.596742e+003;2.494405e-001
3.597224e+003;2.483959e-001
3.597706e+003;2.473341e-001
3.598188e+003;2.462632e-001
3.598671e+003;2.451918e-001
3.599153e+003;2.441318e-001
3.599635e+003;2.430879e-001
3.600117e+003;2.420615e-001
3.600599e+003;2.410469e-001
3.601081e+003;2.400352e-001
3.601563e+003;2.390175e-001
3.602046e+003;2.379872e-001
3.602528e+003;2.369405e-001
3.603010e+003;2.358785e-001
3.603492e+003;2.348047e-001
3.603974e+003;2.337253e-001
3.604456e+003;2.326479e-001
3.604938e+003;2.315787e-001
3.605421e+003;2.305255e-001
3.605903e+003;2.294919e-001
3.606385e+003;2.284799e-001
3.606867e+003;2.274886e-001
3.607349e+003;2.265139e-001
3.607831e+003;2.255490e-001
3.608313e+003;2.245880e-001
3.608795e+003;2.236254e-001
3.609278e+003;2.226603e-001
3.609760e+003;2.216929e-001
3.610242e+003;2.207253e-001
3.610724e+003;2.197567e-001
3.611206e+003;2.187840e-001
3.611688e+003;2.177989e-001
3.612170e+003;2.167925e-001
3.612653e+003;2.157541e-001
3.613135e+003;2.146798e-001
3.613617e+003;2.135713e-001
3.614099e+003;2.124369e-001
3.614581e+003;2.112908e-001
3.615063e+003;2.101511e-001
3.615545e+003;2.090345e-001
3.616028e+003;2.079537e-001
3.616510e+003;2.069156e-001
3.616992e+003;2.059199e-001
3.617474e+003;2.049603e-001
3.617956e+003;2.040230e-001
3.618438e+003;2.030925e-001
3.618920e+003;2.021523e-001
3.619403e+003;2.011901e-001
3.619885e+003;2.001997e-001
3.620367e+003;1.991829e-001
3.620849e+003;1.981476e-001
3.621331e+003;1.971030e-001
3.621813e+003;1.960564e-001
3.622295e+003;1.950079e-001
3.622778e+003;1.939501e-001
3.623260e+003;1.928717e-001
3.623742e+003;1.917617e-001
3.624224e+003;1.906169e-001
3.624706e+003;1.894476e-001
3.625188e+003;1.882764e-001
3.625670e+003;1.871348e-001
3.626152e+003;1.860523e-001
3.626635e+003;1.850481e-001
3.627117e+003;1.841218e-001
3.627599e+003;1.832526e-001
3.628081e+003;1.824009e-001
3.628563e+003;1.815209e-001
3.629045e+003;1.805748e-001
3.629527e+003;1.795409e-001
3.630010e+003;1.784211e-001
3.630492e+003;1.772365e-001
3.630974e+003;1.760213e-001
3.631456e+003;1.748098e-001
3.631938e+003;1.736274e-001
3.632420e+003;1.724891e-001
3.632902e+003;1.713930e-001
3.633385e+003;1.703282e-001
3.633867e+003;1.692761e-001
3.634349e+003;1.682206e-001
3.634831e+003;1.671496e-001
3.635313e+003;1.660575e-001
3.635795e+003;1.649461e-001
3.636277e+003;1.638231e-001
3.636760e+003;1.626955e-001
3.637242e+003;1.615682e-001
3.637724e+003;1.604450e-001
3.638206e+003;1.593233e-001
3.638688e+003;1.581986e-001
3.639170e+003;1.570641e-001
3.639652e+003;1.559139e-001
3.640135e+003;1.547439e-001
3.640616e+003;1.535536e-001
3.641099e+003;1.523450e-001
3.641581e+003;1.511233e-001
3.642063e+003;1.498945e-001
3.642545e+003;1.486646e-001
3.643027e+003;1.474389e-001
3.643509e+003;1.462194e-001
3.643991e+003;1.450081e-001
3.644474e+003;1.438045e-001
3.644956e+003;1.426072e-001
3.645438e+003;1.414154e-001
3.645920e+003;1.402308e-001
3.646402e+003;1.390578e-001
3.646884e+003;1.379023e-001
3.647366e+003;1.367693e-001
3.647849e+003;1.356606e-001
3.648331e+003;1.345713e-001
3.648813e+003;1.334875e-001
3.649295e+003;1.323894e-001
3.649777e+003;1.312537e-001
3.650259e+003;1.300622e-001
3.650741e+003;1.288065e-001
3.651224e+003;1.274915e-001
3.651706e+003;1.261382e-001
3.652188e+003;1.247737e-001
3.652670e+003;1.234300e-001
3.653152e+003;1.221320e-001
3.653634e+003;1.208937e-001
3.654116e+003;1.197139e-001
3.654599e+003;1.185791e-001
3.655081e+003;1.174659e-001
3.655563e+003;1.163505e-001
3.656045e+003;1.152129e-001
3.656527e+003;1.140419e-001
3.657009e+003;1.128380e-001
3.657491e+003;1.116079e-001
3.657973e+003;1.103650e-001
3.658456e+003;1.091226e-001
3.658938e+003;1.078914e-001
3.659420e+003;1.066790e-001
3.659902e+003;1.054869e-001
3.660384e+003;1.043128e-001
3.660866e+003;1.031510e-001
3.661348e+003;1.019934e-001
3.661831e+003;1.008323e-001
3.662313e+003;9.966173e-002
3.662795e+003;9.847635e-002
3.663277e+003;9.727543e-002
3.663759e+003;9.605873e-002
3.664241e+003;9.482837e-002
3.664723e+003;9.358680e-002
3.665206e+003;9.233906e-002
3.665688e+003;9.109225e-002
3.666170e+003;8.985753e-002
3.666652e+003;8.865044e-002
3.667134e+003;8.748915e-002
3.667616e+003;8.638858e-002
3.668098e+003;8.535594e-002
3.668581e+003;8.438664e-002
3.669063e+003;8.346035e-002
3.669545e+003;8.254460e-002
3.670027e+003;8.160355e-002
3.670509e+003;8.060665e-002
3.670991e+003;7.954288e-002
3.671473e+003;7.842229e-002
3.671956e+003;7.727578e-002
3.672438e+003;7.614385e-002
3.672920e+003;7.506740e-002
3.673402e+003;7.407390e-002
3.673884e+003;7.316883e-002
3.674366e+003;7.233424e-002
3.674848e+003;7.153527e-002
3.675330e+003;7.073026e-002
3.675813e+003;6.988563e-002
3.676295e+003;6.898437e-002
3.676777e+003;6.803165e-002
3.677259e+003;6.704673e-002
3.677741e+003;6.605569e-002
3.678223e+003;6.508277e-002
3.678705e+003;6.414346e-002
3.679188e+003;6.324340e-002
3.679670e+003;6.237897e-002
3.680152e+003;6.154382e-002
3.680634e+003;6.073144e-002
3.681116e+003;5.993585e-002
3.681598e+003;5.915210e-002
3.682080e+003;5.837424e-002
3.682563e+003;5.759441e-002
3.683045e+003;5.680425e-002
3.683527e+003;5.599849e-002
3.684009e+003;5.518029e-002
3.684491e+003;5.436305e-002
3.684973e+003;5.356978e-002
3.685455e+003;5.282792e-002
3.685938e+003;5.216079e-002
3.686420e+003;5.157866e-002
3.686902e+003;5.107528e-002
3.687384e+003;5.062629e-002
3.687866e+003;5.019749e-002
3.688348e+003;4.975342e-002
3.688830e+003;4.927206e-002
3.689313e+003;4.874460e-002
3.689794e+003;4.818052e-002
3.690277e+003;4.759822e-002
3.690759e+003;4.701574e-002
3.691241e+003;4.644490e-002
3.691723e+003;4.588922e-002
3.692205e+003;4.534404e-002
3.692687e+003;4.480356e-002
3.693169e+003;4.426475e-002
3.693652e+003;4.373064e-002
3.694134e+003;4.321016e-002
3.694616e+003;4.271070e-002
3.695098e+003;4.223729e-002
3.695580e+003;4.178790e-002
3.696062e+003;4.135385e-002
3.696544e+003;4.092358e-002
3.697027e+003;4.048778e-002
3.697509e+003;4.004245e-002
3.697991e+003;3.959122e-002
3.698473e+003;3.914327e-002
3.698955e+003;3.870725e-002
3.699437e+003;3.829195e-002
3.699919e+003;3.789913e-002
3.700402e+003;3.752701e-002
3.700884e+003;3.717068e-002
3.701366e+003;3.682426e-002
3.701848e+003;3.648484e-002
3.702330e+003;3.615081e-002
3.702812e+003;3.582278e-002
3.703294e+003;3.550139e-002
3.703777e+003;3.518813e-002
3.704259e+003;3.488299e-002
3.704741e+003;3.458637e-002
3.705223e+003;3.429788e-002
3.705705e+003;3.401614e-002
3.706187e+003;3.373801e-002
3.706669e+003;3.345785e-002
3.707151e+003;3.316851e-002
3.707634e+003;3.286698e-002
3.708116e+003;3.255403e-002
3.708598e+003;3.223968e-002
3.709080e+003;3.193985e-002
3.709562e+003;3.167435e-002
3.710044e+003;3.145858e-002
3.710526e+003;3.129606e-002
3.711009e+003;3.117651e-002
3.711491e+003;3.107387e-002
3.711973e+003;3.095591e-002
3.712455e+003;3.079304e-002
3.712937e+003;3.056896e-002
3.713419e+003;3.028593e-002
3.713901e+003;2.996150e-002
3.714384e+003;2.962376e-002
3.714866e+003;2.929955e-002
3.715348e+003;2.900853e-002
3.715830e+003;2.875622e-002
3.716312e+003;2.853772e-002
3.716794e+003;2.833887e-002
3.717276e+003;2.814663e-002
3.717759e+003;2.795237e-002
3.718241e+003;2.775444e-002
3.718723e+003;2.755724e-002
3.719205e+003;2.736677e-002
3.719687e+003;2.718907e-002
3.720169e+003;2.702500e-002
3.720651e+003;2.687256e-002
3.721134e+003;2.672750e-002
3.721615e+003;2.658479e-002
3.722098e+003;2.644130e-002
3.722580e+003;2.629641e-002
3.723062e+003;2.615112e-002
3.723544e+003;2.600793e-002
3.724026e+003;2.587049e-002
3.724508e+003;2.574117e-002
3.724990e+003;2.562212e-002
3.725473e+003;2.551169e-002
3.725955e+003;2.540513e-002
3.726437e+003;2.529453e-002
3.726919e+003;2.517100e-002
3.727401e+003;2.502863e-002
3.727883e+003;2.486779e-002
3.728365e+003;2.469652e-002
3.728848e+003;2.453011e-002
3.729330e+003;2.438626e-002
3.729812e+003;2.427813e-002
3.730294e+003;2.420925e-002
3.730776e+003;2.417035e-002
3.731258e+003;2.414122e-002
3.731740e+003;2.409904e-002
3.732223e+003;2.402772e-002
3.732705e+003;2.392375e-002
3.733187e+003;2.379817e-002
3.733669e+003;2.367006e-002
3.734151e+003;2.355850e-002
3.734633e+003;2.347366e-002
3.735115e+003;2.341089e-002
3.735598e+003;2.335389e-002
3.736080e+003;2.328306e-002
3.736562e+003;2.318346e-002
3.737044e+003;2.305156e-002
3.737526e+003;2.289413e-002
3.738008e+003;2.272425e-002
3.738490e+003;2.255020e-002
3.738972e+003;2.237335e-002
3.739455e+003;2.218769e-002
3.739937e+003;2.198818e-002
3.740419e+003;2.177797e-002
3.740901e+003;2.157640e-002
3.741383e+003;2.141939e-002
3.741865e+003;2.134716e-002
3.742347e+003;2.138923e-002
3.742830e+003;2.154869e-002
3.743312e+003;2.179230e-002
3.743794e+003;2.205600e-002
3.744276e+003;2.226308e-002
3.744758e+003;2.234948e-002
3.745240e+003;2.228706e-002
3.745722e+003;2.209114e-002
3.746205e+003;2.180889e-002
3.746687e+003;2.150209e-002
3.747169e+003;2.122759e-002
3.747651e+003;2.102175e-002
3.748133e+003;2.089576e-002
3.748615e+003;2.084146e-002
3.749097e+003;2.083873e-002
3.749580e+003;2.086922e-002
3.750062e+003;2.092049e-002
3.750544e+003;2.098536e-002
3.751026e+003;2.105730e-002
3.751508e+003;2.112259e-002
3.751990e+003;2.116171e-002
3.752472e+003;2.115271e-002
3.752955e+003;2.107871e-002
3.753437e+003;2.093944e-002
3.753919e+003;2.075063e-002
3.754401e+003;2.053976e-002
3.754883e+003;2.034044e-002
3.755365e+003;2.017915e-002
3.755847e+003;2.006847e-002
3.756329e+003;2.000666e-002
3.756812e+003;1.998125e-002
3.757294e+003;1.997575e-002
3.757776e+003;1.997567e-002
3.758258e+003;1.997407e-002
3.758740e+003;1.996806e-002
3.759222e+003;1.995650e-002
3.759704e+003;1.993687e-002
3.760187e+003;1.990486e-002
3.760669e+003;1.985431e-002
3.761151e+003;1.978584e-002
3.761633e+003;1.970411e-002
3.762115e+003;1.962236e-002
3.762597e+003;1.955497e-002
3.763079e+003;1.951293e-002
3.763562e+003;1.949839e-002
3.764044e+003;1.950430e-002
3.764526e+003;1.951463e-002
3.765008e+003;1.951309e-002
3.765490e+003;1.948932e-002
3.765972e+003;1.944118e-002
3.766454e+003;1.937712e-002
3.766937e+003;1.931139e-002
3.767419e+003;1.925804e-002
3.767901e+003;1.922463e-002
3.768383e+003;1.921054e-002
3.768865e+003;1.920908e-002
3.769347e+003;1.920736e-002
3.769829e+003;1.919516e-002
3.770312e+003;1.916526e-002
3.770793e+003;1.911651e-002
3.771276e+003;1.905334e-002
3.771758e+003;1.898232e-002
3.772240e+003;1.891078e-002
3.772722e+003;1.884403e-002
3.773204e+003;1.878523e-002
3.773686e+003;1.873387e-002
3.774168e+003;1.868706e-002
3.774651e+003;1.863973e-002
3.775133e+003;1.858923e-002
3.775615e+003;1.853176e-002
3.776097e+003;1.846921e-002
3.776579e+003;1.840627e-002
3.777061e+003;1.835053e-002
3.777543e+003;1.830794e-002
3.778026e+003;1.828180e-002
3.778508e+003;1.826792e-002
3.778990e+003;1.825595e-002
3.779472e+003;1.823206e-002
3.779954e+003;1.818513e-002
3.780436e+003;1.810867e-002
3.780918e+003;1.800610e-002
3.781401e+003;1.789034e-002
3.781883e+003;1.777785e-002
3.782365e+003;1.768447e-002
3.782847e+003;1.762059e-002
3.783329e+003;1.758799e-002
3.783811e+003;1.758009e-002
3.784293e+003;1.758664e-002
3.784776e+003;1.759750e-002
3.785258e+003;1.760570e-002
3.785740e+003;1.760795e-002
3.786222e+003;1.760410e-002
3.786704e+003;1.759645e-002
3.787186e+003;1.758576e-002
3.787668e+003;1.757062e-002
3.788150e+003;1.755052e-002
3.788633e+003;1.752396e-002
3.789115e+003;1.749066e-002
3.789597e+003;1.745088e-002
3.790079e+003;1.740347e-002
3.790561e+003;1.734755e-002
3.791043e+003;1.727969e-002
3.791525e+003;1.719759e-002
3.792008e+003;1.710341e-002
3.792490e+003;1.700401e-002
3.792972e+003;1.691082e-002
3.793454e+003;1.683805e-002
3.793936e+003;1.679497e-002
3.794418e+003;1.678568e-002
3.794900e+003;1.680038e-002
3.795383e+003;1.682158e-002
3.795865e+003;1.682740e-002
3.796347e+003;1.680069e-002
3.796829e+003;1.673546e-002
3.797311e+003;1.664036e-002
3.797793e+003;1.653786e-002
3.798275e+003;1.645835e-002
3.798758e+003;1.642917e-002
3.799240e+003;1.646673e-002
3.799722e+003;1.657029e-002
3.800204e+003;1.671816e-002
3.800686e+003;1.687498e-002
3.801168e+003;1.699979e-002
3.801650e+003;1.705858e-002
3.802133e+003;1.703363e-002
3.802615e+003;1.693128e-002
3.803097e+003;1.677620e-002
3.803579e+003;1.660608e-002
3.804061e+003;1.646165e-002
3.804543e+003;1.637423e-002
3.805025e+003;1.635823e-002
3.805507e+003;1.640755e-002
3.805990e+003;1.649700e-002
3.806472e+003;1.659170e-002
3.806954e+003;1.665726e-002
3.807436e+003;1.667262e-002
3.807918e+003;1.663369e-002
3.808400e+003;1.655346e-002
3.808882e+003;1.645447e-002
3.809365e+003;1.635623e-002
3.809847e+003;1.627085e-002
3.810329e+003;1.619475e-002
3.810811e+003;1.611685e-002
3.811293e+003;1.602109e-002
3.811775e+003;1.590082e-002
3.812257e+003;1.576306e-002
3.812740e+003;1.562987e-002
3.813222e+003;1.553363e-002
3.813704e+003;1.550346e-002
3.814186e+003;1.555593e-002
3.814668e+003;1.568383e-002
3.815150e+003;1.585759e-002
3.815632e+003;1.603013e-002
3.816115e+003;1.615550e-002
3.816597e+003;1.620121e-002
3.817079e+003;1.616111e-002
3.817561e+003;1.605548e-002
3.818043e+003;1.592326e-002
3.818525e+003;1.580992e-002
3.819007e+003;1.575341e-002
3.819490e+003;1.577124e-002
3.819971e+003;1.585680e-002
3.820454e+003;1.598175e-002
3.820936e+003;1.610560e-002
3.821418e+003;1.619099e-002
3.821900e+003;1.621324e-002
3.822382e+003;1.616899e-002
3.822864e+003;1.607331e-002
3.823346e+003;1.595318e-002
3.823829e+003;1.583751e-002
3.824311e+003;1.574881e-002
3.824793e+003;1.569603e-002
3.825275e+003;1.567639e-002
3.825757e+003;1.567696e-002
3.826239e+003;1.568060e-002
3.826721e+003;1.567323e-002
3.827204e+003;1.564743e-002
3.827686e+003;1.560267e-002
3.828168e+003;1.554267e-002
3.828650e+003;1.547752e-002
3.829132e+003;1.541609e-002
3.829614e+003;1.536488e-002
3.830096e+003;1.533018e-002
3.830579e+003;1.531430e-002
3.831061e+003;1.531533e-002
3.831543e+003;1.532739e-002
3.832025e+003;1.533969e-002
3.832507e+003;1.534060e-002
3.832989e+003;1.531869e-002
3.833471e+003;1.526908e-002
3.833954e+003;1.519652e-002
3.834436e+003;1.511650e-002
3.834918e+003;1.505262e-002
3.835400e+003;1.502784e-002
3.835882e+003;1.505769e-002
3.836364e+003;1.514296e-002
3.836846e+003;1.526738e-002
3.837328e+003;1.539916e-002
3.837811e+003;1.550403e-002
3.838293e+003;1.555348e-002
3.838775e+003;1.553566e-002
3.839257e+003;1.545672e-002
3.839739e+003;1.533847e-002
3.840221e+003;1.520980e-002
3.840703e+003;1.509755e-002
3.841186e+003;1.501917e-002
3.841668e+003;1.498034e-002
3.842150e+003;1.497657e-002
3.842632e+003;1.499580e-002
3.843114e+003;1.502402e-002
3.843596e+003;1.504865e-002
3.844078e+003;1.506197e-002
3.844561e+003;1.505795e-002
3.845043e+003;1.503490e-002
3.845525e+003;1.499256e-002
3.846007e+003;1.493375e-002
3.846489e+003;1.486026e-002
3.846971e+003;1.477596e-002
3.847453e+003;1.468264e-002
3.847936e+003;1.457966e-002
3.848418e+003;1.446585e-002
3.848900e+003;1.434366e-002
3.849382e+003;1.422042e-002
3.849864e+003;1.411131e-002
3.850346e+003;1.404141e-002
3.850828e+003;1.403751e-002
3.851311e+003;1.412266e-002
3.851792e+003;1.430527e-002
3.852275e+003;1.457125e-002
3.852757e+003;1.488319e-002
3.853239e+003;1.518754e-002
3.853721e+003;1.543092e-002
3.854203e+003;1.557219e-002
3.854685e+003;1.559760e-002
3.855167e+003;1.551923e-002
3.855650e+003;1.536735e-002
3.856132e+003;1.518050e-002
3.856614e+003;1.499285e-002
3.857096e+003;1.482775e-002
3.857578e+003;1.469588e-002
3.858060e+003;1.459778e-002
3.858542e+003;1.452674e-002
3.859025e+003;1.447593e-002
3.859507e+003;1.443917e-002
3.859989e+003;1.441208e-002
3.860471e+003;1.439246e-002
3.860953e+003;1.437981e-002
3.861435e+003;1.437489e-002
3.861917e+003;1.437914e-002
3.862400e+003;1.439694e-002
3.862882e+003;1.443062e-002
3.863364e+003;1.447581e-002
3.863846e+003;1.452475e-002
3.864328e+003;1.456130e-002
3.864810e+003;1.456880e-002
3.865292e+003;1.453548e-002
3.865775e+003;1.445978e-002
3.866257e+003;1.435640e-002
3.866739e+003;1.425224e-002
3.867221e+003;1.417661e-002
3.867703e+003;1.415602e-002
3.868185e+003;1.419927e-002
3.868667e+003;1.429645e-002
3.869149e+003;1.442068e-002
3.869632e+003;1.453809e-002
3.870114e+003;1.462023e-002
3.870596e+003;1.465400e-002
3.871078e+003;1.464393e-002
3.871560e+003;1.460900e-002
3.872042e+003;1.457238e-002
3.872524e+003;1.455194e-002
3.873007e+003;1.455401e-002
3.873489e+003;1.457148e-002
3.873971e+003;1.459052e-002
3.874453e+003;1.459505e-002
3.874935e+003;1.457459e-002
3.875417e+003;1.452797e-002
3.875899e+003;1.446073e-002
3.876382e+003;1.438519e-002
3.876864e+003;1.431417e-002
3.877346e+003;1.425842e-002
3.877828e+003;1.422599e-002
3.878310e+003;1.421985e-002
3.878792e+003;1.423782e-002
3.879274e+003;1.427485e-002
3.879757e+003;1.431966e-002
3.880239e+003;1.435983e-002
3.880721e+003;1.438210e-002
3.881203e+003;1.437883e-002
3.881685e+003;1.434948e-002
3.882167e+003;1.430352e-002
3.882649e+003;1.425768e-002
3.883132e+003;1.423221e-002
3.883614e+003;1.423955e-002
3.884096e+003;1.428415e-002
3.884578e+003;1.435667e-002
3.885060e+003;1.443596e-002
3.885542e+003;1.449671e-002
3.886024e+003;1.452046e-002
3.886506e+003;1.449823e-002
3.886989e+003;1.443689e-002
3.887471e+003;1.435515e-002
3.887953e+003;1.427599e-002
3.888435e+003;1.422124e-002
3.888917e+003;1.420338e-002
3.889399e+003;1.422386e-002
3.889881e+003;1.427293e-002
3.890364e+003;1.433424e-002
3.890846e+003;1.438985e-002
3.891328e+003;1.442453e-002
3.891810e+003;1.442957e-002
3.892292e+003;1.440352e-002
3.892774e+003;1.434950e-002
3.893256e+003;1.427543e-002
3.893739e+003;1.419003e-002
3.894221e+003;1.410110e-002
3.894703e+003;1.401644e-002
3.895185e+003;1.394191e-002
3.895667e+003;1.388247e-002
3.896149e+003;1.384306e-002
3.896631e+003;1.382681e-002
3.897114e+003;1.383542e-002
3.897596e+003;1.386851e-002
3.898078e+003;1.392140e-002
3.898560e+003;1.398617e-002
3.899042e+003;1.405303e-002
3.899524e+003;1.411144e-002
3.900006e+003;1.415527e-002
3.900489e+003;1.418322e-002
3.900970e+003;1.419944e-002
3.901453e+003;1.421280e-002
3.901935e+003;1.423228e-002
3.902417e+003;1.426390e-002
3.902899e+003;1.430544e-002
3.903381e+003;1.435116e-002
3.903863e+003;1.438920e-002
3.904345e+003;1.440807e-002
3.904828e+003;1.440346e-002
3.905310e+003;1.437522e-002
3.905792e+003;1.433184e-002
3.906274e+003;1.428335e-002
3.906756e+003;1.423851e-002
3.907238e+003;1.420202e-002
3.907720e+003;1.417387e-002
3.908203e+003;1.415068e-002
3.908685e+003;1.412840e-002
3.909167e+003;1.410754e-002
3.909649e+003;1.408982e-002
3.910131e+003;1.408019e-002
3.910613e+003;1.408193e-002
3.911095e+003;1.409190e-002
3.911578e+003;1.410487e-002
3.912060e+003;1.411066e-002
3.912542e+003;1.410208e-002
3.913024e+003;1.407610e-002
3.913506e+003;1.403573e-002
3.913988e+003;1.399339e-002
3.914470e+003;1.395955e-002
3.914953e+003;1.394400e-002
3.915435e+003;1.395226e-002
3.915917e+003;1.398067e-002
3.916399e+003;1.402203e-002
3.916881e+003;1.406733e-002
3.917363e+003;1.410911e-002
3.917845e+003;1.414410e-002
3.918327e+003;1.416993e-002
3.918810e+003;1.418581e-002
3.919292e+003;1.419083e-002
3.919774e+003;1.418092e-002
3.920256e+003;1.415280e-002
3.920738e+003;1.410686e-002
3.921220e+003;1.404637e-002
3.921702e+003;1.398075e-002
3.922185e+003;1.392168e-002
3.922667e+003;1.388132e-002
3.923149e+003;1.386586e-002
3.923631e+003;1.387595e-002
3.924113e+003;1.390624e-002
3.924595e+003;1.394610e-002
3.925077e+003;1.398544e-002
3.925560e+003;1.401667e-002
3.926042e+003;1.403583e-002
3.926524e+003;1.404280e-002
3.927006e+003;1.404125e-002
3.927488e+003;1.403366e-002
3.927970e+003;1.402357e-002
3.928452e+003;1.401217e-002
3.928935e+003;1.400063e-002
3.929417e+003;1.399040e-002
3.929899e+003;1.398253e-002
3.930381e+003;1.397808e-002
3.930863e+003;1.397874e-002
3.931345e+003;1.398466e-002
3.931827e+003;1.399623e-002
3.932310e+003;1.401016e-002
3.932792e+003;1.402502e-002
3.933274e+003;1.403843e-002
3.933756e+003;1.404712e-002
3.934238e+003;1.404910e-002
3.934720e+003;1.404294e-002
3.935202e+003;1.402730e-002
3.935684e+003;1.400378e-002
3.936167e+003;1.397406e-002
3.936649e+003;1.394145e-002
3.937131e+003;1.390989e-002
3.937613e+003;1.388252e-002
3.938095e+003;1.386081e-002
3.938577e+003;1.384632e-002
3.939059e+003;1.383946e-002
3.939542e+003;1.384260e-002
3.940024e+003;1.385706e-002
3.940506e+003;1.388627e-002
3.940988e+003;1.393247e-002
3.941470e+003;1.399434e-002
3.941952e+003;1.406624e-002
3.942434e+003;1.413948e-002
3.942917e+003;1.420286e-002
3.943399e+003;1.424584e-002
3.943881e+003;1.426194e-002
3.944363e+003;1.425261e-002
3.944845e+003;1.422378e-002
3.945327e+003;1.418690e-002
3.945809e+003;1.415185e-002
3.946292e+003;1.412602e-002
3.946774e+003;1.411206e-002
3.947256e+003;1.410719e-002
3.947738e+003;1.410601e-002
3.948220e+003;1.410285e-002
3.948702e+003;1.409666e-002
3.949184e+003;1.408875e-002
3.949667e+003;1.408348e-002
3.950148e+003;1.408625e-002
3.950631e+003;1.409985e-002
3.951113e+003;1.412282e-002
3.951595e+003;1.415068e-002
3.952077e+003;1.417618e-002
3.952559e+003;1.419270e-002
3.953041e+003;1.419654e-002
3.953523e+003;1.418691e-002
3.954006e+003;1.416777e-002
3.954488e+003;1.414585e-002
3.954970e+003;1.412749e-002
3.955452e+003;1.411891e-002
3.955934e+003;1.412155e-002
3.956416e+003;1.413332e-002
3.956898e+003;1.414826e-002
3.957381e+003;1.415831e-002
3.957863e+003;1.415555e-002
3.958345e+003;1.413492e-002
3.958827e+003;1.409459e-002
3.959309e+003;1.403850e-002
3.959791e+003;1.397341e-002
3.960273e+003;1.390963e-002
3.960756e+003;1.385391e-002
3.961238e+003;1.381365e-002
3.961720e+003;1.378953e-002
3.962202e+003;1.378009e-002
3.962684e+003;1.378190e-002
3.963166e+003;1.379019e-002
3.963648e+003;1.380246e-002
3.964130e+003;1.381672e-002
3.964613e+003;1.383416e-002
3.965095e+003;1.385465e-002
3.965577e+003;1.388004e-002
3.966059e+003;1.390796e-002
3.966541e+003;1.393734e-002
3.967023e+003;1.396342e-002
3.967505e+003;1.398274e-002
3.967988e+003;1.399425e-002
3.968470e+003;1.399396e-002
3.968952e+003;1.398439e-002
3.969434e+003;1.396528e-002
3.969916e+003;1.394005e-002
3.970398e+003;1.391031e-002
3.970880e+003;1.387977e-002
3.971363e+003;1.385002e-002
3.971845e+003;1.382291e-002
3.972327e+003;1.379925e-002
3.972809e+003;1.378036e-002
3.973291e+003;1.376730e-002
3.973773e+003;1.376101e-002
3.974255e+003;1.376321e-002
3.974738e+003;1.377258e-002
3.975220e+003;1.378739e-002
3.975702e+003;1.380367e-002
3.976184e+003;1.381358e-002
3.976666e+003;1.381113e-002
3.977148e+003;1.379169e-002
3.977630e+003;1.375351e-002
3.978113e+003;1.370163e-002
3.978594e+003;1.364482e-002
3.979077e+003;1.359412e-002
3.979559e+003;1.355962e-002
3.980041e+003;1.354584e-002
3.980523e+003;1.355240e-002
3.981005e+003;1.357239e-002
3.981487e+003;1.359730e-002
3.981969e+003;1.361783e-002
3.982452e+003;1.363012e-002
3.982934e+003;1.363417e-002
3.983416e+003;1.363435e-002
3.983898e+003;1.363454e-002
3.984380e+003;1.363659e-002
3.984862e+003;1.363944e-002
3.985344e+003;1.363896e-002
3.985827e+003;1.362956e-002
3.986309e+003;1.361004e-002
3.986791e+003;1.358067e-002
3.987273e+003;1.354742e-002
3.987755e+003;1.351697e-002
3.988237e+003;1.349383e-002
3.988719e+003;1.348121e-002
3.989202e+003;1.347551e-002
3.989684e+003;1.347394e-002
3.990166e+003;1.347291e-002
3.990648e+003;1.346867e-002
3.991130e+003;1.346417e-002
3.991612e+003;1.346100e-002
3.992094e+003;1.346236e-002
3.992577e+003;1.346958e-002
3.993059e+003;1.347961e-002
3.993541e+003;1.348977e-002
3.994023e+003;1.349553e-002
3.994505e+003;1.349450e-002
3.994987e+003;1.348705e-002
3.995469e+003;1.347454e-002
3.995951e+003;1.345882e-002
3.996434e+003;1.344109e-002
3.996916e+003;1.342056e-002
3.997398e+003;1.339548e-002
3.997880e+003;1.336372e-002
3.998362e+003;1.332595e-002
3.998844e+003;1.328537e-002
3.999326e+003;1.324584e-002
3.999809e+003;1.321325e-002
