3.996916e+002;0.000000e+000
4.001737e+002;1.923377e-001
4.006559e+002;1.980836e-001
4.011380e+002;2.020831e-001
4.016201e+002;2.042671e-001
4.021023e+002;2.049107e-001
4.025844e+002;2.046604e-001
4.030666e+002;2.043779e-001
4.035487e+002;2.048787e-001
4.040308e+002;2.066518e-001
4.045130e+002;2.096869e-001
4.049951e+002;2.134202e-001
4.054772e+002;2.168970e-001
4.059594e+002;2.190869e-001
4.064415e+002;2.193018e-001
4.069236e+002;2.174744e-001
4.074058e+002;2.140868e-001
4.078879e+002;2.098343e-001
4.083701e+002;2.052855e-001
4.088522e+002;2.007331e-001
4.093343e+002;1.962378e-001
4.098165e+002;1.918017e-001
4.102986e+002;1.875056e-001
4.107807e+002;1.835583e-001
4.112629e+002;1.802287e-001
4.117450e+002;1.777151e-001
4.122271e+002;1.760449e-001
4.127093e+002;1.750488e-001
4.131914e+002;1.744371e-001
4.136736e+002;1.739204e-001
4.141557e+002;1.733381e-001
4.146378e+002;1.727154e-001
4.151200e+002;1.722185e-001
4.156021e+002;1.720430e-001
4.160843e+002;1.723085e-001
4.165664e+002;1.729934e-001
4.170485e+002;1.739614e-001
4.175307e+002;1.750426e-001
4.180128e+002;1.761166e-001
4.184949e+002;1.771699e-001
4.189771e+002;1.782783e-001
4.194592e+002;1.795235e-001
4.199413e+002;1.809148e-001
4.204235e+002;1.823515e-001
4.209056e+002;1.836634e-001
4.213878e+002;1.847035e-001
4.218699e+002;1.854344e-001
4.223520e+002;1.859689e-001
4.228342e+002;1.865251e-001
4.233163e+002;1.873294e-001
4.237984e+002;1.885108e-001
4.242806e+002;1.900489e-001
4.247627e+002;1.917886e-001
4.252448e+002;1.935208e-001
4.257270e+002;1.950754e-001
4.262091e+002;1.963821e-001
4.266913e+002;1.974691e-001
4.271734e+002;1.984027e-001
4.276555e+002;1.992138e-001
4.281377e+002;1.998648e-001
4.286198e+002;2.002682e-001
4.291020e+002;2.003528e-001
4.295841e+002;2.001271e-001
4.300662e+002;1.996995e-001
4.305484e+002;1.992309e-001
4.310305e+002;1.988574e-001
4.315126e+002;1.986211e-001
4.319948e+002;1.984516e-001
4.324769e+002;1.982200e-001
4.329590e+002;1.978313e-001
4.334412e+002;1.973083e-001
4.339233e+002;1.968127e-001
4.344055e+002;1.965920e-001
4.348876e+002;1.968697e-001
4.353697e+002;1.977370e-001
4.358519e+002;1.990929e-001
4.363340e+002;2.006632e-001
4.368161e+002;2.020994e-001
4.372983e+002;2.031139e-001
4.377804e+002;2.035920e-001
4.382625e+002;2.036229e-001
4.387447e+002;2.034309e-001
4.392268e+002;2.032514e-001
4.397090e+002;2.032223e-001
4.401911e+002;2.033390e-001
4.406732e+002;2.034873e-001
4.411554e+002;2.035266e-001
4.416375e+002;2.033837e-001
4.421196e+002;2.031051e-001
4.426018e+002;2.028432e-001
4.430839e+002;2.027867e-001
4.435660e+002;2.030785e-001
4.440482e+002;2.037563e-001
4.445303e+002;2.047440e-001
4.450125e+002;2.058875e-001
4.454946e+002;2.070162e-001
4.459767e+002;2.079998e-001
4.464589e+002;2.087769e-001
4.469410e+002;2.093462e-001
4.474232e+002;2.097396e-001
4.479053e+002;2.099973e-001
4.483874e+002;2.101630e-001
4.488696e+002;2.102814e-001
4.493517e+002;2.104063e-001
4.498338e+002;2.105927e-001
4.503160e+002;2.108732e-001
4.507981e+002;2.112326e-001
4.512802e+002;2.115967e-001
4.517624e+002;2.118511e-001
4.522445e+002;2.118865e-001
4.527267e+002;2.116548e-001
4.532088e+002;2.112033e-001
4.536909e+002;2.106700e-001
4.541731e+002;2.102376e-001
4.546552e+002;2.100655e-001
4.551373e+002;2.102316e-001
4.556195e+002;2.107110e-001
4.561016e+002;2.113928e-001
4.565837e+002;2.121285e-001
4.570659e+002;2.127920e-001
4.575480e+002;2.133230e-001
4.580302e+002;2.137353e-001
4.585123e+002;2.140928e-001
4.589944e+002;2.144693e-001
4.594766e+002;2.149151e-001
4.599587e+002;2.154435e-001
4.604409e+002;2.160372e-001
4.609230e+002;2.166584e-001
4.614051e+002;2.172567e-001
4.618873e+002;2.177666e-001
4.623694e+002;2.181060e-001
4.628515e+002;2.181775e-001
4.633337e+002;2.178984e-001
4.638158e+002;2.172374e-001
4.642979e+002;2.162483e-001
4.647801e+002;2.150775e-001
4.652622e+002;2.139337e-001
4.657444e+002;2.130285e-001
4.662265e+002;2.125138e-001
4.667086e+002;2.124356e-001
4.671908e+002;2.127285e-001
4.676729e+002;2.132516e-001
4.681550e+002;2.138450e-001
4.686372e+002;2.143903e-001
4.691193e+002;2.148454e-001
4.696014e+002;2.152377e-001
4.700836e+002;2.156253e-001
4.705657e+002;2.160570e-001
4.710479e+002;2.165408e-001
4.715300e+002;2.170507e-001
4.720121e+002;2.175488e-001
4.724943e+002;2.180176e-001
4.729764e+002;2.184787e-001
4.734586e+002;2.189835e-001
4.739407e+002;2.195863e-001
4.744228e+002;2.203130e-001
4.749050e+002;2.211464e-001
4.753871e+002;2.220340e-001
4.758692e+002;2.229139e-001
4.763514e+002;2.237445e-001
4.768335e+002;2.245210e-001
4.773156e+002;2.252703e-001
4.777978e+002;2.260273e-001
4.782799e+002;2.268091e-001
4.787621e+002;2.276016e-001
4.792442e+002;2.283676e-001
4.797263e+002;2.290668e-001
4.802085e+002;2.296778e-001
4.806906e+002;2.302085e-001
4.811727e+002;2.306834e-001
4.816549e+002;2.311226e-001
4.821370e+002;2.315210e-001
4.826191e+002;2.318435e-001
4.831013e+002;2.320430e-001
4.835834e+002;2.320868e-001
4.840656e+002;2.319799e-001
4.845477e+002;2.317692e-001
4.850298e+002;2.315253e-001
4.855120e+002;2.313095e-001
4.859941e+002;2.311475e-001
4.864763e+002;2.310197e-001
4.869584e+002;2.308795e-001
4.874405e+002;2.306838e-001
4.879227e+002;2.304214e-001
4.884048e+002;2.301280e-001
4.888869e+002;2.298717e-001
4.893691e+002;2.297233e-001
4.898512e+002;2.297246e-001
4.903333e+002;2.298695e-001
4.908155e+002;2.301101e-001
4.912976e+002;2.303798e-001
4.917798e+002;2.306230e-001
4.922619e+002;2.308175e-001
4.927440e+002;2.309783e-001
4.932262e+002;2.311442e-001
4.937083e+002;2.313557e-001
4.941904e+002;2.316378e-001
4.946726e+002;2.319951e-001
4.951547e+002;2.324172e-001
4.956368e+002;2.328888e-001
4.961190e+002;2.333981e-001
4.966011e+002;2.339356e-001
4.970833e+002;2.344860e-001
4.975654e+002;2.350231e-001
4.980475e+002;2.355111e-001
4.985297e+002;2.359170e-001
4.990118e+002;2.362256e-001
4.994940e+002;2.364498e-001
4.999761e+002;2.366319e-001
5.004582e+002;2.368267e-001
5.009404e+002;2.370810e-001
5.014225e+002;2.374159e-001
5.019046e+002;2.378208e-001
5.023868e+002;2.382648e-001
5.028689e+002;2.387131e-001
5.033510e+002;2.391435e-001
5.038332e+002;2.395534e-001
5.043153e+002;2.399526e-001
5.047975e+002;2.403476e-001
5.052796e+002;2.407306e-001
5.057617e+002;2.410773e-001
5.062439e+002;2.413610e-001
5.067260e+002;2.415683e-001
5.072081e+002;2.417135e-001
5.076903e+002;2.418374e-001
5.081724e+002;2.419925e-001
5.086545e+002;2.422193e-001
5.091367e+002;2.425276e-001
5.096188e+002;2.428919e-001
5.101010e+002;2.432642e-001
5.105831e+002;2.435957e-001
5.110652e+002;2.438580e-001
5.115474e+002;2.440543e-001
5.120295e+002;2.442131e-001
5.125117e+002;2.443717e-001
5.129938e+002;2.445560e-001
5.134760e+002;2.447722e-001
5.139581e+002;2.450088e-001
5.144402e+002;2.452478e-001
5.149224e+002;2.454787e-001
5.154045e+002;2.457050e-001
5.158866e+002;2.459419e-001
5.163688e+002;2.462050e-001
5.168509e+002;2.465003e-001
5.173330e+002;2.468196e-001
5.178152e+002;2.471454e-001
5.182973e+002;2.474601e-001
5.187794e+002;2.477544e-001
5.192616e+002;2.480287e-001
5.197437e+002;2.482879e-001
5.202258e+002;2.485328e-001
5.207080e+002;2.487532e-001
5.211901e+002;2.489326e-001
5.216722e+002;2.490568e-001
5.221544e+002;2.491252e-001
5.226365e+002;2.491581e-001
5.231187e+002;2.491898e-001
5.236008e+002;2.492557e-001
5.240829e+002;2.493772e-001
5.245651e+002;2.495510e-001
5.250472e+002;2.497526e-001
5.255294e+002;2.499498e-001
5.260115e+002;2.501205e-001
5.264937e+002;2.502638e-001
5.269758e+002;2.504010e-001
5.274579e+002;2.505636e-001
5.279401e+002;2.507753e-001
5.284222e+002;2.510398e-001
5.289043e+002;2.513378e-001
5.293865e+002;2.516387e-001
5.298686e+002;2.519156e-001
5.303507e+002;2.521587e-001
5.308329e+002;2.523801e-001
5.313150e+002;2.526030e-001
5.317971e+002;2.528498e-001
5.322793e+002;2.531275e-001
5.327614e+002;2.534225e-001
5.332435e+002;2.537088e-001
5.337257e+002;2.539582e-001
5.342078e+002;2.541531e-001
5.346899e+002;2.542908e-001
5.351721e+002;2.543798e-001
5.356542e+002;2.544309e-001
5.361364e+002;2.544498e-001
5.366185e+002;2.544383e-001
5.371006e+002;2.543972e-001
5.375828e+002;2.543369e-001
5.380649e+002;2.542805e-001
5.385471e+002;2.542597e-001
5.390292e+002;2.543038e-001
5.395114e+002;2.544280e-001
5.399935e+002;2.546253e-001
5.404756e+002;2.548688e-001
5.409578e+002;2.551259e-001
5.414399e+002;2.553716e-001
5.419220e+002;2.555998e-001
5.424042e+002;2.558249e-001
5.428863e+002;2.560714e-001
5.433684e+002;2.563606e-001
5.438506e+002;2.566986e-001
5.443327e+002;2.570743e-001
5.448148e+002;2.574656e-001
5.452970e+002;2.578506e-001
5.457791e+002;2.582173e-001
5.462612e+002;2.585639e-001
5.467434e+002;2.588936e-001
5.472255e+002;2.592047e-001
5.477076e+002;2.594845e-001
5.481898e+002;2.597108e-001
5.486719e+002;2.598620e-001
5.491541e+002;2.599296e-001
5.496362e+002;2.599241e-001
5.501183e+002;2.598745e-001
5.506005e+002;2.598160e-001
5.510826e+002;2.597741e-001
5.515648e+002;2.597566e-001
5.520469e+002;2.597500e-001
5.525291e+002;2.597302e-001
5.530112e+002;2.596757e-001
5.534933e+002;2.595786e-001
5.539755e+002;2.594482e-001
5.544576e+002;2.593026e-001
5.549397e+002;2.591607e-001
5.554219e+002;2.590313e-001
5.559040e+002;2.589127e-001
5.563861e+002;2.588006e-001
5.568683e+002;2.586965e-001
5.573504e+002;2.586148e-001
5.578325e+002;2.585818e-001
5.583147e+002;2.586254e-001
5.587968e+002;2.587621e-001
5.592789e+002;2.589873e-001
5.597611e+002;2.592745e-001
5.602432e+002;2.595830e-001
5.607253e+002;2.598735e-001
5.612075e+002;2.601189e-001
5.616896e+002;2.603113e-001
5.621718e+002;2.604591e-001
5.626539e+002;2.605781e-001
5.631360e+002;2.606839e-001
5.636182e+002;2.607862e-001
5.641003e+002;2.608925e-001
5.645825e+002;2.610112e-001
5.650646e+002;2.611530e-001
5.655468e+002;2.613309e-001
5.660289e+002;2.615517e-001
5.665110e+002;2.618090e-001
5.669932e+002;2.620812e-001
5.674753e+002;2.623366e-001
5.679574e+002;2.625446e-001
5.684396e+002;2.626879e-001
5.689217e+002;2.627687e-001
5.694038e+002;2.628058e-001
5.698860e+002;2.628230e-001
5.703681e+002;2.628367e-001
5.708502e+002;2.628467e-001
5.713324e+002;2.628383e-001
5.718145e+002;2.627925e-001
5.722966e+002;2.626990e-001
5.727787e+002;2.625636e-001
5.732609e+002;2.624092e-001
5.737430e+002;2.622637e-001
5.742252e+002;2.621469e-001
5.747073e+002;2.620618e-001
5.751895e+002;2.619936e-001
5.756716e+002;2.619201e-001
5.761537e+002;2.618255e-001
5.766359e+002;2.617108e-001
5.771180e+002;2.615938e-001
5.776002e+002;2.615007e-001
5.780823e+002;2.614510e-001
5.785644e+002;2.614469e-001
5.790466e+002;2.614710e-001
5.795287e+002;2.614963e-001
5.800108e+002;2.614991e-001
5.804930e+002;2.614738e-001
5.809751e+002;2.614352e-001
5.814572e+002;2.614124e-001
5.819394e+002;2.614340e-001
5.824215e+002;2.615150e-001
5.829036e+002;2.616501e-001
5.833858e+002;2.618173e-001
5.838679e+002;2.619901e-001
5.843500e+002;2.621507e-001
5.848322e+002;2.622971e-001
5.853143e+002;2.624421e-001
5.857964e+002;2.626049e-001
5.862786e+002;2.627995e-001
5.867607e+002;2.630271e-001
5.872429e+002;2.632776e-001
5.877250e+002;2.635336e-001
5.882072e+002;2.637788e-001
5.886893e+002;2.640036e-001
5.891714e+002;2.642035e-001
5.896536e+002;2.643760e-001
5.901357e+002;2.645146e-001
5.906179e+002;2.646072e-001
5.911000e+002;2.646410e-001
5.915821e+002;2.646083e-001
5.920643e+002;2.645136e-001
5.925464e+002;2.643732e-001
5.930285e+002;2.642120e-001
5.935107e+002;2.640533e-001
5.939928e+002;2.639095e-001
5.944749e+002;2.637795e-001
5.949571e+002;2.636508e-001
5.954392e+002;2.635064e-001
5.959213e+002;2.633334e-001
5.964035e+002;2.631286e-001
5.968856e+002;2.628976e-001
5.973677e+002;2.626511e-001
5.978499e+002;2.623996e-001
5.983320e+002;2.621497e-001
5.988141e+002;2.619055e-001
5.992963e+002;2.616701e-001
5.997784e+002;2.614489e-001
6.002606e+002;2.612507e-001
6.007427e+002;2.610835e-001
6.012249e+002;2.609528e-001
6.017070e+002;2.608581e-001
6.021891e+002;2.607937e-001
6.026713e+002;2.607538e-001
6.031534e+002;2.607348e-001
6.036356e+002;2.607393e-001
6.041177e+002;2.607729e-001
6.045998e+002;2.608391e-001
6.050820e+002;2.609345e-001
6.055641e+002;2.610457e-001
6.060462e+002;2.611526e-001
6.065284e+002;2.612360e-001
6.070105e+002;2.612848e-001
6.074926e+002;2.613014e-001
6.079748e+002;2.613004e-001
6.084569e+002;2.613018e-001
6.089390e+002;2.613207e-001
6.094212e+002;2.613628e-001
6.099033e+002;2.614219e-001
6.103854e+002;2.614853e-001
6.108676e+002;2.615417e-001
6.113497e+002;2.615860e-001
6.118318e+002;2.616227e-001
6.123140e+002;2.616591e-001
6.127961e+002;2.617014e-001
6.132783e+002;2.617477e-001
6.137604e+002;2.617889e-001
6.142426e+002;2.618125e-001
6.147247e+002;2.618097e-001
6.152068e+002;2.617804e-001
6.156890e+002;2.617329e-001
6.161711e+002;2.616798e-001
6.166533e+002;2.616310e-001
6.171354e+002;2.615883e-001
6.176175e+002;2.615454e-001
6.180997e+002;2.614915e-001
6.185818e+002;2.614186e-001
6.190639e+002;2.613255e-001
6.195461e+002;2.612188e-001
6.200282e+002;2.611079e-001
6.205103e+002;2.609999e-001
6.209925e+002;2.608952e-001
6.214746e+002;2.607862e-001
6.219567e+002;2.606646e-001
6.224388e+002;2.605254e-001
6.229210e+002;2.603716e-001
6.234031e+002;2.602145e-001
6.238853e+002;2.600670e-001
6.243674e+002;2.599377e-001
6.248495e+002;2.598261e-001
6.253317e+002;2.597222e-001
6.258138e+002;2.596126e-001
6.262960e+002;2.594872e-001
6.267781e+002;2.593448e-001
6.272603e+002;2.591932e-001
6.277424e+002;2.590449e-001
6.282245e+002;2.589103e-001
6.287067e+002;2.587921e-001
6.291888e+002;2.586851e-001
6.296709e+002;2.585790e-001
6.301531e+002;2.584665e-001
6.306352e+002;2.583461e-001
6.311173e+002;2.582246e-001
6.315995e+002;2.581120e-001
6.320816e+002;2.580166e-001
6.325637e+002;2.579406e-001
6.330459e+002;2.578795e-001
6.335280e+002;2.578258e-001
6.340101e+002;2.577747e-001
6.344923e+002;2.577264e-001
6.349744e+002;2.576870e-001
6.354565e+002;2.576619e-001
6.359387e+002;2.576516e-001
6.364208e+002;2.576473e-001
6.369030e+002;2.576330e-001
6.373851e+002;2.575921e-001
6.378672e+002;2.575147e-001
6.383494e+002;2.574043e-001
6.388315e+002;2.572768e-001
6.393137e+002;2.571549e-001
6.397958e+002;2.570586e-001
6.402780e+002;2.569982e-001
6.407601e+002;2.569709e-001
6.412422e+002;2.569627e-001
6.417244e+002;2.569568e-001
6.422065e+002;2.569384e-001
6.426886e+002;2.568998e-001
6.431708e+002;2.568402e-001
6.436529e+002;2.567619e-001
6.441350e+002;2.566672e-001
6.446172e+002;2.565571e-001
6.450993e+002;2.564321e-001
6.455814e+002;2.562950e-001
6.460636e+002;2.561527e-001
6.465457e+002;2.560157e-001
6.470278e+002;2.558928e-001
6.475100e+002;2.557890e-001
6.479921e+002;2.557014e-001
6.484742e+002;2.556207e-001
6.489564e+002;2.555363e-001
6.494385e+002;2.554406e-001
6.499207e+002;2.553331e-001
6.504028e+002;2.552193e-001
6.508849e+002;2.551067e-001
6.513671e+002;2.550004e-001
6.518492e+002;2.548978e-001
6.523314e+002;2.547919e-001
6.528135e+002;2.546730e-001
6.532957e+002;2.545361e-001
6.537778e+002;2.543840e-001
6.542599e+002;2.542272e-001
6.547421e+002;2.540793e-001
6.552242e+002;2.539512e-001
6.557063e+002;2.538462e-001
6.561885e+002;2.537588e-001
6.566706e+002;2.536773e-001
6.571527e+002;2.535895e-001
6.576349e+002;2.534858e-001
6.581170e+002;2.533621e-001
6.585991e+002;2.532175e-001
6.590813e+002;2.530523e-001
6.595634e+002;2.528655e-001
6.600455e+002;2.526559e-001
6.605277e+002;2.524249e-001
6.610098e+002;2.521780e-001
6.614919e+002;2.519272e-001
6.619741e+002;2.516868e-001
6.624562e+002;2.514687e-001
6.629384e+002;2.512782e-001
6.634205e+002;2.511110e-001
6.639026e+002;2.509561e-001
6.643848e+002;2.508008e-001
6.648669e+002;2.506376e-001
6.653491e+002;2.504656e-001
6.658312e+002;2.502903e-001
6.663134e+002;2.501195e-001
6.667955e+002;2.499564e-001
6.672776e+002;2.497983e-001
6.677598e+002;2.496376e-001
6.682419e+002;2.494673e-001
6.687240e+002;2.492859e-001
6.692062e+002;2.491015e-001
6.696883e+002;2.489284e-001
6.701704e+002;2.487805e-001
6.706526e+002;2.486651e-001
6.711347e+002;2.485782e-001
6.716168e+002;2.485051e-001
6.720990e+002;2.484280e-001
6.725811e+002;2.483320e-001
6.730632e+002;2.482124e-001
6.735454e+002;2.480742e-001
6.740275e+002;2.479289e-001
6.745096e+002;2.477867e-001
6.749918e+002;2.476520e-001
6.754739e+002;2.475216e-001
6.759561e+002;2.473880e-001
6.764382e+002;2.472456e-001
6.769203e+002;2.470946e-001
6.774025e+002;2.469416e-001
6.778846e+002;2.467962e-001
6.783668e+002;2.466646e-001
6.788489e+002;2.465464e-001
6.793311e+002;2.464323e-001
6.798132e+002;2.463113e-001
6.802953e+002;2.461744e-001
6.807775e+002;2.460205e-001
6.812596e+002;2.458572e-001
6.817417e+002;2.456964e-001
6.822239e+002;2.455480e-001
6.827060e+002;2.454142e-001
6.831881e+002;2.452885e-001
6.836703e+002;2.451584e-001
6.841524e+002;2.450114e-001
6.846345e+002;2.448417e-001
6.851167e+002;2.446515e-001
6.855988e+002;2.444490e-001
6.860809e+002;2.442435e-001
6.865631e+002;2.440396e-001
6.870452e+002;2.438346e-001
6.875273e+002;2.436201e-001
6.880095e+002;2.433872e-001
6.884916e+002;2.431297e-001
6.889738e+002;2.428483e-001
6.894559e+002;2.425489e-001
6.899380e+002;2.422389e-001
6.904202e+002;2.419247e-001
6.909023e+002;2.416093e-001
6.913845e+002;2.412942e-001
6.918666e+002;2.409820e-001
6.923488e+002;2.406786e-001
6.928309e+002;2.403935e-001
6.933130e+002;2.401361e-001
6.937952e+002;2.399128e-001
6.942773e+002;2.397219e-001
6.947594e+002;2.395534e-001
6.952416e+002;2.393936e-001
6.957237e+002;2.392276e-001
6.962058e+002;2.390463e-001
6.966880e+002;2.388477e-001
6.971701e+002;2.386361e-001
6.976522e+002;2.384187e-001
6.981344e+002;2.382012e-001
6.986165e+002;2.379868e-001
6.990986e+002;2.377755e-001
6.995808e+002;2.375670e-001
7.000629e+002;2.373621e-001
7.005450e+002;2.371626e-001
7.010272e+002;2.369711e-001
7.015093e+002;2.367870e-001
7.019915e+002;2.366065e-001
7.024736e+002;2.364226e-001
7.029557e+002;2.362288e-001
7.034379e+002;2.360231e-001
7.039200e+002;2.358086e-001
7.044022e+002;2.355951e-001
7.048843e+002;2.353926e-001
7.053665e+002;2.352082e-001
7.058486e+002;2.350414e-001
7.063307e+002;2.348847e-001
7.068129e+002;2.347264e-001
7.072950e+002;2.345558e-001
7.077771e+002;2.343680e-001
7.082593e+002;2.341645e-001
7.087414e+002;2.339512e-001
7.092235e+002;2.337346e-001
7.097057e+002;2.335169e-001
7.101878e+002;2.332949e-001
7.106699e+002;2.330629e-001
7.111521e+002;2.328155e-001
7.116342e+002;2.325508e-001
7.121163e+002;2.322726e-001
7.125985e+002;2.319881e-001
7.130806e+002;2.317035e-001
7.135627e+002;2.314216e-001
7.140449e+002;2.311402e-001
7.145270e+002;2.308537e-001
7.150092e+002;2.305576e-001
7.154913e+002;2.302512e-001
7.159734e+002;2.299394e-001
7.164556e+002;2.296301e-001
7.169377e+002;2.293312e-001
7.174199e+002;2.290460e-001
7.179020e+002;2.287720e-001
7.183842e+002;2.285032e-001
7.188663e+002;2.282318e-001
7.193484e+002;2.279541e-001
7.198306e+002;2.276709e-001
7.203127e+002;2.273871e-001
7.207948e+002;2.271085e-001
7.212770e+002;2.268391e-001
7.217591e+002;2.265796e-001
7.222412e+002;2.263272e-001
7.227234e+002;2.260792e-001
7.232055e+002;2.258345e-001
7.236876e+002;2.255942e-001
7.241698e+002;2.253612e-001
7.246519e+002;2.251362e-001
7.251340e+002;2.249164e-001
7.256162e+002;2.246951e-001
7.260983e+002;2.244633e-001
7.265804e+002;2.242141e-001
7.270626e+002;2.239456e-001
7.275447e+002;2.236622e-001
7.280269e+002;2.233716e-001
7.285090e+002;2.230829e-001
7.289911e+002;2.228015e-001
7.294733e+002;2.225274e-001
7.299554e+002;2.222567e-001
7.304376e+002;2.219832e-001
7.309197e+002;2.217033e-001
7.314019e+002;2.214165e-001
7.318840e+002;2.211264e-001
7.323661e+002;2.208385e-001
7.328483e+002;2.205573e-001
7.333304e+002;2.202851e-001
7.338125e+002;2.200218e-001
7.342947e+002;2.197658e-001
7.347768e+002;2.195157e-001
7.352589e+002;2.192710e-001
7.357411e+002;2.190314e-001
7.362232e+002;2.187953e-001
7.367053e+002;2.185592e-001
7.371875e+002;2.183170e-001
7.376696e+002;2.180628e-001
7.381517e+002;2.177926e-001
7.386339e+002;2.175062e-001
7.391160e+002;2.172068e-001
7.395981e+002;2.169005e-001
7.400803e+002;2.165933e-001
7.405624e+002;2.162882e-001
7.410446e+002;2.159860e-001
7.415267e+002;2.156862e-001
7.420089e+002;2.153879e-001
7.424910e+002;2.150925e-001
7.429731e+002;2.148027e-001
7.434553e+002;2.145213e-001
7.439374e+002;2.142487e-001
7.444196e+002;2.139824e-001
7.449017e+002;2.137166e-001
7.453838e+002;2.134447e-001
7.458660e+002;2.131632e-001
7.463481e+002;2.128728e-001
7.468302e+002;2.125785e-001
7.473124e+002;2.122874e-001
7.477945e+002;2.120040e-001
7.482766e+002;2.117288e-001
7.487588e+002;2.114567e-001
7.492409e+002;2.111794e-001
7.497230e+002;2.108890e-001
7.502052e+002;2.105815e-001
7.506873e+002;2.102586e-001
7.511694e+002;2.099262e-001
7.516516e+002;2.095919e-001
7.521337e+002;2.092613e-001
7.526158e+002;2.089359e-001
7.530980e+002;2.086143e-001
7.535801e+002;2.082928e-001
7.540623e+002;2.079686e-001
7.545444e+002;2.076416e-001
7.550266e+002;2.073133e-001
7.555087e+002;2.069866e-001
7.559908e+002;2.066635e-001
7.564730e+002;2.063444e-001
7.569551e+002;2.060284e-001
7.574373e+002;2.057146e-001
7.579194e+002;2.054036e-001
7.584015e+002;2.050969e-001
7.588837e+002;2.047973e-001
7.593658e+002;2.045052e-001
7.598479e+002;2.042190e-001
7.603301e+002;2.039334e-001
7.608122e+002;2.036422e-001
7.612943e+002;2.033400e-001
7.617765e+002;2.030245e-001
7.622586e+002;2.026977e-001
7.627407e+002;2.023651e-001
7.632229e+002;2.020333e-001
7.637050e+002;2.017084e-001
7.641871e+002;2.013941e-001
7.646693e+002;2.010923e-001
7.651514e+002;2.008028e-001
7.656335e+002;2.005260e-001
7.661157e+002;2.002609e-001
7.665978e+002;2.000061e-001
7.670800e+002;1.997582e-001
7.675621e+002;1.995111e-001
7.680443e+002;1.992580e-001
7.685264e+002;1.989920e-001
7.690085e+002;1.987098e-001
7.694907e+002;1.984119e-001
7.699728e+002;1.981037e-001
7.704550e+002;1.977926e-001
7.709371e+002;1.974850e-001
7.714192e+002;1.971845e-001
7.719014e+002;1.968900e-001
7.723835e+002;1.965974e-001
7.728656e+002;1.963018e-001
7.733478e+002;1.959993e-001
7.738299e+002;1.956884e-001
7.743120e+002;1.953697e-001
7.747942e+002;1.950445e-001
7.752763e+002;1.947131e-001
7.757584e+002;1.943739e-001
7.762406e+002;1.940249e-001
7.767227e+002;1.936639e-001
7.772048e+002;1.932908e-001
7.776870e+002;1.929077e-001
7.781691e+002;1.925177e-001
7.786512e+002;1.921242e-001
7.791334e+002;1.917289e-001
7.796155e+002;1.913319e-001
7.800977e+002;1.909320e-001
7.805798e+002;1.905290e-001
7.810620e+002;1.901237e-001
7.815441e+002;1.897191e-001
7.820262e+002;1.893188e-001
7.825084e+002;1.889253e-001
7.829905e+002;1.885388e-001
7.834727e+002;1.881575e-001
7.839548e+002;1.877771e-001
7.844369e+002;1.873944e-001
7.849191e+002;1.870076e-001
7.854012e+002;1.866178e-001
7.858833e+002;1.862277e-001
7.863655e+002;1.858408e-001
7.868476e+002;1.854597e-001
7.873297e+002;1.850853e-001
7.878119e+002;1.847170e-001
7.882940e+002;1.843539e-001
7.887761e+002;1.839952e-001
7.892583e+002;1.836404e-001
7.897404e+002;1.832895e-001
7.902225e+002;1.829417e-001
7.907047e+002;1.825955e-001
7.911868e+002;1.822495e-001
7.916689e+002;1.819035e-001
7.921511e+002;1.815589e-001
7.926332e+002;1.812196e-001
7.931154e+002;1.808902e-001
7.935975e+002;1.805741e-001
7.940797e+002;1.802714e-001
7.945618e+002;1.799780e-001
7.950439e+002;1.796864e-001
7.955261e+002;1.793882e-001
7.960082e+002;1.790775e-001
7.964904e+002;1.787523e-001
7.969725e+002;1.784149e-001
7.974546e+002;1.780700e-001
7.979368e+002;1.777215e-001
7.984189e+002;1.773707e-001
7.989010e+002;1.770152e-001
7.993832e+002;1.766514e-001
7.998653e+002;1.762760e-001
8.003474e+002;1.758892e-001
8.008296e+002;1.754955e-001
8.013117e+002;1.751029e-001
8.017938e+002;1.747198e-001
8.022760e+002;1.743525e-001
8.027581e+002;1.740034e-001
8.032402e+002;1.736698e-001
8.037224e+002;1.733464e-001
8.042045e+002;1.730264e-001
8.046866e+002;1.727043e-001
8.051688e+002;1.723771e-001
8.056509e+002;1.720440e-001
8.061331e+002;1.717062e-001
8.066152e+002;1.713661e-001
8.070974e+002;1.710268e-001
8.075795e+002;1.706908e-001
8.080616e+002;1.703601e-001
8.085438e+002;1.700350e-001
8.090259e+002;1.697133e-001
8.095081e+002;1.693910e-001
8.099902e+002;1.690636e-001
8.104723e+002;1.687263e-001
8.109545e+002;1.683777e-001
8.114366e+002;1.680194e-001
8.119187e+002;1.676565e-001
8.124009e+002;1.672959e-001
8.128830e+002;1.669436e-001
8.133651e+002;1.666028e-001
8.138473e+002;1.662732e-001
8.143294e+002;1.659515e-001
8.148115e+002;1.656331e-001
8.152937e+002;1.653144e-001
8.157758e+002;1.649933e-001
8.162579e+002;1.646693e-001
8.167401e+002;1.643418e-001
8.172222e+002;1.640086e-001
8.177043e+002;1.636661e-001
8.181865e+002;1.633094e-001
8.186686e+002;1.629353e-001
8.191508e+002;1.625433e-001
8.196329e+002;1.621369e-001
8.201151e+002;1.617224e-001
8.205972e+002;1.613068e-001
8.210793e+002;1.608950e-001
8.215615e+002;1.604885e-001
8.220436e+002;1.600859e-001
8.225258e+002;1.596851e-001
8.230079e+002;1.592840e-001
8.234900e+002;1.588846e-001
8.239722e+002;1.584899e-001
8.244543e+002;1.581038e-001
8.249364e+002;1.577281e-001
8.254186e+002;1.573607e-001
8.259007e+002;1.569960e-001
8.263828e+002;1.566267e-001
8.268650e+002;1.562470e-001
8.273471e+002;1.558540e-001
8.278292e+002;1.554499e-001
8.283114e+002;1.550402e-001
8.287935e+002;1.546311e-001
8.292756e+002;1.542284e-001
8.297578e+002;1.538349e-001
8.302399e+002;1.534507e-001
8.307220e+002;1.530741e-001
8.312042e+002;1.527033e-001
8.316863e+002;1.523367e-001
8.321685e+002;1.519725e-001
8.326506e+002;1.516095e-001
8.331328e+002;1.512453e-001
8.336149e+002;1.508770e-001
8.340970e+002;1.505029e-001
8.345792e+002;1.501223e-001
8.350613e+002;1.497369e-001
8.355435e+002;1.493504e-001
8.360256e+002;1.489668e-001
8.365077e+002;1.485887e-001
8.369899e+002;1.482164e-001
8.374720e+002;1.478478e-001
8.379541e+002;1.474795e-001
8.384363e+002;1.471091e-001
8.389184e+002;1.467358e-001
8.394005e+002;1.463618e-001
8.398827e+002;1.459910e-001
8.403648e+002;1.456268e-001
8.408469e+002;1.452713e-001
8.413291e+002;1.449240e-001
8.418112e+002;1.445822e-001
8.422933e+002;1.442424e-001
8.427755e+002;1.439018e-001
8.432576e+002;1.435582e-001
8.437397e+002;1.432106e-001
8.442219e+002;1.428581e-001
8.447040e+002;1.424993e-001
8.451862e+002;1.421323e-001
8.456683e+002;1.417556e-001
8.461505e+002;1.413690e-001
8.466326e+002;1.409749e-001
8.471147e+002;1.405775e-001
8.475969e+002;1.401822e-001
8.480790e+002;1.397938e-001
8.485612e+002;1.394152e-001
8.490433e+002;1.390463e-001
8.495254e+002;1.386853e-001
8.500076e+002;1.383295e-001
8.504897e+002;1.379765e-001
8.509718e+002;1.376252e-001
8.514540e+002;1.372757e-001
8.519361e+002;1.369279e-001
8.524182e+002;1.365815e-001
8.529004e+002;1.362351e-001
8.533825e+002;1.358868e-001
8.538646e+002;1.355350e-001
8.543468e+002;1.351792e-001
8.548289e+002;1.348206e-001
8.553110e+002;1.344614e-001
8.557932e+002;1.341039e-001
8.562753e+002;1.337500e-001
8.567574e+002;1.334005e-001
8.572396e+002;1.330560e-001
8.577217e+002;1.327163e-001
8.582039e+002;1.323822e-001
8.586860e+002;1.320547e-001
8.591682e+002;1.317341e-001
8.596503e+002;1.314200e-001
8.601324e+002;1.311101e-001
8.606146e+002;1.308014e-001
8.610967e+002;1.304903e-001
8.615789e+002;1.301742e-001
8.620610e+002;1.298524e-001
8.625431e+002;1.295255e-001
8.630253e+002;1.291949e-001
8.635074e+002;1.288618e-001
8.639895e+002;1.285260e-001
8.644717e+002;1.281860e-001
8.649538e+002;1.278403e-001
8.654359e+002;1.274882e-001
8.659181e+002;1.271309e-001
8.664002e+002;1.267714e-001
8.668823e+002;1.264135e-001
8.673645e+002;1.260606e-001
8.678466e+002;1.257139e-001
8.683287e+002;1.253718e-001
8.688109e+002;1.250319e-001
8.692930e+002;1.246907e-001
8.697751e+002;1.243467e-001
8.702573e+002;1.239999e-001
8.707394e+002;1.236522e-001
8.712216e+002;1.233061e-001
8.717037e+002;1.229637e-001
8.721859e+002;1.226256e-001
8.726680e+002;1.222913e-001
8.731501e+002;1.219593e-001
8.736323e+002;1.216284e-001
8.741144e+002;1.212979e-001
8.745966e+002;1.209673e-001
8.750787e+002;1.206359e-001
8.755608e+002;1.203025e-001
8.760430e+002;1.199645e-001
8.765251e+002;1.196188e-001
8.770072e+002;1.192638e-001
8.774894e+002;1.188984e-001
8.779715e+002;1.185241e-001
8.784536e+002;1.181435e-001
8.789358e+002;1.177601e-001
8.794179e+002;1.173762e-001
8.799000e+002;1.169934e-001
8.803822e+002;1.166121e-001
8.808643e+002;1.162326e-001
8.813464e+002;1.158556e-001
8.818286e+002;1.154835e-001
8.823107e+002;1.151193e-001
8.827928e+002;1.147658e-001
8.832750e+002;1.144255e-001
8.837571e+002;1.140987e-001
8.842393e+002;1.137841e-001
8.847214e+002;1.134791e-001
8.852036e+002;1.131803e-001
8.856857e+002;1.128848e-001
8.861678e+002;1.125903e-001
8.866500e+002;1.122948e-001
8.871321e+002;1.119974e-001
8.876143e+002;1.116970e-001
8.880964e+002;1.113935e-001
8.885785e+002;1.110876e-001
8.890607e+002;1.107809e-001
8.895428e+002;1.104759e-001
8.900249e+002;1.101755e-001
8.905071e+002;1.098819e-001
8.909892e+002;1.095959e-001
8.914713e+002;1.093165e-001
8.919535e+002;1.090416e-001
8.924356e+002;1.087685e-001
8.929177e+002;1.084947e-001
8.933999e+002;1.082188e-001
8.938820e+002;1.079407e-001
8.943641e+002;1.076606e-001
8.948463e+002;1.073793e-001
8.953284e+002;1.070976e-001
8.958105e+002;1.068159e-001
8.962927e+002;1.065349e-001
8.967748e+002;1.062555e-001
8.972570e+002;1.059788e-001
8.977391e+002;1.057058e-001
8.982213e+002;1.054369e-001
8.987034e+002;1.051715e-001
8.991855e+002;1.049084e-001
8.996677e+002;1.046457e-001
9.001498e+002;1.043826e-001
9.006320e+002;1.041189e-001
9.011141e+002;1.038561e-001
9.015962e+002;1.035962e-001
9.020784e+002;1.033410e-001
9.025605e+002;1.030915e-001
9.030426e+002;1.028471e-001
9.035248e+002;1.026062e-001
9.040069e+002;1.023668e-001
9.044890e+002;1.021276e-001
9.049712e+002;1.018883e-001
9.054533e+002;1.016498e-001
9.059354e+002;1.014134e-001
9.064176e+002;1.011796e-001
9.068997e+002;1.009482e-001
9.073818e+002;1.007175e-001
9.078640e+002;1.004855e-001
9.083461e+002;1.002503e-001
9.088282e+002;1.000119e-001
9.093104e+002;9.977161e-002
9.097925e+002;9.953246e-002
9.102747e+002;9.929803e-002
9.107568e+002;9.907119e-002
9.112390e+002;9.885366e-002
9.117211e+002;9.864528e-002
9.122032e+002;9.844466e-002
9.126854e+002;9.824944e-002
9.131675e+002;9.805690e-002
9.136496e+002;9.786460e-002
9.141318e+002;9.767072e-002
9.146139e+002;9.747420e-002
9.150960e+002;9.727469e-002
9.155782e+002;9.707293e-002
9.160603e+002;9.687003e-002
9.165424e+002;9.666797e-002
9.170246e+002;9.646849e-002
9.175067e+002;9.627299e-002
9.179888e+002;9.608204e-002
9.184710e+002;9.589501e-002
9.189531e+002;9.571017e-002
9.194352e+002;9.552564e-002
9.199174e+002;9.533948e-002
9.203995e+002;9.515019e-002
9.208817e+002;9.495708e-002
9.213638e+002;9.476022e-002
9.218459e+002;9.456003e-002
9.223281e+002;9.435727e-002
9.228102e+002;9.415226e-002
9.232924e+002;9.394591e-002
9.237745e+002;9.373878e-002
9.242567e+002;9.353213e-002
9.247388e+002;9.332675e-002
9.252209e+002;9.312347e-002
9.257031e+002;9.292255e-002
9.261852e+002;9.272356e-002
9.266673e+002;9.252544e-002
9.271495e+002;9.232698e-002
9.276316e+002;9.212724e-002
9.281137e+002;9.192562e-002
9.285959e+002;9.172228e-002
9.290780e+002;9.151844e-002
9.295601e+002;9.131509e-002
9.300423e+002;9.111365e-002
9.305244e+002;9.091531e-002
9.310065e+002;9.072023e-002
9.314887e+002;9.052794e-002
9.319708e+002;9.033772e-002
9.324529e+002;9.014778e-002
9.329351e+002;8.995678e-002
9.334172e+002;8.976370e-002
9.338994e+002;8.956830e-002
9.343815e+002;8.937146e-002
9.348636e+002;8.917547e-002
9.353458e+002;8.898300e-002
9.358279e+002;8.879685e-002
9.363101e+002;8.861841e-002
9.367922e+002;8.844742e-002
9.372744e+002;8.828141e-002
9.377565e+002;8.811641e-002
9.382386e+002;8.794811e-002
9.387208e+002;8.777303e-002
9.392029e+002;8.758991e-002
9.396850e+002;8.739981e-002
9.401672e+002;8.720594e-002
9.406493e+002;8.701250e-002
9.411314e+002;8.682345e-002
9.416136e+002;8.664104e-002
9.420957e+002;8.646565e-002
9.425778e+002;8.629605e-002
9.430600e+002;8.612933e-002
9.435421e+002;8.596320e-002
9.440242e+002;8.579534e-002
9.445064e+002;8.562441e-002
9.449885e+002;8.545009e-002
9.454706e+002;8.527225e-002
9.459528e+002;8.509125e-002
9.464349e+002;8.490717e-002
9.469171e+002;8.472010e-002
9.473992e+002;8.453061e-002
9.478813e+002;8.433931e-002
9.483635e+002;8.414769e-002
9.488456e+002;8.395746e-002
9.493278e+002;8.377076e-002
9.498099e+002;8.358935e-002
9.502921e+002;8.341461e-002
9.507742e+002;8.324692e-002
9.512563e+002;8.308558e-002
9.517385e+002;8.292902e-002
9.522206e+002;8.277529e-002
9.527027e+002;8.262250e-002
9.531849e+002;8.246988e-002
9.536670e+002;8.231814e-002
9.541491e+002;8.216944e-002
9.546313e+002;8.202707e-002
9.551134e+002;8.189414e-002
9.555955e+002;8.177309e-002
9.560777e+002;8.166449e-002
9.565598e+002;8.156650e-002
9.570419e+002;8.147619e-002
9.575241e+002;8.139006e-002
9.580062e+002;8.130538e-002
9.584883e+002;8.122144e-002
9.589705e+002;8.113946e-002
9.594526e+002;8.106208e-002
9.599348e+002;8.099236e-002
9.604169e+002;8.093245e-002
9.608990e+002;8.088300e-002
9.613812e+002;8.084347e-002
9.618633e+002;8.081140e-002
9.623455e+002;8.078464e-002
9.628276e+002;8.076102e-002
9.633098e+002;8.073900e-002
9.637919e+002;8.071754e-002
9.642740e+002;8.069518e-002
9.647562e+002;8.067033e-002
9.652383e+002;8.064098e-002
9.657204e+002;8.060499e-002
9.662026e+002;8.056065e-002
9.666847e+002;8.050715e-002
9.671668e+002;8.044491e-002
9.676490e+002;8.037423e-002
9.681311e+002;8.029606e-002
9.686132e+002;8.021080e-002
9.690954e+002;8.011877e-002
9.695775e+002;8.002001e-002
9.700596e+002;7.991558e-002
9.705418e+002;7.980815e-002
9.710239e+002;7.970151e-002
9.715060e+002;7.960058e-002
9.719882e+002;7.951043e-002
9.724703e+002;7.943499e-002
9.729525e+002;7.937664e-002
9.734346e+002;7.933548e-002
9.739167e+002;7.930980e-002
9.743989e+002;7.929692e-002
9.748810e+002;7.929338e-002
9.753632e+002;7.929590e-002
9.758453e+002;7.930154e-002
9.763275e+002;7.930798e-002
9.768096e+002;7.931287e-002
9.772917e+002;7.931466e-002
9.777739e+002;7.931183e-002
9.782560e+002;7.930325e-002
9.787381e+002;7.928849e-002
9.792203e+002;7.926769e-002
9.797024e+002;7.924157e-002
9.801845e+002;7.921049e-002
9.806667e+002;7.917519e-002
9.811488e+002;7.913667e-002
9.816309e+002;7.909530e-002
9.821131e+002;7.905205e-002
9.825952e+002;7.900792e-002
9.830773e+002;7.896406e-002
9.835595e+002;7.892203e-002
9.840416e+002;7.888345e-002
9.845237e+002;7.885056e-002
9.850059e+002;7.882550e-002
9.854880e+002;7.881106e-002
9.859702e+002;7.880944e-002
9.864523e+002;7.882245e-002
9.869344e+002;7.885072e-002
9.874166e+002;7.889326e-002
9.878987e+002;7.894792e-002
9.883809e+002;7.901149e-002
9.888630e+002;7.908001e-002
9.893452e+002;7.915021e-002
9.898273e+002;7.921940e-002
9.903094e+002;7.928587e-002
9.907916e+002;7.934826e-002
9.912737e+002;7.940552e-002
9.917558e+002;7.945631e-002
9.922380e+002;7.949943e-002
9.927201e+002;7.953343e-002
9.932022e+002;7.955759e-002
9.936844e+002;7.957193e-002
9.941665e+002;7.957751e-002
9.946486e+002;7.957550e-002
9.951308e+002;7.956706e-002
9.956129e+002;7.955253e-002
9.960950e+002;7.953250e-002
9.965772e+002;7.950661e-002
9.970593e+002;7.947556e-002
9.975414e+002;7.944087e-002
9.980236e+002;7.940433e-002
9.985057e+002;7.936832e-002
9.989879e+002;7.933425e-002
9.994700e+002;7.930207e-002
9.999521e+002;7.927000e-002
1.000434e+003;7.923511e-002
1.000916e+003;7.919415e-002
1.001399e+003;7.914454e-002
1.001881e+003;7.908557e-002
1.002363e+003;7.901770e-002
1.002845e+003;7.894264e-002
1.003327e+003;7.886194e-002
1.003809e+003;7.877655e-002
1.004291e+003;7.868646e-002
1.004773e+003;7.859107e-002
1.005256e+003;7.849050e-002
1.005738e+003;7.838557e-002
1.006220e+003;7.827927e-002
1.006702e+003;7.817557e-002
1.007184e+003;7.807928e-002
1.007666e+003;7.799476e-002
1.008148e+003;7.792506e-002
1.008631e+003;7.787184e-002
1.009113e+003;7.783531e-002
1.009595e+003;7.781455e-002
1.010077e+003;7.780822e-002
1.010559e+003;7.781447e-002
1.011041e+003;7.783151e-002
1.011523e+003;7.785696e-002
1.012006e+003;7.788803e-002
1.012488e+003;7.792188e-002
1.012970e+003;7.795595e-002
1.013452e+003;7.798845e-002
1.013934e+003;7.801839e-002
1.014416e+003;7.804535e-002
1.014898e+003;7.806899e-002
1.015381e+003;7.808831e-002
1.015863e+003;7.810136e-002
1.016345e+003;7.810508e-002
1.016827e+003;7.809653e-002
1.017309e+003;7.807315e-002
1.017791e+003;7.803398e-002
1.018273e+003;7.798038e-002
1.018755e+003;7.791519e-002
1.019238e+003;7.784309e-002
1.019720e+003;7.776864e-002
1.020202e+003;7.769659e-002
1.020684e+003;7.763036e-002
1.021166e+003;7.757238e-002
1.021648e+003;7.752446e-002
1.022130e+003;7.748806e-002
1.022613e+003;7.746445e-002
1.023095e+003;7.745560e-002
1.023577e+003;7.746369e-002
1.024059e+003;7.749073e-002
1.024541e+003;7.753871e-002
1.025023e+003;7.760859e-002
1.025505e+003;7.769985e-002
1.025988e+003;7.781049e-002
1.026470e+003;7.793678e-002
1.026952e+003;7.807394e-002
1.027434e+003;7.821638e-002
1.027916e+003;7.835909e-002
1.028398e+003;7.849838e-002
1.028880e+003;7.863241e-002
1.029363e+003;7.876085e-002
1.029845e+003;7.888505e-002
1.030327e+003;7.900676e-002
1.030809e+003;7.912730e-002
1.031291e+003;7.924680e-002
1.031773e+003;7.936464e-002
1.032255e+003;7.947911e-002
1.032738e+003;7.958806e-002
1.033220e+003;7.969007e-002
1.033702e+003;7.978398e-002
1.034184e+003;7.986992e-002
1.034666e+003;7.994865e-002
1.035148e+003;8.002076e-002
1.035630e+003;8.008720e-002
1.036112e+003;8.014831e-002
1.036594e+003;8.020408e-002
1.037077e+003;8.025402e-002
1.037559e+003;8.029775e-002
1.038041e+003;8.033478e-002
1.038523e+003;8.036549e-002
1.039005e+003;8.039101e-002
1.039487e+003;8.041295e-002
1.039969e+003;8.043402e-002
1.040452e+003;8.045761e-002
1.040934e+003;8.048624e-002
1.041416e+003;8.052240e-002
1.041898e+003;8.056685e-002
1.042380e+003;8.061931e-002
1.042862e+003;8.067812e-002
1.043344e+003;8.074130e-002
1.043827e+003;8.080775e-002
1.044309e+003;8.087718e-002
1.044791e+003;8.095130e-002
1.045273e+003;8.103318e-002
1.045755e+003;8.112669e-002
1.046237e+003;8.123536e-002
1.046719e+003;8.136205e-002
1.047202e+003;8.150771e-002
1.047684e+003;8.167152e-002
1.048166e+003;8.185100e-002
1.048648e+003;8.204251e-002
1.049130e+003;8.224225e-002
1.049612e+003;8.244655e-002
1.050094e+003;8.265296e-002
1.050577e+003;8.286023e-002
1.051059e+003;8.306884e-002
1.051541e+003;8.328068e-002
1.052023e+003;8.349822e-002
1.052505e+003;8.372440e-002
1.052987e+003;8.396075e-002
1.053469e+003;8.420720e-002
1.053951e+003;8.446138e-002
1.054434e+003;8.471876e-002
1.054916e+003;8.497359e-002
1.055398e+003;8.521969e-002
1.055880e+003;8.545186e-002
1.056362e+003;8.566640e-002
1.056844e+003;8.586197e-002
1.057326e+003;8.603876e-002
1.057809e+003;8.619804e-002
1.058291e+003;8.634137e-002
1.058773e+003;8.646980e-002
1.059255e+003;8.658345e-002
1.059737e+003;8.668154e-002
1.060219e+003;8.676216e-002
1.060701e+003;8.682314e-002
1.061184e+003;8.686200e-002
1.061666e+003;8.687657e-002
1.062148e+003;8.686595e-002
1.062630e+003;8.682965e-002
1.063112e+003;8.676844e-002
1.063594e+003;8.668400e-002
1.064076e+003;8.657832e-002
1.064559e+003;8.645360e-002
1.065041e+003;8.631153e-002
1.065523e+003;8.615379e-002
1.066005e+003;8.598142e-002
1.066487e+003;8.579499e-002
1.066969e+003;8.559562e-002
1.067451e+003;8.538418e-002
1.067933e+003;8.516186e-002
1.068416e+003;8.492967e-002
1.068898e+003;8.468834e-002
1.069380e+003;8.443820e-002
1.069862e+003;8.417985e-002
1.070344e+003;8.391404e-002
1.070826e+003;8.364292e-002
1.071308e+003;8.337051e-002
1.071791e+003;8.310237e-002
1.072273e+003;8.284547e-002
1.072755e+003;8.260666e-002
1.073237e+003;8.239179e-002
1.073719e+003;8.220426e-002
1.074201e+003;8.204488e-002
1.074683e+003;8.191255e-002
1.075166e+003;8.180441e-002
1.075648e+003;8.171728e-002
1.076130e+003;8.164957e-002
1.076612e+003;8.159986e-002
1.077094e+003;8.156862e-002
1.077576e+003;8.155620e-002
1.078058e+003;8.156253e-002
1.078541e+003;8.158687e-002
1.079023e+003;8.162668e-002
1.079505e+003;8.167867e-002
1.079987e+003;8.173814e-002
1.080469e+003;8.180003e-002
1.080951e+003;8.185852e-002
1.081433e+003;8.190708e-002
1.081916e+003;8.193861e-002
1.082398e+003;8.194628e-002
1.082880e+003;8.192404e-002
1.083362e+003;8.186749e-002
1.083844e+003;8.177474e-002
1.084326e+003;8.164652e-002
1.084808e+003;8.148607e-002
1.085290e+003;8.129791e-002
1.085772e+003;8.108690e-002
1.086255e+003;8.085780e-002
1.086737e+003;8.061391e-002
1.087219e+003;8.035818e-002
1.087701e+003;8.009357e-002
1.088183e+003;7.982329e-002
1.088665e+003;7.955173e-002
1.089147e+003;7.928367e-002
1.089630e+003;7.902420e-002
1.090112e+003;7.877705e-002
1.090594e+003;7.854512e-002
1.091076e+003;7.832938e-002
1.091558e+003;7.813021e-002
1.092040e+003;7.794705e-002
1.092522e+003;7.778008e-002
1.093005e+003;7.763007e-002
1.093487e+003;7.749894e-002
1.093969e+003;7.738875e-002
1.094451e+003;7.730187e-002
1.094933e+003;7.723992e-002
1.095415e+003;7.720415e-002
1.095897e+003;7.719418e-002
1.096380e+003;7.720954e-002
1.096862e+003;7.724852e-002
1.097344e+003;7.730889e-002
1.097826e+003;7.738778e-002
1.098308e+003;7.748179e-002
1.098790e+003;7.758703e-002
1.099272e+003;7.769933e-002
1.099755e+003;7.781467e-002
1.100237e+003;7.792912e-002
1.100719e+003;7.803921e-002
1.101201e+003;7.814146e-002
1.101683e+003;7.823339e-002
1.102165e+003;7.831261e-002
1.102647e+003;7.837748e-002
1.103129e+003;7.842711e-002
1.103612e+003;7.846151e-002
1.104094e+003;7.848100e-002
1.104576e+003;7.848662e-002
1.105058e+003;7.847936e-002
1.105540e+003;7.845953e-002
1.106022e+003;7.842728e-002
1.106504e+003;7.838208e-002
1.106987e+003;7.832366e-002
1.107469e+003;7.825200e-002
1.107951e+003;7.816812e-002
1.108433e+003;7.807372e-002
1.108915e+003;7.797120e-002
1.109397e+003;7.786279e-002
1.109879e+003;7.775038e-002
1.110362e+003;7.763539e-002
1.110844e+003;7.751874e-002
1.111326e+003;7.740074e-002
1.111808e+003;7.728258e-002
1.112290e+003;7.716538e-002
1.112772e+003;7.705086e-002
1.113254e+003;7.694051e-002
1.113736e+003;7.683555e-002
1.114219e+003;7.673643e-002
1.114701e+003;7.664299e-002
1.115183e+003;7.655448e-002
1.115665e+003;7.647038e-002
1.116147e+003;7.639050e-002
1.116629e+003;7.631499e-002
1.117111e+003;7.624421e-002
1.117594e+003;7.617869e-002
1.118076e+003;7.611854e-002
1.118558e+003;7.606386e-002
1.119040e+003;7.601412e-002
1.119522e+003;7.596952e-002
1.120004e+003;7.593016e-002
1.120486e+003;7.589670e-002
1.120969e+003;7.587030e-002
1.121451e+003;7.585151e-002
1.121933e+003;7.584043e-002
1.122415e+003;7.583657e-002
1.122897e+003;7.583874e-002
1.123379e+003;7.584610e-002
1.123861e+003;7.585775e-002
1.124344e+003;7.587378e-002
1.124826e+003;7.589465e-002
1.125308e+003;7.592110e-002
1.125790e+003;7.595348e-002
1.126272e+003;7.599144e-002
1.126754e+003;7.603361e-002
1.127236e+003;7.607868e-002
1.127719e+003;7.612492e-002
1.128201e+003;7.617166e-002
1.128683e+003;7.621942e-002
1.129165e+003;7.626890e-002
1.129647e+003;7.632169e-002
1.130129e+003;7.637861e-002
1.130611e+003;7.643967e-002
1.131093e+003;7.650318e-002
1.131576e+003;7.656693e-002
1.132058e+003;7.662784e-002
1.132540e+003;7.668355e-002
1.133022e+003;7.673300e-002
1.133504e+003;7.677589e-002
1.133986e+003;7.681351e-002
1.134468e+003;7.684743e-002
1.134950e+003;7.687958e-002
1.135433e+003;7.691082e-002
1.135915e+003;7.694145e-002
1.136397e+003;7.697082e-002
1.136879e+003;7.699791e-002
1.137361e+003;7.702150e-002
1.137843e+003;7.704089e-002
1.138325e+003;7.705620e-002
1.138808e+003;7.706812e-002
1.139290e+003;7.707787e-002
1.139772e+003;7.708669e-002
1.140254e+003;7.709558e-002
1.140736e+003;7.710498e-002
1.141218e+003;7.711466e-002
1.141700e+003;7.712412e-002
1.142183e+003;7.713251e-002
1.142665e+003;7.713918e-002
1.143147e+003;7.714391e-002
1.143629e+003;7.714652e-002
1.144111e+003;7.714673e-002
1.144593e+003;7.714434e-002
1.145075e+003;7.713842e-002
1.145557e+003;7.712840e-002
1.146040e+003;7.711367e-002
1.146522e+003;7.709427e-002
1.147004e+003;7.707079e-002
1.147486e+003;7.704505e-002
1.147968e+003;7.701904e-002
1.148450e+003;7.699452e-002
1.148932e+003;7.697273e-002
1.149415e+003;7.695413e-002
1.149897e+003;7.693814e-002
1.150379e+003;7.692413e-002
1.150861e+003;7.691122e-002
1.151343e+003;7.689935e-002
1.151825e+003;7.688899e-002
1.152307e+003;7.688099e-002
1.152790e+003;7.687603e-002
1.153272e+003;7.687425e-002
1.153754e+003;7.687537e-002
1.154236e+003;7.687854e-002
1.154718e+003;7.688312e-002
1.155200e+003;7.688932e-002
1.155682e+003;7.689802e-002
1.156165e+003;7.691074e-002
1.156647e+003;7.692896e-002
1.157129e+003;7.695361e-002
1.157611e+003;7.698374e-002
1.158093e+003;7.701699e-002
1.158575e+003;7.704952e-002
1.159057e+003;7.707707e-002
1.159540e+003;7.709598e-002
1.160022e+003;7.710405e-002
1.160504e+003;7.710064e-002
1.160986e+003;7.708689e-002
1.161468e+003;7.706501e-002
1.161950e+003;7.703715e-002
1.162432e+003;7.700551e-002
1.162914e+003;7.697134e-002
1.163397e+003;7.693505e-002
1.163879e+003;7.689673e-002
1.164361e+003;7.685571e-002
1.164843e+003;7.681192e-002
1.165325e+003;7.676490e-002
1.165807e+003;7.671449e-002
1.166289e+003;7.666048e-002
1.166771e+003;7.660276e-002
1.167254e+003;7.654116e-002
1.167736e+003;7.647640e-002
1.168218e+003;7.640893e-002
1.168700e+003;7.634044e-002
1.169182e+003;7.627301e-002
1.169664e+003;7.620951e-002
1.170146e+003;7.615239e-002
1.170629e+003;7.610452e-002
1.171111e+003;7.606722e-002
1.171593e+003;7.604043e-002
1.172075e+003;7.602268e-002
1.172557e+003;7.601126e-002
1.173039e+003;7.600304e-002
1.173521e+003;7.599492e-002
1.174004e+003;7.598555e-002
1.174486e+003;7.597516e-002
1.174968e+003;7.596586e-002
1.175450e+003;7.596043e-002
1.175932e+003;7.596188e-002
1.176414e+003;7.597235e-002
1.176896e+003;7.599182e-002
1.177379e+003;7.601871e-002
1.177861e+003;7.604977e-002
1.178343e+003;7.608131e-002
1.178825e+003;7.611067e-002
1.179307e+003;7.613614e-002
1.179789e+003;7.615764e-002
1.180271e+003;7.617652e-002
1.180754e+003;7.619483e-002
1.181236e+003;7.621470e-002
1.181718e+003;7.623739e-002
1.182200e+003;7.626396e-002
1.182682e+003;7.629474e-002
1.183164e+003;7.632960e-002
1.183646e+003;7.636783e-002
1.184128e+003;7.640820e-002
1.184611e+003;7.644865e-002
1.185093e+003;7.648639e-002
1.185575e+003;7.651836e-002
1.186057e+003;7.654209e-002
1.186539e+003;7.655580e-002
1.187021e+003;7.655989e-002
1.187503e+003;7.655660e-002
1.187986e+003;7.654960e-002
1.188468e+003;7.654303e-002
1.188950e+003;7.654127e-002
1.189432e+003;7.654613e-002
1.189914e+003;7.655822e-002
1.190396e+003;7.657580e-002
1.190878e+003;7.659583e-002
1.191361e+003;7.661486e-002
1.191843e+003;7.662970e-002
1.192325e+003;7.663855e-002
1.192807e+003;7.664037e-002
1.193289e+003;7.663540e-002
1.193771e+003;7.662486e-002
1.194253e+003;7.661042e-002
1.194735e+003;7.659373e-002
1.195218e+003;7.657702e-002
1.195700e+003;7.656206e-002
1.196182e+003;7.655066e-002
1.196664e+003;7.654424e-002
1.197146e+003;7.654332e-002
1.197628e+003;7.654814e-002
1.198110e+003;7.655782e-002
1.198593e+003;7.657081e-002
1.199075e+003;7.658493e-002
1.199557e+003;7.659782e-002
1.200039e+003;7.660770e-002
1.200521e+003;7.661322e-002
1.201003e+003;7.661422e-002
1.201485e+003;7.661140e-002
1.201968e+003;7.660645e-002
1.202450e+003;7.660133e-002
1.202932e+003;7.659808e-002
1.203414e+003;7.659794e-002
1.203896e+003;7.660221e-002
1.204378e+003;7.661071e-002
1.204860e+003;7.662322e-002
1.205343e+003;7.663950e-002
1.205825e+003;7.665956e-002
1.206307e+003;7.668325e-002
1.206789e+003;7.671124e-002
1.207271e+003;7.674354e-002
1.207753e+003;7.678030e-002
1.208235e+003;7.682028e-002
1.208718e+003;7.686178e-002
1.209200e+003;7.690278e-002
1.209682e+003;7.694133e-002
1.210164e+003;7.697660e-002
1.210646e+003;7.700870e-002
1.211128e+003;7.703886e-002
1.211610e+003;7.706903e-002
1.212092e+003;7.710111e-002
1.212575e+003;7.713678e-002
1.213057e+003;7.717633e-002
1.213539e+003;7.721947e-002
1.214021e+003;7.726511e-002
1.214503e+003;7.731150e-002
1.214985e+003;7.735679e-002
1.215467e+003;7.740001e-002
1.215949e+003;7.744016e-002
1.216432e+003;7.747687e-002
1.216914e+003;7.751061e-002
1.217396e+003;7.754236e-002
1.217878e+003;7.757347e-002
1.218360e+003;7.760588e-002
1.218842e+003;7.764126e-002
1.219324e+003;7.768119e-002
1.219807e+003;7.772557e-002
1.220289e+003;7.777358e-002
1.220771e+003;7.782267e-002
1.221253e+003;7.787012e-002
1.221735e+003;7.791313e-002
1.222217e+003;7.794963e-002
1.222699e+003;7.797939e-002
1.223182e+003;7.800405e-002
1.223664e+003;7.802647e-002
1.224146e+003;7.804999e-002
1.224628e+003;7.807752e-002
1.225110e+003;7.811095e-002
1.225592e+003;7.815100e-002
1.226074e+003;7.819661e-002
1.226557e+003;7.824696e-002
1.227039e+003;7.830030e-002
1.227521e+003;7.835557e-002
1.228003e+003;7.841236e-002
1.228485e+003;7.847012e-002
1.228967e+003;7.852831e-002
1.229449e+003;7.858669e-002
1.229932e+003;7.864430e-002
1.230414e+003;7.870061e-002
1.230896e+003;7.875565e-002
1.231378e+003;7.881000e-002
1.231860e+003;7.886507e-002
1.232342e+003;7.892259e-002
1.232824e+003;7.898456e-002
1.233306e+003;7.905211e-002
1.233789e+003;7.912531e-002
1.234271e+003;7.920352e-002
1.234753e+003;7.928473e-002
1.235235e+003;7.936691e-002
1.235717e+003;7.944786e-002
1.236199e+003;7.952540e-002
1.236681e+003;7.959861e-002
1.237164e+003;7.966617e-002
1.237646e+003;7.972817e-002
1.238128e+003;7.978483e-002
1.238610e+003;7.983694e-002
1.239092e+003;7.988627e-002
1.239574e+003;7.993487e-002
1.240056e+003;7.998518e-002
1.240539e+003;8.003931e-002
1.241021e+003;8.009913e-002
1.241503e+003;8.016492e-002
1.241985e+003;8.023610e-002
1.242467e+003;8.031133e-002
1.242949e+003;8.038806e-002
1.243431e+003;8.046433e-002
1.243913e+003;8.053839e-002
1.244396e+003;8.060894e-002
1.244878e+003;8.067543e-002
1.245360e+003;8.073743e-002
1.245842e+003;8.079480e-002
1.246324e+003;8.084751e-002
1.246806e+003;8.089580e-002
1.247288e+003;8.094028e-002
1.247771e+003;8.098257e-002
1.248253e+003;8.102467e-002
1.248735e+003;8.106907e-002
1.249217e+003;8.111764e-002
1.249699e+003;8.117126e-002
1.250181e+003;8.122990e-002
1.250663e+003;8.129170e-002
1.251146e+003;8.135447e-002
1.251628e+003;8.141544e-002
1.252110e+003;8.147332e-002
1.252592e+003;8.152685e-002
1.253074e+003;8.157681e-002
1.253556e+003;8.162455e-002
1.254038e+003;8.167184e-002
1.254521e+003;8.172037e-002
1.255003e+003;8.177202e-002
1.255485e+003;8.182790e-002
1.255967e+003;8.188915e-002
1.256449e+003;8.195577e-002
1.256931e+003;8.202782e-002
1.257413e+003;8.210446e-002
1.257896e+003;8.218404e-002
1.258378e+003;8.226449e-002
1.258860e+003;8.234325e-002
1.259342e+003;8.241775e-002
1.259824e+003;8.248635e-002
1.260306e+003;8.254753e-002
1.260788e+003;8.260132e-002
1.261270e+003;8.264823e-002
1.261753e+003;8.268889e-002
1.262235e+003;8.272429e-002
1.262717e+003;8.275499e-002
1.263199e+003;8.278134e-002
1.263681e+003;8.280315e-002
1.264163e+003;8.281997e-002
1.264645e+003;8.283141e-002
1.265127e+003;8.283632e-002
1.265610e+003;8.283390e-002
1.266092e+003;8.282387e-002
1.266574e+003;8.280613e-002
1.267056e+003;8.278143e-002
1.267538e+003;8.275191e-002
1.268020e+003;8.271977e-002
1.268502e+003;8.268811e-002
1.268985e+003;8.265926e-002
1.269467e+003;8.263540e-002
1.269949e+003;8.261691e-002
1.270431e+003;8.260372e-002
1.270913e+003;8.259445e-002
1.271395e+003;8.258835e-002
1.271877e+003;8.258399e-002
1.272360e+003;8.258104e-002
1.272842e+003;8.257928e-002
1.273324e+003;8.257893e-002
1.273806e+003;8.258034e-002
1.274288e+003;8.258280e-002
1.274770e+003;8.258616e-002
1.275252e+003;8.258963e-002
1.275734e+003;8.259269e-002
1.276217e+003;8.259603e-002
1.276699e+003;8.260012e-002
1.277181e+003;8.260676e-002
1.277663e+003;8.261775e-002
1.278145e+003;8.263420e-002
1.278627e+003;8.265652e-002
1.279109e+003;8.268403e-002
1.279592e+003;8.271507e-002
1.280074e+003;8.274759e-002
1.280556e+003;8.277965e-002
1.281038e+003;8.280979e-002
1.281520e+003;8.283760e-002
1.282002e+003;8.286408e-002
1.282484e+003;8.289021e-002
1.282967e+003;8.291773e-002
1.283449e+003;8.294746e-002
1.283931e+003;8.297920e-002
1.284413e+003;8.301240e-002
1.284895e+003;8.304474e-002
1.285377e+003;8.307477e-002
1.285859e+003;8.310074e-002
1.286342e+003;8.312234e-002
1.286824e+003;8.314010e-002
1.287306e+003;8.315559e-002
1.287788e+003;8.317081e-002
1.288270e+003;8.318757e-002
1.288752e+003;8.320723e-002
1.289234e+003;8.323047e-002
1.289717e+003;8.325737e-002
1.290199e+003;8.328753e-002
1.290681e+003;8.332022e-002
1.291163e+003;8.335472e-002
1.291645e+003;8.339006e-002
1.292127e+003;8.342527e-002
1.292609e+003;8.345918e-002
1.293091e+003;8.349010e-002
1.293573e+003;8.351783e-002
1.294056e+003;8.354232e-002
1.294538e+003;8.356463e-002
1.295020e+003;8.358672e-002
1.295502e+003;8.361049e-002
1.295984e+003;8.363798e-002
1.296466e+003;8.366954e-002
1.296948e+003;8.370504e-002
1.297431e+003;8.374269e-002
1.297913e+003;8.378021e-002
1.298395e+003;8.381543e-002
1.298877e+003;8.384673e-002
1.299359e+003;8.387348e-002
1.299841e+003;8.389619e-002
1.300323e+003;8.391642e-002
1.300806e+003;8.393587e-002
1.301288e+003;8.395688e-002
1.301770e+003;8.398075e-002
1.302252e+003;8.400863e-002
1.302734e+003;8.404155e-002
1.303216e+003;8.407880e-002
1.303698e+003;8.412048e-002
1.304181e+003;8.416539e-002
1.304663e+003;8.421244e-002
1.305145e+003;8.426078e-002
1.305627e+003;8.430928e-002
1.306109e+003;8.435713e-002
1.306591e+003;8.440375e-002
1.307073e+003;8.444818e-002
1.307556e+003;8.448981e-002
1.308038e+003;8.452815e-002
1.308520e+003;8.456307e-002
1.309002e+003;8.459556e-002
1.309484e+003;8.462752e-002
1.309966e+003;8.466160e-002
1.310448e+003;8.470102e-002
1.310930e+003;8.474848e-002
1.311413e+003;8.480459e-002
1.311895e+003;8.486862e-002
1.312377e+003;8.493761e-002
1.312859e+003;8.500723e-002
1.313341e+003;8.507358e-002
1.313823e+003;8.513329e-002
1.314305e+003;8.518561e-002
1.314788e+003;8.523165e-002
1.315270e+003;8.527393e-002
1.315752e+003;8.531582e-002
1.316234e+003;8.535977e-002
1.316716e+003;8.540747e-002
1.317198e+003;8.545890e-002
1.317680e+003;8.551294e-002
1.318163e+003;8.556803e-002
1.318645e+003;8.562270e-002
1.319127e+003;8.567584e-002
1.319609e+003;8.572701e-002
1.320091e+003;8.577590e-002
1.320573e+003;8.582269e-002
1.321055e+003;8.586745e-002
1.321538e+003;8.591069e-002
1.322020e+003;8.595275e-002
1.322502e+003;8.599414e-002
1.322984e+003;8.603510e-002
1.323466e+003;8.607613e-002
1.323948e+003;8.611708e-002
1.324430e+003;8.615775e-002
1.324912e+003;8.619800e-002
1.325395e+003;8.623812e-002
1.325877e+003;8.627860e-002
1.326359e+003;8.632012e-002
1.326841e+003;8.636377e-002
1.327323e+003;8.641017e-002
1.327805e+003;8.645979e-002
1.328287e+003;8.651222e-002
1.328770e+003;8.656663e-002
1.329252e+003;8.662214e-002
1.329734e+003;8.667792e-002
1.330216e+003;8.673368e-002
1.330698e+003;8.678942e-002
1.331180e+003;8.684483e-002
1.331662e+003;8.690009e-002
1.332145e+003;8.695479e-002
1.332627e+003;8.700863e-002
1.333109e+003;8.706070e-002
1.333591e+003;8.711128e-002
1.334073e+003;8.716015e-002
1.334555e+003;8.720779e-002
1.335037e+003;8.725452e-002
1.335520e+003;8.730095e-002
1.336002e+003;8.734696e-002
1.336484e+003;8.739235e-002
1.336966e+003;8.743653e-002
1.337448e+003;8.747934e-002
1.337930e+003;8.752017e-002
1.338412e+003;8.755912e-002
1.338895e+003;8.759633e-002
1.339377e+003;8.763278e-002
1.339859e+003;8.766934e-002
1.340341e+003;8.770739e-002
1.340823e+003;8.774788e-002
1.341305e+003;8.779224e-002
1.341787e+003;8.784064e-002
1.342269e+003;8.789301e-002
1.342751e+003;8.794795e-002
1.343234e+003;8.800313e-002
1.343716e+003;8.805600e-002
1.344198e+003;8.810396e-002
1.344680e+003;8.814562e-002
1.345162e+003;8.818010e-002
1.345644e+003;8.820806e-002
1.346126e+003;8.823119e-002
1.346609e+003;8.825132e-002
1.347091e+003;8.827012e-002
1.347573e+003;8.828901e-002
1.348055e+003;8.830883e-002
1.348537e+003;8.832940e-002
1.349019e+003;8.835064e-002
1.349501e+003;8.837165e-002
1.349984e+003;8.839168e-002
1.350466e+003;8.840974e-002
1.350948e+003;8.842525e-002
1.351430e+003;8.843824e-002
1.351912e+003;8.844916e-002
1.352394e+003;8.845907e-002
1.352876e+003;8.847009e-002
1.353359e+003;8.848352e-002
1.353841e+003;8.850014e-002
1.354323e+003;8.851943e-002
1.354805e+003;8.854000e-002
1.355287e+003;8.855940e-002
1.355769e+003;8.857545e-002
1.356251e+003;8.858747e-002
1.356734e+003;8.859606e-002
1.357216e+003;8.860316e-002
1.357698e+003;8.861224e-002
1.358180e+003;8.862568e-002
1.358662e+003;8.864520e-002
1.359144e+003;8.867084e-002
1.359626e+003;8.870081e-002
1.360108e+003;8.873234e-002
1.360591e+003;8.876287e-002
1.361073e+003;8.879038e-002
1.361555e+003;8.881444e-002
1.362037e+003;8.883563e-002
1.362519e+003;8.885562e-002
1.363001e+003;8.887631e-002
1.363483e+003;8.889997e-002
1.363966e+003;8.892822e-002
1.364448e+003;8.896180e-002
1.364930e+003;8.900068e-002
1.365412e+003;8.904397e-002
1.365894e+003;8.908959e-002
1.366376e+003;8.913498e-002
1.366858e+003;8.917708e-002
1.367341e+003;8.921369e-002
1.367823e+003;8.924356e-002
1.368305e+003;8.926722e-002
1.368787e+003;8.928599e-002
1.369269e+003;8.930256e-002
1.369751e+003;8.931919e-002
1.370233e+003;8.933797e-002
1.370716e+003;8.935983e-002
1.371198e+003;8.938496e-002
1.371680e+003;8.941289e-002
1.372162e+003;8.944314e-002
1.372644e+003;8.947522e-002
1.373126e+003;8.950887e-002
1.373608e+003;8.954296e-002
1.374090e+003;8.957651e-002
1.374573e+003;8.960772e-002
1.375055e+003;8.963501e-002
1.375537e+003;8.965737e-002
1.376019e+003;8.967509e-002
1.376501e+003;8.968917e-002
1.376983e+003;8.970141e-002
1.377465e+003;8.971351e-002
1.377948e+003;8.972634e-002
1.378430e+003;8.973922e-002
1.378912e+003;8.975124e-002
1.379394e+003;8.976118e-002
1.379876e+003;8.976842e-002
1.380358e+003;8.977357e-002
1.380840e+003;8.977769e-002
1.381323e+003;8.978305e-002
1.381805e+003;8.979031e-002
1.382287e+003;8.980019e-002
1.382769e+003;8.981205e-002
1.383251e+003;8.982545e-002
1.383733e+003;8.984037e-002
1.384215e+003;8.985805e-002
1.384698e+003;8.988045e-002
1.385180e+003;8.990979e-002
1.385662e+003;8.994693e-002
1.386144e+003;8.999156e-002
1.386626e+003;9.004117e-002
1.387108e+003;9.009179e-002
1.387590e+003;9.014003e-002
1.388073e+003;9.018342e-002
1.388555e+003;9.022159e-002
1.389037e+003;9.025574e-002
1.389519e+003;9.028800e-002
1.390001e+003;9.032038e-002
1.390483e+003;9.035408e-002
1.390965e+003;9.038942e-002
1.391447e+003;9.042636e-002
1.391929e+003;9.046495e-002
1.392412e+003;9.050649e-002
1.392894e+003;9.055237e-002
1.393376e+003;9.060447e-002
1.393858e+003;9.066347e-002
1.394340e+003;9.072921e-002
1.394822e+003;9.079964e-002
1.395304e+003;9.087207e-002
1.395787e+003;9.094480e-002
1.396269e+003;9.101680e-002
1.396751e+003;9.108899e-002
1.397233e+003;9.116255e-002
1.397715e+003;9.123923e-002
1.398197e+003;9.131899e-002
1.398679e+003;9.139951e-002
1.399162e+003;9.147693e-002
1.399644e+003;9.154628e-002
1.400126e+003;9.160340e-002
1.400608e+003;9.164606e-002
1.401090e+003;9.167511e-002
1.401572e+003;9.169390e-002
1.402054e+003;9.170851e-002
1.402537e+003;9.172519e-002
1.403019e+003;9.174947e-002
1.403501e+003;9.178512e-002
1.403983e+003;9.183285e-002
1.404465e+003;9.189091e-002
1.404947e+003;9.195559e-002
1.405429e+003;9.202167e-002
1.405911e+003;9.208526e-002
1.406394e+003;9.214344e-002
1.406876e+003;9.219611e-002
1.407358e+003;9.224468e-002
1.407840e+003;9.229306e-002
1.408322e+003;9.234501e-002
1.408804e+003;9.240370e-002
1.409286e+003;9.247071e-002
1.409769e+003;9.254547e-002
1.410251e+003;9.262521e-002
1.410733e+003;9.270633e-002
1.411215e+003;9.278489e-002
1.411697e+003;9.285742e-002
1.412179e+003;9.292205e-002
1.412661e+003;9.297830e-002
1.413144e+003;9.302636e-002
1.413626e+003;9.306781e-002
1.414108e+003;9.310427e-002
1.414590e+003;9.313772e-002
1.415072e+003;9.317036e-002
1.415554e+003;9.320489e-002
1.416036e+003;9.324373e-002
1.416519e+003;9.328957e-002
1.417001e+003;9.334400e-002
1.417483e+003;9.340779e-002
1.417965e+003;9.347969e-002
1.418447e+003;9.355728e-002
1.418929e+003;9.363602e-002
1.419411e+003;9.371164e-002
1.419894e+003;9.378023e-002
1.420376e+003;9.383973e-002
1.420858e+003;9.389003e-002
1.421340e+003;9.393320e-002
1.421822e+003;9.397249e-002
1.422304e+003;9.401111e-002
1.422786e+003;9.405119e-002
1.423268e+003;9.409335e-002
1.423750e+003;9.413610e-002
1.424233e+003;9.417693e-002
1.424715e+003;9.421398e-002
1.425197e+003;9.424596e-002
1.425679e+003;9.427378e-002
1.426161e+003;9.430033e-002
1.426643e+003;9.432835e-002
1.427125e+003;9.436111e-002
1.427608e+003;9.439945e-002
1.428090e+003;9.444240e-002
1.428572e+003;9.448723e-002
1.429054e+003;9.453133e-002
1.429536e+003;9.457263e-002
1.430018e+003;9.461033e-002
1.430500e+003;9.464453e-002
1.430983e+003;9.467588e-002
1.431465e+003;9.470375e-002
1.431947e+003;9.472714e-002
1.432429e+003;9.474377e-002
1.432911e+003;9.475328e-002
1.433393e+003;9.475601e-002
1.433875e+003;9.475604e-002
1.434358e+003;9.475917e-002
1.434840e+003;9.477186e-002
1.435322e+003;9.479829e-002
1.435804e+003;9.483922e-002
1.436286e+003;9.489072e-002
1.436768e+003;9.494529e-002
1.437250e+003;9.499492e-002
1.437732e+003;9.503382e-002
1.438215e+003;9.505986e-002
1.438697e+003;9.507547e-002
1.439179e+003;9.508590e-002
1.439661e+003;9.509693e-002
1.440143e+003;9.511272e-002
1.440625e+003;9.513574e-002
1.441107e+003;9.516489e-002
1.441590e+003;9.519891e-002
1.442072e+003;9.523553e-002
1.442554e+003;9.527331e-002
1.443036e+003;9.531208e-002
1.443518e+003;9.535120e-002
1.444000e+003;9.538990e-002
1.444482e+003;9.542739e-002
1.444965e+003;9.546225e-002
1.445447e+003;9.549405e-002
1.445929e+003;9.552370e-002
1.446411e+003;9.555341e-002
1.446893e+003;9.558603e-002
1.447375e+003;9.562413e-002
1.447857e+003;9.566867e-002
1.448340e+003;9.571996e-002
1.448822e+003;9.577695e-002
1.449304e+003;9.583855e-002
1.449786e+003;9.590495e-002
1.450268e+003;9.597617e-002
1.450750e+003;9.605210e-002
1.451232e+003;9.613152e-002
1.451715e+003;9.621117e-002
1.452197e+003;9.628665e-002
1.452679e+003;9.635471e-002
1.453161e+003;9.641468e-002
1.453643e+003;9.646957e-002
1.454125e+003;9.652631e-002
1.454607e+003;9.659287e-002
1.455089e+003;9.667455e-002
1.455572e+003;9.677160e-002
1.456054e+003;9.687766e-002
1.456536e+003;9.698028e-002
1.457018e+003;9.706534e-002
1.457500e+003;9.712121e-002
1.457982e+003;9.714288e-002
1.458464e+003;9.713212e-002
1.458947e+003;9.709632e-002
1.459429e+003;9.704505e-002
1.459911e+003;9.698647e-002
1.460393e+003;9.692565e-002
1.460875e+003;9.686480e-002
1.461357e+003;9.680462e-002
1.461839e+003;9.674590e-002
1.462322e+003;9.669103e-002
1.462804e+003;9.664334e-002
1.463286e+003;9.660627e-002
1.463768e+003;9.658181e-002
1.464250e+003;9.656889e-002
1.464732e+003;9.656335e-002
1.465214e+003;9.655981e-002
1.465697e+003;9.655319e-002
1.466179e+003;9.654015e-002
1.466661e+003;9.651899e-002
1.467143e+003;9.649088e-002
1.467625e+003;9.645681e-002
1.468107e+003;9.641855e-002
1.468589e+003;9.637764e-002
1.469072e+003;9.633581e-002
1.469553e+003;9.629609e-002
1.470036e+003;9.626265e-002
1.470518e+003;9.623950e-002
1.471000e+003;9.623020e-002
1.471482e+003;9.623492e-002
1.471964e+003;9.625076e-002
1.472446e+003;9.627167e-002
1.472928e+003;9.629088e-002
1.473411e+003;9.630316e-002
1.473893e+003;9.630698e-002
1.474375e+003;9.630482e-002
1.474857e+003;9.630255e-002
1.475339e+003;9.630655e-002
1.475821e+003;9.632164e-002
1.476303e+003;9.634971e-002
1.476786e+003;9.638903e-002
1.477268e+003;9.643579e-002
1.477750e+003;9.648554e-002
1.478232e+003;9.653495e-002
1.478714e+003;9.658174e-002
1.479196e+003;9.662680e-002
1.479678e+003;9.667009e-002
1.480161e+003;9.671259e-002
1.480643e+003;9.675389e-002
1.481125e+003;9.679399e-002
1.481607e+003;9.683193e-002
1.482089e+003;9.686799e-002
1.482571e+003;9.690335e-002
1.483053e+003;9.693993e-002
1.483536e+003;9.697997e-002
1.484018e+003;9.702582e-002
1.484500e+003;9.707839e-002
1.484982e+003;9.713852e-002
1.485464e+003;9.720571e-002
1.485946e+003;9.727906e-002
1.486428e+003;9.735715e-002
1.486910e+003;9.743842e-002
1.487393e+003;9.752153e-002
1.487875e+003;9.760538e-002
1.488357e+003;9.768846e-002
1.488839e+003;9.777047e-002
1.489321e+003;9.785061e-002
1.489803e+003;9.792791e-002
1.490285e+003;9.800105e-002
1.490768e+003;9.806810e-002
1.491250e+003;9.812728e-002
1.491732e+003;9.817806e-002
1.492214e+003;9.822181e-002
1.492696e+003;9.826282e-002
1.493178e+003;9.830762e-002
1.493660e+003;9.836355e-002
1.494143e+003;9.843691e-002
1.494625e+003;9.853090e-002
1.495107e+003;9.864441e-002
1.495589e+003;9.877094e-002
1.496071e+003;9.890181e-002
1.496553e+003;9.902765e-002
1.497035e+003;9.914199e-002
1.497518e+003;9.924269e-002
1.498000e+003;9.933194e-002
1.498482e+003;9.941547e-002
1.498964e+003;9.949905e-002
1.499446e+003;9.958699e-002
1.499928e+003;9.967959e-002
1.500410e+003;9.977448e-002
1.500893e+003;9.986714e-002
1.501375e+003;9.995266e-002
1.501857e+003;1.000290e-001
1.502339e+003;1.000971e-001
1.502821e+003;1.001617e-001
1.503303e+003;1.002311e-001
1.503785e+003;1.003140e-001
1.504267e+003;1.004182e-001
1.504750e+003;1.005481e-001
1.505232e+003;1.007033e-001
1.505714e+003;1.008770e-001
1.506196e+003;1.010579e-001
1.506678e+003;1.012324e-001
1.507160e+003;1.013878e-001
1.507642e+003;1.015164e-001
1.508125e+003;1.016167e-001
1.508607e+003;1.016941e-001
1.509089e+003;1.017589e-001
1.509571e+003;1.018226e-001
1.510053e+003;1.018954e-001
1.510535e+003;1.019836e-001
1.511017e+003;1.020877e-001
1.511500e+003;1.022036e-001
1.511982e+003;1.023242e-001
1.512464e+003;1.024426e-001
1.512946e+003;1.025544e-001
1.513428e+003;1.026597e-001
1.513910e+003;1.027620e-001
1.514392e+003;1.028669e-001
1.514875e+003;1.029797e-001
1.515357e+003;1.031028e-001
1.515839e+003;1.032344e-001
1.516321e+003;1.033697e-001
1.516803e+003;1.035027e-001
1.517285e+003;1.036282e-001
1.517767e+003;1.037458e-001
1.518250e+003;1.038604e-001
1.518731e+003;1.039803e-001
1.519214e+003;1.041158e-001
1.519696e+003;1.042750e-001
1.520178e+003;1.044600e-001
1.520660e+003;1.046661e-001
1.521142e+003;1.048812e-001
1.521624e+003;1.050908e-001
1.522106e+003;1.052814e-001
1.522589e+003;1.054464e-001
1.523071e+003;1.055870e-001
1.523553e+003;1.057122e-001
1.524035e+003;1.058346e-001
1.524517e+003;1.059665e-001
1.524999e+003;1.061160e-001
1.525481e+003;1.062844e-001
1.525964e+003;1.064665e-001
1.526446e+003;1.066543e-001
1.526928e+003;1.068392e-001
1.527410e+003;1.070153e-001
1.527892e+003;1.071804e-001
1.528374e+003;1.073358e-001
1.528856e+003;1.074844e-001
1.529339e+003;1.076288e-001
1.529821e+003;1.077706e-001
1.530303e+003;1.079116e-001
1.530785e+003;1.080540e-001
1.531267e+003;1.082017e-001
1.531749e+003;1.083602e-001
1.532231e+003;1.085335e-001
1.532714e+003;1.087233e-001
1.533196e+003;1.089258e-001
1.533678e+003;1.091319e-001
1.534160e+003;1.093304e-001
1.534642e+003;1.095109e-001
1.535124e+003;1.096693e-001
1.535606e+003;1.098094e-001
1.536088e+003;1.099428e-001
1.536571e+003;1.100862e-001
1.537053e+003;1.102559e-001
1.537535e+003;1.104649e-001
1.538017e+003;1.107170e-001
1.538499e+003;1.110081e-001
1.538981e+003;1.113259e-001
1.539463e+003;1.116544e-001
1.539946e+003;1.119780e-001
1.540428e+003;1.122848e-001
1.540910e+003;1.125693e-001
1.541392e+003;1.128310e-001
1.541874e+003;1.130742e-001
1.542356e+003;1.133059e-001
1.542838e+003;1.135342e-001
1.543321e+003;1.137667e-001
1.543803e+003;1.140086e-001
1.544285e+003;1.142619e-001
1.544767e+003;1.145255e-001
1.545249e+003;1.147950e-001
1.545731e+003;1.150656e-001
1.546213e+003;1.153334e-001
1.546696e+003;1.155977e-001
1.547178e+003;1.158613e-001
1.547660e+003;1.161289e-001
1.548142e+003;1.164049e-001
1.548624e+003;1.166905e-001
1.549106e+003;1.169835e-001
1.549588e+003;1.172774e-001
1.550071e+003;1.175666e-001
1.550552e+003;1.178477e-001
1.551035e+003;1.181223e-001
1.551517e+003;1.183974e-001
1.551999e+003;1.186823e-001
1.552481e+003;1.189845e-001
1.552963e+003;1.193062e-001
1.553445e+003;1.196424e-001
1.553927e+003;1.199825e-001
1.554410e+003;1.203148e-001
1.554892e+003;1.206312e-001
1.555374e+003;1.209323e-001
1.555856e+003;1.212278e-001
1.556338e+003;1.215345e-001
1.556820e+003;1.218713e-001
1.557302e+003;1.222522e-001
1.557785e+003;1.226821e-001
1.558267e+003;1.231536e-001
1.558749e+003;1.236477e-001
1.559231e+003;1.241395e-001
1.559713e+003;1.246052e-001
1.560195e+003;1.250290e-001
1.560677e+003;1.254069e-001
1.561160e+003;1.257466e-001
1.561642e+003;1.260629e-001
1.562124e+003;1.263749e-001
1.562606e+003;1.266993e-001
1.563088e+003;1.270483e-001
1.563570e+003;1.274269e-001
1.564052e+003;1.278331e-001
1.564535e+003;1.282597e-001
1.565017e+003;1.286971e-001
1.565499e+003;1.291372e-001
1.565981e+003;1.295761e-001
1.566463e+003;1.300144e-001
1.566945e+003;1.304572e-001
1.567427e+003;1.309119e-001
1.567909e+003;1.313848e-001
1.568392e+003;1.318797e-001
1.568874e+003;1.323960e-001
1.569356e+003;1.329291e-001
1.569838e+003;1.334711e-001
1.570320e+003;1.340129e-001
1.570802e+003;1.345471e-001
1.571284e+003;1.350679e-001
1.571767e+003;1.355743e-001
1.572249e+003;1.360697e-001
1.572731e+003;1.365626e-001
1.573213e+003;1.370656e-001
1.573695e+003;1.375937e-001
1.574177e+003;1.381610e-001
1.574659e+003;1.387775e-001
1.575142e+003;1.394436e-001
1.575624e+003;1.401497e-001
1.576106e+003;1.408763e-001
1.576588e+003;1.416002e-001
1.577070e+003;1.423005e-001
1.577552e+003;1.429669e-001
1.578034e+003;1.436003e-001
1.578517e+003;1.442142e-001
1.578999e+003;1.448274e-001
1.579481e+003;1.454593e-001
1.579963e+003;1.461229e-001
1.580445e+003;1.468231e-001
1.580927e+003;1.475556e-001
1.581409e+003;1.483113e-001
1.581892e+003;1.490811e-001
1.582374e+003;1.498581e-001
1.582856e+003;1.506415e-001
1.583338e+003;1.514339e-001
1.583820e+003;1.522394e-001
1.584302e+003;1.530604e-001
1.584784e+003;1.538978e-001
1.585266e+003;1.547499e-001
1.585749e+003;1.556151e-001
1.586231e+003;1.564929e-001
1.586713e+003;1.573849e-001
1.587195e+003;1.582932e-001
1.587677e+003;1.592196e-001
1.588159e+003;1.601632e-001
1.588641e+003;1.611212e-001
1.589124e+003;1.620889e-001
1.589606e+003;1.630618e-001
1.590088e+003;1.640388e-001
1.590570e+003;1.650213e-001
1.591052e+003;1.660130e-001
1.591534e+003;1.670190e-001
1.592016e+003;1.680437e-001
1.592499e+003;1.690889e-001
1.592981e+003;1.701549e-001
1.593463e+003;1.712410e-001
1.593945e+003;1.723463e-001
1.594427e+003;1.734711e-001
1.594909e+003;1.746156e-001
1.595391e+003;1.757798e-001
1.595874e+003;1.769628e-001
1.596356e+003;1.781619e-001
1.596838e+003;1.793752e-001
1.597320e+003;1.806006e-001
1.597802e+003;1.818392e-001
1.598284e+003;1.830933e-001
1.598766e+003;1.843668e-001
1.599249e+003;1.856627e-001
1.599730e+003;1.869829e-001
1.600213e+003;1.883267e-001
1.600695e+003;1.896921e-001
1.601177e+003;1.910775e-001
1.601659e+003;1.924813e-001
1.602141e+003;1.939032e-001
1.602623e+003;1.953433e-001
1.603105e+003;1.968006e-001
1.603588e+003;1.982729e-001
1.604070e+003;1.997565e-001
1.604552e+003;2.012484e-001
1.605034e+003;2.027474e-001
1.605516e+003;2.042549e-001
1.605998e+003;2.057748e-001
1.606480e+003;2.073116e-001
1.606963e+003;2.088683e-001
1.607445e+003;2.104443e-001
1.607927e+003;2.120363e-001
1.608409e+003;2.136392e-001
1.608891e+003;2.152489e-001
1.609373e+003;2.168643e-001
1.609855e+003;2.184868e-001
1.610338e+003;2.201186e-001
1.610820e+003;2.217599e-001
1.611302e+003;2.234068e-001
1.611784e+003;2.250518e-001
1.612266e+003;2.266866e-001
1.612748e+003;2.283064e-001
1.613230e+003;2.299135e-001
1.613713e+003;2.315186e-001
1.614195e+003;2.331382e-001
1.614677e+003;2.347888e-001
1.615159e+003;2.364811e-001
1.615641e+003;2.382132e-001
1.616123e+003;2.399708e-001
1.616605e+003;2.417291e-001
1.617087e+003;2.434611e-001
1.617570e+003;2.451450e-001
1.618052e+003;2.467699e-001
1.618534e+003;2.483372e-001
1.619016e+003;2.498565e-001
1.619498e+003;2.513425e-001
1.619980e+003;2.528086e-001
1.620462e+003;2.542642e-001
1.620945e+003;2.557149e-001
1.621427e+003;2.571614e-001
1.621909e+003;2.586010e-001
1.622391e+003;2.600273e-001
1.622873e+003;2.614314e-001
1.623355e+003;2.628026e-001
1.623837e+003;2.641306e-001
1.624320e+003;2.654069e-001
1.624802e+003;2.666283e-001
1.625284e+003;2.677973e-001
1.625766e+003;2.689217e-001
1.626248e+003;2.700101e-001
1.626730e+003;2.710703e-001
1.627212e+003;2.721039e-001
1.627695e+003;2.731062e-001
1.628177e+003;2.740679e-001
1.628659e+003;2.749771e-001
1.629141e+003;2.758242e-001
1.629623e+003;2.766032e-001
1.630105e+003;2.773124e-001
1.630587e+003;2.779533e-001
1.631070e+003;2.785281e-001
1.631552e+003;2.790402e-001
1.632034e+003;2.794926e-001
1.632516e+003;2.798921e-001
1.632998e+003;2.802477e-001
1.633480e+003;2.805713e-001
1.633962e+003;2.808735e-001
1.634444e+003;2.811598e-001
1.634927e+003;2.814260e-001
1.635409e+003;2.816587e-001
1.635891e+003;2.818361e-001
1.636373e+003;2.819379e-001
1.636855e+003;2.819495e-001
1.637337e+003;2.818681e-001
1.637819e+003;2.817017e-001
1.638302e+003;2.814660e-001
1.638784e+003;2.811761e-001
1.639266e+003;2.808438e-001
1.639748e+003;2.804738e-001
1.640230e+003;2.800646e-001
1.640712e+003;2.796133e-001
1.641194e+003;2.791173e-001
1.641677e+003;2.785781e-001
1.642159e+003;2.780001e-001
1.642641e+003;2.773891e-001
1.643123e+003;2.767492e-001
1.643605e+003;2.760817e-001
1.644087e+003;2.753858e-001
1.644569e+003;2.746600e-001
1.645052e+003;2.739039e-001
1.645534e+003;2.731186e-001
1.646016e+003;2.723047e-001
1.646498e+003;2.714611e-001
1.646980e+003;2.705825e-001
1.647462e+003;2.696602e-001
1.647944e+003;2.686858e-001
1.648427e+003;2.676553e-001
1.648908e+003;2.665727e-001
1.649391e+003;2.654505e-001
1.649873e+003;2.643080e-001
1.650355e+003;2.631662e-001
1.650837e+003;2.620419e-001
1.651319e+003;2.609434e-001
1.651801e+003;2.598671e-001
1.652283e+003;2.587988e-001
1.652766e+003;2.577182e-001
1.653248e+003;2.566046e-001
1.653730e+003;2.554439e-001
1.654212e+003;2.542302e-001
1.654694e+003;2.529669e-001
1.655176e+003;2.516620e-001
1.655658e+003;2.503271e-001
1.656141e+003;2.489729e-001
1.656623e+003;2.476078e-001
1.657105e+003;2.462384e-001
1.657587e+003;2.448674e-001
1.658069e+003;2.434944e-001
1.658551e+003;2.421169e-001
1.659033e+003;2.407318e-001
1.659516e+003;2.393378e-001
1.659998e+003;2.379365e-001
1.660480e+003;2.365333e-001
1.660962e+003;2.351347e-001
1.661444e+003;2.337468e-001
1.661926e+003;2.323712e-001
1.662408e+003;2.310037e-001
1.662891e+003;2.296349e-001
1.663373e+003;2.282538e-001
1.663855e+003;2.268520e-001
1.664337e+003;2.254258e-001
1.664819e+003;2.239788e-001
1.665301e+003;2.225204e-001
1.665783e+003;2.210610e-001
1.666265e+003;2.196101e-001
1.666748e+003;2.181719e-001
1.667230e+003;2.167473e-001
1.667712e+003;2.153326e-001
1.668194e+003;2.139230e-001
1.668676e+003;2.125140e-001
1.669158e+003;2.111010e-001
1.669640e+003;2.096803e-001
1.670123e+003;2.082478e-001
1.670605e+003;2.068001e-001
1.671087e+003;2.053359e-001
1.671569e+003;2.038575e-001
1.672051e+003;2.023716e-001
1.672533e+003;2.008880e-001
1.673015e+003;1.994176e-001
1.673498e+003;1.979677e-001
1.673980e+003;1.965401e-001
1.674462e+003;1.951289e-001
1.674944e+003;1.937237e-001
1.675426e+003;1.923138e-001
1.675908e+003;1.908924e-001
1.676390e+003;1.894593e-001
1.676873e+003;1.880209e-001
1.677355e+003;1.865860e-001
1.677837e+003;1.851621e-001
1.678319e+003;1.837510e-001
1.678801e+003;1.823492e-001
1.679283e+003;1.809492e-001
1.679765e+003;1.795439e-001
1.680248e+003;1.781302e-001
1.680729e+003;1.767114e-001
1.681212e+003;1.752970e-001
1.681694e+003;1.738992e-001
1.682176e+003;1.725291e-001
1.682658e+003;1.711936e-001
1.683140e+003;1.698918e-001
1.683622e+003;1.686165e-001
1.684104e+003;1.673546e-001
1.684587e+003;1.660914e-001
1.685069e+003;1.648148e-001
1.685551e+003;1.635168e-001
1.686033e+003;1.621959e-001
1.686515e+003;1.608567e-001
1.686997e+003;1.595078e-001
1.687479e+003;1.581606e-001
1.687962e+003;1.568266e-001
1.688444e+003;1.555145e-001
1.688926e+003;1.542286e-001
1.689408e+003;1.529678e-001
1.689890e+003;1.517252e-001
1.690372e+003;1.504921e-001
1.690854e+003;1.492590e-001
1.691337e+003;1.480205e-001
1.691819e+003;1.467766e-001
1.692301e+003;1.455331e-001
1.692783e+003;1.443001e-001
1.693265e+003;1.430883e-001
1.693747e+003;1.419056e-001
1.694229e+003;1.407549e-001
1.694712e+003;1.396329e-001
1.695194e+003;1.385296e-001
1.695676e+003;1.374322e-001
1.696158e+003;1.363291e-001
1.696640e+003;1.352133e-001
1.697122e+003;1.340854e-001
1.697604e+003;1.329537e-001
1.698086e+003;1.318308e-001
1.698569e+003;1.307310e-001
1.699051e+003;1.296651e-001
1.699533e+003;1.286365e-001
1.700015e+003;1.276404e-001
1.700497e+003;1.266630e-001
1.700979e+003;1.256891e-001
1.701461e+003;1.247060e-001
1.701944e+003;1.237086e-001
1.702426e+003;1.227018e-001
1.702908e+003;1.216967e-001
1.703390e+003;1.207069e-001
1.703872e+003;1.197428e-001
1.704354e+003;1.188074e-001
1.704836e+003;1.178972e-001
1.705319e+003;1.170021e-001
1.705801e+003;1.161127e-001
1.706283e+003;1.152221e-001
1.706765e+003;1.143309e-001
1.707247e+003;1.134429e-001
1.707729e+003;1.125654e-001
1.708211e+003;1.117036e-001
1.708694e+003;1.108584e-001
1.709176e+003;1.100270e-001
1.709658e+003;1.092055e-001
1.710140e+003;1.083906e-001
1.710622e+003;1.075824e-001
1.711104e+003;1.067836e-001
1.711586e+003;1.059978e-001
1.712069e+003;1.052265e-001
1.712551e+003;1.044679e-001
1.713033e+003;1.037175e-001
1.713515e+003;1.029702e-001
1.713997e+003;1.022245e-001
1.714479e+003;1.014837e-001
1.714961e+003;1.007550e-001
1.715443e+003;1.000486e-001
1.715926e+003;9.937043e-002
1.716408e+003;9.872179e-002
1.716890e+003;9.809662e-002
1.717372e+003;9.748390e-002
1.717854e+003;9.687246e-002
1.718336e+003;9.625527e-002
1.718818e+003;9.562989e-002
1.719301e+003;9.500074e-002
1.719783e+003;9.437378e-002
1.720265e+003;9.375484e-002
1.720747e+003;9.314653e-002
1.721229e+003;9.254883e-002
1.721711e+003;9.196065e-002
1.722193e+003;9.138078e-002
1.722676e+003;9.080936e-002
1.723158e+003;9.024858e-002
1.723640e+003;8.969965e-002
1.724122e+003;8.916268e-002
1.724604e+003;8.863533e-002
1.725086e+003;8.811330e-002
1.725568e+003;8.759367e-002
1.726051e+003;8.707565e-002
1.726533e+003;8.656155e-002
1.727015e+003;8.605585e-002
1.727497e+003;8.556326e-002
1.727979e+003;8.508554e-002
1.728461e+003;8.462078e-002
1.728943e+003;8.416439e-002
1.729426e+003;8.371020e-002
1.729907e+003;8.325531e-002
1.730390e+003;8.280158e-002
1.730872e+003;8.235615e-002
1.731354e+003;8.193009e-002
1.731836e+003;8.153459e-002
1.732318e+003;8.117631e-002
1.732800e+003;8.085586e-002
1.733282e+003;8.056432e-002
1.733765e+003;8.028623e-002
1.734247e+003;8.000279e-002
1.734729e+003;7.969688e-002
1.735211e+003;7.935775e-002
1.735693e+003;7.898421e-002
1.736175e+003;7.858343e-002
1.736657e+003;7.816989e-002
1.737140e+003;7.776058e-002
1.737622e+003;7.737079e-002
1.738104e+003;7.701059e-002
1.738586e+003;7.668257e-002
1.739068e+003;7.638118e-002
1.739550e+003;7.609515e-002
1.740032e+003;7.581164e-002
1.740515e+003;7.552101e-002
1.740997e+003;7.521918e-002
1.741479e+003;7.490833e-002
1.741961e+003;7.459445e-002
1.742443e+003;7.428402e-002
1.742925e+003;7.398140e-002
1.743407e+003;7.368631e-002
1.743890e+003;7.339539e-002
1.744372e+003;7.310408e-002
1.744854e+003;7.280894e-002
1.745336e+003;7.250980e-002
1.745818e+003;7.220928e-002
1.746300e+003;7.191106e-002
1.746782e+003;7.161789e-002
1.747264e+003;7.133156e-002
1.747747e+003;7.105147e-002
1.748229e+003;7.077693e-002
1.748711e+003;7.050902e-002
1.749193e+003;7.025014e-002
1.749675e+003;7.000388e-002
1.750157e+003;6.977236e-002
1.750639e+003;6.955388e-002
1.751122e+003;6.934203e-002
1.751604e+003;6.912744e-002
1.752086e+003;6.890098e-002
1.752568e+003;6.865711e-002
1.753050e+003;6.839679e-002
1.753532e+003;6.812689e-002
1.754014e+003;6.785796e-002
1.754497e+003;6.759971e-002
1.754979e+003;6.735817e-002
1.755461e+003;6.713305e-002
1.755943e+003;6.691898e-002
1.756425e+003;6.670795e-002
1.756907e+003;6.649301e-002
1.757389e+003;6.627032e-002
1.757872e+003;6.604104e-002
1.758354e+003;6.580915e-002
1.758836e+003;6.558084e-002
1.759318e+003;6.536236e-002
1.759800e+003;6.515812e-002
1.760282e+003;6.497072e-002
1.760764e+003;6.480027e-002
1.761247e+003;6.464528e-002
1.761729e+003;6.450184e-002
1.762211e+003;6.436361e-002
1.762693e+003;6.422374e-002
1.763175e+003;6.407513e-002
1.763657e+003;6.391395e-002
1.764139e+003;6.374099e-002
1.764621e+003;6.356148e-002
1.765104e+003;6.338430e-002
1.765586e+003;6.321812e-002
1.766068e+003;6.306840e-002
1.766550e+003;6.293444e-002
1.767032e+003;6.280985e-002
1.767514e+003;6.268468e-002
1.767996e+003;6.254950e-002
1.768479e+003;6.239971e-002
1.768961e+003;6.223765e-002
1.769443e+003;6.207186e-002
1.769925e+003;6.191350e-002
1.770407e+003;6.177264e-002
1.770889e+003;6.165397e-002
1.771371e+003;6.155535e-002
1.771854e+003;6.146908e-002
1.772336e+003;6.138486e-002
1.772818e+003;6.129241e-002
1.773300e+003;6.118584e-002
1.773782e+003;6.106364e-002
1.774264e+003;6.092861e-002
1.774746e+003;6.078563e-002
1.775229e+003;6.064101e-002
1.775711e+003;6.049982e-002
1.776193e+003;6.036637e-002
1.776675e+003;6.024359e-002
1.777157e+003;6.013307e-002
1.777639e+003;6.003414e-002
1.778121e+003;5.994491e-002
1.778604e+003;5.986023e-002
1.779085e+003;5.977486e-002
1.779568e+003;5.968244e-002
1.780050e+003;5.957865e-002
1.780532e+003;5.946054e-002
1.781014e+003;5.932892e-002
1.781496e+003;5.918643e-002
1.781978e+003;5.903822e-002
1.782460e+003;5.888968e-002
1.782943e+003;5.874672e-002
1.783425e+003;5.861440e-002
1.783907e+003;5.849707e-002
1.784389e+003;5.839704e-002
1.784871e+003;5.831475e-002
1.785353e+003;5.824778e-002
1.785835e+003;5.819137e-002
1.786318e+003;5.813831e-002
1.786800e+003;5.808196e-002
1.787282e+003;5.801638e-002
1.787764e+003;5.793879e-002
1.788246e+003;5.784997e-002
1.788728e+003;5.775370e-002
1.789210e+003;5.765613e-002
1.789693e+003;5.756405e-002
1.790175e+003;5.748262e-002
1.790657e+003;5.741479e-002
1.791139e+003;5.736098e-002
1.791621e+003;5.731846e-002
1.792103e+003;5.728179e-002
1.792585e+003;5.724518e-002
1.793067e+003;5.720193e-002
1.793550e+003;5.714779e-002
1.794032e+003;5.708033e-002
1.794514e+003;5.700028e-002
1.794996e+003;5.691079e-002
1.795478e+003;5.681651e-002
1.795960e+003;5.672259e-002
1.796442e+003;5.663245e-002
1.796925e+003;5.654882e-002
1.797407e+003;5.647229e-002
1.797889e+003;5.640239e-002
1.798371e+003;5.634017e-002
1.798853e+003;5.628531e-002
1.799335e+003;5.623876e-002
1.799817e+003;5.619949e-002
1.800300e+003;5.616480e-002
1.800782e+003;5.612894e-002
1.801264e+003;5.608433e-002
1.801746e+003;5.602458e-002
1.802228e+003;5.594636e-002
1.802710e+003;5.585143e-002
1.803192e+003;5.574640e-002
1.803675e+003;5.564124e-002
1.804157e+003;5.554625e-002
1.804639e+003;5.546847e-002
1.805121e+003;5.540959e-002
1.805603e+003;5.536603e-002
1.806085e+003;5.533086e-002
1.806567e+003;5.529591e-002
1.807050e+003;5.525464e-002
1.807531e+003;5.520379e-002
1.808014e+003;5.514286e-002
1.808496e+003;5.507368e-002
1.808978e+003;5.499933e-002
1.809460e+003;5.492274e-002
1.809942e+003;5.484703e-002
1.810424e+003;5.477468e-002
1.810906e+003;5.470789e-002
1.811389e+003;5.464705e-002
1.811871e+003;5.459120e-002
1.812353e+003;5.453667e-002
1.812835e+003;5.447830e-002
1.813317e+003;5.441142e-002
1.813799e+003;5.433405e-002
1.814281e+003;5.424828e-002
1.814764e+003;5.416099e-002
1.815246e+003;5.408223e-002
1.815728e+003;5.402134e-002
1.816210e+003;5.398464e-002
1.816692e+003;5.397300e-002
1.817174e+003;5.398088e-002
1.817656e+003;5.399881e-002
1.818139e+003;5.401713e-002
1.818621e+003;5.402790e-002
1.819103e+003;5.402745e-002
1.819585e+003;5.401615e-002
1.820067e+003;5.399636e-002
1.820549e+003;5.397146e-002
1.821031e+003;5.394388e-002
1.821514e+003;5.391651e-002
1.821996e+003;5.389154e-002
1.822478e+003;5.387096e-002
1.822960e+003;5.385657e-002
1.823442e+003;5.384792e-002
1.823924e+003;5.384178e-002
1.824406e+003;5.383163e-002
1.824888e+003;5.380910e-002
1.825371e+003;5.376731e-002
1.825853e+003;5.370305e-002
1.826335e+003;5.361862e-002
1.826817e+003;5.352274e-002
1.827299e+003;5.342619e-002
1.827781e+003;5.334086e-002
1.828263e+003;5.327485e-002
1.828746e+003;5.323130e-002
1.829228e+003;5.320930e-002
1.829710e+003;5.320381e-002
1.830192e+003;5.320868e-002
1.830674e+003;5.321772e-002
1.831156e+003;5.322479e-002
1.831638e+003;5.322465e-002
1.832121e+003;5.321167e-002
1.832603e+003;5.318042e-002
1.833085e+003;5.312844e-002
1.833567e+003;5.305590e-002
1.834049e+003;5.296743e-002
1.834531e+003;5.287208e-002
1.835013e+003;5.278074e-002
1.835496e+003;5.270435e-002
1.835978e+003;5.265092e-002
1.836460e+003;5.262407e-002
1.836942e+003;5.262377e-002
1.837424e+003;5.264512e-002
1.837906e+003;5.268068e-002
1.838388e+003;5.272129e-002
1.838871e+003;5.275713e-002
1.839353e+003;5.277850e-002
1.839835e+003;5.277906e-002
1.840317e+003;5.275622e-002
1.840799e+003;5.271491e-002
1.841281e+003;5.266565e-002
1.841763e+003;5.262358e-002
1.842245e+003;5.260431e-002
1.842728e+003;5.261820e-002
1.843210e+003;5.266615e-002
1.843692e+003;5.273806e-002
1.844174e+003;5.281502e-002
1.844656e+003;5.287519e-002
1.845138e+003;5.290122e-002
1.845620e+003;5.288467e-002
1.846103e+003;5.282694e-002
1.846585e+003;5.273866e-002
1.847067e+003;5.263408e-002
1.847549e+003;5.252676e-002
1.848031e+003;5.242600e-002
1.848513e+003;5.233723e-002
1.848995e+003;5.226261e-002
1.849478e+003;5.220332e-002
1.849960e+003;5.215922e-002
1.850442e+003;5.213030e-002
1.850924e+003;5.211391e-002
1.851406e+003;5.210484e-002
1.851888e+003;5.209648e-002
1.852370e+003;5.208248e-002
1.852853e+003;5.206014e-002
1.853335e+003;5.203189e-002
1.853817e+003;5.200546e-002
1.854299e+003;5.199034e-002
1.854781e+003;5.199383e-002
1.855263e+003;5.201738e-002
1.855745e+003;5.205549e-002
1.856228e+003;5.209782e-002
1.856709e+003;5.213255e-002
1.857192e+003;5.215212e-002
1.857674e+003;5.215470e-002
1.858156e+003;5.214466e-002
1.858638e+003;5.212941e-002
1.859120e+003;5.211619e-002
1.859602e+003;5.210881e-002
1.860084e+003;5.210726e-002
1.860567e+003;5.210906e-002
1.861049e+003;5.211192e-002
1.861531e+003;5.211560e-002
1.862013e+003;5.212200e-002
1.862495e+003;5.213412e-002
1.862977e+003;5.215327e-002
1.863459e+003;5.217737e-002
1.863942e+003;5.220188e-002
1.864424e+003;5.222104e-002
1.864906e+003;5.223019e-002
1.865388e+003;5.222848e-002
1.865870e+003;5.221869e-002
1.866352e+003;5.220660e-002
1.866834e+003;5.219891e-002
1.867317e+003;5.220051e-002
1.867799e+003;5.221326e-002
1.868281e+003;5.223730e-002
1.868763e+003;5.226862e-002
1.869245e+003;5.230317e-002
1.869727e+003;5.233490e-002
1.870209e+003;5.235673e-002
1.870692e+003;5.236255e-002
1.871174e+003;5.234583e-002
1.871656e+003;5.230336e-002
1.872138e+003;5.223686e-002
1.872620e+003;5.215305e-002
1.873102e+003;5.206200e-002
1.873584e+003;5.197686e-002
1.874066e+003;5.190803e-002
1.874549e+003;5.186154e-002
1.875031e+003;5.183767e-002
1.875513e+003;5.183312e-002
1.875995e+003;5.184247e-002
1.876477e+003;5.186149e-002
1.876959e+003;5.188834e-002
1.877441e+003;5.192314e-002
1.877924e+003;5.196559e-002
1.878406e+003;5.201382e-002
1.878888e+003;5.206267e-002
1.879370e+003;5.210637e-002
1.879852e+003;5.213926e-002
1.880334e+003;5.215940e-002
1.880816e+003;5.216892e-002
1.881299e+003;5.217306e-002
1.881781e+003;5.217746e-002
1.882263e+003;5.218478e-002
1.882745e+003;5.219336e-002
1.883227e+003;5.219807e-002
1.883709e+003;5.219188e-002
1.884191e+003;5.216971e-002
1.884674e+003;5.212994e-002
1.885156e+003;5.207572e-002
1.885638e+003;5.201253e-002
1.886120e+003;5.194626e-002
1.886602e+003;5.188208e-002
1.887084e+003;5.182334e-002
1.887566e+003;5.177142e-002
1.888049e+003;5.172933e-002
1.888531e+003;5.169996e-002
1.889013e+003;5.168635e-002
1.889495e+003;5.168915e-002
1.889977e+003;5.170694e-002
1.890459e+003;5.173473e-002
1.890941e+003;5.176635e-002
1.891423e+003;5.179710e-002
1.891906e+003;5.182600e-002
1.892388e+003;5.185503e-002
1.892870e+003;5.188862e-002
1.893352e+003;5.192944e-002
1.893834e+003;5.197521e-002
1.894316e+003;5.201860e-002
1.894798e+003;5.204869e-002
1.895281e+003;5.205692e-002
1.895763e+003;5.204025e-002
1.896245e+003;5.200436e-002
1.896727e+003;5.196249e-002
1.897209e+003;5.193063e-002
1.897691e+003;5.192154e-002
1.898173e+003;5.193935e-002
1.898656e+003;5.197880e-002
1.899138e+003;5.202753e-002
1.899620e+003;5.207090e-002
1.900102e+003;5.209881e-002
1.900584e+003;5.210800e-002
1.901066e+003;5.210263e-002
1.901548e+003;5.209149e-002
1.902031e+003;5.208214e-002
1.902513e+003;5.207944e-002
1.902995e+003;5.208256e-002
1.903477e+003;5.208729e-002
1.903959e+003;5.208906e-002
1.904441e+003;5.208619e-002
1.904923e+003;5.208016e-002
1.905406e+003;5.207652e-002
1.905887e+003;5.208029e-002
1.906370e+003;5.209554e-002
1.906852e+003;5.212184e-002
1.907334e+003;5.215420e-002
1.907816e+003;5.218616e-002
1.908298e+003;5.220960e-002
1.908780e+003;5.221760e-002
1.909262e+003;5.220795e-002
1.909745e+003;5.218117e-002
1.910227e+003;5.214258e-002
1.910709e+003;5.210113e-002
1.911191e+003;5.206702e-002
1.911673e+003;5.204988e-002
1.912155e+003;5.205598e-002
1.912637e+003;5.208530e-002
1.913120e+003;5.213265e-002
1.913602e+003;5.218764e-002
1.914084e+003;5.223788e-002
1.914566e+003;5.227372e-002
1.915048e+003;5.229189e-002
1.915530e+003;5.229674e-002
1.916012e+003;5.229936e-002
1.916495e+003;5.231245e-002
1.916977e+003;5.234745e-002
1.917459e+003;5.240522e-002
1.917941e+003;5.247835e-002
1.918423e+003;5.254848e-002
1.918905e+003;5.259406e-002
1.919387e+003;5.259535e-002
1.919870e+003;5.254115e-002
1.920352e+003;5.243257e-002
1.920834e+003;5.228452e-002
1.921316e+003;5.211987e-002
1.921798e+003;5.196732e-002
1.922280e+003;5.185110e-002
1.922762e+003;5.178750e-002
1.923244e+003;5.177988e-002
1.923727e+003;5.181958e-002
1.924209e+003;5.188887e-002
1.924691e+003;5.196729e-002
1.925173e+003;5.203645e-002
1.925655e+003;5.208581e-002
1.926137e+003;5.211508e-002
1.926619e+003;5.213017e-002
1.927102e+003;5.213995e-002
1.927584e+003;5.215184e-002
1.928066e+003;5.216808e-002
1.928548e+003;5.218513e-002
1.929030e+003;5.219485e-002
1.929512e+003;5.219204e-002
1.929994e+003;5.217323e-002
1.930477e+003;5.214188e-002
1.930959e+003;5.210465e-002
1.931441e+003;5.206912e-002
1.931923e+003;5.203818e-002
1.932405e+003;5.201042e-002
1.932887e+003;5.197892e-002
1.933369e+003;5.193661e-002
1.933852e+003;5.188010e-002
1.934334e+003;5.181123e-002
1.934816e+003;5.173783e-002
1.935298e+003;5.166991e-002
1.935780e+003;5.161601e-002
1.936262e+003;5.157961e-002
1.936744e+003;5.155779e-002
1.937227e+003;5.154579e-002
1.937708e+003;5.153793e-002
1.938191e+003;5.153383e-002
1.938673e+003;5.153654e-002
1.939155e+003;5.155079e-002
1.939637e+003;5.157973e-002
1.940119e+003;5.162132e-002
1.940601e+003;5.166691e-002
1.941083e+003;5.170681e-002
1.941566e+003;5.173334e-002
1.942048e+003;5.174537e-002
1.942530e+003;5.174958e-002
1.943012e+003;5.175703e-002
1.943494e+003;5.177850e-002
1.943976e+003;5.181873e-002
1.944458e+003;5.187139e-002
1.944941e+003;5.192462e-002
1.945423e+003;5.196127e-002
1.945905e+003;5.196921e-002
1.946387e+003;5.194266e-002
1.946869e+003;5.188549e-002
1.947351e+003;5.180737e-002
1.947833e+003;5.172106e-002
1.948316e+003;5.163497e-002
1.948798e+003;5.155606e-002
1.949280e+003;5.148658e-002
1.949762e+003;5.142758e-002
1.950244e+003;5.138151e-002
1.950726e+003;5.135082e-002
1.951208e+003;5.133631e-002
1.951691e+003;5.133621e-002
1.952173e+003;5.134141e-002
1.952655e+003;5.134102e-002
1.953137e+003;5.132283e-002
1.953619e+003;5.127794e-002
1.954101e+003;5.120345e-002
1.954583e+003;5.110438e-002
1.955065e+003;5.099068e-002
1.955548e+003;5.087281e-002
1.956030e+003;5.075964e-002
1.956512e+003;5.065648e-002
1.956994e+003;5.056524e-002
1.957476e+003;5.048581e-002
1.957958e+003;5.041701e-002
1.958440e+003;5.035803e-002
1.958923e+003;5.030769e-002
1.959405e+003;5.026469e-002
1.959887e+003;5.022471e-002
1.960369e+003;5.018856e-002
1.960851e+003;5.015639e-002
1.961333e+003;5.013246e-002
1.961815e+003;5.012121e-002
1.962298e+003;5.012525e-002
1.962780e+003;5.013908e-002
1.963262e+003;5.015222e-002
1.963744e+003;5.014688e-002
1.964226e+003;5.010928e-002
1.964708e+003;5.003440e-002
1.965190e+003;4.993110e-002
1.965673e+003;4.982223e-002
1.966155e+003;4.973916e-002
1.966637e+003;4.970631e-002
1.967119e+003;4.973439e-002
1.967601e+003;4.980733e-002
1.968083e+003;4.989115e-002
1.968565e+003;4.993960e-002
1.969048e+003;4.991061e-002
1.969530e+003;4.978303e-002
1.970012e+003;4.956375e-002
1.970494e+003;4.929199e-002
1.970976e+003;4.903078e-002
1.971458e+003;4.884655e-002
1.971940e+003;4.879832e-002
1.972422e+003;4.891756e-002
1.972905e+003;4.920232e-002
1.973387e+003;4.961679e-002
1.973869e+003;5.010119e-002
1.974351e+003;5.058788e-002
1.974833e+003;5.102208e-002
1.975315e+003;5.136711e-002
1.975797e+003;5.162490e-002
1.976280e+003;5.182014e-002
1.976762e+003;5.198955e-002
1.977244e+003;5.216873e-002
1.977726e+003;5.237144e-002
1.978208e+003;5.258752e-002
1.978690e+003;5.279434e-002
1.979172e+003;5.296488e-002
1.979655e+003;5.308802e-002
1.980137e+003;5.317157e-002
1.980619e+003;5.323772e-002
1.981101e+003;5.331437e-002
1.981583e+003;5.341864e-002
1.982065e+003;5.355038e-002
1.982547e+003;5.369071e-002
1.983030e+003;5.380987e-002
1.983512e+003;5.388501e-002
1.983994e+003;5.390895e-002
1.984476e+003;5.389783e-002
1.984958e+003;5.388390e-002
1.985440e+003;5.390469e-002
1.985922e+003;5.398510e-002
1.986405e+003;5.412784e-002
1.986886e+003;5.430937e-002
1.987369e+003;5.449235e-002
1.987851e+003;5.463887e-002
1.988333e+003;5.472330e-002
1.988815e+003;5.474050e-002
1.989297e+003;5.470433e-002
1.989779e+003;5.464202e-002
1.990261e+003;5.458304e-002
1.990744e+003;5.454898e-002
1.991226e+003;5.455516e-002
1.991708e+003;5.460682e-002
1.992190e+003;5.470280e-002
1.992672e+003;5.483935e-002
1.993154e+003;5.500798e-002
1.993636e+003;5.519208e-002
1.994119e+003;5.537418e-002
1.994601e+003;5.552968e-002
1.995083e+003;5.563889e-002
1.995565e+003;5.569252e-002
1.996047e+003;5.569300e-002
1.996529e+003;5.565469e-002
1.997011e+003;5.559870e-002
1.997494e+003;5.554388e-002
1.997976e+003;5.550090e-002
1.998458e+003;5.546792e-002
1.998940e+003;5.544119e-002
1.999422e+003;5.541488e-002
1.999904e+003;5.539350e-002
2.000386e+003;5.538806e-002
2.000869e+003;5.541378e-002
2.001351e+003;5.548233e-002
2.001833e+003;5.559058e-002
2.002315e+003;5.571841e-002
2.002797e+003;5.583464e-002
2.003279e+003;5.590831e-002
2.003761e+003;5.591695e-002
2.004243e+003;5.585704e-002
2.004726e+003;5.574562e-002
2.005208e+003;5.561057e-002
2.005690e+003;5.548455e-002
2.006172e+003;5.538864e-002
2.006654e+003;5.533522e-002
2.007136e+003;5.532662e-002
2.007618e+003;5.535983e-002
2.008101e+003;5.543608e-002
2.008583e+003;5.556116e-002
2.009065e+003;5.573848e-002
2.009547e+003;5.596609e-002
2.010029e+003;5.622390e-002
2.010511e+003;5.648154e-002
2.010993e+003;5.669883e-002
2.011476e+003;5.683746e-002
2.011958e+003;5.687336e-002
2.012440e+003;5.680281e-002
2.012922e+003;5.664233e-002
2.013404e+003;5.643023e-002
2.013886e+003;5.620711e-002
2.014368e+003;5.602023e-002
2.014851e+003;5.590418e-002
2.015333e+003;5.588005e-002
2.015815e+003;5.595031e-002
2.016297e+003;5.609829e-002
2.016779e+003;5.629134e-002
2.017261e+003;5.648537e-002
2.017743e+003;5.663885e-002
2.018226e+003;5.672365e-002
2.018708e+003;5.673671e-002
2.019190e+003;5.670179e-002
2.019672e+003;5.666393e-002
2.020154e+003;5.667474e-002
2.020636e+003;5.677748e-002
2.021118e+003;5.698644e-002
2.021600e+003;5.727813e-002
2.022083e+003;5.760429e-002
2.022565e+003;5.789909e-002
2.023047e+003;5.810222e-002
2.023529e+003;5.817453e-002
2.024011e+003;5.811115e-002
2.024493e+003;5.793438e-002
2.024975e+003;5.769072e-002
2.025458e+003;5.742925e-002
2.025940e+003;5.719667e-002
2.026422e+003;5.702379e-002
2.026904e+003;5.692486e-002
2.027386e+003;5.690092e-002
2.027868e+003;5.694463e-002
2.028350e+003;5.704242e-002
2.028833e+003;5.718157e-002
2.029315e+003;5.734649e-002
2.029797e+003;5.752873e-002
2.030279e+003;5.772144e-002
2.030761e+003;5.792188e-002
2.031243e+003;5.812790e-002
2.031725e+003;5.833558e-002
2.032208e+003;5.853921e-002
2.032690e+003;5.873297e-002
2.033172e+003;5.890971e-002
2.033654e+003;5.907561e-002
2.034136e+003;5.924823e-002
2.034618e+003;5.945342e-002
2.035100e+003;5.971831e-002
2.035583e+003;6.005906e-002
2.036064e+003;6.046949e-002
2.036547e+003;6.091795e-002
2.037029e+003;6.135207e-002
2.037511e+003;6.171601e-002
2.037993e+003;6.196640e-002
2.038475e+003;6.208712e-002
2.038957e+003;6.209514e-002
2.039439e+003;6.203444e-002
2.039922e+003;6.195863e-002
2.040404e+003;6.191760e-002
2.040886e+003;6.193955e-002
2.041368e+003;6.203180e-002
2.041850e+003;6.218164e-002
2.042332e+003;6.236822e-002
2.042814e+003;6.257439e-002
2.043297e+003;6.279165e-002
2.043779e+003;6.302070e-002
2.044261e+003;6.326829e-002
2.044743e+003;6.353666e-002
2.045225e+003;6.382792e-002
2.045707e+003;6.413989e-002
2.046189e+003;6.447148e-002
2.046672e+003;6.482529e-002
2.047154e+003;6.520566e-002
2.047636e+003;6.561230e-002
2.048118e+003;6.603302e-002
2.048600e+003;6.643730e-002
2.049082e+003;6.678097e-002
2.049564e+003;6.701823e-002
2.050047e+003;6.711478e-002
2.050529e+003;6.706096e-002
2.051011e+003;6.688073e-002
2.051493e+003;6.662612e-002
2.051975e+003;6.636669e-002
2.052457e+003;6.617161e-002
2.052939e+003;6.609507e-002
2.053421e+003;6.616254e-002
2.053904e+003;6.636316e-002
2.054386e+003;6.665787e-002
2.054868e+003;6.698898e-002
2.055350e+003;6.729765e-002
2.055832e+003;6.753985e-002
2.056314e+003;6.769335e-002
2.056796e+003;6.776001e-002
2.057279e+003;6.776119e-002
2.057761e+003;6.772734e-002
2.058243e+003;6.768922e-002
2.058725e+003;6.767270e-002
2.059207e+003;6.769230e-002
2.059689e+003;6.775261e-002
2.060171e+003;6.784777e-002
2.060654e+003;6.796782e-002
2.061136e+003;6.809868e-002
2.061618e+003;6.822658e-002
2.062100e+003;6.834068e-002
2.062582e+003;6.843418e-002
2.063064e+003;6.850647e-002
2.063546e+003;6.856234e-002
2.064029e+003;6.861091e-002
2.064511e+003;6.866431e-002
2.064993e+003;6.873399e-002
2.065475e+003;6.882747e-002
2.065957e+003;6.894732e-002
2.066439e+003;6.908977e-002
2.066921e+003;6.924732e-002
2.067404e+003;6.940949e-002
2.067885e+003;6.956463e-002
2.068368e+003;6.970459e-002
2.068850e+003;6.982153e-002
2.069332e+003;6.990975e-002
2.069814e+003;6.996534e-002
2.070296e+003;6.998630e-002
2.070778e+003;6.997530e-002
2.071260e+003;6.993894e-002
2.071743e+003;6.989066e-002
2.072225e+003;6.984837e-002
2.072707e+003;6.983183e-002
2.073189e+003;6.985773e-002
2.073671e+003;6.993560e-002
2.074153e+003;7.006595e-002
2.074635e+003;7.023910e-002
2.075118e+003;7.044105e-002
2.075600e+003;7.065488e-002
2.076082e+003;7.086809e-002
2.076564e+003;7.107236e-002
2.077046e+003;7.126244e-002
2.077528e+003;7.143464e-002
2.078010e+003;7.158261e-002
2.078493e+003;7.169770e-002
2.078975e+003;7.177012e-002
2.079457e+003;7.179476e-002
2.079939e+003;7.177379e-002
2.080421e+003;7.172043e-002
2.080903e+003;7.165517e-002
2.081385e+003;7.160144e-002
2.081868e+003;7.157839e-002
2.082350e+003;7.159542e-002
2.082832e+003;7.164872e-002
2.083314e+003;7.172285e-002
2.083796e+003;7.179962e-002
2.084278e+003;7.186386e-002
2.084760e+003;7.190762e-002
2.085242e+003;7.193443e-002
2.085725e+003;7.195608e-002
2.086207e+003;7.198633e-002
2.086689e+003;7.203613e-002
2.087171e+003;7.210834e-002
2.087653e+003;7.219841e-002
2.088135e+003;7.229585e-002
2.088617e+003;7.238666e-002
2.089100e+003;7.246013e-002
2.089582e+003;7.250857e-002
2.090064e+003;7.252935e-002
2.090546e+003;7.252374e-002
2.091028e+003;7.249356e-002
2.091510e+003;7.244309e-002
2.091992e+003;7.237699e-002
2.092475e+003;7.230207e-002
2.092957e+003;7.222601e-002
2.093439e+003;7.215974e-002
2.093921e+003;7.211454e-002
2.094403e+003;7.210094e-002
2.094885e+003;7.212692e-002
2.095367e+003;7.219464e-002
2.095850e+003;7.230245e-002
2.096332e+003;7.244228e-002
2.096814e+003;7.260331e-002
2.097296e+003;7.277204e-002
2.097778e+003;7.293597e-002
2.098260e+003;7.308696e-002
2.098742e+003;7.321867e-002
2.099225e+003;7.333213e-002
2.099707e+003;7.343063e-002
2.100189e+003;7.351808e-002
2.100671e+003;7.359841e-002
2.101153e+003;7.367017e-002
2.101635e+003;7.372928e-002
2.102117e+003;7.376901e-002
2.102599e+003;7.378312e-002
2.103082e+003;7.377058e-002
2.103564e+003;7.373747e-002
2.104046e+003;7.369505e-002
2.104528e+003;7.365993e-002
2.105010e+003;7.364672e-002
2.105492e+003;7.366457e-002
2.105974e+003;7.371532e-002
2.106457e+003;7.379173e-002
2.106939e+003;7.388218e-002
2.107421e+003;7.397396e-002
2.107903e+003;7.405670e-002
2.108385e+003;7.412514e-002
2.108867e+003;7.417854e-002
2.109349e+003;7.421860e-002
2.109832e+003;7.424923e-002
2.110314e+003;7.427142e-002
2.110796e+003;7.428575e-002
2.111278e+003;7.429383e-002
2.111760e+003;7.429644e-002
2.112242e+003;7.429679e-002
2.112724e+003;7.429842e-002
2.113207e+003;7.430512e-002
2.113689e+003;7.432026e-002
2.114171e+003;7.434314e-002
2.114653e+003;7.437322e-002
2.115135e+003;7.440827e-002
2.115617e+003;7.444432e-002
2.116099e+003;7.447740e-002
2.116582e+003;7.450334e-002
2.117063e+003;7.451690e-002
2.117546e+003;7.451240e-002
2.118028e+003;7.448622e-002
2.118510e+003;7.443765e-002
2.118992e+003;7.437062e-002
2.119474e+003;7.429398e-002
2.119956e+003;7.421738e-002
2.120438e+003;7.414986e-002
2.120921e+003;7.409436e-002
2.121403e+003;7.404754e-002
2.121885e+003;7.399710e-002
2.122367e+003;7.392895e-002
2.122849e+003;7.383090e-002
2.123331e+003;7.369729e-002
2.123813e+003;7.353232e-002
2.124296e+003;7.334894e-002
2.124778e+003;7.316612e-002
2.125260e+003;7.300208e-002
2.125742e+003;7.286961e-002
2.126224e+003;7.277384e-002
2.126706e+003;7.271121e-002
2.127188e+003;7.267028e-002
2.127671e+003;7.263505e-002
2.128153e+003;7.258889e-002
2.128635e+003;7.251576e-002
2.129117e+003;7.240324e-002
2.129599e+003;7.224292e-002
2.130081e+003;7.203632e-002
2.130563e+003;7.179298e-002
2.131046e+003;7.152983e-002
2.131528e+003;7.127123e-002
2.132010e+003;7.104169e-002
2.132492e+003;7.086103e-002
2.132974e+003;7.073714e-002
2.133456e+003;7.066546e-002
2.133938e+003;7.062946e-002
2.134420e+003;7.060651e-002
2.134903e+003;7.057497e-002
2.135385e+003;7.052288e-002
2.135867e+003;7.044733e-002
2.136349e+003;7.035547e-002
2.136831e+003;7.025840e-002
2.137313e+003;7.016242e-002
2.137795e+003;7.007145e-002
2.138278e+003;6.998427e-002
2.138760e+003;6.989644e-002
2.139242e+003;6.980666e-002
2.139724e+003;6.971686e-002
2.140206e+003;6.963237e-002
2.140688e+003;6.955708e-002
2.141170e+003;6.948879e-002
2.141653e+003;6.941682e-002
2.142135e+003;6.932516e-002
2.142617e+003;6.919575e-002
2.143099e+003;6.901637e-002
2.143581e+003;6.878813e-002
2.144063e+003;6.852897e-002
2.144545e+003;6.826948e-002
2.145028e+003;6.804486e-002
2.145510e+003;6.788993e-002
2.145992e+003;6.782658e-002
2.146474e+003;6.785627e-002
2.146956e+003;6.796225e-002
2.147438e+003;6.811093e-002
2.147920e+003;6.825531e-002
2.148403e+003;6.835090e-002
2.148885e+003;6.835566e-002
2.149367e+003;6.824657e-002
2.149849e+003;6.801613e-002
2.150331e+003;6.767479e-002
2.150813e+003;6.724598e-002
2.151295e+003;6.675961e-002
2.151777e+003;6.623944e-002
2.152260e+003;6.570151e-002
2.152742e+003;6.514531e-002
2.153224e+003;6.456482e-002
2.153706e+003;6.395411e-002
2.154188e+003;6.331656e-002
2.154670e+003;6.267720e-002
2.155152e+003;6.208080e-002
2.155635e+003;6.158637e-002
2.156117e+003;6.125694e-002
2.156599e+003;6.113607e-002
2.157081e+003;6.123741e-002
2.157563e+003;6.153963e-002
2.158045e+003;6.198230e-002
2.158527e+003;6.249112e-002
2.159010e+003;6.299659e-002
2.159492e+003;6.345215e-002
2.159974e+003;6.384447e-002
2.160456e+003;6.418390e-002
2.160938e+003;6.449221e-002
2.161420e+003;6.479117e-002
2.161902e+003;6.508612e-002
2.162385e+003;6.537145e-002
2.162867e+003;6.563137e-002
2.163349e+003;6.584127e-002
2.163831e+003;6.598314e-002
2.164313e+003;6.604262e-002
2.164795e+003;6.601778e-002
2.165277e+003;6.591681e-002
2.165760e+003;6.575540e-002
2.166241e+003;6.555792e-002
2.166724e+003;6.535269e-002
2.167206e+003;6.516644e-002
2.167688e+003;6.502623e-002
2.168170e+003;6.494717e-002
2.168652e+003;6.493890e-002
2.169134e+003;6.499971e-002
2.169616e+003;6.511551e-002
2.170099e+003;6.526390e-002
2.170581e+003;6.541608e-002
2.171063e+003;6.554103e-002
2.171545e+003;6.561312e-002
2.172027e+003;6.561435e-002
2.172509e+003;6.554440e-002
2.172991e+003;6.542251e-002
2.173474e+003;6.528175e-002
2.173956e+003;6.516502e-002
2.174438e+003;6.510914e-002
2.174920e+003;6.513671e-002
2.175402e+003;6.524181e-002
2.175884e+003;6.539124e-002
2.176366e+003;6.553742e-002
2.176849e+003;6.562701e-002
2.177331e+003;6.562368e-002
2.177813e+003;6.551987e-002
2.178295e+003;6.534009e-002
2.178777e+003;6.512816e-002
2.179259e+003;6.493800e-002
2.179741e+003;6.481005e-002
2.180223e+003;6.476180e-002
2.180706e+003;6.478479e-002
2.181188e+003;6.485298e-002
2.181670e+003;6.493528e-002
2.182152e+003;6.501259e-002
2.182634e+003;6.508164e-002
2.183116e+003;6.515351e-002
2.183598e+003;6.524043e-002
2.184081e+003;6.534763e-002
2.184563e+003;6.546427e-002
2.185045e+003;6.556863e-002
2.185527e+003;6.563749e-002
2.186009e+003;6.565966e-002
2.186491e+003;6.564626e-002
2.186973e+003;6.562751e-002
2.187456e+003;6.563880e-002
2.187938e+003;6.571105e-002
2.188420e+003;6.585290e-002
2.188902e+003;6.604582e-002
2.189384e+003;6.625222e-002
2.189866e+003;6.643004e-002
2.190348e+003;6.655083e-002
2.190831e+003;6.660908e-002
2.191313e+003;6.662124e-002
2.191795e+003;6.661970e-002
2.192277e+003;6.663209e-002
2.192759e+003;6.666965e-002
2.193241e+003;6.672250e-002
2.193723e+003;6.676821e-002
2.194206e+003;6.678288e-002
2.194688e+003;6.675576e-002
2.195170e+003;6.669529e-002
2.195652e+003;6.662849e-002
2.196134e+003;6.658514e-002
2.196616e+003;6.658220e-002
2.197098e+003;6.661711e-002
2.197580e+003;6.666366e-002
2.198063e+003;6.668422e-002
2.198545e+003;6.664620e-002
2.199027e+003;6.653261e-002
2.199509e+003;6.635594e-002
2.199991e+003;6.614915e-002
2.200473e+003;6.595301e-002
2.200955e+003;6.580229e-002
2.201438e+003;6.571294e-002
2.201920e+003;6.567966e-002
2.202402e+003;6.567936e-002
2.202884e+003;6.568631e-002
2.203366e+003;6.568035e-002
2.203848e+003;6.565632e-002
2.204330e+003;6.561937e-002
2.204813e+003;6.558232e-002
2.205295e+003;6.555698e-002
2.205777e+003;6.554800e-002
2.206259e+003;6.555255e-002
2.206741e+003;6.556209e-002
2.207223e+003;6.557030e-002
2.207705e+003;6.557476e-002
2.208188e+003;6.557671e-002
2.208670e+003;6.558225e-002
2.209152e+003;6.559367e-002
2.209634e+003;6.560962e-002
2.210116e+003;6.562480e-002
2.210598e+003;6.562829e-002
2.211080e+003;6.561373e-002
2.211563e+003;6.557784e-002
2.212044e+003;6.552238e-002
2.212527e+003;6.545605e-002
2.213009e+003;6.539127e-002
2.213491e+003;6.534012e-002
2.213973e+003;6.531314e-002
2.214455e+003;6.531566e-002
2.214937e+003;6.534960e-002
2.215419e+003;6.541080e-002
2.215902e+003;6.548744e-002
2.216384e+003;6.556411e-002
2.216866e+003;6.562202e-002
2.217348e+003;6.564494e-002
2.217830e+003;6.562278e-002
2.218312e+003;6.555521e-002
2.218794e+003;6.545506e-002
2.219277e+003;6.534392e-002
2.219759e+003;6.524675e-002
2.220241e+003;6.518488e-002
2.220723e+003;6.517047e-002
2.221205e+003;6.520287e-002
2.221687e+003;6.527343e-002
2.222169e+003;6.536369e-002
2.222652e+003;6.545716e-002
2.223134e+003;6.553876e-002
2.223616e+003;6.559587e-002
2.224098e+003;6.562302e-002
2.224580e+003;6.561674e-002
2.225062e+003;6.557573e-002
2.225544e+003;6.550550e-002
2.226027e+003;6.541377e-002
2.226509e+003;6.531594e-002
2.226991e+003;6.522863e-002
2.227473e+003;6.516586e-002
2.227955e+003;6.513472e-002
2.228437e+003;6.513042e-002
2.228919e+003;6.513700e-002
2.229401e+003;6.513284e-002
2.229884e+003;6.509556e-002
2.230366e+003;6.501313e-002
2.230848e+003;6.488736e-002
2.231330e+003;6.473293e-002
2.231812e+003;6.457443e-002
2.232294e+003;6.443960e-002
2.232776e+003;6.434844e-002
2.233259e+003;6.431276e-002
2.233741e+003;6.433178e-002
2.234223e+003;6.439725e-002
2.234705e+003;6.449812e-002
2.235187e+003;6.462064e-002
2.235669e+003;6.475294e-002
2.236151e+003;6.488207e-002
2.236634e+003;6.499542e-002
2.237116e+003;6.507997e-002
2.237598e+003;6.512222e-002
2.238080e+003;6.511445e-002
2.238562e+003;6.505574e-002
2.239044e+003;6.495339e-002
2.239526e+003;6.482396e-002
2.240009e+003;6.468704e-002
2.240491e+003;6.456125e-002
2.240973e+003;6.446256e-002
2.241455e+003;6.439699e-002
2.241937e+003;6.436443e-002
2.242419e+003;6.435977e-002
2.242901e+003;6.437393e-002
2.243384e+003;6.439833e-002
2.243865e+003;6.442504e-002
2.244348e+003;6.444952e-002
2.244830e+003;6.446876e-002
2.245312e+003;6.447999e-002
2.245794e+003;6.448334e-002
2.246276e+003;6.447890e-002
2.246758e+003;6.446570e-002
2.247240e+003;6.444390e-002
2.247723e+003;6.441206e-002
2.248205e+003;6.436905e-002
2.248687e+003;6.431458e-002
2.249169e+003;6.424886e-002
2.249651e+003;6.417498e-002
2.250133e+003;6.409989e-002
2.250615e+003;6.403098e-002
2.251098e+003;6.397525e-002
2.251580e+003;6.393854e-002
2.252062e+003;6.392211e-002
2.252544e+003;6.392458e-002
2.253026e+003;6.394009e-002
2.253508e+003;6.396333e-002
2.253990e+003;6.399040e-002
2.254473e+003;6.401677e-002
2.254955e+003;6.404020e-002
2.255437e+003;6.406020e-002
2.255919e+003;6.407492e-002
2.256401e+003;6.408224e-002
2.256883e+003;6.407788e-002
2.257365e+003;6.406051e-002
2.257848e+003;6.402956e-002
2.258330e+003;6.398532e-002
2.258812e+003;6.393219e-002
2.259294e+003;6.387464e-002
2.259776e+003;6.381731e-002
2.260258e+003;6.376725e-002
2.260740e+003;6.372729e-002
2.261222e+003;6.370218e-002
2.261705e+003;6.369434e-002
2.262187e+003;6.370280e-002
2.262669e+003;6.372333e-002
2.263151e+003;6.374827e-002
2.263633e+003;6.376497e-002
2.264115e+003;6.376255e-002
2.264597e+003;6.373289e-002
2.265080e+003;6.367447e-002
2.265562e+003;6.359634e-002
2.266044e+003;6.351417e-002
2.266526e+003;6.344749e-002
2.267008e+003;6.341300e-002
2.267490e+003;6.341894e-002
2.267972e+003;6.346329e-002
2.268455e+003;6.353074e-002
2.268937e+003;6.360181e-002
2.269419e+003;6.365752e-002
2.269901e+003;6.368469e-002
2.270383e+003;6.368080e-002
2.270865e+003;6.365507e-002
2.271347e+003;6.362123e-002
2.271830e+003;6.359515e-002
2.272312e+003;6.358615e-002
2.272794e+003;6.359644e-002
2.273276e+003;6.362013e-002
2.273758e+003;6.364520e-002
2.274240e+003;6.365965e-002
2.274722e+003;6.365643e-002
2.275205e+003;6.363423e-002
2.275687e+003;6.359850e-002
2.276169e+003;6.355727e-002
2.276651e+003;6.352078e-002
2.277133e+003;6.349505e-002
2.277615e+003;6.348291e-002
2.278097e+003;6.348403e-002
2.278579e+003;6.349514e-002
2.279062e+003;6.351372e-002
2.279544e+003;6.353996e-002
2.280026e+003;6.357402e-002
2.280508e+003;6.361713e-002
2.280990e+003;6.367006e-002
2.281472e+003;6.372931e-002
2.281954e+003;6.378962e-002
2.282437e+003;6.384383e-002
2.282919e+003;6.388508e-002
2.283401e+003;6.390994e-002
2.283883e+003;6.391771e-002
2.284365e+003;6.391176e-002
2.284847e+003;6.389721e-002
2.285329e+003;6.387791e-002
2.285812e+003;6.385633e-002
2.286294e+003;6.383103e-002
2.286776e+003;6.379876e-002
2.287258e+003;6.375701e-002
2.287740e+003;6.370352e-002
2.288222e+003;6.364097e-002
2.288704e+003;6.357393e-002
2.289187e+003;6.350873e-002
2.289669e+003;6.345046e-002
2.290151e+003;6.340227e-002
2.290633e+003;6.336320e-002
2.291115e+003;6.333002e-002
2.291597e+003;6.329779e-002
2.292079e+003;6.326328e-002
2.292562e+003;6.322575e-002
2.293043e+003;6.318700e-002
2.293526e+003;6.315081e-002
2.294008e+003;6.312028e-002
2.294490e+003;6.309701e-002
2.294972e+003;6.307899e-002
2.295454e+003;6.306121e-002
2.295936e+003;6.303596e-002
2.296418e+003;6.299741e-002
2.296901e+003;6.294116e-002
2.297383e+003;6.286787e-002
2.297865e+003;6.278254e-002
2.298347e+003;6.269491e-002
2.298829e+003;6.261626e-002
2.299311e+003;6.255679e-002
2.299793e+003;6.252343e-002
2.300276e+003;6.251770e-002
2.300758e+003;6.253520e-002
2.301240e+003;6.256624e-002
2.301722e+003;6.259964e-002
2.302204e+003;6.262405e-002
2.302686e+003;6.263172e-002
2.303168e+003;6.262054e-002
2.303651e+003;6.259286e-002
2.304133e+003;6.255557e-002
2.304615e+003;6.251616e-002
2.305097e+003;6.248004e-002
2.305579e+003;6.245026e-002
2.306061e+003;6.242615e-002
2.306543e+003;6.240481e-002
2.307026e+003;6.238157e-002
2.307508e+003;6.235473e-002
2.307990e+003;6.232372e-002
2.308472e+003;6.229027e-002
2.308954e+003;6.225778e-002
2.309436e+003;6.222876e-002
2.309918e+003;6.220495e-002
2.310400e+003;6.218666e-002
2.310883e+003;6.217201e-002
2.311365e+003;6.215932e-002
2.311847e+003;6.214703e-002
2.312329e+003;6.213366e-002
2.312811e+003;6.211931e-002
2.313293e+003;6.210371e-002
2.313775e+003;6.208770e-002
2.314258e+003;6.207259e-002
2.314740e+003;6.205884e-002
2.315222e+003;6.204859e-002
2.315704e+003;6.204225e-002
2.316186e+003;6.204105e-002
2.316668e+003;6.204401e-002
2.317150e+003;6.205088e-002
2.317633e+003;6.206052e-002
2.318115e+003;6.207262e-002
2.318597e+003;6.208961e-002
2.319079e+003;6.211600e-002
2.319561e+003;6.215744e-002
2.320043e+003;6.221861e-002
2.320525e+003;6.230024e-002
2.321008e+003;6.239754e-002
2.321490e+003;6.249798e-002
2.321972e+003;6.258415e-002
2.322454e+003;6.263611e-002
2.322936e+003;6.263649e-002
2.323418e+003;6.257406e-002
2.323900e+003;6.244761e-002
2.324383e+003;6.226427e-002
2.324865e+003;6.203979e-002
2.325347e+003;6.179402e-002
2.325829e+003;6.154732e-002
2.326311e+003;6.131860e-002
2.326793e+003;6.112047e-002
2.327275e+003;6.096064e-002
2.327757e+003;6.083974e-002
2.328240e+003;6.075320e-002
2.328722e+003;6.069385e-002
2.329204e+003;6.065274e-002
2.329686e+003;6.062210e-002
2.330168e+003;6.059678e-002
2.330650e+003;6.057357e-002
2.331132e+003;6.055165e-002
2.331615e+003;6.053178e-002
2.332097e+003;6.051411e-002
2.332579e+003;6.049807e-002
2.333061e+003;6.048236e-002
2.333543e+003;6.046440e-002
2.334025e+003;6.044134e-002
2.334507e+003;6.041113e-002
2.334990e+003;6.037303e-002
2.335472e+003;6.032694e-002
2.335954e+003;6.027417e-002
2.336436e+003;6.021630e-002
2.336918e+003;6.015502e-002
2.337400e+003;6.009274e-002
2.337882e+003;6.003091e-002
2.338365e+003;5.997179e-002
2.338847e+003;5.991781e-002
2.339329e+003;5.987047e-002
2.339811e+003;5.983059e-002
2.340293e+003;5.979777e-002
2.340775e+003;5.977053e-002
2.341257e+003;5.974622e-002
2.341740e+003;5.972315e-002
2.342221e+003;5.969989e-002
2.342704e+003;5.967613e-002
2.343186e+003;5.965202e-002
2.343668e+003;5.962838e-002
2.344150e+003;5.960384e-002
2.344632e+003;5.957607e-002
2.345114e+003;5.954252e-002
2.345596e+003;5.950004e-002
2.346079e+003;5.944750e-002
2.346561e+003;5.938587e-002
2.347043e+003;5.931845e-002
2.347525e+003;5.925001e-002
2.348007e+003;5.918459e-002
2.348489e+003;5.912591e-002
2.348971e+003;5.907453e-002
2.349454e+003;5.903024e-002
2.349936e+003;5.899170e-002
2.350418e+003;5.895785e-002
2.350900e+003;5.892869e-002
2.351382e+003;5.890420e-002
2.351864e+003;5.888409e-002
2.352346e+003;5.886643e-002
2.352829e+003;5.884769e-002
2.353311e+003;5.882168e-002
2.353793e+003;5.878392e-002
2.354275e+003;5.873093e-002
2.354757e+003;5.866371e-002
2.355239e+003;5.858731e-002
2.355721e+003;5.850871e-002
2.356204e+003;5.843735e-002
2.356686e+003;5.837971e-002
2.357168e+003;5.833905e-002
2.357650e+003;5.831436e-002
2.358132e+003;5.830089e-002
2.358614e+003;5.829238e-002
2.359096e+003;5.828163e-002
2.359578e+003;5.826366e-002
2.360061e+003;5.823550e-002
2.360543e+003;5.819558e-002
2.361025e+003;5.814421e-002
2.361507e+003;5.808188e-002
2.361989e+003;5.800992e-002
2.362471e+003;5.792900e-002
2.362953e+003;5.784200e-002
2.363436e+003;5.775231e-002
2.363918e+003;5.766416e-002
2.364400e+003;5.758378e-002
2.364882e+003;5.751630e-002
2.365364e+003;5.746594e-002
2.365846e+003;5.743546e-002
2.366328e+003;5.742361e-002
2.366811e+003;5.742760e-002
2.367293e+003;5.744204e-002
2.367775e+003;5.745971e-002
2.368257e+003;5.747349e-002
2.368739e+003;5.747614e-002
2.369221e+003;5.746327e-002
2.369703e+003;5.743362e-002
2.370186e+003;5.738809e-002
2.370668e+003;5.733099e-002
2.371150e+003;5.726806e-002
2.371632e+003;5.720552e-002
2.372114e+003;5.714869e-002
2.372596e+003;5.710139e-002
2.373078e+003;5.706479e-002
2.373561e+003;5.703849e-002
2.374042e+003;5.702073e-002
2.374525e+003;5.700886e-002
2.375007e+003;5.699997e-002
2.375489e+003;5.699232e-002
2.375971e+003;5.698302e-002
2.376453e+003;5.697011e-002
2.376935e+003;5.695172e-002
2.377417e+003;5.692572e-002
2.377900e+003;5.689073e-002
2.378382e+003;5.684714e-002
2.378864e+003;5.679646e-002
2.379346e+003;5.674209e-002
2.379828e+003;5.668728e-002
2.380310e+003;5.663627e-002
2.380792e+003;5.659174e-002
2.381275e+003;5.655521e-002
2.381757e+003;5.652440e-002
2.382239e+003;5.649783e-002
2.382721e+003;5.647099e-002
2.383203e+003;5.644080e-002
2.383685e+003;5.640569e-002
2.384167e+003;5.636436e-002
2.384650e+003;5.631820e-002
2.385132e+003;5.626884e-002
2.385614e+003;5.621812e-002
2.386096e+003;5.616756e-002
2.386578e+003;5.611763e-002
2.387060e+003;5.606794e-002
2.387542e+003;5.601814e-002
2.388025e+003;5.596782e-002
2.388507e+003;5.591705e-002
2.388989e+003;5.586627e-002
2.389471e+003;5.581596e-002
2.389953e+003;5.576673e-002
2.390435e+003;5.571840e-002
2.390917e+003;5.567070e-002
2.391399e+003;5.562358e-002
2.391882e+003;5.557710e-002
2.392364e+003;5.553269e-002
2.392846e+003;5.549270e-002
2.393328e+003;5.545971e-002
2.393810e+003;5.543667e-002
2.394292e+003;5.542484e-002
2.394774e+003;5.542402e-002
2.395257e+003;5.543283e-002
2.395739e+003;5.544700e-002
2.396221e+003;5.546269e-002
2.396703e+003;5.547544e-002
2.397185e+003;5.548149e-002
2.397667e+003;5.547906e-002
2.398149e+003;5.546726e-002
2.398632e+003;5.544623e-002
2.399114e+003;5.541747e-002
2.399596e+003;5.538098e-002
2.400078e+003;5.533852e-002
2.400560e+003;5.529000e-002
2.401042e+003;5.523601e-002
2.401524e+003;5.517772e-002
2.402007e+003;5.511714e-002
2.402489e+003;5.505762e-002
2.402971e+003;5.500463e-002
2.403453e+003;5.496319e-002
2.403935e+003;5.493913e-002
2.404417e+003;5.493638e-002
2.404899e+003;5.495588e-002
2.405382e+003;5.499437e-002
2.405864e+003;5.504539e-002
2.406346e+003;5.509869e-002
2.406828e+003;5.514411e-002
2.407310e+003;5.517274e-002
2.407792e+003;5.517941e-002
2.408274e+003;5.516329e-002
2.408756e+003;5.512824e-002
2.409239e+003;5.508053e-002
2.409721e+003;5.502844e-002
2.410203e+003;5.497809e-002
2.410685e+003;5.493453e-002
2.411167e+003;5.489863e-002
2.411649e+003;5.487087e-002
2.412131e+003;5.484941e-002
2.412614e+003;5.483401e-002
2.413096e+003;5.482399e-002
2.413578e+003;5.482096e-002
2.414060e+003;5.482567e-002
2.414542e+003;5.483857e-002
2.415024e+003;5.485735e-002
2.415506e+003;5.487740e-002
2.415989e+003;5.489283e-002
2.416471e+003;5.489603e-002
2.416953e+003;5.488251e-002
2.417435e+003;5.485041e-002
2.417917e+003;5.480227e-002
2.418399e+003;5.474507e-002
2.418881e+003;5.468776e-002
2.419364e+003;5.463879e-002
2.419846e+003;5.460500e-002
2.420328e+003;5.458750e-002
2.420810e+003;5.458232e-002
2.421292e+003;5.458110e-002
2.421774e+003;5.457320e-002
2.422256e+003;5.454900e-002
2.422739e+003;5.450262e-002
2.423220e+003;5.443398e-002
2.423703e+003;5.434882e-002
2.424185e+003;5.425687e-002
2.424667e+003;5.417057e-002
2.425149e+003;5.410190e-002
2.425631e+003;5.405869e-002
2.426113e+003;5.404379e-002
2.426595e+003;5.405452e-002
2.427078e+003;5.408330e-002
2.427560e+003;5.411945e-002
2.428042e+003;5.415230e-002
2.428524e+003;5.417271e-002
2.429006e+003;5.417524e-002
2.429488e+003;5.415853e-002
2.429970e+003;5.412573e-002
2.430453e+003;5.408077e-002
2.430935e+003;5.402868e-002
2.431417e+003;5.397369e-002
2.431899e+003;5.391723e-002
2.432381e+003;5.385914e-002
2.432863e+003;5.379923e-002
2.433345e+003;5.373779e-002
2.433828e+003;5.367716e-002
2.434310e+003;5.362109e-002
2.434792e+003;5.357469e-002
2.435274e+003;5.354234e-002
2.435756e+003;5.352603e-002
2.436238e+003;5.352465e-002
2.436720e+003;5.353584e-002
2.437203e+003;5.355586e-002
2.437685e+003;5.358175e-002
2.438167e+003;5.361095e-002
2.438649e+003;5.364348e-002
2.439131e+003;5.367832e-002
2.439613e+003;5.371198e-002
2.440095e+003;5.374046e-002
2.440577e+003;5.375618e-002
2.441060e+003;5.375293e-002
2.441542e+003;5.372704e-002
2.442024e+003;5.367925e-002
2.442506e+003;5.361562e-002
2.442988e+003;5.354541e-002
2.443470e+003;5.347917e-002
2.443952e+003;5.342449e-002
2.444435e+003;5.338503e-002
2.444917e+003;5.335902e-002
2.445399e+003;5.334279e-002
2.445881e+003;5.333090e-002
2.446363e+003;5.331985e-002
2.446845e+003;5.331006e-002
2.447327e+003;5.330266e-002
2.447810e+003;5.330053e-002
2.448292e+003;5.330499e-002
2.448774e+003;5.331531e-002
2.449256e+003;5.332743e-002
2.449738e+003;5.333776e-002
2.450220e+003;5.334134e-002
2.450702e+003;5.333664e-002
2.451185e+003;5.332245e-002
2.451667e+003;5.330032e-002
2.452149e+003;5.327271e-002
2.452631e+003;5.324182e-002
2.453113e+003;5.321000e-002
2.453595e+003;5.317867e-002
2.454077e+003;5.314954e-002
2.454560e+003;5.312442e-002
2.455042e+003;5.310408e-002
2.455524e+003;5.308859e-002
2.456006e+003;5.307678e-002
2.456488e+003;5.306615e-002
2.456970e+003;5.305406e-002
2.457452e+003;5.303915e-002
2.457935e+003;5.302097e-002
2.458417e+003;5.300115e-002
2.458899e+003;5.298124e-002
2.459381e+003;5.296328e-002
2.459863e+003;5.294678e-002
2.460345e+003;5.293033e-002
2.460827e+003;5.291261e-002
2.461309e+003;5.289170e-002
2.461792e+003;5.286940e-002
2.462274e+003;5.284941e-002
2.462756e+003;5.283575e-002
2.463238e+003;5.283247e-002
2.463720e+003;5.283895e-002
2.464202e+003;5.285040e-002
2.464684e+003;5.285807e-002
2.465167e+003;5.285177e-002
2.465649e+003;5.282245e-002
2.466131e+003;5.276703e-002
2.466613e+003;5.268961e-002
2.467095e+003;5.259833e-002
2.467577e+003;5.250634e-002
2.468059e+003;5.242547e-002
2.468542e+003;5.236486e-002
2.469024e+003;5.232759e-002
2.469506e+003;5.231056e-002
2.469988e+003;5.230763e-002
2.470470e+003;5.231053e-002
2.470952e+003;5.231275e-002
2.471434e+003;5.230946e-002
2.471917e+003;5.229963e-002
2.472399e+003;5.228455e-002
2.472881e+003;5.226764e-002
2.473363e+003;5.225176e-002
2.473845e+003;5.223974e-002
2.474327e+003;5.223220e-002
2.474809e+003;5.222851e-002
2.475292e+003;5.222706e-002
2.475773e+003;5.222449e-002
2.476256e+003;5.221899e-002
2.476738e+003;5.220771e-002
2.477220e+003;5.218979e-002
2.477702e+003;5.216452e-002
2.478184e+003;5.213201e-002
2.478666e+003;5.209379e-002
2.479148e+003;5.205245e-002
2.479631e+003;5.201118e-002
2.480113e+003;5.197447e-002
2.480595e+003;5.194688e-002
2.481077e+003;5.193032e-002
2.481559e+003;5.192661e-002
2.482041e+003;5.193229e-002
2.482523e+003;5.194229e-002
2.483006e+003;5.194841e-002
2.483488e+003;5.194459e-002
2.483970e+003;5.192765e-002
2.484452e+003;5.189912e-002
2.484934e+003;5.186564e-002
2.485416e+003;5.183631e-002
2.485898e+003;5.181983e-002
2.486381e+003;5.182219e-002
2.486863e+003;5.184279e-002
2.487345e+003;5.187584e-002
2.487827e+003;5.191227e-002
2.488309e+003;5.194301e-002
2.488791e+003;5.196111e-002
2.489273e+003;5.196461e-002
2.489756e+003;5.195399e-002
2.490238e+003;5.193279e-002
2.490720e+003;5.190414e-002
2.491202e+003;5.186942e-002
2.491684e+003;5.182966e-002
2.492166e+003;5.178425e-002
2.492648e+003;5.173510e-002
2.493130e+003;5.168601e-002
2.493613e+003;5.164270e-002
2.494095e+003;5.160979e-002
2.494577e+003;5.158977e-002
2.495059e+003;5.158076e-002
2.495541e+003;5.157841e-002
2.496023e+003;5.157597e-002
2.496505e+003;5.156831e-002
2.496988e+003;5.155572e-002
2.497470e+003;5.154033e-002
2.497952e+003;5.152963e-002
2.498434e+003;5.152916e-002
2.498916e+003;5.154205e-002
2.499398e+003;5.156580e-002
2.499880e+003;5.159373e-002
2.500363e+003;5.161732e-002
2.500845e+003;5.162841e-002
2.501327e+003;5.162219e-002
2.501809e+003;5.159893e-002
2.502291e+003;5.156297e-002
2.502773e+003;5.152039e-002
2.503255e+003;5.147744e-002
2.503738e+003;5.143786e-002
2.504220e+003;5.140428e-002
2.504702e+003;5.137685e-002
2.505184e+003;5.135653e-002
2.505666e+003;5.134300e-002
2.506148e+003;5.133844e-002
2.506630e+003;5.134283e-002
2.507113e+003;5.135715e-002
2.507594e+003;5.137939e-002
2.508077e+003;5.140704e-002
2.508559e+003;5.143740e-002
2.509041e+003;5.146742e-002
2.509523e+003;5.149535e-002
2.510005e+003;5.151929e-002
2.510487e+003;5.153790e-002
2.510969e+003;5.154989e-002
2.511452e+003;5.155290e-002
2.511934e+003;5.154447e-002
2.512416e+003;5.152225e-002
2.512898e+003;5.148474e-002
2.513380e+003;5.143133e-002
2.513862e+003;5.136322e-002
2.514344e+003;5.128261e-002
2.514827e+003;5.119297e-002
2.515309e+003;5.109904e-002
2.515791e+003;5.100733e-002
2.516273e+003;5.092696e-002
2.516755e+003;5.086708e-002
2.517237e+003;5.083698e-002
2.517719e+003;5.084324e-002
2.518202e+003;5.088671e-002
2.518684e+003;5.096263e-002
2.519166e+003;5.105862e-002
2.519648e+003;5.115876e-002
2.520130e+003;5.124564e-002
2.520612e+003;5.130558e-002
2.521094e+003;5.133169e-002
2.521577e+003;5.132382e-002
2.522059e+003;5.128984e-002
2.522541e+003;5.124227e-002
2.523023e+003;5.119303e-002
2.523505e+003;5.115147e-002
2.523987e+003;5.112216e-002
2.524469e+003;5.110450e-002
2.524951e+003;5.109375e-002
2.525434e+003;5.108422e-002
2.525916e+003;5.107222e-002
2.526398e+003;5.105576e-002
2.526880e+003;5.103638e-002
2.527362e+003;5.101663e-002
2.527844e+003;5.099988e-002
2.528326e+003;5.098616e-002
2.528809e+003;5.097280e-002
2.529291e+003;5.095619e-002
2.529773e+003;5.093087e-002
2.530255e+003;5.089431e-002
2.530737e+003;5.084674e-002
2.531219e+003;5.079335e-002
2.531701e+003;5.074311e-002
2.532184e+003;5.070533e-002
2.532666e+003;5.068898e-002
2.533148e+003;5.069819e-002
2.533630e+003;5.073175e-002
2.534112e+003;5.078255e-002
2.534594e+003;5.084085e-002
2.535076e+003;5.089520e-002
2.535559e+003;5.093718e-002
2.536041e+003;5.096201e-002
2.536523e+003;5.097045e-002
2.537005e+003;5.096755e-002
2.537487e+003;5.095998e-002
2.537969e+003;5.095435e-002
2.538451e+003;5.095425e-002
2.538934e+003;5.095996e-002
2.539416e+003;5.096752e-002
2.539898e+003;5.097279e-002
2.540380e+003;5.096986e-002
2.540862e+003;5.095661e-002
2.541344e+003;5.093383e-002
2.541826e+003;5.090565e-002
2.542308e+003;5.087914e-002
2.542791e+003;5.085994e-002
2.543273e+003;5.085230e-002
2.543755e+003;5.085673e-002
2.544237e+003;5.087007e-002
2.544719e+003;5.088624e-002
2.545201e+003;5.089977e-002
2.545683e+003;5.090694e-002
2.546166e+003;5.090704e-002
2.546648e+003;5.090272e-002
2.547130e+003;5.089946e-002
2.547612e+003;5.090193e-002
2.548094e+003;5.091324e-002
2.548576e+003;5.093464e-002
2.549058e+003;5.096302e-002
2.549541e+003;5.099522e-002
2.550023e+003;5.102715e-002
2.550505e+003;5.105539e-002
2.550987e+003;5.107779e-002
2.551469e+003;5.109284e-002
2.551951e+003;5.109709e-002
2.552433e+003;5.108744e-002
2.552916e+003;5.105962e-002
2.553398e+003;5.101177e-002
2.553880e+003;5.094433e-002
2.554362e+003;5.086372e-002
2.554844e+003;5.078063e-002
2.555326e+003;5.070814e-002
2.555808e+003;5.065850e-002
2.556291e+003;5.063978e-002
2.556772e+003;5.065261e-002
2.557255e+003;5.069116e-002
2.557737e+003;5.074339e-002
2.558219e+003;5.079643e-002
2.558701e+003;5.083946e-002
2.559183e+003;5.086679e-002
2.559665e+003;5.087869e-002
2.560147e+003;5.088036e-002
2.560630e+003;5.087956e-002
2.561112e+003;5.088230e-002
2.561594e+003;5.089143e-002
2.562076e+003;5.090644e-002
2.562558e+003;5.092339e-002
2.563040e+003;5.093714e-002
2.563522e+003;5.094379e-002
2.564005e+003;5.094244e-002
2.564487e+003;5.093396e-002
2.564969e+003;5.092272e-002
2.565451e+003;5.091361e-002
2.565933e+003;5.091071e-002
2.566415e+003;5.091707e-002
2.566897e+003;5.093278e-002
2.567380e+003;5.095660e-002
2.567862e+003;5.098585e-002
2.568344e+003;5.101689e-002
2.568826e+003;5.104678e-002
2.569308e+003;5.107312e-002
2.569790e+003;5.109465e-002
2.570272e+003;5.111021e-002
2.570755e+003;5.112131e-002
2.571237e+003;5.112831e-002
2.571719e+003;5.113487e-002
2.572201e+003;5.114275e-002
2.572683e+003;5.115448e-002
2.573165e+003;5.117148e-002
2.573647e+003;5.119321e-002
2.574129e+003;5.121735e-002
2.574612e+003;5.123998e-002
2.575094e+003;5.125655e-002
2.575576e+003;5.126489e-002
2.576058e+003;5.126412e-002
2.576540e+003;5.125692e-002
2.577022e+003;5.124944e-002
2.577504e+003;5.124785e-002
2.577987e+003;5.125805e-002
2.578469e+003;5.128204e-002
2.578951e+003;5.131722e-002
2.579433e+003;5.135778e-002
2.579915e+003;5.139485e-002
2.580397e+003;5.141913e-002
2.580879e+003;5.142551e-002
2.581362e+003;5.141219e-002
2.581844e+003;5.138401e-002
2.582326e+003;5.134819e-002
2.582808e+003;5.131522e-002
2.583290e+003;5.129407e-002
2.583772e+003;5.129109e-002
2.584254e+003;5.130865e-002
2.584737e+003;5.134395e-002
2.585219e+003;5.139002e-002
2.585701e+003;5.143808e-002
2.586183e+003;5.147817e-002
2.586665e+003;5.150275e-002
2.587147e+003;5.150715e-002
2.587629e+003;5.149116e-002
2.588112e+003;5.145991e-002
2.588594e+003;5.142137e-002
2.589076e+003;5.138515e-002
2.589558e+003;5.135996e-002
2.590040e+003;5.135120e-002
2.590522e+003;5.136004e-002
2.591004e+003;5.138370e-002
2.591486e+003;5.141574e-002
2.591969e+003;5.145093e-002
2.592451e+003;5.148432e-002
2.592933e+003;5.151476e-002
2.593415e+003;5.154432e-002
2.593897e+003;5.157585e-002
2.594379e+003;5.161279e-002
2.594861e+003;5.165676e-002
2.595344e+003;5.170543e-002
2.595826e+003;5.175557e-002
2.596308e+003;5.180084e-002
2.596790e+003;5.183605e-002
2.597272e+003;5.185730e-002
2.597754e+003;5.186278e-002
2.598236e+003;5.185284e-002
2.598719e+003;5.182956e-002
2.599201e+003;5.179634e-002
2.599683e+003;5.175680e-002
2.600165e+003;5.171418e-002
2.600647e+003;5.167181e-002
2.601129e+003;5.163321e-002
2.601611e+003;5.160128e-002
2.602094e+003;5.157889e-002
2.602576e+003;5.156905e-002
2.603058e+003;5.157328e-002
2.603540e+003;5.159203e-002
2.604022e+003;5.162480e-002
2.604504e+003;5.166886e-002
2.604986e+003;5.172117e-002
2.605469e+003;5.177728e-002
2.605950e+003;5.183377e-002
2.606433e+003;5.188793e-002
2.606915e+003;5.193967e-002
2.607397e+003;5.199026e-002
2.607879e+003;5.204149e-002
2.608361e+003;5.209400e-002
2.608843e+003;5.214780e-002
2.609325e+003;5.219953e-002
2.609808e+003;5.224422e-002
2.610290e+003;5.227778e-002
2.610772e+003;5.229758e-002
2.611254e+003;5.230516e-002
2.611736e+003;5.230575e-002
2.612218e+003;5.230635e-002
2.612700e+003;5.231364e-002
2.613183e+003;5.233182e-002
2.613665e+003;5.235952e-002
2.614147e+003;5.239168e-002
2.614629e+003;5.242057e-002
2.615111e+003;5.244113e-002
2.615593e+003;5.245043e-002
2.616075e+003;5.245112e-002
2.616558e+003;5.244880e-002
2.617040e+003;5.245065e-002
2.617522e+003;5.246040e-002
2.618004e+003;5.247833e-002
2.618486e+003;5.250063e-002
2.618968e+003;5.252101e-002
2.619450e+003;5.253496e-002
2.619933e+003;5.253972e-002
2.620415e+003;5.253821e-002
2.620897e+003;5.253532e-002
2.621379e+003;5.253588e-002
2.621861e+003;5.254437e-002
2.622343e+003;5.256021e-002
2.622825e+003;5.258116e-002
2.623307e+003;5.260276e-002
2.623790e+003;5.262080e-002
2.624272e+003;5.263484e-002
2.624754e+003;5.264615e-002
2.625236e+003;5.265819e-002
2.625718e+003;5.267552e-002
2.626200e+003;5.270022e-002
2.626682e+003;5.273323e-002
2.627165e+003;5.277354e-002
2.627647e+003;5.281861e-002
2.628129e+003;5.286634e-002
2.628611e+003;5.291444e-002
2.629093e+003;5.296165e-002
2.629575e+003;5.300622e-002
2.630057e+003;5.304652e-002
2.630540e+003;5.308072e-002
2.631022e+003;5.310807e-002
2.631504e+003;5.312867e-002
2.631986e+003;5.314362e-002
2.632468e+003;5.315627e-002
2.632950e+003;5.316958e-002
2.633432e+003;5.318718e-002
2.633915e+003;5.321108e-002
2.634397e+003;5.324222e-002
2.634879e+003;5.328050e-002
2.635361e+003;5.332529e-002
2.635843e+003;5.337539e-002
2.636325e+003;5.342827e-002
2.636807e+003;5.348189e-002
2.637290e+003;5.353287e-002
2.637771e+003;5.357765e-002
2.638254e+003;5.361235e-002
2.638736e+003;5.363580e-002
2.639218e+003;5.364789e-002
2.639700e+003;5.365228e-002
2.640182e+003;5.365402e-002
2.640664e+003;5.365868e-002
2.641146e+003;5.367132e-002
2.641629e+003;5.369350e-002
2.642111e+003;5.372532e-002
2.642593e+003;5.376393e-002
2.643075e+003;5.380577e-002
2.643557e+003;5.384763e-002
2.644039e+003;5.388756e-002
2.644521e+003;5.392586e-002
2.645004e+003;5.396269e-002
2.645486e+003;5.400000e-002
2.645968e+003;5.403815e-002
2.646450e+003;5.407658e-002
2.646932e+003;5.411474e-002
2.647414e+003;5.415154e-002
2.647896e+003;5.418577e-002
2.648379e+003;5.421642e-002
2.648861e+003;5.424332e-002
2.649343e+003;5.426645e-002
2.649825e+003;5.428607e-002
2.650307e+003;5.430285e-002
2.650789e+003;5.431743e-002
2.651271e+003;5.433072e-002
2.651754e+003;5.434382e-002
2.652236e+003;5.435693e-002
2.652718e+003;5.437105e-002
2.653200e+003;5.438572e-002
2.653682e+003;5.440151e-002
2.654164e+003;5.441886e-002
2.654646e+003;5.443833e-002
2.655128e+003;5.446187e-002
2.655611e+003;5.449094e-002
2.656093e+003;5.452528e-002
2.656575e+003;5.456481e-002
2.657057e+003;5.460703e-002
2.657539e+003;5.464767e-002
2.658021e+003;5.468325e-002
2.658503e+003;5.471035e-002
2.658986e+003;5.472693e-002
2.659468e+003;5.473343e-002
2.659950e+003;5.473087e-002
2.660432e+003;5.472241e-002
2.660914e+003;5.471107e-002
2.661396e+003;5.470027e-002
2.661878e+003;5.469260e-002
2.662361e+003;5.469058e-002
2.662843e+003;5.469623e-002
2.663325e+003;5.471076e-002
2.663807e+003;5.473445e-002
2.664289e+003;5.476592e-002
2.664771e+003;5.480296e-002
2.665253e+003;5.484213e-002
2.665736e+003;5.487993e-002
2.666218e+003;5.491385e-002
2.666700e+003;5.494222e-002
2.667182e+003;5.496503e-002
2.667664e+003;5.498368e-002
2.668146e+003;5.499918e-002
2.668628e+003;5.501208e-002
2.669111e+003;5.502304e-002
2.669593e+003;5.503178e-002
2.670075e+003;5.503773e-002
2.670557e+003;5.504237e-002
2.671039e+003;5.504655e-002
2.671521e+003;5.505315e-002
2.672003e+003;5.506439e-002
2.672485e+003;5.508148e-002
2.672968e+003;5.510515e-002
2.673450e+003;5.513432e-002
2.673932e+003;5.516721e-002
2.674414e+003;5.520133e-002
2.674896e+003;5.523619e-002
2.675378e+003;5.527105e-002
2.675860e+003;5.530695e-002
2.676343e+003;5.534445e-002
2.676825e+003;5.538493e-002
2.677307e+003;5.542803e-002
2.677789e+003;5.547310e-002
2.678271e+003;5.551864e-002
2.678753e+003;5.556289e-002
2.679235e+003;5.560437e-002
2.679718e+003;5.564185e-002
2.680200e+003;5.567506e-002
2.680682e+003;5.570454e-002
2.681164e+003;5.573078e-002
2.681646e+003;5.575515e-002
2.682128e+003;5.577907e-002
2.682610e+003;5.580309e-002
2.683093e+003;5.582739e-002
2.683575e+003;5.585178e-002
2.684057e+003;5.587516e-002
2.684539e+003;5.589620e-002
2.685021e+003;5.591492e-002
2.685503e+003;5.593066e-002
2.685985e+003;5.594518e-002
2.686468e+003;5.596139e-002
2.686949e+003;5.598105e-002
2.687432e+003;5.600848e-002
2.687914e+003;5.604468e-002
2.688396e+003;5.609128e-002
2.688878e+003;5.614761e-002
2.689360e+003;5.621209e-002
2.689842e+003;5.628194e-002
2.690324e+003;5.635404e-002
2.690807e+003;5.642524e-002
2.691289e+003;5.649356e-002
2.691771e+003;5.655722e-002
2.692253e+003;5.661586e-002
2.692735e+003;5.667039e-002
2.693217e+003;5.672240e-002
2.693699e+003;5.677396e-002
2.694182e+003;5.682630e-002
2.694664e+003;5.687977e-002
2.695146e+003;5.693308e-002
2.695628e+003;5.698415e-002
2.696110e+003;5.703091e-002
2.696592e+003;5.707151e-002
2.697074e+003;5.710563e-002
2.697557e+003;5.713575e-002
2.698039e+003;5.716491e-002
2.698521e+003;5.719682e-002
2.699003e+003;5.723351e-002
2.699485e+003;5.727529e-002
2.699967e+003;5.732066e-002
2.700449e+003;5.736670e-002
2.700932e+003;5.740974e-002
2.701414e+003;5.744828e-002
2.701896e+003;5.748204e-002
2.702378e+003;5.751279e-002
2.702860e+003;5.754346e-002
2.703342e+003;5.757678e-002
2.703824e+003;5.761453e-002
2.704306e+003;5.765670e-002
2.704789e+003;5.770077e-002
2.705271e+003;5.774504e-002
2.705753e+003;5.778623e-002
2.706235e+003;5.782252e-002
2.706717e+003;5.785336e-002
2.707199e+003;5.787987e-002
2.707681e+003;5.790450e-002
2.708164e+003;5.793037e-002
2.708646e+003;5.795982e-002
2.709128e+003;5.799484e-002
2.709610e+003;5.803629e-002
2.710092e+003;5.808350e-002
2.710574e+003;5.813346e-002
2.711056e+003;5.818259e-002
2.711539e+003;5.822843e-002
2.712021e+003;5.826881e-002
2.712503e+003;5.830334e-002
2.712985e+003;5.833355e-002
2.713467e+003;5.836224e-002
2.713949e+003;5.839254e-002
2.714431e+003;5.842617e-002
2.714914e+003;5.846320e-002
2.715396e+003;5.850309e-002
2.715878e+003;5.854307e-002
2.716360e+003;5.858193e-002
2.716842e+003;5.861986e-002
2.717324e+003;5.865940e-002
2.717806e+003;5.870445e-002
2.718289e+003;5.875927e-002
2.718771e+003;5.882612e-002
2.719253e+003;5.890569e-002
2.719735e+003;5.899456e-002
2.720217e+003;5.908849e-002
2.720699e+003;5.918115e-002
2.721181e+003;5.926842e-002
2.721663e+003;5.934785e-002
2.722146e+003;5.941944e-002
2.722628e+003;5.948480e-002
2.723110e+003;5.954553e-002
2.723592e+003;5.960267e-002
2.724074e+003;5.965632e-002
2.724556e+003;5.970429e-002
2.725038e+003;5.974570e-002
2.725521e+003;5.978002e-002
2.726003e+003;5.980961e-002
2.726485e+003;5.983834e-002
2.726967e+003;5.987182e-002
2.727449e+003;5.991511e-002
2.727931e+003;5.997104e-002
2.728413e+003;6.003918e-002
2.728896e+003;6.011667e-002
2.729378e+003;6.019712e-002
2.729860e+003;6.027427e-002
2.730342e+003;6.034184e-002
2.730824e+003;6.039620e-002
2.731306e+003;6.043676e-002
2.731788e+003;6.046544e-002
2.732271e+003;6.048535e-002
2.732753e+003;6.050202e-002
2.733235e+003;6.052013e-002
2.733717e+003;6.054424e-002
2.734199e+003;6.057799e-002
2.734681e+003;6.062347e-002
2.735163e+003;6.068281e-002
2.735646e+003;6.075532e-002
2.736127e+003;6.084017e-002
2.736610e+003;6.093393e-002
2.737092e+003;6.103278e-002
2.737574e+003;6.113272e-002
2.738056e+003;6.123030e-002
2.738538e+003;6.132296e-002
2.739020e+003;6.140964e-002
2.739502e+003;6.149012e-002
2.739985e+003;6.156538e-002
2.740467e+003;6.163521e-002
2.740949e+003;6.169991e-002
2.741431e+003;6.175841e-002
2.741913e+003;6.180936e-002
2.742395e+003;6.185334e-002
2.742877e+003;6.189083e-002
2.743360e+003;6.192469e-002
2.743842e+003;6.195769e-002
2.744324e+003;6.199358e-002
2.744806e+003;6.203504e-002
2.745288e+003;6.208302e-002
2.745770e+003;6.213819e-002
2.746252e+003;6.219982e-002
2.746735e+003;6.226664e-002
2.747217e+003;6.233722e-002
2.747699e+003;6.241032e-002
2.748181e+003;6.248565e-002
2.748663e+003;6.256130e-002
2.749145e+003;6.263650e-002
2.749627e+003;6.271124e-002
2.750110e+003;6.278533e-002
2.750592e+003;6.285984e-002
2.751074e+003;6.293657e-002
2.751556e+003;6.301709e-002
2.752038e+003;6.310090e-002
2.752520e+003;6.318685e-002
2.753002e+003;6.327178e-002
2.753484e+003;6.335135e-002
2.753967e+003;6.342383e-002
2.754449e+003;6.348835e-002
2.754931e+003;6.354789e-002
2.755413e+003;6.360695e-002
2.755895e+003;6.367153e-002
2.756377e+003;6.374566e-002
2.756859e+003;6.383041e-002
2.757342e+003;6.392349e-002
2.757824e+003;6.401998e-002
2.758306e+003;6.411505e-002
2.758788e+003;6.420369e-002
2.759270e+003;6.428438e-002
2.759752e+003;6.435784e-002
2.760234e+003;6.442670e-002
2.760717e+003;6.449248e-002
2.761199e+003;6.455684e-002
2.761681e+003;6.461941e-002
2.762163e+003;6.467868e-002
2.762645e+003;6.473345e-002
2.763127e+003;6.478436e-002
2.763609e+003;6.483433e-002
2.764092e+003;6.488711e-002
2.764574e+003;6.494784e-002
2.765056e+003;6.502096e-002
2.765538e+003;6.510843e-002
2.766020e+003;6.521045e-002
2.766502e+003;6.532430e-002
2.766984e+003;6.544596e-002
2.767467e+003;6.556979e-002
2.767948e+003;6.568959e-002
2.768431e+003;6.579985e-002
2.768913e+003;6.589727e-002
2.769395e+003;6.597970e-002
2.769877e+003;6.604897e-002
2.770359e+003;6.610925e-002
2.770841e+003;6.616731e-002
2.771323e+003;6.623141e-002
2.771806e+003;6.630805e-002
2.772288e+003;6.640073e-002
2.772770e+003;6.650869e-002
2.773252e+003;6.662707e-002
2.773734e+003;6.674831e-002
2.774216e+003;6.686407e-002
2.774698e+003;6.696793e-002
2.775181e+003;6.705666e-002
2.775663e+003;6.713112e-002
2.776145e+003;6.719568e-002
2.776627e+003;6.725648e-002
2.777109e+003;6.731905e-002
2.777591e+003;6.738845e-002
2.778073e+003;6.746643e-002
2.778556e+003;6.755340e-002
2.779038e+003;6.764711e-002
2.779520e+003;6.774505e-002
2.780002e+003;6.784392e-002
2.780484e+003;6.794145e-002
2.780966e+003;6.803716e-002
2.781448e+003;6.813134e-002
2.781930e+003;6.822567e-002
2.782413e+003;6.832276e-002
2.782895e+003;6.842338e-002
2.783377e+003;6.852795e-002
2.783859e+003;6.863432e-002
2.784341e+003;6.873908e-002
2.784823e+003;6.883772e-002
2.785305e+003;6.892730e-002
2.785788e+003;6.900734e-002
2.786270e+003;6.908077e-002
2.786752e+003;6.915255e-002
2.787234e+003;6.922954e-002
2.787716e+003;6.931694e-002
2.788198e+003;6.941824e-002
2.788680e+003;6.953240e-002
2.789163e+003;6.965562e-002
2.789645e+003;6.978133e-002
2.790127e+003;6.990299e-002
2.790609e+003;7.001625e-002
2.791091e+003;7.011839e-002
2.791573e+003;7.021009e-002
2.792055e+003;7.029446e-002
2.792538e+003;7.037582e-002
2.793020e+003;7.045899e-002
2.793502e+003;7.054845e-002
2.793984e+003;7.064717e-002
2.794466e+003;7.075632e-002
2.794948e+003;7.087574e-002
2.795430e+003;7.100208e-002
2.795913e+003;7.113101e-002
2.796395e+003;7.125577e-002
2.796877e+003;7.137173e-002
2.797359e+003;7.147536e-002
2.797841e+003;7.156566e-002
2.798323e+003;7.164624e-002
2.798805e+003;7.172272e-002
2.799287e+003;7.180238e-002
2.799770e+003;7.189101e-002
2.800252e+003;7.199150e-002
2.800734e+003;7.210384e-002
2.801216e+003;7.222448e-002
2.801698e+003;7.234912e-002
2.802180e+003;7.247312e-002
2.802662e+003;7.259372e-002
2.803145e+003;7.271022e-002
2.803627e+003;7.282361e-002
2.804109e+003;7.293616e-002
2.804591e+003;7.305004e-002
2.805073e+003;7.316543e-002
2.805555e+003;7.328313e-002
2.806037e+003;7.340217e-002
2.806520e+003;7.352324e-002
2.807002e+003;7.364592e-002
2.807484e+003;7.377211e-002
2.807966e+003;7.390311e-002
2.808448e+003;7.403998e-002
2.808930e+003;7.418295e-002
2.809412e+003;7.433210e-002
2.809895e+003;7.448547e-002
2.810377e+003;7.464208e-002
2.810859e+003;7.480064e-002
2.811341e+003;7.496094e-002
2.811823e+003;7.512270e-002
2.812305e+003;7.528612e-002
2.812787e+003;7.545060e-002
2.813270e+003;7.561515e-002
2.813751e+003;7.577810e-002
2.814234e+003;7.593741e-002
2.814716e+003;7.609194e-002
2.815198e+003;7.624079e-002
2.815680e+003;7.638513e-002
2.816162e+003;7.652615e-002
2.816644e+003;7.666573e-002
2.817126e+003;7.680616e-002
2.817609e+003;7.694755e-002
2.818091e+003;7.708950e-002
2.818573e+003;7.723110e-002
2.819055e+003;7.737196e-002
2.819537e+003;7.751159e-002
2.820019e+003;7.765137e-002
2.820501e+003;7.779349e-002
2.820984e+003;7.794017e-002
2.821466e+003;7.809258e-002
2.821948e+003;7.825013e-002
2.822430e+003;7.841074e-002
2.822912e+003;7.857091e-002
2.823394e+003;7.872827e-002
2.823876e+003;7.888181e-002
2.824359e+003;7.903280e-002
2.824841e+003;7.918557e-002
2.825323e+003;7.934488e-002
2.825805e+003;7.951485e-002
2.826287e+003;7.969638e-002
2.826769e+003;7.988749e-002
2.827251e+003;8.008230e-002
2.827734e+003;8.027377e-002
2.828216e+003;8.045614e-002
2.828698e+003;8.062678e-002
2.829180e+003;8.078718e-002
2.829662e+003;8.094264e-002
2.830144e+003;8.110046e-002
2.830626e+003;8.126728e-002
2.831108e+003;8.144660e-002
2.831591e+003;8.163861e-002
2.832073e+003;8.183864e-002
2.832555e+003;8.204037e-002
2.833037e+003;8.223738e-002
2.833519e+003;8.242574e-002
2.834001e+003;8.260395e-002
2.834483e+003;8.277378e-002
2.834966e+003;8.293928e-002
2.835448e+003;8.310383e-002
2.835930e+003;8.327007e-002
2.836412e+003;8.343890e-002
2.836894e+003;8.360899e-002
2.837376e+003;8.377946e-002
2.837858e+003;8.394940e-002
2.838341e+003;8.411942e-002
2.838823e+003;8.429305e-002
2.839305e+003;8.447359e-002
2.839787e+003;8.466449e-002
2.840269e+003;8.486806e-002
2.840751e+003;8.508445e-002
2.841233e+003;8.531082e-002
2.841716e+003;8.554326e-002
2.842198e+003;8.577732e-002
2.842680e+003;8.601037e-002
2.843162e+003;8.624163e-002
2.843644e+003;8.647230e-002
2.844126e+003;8.670501e-002
2.844608e+003;8.694285e-002
2.845091e+003;8.718742e-002
2.845573e+003;8.743796e-002
2.846055e+003;8.769317e-002
2.846537e+003;8.795005e-002
2.847019e+003;8.820573e-002
2.847501e+003;8.845871e-002
2.847983e+003;8.870897e-002
2.848465e+003;8.895692e-002
2.848948e+003;8.920246e-002
2.849430e+003;8.944518e-002
2.849912e+003;8.968325e-002
2.850394e+003;8.991370e-002
2.850876e+003;9.013402e-002
2.851358e+003;9.034345e-002
2.851840e+003;9.054191e-002
2.852323e+003;9.073302e-002
2.852805e+003;9.091965e-002
2.853287e+003;9.110504e-002
2.853769e+003;9.128968e-002
2.854251e+003;9.147341e-002
2.854733e+003;9.165312e-002
2.855215e+003;9.182670e-002
2.855698e+003;9.199221e-002
2.856180e+003;9.215053e-002
2.856662e+003;9.230363e-002
2.857144e+003;9.245599e-002
2.857626e+003;9.261052e-002
2.858108e+003;9.276982e-002
2.858590e+003;9.293552e-002
2.859073e+003;9.310658e-002
2.859555e+003;9.328213e-002
2.860037e+003;9.346071e-002
2.860519e+003;9.364324e-002
2.861001e+003;9.383057e-002
2.861483e+003;9.402512e-002
2.861965e+003;9.422907e-002
2.862448e+003;9.444285e-002
2.862929e+003;9.466612e-002
2.863412e+003;9.489698e-002
2.863894e+003;9.513234e-002
2.864376e+003;9.536867e-002
2.864858e+003;9.560315e-002
2.865340e+003;9.583382e-002
2.865822e+003;9.606002e-002
2.866304e+003;9.628220e-002
2.866787e+003;9.650202e-002
2.867269e+003;9.672216e-002
2.867751e+003;9.694424e-002
2.868233e+003;9.717073e-002
2.868715e+003;9.740330e-002
2.869197e+003;9.764213e-002
2.869679e+003;9.788655e-002
2.870162e+003;9.813459e-002
2.870644e+003;9.838355e-002
2.871126e+003;9.863050e-002
2.871608e+003;9.887210e-002
2.872090e+003;9.910659e-002
2.872572e+003;9.933439e-002
2.873054e+003;9.955735e-002
2.873537e+003;9.977950e-002
2.874019e+003;1.000048e-001
2.874501e+003;1.002376e-001
2.874983e+003;1.004813e-001
2.875465e+003;1.007366e-001
2.875947e+003;1.010034e-001
2.876429e+003;1.012796e-001
2.876912e+003;1.015621e-001
2.877394e+003;1.018473e-001
2.877876e+003;1.021330e-001
2.878358e+003;1.024165e-001
2.878840e+003;1.026972e-001
2.879322e+003;1.029751e-001
2.879804e+003;1.032492e-001
2.880286e+003;1.035212e-001
2.880769e+003;1.037910e-001
2.881251e+003;1.040594e-001
2.881733e+003;1.043263e-001
2.882215e+003;1.045915e-001
2.882697e+003;1.048547e-001
2.883179e+003;1.051152e-001
2.883661e+003;1.053721e-001
2.884144e+003;1.056258e-001
2.884626e+003;1.058768e-001
2.885108e+003;1.061268e-001
2.885590e+003;1.063780e-001
2.886072e+003;1.066319e-001
2.886554e+003;1.068908e-001
2.887036e+003;1.071545e-001
2.887519e+003;1.074232e-001
2.888001e+003;1.076961e-001
2.888483e+003;1.079714e-001
2.888965e+003;1.082496e-001
2.889447e+003;1.085301e-001
2.889929e+003;1.088126e-001
2.890411e+003;1.090964e-001
2.890894e+003;1.093786e-001
2.891376e+003;1.096546e-001
2.891858e+003;1.099195e-001
2.892340e+003;1.101683e-001
2.892822e+003;1.103989e-001
2.893304e+003;1.106128e-001
2.893786e+003;1.108150e-001
2.894269e+003;1.110135e-001
2.894750e+003;1.112179e-001
2.895233e+003;1.114361e-001
2.895715e+003;1.116744e-001
2.896197e+003;1.119348e-001
2.896679e+003;1.122182e-001
2.897161e+003;1.125249e-001
2.897643e+003;1.128553e-001
2.898125e+003;1.132114e-001
2.898608e+003;1.135951e-001
2.899090e+003;1.140082e-001
2.899572e+003;1.144477e-001
2.900054e+003;1.149087e-001
2.900536e+003;1.153801e-001
2.901018e+003;1.158498e-001
2.901500e+003;1.163051e-001
2.901983e+003;1.167366e-001
2.902465e+003;1.171394e-001
2.902947e+003;1.175145e-001
2.903429e+003;1.178678e-001
2.903911e+003;1.182066e-001
2.904393e+003;1.185415e-001
2.904875e+003;1.188798e-001
2.905358e+003;1.192260e-001
2.905840e+003;1.195807e-001
2.906322e+003;1.199410e-001
2.906804e+003;1.203002e-001
2.907286e+003;1.206518e-001
2.907768e+003;1.209896e-001
2.908250e+003;1.213122e-001
2.908733e+003;1.216209e-001
2.909215e+003;1.219219e-001
2.909697e+003;1.222247e-001
2.910179e+003;1.225391e-001
2.910661e+003;1.228737e-001
2.911143e+003;1.232322e-001
2.911625e+003;1.236141e-001
2.912107e+003;1.240144e-001
2.912590e+003;1.244264e-001
2.913072e+003;1.248423e-001
2.913554e+003;1.252550e-001
2.914036e+003;1.256625e-001
2.914518e+003;1.260639e-001
2.915000e+003;1.264617e-001
2.915482e+003;1.268601e-001
2.915965e+003;1.272644e-001
2.916447e+003;1.276784e-001
2.916929e+003;1.281055e-001
2.917411e+003;1.285459e-001
2.917893e+003;1.289985e-001
2.918375e+003;1.294588e-001
2.918857e+003;1.299208e-001
2.919340e+003;1.303759e-001
2.919822e+003;1.308176e-001
2.920304e+003;1.312408e-001
2.920786e+003;1.316431e-001
2.921268e+003;1.320262e-001
2.921750e+003;1.323947e-001
2.922232e+003;1.327555e-001
2.922715e+003;1.331146e-001
2.923197e+003;1.334779e-001
2.923679e+003;1.338502e-001
2.924161e+003;1.342349e-001
2.924643e+003;1.346337e-001
2.925125e+003;1.350480e-001
2.925607e+003;1.354781e-001
2.926090e+003;1.359233e-001
2.926572e+003;1.363786e-001
2.927054e+003;1.368392e-001
2.927536e+003;1.372981e-001
2.928018e+003;1.377480e-001
2.928500e+003;1.381840e-001
2.928982e+003;1.386042e-001
2.929464e+003;1.390111e-001
2.929947e+003;1.394089e-001
2.930429e+003;1.398044e-001
2.930911e+003;1.402046e-001
2.931393e+003;1.406149e-001
2.931875e+003;1.410388e-001
2.932357e+003;1.414787e-001
2.932839e+003;1.419351e-001
2.933322e+003;1.424072e-001
2.933804e+003;1.428939e-001
2.934286e+003;1.433909e-001
2.934768e+003;1.438942e-001
2.935250e+003;1.443971e-001
2.935732e+003;1.448932e-001
2.936214e+003;1.453776e-001
2.936697e+003;1.458484e-001
2.937179e+003;1.463067e-001
2.937661e+003;1.467570e-001
2.938143e+003;1.472055e-001
2.938625e+003;1.476572e-001
2.939107e+003;1.481148e-001
2.939589e+003;1.485774e-001
2.940072e+003;1.490407e-001
2.940554e+003;1.494987e-001
2.941036e+003;1.499447e-001
2.941518e+003;1.503743e-001
2.942000e+003;1.507856e-001
2.942482e+003;1.511803e-001
2.942964e+003;1.515616e-001
2.943447e+003;1.519354e-001
2.943928e+003;1.523093e-001
2.944411e+003;1.526906e-001
2.944893e+003;1.530874e-001
2.945375e+003;1.535075e-001
2.945857e+003;1.539575e-001
2.946339e+003;1.544408e-001
2.946821e+003;1.549557e-001
2.947303e+003;1.554962e-001
2.947786e+003;1.560502e-001
2.948268e+003;1.566030e-001
2.948750e+003;1.571399e-001
2.949232e+003;1.576499e-001
2.949714e+003;1.581280e-001
2.950196e+003;1.585776e-001
2.950678e+003;1.590076e-001
2.951161e+003;1.594318e-001
2.951643e+003;1.598623e-001
2.952125e+003;1.603089e-001
2.952607e+003;1.607752e-001
2.953089e+003;1.612605e-001
2.953571e+003;1.617579e-001
2.954053e+003;1.622613e-001
2.954536e+003;1.627639e-001
2.955018e+003;1.632618e-001
2.955500e+003;1.637537e-001
2.955982e+003;1.642398e-001
2.956464e+003;1.647215e-001
2.956946e+003;1.652003e-001
2.957428e+003;1.656772e-001
2.957911e+003;1.661542e-001
2.958393e+003;1.666347e-001
2.958875e+003;1.671243e-001
2.959357e+003;1.676294e-001
2.959839e+003;1.681564e-001
2.960321e+003;1.687098e-001
2.960803e+003;1.692902e-001
2.961285e+003;1.698942e-001
2.961768e+003;1.705150e-001
2.962250e+003;1.711434e-001
2.962732e+003;1.717706e-001
2.963214e+003;1.723897e-001
2.963696e+003;1.729969e-001
2.964178e+003;1.735905e-001
2.964660e+003;1.741723e-001
2.965143e+003;1.747439e-001
2.965625e+003;1.753097e-001
2.966107e+003;1.758722e-001
2.966589e+003;1.764355e-001
2.967071e+003;1.770035e-001
2.967553e+003;1.775790e-001
2.968035e+003;1.781648e-001
2.968518e+003;1.787623e-001
2.969000e+003;1.793724e-001
2.969482e+003;1.799939e-001
2.969964e+003;1.806264e-001
2.970446e+003;1.812697e-001
2.970928e+003;1.819235e-001
2.971410e+003;1.825873e-001
2.971893e+003;1.832600e-001
2.972375e+003;1.839388e-001
2.972857e+003;1.846192e-001
2.973339e+003;1.852972e-001
2.973821e+003;1.859680e-001
2.974303e+003;1.866294e-001
2.974785e+003;1.872814e-001
2.975268e+003;1.879272e-001
2.975750e+003;1.885715e-001
2.976232e+003;1.892191e-001
2.976714e+003;1.898728e-001
2.977196e+003;1.905349e-001
2.977678e+003;1.912052e-001
2.978160e+003;1.918840e-001
2.978642e+003;1.925701e-001
2.979125e+003;1.932650e-001
2.979607e+003;1.939691e-001
2.980089e+003;1.946830e-001
2.980571e+003;1.954059e-001
2.981053e+003;1.961336e-001
2.981535e+003;1.968618e-001
2.982017e+003;1.975853e-001
2.982500e+003;1.983008e-001
2.982982e+003;1.990083e-001
2.983464e+003;1.997093e-001
2.983946e+003;2.004088e-001
2.984428e+003;2.011116e-001
2.984910e+003;2.018210e-001
2.985392e+003;2.025379e-001
2.985875e+003;2.032620e-001
2.986357e+003;2.039919e-001
2.986839e+003;2.047260e-001
2.987321e+003;2.054667e-001
2.987803e+003;2.062162e-001
2.988285e+003;2.069785e-001
2.988767e+003;2.077561e-001
2.989250e+003;2.085497e-001
2.989732e+003;2.093565e-001
2.990214e+003;2.101704e-001
2.990696e+003;2.109865e-001
2.991178e+003;2.117995e-001
2.991660e+003;2.126073e-001
2.992142e+003;2.134116e-001
2.992625e+003;2.142165e-001
2.993106e+003;2.150254e-001
2.993589e+003;2.158418e-001
2.994071e+003;2.166659e-001
2.994553e+003;2.174960e-001
2.995035e+003;2.183288e-001
2.995517e+003;2.191600e-001
2.995999e+003;2.199874e-001
2.996481e+003;2.208104e-001
2.996964e+003;2.216309e-001
2.997446e+003;2.224521e-001
2.997928e+003;2.232775e-001
2.998410e+003;2.241109e-001
2.998892e+003;2.249532e-001
2.999374e+003;2.258056e-001
2.999856e+003;2.266682e-001
3.000339e+003;2.275404e-001
3.000821e+003;2.284225e-001
3.001303e+003;2.293147e-001
3.001785e+003;2.302167e-001
3.002267e+003;2.311294e-001
3.002749e+003;2.320513e-001
3.003231e+003;2.329814e-001
3.003714e+003;2.339189e-001
3.004196e+003;2.348620e-001
3.004678e+003;2.358100e-001
3.005160e+003;2.367643e-001
3.005642e+003;2.377242e-001
3.006124e+003;2.386914e-001
3.006606e+003;2.396647e-001
3.007089e+003;2.406435e-001
3.007571e+003;2.416249e-001
3.008053e+003;2.426055e-001
3.008535e+003;2.435814e-001
3.009017e+003;2.445483e-001
3.009499e+003;2.455027e-001
3.009981e+003;2.464437e-001
3.010463e+003;2.473720e-001
3.010946e+003;2.482906e-001
3.011428e+003;2.492041e-001
3.011910e+003;2.501196e-001
3.012392e+003;2.510436e-001
3.012874e+003;2.519837e-001
3.013356e+003;2.529452e-001
3.013838e+003;2.539310e-001
3.014321e+003;2.549426e-001
3.014803e+003;2.559789e-001
3.015285e+003;2.570364e-001
3.015767e+003;2.581108e-001
3.016249e+003;2.591962e-001
3.016731e+003;2.602868e-001
3.017213e+003;2.613779e-001
3.017696e+003;2.624653e-001
3.018178e+003;2.635463e-001
3.018660e+003;2.646216e-001
3.019142e+003;2.656944e-001
3.019624e+003;2.667689e-001
3.020106e+003;2.678505e-001
3.020588e+003;2.689430e-001
3.021071e+003;2.700478e-001
3.021553e+003;2.711639e-001
3.022035e+003;2.722876e-001
3.022517e+003;2.734153e-001
3.022999e+003;2.745436e-001
3.023481e+003;2.756714e-001
3.023963e+003;2.768004e-001
3.024446e+003;2.779343e-001
3.024927e+003;2.790765e-001
3.025410e+003;2.802278e-001
3.025892e+003;2.813877e-001
3.026374e+003;2.825530e-001
3.026856e+003;2.837197e-001
3.027338e+003;2.848852e-001
3.027820e+003;2.860492e-001
3.028302e+003;2.872140e-001
3.028785e+003;2.883846e-001
3.029267e+003;2.895659e-001
3.029749e+003;2.907613e-001
3.030231e+003;2.919719e-001
3.030713e+003;2.931961e-001
3.031195e+003;2.944314e-001
3.031677e+003;2.956761e-001
3.032160e+003;2.969264e-001
3.032642e+003;2.981823e-001
3.033124e+003;2.994416e-001
3.033606e+003;3.007023e-001
3.034088e+003;3.019620e-001
3.034570e+003;3.032169e-001
3.035052e+003;3.044646e-001
3.035535e+003;3.057049e-001
3.036017e+003;3.069395e-001
3.036499e+003;3.081724e-001
3.036981e+003;3.094093e-001
3.037463e+003;3.106547e-001
3.037945e+003;3.119129e-001
3.038427e+003;3.131846e-001
3.038910e+003;3.144703e-001
3.039392e+003;3.157692e-001
3.039874e+003;3.170801e-001
3.040356e+003;3.184028e-001
3.040838e+003;3.197366e-001
3.041320e+003;3.210804e-001
3.041802e+003;3.224323e-001
3.042284e+003;3.237892e-001
3.042767e+003;3.251478e-001
3.043249e+003;3.265060e-001
3.043731e+003;3.278634e-001
3.044213e+003;3.292198e-001
3.044695e+003;3.305785e-001
3.045177e+003;3.319409e-001
3.045659e+003;3.333088e-001
3.046142e+003;3.346830e-001
3.046624e+003;3.360619e-001
3.047106e+003;3.374456e-001
3.047588e+003;3.388341e-001
3.048070e+003;3.402288e-001
3.048552e+003;3.416322e-001
3.049034e+003;3.430466e-001
3.049517e+003;3.444749e-001
3.049999e+003;3.459179e-001
3.050481e+003;3.473753e-001
3.050963e+003;3.488457e-001
3.051445e+003;3.503273e-001
3.051927e+003;3.518173e-001
3.052409e+003;3.533140e-001
3.052892e+003;3.548148e-001
3.053374e+003;3.563187e-001
3.053856e+003;3.578245e-001
3.054338e+003;3.593322e-001
3.054820e+003;3.608422e-001
3.055302e+003;3.623551e-001
3.055784e+003;3.638720e-001
3.056267e+003;3.653927e-001
3.056749e+003;3.669169e-001
3.057231e+003;3.684426e-001
3.057713e+003;3.699676e-001
3.058195e+003;3.714920e-001
3.058677e+003;3.730161e-001
3.059159e+003;3.745427e-001
3.059641e+003;3.760754e-001
3.060124e+003;3.776181e-001
3.060606e+003;3.791736e-001
3.061088e+003;3.807428e-001
3.061570e+003;3.823257e-001
3.062052e+003;3.839202e-001
3.062534e+003;3.855259e-001
3.063016e+003;3.871414e-001
3.063499e+003;3.887668e-001
3.063981e+003;3.904020e-001
3.064463e+003;3.920452e-001
3.064945e+003;3.936948e-001
3.065427e+003;3.953482e-001
3.065909e+003;3.970029e-001
3.066391e+003;3.986582e-001
3.066874e+003;4.003154e-001
3.067356e+003;4.019766e-001
3.067838e+003;4.036450e-001
3.068320e+003;4.053214e-001
3.068802e+003;4.070073e-001
3.069284e+003;4.086994e-001
3.069766e+003;4.103951e-001
3.070249e+003;4.120910e-001
3.070731e+003;4.137853e-001
3.071213e+003;4.154792e-001
3.071695e+003;4.171753e-001
3.072177e+003;4.188781e-001
3.072659e+003;4.205925e-001
3.073141e+003;4.223224e-001
3.073624e+003;4.240697e-001
3.074105e+003;4.258337e-001
3.074588e+003;4.276128e-001
3.075070e+003;4.294011e-001
3.075552e+003;4.311933e-001
3.076034e+003;4.329828e-001
3.076516e+003;4.347658e-001
3.076998e+003;4.365398e-001
3.077480e+003;4.383086e-001
3.077963e+003;4.400773e-001
3.078445e+003;4.418534e-001
3.078927e+003;4.436421e-001
3.079409e+003;4.454468e-001
3.079891e+003;4.472641e-001
3.080373e+003;4.490897e-001
3.080855e+003;4.509171e-001
3.081338e+003;4.527442e-001
3.081820e+003;4.545735e-001
3.082302e+003;4.564133e-001
3.082784e+003;4.582737e-001
3.083266e+003;4.601644e-001
3.083748e+003;4.620882e-001
3.084230e+003;4.640401e-001
3.084713e+003;4.660077e-001
3.085195e+003;4.679759e-001
3.085677e+003;4.699311e-001
3.086159e+003;4.718652e-001
3.086641e+003;4.737782e-001
3.087123e+003;4.756768e-001
3.087605e+003;4.775714e-001
3.088088e+003;4.794714e-001
3.088570e+003;4.813823e-001
3.089052e+003;4.833066e-001
3.089534e+003;4.852429e-001
3.090016e+003;4.871894e-001
3.090498e+003;4.891446e-001
3.090980e+003;4.911101e-001
3.091462e+003;4.930865e-001
3.091945e+003;4.950768e-001
3.092427e+003;4.970807e-001
3.092909e+003;4.990973e-001
3.093391e+003;5.011237e-001
3.093873e+003;5.031570e-001
3.094355e+003;5.051948e-001
3.094837e+003;5.072367e-001
3.095320e+003;5.092804e-001
3.095802e+003;5.113267e-001
3.096284e+003;5.133746e-001
3.096766e+003;5.154234e-001
3.097248e+003;5.174730e-001
3.097730e+003;5.195243e-001
3.098212e+003;5.215780e-001
3.098695e+003;5.236356e-001
3.099177e+003;5.256984e-001
3.099659e+003;5.277665e-001
3.100141e+003;5.298390e-001
3.100623e+003;5.319164e-001
3.101105e+003;5.339985e-001
3.101587e+003;5.360865e-001
3.102070e+003;5.381826e-001
3.102552e+003;5.402889e-001
3.103034e+003;5.424051e-001
3.103516e+003;5.445312e-001
3.103998e+003;5.466648e-001
3.104480e+003;5.488040e-001
3.104962e+003;5.509489e-001
3.105445e+003;5.531003e-001
3.105927e+003;5.552610e-001
3.106409e+003;5.574337e-001
3.106891e+003;5.596194e-001
3.107373e+003;5.618155e-001
3.107855e+003;5.640185e-001
3.108337e+003;5.662238e-001
3.108819e+003;5.684274e-001
3.109302e+003;5.706279e-001
3.109784e+003;5.728264e-001
3.110266e+003;5.750249e-001
3.110748e+003;5.772249e-001
3.111230e+003;5.794263e-001
3.111712e+003;5.816262e-001
3.112194e+003;5.838218e-001
3.112677e+003;5.860121e-001
3.113159e+003;5.881978e-001
3.113641e+003;5.903840e-001
3.114123e+003;5.925766e-001
3.114605e+003;5.947809e-001
3.115087e+003;5.969994e-001
3.115569e+003;5.992318e-001
3.116052e+003;6.014756e-001
3.116534e+003;6.037260e-001
3.117016e+003;6.059801e-001
3.117498e+003;6.082370e-001
3.117980e+003;6.104997e-001
3.118462e+003;6.127705e-001
3.118944e+003;6.150541e-001
3.119427e+003;6.173534e-001
3.119909e+003;6.196733e-001
3.120391e+003;6.220158e-001
3.120873e+003;6.243840e-001
3.121355e+003;6.267773e-001
3.121837e+003;6.291932e-001
3.122319e+003;6.316236e-001
3.122802e+003;6.340560e-001
3.123283e+003;6.364759e-001
3.123766e+003;6.388686e-001
3.124248e+003;6.412246e-001
3.124730e+003;6.435398e-001
3.125212e+003;6.458181e-001
3.125694e+003;6.480685e-001
3.126176e+003;6.503015e-001
3.126658e+003;6.525301e-001
3.127141e+003;6.547651e-001
3.127623e+003;6.570169e-001
3.128105e+003;6.592930e-001
3.128587e+003;6.616014e-001
3.129069e+003;6.639448e-001
3.129551e+003;6.663241e-001
3.130033e+003;6.687319e-001
3.130516e+003;6.711558e-001
3.130998e+003;6.735802e-001
3.131480e+003;6.759907e-001
3.131962e+003;6.783781e-001
3.132444e+003;6.807407e-001
3.132926e+003;6.830859e-001
3.133408e+003;6.854255e-001
3.133891e+003;6.877718e-001
3.134373e+003;6.901344e-001
3.134855e+003;6.925172e-001
3.135337e+003;6.949193e-001
3.135819e+003;6.973385e-001
3.136301e+003;6.997730e-001
3.136783e+003;7.022227e-001
3.137266e+003;7.046895e-001
3.137748e+003;7.071737e-001
3.138230e+003;7.096721e-001
3.138712e+003;7.121753e-001
3.139194e+003;7.146709e-001
3.139676e+003;7.171446e-001
3.140158e+003;7.195846e-001
3.140640e+003;7.219853e-001
3.141123e+003;7.243468e-001
3.141605e+003;7.266766e-001
3.142087e+003;7.289864e-001
3.142569e+003;7.312892e-001
3.143051e+003;7.335991e-001
3.143533e+003;7.359287e-001
3.144015e+003;7.382876e-001
3.144498e+003;7.406806e-001
3.144980e+003;7.431078e-001
3.145462e+003;7.455610e-001
3.145944e+003;7.480261e-001
3.146426e+003;7.504863e-001
3.146908e+003;7.529263e-001
3.147390e+003;7.553352e-001
3.147873e+003;7.577131e-001
3.148355e+003;7.600668e-001
3.148837e+003;7.624114e-001
3.149319e+003;7.647607e-001
3.149801e+003;7.671256e-001
3.150283e+003;7.695091e-001
3.150765e+003;7.719077e-001
3.151248e+003;7.743149e-001
3.151730e+003;7.767238e-001
3.152212e+003;7.791317e-001
3.152694e+003;7.815407e-001
3.153176e+003;7.839532e-001
3.153658e+003;7.863722e-001
3.154140e+003;7.887972e-001
3.154623e+003;7.912238e-001
3.155104e+003;7.936437e-001
3.155587e+003;7.960498e-001
3.156069e+003;7.984373e-001
3.156551e+003;8.008060e-001
3.157033e+003;8.031591e-001
3.157515e+003;8.055025e-001
3.157997e+003;8.078433e-001
3.158479e+003;8.101865e-001
3.158962e+003;8.125361e-001
3.159444e+003;8.148935e-001
3.159926e+003;8.172584e-001
3.160408e+003;8.196307e-001
3.160890e+003;8.220091e-001
3.161372e+003;8.243918e-001
3.161854e+003;8.267763e-001
3.162337e+003;8.291627e-001
3.162819e+003;8.315480e-001
3.163301e+003;8.339318e-001
3.163783e+003;8.363118e-001
3.164265e+003;8.386860e-001
3.164747e+003;8.410508e-001
3.165229e+003;8.434014e-001
3.165712e+003;8.457371e-001
3.166194e+003;8.480577e-001
3.166676e+003;8.503689e-001
3.167158e+003;8.526791e-001
3.167640e+003;8.549966e-001
3.168122e+003;8.573254e-001
3.168604e+003;8.596628e-001
3.169086e+003;8.619984e-001
3.169569e+003;8.643173e-001
3.170051e+003;8.666047e-001
3.170533e+003;8.688518e-001
3.171015e+003;8.710593e-001
3.171497e+003;8.732375e-001
3.171979e+003;8.754032e-001
3.172461e+003;8.775730e-001
3.172944e+003;8.797584e-001
3.173426e+003;8.819611e-001
3.173908e+003;8.841777e-001
3.174390e+003;8.863989e-001
3.174872e+003;8.886156e-001
3.175354e+003;8.908222e-001
3.175836e+003;8.930168e-001
3.176319e+003;8.952003e-001
3.176801e+003;8.973736e-001
3.177283e+003;8.995360e-001
3.177765e+003;9.016848e-001
3.178247e+003;9.038169e-001
3.178729e+003;9.059295e-001
3.179211e+003;9.080256e-001
3.179694e+003;9.101108e-001
3.180176e+003;9.121942e-001
3.180658e+003;9.142867e-001
3.181140e+003;9.163967e-001
3.181622e+003;9.185297e-001
3.182104e+003;9.206879e-001
3.182586e+003;9.228667e-001
3.183069e+003;9.250568e-001
3.183551e+003;9.272449e-001
3.184033e+003;9.294112e-001
3.184515e+003;9.315381e-001
3.184997e+003;9.336089e-001
3.185479e+003;9.356145e-001
3.185961e+003;9.375567e-001
3.186443e+003;9.394476e-001
3.186926e+003;9.413072e-001
3.187408e+003;9.431609e-001
3.187890e+003;9.450281e-001
3.188372e+003;9.469213e-001
3.188854e+003;9.488453e-001
3.189336e+003;9.507937e-001
3.189818e+003;9.527566e-001
3.190301e+003;9.547229e-001
3.190783e+003;9.566829e-001
3.191265e+003;9.586301e-001
3.191747e+003;9.605590e-001
3.192229e+003;9.624664e-001
3.192711e+003;9.643469e-001
3.193193e+003;9.661993e-001
3.193676e+003;9.680236e-001
3.194158e+003;9.698234e-001
3.194640e+003;9.716070e-001
3.195122e+003;9.733844e-001
3.195604e+003;9.751639e-001
3.196086e+003;9.769510e-001
3.196568e+003;9.787439e-001
3.197051e+003;9.805382e-001
3.197533e+003;9.823253e-001
3.198015e+003;9.840977e-001
3.198497e+003;9.858481e-001
3.198979e+003;9.875731e-001
3.199461e+003;9.892694e-001
3.199943e+003;9.909363e-001
3.200426e+003;9.925737e-001
3.200907e+003;9.941847e-001
3.201390e+003;9.957738e-001
3.201872e+003;9.973477e-001
3.202354e+003;9.989156e-001
3.202836e+003;1.000487e+000
3.203318e+003;1.002067e+000
3.203800e+003;1.003657e+000
3.204282e+003;1.005258e+000
3.204765e+003;1.006866e+000
3.205247e+003;1.008477e+000
3.205729e+003;1.010088e+000
3.206211e+003;1.011696e+000
3.206693e+003;1.013296e+000
3.207175e+003;1.014882e+000
3.207657e+003;1.016444e+000
3.208140e+003;1.017974e+000
3.208622e+003;1.019465e+000
3.209104e+003;1.020915e+000
3.209586e+003;1.022327e+000
3.210068e+003;1.023708e+000
3.210550e+003;1.025068e+000
3.211032e+003;1.026410e+000
3.211515e+003;1.027740e+000
3.211997e+003;1.029053e+000
3.212479e+003;1.030347e+000
3.212961e+003;1.031620e+000
3.213443e+003;1.032872e+000
3.213925e+003;1.034106e+000
3.214407e+003;1.035326e+000
3.214890e+003;1.036532e+000
3.215372e+003;1.037728e+000
3.215854e+003;1.038914e+000
3.216336e+003;1.040094e+000
3.216818e+003;1.041274e+000
3.217300e+003;1.042463e+000
3.217782e+003;1.043669e+000
3.218264e+003;1.044892e+000
3.218747e+003;1.046123e+000
3.219229e+003;1.047345e+000
3.219711e+003;1.048534e+000
3.220193e+003;1.049670e+000
3.220675e+003;1.050739e+000
3.221157e+003;1.051741e+000
3.221639e+003;1.052688e+000
3.222122e+003;1.053599e+000
3.222604e+003;1.054494e+000
3.223086e+003;1.055388e+000
3.223568e+003;1.056293e+000
3.224050e+003;1.057216e+000
3.224532e+003;1.058164e+000
3.225014e+003;1.059142e+000
3.225497e+003;1.060158e+000
3.225979e+003;1.061215e+000
3.226461e+003;1.062305e+000
3.226943e+003;1.063412e+000
3.227425e+003;1.064509e+000
3.227907e+003;1.065569e+000
3.228389e+003;1.066567e+000
3.228872e+003;1.067494e+000
3.229354e+003;1.068350e+000
3.229836e+003;1.069151e+000
3.230318e+003;1.069915e+000
3.230800e+003;1.070661e+000
3.231282e+003;1.071398e+000
3.231764e+003;1.072131e+000
3.232247e+003;1.072860e+000
3.232729e+003;1.073582e+000
3.233211e+003;1.074299e+000
3.233693e+003;1.075010e+000
3.234175e+003;1.075714e+000
3.234657e+003;1.076408e+000
3.235139e+003;1.077083e+000
3.235621e+003;1.077731e+000
3.236104e+003;1.078343e+000
3.236586e+003;1.078919e+000
3.237068e+003;1.079464e+000
3.237550e+003;1.079991e+000
3.238032e+003;1.080512e+000
3.238514e+003;1.081041e+000
3.238996e+003;1.081584e+000
3.239479e+003;1.082144e+000
3.239961e+003;1.082715e+000
3.240443e+003;1.083293e+000
3.240925e+003;1.083869e+000
3.241407e+003;1.084437e+000
3.241889e+003;1.084987e+000
3.242371e+003;1.085510e+000
3.242854e+003;1.085997e+000
3.243336e+003;1.086442e+000
3.243818e+003;1.086842e+000
3.244300e+003;1.087207e+000
3.244782e+003;1.087549e+000
3.245264e+003;1.087887e+000
3.245746e+003;1.088234e+000
3.246229e+003;1.088602e+000
3.246711e+003;1.088992e+000
3.247193e+003;1.089402e+000
3.247675e+003;1.089825e+000
3.248157e+003;1.090250e+000
3.248639e+003;1.090669e+000
3.249121e+003;1.091076e+000
3.249604e+003;1.091460e+000
3.250085e+003;1.091812e+000
3.250568e+003;1.092126e+000
3.251050e+003;1.092399e+000
3.251532e+003;1.092637e+000
3.252014e+003;1.092854e+000
3.252496e+003;1.093068e+000
3.252978e+003;1.093300e+000
3.253460e+003;1.093563e+000
3.253943e+003;1.093863e+000
3.254425e+003;1.094191e+000
3.254907e+003;1.094534e+000
3.255389e+003;1.094875e+000
3.255871e+003;1.095204e+000
3.256353e+003;1.095515e+000
3.256835e+003;1.095811e+000
3.257318e+003;1.096092e+000
3.257800e+003;1.096355e+000
3.258282e+003;1.096592e+000
3.258764e+003;1.096793e+000
3.259246e+003;1.096944e+000
3.259728e+003;1.097044e+000
3.260210e+003;1.097099e+000
3.260693e+003;1.097129e+000
3.261175e+003;1.097161e+000
3.261657e+003;1.097224e+000
3.262139e+003;1.097338e+000
3.262621e+003;1.097515e+000
3.263103e+003;1.097749e+000
3.263585e+003;1.098025e+000
3.264068e+003;1.098315e+000
3.264550e+003;1.098590e+000
3.265032e+003;1.098824e+000
3.265514e+003;1.099000e+000
3.265996e+003;1.099111e+000
3.266478e+003;1.099166e+000
3.266960e+003;1.099188e+000
3.267442e+003;1.099205e+000
3.267925e+003;1.099245e+000
3.268407e+003;1.099327e+000
3.268889e+003;1.099458e+000
3.269371e+003;1.099630e+000
3.269853e+003;1.099823e+000
3.270335e+003;1.100014e+000
3.270817e+003;1.100181e+000
3.271300e+003;1.100315e+000
3.271782e+003;1.100415e+000
3.272264e+003;1.100491e+000
3.272746e+003;1.100555e+000
3.273228e+003;1.100615e+000
3.273710e+003;1.100675e+000
3.274192e+003;1.100732e+000
3.274675e+003;1.100782e+000
3.275157e+003;1.100821e+000
3.275639e+003;1.100848e+000
3.276121e+003;1.100868e+000
3.276603e+003;1.100888e+000
3.277085e+003;1.100919e+000
3.277567e+003;1.100964e+000
3.278050e+003;1.101028e+000
3.278532e+003;1.101111e+000
3.279014e+003;1.101210e+000
3.279496e+003;1.101320e+000
3.279978e+003;1.101438e+000
3.280460e+003;1.101557e+000
3.280942e+003;1.101673e+000
3.281425e+003;1.101786e+000
3.281906e+003;1.101896e+000
3.282389e+003;1.102007e+000
3.282871e+003;1.102120e+000
3.283353e+003;1.102233e+000
3.283835e+003;1.102339e+000
3.284317e+003;1.102427e+000
3.284799e+003;1.102480e+000
3.285281e+003;1.102485e+000
3.285764e+003;1.102444e+000
3.286246e+003;1.102367e+000
3.286728e+003;1.102277e+000
3.287210e+003;1.102206e+000
3.287692e+003;1.102184e+000
3.288174e+003;1.102226e+000
3.288656e+003;1.102331e+000
3.289139e+003;1.102481e+000
3.289621e+003;1.102649e+000
3.290103e+003;1.102804e+000
3.290585e+003;1.102924e+000
3.291067e+003;1.102998e+000
3.291549e+003;1.103029e+000
3.292031e+003;1.103027e+000
3.292514e+003;1.103009e+000
3.292996e+003;1.102988e+000
3.293478e+003;1.102979e+000
3.293960e+003;1.102989e+000
3.294442e+003;1.103025e+000
3.294924e+003;1.103088e+000
3.295406e+003;1.103176e+000
3.295889e+003;1.103280e+000
3.296371e+003;1.103391e+000
3.296853e+003;1.103491e+000
3.297335e+003;1.103570e+000
3.297817e+003;1.103619e+000
3.298299e+003;1.103638e+000
3.298781e+003;1.103630e+000
3.299263e+003;1.103605e+000
3.299746e+003;1.103572e+000
3.300228e+003;1.103539e+000
3.300710e+003;1.103509e+000
3.301192e+003;1.103485e+000
3.301674e+003;1.103469e+000
3.302156e+003;1.103464e+000
3.302638e+003;1.103472e+000
3.303121e+003;1.103492e+000
3.303603e+003;1.103520e+000
3.304085e+003;1.103546e+000
3.304567e+003;1.103563e+000
3.305049e+003;1.103567e+000
3.305531e+003;1.103559e+000
3.306013e+003;1.103554e+000
3.306496e+003;1.103565e+000
3.306978e+003;1.103605e+000
3.307460e+003;1.103679e+000
3.307942e+003;1.103778e+000
3.308424e+003;1.103885e+000
3.308906e+003;1.103980e+000
3.309388e+003;1.104048e+000
3.309871e+003;1.104088e+000
3.310353e+003;1.104108e+000
3.310835e+003;1.104126e+000
3.311317e+003;1.104158e+000
3.311799e+003;1.104214e+000
3.312281e+003;1.104291e+000
3.312763e+003;1.104376e+000
3.313246e+003;1.104450e+000
3.313728e+003;1.104496e+000
3.314210e+003;1.104505e+000
3.314692e+003;1.104475e+000
3.315174e+003;1.104413e+000
3.315656e+003;1.104330e+000
3.316138e+003;1.104239e+000
3.316620e+003;1.104152e+000
3.317103e+003;1.104082e+000
3.317585e+003;1.104039e+000
3.318067e+003;1.104031e+000
3.318549e+003;1.104058e+000
3.319031e+003;1.104113e+000
3.319513e+003;1.104177e+000
3.319995e+003;1.104229e+000
3.320478e+003;1.104246e+000
3.320960e+003;1.104211e+000
3.321442e+003;1.104124e+000
3.321924e+003;1.103997e+000
3.322406e+003;1.103855e+000
3.322888e+003;1.103723e+000
3.323370e+003;1.103626e+000
3.323853e+003;1.103575e+000
3.324335e+003;1.103571e+000
3.324817e+003;1.103605e+000
3.325299e+003;1.103662e+000
3.325781e+003;1.103723e+000
3.326263e+003;1.103777e+000
3.326745e+003;1.103809e+000
3.327228e+003;1.103810e+000
3.327710e+003;1.103775e+000
3.328192e+003;1.103702e+000
3.328674e+003;1.103591e+000
3.329156e+003;1.103453e+000
3.329638e+003;1.103301e+000
3.330120e+003;1.103153e+000
3.330603e+003;1.103024e+000
3.331084e+003;1.102926e+000
3.331567e+003;1.102861e+000
3.332049e+003;1.102828e+000
3.332531e+003;1.102816e+000
3.333013e+003;1.102813e+000
3.333495e+003;1.102807e+000
3.333977e+003;1.102788e+000
3.334459e+003;1.102747e+000
3.334942e+003;1.102681e+000
3.335424e+003;1.102587e+000
3.335906e+003;1.102469e+000
3.336388e+003;1.102332e+000
3.336870e+003;1.102188e+000
3.337352e+003;1.102043e+000
3.337834e+003;1.101905e+000
3.338317e+003;1.101773e+000
3.338799e+003;1.101640e+000
3.339281e+003;1.101495e+000
3.339763e+003;1.101327e+000
3.340245e+003;1.101127e+000
3.340727e+003;1.100893e+000
3.341209e+003;1.100632e+000
3.341692e+003;1.100352e+000
3.342174e+003;1.100061e+000
3.342656e+003;1.099768e+000
3.343138e+003;1.099475e+000
3.343620e+003;1.099185e+000
3.344102e+003;1.098897e+000
3.344584e+003;1.098617e+000
3.345067e+003;1.098348e+000
3.345549e+003;1.098094e+000
3.346031e+003;1.097854e+000
3.346513e+003;1.097623e+000
3.346995e+003;1.097388e+000
3.347477e+003;1.097134e+000
3.347959e+003;1.096847e+000
3.348441e+003;1.096520e+000
3.348924e+003;1.096154e+000
3.349406e+003;1.095756e+000
3.349888e+003;1.095342e+000
3.350370e+003;1.094927e+000
3.350852e+003;1.094522e+000
3.351334e+003;1.094138e+000
3.351816e+003;1.093776e+000
3.352299e+003;1.093432e+000
3.352781e+003;1.093096e+000
3.353263e+003;1.092757e+000
3.353745e+003;1.092398e+000
3.354227e+003;1.092005e+000
3.354709e+003;1.091569e+000
3.355191e+003;1.091089e+000
3.355674e+003;1.090574e+000
3.356156e+003;1.090038e+000
3.356638e+003;1.089501e+000
3.357120e+003;1.088977e+000
3.357602e+003;1.088470e+000
3.358084e+003;1.087977e+000
3.358566e+003;1.087486e+000
3.359049e+003;1.086984e+000
3.359531e+003;1.086460e+000
3.360013e+003;1.085914e+000
3.360495e+003;1.085349e+000
3.360977e+003;1.084774e+000
3.361459e+003;1.084196e+000
3.361941e+003;1.083618e+000
3.362424e+003;1.083037e+000
3.362906e+003;1.082451e+000
3.363388e+003;1.081855e+000
3.363870e+003;1.081251e+000
3.364352e+003;1.080639e+000
3.364834e+003;1.080022e+000
3.365316e+003;1.079396e+000
3.365798e+003;1.078753e+000
3.366281e+003;1.078081e+000
3.366763e+003;1.077374e+000
3.367245e+003;1.076631e+000
3.367727e+003;1.075864e+000
3.368209e+003;1.075095e+000
3.368691e+003;1.074350e+000
3.369173e+003;1.073645e+000
3.369656e+003;1.072988e+000
3.370138e+003;1.072366e+000
3.370620e+003;1.071755e+000
3.371102e+003;1.071125e+000
3.371584e+003;1.070452e+000
3.372066e+003;1.069722e+000
3.372548e+003;1.068935e+000
3.373031e+003;1.068101e+000
3.373513e+003;1.067235e+000
3.373995e+003;1.066350e+000
3.374477e+003;1.065453e+000
3.374959e+003;1.064545e+000
3.375441e+003;1.063620e+000
3.375923e+003;1.062671e+000
3.376406e+003;1.061696e+000
3.376888e+003;1.060691e+000
3.377370e+003;1.059660e+000
3.377852e+003;1.058612e+000
3.378334e+003;1.057560e+000
3.378816e+003;1.056518e+000
3.379298e+003;1.055498e+000
3.379781e+003;1.054510e+000
3.380262e+003;1.053553e+000
3.380745e+003;1.052617e+000
3.381227e+003;1.051682e+000
3.381709e+003;1.050722e+000
3.382191e+003;1.049714e+000
3.382673e+003;1.048643e+000
3.383155e+003;1.047510e+000
3.383637e+003;1.046324e+000
3.384120e+003;1.045108e+000
3.384602e+003;1.043884e+000
3.385084e+003;1.042669e+000
3.385566e+003;1.041468e+000
3.386048e+003;1.040280e+000
3.386530e+003;1.039094e+000
3.387012e+003;1.037901e+000
3.387495e+003;1.036694e+000
3.387977e+003;1.035473e+000
3.388459e+003;1.034242e+000
3.388941e+003;1.033005e+000
3.389423e+003;1.031765e+000
3.389905e+003;1.030526e+000
3.390387e+003;1.029287e+000
3.390870e+003;1.028050e+000
3.391352e+003;1.026817e+000
3.391834e+003;1.025595e+000
3.392316e+003;1.024386e+000
3.392798e+003;1.023194e+000
3.393280e+003;1.022013e+000
3.393762e+003;1.020833e+000
3.394245e+003;1.019637e+000
3.394727e+003;1.018410e+000
3.395209e+003;1.017133e+000
3.395691e+003;1.015801e+000
3.396173e+003;1.014410e+000
3.396655e+003;1.012968e+000
3.397137e+003;1.011488e+000
3.397619e+003;1.009987e+000
3.398102e+003;1.008487e+000
3.398584e+003;1.007004e+000
3.399066e+003;1.005549e+000
3.399548e+003;1.004127e+000
3.400030e+003;1.002733e+000
3.400512e+003;1.001355e+000
3.400994e+003;9.999783e-001
3.401477e+003;9.985901e-001
3.401959e+003;9.971831e-001
3.402441e+003;9.957539e-001
3.402923e+003;9.943073e-001
3.403405e+003;9.928489e-001
3.403887e+003;9.913813e-001
3.404369e+003;9.899057e-001
3.404852e+003;9.884163e-001
3.405334e+003;9.869069e-001
3.405816e+003;9.853707e-001
3.406298e+003;9.838041e-001
3.406780e+003;9.822093e-001
3.407262e+003;9.805897e-001
3.407744e+003;9.789522e-001
3.408227e+003;9.773015e-001
3.408709e+003;9.756401e-001
3.409191e+003;9.739733e-001
3.409673e+003;9.723029e-001
3.410155e+003;9.706334e-001
3.410637e+003;9.689720e-001
3.411119e+003;9.673228e-001
3.411602e+003;9.656882e-001
3.412083e+003;9.640642e-001
3.412566e+003;9.624442e-001
3.413048e+003;9.608195e-001
3.413530e+003;9.591820e-001
3.414012e+003;9.575311e-001
3.414494e+003;9.558686e-001
3.414976e+003;9.542035e-001
3.415458e+003;9.525424e-001
3.415941e+003;9.508888e-001
3.416423e+003;9.492382e-001
3.416905e+003;9.475793e-001
3.417387e+003;9.458971e-001
3.417869e+003;9.441771e-001
3.418351e+003;9.424119e-001
3.418833e+003;9.406019e-001
3.419316e+003;9.387576e-001
3.419798e+003;9.368961e-001
3.420280e+003;9.350360e-001
3.420762e+003;9.331951e-001
3.421244e+003;9.313851e-001
3.421726e+003;9.296101e-001
3.422208e+003;9.278684e-001
3.422691e+003;9.261525e-001
3.423173e+003;9.244525e-001
3.423655e+003;9.227573e-001
3.424137e+003;9.210580e-001
3.424619e+003;9.193500e-001
3.425101e+003;9.176288e-001
3.425583e+003;9.158930e-001
3.426066e+003;9.141432e-001
3.426548e+003;9.123817e-001
3.427030e+003;9.106116e-001
3.427512e+003;9.088385e-001
3.427994e+003;9.070671e-001
3.428476e+003;9.053046e-001
3.428958e+003;9.035546e-001
3.429440e+003;9.018175e-001
3.429923e+003;9.000881e-001
3.430405e+003;8.983559e-001
3.430887e+003;8.966101e-001
3.431369e+003;8.948405e-001
3.431851e+003;8.930443e-001
3.432333e+003;8.912250e-001
3.432815e+003;8.893959e-001
3.433298e+003;8.875703e-001
3.433780e+003;8.857599e-001
3.434262e+003;8.839685e-001
3.434744e+003;8.821892e-001
3.435226e+003;8.804104e-001
3.435708e+003;8.786187e-001
3.436190e+003;8.768079e-001
3.436673e+003;8.749815e-001
3.437155e+003;8.731536e-001
3.437637e+003;8.713427e-001
3.438119e+003;8.695660e-001
3.438601e+003;8.678291e-001
3.439083e+003;8.661252e-001
3.439565e+003;8.644362e-001
3.440048e+003;8.627377e-001
3.440530e+003;8.610088e-001
3.441012e+003;8.592366e-001
3.441494e+003;8.574197e-001
3.441976e+003;8.555667e-001
3.442458e+003;8.536900e-001
3.442940e+003;8.518006e-001
3.443423e+003;8.499049e-001
3.443905e+003;8.480061e-001
3.444387e+003;8.461041e-001
3.444869e+003;8.442012e-001
3.445351e+003;8.423017e-001
3.445833e+003;8.404142e-001
3.446315e+003;8.385469e-001
3.446797e+003;8.367069e-001
3.447280e+003;8.348948e-001
3.447762e+003;8.331062e-001
3.448244e+003;8.313300e-001
3.448726e+003;8.295542e-001
3.449208e+003;8.277668e-001
3.449690e+003;8.259624e-001
3.450172e+003;8.241379e-001
3.450655e+003;8.223002e-001
3.451137e+003;8.204561e-001
3.451619e+003;8.186191e-001
3.452101e+003;8.167988e-001
3.452583e+003;8.150032e-001
3.453065e+003;8.132319e-001
3.453547e+003;8.114816e-001
3.454030e+003;8.097385e-001
3.454512e+003;8.079877e-001
3.454994e+003;8.062140e-001
3.455476e+003;8.044056e-001
3.455958e+003;8.025602e-001
3.456440e+003;8.006809e-001
3.456922e+003;7.987800e-001
3.457405e+003;7.968738e-001
3.457887e+003;7.949772e-001
3.458369e+003;7.931041e-001
3.458851e+003;7.912635e-001
3.459333e+003;7.894607e-001
3.459815e+003;7.876971e-001
3.460297e+003;7.859714e-001
3.460780e+003;7.842787e-001
3.461261e+003;7.826108e-001
3.461744e+003;7.809540e-001
3.462226e+003;7.792937e-001
3.462708e+003;7.776120e-001
3.463190e+003;7.758953e-001
3.463672e+003;7.741335e-001
3.464154e+003;7.723240e-001
3.464636e+003;7.704735e-001
3.465119e+003;7.685955e-001
3.465601e+003;7.667053e-001
3.466083e+003;7.648215e-001
3.466565e+003;7.629593e-001
3.467047e+003;7.611308e-001
3.467529e+003;7.593408e-001
3.468011e+003;7.575895e-001
3.468494e+003;7.558696e-001
3.468976e+003;7.541712e-001
3.469458e+003;7.524799e-001
3.469940e+003;7.507824e-001
3.470422e+003;7.490672e-001
3.470904e+003;7.473317e-001
3.471386e+003;7.455767e-001
3.471869e+003;7.438108e-001
3.472351e+003;7.420439e-001
3.472833e+003;7.402876e-001
3.473315e+003;7.385470e-001
3.473797e+003;7.368219e-001
3.474279e+003;7.351073e-001
3.474761e+003;7.333928e-001
3.475244e+003;7.316693e-001
3.475726e+003;7.299296e-001
3.476208e+003;7.281716e-001
3.476690e+003;7.263985e-001
3.477172e+003;7.246168e-001
3.477654e+003;7.228354e-001
3.478136e+003;7.210626e-001
3.478618e+003;7.193048e-001
3.479101e+003;7.175643e-001
3.479583e+003;7.158397e-001
3.480065e+003;7.141256e-001
3.480547e+003;7.124152e-001
3.481029e+003;7.107006e-001
3.481511e+003;7.089786e-001
3.481993e+003;7.072463e-001
3.482476e+003;7.055070e-001
3.482958e+003;7.037638e-001
3.483440e+003;7.020220e-001
3.483922e+003;7.002811e-001
3.484404e+003;6.985428e-001
3.484886e+003;6.968015e-001
3.485368e+003;6.950540e-001
3.485851e+003;6.933001e-001
3.486333e+003;6.915445e-001
3.486815e+003;6.897946e-001
3.487297e+003;6.880605e-001
3.487779e+003;6.863471e-001
3.488261e+003;6.846555e-001
3.488743e+003;6.829799e-001
3.489226e+003;6.813084e-001
3.489708e+003;6.796283e-001
3.490190e+003;6.779315e-001
3.490672e+003;6.762154e-001
3.491154e+003;6.744840e-001
3.491636e+003;6.727455e-001
3.492118e+003;6.710094e-001
3.492601e+003;6.692814e-001
3.493083e+003;6.675640e-001
3.493565e+003;6.658577e-001
3.494047e+003;6.641601e-001
3.494529e+003;6.624714e-001
3.495011e+003;6.607906e-001
3.495493e+003;6.591170e-001
3.495975e+003;6.574497e-001
3.496458e+003;6.557818e-001
3.496940e+003;6.541053e-001
3.497422e+003;6.524138e-001
3.497904e+003;6.507024e-001
3.498386e+003;6.489733e-001
3.498868e+003;6.472356e-001
3.499350e+003;6.454998e-001
3.499833e+003;6.437815e-001
3.500315e+003;6.420882e-001
3.500797e+003;6.404244e-001
3.501279e+003;6.387869e-001
3.501761e+003;6.371709e-001
3.502243e+003;6.355664e-001
3.502725e+003;6.339630e-001
3.503208e+003;6.323524e-001
3.503690e+003;6.307248e-001
3.504172e+003;6.290736e-001
3.504654e+003;6.273960e-001
3.505136e+003;6.256921e-001
3.505618e+003;6.239717e-001
3.506100e+003;6.222497e-001
3.506583e+003;6.205440e-001
3.507065e+003;6.188703e-001
3.507547e+003;6.172372e-001
3.508029e+003;6.156404e-001
3.508511e+003;6.140652e-001
3.508993e+003;6.124880e-001
3.509475e+003;6.108863e-001
3.509958e+003;6.092433e-001
3.510439e+003;6.075542e-001
3.510922e+003;6.058248e-001
3.511404e+003;6.040720e-001
3.511886e+003;6.023116e-001
3.512368e+003;6.005583e-001
3.512850e+003;5.988190e-001
3.513332e+003;5.970963e-001
3.513814e+003;5.953873e-001
3.514297e+003;5.936908e-001
3.514779e+003;5.920075e-001
3.515261e+003;5.903410e-001
3.515743e+003;5.886950e-001
3.516225e+003;5.870719e-001
3.516707e+003;5.854695e-001
3.517189e+003;5.838811e-001
3.517672e+003;5.822945e-001
3.518154e+003;5.806959e-001
3.518636e+003;5.790733e-001
3.519118e+003;5.774193e-001
3.519600e+003;5.757315e-001
3.520082e+003;5.740145e-001
3.520564e+003;5.722778e-001
3.521047e+003;5.705367e-001
3.521529e+003;5.688055e-001
3.522011e+003;5.670964e-001
3.522493e+003;5.654167e-001
3.522975e+003;5.637658e-001
3.523457e+003;5.621336e-001
3.523939e+003;5.605075e-001
3.524422e+003;5.588717e-001
3.524904e+003;5.572168e-001
3.525386e+003;5.555398e-001
3.525868e+003;5.538458e-001
3.526350e+003;5.521470e-001
3.526832e+003;5.504576e-001
3.527314e+003;5.487875e-001
3.527796e+003;5.471412e-001
3.528279e+003;5.455155e-001
3.528761e+003;5.439039e-001
3.529243e+003;5.422956e-001
3.529725e+003;5.406833e-001
3.530207e+003;5.390626e-001
3.530689e+003;5.374338e-001
3.531171e+003;5.357993e-001
3.531654e+003;5.341629e-001
3.532136e+003;5.325270e-001
3.532618e+003;5.308945e-001
3.533100e+003;5.292668e-001
3.533582e+003;5.276458e-001
3.534064e+003;5.260347e-001
3.534546e+003;5.244367e-001
3.535029e+003;5.228528e-001
3.535511e+003;5.212827e-001
3.535993e+003;5.197226e-001
3.536475e+003;5.181669e-001
3.536957e+003;5.166075e-001
3.537439e+003;5.150397e-001
3.537921e+003;5.134578e-001
3.538404e+003;5.118606e-001
3.538886e+003;5.102478e-001
3.539368e+003;5.086224e-001
3.539850e+003;5.069868e-001
3.540332e+003;5.053452e-001
3.540814e+003;5.036989e-001
3.541296e+003;5.020509e-001
3.541779e+003;5.004003e-001
3.542260e+003;4.987482e-001
3.542743e+003;4.970932e-001
3.543225e+003;4.954358e-001
3.543707e+003;4.937792e-001
3.544189e+003;4.921289e-001
3.544671e+003;4.904937e-001
3.545153e+003;4.888836e-001
3.545635e+003;4.873054e-001
3.546118e+003;4.857626e-001
3.546600e+003;4.842506e-001
3.547082e+003;4.827578e-001
3.547564e+003;4.812705e-001
3.548046e+003;4.797755e-001
3.548528e+003;4.782632e-001
3.549010e+003;4.767347e-001
3.549493e+003;4.751956e-001
3.549975e+003;4.736583e-001
3.550457e+003;4.721324e-001
3.550939e+003;4.706242e-001
3.551421e+003;4.691304e-001
3.551903e+003;4.676418e-001
3.552385e+003;4.661457e-001
3.552868e+003;4.646283e-001
3.553350e+003;4.630828e-001
3.553832e+003;4.615088e-001
3.554314e+003;4.599115e-001
3.554796e+003;4.583025e-001
3.555278e+003;4.566927e-001
3.555760e+003;4.550892e-001
3.556243e+003;4.534973e-001
3.556725e+003;4.519147e-001
3.557207e+003;4.503396e-001
3.557689e+003;4.487693e-001
3.558171e+003;4.472026e-001
3.558653e+003;4.456415e-001
3.559135e+003;4.440906e-001
3.559617e+003;4.425545e-001
3.560100e+003;4.410346e-001
3.560582e+003;4.395320e-001
3.561064e+003;4.380398e-001
3.561546e+003;4.365506e-001
3.562028e+003;4.350547e-001
3.562510e+003;4.335440e-001
3.562992e+003;4.320152e-001
3.563475e+003;4.304712e-001
3.563957e+003;4.289199e-001
3.564439e+003;4.273756e-001
3.564921e+003;4.258525e-001
3.565403e+003;4.243651e-001
3.565885e+003;4.229214e-001
3.566367e+003;4.215212e-001
3.566850e+003;4.201554e-001
3.567332e+003;4.188078e-001
3.567814e+003;4.174553e-001
3.568296e+003;4.160782e-001
3.568778e+003;4.146589e-001
3.569260e+003;4.131910e-001
3.569742e+003;4.116783e-001
3.570225e+003;4.101357e-001
3.570707e+003;4.085846e-001
3.571189e+003;4.070488e-001
3.571671e+003;4.055466e-001
3.572153e+003;4.040885e-001
3.572635e+003;4.026733e-001
3.573117e+003;4.012913e-001
3.573599e+003;3.999254e-001
3.574082e+003;3.985576e-001
3.574564e+003;3.971756e-001
3.575046e+003;3.957726e-001
3.575528e+003;3.943489e-001
3.576010e+003;3.929103e-001
3.576492e+003;3.914629e-001
3.576974e+003;3.900111e-001
3.577457e+003;3.885566e-001
3.577939e+003;3.870982e-001
3.578421e+003;3.856321e-001
3.578903e+003;3.841589e-001
3.579385e+003;3.826804e-001
3.579867e+003;3.812010e-001
3.580349e+003;3.797281e-001
3.580832e+003;3.782684e-001
3.581314e+003;3.768249e-001
3.581796e+003;3.753981e-001
3.582278e+003;3.739830e-001
3.582760e+003;3.725744e-001
3.583242e+003;3.711671e-001
3.583724e+003;3.697584e-001
3.584207e+003;3.683495e-001
3.584689e+003;3.669474e-001
3.585171e+003;3.655614e-001
3.585653e+003;3.642024e-001
3.586135e+003;3.628772e-001
3.586617e+003;3.615874e-001
3.587099e+003;3.603262e-001
3.587582e+003;3.590795e-001
3.588063e+003;3.578292e-001
3.588546e+003;3.565560e-001
3.589028e+003;3.552482e-001
3.589510e+003;3.539023e-001
3.589992e+003;3.525264e-001
3.590474e+003;3.511364e-001
3.590956e+003;3.497512e-001
3.591438e+003;3.483885e-001
3.591921e+003;3.470571e-001
3.592403e+003;3.457592e-001
3.592885e+003;3.444875e-001
3.593367e+003;3.432320e-001
3.593849e+003;3.419826e-001
3.594331e+003;3.407328e-001
3.594813e+003;3.394811e-001
3.595296e+003;3.382263e-001
3.595778e+003;3.369702e-001
3.596260e+003;3.357118e-001
3.596742e+003;3.344464e-001
3.597224e+003;3.331697e-001
3.597706e+003;3.318786e-001
3.598188e+003;3.305736e-001
3.598671e+003;3.292573e-001
3.599153e+003;3.279370e-001
3.599635e+003;3.266162e-001
3.600117e+003;3.253012e-001
3.600599e+003;3.239914e-001
3.601081e+003;3.226858e-001
3.601563e+003;3.213831e-001
3.602046e+003;3.200813e-001
3.602528e+003;3.187814e-001
3.603010e+003;3.174852e-001
3.603492e+003;3.161952e-001
3.603974e+003;3.149123e-001
3.604456e+003;3.136379e-001
3.604938e+003;3.123722e-001
3.605420e+003;3.111176e-001
3.605903e+003;3.098758e-001
3.606385e+003;3.086483e-001
3.606867e+003;3.074355e-001
3.607349e+003;3.062319e-001
3.607831e+003;3.050299e-001
3.608313e+003;3.038167e-001
3.608795e+003;3.025825e-001
3.609278e+003;3.013203e-001
3.609760e+003;3.000329e-001
3.610242e+003;2.987274e-001
3.610724e+003;2.974132e-001
3.611206e+003;2.960999e-001
3.611688e+003;2.947909e-001
3.612170e+003;2.934817e-001
3.612653e+003;2.921633e-001
3.613135e+003;2.908252e-001
3.613617e+003;2.894635e-001
3.614099e+003;2.880796e-001
3.614581e+003;2.866859e-001
3.615063e+003;2.853000e-001
3.615545e+003;2.839426e-001
3.616028e+003;2.826312e-001
3.616510e+003;2.813794e-001
3.616992e+003;2.801902e-001
3.617474e+003;2.790599e-001
3.617956e+003;2.779761e-001
3.618438e+003;2.769181e-001
3.618920e+003;2.758609e-001
3.619403e+003;2.747766e-001
3.619885e+003;2.736394e-001
3.620367e+003;2.724321e-001
3.620849e+003;2.711483e-001
3.621331e+003;2.697932e-001
3.621813e+003;2.683829e-001
3.622295e+003;2.669402e-001
3.622777e+003;2.654847e-001
3.623260e+003;2.640338e-001
3.623742e+003;2.625967e-001
3.624224e+003;2.611793e-001
3.624706e+003;2.597864e-001
3.625188e+003;2.584274e-001
3.625670e+003;2.571151e-001
3.626152e+003;2.558641e-001
3.626635e+003;2.546835e-001
3.627117e+003;2.535711e-001
3.627599e+003;2.525079e-001
3.628081e+003;2.514582e-001
3.628563e+003;2.503806e-001
3.629045e+003;2.492363e-001
3.629527e+003;2.480015e-001
3.630010e+003;2.466734e-001
3.630492e+003;2.452693e-001
3.630974e+003;2.438185e-001
3.631456e+003;2.423541e-001
3.631938e+003;2.409015e-001
3.632420e+003;2.394762e-001
3.632902e+003;2.380799e-001
3.633385e+003;2.367048e-001
3.633867e+003;2.353392e-001
3.634349e+003;2.339697e-001
3.634831e+003;2.325886e-001
3.635313e+003;2.311927e-001
3.635795e+003;2.297850e-001
3.636277e+003;2.283710e-001
3.636760e+003;2.269593e-001
3.637241e+003;2.255573e-001
3.637724e+003;2.241697e-001
3.638206e+003;2.227972e-001
3.638688e+003;2.214354e-001
3.639170e+003;2.200745e-001
3.639652e+003;2.187029e-001
3.640134e+003;2.173103e-001
3.640616e+003;2.158901e-001
3.641099e+003;2.144428e-001
3.641581e+003;2.129743e-001
3.642063e+003;2.114935e-001
3.642545e+003;2.100095e-001
3.643027e+003;2.085254e-001
3.643509e+003;2.070406e-001
3.643991e+003;2.055474e-001
3.644474e+003;2.040401e-001
3.644956e+003;2.025144e-001
3.645438e+003;2.009744e-001
3.645920e+003;1.994326e-001
3.646402e+003;1.979070e-001
3.646884e+003;1.964168e-001
3.647366e+003;1.949760e-001
3.647849e+003;1.935893e-001
3.648331e+003;1.922493e-001
3.648813e+003;1.909366e-001
3.649295e+003;1.896252e-001
3.649777e+003;1.882869e-001
3.650259e+003;1.868991e-001
3.650741e+003;1.854494e-001
3.651224e+003;1.839395e-001
3.651706e+003;1.823855e-001
3.652188e+003;1.808138e-001
3.652670e+003;1.792542e-001
3.653152e+003;1.777351e-001
3.653634e+003;1.762753e-001
3.654116e+003;1.748780e-001
3.654598e+003;1.735300e-001
3.655081e+003;1.722040e-001
3.655563e+003;1.708668e-001
3.656045e+003;1.694868e-001
3.656527e+003;1.680427e-001
3.657009e+003;1.665310e-001
3.657491e+003;1.649629e-001
3.657973e+003;1.633628e-001
3.658456e+003;1.617580e-001
3.658938e+003;1.601729e-001
3.659420e+003;1.586240e-001
3.659902e+003;1.571161e-001
3.660384e+003;1.556447e-001
3.660866e+003;1.542003e-001
3.661348e+003;1.527701e-001
3.661831e+003;1.513446e-001
3.662313e+003;1.499173e-001
3.662795e+003;1.484849e-001
3.663277e+003;1.470459e-001
3.663759e+003;1.455982e-001
3.664241e+003;1.441362e-001
3.664723e+003;1.426531e-001
3.665206e+003;1.411428e-001
3.665688e+003;1.396037e-001
3.666170e+003;1.380439e-001
3.666652e+003;1.364830e-001
3.667134e+003;1.349519e-001
3.667616e+003;1.334875e-001
3.668098e+003;1.321214e-001
3.668581e+003;1.308694e-001
3.669063e+003;1.297215e-001
3.669545e+003;1.286423e-001
3.670027e+003;1.275768e-001
3.670509e+003;1.264644e-001
3.670991e+003;1.252644e-001
3.671473e+003;1.239660e-001
3.671955e+003;1.225951e-001
3.672438e+003;1.212055e-001
3.672920e+003;1.198614e-001
3.673402e+003;1.186164e-001
3.673884e+003;1.174922e-001
3.674366e+003;1.164742e-001
3.674848e+003;1.155118e-001
3.675330e+003;1.145408e-001
3.675813e+003;1.135047e-001
3.676295e+003;1.123763e-001
3.676777e+003;1.111652e-001
3.677259e+003;1.099103e-001
3.677741e+003;1.086636e-001
3.678223e+003;1.074672e-001
3.678705e+003;1.063462e-001
3.679188e+003;1.052990e-001
3.679670e+003;1.043058e-001
3.680152e+003;1.033396e-001
3.680634e+003;1.023783e-001
3.681116e+003;1.014125e-001
3.681598e+003;1.004420e-001
3.682080e+003;9.947179e-002
3.682563e+003;9.850384e-002
3.683045e+003;9.753404e-002
3.683527e+003;9.655602e-002
3.684009e+003;9.556461e-002
3.684491e+003;9.456749e-002
3.684973e+003;9.358630e-002
3.685455e+003;9.265215e-002
3.685938e+003;9.179772e-002
3.686419e+003;9.104206e-002
3.686902e+003;9.038403e-002
3.687384e+003;8.979639e-002
3.687866e+003;8.923621e-002
3.688348e+003;8.865464e-002
3.688830e+003;8.801671e-002
3.689312e+003;8.730657e-002
3.689794e+003;8.653335e-002
3.690277e+003;8.572149e-002
3.690759e+003;8.490080e-002
3.691241e+003;8.409785e-002
3.691723e+003;8.332796e-002
3.692205e+003;8.259662e-002
3.692687e+003;8.190344e-002
3.693169e+003;8.124743e-002
3.693652e+003;8.062743e-002
3.694134e+003;8.004652e-002
3.694616e+003;7.950335e-002
3.695098e+003;7.899392e-002
3.695580e+003;7.850729e-002
3.696062e+003;7.802788e-002
3.696544e+003;7.754052e-002
3.697027e+003;7.703313e-002
3.697509e+003;7.650214e-002
3.697991e+003;7.595257e-002
3.698473e+003;7.539327e-002
3.698955e+003;7.483660e-002
3.699437e+003;7.429038e-002
3.699919e+003;7.375883e-002
3.700402e+003;7.324211e-002
3.700884e+003;7.273733e-002
3.701366e+003;7.224118e-002
3.701848e+003;7.175095e-002
3.702330e+003;7.126538e-002
3.702812e+003;7.078520e-002
3.703294e+003;7.031121e-002
3.703776e+003;6.984646e-002
3.704259e+003;6.939428e-002
3.704741e+003;6.896044e-002
3.705223e+003;6.855132e-002
3.705705e+003;6.816988e-002
3.706187e+003;6.781764e-002
3.706669e+003;6.748933e-002
3.707151e+003;6.717881e-002
3.707634e+003;6.687582e-002
3.708116e+003;6.657692e-002
3.708598e+003;6.628259e-002
3.709080e+003;6.600118e-002
3.709562e+003;6.574548e-002
3.710044e+003;6.552585e-002
3.710526e+003;6.534436e-002
3.711009e+003;6.519100e-002
3.711491e+003;6.504288e-002
3.711973e+003;6.487308e-002
3.712455e+003;6.465562e-002
3.712937e+003;6.437732e-002
3.713419e+003;6.404138e-002
3.713901e+003;6.366523e-002
3.714384e+003;6.327846e-002
3.714866e+003;6.290831e-002
3.715348e+003;6.257629e-002
3.715830e+003;6.229057e-002
3.716312e+003;6.204731e-002
3.716794e+003;6.183346e-002
3.717276e+003;6.163136e-002
3.717759e+003;6.142807e-002
3.718240e+003;6.121606e-002
3.718723e+003;6.099404e-002
3.719205e+003;6.076777e-002
3.719687e+003;6.054441e-002
3.720169e+003;6.033191e-002
3.720651e+003;6.013473e-002
3.721133e+003;5.995608e-002
3.721615e+003;5.979430e-002
3.722098e+003;5.964541e-002
3.722580e+003;5.950417e-002
3.723062e+003;5.936304e-002
3.723544e+003;5.921869e-002
3.724026e+003;5.906957e-002
3.724508e+003;5.891811e-002
3.724990e+003;5.876920e-002
3.725473e+003;5.862512e-002
3.725955e+003;5.848461e-002
3.726437e+003;5.833986e-002
3.726919e+003;5.818009e-002
3.727401e+003;5.799341e-002
3.727883e+003;5.777612e-002
3.728365e+003;5.753588e-002
3.728848e+003;5.729421e-002
3.729330e+003;5.707735e-002
3.729812e+003;5.691000e-002
3.730294e+003;5.680418e-002
3.730776e+003;5.675110e-002
3.731258e+003;5.672502e-002
3.731740e+003;5.669201e-002
3.732223e+003;5.662250e-002
3.732705e+003;5.650648e-002
3.733187e+003;5.635854e-002
3.733669e+003;5.621072e-002
3.734151e+003;5.609950e-002
3.734633e+003;5.605115e-002
3.735115e+003;5.606735e-002
3.735597e+003;5.612700e-002
3.736080e+003;5.619075e-002
3.736562e+003;5.622056e-002
3.737044e+003;5.618962e-002
3.737526e+003;5.608944e-002
3.738008e+003;5.592706e-002
3.738490e+003;5.571466e-002
3.738972e+003;5.546070e-002
3.739455e+003;5.516710e-002
3.739937e+003;5.483593e-002
3.740419e+003;5.448192e-002
3.740901e+003;5.413777e-002
3.741383e+003;5.385845e-002
3.741865e+003;5.370686e-002
3.742347e+003;5.373185e-002
3.742830e+003;5.394350e-002
3.743312e+003;5.429628e-002
3.743794e+003;5.469464e-002
3.744276e+003;5.501890e-002
3.744758e+003;5.516473e-002
3.745240e+003;5.508133e-002
3.745722e+003;5.478777e-002
3.746205e+003;5.436083e-002
3.746687e+003;5.390900e-002
3.747169e+003;5.353353e-002
3.747651e+003;5.330148e-002
3.748133e+003;5.323340e-002
3.748615e+003;5.330468e-002
3.749097e+003;5.346390e-002
3.749580e+003;5.365695e-002
3.750062e+003;5.384274e-002
3.750544e+003;5.400240e-002
3.751026e+003;5.413062e-002
3.751508e+003;5.422483e-002
3.751990e+003;5.427717e-002
3.752472e+003;5.427323e-002
3.752954e+003;5.419831e-002
3.753437e+003;5.404983e-002
3.753919e+003;5.383988e-002
3.754401e+003;5.359700e-002
3.754883e+003;5.335562e-002
3.755365e+003;5.314469e-002
3.755847e+003;5.297886e-002
3.756329e+003;5.285760e-002
3.756812e+003;5.276937e-002
3.757294e+003;5.269964e-002
3.757776e+003;5.264133e-002
3.758258e+003;5.259459e-002
3.758740e+003;5.256391e-002
3.759222e+003;5.254993e-002
3.759704e+003;5.254343e-002
3.760187e+003;5.252495e-002
3.760669e+003;5.247493e-002
3.761151e+003;5.237781e-002
3.761633e+003;5.223666e-002
3.762115e+003;5.207102e-002
3.762597e+003;5.191103e-002
3.763079e+003;5.178640e-002
3.763562e+003;5.171466e-002
3.764044e+003;5.169424e-002
3.764526e+003;5.170563e-002
3.765008e+003;5.172101e-002
3.765490e+003;5.171539e-002
3.765972e+003;5.167630e-002
3.766454e+003;5.160782e-002
3.766937e+003;5.152568e-002
3.767418e+003;5.144854e-002
3.767901e+003;5.139200e-002
3.768383e+003;5.135786e-002
3.768865e+003;5.134317e-002
3.769347e+003;5.133620e-002
3.769829e+003;5.132821e-002
3.770311e+003;5.131505e-002
3.770793e+003;5.129763e-002
3.771276e+003;5.128163e-002
3.771758e+003;5.127245e-002
3.772240e+003;5.127127e-002
3.772722e+003;5.127615e-002
3.773204e+003;5.128115e-002
3.773686e+003;5.127816e-002
3.774168e+003;5.125877e-002
3.774651e+003;5.121771e-002
3.775133e+003;5.115327e-002
3.775615e+003;5.106817e-002
3.776097e+003;5.097118e-002
3.776579e+003;5.087468e-002
3.777061e+003;5.079326e-002
3.777543e+003;5.073971e-002
3.778026e+003;5.072050e-002
3.778508e+003;5.073201e-002
3.778990e+003;5.076172e-002
3.779472e+003;5.079119e-002
3.779954e+003;5.080349e-002
3.780436e+003;5.079046e-002
3.780918e+003;5.075391e-002
3.781401e+003;5.070688e-002
3.781883e+003;5.066501e-002
3.782365e+003;5.064058e-002
3.782847e+003;5.063592e-002
3.783329e+003;5.064095e-002
3.783811e+003;5.063913e-002
3.784293e+003;5.061429e-002
3.784775e+003;5.055840e-002
3.785258e+003;5.047547e-002
3.785740e+003;5.038153e-002
3.786222e+003;5.029688e-002
3.786704e+003;5.023757e-002
3.787186e+003;5.021059e-002
3.787668e+003;5.021115e-002
3.788150e+003;5.022764e-002
3.788633e+003;5.024504e-002
3.789115e+003;5.025453e-002
3.789597e+003;5.025174e-002
3.790079e+003;5.023833e-002
3.790561e+003;5.021778e-002
3.791043e+003;5.019075e-002
3.791525e+003;5.015582e-002
3.792008e+003;5.011117e-002
3.792490e+003;5.005704e-002
3.792972e+003;5.000084e-002
3.793454e+003;4.995472e-002
3.793936e+003;4.993282e-002
3.794418e+003;4.994227e-002
3.794900e+003;4.997895e-002
3.795383e+003;5.002392e-002
3.795865e+003;5.004804e-002
3.796347e+003;5.002134e-002
3.796829e+003;4.992472e-002
3.797311e+003;4.975924e-002
3.797793e+003;4.955015e-002
3.798275e+003;4.934105e-002
3.798758e+003;4.918364e-002
3.799240e+003;4.912219e-002
3.799722e+003;4.917797e-002
3.800204e+003;4.934002e-002
3.800686e+003;4.956454e-002
3.801168e+003;4.978538e-002
3.801650e+003;4.993229e-002
3.802132e+003;4.995330e-002
3.802615e+003;4.983042e-002
3.803097e+003;4.958715e-002
3.803579e+003;4.928035e-002
3.804061e+003;4.898522e-002
3.804543e+003;4.877459e-002
3.805025e+003;4.869519e-002
3.805507e+003;4.875941e-002
3.805990e+003;4.893718e-002
3.806472e+003;4.916827e-002
3.806954e+003;4.938230e-002
3.807436e+003;4.952296e-002
3.807918e+003;4.956147e-002
3.808400e+003;4.950443e-002
3.808882e+003;4.938222e-002
3.809365e+003;4.923541e-002
3.809847e+003;4.909626e-002
3.810329e+003;4.897814e-002
3.810811e+003;4.887613e-002
3.811293e+003;4.877449e-002
3.811775e+003;4.865983e-002
3.812257e+003;4.853525e-002
3.812740e+003;4.842132e-002
3.813222e+003;4.835304e-002
3.813704e+003;4.836643e-002
3.814186e+003;4.848081e-002
3.814668e+003;4.868725e-002
3.815150e+003;4.894559e-002
3.815632e+003;4.919438e-002
3.816115e+003;4.936903e-002
3.816596e+003;4.942308e-002
3.817079e+003;4.934541e-002
3.817561e+003;4.916088e-002
3.818043e+003;4.892394e-002
3.818525e+003;4.870052e-002
3.819007e+003;4.854692e-002
3.819489e+003;4.849532e-002
3.819971e+003;4.854340e-002
3.820454e+003;4.865863e-002
3.820936e+003;4.878824e-002
3.821418e+003;4.887981e-002
3.821900e+003;4.889837e-002
3.822382e+003;4.883684e-002
3.822864e+003;4.871477e-002
3.823346e+003;4.856933e-002
3.823829e+003;4.844083e-002
3.824311e+003;4.835705e-002
3.824793e+003;4.832701e-002
3.825275e+003;4.833897e-002
3.825757e+003;4.837025e-002
3.826239e+003;4.839540e-002
3.826721e+003;4.839746e-002
3.827204e+003;4.837405e-002
3.827686e+003;4.833457e-002
3.828168e+003;4.829469e-002
3.828650e+003;4.826839e-002
3.829132e+003;4.826114e-002
3.829614e+003;4.826827e-002
3.830096e+003;4.827800e-002
3.830579e+003;4.827794e-002
3.831061e+003;4.825566e-002
3.831543e+003;4.820606e-002
3.832025e+003;4.812926e-002
3.832507e+003;4.802879e-002
3.832989e+003;4.791222e-002
3.833471e+003;4.779092e-002
3.833953e+003;4.768097e-002
3.834436e+003;4.760396e-002
3.834918e+003;4.758314e-002
3.835400e+003;4.763776e-002
3.835882e+003;4.777533e-002
3.836364e+003;4.798515e-002
3.836846e+003;4.823771e-002
3.837328e+003;4.848893e-002
3.837811e+003;4.869337e-002
3.838293e+003;4.881669e-002
3.838775e+003;4.884627e-002
3.839257e+003;4.879281e-002
3.839739e+003;4.868378e-002
3.840221e+003;4.855221e-002
3.840703e+003;4.842703e-002
3.841186e+003;4.832606e-002
3.841668e+003;4.825338e-002
3.842150e+003;4.820624e-002
3.842632e+003;4.817795e-002
3.843114e+003;4.816224e-002
3.843596e+003;4.815557e-002
3.844078e+003;4.815453e-002
3.844561e+003;4.815533e-002
3.845043e+003;4.814904e-002
3.845525e+003;4.812557e-002
3.846007e+003;4.807795e-002
3.846489e+003;4.800082e-002
3.846971e+003;4.789586e-002
3.847453e+003;4.776701e-002
3.847936e+003;4.761937e-002
3.848417e+003;4.745847e-002
3.848900e+003;4.729097e-002
3.849382e+003;4.712961e-002
3.849864e+003;4.699749e-002
3.850346e+003;4.692871e-002
3.850828e+003;4.696359e-002
3.851310e+003;4.713446e-002
3.851792e+003;4.745517e-002
3.852275e+003;4.790318e-002
3.852757e+003;4.842369e-002
3.853239e+003;4.893593e-002
3.853721e+003;4.935784e-002
3.854203e+003;4.962761e-002
3.854685e+003;4.972263e-002
3.855167e+003;4.965832e-002
3.855650e+003;4.947977e-002
3.856132e+003;4.924212e-002
3.856614e+003;4.899549e-002
3.857096e+003;4.877148e-002
3.857578e+003;4.858559e-002
3.858060e+003;4.843863e-002
3.858542e+003;4.832519e-002
3.859025e+003;4.823832e-002
3.859507e+003;4.817367e-002
3.859989e+003;4.812665e-002
3.860471e+003;4.809343e-002
3.860953e+003;4.806889e-002
3.861435e+003;4.805119e-002
3.861917e+003;4.804008e-002
3.862400e+003;4.804081e-002
3.862882e+003;4.805984e-002
3.863364e+003;4.809850e-002
3.863846e+003;4.814759e-002
3.864328e+003;4.818746e-002
3.864810e+003;4.819466e-002
3.865292e+003;4.814941e-002
3.865774e+003;4.805128e-002
3.866257e+003;4.792163e-002
3.866739e+003;4.780224e-002
3.867221e+003;4.774163e-002
3.867703e+003;4.777540e-002
3.868185e+003;4.791296e-002
3.868667e+003;4.812905e-002
3.869149e+003;4.837082e-002
3.869632e+003;4.857572e-002
3.870114e+003;4.869476e-002
3.870596e+003;4.870849e-002
3.871078e+003;4.863111e-002
3.871560e+003;4.850328e-002
3.872042e+003;4.837107e-002
3.872524e+003;4.827106e-002
3.873007e+003;4.821671e-002
3.873489e+003;4.819814e-002
3.873971e+003;4.819292e-002
3.874453e+003;4.817448e-002
3.874935e+003;4.812630e-002
3.875417e+003;4.804667e-002
3.875899e+003;4.794760e-002
3.876382e+003;4.784798e-002
3.876864e+003;4.776749e-002
3.877346e+003;4.772083e-002
3.877828e+003;4.771632e-002
3.878310e+003;4.775504e-002
3.878792e+003;4.782960e-002
3.879274e+003;4.792693e-002
3.879757e+003;4.802639e-002
3.880239e+003;4.810393e-002
3.880721e+003;4.813624e-002
3.881203e+003;4.810900e-002
3.881685e+003;4.802645e-002
3.882167e+003;4.790986e-002
3.882649e+003;4.779921e-002
3.883131e+003;4.773593e-002
3.883614e+003;4.775350e-002
3.884096e+003;4.786110e-002
3.884578e+003;4.803814e-002
3.885060e+003;4.823867e-002
3.885542e+003;4.840589e-002
3.886024e+003;4.849048e-002
3.886506e+003;4.846853e-002
3.886989e+003;4.834903e-002
3.887471e+003;4.816841e-002
3.887953e+003;4.797782e-002
3.888435e+003;4.782842e-002
3.888917e+003;4.775469e-002
3.889399e+003;4.776843e-002
3.889881e+003;4.785801e-002
3.890364e+003;4.799669e-002
3.890846e+003;4.815160e-002
3.891328e+003;4.829368e-002
3.891810e+003;4.840436e-002
3.892292e+003;4.847617e-002
3.892774e+003;4.850886e-002
3.893256e+003;4.850864e-002
3.893739e+003;4.848145e-002
3.894221e+003;4.843261e-002
3.894703e+003;4.836783e-002
3.895185e+003;4.829374e-002
3.895667e+003;4.821751e-002
3.896149e+003;4.814922e-002
3.896631e+003;4.809766e-002
3.897114e+003;4.807093e-002
3.897595e+003;4.807170e-002
3.898078e+003;4.809837e-002
3.898560e+003;4.814273e-002
3.899042e+003;4.819294e-002
3.899524e+003;4.823865e-002
3.900006e+003;4.827201e-002
3.900488e+003;4.829367e-002
3.900970e+003;4.831107e-002
3.901453e+003;4.833673e-002
3.901935e+003;4.838341e-002
3.902417e+003;4.845831e-002
3.902899e+003;4.855932e-002
3.903381e+003;4.867325e-002
3.903863e+003;4.878070e-002
3.904345e+003;4.886062e-002
3.904828e+003;4.889769e-002
3.905310e+003;4.888681e-002
3.905792e+003;4.883530e-002
3.906274e+003;4.875821e-002
3.906756e+003;4.867431e-002
3.907238e+003;4.860144e-002
3.907720e+003;4.855228e-002
3.908203e+003;4.853002e-002
3.908685e+003;4.853601e-002
3.909167e+003;4.856452e-002
3.909649e+003;4.860903e-002
3.910131e+003;4.866156e-002
3.910613e+003;4.871196e-002
3.911095e+003;4.875024e-002
3.911578e+003;4.876732e-002
3.912060e+003;4.875759e-002
3.912542e+003;4.872144e-002
3.913024e+003;4.866553e-002
3.913506e+003;4.860201e-002
3.913988e+003;4.854395e-002
3.914470e+003;4.850122e-002
3.914952e+003;4.847636e-002
3.915435e+003;4.846577e-002
3.915917e+003;4.845906e-002
3.916399e+003;4.844834e-002
3.916881e+003;4.842867e-002
3.917363e+003;4.840204e-002
3.917845e+003;4.837608e-002
3.918327e+003;4.835865e-002
3.918810e+003;4.835379e-002
3.919292e+003;4.835987e-002
3.919774e+003;4.836849e-002
3.920256e+003;4.837123e-002
3.920738e+003;4.836315e-002
3.921220e+003;4.834757e-002
3.921702e+003;4.833440e-002
3.922185e+003;4.833941e-002
3.922667e+003;4.837357e-002
3.923149e+003;4.844129e-002
3.923631e+003;4.853459e-002
3.924113e+003;4.863728e-002
3.924595e+003;4.872836e-002
3.925077e+003;4.879149e-002
3.925560e+003;4.881796e-002
3.926042e+003;4.880977e-002
3.926524e+003;4.877814e-002
3.927006e+003;4.873659e-002
3.927488e+003;4.869599e-002
3.927970e+003;4.866286e-002
3.928452e+003;4.863602e-002
3.928935e+003;4.860998e-002
3.929417e+003;4.857924e-002
3.929899e+003;4.854300e-002
3.930381e+003;4.850339e-002
3.930863e+003;4.846901e-002
3.931345e+003;4.844869e-002
3.931827e+003;4.845155e-002
3.932309e+003;4.847988e-002
3.932792e+003;4.853126e-002
3.933274e+003;4.859795e-002
3.933756e+003;4.866828e-002
3.934238e+003;4.873058e-002
3.934720e+003;4.877586e-002
3.935202e+003;4.879941e-002
3.935684e+003;4.880324e-002
3.936167e+003;4.879338e-002
3.936649e+003;4.877815e-002
3.937131e+003;4.876480e-002
3.937613e+003;4.875896e-002
3.938095e+003;4.876144e-002
3.938577e+003;4.876956e-002
3.939059e+003;4.877875e-002
3.939542e+003;4.878539e-002
3.940024e+003;4.878814e-002
3.940506e+003;4.878672e-002
3.940988e+003;4.878369e-002
3.941470e+003;4.878065e-002
3.941952e+003;4.877722e-002
3.942434e+003;4.877162e-002
3.942917e+003;4.875850e-002
3.943399e+003;4.873690e-002
3.943881e+003;4.870656e-002
3.944363e+003;4.867298e-002
3.944845e+003;4.864410e-002
3.945327e+003;4.863014e-002
3.945809e+003;4.863743e-002
3.946292e+003;4.866907e-002
3.946773e+003;4.872130e-002
3.947256e+003;4.878821e-002
3.947738e+003;4.886051e-002
3.948220e+003;4.893082e-002
3.948702e+003;4.899240e-002
3.949184e+003;4.904187e-002
3.949666e+003;4.907479e-002
3.950148e+003;4.908738e-002
3.950631e+003;4.907479e-002
3.951113e+003;4.903335e-002
3.951595e+003;4.896160e-002
3.952077e+003;4.886464e-002
3.952559e+003;4.875270e-002
3.953041e+003;4.864061e-002
3.953523e+003;4.854466e-002
3.954006e+003;4.847862e-002
3.954488e+003;4.844908e-002
3.954970e+003;4.845607e-002
3.955452e+003;4.849271e-002
3.955934e+003;4.854824e-002
3.956416e+003;4.861147e-002
3.956898e+003;4.867472e-002
3.957381e+003;4.873028e-002
3.957863e+003;4.877818e-002
3.958345e+003;4.881718e-002
3.958827e+003;4.884877e-002
3.959309e+003;4.887266e-002
3.959791e+003;4.889118e-002
3.960273e+003;4.890645e-002
3.960755e+003;4.892036e-002
3.961238e+003;4.893536e-002
3.961720e+003;4.895307e-002
3.962202e+003;4.897442e-002
3.962684e+003;4.899822e-002
3.963166e+003;4.902202e-002
3.963648e+003;4.904271e-002
3.964130e+003;4.905719e-002
3.964613e+003;4.906369e-002
3.965095e+003;4.906128e-002
3.965577e+003;4.905089e-002
3.966059e+003;4.903319e-002
3.966541e+003;4.901062e-002
3.967023e+003;4.898574e-002
3.967505e+003;4.896248e-002
3.967988e+003;4.894611e-002
3.968470e+003;4.894259e-002
3.968952e+003;4.895557e-002
3.969434e+003;4.898817e-002
3.969916e+003;4.903689e-002
3.970398e+003;4.909455e-002
3.970880e+003;4.915087e-002
3.971363e+003;4.919461e-002
3.971845e+003;4.921724e-002
3.972327e+003;4.921563e-002
3.972809e+003;4.919208e-002
3.973291e+003;4.915511e-002
3.973773e+003;4.911596e-002
3.974255e+003;4.908440e-002
3.974738e+003;4.906691e-002
3.975219e+003;4.906608e-002
3.975702e+003;4.907976e-002
3.976184e+003;4.910292e-002
3.976666e+003;4.913138e-002
3.977148e+003;4.916269e-002
3.977630e+003;4.919469e-002
3.978112e+003;4.922778e-002
3.978594e+003;4.926060e-002
3.979077e+003;4.929044e-002
3.979559e+003;4.931189e-002
3.980041e+003;4.932030e-002
3.980523e+003;4.930999e-002
3.981005e+003;4.928000e-002
3.981487e+003;4.923194e-002
3.981969e+003;4.917057e-002
3.982452e+003;4.910308e-002
3.982934e+003;4.903558e-002
3.983416e+003;4.897362e-002
3.983898e+003;4.891913e-002
3.984380e+003;4.887113e-002
3.984862e+003;4.883032e-002
3.985344e+003;4.879385e-002
3.985827e+003;4.876145e-002
3.986309e+003;4.873297e-002
3.986791e+003;4.870721e-002
3.987273e+003;4.868348e-002
3.987755e+003;4.865920e-002
3.988237e+003;4.863328e-002
3.988719e+003;4.860436e-002
3.989202e+003;4.857421e-002
3.989684e+003;4.854636e-002
3.990166e+003;4.852531e-002
3.990648e+003;4.851716e-002
3.991130e+003;4.852602e-002
3.991612e+003;4.855283e-002
3.992094e+003;4.859651e-002
3.992576e+003;4.865422e-002
3.993059e+003;4.872024e-002
3.993541e+003;4.878940e-002
3.994023e+003;4.885560e-002
3.994505e+003;4.891418e-002
3.994987e+003;4.896066e-002
3.995469e+003;4.899216e-002
3.995951e+003;4.900788e-002
3.996434e+003;4.900835e-002
3.996916e+003;4.899601e-002
3.997398e+003;4.897480e-002
3.997880e+003;4.894746e-002
3.998362e+003;4.891657e-002
3.998844e+003;4.888254e-002
3.999326e+003;4.884332e-002
3.999809e+003;4.879551e-002
4.000291e+003;0.000000e+000
