3.996916e+002;0.000000e+000
4.001737e+002;2.325734e-001
4.006559e+002;2.339744e-001
4.011380e+002;2.352507e-001
4.016201e+002;2.355539e-001
4.021023e+002;2.340461e-001
4.025844e+002;2.304572e-001
4.030666e+002;2.253374e-001
4.035487e+002;2.198126e-001
4.040308e+002;2.150699e-001
4.045130e+002;2.118761e-001
4.049951e+002;2.104183e-001
4.054772e+002;2.103211e-001
4.059594e+002;2.108969e-001
4.064415e+002;2.114581e-001
4.069236e+002;2.116401e-001
4.074058e+002;2.114760e-001
4.078879e+002;2.112599e-001
4.083701e+002;2.112863e-001
4.088522e+002;2.116743e-001
4.093343e+002;2.123211e-001
4.098165e+002;2.130182e-001
4.102986e+002;2.136384e-001
4.107807e+002;2.142578e-001
4.112629e+002;2.151356e-001
4.117450e+002;2.165702e-001
4.122271e+002;2.187297e-001
4.127093e+002;2.215535e-001
4.131914e+002;2.247487e-001
4.136736e+002;2.279182e-001
4.141557e+002;2.307246e-001
4.146378e+002;2.330372e-001
4.151200e+002;2.349239e-001
4.156021e+002;2.365491e-001
4.160843e+002;2.380081e-001
4.165664e+002;2.392614e-001
4.170485e+002;2.401562e-001
4.175307e+002;2.405625e-001
4.180128e+002;2.405158e-001
4.184949e+002;2.402662e-001
4.189771e+002;2.401711e-001
4.194592e+002;2.405282e-001
4.199413e+002;2.414152e-001
4.204235e+002;2.426661e-001
4.209056e+002;2.439511e-001
4.213878e+002;2.449482e-001
4.218699e+002;2.455192e-001
4.223520e+002;2.457763e-001
4.228342e+002;2.460079e-001
4.233163e+002;2.465005e-001
4.237984e+002;2.473704e-001
4.242806e+002;2.484984e-001
4.247627e+002;2.495832e-001
4.252448e+002;2.503041e-001
4.257270e+002;2.504993e-001
4.262091e+002;2.502558e-001
4.266913e+002;2.498569e-001
4.271734e+002;2.496251e-001
4.276555e+002;2.497577e-001
4.281377e+002;2.502362e-001
4.286198e+002;2.508455e-001
4.291020e+002;2.513046e-001
4.295841e+002;2.514204e-001
4.300662e+002;2.511978e-001
4.305484e+002;2.508232e-001
4.310305e+002;2.505618e-001
4.315126e+002;2.506041e-001
4.319948e+002;2.509836e-001
4.324769e+002;2.515580e-001
4.329590e+002;2.520985e-001
4.334412e+002;2.524061e-001
4.339233e+002;2.524188e-001
4.344055e+002;2.522312e-001
4.348876e+002;2.520367e-001
4.353697e+002;2.520165e-001
4.358519e+002;2.522599e-001
4.363340e+002;2.527333e-001
4.368161e+002;2.533173e-001
4.372983e+002;2.538823e-001
4.377804e+002;2.543558e-001
4.382625e+002;2.547401e-001
4.387447e+002;2.550838e-001
4.392268e+002;2.554249e-001
4.397090e+002;2.557492e-001
4.401911e+002;2.559895e-001
4.406732e+002;2.560661e-001
4.411554e+002;2.559424e-001
4.416375e+002;2.556629e-001
4.421196e+002;2.553405e-001
4.426018e+002;2.551047e-001
4.430839e+002;2.550435e-001
4.435660e+002;2.551720e-001
4.440482e+002;2.554433e-001
4.445303e+002;2.557940e-001
4.450125e+002;2.561974e-001
4.454946e+002;2.566833e-001
4.459767e+002;2.573133e-001
4.464589e+002;2.581244e-001
4.469410e+002;2.590691e-001
4.474232e+002;2.600044e-001
4.479053e+002;2.607251e-001
4.483874e+002;2.610527e-001
4.488696e+002;2.609169e-001
4.493517e+002;2.604003e-001
4.498338e+002;2.597006e-001
4.503160e+002;2.590427e-001
4.507981e+002;2.585799e-001
4.512802e+002;2.583418e-001
4.517624e+002;2.582408e-001
4.522445e+002;2.581424e-001
4.527267e+002;2.579496e-001
4.532088e+002;2.576666e-001
4.536909e+002;2.573922e-001
4.541731e+002;2.572620e-001
4.546552e+002;2.573645e-001
4.551373e+002;2.576876e-001
4.556195e+002;2.581124e-001
4.561016e+002;2.584680e-001
4.565837e+002;2.586144e-001
4.570659e+002;2.585132e-001
4.575480e+002;2.582431e-001
4.580302e+002;2.579548e-001
4.585123e+002;2.577941e-001
4.589944e+002;2.578382e-001
4.594766e+002;2.580694e-001
4.599587e+002;2.584076e-001
4.604409e+002;2.587648e-001
4.609230e+002;2.590997e-001
4.614051e+002;2.594313e-001
4.618873e+002;2.598167e-001
4.623694e+002;2.602992e-001
4.628515e+002;2.608749e-001
4.633337e+002;2.614819e-001
4.638158e+002;2.620363e-001
4.642979e+002;2.624804e-001
4.647801e+002;2.628240e-001
4.652622e+002;2.631414e-001
4.657444e+002;2.635345e-001
4.662265e+002;2.640740e-001
4.667086e+002;2.647595e-001
4.671908e+002;2.655141e-001
4.676729e+002;2.662205e-001
4.681550e+002;2.667795e-001
4.686372e+002;2.671581e-001
4.691193e+002;2.673983e-001
4.696014e+002;2.675869e-001
4.700836e+002;2.678023e-001
4.705657e+002;2.680778e-001
4.710479e+002;2.683885e-001
4.715300e+002;2.686805e-001
4.720121e+002;2.689112e-001
4.724943e+002;2.690850e-001
4.729764e+002;2.692497e-001
4.734586e+002;2.694664e-001
4.739407e+002;2.697665e-001
4.744228e+002;2.701283e-001
4.749050e+002;2.704795e-001
4.753871e+002;2.707416e-001
4.758692e+002;2.708728e-001
4.763514e+002;2.709010e-001
4.768335e+002;2.709089e-001
4.773156e+002;2.709940e-001
4.777978e+002;2.712096e-001
4.782799e+002;2.715375e-001
4.787621e+002;2.718899e-001
4.792442e+002;2.721566e-001
4.797263e+002;2.722658e-001
4.802085e+002;2.722282e-001
4.806906e+002;2.721337e-001
4.811727e+002;2.721134e-001
4.816549e+002;2.722727e-001
4.821370e+002;2.726479e-001
4.826191e+002;2.731856e-001
4.831013e+002;2.737719e-001
4.835834e+002;2.742807e-001
4.840656e+002;2.746248e-001
4.845477e+002;2.747797e-001
4.850298e+002;2.747726e-001
4.855120e+002;2.746504e-001
4.859941e+002;2.744513e-001
4.864763e+002;2.741896e-001
4.869584e+002;2.738708e-001
4.874405e+002;2.735151e-001
4.879227e+002;2.731738e-001
4.884048e+002;2.729246e-001
4.888869e+002;2.728437e-001
4.893691e+002;2.729736e-001
4.898512e+002;2.733024e-001
4.903333e+002;2.737630e-001
4.908155e+002;2.742639e-001
4.912976e+002;2.747234e-001
4.917798e+002;2.751020e-001
4.922619e+002;2.754066e-001
4.927440e+002;2.756731e-001
4.932262e+002;2.759340e-001
4.937083e+002;2.762025e-001
4.941904e+002;2.764651e-001
4.946726e+002;2.767056e-001
4.951547e+002;2.769236e-001
4.956368e+002;2.771507e-001
4.961190e+002;2.774354e-001
4.966011e+002;2.778201e-001
4.970833e+002;2.783079e-001
4.975654e+002;2.788538e-001
4.980475e+002;2.793771e-001
4.985297e+002;2.797975e-001
4.990118e+002;2.800718e-001
4.994940e+002;2.802136e-001
4.999761e+002;2.802809e-001
5.004582e+002;2.803414e-001
5.009404e+002;2.804323e-001
5.014225e+002;2.805445e-001
5.019046e+002;2.806303e-001
5.023868e+002;2.806403e-001
5.028689e+002;2.805628e-001
5.033510e+002;2.804450e-001
5.038332e+002;2.803770e-001
5.043153e+002;2.804506e-001
5.047975e+002;2.807117e-001
5.052796e+002;2.811336e-001
5.057617e+002;2.816207e-001
5.062439e+002;2.820519e-001
5.067260e+002;2.823302e-001
5.072081e+002;2.824281e-001
5.076903e+002;2.823913e-001
5.081724e+002;2.823135e-001
5.086545e+002;2.822871e-001
5.091367e+002;2.823656e-001
5.096188e+002;2.825472e-001
5.101010e+002;2.827908e-001
5.105831e+002;2.830467e-001
5.110652e+002;2.832886e-001
5.115474e+002;2.835184e-001
5.120295e+002;2.837577e-001
5.125117e+002;2.840188e-001
5.129938e+002;2.842883e-001
5.134760e+002;2.845247e-001
5.139581e+002;2.846803e-001
5.144402e+002;2.847278e-001
5.149224e+002;2.846821e-001
5.154045e+002;2.845957e-001
5.158866e+002;2.845349e-001
5.163688e+002;2.845461e-001
5.168509e+002;2.846353e-001
5.173330e+002;2.847656e-001
5.178152e+002;2.848825e-001
5.182973e+002;2.849460e-001
5.187794e+002;2.849564e-001
5.192616e+002;2.849552e-001
5.197437e+002;2.850027e-001
5.202258e+002;2.851450e-001
5.207080e+002;2.853881e-001
5.211901e+002;2.856911e-001
5.216722e+002;2.859867e-001
5.221544e+002;2.862101e-001
5.226365e+002;2.863299e-001
5.231187e+002;2.863556e-001
5.236008e+002;2.863274e-001
5.240829e+002;2.862913e-001
5.245651e+002;2.862780e-001
5.250472e+002;2.862918e-001
5.255294e+002;2.863221e-001
5.260115e+002;2.863584e-001
5.264937e+002;2.864072e-001
5.269758e+002;2.864898e-001
5.274579e+002;2.866342e-001
5.279401e+002;2.868528e-001
5.284222e+002;2.871345e-001
5.289043e+002;2.874430e-001
5.293865e+002;2.877359e-001
5.298686e+002;2.879830e-001
5.303507e+002;2.881818e-001
5.308329e+002;2.883546e-001
5.313150e+002;2.885312e-001
5.317971e+002;2.887272e-001
5.322793e+002;2.889320e-001
5.327614e+002;2.891098e-001
5.332435e+002;2.892200e-001
5.337257e+002;2.892402e-001
5.342078e+002;2.891835e-001
5.346899e+002;2.890922e-001
5.351721e+002;2.890210e-001
5.356542e+002;2.890081e-001
5.361364e+002;2.890595e-001
5.366185e+002;2.891471e-001
5.371006e+002;2.892268e-001
5.375828e+002;2.892627e-001
5.380649e+002;2.892495e-001
5.385471e+002;2.892120e-001
5.390292e+002;2.891931e-001
5.395114e+002;2.892278e-001
5.399935e+002;2.893268e-001
5.404756e+002;2.894685e-001
5.409578e+002;2.896143e-001
5.414399e+002;2.897281e-001
5.419220e+002;2.897957e-001
5.424042e+002;2.898307e-001
5.428863e+002;2.898646e-001
5.433684e+002;2.899285e-001
5.438506e+002;2.900364e-001
5.443327e+002;2.901792e-001
5.448148e+002;2.903324e-001
5.452970e+002;2.904702e-001
5.457791e+002;2.905796e-001
5.462612e+002;2.906629e-001
5.467434e+002;2.907307e-001
5.472255e+002;2.907901e-001
5.477076e+002;2.908359e-001
5.481898e+002;2.908508e-001
5.486719e+002;2.908159e-001
5.491541e+002;2.907245e-001
5.496362e+002;2.905905e-001
5.501183e+002;2.904449e-001
5.506005e+002;2.903236e-001
5.510826e+002;2.902489e-001
5.515648e+002;2.902234e-001
5.520469e+002;2.902287e-001
5.525291e+002;2.902396e-001
5.530112e+002;2.902398e-001
5.534933e+002;2.902332e-001
5.539755e+002;2.902409e-001
5.544576e+002;2.902888e-001
5.549397e+002;2.903913e-001
5.554219e+002;2.905422e-001
5.559040e+002;2.907138e-001
5.563861e+002;2.908734e-001
5.568683e+002;2.909968e-001
5.573504e+002;2.910803e-001
5.578325e+002;2.911387e-001
5.583147e+002;2.911938e-001
5.587968e+002;2.912565e-001
5.592789e+002;2.913191e-001
5.597611e+002;2.913568e-001
5.602432e+002;2.913401e-001
5.607253e+002;2.912526e-001
5.612075e+002;2.911028e-001
5.616896e+002;2.909202e-001
5.621718e+002;2.907442e-001
5.626539e+002;2.906053e-001
5.631360e+002;2.905143e-001
5.636182e+002;2.904609e-001
5.641003e+002;2.904253e-001
5.645825e+002;2.903935e-001
5.650646e+002;2.903663e-001
5.655468e+002;2.903591e-001
5.660289e+002;2.903895e-001
5.665110e+002;2.904630e-001
5.669932e+002;2.905635e-001
5.674753e+002;2.906565e-001
5.679574e+002;2.907028e-001
5.684396e+002;2.906763e-001
5.689217e+002;2.905777e-001
5.694038e+002;2.904319e-001
5.698860e+002;2.902778e-001
5.703681e+002;2.901496e-001
5.708502e+002;2.900636e-001
5.713324e+002;2.900162e-001
5.718145e+002;2.899902e-001
5.722966e+002;2.899697e-001
5.727787e+002;2.899488e-001
5.732609e+002;2.899324e-001
5.737430e+002;2.899296e-001
5.742252e+002;2.899399e-001
5.747073e+002;2.899504e-001
5.751895e+002;2.899371e-001
5.756716e+002;2.898784e-001
5.761537e+002;2.897680e-001
5.766359e+002;2.896238e-001
5.771180e+002;2.894814e-001
5.776002e+002;2.893797e-001
5.780823e+002;2.893434e-001
5.785644e+002;2.893710e-001
5.790466e+002;2.894364e-001
5.795287e+002;2.895024e-001
5.800108e+002;2.895376e-001
5.804930e+002;2.895314e-001
5.809751e+002;2.894946e-001
5.814572e+002;2.894495e-001
5.819394e+002;2.894146e-001
5.824215e+002;2.893934e-001
5.829036e+002;2.893715e-001
5.833858e+002;2.893261e-001
5.838679e+002;2.892395e-001
5.843500e+002;2.891107e-001
5.848322e+002;2.889543e-001
5.853143e+002;2.887940e-001
5.857964e+002;2.886476e-001
5.862786e+002;2.885185e-001
5.867607e+002;2.883939e-001
5.872429e+002;2.882565e-001
5.877250e+002;2.880954e-001
5.882072e+002;2.879176e-001
5.886893e+002;2.877462e-001
5.891714e+002;2.876104e-001
5.896536e+002;2.875307e-001
5.901357e+002;2.875083e-001
5.906179e+002;2.875227e-001
5.911000e+002;2.875421e-001
5.915821e+002;2.875357e-001
5.920643e+002;2.874882e-001
5.925464e+002;2.874005e-001
5.930285e+002;2.872862e-001
5.935107e+002;2.871584e-001
5.939928e+002;2.870219e-001
5.944749e+002;2.868716e-001
5.949571e+002;2.866977e-001
5.954392e+002;2.864974e-001
5.959213e+002;2.862818e-001
5.964035e+002;2.860749e-001
5.968856e+002;2.859050e-001
5.973677e+002;2.857905e-001
5.978499e+002;2.857340e-001
5.983320e+002;2.857167e-001
5.988141e+002;2.857105e-001
5.992963e+002;2.856878e-001
5.997784e+002;2.856345e-001
6.002606e+002;2.855526e-001
6.007427e+002;2.854557e-001
6.012249e+002;2.853594e-001
6.017070e+002;2.852727e-001
6.021891e+002;2.851938e-001
6.026713e+002;2.851151e-001
6.031534e+002;2.850281e-001
6.036356e+002;2.849311e-001
6.041177e+002;2.848275e-001
6.045998e+002;2.847221e-001
6.050820e+002;2.846144e-001
6.055641e+002;2.844959e-001
6.060462e+002;2.843528e-001
6.065284e+002;2.841740e-001
6.070105e+002;2.839599e-001
6.074926e+002;2.837262e-001
6.079748e+002;2.834994e-001
6.084569e+002;2.833076e-001
6.089390e+002;2.831666e-001
6.094212e+002;2.830752e-001
6.099033e+002;2.830158e-001
6.103854e+002;2.829633e-001
6.108676e+002;2.828975e-001
6.113497e+002;2.828117e-001
6.118318e+002;2.827122e-001
6.123140e+002;2.826109e-001
6.127961e+002;2.825158e-001
6.132783e+002;2.824241e-001
6.137604e+002;2.823217e-001
6.142426e+002;2.821918e-001
6.147247e+002;2.820243e-001
6.152068e+002;2.818226e-001
6.156890e+002;2.816021e-001
6.161711e+002;2.813837e-001
6.166533e+002;2.811818e-001
6.171354e+002;2.809993e-001
6.176175e+002;2.808273e-001
6.180997e+002;2.806522e-001
6.185818e+002;2.804661e-001
6.190639e+002;2.802728e-001
6.195461e+002;2.800852e-001
6.200282e+002;2.799194e-001
6.205103e+002;2.797824e-001
6.209925e+002;2.796685e-001
6.214746e+002;2.795587e-001
6.219567e+002;2.794313e-001
6.224388e+002;2.792717e-001
6.229210e+002;2.790806e-001
6.234031e+002;2.788734e-001
6.238853e+002;2.786710e-001
6.243674e+002;2.784885e-001
6.248495e+002;2.783284e-001
6.253317e+002;2.781792e-001
6.258138e+002;2.780234e-001
6.262960e+002;2.778486e-001
6.267781e+002;2.776555e-001
6.272603e+002;2.774583e-001
6.277424e+002;2.772774e-001
6.282245e+002;2.771284e-001
6.287067e+002;2.770132e-001
6.291888e+002;2.769190e-001
6.296709e+002;2.768235e-001
6.301531e+002;2.767063e-001
6.306352e+002;2.765575e-001
6.311173e+002;2.763805e-001
6.315995e+002;2.761891e-001
6.320816e+002;2.759964e-001
6.325637e+002;2.758099e-001
6.330459e+002;2.756266e-001
6.335280e+002;2.754375e-001
6.340101e+002;2.752345e-001
6.344923e+002;2.750171e-001
6.349744e+002;2.747938e-001
6.354565e+002;2.745786e-001
6.359387e+002;2.743841e-001
6.364208e+002;2.742153e-001
6.369030e+002;2.740681e-001
6.373851e+002;2.739325e-001
6.378672e+002;2.737973e-001
6.383494e+002;2.736562e-001
6.388315e+002;2.735078e-001
6.393137e+002;2.733535e-001
6.397958e+002;2.731916e-001
6.402780e+002;2.730161e-001
6.407601e+002;2.728177e-001
6.412422e+002;2.725877e-001
6.417244e+002;2.723253e-001
6.422065e+002;2.720400e-001
6.426886e+002;2.717486e-001
6.431708e+002;2.714700e-001
6.436529e+002;2.712167e-001
6.441350e+002;2.709911e-001
6.446172e+002;2.707853e-001
6.450993e+002;2.705875e-001
6.455814e+002;2.703882e-001
6.460636e+002;2.701861e-001
6.465457e+002;2.699867e-001
6.470278e+002;2.697977e-001
6.475100e+002;2.696230e-001
6.479921e+002;2.694594e-001
6.484742e+002;2.692966e-001
6.489564e+002;2.691233e-001
6.494385e+002;2.689332e-001
6.499207e+002;2.687286e-001
6.504028e+002;2.685181e-001
6.508849e+002;2.683123e-001
6.513671e+002;2.681158e-001
6.518492e+002;2.679247e-001
6.523314e+002;2.677284e-001
6.528135e+002;2.675152e-001
6.532957e+002;2.672792e-001
6.537778e+002;2.670246e-001
6.542599e+002;2.667637e-001
6.547421e+002;2.665110e-001
6.552242e+002;2.662753e-001
6.557063e+002;2.660564e-001
6.561885e+002;2.658452e-001
6.566706e+002;2.656291e-001
6.571527e+002;2.653995e-001
6.576349e+002;2.651560e-001
6.581170e+002;2.649055e-001
6.585991e+002;2.646571e-001
6.590813e+002;2.644160e-001
6.595634e+002;2.641805e-001
6.600455e+002;2.639427e-001
6.605277e+002;2.636951e-001
6.610098e+002;2.634348e-001
6.614919e+002;2.631684e-001
6.619741e+002;2.629081e-001
6.624562e+002;2.626656e-001
6.629384e+002;2.624446e-001
6.634205e+002;2.622387e-001
6.639026e+002;2.620324e-001
6.643848e+002;2.618090e-001
6.648669e+002;2.615592e-001
6.653491e+002;2.612861e-001
6.658312e+002;2.610026e-001
6.663134e+002;2.607272e-001
6.667955e+002;2.604729e-001
6.672776e+002;2.602437e-001
6.677598e+002;2.600320e-001
6.682419e+002;2.598251e-001
6.687240e+002;2.596108e-001
6.692062e+002;2.593842e-001
6.696883e+002;2.591482e-001
6.701704e+002;2.589081e-001
6.706526e+002;2.586681e-001
6.711347e+002;2.584267e-001
6.716168e+002;2.581771e-001
6.720990e+002;2.579136e-001
6.725811e+002;2.576350e-001
6.730632e+002;2.573495e-001
6.735454e+002;2.570702e-001
6.740275e+002;2.568106e-001
6.745096e+002;2.565764e-001
6.749918e+002;2.563629e-001
6.754739e+002;2.561562e-001
6.759561e+002;2.559394e-001
6.764382e+002;2.557013e-001
6.769203e+002;2.554412e-001
6.774025e+002;2.551673e-001
6.778846e+002;2.548923e-001
6.783668e+002;2.546244e-001
6.788489e+002;2.543647e-001
6.793311e+002;2.541047e-001
6.798132e+002;2.538342e-001
6.802953e+002;2.535467e-001
6.807775e+002;2.532441e-001
6.812596e+002;2.529370e-001
6.817417e+002;2.526388e-001
6.822239e+002;2.523580e-001
6.827060e+002;2.520948e-001
6.831881e+002;2.518396e-001
6.836703e+002;2.515796e-001
6.841524e+002;2.513039e-001
6.846345e+002;2.510118e-001
6.851167e+002;2.507110e-001
6.855988e+002;2.504143e-001
6.860809e+002;2.501326e-001
6.865631e+002;2.498697e-001
6.870452e+002;2.496213e-001
6.875273e+002;2.493773e-001
6.880095e+002;2.491295e-001
6.884916e+002;2.488744e-001
6.889738e+002;2.486146e-001
6.894559e+002;2.483557e-001
6.899380e+002;2.480999e-001
6.904202e+002;2.478446e-001
6.909023e+002;2.475808e-001
6.913845e+002;2.472981e-001
6.918666e+002;2.469907e-001
6.923488e+002;2.466609e-001
6.928309e+002;2.463188e-001
6.933130e+002;2.459775e-001
6.937952e+002;2.456469e-001
6.942773e+002;2.453295e-001
6.947594e+002;2.450197e-001
6.952416e+002;2.447087e-001
6.957237e+002;2.443901e-001
6.962058e+002;2.440645e-001
6.966880e+002;2.437397e-001
6.971701e+002;2.434271e-001
6.976522e+002;2.431342e-001
6.981344e+002;2.428614e-001
6.986165e+002;2.426006e-001
6.990986e+002;2.423386e-001
6.995808e+002;2.420639e-001
7.000629e+002;2.417722e-001
7.005450e+002;2.414668e-001
7.010272e+002;2.411568e-001
7.015093e+002;2.408504e-001
7.019915e+002;2.405516e-001
7.024736e+002;2.402568e-001
7.029557e+002;2.399589e-001
7.034379e+002;2.396503e-001
7.039200e+002;2.393286e-001
7.044022e+002;2.389976e-001
7.048843e+002;2.386643e-001
7.053665e+002;2.383367e-001
7.058486e+002;2.380185e-001
7.063307e+002;2.377084e-001
7.068129e+002;2.374022e-001
7.072950e+002;2.370951e-001
7.077771e+002;2.367861e-001
7.082593e+002;2.364768e-001
7.087414e+002;2.361705e-001
7.092235e+002;2.358681e-001
7.097057e+002;2.355665e-001
7.101878e+002;2.352591e-001
7.106699e+002;2.349398e-001
7.111521e+002;2.346057e-001
7.116342e+002;2.342605e-001
7.121163e+002;2.339126e-001
7.125985e+002;2.335725e-001
7.130806e+002;2.332460e-001
7.135627e+002;2.329326e-001
7.140449e+002;2.326252e-001
7.145270e+002;2.323138e-001
7.150092e+002;2.319909e-001
7.154913e+002;2.316558e-001
7.159734e+002;2.313137e-001
7.164556e+002;2.309737e-001
7.169377e+002;2.306432e-001
7.174199e+002;2.303243e-001
7.179020e+002;2.300120e-001
7.183842e+002;2.296984e-001
7.188663e+002;2.293750e-001
7.193484e+002;2.290386e-001
7.198306e+002;2.286912e-001
7.203127e+002;2.283386e-001
7.207948e+002;2.279864e-001
7.212770e+002;2.276376e-001
7.217591e+002;2.272915e-001
7.222412e+002;2.269452e-001
7.227234e+002;2.265972e-001
7.232055e+002;2.262489e-001
7.236876e+002;2.259037e-001
7.241698e+002;2.255663e-001
7.246519e+002;2.252371e-001
7.251340e+002;2.249126e-001
7.256162e+002;2.245852e-001
7.260983e+002;2.242472e-001
7.265804e+002;2.238947e-001
7.270626e+002;2.235302e-001
7.275447e+002;2.231615e-001
7.280269e+002;2.227976e-001
7.285090e+002;2.224443e-001
7.289911e+002;2.221013e-001
7.294733e+002;2.217619e-001
7.299554e+002;2.214175e-001
7.304376e+002;2.210612e-001
7.309197e+002;2.206923e-001
7.314019e+002;2.203157e-001
7.318840e+002;2.199396e-001
7.323661e+002;2.195708e-001
7.328483e+002;2.192118e-001
7.333304e+002;2.188600e-001
7.338125e+002;2.185103e-001
7.342947e+002;2.181589e-001
7.347768e+002;2.178062e-001
7.352589e+002;2.174564e-001
7.357411e+002;2.171151e-001
7.362232e+002;2.167847e-001
7.367053e+002;2.164629e-001
7.371875e+002;2.161416e-001
7.376696e+002;2.158112e-001
7.381517e+002;2.154647e-001
7.386339e+002;2.151007e-001
7.391160e+002;2.147246e-001
7.395981e+002;2.143450e-001
7.400803e+002;2.139694e-001
7.405624e+002;2.136012e-001
7.410446e+002;2.132380e-001
7.415267e+002;2.128759e-001
7.420089e+002;2.125102e-001
7.424910e+002;2.121415e-001
7.429731e+002;2.117744e-001
7.434553e+002;2.114150e-001
7.439374e+002;2.110677e-001
7.444196e+002;2.107317e-001
7.449017e+002;2.104008e-001
7.453838e+002;2.100653e-001
7.458660e+002;2.097172e-001
7.463481e+002;2.093527e-001
7.468302e+002;2.089737e-001
7.473124e+002;2.085867e-001
7.477945e+002;2.081974e-001
7.482766e+002;2.078099e-001
7.487588e+002;2.074238e-001
7.492409e+002;2.070367e-001
7.497230e+002;2.066457e-001
7.502052e+002;2.062514e-001
7.506873e+002;2.058572e-001
7.511694e+002;2.054682e-001
7.516516e+002;2.050881e-001
7.521337e+002;2.047175e-001
7.526158e+002;2.043532e-001
7.530980e+002;2.039909e-001
7.535801e+002;2.036269e-001
7.540623e+002;2.032613e-001
7.545444e+002;2.028970e-001
7.550266e+002;2.025378e-001
7.555087e+002;2.021856e-001
7.559908e+002;2.018386e-001
7.564730e+002;2.014917e-001
7.569551e+002;2.011387e-001
7.574373e+002;2.007764e-001
7.579194e+002;2.004068e-001
7.584015e+002;2.000355e-001
7.588837e+002;1.996706e-001
7.593658e+002;1.993162e-001
7.598479e+002;1.989722e-001
7.603301e+002;1.986314e-001
7.608122e+002;1.982850e-001
7.612943e+002;1.979253e-001
7.617765e+002;1.975498e-001
7.622586e+002;1.971623e-001
7.627407e+002;1.967706e-001
7.632229e+002;1.963822e-001
7.637050e+002;1.960010e-001
7.641871e+002;1.956257e-001
7.646693e+002;1.952511e-001
7.651514e+002;1.948708e-001
7.656335e+002;1.944818e-001
7.661157e+002;1.940845e-001
7.665978e+002;1.936826e-001
7.670800e+002;1.932805e-001
7.675621e+002;1.928807e-001
7.680443e+002;1.924827e-001
7.685264e+002;1.920842e-001
7.690085e+002;1.916832e-001
7.694907e+002;1.912800e-001
7.699728e+002;1.908775e-001
7.704550e+002;1.904804e-001
7.709371e+002;1.900907e-001
7.714192e+002;1.897077e-001
7.719014e+002;1.893263e-001
7.723835e+002;1.889401e-001
7.728656e+002;1.885440e-001
7.733478e+002;1.881377e-001
7.738299e+002;1.877255e-001
7.743120e+002;1.873155e-001
7.747942e+002;1.869151e-001
7.752763e+002;1.865286e-001
7.757584e+002;1.861548e-001
7.762406e+002;1.857889e-001
7.767227e+002;1.854231e-001
7.772048e+002;1.850523e-001
7.776870e+002;1.846736e-001
7.781691e+002;1.842876e-001
7.786512e+002;1.838958e-001
7.791334e+002;1.834999e-001
7.796155e+002;1.830999e-001
7.800977e+002;1.826949e-001
7.805798e+002;1.822843e-001
7.810620e+002;1.818694e-001
7.815441e+002;1.814529e-001
7.820262e+002;1.810391e-001
7.825084e+002;1.806297e-001
7.829905e+002;1.802249e-001
7.834727e+002;1.798221e-001
7.839548e+002;1.794184e-001
7.844369e+002;1.790121e-001
7.849191e+002;1.786058e-001
7.854012e+002;1.782045e-001
7.858833e+002;1.778145e-001
7.863655e+002;1.774394e-001
7.868476e+002;1.770782e-001
7.873297e+002;1.767236e-001
7.878119e+002;1.763657e-001
7.882940e+002;1.759944e-001
7.887761e+002;1.756043e-001
7.892583e+002;1.751954e-001
7.897404e+002;1.747740e-001
7.902225e+002;1.743484e-001
7.907047e+002;1.739265e-001
7.911868e+002;1.735132e-001
7.916689e+002;1.731090e-001
7.921511e+002;1.727119e-001
7.926332e+002;1.723192e-001
7.931154e+002;1.719289e-001
7.935975e+002;1.715410e-001
7.940797e+002;1.711549e-001
7.945618e+002;1.707706e-001
7.950439e+002;1.703861e-001
7.955261e+002;1.699988e-001
7.960082e+002;1.696066e-001
7.964904e+002;1.692085e-001
7.969725e+002;1.688062e-001
7.974546e+002;1.684024e-001
7.979368e+002;1.679995e-001
7.984189e+002;1.675984e-001
7.989010e+002;1.671980e-001
7.993832e+002;1.667961e-001
7.998653e+002;1.663905e-001
8.003474e+002;1.659814e-001
8.008296e+002;1.655704e-001
8.013117e+002;1.651613e-001
8.017938e+002;1.647568e-001
8.022760e+002;1.643583e-001
8.027581e+002;1.639636e-001
8.032402e+002;1.635696e-001
8.037224e+002;1.631717e-001
8.042045e+002;1.627677e-001
8.046866e+002;1.623567e-001
8.051688e+002;1.619411e-001
8.056509e+002;1.615231e-001
8.061331e+002;1.611065e-001
8.066152e+002;1.606935e-001
8.070974e+002;1.602872e-001
8.075795e+002;1.598890e-001
8.080616e+002;1.595011e-001
8.085438e+002;1.591248e-001
8.090259e+002;1.587594e-001
8.095081e+002;1.584019e-001
8.099902e+002;1.580467e-001
8.104723e+002;1.576868e-001
8.109545e+002;1.573167e-001
8.114366e+002;1.569323e-001
8.119187e+002;1.565339e-001
8.124009e+002;1.561239e-001
8.128830e+002;1.557065e-001
8.133651e+002;1.552842e-001
8.138473e+002;1.548580e-001
8.143294e+002;1.544275e-001
8.148115e+002;1.539919e-001
8.152937e+002;1.535523e-001
8.157758e+002;1.531124e-001
8.162579e+002;1.526775e-001
8.167401e+002;1.522536e-001
8.172222e+002;1.518434e-001
8.177043e+002;1.514470e-001
8.181865e+002;1.510606e-001
8.186686e+002;1.506789e-001
8.191508e+002;1.502971e-001
8.196329e+002;1.499134e-001
8.201151e+002;1.495283e-001
8.205972e+002;1.491438e-001
8.210793e+002;1.487605e-001
8.215615e+002;1.483767e-001
8.220436e+002;1.479878e-001
8.225258e+002;1.475883e-001
8.230079e+002;1.471732e-001
8.234900e+002;1.467417e-001
8.239722e+002;1.462969e-001
8.244543e+002;1.458455e-001
8.249364e+002;1.453949e-001
8.254186e+002;1.449514e-001
8.259007e+002;1.445185e-001
8.263828e+002;1.440961e-001
8.268650e+002;1.436816e-001
8.273471e+002;1.432723e-001
8.278292e+002;1.428654e-001
8.283114e+002;1.424596e-001
8.287935e+002;1.420545e-001
8.292756e+002;1.416506e-001
8.297578e+002;1.412484e-001
8.302399e+002;1.408488e-001
8.307220e+002;1.404529e-001
8.312042e+002;1.400619e-001
8.316863e+002;1.396768e-001
8.321685e+002;1.392970e-001
8.326506e+002;1.389203e-001
8.331328e+002;1.385426e-001
8.336149e+002;1.381590e-001
8.340970e+002;1.377651e-001
8.345792e+002;1.373583e-001
8.350613e+002;1.369393e-001
8.355435e+002;1.365117e-001
8.360256e+002;1.360807e-001
8.365077e+002;1.356514e-001
8.369899e+002;1.352282e-001
8.374720e+002;1.348132e-001
8.379541e+002;1.344078e-001
8.384363e+002;1.340115e-001
8.389184e+002;1.336238e-001
8.394005e+002;1.332436e-001
8.398827e+002;1.328696e-001
8.403648e+002;1.324987e-001
8.408469e+002;1.321277e-001
8.413291e+002;1.317525e-001
8.418112e+002;1.313700e-001
8.422933e+002;1.309789e-001
8.427755e+002;1.305799e-001
8.432576e+002;1.301749e-001
8.437397e+002;1.297662e-001
8.442219e+002;1.293546e-001
8.447040e+002;1.289401e-001
8.451862e+002;1.285210e-001
8.456683e+002;1.280967e-001
8.461505e+002;1.276676e-001
8.466326e+002;1.272367e-001
8.471147e+002;1.268079e-001
8.475969e+002;1.263851e-001
8.480790e+002;1.259705e-001
8.485612e+002;1.255640e-001
8.490433e+002;1.251632e-001
8.495254e+002;1.247654e-001
8.500076e+002;1.243687e-001
8.504897e+002;1.239736e-001
8.509718e+002;1.235826e-001
8.514540e+002;1.231985e-001
8.519361e+002;1.228231e-001
8.524182e+002;1.224560e-001
8.529004e+002;1.220936e-001
8.533825e+002;1.217318e-001
8.538646e+002;1.213659e-001
8.543468e+002;1.209937e-001
8.548289e+002;1.206146e-001
8.553110e+002;1.202305e-001
8.557932e+002;1.198429e-001
8.562753e+002;1.194537e-001
8.567574e+002;1.190629e-001
8.572396e+002;1.186709e-001
8.577217e+002;1.182773e-001
8.582039e+002;1.178841e-001
8.586860e+002;1.174939e-001
8.591682e+002;1.171104e-001
8.596503e+002;1.167357e-001
8.601324e+002;1.163711e-001
8.606146e+002;1.160147e-001
8.610967e+002;1.156633e-001
8.615789e+002;1.153124e-001
8.620610e+002;1.149586e-001
8.625431e+002;1.145995e-001
8.630253e+002;1.142347e-001
8.635074e+002;1.138646e-001
8.639895e+002;1.134909e-001
8.644717e+002;1.131153e-001
8.649538e+002;1.127400e-001
8.654359e+002;1.123663e-001
8.659181e+002;1.119958e-001
8.664002e+002;1.116290e-001
8.668823e+002;1.112645e-001
8.673645e+002;1.108999e-001
8.678466e+002;1.105316e-001
8.683287e+002;1.101561e-001
8.688109e+002;1.097720e-001
8.692930e+002;1.093799e-001
8.697751e+002;1.089841e-001
8.702573e+002;1.085897e-001
8.707394e+002;1.082022e-001
8.712216e+002;1.078247e-001
8.717037e+002;1.074567e-001
8.721859e+002;1.070951e-001
8.726680e+002;1.067351e-001
8.731501e+002;1.063723e-001
8.736323e+002;1.060053e-001
8.741144e+002;1.056348e-001
8.745966e+002;1.052644e-001
8.750787e+002;1.048975e-001
8.755608e+002;1.045366e-001
8.760430e+002;1.041814e-001
8.765251e+002;1.038295e-001
8.770072e+002;1.034770e-001
8.774894e+002;1.031204e-001
8.779715e+002;1.027581e-001
8.784536e+002;1.023906e-001
8.789358e+002;1.020201e-001
8.794179e+002;1.016503e-001
8.799000e+002;1.012850e-001
8.803822e+002;1.009273e-001
8.808643e+002;1.005785e-001
8.813464e+002;1.002393e-001
8.818286e+002;9.990823e-002
8.823107e+002;9.958281e-002
8.827928e+002;9.925945e-002
8.832750e+002;9.893470e-002
8.837571e+002;9.860545e-002
8.842393e+002;9.827039e-002
8.847214e+002;9.792997e-002
8.852036e+002;9.758631e-002
8.856857e+002;9.724247e-002
8.861678e+002;9.690122e-002
8.866500e+002;9.656361e-002
8.871321e+002;9.622926e-002
8.876143e+002;9.589625e-002
8.880964e+002;9.556282e-002
8.885785e+002;9.522791e-002
8.890607e+002;9.489304e-002
8.895428e+002;9.456096e-002
8.900249e+002;9.423540e-002
8.905071e+002;9.391917e-002
8.909892e+002;9.361299e-002
8.914713e+002;9.331495e-002
8.919535e+002;9.302142e-002
8.924356e+002;9.272789e-002
8.929177e+002;9.243099e-002
8.933999e+002;9.212854e-002
8.938820e+002;9.182053e-002
8.943641e+002;9.150802e-002
8.948463e+002;9.119282e-002
8.953284e+002;9.087629e-002
8.958105e+002;9.055932e-002
8.962927e+002;9.024256e-002
8.967748e+002;8.992678e-002
8.972570e+002;8.961251e-002
8.977391e+002;8.930101e-002
8.982213e+002;8.899225e-002
8.987034e+002;8.868662e-002
8.991855e+002;8.838295e-002
8.996677e+002;8.808058e-002
9.001498e+002;8.777853e-002
9.006320e+002;8.747698e-002
9.011141e+002;8.717702e-002
9.015962e+002;8.688046e-002
9.020784e+002;8.658884e-002
9.025605e+002;8.630326e-002
9.030426e+002;8.602373e-002
9.035248e+002;8.574942e-002
9.040069e+002;8.547893e-002
9.044890e+002;8.521128e-002
9.049712e+002;8.494635e-002
9.054533e+002;8.468420e-002
9.059354e+002;8.442536e-002
9.064176e+002;8.416989e-002
9.068997e+002;8.391660e-002
9.073818e+002;8.366401e-002
9.078640e+002;8.340924e-002
9.083461e+002;8.315024e-002
9.088282e+002;8.288532e-002
9.093104e+002;8.261468e-002
9.097925e+002;8.233938e-002
9.102747e+002;8.206229e-002
9.107568e+002;8.178639e-002
9.112390e+002;8.151533e-002
9.117211e+002;8.125158e-002
9.122032e+002;8.099683e-002
9.126854e+002;8.075114e-002
9.131675e+002;8.051272e-002
9.136496e+002;8.027835e-002
9.141318e+002;8.004478e-002
9.146139e+002;7.980841e-002
9.150960e+002;7.956772e-002
9.155782e+002;7.932264e-002
9.160603e+002;7.907569e-002
9.165424e+002;7.883023e-002
9.170246e+002;7.859006e-002
9.175067e+002;7.835749e-002
9.179888e+002;7.813276e-002
9.184710e+002;7.791435e-002
9.189531e+002;7.769891e-002
9.194352e+002;7.748315e-002
9.199174e+002;7.726512e-002
9.203995e+002;7.704403e-002
9.208817e+002;7.682117e-002
9.213638e+002;7.659826e-002
9.218459e+002;7.637707e-002
9.223281e+002;7.615828e-002
9.228102e+002;7.594113e-002
9.232924e+002;7.572386e-002
9.237745e+002;7.550441e-002
9.242567e+002;7.528134e-002
9.247388e+002;7.505395e-002
9.252209e+002;7.482255e-002
9.257031e+002;7.458840e-002
9.261852e+002;7.435293e-002
9.266673e+002;7.411756e-002
9.271495e+002;7.388326e-002
9.276316e+002;7.365100e-002
9.281137e+002;7.342144e-002
9.285959e+002;7.319529e-002
9.290780e+002;7.297297e-002
9.295601e+002;7.275496e-002
9.300423e+002;7.254128e-002
9.305244e+002;7.233118e-002
9.310065e+002;7.212360e-002
9.314887e+002;7.191728e-002
9.319708e+002;7.171104e-002
9.324529e+002;7.150397e-002
9.329351e+002;7.129582e-002
9.334172e+002;7.108688e-002
9.338994e+002;7.087812e-002
9.343815e+002;7.067090e-002
9.348636e+002;7.046624e-002
9.353458e+002;7.026496e-002
9.358279e+002;7.006719e-002
9.363101e+002;6.987254e-002
9.367922e+002;6.967973e-002
9.372744e+002;6.948800e-002
9.377565e+002;6.929627e-002
9.382386e+002;6.910490e-002
9.387208e+002;6.891451e-002
9.392029e+002;6.872665e-002
9.396850e+002;6.854271e-002
9.401672e+002;6.836376e-002
9.406493e+002;6.818955e-002
9.411314e+002;6.801911e-002
9.416136e+002;6.785049e-002
9.420957e+002;6.768203e-002
9.425778e+002;6.751257e-002
9.430600e+002;6.734198e-002
9.435421e+002;6.717104e-002
9.440242e+002;6.700107e-002
9.445064e+002;6.683275e-002
9.449885e+002;6.666632e-002
9.454706e+002;6.650060e-002
9.459528e+002;6.633415e-002
9.464349e+002;6.616551e-002
9.469171e+002;6.599396e-002
9.473992e+002;6.582018e-002
9.478813e+002;6.564560e-002
9.483635e+002;6.547228e-002
9.488456e+002;6.530229e-002
9.493278e+002;6.513663e-002
9.498099e+002;6.497546e-002
9.502921e+002;6.481803e-002
9.507742e+002;6.466359e-002
9.512563e+002;6.451141e-002
9.517385e+002;6.436133e-002
9.522206e+002;6.421348e-002
9.527027e+002;6.406792e-002
9.531849e+002;6.392423e-002
9.536670e+002;6.378157e-002
9.541491e+002;6.363849e-002
9.546313e+002;6.349418e-002
9.551134e+002;6.334824e-002
9.555955e+002;6.320187e-002
9.560777e+002;6.305671e-002
9.565598e+002;6.291568e-002
9.570419e+002;6.278098e-002
9.575241e+002;6.265397e-002
9.580062e+002;6.253473e-002
9.584883e+002;6.242198e-002
9.589705e+002;6.231378e-002
9.594526e+002;6.220794e-002
9.599348e+002;6.210289e-002
9.604169e+002;6.199803e-002
9.608990e+002;6.189348e-002
9.613812e+002;6.178998e-002
9.618633e+002;6.168768e-002
9.623455e+002;6.158687e-002
9.628276e+002;6.148658e-002
9.633098e+002;6.138558e-002
9.637919e+002;6.128239e-002
9.642740e+002;6.117605e-002
9.647562e+002;6.106609e-002
9.652383e+002;6.095288e-002
9.657204e+002;6.083756e-002
9.662026e+002;6.072124e-002
9.666847e+002;6.060529e-002
9.671668e+002;6.049066e-002
9.676490e+002;6.037771e-002
9.681311e+002;6.026686e-002
9.686132e+002;6.015801e-002
9.690954e+002;6.005140e-002
9.695775e+002;5.994719e-002
9.700596e+002;5.984582e-002
9.705418e+002;5.974760e-002
9.710239e+002;5.965276e-002
9.715060e+002;5.956086e-002
9.719882e+002;5.947163e-002
9.724703e+002;5.938413e-002
9.729525e+002;5.929818e-002
9.734346e+002;5.921337e-002
9.739167e+002;5.913038e-002
9.743989e+002;5.905006e-002
9.748810e+002;5.897377e-002
9.753632e+002;5.890266e-002
9.758453e+002;5.883736e-002
9.763275e+002;5.877777e-002
9.768096e+002;5.872315e-002
9.772917e+002;5.867174e-002
9.777739e+002;5.862188e-002
9.782560e+002;5.857147e-002
9.787381e+002;5.851940e-002
9.792203e+002;5.846493e-002
9.797024e+002;5.840851e-002
9.801845e+002;5.835053e-002
9.806667e+002;5.829250e-002
9.811488e+002;5.823550e-002
9.816309e+002;5.818092e-002
9.821131e+002;5.813005e-002
9.825952e+002;5.808361e-002
9.830773e+002;5.804210e-002
9.835595e+002;5.800594e-002
9.840416e+002;5.797487e-002
9.845237e+002;5.794864e-002
9.850059e+002;5.792621e-002
9.854880e+002;5.790658e-002
9.859702e+002;5.788830e-002
9.864523e+002;5.787016e-002
9.869344e+002;5.785105e-002
9.874166e+002;5.783006e-002
9.878987e+002;5.780695e-002
9.883809e+002;5.778136e-002
9.888630e+002;5.775306e-002
9.893452e+002;5.772201e-002
9.898273e+002;5.768782e-002
9.903094e+002;5.765057e-002
9.907916e+002;5.761009e-002
9.912737e+002;5.756686e-002
9.917558e+002;5.752196e-002
9.922380e+002;5.747684e-002
9.927201e+002;5.743319e-002
9.932022e+002;5.739250e-002
9.936844e+002;5.735544e-002
9.941665e+002;5.732176e-002
9.946486e+002;5.729000e-002
9.951308e+002;5.725825e-002
9.956129e+002;5.722440e-002
9.960950e+002;5.718700e-002
9.965772e+002;5.714555e-002
9.970593e+002;5.710093e-002
9.975414e+002;5.705503e-002
9.980236e+002;5.700994e-002
9.985057e+002;5.696746e-002
9.989879e+002;5.692833e-002
9.994700e+002;5.689212e-002
9.999521e+002;5.685702e-002
1.000434e+003;5.682089e-002
1.000916e+003;5.678164e-002
1.001399e+003;5.673783e-002
1.001881e+003;5.668934e-002
1.002363e+003;5.663690e-002
1.002845e+003;5.658225e-002
1.003327e+003;5.652739e-002
1.003809e+003;5.647412e-002
1.004291e+003;5.642369e-002
1.004773e+003;5.637647e-002
1.005256e+003;5.633224e-002
1.005738e+003;5.629068e-002
1.006220e+003;5.625096e-002
1.006702e+003;5.621275e-002
1.007184e+003;5.617582e-002
1.007666e+003;5.614062e-002
1.008148e+003;5.610752e-002
1.008631e+003;5.607772e-002
1.009113e+003;5.605201e-002
1.009595e+003;5.603141e-002
1.010077e+003;5.601650e-002
1.010559e+003;5.600743e-002
1.011041e+003;5.600355e-002
1.011523e+003;5.600381e-002
1.012006e+003;5.600609e-002
1.012488e+003;5.600876e-002
1.012970e+003;5.600935e-002
1.013452e+003;5.600673e-002
1.013934e+003;5.600013e-002
1.014416e+003;5.599031e-002
1.014898e+003;5.597832e-002
1.015381e+003;5.596617e-002
1.015863e+003;5.595586e-002
1.016345e+003;5.594887e-002
1.016827e+003;5.594604e-002
1.017309e+003;5.594690e-002
1.017791e+003;5.595006e-002
1.018273e+003;5.595394e-002
1.018755e+003;5.595610e-002
1.019238e+003;5.595501e-002
1.019720e+003;5.594941e-002
1.020202e+003;5.593942e-002
1.020684e+003;5.592547e-002
1.021166e+003;5.590927e-002
1.021648e+003;5.589243e-002
1.022130e+003;5.587725e-002
1.022613e+003;5.586514e-002
1.023095e+003;5.585773e-002
1.023577e+003;5.585549e-002
1.024059e+003;5.585860e-002
1.024541e+003;5.586676e-002
1.025023e+003;5.587935e-002
1.025505e+003;5.589530e-002
1.025988e+003;5.591410e-002
1.026470e+003;5.593514e-002
1.026952e+003;5.595797e-002
1.027434e+003;5.598232e-002
1.027916e+003;5.600793e-002
1.028398e+003;5.603463e-002
1.028880e+003;5.606194e-002
1.029363e+003;5.608922e-002
1.029845e+003;5.611631e-002
1.030327e+003;5.614268e-002
1.030809e+003;5.616827e-002
1.031291e+003;5.619283e-002
1.031773e+003;5.621569e-002
1.032255e+003;5.623614e-002
1.032738e+003;5.625247e-002
1.033220e+003;5.626303e-002
1.033702e+003;5.626605e-002
1.034184e+003;5.626100e-002
1.034666e+003;5.624845e-002
1.035148e+003;5.623019e-002
1.035630e+003;5.620969e-002
1.036112e+003;5.619018e-002
1.036594e+003;5.617470e-002
1.037077e+003;5.616442e-002
1.037559e+003;5.615884e-002
1.038041e+003;5.615564e-002
1.038523e+003;5.615189e-002
1.039005e+003;5.614441e-002
1.039487e+003;5.613133e-002
1.039969e+003;5.611218e-002
1.040452e+003;5.608777e-002
1.040934e+003;5.605957e-002
1.041416e+003;5.602936e-002
1.041898e+003;5.599813e-002
1.042380e+003;5.596660e-002
1.042862e+003;5.593485e-002
1.043344e+003;5.590346e-002
1.043827e+003;5.587353e-002
1.044309e+003;5.584672e-002
1.044791e+003;5.582511e-002
1.045273e+003;5.581060e-002
1.045755e+003;5.580433e-002
1.046237e+003;5.580651e-002
1.046719e+003;5.581588e-002
1.047202e+003;5.583103e-002
1.047684e+003;5.585012e-002
1.048166e+003;5.587196e-002
1.048648e+003;5.589545e-002
1.049130e+003;5.592072e-002
1.049612e+003;5.594780e-002
1.050094e+003;5.597671e-002
1.050577e+003;5.600769e-002
1.051059e+003;5.604076e-002
1.051541e+003;5.607565e-002
1.052023e+003;5.611246e-002
1.052505e+003;5.615057e-002
1.052987e+003;5.618971e-002
1.053469e+003;5.622848e-002
1.053951e+003;5.626589e-002
1.054434e+003;5.629980e-002
1.054916e+003;5.632874e-002
1.055398e+003;5.635193e-002
1.055880e+003;5.636958e-002
1.056362e+003;5.638270e-002
1.056844e+003;5.639314e-002
1.057326e+003;5.640244e-002
1.057809e+003;5.641147e-002
1.058291e+003;5.641962e-002
1.058773e+003;5.642519e-002
1.059255e+003;5.642587e-002
1.059737e+003;5.641976e-002
1.060219e+003;5.640569e-002
1.060701e+003;5.638450e-002
1.061184e+003;5.635831e-002
1.061666e+003;5.633041e-002
1.062148e+003;5.630351e-002
1.062630e+003;5.627973e-002
1.063112e+003;5.625904e-002
1.063594e+003;5.623957e-002
1.064076e+003;5.621792e-002
1.064559e+003;5.619054e-002
1.065041e+003;5.615457e-002
1.065523e+003;5.610905e-002
1.066005e+003;5.605492e-002
1.066487e+003;5.599514e-002
1.066969e+003;5.593397e-002
1.067451e+003;5.587547e-002
1.067933e+003;5.582270e-002
1.068416e+003;5.577714e-002
1.068898e+003;5.573844e-002
1.069380e+003;5.570519e-002
1.069862e+003;5.567475e-002
1.070344e+003;5.564531e-002
1.070826e+003;5.561503e-002
1.071308e+003;5.558347e-002
1.071791e+003;5.555037e-002
1.072273e+003;5.551640e-002
1.072755e+003;5.548203e-002
1.073237e+003;5.544810e-002
1.073719e+003;5.541554e-002
1.074201e+003;5.538557e-002
1.074683e+003;5.535983e-002
1.075166e+003;5.534079e-002
1.075648e+003;5.533050e-002
1.076130e+003;5.533082e-002
1.076612e+003;5.534226e-002
1.077094e+003;5.536406e-002
1.077576e+003;5.539361e-002
1.078058e+003;5.542719e-002
1.078541e+003;5.546013e-002
1.079023e+003;5.548800e-002
1.079505e+003;5.550721e-002
1.079987e+003;5.551548e-002
1.080469e+003;5.551185e-002
1.080951e+003;5.549675e-002
1.081433e+003;5.547159e-002
1.081916e+003;5.543847e-002
1.082398e+003;5.539905e-002
1.082880e+003;5.535468e-002
1.083362e+003;5.530591e-002
1.083844e+003;5.525281e-002
1.084326e+003;5.519454e-002
1.084808e+003;5.513049e-002
1.085290e+003;5.505981e-002
1.085772e+003;5.498246e-002
1.086255e+003;5.489919e-002
1.086737e+003;5.481128e-002
1.087219e+003;5.472070e-002
1.087701e+003;5.462986e-002
1.088183e+003;5.454091e-002
1.088665e+003;5.445587e-002
1.089147e+003;5.437580e-002
1.089630e+003;5.430158e-002
1.090112e+003;5.423349e-002
1.090594e+003;5.417166e-002
1.091076e+003;5.411618e-002
1.091558e+003;5.406752e-002
1.092040e+003;5.402567e-002
1.092522e+003;5.399171e-002
1.093005e+003;5.396555e-002
1.093487e+003;5.394735e-002
1.093969e+003;5.393629e-002
1.094451e+003;5.393122e-002
1.094933e+003;5.393006e-002
1.095415e+003;5.393113e-002
1.095897e+003;5.393262e-002
1.096380e+003;5.393384e-002
1.096862e+003;5.393514e-002
1.097344e+003;5.393803e-002
1.097826e+003;5.394467e-002
1.098308e+003;5.395777e-002
1.098790e+003;5.397929e-002
1.099272e+003;5.401019e-002
1.099755e+003;5.405021e-002
1.100237e+003;5.409804e-002
1.100719e+003;5.415106e-002
1.101201e+003;5.420691e-002
1.101683e+003;5.426269e-002
1.102165e+003;5.431617e-002
1.102647e+003;5.436487e-002
1.103129e+003;5.440661e-002
1.103612e+003;5.443907e-002
1.104094e+003;5.446039e-002
1.104576e+003;5.446922e-002
1.105058e+003;5.446575e-002
1.105540e+003;5.445156e-002
1.106022e+003;5.442955e-002
1.106504e+003;5.440342e-002
1.106987e+003;5.437685e-002
1.107469e+003;5.435288e-002
1.107951e+003;5.433288e-002
1.108433e+003;5.431711e-002
1.108915e+003;5.430454e-002
1.109397e+003;5.429395e-002
1.109879e+003;5.428380e-002
1.110362e+003;5.427263e-002
1.110844e+003;5.425937e-002
1.111326e+003;5.424302e-002
1.111808e+003;5.422251e-002
1.112290e+003;5.419704e-002
1.112772e+003;5.416691e-002
1.113254e+003;5.413323e-002
1.113736e+003;5.409880e-002
1.114219e+003;5.406675e-002
1.114701e+003;5.404049e-002
1.115183e+003;5.402203e-002
1.115665e+003;5.401153e-002
1.116147e+003;5.400639e-002
1.116629e+003;5.400313e-002
1.117111e+003;5.399726e-002
1.117594e+003;5.398573e-002
1.118076e+003;5.396704e-002
1.118558e+003;5.394255e-002
1.119040e+003;5.391547e-002
1.119522e+003;5.388970e-002
1.120004e+003;5.386877e-002
1.120486e+003;5.385454e-002
1.120969e+003;5.384723e-002
1.121451e+003;5.384507e-002
1.121933e+003;5.384488e-002
1.122415e+003;5.384440e-002
1.122897e+003;5.384084e-002
1.123379e+003;5.383346e-002
1.123861e+003;5.382229e-002
1.124344e+003;5.380879e-002
1.124826e+003;5.379478e-002
1.125308e+003;5.378249e-002
1.125790e+003;5.377357e-002
1.126272e+003;5.376947e-002
1.126754e+003;5.377065e-002
1.127236e+003;5.377737e-002
1.127719e+003;5.378923e-002
1.128201e+003;5.380572e-002
1.128683e+003;5.382642e-002
1.129165e+003;5.385076e-002
1.129647e+003;5.387812e-002
1.130129e+003;5.390807e-002
1.130611e+003;5.393904e-002
1.131093e+003;5.396986e-002
1.131576e+003;5.399845e-002
1.132058e+003;5.402358e-002
1.132540e+003;5.404412e-002
1.133022e+003;5.406059e-002
1.133504e+003;5.407362e-002
1.133986e+003;5.408526e-002
1.134468e+003;5.409703e-002
1.134950e+003;5.411090e-002
1.135433e+003;5.412732e-002
1.135915e+003;5.414661e-002
1.136397e+003;5.416850e-002
1.136879e+003;5.419261e-002
1.137361e+003;5.421859e-002
1.137843e+003;5.424628e-002
1.138325e+003;5.427499e-002
1.138808e+003;5.430409e-002
1.139290e+003;5.433210e-002
1.139772e+003;5.435728e-002
1.140254e+003;5.437816e-002
1.140736e+003;5.439383e-002
1.141218e+003;5.440436e-002
1.141700e+003;5.441134e-002
1.142183e+003;5.441666e-002
1.142665e+003;5.442277e-002
1.143147e+003;5.443154e-002
1.143629e+003;5.444396e-002
1.144111e+003;5.445981e-002
1.144593e+003;5.447803e-002
1.145075e+003;5.449661e-002
1.145557e+003;5.451364e-002
1.146040e+003;5.452687e-002
1.146522e+003;5.453514e-002
1.147004e+003;5.453747e-002
1.147486e+003;5.453447e-002
1.147968e+003;5.452726e-002
1.148450e+003;5.451827e-002
1.148932e+003;5.451043e-002
1.149415e+003;5.450645e-002
1.149897e+003;5.450806e-002
1.150379e+003;5.451588e-002
1.150861e+003;5.452886e-002
1.151343e+003;5.454502e-002
1.151825e+003;5.456182e-002
1.152307e+003;5.457746e-002
1.152790e+003;5.459100e-002
1.153272e+003;5.460314e-002
1.153754e+003;5.461523e-002
1.154236e+003;5.462845e-002
1.154718e+003;5.464382e-002
1.155200e+003;5.466086e-002
1.155682e+003;5.467799e-002
1.156165e+003;5.469295e-002
1.156647e+003;5.470336e-002
1.157129e+003;5.470778e-002
1.157611e+003;5.470550e-002
1.158093e+003;5.469729e-002
1.158575e+003;5.468444e-002
1.159057e+003;5.466897e-002
1.159540e+003;5.465274e-002
1.160022e+003;5.463754e-002
1.160504e+003;5.462492e-002
1.160986e+003;5.461540e-002
1.161468e+003;5.460883e-002
1.161950e+003;5.460422e-002
1.162432e+003;5.460002e-002
1.162914e+003;5.459411e-002
1.163397e+003;5.458470e-002
1.163879e+003;5.457091e-002
1.164361e+003;5.455233e-002
1.164843e+003;5.453059e-002
1.165325e+003;5.450737e-002
1.165807e+003;5.448509e-002
1.166289e+003;5.446575e-002
1.166771e+003;5.445078e-002
1.167254e+003;5.444076e-002
1.167736e+003;5.443564e-002
1.168218e+003;5.443481e-002
1.168700e+003;5.443731e-002
1.169182e+003;5.444242e-002
1.169664e+003;5.444910e-002
1.170146e+003;5.445608e-002
1.170629e+003;5.446237e-002
1.171111e+003;5.446713e-002
1.171593e+003;5.447037e-002
1.172075e+003;5.447257e-002
1.172557e+003;5.447521e-002
1.173039e+003;5.447953e-002
1.173521e+003;5.448695e-002
1.174004e+003;5.449770e-002
1.174486e+003;5.451160e-002
1.174968e+003;5.452720e-002
1.175450e+003;5.454370e-002
1.175932e+003;5.456030e-002
1.176414e+003;5.457754e-002
1.176896e+003;5.459631e-002
1.177379e+003;5.461775e-002
1.177861e+003;5.464252e-002
1.178343e+003;5.466997e-002
1.178825e+003;5.469855e-002
1.179307e+003;5.472571e-002
1.179789e+003;5.474908e-002
1.180271e+003;5.476737e-002
1.180754e+003;5.478038e-002
1.181236e+003;5.478952e-002
1.181718e+003;5.479740e-002
1.182200e+003;5.480647e-002
1.182682e+003;5.481932e-002
1.183164e+003;5.483720e-002
1.183646e+003;5.486048e-002
1.184128e+003;5.488849e-002
1.184611e+003;5.492002e-002
1.185093e+003;5.495299e-002
1.185575e+003;5.498531e-002
1.186057e+003;5.501554e-002
1.186539e+003;5.504196e-002
1.187021e+003;5.506439e-002
1.187503e+003;5.508263e-002
1.187986e+003;5.509808e-002
1.188468e+003;5.511203e-002
1.188950e+003;5.512622e-002
1.189432e+003;5.514188e-002
1.189914e+003;5.515953e-002
1.190396e+003;5.517934e-002
1.190878e+003;5.520054e-002
1.191361e+003;5.522229e-002
1.191843e+003;5.524345e-002
1.192325e+003;5.526328e-002
1.192807e+003;5.528142e-002
1.193289e+003;5.529724e-002
1.193771e+003;5.531087e-002
1.194253e+003;5.532270e-002
1.194735e+003;5.533374e-002
1.195218e+003;5.534538e-002
1.195700e+003;5.535932e-002
1.196182e+003;5.537698e-002
1.196664e+003;5.539898e-002
1.197146e+003;5.542426e-002
1.197628e+003;5.545091e-002
1.198110e+003;5.547636e-002
1.198593e+003;5.549764e-002
1.199075e+003;5.551297e-002
1.199557e+003;5.552274e-002
1.200039e+003;5.552842e-002
1.200521e+003;5.553347e-002
1.201003e+003;5.554073e-002
1.201485e+003;5.555265e-002
1.201968e+003;5.557021e-002
1.202450e+003;5.559224e-002
1.202932e+003;5.561679e-002
1.203414e+003;5.564144e-002
1.203896e+003;5.566389e-002
1.204378e+003;5.568336e-002
1.204860e+003;5.570000e-002
1.205343e+003;5.571514e-002
1.205825e+003;5.573036e-002
1.206307e+003;5.574752e-002
1.206789e+003;5.576808e-002
1.207271e+003;5.579276e-002
1.207753e+003;5.582189e-002
1.208235e+003;5.585478e-002
1.208718e+003;5.589008e-002
1.209200e+003;5.592579e-002
1.209682e+003;5.596052e-002
1.210164e+003;5.599225e-002
1.210646e+003;5.602030e-002
1.211128e+003;5.604502e-002
1.211610e+003;5.606716e-002
1.212092e+003;5.608807e-002
1.212575e+003;5.610937e-002
1.213057e+003;5.613234e-002
1.213539e+003;5.615706e-002
1.214021e+003;5.618363e-002
1.214503e+003;5.621172e-002
1.214985e+003;5.624084e-002
1.215467e+003;5.627050e-002
1.215949e+003;5.630064e-002
1.216432e+003;5.633053e-002
1.216914e+003;5.635998e-002
1.217396e+003;5.638807e-002
1.217878e+003;5.641380e-002
1.218360e+003;5.643704e-002
1.218842e+003;5.645780e-002
1.219324e+003;5.647707e-002
1.219807e+003;5.649630e-002
1.220289e+003;5.651679e-002
1.220771e+003;5.653957e-002
1.221253e+003;5.656486e-002
1.221735e+003;5.659199e-002
1.222217e+003;5.661994e-002
1.222699e+003;5.664759e-002
1.223182e+003;5.667450e-002
1.223664e+003;5.670074e-002
1.224146e+003;5.672729e-002
1.224628e+003;5.675491e-002
1.225110e+003;5.678425e-002
1.225592e+003;5.681551e-002
1.226074e+003;5.684852e-002
1.226557e+003;5.688278e-002
1.227039e+003;5.691775e-002
1.227521e+003;5.695329e-002
1.228003e+003;5.698933e-002
1.228485e+003;5.702611e-002
1.228967e+003;5.706339e-002
1.229449e+003;5.710115e-002
1.229932e+003;5.713911e-002
1.230414e+003;5.717688e-002
1.230896e+003;5.721445e-002
1.231378e+003;5.725212e-002
1.231860e+003;5.728970e-002
1.232342e+003;5.732786e-002
1.232824e+003;5.736592e-002
1.233306e+003;5.740342e-002
1.233789e+003;5.743936e-002
1.234271e+003;5.747338e-002
1.234753e+003;5.750521e-002
1.235235e+003;5.753527e-002
1.235717e+003;5.756476e-002
1.236199e+003;5.759496e-002
1.236681e+003;5.762691e-002
1.237164e+003;5.766084e-002
1.237646e+003;5.769668e-002
1.238128e+003;5.773354e-002
1.238610e+003;5.777019e-002
1.239092e+003;5.780608e-002
1.239574e+003;5.784082e-002
1.240056e+003;5.787508e-002
1.240539e+003;5.790953e-002
1.241021e+003;5.794521e-002
1.241503e+003;5.798285e-002
1.241985e+003;5.802296e-002
1.242467e+003;5.806520e-002
1.242949e+003;5.810902e-002
1.243431e+003;5.815340e-002
1.243913e+003;5.819747e-002
1.244396e+003;5.824055e-002
1.244878e+003;5.828173e-002
1.245360e+003;5.832103e-002
1.245842e+003;5.835822e-002
1.246324e+003;5.839365e-002
1.246806e+003;5.842787e-002
1.247288e+003;5.846193e-002
1.247771e+003;5.849642e-002
1.248253e+003;5.853210e-002
1.248735e+003;5.856932e-002
1.249217e+003;5.860808e-002
1.249699e+003;5.864777e-002
1.250181e+003;5.868733e-002
1.250663e+003;5.872553e-002
1.251146e+003;5.876133e-002
1.251628e+003;5.879339e-002
1.252110e+003;5.882151e-002
1.252592e+003;5.884608e-002
1.253074e+003;5.886800e-002
1.253556e+003;5.888944e-002
1.254038e+003;5.891271e-002
1.254521e+003;5.893989e-002
1.255003e+003;5.897264e-002
1.255485e+003;5.901153e-002
1.255967e+003;5.905509e-002
1.256449e+003;5.910138e-002
1.256931e+003;5.914732e-002
1.257413e+003;5.919020e-002
1.257896e+003;5.922841e-002
1.258378e+003;5.926226e-002
1.258860e+003;5.929334e-002
1.259342e+003;5.932488e-002
1.259824e+003;5.936012e-002
1.260306e+003;5.940131e-002
1.260788e+003;5.944876e-002
1.261270e+003;5.950090e-002
1.261753e+003;5.955341e-002
1.262235e+003;5.960247e-002
1.262717e+003;5.964397e-002
1.263199e+003;5.967609e-002
1.263681e+003;5.969882e-002
1.264163e+003;5.971430e-002
1.264645e+003;5.972513e-002
1.265127e+003;5.973420e-002
1.265610e+003;5.974280e-002
1.266092e+003;5.975102e-002
1.266574e+003;5.975777e-002
1.267056e+003;5.976166e-002
1.267538e+003;5.976160e-002
1.268020e+003;5.975778e-002
1.268502e+003;5.975182e-002
1.268985e+003;5.974605e-002
1.269467e+003;5.974334e-002
1.269949e+003;5.974632e-002
1.270431e+003;5.975608e-002
1.270913e+003;5.977274e-002
1.271395e+003;5.979523e-002
1.271877e+003;5.982194e-002
1.272360e+003;5.985068e-002
1.272842e+003;5.987990e-002
1.273324e+003;5.990778e-002
1.273806e+003;5.993340e-002
1.274288e+003;5.995631e-002
1.274770e+003;5.997641e-002
1.275252e+003;5.999411e-002
1.275734e+003;6.001051e-002
1.276217e+003;6.002670e-002
1.276699e+003;6.004400e-002
1.277181e+003;6.006304e-002
1.277663e+003;6.008472e-002
1.278145e+003;6.010868e-002
1.278627e+003;6.013475e-002
1.279109e+003;6.016237e-002
1.279592e+003;6.019098e-002
1.280074e+003;6.022054e-002
1.280556e+003;6.025088e-002
1.281038e+003;6.028223e-002
1.281520e+003;6.031452e-002
1.282002e+003;6.034664e-002
1.282484e+003;6.037799e-002
1.282967e+003;6.040728e-002
1.283449e+003;6.043396e-002
1.283931e+003;6.045756e-002
1.284413e+003;6.047843e-002
1.284895e+003;6.049722e-002
1.285377e+003;6.051467e-002
1.285859e+003;6.053114e-002
1.286342e+003;6.054652e-002
1.286824e+003;6.056038e-002
1.287306e+003;6.057236e-002
1.287788e+003;6.058199e-002
1.288270e+003;6.058972e-002
1.288752e+003;6.059656e-002
1.289234e+003;6.060381e-002
1.289717e+003;6.061284e-002
1.290199e+003;6.062547e-002
1.290681e+003;6.064248e-002
1.291163e+003;6.066456e-002
1.291645e+003;6.069174e-002
1.292127e+003;6.072395e-002
1.292609e+003;6.076030e-002
1.293091e+003;6.079971e-002
1.293573e+003;6.084060e-002
1.294056e+003;6.088113e-002
1.294538e+003;6.091964e-002
1.295020e+003;6.095497e-002
1.295502e+003;6.098621e-002
1.295984e+003;6.101365e-002
1.296466e+003;6.103764e-002
1.296948e+003;6.105933e-002
1.297431e+003;6.107906e-002
1.297913e+003;6.109702e-002
1.298395e+003;6.111334e-002
1.298877e+003;6.112777e-002
1.299359e+003;6.114060e-002
1.299841e+003;6.115209e-002
1.300323e+003;6.116363e-002
1.300806e+003;6.117670e-002
1.301288e+003;6.119217e-002
1.301770e+003;6.121138e-002
1.302252e+003;6.123491e-002
1.302734e+003;6.126245e-002
1.303216e+003;6.129368e-002
1.303698e+003;6.132825e-002
1.304181e+003;6.136509e-002
1.304663e+003;6.140352e-002
1.305145e+003;6.144227e-002
1.305627e+003;6.148001e-002
1.306109e+003;6.151559e-002
1.306591e+003;6.154800e-002
1.307073e+003;6.157682e-002
1.307556e+003;6.160308e-002
1.308038e+003;6.162830e-002
1.308520e+003;6.165430e-002
1.309002e+003;6.168302e-002
1.309484e+003;6.171517e-002
1.309966e+003;6.175013e-002
1.310448e+003;6.178655e-002
1.310930e+003;6.182193e-002
1.311413e+003;6.185400e-002
1.311895e+003;6.188164e-002
1.312377e+003;6.190502e-002
1.312859e+003;6.192586e-002
1.313341e+003;6.194678e-002
1.313823e+003;6.197052e-002
1.314305e+003;6.199865e-002
1.314788e+003;6.203160e-002
1.315270e+003;6.206805e-002
1.315752e+003;6.210568e-002
1.316234e+003;6.214222e-002
1.316716e+003;6.217546e-002
1.317198e+003;6.220499e-002
1.317680e+003;6.223145e-002
1.318163e+003;6.225661e-002
1.318645e+003;6.228200e-002
1.319127e+003;6.230946e-002
1.319609e+003;6.233906e-002
1.320091e+003;6.237013e-002
1.320573e+003;6.240110e-002
1.321055e+003;6.243072e-002
1.321538e+003;6.245854e-002
1.322020e+003;6.248434e-002
1.322502e+003;6.250925e-002
1.322984e+003;6.253407e-002
1.323466e+003;6.256004e-002
1.323948e+003;6.258734e-002
1.324430e+003;6.261560e-002
1.324912e+003;6.264403e-002
1.325395e+003;6.267186e-002
1.325877e+003;6.269839e-002
1.326359e+003;6.272344e-002
1.326841e+003;6.274709e-002
1.327323e+003;6.276891e-002
1.327805e+003;6.278884e-002
1.328287e+003;6.280690e-002
1.328770e+003;6.282356e-002
1.329252e+003;6.284060e-002
1.329734e+003;6.286093e-002
1.330216e+003;6.288815e-002
1.330698e+003;6.292565e-002
1.331180e+003;6.297520e-002
1.331662e+003;6.303599e-002
1.332145e+003;6.310377e-002
1.332627e+003;6.317259e-002
1.333109e+003;6.323531e-002
1.333591e+003;6.328612e-002
1.334073e+003;6.332143e-002
1.334555e+003;6.334111e-002
1.335037e+003;6.334780e-002
1.335520e+003;6.334580e-002
1.336002e+003;6.334037e-002
1.336484e+003;6.333598e-002
1.336966e+003;6.333649e-002
1.337448e+003;6.334451e-002
1.337930e+003;6.336201e-002
1.338412e+003;6.339037e-002
1.338895e+003;6.342988e-002
1.339377e+003;6.347995e-002
1.339859e+003;6.353822e-002
1.340341e+003;6.360159e-002
1.340823e+003;6.366576e-002
1.341305e+003;6.372697e-002
1.341787e+003;6.378235e-002
1.342269e+003;6.383114e-002
1.342751e+003;6.387337e-002
1.343234e+003;6.391070e-002
1.343716e+003;6.394463e-002
1.344198e+003;6.397612e-002
1.344680e+003;6.400543e-002
1.345162e+003;6.403224e-002
1.345644e+003;6.405586e-002
1.346126e+003;6.407616e-002
1.346609e+003;6.409339e-002
1.347091e+003;6.410793e-002
1.347573e+003;6.412014e-002
1.348055e+003;6.413049e-002
1.348537e+003;6.413927e-002
1.349019e+003;6.414724e-002
1.349501e+003;6.415544e-002
1.349984e+003;6.416634e-002
1.350466e+003;6.418213e-002
1.350948e+003;6.420462e-002
1.351430e+003;6.423465e-002
1.351912e+003;6.427059e-002
1.352394e+003;6.430981e-002
1.352876e+003;6.434826e-002
1.353359e+003;6.438258e-002
1.353841e+003;6.441084e-002
1.354323e+003;6.443276e-002
1.354805e+003;6.445035e-002
1.355287e+003;6.446602e-002
1.355769e+003;6.448244e-002
1.356251e+003;6.450091e-002
1.356734e+003;6.452207e-002
1.357216e+003;6.454506e-002
1.357698e+003;6.456929e-002
1.358180e+003;6.459363e-002
1.358662e+003;6.461871e-002
1.359144e+003;6.464490e-002
1.359626e+003;6.467343e-002
1.360108e+003;6.470485e-002
1.360591e+003;6.473937e-002
1.361073e+003;6.477670e-002
1.361555e+003;6.481595e-002
1.362037e+003;6.485593e-002
1.362519e+003;6.489515e-002
1.363001e+003;6.493238e-002
1.363483e+003;6.496598e-002
1.363966e+003;6.499536e-002
1.364448e+003;6.502005e-002
1.364930e+003;6.504039e-002
1.365412e+003;6.505788e-002
1.365894e+003;6.507443e-002
1.366376e+003;6.509240e-002
1.366858e+003;6.511325e-002
1.367341e+003;6.513768e-002
1.367823e+003;6.516479e-002
1.368305e+003;6.519262e-002
1.368787e+003;6.521904e-002
1.369269e+003;6.524221e-002
1.369751e+003;6.526114e-002
1.370233e+003;6.527621e-002
1.370716e+003;6.528872e-002
1.371198e+003;6.530040e-002
1.371680e+003;6.531290e-002
1.372162e+003;6.532727e-002
1.372644e+003;6.534410e-002
1.373126e+003;6.536299e-002
1.373608e+003;6.538346e-002
1.374090e+003;6.540476e-002
1.374573e+003;6.542646e-002
1.375055e+003;6.544757e-002
1.375537e+003;6.546807e-002
1.376019e+003;6.548803e-002
1.376501e+003;6.550770e-002
1.376983e+003;6.552801e-002
1.377465e+003;6.554917e-002
1.377948e+003;6.557206e-002
1.378430e+003;6.559608e-002
1.378912e+003;6.562030e-002
1.379394e+003;6.564350e-002
1.379876e+003;6.566383e-002
1.380358e+003;6.568067e-002
1.380840e+003;6.569430e-002
1.381323e+003;6.570616e-002
1.381805e+003;6.571884e-002
1.382287e+003;6.573434e-002
1.382769e+003;6.575508e-002
1.383251e+003;6.578112e-002
1.383733e+003;6.581228e-002
1.384215e+003;6.584689e-002
1.384698e+003;6.588349e-002
1.385180e+003;6.592073e-002
1.385662e+003;6.595795e-002
1.386144e+003;6.599500e-002
1.386626e+003;6.603201e-002
1.387108e+003;6.606876e-002
1.387590e+003;6.610506e-002
1.388073e+003;6.613988e-002
1.388555e+003;6.617237e-002
1.389037e+003;6.620145e-002
1.389519e+003;6.622665e-002
1.390001e+003;6.624792e-002
1.390483e+003;6.626586e-002
1.390965e+003;6.628149e-002
1.391447e+003;6.629674e-002
1.391929e+003;6.631354e-002
1.392412e+003;6.633414e-002
1.392894e+003;6.636020e-002
1.393376e+003;6.639265e-002
1.393858e+003;6.643086e-002
1.394340e+003;6.647284e-002
1.394822e+003;6.651597e-002
1.395304e+003;6.655753e-002
1.395787e+003;6.659604e-002
1.396269e+003;6.663174e-002
1.396751e+003;6.666616e-002
1.397233e+003;6.670204e-002
1.397715e+003;6.674150e-002
1.398197e+003;6.678566e-002
1.398679e+003;6.683312e-002
1.399162e+003;6.688137e-002
1.399644e+003;6.692681e-002
1.400126e+003;6.696703e-002
1.400608e+003;6.700049e-002
1.401090e+003;6.702842e-002
1.401572e+003;6.705320e-002
1.402054e+003;6.707799e-002
1.402537e+003;6.710577e-002
1.403019e+003;6.713849e-002
1.403501e+003;6.717679e-002
1.403983e+003;6.722021e-002
1.404465e+003;6.726792e-002
1.404947e+003;6.731801e-002
1.405429e+003;6.736881e-002
1.405911e+003;6.741846e-002
1.406394e+003;6.746490e-002
1.406876e+003;6.750707e-002
1.407358e+003;6.754386e-002
1.407840e+003;6.757653e-002
1.408322e+003;6.760707e-002
1.408804e+003;6.763887e-002
1.409286e+003;6.767538e-002
1.409769e+003;6.771898e-002
1.410251e+003;6.777042e-002
1.410733e+003;6.782785e-002
1.411215e+003;6.788837e-002
1.411697e+003;6.794836e-002
1.412179e+003;6.800480e-002
1.412661e+003;6.805601e-002
1.413144e+003;6.810204e-002
1.413626e+003;6.814381e-002
1.414108e+003;6.818261e-002
1.414590e+003;6.821945e-002
1.415072e+003;6.825482e-002
1.415554e+003;6.828961e-002
1.416036e+003;6.832477e-002
1.416519e+003;6.836246e-002
1.417001e+003;6.840540e-002
1.417483e+003;6.845608e-002
1.417965e+003;6.851532e-002
1.418447e+003;6.858160e-002
1.418929e+003;6.865042e-002
1.419411e+003;6.871612e-002
1.419894e+003;6.877271e-002
1.420376e+003;6.881699e-002
1.420858e+003;6.884862e-002
1.421340e+003;6.887092e-002
1.421822e+003;6.888966e-002
1.422304e+003;6.891059e-002
1.422786e+003;6.893800e-002
1.423268e+003;6.897293e-002
1.423750e+003;6.901363e-002
1.424233e+003;6.905641e-002
1.424715e+003;6.909659e-002
1.425197e+003;6.913147e-002
1.425679e+003;6.916041e-002
1.426161e+003;6.918532e-002
1.426643e+003;6.920983e-002
1.427125e+003;6.923813e-002
1.427608e+003;6.927307e-002
1.428090e+003;6.931604e-002
1.428572e+003;6.936610e-002
1.429054e+003;6.942115e-002
1.429536e+003;6.947815e-002
1.430018e+003;6.953412e-002
1.430500e+003;6.958628e-002
1.430983e+003;6.963301e-002
1.431465e+003;6.967326e-002
1.431947e+003;6.970691e-002
1.432429e+003;6.973494e-002
1.432911e+003;6.976028e-002
1.433393e+003;6.978597e-002
1.433875e+003;6.981659e-002
1.434358e+003;6.985610e-002
1.434840e+003;6.990682e-002
1.435322e+003;6.996857e-002
1.435804e+003;7.003816e-002
1.436286e+003;7.011035e-002
1.436768e+003;7.017872e-002
1.437250e+003;7.023768e-002
1.437732e+003;7.028485e-002
1.438215e+003;7.032026e-002
1.438697e+003;7.034747e-002
1.439179e+003;7.037056e-002
1.439661e+003;7.039402e-002
1.440143e+003;7.042070e-002
1.440625e+003;7.045171e-002
1.441107e+003;7.048681e-002
1.441590e+003;7.052463e-002
1.442072e+003;7.056351e-002
1.442554e+003;7.060196e-002
1.443036e+003;7.063874e-002
1.443518e+003;7.067342e-002
1.444000e+003;7.070553e-002
1.444482e+003;7.073510e-002
1.444965e+003;7.076304e-002
1.445447e+003;7.079133e-002
1.445929e+003;7.082227e-002
1.446411e+003;7.085830e-002
1.446893e+003;7.090095e-002
1.447375e+003;7.094992e-002
1.447857e+003;7.100385e-002
1.448340e+003;7.105929e-002
1.448822e+003;7.111398e-002
1.449304e+003;7.116672e-002
1.449786e+003;7.121783e-002
1.450268e+003;7.126921e-002
1.450750e+003;7.132296e-002
1.451232e+003;7.137956e-002
1.451715e+003;7.143753e-002
1.452197e+003;7.149361e-002
1.452679e+003;7.154445e-002
1.453161e+003;7.158858e-002
1.453643e+003;7.162799e-002
1.454125e+003;7.166792e-002
1.454607e+003;7.171594e-002
1.455089e+003;7.177875e-002
1.455572e+003;7.185894e-002
1.456054e+003;7.195421e-002
1.456536e+003;7.205624e-002
1.457018e+003;7.215400e-002
1.457500e+003;7.223681e-002
1.457982e+003;7.229847e-002
1.458464e+003;7.233787e-002
1.458947e+003;7.235906e-002
1.459429e+003;7.236850e-002
1.459911e+003;7.237267e-002
1.460393e+003;7.237662e-002
1.460875e+003;7.238320e-002
1.461357e+003;7.239407e-002
1.461839e+003;7.241029e-002
1.462322e+003;7.243341e-002
1.462804e+003;7.246480e-002
1.463286e+003;7.250536e-002
1.463768e+003;7.255372e-002
1.464250e+003;7.260676e-002
1.464732e+003;7.265972e-002
1.465214e+003;7.270753e-002
1.465697e+003;7.274680e-002
1.466179e+003;7.277679e-002
1.466661e+003;7.279924e-002
1.467143e+003;7.281788e-002
1.467625e+003;7.283637e-002
1.468107e+003;7.285735e-002
1.468589e+003;7.288192e-002
1.469072e+003;7.291050e-002
1.469553e+003;7.294305e-002
1.470036e+003;7.297997e-002
1.470518e+003;7.302281e-002
1.471000e+003;7.307217e-002
1.471482e+003;7.312814e-002
1.471964e+003;7.318882e-002
1.472446e+003;7.325030e-002
1.472928e+003;7.330865e-002
1.473411e+003;7.336070e-002
1.473893e+003;7.340568e-002
1.474375e+003;7.344514e-002
1.474857e+003;7.348263e-002
1.475339e+003;7.352114e-002
1.475821e+003;7.356270e-002
1.476303e+003;7.360660e-002
1.476786e+003;7.365090e-002
1.477268e+003;7.369310e-002
1.477750e+003;7.373161e-002
1.478232e+003;7.376731e-002
1.478714e+003;7.380281e-002
1.479196e+003;7.384182e-002
1.479678e+003;7.388823e-002
1.480161e+003;7.394350e-002
1.480643e+003;7.400731e-002
1.481125e+003;7.407730e-002
1.481607e+003;7.415005e-002
1.482089e+003;7.422255e-002
1.482571e+003;7.429296e-002
1.483053e+003;7.436062e-002
1.483536e+003;7.442641e-002
1.484018e+003;7.449143e-002
1.484500e+003;7.455694e-002
1.484982e+003;7.462385e-002
1.485464e+003;7.469262e-002
1.485946e+003;7.476386e-002
1.486428e+003;7.483710e-002
1.486910e+003;7.491268e-002
1.487393e+003;7.499026e-002
1.487875e+003;7.506944e-002
1.488357e+003;7.515033e-002
1.488839e+003;7.523290e-002
1.489321e+003;7.531699e-002
1.489803e+003;7.540280e-002
1.490285e+003;7.548942e-002
1.490768e+003;7.557500e-002
1.491250e+003;7.565770e-002
1.491732e+003;7.573489e-002
1.492214e+003;7.580554e-002
1.492696e+003;7.587046e-002
1.493178e+003;7.593278e-002
1.493660e+003;7.599714e-002
1.494143e+003;7.606827e-002
1.494625e+003;7.615021e-002
1.495107e+003;7.624403e-002
1.495589e+003;7.634747e-002
1.496071e+003;7.645589e-002
1.496553e+003;7.656421e-002
1.497035e+003;7.666796e-002
1.497518e+003;7.676595e-002
1.498000e+003;7.685909e-002
1.498482e+003;7.695061e-002
1.498964e+003;7.704283e-002
1.499446e+003;7.713726e-002
1.499928e+003;7.723222e-002
1.500410e+003;7.732460e-002
1.500893e+003;7.741033e-002
1.501375e+003;7.748678e-002
1.501857e+003;7.755376e-002
1.502339e+003;7.761437e-002
1.502821e+003;7.767434e-002
1.503303e+003;7.774150e-002
1.503785e+003;7.782350e-002
1.504267e+003;7.792692e-002
1.504750e+003;7.805476e-002
1.505232e+003;7.820690e-002
1.505714e+003;7.837778e-002
1.506196e+003;7.855868e-002
1.506678e+003;7.873826e-002
1.507160e+003;7.890546e-002
1.507642e+003;7.905170e-002
1.508125e+003;7.917351e-002
1.508607e+003;7.927200e-002
1.509089e+003;7.935333e-002
1.509571e+003;7.942586e-002
1.510053e+003;7.949925e-002
1.510535e+003;7.958034e-002
1.511017e+003;7.967407e-002
1.511500e+003;7.978044e-002
1.511982e+003;7.989679e-002
1.512464e+003;8.001851e-002
1.512946e+003;8.014122e-002
1.513428e+003;8.026275e-002
1.513910e+003;8.038337e-002
1.514392e+003;8.050542e-002
1.514875e+003;8.063217e-002
1.515357e+003;8.076549e-002
1.515839e+003;8.090562e-002
1.516321e+003;8.104943e-002
1.516803e+003;8.119309e-002
1.517285e+003;8.133254e-002
1.517767e+003;8.146563e-002
1.518250e+003;8.159421e-002
1.518731e+003;8.172292e-002
1.519214e+003;8.185828e-002
1.519696e+003;8.200654e-002
1.520178e+003;8.217071e-002
1.520660e+003;8.234961e-002
1.521142e+003;8.253703e-002
1.521624e+003;8.272432e-002
1.522106e+003;8.290280e-002
1.522589e+003;8.306725e-002
1.523071e+003;8.321717e-002
1.523553e+003;8.335657e-002
1.524035e+003;8.349204e-002
1.524517e+003;8.362962e-002
1.524999e+003;8.377349e-002
1.525481e+003;8.392447e-002
1.525964e+003;8.407991e-002
1.526446e+003;8.423659e-002
1.526928e+003;8.439183e-002
1.527410e+003;8.454553e-002
1.527892e+003;8.469896e-002
1.528374e+003;8.485511e-002
1.528856e+003;8.501567e-002
1.529339e+003;8.518100e-002
1.529821e+003;8.534942e-002
1.530303e+003;8.551890e-002
1.530785e+003;8.568875e-002
1.531267e+003;8.586051e-002
1.531749e+003;8.603754e-002
1.532231e+003;8.622387e-002
1.532714e+003;8.642155e-002
1.533196e+003;8.662874e-002
1.533678e+003;8.683940e-002
1.534160e+003;8.704532e-002
1.534642e+003;8.723908e-002
1.535124e+003;8.741828e-002
1.535606e+003;8.758584e-002
1.536088e+003;8.775109e-002
1.536571e+003;8.792580e-002
1.537053e+003;8.812225e-002
1.537535e+003;8.834822e-002
1.538017e+003;8.860614e-002
1.538499e+003;8.889193e-002
1.538981e+003;8.919777e-002
1.539463e+003;8.951239e-002
1.539946e+003;8.982631e-002
1.540428e+003;9.013144e-002
1.540910e+003;9.042265e-002
1.541392e+003;9.069811e-002
1.541874e+003;9.095777e-002
1.542356e+003;9.120431e-002
1.542838e+003;9.144244e-002
1.543321e+003;9.167813e-002
1.543803e+003;9.191795e-002
1.544285e+003;9.216605e-002
1.544767e+003;9.242384e-002
1.545249e+003;9.268866e-002
1.545731e+003;9.295601e-002
1.546213e+003;9.322111e-002
1.546696e+003;9.348226e-002
1.547178e+003;9.374147e-002
1.547660e+003;9.400389e-002
1.548142e+003;9.427541e-002
1.548624e+003;9.455944e-002
1.549106e+003;9.485465e-002
1.549588e+003;9.515541e-002
1.550071e+003;9.545353e-002
1.550552e+003;9.574301e-002
1.551035e+003;9.602229e-002
1.551517e+003;9.629572e-002
1.551999e+003;9.657212e-002
1.552481e+003;9.686046e-002
1.552963e+003;9.716608e-002
1.553445e+003;9.748758e-002
1.553927e+003;9.781774e-002
1.554410e+003;9.814592e-002
1.554892e+003;9.846380e-002
1.555374e+003;9.876908e-002
1.555856e+003;9.906765e-002
1.556338e+003;9.937285e-002
1.556820e+003;9.969988e-002
1.557302e+003;1.000631e-001
1.557785e+003;1.004687e-001
1.558267e+003;1.009140e-001
1.558749e+003;1.013850e-001
1.559231e+003;1.018625e-001
1.559713e+003;1.023264e-001
1.560195e+003;1.027619e-001
1.560677e+003;1.031629e-001
1.561160e+003;1.035323e-001
1.561642e+003;1.038798e-001
1.562124e+003;1.042194e-001
1.562606e+003;1.045645e-001
1.563088e+003;1.049270e-001
1.563570e+003;1.053140e-001
1.564052e+003;1.057270e-001
1.564535e+003;1.061624e-001
1.565017e+003;1.066132e-001
1.565499e+003;1.070713e-001
1.565981e+003;1.075314e-001
1.566463e+003;1.079915e-001
1.566945e+003;1.084540e-001
1.567427e+003;1.089249e-001
1.567909e+003;1.094106e-001
1.568392e+003;1.099158e-001
1.568874e+003;1.104412e-001
1.569356e+003;1.109826e-001
1.569838e+003;1.115330e-001
1.570320e+003;1.120832e-001
1.570802e+003;1.126257e-001
1.571284e+003;1.131568e-001
1.571767e+003;1.136772e-001
1.572249e+003;1.141926e-001
1.572731e+003;1.147128e-001
1.573213e+003;1.152496e-001
1.573695e+003;1.158148e-001
1.574177e+003;1.164179e-001
1.574659e+003;1.170630e-001
1.575142e+003;1.177468e-001
1.575624e+003;1.184587e-001
1.576106e+003;1.191824e-001
1.576588e+003;1.199003e-001
1.577070e+003;1.205989e-001
1.577552e+003;1.212734e-001
1.578034e+003;1.219281e-001
1.578517e+003;1.225749e-001
1.578999e+003;1.232291e-001
1.579481e+003;1.239045e-001
1.579963e+003;1.246089e-001
1.580445e+003;1.253440e-001
1.580927e+003;1.261045e-001
1.581409e+003;1.268825e-001
1.581892e+003;1.276707e-001
1.582374e+003;1.284652e-001
1.582856e+003;1.292662e-001
1.583338e+003;1.300776e-001
1.583820e+003;1.309030e-001
1.584302e+003;1.317451e-001
1.584784e+003;1.326046e-001
1.585266e+003;1.334806e-001
1.585749e+003;1.343718e-001
1.586231e+003;1.352781e-001
1.586713e+003;1.362004e-001
1.587195e+003;1.371396e-001
1.587677e+003;1.380965e-001
1.588159e+003;1.390692e-001
1.588641e+003;1.400553e-001
1.589124e+003;1.410522e-001
1.589606e+003;1.420582e-001
1.590088e+003;1.430747e-001
1.590570e+003;1.441049e-001
1.591052e+003;1.451531e-001
1.591534e+003;1.462222e-001
1.592016e+003;1.473133e-001
1.592499e+003;1.484249e-001
1.592981e+003;1.495549e-001
1.593463e+003;1.507012e-001
1.593945e+003;1.518645e-001
1.594427e+003;1.530466e-001
1.594909e+003;1.542505e-001
1.595391e+003;1.554775e-001
1.595874e+003;1.567267e-001
1.596356e+003;1.579950e-001
1.596838e+003;1.592787e-001
1.597320e+003;1.605753e-001
1.597802e+003;1.618852e-001
1.598284e+003;1.632115e-001
1.598766e+003;1.645587e-001
1.599249e+003;1.659300e-001
1.599730e+003;1.673256e-001
1.600213e+003;1.687434e-001
1.600695e+003;1.701795e-001
1.601177e+003;1.716303e-001
1.601659e+003;1.730952e-001
1.602141e+003;1.745762e-001
1.602623e+003;1.760768e-001
1.603105e+003;1.776000e-001
1.603588e+003;1.791463e-001
1.604070e+003;1.807130e-001
1.604552e+003;1.822960e-001
1.605034e+003;1.838916e-001
1.605516e+003;1.854986e-001
1.605998e+003;1.871182e-001
1.606480e+003;1.887536e-001
1.606963e+003;1.904080e-001
1.607445e+003;1.920816e-001
1.607927e+003;1.937720e-001
1.608409e+003;1.954760e-001
1.608891e+003;1.971900e-001
1.609373e+003;1.989137e-001
1.609855e+003;2.006479e-001
1.610338e+003;2.023942e-001
1.610820e+003;2.041516e-001
1.611302e+003;2.059146e-001
1.611784e+003;2.076737e-001
1.612266e+003;2.094199e-001
1.612748e+003;2.111483e-001
1.613230e+003;2.128632e-001
1.613713e+003;2.145779e-001
1.614195e+003;2.163115e-001
1.614677e+003;2.180836e-001
1.615159e+003;2.199037e-001
1.615641e+003;2.217679e-001
1.616123e+003;2.236572e-001
1.616605e+003;2.255420e-001
1.617087e+003;2.273917e-001
1.617570e+003;2.291844e-001
1.618052e+003;2.309119e-001
1.618534e+003;2.325801e-001
1.619016e+003;2.342037e-001
1.619498e+003;2.357997e-001
1.619980e+003;2.373820e-001
1.620462e+003;2.389579e-001
1.620945e+003;2.405295e-001
1.621427e+003;2.420944e-001
1.621909e+003;2.436485e-001
1.622391e+003;2.451858e-001
1.622873e+003;2.466987e-001
1.623355e+003;2.481781e-001
1.623837e+003;2.496135e-001
1.624320e+003;2.509954e-001
1.624802e+003;2.523173e-001
1.625284e+003;2.535785e-001
1.625766e+003;2.547840e-001
1.626248e+003;2.559414e-001
1.626730e+003;2.570592e-001
1.627212e+003;2.581414e-001
1.627695e+003;2.591868e-001
1.628177e+003;2.601887e-001
1.628659e+003;2.611386e-001
1.629141e+003;2.620284e-001
1.629623e+003;2.628532e-001
1.630105e+003;2.636123e-001
1.630587e+003;2.643068e-001
1.631070e+003;2.649394e-001
1.631552e+003;2.655128e-001
1.632034e+003;2.660292e-001
1.632516e+003;2.664940e-001
1.632998e+003;2.669139e-001
1.633480e+003;2.672974e-001
1.633962e+003;2.676513e-001
1.634444e+003;2.679768e-001
1.634927e+003;2.682671e-001
1.635409e+003;2.685074e-001
1.635891e+003;2.686788e-001
1.636373e+003;2.687662e-001
1.636855e+003;2.687630e-001
1.637337e+003;2.686740e-001
1.637819e+003;2.685130e-001
1.638302e+003;2.682963e-001
1.638784e+003;2.680366e-001
1.639266e+003;2.677385e-001
1.639748e+003;2.673988e-001
1.640230e+003;2.670092e-001
1.640712e+003;2.665620e-001
1.641194e+003;2.660551e-001
1.641677e+003;2.654928e-001
1.642159e+003;2.648843e-001
1.642641e+003;2.642402e-001
1.643123e+003;2.635681e-001
1.643605e+003;2.628709e-001
1.644087e+003;2.621476e-001
1.644569e+003;2.613954e-001
1.645052e+003;2.606119e-001
1.645534e+003;2.597963e-001
1.646016e+003;2.589478e-001
1.646498e+003;2.580643e-001
1.646980e+003;2.571409e-001
1.647462e+003;2.561708e-001
1.647944e+003;2.551492e-001
1.648427e+003;2.540770e-001
1.648908e+003;2.529622e-001
1.649391e+003;2.518193e-001
1.649873e+003;2.506658e-001
1.650355e+003;2.495164e-001
1.650837e+003;2.483785e-001
1.651319e+003;2.472497e-001
1.651801e+003;2.461190e-001
1.652283e+003;2.449698e-001
1.652766e+003;2.437871e-001
1.653248e+003;2.425621e-001
1.653730e+003;2.412940e-001
1.654212e+003;2.399881e-001
1.654694e+003;2.386523e-001
1.655176e+003;2.372930e-001
1.655658e+003;2.359152e-001
1.656141e+003;2.345228e-001
1.656623e+003;2.331195e-001
1.657105e+003;2.317104e-001
1.657587e+003;2.303000e-001
1.658069e+003;2.288916e-001
1.658551e+003;2.274849e-001
1.659033e+003;2.260767e-001
1.659516e+003;2.246619e-001
1.659998e+003;2.232361e-001
1.660480e+003;2.217985e-001
1.660962e+003;2.203514e-001
1.661444e+003;2.188989e-001
1.661926e+003;2.174447e-001
1.662408e+003;2.159892e-001
1.662891e+003;2.145293e-001
1.663373e+003;2.130604e-001
1.663855e+003;2.115792e-001
1.664337e+003;2.100866e-001
1.664819e+003;2.085868e-001
1.665301e+003;2.070879e-001
1.665783e+003;2.055968e-001
1.666265e+003;2.041170e-001
1.666748e+003;2.026465e-001
1.667230e+003;2.011804e-001
1.667712e+003;1.997127e-001
1.668194e+003;1.982387e-001
1.668676e+003;1.967580e-001
1.669158e+003;1.952723e-001
1.669640e+003;1.937844e-001
1.670123e+003;1.922949e-001
1.670605e+003;1.908021e-001
1.671087e+003;1.893041e-001
1.671569e+003;1.877990e-001
1.672051e+003;1.862896e-001
1.672533e+003;1.847810e-001
1.673015e+003;1.832805e-001
1.673498e+003;1.817934e-001
1.673980e+003;1.803205e-001
1.674462e+003;1.788576e-001
1.674944e+003;1.773963e-001
1.675426e+003;1.759295e-001
1.675908e+003;1.744531e-001
1.676390e+003;1.729705e-001
1.676873e+003;1.714876e-001
1.677355e+003;1.700115e-001
1.677837e+003;1.685469e-001
1.678319e+003;1.670928e-001
1.678801e+003;1.656445e-001
1.679283e+003;1.641958e-001
1.679765e+003;1.627439e-001
1.680248e+003;1.612903e-001
1.680729e+003;1.598419e-001
1.681212e+003;1.584068e-001
1.681694e+003;1.569920e-001
1.682176e+003;1.555988e-001
1.682658e+003;1.542242e-001
1.683140e+003;1.528609e-001
1.683622e+003;1.515008e-001
1.684104e+003;1.501379e-001
1.684587e+003;1.487705e-001
1.685069e+003;1.474003e-001
1.685551e+003;1.460307e-001
1.686033e+003;1.446641e-001
1.686515e+003;1.433021e-001
1.686997e+003;1.419453e-001
1.687479e+003;1.405942e-001
1.687962e+003;1.392500e-001
1.688444e+003;1.379150e-001
1.688926e+003;1.365898e-001
1.689408e+003;1.352747e-001
1.689890e+003;1.339673e-001
1.690372e+003;1.326646e-001
1.690854e+003;1.313647e-001
1.691337e+003;1.300691e-001
1.691819e+003;1.287825e-001
1.692301e+003;1.275125e-001
1.692783e+003;1.262660e-001
1.693265e+003;1.250482e-001
1.693747e+003;1.238586e-001
1.694229e+003;1.226923e-001
1.694712e+003;1.215409e-001
1.695194e+003;1.203952e-001
1.695676e+003;1.192477e-001
1.696158e+003;1.180958e-001
1.696640e+003;1.169409e-001
1.697122e+003;1.157878e-001
1.697604e+003;1.146428e-001
1.698086e+003;1.135114e-001
1.698569e+003;1.123978e-001
1.699051e+003;1.113039e-001
1.699533e+003;1.102285e-001
1.700015e+003;1.091674e-001
1.700497e+003;1.081144e-001
1.700979e+003;1.070632e-001
1.701461e+003;1.060096e-001
1.701944e+003;1.049539e-001
1.702426e+003;1.039009e-001
1.702908e+003;1.028589e-001
1.703390e+003;1.018368e-001
1.703872e+003;1.008407e-001
1.704354e+003;9.987140e-002
1.704836e+003;9.892423e-002
1.705319e+003;9.799066e-002
1.705801e+003;9.706181e-002
1.706283e+003;9.613283e-002
1.706765e+003;9.520470e-002
1.707247e+003;9.428256e-002
1.707729e+003;9.337419e-002
1.708211e+003;9.248400e-002
1.708694e+003;9.161250e-002
1.709176e+003;9.075584e-002
1.709658e+003;8.990750e-002
1.710140e+003;8.906329e-002
1.710622e+003;8.822227e-002
1.711104e+003;8.738854e-002
1.711586e+003;8.656757e-002
1.712069e+003;8.576340e-002
1.712551e+003;8.497664e-002
1.713033e+003;8.420371e-002
1.713515e+003;8.343893e-002
1.713997e+003;8.267847e-002
1.714479e+003;8.192272e-002
1.714961e+003;8.117698e-002
1.715443e+003;8.044988e-002
1.715926e+003;7.974757e-002
1.716408e+003;7.907209e-002
1.716890e+003;7.841799e-002
1.717372e+003;7.777511e-002
1.717854e+003;7.713193e-002
1.718336e+003;7.648116e-002
1.718818e+003;7.582185e-002
1.719301e+003;7.515844e-002
1.719783e+003;7.449911e-002
1.720265e+003;7.385019e-002
1.720747e+003;7.321537e-002
1.721229e+003;7.259412e-002
1.721711e+003;7.198424e-002
1.722193e+003;7.138322e-002
1.722676e+003;7.079063e-002
1.723158e+003;7.020755e-002
1.723640e+003;6.963577e-002
1.724122e+003;6.907641e-002
1.724604e+003;6.852794e-002
1.725086e+003;6.798810e-002
1.725568e+003;6.745474e-002
1.726051e+003;6.692722e-002
1.726533e+003;6.640758e-002
1.727015e+003;6.589930e-002
1.727497e+003;6.540478e-002
1.727979e+003;6.492338e-002
1.728461e+003;6.445095e-002
1.728943e+003;6.398150e-002
1.729426e+003;6.350898e-002
1.729907e+003;6.303196e-002
1.730390e+003;6.255399e-002
1.730872e+003;6.208291e-002
1.731354e+003;6.162895e-002
1.731836e+003;6.119985e-002
1.732318e+003;6.079840e-002
1.732800e+003;6.042103e-002
1.733282e+003;6.005825e-002
1.733765e+003;5.969858e-002
1.734247e+003;5.933087e-002
1.734729e+003;5.894877e-002
1.735211e+003;5.855080e-002
1.735693e+003;5.814050e-002
1.736175e+003;5.772478e-002
1.736657e+003;5.731149e-002
1.737140e+003;5.690889e-002
1.737622e+003;5.652352e-002
1.738104e+003;5.616036e-002
1.738586e+003;5.582039e-002
1.739068e+003;5.550059e-002
1.739550e+003;5.519521e-002
1.740032e+003;5.489543e-002
1.740515e+003;5.459400e-002
1.740997e+003;5.428588e-002
1.741479e+003;5.397024e-002
1.741961e+003;5.364984e-002
1.742443e+003;5.332866e-002
1.742925e+003;5.301066e-002
1.743407e+003;5.269740e-002
1.743890e+003;5.238868e-002
1.744372e+003;5.208294e-002
1.744854e+003;5.177873e-002
1.745336e+003;5.147664e-002
1.745818e+003;5.117777e-002
1.746300e+003;5.088407e-002
1.746782e+003;5.059551e-002
1.747264e+003;5.031112e-002
1.747747e+003;5.002791e-002
1.748229e+003;4.974361e-002
1.748711e+003;4.945845e-002
1.749193e+003;4.917547e-002
1.749675e+003;4.890012e-002
1.750157e+003;4.863757e-002
1.750639e+003;4.838943e-002
1.751122e+003;4.815342e-002
1.751604e+003;4.792268e-002
1.752086e+003;4.768946e-002
1.752568e+003;4.744809e-002
1.753050e+003;4.719869e-002
1.753532e+003;4.694645e-002
1.754014e+003;4.669862e-002
1.754497e+003;4.646272e-002
1.754979e+003;4.624096e-002
1.755461e+003;4.603053e-002
1.755943e+003;4.582436e-002
1.756425e+003;4.561418e-002
1.756907e+003;4.539425e-002
1.757389e+003;4.516387e-002
1.757872e+003;4.492702e-002
1.758354e+003;4.469017e-002
1.758836e+003;4.445957e-002
1.759318e+003;4.423855e-002
1.759800e+003;4.402716e-002
1.760282e+003;4.382313e-002
1.760764e+003;4.362467e-002
1.761247e+003;4.343078e-002
1.761729e+003;4.324159e-002
1.762211e+003;4.305852e-002
1.762693e+003;4.288077e-002
1.763175e+003;4.270617e-002
1.763657e+003;4.253189e-002
1.764139e+003;4.235544e-002
1.764621e+003;4.217661e-002
1.765104e+003;4.199801e-002
1.765586e+003;4.182498e-002
1.766068e+003;4.166160e-002
1.766550e+003;4.150971e-002
1.767032e+003;4.136711e-002
1.767514e+003;4.122765e-002
1.767996e+003;4.108451e-002
1.768479e+003;4.093315e-002
1.768961e+003;4.077382e-002
1.769443e+003;4.061160e-002
1.769925e+003;4.045365e-002
1.770407e+003;4.030782e-002
1.770889e+003;4.017776e-002
1.771371e+003;4.006243e-002
1.771854e+003;3.995516e-002
1.772336e+003;3.984777e-002
1.772818e+003;3.973224e-002
1.773300e+003;3.960379e-002
1.773782e+003;3.946168e-002
1.774264e+003;3.930932e-002
1.774746e+003;3.915189e-002
1.775229e+003;3.899496e-002
1.775711e+003;3.884334e-002
1.776193e+003;3.870086e-002
1.776675e+003;3.856931e-002
1.777157e+003;3.844918e-002
1.777639e+003;3.833797e-002
1.778121e+003;3.823284e-002
1.778604e+003;3.812903e-002
1.779085e+003;3.802238e-002
1.779568e+003;3.791055e-002
1.780050e+003;3.779292e-002
1.780532e+003;3.767251e-002
1.781014e+003;3.755366e-002
1.781496e+003;3.744016e-002
1.781978e+003;3.733491e-002
1.782460e+003;3.723792e-002
1.782943e+003;3.714751e-002
1.783425e+003;3.705967e-002
1.783907e+003;3.697148e-002
1.784389e+003;3.688103e-002
1.784871e+003;3.678735e-002
1.785353e+003;3.668961e-002
1.785835e+003;3.658736e-002
1.786318e+003;3.647954e-002
1.786800e+003;3.636542e-002
1.787282e+003;3.624522e-002
1.787764e+003;3.612132e-002
1.788246e+003;3.599910e-002
1.788728e+003;3.588472e-002
1.789210e+003;3.578414e-002
1.789693e+003;3.570057e-002
1.790175e+003;3.563375e-002
1.790657e+003;3.558024e-002
1.791139e+003;3.553266e-002
1.791621e+003;3.548451e-002
1.792103e+003;3.542929e-002
1.792585e+003;3.536468e-002
1.793067e+003;3.528976e-002
1.793550e+003;3.520660e-002
1.794032e+003;3.511763e-002
1.794514e+003;3.502581e-002
1.794996e+003;3.493289e-002
1.795478e+003;3.484042e-002
1.795960e+003;3.474899e-002
1.796442e+003;3.465880e-002
1.796925e+003;3.456958e-002
1.797407e+003;3.448050e-002
1.797889e+003;3.439088e-002
1.798371e+003;3.430161e-002
1.798853e+003;3.421396e-002
1.799335e+003;3.413026e-002
1.799817e+003;3.405369e-002
1.800300e+003;3.398618e-002
1.800782e+003;3.392705e-002
1.801264e+003;3.387449e-002
1.801746e+003;3.382434e-002
1.802228e+003;3.377222e-002
1.802710e+003;3.371521e-002
1.803192e+003;3.365256e-002
1.803675e+003;3.358545e-002
1.804157e+003;3.351606e-002
1.804639e+003;3.344595e-002
1.805121e+003;3.337593e-002
1.805603e+003;3.330525e-002
1.806085e+003;3.323342e-002
1.806567e+003;3.316024e-002
1.807050e+003;3.308770e-002
1.807531e+003;3.301839e-002
1.808014e+003;3.295447e-002
1.808496e+003;3.289639e-002
1.808978e+003;3.284173e-002
1.809460e+003;3.278528e-002
1.809942e+003;3.272187e-002
1.810424e+003;3.264716e-002
1.810906e+003;3.256017e-002
1.811389e+003;3.246218e-002
1.811871e+003;3.235697e-002
1.812353e+003;3.224658e-002
1.812835e+003;3.213301e-002
1.813317e+003;3.201634e-002
1.813799e+003;3.189685e-002
1.814281e+003;3.177714e-002
1.814764e+003;3.166420e-002
1.815246e+003;3.156850e-002
1.815728e+003;3.150155e-002
1.816210e+003;3.147209e-002
1.816692e+003;3.148333e-002
1.817174e+003;3.152978e-002
1.817656e+003;3.159914e-002
1.818139e+003;3.167544e-002
1.818621e+003;3.174336e-002
1.819103e+003;3.179181e-002
1.819585e+003;3.181555e-002
1.820067e+003;3.181525e-002
1.820549e+003;3.179460e-002
1.821031e+003;3.175930e-002
1.821514e+003;3.171539e-002
1.821996e+003;3.166779e-002
1.822478e+003;3.162149e-002
1.822960e+003;3.158007e-002
1.823442e+003;3.154542e-002
1.823924e+003;3.151634e-002
1.824406e+003;3.148963e-002
1.824888e+003;3.145951e-002
1.825371e+003;3.142100e-002
1.825853e+003;3.137127e-002
1.826335e+003;3.131207e-002
1.826817e+003;3.124880e-002
1.827299e+003;3.118885e-002
1.827781e+003;3.113813e-002
1.828263e+003;3.109934e-002
1.828746e+003;3.106999e-002
1.829228e+003;3.104421e-002
1.829710e+003;3.101551e-002
1.830192e+003;3.098011e-002
1.830674e+003;3.093808e-002
1.831156e+003;3.089330e-002
1.831638e+003;3.085071e-002
1.832121e+003;3.081447e-002
1.832603e+003;3.078445e-002
1.833085e+003;3.075764e-002
1.833567e+003;3.072891e-002
1.834049e+003;3.069512e-002
1.834531e+003;3.065486e-002
1.835013e+003;3.061130e-002
1.835496e+003;3.056891e-002
1.835978e+003;3.053294e-002
1.836460e+003;3.050658e-002
1.836942e+003;3.049087e-002
1.837424e+003;3.048388e-002
1.837906e+003;3.048366e-002
1.838388e+003;3.048791e-002
1.838871e+003;3.049547e-002
1.839353e+003;3.050473e-002
1.839835e+003;3.051456e-002
1.840317e+003;3.052205e-002
1.840799e+003;3.052599e-002
1.841281e+003;3.052410e-002
1.841763e+003;3.051751e-002
1.842245e+003;3.050908e-002
1.842728e+003;3.050228e-002
1.843210e+003;3.049872e-002
1.843692e+003;3.049857e-002
1.844174e+003;3.049823e-002
1.844656e+003;3.049275e-002
1.845138e+003;3.047829e-002
1.845620e+003;3.045393e-002
1.846103e+003;3.042338e-002
1.846585e+003;3.039300e-002
1.847067e+003;3.036878e-002
1.847549e+003;3.035451e-002
1.848031e+003;3.034870e-002
1.848513e+003;3.034567e-002
1.848995e+003;3.033769e-002
1.849478e+003;3.031893e-002
1.849960e+003;3.028692e-002
1.850442e+003;3.024523e-002
1.850924e+003;3.019968e-002
1.851406e+003;3.015831e-002
1.851888e+003;3.012705e-002
1.852370e+003;3.010877e-002
1.852853e+003;3.010175e-002
1.853335e+003;3.010296e-002
1.853817e+003;3.010824e-002
1.854299e+003;3.011441e-002
1.854781e+003;3.011886e-002
1.855263e+003;3.011980e-002
1.855745e+003;3.011562e-002
1.856228e+003;3.010551e-002
1.856709e+003;3.008919e-002
1.857192e+003;3.006800e-002
1.857674e+003;3.004502e-002
1.858156e+003;3.002355e-002
1.858638e+003;3.000641e-002
1.859120e+003;2.999392e-002
1.859602e+003;2.998399e-002
1.860084e+003;2.997386e-002
1.860567e+003;2.995955e-002
1.861049e+003;2.993935e-002
1.861531e+003;2.991414e-002
1.862013e+003;2.988777e-002
1.862495e+003;2.986368e-002
1.862977e+003;2.984476e-002
1.863459e+003;2.983071e-002
1.863942e+003;2.981915e-002
1.864424e+003;2.980679e-002
1.864906e+003;2.979168e-002
1.865388e+003;2.977380e-002
1.865870e+003;2.975641e-002
1.866352e+003;2.974357e-002
1.866834e+003;2.973881e-002
1.867317e+003;2.974328e-002
1.867799e+003;2.975648e-002
1.868281e+003;2.977411e-002
1.868763e+003;2.979343e-002
1.869245e+003;2.981126e-002
1.869727e+003;2.982647e-002
1.870209e+003;2.983828e-002
1.870692e+003;2.984732e-002
1.871174e+003;2.985206e-002
1.871656e+003;2.985293e-002
1.872138e+003;2.984852e-002
1.872620e+003;2.984089e-002
1.873102e+003;2.983132e-002
1.873584e+003;2.982335e-002
1.874066e+003;2.981916e-002
1.874549e+003;2.981950e-002
1.875031e+003;2.982240e-002
1.875513e+003;2.982529e-002
1.875995e+003;2.982439e-002
1.876477e+003;2.981864e-002
1.876959e+003;2.980953e-002
1.877441e+003;2.980086e-002
1.877924e+003;2.979644e-002
1.878406e+003;2.980022e-002
1.878888e+003;2.981180e-002
1.879370e+003;2.982960e-002
1.879852e+003;2.984901e-002
1.880334e+003;2.986597e-002
1.880816e+003;2.987731e-002
1.881299e+003;2.988174e-002
1.881781e+003;2.987912e-002
1.882263e+003;2.987053e-002
1.882745e+003;2.985573e-002
1.883227e+003;2.983613e-002
1.883709e+003;2.981218e-002
1.884191e+003;2.978698e-002
1.884674e+003;2.976455e-002
1.885156e+003;2.975073e-002
1.885638e+003;2.974992e-002
1.886120e+003;2.976608e-002
1.886602e+003;2.979903e-002
1.887084e+003;2.984712e-002
1.887566e+003;2.990507e-002
1.888049e+003;2.996734e-002
1.888531e+003;3.002738e-002
1.889013e+003;3.007906e-002
1.889495e+003;3.011661e-002
1.889977e+003;3.013612e-002
1.890459e+003;3.013503e-002
1.890941e+003;3.011419e-002
1.891423e+003;3.007714e-002
1.891906e+003;3.003162e-002
1.892388e+003;2.998764e-002
1.892870e+003;2.995417e-002
1.893352e+003;2.993675e-002
1.893834e+003;2.993949e-002
1.894316e+003;2.995837e-002
1.894798e+003;2.998820e-002
1.895281e+003;3.002143e-002
1.895763e+003;3.005141e-002
1.896245e+003;3.007332e-002
1.896727e+003;3.008469e-002
1.897209e+003;3.008333e-002
1.897691e+003;3.007011e-002
1.898173e+003;3.004625e-002
1.898656e+003;3.001558e-002
1.899138e+003;2.998444e-002
1.899620e+003;2.996248e-002
1.900102e+003;2.995788e-002
1.900584e+003;2.997724e-002
1.901066e+003;3.002044e-002
1.901548e+003;3.008216e-002
1.902031e+003;3.015109e-002
1.902513e+003;3.021530e-002
1.902995e+003;3.026507e-002
1.903477e+003;3.029773e-002
1.903959e+003;3.031653e-002
1.904441e+003;3.032958e-002
1.904923e+003;3.034400e-002
1.905406e+003;3.036490e-002
1.905887e+003;3.039028e-002
1.906370e+003;3.041474e-002
1.906852e+003;3.042899e-002
1.907334e+003;3.042658e-002
1.907816e+003;3.040502e-002
1.908298e+003;3.036608e-002
1.908780e+003;3.031615e-002
1.909262e+003;3.026501e-002
1.909745e+003;3.022199e-002
1.910227e+003;3.019746e-002
1.910709e+003;3.019989e-002
1.911191e+003;3.023595e-002
1.911673e+003;3.030862e-002
1.912155e+003;3.041470e-002
1.912637e+003;3.054281e-002
1.913120e+003;3.067712e-002
1.913602e+003;3.079656e-002
1.914084e+003;3.088522e-002
1.914566e+003;3.093302e-002
1.915048e+003;3.094306e-002
1.915530e+003;3.092753e-002
1.916012e+003;3.090533e-002
1.916495e+003;3.089261e-002
1.916977e+003;3.089906e-002
1.917459e+003;3.092267e-002
1.917941e+003;3.095365e-002
1.918423e+003;3.097654e-002
1.918905e+003;3.098044e-002
1.919387e+003;3.096135e-002
1.919870e+003;3.092351e-002
1.920352e+003;3.087714e-002
1.920834e+003;3.083436e-002
1.921316e+003;3.080438e-002
1.921798e+003;3.079144e-002
1.922280e+003;3.079354e-002
1.922762e+003;3.080748e-002
1.923244e+003;3.082810e-002
1.923727e+003;3.085084e-002
1.924209e+003;3.087226e-002
1.924691e+003;3.088979e-002
1.925173e+003;3.090057e-002
1.925655e+003;3.090335e-002
1.926137e+003;3.089896e-002
1.926619e+003;3.089200e-002
1.927102e+003;3.088701e-002
1.927584e+003;3.089116e-002
1.928066e+003;3.090545e-002
1.928548e+003;3.092862e-002
1.929030e+003;3.095267e-002
1.929512e+003;3.096976e-002
1.929994e+003;3.097338e-002
1.930477e+003;3.096572e-002
1.930959e+003;3.095486e-002
1.931441e+003;3.095437e-002
1.931923e+003;3.097524e-002
1.932405e+003;3.102376e-002
1.932887e+003;3.109551e-002
1.933369e+003;3.117925e-002
1.933852e+003;3.125925e-002
1.934334e+003;3.132512e-002
1.934816e+003;3.137312e-002
1.935298e+003;3.141002e-002
1.935780e+003;3.144615e-002
1.936262e+003;3.149468e-002
1.936744e+003;3.156181e-002
1.937227e+003;3.164765e-002
1.937708e+003;3.174399e-002
1.938191e+003;3.184299e-002
1.938673e+003;3.193671e-002
1.939155e+003;3.202207e-002
1.939637e+003;3.209786e-002
1.940119e+003;3.216621e-002
1.940601e+003;3.222524e-002
1.941083e+003;3.227321e-002
1.941566e+003;3.230516e-002
1.942048e+003;3.232034e-002
1.942530e+003;3.232120e-002
1.943012e+003;3.231618e-002
1.943494e+003;3.231637e-002
1.943976e+003;3.233429e-002
1.944458e+003;3.237739e-002
1.944941e+003;3.244837e-002
1.945423e+003;3.254122e-002
1.945905e+003;3.264879e-002
1.946387e+003;3.276126e-002
1.946869e+003;3.287036e-002
1.947351e+003;3.296873e-002
1.947833e+003;3.305327e-002
1.948316e+003;3.312019e-002
1.948798e+003;3.317089e-002
1.949280e+003;3.320516e-002
1.949762e+003;3.322674e-002
1.950244e+003;3.323912e-002
1.950726e+003;3.324600e-002
1.951208e+003;3.324675e-002
1.951691e+003;3.323990e-002
1.952173e+003;3.321926e-002
1.952655e+003;3.318116e-002
1.953137e+003;3.312327e-002
1.953619e+003;3.305271e-002
1.954101e+003;3.298277e-002
1.954583e+003;3.293187e-002
1.955065e+003;3.291447e-002
1.955548e+003;3.294394e-002
1.956030e+003;3.302059e-002
1.956512e+003;3.313804e-002
1.956994e+003;3.328336e-002
1.957476e+003;3.344401e-002
1.957958e+003;3.360894e-002
1.958440e+003;3.377359e-002
1.958923e+003;3.393522e-002
1.959405e+003;3.409459e-002
1.959887e+003;3.424954e-002
1.960369e+003;3.439971e-002
1.960851e+003;3.454057e-002
1.961333e+003;3.467265e-002
1.961815e+003;3.479540e-002
1.962298e+003;3.491198e-002
1.962780e+003;3.502023e-002
1.963262e+003;3.511939e-002
1.963744e+003;3.520321e-002
1.964226e+003;3.526917e-002
1.964708e+003;3.531365e-002
1.965190e+003;3.534431e-002
1.965673e+003;3.537321e-002
1.966155e+003;3.541461e-002
1.966637e+003;3.547614e-002
1.967119e+003;3.556155e-002
1.967601e+003;3.565863e-002
1.968083e+003;3.575072e-002
1.968565e+003;3.581845e-002
1.969048e+003;3.585430e-002
1.969530e+003;3.586349e-002
1.970012e+003;3.586730e-002
1.970494e+003;3.589194e-002
1.970976e+003;3.596808e-002
1.971458e+003;3.610912e-002
1.971940e+003;3.631698e-002
1.972422e+003;3.657034e-002
1.972905e+003;3.684320e-002
1.973387e+003;3.710630e-002
1.973869e+003;3.734078e-002
1.974351e+003;3.754370e-002
1.974833e+003;3.773481e-002
1.975315e+003;3.794628e-002
1.975797e+003;3.821848e-002
1.976280e+003;3.857705e-002
1.976762e+003;3.903347e-002
1.977244e+003;3.956462e-002
1.977726e+003;4.012045e-002
1.978208e+003;4.062934e-002
1.978690e+003;4.102831e-002
1.979172e+003;4.126822e-002
1.979655e+003;4.133925e-002
1.980137e+003;4.125996e-002
1.980619e+003;4.107925e-002
1.981101e+003;4.085490e-002
1.981583e+003;4.064042e-002
1.982065e+003;4.046926e-002
1.982547e+003;4.035462e-002
1.983030e+003;4.028594e-002
1.983512e+003;4.024388e-002
1.983994e+003;4.020276e-002
1.984476e+003;4.014943e-002
1.984958e+003;4.008208e-002
1.985440e+003;4.000877e-002
1.985922e+003;3.993750e-002
1.986405e+003;3.988060e-002
1.986886e+003;3.983775e-002
1.987369e+003;3.980722e-002
1.987851e+003;3.978066e-002
1.988333e+003;3.975719e-002
1.988815e+003;3.973757e-002
1.989297e+003;3.973065e-002
1.989779e+003;3.974636e-002
1.990261e+003;3.979575e-002
1.990744e+003;3.988124e-002
1.991226e+003;4.000200e-002
1.991708e+003;4.014537e-002
1.992190e+003;4.029499e-002
1.992672e+003;4.042884e-002
1.993154e+003;4.052589e-002
1.993636e+003;4.056504e-002
1.994119e+003;4.053802e-002
1.994601e+003;4.044422e-002
1.995083e+003;4.030211e-002
1.995565e+003;4.013772e-002
1.996047e+003;3.998811e-002
1.996529e+003;3.988492e-002
1.997011e+003;3.985174e-002
1.997494e+003;3.989344e-002
1.997976e+003;4.000026e-002
1.998458e+003;4.014979e-002
1.998940e+003;4.031688e-002
1.999422e+003;4.047791e-002
1.999904e+003;4.062140e-002
2.000386e+003;4.074184e-002
2.000869e+003;4.083866e-002
2.001351e+003;4.090730e-002
2.001833e+003;4.094517e-002
2.002315e+003;4.094459e-002
2.002797e+003;4.090792e-002
2.003279e+003;4.084298e-002
2.003761e+003;4.077461e-002
2.004243e+003;4.073041e-002
2.004726e+003;4.074091e-002
2.005208e+003;4.082074e-002
2.005690e+003;4.097301e-002
2.006172e+003;4.117705e-002
2.006654e+003;4.140794e-002
2.007136e+003;4.163614e-002
2.007618e+003;4.184509e-002
2.008101e+003;4.202654e-002
2.008583e+003;4.218120e-002
2.009065e+003;4.230473e-002
2.009547e+003;4.239450e-002
2.010029e+003;4.243578e-002
2.010511e+003;4.242393e-002
2.010993e+003;4.235436e-002
2.011476e+003;4.224356e-002
2.011958e+003;4.211580e-002
2.012440e+003;4.200421e-002
2.012922e+003;4.193513e-002
2.013404e+003;4.192796e-002
2.013886e+003;4.198470e-002
2.014368e+003;4.210000e-002
2.014851e+003;4.226070e-002
2.015333e+003;4.246152e-002
2.015815e+003;4.269439e-002
2.016297e+003;4.295337e-002
2.016779e+003;4.322062e-002
2.017261e+003;4.347860e-002
2.017743e+003;4.369381e-002
2.018226e+003;4.384379e-002
2.018708e+003;4.391256e-002
2.019190e+003;4.390701e-002
2.019672e+003;4.384918e-002
2.020154e+003;4.377289e-002
2.020636e+003;4.370874e-002
2.021118e+003;4.368102e-002
2.021600e+003;4.369496e-002
2.022083e+003;4.375256e-002
2.022565e+003;4.384161e-002
2.023047e+003;4.396114e-002
2.023529e+003;4.410669e-002
2.024011e+003;4.427876e-002
2.024493e+003;4.446801e-002
2.024975e+003;4.466572e-002
2.025458e+003;4.485332e-002
2.025940e+003;4.502118e-002
2.026422e+003;4.516554e-002
2.026904e+003;4.530044e-002
2.027386e+003;4.544644e-002
2.027868e+003;4.562608e-002
2.028350e+003;4.584449e-002
2.028833e+003;4.609540e-002
2.029315e+003;4.635246e-002
2.029797e+003;4.658842e-002
2.030279e+003;4.678214e-002
2.030761e+003;4.693530e-002
2.031243e+003;4.706549e-002
2.031725e+003;4.720165e-002
2.032208e+003;4.736281e-002
2.032690e+003;4.755863e-002
2.033172e+003;4.777448e-002
2.033654e+003;4.799139e-002
2.034136e+003;4.818888e-002
2.034618e+003;4.836770e-002
2.035100e+003;4.854100e-002
2.035583e+003;4.873436e-002
2.036064e+003;4.896242e-002
2.036547e+003;4.922710e-002
2.037029e+003;4.950082e-002
2.037511e+003;4.974632e-002
2.037993e+003;4.991497e-002
2.038475e+003;4.997966e-002
2.038957e+003;4.992951e-002
2.039439e+003;4.978376e-002
2.039922e+003;4.957183e-002
2.040404e+003;4.933777e-002
2.040886e+003;4.911675e-002
2.041368e+003;4.894228e-002
2.041850e+003;4.883138e-002
2.042332e+003;4.879621e-002
2.042814e+003;4.883806e-002
2.043297e+003;4.894995e-002
2.043779e+003;4.910985e-002
2.044261e+003;4.928997e-002
2.044743e+003;4.945825e-002
2.045225e+003;4.959228e-002
2.045707e+003;4.968562e-002
2.046189e+003;4.975770e-002
2.046672e+003;4.984409e-002
2.047154e+003;4.998383e-002
2.047636e+003;5.019938e-002
2.048118e+003;5.048553e-002
2.048600e+003;5.080029e-002
2.049082e+003;5.108235e-002
2.049564e+003;5.126499e-002
2.050047e+003;5.130893e-002
2.050529e+003;5.120296e-002
2.051011e+003;5.097483e-002
2.051493e+003;5.067247e-002
2.051975e+003;5.035662e-002
2.052457e+003;5.007807e-002
2.052939e+003;4.987545e-002
2.053421e+003;4.976420e-002
2.053904e+003;4.974436e-002
2.054386e+003;4.980023e-002
2.054868e+003;4.990862e-002
2.055350e+003;5.003780e-002
2.055832e+003;5.015855e-002
2.056314e+003;5.023777e-002
2.056796e+003;5.025301e-002
2.057279e+003;5.018821e-002
2.057761e+003;5.004925e-002
2.058243e+003;4.985674e-002
2.058725e+003;4.964947e-002
2.059207e+003;4.947114e-002
2.059689e+003;4.936379e-002
2.060171e+003;4.935356e-002
2.060654e+003;4.944780e-002
2.061136e+003;4.963087e-002
2.061618e+003;4.987660e-002
2.062100e+003;5.014931e-002
2.062582e+003;5.041692e-002
2.063064e+003;5.065103e-002
2.063546e+003;5.083545e-002
2.064029e+003;5.095851e-002
2.064511e+003;5.101965e-002
2.064993e+003;5.102229e-002
2.065475e+003;5.098009e-002
2.065957e+003;5.091034e-002
2.066439e+003;5.083562e-002
2.066921e+003;5.077740e-002
2.067404e+003;5.075446e-002
2.067885e+003;5.077463e-002
2.068368e+003;5.083854e-002
2.068850e+003;5.093570e-002
2.069332e+003;5.105417e-002
2.069814e+003;5.117946e-002
2.070296e+003;5.130242e-002
2.070778e+003;5.141353e-002
2.071260e+003;5.151008e-002
2.071743e+003;5.158706e-002
2.072225e+003;5.164371e-002
2.072707e+003;5.167603e-002
2.073189e+003;5.168543e-002
2.073671e+003;5.167453e-002
2.074153e+003;5.165182e-002
2.074635e+003;5.162641e-002
2.075118e+003;5.161074e-002
2.075600e+003;5.161304e-002
2.076082e+003;5.163997e-002
2.076564e+003;5.169051e-002
2.077046e+003;5.176372e-002
2.077528e+003;5.185376e-002
2.078010e+003;5.195425e-002
2.078493e+003;5.205611e-002
2.078975e+003;5.215291e-002
2.079457e+003;5.223407e-002
2.079939e+003;5.229298e-002
2.080421e+003;5.232242e-002
2.080903e+003;5.232132e-002
2.081385e+003;5.229040e-002
2.081868e+003;5.223667e-002
2.082350e+003;5.216689e-002
2.082832e+003;5.209234e-002
2.083314e+003;5.201965e-002
2.083796e+003;5.195776e-002
2.084278e+003;5.190996e-002
2.084760e+003;5.188209e-002
2.085242e+003;5.187654e-002
2.085725e+003;5.189570e-002
2.086207e+003;5.193661e-002
2.086689e+003;5.199673e-002
2.087171e+003;5.206623e-002
2.087653e+003;5.213577e-002
2.088135e+003;5.219237e-002
2.088617e+003;5.222670e-002
2.089100e+003;5.223165e-002
2.089582e+003;5.220454e-002
2.090064e+003;5.214573e-002
2.090546e+003;5.206166e-002
2.091028e+003;5.195885e-002
2.091510e+003;5.185034e-002
2.091992e+003;5.174840e-002
2.092475e+003;5.167086e-002
2.092957e+003;5.163278e-002
2.093439e+003;5.164739e-002
2.093921e+003;5.171965e-002
2.094403e+003;5.184770e-002
2.094885e+003;5.201837e-002
2.095367e+003;5.221430e-002
2.095850e+003;5.241321e-002
2.096332e+003;5.259981e-002
2.096814e+003;5.276149e-002
2.097296e+003;5.289638e-002
2.097778e+003;5.300586e-002
2.098260e+003;5.309682e-002
2.098742e+003;5.317463e-002
2.099225e+003;5.324502e-002
2.099707e+003;5.330851e-002
2.100189e+003;5.336752e-002
2.100671e+003;5.342015e-002
2.101153e+003;5.346518e-002
2.101635e+003;5.349872e-002
2.102117e+003;5.351882e-002
2.102599e+003;5.352230e-002
2.103082e+003;5.351078e-002
2.103564e+003;5.348765e-002
2.104046e+003;5.346214e-002
2.104528e+003;5.344578e-002
2.105010e+003;5.344952e-002
2.105492e+003;5.347796e-002
2.105974e+003;5.353007e-002
2.106457e+003;5.359577e-002
2.106939e+003;5.366214e-002
2.107421e+003;5.371263e-002
2.107903e+003;5.373981e-002
2.108385e+003;5.374180e-002
2.108867e+003;5.372557e-002
2.109349e+003;5.370101e-002
2.109832e+003;5.368090e-002
2.110314e+003;5.367144e-002
2.110796e+003;5.367629e-002
2.111278e+003;5.369137e-002
2.111760e+003;5.371409e-002
2.112242e+003;5.373874e-002
2.112724e+003;5.376311e-002
2.113207e+003;5.378503e-002
2.113689e+003;5.380369e-002
2.114171e+003;5.381492e-002
2.114653e+003;5.381537e-002
2.115135e+003;5.379822e-002
2.115617e+003;5.376039e-002
2.116099e+003;5.369935e-002
2.116582e+003;5.361731e-002
2.117063e+003;5.351510e-002
2.117546e+003;5.339855e-002
2.118028e+003;5.327023e-002
2.118510e+003;5.313614e-002
2.118992e+003;5.300066e-002
2.119474e+003;5.287183e-002
2.119956e+003;5.275874e-002
2.120438e+003;5.266918e-002
2.120921e+003;5.260526e-002
2.121403e+003;5.256454e-002
2.121885e+003;5.253458e-002
2.122367e+003;5.249998e-002
2.122849e+003;5.244349e-002
2.123331e+003;5.235456e-002
2.123813e+003;5.223165e-002
2.124296e+003;5.208344e-002
2.124778e+003;5.192284e-002
2.125260e+003;5.176523e-002
2.125742e+003;5.161749e-002
2.126224e+003;5.148058e-002
2.126706e+003;5.134549e-002
2.127188e+003;5.120342e-002
2.127671e+003;5.104589e-002
2.128153e+003;5.087454e-002
2.128635e+003;5.069687e-002
2.129117e+003;5.052839e-002
2.129599e+003;5.038469e-002
2.130081e+003;5.028014e-002
2.130563e+003;5.022130e-002
2.131046e+003;5.021277e-002
2.131528e+003;5.025321e-002
2.132010e+003;5.034288e-002
2.132492e+003;5.047648e-002
2.132974e+003;5.065158e-002
2.133456e+003;5.085688e-002
2.133938e+003;5.108180e-002
2.134420e+003;5.130582e-002
2.134903e+003;5.151271e-002
2.135385e+003;5.168615e-002
2.135867e+003;5.181867e-002
2.136349e+003;5.190641e-002
2.136831e+003;5.195385e-002
2.137313e+003;5.196482e-002
2.137795e+003;5.194336e-002
2.138278e+003;5.188839e-002
2.138760e+003;5.180080e-002
2.139242e+003;5.168081e-002
2.139724e+003;5.153305e-002
2.140206e+003;5.136276e-002
2.140688e+003;5.118260e-002
2.141170e+003;5.100366e-002
2.141653e+003;5.083954e-002
2.142135e+003;5.070121e-002
2.142617e+003;5.060504e-002
2.143099e+003;5.056560e-002
2.143581e+003;5.059789e-002
2.144063e+003;5.070701e-002
2.144545e+003;5.089125e-002
2.145028e+003;5.112851e-002
2.145510e+003;5.138673e-002
2.145992e+003;5.161982e-002
2.146474e+003;5.179199e-002
2.146956e+003;5.187416e-002
2.147438e+003;5.186603e-002
2.147920e+003;5.178070e-002
2.148403e+003;5.165282e-002
2.148885e+003;5.151475e-002
2.149367e+003;5.139491e-002
2.149849e+003;5.130220e-002
2.150331e+003;5.123662e-002
2.150813e+003;5.118428e-002
2.151295e+003;5.113130e-002
2.151777e+003;5.106219e-002
2.152260e+003;5.097037e-002
2.152742e+003;5.084651e-002
2.153224e+003;5.068661e-002
2.153706e+003;5.048523e-002
2.154188e+003;5.025309e-002
2.154670e+003;5.001298e-002
2.155152e+003;4.981869e-002
2.155635e+003;4.974043e-002
2.156117e+003;4.987233e-002
2.156599e+003;5.028987e-002
2.157081e+003;5.103881e-002
2.157563e+003;5.209508e-002
2.158045e+003;5.337247e-002
2.158527e+003;5.471772e-002
2.159010e+003;5.596362e-002
2.159492e+003;5.696168e-002
2.159974e+003;5.763604e-002
2.160456e+003;5.797560e-002
2.160938e+003;5.804116e-002
2.161420e+003;5.791105e-002
2.161902e+003;5.768285e-002
2.162385e+003;5.742757e-002
2.162867e+003;5.720074e-002
2.163349e+003;5.702351e-002
2.163831e+003;5.691060e-002
2.164313e+003;5.685494e-002
2.164795e+003;5.685092e-002
2.165277e+003;5.688278e-002
2.165760e+003;5.694105e-002
2.166241e+003;5.701008e-002
2.166724e+003;5.707470e-002
2.167206e+003;5.711358e-002
2.167688e+003;5.710255e-002
2.168170e+003;5.701724e-002
2.168652e+003;5.683588e-002
2.169134e+003;5.654015e-002
2.169616e+003;5.613113e-002
2.170099e+003;5.562494e-002
2.170581e+003;5.505552e-002
2.171063e+003;5.447118e-002
2.171545e+003;5.392940e-002
2.172027e+003;5.347886e-002
2.172509e+003;5.315763e-002
2.172991e+003;5.297589e-002
2.173474e+003;5.292968e-002
2.173956e+003;5.298851e-002
2.174438e+003;5.311564e-002
2.174920e+003;5.326747e-002
2.175402e+003;5.341008e-002
2.175884e+003;5.351217e-002
2.176366e+003;5.356111e-002
2.176849e+003;5.354779e-002
2.177331e+003;5.348048e-002
2.177813e+003;5.337023e-002
2.178295e+003;5.324132e-002
2.178777e+003;5.311793e-002
2.179259e+003;5.303437e-002
2.179741e+003;5.301617e-002
2.180223e+003;5.308734e-002
2.180706e+003;5.324963e-002
2.181188e+003;5.349569e-002
2.181670e+003;5.379561e-002
2.182152e+003;5.411281e-002
2.182634e+003;5.440284e-002
2.183116e+003;5.462793e-002
2.183598e+003;5.475970e-002
2.184081e+003;5.478467e-002
2.184563e+003;5.469923e-002
2.185045e+003;5.451644e-002
2.185527e+003;5.425593e-002
2.186009e+003;5.394446e-002
2.186491e+003;5.360812e-002
2.186973e+003;5.327744e-002
2.187456e+003;5.297325e-002
2.187938e+003;5.271399e-002
2.188420e+003;5.250596e-002
2.188902e+003;5.235084e-002
2.189384e+003;5.224042e-002
2.189866e+003;5.216531e-002
2.190348e+003;5.211294e-002
2.190831e+003;5.207449e-002
2.191313e+003;5.204231e-002
2.191795e+003;5.201603e-002
2.192277e+003;5.199141e-002
2.192759e+003;5.197345e-002
2.193241e+003;5.196163e-002
2.193723e+003;5.195886e-002
2.194206e+003;5.196229e-002
2.194688e+003;5.196987e-002
2.195170e+003;5.197191e-002
2.195652e+003;5.195997e-002
2.196134e+003;5.191620e-002
2.196616e+003;5.182878e-002
2.197098e+003;5.168813e-002
2.197580e+003;5.149418e-002
2.198063e+003;5.125853e-002
2.198545e+003;5.100801e-002
2.199027e+003;5.077226e-002
2.199509e+003;5.058336e-002
2.199991e+003;5.046112e-002
2.200473e+003;5.041306e-002
2.200955e+003;5.042711e-002
2.201438e+003;5.047998e-002
2.201920e+003;5.053880e-002
2.202402e+003;5.057926e-002
2.202884e+003;5.058133e-002
2.203366e+003;5.054329e-002
2.203848e+003;5.046883e-002
2.204330e+003;5.037278e-002
2.204813e+003;5.026414e-002
2.205295e+003;5.015139e-002
2.205777e+003;5.003306e-002
2.206259e+003;4.990853e-002
2.206741e+003;4.977309e-002
2.207223e+003;4.962929e-002
2.207705e+003;4.948006e-002
2.208188e+003;4.933534e-002
2.208670e+003;4.920166e-002
2.209152e+003;4.908673e-002
2.209634e+003;4.898888e-002
2.210116e+003;4.890902e-002
2.210598e+003;4.884054e-002
2.211080e+003;4.878235e-002
2.211563e+003;4.872917e-002
2.212044e+003;4.868111e-002
2.212527e+003;4.863526e-002
2.213009e+003;4.859025e-002
2.213491e+003;4.854020e-002
2.213973e+003;4.848442e-002
2.214455e+003;4.842160e-002
2.214937e+003;4.835581e-002
2.215419e+003;4.829193e-002
2.215902e+003;4.823775e-002
2.216384e+003;4.819551e-002
2.216866e+003;4.816406e-002
2.217348e+003;4.813438e-002
2.217830e+003;4.809772e-002
2.218312e+003;4.804249e-002
2.218794e+003;4.796515e-002
2.219277e+003;4.786685e-002
2.219759e+003;4.775891e-002
2.220241e+003;4.765466e-002
2.220723e+003;4.756737e-002
2.221205e+003;4.750386e-002
2.221687e+003;4.746677e-002
2.222169e+003;4.745023e-002
2.222652e+003;4.744529e-002
2.223134e+003;4.743855e-002
2.223616e+003;4.742230e-002
2.224098e+003;4.738839e-002
2.224580e+003;4.733324e-002
2.225062e+003;4.725393e-002
2.225544e+003;4.715335e-002
2.226027e+003;4.703402e-002
2.226509e+003;4.690396e-002
2.226991e+003;4.677113e-002
2.227473e+003;4.664687e-002
2.227955e+003;4.654093e-002
2.228437e+003;4.646113e-002
2.228919e+003;4.640928e-002
2.229401e+003;4.638460e-002
2.229884e+003;4.638160e-002
2.230366e+003;4.639389e-002
2.230848e+003;4.641050e-002
2.231330e+003;4.642457e-002
2.231812e+003;4.642893e-002
2.232294e+003;4.641654e-002
2.232776e+003;4.638334e-002
2.233259e+003;4.632861e-002
2.233741e+003;4.625221e-002
2.234223e+003;4.615941e-002
2.234705e+003;4.605290e-002
2.235187e+003;4.594029e-002
2.235669e+003;4.582291e-002
2.236151e+003;4.570239e-002
2.236634e+003;4.557740e-002
2.237116e+003;4.544919e-002
2.237598e+003;4.532016e-002
2.238080e+003;4.519980e-002
2.238562e+003;4.509694e-002
2.239044e+003;4.502358e-002
2.239526e+003;4.498424e-002
2.240009e+003;4.497706e-002
2.240491e+003;4.498899e-002
2.240973e+003;4.500482e-002
2.241455e+003;4.500812e-002
2.241937e+003;4.499253e-002
2.242419e+003;4.495870e-002
2.242901e+003;4.492035e-002
2.243384e+003;4.489202e-002
2.243865e+003;4.488875e-002
2.244348e+003;4.491271e-002
2.244830e+003;4.495632e-002
2.245312e+003;4.500135e-002
2.245794e+003;4.502753e-002
2.246276e+003;4.501686e-002
2.246758e+003;4.496369e-002
2.247240e+003;4.487065e-002
2.247723e+003;4.475045e-002
2.248205e+003;4.461493e-002
2.248687e+003;4.447593e-002
2.249169e+003;4.433658e-002
2.249651e+003;4.419766e-002
2.250133e+003;4.405566e-002
2.250615e+003;4.391306e-002
2.251098e+003;4.377589e-002
2.251580e+003;4.365686e-002
2.252062e+003;4.356930e-002
2.252544e+003;4.352674e-002
2.253026e+003;4.353215e-002
2.253508e+003;4.358214e-002
2.253990e+003;4.366236e-002
2.254473e+003;4.375520e-002
2.254955e+003;4.384098e-002
2.255437e+003;4.390436e-002
2.255919e+003;4.393367e-002
2.256401e+003;4.392610e-002
2.256883e+003;4.388246e-002
2.257365e+003;4.381041e-002
2.257848e+003;4.371729e-002
2.258330e+003;4.361374e-002
2.258812e+003;4.350740e-002
2.259294e+003;4.340510e-002
2.259776e+003;4.331091e-002
2.260258e+003;4.322600e-002
2.260740e+003;4.314841e-002
2.261222e+003;4.307627e-002
2.261705e+003;4.300387e-002
2.262187e+003;4.293011e-002
2.262669e+003;4.285327e-002
2.263151e+003;4.277538e-002
2.263633e+003;4.269794e-002
2.264115e+003;4.262625e-002
2.264597e+003;4.256340e-002
2.265080e+003;4.251204e-002
2.265562e+003;4.247312e-002
2.266044e+003;4.244822e-002
2.266526e+003;4.243489e-002
2.267008e+003;4.243389e-002
2.267490e+003;4.244228e-002
2.267972e+003;4.246025e-002
2.268455e+003;4.248545e-002
2.268937e+003;4.251786e-002
2.269419e+003;4.255359e-002
2.269901e+003;4.259004e-002
2.270383e+003;4.262045e-002
2.270865e+003;4.263972e-002
2.271347e+003;4.264131e-002
2.271830e+003;4.262339e-002
2.272312e+003;4.258582e-002
2.272794e+003;4.253432e-002
2.273276e+003;4.247642e-002
2.273758e+003;4.242173e-002
2.274240e+003;4.237676e-002
2.274722e+003;4.234554e-002
2.275205e+003;4.232635e-002
2.275687e+003;4.231517e-002
2.276169e+003;4.230572e-002
2.276651e+003;4.229231e-002
2.277133e+003;4.227174e-002
2.277615e+003;4.224344e-002
2.278097e+003;4.220889e-002
2.278579e+003;4.217135e-002
2.279062e+003;4.213362e-002
2.279544e+003;4.210068e-002
2.280026e+003;4.207514e-002
2.280508e+003;4.206212e-002
2.280990e+003;4.206257e-002
2.281472e+003;4.207904e-002
2.281954e+003;4.210765e-002
2.282437e+003;4.214227e-002
2.282919e+003;4.217193e-002
2.283401e+003;4.218700e-002
2.283883e+003;4.217830e-002
2.284365e+003;4.214361e-002
2.284847e+003;4.208433e-002
2.285329e+003;4.200907e-002
2.285812e+003;4.192581e-002
2.286294e+003;4.184316e-002
2.286776e+003;4.176442e-002
2.287258e+003;4.168960e-002
2.287740e+003;4.161539e-002
2.288222e+003;4.153838e-002
2.288704e+003;4.145534e-002
2.289187e+003;4.136617e-002
2.289669e+003;4.127271e-002
2.290151e+003;4.117675e-002
2.290633e+003;4.107927e-002
2.291115e+003;4.098040e-002
2.291597e+003;4.087890e-002
2.292079e+003;4.077554e-002
2.292562e+003;4.067079e-002
2.293043e+003;4.056903e-002
2.293526e+003;4.047364e-002
2.294008e+003;4.038668e-002
2.294490e+003;4.030800e-002
2.294972e+003;4.023357e-002
2.295454e+003;4.015753e-002
2.295936e+003;4.007489e-002
2.296418e+003;3.998255e-002
2.296901e+003;3.988243e-002
2.297383e+003;3.977870e-002
2.297865e+003;3.967668e-002
2.298347e+003;3.958025e-002
2.298829e+003;3.949092e-002
2.299311e+003;3.940719e-002
2.299793e+003;3.932684e-002
2.300276e+003;3.924764e-002
2.300758e+003;3.917119e-002
2.301240e+003;3.910058e-002
2.301722e+003;3.904089e-002
2.302204e+003;3.899449e-002
2.302686e+003;3.896180e-002
2.303168e+003;3.893790e-002
2.303651e+003;3.891654e-002
2.304133e+003;3.888936e-002
2.304615e+003;3.885090e-002
2.305097e+003;3.879876e-002
2.305579e+003;3.873501e-002
2.306061e+003;3.866393e-002
2.306543e+003;3.859203e-002
2.307026e+003;3.852463e-002
2.307508e+003;3.846642e-002
2.307990e+003;3.841906e-002
2.308472e+003;3.838393e-002
2.308954e+003;3.835952e-002
2.309436e+003;3.834360e-002
2.309918e+003;3.833189e-002
2.310400e+003;3.832080e-002
2.310883e+003;3.830573e-002
2.311365e+003;3.828420e-002
2.311847e+003;3.825574e-002
2.312329e+003;3.822281e-002
2.312811e+003;3.818867e-002
2.313293e+003;3.815889e-002
2.313775e+003;3.813626e-002
2.314258e+003;3.812382e-002
2.314740e+003;3.812085e-002
2.315222e+003;3.812616e-002
2.315704e+003;3.813681e-002
2.316186e+003;3.815081e-002
2.316668e+003;3.816648e-002
2.317150e+003;3.818280e-002
2.317633e+003;3.819984e-002
2.318115e+003;3.822023e-002
2.318597e+003;3.824853e-002
2.319079e+003;3.829408e-002
2.319561e+003;3.836742e-002
2.320043e+003;3.847850e-002
2.320525e+003;3.863165e-002
2.321008e+003;3.881957e-002
2.321490e+003;3.902087e-002
2.321972e+003;3.920149e-002
2.322454e+003;3.931860e-002
2.322936e+003;3.933196e-002
2.323418e+003;3.921278e-002
2.323900e+003;3.895294e-002
2.324383e+003;3.856591e-002
2.324865e+003;3.808488e-002
2.325347e+003;3.755476e-002
2.325829e+003;3.702353e-002
2.326311e+003;3.653143e-002
2.326793e+003;3.610608e-002
2.327275e+003;3.576032e-002
2.327757e+003;3.549329e-002
2.328240e+003;3.529459e-002
2.328722e+003;3.515002e-002
2.329204e+003;3.504568e-002
2.329686e+003;3.497063e-002
2.330168e+003;3.491632e-002
2.330650e+003;3.487735e-002
2.331132e+003;3.484762e-002
2.331615e+003;3.482269e-002
2.332097e+003;3.479686e-002
2.332579e+003;3.476615e-002
2.333061e+003;3.472765e-002
2.333543e+003;3.468170e-002
2.334025e+003;3.462892e-002
2.334507e+003;3.457268e-002
2.334990e+003;3.451547e-002
2.335472e+003;3.445999e-002
2.335954e+003;3.440809e-002
2.336436e+003;3.436130e-002
2.336918e+003;3.431912e-002
2.337400e+003;3.428126e-002
2.337882e+003;3.424627e-002
2.338365e+003;3.421230e-002
2.338847e+003;3.417696e-002
2.339329e+003;3.413951e-002
2.339811e+003;3.409900e-002
2.340293e+003;3.405664e-002
2.340775e+003;3.401489e-002
2.341257e+003;3.397682e-002
2.341740e+003;3.394490e-002
2.342221e+003;3.392084e-002
2.342704e+003;3.390463e-002
2.343186e+003;3.389499e-002
2.343668e+003;3.388895e-002
2.344150e+003;3.388340e-002
2.344632e+003;3.387455e-002
2.345114e+003;3.385943e-002
2.345596e+003;3.383457e-002
2.346079e+003;3.379813e-002
2.346561e+003;3.374817e-002
2.347043e+003;3.368542e-002
2.347525e+003;3.361050e-002
2.348007e+003;3.352702e-002
2.348489e+003;3.343910e-002
2.348971e+003;3.335203e-002
2.349454e+003;3.327025e-002
2.349936e+003;3.319800e-002
2.350418e+003;3.313699e-002
2.350900e+003;3.308795e-002
2.351382e+003;3.305015e-002
2.351864e+003;3.302144e-002
2.352346e+003;3.299858e-002
2.352829e+003;3.297805e-002
2.353311e+003;3.295662e-002
2.353793e+003;3.293059e-002
2.354275e+003;3.289649e-002
2.354757e+003;3.285303e-002
2.355239e+003;3.279948e-002
2.355721e+003;3.273793e-002
2.356204e+003;3.267039e-002
2.356686e+003;3.260106e-002
2.357168e+003;3.253217e-002
2.357650e+003;3.246521e-002
2.358132e+003;3.239951e-002
2.358614e+003;3.233249e-002
2.359096e+003;3.226037e-002
2.359578e+003;3.217982e-002
2.360061e+003;3.208957e-002
2.360543e+003;3.199001e-002
2.361025e+003;3.188493e-002
2.361507e+003;3.178102e-002
2.361989e+003;3.168410e-002
2.362471e+003;3.160113e-002
2.362953e+003;3.153596e-002
2.363436e+003;3.148885e-002
2.363918e+003;3.145748e-002
2.364400e+003;3.143700e-002
2.364882e+003;3.142127e-002
2.365364e+003;3.140586e-002
2.365846e+003;3.138728e-002
2.366328e+003;3.136595e-002
2.366811e+003;3.134324e-002
2.367293e+003;3.132269e-002
2.367775e+003;3.130667e-002
2.368257e+003;3.129647e-002
2.368739e+003;3.129046e-002
2.369221e+003;3.128712e-002
2.369703e+003;3.128239e-002
2.370186e+003;3.127507e-002
2.370668e+003;3.126411e-002
2.371150e+003;3.125135e-002
2.371632e+003;3.123907e-002
2.372114e+003;3.122995e-002
2.372596e+003;3.122471e-002
2.373078e+003;3.122230e-002
2.373561e+003;3.121909e-002
2.374042e+003;3.121116e-002
2.374525e+003;3.119317e-002
2.375007e+003;3.116218e-002
2.375489e+003;3.111765e-002
2.375971e+003;3.106166e-002
2.376453e+003;3.099866e-002
2.376935e+003;3.093459e-002
2.377417e+003;3.087552e-002
2.377900e+003;3.082699e-002
2.378382e+003;3.079183e-002
2.378864e+003;3.077144e-002
2.379346e+003;3.076403e-002
2.379828e+003;3.076653e-002
2.380310e+003;3.077414e-002
2.380792e+003;3.078322e-002
2.381275e+003;3.078864e-002
2.381757e+003;3.078870e-002
2.382239e+003;3.078135e-002
2.382721e+003;3.076692e-002
2.383203e+003;3.074557e-002
2.383685e+003;3.071941e-002
2.384167e+003;3.068973e-002
2.384650e+003;3.065948e-002
2.385132e+003;3.063092e-002
2.385614e+003;3.060674e-002
2.386096e+003;3.058923e-002
2.386578e+003;3.057937e-002
2.387060e+003;3.057659e-002
2.387542e+003;3.057779e-002
2.388025e+003;3.057956e-002
2.388507e+003;3.057661e-002
2.388989e+003;3.056541e-002
2.389471e+003;3.054484e-002
2.389953e+003;3.051683e-002
2.390435e+003;3.048547e-002
2.390917e+003;3.045629e-002
2.391399e+003;3.043526e-002
2.391882e+003;3.042361e-002
2.392364e+003;3.042142e-002
2.392846e+003;3.042322e-002
2.393328e+003;3.042338e-002
2.393810e+003;3.041392e-002
2.394292e+003;3.039178e-002
2.394774e+003;3.035525e-002
2.395257e+003;3.030882e-002
2.395739e+003;3.025910e-002
2.396221e+003;3.021403e-002
2.396703e+003;3.018005e-002
2.397185e+003;3.016012e-002
2.397667e+003;3.015293e-002
2.398149e+003;3.015352e-002
2.398632e+003;3.015434e-002
2.399114e+003;3.014928e-002
2.399596e+003;3.013357e-002
2.400078e+003;3.010721e-002
2.400560e+003;3.007191e-002
2.401042e+003;3.003365e-002
2.401524e+003;2.999661e-002
2.402007e+003;2.996454e-002
2.402489e+003;2.993771e-002
2.402971e+003;2.991561e-002
2.403453e+003;2.989604e-002
2.403935e+003;2.987843e-002
2.404417e+003;2.986303e-002
2.404899e+003;2.985270e-002
2.405382e+003;2.984983e-002
2.405864e+003;2.985639e-002
2.406346e+003;2.987139e-002
2.406828e+003;2.989165e-002
2.407310e+003;2.991151e-002
2.407792e+003;2.992596e-002
2.408274e+003;2.993072e-002
2.408756e+003;2.992587e-002
2.409239e+003;2.991289e-002
2.409721e+003;2.989694e-002
2.410203e+003;2.988131e-002
2.410685e+003;2.986896e-002
2.411167e+003;2.985972e-002
2.411649e+003;2.985254e-002
2.412131e+003;2.984387e-002
2.412614e+003;2.983125e-002
2.413096e+003;2.981294e-002
2.413578e+003;2.978862e-002
2.414060e+003;2.975853e-002
2.414542e+003;2.972480e-002
2.415024e+003;2.968867e-002
2.415506e+003;2.965219e-002
2.415989e+003;2.961669e-002
2.416471e+003;2.958521e-002
2.416953e+003;2.955875e-002
2.417435e+003;2.953935e-002
2.417917e+003;2.952654e-002
2.418399e+003;2.951940e-002
2.418881e+003;2.951572e-002
2.419364e+003;2.951427e-002
2.419846e+003;2.951207e-002
2.420328e+003;2.950979e-002
2.420810e+003;2.950601e-002
2.421292e+003;2.950099e-002
2.421774e+003;2.949300e-002
2.422256e+003;2.947981e-002
2.422739e+003;2.945745e-002
2.423220e+003;2.942500e-002
2.423703e+003;2.938122e-002
2.424185e+003;2.932949e-002
2.424667e+003;2.927502e-002
2.425149e+003;2.922541e-002
2.425631e+003;2.918519e-002
2.426113e+003;2.915877e-002
2.426595e+003;2.914555e-002
2.427078e+003;2.914390e-002
2.427560e+003;2.914977e-002
2.428042e+003;2.916086e-002
2.428524e+003;2.917550e-002
2.429006e+003;2.919345e-002
2.429488e+003;2.921364e-002
2.429970e+003;2.923318e-002
2.430453e+003;2.924776e-002
2.430935e+003;2.925132e-002
2.431417e+003;2.923874e-002
2.431899e+003;2.920900e-002
2.432381e+003;2.916500e-002
2.432863e+003;2.911484e-002
2.433345e+003;2.906823e-002
2.433828e+003;2.903495e-002
2.434310e+003;2.901873e-002
2.434792e+003;2.901951e-002
2.435274e+003;2.903106e-002
2.435756e+003;2.904577e-002
2.436238e+003;2.905583e-002
2.436720e+003;2.905726e-002
2.437203e+003;2.905031e-002
2.437685e+003;2.903887e-002
2.438167e+003;2.902784e-002
2.438649e+003;2.902287e-002
2.439131e+003;2.902562e-002
2.439613e+003;2.903618e-002
2.440095e+003;2.905122e-002
2.440577e+003;2.906669e-002
2.441060e+003;2.907775e-002
2.441542e+003;2.908217e-002
2.442024e+003;2.907718e-002
2.442506e+003;2.906304e-002
2.442988e+003;2.903891e-002
2.443470e+003;2.900736e-002
2.443952e+003;2.896981e-002
2.444435e+003;2.893025e-002
2.444917e+003;2.889142e-002
2.445399e+003;2.885690e-002
2.445881e+003;2.882878e-002
2.446363e+003;2.880732e-002
2.446845e+003;2.879116e-002
2.447327e+003;2.877801e-002
2.447810e+003;2.876526e-002
2.448292e+003;2.875068e-002
2.448774e+003;2.873274e-002
2.449256e+003;2.871239e-002
2.449738e+003;2.868969e-002
2.450220e+003;2.866631e-002
2.450702e+003;2.864368e-002
2.451185e+003;2.862303e-002
2.451667e+003;2.860454e-002
2.452149e+003;2.858830e-002
2.452631e+003;2.857330e-002
2.453113e+003;2.855922e-002
2.453595e+003;2.854370e-002
2.454077e+003;2.852543e-002
2.454560e+003;2.850288e-002
2.455042e+003;2.847489e-002
2.455524e+003;2.844037e-002
2.456006e+003;2.839974e-002
2.456488e+003;2.835407e-002
2.456970e+003;2.830530e-002
2.457452e+003;2.825609e-002
2.457935e+003;2.820836e-002
2.458417e+003;2.816405e-002
2.458899e+003;2.812449e-002
2.459381e+003;2.808984e-002
2.459863e+003;2.806029e-002
2.460345e+003;2.803340e-002
2.460827e+003;2.800818e-002
2.461309e+003;2.798253e-002
2.461792e+003;2.795769e-002
2.462274e+003;2.793260e-002
2.462756e+003;2.791060e-002
2.463238e+003;2.789328e-002
2.463720e+003;2.788290e-002
2.464202e+003;2.787897e-002
2.464684e+003;2.787947e-002
2.465167e+003;2.788040e-002
2.465649e+003;2.787688e-002
2.466131e+003;2.786397e-002
2.466613e+003;2.783981e-002
2.467095e+003;2.780422e-002
2.467577e+003;2.776074e-002
2.468059e+003;2.771278e-002
2.468542e+003;2.766625e-002
2.469024e+003;2.762330e-002
2.469506e+003;2.758637e-002
2.469988e+003;2.755448e-002
2.470470e+003;2.752710e-002
2.470952e+003;2.750224e-002
2.471434e+003;2.747938e-002
2.471917e+003;2.745776e-002
2.472399e+003;2.743799e-002
2.472881e+003;2.741938e-002
2.473363e+003;2.740237e-002
2.473845e+003;2.738492e-002
2.474327e+003;2.736747e-002
2.474809e+003;2.735009e-002
2.475292e+003;2.733371e-002
2.475773e+003;2.732044e-002
2.476256e+003;2.731103e-002
2.476738e+003;2.730465e-002
2.477220e+003;2.729995e-002
2.477702e+003;2.729204e-002
2.478184e+003;2.727672e-002
2.478666e+003;2.725094e-002
2.479148e+003;2.721353e-002
2.479631e+003;2.716767e-002
2.480113e+003;2.712003e-002
2.480595e+003;2.707861e-002
2.481077e+003;2.705184e-002
2.481559e+003;2.704538e-002
2.482041e+003;2.706176e-002
2.482523e+003;2.709831e-002
2.483006e+003;2.714829e-002
2.483488e+003;2.720293e-002
2.483970e+003;2.725202e-002
2.484452e+003;2.728745e-002
2.484934e+003;2.730465e-002
2.485416e+003;2.730226e-002
2.485898e+003;2.728433e-002
2.486381e+003;2.725743e-002
2.486863e+003;2.722908e-002
2.487345e+003;2.720537e-002
2.487827e+003;2.719128e-002
2.488309e+003;2.718573e-002
2.488791e+003;2.718609e-002
2.489273e+003;2.718679e-002
2.489756e+003;2.718157e-002
2.490238e+003;2.716568e-002
2.490720e+003;2.713802e-002
2.491202e+003;2.710078e-002
2.491684e+003;2.705829e-002
2.492166e+003;2.701509e-002
2.492648e+003;2.697697e-002
2.493130e+003;2.694535e-002
2.493613e+003;2.692074e-002
2.494095e+003;2.690019e-002
2.494577e+003;2.688234e-002
2.495059e+003;2.686440e-002
2.495541e+003;2.684688e-002
2.496023e+003;2.683044e-002
2.496505e+003;2.681858e-002
2.496988e+003;2.681181e-002
2.497470e+003;2.681062e-002
2.497952e+003;2.681283e-002
2.498434e+003;2.681512e-002
2.498916e+003;2.681350e-002
2.499398e+003;2.680696e-002
2.499880e+003;2.679507e-002
2.500363e+003;2.678181e-002
2.500845e+003;2.677007e-002
2.501327e+003;2.676291e-002
2.501809e+003;2.676017e-002
2.502291e+003;2.675777e-002
2.502773e+003;2.674873e-002
2.503255e+003;2.672642e-002
2.503738e+003;2.668515e-002
2.504220e+003;2.662473e-002
2.504702e+003;2.654932e-002
2.505184e+003;2.646920e-002
2.505666e+003;2.639578e-002
2.506148e+003;2.634097e-002
2.506630e+003;2.631208e-002
2.507113e+003;2.631298e-002
2.507594e+003;2.633991e-002
2.508077e+003;2.638755e-002
2.508559e+003;2.644661e-002
2.509041e+003;2.650723e-002
2.509523e+003;2.655995e-002
2.510005e+003;2.659786e-002
2.510487e+003;2.661490e-002
2.510969e+003;2.660876e-002
2.511452e+003;2.658002e-002
2.511934e+003;2.653276e-002
2.512416e+003;2.647423e-002
2.512898e+003;2.641439e-002
2.513380e+003;2.636195e-002
2.513862e+003;2.632630e-002
2.514344e+003;2.630976e-002
2.514827e+003;2.631293e-002
2.515309e+003;2.632993e-002
2.515791e+003;2.635521e-002
2.516273e+003;2.638016e-002
2.516755e+003;2.640093e-002
2.517237e+003;2.641326e-002
2.517719e+003;2.641729e-002
2.518202e+003;2.641355e-002
2.518684e+003;2.640424e-002
2.519166e+003;2.638912e-002
2.519648e+003;2.636936e-002
2.520130e+003;2.634447e-002
2.520612e+003;2.631503e-002
2.521094e+003;2.628105e-002
2.521577e+003;2.624380e-002
2.522059e+003;2.620474e-002
2.522541e+003;2.616601e-002
2.523023e+003;2.612999e-002
2.523505e+003;2.610116e-002
2.523987e+003;2.608294e-002
2.524469e+003;2.607979e-002
2.524951e+003;2.609282e-002
2.525434e+003;2.612188e-002
2.525916e+003;2.616081e-002
2.526398e+003;2.620138e-002
2.526880e+003;2.623263e-002
2.527362e+003;2.624603e-002
2.527844e+003;2.623629e-002
2.528326e+003;2.620474e-002
2.528809e+003;2.615868e-002
2.529291e+003;2.610926e-002
2.529773e+003;2.606651e-002
2.530255e+003;2.603869e-002
2.530737e+003;2.602716e-002
2.531219e+003;2.602894e-002
2.531701e+003;2.603579e-002
2.532184e+003;2.604100e-002
2.532666e+003;2.603771e-002
2.533148e+003;2.602522e-002
2.533630e+003;2.600327e-002
2.534112e+003;2.597641e-002
2.534594e+003;2.594790e-002
2.535076e+003;2.592127e-002
2.535559e+003;2.589817e-002
2.536041e+003;2.587969e-002
2.536523e+003;2.586602e-002
2.537005e+003;2.585864e-002
2.537487e+003;2.585580e-002
2.537969e+003;2.585667e-002
2.538451e+003;2.585805e-002
2.538934e+003;2.585685e-002
2.539416e+003;2.584901e-002
2.539898e+003;2.583290e-002
2.540380e+003;2.580885e-002
2.540862e+003;2.578091e-002
2.541344e+003;2.575486e-002
2.541826e+003;2.573707e-002
2.542308e+003;2.573144e-002
2.542791e+003;2.573908e-002
2.543273e+003;2.575646e-002
2.543755e+003;2.578033e-002
2.544237e+003;2.580463e-002
2.544719e+003;2.582506e-002
2.545201e+003;2.583849e-002
2.545683e+003;2.584399e-002
2.546166e+003;2.584180e-002
2.546648e+003;2.583279e-002
2.547130e+003;2.581730e-002
2.547612e+003;2.579773e-002
2.548094e+003;2.577582e-002
2.548576e+003;2.575589e-002
2.549058e+003;2.574062e-002
2.549541e+003;2.573408e-002
2.550023e+003;2.573609e-002
2.550505e+003;2.574476e-002
2.550987e+003;2.575447e-002
2.551469e+003;2.575813e-002
2.551951e+003;2.574897e-002
2.552433e+003;2.572337e-002
2.552916e+003;2.568062e-002
2.553398e+003;2.562451e-002
2.553880e+003;2.556025e-002
2.554362e+003;2.549552e-002
2.554844e+003;2.543468e-002
2.555326e+003;2.538161e-002
2.555808e+003;2.533771e-002
2.556291e+003;2.530376e-002
2.556772e+003;2.528062e-002
2.557255e+003;2.527143e-002
2.557737e+003;2.527819e-002
2.558219e+003;2.530342e-002
2.558701e+003;2.534731e-002
2.559183e+003;2.540596e-002
2.559665e+003;2.547131e-002
2.560147e+003;2.553287e-002
2.560630e+003;2.557918e-002
2.561112e+003;2.560085e-002
2.561594e+003;2.559385e-002
2.562076e+003;2.555958e-002
2.562558e+003;2.550566e-002
2.563040e+003;2.544225e-002
2.563522e+003;2.538012e-002
2.564005e+003;2.532892e-002
2.564487e+003;2.529214e-002
2.564969e+003;2.527098e-002
2.565451e+003;2.526113e-002
2.565933e+003;2.525944e-002
2.566415e+003;2.526123e-002
2.566897e+003;2.526519e-002
2.567380e+003;2.527046e-002
2.567862e+003;2.527921e-002
2.568344e+003;2.529144e-002
2.568826e+003;2.530733e-002
2.569308e+003;2.532453e-002
2.569790e+003;2.534035e-002
2.570272e+003;2.535033e-002
2.570755e+003;2.535238e-002
2.571237e+003;2.534476e-002
2.571719e+003;2.532921e-002
2.572201e+003;2.530710e-002
2.572683e+003;2.528246e-002
2.573165e+003;2.525711e-002
2.573647e+003;2.523385e-002
2.574129e+003;2.521363e-002
2.574612e+003;2.519793e-002
2.575094e+003;2.518720e-002
2.575576e+003;2.518231e-002
2.576058e+003;2.518231e-002
2.576540e+003;2.518782e-002
2.577022e+003;2.519655e-002
2.577504e+003;2.520764e-002
2.577987e+003;2.521838e-002
2.578469e+003;2.522808e-002
2.578951e+003;2.523454e-002
2.579433e+003;2.523813e-002
2.579915e+003;2.523646e-002
2.580397e+003;2.522928e-002
2.580879e+003;2.521519e-002
2.581362e+003;2.519383e-002
2.581844e+003;2.516608e-002
2.582326e+003;2.513429e-002
2.582808e+003;2.510310e-002
2.583290e+003;2.507890e-002
2.583772e+003;2.506660e-002
2.584254e+003;2.507014e-002
2.584737e+003;2.508936e-002
2.585219e+003;2.512154e-002
2.585701e+003;2.515908e-002
2.586183e+003;2.519523e-002
2.586665e+003;2.522368e-002
2.587147e+003;2.523969e-002
2.587629e+003;2.524299e-002
2.588112e+003;2.523603e-002
2.588594e+003;2.522231e-002
2.589076e+003;2.520639e-002
2.589558e+003;2.519020e-002
2.590040e+003;2.517550e-002
2.590522e+003;2.516122e-002
2.591004e+003;2.514650e-002
2.591486e+003;2.512994e-002
2.591969e+003;2.511239e-002
2.592451e+003;2.509475e-002
2.592933e+003;2.508044e-002
2.593415e+003;2.507140e-002
2.593897e+003;2.507044e-002
2.594379e+003;2.507800e-002
2.594861e+003;2.509374e-002
2.595344e+003;2.511414e-002
2.595826e+003;2.513578e-002
2.596308e+003;2.515470e-002
2.596790e+003;2.516737e-002
2.597272e+003;2.517302e-002
2.597754e+003;2.517276e-002
2.598236e+003;2.516995e-002
2.598719e+003;2.516890e-002
2.599201e+003;2.517383e-002
2.599683e+003;2.518775e-002
2.600165e+003;2.521092e-002
2.600647e+003;2.524097e-002
2.601129e+003;2.527315e-002
2.601611e+003;2.530287e-002
2.602094e+003;2.532660e-002
2.602576e+003;2.534232e-002
2.603058e+003;2.535143e-002
2.603540e+003;2.535753e-002
2.604022e+003;2.536434e-002
2.604504e+003;2.537619e-002
2.604986e+003;2.539378e-002
2.605469e+003;2.541711e-002
2.605950e+003;2.544300e-002
2.606433e+003;2.546758e-002
2.606915e+003;2.548696e-002
2.607397e+003;2.550007e-002
2.607879e+003;2.550567e-002
2.608361e+003;2.550641e-002
2.608843e+003;2.550475e-002
2.609325e+003;2.550381e-002
2.609808e+003;2.550525e-002
2.610290e+003;2.550952e-002
2.610772e+003;2.551512e-002
2.611254e+003;2.551974e-002
2.611736e+003;2.552065e-002
2.612218e+003;2.551668e-002
2.612700e+003;2.550696e-002
2.613183e+003;2.549325e-002
2.613665e+003;2.547722e-002
2.614147e+003;2.546262e-002
2.614629e+003;2.545145e-002
2.615111e+003;2.544533e-002
2.615593e+003;2.544435e-002
2.616075e+003;2.544816e-002
2.616558e+003;2.545524e-002
2.617040e+003;2.546463e-002
2.617522e+003;2.547597e-002
2.618004e+003;2.548874e-002
2.618486e+003;2.550266e-002
2.618968e+003;2.551854e-002
2.619450e+003;2.553442e-002
2.619933e+003;2.554960e-002
2.620415e+003;2.556122e-002
2.620897e+003;2.556770e-002
2.621379e+003;2.556761e-002
2.621861e+003;2.556112e-002
2.622343e+003;2.554938e-002
2.622825e+003;2.553568e-002
2.623307e+003;2.552269e-002
2.623790e+003;2.551457e-002
2.624272e+003;2.551277e-002
2.624754e+003;2.551906e-002
2.625236e+003;2.553149e-002
2.625718e+003;2.554881e-002
2.626200e+003;2.556765e-002
2.626682e+003;2.558435e-002
2.627165e+003;2.559618e-002
2.627647e+003;2.560132e-002
2.628129e+003;2.559880e-002
2.628611e+003;2.558916e-002
2.629093e+003;2.557426e-002
2.629575e+003;2.555676e-002
2.630057e+003;2.553961e-002
2.630540e+003;2.552620e-002
2.631022e+003;2.551893e-002
2.631504e+003;2.551986e-002
2.631986e+003;2.552882e-002
2.632468e+003;2.554652e-002
2.632950e+003;2.557109e-002
2.633432e+003;2.560111e-002
2.633915e+003;2.563472e-002
2.634397e+003;2.567057e-002
2.634879e+003;2.570651e-002
2.635361e+003;2.574185e-002
2.635843e+003;2.577461e-002
2.636325e+003;2.580371e-002
2.636807e+003;2.582746e-002
2.637290e+003;2.584407e-002
2.637771e+003;2.585264e-002
2.638254e+003;2.585254e-002
2.638736e+003;2.584484e-002
2.639218e+003;2.583113e-002
2.639700e+003;2.581411e-002
2.640182e+003;2.579726e-002
2.640664e+003;2.578354e-002
2.641146e+003;2.577500e-002
2.641629e+003;2.577290e-002
2.642111e+003;2.577725e-002
2.642593e+003;2.578652e-002
2.643075e+003;2.579964e-002
2.643557e+003;2.581385e-002
2.644039e+003;2.582778e-002
2.644521e+003;2.583913e-002
2.645004e+003;2.584643e-002
2.645486e+003;2.584863e-002
2.645968e+003;2.584555e-002
2.646450e+003;2.583770e-002
2.646932e+003;2.582680e-002
2.647414e+003;2.581482e-002
2.647896e+003;2.580463e-002
2.648379e+003;2.579730e-002
2.648861e+003;2.579365e-002
2.649343e+003;2.579242e-002
2.649825e+003;2.579217e-002
2.650307e+003;2.579031e-002
2.650789e+003;2.578593e-002
2.651271e+003;2.577885e-002
2.651754e+003;2.577114e-002
2.652236e+003;2.576459e-002
2.652718e+003;2.576127e-002
2.653200e+003;2.576146e-002
2.653682e+003;2.576273e-002
2.654164e+003;2.576291e-002
2.654646e+003;2.575734e-002
2.655128e+003;2.574366e-002
2.655611e+003;2.572116e-002
2.656093e+003;2.569272e-002
2.656575e+003;2.566273e-002
2.657057e+003;2.563516e-002
2.657539e+003;2.561379e-002
2.658021e+003;2.559908e-002
2.658503e+003;2.558877e-002
2.658986e+003;2.557792e-002
2.659468e+003;2.556138e-002
2.659950e+003;2.553539e-002
2.660432e+003;2.549829e-002
2.660914e+003;2.545235e-002
2.661396e+003;2.540089e-002
2.661878e+003;2.534860e-002
2.662361e+003;2.529954e-002
2.662843e+003;2.525660e-002
2.663325e+003;2.521941e-002
2.663807e+003;2.518807e-002
2.664289e+003;2.516132e-002
2.664771e+003;2.513800e-002
2.665253e+003;2.511917e-002
2.665736e+003;2.510512e-002
2.666218e+003;2.509720e-002
2.666700e+003;2.509524e-002
2.667182e+003;2.509960e-002
2.667664e+003;2.510802e-002
2.668146e+003;2.511870e-002
2.668628e+003;2.512893e-002
2.669111e+003;2.513790e-002
2.669593e+003;2.514443e-002
2.670075e+003;2.514969e-002
2.670557e+003;2.515523e-002
2.671039e+003;2.516294e-002
2.671521e+003;2.517444e-002
2.672003e+003;2.519102e-002
2.672485e+003;2.521231e-002
2.672968e+003;2.523894e-002
2.673450e+003;2.526839e-002
2.673932e+003;2.530029e-002
2.674414e+003;2.533212e-002
2.674896e+003;2.536350e-002
2.675378e+003;2.539244e-002
2.675860e+003;2.541849e-002
2.676343e+003;2.544120e-002
2.676825e+003;2.546047e-002
2.677307e+003;2.547657e-002
2.677789e+003;2.549041e-002
2.678271e+003;2.550389e-002
2.678753e+003;2.551818e-002
2.679235e+003;2.553530e-002
2.679718e+003;2.555687e-002
2.680200e+003;2.558289e-002
2.680682e+003;2.561392e-002
2.681164e+003;2.564849e-002
2.681646e+003;2.568489e-002
2.682128e+003;2.572022e-002
2.682610e+003;2.575274e-002
2.683093e+003;2.578091e-002
2.683575e+003;2.580482e-002
2.684057e+003;2.582573e-002
2.684539e+003;2.584592e-002
2.685021e+003;2.586811e-002
2.685503e+003;2.589478e-002
2.685985e+003;2.592772e-002
2.686468e+003;2.596706e-002
2.686949e+003;2.601105e-002
2.687432e+003;2.605769e-002
2.687914e+003;2.610362e-002
2.688396e+003;2.614529e-002
2.688878e+003;2.618086e-002
2.689360e+003;2.620825e-002
2.689842e+003;2.622808e-002
2.690324e+003;2.624208e-002
2.690807e+003;2.625198e-002
2.691289e+003;2.626097e-002
2.691771e+003;2.627178e-002
2.692253e+003;2.628498e-002
2.692735e+003;2.630282e-002
2.693217e+003;2.632578e-002
2.693699e+003;2.635350e-002
2.694182e+003;2.638643e-002
2.694664e+003;2.642257e-002
2.695146e+003;2.646082e-002
2.695628e+003;2.649981e-002
2.696110e+003;2.653708e-002
2.696592e+003;2.657080e-002
2.697074e+003;2.660051e-002
2.697557e+003;2.662602e-002
2.698039e+003;2.664998e-002
2.698521e+003;2.667441e-002
2.699003e+003;2.670296e-002
2.699485e+003;2.673830e-002
2.699967e+003;2.678124e-002
2.700449e+003;2.682978e-002
2.700932e+003;2.688182e-002
2.701414e+003;2.693296e-002
2.701896e+003;2.697899e-002
2.702378e+003;2.701761e-002
2.702860e+003;2.704837e-002
2.703342e+003;2.707299e-002
2.703824e+003;2.709469e-002
2.704306e+003;2.711731e-002
2.704789e+003;2.714305e-002
2.705271e+003;2.717385e-002
2.705753e+003;2.720934e-002
2.706235e+003;2.724695e-002
2.706717e+003;2.728503e-002
2.707199e+003;2.732001e-002
2.707681e+003;2.735114e-002
2.708164e+003;2.737740e-002
2.708646e+003;2.740102e-002
2.709128e+003;2.742400e-002
2.709610e+003;2.744928e-002
2.710092e+003;2.747935e-002
2.710574e+003;2.751614e-002
2.711056e+003;2.755882e-002
2.711539e+003;2.760687e-002
2.712021e+003;2.765685e-002
2.712503e+003;2.770648e-002
2.712985e+003;2.775264e-002
2.713467e+003;2.779458e-002
2.713949e+003;2.783193e-002
2.714431e+003;2.786661e-002
2.714914e+003;2.790012e-002
2.715396e+003;2.793575e-002
2.715878e+003;2.797352e-002
2.716360e+003;2.801507e-002
2.716842e+003;2.805931e-002
2.717324e+003;2.810468e-002
2.717806e+003;2.814960e-002
2.718289e+003;2.819288e-002
2.718771e+003;2.823377e-002
2.719253e+003;2.827190e-002
2.719735e+003;2.830765e-002
2.720217e+003;2.834138e-002
2.720699e+003;2.837374e-002
2.721181e+003;2.840619e-002
2.721663e+003;2.843995e-002
2.722146e+003;2.847760e-002
2.722628e+003;2.852063e-002
2.723110e+003;2.857023e-002
2.723592e+003;2.862642e-002
2.724074e+003;2.868790e-002
2.724556e+003;2.875189e-002
2.725038e+003;2.881517e-002
2.725521e+003;2.887477e-002
2.726003e+003;2.892875e-002
2.726485e+003;2.897654e-002
2.726967e+003;2.901907e-002
2.727449e+003;2.905773e-002
2.727931e+003;2.909585e-002
2.728413e+003;2.913444e-002
2.728896e+003;2.917591e-002
2.729378e+003;2.922120e-002
2.729860e+003;2.927105e-002
2.730342e+003;2.932453e-002
2.730824e+003;2.938137e-002
2.731306e+003;2.943897e-002
2.731788e+003;2.949632e-002
2.732271e+003;2.955109e-002
2.732753e+003;2.960142e-002
2.733235e+003;2.964722e-002
2.733717e+003;2.968876e-002
2.734199e+003;2.972818e-002
2.734681e+003;2.976733e-002
2.735163e+003;2.980901e-002
2.735646e+003;2.985386e-002
2.736127e+003;2.990226e-002
2.736610e+003;2.995291e-002
2.737092e+003;3.000441e-002
2.737574e+003;3.005491e-002
2.738056e+003;3.010402e-002
2.738538e+003;3.015176e-002
2.739020e+003;3.019850e-002
2.739502e+003;3.024552e-002
2.739985e+003;3.029285e-002
2.740467e+003;3.034130e-002
2.740949e+003;3.039118e-002
2.741431e+003;3.044330e-002
2.741913e+003;3.049852e-002
2.742395e+003;3.055776e-002
2.742877e+003;3.062151e-002
2.743360e+003;3.068929e-002
2.743842e+003;3.075859e-002
2.744324e+003;3.082679e-002
2.744806e+003;3.088961e-002
2.745288e+003;3.094469e-002
2.745770e+003;3.099056e-002
2.746252e+003;3.102878e-002
2.746735e+003;3.106291e-002
2.747217e+003;3.109816e-002
2.747699e+003;3.113763e-002
2.748181e+003;3.118450e-002
2.748663e+003;3.123859e-002
2.749145e+003;3.129868e-002
2.749627e+003;3.136159e-002
2.750110e+003;3.142528e-002
2.750592e+003;3.148805e-002
2.751074e+003;3.155104e-002
2.751556e+003;3.161404e-002
2.752038e+003;3.167941e-002
2.752520e+003;3.174687e-002
2.753002e+003;3.181604e-002
2.753484e+003;3.188495e-002
2.753967e+003;3.195220e-002
2.754449e+003;3.201544e-002
2.754931e+003;3.207543e-002
2.755413e+003;3.213159e-002
2.755895e+003;3.218645e-002
2.756377e+003;3.224106e-002
2.756859e+003;3.229747e-002
2.757342e+003;3.235493e-002
2.757824e+003;3.241495e-002
2.758306e+003;3.247714e-002
2.758788e+003;3.254124e-002
2.759270e+003;3.260780e-002
2.759752e+003;3.267777e-002
2.760234e+003;3.275097e-002
2.760717e+003;3.282841e-002
2.761199e+003;3.290844e-002
2.761681e+003;3.299009e-002
2.762163e+003;3.307148e-002
2.762645e+003;3.315168e-002
2.763127e+003;3.322853e-002
2.763609e+003;3.330287e-002
2.764092e+003;3.337356e-002
2.764574e+003;3.344145e-002
2.765056e+003;3.350616e-002
2.765538e+003;3.356929e-002
2.766020e+003;3.363094e-002
2.766502e+003;3.369364e-002
2.766984e+003;3.375940e-002
2.767467e+003;3.383139e-002
2.767948e+003;3.391190e-002
2.768431e+003;3.400112e-002
2.768913e+003;3.409690e-002
2.769395e+003;3.419554e-002
2.769877e+003;3.429054e-002
2.770359e+003;3.437660e-002
2.770841e+003;3.444928e-002
2.771323e+003;3.450904e-002
2.771806e+003;3.455966e-002
2.772288e+003;3.460821e-002
2.772770e+003;3.466283e-002
2.773252e+003;3.473099e-002
2.773734e+003;3.481535e-002
2.774216e+003;3.491507e-002
2.774698e+003;3.502459e-002
2.775181e+003;3.513718e-002
2.775663e+003;3.524527e-002
2.776145e+003;3.534356e-002
2.776627e+003;3.543041e-002
2.777109e+003;3.550745e-002
2.777591e+003;3.557806e-002
2.778073e+003;3.564587e-002
2.778556e+003;3.571322e-002
2.779038e+003;3.578087e-002
2.779520e+003;3.584808e-002
2.780002e+003;3.591399e-002
2.780484e+003;3.597831e-002
2.780966e+003;3.604255e-002
2.781448e+003;3.610852e-002
2.781930e+003;3.618022e-002
2.782413e+003;3.625917e-002
2.782895e+003;3.634764e-002
2.783377e+003;3.644489e-002
2.783859e+003;3.654989e-002
2.784341e+003;3.666044e-002
2.784823e+003;3.677465e-002
2.785305e+003;3.689004e-002
2.785788e+003;3.700559e-002
2.786270e+003;3.711966e-002
2.786752e+003;3.723111e-002
2.787234e+003;3.733860e-002
2.787716e+003;3.744195e-002
2.788198e+003;3.754142e-002
2.788680e+003;3.763817e-002
2.789163e+003;3.773449e-002
2.789645e+003;3.783208e-002
2.790127e+003;3.793181e-002
2.790609e+003;3.803444e-002
2.791091e+003;3.813978e-002
2.791573e+003;3.824622e-002
2.792055e+003;3.835317e-002
2.792538e+003;3.846008e-002
2.793020e+003;3.856617e-002
2.793502e+003;3.867144e-002
2.793984e+003;3.877531e-002
2.794466e+003;3.887655e-002
2.794948e+003;3.897420e-002
2.795430e+003;3.906769e-002
2.795913e+003;3.915756e-002
2.796395e+003;3.924517e-002
2.796877e+003;3.933445e-002
2.797359e+003;3.942826e-002
2.797841e+003;3.952881e-002
2.798323e+003;3.963678e-002
2.798805e+003;3.974996e-002
2.799287e+003;3.986558e-002
2.799770e+003;3.997914e-002
2.800252e+003;4.008815e-002
2.800734e+003;4.019212e-002
2.801216e+003;4.029239e-002
2.801698e+003;4.039144e-002
2.802180e+003;4.049284e-002
2.802662e+003;4.059822e-002
2.803145e+003;4.070921e-002
2.803627e+003;4.082504e-002
2.804109e+003;4.094506e-002
2.804591e+003;4.106830e-002
2.805073e+003;4.119428e-002
2.805555e+003;4.132252e-002
2.806037e+003;4.145264e-002
2.806520e+003;4.158350e-002
2.807002e+003;4.171325e-002
2.807484e+003;4.183979e-002
2.807966e+003;4.196118e-002
2.808448e+003;4.207674e-002
2.808930e+003;4.218733e-002
2.809412e+003;4.229460e-002
2.809895e+003;4.240134e-002
2.810377e+003;4.250870e-002
2.810859e+003;4.261802e-002
2.811341e+003;4.272797e-002
2.811823e+003;4.283835e-002
2.812305e+003;4.294761e-002
2.812787e+003;4.305663e-002
2.813270e+003;4.316637e-002
2.813751e+003;4.327944e-002
2.814234e+003;4.339727e-002
2.814716e+003;4.352135e-002
2.815198e+003;4.365050e-002
2.815680e+003;4.378339e-002
2.816162e+003;4.391779e-002
2.816644e+003;4.405155e-002
2.817126e+003;4.418392e-002
2.817609e+003;4.431568e-002
2.818091e+003;4.444768e-002
2.818573e+003;4.458071e-002
2.819055e+003;4.471533e-002
2.819537e+003;4.485070e-002
2.820019e+003;4.498515e-002
2.820501e+003;4.511676e-002
2.820984e+003;4.524434e-002
2.821466e+003;4.536848e-002
2.821948e+003;4.549005e-002
2.822430e+003;4.561187e-002
2.822912e+003;4.573645e-002
2.823394e+003;4.586672e-002
2.823876e+003;4.600288e-002
2.824359e+003;4.614608e-002
2.824841e+003;4.629489e-002
2.825323e+003;4.644804e-002
2.825805e+003;4.660261e-002
2.826287e+003;4.675686e-002
2.826769e+003;4.690895e-002
2.827251e+003;4.705712e-002
2.827734e+003;4.720056e-002
2.828216e+003;4.733999e-002
2.828698e+003;4.747635e-002
2.829180e+003;4.761219e-002
2.829662e+003;4.775042e-002
2.830144e+003;4.789281e-002
2.830626e+003;4.804140e-002
2.831108e+003;4.819737e-002
2.831591e+003;4.835956e-002
2.832073e+003;4.852757e-002
2.832555e+003;4.869889e-002
2.833037e+003;4.887282e-002
2.833519e+003;4.904791e-002
2.834001e+003;4.922367e-002
2.834483e+003;4.939920e-002
2.834966e+003;4.957453e-002
2.835448e+003;4.974836e-002
2.835930e+003;4.991994e-002
2.836412e+003;5.008797e-002
2.836894e+003;5.025322e-002
2.837376e+003;5.041659e-002
2.837858e+003;5.058072e-002
2.838341e+003;5.074757e-002
2.838823e+003;5.092029e-002
2.839305e+003;5.109954e-002
2.839787e+003;5.128526e-002
2.840269e+003;5.147449e-002
2.840751e+003;5.166391e-002
2.841233e+003;5.185037e-002
2.841716e+003;5.203310e-002
2.842198e+003;5.221138e-002
2.842680e+003;5.238856e-002
2.843162e+003;5.256848e-002
2.843644e+003;5.275557e-002
2.844126e+003;5.295267e-002
2.844608e+003;5.316098e-002
2.845091e+003;5.337836e-002
2.845573e+003;5.360224e-002
2.846055e+003;5.382809e-002
2.846537e+003;5.405219e-002
2.847019e+003;5.427186e-002
2.847501e+003;5.448632e-002
2.847983e+003;5.469635e-002
2.848465e+003;5.490341e-002
2.848948e+003;5.510979e-002
2.849430e+003;5.531636e-002
2.849912e+003;5.552352e-002
2.850394e+003;5.573019e-002
2.850876e+003;5.593409e-002
2.851358e+003;5.613354e-002
2.851840e+003;5.632547e-002
2.852323e+003;5.650918e-002
2.852805e+003;5.668466e-002
2.853287e+003;5.685359e-002
2.853769e+003;5.701853e-002
2.854251e+003;5.718276e-002
2.854733e+003;5.734893e-002
2.855215e+003;5.751884e-002
2.855698e+003;5.769190e-002
2.856180e+003;5.786722e-002
2.856662e+003;5.804123e-002
2.857144e+003;5.821274e-002
2.857626e+003;5.837956e-002
2.858108e+003;5.854278e-002
2.858590e+003;5.870408e-002
2.859073e+003;5.886644e-002
2.859555e+003;5.903226e-002
2.860037e+003;5.920382e-002
2.860519e+003;5.938240e-002
2.861001e+003;5.956793e-002
2.861483e+003;5.976159e-002
2.861965e+003;5.996431e-002
2.862448e+003;6.017749e-002
2.862929e+003;6.040240e-002
2.863412e+003;6.063809e-002
2.863894e+003;6.088205e-002
2.864376e+003;6.112755e-002
2.864858e+003;6.136728e-002
2.865340e+003;6.159317e-002
2.865822e+003;6.180180e-002
2.866304e+003;6.199236e-002
2.866787e+003;6.217182e-002
2.867269e+003;6.235117e-002
2.867751e+003;6.254389e-002
2.868233e+003;6.276257e-002
2.868715e+003;6.301506e-002
2.869197e+003;6.330157e-002
2.869679e+003;6.361698e-002
2.870162e+003;6.394907e-002
2.870644e+003;6.428415e-002
2.871126e+003;6.460820e-002
2.871608e+003;6.491240e-002
2.872090e+003;6.519160e-002
2.872572e+003;6.544635e-002
2.873054e+003;6.568127e-002
2.873537e+003;6.590237e-002
2.874019e+003;6.611593e-002
2.874501e+003;6.632718e-002
2.874983e+003;6.653914e-002
2.875465e+003;6.675421e-002
2.875947e+003;6.697301e-002
2.876429e+003;6.719703e-002
2.876912e+003;6.742710e-002
2.877394e+003;6.766494e-002
2.877876e+003;6.791114e-002
2.878358e+003;6.816571e-002
2.878840e+003;6.842657e-002
2.879322e+003;6.869110e-002
2.879804e+003;6.895404e-002
2.880286e+003;6.921137e-002
2.880769e+003;6.945984e-002
2.881251e+003;6.969856e-002
2.881733e+003;6.992930e-002
2.882215e+003;7.015683e-002
2.882697e+003;7.038650e-002
2.883179e+003;7.062355e-002
2.883661e+003;7.087081e-002
2.884144e+003;7.112913e-002
2.884626e+003;7.139528e-002
2.885108e+003;7.166571e-002
2.885590e+003;7.193627e-002
2.886072e+003;7.220495e-002
2.886554e+003;7.247123e-002
2.887036e+003;7.273878e-002
2.887519e+003;7.301071e-002
2.888001e+003;7.329080e-002
2.888483e+003;7.357836e-002
2.888965e+003;7.387032e-002
2.889447e+003;7.415988e-002
2.889929e+003;7.443935e-002
2.890411e+003;7.470250e-002
2.890894e+003;7.494728e-002
2.891376e+003;7.517661e-002
2.891858e+003;7.539884e-002
2.892340e+003;7.562319e-002
2.892822e+003;7.585988e-002
2.893304e+003;7.611369e-002
2.893786e+003;7.638627e-002
2.894269e+003;7.667296e-002
2.894750e+003;7.696724e-002
2.895233e+003;7.726269e-002
2.895715e+003;7.755668e-002
2.896197e+003;7.785061e-002
2.896679e+003;7.815155e-002
2.897161e+003;7.846817e-002
2.897643e+003;7.881012e-002
2.898125e+003;7.918263e-002
2.898608e+003;7.958749e-002
2.899090e+003;8.002096e-002
2.899572e+003;8.047529e-002
2.900054e+003;8.094006e-002
2.900536e+003;8.140525e-002
2.901018e+003;8.186132e-002
2.901500e+003;8.230096e-002
2.901983e+003;8.271789e-002
2.902465e+003;8.310990e-002
2.902947e+003;8.347473e-002
2.903429e+003;8.381469e-002
2.903911e+003;8.413311e-002
2.904393e+003;8.443578e-002
2.904875e+003;8.472862e-002
2.905358e+003;8.501894e-002
2.905840e+003;8.531076e-002
2.906322e+003;8.560849e-002
2.906804e+003;8.591462e-002
2.907286e+003;8.623073e-002
2.907768e+003;8.655690e-002
2.908250e+003;8.689379e-002
2.908733e+003;8.724017e-002
2.909215e+003;8.759479e-002
2.909697e+003;8.795396e-002
2.910179e+003;8.831375e-002
2.910661e+003;8.867066e-002
2.911143e+003;8.902291e-002
2.911625e+003;8.937079e-002
2.912107e+003;8.971785e-002
2.912590e+003;9.006892e-002
2.913072e+003;9.042746e-002
2.913554e+003;9.079534e-002
2.914036e+003;9.117152e-002
2.914518e+003;9.155084e-002
2.915000e+003;9.192872e-002
2.915482e+003;9.230047e-002
2.915965e+003;9.266654e-002
2.916447e+003;9.302979e-002
2.916929e+003;9.339804e-002
2.917411e+003;9.377930e-002
2.917893e+003;9.418111e-002
2.918375e+003;9.460669e-002
2.918857e+003;9.505414e-002
2.919340e+003;9.551803e-002
2.919822e+003;9.598976e-002
2.920304e+003;9.646054e-002
2.920786e+003;9.692296e-002
2.921268e+003;9.737210e-002
2.921750e+003;9.780584e-002
2.922232e+003;9.822574e-002
2.922715e+003;9.863563e-002
2.923197e+003;9.904139e-002
2.923679e+003;9.944897e-002
2.924161e+003;9.986433e-002
2.924643e+003;1.002910e-001
2.925125e+003;1.007286e-001
2.925607e+003;1.011737e-001
2.926090e+003;1.016206e-001
2.926572e+003;1.020610e-001
2.927054e+003;1.024884e-001
2.927536e+003;1.028988e-001
2.928018e+003;1.032925e-001
2.928500e+003;1.036735e-001
2.928982e+003;1.040476e-001
2.929464e+003;1.044219e-001
2.929947e+003;1.048018e-001
2.930429e+003;1.051917e-001
2.930911e+003;1.055942e-001
2.931393e+003;1.060105e-001
2.931875e+003;1.064412e-001
2.932357e+003;1.068863e-001
2.932839e+003;1.073433e-001
2.933322e+003;1.078099e-001
2.933804e+003;1.082814e-001
2.934286e+003;1.087529e-001
2.934768e+003;1.092184e-001
2.935250e+003;1.096769e-001
2.935732e+003;1.101280e-001
2.936214e+003;1.105763e-001
2.936697e+003;1.110262e-001
2.937179e+003;1.114825e-001
2.937661e+003;1.119456e-001
2.938143e+003;1.124146e-001
2.938625e+003;1.128832e-001
2.939107e+003;1.133450e-001
2.939589e+003;1.137939e-001
2.940072e+003;1.142276e-001
2.940554e+003;1.146466e-001
2.941036e+003;1.150548e-001
2.941518e+003;1.154565e-001
2.942000e+003;1.158569e-001
2.942482e+003;1.162590e-001
2.942964e+003;1.166655e-001
2.943447e+003;1.170773e-001
2.943928e+003;1.174978e-001
2.944411e+003;1.179306e-001
2.944893e+003;1.183831e-001
2.945375e+003;1.188619e-001
2.945857e+003;1.193732e-001
2.946339e+003;1.199196e-001
2.946821e+003;1.204982e-001
2.947303e+003;1.210997e-001
2.947786e+003;1.217117e-001
2.948268e+003;1.223186e-001
2.948750e+003;1.229070e-001
2.949232e+003;1.234681e-001
2.949714e+003;1.239998e-001
2.950196e+003;1.245057e-001
2.950678e+003;1.249954e-001
2.951161e+003;1.254790e-001
2.951643e+003;1.259661e-001
2.952125e+003;1.264606e-001
2.952607e+003;1.269631e-001
2.953089e+003;1.274693e-001
2.953571e+003;1.279740e-001
2.954053e+003;1.284724e-001
2.954536e+003;1.289635e-001
2.955018e+003;1.294499e-001
2.955500e+003;1.299388e-001
2.955982e+003;1.304360e-001
2.956464e+003;1.309494e-001
2.956946e+003;1.314816e-001
2.957428e+003;1.320339e-001
2.957911e+003;1.326029e-001
2.958393e+003;1.331851e-001
2.958875e+003;1.337770e-001
2.959357e+003;1.343758e-001
2.959839e+003;1.349807e-001
2.960321e+003;1.355913e-001
2.960803e+003;1.362070e-001
2.961285e+003;1.368264e-001
2.961768e+003;1.374473e-001
2.962250e+003;1.380676e-001
2.962732e+003;1.386853e-001
2.963214e+003;1.392994e-001
2.963696e+003;1.399100e-001
2.964178e+003;1.405185e-001
2.964660e+003;1.411259e-001
2.965143e+003;1.417350e-001
2.965625e+003;1.423454e-001
2.966107e+003;1.429581e-001
2.966589e+003;1.435729e-001
2.967071e+003;1.441886e-001
2.967553e+003;1.448046e-001
2.968035e+003;1.454209e-001
2.968518e+003;1.460378e-001
2.969000e+003;1.466575e-001
2.969482e+003;1.472822e-001
2.969964e+003;1.479163e-001
2.970446e+003;1.485635e-001
2.970928e+003;1.492269e-001
2.971410e+003;1.499062e-001
2.971893e+003;1.505992e-001
2.972375e+003;1.513011e-001
2.972857e+003;1.520038e-001
2.973339e+003;1.527015e-001
2.973821e+003;1.533880e-001
2.974303e+003;1.540615e-001
2.974785e+003;1.547222e-001
2.975268e+003;1.553737e-001
2.975750e+003;1.560222e-001
2.976232e+003;1.566735e-001
2.976714e+003;1.573345e-001
2.977196e+003;1.580101e-001
2.977678e+003;1.587036e-001
2.978160e+003;1.594158e-001
2.978642e+003;1.601456e-001
2.979125e+003;1.608890e-001
2.979607e+003;1.616405e-001
2.980089e+003;1.623942e-001
2.980571e+003;1.631448e-001
2.981053e+003;1.638894e-001
2.981535e+003;1.646272e-001
2.982017e+003;1.653610e-001
2.982500e+003;1.660938e-001
2.982982e+003;1.668294e-001
2.983464e+003;1.675696e-001
2.983946e+003;1.683144e-001
2.984428e+003;1.690625e-001
2.984910e+003;1.698130e-001
2.985392e+003;1.705661e-001
2.985875e+003;1.713239e-001
2.986357e+003;1.720901e-001
2.986839e+003;1.728699e-001
2.987321e+003;1.736667e-001
2.987803e+003;1.744810e-001
2.988285e+003;1.753123e-001
2.988767e+003;1.761556e-001
2.989250e+003;1.770068e-001
2.989732e+003;1.778610e-001
2.990214e+003;1.787142e-001
2.990696e+003;1.795634e-001
2.991178e+003;1.804081e-001
2.991660e+003;1.812462e-001
2.992142e+003;1.820773e-001
2.992625e+003;1.829014e-001
2.993106e+003;1.837207e-001
2.993589e+003;1.845385e-001
2.994071e+003;1.853600e-001
2.994553e+003;1.861901e-001
2.995035e+003;1.870326e-001
2.995517e+003;1.878893e-001
2.995999e+003;1.887595e-001
2.996481e+003;1.896401e-001
2.996964e+003;1.905279e-001
2.997446e+003;1.914198e-001
2.997928e+003;1.923149e-001
2.998410e+003;1.932123e-001
2.998892e+003;1.941127e-001
2.999374e+003;1.950159e-001
2.999856e+003;1.959229e-001
3.000339e+003;1.968322e-001
3.000821e+003;1.977444e-001
3.001303e+003;1.986597e-001
3.001785e+003;1.995808e-001
3.002267e+003;2.005095e-001
3.002749e+003;2.014480e-001
3.003231e+003;2.023966e-001
3.003714e+003;2.033537e-001
3.004196e+003;2.043156e-001
3.004678e+003;2.052790e-001
3.005160e+003;2.062419e-001
3.005642e+003;2.072054e-001
3.006124e+003;2.081724e-001
3.006606e+003;2.091486e-001
3.007089e+003;2.101380e-001
3.007571e+003;2.111447e-001
3.008053e+003;2.121682e-001
3.008535e+003;2.132058e-001
3.009017e+003;2.142515e-001
3.009499e+003;2.152998e-001
3.009981e+003;2.163446e-001
3.010463e+003;2.173826e-001
3.010946e+003;2.184122e-001
3.011428e+003;2.194346e-001
3.011910e+003;2.204520e-001
3.012392e+003;2.214674e-001
3.012874e+003;2.224850e-001
3.013356e+003;2.235075e-001
3.013838e+003;2.245376e-001
3.014321e+003;2.255760e-001
3.014803e+003;2.266225e-001
3.015285e+003;2.276774e-001
3.015767e+003;2.287397e-001
3.016249e+003;2.298088e-001
3.016731e+003;2.308851e-001
3.017213e+003;2.319690e-001
3.017696e+003;2.330605e-001
3.018178e+003;2.341613e-001
3.018660e+003;2.352706e-001
3.019142e+003;2.363893e-001
3.019624e+003;2.375156e-001
3.020106e+003;2.386501e-001
3.020588e+003;2.397922e-001
3.021071e+003;2.409431e-001
3.021553e+003;2.421028e-001
3.022035e+003;2.432723e-001
3.022517e+003;2.444511e-001
3.022999e+003;2.456390e-001
3.023481e+003;2.468337e-001
3.023963e+003;2.480326e-001
3.024446e+003;2.492325e-001
3.024927e+003;2.504300e-001
3.025410e+003;2.516205e-001
3.025892e+003;2.528031e-001
3.026374e+003;2.539760e-001
3.026856e+003;2.551422e-001
3.027338e+003;2.563062e-001
3.027820e+003;2.574764e-001
3.028302e+003;2.586619e-001
3.028785e+003;2.598705e-001
3.029267e+003;2.611077e-001
3.029749e+003;2.623746e-001
3.030231e+003;2.636691e-001
3.030713e+003;2.649852e-001
3.031195e+003;2.663163e-001
3.031677e+003;2.676556e-001
3.032160e+003;2.689984e-001
3.032642e+003;2.703407e-001
3.033124e+003;2.716801e-001
3.033606e+003;2.730137e-001
3.034088e+003;2.743388e-001
3.034570e+003;2.756530e-001
3.035052e+003;2.769551e-001
3.035535e+003;2.782465e-001
3.036017e+003;2.795311e-001
3.036499e+003;2.808160e-001
3.036981e+003;2.821076e-001
3.037463e+003;2.834122e-001
3.037945e+003;2.847334e-001
3.038427e+003;2.860722e-001
3.038910e+003;2.874264e-001
3.039392e+003;2.887928e-001
3.039874e+003;2.901691e-001
3.040356e+003;2.915527e-001
3.040838e+003;2.929431e-001
3.041320e+003;2.943396e-001
3.041802e+003;2.957427e-001
3.042284e+003;2.971523e-001
3.042767e+003;2.985684e-001
3.043249e+003;2.999921e-001
3.043731e+003;3.014237e-001
3.044213e+003;3.028646e-001
3.044695e+003;3.043135e-001
3.045177e+003;3.057695e-001
3.045659e+003;3.072306e-001
3.046142e+003;3.086944e-001
3.046624e+003;3.101595e-001
3.047106e+003;3.116255e-001
3.047588e+003;3.130949e-001
3.048070e+003;3.145689e-001
3.048552e+003;3.160493e-001
3.049034e+003;3.175361e-001
3.049517e+003;3.190284e-001
3.049999e+003;3.205238e-001
3.050481e+003;3.220206e-001
3.050963e+003;3.235208e-001
3.051445e+003;3.250276e-001
3.051927e+003;3.265461e-001
3.052409e+003;3.280785e-001
3.052892e+003;3.296263e-001
3.053374e+003;3.311847e-001
3.053856e+003;3.327480e-001
3.054338e+003;3.343092e-001
3.054820e+003;3.358664e-001
3.055302e+003;3.374214e-001
3.055784e+003;3.389829e-001
3.056267e+003;3.405600e-001
3.056749e+003;3.421626e-001
3.057231e+003;3.437930e-001
3.057713e+003;3.454489e-001
3.058195e+003;3.471208e-001
3.058677e+003;3.487971e-001
3.059159e+003;3.504681e-001
3.059641e+003;3.521283e-001
3.060124e+003;3.537779e-001
3.060606e+003;3.554215e-001
3.061088e+003;3.570655e-001
3.061570e+003;3.587165e-001
3.062052e+003;3.603775e-001
3.062534e+003;3.620512e-001
3.063016e+003;3.637371e-001
3.063499e+003;3.654363e-001
3.063981e+003;3.671490e-001
3.064463e+003;3.688769e-001
3.064945e+003;3.706199e-001
3.065427e+003;3.723777e-001
3.065909e+003;3.741463e-001
3.066391e+003;3.759216e-001
3.066874e+003;3.776980e-001
3.067356e+003;3.794727e-001
3.067838e+003;3.812422e-001
3.068320e+003;3.830071e-001
3.068802e+003;3.847685e-001
3.069284e+003;3.865291e-001
3.069766e+003;3.882918e-001
3.070249e+003;3.900599e-001
3.070731e+003;3.918365e-001
3.071213e+003;3.936250e-001
3.071695e+003;3.954275e-001
3.072177e+003;3.972467e-001
3.072659e+003;3.990809e-001
3.073141e+003;4.009293e-001
3.073624e+003;4.027873e-001
3.074105e+003;4.046522e-001
3.074588e+003;4.065213e-001
3.075070e+003;4.083934e-001
3.075552e+003;4.102682e-001
3.076034e+003;4.121476e-001
3.076516e+003;4.140328e-001
3.076998e+003;4.159255e-001
3.077480e+003;4.178273e-001
3.077963e+003;4.197401e-001
3.078445e+003;4.216657e-001
3.078927e+003;4.236054e-001
3.079409e+003;4.255587e-001
3.079891e+003;4.275253e-001
3.080373e+003;4.295013e-001
3.080855e+003;4.314820e-001
3.081338e+003;4.334633e-001
3.081820e+003;4.354437e-001
3.082302e+003;4.374236e-001
3.082784e+003;4.394063e-001
3.083266e+003;4.413970e-001
3.083748e+003;4.434000e-001
3.084230e+003;4.454173e-001
3.084713e+003;4.474476e-001
3.085195e+003;4.494875e-001
3.085677e+003;4.515341e-001
3.086159e+003;4.535831e-001
3.086641e+003;4.556355e-001
3.087123e+003;4.576919e-001
3.087605e+003;4.597566e-001
3.088088e+003;4.618314e-001
3.088570e+003;4.639166e-001
3.089052e+003;4.660097e-001
3.089534e+003;4.681076e-001
3.090016e+003;4.702062e-001
3.090498e+003;4.723033e-001
3.090980e+003;4.743983e-001
3.091462e+003;4.764926e-001
3.091945e+003;4.785886e-001
3.092427e+003;4.806890e-001
3.092909e+003;4.827949e-001
3.093391e+003;4.849071e-001
3.093873e+003;4.870258e-001
3.094355e+003;4.891539e-001
3.094837e+003;4.912930e-001
3.095320e+003;4.934483e-001
3.095802e+003;4.956234e-001
3.096284e+003;4.978212e-001
3.096766e+003;5.000423e-001
3.097248e+003;5.022852e-001
3.097730e+003;5.045429e-001
3.098212e+003;5.068089e-001
3.098695e+003;5.090733e-001
3.099177e+003;5.113293e-001
3.099659e+003;5.135711e-001
3.100141e+003;5.157999e-001
3.100623e+003;5.180184e-001
3.101105e+003;5.202355e-001
3.101587e+003;5.224603e-001
3.102070e+003;5.247020e-001
3.102552e+003;5.269646e-001
3.103034e+003;5.292488e-001
3.103516e+003;5.315490e-001
3.103998e+003;5.338572e-001
3.104480e+003;5.361645e-001
3.104962e+003;5.384650e-001
3.105445e+003;5.407566e-001
3.105927e+003;5.430424e-001
3.106409e+003;5.453273e-001
3.106891e+003;5.476186e-001
3.107373e+003;5.499200e-001
3.107855e+003;5.522348e-001
3.108337e+003;5.545613e-001
3.108819e+003;5.568969e-001
3.109302e+003;5.592379e-001
3.109784e+003;5.615820e-001
3.110266e+003;5.639268e-001
3.110748e+003;5.662727e-001
3.111230e+003;5.686208e-001
3.111712e+003;5.709748e-001
3.112194e+003;5.733383e-001
3.112677e+003;5.757167e-001
3.113159e+003;5.781129e-001
3.113641e+003;5.805292e-001
3.114123e+003;5.829644e-001
3.114605e+003;5.854157e-001
3.115087e+003;5.878757e-001
3.115569e+003;5.903390e-001
3.116052e+003;5.928000e-001
3.116534e+003;5.952564e-001
3.117016e+003;5.977072e-001
3.117498e+003;6.001530e-001
3.117980e+003;6.025920e-001
3.118462e+003;6.050234e-001
3.118944e+003;6.074440e-001
3.119427e+003;6.098555e-001
3.119909e+003;6.122627e-001
3.120391e+003;6.146790e-001
3.120873e+003;6.171219e-001
3.121355e+003;6.196111e-001
3.121837e+003;6.221594e-001
3.122319e+003;6.247715e-001
3.122802e+003;6.274365e-001
3.123283e+003;6.301315e-001
3.123766e+003;6.328261e-001
3.124248e+003;6.354930e-001
3.124730e+003;6.381114e-001
3.125212e+003;6.406750e-001
3.125694e+003;6.431873e-001
3.126176e+003;6.456627e-001
3.126658e+003;6.481172e-001
3.127141e+003;6.505660e-001
3.127623e+003;6.530188e-001
3.128105e+003;6.554822e-001
3.128587e+003;6.579595e-001
3.129069e+003;6.604528e-001
3.129551e+003;6.629637e-001
3.130033e+003;6.654937e-001
3.130516e+003;6.680420e-001
3.130998e+003;6.706069e-001
3.131480e+003;6.731831e-001
3.131962e+003;6.757652e-001
3.132444e+003;6.783461e-001
3.132926e+003;6.809208e-001
3.133408e+003;6.834846e-001
3.133891e+003;6.860365e-001
3.134373e+003;6.885763e-001
3.134855e+003;6.911075e-001
3.135337e+003;6.936345e-001
3.135819e+003;6.961652e-001
3.136301e+003;6.987080e-001
3.136783e+003;7.012707e-001
3.137266e+003;7.038565e-001
3.137748e+003;7.064653e-001
3.138230e+003;7.090901e-001
3.138712e+003;7.117224e-001
3.139194e+003;7.143527e-001
3.139676e+003;7.169749e-001
3.140158e+003;7.195896e-001
3.140640e+003;7.222015e-001
3.141123e+003;7.248179e-001
3.141605e+003;7.274466e-001
3.142087e+003;7.300888e-001
3.142569e+003;7.327409e-001
3.143051e+003;7.353938e-001
3.143533e+003;7.380390e-001
3.144015e+003;7.406676e-001
3.144498e+003;7.432781e-001
3.144980e+003;7.458719e-001
3.145462e+003;7.484556e-001
3.145944e+003;7.510352e-001
3.146426e+003;7.536170e-001
3.146908e+003;7.562041e-001
3.147390e+003;7.587977e-001
3.147873e+003;7.613976e-001
3.148355e+003;7.640038e-001
3.148837e+003;7.666140e-001
3.149319e+003;7.692275e-001
3.149801e+003;7.718390e-001
3.150283e+003;7.744451e-001
3.150765e+003;7.770395e-001
3.151248e+003;7.796192e-001
3.151730e+003;7.821856e-001
3.152212e+003;7.847440e-001
3.152694e+003;7.873026e-001
3.153176e+003;7.898728e-001
3.153658e+003;7.924618e-001
3.154140e+003;7.950734e-001
3.154623e+003;7.977063e-001
3.155104e+003;8.003522e-001
3.155587e+003;8.030009e-001
3.156069e+003;8.056418e-001
3.156551e+003;8.082646e-001
3.157033e+003;8.108642e-001
3.157515e+003;8.134391e-001
3.157997e+003;8.159931e-001
3.158479e+003;8.185317e-001
3.158962e+003;8.210630e-001
3.159444e+003;8.235940e-001
3.159926e+003;8.261282e-001
3.160408e+003;8.286636e-001
3.160890e+003;8.311975e-001
3.161372e+003;8.337216e-001
3.161854e+003;8.362324e-001
3.162337e+003;8.387272e-001
3.162819e+003;8.412108e-001
3.163301e+003;8.436907e-001
3.163783e+003;8.461784e-001
3.164265e+003;8.486817e-001
3.164747e+003;8.512037e-001
3.165229e+003;8.537415e-001
3.165712e+003;8.562860e-001
3.166194e+003;8.588268e-001
3.166676e+003;8.613550e-001
3.167158e+003;8.638662e-001
3.167640e+003;8.663611e-001
3.168122e+003;8.688427e-001
3.168604e+003;8.713155e-001
3.169086e+003;8.737833e-001
3.169569e+003;8.762473e-001
3.170051e+003;8.787090e-001
3.170533e+003;8.811697e-001
3.171015e+003;8.836317e-001
3.171497e+003;8.860984e-001
3.171979e+003;8.885705e-001
3.172461e+003;8.910464e-001
3.172944e+003;8.935190e-001
3.173426e+003;8.959776e-001
3.173908e+003;8.984125e-001
3.174390e+003;9.008171e-001
3.174872e+003;9.031902e-001
3.175354e+003;9.055374e-001
3.175836e+003;9.078680e-001
3.176319e+003;9.101926e-001
3.176801e+003;9.125183e-001
3.177283e+003;9.148496e-001
3.177765e+003;9.171859e-001
3.178247e+003;9.195254e-001
3.178729e+003;9.218649e-001
3.179211e+003;9.242018e-001
3.179694e+003;9.265313e-001
3.180176e+003;9.288499e-001
3.180658e+003;9.311496e-001
3.181140e+003;9.334250e-001
3.181622e+003;9.356710e-001
3.182104e+003;9.378893e-001
3.182586e+003;9.400864e-001
3.183069e+003;9.422739e-001
3.183551e+003;9.444631e-001
3.184033e+003;9.466633e-001
3.184515e+003;9.488745e-001
3.184997e+003;9.510922e-001
3.185479e+003;9.533043e-001
3.185961e+003;9.555002e-001
3.186443e+003;9.576730e-001
3.186926e+003;9.598218e-001
3.187408e+003;9.619493e-001
3.187890e+003;9.640647e-001
3.188372e+003;9.661737e-001
3.188854e+003;9.682825e-001
3.189336e+003;9.703906e-001
3.189818e+003;9.724991e-001
3.190301e+003;9.746071e-001
3.190783e+003;9.767128e-001
3.191265e+003;9.788150e-001
3.191747e+003;9.809111e-001
3.192229e+003;9.829966e-001
3.192711e+003;9.850671e-001
3.193193e+003;9.871178e-001
3.193676e+003;9.891502e-001
3.194158e+003;9.911656e-001
3.194640e+003;9.931709e-001
3.195122e+003;9.951704e-001
3.195604e+003;9.971640e-001
3.196086e+003;9.991463e-001
3.196568e+003;1.001108e+000
3.197051e+003;1.003035e+000
3.197533e+003;1.004921e+000
3.198015e+003;1.006766e+000
3.198497e+003;1.008579e+000
3.198979e+003;1.010376e+000
3.199461e+003;1.012172e+000
3.199943e+003;1.013977e+000
3.200426e+003;1.015794e+000
3.200907e+003;1.017616e+000
3.201390e+003;1.019433e+000
3.201872e+003;1.021236e+000
3.202354e+003;1.023020e+000
3.202836e+003;1.024781e+000
3.203318e+003;1.026526e+000
3.203800e+003;1.028256e+000
3.204282e+003;1.029973e+000
3.204765e+003;1.031675e+000
3.205247e+003;1.033360e+000
3.205729e+003;1.035025e+000
3.206211e+003;1.036671e+000
3.206693e+003;1.038300e+000
3.207175e+003;1.039918e+000
3.207657e+003;1.041530e+000
3.208140e+003;1.043136e+000
3.208622e+003;1.044733e+000
3.209104e+003;1.046315e+000
3.209586e+003;1.047876e+000
3.210068e+003;1.049407e+000
3.210550e+003;1.050903e+000
3.211032e+003;1.052363e+000
3.211515e+003;1.053787e+000
3.211997e+003;1.055180e+000
3.212479e+003;1.056550e+000
3.212961e+003;1.057909e+000
3.213443e+003;1.059270e+000
3.213925e+003;1.060644e+000
3.214407e+003;1.062040e+000
3.214890e+003;1.063458e+000
3.215372e+003;1.064891e+000
3.215854e+003;1.066325e+000
3.216336e+003;1.067743e+000
3.216818e+003;1.069130e+000
3.217300e+003;1.070478e+000
3.217782e+003;1.071785e+000
3.218264e+003;1.073056e+000
3.218747e+003;1.074302e+000
3.219229e+003;1.075530e+000
3.219711e+003;1.076745e+000
3.220193e+003;1.077945e+000
3.220675e+003;1.079127e+000
3.221157e+003;1.080286e+000
3.221639e+003;1.081420e+000
3.222122e+003;1.082526e+000
3.222604e+003;1.083610e+000
3.223086e+003;1.084673e+000
3.223568e+003;1.085720e+000
3.224050e+003;1.086753e+000
3.224532e+003;1.087778e+000
3.225014e+003;1.088795e+000
3.225497e+003;1.089810e+000
3.225979e+003;1.090826e+000
3.226461e+003;1.091844e+000
3.226943e+003;1.092864e+000
3.227425e+003;1.093881e+000
3.227907e+003;1.094889e+000
3.228389e+003;1.095879e+000
3.228872e+003;1.096845e+000
3.229354e+003;1.097783e+000
3.229836e+003;1.098690e+000
3.230318e+003;1.099566e+000
3.230800e+003;1.100411e+000
3.231282e+003;1.101233e+000
3.231764e+003;1.102032e+000
3.232247e+003;1.102818e+000
3.232729e+003;1.103596e+000
3.233211e+003;1.104373e+000
3.233693e+003;1.105153e+000
3.234175e+003;1.105935e+000
3.234657e+003;1.106715e+000
3.235139e+003;1.107484e+000
3.235621e+003;1.108232e+000
3.236104e+003;1.108953e+000
3.236586e+003;1.109645e+000
3.237068e+003;1.110312e+000
3.237550e+003;1.110963e+000
3.238032e+003;1.111607e+000
3.238514e+003;1.112248e+000
3.238996e+003;1.112888e+000
3.239479e+003;1.113523e+000
3.239961e+003;1.114146e+000
3.240443e+003;1.114750e+000
3.240925e+003;1.115334e+000
3.241407e+003;1.115898e+000
3.241889e+003;1.116449e+000
3.242371e+003;1.116991e+000
3.242854e+003;1.117530e+000
3.243336e+003;1.118068e+000
3.243818e+003;1.118602e+000
3.244300e+003;1.119127e+000
3.244782e+003;1.119640e+000
3.245264e+003;1.120133e+000
3.245746e+003;1.120603e+000
3.246229e+003;1.121048e+000
3.246711e+003;1.121471e+000
3.247193e+003;1.121875e+000
3.247675e+003;1.122266e+000
3.248157e+003;1.122652e+000
3.248639e+003;1.123042e+000
3.249121e+003;1.123440e+000
3.249604e+003;1.123850e+000
3.250085e+003;1.124271e+000
3.250568e+003;1.124698e+000
3.251050e+003;1.125125e+000
3.251532e+003;1.125546e+000
3.252014e+003;1.125956e+000
3.252496e+003;1.126355e+000
3.252978e+003;1.126742e+000
3.253460e+003;1.127120e+000
3.253943e+003;1.127491e+000
3.254425e+003;1.127853e+000
3.254907e+003;1.128204e+000
3.255389e+003;1.128541e+000
3.255871e+003;1.128856e+000
3.256353e+003;1.129146e+000
3.256835e+003;1.129406e+000
3.257318e+003;1.129638e+000
3.257800e+003;1.129846e+000
3.258282e+003;1.130040e+000
3.258764e+003;1.130230e+000
3.259246e+003;1.130429e+000
3.259728e+003;1.130644e+000
3.260210e+003;1.130879e+000
3.260693e+003;1.131130e+000
3.261175e+003;1.131388e+000
3.261657e+003;1.131644e+000
3.262139e+003;1.131891e+000
3.262621e+003;1.132126e+000
3.263103e+003;1.132355e+000
3.263585e+003;1.132586e+000
3.264068e+003;1.132827e+000
3.264550e+003;1.133078e+000
3.265032e+003;1.133335e+000
3.265514e+003;1.133584e+000
3.265996e+003;1.133810e+000
3.266478e+003;1.133997e+000
3.266960e+003;1.134139e+000
3.267442e+003;1.134237e+000
3.267925e+003;1.134303e+000
3.268407e+003;1.134349e+000
3.268889e+003;1.134390e+000
3.269371e+003;1.134437e+000
3.269853e+003;1.134497e+000
3.270335e+003;1.134573e+000
3.270817e+003;1.134670e+000
3.271300e+003;1.134789e+000
3.271782e+003;1.134937e+000
3.272264e+003;1.135109e+000
3.272746e+003;1.135300e+000
3.273228e+003;1.135496e+000
3.273710e+003;1.135679e+000
3.274192e+003;1.135833e+000
3.274675e+003;1.135946e+000
3.275157e+003;1.136015e+000
3.275639e+003;1.136051e+000
3.276121e+003;1.136067e+000
3.276603e+003;1.136083e+000
3.277085e+003;1.136114e+000
3.277567e+003;1.136169e+000
3.278050e+003;1.136250e+000
3.278532e+003;1.136355e+000
3.279014e+003;1.136479e+000
3.279496e+003;1.136615e+000
3.279978e+003;1.136759e+000
3.280460e+003;1.136907e+000
3.280942e+003;1.137054e+000
3.281425e+003;1.137194e+000
3.281906e+003;1.137320e+000
3.282389e+003;1.137425e+000
3.282871e+003;1.137505e+000
3.283353e+003;1.137556e+000
3.283835e+003;1.137582e+000
3.284317e+003;1.137590e+000
3.284799e+003;1.137590e+000
3.285281e+003;1.137596e+000
3.285764e+003;1.137618e+000
3.286246e+003;1.137668e+000
3.286728e+003;1.137748e+000
3.287210e+003;1.137857e+000
3.287692e+003;1.137982e+000
3.288174e+003;1.138106e+000
3.288656e+003;1.138210e+000
3.289139e+003;1.138280e+000
3.289621e+003;1.138305e+000
3.290103e+003;1.138291e+000
3.290585e+003;1.138251e+000
3.291067e+003;1.138208e+000
3.291549e+003;1.138182e+000
3.292031e+003;1.138190e+000
3.292514e+003;1.138235e+000
3.292996e+003;1.138315e+000
3.293478e+003;1.138415e+000
3.293960e+003;1.138521e+000
3.294442e+003;1.138620e+000
3.294924e+003;1.138706e+000
3.295406e+003;1.138781e+000
3.295889e+003;1.138850e+000
3.296371e+003;1.138921e+000
3.296853e+003;1.138999e+000
3.297335e+003;1.139088e+000
3.297817e+003;1.139185e+000
3.298299e+003;1.139288e+000
3.298781e+003;1.139390e+000
3.299263e+003;1.139486e+000
3.299746e+003;1.139572e+000
3.300228e+003;1.139642e+000
3.300710e+003;1.139693e+000
3.301192e+003;1.139725e+000
3.301674e+003;1.139740e+000
3.302156e+003;1.139741e+000
3.302638e+003;1.139738e+000
3.303121e+003;1.139738e+000
3.303603e+003;1.139753e+000
3.304085e+003;1.139789e+000
3.304567e+003;1.139852e+000
3.305049e+003;1.139939e+000
3.305531e+003;1.140048e+000
3.306013e+003;1.140171e+000
3.306496e+003;1.140301e+000
3.306978e+003;1.140431e+000
3.307460e+003;1.140555e+000
3.307942e+003;1.140667e+000
3.308424e+003;1.140765e+000
3.308906e+003;1.140847e+000
3.309388e+003;1.140911e+000
3.309871e+003;1.140954e+000
3.310353e+003;1.140973e+000
3.310835e+003;1.140965e+000
3.311317e+003;1.140933e+000
3.311799e+003;1.140882e+000
3.312281e+003;1.140822e+000
3.312763e+003;1.140767e+000
3.313246e+003;1.140733e+000
3.313728e+003;1.140728e+000
3.314210e+003;1.140754e+000
3.314692e+003;1.140804e+000
3.315174e+003;1.140864e+000
3.315656e+003;1.140917e+000
3.316138e+003;1.140953e+000
3.316620e+003;1.140968e+000
3.317103e+003;1.140971e+000
3.317585e+003;1.140974e+000
3.318067e+003;1.140994e+000
3.318549e+003;1.141037e+000
3.319031e+003;1.141102e+000
3.319513e+003;1.141176e+000
3.319995e+003;1.141243e+000
3.320478e+003;1.141287e+000
3.320960e+003;1.141303e+000
3.321442e+003;1.141289e+000
3.321924e+003;1.141257e+000
3.322406e+003;1.141217e+000
3.322888e+003;1.141181e+000
3.323370e+003;1.141148e+000
3.323853e+003;1.141114e+000
3.324335e+003;1.141071e+000
3.324817e+003;1.141011e+000
3.325299e+003;1.140931e+000
3.325781e+003;1.140834e+000
3.326263e+003;1.140727e+000
3.326745e+003;1.140620e+000
3.327228e+003;1.140518e+000
3.327710e+003;1.140426e+000
3.328192e+003;1.140342e+000
3.328674e+003;1.140265e+000
3.329156e+003;1.140191e+000
3.329638e+003;1.140120e+000
3.330120e+003;1.140051e+000
3.330603e+003;1.139986e+000
3.331084e+003;1.139924e+000
3.331567e+003;1.139865e+000
3.332049e+003;1.139806e+000
3.332531e+003;1.139745e+000
3.333013e+003;1.139678e+000
3.333495e+003;1.139604e+000
3.333977e+003;1.139519e+000
3.334459e+003;1.139421e+000
3.334942e+003;1.139307e+000
3.335424e+003;1.139178e+000
3.335906e+003;1.139032e+000
3.336388e+003;1.138874e+000
3.336870e+003;1.138707e+000
3.337352e+003;1.138538e+000
3.337834e+003;1.138370e+000
3.338317e+003;1.138202e+000
3.338799e+003;1.138029e+000
3.339281e+003;1.137845e+000
3.339763e+003;1.137644e+000
3.340245e+003;1.137422e+000
3.340727e+003;1.137182e+000
3.341209e+003;1.136929e+000
3.341692e+003;1.136670e+000
3.342174e+003;1.136412e+000
3.342656e+003;1.136162e+000
3.343138e+003;1.135918e+000
3.343620e+003;1.135679e+000
3.344102e+003;1.135438e+000
3.344584e+003;1.135189e+000
3.345067e+003;1.134927e+000
3.345549e+003;1.134646e+000
3.346031e+003;1.134343e+000
3.346513e+003;1.134019e+000
3.346995e+003;1.133676e+000
3.347477e+003;1.133318e+000
3.347959e+003;1.132951e+000
3.348441e+003;1.132577e+000
3.348924e+003;1.132203e+000
3.349406e+003;1.131827e+000
3.349888e+003;1.131445e+000
3.350370e+003;1.131055e+000
3.350852e+003;1.130655e+000
3.351334e+003;1.130241e+000
3.351816e+003;1.129817e+000
3.352299e+003;1.129389e+000
3.352781e+003;1.128963e+000
3.353263e+003;1.128541e+000
3.353745e+003;1.128124e+000
3.354227e+003;1.127712e+000
3.354709e+003;1.127302e+000
3.355191e+003;1.126892e+000
3.355674e+003;1.126481e+000
3.356156e+003;1.126068e+000
3.356638e+003;1.125648e+000
3.357120e+003;1.125215e+000
3.357602e+003;1.124758e+000
3.358084e+003;1.124263e+000
3.358566e+003;1.123723e+000
3.359049e+003;1.123134e+000
3.359531e+003;1.122502e+000
3.360013e+003;1.121840e+000
3.360495e+003;1.121163e+000
3.360977e+003;1.120485e+000
3.361459e+003;1.119812e+000
3.361941e+003;1.119142e+000
3.362424e+003;1.118469e+000
3.362906e+003;1.117784e+000
3.363388e+003;1.117080e+000
3.363870e+003;1.116359e+000
3.364352e+003;1.115625e+000
3.364834e+003;1.114885e+000
3.365316e+003;1.114146e+000
3.365798e+003;1.113409e+000
3.366281e+003;1.112676e+000
3.366763e+003;1.111941e+000
3.367245e+003;1.111202e+000
3.367727e+003;1.110458e+000
3.368209e+003;1.109712e+000
3.368691e+003;1.108960e+000
3.369173e+003;1.108204e+000
3.369656e+003;1.107437e+000
3.370138e+003;1.106651e+000
3.370620e+003;1.105837e+000
3.371102e+003;1.104987e+000
3.371584e+003;1.104100e+000
3.372066e+003;1.103179e+000
3.372548e+003;1.102228e+000
3.373031e+003;1.101258e+000
3.373513e+003;1.100279e+000
3.373995e+003;1.099301e+000
3.374477e+003;1.098330e+000
3.374959e+003;1.097375e+000
3.375441e+003;1.096438e+000
3.375923e+003;1.095519e+000
3.376406e+003;1.094611e+000
3.376888e+003;1.093700e+000
3.377370e+003;1.092770e+000
3.377852e+003;1.091801e+000
3.378334e+003;1.090780e+000
3.378816e+003;1.089706e+000
3.379298e+003;1.088584e+000
3.379781e+003;1.087431e+000
3.380262e+003;1.086266e+000
3.380745e+003;1.085107e+000
3.381227e+003;1.083963e+000
3.381709e+003;1.082837e+000
3.382191e+003;1.081720e+000
3.382673e+003;1.080604e+000
3.383155e+003;1.079476e+000
3.383637e+003;1.078331e+000
3.384120e+003;1.077166e+000
3.384602e+003;1.075982e+000
3.385084e+003;1.074782e+000
3.385566e+003;1.073571e+000
3.386048e+003;1.072348e+000
3.386530e+003;1.071119e+000
3.387012e+003;1.069884e+000
3.387495e+003;1.068647e+000
3.387977e+003;1.067405e+000
3.388459e+003;1.066158e+000
3.388941e+003;1.064900e+000
3.389423e+003;1.063622e+000
3.389905e+003;1.062315e+000
3.390387e+003;1.060976e+000
3.390870e+003;1.059605e+000
3.391352e+003;1.058208e+000
3.391834e+003;1.056797e+000
3.392316e+003;1.055386e+000
3.392798e+003;1.053983e+000
3.393280e+003;1.052596e+000
3.393762e+003;1.051220e+000
3.394245e+003;1.049850e+000
3.394727e+003;1.048471e+000
3.395209e+003;1.047074e+000
3.395691e+003;1.045646e+000
3.396173e+003;1.044184e+000
3.396655e+003;1.042688e+000
3.397137e+003;1.041164e+000
3.397619e+003;1.039621e+000
3.398102e+003;1.038070e+000
3.398584e+003;1.036518e+000
3.399066e+003;1.034971e+000
3.399548e+003;1.033427e+000
3.400030e+003;1.031883e+000
3.400512e+003;1.030328e+000
3.400994e+003;1.028753e+000
3.401477e+003;1.027152e+000
3.401959e+003;1.025521e+000
3.402441e+003;1.023863e+000
3.402923e+003;1.022184e+000
3.403405e+003;1.020493e+000
3.403887e+003;1.018797e+000
3.404369e+003;1.017104e+000
3.404852e+003;1.015418e+000
3.405334e+003;1.013742e+000
3.405816e+003;1.012080e+000
3.406298e+003;1.010434e+000
3.406780e+003;1.008807e+000
3.407262e+003;1.007200e+000
3.407744e+003;1.005611e+000
3.408227e+003;1.004033e+000
3.408709e+003;1.002455e+000
3.409191e+003;1.000865e+000
3.409673e+003;9.992492e-001
3.410155e+003;9.975954e-001
3.410637e+003;9.958979e-001
3.411119e+003;9.941533e-001
3.411602e+003;9.923667e-001
3.412083e+003;9.905454e-001
3.412566e+003;9.887015e-001
3.413048e+003;9.868473e-001
3.413530e+003;9.849954e-001
3.414012e+003;9.831533e-001
3.414494e+003;9.813280e-001
3.414976e+003;9.795166e-001
3.415458e+003;9.777144e-001
3.415941e+003;9.759098e-001
3.416423e+003;9.740937e-001
3.416905e+003;9.722571e-001
3.417387e+003;9.703981e-001
3.417869e+003;9.685206e-001
3.418351e+003;9.666340e-001
3.418833e+003;9.647490e-001
3.419316e+003;9.628770e-001
3.419798e+003;9.610245e-001
3.420280e+003;9.591933e-001
3.420762e+003;9.573790e-001
3.421244e+003;9.555754e-001
3.421726e+003;9.537763e-001
3.422208e+003;9.519759e-001
3.422691e+003;9.501700e-001
3.423173e+003;9.483563e-001
3.423655e+003;9.465308e-001
3.424137e+003;9.446912e-001
3.424619e+003;9.428325e-001
3.425101e+003;9.409531e-001
3.425583e+003;9.390534e-001
3.426066e+003;9.371391e-001
3.426548e+003;9.352185e-001
3.427030e+003;9.333026e-001
3.427512e+003;9.313993e-001
3.427994e+003;9.295114e-001
3.428476e+003;9.276335e-001
3.428958e+003;9.257550e-001
3.429440e+003;9.238600e-001
3.429923e+003;9.219372e-001
3.430405e+003;9.199792e-001
3.430887e+003;9.179894e-001
3.431369e+003;9.159796e-001
3.431851e+003;9.139688e-001
3.432333e+003;9.119742e-001
3.432815e+003;9.100110e-001
3.433298e+003;9.080827e-001
3.433780e+003;9.061843e-001
3.434262e+003;9.043008e-001
3.434744e+003;9.024163e-001
3.435226e+003;9.005144e-001
3.435708e+003;8.985870e-001
3.436190e+003;8.966333e-001
3.436673e+003;8.946639e-001
3.437155e+003;8.926916e-001
3.437637e+003;8.907344e-001
3.438119e+003;8.888056e-001
3.438601e+003;8.869122e-001
3.439083e+003;8.850523e-001
3.439565e+003;8.832170e-001
3.440048e+003;8.813893e-001
3.440530e+003;8.795531e-001
3.441012e+003;8.776904e-001
3.441494e+003;8.757902e-001
3.441976e+003;8.738487e-001
3.442458e+003;8.718710e-001
3.442940e+003;8.698683e-001
3.443423e+003;8.678595e-001
3.443905e+003;8.658597e-001
3.444387e+003;8.638857e-001
3.444869e+003;8.619444e-001
3.445351e+003;8.600368e-001
3.445833e+003;8.581539e-001
3.446315e+003;8.562825e-001
3.446797e+003;8.544046e-001
3.447280e+003;8.525050e-001
3.447762e+003;8.505703e-001
3.448244e+003;8.485969e-001
3.448726e+003;8.465856e-001
3.449208e+003;8.445463e-001
3.449690e+003;8.424910e-001
3.450172e+003;8.404360e-001
3.450655e+003;8.383948e-001
3.451137e+003;8.363796e-001
3.451619e+003;8.343951e-001
3.452101e+003;8.324436e-001
3.452583e+003;8.305212e-001
3.453065e+003;8.286223e-001
3.453547e+003;8.267407e-001
3.454030e+003;8.248704e-001
3.454512e+003;8.230067e-001
3.454994e+003;8.211459e-001
3.455476e+003;8.192840e-001
3.455958e+003;8.174187e-001
3.456440e+003;8.155445e-001
3.456922e+003;8.136599e-001
3.457405e+003;8.117610e-001
3.457887e+003;8.098484e-001
3.458369e+003;8.079230e-001
3.458851e+003;8.059884e-001
3.459333e+003;8.040457e-001
3.459815e+003;8.020977e-001
3.460297e+003;8.001437e-001
3.460780e+003;7.981836e-001
3.461261e+003;7.962176e-001
3.461744e+003;7.942488e-001
3.462226e+003;7.922821e-001
3.462708e+003;7.903246e-001
3.463190e+003;7.883820e-001
3.463672e+003;7.864580e-001
3.464154e+003;7.845519e-001
3.464636e+003;7.826591e-001
3.465119e+003;7.807719e-001
3.465601e+003;7.788847e-001
3.466083e+003;7.769928e-001
3.466565e+003;7.750943e-001
3.467047e+003;7.731903e-001
3.467529e+003;7.712852e-001
3.468011e+003;7.693821e-001
3.468494e+003;7.674860e-001
3.468976e+003;7.655999e-001
3.469458e+003;7.637293e-001
3.469940e+003;7.618762e-001
3.470422e+003;7.600439e-001
3.470904e+003;7.582304e-001
3.471386e+003;7.564297e-001
3.471869e+003;7.546272e-001
3.472351e+003;7.528099e-001
3.472833e+003;7.509600e-001
3.473315e+003;7.490697e-001
3.473797e+003;7.471378e-001
3.474279e+003;7.451757e-001
3.474761e+003;7.431999e-001
3.475244e+003;7.412329e-001
3.475726e+003;7.392909e-001
3.476208e+003;7.373861e-001
3.476690e+003;7.355185e-001
3.477172e+003;7.336839e-001
3.477654e+003;7.318699e-001
3.478136e+003;7.300664e-001
3.478618e+003;7.282636e-001
3.479101e+003;7.264552e-001
3.479583e+003;7.246382e-001
3.480065e+003;7.228119e-001
3.480547e+003;7.209764e-001
3.481029e+003;7.191367e-001
3.481511e+003;7.172976e-001
3.481993e+003;7.154672e-001
3.482476e+003;7.136504e-001
3.482958e+003;7.118527e-001
3.483440e+003;7.100715e-001
3.483922e+003;7.082990e-001
3.484404e+003;7.065231e-001
3.484886e+003;7.047314e-001
3.485368e+003;7.029140e-001
3.485851e+003;7.010671e-001
3.486333e+003;6.991966e-001
3.486815e+003;6.973132e-001
3.487297e+003;6.954308e-001
3.487779e+003;6.935612e-001
3.488261e+003;6.917126e-001
3.488743e+003;6.898878e-001
3.489226e+003;6.880840e-001
3.489708e+003;6.862960e-001
3.490190e+003;6.845158e-001
3.490672e+003;6.827382e-001
3.491154e+003;6.809549e-001
3.491636e+003;6.791615e-001
3.492118e+003;6.773530e-001
3.492601e+003;6.755279e-001
3.493083e+003;6.736842e-001
3.493565e+003;6.718284e-001
3.494047e+003;6.699649e-001
3.494529e+003;6.681026e-001
3.495011e+003;6.662470e-001
3.495493e+003;6.644030e-001
3.495975e+003;6.625696e-001
3.496458e+003;6.607432e-001
3.496940e+003;6.589184e-001
3.497422e+003;6.570883e-001
3.497904e+003;6.552467e-001
3.498386e+003;6.533909e-001
3.498868e+003;6.515209e-001
3.499350e+003;6.496401e-001
3.499833e+003;6.477547e-001
3.500315e+003;6.458735e-001
3.500797e+003;6.440055e-001
3.501279e+003;6.421593e-001
3.501761e+003;6.403388e-001
3.502243e+003;6.385438e-001
3.502725e+003;6.367679e-001
3.503208e+003;6.350015e-001
3.503690e+003;6.332340e-001
3.504172e+003;6.314586e-001
3.504654e+003;6.296728e-001
3.505136e+003;6.278815e-001
3.505618e+003;6.260915e-001
3.506100e+003;6.243110e-001
3.506583e+003;6.225436e-001
3.507065e+003;6.207907e-001
3.507547e+003;6.190482e-001
3.508029e+003;6.173108e-001
3.508511e+003;6.155738e-001
3.508993e+003;6.138361e-001
3.509475e+003;6.120968e-001
3.509958e+003;6.103577e-001
3.510439e+003;6.086146e-001
3.510922e+003;6.068632e-001
3.511404e+003;6.050949e-001
3.511886e+003;6.033044e-001
3.512368e+003;6.014892e-001
3.512850e+003;5.996557e-001
3.513332e+003;5.978138e-001
3.513814e+003;5.959787e-001
3.514297e+003;5.941632e-001
3.514779e+003;5.923756e-001
3.515261e+003;5.906165e-001
3.515743e+003;5.888819e-001
3.516225e+003;5.871631e-001
3.516707e+003;5.854517e-001
3.517189e+003;5.837399e-001
3.517672e+003;5.820215e-001
3.518154e+003;5.802887e-001
3.518636e+003;5.785364e-001
3.519118e+003;5.767575e-001
3.519600e+003;5.749495e-001
3.520082e+003;5.731133e-001
3.520564e+003;5.712588e-001
3.521047e+003;5.693991e-001
3.521529e+003;5.675520e-001
3.522011e+003;5.657321e-001
3.522493e+003;5.639484e-001
3.522975e+003;5.622020e-001
3.523457e+003;5.604874e-001
3.523939e+003;5.587953e-001
3.524422e+003;5.571160e-001
3.524904e+003;5.554407e-001
3.525386e+003;5.537658e-001
3.525868e+003;5.520890e-001
3.526350e+003;5.504088e-001
3.526832e+003;5.487238e-001
3.527314e+003;5.470307e-001
3.527796e+003;5.453293e-001
3.528279e+003;5.436184e-001
3.528761e+003;5.418992e-001
3.529243e+003;5.401730e-001
3.529725e+003;5.384399e-001
3.530207e+003;5.366989e-001
3.530689e+003;5.349461e-001
3.531171e+003;5.331815e-001
3.531654e+003;5.314033e-001
3.532136e+003;5.296203e-001
3.532618e+003;5.278407e-001
3.533100e+003;5.260769e-001
3.533582e+003;5.243368e-001
3.534064e+003;5.226242e-001
3.534546e+003;5.209349e-001
3.535029e+003;5.192590e-001
3.535511e+003;5.175846e-001
3.535993e+003;5.159026e-001
3.536475e+003;5.142062e-001
3.536957e+003;5.124964e-001
3.537439e+003;5.107768e-001
3.537921e+003;5.090525e-001
3.538404e+003;5.073262e-001
3.538886e+003;5.056003e-001
3.539368e+003;5.038730e-001
3.539850e+003;5.021443e-001
3.540332e+003;5.004143e-001
3.540814e+003;4.986854e-001
3.541296e+003;4.969625e-001
3.541779e+003;4.952499e-001
3.542260e+003;4.935502e-001
3.542743e+003;4.918656e-001
3.543225e+003;4.901963e-001
3.543707e+003;4.885411e-001
3.544189e+003;4.868961e-001
3.544671e+003;4.852580e-001
3.545153e+003;4.836198e-001
3.545635e+003;4.819746e-001
3.546118e+003;4.803165e-001
3.546600e+003;4.786432e-001
3.547082e+003;4.769567e-001
3.547564e+003;4.752648e-001
3.548046e+003;4.735767e-001
3.548528e+003;4.719048e-001
3.549010e+003;4.702534e-001
3.549493e+003;4.686249e-001
3.549975e+003;4.670129e-001
3.550457e+003;4.654096e-001
3.550939e+003;4.638065e-001
3.551421e+003;4.621991e-001
3.551903e+003;4.605874e-001
3.552385e+003;4.589743e-001
3.552868e+003;4.573613e-001
3.553350e+003;4.557492e-001
3.553832e+003;4.541317e-001
3.554314e+003;4.525040e-001
3.554796e+003;4.508590e-001
3.555278e+003;4.491956e-001
3.555760e+003;4.475167e-001
3.556243e+003;4.458312e-001
3.556725e+003;4.441491e-001
3.557207e+003;4.424784e-001
3.557689e+003;4.408228e-001
3.558171e+003;4.391843e-001
3.558653e+003;4.375618e-001
3.559135e+003;4.359545e-001
3.559617e+003;4.343649e-001
3.560100e+003;4.327968e-001
3.560582e+003;4.312515e-001
3.561064e+003;4.297277e-001
3.561546e+003;4.282171e-001
3.562028e+003;4.267102e-001
3.562510e+003;4.251941e-001
3.562992e+003;4.236613e-001
3.563475e+003;4.221108e-001
3.563957e+003;4.205483e-001
3.564439e+003;4.189816e-001
3.564921e+003;4.174206e-001
3.565403e+003;4.158689e-001
3.565885e+003;4.143256e-001
3.566367e+003;4.127854e-001
3.566850e+003;4.112428e-001
3.567332e+003;4.096925e-001
3.567814e+003;4.081368e-001
3.568296e+003;4.065801e-001
3.568778e+003;4.050294e-001
3.569260e+003;4.034884e-001
3.569742e+003;4.019606e-001
3.570225e+003;4.004412e-001
3.570707e+003;3.989288e-001
3.571189e+003;3.974181e-001
3.571671e+003;3.959101e-001
3.572153e+003;3.944070e-001
3.572635e+003;3.929133e-001
3.573117e+003;3.914313e-001
3.573599e+003;3.899626e-001
3.574082e+003;3.885047e-001
3.574564e+003;3.870520e-001
3.575046e+003;3.855980e-001
3.575528e+003;3.841394e-001
3.576010e+003;3.826751e-001
3.576492e+003;3.812076e-001
3.576974e+003;3.797420e-001
3.577457e+003;3.782857e-001
3.577939e+003;3.768442e-001
3.578421e+003;3.754216e-001
3.578903e+003;3.740184e-001
3.579385e+003;3.726318e-001
3.579867e+003;3.712536e-001
3.580349e+003;3.698765e-001
3.580832e+003;3.684899e-001
3.581314e+003;3.670877e-001
3.581796e+003;3.656645e-001
3.582278e+003;3.642217e-001
3.582760e+003;3.627628e-001
3.583242e+003;3.612951e-001
3.583724e+003;3.598264e-001
3.584207e+003;3.583664e-001
3.584689e+003;3.569199e-001
3.585171e+003;3.554927e-001
3.585653e+003;3.540869e-001
3.586135e+003;3.527032e-001
3.586617e+003;3.513378e-001
3.587099e+003;3.499855e-001
3.587582e+003;3.486372e-001
3.588063e+003;3.472830e-001
3.588546e+003;3.459128e-001
3.589028e+003;3.445220e-001
3.589510e+003;3.431111e-001
3.589992e+003;3.416874e-001
3.590474e+003;3.402617e-001
3.590956e+003;3.388472e-001
3.591438e+003;3.374525e-001
3.591921e+003;3.360814e-001
3.592403e+003;3.347309e-001
3.592885e+003;3.333939e-001
3.593367e+003;3.320601e-001
3.593849e+003;3.307236e-001
3.594331e+003;3.293811e-001
3.594813e+003;3.280360e-001
3.595296e+003;3.266912e-001
3.595778e+003;3.253529e-001
3.596260e+003;3.240226e-001
3.596742e+003;3.227012e-001
3.597224e+003;3.213859e-001
3.597706e+003;3.200747e-001
3.598188e+003;3.187636e-001
3.598671e+003;3.174513e-001
3.599153e+003;3.161343e-001
3.599635e+003;3.148102e-001
3.600117e+003;3.134753e-001
3.600599e+003;3.121272e-001
3.601081e+003;3.107650e-001
3.601563e+003;3.093920e-001
3.602046e+003;3.080115e-001
3.602528e+003;3.066298e-001
3.603010e+003;3.052517e-001
3.603492e+003;3.038790e-001
3.603974e+003;3.025110e-001
3.604456e+003;3.011478e-001
3.604938e+003;2.997899e-001
3.605420e+003;2.984428e-001
3.605903e+003;2.971141e-001
3.606385e+003;2.958137e-001
3.606867e+003;2.945472e-001
3.607349e+003;2.933130e-001
3.607831e+003;2.921012e-001
3.608313e+003;2.908964e-001
3.608795e+003;2.896802e-001
3.609278e+003;2.884406e-001
3.609760e+003;2.871724e-001
3.610242e+003;2.858819e-001
3.610724e+003;2.845805e-001
3.611206e+003;2.832823e-001
3.611688e+003;2.819955e-001
3.612170e+003;2.807227e-001
3.612653e+003;2.794560e-001
3.613135e+003;2.781847e-001
3.613617e+003;2.768976e-001
3.614099e+003;2.755875e-001
3.614581e+003;2.742566e-001
3.615063e+003;2.729142e-001
3.615545e+003;2.715729e-001
3.616028e+003;2.702485e-001
3.616510e+003;2.689526e-001
3.616992e+003;2.676897e-001
3.617474e+003;2.664558e-001
3.617956e+003;2.652391e-001
3.618438e+003;2.640223e-001
3.618920e+003;2.627858e-001
3.619403e+003;2.615136e-001
3.619885e+003;2.601976e-001
3.620367e+003;2.588407e-001
3.620849e+003;2.574538e-001
3.621331e+003;2.560534e-001
3.621813e+003;2.546570e-001
3.622295e+003;2.532752e-001
3.622777e+003;2.519116e-001
3.623260e+003;2.505604e-001
3.623742e+003;2.492143e-001
3.624224e+003;2.478661e-001
3.624706e+003;2.465170e-001
3.625188e+003;2.451773e-001
3.625670e+003;2.438642e-001
3.626152e+003;2.425936e-001
3.626635e+003;2.413755e-001
3.627117e+003;2.402047e-001
3.627599e+003;2.390631e-001
3.628081e+003;2.379191e-001
3.628563e+003;2.367400e-001
3.629045e+003;2.355006e-001
3.629527e+003;2.341908e-001
3.630010e+003;2.328154e-001
3.630492e+003;2.313932e-001
3.630974e+003;2.299456e-001
3.631456e+003;2.284932e-001
3.631938e+003;2.270489e-001
3.632420e+003;2.256187e-001
3.632902e+003;2.242014e-001
3.633385e+003;2.227957e-001
3.633867e+003;2.213982e-001
3.634349e+003;2.200076e-001
3.634831e+003;2.186222e-001
3.635313e+003;2.172397e-001
3.635795e+003;2.158552e-001
3.636277e+003;2.144631e-001
3.636760e+003;2.130571e-001
3.637241e+003;2.116357e-001
3.637724e+003;2.101990e-001
3.638206e+003;2.087523e-001
3.638688e+003;2.073027e-001
3.639170e+003;2.058561e-001
3.639652e+003;2.044134e-001
3.640134e+003;2.029707e-001
3.640616e+003;2.015191e-001
3.641099e+003;2.000486e-001
3.641581e+003;1.985482e-001
3.642063e+003;1.970154e-001
3.642545e+003;1.954506e-001
3.643027e+003;1.938653e-001
3.643509e+003;1.922731e-001
3.643991e+003;1.906923e-001
3.644474e+003;1.891391e-001
3.644956e+003;1.876270e-001
3.645438e+003;1.861622e-001
3.645920e+003;1.847482e-001
3.646402e+003;1.833787e-001
3.646884e+003;1.820451e-001
3.647366e+003;1.807344e-001
3.647849e+003;1.794304e-001
3.648331e+003;1.781156e-001
3.648813e+003;1.767724e-001
3.649295e+003;1.753843e-001
3.649777e+003;1.739383e-001
3.650259e+003;1.724285e-001
3.650741e+003;1.708579e-001
3.651224e+003;1.692379e-001
3.651706e+003;1.675870e-001
3.652188e+003;1.659292e-001
3.652670e+003;1.642867e-001
3.653152e+003;1.626787e-001
3.653634e+003;1.611147e-001
3.654116e+003;1.595938e-001
3.654598e+003;1.581083e-001
3.655081e+003;1.566412e-001
3.655563e+003;1.551761e-001
3.656045e+003;1.536974e-001
3.656527e+003;1.521979e-001
3.657009e+003;1.506755e-001
3.657491e+003;1.491351e-001
3.657973e+003;1.475847e-001
3.658456e+003;1.460341e-001
3.658938e+003;1.444914e-001
3.659420e+003;1.429617e-001
3.659902e+003;1.414455e-001
3.660384e+003;1.399410e-001
3.660866e+003;1.384419e-001
3.661348e+003;1.369421e-001
3.661831e+003;1.354334e-001
3.662313e+003;1.339116e-001
3.662795e+003;1.323728e-001
3.663277e+003;1.308190e-001
3.663759e+003;1.292543e-001
3.664241e+003;1.276874e-001
3.664723e+003;1.261286e-001
3.665206e+003;1.245894e-001
3.665688e+003;1.230808e-001
3.666170e+003;1.216150e-001
3.666652e+003;1.202028e-001
3.667134e+003;1.188532e-001
3.667616e+003;1.175694e-001
3.668098e+003;1.163482e-001
3.668581e+003;1.151732e-001
3.669063e+003;1.140177e-001
3.669545e+003;1.128464e-001
3.670027e+003;1.116238e-001
3.670509e+003;1.103240e-001
3.670991e+003;1.089411e-001
3.671473e+003;1.074914e-001
3.671955e+003;1.060144e-001
3.672438e+003;1.045576e-001
3.672920e+003;1.031699e-001
3.673402e+003;1.018828e-001
3.673884e+003;1.007042e-001
3.674366e+003;9.961557e-002
3.674848e+003;9.857568e-002
3.675330e+003;9.753517e-002
3.675813e+003;9.645291e-002
3.676295e+003;9.530761e-002
3.676777e+003;9.410315e-002
3.677259e+003;9.286187e-002
3.677741e+003;9.161618e-002
3.678223e+003;9.039244e-002
3.678705e+003;8.920929e-002
3.679188e+003;8.806962e-002
3.679670e+003;8.696651e-002
3.680152e+003;8.588898e-002
3.680634e+003;8.482760e-002
3.681116e+003;8.377501e-002
3.681598e+003;8.273004e-002
3.682080e+003;8.169063e-002
3.682563e+003;8.065370e-002
3.683045e+003;7.961473e-002
3.683527e+003;7.857233e-002
3.684009e+003;7.753111e-002
3.684491e+003;7.650490e-002
3.684973e+003;7.551662e-002
3.685455e+003;7.459099e-002
3.685938e+003;7.374635e-002
3.686419e+003;7.298735e-002
3.686902e+003;7.229829e-002
3.687384e+003;7.164768e-002
3.687866e+003;7.099615e-002
3.688348e+003;7.030936e-002
3.688830e+003;6.956881e-002
3.689312e+003;6.877903e-002
3.689794e+003;6.795997e-002
3.690277e+003;6.714114e-002
3.690759e+003;6.634749e-002
3.691241e+003;6.559366e-002
3.691723e+003;6.487820e-002
3.692205e+003;6.419255e-002
3.692687e+003;6.352243e-002
3.693169e+003;6.285813e-002
3.693652e+003;6.219712e-002
3.694134e+003;6.154373e-002
3.694616e+003;6.090391e-002
3.695098e+003;6.028376e-002
3.695580e+003;5.968403e-002
3.696062e+003;5.910114e-002
3.696544e+003;5.852987e-002
3.697027e+003;5.796615e-002
3.697509e+003;5.740947e-002
3.697991e+003;5.686288e-002
3.698473e+003;5.633003e-002
3.698955e+003;5.581410e-002
3.699437e+003;5.531419e-002
3.699919e+003;5.482674e-002
3.700402e+003;5.434617e-002
3.700884e+003;5.386878e-002
3.701366e+003;5.339167e-002
3.701848e+003;5.291647e-002
3.702330e+003;5.244472e-002
3.702812e+003;5.197908e-002
3.703294e+003;5.151876e-002
3.703776e+003;5.106442e-002
3.704259e+003;5.061502e-002
3.704741e+003;5.017222e-002
3.705223e+003;4.973906e-002
3.705705e+003;4.932021e-002
3.706187e+003;4.891794e-002
3.706669e+003;4.853364e-002
3.707151e+003;4.816477e-002
3.707634e+003;4.780729e-002
3.708116e+003;4.745751e-002
3.708598e+003;4.711632e-002
3.709080e+003;4.678740e-002
3.709562e+003;4.647692e-002
3.710044e+003;4.618906e-002
3.710526e+003;4.592472e-002
3.711009e+003;4.567679e-002
3.711491e+003;4.543326e-002
3.711973e+003;4.517908e-002
3.712455e+003;4.490413e-002
3.712937e+003;4.460462e-002
3.713419e+003;4.428435e-002
3.713901e+003;4.395407e-002
3.714384e+003;4.362630e-002
3.714866e+003;4.331002e-002
3.715348e+003;4.300915e-002
3.715830e+003;4.272128e-002
3.716312e+003;4.244210e-002
3.716794e+003;4.216506e-002
3.717276e+003;4.188786e-002
3.717759e+003;4.161228e-002
3.718240e+003;4.134464e-002
3.718723e+003;4.109113e-002
3.719205e+003;4.086072e-002
3.719687e+003;4.065632e-002
3.720169e+003;4.047756e-002
3.720651e+003;4.031898e-002
3.721133e+003;4.017063e-002
3.721615e+003;4.001946e-002
3.722098e+003;3.985336e-002
3.722580e+003;3.966397e-002
3.723062e+003;3.944990e-002
3.723544e+003;3.921761e-002
3.724026e+003;3.898137e-002
3.724508e+003;3.875837e-002
3.724990e+003;3.856315e-002
3.725473e+003;3.839989e-002
3.725955e+003;3.826188e-002
3.726437e+003;3.813056e-002
3.726919e+003;3.798315e-002
3.727401e+003;3.780119e-002
3.727883e+003;3.758079e-002
3.728365e+003;3.733431e-002
3.728848e+003;3.708920e-002
3.729330e+003;3.687567e-002
3.729812e+003;3.671861e-002
3.730294e+003;3.662360e-002
3.730776e+003;3.657573e-002
3.731258e+003;3.654354e-002
3.731740e+003;3.649161e-002
3.732223e+003;3.639501e-002
3.732705e+003;3.624933e-002
3.733187e+003;3.607199e-002
3.733669e+003;3.589489e-002
3.734151e+003;3.575052e-002
3.734633e+003;3.565811e-002
3.735115e+003;3.561730e-002
3.735597e+003;3.561039e-002
3.736080e+003;3.560814e-002
3.736562e+003;3.558401e-002
3.737044e+003;3.552127e-002
3.737526e+003;3.541434e-002
3.738008e+003;3.526726e-002
3.738490e+003;3.508371e-002
3.738972e+003;3.486507e-002
3.739455e+003;3.461108e-002
3.739937e+003;3.432568e-002
3.740419e+003;3.402634e-002
3.740901e+003;3.374709e-002
3.741383e+003;3.353427e-002
3.741865e+003;3.343379e-002
3.742347e+003;3.347519e-002
3.742830e+003;3.365168e-002
3.743312e+003;3.391739e-002
3.743794e+003;3.419372e-002
3.744276e+003;3.439022e-002
3.744758e+003;3.443976e-002
3.745240e+003;3.431859e-002
3.745722e+003;3.405164e-002
3.746205e+003;3.370154e-002
3.746687e+003;3.334356e-002
3.747169e+003;3.304348e-002
3.747651e+003;3.284093e-002
3.748133e+003;3.274378e-002
3.748615e+003;3.273418e-002
3.749097e+003;3.277997e-002
3.749580e+003;3.284985e-002
3.750062e+003;3.292203e-002
3.750544e+003;3.298422e-002
3.751026e+003;3.303170e-002
3.751508e+003;3.305726e-002
3.751990e+003;3.304997e-002
3.752472e+003;3.299623e-002
3.752954e+003;3.288716e-002
3.753437e+003;3.272438e-002
3.753919e+003;3.252225e-002
3.754401e+003;3.230513e-002
3.754883e+003;3.209926e-002
3.755365e+003;3.192497e-002
3.755847e+003;3.179138e-002
3.756329e+003;3.169443e-002
3.756812e+003;3.162286e-002
3.757294e+003;3.156460e-002
3.757776e+003;3.151026e-002
3.758258e+003;3.145781e-002
3.758740e+003;3.140890e-002
3.759222e+003;3.136455e-002
3.759704e+003;3.132286e-002
3.760187e+003;3.127760e-002
3.760669e+003;3.122216e-002
3.761151e+003;3.115338e-002
3.761633e+003;3.107429e-002
3.762115e+003;3.099468e-002
3.762597e+003;3.092674e-002
3.763079e+003;3.087797e-002
3.763562e+003;3.084940e-002
3.764044e+003;3.083085e-002
3.764526e+003;3.080874e-002
3.765008e+003;3.076718e-002
3.765490e+003;3.070107e-002
3.765972e+003;3.061320e-002
3.766454e+003;3.051743e-002
3.766937e+003;3.042979e-002
3.767418e+003;3.036552e-002
3.767901e+003;3.033138e-002
3.768383e+003;3.032407e-002
3.768865e+003;3.033227e-002
3.769347e+003;3.033997e-002
3.769829e+003;3.033367e-002
3.770311e+003;3.030357e-002
3.770793e+003;3.024712e-002
3.771276e+003;3.016609e-002
3.771758e+003;3.006518e-002
3.772240e+003;2.995267e-002
3.772722e+003;2.983556e-002
3.773204e+003;2.972173e-002
3.773686e+003;2.961552e-002
3.774168e+003;2.952075e-002
3.774651e+003;2.943946e-002
3.775133e+003;2.936962e-002
3.775615e+003;2.931071e-002
3.776097e+003;2.926350e-002
3.776579e+003;2.923144e-002
3.777061e+003;2.921937e-002
3.777543e+003;2.923317e-002
3.778026e+003;2.927462e-002
3.778508e+003;2.933813e-002
3.778990e+003;2.940957e-002
3.779472e+003;2.946980e-002
3.779954e+003;2.949906e-002
3.780436e+003;2.948459e-002
3.780918e+003;2.942445e-002
3.781401e+003;2.932782e-002
3.781883e+003;2.921292e-002
3.782365e+003;2.909826e-002
3.782847e+003;2.899889e-002
3.783329e+003;2.891914e-002
3.783811e+003;2.885661e-002
3.784293e+003;2.880146e-002
3.784775e+003;2.874438e-002
3.785258e+003;2.867912e-002
3.785740e+003;2.860593e-002
3.786222e+003;2.852749e-002
3.786704e+003;2.845083e-002
3.787186e+003;2.837938e-002
3.787668e+003;2.831532e-002
3.788150e+003;2.825891e-002
3.788633e+003;2.821091e-002
3.789115e+003;2.817184e-002
3.789597e+003;2.814362e-002
3.790079e+003;2.812664e-002
3.790561e+003;2.811757e-002
3.791043e+003;2.810952e-002
3.791525e+003;2.809533e-002
3.792008e+003;2.806618e-002
3.792490e+003;2.802105e-002
3.792972e+003;2.796492e-002
3.793454e+003;2.790890e-002
3.793936e+003;2.786437e-002
3.794418e+003;2.783863e-002
3.794900e+003;2.782938e-002
3.795383e+003;2.782588e-002
3.795865e+003;2.780831e-002
3.796347e+003;2.776055e-002
3.796829e+003;2.767426e-002
3.797311e+003;2.755699e-002
3.797793e+003;2.743152e-002
3.798275e+003;2.732905e-002
3.798758e+003;2.728197e-002
3.799240e+003;2.731129e-002
3.799722e+003;2.741856e-002
3.800204e+003;2.758272e-002
3.800686e+003;2.776026e-002
3.801168e+003;2.790199e-002
3.801650e+003;2.796010e-002
3.802132e+003;2.790932e-002
3.802615e+003;2.775166e-002
3.803097e+003;2.751646e-002
3.803579e+003;2.725266e-002
3.804061e+003;2.701690e-002
3.804543e+003;2.685490e-002
3.805025e+003;2.679398e-002
3.805507e+003;2.683338e-002
3.805990e+003;2.694407e-002
3.806472e+003;2.708120e-002
3.806954e+003;2.719734e-002
3.807436e+003;2.725772e-002
3.807918e+003;2.725117e-002
3.808400e+003;2.718882e-002
3.808882e+003;2.709655e-002
3.809365e+003;2.700234e-002
3.809847e+003;2.692454e-002
3.810329e+003;2.686635e-002
3.810811e+003;2.681791e-002
3.811293e+003;2.676341e-002
3.811775e+003;2.669428e-002
3.812257e+003;2.661422e-002
3.812740e+003;2.654287e-002
3.813222e+003;2.650797e-002
3.813704e+003;2.653289e-002
3.814186e+003;2.662563e-002
3.814668e+003;2.677055e-002
3.815150e+003;2.693080e-002
3.815632e+003;2.705589e-002
3.816115e+003;2.710289e-002
3.816596e+003;2.704937e-002
3.817079e+003;2.690186e-002
3.817561e+003;2.669623e-002
3.818043e+003;2.648338e-002
3.818525e+003;2.631562e-002
3.819007e+003;2.622960e-002
3.819489e+003;2.623728e-002
3.819971e+003;2.632417e-002
3.820454e+003;2.645225e-002
3.820936e+003;2.657652e-002
3.821418e+003;2.665437e-002
3.821900e+003;2.666275e-002
3.822382e+003;2.660228e-002
3.822864e+003;2.649173e-002
3.823346e+003;2.636030e-002
3.823829e+003;2.623838e-002
3.824311e+003;2.614849e-002
3.824793e+003;2.609694e-002
3.825275e+003;2.607783e-002
3.825757e+003;2.607687e-002
3.826239e+003;2.607732e-002
3.826721e+003;2.606683e-002
3.827204e+003;2.604164e-002
3.827686e+003;2.600511e-002
3.828168e+003;2.596987e-002
3.828650e+003;2.594505e-002
3.829132e+003;2.593994e-002
3.829614e+003;2.595609e-002
3.830096e+003;2.598875e-002
3.830579e+003;2.602747e-002
3.831061e+003;2.605899e-002
3.831543e+003;2.606988e-002
3.832025e+003;2.604968e-002
3.832507e+003;2.599221e-002
3.832989e+003;2.590066e-002
3.833471e+003;2.578421e-002
3.833953e+003;2.566334e-002
3.834436e+003;2.556168e-002
3.834918e+003;2.550360e-002
3.835400e+003;2.550745e-002
3.835882e+003;2.557829e-002
3.836364e+003;2.570568e-002
3.836846e+003;2.586178e-002
3.837328e+003;2.601057e-002
3.837811e+003;2.611692e-002
3.838293e+003;2.615688e-002
3.838775e+003;2.612335e-002
3.839257e+003;2.602856e-002
3.839739e+003;2.589627e-002
3.840221e+003;2.575595e-002
3.840703e+003;2.563150e-002
3.841186e+003;2.553791e-002
3.841668e+003;2.547972e-002
3.842150e+003;2.545138e-002
3.842632e+003;2.544424e-002
3.843114e+003;2.544639e-002
3.843596e+003;2.544816e-002
3.844078e+003;2.544282e-002
3.844561e+003;2.542571e-002
3.845043e+003;2.539255e-002
3.845525e+003;2.534295e-002
3.846007e+003;2.527859e-002
3.846489e+003;2.520115e-002
3.846971e+003;2.511528e-002
3.847453e+003;2.502189e-002
3.847936e+003;2.492006e-002
3.848417e+003;2.480955e-002
3.848900e+003;2.468918e-002
3.849382e+003;2.456685e-002
3.849864e+003;2.445912e-002
3.850346e+003;2.439241e-002
3.850828e+003;2.439922e-002
3.851310e+003;2.450716e-002
3.851792e+003;2.472600e-002
3.852275e+003;2.504081e-002
3.852757e+003;2.541005e-002
3.853239e+003;2.577234e-002
3.853721e+003;2.606540e-002
3.854203e+003;2.624261e-002
3.854685e+003;2.628637e-002
3.855167e+003;2.620791e-002
3.855650e+003;2.604068e-002
3.856132e+003;2.582750e-002
3.856614e+003;2.560779e-002
3.857096e+003;2.540986e-002
3.857578e+003;2.524992e-002
3.858060e+003;2.513304e-002
3.858542e+003;2.505793e-002
3.859025e+003;2.501888e-002
3.859507e+003;2.500798e-002
3.859989e+003;2.501747e-002
3.860471e+003;2.503799e-002
3.860953e+003;2.506280e-002
3.861435e+003;2.508762e-002
3.861917e+003;2.511336e-002
3.862400e+003;2.514442e-002
3.862882e+003;2.518771e-002
3.863364e+003;2.524322e-002
3.863846e+003;2.530343e-002
3.864328e+003;2.535026e-002
3.864810e+003;2.536239e-002
3.865292e+003;2.532291e-002
3.865774e+003;2.522972e-002
3.866257e+003;2.509957e-002
3.866739e+003;2.496589e-002
3.867221e+003;2.486861e-002
3.867703e+003;2.484010e-002
3.868185e+003;2.489380e-002
3.868667e+003;2.501647e-002
3.869149e+003;2.517379e-002
3.869632e+003;2.532101e-002
3.870114e+003;2.542037e-002
3.870596e+003;2.545427e-002
3.871078e+003;2.542905e-002
3.871560e+003;2.536840e-002
3.872042e+003;2.530227e-002
3.872524e+003;2.525449e-002
3.873007e+003;2.523354e-002
3.873489e+003;2.523290e-002
3.873971e+003;2.523487e-002
3.874453e+003;2.522315e-002
3.874935e+003;2.518575e-002
3.875417e+003;2.512411e-002
3.875899e+003;2.504916e-002
3.876382e+003;2.497783e-002
3.876864e+003;2.492683e-002
3.877346e+003;2.490751e-002
3.877828e+003;2.492378e-002
3.878310e+003;2.497109e-002
3.878792e+003;2.503824e-002
3.879274e+003;2.510776e-002
3.879757e+003;2.516151e-002
3.880239e+003;2.518173e-002
3.880721e+003;2.515928e-002
3.881203e+003;2.509426e-002
3.881685e+003;2.500026e-002
3.882167e+003;2.490297e-002
3.882649e+003;2.483425e-002
3.883131e+003;2.482233e-002
3.883614e+003;2.488156e-002
3.884096e+003;2.500860e-002
3.884578e+003;2.517592e-002
3.885060e+003;2.534304e-002
3.885542e+003;2.546564e-002
3.886024e+003;2.551180e-002
3.886506e+003;2.547143e-002
3.886989e+003;2.535797e-002
3.887471e+003;2.520447e-002
3.887953e+003;2.505200e-002
3.888435e+003;2.493769e-002
3.888917e+003;2.488546e-002
3.889399e+003;2.489993e-002
3.889881e+003;2.496933e-002
3.890364e+003;2.507028e-002
3.890846e+003;2.517454e-002
3.891328e+003;2.525932e-002
3.891810e+003;2.530787e-002
3.892292e+003;2.531637e-002
3.892774e+003;2.528796e-002
3.893256e+003;2.523191e-002
3.893739e+003;2.515869e-002
3.894221e+003;2.507851e-002
3.894703e+003;2.500015e-002
3.895185e+003;2.492779e-002
3.895667e+003;2.486617e-002
3.896149e+003;2.481842e-002
3.896631e+003;2.478716e-002
3.897114e+003;2.477399e-002
3.897595e+003;2.478059e-002
3.898078e+003;2.480462e-002
3.898560e+003;2.484230e-002
3.899042e+003;2.488509e-002
3.899524e+003;2.492659e-002
3.900006e+003;2.496036e-002
3.900488e+003;2.498456e-002
3.900970e+003;2.500116e-002
3.901453e+003;2.501737e-002
3.901935e+003;2.503962e-002
3.902417e+003;2.507040e-002
3.902899e+003;2.510880e-002
3.903381e+003;2.514656e-002
3.903863e+003;2.517185e-002
3.904345e+003;2.517640e-002
3.904828e+003;2.515496e-002
3.905310e+003;2.511118e-002
3.905792e+003;2.505504e-002
3.906274e+003;2.499785e-002
3.906756e+003;2.495009e-002
3.907238e+003;2.491730e-002
3.907720e+003;2.489844e-002
3.908203e+003;2.489007e-002
3.908685e+003;2.488710e-002
3.909167e+003;2.488583e-002
3.909649e+003;2.488824e-002
3.910131e+003;2.489460e-002
3.910613e+003;2.490714e-002
3.911095e+003;2.492454e-002
3.911578e+003;2.494208e-002
3.912060e+003;2.495318e-002
3.912542e+003;2.495218e-002
3.913024e+003;2.493749e-002
3.913506e+003;2.491569e-002
3.913988e+003;2.489231e-002
3.914470e+003;2.487761e-002
3.914952e+003;2.487870e-002
3.915435e+003;2.489585e-002
3.915917e+003;2.492709e-002
3.916399e+003;2.496492e-002
3.916881e+003;2.500343e-002
3.917363e+003;2.503759e-002
3.917845e+003;2.506517e-002
3.918327e+003;2.508552e-002
3.918810e+003;2.509875e-002
3.919292e+003;2.510461e-002
3.919774e+003;2.510335e-002
3.920256e+003;2.509563e-002
3.920738e+003;2.508447e-002
3.921220e+003;2.507727e-002
3.921702e+003;2.508049e-002
3.922185e+003;2.509927e-002
3.922667e+003;2.513414e-002
3.923149e+003;2.518050e-002
3.923631e+003;2.522885e-002
3.924113e+003;2.526851e-002
3.924595e+003;2.529075e-002
3.925077e+003;2.529425e-002
3.925560e+003;2.528231e-002
3.926042e+003;2.526231e-002
3.926524e+003;2.524310e-002
3.927006e+003;2.523127e-002
3.927488e+003;2.522829e-002
3.927970e+003;2.523179e-002
3.928452e+003;2.523766e-002
3.928935e+003;2.524247e-002
3.929417e+003;2.524385e-002
3.929899e+003;2.524272e-002
3.930381e+003;2.524225e-002
3.930863e+003;2.524495e-002
3.931345e+003;2.525162e-002
3.931827e+003;2.526133e-002
3.932309e+003;2.527394e-002
3.932792e+003;2.528709e-002
3.933274e+003;2.529932e-002
3.933756e+003;2.530983e-002
3.934238e+003;2.531690e-002
3.934720e+003;2.531961e-002
3.935202e+003;2.531464e-002
3.935684e+003;2.529934e-002
3.936167e+003;2.527279e-002
3.936649e+003;2.523604e-002
3.937131e+003;2.519200e-002
3.937613e+003;2.514636e-002
3.938095e+003;2.510482e-002
3.938577e+003;2.507478e-002
3.939059e+003;2.506196e-002
3.939542e+003;2.507032e-002
3.940024e+003;2.510214e-002
3.940506e+003;2.515953e-002
3.940988e+003;2.523868e-002
3.941470e+003;2.533388e-002
3.941952e+003;2.543587e-002
3.942434e+003;2.553166e-002
3.942917e+003;2.560706e-002
3.943399e+003;2.565051e-002
3.943881e+003;2.565510e-002
3.944363e+003;2.562282e-002
3.944845e+003;2.555961e-002
3.945327e+003;2.547874e-002
3.945809e+003;2.539388e-002
3.946292e+003;2.531749e-002
3.946773e+003;2.525609e-002
3.947256e+003;2.521245e-002
3.947738e+003;2.518487e-002
3.948220e+003;2.516936e-002
3.948702e+003;2.516234e-002
3.949184e+003;2.516063e-002
3.949666e+003;2.516424e-002
3.950148e+003;2.517315e-002
3.950631e+003;2.518738e-002
3.951113e+003;2.520374e-002
3.951595e+003;2.522050e-002
3.952077e+003;2.523541e-002
3.952559e+003;2.524580e-002
3.953041e+003;2.525060e-002
3.953523e+003;2.525169e-002
3.954006e+003;2.525331e-002
3.954488e+003;2.525732e-002
3.954970e+003;2.526572e-002
3.955452e+003;2.527890e-002
3.955934e+003;2.529356e-002
3.956416e+003;2.530476e-002
3.956898e+003;2.530691e-002
3.957381e+003;2.529615e-002
3.957863e+003;2.527355e-002
3.958345e+003;2.524255e-002
3.958827e+003;2.520889e-002
3.959309e+003;2.518201e-002
3.959791e+003;2.516817e-002
3.960273e+003;2.516950e-002
3.960755e+003;2.518348e-002
3.961238e+003;2.520560e-002
3.961720e+003;2.522784e-002
3.962202e+003;2.524490e-002
3.962684e+003;2.525450e-002
3.963166e+003;2.525784e-002
3.963648e+003;2.526038e-002
3.964130e+003;2.526505e-002
3.964613e+003;2.527519e-002
3.965095e+003;2.529013e-002
3.965577e+003;2.530521e-002
3.966059e+003;2.531709e-002
3.966541e+003;2.532230e-002
3.967023e+003;2.532217e-002
3.967505e+003;2.531885e-002
3.967988e+003;2.531766e-002
3.968470e+003;2.532153e-002
3.968952e+003;2.533115e-002
3.969434e+003;2.534571e-002
3.969916e+003;2.536146e-002
3.970398e+003;2.537483e-002
3.970880e+003;2.538485e-002
3.971363e+003;2.539060e-002
3.971845e+003;2.539435e-002
3.972327e+003;2.539663e-002
3.972809e+003;2.539624e-002
3.973291e+003;2.539064e-002
3.973773e+003;2.537608e-002
3.974255e+003;2.535003e-002
3.974738e+003;2.531542e-002
3.975219e+003;2.527852e-002
3.975702e+003;2.524777e-002
3.976184e+003;2.523078e-002
3.976666e+003;2.523250e-002
3.977148e+003;2.525214e-002
3.977630e+003;2.528289e-002
3.978112e+003;2.531538e-002
3.978594e+003;2.534239e-002
3.979077e+003;2.535710e-002
3.979559e+003;2.535991e-002
3.980041e+003;2.535281e-002
3.980523e+003;2.534223e-002
3.981005e+003;2.533151e-002
3.981487e+003;2.532427e-002
3.981969e+003;2.532064e-002
3.982452e+003;2.532009e-002
3.982934e+003;2.532128e-002
3.983416e+003;2.532261e-002
3.983898e+003;2.532420e-002
3.984380e+003;2.532552e-002
3.984862e+003;2.532577e-002
3.985344e+003;2.532442e-002
3.985827e+003;2.532172e-002
3.986309e+003;2.531821e-002
3.986791e+003;2.531592e-002
3.987273e+003;2.531683e-002
3.987755e+003;2.532150e-002
3.988237e+003;2.532993e-002
3.988719e+003;2.533835e-002
3.989202e+003;2.534075e-002
3.989684e+003;2.533066e-002
3.990166e+003;2.530595e-002
3.990648e+003;2.526634e-002
3.991130e+003;2.521720e-002
3.991612e+003;2.516751e-002
3.992094e+003;2.512626e-002
3.992576e+003;2.509977e-002
3.993059e+003;2.509139e-002
3.993541e+003;2.509911e-002
3.994023e+003;2.511933e-002
3.994505e+003;2.514560e-002
3.994987e+003;2.517186e-002
3.995469e+003;2.519478e-002
3.995951e+003;2.521112e-002
3.996434e+003;2.521806e-002
3.996916e+003;2.521506e-002
3.997398e+003;2.519875e-002
3.997880e+003;2.517141e-002
3.998362e+003;2.513331e-002
3.998844e+003;2.508930e-002
3.999326e+003;2.504580e-002
3.999809e+003;2.500929e-002
4.000291e+003;0.000000e+000
