4.001737e+002;2.119408e-001
4.006559e+002;2.146519e-001
4.011380e+002;2.173481e-001
4.016201e+002;2.194246e-001
4.021023e+002;2.202469e-001
4.025844e+002;2.194847e-001
4.030666e+002;2.173883e-001
4.035487e+002;2.146806e-001
4.040308e+002;2.122297e-001
4.045130e+002;2.106653e-001
4.049951e+002;2.102094e-001
4.054772e+002;2.106981e-001
4.059594e+002;2.117534e-001
4.064415e+002;2.130130e-001
4.069236e+002;2.143231e-001
4.074058e+002;2.157378e-001
4.078879e+002;2.173915e-001
4.083701e+002;2.193130e-001
4.088522e+002;2.213179e-001
4.093344e+002;2.230387e-001
4.098165e+002;2.241155e-001
4.102986e+002;2.244113e-001
4.107808e+002;2.241393e-001
4.112629e+002;2.237854e-001
4.117450e+002;2.238734e-001
4.122272e+002;2.247130e-001
4.127093e+002;2.262689e-001
4.131914e+002;2.281666e-001
4.136736e+002;2.298658e-001
4.141557e+002;2.308961e-001
4.146378e+002;2.310695e-001
4.151200e+002;2.305187e-001
4.156021e+002;2.295732e-001
4.160843e+002;2.285577e-001
4.165664e+002;2.276567e-001
4.170485e+002;2.268708e-001
4.175307e+002;2.261063e-001
4.180128e+002;2.252854e-001
4.184949e+002;2.244322e-001
4.189771e+002;2.236730e-001
4.194592e+002;2.231498e-001
4.199413e+002;2.229214e-001
4.204235e+002;2.229182e-001
4.209056e+002;2.229660e-001
4.213878e+002;2.228837e-001
4.218699e+002;2.225824e-001
4.223521e+002;2.221201e-001
4.228342e+002;2.216662e-001
4.233163e+002;2.214007e-001
4.237985e+002;2.214192e-001
4.242806e+002;2.216801e-001
4.247627e+002;2.220326e-001
4.252449e+002;2.223097e-001
4.257270e+002;2.224263e-001
4.262091e+002;2.224399e-001
4.266913e+002;2.225212e-001
4.271734e+002;2.228637e-001
4.276555e+002;2.235764e-001
4.281377e+002;2.246235e-001
4.286198e+002;2.258348e-001
4.291020e+002;2.269846e-001
4.295841e+002;2.279004e-001
4.300662e+002;2.285396e-001
4.305484e+002;2.289919e-001
4.310305e+002;2.294130e-001
4.315126e+002;2.299270e-001
4.319948e+002;2.305568e-001
4.324769e+002;2.312181e-001
4.329590e+002;2.317753e-001
4.334412e+002;2.321289e-001
4.339233e+002;2.322782e-001
4.344055e+002;2.323246e-001
4.348876e+002;2.324153e-001
4.353698e+002;2.326530e-001
4.358519e+002;2.330380e-001
4.363340e+002;2.334555e-001
4.368162e+002;2.337326e-001
4.372983e+002;2.337255e-001
4.377804e+002;2.333977e-001
4.382626e+002;2.328409e-001
4.387447e+002;2.322326e-001
4.392268e+002;2.317574e-001
4.397090e+002;2.315308e-001
4.401911e+002;2.315662e-001
4.406732e+002;2.317903e-001
4.411554e+002;2.320955e-001
4.416375e+002;2.324006e-001
4.421197e+002;2.326841e-001
4.426018e+002;2.329814e-001
4.430839e+002;2.333467e-001
4.435661e+002;2.338141e-001
4.440482e+002;2.343722e-001
4.445303e+002;2.349719e-001
4.450125e+002;2.355553e-001
4.454946e+002;2.360885e-001
4.459767e+002;2.365748e-001
4.464589e+002;2.370424e-001
4.469410e+002;2.375165e-001
4.474232e+002;2.379949e-001
4.479053e+002;2.384397e-001
4.483875e+002;2.387986e-001
4.488696e+002;2.390314e-001
4.493517e+002;2.391350e-001
4.498339e+002;2.391448e-001
4.503160e+002;2.391146e-001
4.507981e+002;2.390884e-001
4.512803e+002;2.390819e-001
4.517624e+002;2.390830e-001
4.522445e+002;2.390752e-001
4.527267e+002;2.390598e-001
4.532088e+002;2.390713e-001
4.536909e+002;2.391614e-001
4.541731e+002;2.393714e-001
4.546552e+002;2.397025e-001
4.551374e+002;2.401071e-001
4.556195e+002;2.405064e-001
4.561016e+002;2.408307e-001
4.565838e+002;2.410565e-001
4.570659e+002;2.412229e-001
4.575480e+002;2.414086e-001
4.580302e+002;2.416863e-001
4.585123e+002;2.420726e-001
4.589944e+002;2.425143e-001
4.594766e+002;2.429063e-001
4.599587e+002;2.431464e-001
4.604409e+002;2.431957e-001
4.609230e+002;2.431056e-001
4.614052e+002;2.429987e-001
4.618873e+002;2.430129e-001
4.623694e+002;2.432330e-001
4.628516e+002;2.436475e-001
4.633337e+002;2.441534e-001
4.638158e+002;2.446047e-001
4.642980e+002;2.448810e-001
4.647801e+002;2.449453e-001
4.652622e+002;2.448532e-001
4.657444e+002;2.447202e-001
4.662265e+002;2.446604e-001
4.667086e+002;2.447358e-001
4.671908e+002;2.449392e-001
4.676729e+002;2.452169e-001
4.681551e+002;2.455114e-001
4.686372e+002;2.458036e-001
4.691193e+002;2.461194e-001
4.696015e+002;2.465104e-001
4.700836e+002;2.470094e-001
4.705657e+002;2.476009e-001
4.710479e+002;2.482130e-001
4.715300e+002;2.487480e-001
4.720121e+002;2.491247e-001
4.724943e+002;2.493174e-001
4.729764e+002;2.493625e-001
4.734586e+002;2.493328e-001
4.739407e+002;2.492966e-001
4.744229e+002;2.492867e-001
4.749050e+002;2.492923e-001
4.753871e+002;2.492862e-001
4.758693e+002;2.492571e-001
4.763514e+002;2.492362e-001
4.768335e+002;2.492896e-001
4.773157e+002;2.494858e-001
4.777978e+002;2.498523e-001
4.782799e+002;2.503516e-001
4.787621e+002;2.508856e-001
4.792442e+002;2.513382e-001
4.797263e+002;2.516297e-001
4.802085e+002;2.517556e-001
4.806906e+002;2.517895e-001
4.811728e+002;2.518452e-001
4.816549e+002;2.520191e-001
4.821370e+002;2.523453e-001
4.826192e+002;2.527797e-001
4.831013e+002;2.532314e-001
4.835834e+002;2.536123e-001
4.840656e+002;2.538860e-001
4.845477e+002;2.540857e-001
4.850298e+002;2.542912e-001
4.855120e+002;2.545827e-001
4.859941e+002;2.549938e-001
4.864763e+002;2.554909e-001
4.869584e+002;2.559907e-001
4.874405e+002;2.564015e-001
4.879227e+002;2.566732e-001
4.884048e+002;2.568214e-001
4.888869e+002;2.569189e-001
4.893691e+002;2.570591e-001
4.898512e+002;2.573127e-001
4.903333e+002;2.576972e-001
4.908155e+002;2.581787e-001
4.912976e+002;2.586920e-001
4.917798e+002;2.591767e-001
4.922619e+002;2.595995e-001
4.927440e+002;2.599580e-001
4.932262e+002;2.602672e-001
4.937083e+002;2.605419e-001
4.941905e+002;2.607844e-001
4.946726e+002;2.609891e-001
4.951547e+002;2.611571e-001
4.956369e+002;2.613081e-001
4.961190e+002;2.614802e-001
4.966011e+002;2.617148e-001
4.970833e+002;2.620326e-001
4.975654e+002;2.624197e-001
4.980475e+002;2.628267e-001
4.985297e+002;2.631913e-001
4.990118e+002;2.634656e-001
4.994940e+002;2.636407e-001
4.999761e+002;2.637465e-001
5.004582e+002;2.638314e-001
5.009404e+002;2.639328e-001
5.014225e+002;2.640537e-001
5.019046e+002;2.641598e-001
5.023868e+002;2.642007e-001
5.028689e+002;2.641433e-001
5.033510e+002;2.639987e-001
5.038332e+002;2.638252e-001
5.043153e+002;2.637086e-001
5.047975e+002;2.637243e-001
5.052796e+002;2.639073e-001
5.057617e+002;2.642372e-001
5.062439e+002;2.646523e-001
5.067260e+002;2.650767e-001
5.072082e+002;2.654541e-001
5.076903e+002;2.657638e-001
5.081724e+002;2.660176e-001
5.086546e+002;2.662386e-001
5.091367e+002;2.664419e-001
5.096188e+002;2.666227e-001
5.101010e+002;2.667655e-001
5.105831e+002;2.668607e-001
5.110652e+002;2.669225e-001
5.115474e+002;2.669896e-001
5.120295e+002;2.671117e-001
5.125117e+002;2.673248e-001
5.129938e+002;2.676308e-001
5.134760e+002;2.679936e-001
5.139581e+002;2.683534e-001
5.144402e+002;2.686547e-001
5.149224e+002;2.688718e-001
5.154045e+002;2.690177e-001
5.158866e+002;2.691318e-001
5.163688e+002;2.692564e-001
5.168509e+002;2.694130e-001
5.173330e+002;2.695902e-001
5.178152e+002;2.697557e-001
5.182973e+002;2.698769e-001
5.187794e+002;2.699444e-001
5.192616e+002;2.699820e-001
5.197437e+002;2.700362e-001
5.202258e+002;2.701544e-001
5.207080e+002;2.703614e-001
5.211901e+002;2.706459e-001
5.216722e+002;2.709668e-001
5.221544e+002;2.712705e-001
5.226365e+002;2.715142e-001
5.231187e+002;2.716786e-001
5.236008e+002;2.717700e-001
5.240829e+002;2.718098e-001
5.245651e+002;2.718202e-001
5.250472e+002;2.718178e-001
5.255294e+002;2.718149e-001
5.260115e+002;2.718261e-001
5.264937e+002;2.718750e-001
5.269758e+002;2.719891e-001
5.274579e+002;2.721914e-001
5.279401e+002;2.724843e-001
5.284222e+002;2.728405e-001
5.289043e+002;2.732084e-001
5.293865e+002;2.735279e-001
5.298686e+002;2.737522e-001
5.303507e+002;2.738687e-001
5.308329e+002;2.739012e-001
5.313150e+002;2.738963e-001
5.317971e+002;2.739049e-001
5.322793e+002;2.739587e-001
5.327614e+002;2.740623e-001
5.332435e+002;2.741978e-001
5.337257e+002;2.743396e-001
5.342078e+002;2.744699e-001
5.346899e+002;2.745861e-001
5.351721e+002;2.746967e-001
5.356542e+002;2.748106e-001
5.361364e+002;2.749280e-001
5.366185e+002;2.750376e-001
5.371006e+002;2.751253e-001
5.375828e+002;2.751848e-001
5.380649e+002;2.752289e-001
5.385471e+002;2.752858e-001
5.390292e+002;2.753876e-001
5.395114e+002;2.755530e-001
5.399935e+002;2.757760e-001
5.404756e+002;2.760236e-001
5.409578e+002;2.762513e-001
5.414399e+002;2.764224e-001
5.419220e+002;2.765242e-001
5.424042e+002;2.765747e-001
5.428863e+002;2.766112e-001
5.433684e+002;2.766735e-001
5.438506e+002;2.767847e-001
5.443327e+002;2.769442e-001
5.448148e+002;2.771332e-001
5.452970e+002;2.773270e-001
5.457791e+002;2.775110e-001
5.462612e+002;2.776848e-001
5.467434e+002;2.778588e-001
5.472255e+002;2.780420e-001
5.477076e+002;2.782309e-001
5.481898e+002;2.784068e-001
5.486719e+002;2.785420e-001
5.491541e+002;2.786151e-001
5.496362e+002;2.786213e-001
5.501183e+002;2.785776e-001
5.506005e+002;2.785144e-001
5.510826e+002;2.784611e-001
5.515648e+002;2.784350e-001
5.520469e+002;2.784339e-001
5.525291e+002;2.784432e-001
5.530112e+002;2.784466e-001
5.534933e+002;2.784383e-001
5.539755e+002;2.784257e-001
5.544576e+002;2.784233e-001
5.549397e+002;2.784430e-001
5.554219e+002;2.784837e-001
5.559040e+002;2.785274e-001
5.563861e+002;2.785506e-001
5.568683e+002;2.785345e-001
5.573504e+002;2.784763e-001
5.578325e+002;2.783925e-001
5.583147e+002;2.783114e-001
5.587968e+002;2.782595e-001
5.592789e+002;2.782502e-001
5.597611e+002;2.782802e-001
5.602432e+002;2.783338e-001
5.607253e+002;2.783957e-001
5.612075e+002;2.784607e-001
5.616896e+002;2.785358e-001
5.621718e+002;2.786341e-001
5.626539e+002;2.787632e-001
5.631360e+002;2.789163e-001
5.636182e+002;2.790699e-001
5.641003e+002;2.791932e-001
5.645825e+002;2.792628e-001
5.650646e+002;2.792739e-001
5.655468e+002;2.792450e-001
5.660289e+002;2.792083e-001
5.665110e+002;2.791954e-001
5.669932e+002;2.792229e-001
5.674753e+002;2.792855e-001
5.679574e+002;2.793600e-001
5.684396e+002;2.794185e-001
5.689217e+002;2.794430e-001
5.694038e+002;2.794325e-001
5.698860e+002;2.794020e-001
5.703681e+002;2.793739e-001
5.708502e+002;2.793653e-001
5.713324e+002;2.793810e-001
5.718145e+002;2.794133e-001
5.722966e+002;2.794480e-001
5.727788e+002;2.794714e-001
5.732609e+002;2.794763e-001
5.737430e+002;2.794618e-001
5.742252e+002;2.794285e-001
5.747073e+002;2.793761e-001
5.751895e+002;2.793017e-001
5.756716e+002;2.792047e-001
5.761537e+002;2.790912e-001
5.766359e+002;2.789777e-001
5.771180e+002;2.788875e-001
5.776002e+002;2.788417e-001
5.780823e+002;2.788505e-001
5.785645e+002;2.789062e-001
5.790466e+002;2.789851e-001
5.795287e+002;2.790584e-001
5.800109e+002;2.791021e-001
5.804930e+002;2.791086e-001
5.809751e+002;2.790853e-001
5.814573e+002;2.790483e-001
5.819394e+002;2.790090e-001
5.824215e+002;2.789662e-001
5.829037e+002;2.789054e-001
5.833858e+002;2.788046e-001
5.838679e+002;2.786498e-001
5.843501e+002;2.784445e-001
5.848322e+002;2.782106e-001
5.853143e+002;2.779837e-001
5.857965e+002;2.777975e-001
5.862786e+002;2.776728e-001
5.867607e+002;2.776093e-001
5.872429e+002;2.775916e-001
5.877250e+002;2.775961e-001
5.882072e+002;2.776040e-001
5.886893e+002;2.776073e-001
5.891714e+002;2.776062e-001
5.896536e+002;2.776055e-001
5.901357e+002;2.776065e-001
5.906179e+002;2.776038e-001
5.911000e+002;2.775894e-001
5.915822e+002;2.775577e-001
5.920643e+002;2.775121e-001
5.925464e+002;2.774631e-001
5.930286e+002;2.774255e-001
5.935107e+002;2.774085e-001
5.939928e+002;2.774095e-001
5.944750e+002;2.774148e-001
5.949571e+002;2.774047e-001
5.954392e+002;2.773636e-001
5.959214e+002;2.772880e-001
5.964035e+002;2.771872e-001
5.968856e+002;2.770770e-001
5.973678e+002;2.769700e-001
5.978499e+002;2.768688e-001
5.983320e+002;2.767628e-001
5.988142e+002;2.766357e-001
5.992963e+002;2.764758e-001
5.997784e+002;2.762849e-001
6.002606e+002;2.760802e-001
6.007427e+002;2.758876e-001
6.012249e+002;2.757314e-001
6.017070e+002;2.756222e-001
6.021891e+002;2.755533e-001
6.026713e+002;2.755051e-001
6.031534e+002;2.754539e-001
6.036356e+002;2.753846e-001
6.041177e+002;2.752953e-001
6.045999e+002;2.751956e-001
6.050820e+002;2.750999e-001
6.055641e+002;2.750180e-001
6.060463e+002;2.749507e-001
6.065284e+002;2.748909e-001
6.070105e+002;2.748302e-001
6.074927e+002;2.747656e-001
6.079748e+002;2.747030e-001
6.084569e+002;2.746536e-001
6.089391e+002;2.746264e-001
6.094212e+002;2.746214e-001
6.099033e+002;2.746256e-001
6.103855e+002;2.746170e-001
6.108676e+002;2.745720e-001
6.113497e+002;2.744771e-001
6.118319e+002;2.743325e-001
6.123140e+002;2.741513e-001
6.127961e+002;2.739539e-001
6.132783e+002;2.737591e-001
6.137604e+002;2.735767e-001
6.142426e+002;2.734092e-001
6.147247e+002;2.732538e-001
6.152068e+002;2.731092e-001
6.156890e+002;2.729787e-001
6.161711e+002;2.728695e-001
6.166533e+002;2.727884e-001
6.171354e+002;2.727364e-001
6.176176e+002;2.727058e-001
6.180997e+002;2.726810e-001
6.185818e+002;2.726446e-001
6.190640e+002;2.725834e-001
6.195461e+002;2.724912e-001
6.200282e+002;2.723712e-001
6.205104e+002;2.722303e-001
6.209925e+002;2.720768e-001
6.214746e+002;2.719156e-001
6.219568e+002;2.717493e-001
6.224389e+002;2.715798e-001
6.229210e+002;2.714105e-001
6.234032e+002;2.712483e-001
6.238853e+002;2.710996e-001
6.243674e+002;2.709684e-001
6.248496e+002;2.708532e-001
6.253317e+002;2.707466e-001
6.258138e+002;2.706386e-001
6.262960e+002;2.705207e-001
6.267781e+002;2.703907e-001
6.272603e+002;2.702519e-001
6.277424e+002;2.701112e-001
6.282245e+002;2.699744e-001
6.287067e+002;2.698428e-001
6.291888e+002;2.697131e-001
6.296710e+002;2.695792e-001
6.301531e+002;2.694379e-001
6.306353e+002;2.692909e-001
6.311174e+002;2.691459e-001
6.315995e+002;2.690124e-001
6.320817e+002;2.688968e-001
6.325638e+002;2.687996e-001
6.330459e+002;2.687145e-001
6.335281e+002;2.686318e-001
6.340102e+002;2.685439e-001
6.344923e+002;2.684481e-001
6.349745e+002;2.683476e-001
6.354566e+002;2.682478e-001
6.359387e+002;2.681517e-001
6.364209e+002;2.680559e-001
6.369030e+002;2.679514e-001
6.373851e+002;2.678275e-001
6.378673e+002;2.676766e-001
6.383494e+002;2.674998e-001
6.388315e+002;2.673057e-001
6.393137e+002;2.671077e-001
6.397958e+002;2.669168e-001
6.402780e+002;2.667387e-001
6.407601e+002;2.665714e-001
6.412422e+002;2.664081e-001
6.417244e+002;2.662432e-001
6.422065e+002;2.660756e-001
6.426887e+002;2.659095e-001
6.431708e+002;2.657522e-001
6.436530e+002;2.656084e-001
6.441351e+002;2.654772e-001
6.446172e+002;2.653502e-001
6.450994e+002;2.652159e-001
6.455815e+002;2.650641e-001
6.460636e+002;2.648910e-001
6.465458e+002;2.647002e-001
6.470279e+002;2.644993e-001
6.475100e+002;2.642971e-001
6.479922e+002;2.640978e-001
6.484743e+002;2.639004e-001
6.489564e+002;2.637015e-001
6.494386e+002;2.634978e-001
6.499207e+002;2.632914e-001
6.504028e+002;2.630872e-001
6.508850e+002;2.628929e-001
6.513671e+002;2.627130e-001
6.518492e+002;2.625457e-001
6.523314e+002;2.623835e-001
6.528135e+002;2.622160e-001
6.532957e+002;2.620350e-001
6.537778e+002;2.618391e-001
6.542599e+002;2.616340e-001
6.547421e+002;2.614298e-001
6.552242e+002;2.612368e-001
6.557064e+002;2.610606e-001
6.561885e+002;2.608998e-001
6.566707e+002;2.607486e-001
6.571527e+002;2.606006e-001
6.576349e+002;2.604513e-001
6.581171e+002;2.603001e-001
6.585991e+002;2.601482e-001
6.590813e+002;2.599963e-001
6.595635e+002;2.598416e-001
6.600455e+002;2.596778e-001
6.605277e+002;2.594987e-001
6.610099e+002;2.592995e-001
6.614919e+002;2.590818e-001
6.619741e+002;2.588522e-001
6.624563e+002;2.586190e-001
6.629384e+002;2.583893e-001
6.634205e+002;2.581653e-001
6.639027e+002;2.579442e-001
6.643848e+002;2.577205e-001
6.648669e+002;2.574909e-001
6.653491e+002;2.572562e-001
6.658312e+002;2.570217e-001
6.663134e+002;2.567957e-001
6.667955e+002;2.565836e-001
6.672776e+002;2.563874e-001
6.677598e+002;2.562030e-001
6.682419e+002;2.560241e-001
6.687240e+002;2.558442e-001
6.692062e+002;2.556608e-001
6.696884e+002;2.554751e-001
6.701704e+002;2.552890e-001
6.706526e+002;2.551031e-001
6.711348e+002;2.549149e-001
6.716168e+002;2.547183e-001
6.720990e+002;2.545085e-001
6.725812e+002;2.542840e-001
6.730632e+002;2.540498e-001
6.735454e+002;2.538150e-001
6.740276e+002;2.535892e-001
6.745096e+002;2.533771e-001
6.749918e+002;2.531766e-001
6.754740e+002;2.529779e-001
6.759561e+002;2.527680e-001
6.764382e+002;2.525372e-001
6.769204e+002;2.522827e-001
6.774025e+002;2.520093e-001
6.778846e+002;2.517275e-001
6.783668e+002;2.514476e-001
6.788489e+002;2.511767e-001
6.793311e+002;2.509153e-001
6.798132e+002;2.506605e-001
6.802953e+002;2.504090e-001
6.807775e+002;2.501592e-001
6.812596e+002;2.499138e-001
6.817417e+002;2.496775e-001
6.822239e+002;2.494538e-001
6.827061e+002;2.492430e-001
6.831881e+002;2.490404e-001
6.836703e+002;2.488392e-001
6.841525e+002;2.486317e-001
6.846345e+002;2.484132e-001
6.851167e+002;2.481826e-001
6.855989e+002;2.479407e-001
6.860809e+002;2.476892e-001
6.865631e+002;2.474288e-001
6.870453e+002;2.471597e-001
6.875273e+002;2.468829e-001
6.880095e+002;2.466032e-001
6.884917e+002;2.463280e-001
6.889738e+002;2.460658e-001
6.894559e+002;2.458228e-001
6.899381e+002;2.455979e-001
6.904202e+002;2.453829e-001
6.909023e+002;2.451637e-001
6.913845e+002;2.449260e-001
6.918666e+002;2.446609e-001
6.923488e+002;2.443693e-001
6.928309e+002;2.440614e-001
6.933130e+002;2.437522e-001
6.937952e+002;2.434569e-001
6.942773e+002;2.431837e-001
6.947594e+002;2.429317e-001
6.952416e+002;2.426935e-001
6.957238e+002;2.424573e-001
6.962058e+002;2.422129e-001
6.966880e+002;2.419544e-001
6.971702e+002;2.416812e-001
6.976522e+002;2.413962e-001
6.981344e+002;2.411039e-001
6.986166e+002;2.408090e-001
6.990986e+002;2.405147e-001
6.995808e+002;2.402241e-001
7.000630e+002;2.399399e-001
7.005450e+002;2.396628e-001
7.010272e+002;2.393924e-001
7.015094e+002;2.391242e-001
7.019915e+002;2.388527e-001
7.024736e+002;2.385711e-001
7.029558e+002;2.382772e-001
7.034379e+002;2.379733e-001
7.039200e+002;2.376674e-001
7.044022e+002;2.373705e-001
7.048843e+002;2.370913e-001
7.053665e+002;2.368328e-001
7.058486e+002;2.365898e-001
7.063307e+002;2.363514e-001
7.068129e+002;2.361047e-001
7.072950e+002;2.358406e-001
7.077771e+002;2.355574e-001
7.082593e+002;2.352592e-001
7.087415e+002;2.349548e-001
7.092235e+002;2.346515e-001
7.097057e+002;2.343521e-001
7.101879e+002;2.340539e-001
7.106699e+002;2.337522e-001
7.111521e+002;2.334432e-001
7.116343e+002;2.331267e-001
7.121163e+002;2.328073e-001
7.125985e+002;2.324926e-001
7.130807e+002;2.321887e-001
7.135627e+002;2.318985e-001
7.140449e+002;2.316206e-001
7.145271e+002;2.313503e-001
7.150092e+002;2.310830e-001
7.154913e+002;2.308160e-001
7.159735e+002;2.305494e-001
7.164556e+002;2.302837e-001
7.169377e+002;2.300183e-001
7.174199e+002;2.297495e-001
7.179020e+002;2.294706e-001
7.183842e+002;2.291759e-001
7.188663e+002;2.288615e-001
7.193484e+002;2.285295e-001
7.198306e+002;2.281864e-001
7.203127e+002;2.278397e-001
7.207948e+002;2.274949e-001
7.212770e+002;2.271536e-001
7.217592e+002;2.268122e-001
7.222412e+002;2.264656e-001
7.227234e+002;2.261107e-001
7.232056e+002;2.257493e-001
7.236876e+002;2.253874e-001
7.241698e+002;2.250338e-001
7.246520e+002;2.246953e-001
7.251340e+002;2.243740e-001
7.256162e+002;2.240663e-001
7.260984e+002;2.237652e-001
7.265804e+002;2.234637e-001
7.270626e+002;2.231577e-001
7.275448e+002;2.228484e-001
7.280269e+002;2.225389e-001
7.285090e+002;2.222333e-001
7.289912e+002;2.219332e-001
7.294733e+002;2.216359e-001
7.299554e+002;2.213369e-001
7.304376e+002;2.210306e-001
7.309197e+002;2.207142e-001
7.314019e+002;2.203875e-001
7.318840e+002;2.200526e-001
7.323661e+002;2.197122e-001
7.328483e+002;2.193675e-001
7.333304e+002;2.190190e-001
7.338125e+002;2.186659e-001
7.342947e+002;2.183096e-001
7.347769e+002;2.179536e-001
7.352589e+002;2.176035e-001
7.357411e+002;2.172646e-001
7.362233e+002;2.169393e-001
7.367053e+002;2.166260e-001
7.371875e+002;2.163188e-001
7.376697e+002;2.160105e-001
7.381517e+002;2.156955e-001
7.386339e+002;2.153716e-001
7.391161e+002;2.150411e-001
7.395981e+002;2.147078e-001
7.400803e+002;2.143752e-001
7.405625e+002;2.140437e-001
7.410446e+002;2.137099e-001
7.415267e+002;2.133704e-001
7.420089e+002;2.130223e-001
7.424910e+002;2.126667e-001
7.429731e+002;2.123086e-001
7.434553e+002;2.119537e-001
7.439374e+002;2.116067e-001
7.444196e+002;2.112685e-001
7.449017e+002;2.109354e-001
7.453838e+002;2.106011e-001
7.458660e+002;2.102605e-001
7.463481e+002;2.099116e-001
7.468302e+002;2.095570e-001
7.473124e+002;2.092021e-001
7.477945e+002;2.088518e-001
7.482766e+002;2.085087e-001
7.487588e+002;2.081712e-001
7.492409e+002;2.078348e-001
7.497230e+002;2.074947e-001
7.502052e+002;2.071488e-001
7.506873e+002;2.067988e-001
7.511694e+002;2.064490e-001
7.516516e+002;2.061042e-001
7.521337e+002;2.057672e-001
7.526158e+002;2.054368e-001
7.530980e+002;2.051090e-001
7.535801e+002;2.047778e-001
7.540623e+002;2.044386e-001
7.545444e+002;2.040896e-001
7.550266e+002;2.037319e-001
7.555087e+002;2.033685e-001
7.559908e+002;2.030029e-001
7.564730e+002;2.026378e-001
7.569551e+002;2.022747e-001
7.574373e+002;2.019149e-001
7.579194e+002;2.015591e-001
7.584015e+002;2.012082e-001
7.588837e+002;2.008624e-001
7.593658e+002;2.005197e-001
7.598479e+002;2.001767e-001
7.603301e+002;1.998280e-001
7.608122e+002;1.994687e-001
7.612943e+002;1.990958e-001
7.617765e+002;1.987099e-001
7.622586e+002;1.983155e-001
7.627407e+002;1.979187e-001
7.632229e+002;1.975259e-001
7.637050e+002;1.971410e-001
7.641871e+002;1.967654e-001
7.646693e+002;1.963977e-001
7.651514e+002;1.960350e-001
7.656335e+002;1.956749e-001
7.661157e+002;1.953150e-001
7.665978e+002;1.949536e-001
7.670800e+002;1.945893e-001
7.675621e+002;1.942199e-001
7.680443e+002;1.938442e-001
7.685264e+002;1.934619e-001
7.690085e+002;1.930751e-001
7.694907e+002;1.926883e-001
7.699728e+002;1.923067e-001
7.704550e+002;1.919348e-001
7.709371e+002;1.915734e-001
7.714192e+002;1.912200e-001
7.719014e+002;1.908685e-001
7.723835e+002;1.905125e-001
7.728656e+002;1.901471e-001
7.733478e+002;1.897705e-001
7.738299e+002;1.893850e-001
7.743120e+002;1.889939e-001
7.747942e+002;1.886005e-001
7.752763e+002;1.882057e-001
7.757584e+002;1.878080e-001
7.762406e+002;1.874054e-001
7.767227e+002;1.869962e-001
7.772048e+002;1.865819e-001
7.776870e+002;1.861665e-001
7.781691e+002;1.857560e-001
7.786512e+002;1.853550e-001
7.791334e+002;1.849662e-001
7.796155e+002;1.845889e-001
7.800977e+002;1.842198e-001
7.805798e+002;1.838550e-001
7.810620e+002;1.834916e-001
7.815441e+002;1.831281e-001
7.820262e+002;1.827652e-001
7.825084e+002;1.824026e-001
7.829905e+002;1.820403e-001
7.834727e+002;1.816769e-001
7.839548e+002;1.813108e-001
7.844369e+002;1.809407e-001
7.849191e+002;1.805673e-001
7.854012e+002;1.801922e-001
7.858833e+002;1.798176e-001
7.863655e+002;1.794448e-001
7.868476e+002;1.790734e-001
7.873297e+002;1.787023e-001
7.878119e+002;1.783305e-001
7.882940e+002;1.779576e-001
7.887761e+002;1.775862e-001
7.892583e+002;1.772195e-001
7.897404e+002;1.768602e-001
7.902225e+002;1.765088e-001
7.907047e+002;1.761621e-001
7.911868e+002;1.758145e-001
7.916689e+002;1.754599e-001
7.921511e+002;1.750937e-001
7.926332e+002;1.747155e-001
7.931154e+002;1.743283e-001
7.935975e+002;1.739375e-001
7.940797e+002;1.735482e-001
7.945618e+002;1.731634e-001
7.950439e+002;1.727826e-001
7.955261e+002;1.724038e-001
7.960082e+002;1.720250e-001
7.964904e+002;1.716450e-001
7.969725e+002;1.712656e-001
7.974546e+002;1.708890e-001
7.979368e+002;1.705165e-001
7.984189e+002;1.701476e-001
7.989010e+002;1.697788e-001
7.993832e+002;1.694060e-001
7.998653e+002;1.690252e-001
8.003474e+002;1.686347e-001
8.008296e+002;1.682362e-001
8.013117e+002;1.678322e-001
8.017938e+002;1.674257e-001
8.022760e+002;1.670185e-001
8.027581e+002;1.666099e-001
8.032402e+002;1.661990e-001
8.037224e+002;1.657856e-001
8.042045e+002;1.653714e-001
8.046866e+002;1.649603e-001
8.051688e+002;1.645568e-001
8.056509e+002;1.641639e-001
8.061331e+002;1.637814e-001
8.066152e+002;1.634054e-001
8.070974e+002;1.630303e-001
8.075795e+002;1.626500e-001
8.080616e+002;1.622617e-001
8.085438e+002;1.618661e-001
8.090259e+002;1.614668e-001
8.095081e+002;1.610689e-001
8.099902e+002;1.606765e-001
8.104723e+002;1.602911e-001
8.109545e+002;1.599116e-001
8.114366e+002;1.595347e-001
8.119187e+002;1.591571e-001
8.124009e+002;1.587763e-001
8.128830e+002;1.583908e-001
8.133651e+002;1.580006e-001
8.138473e+002;1.576056e-001
8.143294e+002;1.572062e-001
8.148115e+002;1.568028e-001
8.152937e+002;1.563966e-001
8.157758e+002;1.559902e-001
8.162579e+002;1.555869e-001
8.167401e+002;1.551906e-001
8.172222e+002;1.548034e-001
8.177043e+002;1.544255e-001
8.181865e+002;1.540544e-001
8.186686e+002;1.536852e-001
8.191508e+002;1.533131e-001
8.196329e+002;1.529342e-001
8.201151e+002;1.525468e-001
8.205972e+002;1.521518e-001
8.210793e+002;1.517519e-001
8.215615e+002;1.513508e-001
8.220436e+002;1.509522e-001
8.225258e+002;1.505594e-001
8.230079e+002;1.501750e-001
8.234900e+002;1.498009e-001
8.239722e+002;1.494381e-001
8.244543e+002;1.490860e-001
8.249364e+002;1.487425e-001
8.254186e+002;1.484040e-001
8.259007e+002;1.480653e-001
8.263828e+002;1.477220e-001
8.268650e+002;1.473707e-001
8.273471e+002;1.470108e-001
8.278292e+002;1.466439e-001
8.283114e+002;1.462737e-001
8.287935e+002;1.459037e-001
8.292756e+002;1.455367e-001
8.297578e+002;1.451732e-001
8.302399e+002;1.448115e-001
8.307220e+002;1.444483e-001
8.312042e+002;1.440802e-001
8.316863e+002;1.437039e-001
8.321685e+002;1.433175e-001
8.326506e+002;1.429208e-001
8.331328e+002;1.425146e-001
8.336149e+002;1.421010e-001
8.340970e+002;1.416828e-001
8.345792e+002;1.412622e-001
8.350613e+002;1.408420e-001
8.355435e+002;1.404234e-001
8.360256e+002;1.400081e-001
8.365077e+002;1.395959e-001
8.369899e+002;1.391871e-001
8.374720e+002;1.387821e-001
8.379541e+002;1.383817e-001
8.384363e+002;1.379871e-001
8.389184e+002;1.375995e-001
8.394005e+002;1.372187e-001
8.398827e+002;1.368438e-001
8.403648e+002;1.364716e-001
8.408469e+002;1.360982e-001
8.413291e+002;1.357195e-001
8.418112e+002;1.353331e-001
8.422933e+002;1.349383e-001
8.427755e+002;1.345367e-001
8.432576e+002;1.341313e-001
8.437397e+002;1.337247e-001
8.442219e+002;1.333187e-001
8.447040e+002;1.329141e-001
8.451862e+002;1.325104e-001
8.456683e+002;1.321077e-001
8.461505e+002;1.317063e-001
8.466326e+002;1.313082e-001
8.471147e+002;1.309153e-001
8.475969e+002;1.305296e-001
8.480790e+002;1.301517e-001
8.485612e+002;1.297807e-001
8.490433e+002;1.294142e-001
8.495254e+002;1.290495e-001
8.500076e+002;1.286846e-001
8.504897e+002;1.283179e-001
8.509718e+002;1.279486e-001
8.514540e+002;1.275764e-001
8.519361e+002;1.272005e-001
8.524182e+002;1.268202e-001
8.529004e+002;1.264351e-001
8.533825e+002;1.260452e-001
8.538646e+002;1.256524e-001
8.543468e+002;1.252592e-001
8.548289e+002;1.248684e-001
8.553110e+002;1.244820e-001
8.557932e+002;1.240996e-001
8.562753e+002;1.237198e-001
8.567574e+002;1.233398e-001
8.572396e+002;1.229577e-001
8.577217e+002;1.225730e-001
8.582039e+002;1.221871e-001
8.586860e+002;1.218032e-001
8.591682e+002;1.214242e-001
8.596503e+002;1.210517e-001
8.601324e+002;1.206856e-001
8.606146e+002;1.203239e-001
8.610967e+002;1.199636e-001
8.615789e+002;1.196030e-001
8.620610e+002;1.192415e-001
8.625431e+002;1.188798e-001
8.630253e+002;1.185198e-001
8.635074e+002;1.181632e-001
8.639895e+002;1.178106e-001
8.644717e+002;1.174608e-001
8.649538e+002;1.171124e-001
8.654359e+002;1.167632e-001
8.659181e+002;1.164121e-001
8.664002e+002;1.160585e-001
8.668823e+002;1.157026e-001
8.673645e+002;1.153450e-001
8.678466e+002;1.149862e-001
8.683287e+002;1.146262e-001
8.688109e+002;1.142660e-001
8.692930e+002;1.139059e-001
8.697751e+002;1.135472e-001
8.702573e+002;1.131901e-001
8.707394e+002;1.128352e-001
8.712216e+002;1.124812e-001
8.717037e+002;1.121261e-001
8.721859e+002;1.117681e-001
8.726680e+002;1.114053e-001
8.731501e+002;1.110373e-001
8.736323e+002;1.106654e-001
8.741144e+002;1.102914e-001
8.745966e+002;1.099168e-001
8.750787e+002;1.095423e-001
8.755608e+002;1.091673e-001
8.760430e+002;1.087903e-001
8.765251e+002;1.084097e-001
8.770072e+002;1.080254e-001
8.774894e+002;1.076387e-001
8.779715e+002;1.072524e-001
8.784536e+002;1.068700e-001
8.789358e+002;1.064940e-001
8.794179e+002;1.061256e-001
8.799000e+002;1.057643e-001
8.803822e+002;1.054084e-001
8.808643e+002;1.050561e-001
8.813464e+002;1.047063e-001
8.818286e+002;1.043590e-001
8.823107e+002;1.040151e-001
8.827928e+002;1.036752e-001
8.832750e+002;1.033397e-001
8.837571e+002;1.030078e-001
8.842393e+002;1.026781e-001
8.847214e+002;1.023482e-001
8.852036e+002;1.020163e-001
8.856857e+002;1.016811e-001
8.861678e+002;1.013420e-001
8.866500e+002;1.009996e-001
8.871321e+002;1.006548e-001
8.876143e+002;1.003093e-001
8.880964e+002;9.996605e-002
8.885785e+002;9.962749e-002
8.890607e+002;9.929651e-002
8.895428e+002;9.897522e-002
8.900249e+002;9.866447e-002
8.905071e+002;9.836327e-002
8.909892e+002;9.806953e-002
8.914713e+002;9.777966e-002
8.919535e+002;9.749053e-002
8.924356e+002;9.719934e-002
8.929177e+002;9.690508e-002
8.933999e+002;9.660765e-002
8.938820e+002;9.630805e-002
8.943641e+002;9.600763e-002
8.948463e+002;9.570809e-002
8.953284e+002;9.541070e-002
8.958105e+002;9.511670e-002
8.962927e+002;9.482726e-002
8.967748e+002;9.454320e-002
8.972570e+002;9.426498e-002
8.977391e+002;9.399209e-002
8.982213e+002;9.372331e-002
8.987034e+002;9.345696e-002
8.991855e+002;9.319129e-002
8.996677e+002;9.292573e-002
9.001498e+002;9.266074e-002
9.006320e+002;9.239785e-002
9.011141e+002;9.213885e-002
9.015962e+002;9.188457e-002
9.020784e+002;9.163452e-002
9.025605e+002;9.138652e-002
9.030426e+002;9.113768e-002
9.035248e+002;9.088539e-002
9.040069e+002;9.062853e-002
9.044890e+002;9.036836e-002
9.049712e+002;9.010766e-002
9.054533e+002;8.985015e-002
9.059354e+002;8.959887e-002
9.064176e+002;8.935533e-002
9.068997e+002;8.911926e-002
9.073818e+002;8.888911e-002
9.078640e+002;8.866281e-002
9.083461e+002;8.843910e-002
9.088282e+002;8.821736e-002
9.093104e+002;8.799785e-002
9.097925e+002;8.778100e-002
9.102747e+002;8.756648e-002
9.107568e+002;8.735330e-002
9.112390e+002;8.713984e-002
9.117211e+002;8.692494e-002
9.122032e+002;8.670807e-002
9.126853e+002;8.649054e-002
9.131675e+002;8.627471e-002
9.136497e+002;8.606359e-002
9.141317e+002;8.586007e-002
9.146139e+002;8.566582e-002
9.150961e+002;8.548158e-002
9.155781e+002;8.530626e-002
9.160603e+002;8.513833e-002
9.165425e+002;8.497605e-002
9.170245e+002;8.481759e-002
9.175067e+002;8.466157e-002
9.179889e+002;8.450656e-002
9.184709e+002;8.435153e-002
9.189531e+002;8.419549e-002
9.194353e+002;8.403770e-002
9.199174e+002;8.387797e-002
9.203995e+002;8.371669e-002
9.208817e+002;8.355486e-002
9.213638e+002;8.339377e-002
9.218459e+002;8.323446e-002
9.223281e+002;8.307792e-002
9.228102e+002;8.292414e-002
9.232924e+002;8.277217e-002
9.237745e+002;8.262022e-002
9.242566e+002;8.246552e-002
9.247388e+002;8.230513e-002
9.252209e+002;8.213609e-002
9.257030e+002;8.195614e-002
9.261852e+002;8.176441e-002
9.266674e+002;8.156129e-002
9.271494e+002;8.134890e-002
9.276316e+002;8.113046e-002
9.281138e+002;8.090947e-002
9.285958e+002;8.068853e-002
9.290780e+002;8.046921e-002
9.295602e+002;8.025115e-002
9.300422e+002;8.003271e-002
9.305244e+002;7.981167e-002
9.310066e+002;7.958566e-002
9.314886e+002;7.935351e-002
9.319708e+002;7.911506e-002
9.324530e+002;7.887121e-002
9.329351e+002;7.862344e-002
9.334172e+002;7.837331e-002
9.338994e+002;7.812177e-002
9.343815e+002;7.786948e-002
9.348636e+002;7.761659e-002
9.353458e+002;7.736351e-002
9.358279e+002;7.711089e-002
9.363101e+002;7.686037e-002
9.367922e+002;7.661401e-002
9.372743e+002;7.637421e-002
9.377565e+002;7.614295e-002
9.382386e+002;7.592145e-002
9.387207e+002;7.570944e-002
9.392029e+002;7.550532e-002
9.396851e+002;7.530637e-002
9.401671e+002;7.510915e-002
9.406493e+002;7.491057e-002
9.411315e+002;7.470866e-002
9.416135e+002;7.450300e-002
9.420957e+002;7.429434e-002
9.425779e+002;7.408483e-002
9.430599e+002;7.387673e-002
9.435421e+002;7.367143e-002
9.440243e+002;7.346994e-002
9.445063e+002;7.327162e-002
9.449885e+002;7.307556e-002
9.454707e+002;7.288135e-002
9.459528e+002;7.268909e-002
9.464349e+002;7.249966e-002
9.469171e+002;7.231446e-002
9.473992e+002;7.213439e-002
9.478813e+002;7.195958e-002
9.483635e+002;7.178827e-002
9.488456e+002;7.161798e-002
9.493278e+002;7.144602e-002
9.498099e+002;7.127050e-002
9.502920e+002;7.109128e-002
9.507742e+002;7.090996e-002
9.512563e+002;7.072929e-002
9.517384e+002;7.055201e-002
9.522206e+002;7.037982e-002
9.527028e+002;7.021282e-002
9.531848e+002;7.004900e-002
9.536670e+002;6.988525e-002
9.541492e+002;6.971845e-002
9.546312e+002;6.954639e-002
9.551134e+002;6.936815e-002
9.555956e+002;6.918448e-002
9.560776e+002;6.899738e-002
9.565598e+002;6.880909e-002
9.570420e+002;6.862206e-002
9.575240e+002;6.843816e-002
9.580062e+002;6.825903e-002
9.584884e+002;6.808570e-002
9.589705e+002;6.791923e-002
9.594526e+002;6.776034e-002
9.599348e+002;6.760986e-002
9.604169e+002;6.746802e-002
9.608990e+002;6.733494e-002
9.613812e+002;6.721023e-002
9.618633e+002;6.709258e-002
9.623455e+002;6.698072e-002
9.628276e+002;6.687244e-002
9.633097e+002;6.676605e-002
9.637919e+002;6.666005e-002
9.642740e+002;6.655381e-002
9.647561e+002;6.644805e-002
9.652383e+002;6.634484e-002
9.657205e+002;6.624727e-002
9.662025e+002;6.615850e-002
9.666847e+002;6.608120e-002
9.671669e+002;6.601626e-002
9.676489e+002;6.596249e-002
9.681311e+002;6.591715e-002
9.686133e+002;6.587616e-002
9.690953e+002;6.583562e-002
9.695775e+002;6.579264e-002
9.700597e+002;6.574591e-002
9.705417e+002;6.569609e-002
9.710239e+002;6.564492e-002
9.715061e+002;6.559512e-002
9.719882e+002;6.554886e-002
9.724703e+002;6.550828e-002
9.729525e+002;6.547505e-002
9.734346e+002;6.545040e-002
9.739167e+002;6.543536e-002
9.743989e+002;6.543092e-002
9.748810e+002;6.543765e-002
9.753632e+002;6.545547e-002
9.758453e+002;6.548347e-002
9.763274e+002;6.552015e-002
9.768096e+002;6.556375e-002
9.772917e+002;6.561312e-002
9.777738e+002;6.566800e-002
9.782560e+002;6.572931e-002
9.787382e+002;6.579916e-002
9.792202e+002;6.588009e-002
9.797024e+002;6.597511e-002
9.801846e+002;6.608658e-002
9.806666e+002;6.621627e-002
9.811488e+002;6.636489e-002
9.816310e+002;6.653231e-002
9.821130e+002;6.671748e-002
9.825952e+002;6.691819e-002
9.830774e+002;6.713179e-002
9.835594e+002;6.735457e-002
9.840416e+002;6.758327e-002
9.845238e+002;6.781503e-002
9.850059e+002;6.804787e-002
9.854880e+002;6.828193e-002
9.859702e+002;6.851756e-002
9.864523e+002;6.875633e-002
9.869344e+002;6.899869e-002
9.874166e+002;6.924403e-002
9.878987e+002;6.948978e-002
9.883809e+002;6.973185e-002
9.888630e+002;6.996550e-002
9.893451e+002;7.018623e-002
9.898273e+002;7.039060e-002
9.903094e+002;7.057683e-002
9.907915e+002;7.074466e-002
9.912737e+002;7.089500e-002
9.917559e+002;7.102908e-002
9.922379e+002;7.114848e-002
9.927201e+002;7.125447e-002
9.932023e+002;7.134877e-002
9.936843e+002;7.143278e-002
9.941665e+002;7.150837e-002
9.946487e+002;7.157702e-002
9.951307e+002;7.163954e-002
9.956129e+002;7.169583e-002
9.960951e+002;7.174469e-002
9.965771e+002;7.178400e-002
9.970593e+002;7.181131e-002
9.975415e+002;7.182455e-002
9.980236e+002;7.182217e-002
9.985057e+002;7.180367e-002
9.989879e+002;7.176938e-002
9.994700e+002;7.171991e-002
9.999521e+002;7.165544e-002
1.000434e+003;7.157569e-002
1.000916e+003;7.147966e-002
1.001399e+003;7.136542e-002
1.001881e+003;7.123118e-002
1.002363e+003;7.107551e-002
1.002845e+003;7.089822e-002
1.003327e+003;7.070030e-002
1.003809e+003;7.048409e-002
1.004291e+003;7.025312e-002
1.004774e+003;7.001115e-002
1.005256e+003;6.976207e-002
1.005738e+003;6.950951e-002
1.006220e+003;6.925611e-002
1.006702e+003;6.900459e-002
1.007184e+003;6.875725e-002
1.007666e+003;6.851676e-002
1.008148e+003;6.828620e-002
1.008631e+003;6.806855e-002
1.009113e+003;6.786673e-002
1.009595e+003;6.768294e-002
1.010077e+003;6.751873e-002
1.010559e+003;6.737480e-002
1.011041e+003;6.725132e-002
1.011523e+003;6.714889e-002
1.012006e+003;6.706773e-002
1.012488e+003;6.700813e-002
1.012970e+003;6.696991e-002
1.013452e+003;6.695180e-002
1.013934e+003;6.695057e-002
1.014416e+003;6.696180e-002
1.014898e+003;6.697992e-002
1.015380e+003;6.699885e-002
1.015863e+003;6.701352e-002
1.016345e+003;6.702007e-002
1.016827e+003;6.701645e-002
1.017309e+003;6.700194e-002
1.017791e+003;6.697659e-002
1.018273e+003;6.694025e-002
1.018755e+003;6.689245e-002
1.019238e+003;6.683321e-002
1.019720e+003;6.676205e-002
1.020202e+003;6.667985e-002
1.020684e+003;6.658795e-002
1.021166e+003;6.648919e-002
1.021648e+003;6.638642e-002
1.022130e+003;6.628263e-002
1.022613e+003;6.618000e-002
1.023095e+003;6.608059e-002
1.023577e+003;6.598520e-002
1.024059e+003;6.589494e-002
1.024541e+003;6.581128e-002
1.025023e+003;6.573597e-002
1.025505e+003;6.567110e-002
1.025988e+003;6.561905e-002
1.026470e+003;6.558130e-002
1.026952e+003;6.555876e-002
1.027434e+003;6.555121e-002
1.027916e+003;6.555703e-002
1.028398e+003;6.557398e-002
1.028880e+003;6.559903e-002
1.029363e+003;6.562891e-002
1.029845e+003;6.566069e-002
1.030327e+003;6.569196e-002
1.030809e+003;6.572228e-002
1.031291e+003;6.575155e-002
1.031773e+003;6.578122e-002
1.032255e+003;6.581338e-002
1.032737e+003;6.584955e-002
1.033220e+003;6.589085e-002
1.033702e+003;6.593689e-002
1.034184e+003;6.598654e-002
1.034666e+003;6.603780e-002
1.035148e+003;6.608883e-002
1.035630e+003;6.613886e-002
1.036112e+003;6.618825e-002
1.036595e+003;6.623825e-002
1.037077e+003;6.629101e-002
1.037559e+003;6.634821e-002
1.038041e+003;6.641056e-002
1.038523e+003;6.647807e-002
1.039005e+003;6.654985e-002
1.039487e+003;6.662463e-002
1.039969e+003;6.670154e-002
1.040452e+003;6.678016e-002
1.040934e+003;6.686092e-002
1.041416e+003;6.694473e-002
1.041898e+003;6.703277e-002
1.042380e+003;6.712638e-002
1.042862e+003;6.722682e-002
1.043344e+003;6.733544e-002
1.043827e+003;6.745316e-002
1.044309e+003;6.758088e-002
1.044791e+003;6.771831e-002
1.045273e+003;6.786423e-002
1.045755e+003;6.801675e-002
1.046237e+003;6.817304e-002
1.046719e+003;6.833020e-002
1.047202e+003;6.848638e-002
1.047684e+003;6.864054e-002
1.048166e+003;6.879329e-002
1.048648e+003;6.894545e-002
1.049130e+003;6.909806e-002
1.049612e+003;6.925138e-002
1.050094e+003;6.940441e-002
1.050577e+003;6.955490e-002
1.051059e+003;6.970016e-002
1.051541e+003;6.983703e-002
1.052023e+003;6.996295e-002
1.052505e+003;7.007605e-002
1.052987e+003;7.017449e-002
1.053469e+003;7.025640e-002
1.053952e+003;7.031974e-002
1.054434e+003;7.036253e-002
1.054916e+003;7.038300e-002
1.055398e+003;7.038105e-002
1.055880e+003;7.035767e-002
1.056362e+003;7.031567e-002
1.056844e+003;7.025865e-002
1.057326e+003;7.019025e-002
1.057809e+003;7.011310e-002
1.058291e+003;7.002805e-002
1.058773e+003;6.993464e-002
1.059255e+003;6.983116e-002
1.059737e+003;6.971572e-002
1.060219e+003;6.958712e-002
1.060701e+003;6.944477e-002
1.061184e+003;6.928995e-002
1.061666e+003;6.912359e-002
1.062148e+003;6.894815e-002
1.062630e+003;6.876553e-002
1.063112e+003;6.857838e-002
1.063594e+003;6.838986e-002
1.064076e+003;6.820387e-002
1.064558e+003;6.802494e-002
1.065041e+003;6.785753e-002
1.065523e+003;6.770514e-002
1.066005e+003;6.756873e-002
1.066487e+003;6.744623e-002
1.066969e+003;6.733239e-002
1.067451e+003;6.721999e-002
1.067933e+003;6.710155e-002
1.068416e+003;6.697127e-002
1.068898e+003;6.682705e-002
1.069380e+003;6.667046e-002
1.069862e+003;6.650613e-002
1.070344e+003;6.634009e-002
1.070826e+003;6.617824e-002
1.071308e+003;6.602335e-002
1.071791e+003;6.587522e-002
1.072273e+003;6.573114e-002
1.072755e+003;6.558689e-002
1.073237e+003;6.543892e-002
1.073719e+003;6.528567e-002
1.074201e+003;6.512810e-002
1.074683e+003;6.496940e-002
1.075166e+003;6.481347e-002
1.075648e+003;6.466384e-002
1.076130e+003;6.452239e-002
1.076612e+003;6.438860e-002
1.077094e+003;6.426103e-002
1.077576e+003;6.413706e-002
1.078058e+003;6.401484e-002
1.078541e+003;6.389298e-002
1.079023e+003;6.377084e-002
1.079505e+003;6.364855e-002
1.079987e+003;6.352547e-002
1.080469e+003;6.340016e-002
1.080951e+003;6.327105e-002
1.081433e+003;6.313547e-002
1.081915e+003;6.299069e-002
1.082398e+003;6.283513e-002
1.082880e+003;6.266777e-002
1.083362e+003;6.248863e-002
1.083844e+003;6.229834e-002
1.084326e+003;6.209838e-002
1.084808e+003;6.189043e-002
1.085290e+003;6.167717e-002
1.085773e+003;6.146165e-002
1.086255e+003;6.124821e-002
1.086737e+003;6.104117e-002
1.087219e+003;6.084528e-002
1.087701e+003;6.066463e-002
1.088183e+003;6.050210e-002
1.088665e+003;6.035880e-002
1.089147e+003;6.023503e-002
1.089630e+003;6.012943e-002
1.090112e+003;6.004034e-002
1.090594e+003;5.996658e-002
1.091076e+003;5.990689e-002
1.091558e+003;5.986108e-002
1.092040e+003;5.982920e-002
1.092522e+003;5.981147e-002
1.093005e+003;5.980824e-002
1.093487e+003;5.981963e-002
1.093969e+003;5.984484e-002
1.094451e+003;5.988295e-002
1.094933e+003;5.993240e-002
1.095415e+003;5.999133e-002
1.095897e+003;6.005744e-002
1.096380e+003;6.012895e-002
1.096862e+003;6.020435e-002
1.097344e+003;6.028271e-002
1.097826e+003;6.036443e-002
1.098308e+003;6.045035e-002
1.098790e+003;6.054107e-002
1.099272e+003;6.063702e-002
1.099755e+003;6.073768e-002
1.100237e+003;6.084128e-002
1.100719e+003;6.094524e-002
1.101201e+003;6.104705e-002
1.101683e+003;6.114420e-002
1.102165e+003;6.123545e-002
1.102647e+003;6.132001e-002
1.103130e+003;6.139829e-002
1.103612e+003;6.147085e-002
1.104094e+003;6.153850e-002
1.104576e+003;6.160154e-002
1.105058e+003;6.166094e-002
1.105540e+003;6.171779e-002
1.106022e+003;6.177385e-002
1.106504e+003;6.183079e-002
1.106987e+003;6.189056e-002
1.107469e+003;6.195425e-002
1.107951e+003;6.202151e-002
1.108433e+003;6.209129e-002
1.108915e+003;6.216094e-002
1.109397e+003;6.222829e-002
1.109879e+003;6.229132e-002
1.110362e+003;6.234953e-002
1.110844e+003;6.240299e-002
1.111326e+003;6.245257e-002
1.111808e+003;6.249943e-002
1.112290e+003;6.254394e-002
1.112772e+003;6.258573e-002
1.113254e+003;6.262334e-002
1.113736e+003;6.265542e-002
1.114219e+003;6.268054e-002
1.114701e+003;6.269776e-002
1.115183e+003;6.270727e-002
1.115665e+003;6.271010e-002
1.116147e+003;6.270815e-002
1.116629e+003;6.270393e-002
1.117111e+003;6.270049e-002
1.117594e+003;6.270085e-002
1.118076e+003;6.270736e-002
1.118558e+003;6.272154e-002
1.119040e+003;6.274313e-002
1.119522e+003;6.276990e-002
1.120004e+003;6.279851e-002
1.120486e+003;6.282444e-002
1.120969e+003;6.284401e-002
1.121451e+003;6.285505e-002
1.121933e+003;6.285800e-002
1.122415e+003;6.285592e-002
1.122897e+003;6.285328e-002
1.123379e+003;6.285504e-002
1.123861e+003;6.286493e-002
1.124344e+003;6.288496e-002
1.124826e+003;6.291426e-002
1.125308e+003;6.294990e-002
1.125790e+003;6.298856e-002
1.126272e+003;6.302652e-002
1.126754e+003;6.306192e-002
1.127236e+003;6.309388e-002
1.127719e+003;6.312387e-002
1.128201e+003;6.315371e-002
1.128683e+003;6.318576e-002
1.129165e+003;6.322234e-002
1.129647e+003;6.326482e-002
1.130129e+003;6.331420e-002
1.130611e+003;6.337074e-002
1.131093e+003;6.343434e-002
1.131576e+003;6.350445e-002
1.132058e+003;6.357994e-002
1.132540e+003;6.365938e-002
1.133022e+003;6.374066e-002
1.133504e+003;6.382184e-002
1.133986e+003;6.390018e-002
1.134468e+003;6.397390e-002
1.134951e+003;6.404145e-002
1.135433e+003;6.410211e-002
1.135915e+003;6.415547e-002
1.136397e+003;6.420213e-002
1.136879e+003;6.424258e-002
1.137361e+003;6.427751e-002
1.137843e+003;6.430695e-002
1.138325e+003;6.433050e-002
1.138808e+003;6.434696e-002
1.139290e+003;6.435456e-002
1.139772e+003;6.435169e-002
1.140254e+003;6.433570e-002
1.140736e+003;6.430483e-002
1.141218e+003;6.425708e-002
1.141700e+003;6.419086e-002
1.142183e+003;6.410535e-002
1.142665e+003;6.400027e-002
1.143147e+003;6.387672e-002
1.143629e+003;6.373651e-002
1.144111e+003;6.358304e-002
1.144593e+003;6.342062e-002
1.145075e+003;6.325369e-002
1.145557e+003;6.308684e-002
1.146040e+003;6.292301e-002
1.146522e+003;6.276347e-002
1.147004e+003;6.260766e-002
1.147486e+003;6.245315e-002
1.147968e+003;6.229718e-002
1.148450e+003;6.213701e-002
1.148932e+003;6.197196e-002
1.149415e+003;6.180330e-002
1.149897e+003;6.163430e-002
1.150379e+003;6.146963e-002
1.150861e+003;6.131439e-002
1.151343e+003;6.117233e-002
1.151825e+003;6.104597e-002
1.152307e+003;6.093580e-002
1.152790e+003;6.084093e-002
1.153272e+003;6.075986e-002
1.153754e+003;6.069075e-002
1.154236e+003;6.063215e-002
1.154718e+003;6.058341e-002
1.155200e+003;6.054356e-002
1.155682e+003;6.051192e-002
1.156165e+003;6.048778e-002
1.156647e+003;6.047012e-002
1.157129e+003;6.045775e-002
1.157611e+003;6.044975e-002
1.158093e+003;6.044544e-002
1.158575e+003;6.044370e-002
1.159057e+003;6.044339e-002
1.159540e+003;6.044294e-002
1.160022e+003;6.044011e-002
1.160504e+003;6.043274e-002
1.160986e+003;6.041884e-002
1.161468e+003;6.039790e-002
1.161950e+003;6.037034e-002
1.162432e+003;6.033801e-002
1.162914e+003;6.030328e-002
1.163397e+003;6.026842e-002
1.163879e+003;6.023503e-002
1.164361e+003;6.020295e-002
1.164843e+003;6.017097e-002
1.165325e+003;6.013704e-002
1.165807e+003;6.009915e-002
1.166289e+003;6.005634e-002
1.166772e+003;6.000893e-002
1.167254e+003;5.995836e-002
1.167736e+003;5.990735e-002
1.168218e+003;5.985805e-002
1.168700e+003;5.981226e-002
1.169182e+003;5.977020e-002
1.169664e+003;5.973126e-002
1.170146e+003;5.969395e-002
1.170629e+003;5.965708e-002
1.171111e+003;5.961991e-002
1.171593e+003;5.958295e-002
1.172075e+003;5.954728e-002
1.172557e+003;5.951438e-002
1.173039e+003;5.948548e-002
1.173521e+003;5.946130e-002
1.174004e+003;5.944193e-002
1.174486e+003;5.942703e-002
1.174968e+003;5.941682e-002
1.175450e+003;5.941163e-002
1.175932e+003;5.941175e-002
1.176414e+003;5.941714e-002
1.176896e+003;5.942708e-002
1.177379e+003;5.943932e-002
1.177861e+003;5.945053e-002
1.178343e+003;5.945714e-002
1.178825e+003;5.945668e-002
1.179307e+003;5.944826e-002
1.179789e+003;5.943367e-002
1.180271e+003;5.941672e-002
1.180754e+003;5.940237e-002
1.181236e+003;5.939509e-002
1.181718e+003;5.939769e-002
1.182200e+003;5.941138e-002
1.182682e+003;5.943490e-002
1.183164e+003;5.946625e-002
1.183646e+003;5.950332e-002
1.184129e+003;5.954437e-002
1.184611e+003;5.958826e-002
1.185093e+003;5.963462e-002
1.185575e+003;5.968208e-002
1.186057e+003;5.972970e-002
1.186539e+003;5.977528e-002
1.187021e+003;5.981717e-002
1.187503e+003;5.985405e-002
1.187986e+003;5.988618e-002
1.188468e+003;5.991460e-002
1.188950e+003;5.994146e-002
1.189432e+003;5.996888e-002
1.189914e+003;5.999814e-002
1.190396e+003;6.002941e-002
1.190878e+003;6.006200e-002
1.191361e+003;6.009471e-002
1.191843e+003;6.012613e-002
1.192325e+003;6.015571e-002
1.192807e+003;6.018334e-002
1.193289e+003;6.020948e-002
1.193771e+003;6.023457e-002
1.194253e+003;6.025908e-002
1.194735e+003;6.028295e-002
1.195218e+003;6.030671e-002
1.195700e+003;6.033053e-002
1.196182e+003;6.035536e-002
1.196664e+003;6.038177e-002
1.197146e+003;6.041078e-002
1.197628e+003;6.044198e-002
1.198110e+003;6.047482e-002
1.198593e+003;6.050778e-002
1.199075e+003;6.053934e-002
1.199557e+003;6.056824e-002
1.200039e+003;6.059406e-002
1.200521e+003;6.061715e-002
1.201003e+003;6.063935e-002
1.201485e+003;6.066265e-002
1.201968e+003;6.068942e-002
1.202450e+003;6.072177e-002
1.202932e+003;6.076157e-002
1.203414e+003;6.080949e-002
1.203896e+003;6.086557e-002
1.204378e+003;6.092891e-002
1.204860e+003;6.099726e-002
1.205343e+003;6.106731e-002
1.205825e+003;6.113498e-002
1.206307e+003;6.119683e-002
1.206789e+003;6.125016e-002
1.207271e+003;6.129394e-002
1.207753e+003;6.132954e-002
1.208235e+003;6.135906e-002
1.208718e+003;6.138562e-002
1.209200e+003;6.141204e-002
1.209682e+003;6.143959e-002
1.210164e+003;6.146796e-002
1.210646e+003;6.149592e-002
1.211128e+003;6.152176e-002
1.211610e+003;6.154437e-002
1.212092e+003;6.156315e-002
1.212575e+003;6.157899e-002
1.213057e+003;6.159302e-002
1.213539e+003;6.160589e-002
1.214021e+003;6.161748e-002
1.214503e+003;6.162748e-002
1.214985e+003;6.163448e-002
1.215467e+003;6.163756e-002
1.215950e+003;6.163708e-002
1.216432e+003;6.163362e-002
1.216914e+003;6.162949e-002
1.217396e+003;6.162641e-002
1.217878e+003;6.162604e-002
1.218360e+003;6.162890e-002
1.218842e+003;6.163473e-002
1.219324e+003;6.164282e-002
1.219807e+003;6.165239e-002
1.220289e+003;6.166373e-002
1.220771e+003;6.167760e-002
1.221253e+003;6.169562e-002
1.221735e+003;6.171882e-002
1.222217e+003;6.174766e-002
1.222699e+003;6.178131e-002
1.223182e+003;6.181802e-002
1.223664e+003;6.185453e-002
1.224146e+003;6.188839e-002
1.224628e+003;6.191763e-002
1.225110e+003;6.194101e-002
1.225592e+003;6.195895e-002
1.226074e+003;6.197242e-002
1.226557e+003;6.198292e-002
1.227039e+003;6.199197e-002
1.227521e+003;6.200103e-002
1.228003e+003;6.201103e-002
1.228485e+003;6.202321e-002
1.228967e+003;6.203895e-002
1.229449e+003;6.205991e-002
1.229932e+003;6.208755e-002
1.230414e+003;6.212314e-002
1.230896e+003;6.216715e-002
1.231378e+003;6.221881e-002
1.231860e+003;6.227642e-002
1.232342e+003;6.233713e-002
1.232824e+003;6.239827e-002
1.233307e+003;6.245740e-002
1.233789e+003;6.251235e-002
1.234271e+003;6.256298e-002
1.234753e+003;6.260949e-002
1.235235e+003;6.265343e-002
1.235717e+003;6.269635e-002
1.236199e+003;6.273992e-002
1.236681e+003;6.278483e-002
1.237164e+003;6.283139e-002
1.237646e+003;6.287874e-002
1.238128e+003;6.292554e-002
1.238610e+003;6.297063e-002
1.239092e+003;6.301231e-002
1.239574e+003;6.304985e-002
1.240056e+003;6.308334e-002
1.240539e+003;6.311364e-002
1.241021e+003;6.314260e-002
1.241503e+003;6.317228e-002
1.241985e+003;6.320453e-002
1.242467e+003;6.324077e-002
1.242949e+003;6.328125e-002
1.243431e+003;6.332511e-002
1.243913e+003;6.337061e-002
1.244396e+003;6.341571e-002
1.244878e+003;6.345885e-002
1.245360e+003;6.349900e-002
1.245842e+003;6.353667e-002
1.246324e+003;6.357317e-002
1.246806e+003;6.361020e-002
1.247288e+003;6.364926e-002
1.247771e+003;6.369158e-002
1.248253e+003;6.373684e-002
1.248735e+003;6.378403e-002
1.249217e+003;6.383175e-002
1.249699e+003;6.387842e-002
1.250181e+003;6.392323e-002
1.250663e+003;6.396613e-002
1.251146e+003;6.400789e-002
1.251628e+003;6.404954e-002
1.252110e+003;6.409252e-002
1.252592e+003;6.413782e-002
1.253074e+003;6.418630e-002
1.253556e+003;6.423772e-002
1.254038e+003;6.429184e-002
1.254521e+003;6.434776e-002
1.255003e+003;6.440450e-002
1.255485e+003;6.446146e-002
1.255967e+003;6.451763e-002
1.256449e+003;6.457268e-002
1.256931e+003;6.462662e-002
1.257413e+003;6.467922e-002
1.257896e+003;6.473114e-002
1.258378e+003;6.478261e-002
1.258860e+003;6.483407e-002
1.259342e+003;6.488510e-002
1.259824e+003;6.493533e-002
1.260306e+003;6.498417e-002
1.260788e+003;6.503048e-002
1.261270e+003;6.507380e-002
1.261753e+003;6.511372e-002
1.262235e+003;6.515054e-002
1.262717e+003;6.518482e-002
1.263199e+003;6.521732e-002
1.263681e+003;6.524853e-002
1.264163e+003;6.527874e-002
1.264645e+003;6.530767e-002
1.265128e+003;6.533411e-002
1.265610e+003;6.535778e-002
1.266092e+003;6.537782e-002
1.266574e+003;6.539412e-002
1.267056e+003;6.540737e-002
1.267538e+003;6.541906e-002
1.268020e+003;6.543085e-002
1.268502e+003;6.544454e-002
1.268985e+003;6.546143e-002
1.269467e+003;6.548236e-002
1.269949e+003;6.550703e-002
1.270431e+003;6.553473e-002
1.270913e+003;6.556395e-002
1.271395e+003;6.559328e-002
1.271877e+003;6.562118e-002
1.272360e+003;6.564702e-002
1.272842e+003;6.567004e-002
1.273324e+003;6.569067e-002
1.273806e+003;6.570863e-002
1.274288e+003;6.572488e-002
1.274770e+003;6.574014e-002
1.275252e+003;6.575549e-002
1.275734e+003;6.577168e-002
1.276217e+003;6.578974e-002
1.276699e+003;6.580988e-002
1.277181e+003;6.583224e-002
1.277663e+003;6.585558e-002
1.278145e+003;6.587824e-002
1.278627e+003;6.589851e-002
1.279109e+003;6.591475e-002
1.279592e+003;6.592621e-002
1.280074e+003;6.593326e-002
1.280556e+003;6.593731e-002
1.281038e+003;6.594079e-002
1.281520e+003;6.594571e-002
1.282002e+003;6.595398e-002
1.282484e+003;6.596572e-002
1.282967e+003;6.598067e-002
1.283449e+003;6.599704e-002
1.283931e+003;6.601331e-002
1.284413e+003;6.602781e-002
1.284895e+003;6.603949e-002
1.285377e+003;6.604812e-002
1.285859e+003;6.605419e-002
1.286342e+003;6.605809e-002
1.286824e+003;6.606059e-002
1.287306e+003;6.606232e-002
1.287788e+003;6.606419e-002
1.288270e+003;6.606700e-002
1.288752e+003;6.607121e-002
1.289234e+003;6.607805e-002
1.289716e+003;6.608746e-002
1.290199e+003;6.609954e-002
1.290681e+003;6.611407e-002
1.291163e+003;6.613044e-002
1.291645e+003;6.614853e-002
1.292127e+003;6.616841e-002
1.292609e+003;6.619069e-002
1.293091e+003;6.621571e-002
1.293574e+003;6.624399e-002
1.294056e+003;6.627537e-002
1.294538e+003;6.630870e-002
1.295020e+003;6.634268e-002
1.295502e+003;6.637596e-002
1.295984e+003;6.640720e-002
1.296466e+003;6.643620e-002
1.296948e+003;6.646356e-002
1.297431e+003;6.649035e-002
1.297913e+003;6.651768e-002
1.298395e+003;6.654675e-002
1.298877e+003;6.657813e-002
1.299359e+003;6.661202e-002
1.299841e+003;6.664860e-002
1.300323e+003;6.668791e-002
1.300806e+003;6.673029e-002
1.301288e+003;6.677569e-002
1.301770e+003;6.682501e-002
1.302252e+003;6.687772e-002
1.302734e+003;6.693382e-002
1.303216e+003;6.699203e-002
1.303698e+003;6.705153e-002
1.304181e+003;6.711127e-002
1.304663e+003;6.717008e-002
1.305145e+003;6.722753e-002
1.305627e+003;6.728267e-002
1.306109e+003;6.733543e-002
1.306591e+003;6.738531e-002
1.307073e+003;6.743170e-002
1.307556e+003;6.747480e-002
1.308038e+003;6.751485e-002
1.308520e+003;6.755204e-002
1.309002e+003;6.758779e-002
1.309484e+003;6.762318e-002
1.309966e+003;6.765936e-002
1.310448e+003;6.769717e-002
1.310931e+003;6.773722e-002
1.311413e+003;6.777992e-002
1.311895e+003;6.782518e-002
1.312377e+003;6.787317e-002
1.312859e+003;6.792378e-002
1.313341e+003;6.797698e-002
1.313823e+003;6.803203e-002
1.314305e+003;6.808870e-002
1.314788e+003;6.814603e-002
1.315270e+003;6.820279e-002
1.315752e+003;6.825835e-002
1.316234e+003;6.831199e-002
1.316716e+003;6.836353e-002
1.317198e+003;6.841291e-002
1.317680e+003;6.846004e-002
1.318163e+003;6.850497e-002
1.318645e+003;6.854751e-002
1.319127e+003;6.858727e-002
1.319609e+003;6.862412e-002
1.320091e+003;6.865850e-002
1.320573e+003;6.869132e-002
1.321055e+003;6.872401e-002
1.321537e+003;6.875861e-002
1.322020e+003;6.879682e-002
1.322502e+003;6.884001e-002
1.322984e+003;6.888861e-002
1.323466e+003;6.894205e-002
1.323948e+003;6.899873e-002
1.324430e+003;6.905601e-002
1.324912e+003;6.911170e-002
1.325395e+003;6.916293e-002
1.325877e+003;6.920812e-002
1.326359e+003;6.924661e-002
1.326841e+003;6.927869e-002
1.327323e+003;6.930554e-002
1.327805e+003;6.932946e-002
1.328287e+003;6.935252e-002
1.328770e+003;6.937674e-002
1.329252e+003;6.940345e-002
1.329734e+003;6.943334e-002
1.330216e+003;6.946538e-002
1.330698e+003;6.949838e-002
1.331180e+003;6.953046e-002
1.331662e+003;6.956022e-002
1.332145e+003;6.958690e-002
1.332627e+003;6.961069e-002
1.333109e+003;6.963250e-002
1.333591e+003;6.965358e-002
1.334073e+003;6.967513e-002
1.334555e+003;6.969762e-002
1.335037e+003;6.972075e-002
1.335520e+003;6.974348e-002
1.336002e+003;6.976431e-002
1.336484e+003;6.978256e-002
1.336966e+003;6.979803e-002
1.337448e+003;6.981160e-002
1.337930e+003;6.982534e-002
1.338412e+003;6.984114e-002
1.338894e+003;6.986105e-002
1.339377e+003;6.988570e-002
1.339859e+003;6.991503e-002
1.340341e+003;6.994743e-002
1.340823e+003;6.998102e-002
1.341305e+003;7.001425e-002
1.341787e+003;7.004617e-002
1.342269e+003;7.007663e-002
1.342752e+003;7.010615e-002
1.343234e+003;7.013549e-002
1.343716e+003;7.016524e-002
1.344198e+003;7.019524e-002
1.344680e+003;7.022513e-002
1.345162e+003;7.025398e-002
1.345644e+003;7.028119e-002
1.346126e+003;7.030661e-002
1.346609e+003;7.033063e-002
1.347091e+003;7.035421e-002
1.347573e+003;7.037801e-002
1.348055e+003;7.040255e-002
1.348537e+003;7.042823e-002
1.349019e+003;7.045447e-002
1.349501e+003;7.048111e-002
1.349984e+003;7.050771e-002
1.350466e+003;7.053477e-002
1.350948e+003;7.056281e-002
1.351430e+003;7.059301e-002
1.351912e+003;7.062601e-002
1.352394e+003;7.066232e-002
1.352876e+003;7.070187e-002
1.353359e+003;7.074401e-002
1.353841e+003;7.078779e-002
1.354323e+003;7.083216e-002
1.354805e+003;7.087541e-002
1.355287e+003;7.091659e-002
1.355769e+003;7.095464e-002
1.356251e+003;7.098916e-002
1.356734e+003;7.101987e-002
1.357216e+003;7.104775e-002
1.357698e+003;7.107425e-002
1.358180e+003;7.110122e-002
1.358662e+003;7.113097e-002
1.359144e+003;7.116520e-002
1.359626e+003;7.120495e-002
1.360109e+003;7.124966e-002
1.360591e+003;7.129832e-002
1.361073e+003;7.134831e-002
1.361555e+003;7.139710e-002
1.362037e+003;7.144251e-002
1.362519e+003;7.148312e-002
1.363001e+003;7.151886e-002
1.363483e+003;7.154997e-002
1.363966e+003;7.157777e-002
1.364448e+003;7.160379e-002
1.364930e+003;7.162872e-002
1.365412e+003;7.165368e-002
1.365894e+003;7.167892e-002
1.366376e+003;7.170463e-002
1.366858e+003;7.173143e-002
1.367341e+003;7.175943e-002
1.367823e+003;7.178929e-002
1.368305e+003;7.182109e-002
1.368787e+003;7.185490e-002
1.369269e+003;7.189003e-002
1.369751e+003;7.192554e-002
1.370233e+003;7.196008e-002
1.370715e+003;7.199256e-002
1.371198e+003;7.202268e-002
1.371680e+003;7.205091e-002
1.372162e+003;7.207828e-002
1.372644e+003;7.210676e-002
1.373126e+003;7.213727e-002
1.373608e+003;7.217041e-002
1.374090e+003;7.220522e-002
1.374573e+003;7.224014e-002
1.375055e+003;7.227261e-002
1.375537e+003;7.230089e-002
1.376019e+003;7.232387e-002
1.376501e+003;7.234194e-002
1.376983e+003;7.235673e-002
1.377465e+003;7.237017e-002
1.377948e+003;7.238396e-002
1.378430e+003;7.239867e-002
1.378912e+003;7.241332e-002
1.379394e+003;7.242626e-002
1.379876e+003;7.243577e-002
1.380358e+003;7.244119e-002
1.380840e+003;7.244256e-002
1.381323e+003;7.244235e-002
1.381805e+003;7.244341e-002
1.382287e+003;7.244889e-002
1.382769e+003;7.246052e-002
1.383251e+003;7.247863e-002
1.383733e+003;7.250173e-002
1.384215e+003;7.252700e-002
1.384698e+003;7.255159e-002
1.385180e+003;7.257339e-002
1.385662e+003;7.259127e-002
1.386144e+003;7.260556e-002
1.386626e+003;7.261713e-002
1.387108e+003;7.262744e-002
1.387590e+003;7.263743e-002
1.388072e+003;7.264809e-002
1.388555e+003;7.265953e-002
1.389037e+003;7.267198e-002
1.389519e+003;7.268552e-002
1.390001e+003;7.270066e-002
1.390483e+003;7.271819e-002
1.390965e+003;7.273863e-002
1.391447e+003;7.276279e-002
1.391930e+003;7.279114e-002
1.392412e+003;7.282393e-002
1.392894e+003;7.286119e-002
1.393376e+003;7.290249e-002
1.393858e+003;7.294745e-002
1.394340e+003;7.299491e-002
1.394822e+003;7.304417e-002
1.395304e+003;7.309435e-002
1.395787e+003;7.314477e-002
1.396269e+003;7.319503e-002
1.396751e+003;7.324547e-002
1.397233e+003;7.329604e-002
1.397715e+003;7.334664e-002
1.398197e+003;7.339676e-002
1.398679e+003;7.344561e-002
1.399162e+003;7.349206e-002
1.399644e+003;7.353569e-002
1.400126e+003;7.357690e-002
1.400608e+003;7.361732e-002
1.401090e+003;7.365989e-002
1.401572e+003;7.370783e-002
1.402054e+003;7.376435e-002
1.402536e+003;7.383120e-002
1.403019e+003;7.390827e-002
1.403501e+003;7.399406e-002
1.403983e+003;7.408492e-002
1.404465e+003;7.417683e-002
1.404947e+003;7.426629e-002
1.405429e+003;7.434983e-002
1.405911e+003;7.442607e-002
1.406394e+003;7.449465e-002
1.406876e+003;7.455647e-002
1.407358e+003;7.461280e-002
1.407840e+003;7.466545e-002
1.408322e+003;7.471579e-002
1.408804e+003;7.476474e-002
1.409286e+003;7.481298e-002
1.409769e+003;7.486058e-002
1.410251e+003;7.490734e-002
1.410733e+003;7.495330e-002
1.411215e+003;7.499857e-002
1.411697e+003;7.504350e-002
1.412179e+003;7.508899e-002
1.412661e+003;7.513559e-002
1.413144e+003;7.518394e-002
1.413626e+003;7.523394e-002
1.414108e+003;7.528551e-002
1.414590e+003;7.533760e-002
1.415072e+003;7.539038e-002
1.415554e+003;7.544358e-002
1.416036e+003;7.549862e-002
1.416519e+003;7.555685e-002
1.417001e+003;7.561978e-002
1.417483e+003;7.568785e-002
1.417965e+003;7.576033e-002
1.418447e+003;7.583458e-002
1.418929e+003;7.590661e-002
1.419411e+003;7.597187e-002
1.419893e+003;7.602669e-002
1.420376e+003;7.606922e-002
1.420858e+003;7.610001e-002
1.421340e+003;7.612128e-002
1.421822e+003;7.613704e-002
1.422304e+003;7.615060e-002
1.422786e+003;7.616520e-002
1.423268e+003;7.618180e-002
1.423751e+003;7.620119e-002
1.424233e+003;7.622256e-002
1.424715e+003;7.624560e-002
1.425197e+003;7.627065e-002
1.425679e+003;7.629859e-002
1.426161e+003;7.633064e-002
1.426643e+003;7.636902e-002
1.427125e+003;7.641413e-002
1.427608e+003;7.646564e-002
1.428090e+003;7.652224e-002
1.428572e+003;7.658122e-002
1.429054e+003;7.663997e-002
1.429536e+003;7.669599e-002
1.430018e+003;7.674743e-002
1.430500e+003;7.679401e-002
1.430983e+003;7.683528e-002
1.431465e+003;7.687240e-002
1.431947e+003;7.690629e-002
1.432429e+003;7.693830e-002
1.432911e+003;7.697006e-002
1.433393e+003;7.700348e-002
1.433875e+003;7.704052e-002
1.434358e+003;7.708309e-002
1.434840e+003;7.713165e-002
1.435322e+003;7.718568e-002
1.435804e+003;7.724272e-002
1.436286e+003;7.729941e-002
1.436768e+003;7.735122e-002
1.437250e+003;7.739493e-002
1.437733e+003;7.742897e-002
1.438215e+003;7.745413e-002
1.438697e+003;7.747270e-002
1.439179e+003;7.748830e-002
1.439661e+003;7.750502e-002
1.440143e+003;7.752471e-002
1.440625e+003;7.754824e-002
1.441107e+003;7.757472e-002
1.441590e+003;7.760248e-002
1.442072e+003;7.762994e-002
1.442554e+003;7.765587e-002
1.443036e+003;7.768083e-002
1.443518e+003;7.770607e-002
1.444000e+003;7.773337e-002
1.444482e+003;7.776432e-002
1.444965e+003;7.779971e-002
1.445447e+003;7.783955e-002
1.445929e+003;7.788268e-002
1.446411e+003;7.792760e-002
1.446893e+003;7.797257e-002
1.447375e+003;7.801609e-002
1.447857e+003;7.805800e-002
1.448339e+003;7.809789e-002
1.448822e+003;7.813717e-002
1.449304e+003;7.817718e-002
1.449786e+003;7.821984e-002
1.450268e+003;7.826581e-002
1.450750e+003;7.831579e-002
1.451232e+003;7.836839e-002
1.451714e+003;7.842274e-002
1.452197e+003;7.847714e-002
1.452679e+003;7.853044e-002
1.453161e+003;7.858338e-002
1.453643e+003;7.863832e-002
1.454125e+003;7.869828e-002
1.454607e+003;7.876626e-002
1.455089e+003;7.884382e-002
1.455572e+003;7.892944e-002
1.456054e+003;7.901840e-002
1.456536e+003;7.910363e-002
1.457018e+003;7.917713e-002
1.457500e+003;7.923310e-002
1.457982e+003;7.926815e-002
1.458464e+003;7.928328e-002
1.458947e+003;7.928232e-002
1.459429e+003;7.927082e-002
1.459911e+003;7.925419e-002
1.460393e+003;7.923651e-002
1.460875e+003;7.922032e-002
1.461357e+003;7.920725e-002
1.461839e+003;7.919694e-002
1.462322e+003;7.918980e-002
1.462804e+003;7.918566e-002
1.463286e+003;7.918429e-002
1.463768e+003;7.918572e-002
1.464250e+003;7.918938e-002
1.464732e+003;7.919446e-002
1.465214e+003;7.919991e-002
1.465696e+003;7.920483e-002
1.466179e+003;7.920885e-002
1.466661e+003;7.921105e-002
1.467143e+003;7.921110e-002
1.467625e+003;7.920863e-002
1.468107e+003;7.920331e-002
1.468589e+003;7.919542e-002
1.469071e+003;7.918632e-002
1.469554e+003;7.917809e-002
1.470036e+003;7.917345e-002
1.470518e+003;7.917488e-002
1.471000e+003;7.918347e-002
1.471482e+003;7.919770e-002
1.471964e+003;7.921489e-002
1.472446e+003;7.922978e-002
1.472928e+003;7.923848e-002
1.473411e+003;7.923835e-002
1.473893e+003;7.922968e-002
1.474375e+003;7.921574e-002
1.474857e+003;7.920126e-002
1.475339e+003;7.919154e-002
1.475821e+003;7.918952e-002
1.476303e+003;7.919669e-002
1.476786e+003;7.921193e-002
1.477268e+003;7.923268e-002
1.477750e+003;7.925700e-002
1.478232e+003;7.928363e-002
1.478714e+003;7.931237e-002
1.479196e+003;7.934433e-002
1.479678e+003;7.938018e-002
1.480161e+003;7.941969e-002
1.480643e+003;7.946154e-002
1.481125e+003;7.950366e-002
1.481607e+003;7.954419e-002
1.482089e+003;7.958251e-002
1.482571e+003;7.961914e-002
1.483053e+003;7.965653e-002
1.483536e+003;7.969691e-002
1.484018e+003;7.974266e-002
1.484500e+003;7.979479e-002
1.484982e+003;7.985278e-002
1.485464e+003;7.991526e-002
1.485946e+003;7.998089e-002
1.486428e+003;8.004801e-002
1.486911e+003;8.011673e-002
1.487393e+003;8.018699e-002
1.487875e+003;8.025943e-002
1.488357e+003;8.033435e-002
1.488839e+003;8.041103e-002
1.489321e+003;8.048828e-002
1.489803e+003;8.056402e-002
1.490285e+003;8.063658e-002
1.490768e+003;8.070378e-002
1.491250e+003;8.076509e-002
1.491732e+003;8.082038e-002
1.492214e+003;8.087125e-002
1.492696e+003;8.092009e-002
1.493178e+003;8.096981e-002
1.493660e+003;8.102361e-002
1.494143e+003;8.108494e-002
1.494625e+003;8.115530e-002
1.495107e+003;8.123562e-002
1.495589e+003;8.132437e-002
1.496071e+003;8.141890e-002
1.496553e+003;8.151530e-002
1.497035e+003;8.161028e-002
1.497517e+003;8.170165e-002
1.498000e+003;8.178867e-002
1.498482e+003;8.187245e-002
1.498964e+003;8.195476e-002
1.499446e+003;8.203749e-002
1.499928e+003;8.212148e-002
1.500410e+003;8.220641e-002
1.500892e+003;8.229113e-002
1.501375e+003;8.237387e-002
1.501857e+003;8.245431e-002
1.502339e+003;8.253337e-002
1.502821e+003;8.261417e-002
1.503303e+003;8.270122e-002
1.503785e+003;8.279950e-002
1.504267e+003;8.291326e-002
1.504750e+003;8.304325e-002
1.505232e+003;8.318732e-002
1.505714e+003;8.333915e-002
1.506196e+003;8.348949e-002
1.506678e+003;8.362903e-002
1.507160e+003;8.375046e-002
1.507642e+003;8.385089e-002
1.508125e+003;8.393303e-002
1.508607e+003;8.400351e-002
1.509089e+003;8.407111e-002
1.509571e+003;8.414526e-002
1.510053e+003;8.423212e-002
1.510535e+003;8.433464e-002
1.511017e+003;8.445123e-002
1.511500e+003;8.457748e-002
1.511982e+003;8.470681e-002
1.512464e+003;8.483361e-002
1.512946e+003;8.495436e-002
1.513428e+003;8.506928e-002
1.513910e+003;8.518048e-002
1.514392e+003;8.529180e-002
1.514874e+003;8.540703e-002
1.515357e+003;8.552797e-002
1.515839e+003;8.565449e-002
1.516321e+003;8.578503e-002
1.516803e+003;8.591731e-002
1.517285e+003;8.605020e-002
1.517767e+003;8.618418e-002
1.518249e+003;8.632177e-002
1.518732e+003;8.646677e-002
1.519214e+003;8.662286e-002
1.519696e+003;8.679074e-002
1.520178e+003;8.696909e-002
1.520660e+003;8.715271e-002
1.521142e+003;8.733425e-002
1.521624e+003;8.750737e-002
1.522106e+003;8.766796e-002
1.522589e+003;8.781569e-002
1.523071e+003;8.795474e-002
1.523553e+003;8.809145e-002
1.524035e+003;8.823249e-002
1.524517e+003;8.838240e-002
1.524999e+003;8.854231e-002
1.525481e+003;8.871050e-002
1.525964e+003;8.888236e-002
1.526446e+003;8.905367e-002
1.526928e+003;8.922121e-002
1.527410e+003;8.938471e-002
1.527892e+003;8.954576e-002
1.528374e+003;8.970641e-002
1.528856e+003;8.986913e-002
1.529339e+003;9.003504e-002
1.529821e+003;9.020434e-002
1.530303e+003;9.037728e-002
1.530785e+003;9.055464e-002
1.531267e+003;9.073848e-002
1.531749e+003;9.093182e-002
1.532231e+003;9.113584e-002
1.532714e+003;9.135042e-002
1.533196e+003;9.157093e-002
1.533678e+003;9.179040e-002
1.534160e+003;9.200108e-002
1.534642e+003;9.219763e-002
1.535124e+003;9.237912e-002
1.535606e+003;9.255081e-002
1.536089e+003;9.272192e-002
1.536571e+003;9.290455e-002
1.537053e+003;9.310904e-002
1.537535e+003;9.334252e-002
1.538017e+003;9.360591e-002
1.538499e+003;9.389438e-002
1.538981e+003;9.419818e-002
1.539463e+003;9.450588e-002
1.539946e+003;9.480587e-002
1.540428e+003;9.509046e-002
1.540910e+003;9.535526e-002
1.541392e+003;9.560022e-002
1.541874e+003;9.582838e-002
1.542356e+003;9.604625e-002
1.542838e+003;9.626056e-002
1.543321e+003;9.647852e-002
1.543803e+003;9.670553e-002
1.544285e+003;9.694463e-002
1.544767e+003;9.719520e-002
1.545249e+003;9.745449e-002
1.545731e+003;9.771768e-002
1.546213e+003;9.798062e-002
1.546695e+003;9.824116e-002
1.547178e+003;9.849975e-002
1.547660e+003;9.875835e-002
1.548142e+003;9.901983e-002
1.548624e+003;9.928549e-002
1.549106e+003;9.955494e-002
1.549588e+003;9.982602e-002
1.550070e+003;1.000968e-001
1.550553e+003;1.003670e-001
1.551035e+003;1.006388e-001
1.551517e+003;1.009164e-001
1.551999e+003;1.012048e-001
1.552481e+003;1.015070e-001
1.552963e+003;1.018224e-001
1.553445e+003;1.021466e-001
1.553927e+003;1.024727e-001
1.554410e+003;1.027938e-001
1.554892e+003;1.031067e-001
1.555374e+003;1.034132e-001
1.555856e+003;1.037204e-001
1.556338e+003;1.040381e-001
1.556820e+003;1.043775e-001
1.557302e+003;1.047458e-001
1.557785e+003;1.051455e-001
1.558267e+003;1.055719e-001
1.558749e+003;1.060148e-001
1.559231e+003;1.064608e-001
1.559713e+003;1.068968e-001
1.560195e+003;1.073132e-001
1.560677e+003;1.077057e-001
1.561160e+003;1.080760e-001
1.561642e+003;1.084296e-001
1.562124e+003;1.087759e-001
1.562606e+003;1.091242e-001
1.563088e+003;1.094831e-001
1.563570e+003;1.098589e-001
1.564052e+003;1.102537e-001
1.564535e+003;1.106672e-001
1.565017e+003;1.110955e-001
1.565499e+003;1.115352e-001
1.565981e+003;1.119835e-001
1.566463e+003;1.124399e-001
1.566945e+003;1.129058e-001
1.567427e+003;1.133834e-001
1.567910e+003;1.138748e-001
1.568392e+003;1.143801e-001
1.568874e+003;1.148976e-001
1.569356e+003;1.154234e-001
1.569838e+003;1.159530e-001
1.570320e+003;1.164837e-001
1.570802e+003;1.170137e-001
1.571284e+003;1.175437e-001
1.571767e+003;1.180758e-001
1.572249e+003;1.186133e-001
1.572731e+003;1.191598e-001
1.573213e+003;1.197201e-001
1.573695e+003;1.202983e-001
1.574177e+003;1.208986e-001
1.574659e+003;1.215237e-001
1.575142e+003;1.221727e-001
1.575624e+003;1.228409e-001
1.576106e+003;1.235207e-001
1.576588e+003;1.242021e-001
1.577070e+003;1.248769e-001
1.577552e+003;1.255406e-001
1.578034e+003;1.261950e-001
1.578516e+003;1.268459e-001
1.578999e+003;1.275018e-001
1.579481e+003;1.281716e-001
1.579963e+003;1.288603e-001
1.580445e+003;1.295695e-001
1.580927e+003;1.302978e-001
1.581409e+003;1.310424e-001
1.581891e+003;1.318008e-001
1.582374e+003;1.325727e-001
1.582856e+003;1.333594e-001
1.583338e+003;1.341622e-001
1.583820e+003;1.349812e-001
1.584302e+003;1.358143e-001
1.584784e+003;1.366575e-001
1.585266e+003;1.375078e-001
1.585749e+003;1.383632e-001
1.586231e+003;1.392259e-001
1.586713e+003;1.401003e-001
1.587195e+003;1.409918e-001
1.587677e+003;1.419047e-001
1.588159e+003;1.428399e-001
1.588641e+003;1.437961e-001
1.589124e+003;1.447696e-001
1.589606e+003;1.457575e-001
1.590088e+003;1.467589e-001
1.590570e+003;1.477751e-001
1.591052e+003;1.488092e-001
1.591534e+003;1.498637e-001
1.592016e+003;1.509394e-001
1.592499e+003;1.520350e-001
1.592981e+003;1.531480e-001
1.593463e+003;1.542763e-001
1.593945e+003;1.554197e-001
1.594427e+003;1.565801e-001
1.594909e+003;1.577607e-001
1.595391e+003;1.589638e-001
1.595873e+003;1.601895e-001
1.596356e+003;1.614354e-001
1.596838e+003;1.626978e-001
1.597320e+003;1.639727e-001
1.597802e+003;1.652590e-001
1.598284e+003;1.665578e-001
1.598766e+003;1.678729e-001
1.599248e+003;1.692074e-001
1.599731e+003;1.705638e-001
1.600213e+003;1.719422e-001
1.600695e+003;1.733409e-001
1.601177e+003;1.747587e-001
1.601659e+003;1.761951e-001
1.602141e+003;1.776517e-001
1.602623e+003;1.791313e-001
1.603105e+003;1.806355e-001
1.603588e+003;1.821641e-001
1.604070e+003;1.837136e-001
1.604552e+003;1.852786e-001
1.605034e+003;1.868545e-001
1.605516e+003;1.884380e-001
1.605998e+003;1.900296e-001
1.606480e+003;1.916326e-001
1.606963e+003;1.932494e-001
1.607445e+003;1.948828e-001
1.607927e+003;1.965318e-001
1.608409e+003;1.981939e-001
1.608891e+003;1.998657e-001
1.609373e+003;2.015458e-001
1.609855e+003;2.032342e-001
1.610338e+003;2.049324e-001
1.610820e+003;2.066415e-001
1.611302e+003;2.083585e-001
1.611784e+003;2.100783e-001
1.612266e+003;2.117943e-001
1.612748e+003;2.135014e-001
1.613230e+003;2.151998e-001
1.613713e+003;2.168966e-001
1.614195e+003;2.186040e-001
1.614677e+003;2.203353e-001
1.615159e+003;2.220987e-001
1.615641e+003;2.238932e-001
1.616123e+003;2.257068e-001
1.616605e+003;2.275190e-001
1.617088e+003;2.293065e-001
1.617570e+003;2.310510e-001
1.618052e+003;2.327439e-001
1.618534e+003;2.343869e-001
1.619016e+003;2.359896e-001
1.619498e+003;2.375650e-001
1.619980e+003;2.391243e-001
1.620462e+003;2.406751e-001
1.620945e+003;2.422193e-001
1.621427e+003;2.437552e-001
1.621909e+003;2.452773e-001
1.622391e+003;2.467794e-001
1.622873e+003;2.482530e-001
1.623355e+003;2.496897e-001
1.623837e+003;2.510812e-001
1.624320e+003;2.524218e-001
1.624802e+003;2.537085e-001
1.625284e+003;2.549425e-001
1.625766e+003;2.561286e-001
1.626248e+003;2.572721e-001
1.626730e+003;2.583774e-001
1.627212e+003;2.594454e-001
1.627694e+003;2.604719e-001
1.628177e+003;2.614507e-001
1.628659e+003;2.623752e-001
1.629141e+003;2.632413e-001
1.629623e+003;2.640485e-001
1.630105e+003;2.647995e-001
1.630587e+003;2.654977e-001
1.631069e+003;2.661449e-001
1.631552e+003;2.667410e-001
1.632034e+003;2.672839e-001
1.632516e+003;2.677730e-001
1.632998e+003;2.682096e-001
1.633480e+003;2.685979e-001
1.633962e+003;2.689433e-001
1.634444e+003;2.692477e-001
1.634927e+003;2.695086e-001
1.635409e+003;2.697166e-001
1.635891e+003;2.698586e-001
1.636373e+003;2.699221e-001
1.636855e+003;2.699018e-001
1.637337e+003;2.698006e-001
1.637819e+003;2.696297e-001
1.638302e+003;2.694044e-001
1.638784e+003;2.691381e-001
1.639266e+003;2.688384e-001
1.639748e+003;2.685060e-001
1.640230e+003;2.681358e-001
1.640712e+003;2.677212e-001
1.641194e+003;2.672578e-001
1.641677e+003;2.667450e-001
1.642159e+003;2.661862e-001
1.642641e+003;2.655863e-001
1.643123e+003;2.649487e-001
1.643605e+003;2.642741e-001
1.644087e+003;2.635615e-001
1.644569e+003;2.628092e-001
1.645051e+003;2.620170e-001
1.645534e+003;2.611876e-001
1.646016e+003;2.603243e-001
1.646498e+003;2.594306e-001
1.646980e+003;2.585071e-001
1.647462e+003;2.575525e-001
1.647944e+003;2.565641e-001
1.648426e+003;2.555412e-001
1.648909e+003;2.544869e-001
1.649391e+003;2.534070e-001
1.649873e+003;2.523101e-001
1.650355e+003;2.512028e-001
1.650837e+003;2.500875e-001
1.651319e+003;2.489619e-001
1.651801e+003;2.478186e-001
1.652283e+003;2.466496e-001
1.652766e+003;2.454482e-001
1.653248e+003;2.442131e-001
1.653730e+003;2.429478e-001
1.654212e+003;2.416582e-001
1.654694e+003;2.403504e-001
1.655176e+003;2.390285e-001
1.655658e+003;2.376949e-001
1.656141e+003;2.363505e-001
1.656623e+003;2.349972e-001
1.657105e+003;2.336375e-001
1.657587e+003;2.322735e-001
1.658069e+003;2.309064e-001
1.658551e+003;2.295341e-001
1.659033e+003;2.281527e-001
1.659516e+003;2.267576e-001
1.659998e+003;2.253455e-001
1.660480e+003;2.239170e-001
1.660962e+003;2.224761e-001
1.661444e+003;2.210285e-001
1.661926e+003;2.195791e-001
1.662408e+003;2.181292e-001
1.662891e+003;2.166764e-001
1.663373e+003;2.152163e-001
1.663855e+003;2.137449e-001
1.664337e+003;2.122614e-001
1.664819e+003;2.107700e-001
1.665301e+003;2.092764e-001
1.665783e+003;2.077876e-001
1.666266e+003;2.063066e-001
1.666748e+003;2.048329e-001
1.667230e+003;2.033621e-001
1.667712e+003;2.018891e-001
1.668194e+003;2.004105e-001
1.668676e+003;1.989265e-001
1.669158e+003;1.974400e-001
1.669640e+003;1.959563e-001
1.670123e+003;1.944783e-001
1.670605e+003;1.930071e-001
1.671087e+003;1.915408e-001
1.671569e+003;1.900766e-001
1.672051e+003;1.886121e-001
1.672533e+003;1.871464e-001
1.673015e+003;1.856804e-001
1.673498e+003;1.842147e-001
1.673980e+003;1.827483e-001
1.674462e+003;1.812795e-001
1.674944e+003;1.798059e-001
1.675426e+003;1.783262e-001
1.675908e+003;1.768427e-001
1.676390e+003;1.753601e-001
1.676872e+003;1.738856e-001
1.677355e+003;1.724237e-001
1.677837e+003;1.709763e-001
1.678319e+003;1.695411e-001
1.678801e+003;1.681135e-001
1.679283e+003;1.666889e-001
1.679765e+003;1.652658e-001
1.680247e+003;1.638465e-001
1.680730e+003;1.624361e-001
1.681212e+003;1.610397e-001
1.681694e+003;1.596602e-001
1.682176e+003;1.582952e-001
1.682658e+003;1.569390e-001
1.683140e+003;1.555839e-001
1.683622e+003;1.542232e-001
1.684104e+003;1.528537e-001
1.684587e+003;1.514768e-001
1.685069e+003;1.500964e-001
1.685551e+003;1.487178e-001
1.686033e+003;1.473446e-001
1.686515e+003;1.459787e-001
1.686997e+003;1.446211e-001
1.687479e+003;1.432728e-001
1.687962e+003;1.419357e-001
1.688444e+003;1.406118e-001
1.688926e+003;1.393019e-001
1.689408e+003;1.380055e-001
1.689890e+003;1.367193e-001
1.690372e+003;1.354399e-001
1.690854e+003;1.341652e-001
1.691337e+003;1.328959e-001
1.691819e+003;1.316370e-001
1.692301e+003;1.303946e-001
1.692783e+003;1.291741e-001
1.693265e+003;1.279778e-001
1.693747e+003;1.268024e-001
1.694229e+003;1.256406e-001
1.694712e+003;1.244835e-001
1.695194e+003;1.233243e-001
1.695676e+003;1.221599e-001
1.696158e+003;1.209930e-001
1.696640e+003;1.198300e-001
1.697122e+003;1.186774e-001
1.697604e+003;1.175402e-001
1.698087e+003;1.164199e-001
1.698569e+003;1.153147e-001
1.699051e+003;1.142212e-001
1.699533e+003;1.131357e-001
1.700015e+003;1.120554e-001
1.700497e+003;1.109788e-001
1.700979e+003;1.099055e-001
1.701461e+003;1.088372e-001
1.701944e+003;1.077763e-001
1.702426e+003;1.067263e-001
1.702908e+003;1.056919e-001
1.703390e+003;1.046779e-001
1.703872e+003;1.036876e-001
1.704354e+003;1.027220e-001
1.704836e+003;1.017789e-001
1.705319e+003;1.008528e-001
1.705801e+003;9.993792e-002
1.706283e+003;9.902896e-002
1.706765e+003;9.812432e-002
1.707247e+003;9.722447e-002
1.707729e+003;9.633249e-002
1.708211e+003;9.545118e-002
1.708693e+003;9.458189e-002
1.709176e+003;9.372380e-002
1.709658e+003;9.287473e-002
1.710140e+003;9.203313e-002
1.710622e+003;9.119935e-002
1.711104e+003;9.037537e-002
1.711586e+003;8.956444e-002
1.712068e+003;8.876852e-002
1.712551e+003;8.798774e-002
1.713033e+003;8.722010e-002
1.713515e+003;8.646233e-002
1.713997e+003;8.571229e-002
1.714479e+003;8.497044e-002
1.714961e+003;8.423927e-002
1.715443e+003;8.352215e-002
1.715926e+003;8.282120e-002
1.716408e+003;8.213532e-002
1.716890e+003;8.146001e-002
1.717372e+003;8.078907e-002
1.717854e+003;8.011775e-002
1.718336e+003;7.944505e-002
1.718818e+003;7.877411e-002
1.719301e+003;7.811110e-002
1.719783e+003;7.746229e-002
1.720265e+003;7.683138e-002
1.720747e+003;7.621795e-002
1.721229e+003;7.561861e-002
1.721711e+003;7.502840e-002
1.722193e+003;7.444385e-002
1.722676e+003;7.386386e-002
1.723158e+003;7.328974e-002
1.723640e+003;7.272374e-002
1.724122e+003;7.216720e-002
1.724604e+003;7.161981e-002
1.725086e+003;7.107998e-002
1.725568e+003;7.054601e-002
1.726050e+003;7.001748e-002
1.726533e+003;6.949703e-002
1.727015e+003;6.898876e-002
1.727497e+003;6.849650e-002
1.727979e+003;6.802161e-002
1.728461e+003;6.756168e-002
1.728943e+003;6.711200e-002
1.729425e+003;6.666622e-002
1.729908e+003;6.622051e-002
1.730390e+003;6.577409e-002
1.730872e+003;6.533022e-002
1.731354e+003;6.489408e-002
1.731836e+003;6.447119e-002
1.732318e+003;6.406440e-002
1.732800e+003;6.367247e-002
1.733282e+003;6.329153e-002
1.733765e+003;6.291627e-002
1.734247e+003;6.254106e-002
1.734729e+003;6.216253e-002
1.735211e+003;6.178040e-002
1.735693e+003;6.139662e-002
1.736175e+003;6.101479e-002
1.736657e+003;6.063852e-002
1.737140e+003;6.027146e-002
1.737622e+003;5.991603e-002
1.738104e+003;5.957318e-002
1.738586e+003;5.924119e-002
1.739068e+003;5.891659e-002
1.739550e+003;5.859432e-002
1.740032e+003;5.826978e-002
1.740515e+003;5.793997e-002
1.740997e+003;5.760495e-002
1.741479e+003;5.726835e-002
1.741961e+003;5.693526e-002
1.742443e+003;5.661011e-002
1.742925e+003;5.629537e-002
1.743407e+003;5.598955e-002
1.743890e+003;5.568904e-002
1.744372e+003;5.538904e-002
1.744854e+003;5.508671e-002
1.745336e+003;5.478234e-002
1.745818e+003;5.447973e-002
1.746300e+003;5.418329e-002
1.746782e+003;5.389749e-002
1.747265e+003;5.362328e-002
1.747747e+003;5.335900e-002
1.748229e+003;5.310078e-002
1.748711e+003;5.284491e-002
1.749193e+003;5.258992e-002
1.749675e+003;5.233608e-002
1.750157e+003;5.208539e-002
1.750639e+003;5.183882e-002
1.751122e+003;5.159505e-002
1.751604e+003;5.135030e-002
1.752086e+003;5.110033e-002
1.752568e+003;5.084230e-002
1.753050e+003;5.057690e-002
1.753532e+003;5.030939e-002
1.754014e+003;5.004681e-002
1.754497e+003;4.979596e-002
1.754979e+003;4.956007e-002
1.755461e+003;4.933804e-002
1.755943e+003;4.912425e-002
1.756425e+003;4.891215e-002
1.756907e+003;4.869614e-002
1.757389e+003;4.847462e-002
1.757871e+003;4.824975e-002
1.758354e+003;4.802625e-002
1.758836e+003;4.780878e-002
1.759318e+003;4.760068e-002
1.759800e+003;4.740163e-002
1.760282e+003;4.720999e-002
1.760764e+003;4.702355e-002
1.761246e+003;4.684110e-002
1.761729e+003;4.666218e-002
1.762211e+003;4.648748e-002
1.762693e+003;4.631583e-002
1.763175e+003;4.614593e-002
1.763657e+003;4.597492e-002
1.764139e+003;4.580018e-002
1.764621e+003;4.562143e-002
1.765104e+003;4.544118e-002
1.765586e+003;4.526385e-002
1.766068e+003;4.509485e-002
1.766550e+003;4.493851e-002
1.767032e+003;4.479479e-002
1.767514e+003;4.466037e-002
1.767996e+003;4.453002e-002
1.768479e+003;4.439768e-002
1.768961e+003;4.425976e-002
1.769443e+003;4.411521e-002
1.769925e+003;4.396613e-002
1.770407e+003;4.381601e-002
1.770889e+003;4.366720e-002
1.771371e+003;4.352076e-002
1.771854e+003;4.337587e-002
1.772336e+003;4.323012e-002
1.772818e+003;4.308254e-002
1.773300e+003;4.293215e-002
1.773782e+003;4.278034e-002
1.774264e+003;4.262948e-002
1.774746e+003;4.248142e-002
1.775228e+003;4.233821e-002
1.775711e+003;4.220085e-002
1.776193e+003;4.207016e-002
1.776675e+003;4.194612e-002
1.777157e+003;4.182889e-002
1.777639e+003;4.171805e-002
1.778121e+003;4.161302e-002
1.778603e+003;4.151225e-002
1.779086e+003;4.141396e-002
1.779568e+003;4.131657e-002
1.780050e+003;4.121859e-002
1.780532e+003;4.111943e-002
1.781014e+003;4.101954e-002
1.781496e+003;4.091899e-002
1.781978e+003;4.081783e-002
1.782460e+003;4.071601e-002
1.782943e+003;4.061246e-002
1.783425e+003;4.050613e-002
1.783907e+003;4.039719e-002
1.784389e+003;4.028567e-002
1.784871e+003;4.017253e-002
1.785353e+003;4.005922e-002
1.785835e+003;3.994717e-002
1.786318e+003;3.983819e-002
1.786800e+003;3.973347e-002
1.787282e+003;3.963562e-002
1.787764e+003;3.954639e-002
1.788246e+003;3.946759e-002
1.788728e+003;3.939860e-002
1.789210e+003;3.933832e-002
1.789693e+003;3.928229e-002
1.790175e+003;3.922582e-002
1.790657e+003;3.916437e-002
1.791139e+003;3.909503e-002
1.791621e+003;3.901804e-002
1.792103e+003;3.893514e-002
1.792585e+003;3.884940e-002
1.793068e+003;3.876287e-002
1.793550e+003;3.867598e-002
1.794032e+003;3.858763e-002
1.794514e+003;3.849529e-002
1.794996e+003;3.839797e-002
1.795478e+003;3.829674e-002
1.795960e+003;3.819465e-002
1.796442e+003;3.809595e-002
1.796925e+003;3.800384e-002
1.797407e+003;3.792026e-002
1.797889e+003;3.784425e-002
1.798371e+003;3.777335e-002
1.798853e+003;3.770484e-002
1.799335e+003;3.763743e-002
1.799817e+003;3.757137e-002
1.800300e+003;3.750845e-002
1.800782e+003;3.745027e-002
1.801264e+003;3.739737e-002
1.801746e+003;3.734828e-002
1.802228e+003;3.730008e-002
1.802710e+003;3.724942e-002
1.803192e+003;3.719353e-002
1.803674e+003;3.713153e-002
1.804157e+003;3.706349e-002
1.804639e+003;3.698989e-002
1.805121e+003;3.691225e-002
1.805603e+003;3.683087e-002
1.806085e+003;3.674757e-002
1.806567e+003;3.666486e-002
1.807049e+003;3.658700e-002
1.807532e+003;3.651865e-002
1.808014e+003;3.646400e-002
1.808496e+003;3.642413e-002
1.808978e+003;3.639680e-002
1.809460e+003;3.637567e-002
1.809942e+003;3.635264e-002
1.810424e+003;3.632010e-002
1.810906e+003;3.627360e-002
1.811389e+003;3.621286e-002
1.811871e+003;3.614079e-002
1.812353e+003;3.606163e-002
1.812835e+003;3.597967e-002
1.813317e+003;3.589693e-002
1.813799e+003;3.581445e-002
1.814281e+003;3.573244e-002
1.814764e+003;3.565297e-002
1.815246e+003;3.557963e-002
1.815728e+003;3.551847e-002
1.816210e+003;3.547433e-002
1.816692e+003;3.545069e-002
1.817174e+003;3.544631e-002
1.817656e+003;3.545621e-002
1.818139e+003;3.547299e-002
1.818621e+003;3.548839e-002
1.819103e+003;3.549603e-002
1.819585e+003;3.549195e-002
1.820067e+003;3.547486e-002
1.820549e+003;3.544539e-002
1.821031e+003;3.540618e-002
1.821514e+003;3.536015e-002
1.821996e+003;3.531174e-002
1.822478e+003;3.526616e-002
1.822960e+003;3.522926e-002
1.823442e+003;3.520560e-002
1.823924e+003;3.519684e-002
1.824406e+003;3.520097e-002
1.824889e+003;3.521115e-002
1.825371e+003;3.521944e-002
1.825853e+003;3.521743e-002
1.826335e+003;3.520035e-002
1.826817e+003;3.516831e-002
1.827299e+003;3.512476e-002
1.827781e+003;3.507617e-002
1.828263e+003;3.502907e-002
1.828746e+003;3.498765e-002
1.829228e+003;3.495273e-002
1.829710e+003;3.492386e-002
1.830192e+003;3.489790e-002
1.830674e+003;3.487281e-002
1.831156e+003;3.484611e-002
1.831638e+003;3.481654e-002
1.832121e+003;3.478277e-002
1.832603e+003;3.474397e-002
1.833085e+003;3.470014e-002
1.833567e+003;3.465227e-002
1.834049e+003;3.460439e-002
1.834531e+003;3.456111e-002
1.835013e+003;3.452817e-002
1.835495e+003;3.450936e-002
1.835978e+003;3.450558e-002
1.836460e+003;3.451516e-002
1.836942e+003;3.453255e-002
1.837424e+003;3.455248e-002
1.837906e+003;3.457052e-002
1.838388e+003;3.458384e-002
1.838870e+003;3.459101e-002
1.839353e+003;3.459161e-002
1.839835e+003;3.458483e-002
1.840317e+003;3.457002e-002
1.840799e+003;3.454703e-002
1.841281e+003;3.451736e-002
1.841763e+003;3.448549e-002
1.842245e+003;3.445774e-002
1.842728e+003;3.443954e-002
1.843210e+003;3.443351e-002
1.843692e+003;3.443786e-002
1.844174e+003;3.444584e-002
1.844656e+003;3.444873e-002
1.845138e+003;3.443934e-002
1.845620e+003;3.441541e-002
1.846103e+003;3.438079e-002
1.846585e+003;3.434417e-002
1.847067e+003;3.431455e-002
1.847549e+003;3.429859e-002
1.848031e+003;3.429712e-002
1.848513e+003;3.430543e-002
1.848995e+003;3.431502e-002
1.849478e+003;3.431828e-002
1.849960e+003;3.431007e-002
1.850442e+003;3.429023e-002
1.850924e+003;3.426249e-002
1.851406e+003;3.423217e-002
1.851888e+003;3.420414e-002
1.852370e+003;3.418256e-002
1.852852e+003;3.416923e-002
1.853335e+003;3.416627e-002
1.853817e+003;3.417503e-002
1.854299e+003;3.419623e-002
1.854781e+003;3.422833e-002
1.855263e+003;3.426738e-002
1.855745e+003;3.430605e-002
1.856227e+003;3.433576e-002
1.856710e+003;3.435000e-002
1.857192e+003;3.434621e-002
1.857674e+003;3.432828e-002
1.858156e+003;3.430340e-002
1.858638e+003;3.428011e-002
1.859120e+003;3.426393e-002
1.859602e+003;3.425495e-002
1.860084e+003;3.424711e-002
1.860567e+003;3.423205e-002
1.861049e+003;3.420279e-002
1.861531e+003;3.415721e-002
1.862013e+003;3.409919e-002
1.862495e+003;3.403825e-002
1.862977e+003;3.398428e-002
1.863459e+003;3.394537e-002
1.863942e+003;3.392401e-002
1.864424e+003;3.391823e-002
1.864906e+003;3.392300e-002
1.865388e+003;3.393468e-002
1.865870e+003;3.395079e-002
1.866352e+003;3.397207e-002
1.866834e+003;3.400059e-002
1.867317e+003;3.403737e-002
1.867799e+003;3.408063e-002
1.868281e+003;3.412616e-002
1.868763e+003;3.416771e-002
1.869245e+003;3.420088e-002
1.869727e+003;3.422417e-002
1.870209e+003;3.423863e-002
1.870692e+003;3.424881e-002
1.871174e+003;3.425906e-002
1.871656e+003;3.427293e-002
1.872138e+003;3.429172e-002
1.872620e+003;3.431441e-002
1.873102e+003;3.433968e-002
1.873584e+003;3.436510e-002
1.874067e+003;3.438942e-002
1.874549e+003;3.441117e-002
1.875031e+003;3.442922e-002
1.875513e+003;3.444235e-002
1.875995e+003;3.444933e-002
1.876477e+003;3.444994e-002
1.876959e+003;3.444582e-002
1.877441e+003;3.444013e-002
1.877924e+003;3.443736e-002
1.878406e+003;3.444152e-002
1.878888e+003;3.445510e-002
1.879370e+003;3.447726e-002
1.879852e+003;3.450527e-002
1.880334e+003;3.453375e-002
1.880816e+003;3.455697e-002
1.881299e+003;3.457078e-002
1.881781e+003;3.457333e-002
1.882263e+003;3.456474e-002
1.882745e+003;3.454868e-002
1.883227e+003;3.452992e-002
1.883709e+003;3.451435e-002
1.884191e+003;3.450808e-002
1.884673e+003;3.451567e-002
1.885156e+003;3.453988e-002
1.885638e+003;3.458058e-002
1.886120e+003;3.463544e-002
1.886602e+003;3.470058e-002
1.887084e+003;3.477123e-002
1.887566e+003;3.484295e-002
1.888048e+003;3.491229e-002
1.888531e+003;3.497691e-002
1.889013e+003;3.503411e-002
1.889495e+003;3.508108e-002
1.889977e+003;3.511539e-002
1.890459e+003;3.513461e-002
1.890941e+003;3.513959e-002
1.891423e+003;3.513402e-002
1.891906e+003;3.512479e-002
1.892388e+003;3.512072e-002
1.892870e+003;3.512790e-002
1.893352e+003;3.514909e-002
1.893834e+003;3.518168e-002
1.894316e+003;3.521764e-002
1.894798e+003;3.524815e-002
1.895281e+003;3.526590e-002
1.895763e+003;3.526885e-002
1.896245e+003;3.526011e-002
1.896727e+003;3.524539e-002
1.897209e+003;3.523067e-002
1.897691e+003;3.521718e-002
1.898173e+003;3.520283e-002
1.898656e+003;3.518314e-002
1.899138e+003;3.515346e-002
1.899620e+003;3.511555e-002
1.900102e+003;3.507698e-002
1.900584e+003;3.505079e-002
1.901066e+003;3.505002e-002
1.901548e+003;3.508349e-002
1.902030e+003;3.515150e-002
1.902513e+003;3.524495e-002
1.902995e+003;3.534857e-002
1.903477e+003;3.544521e-002
1.903959e+003;3.552255e-002
1.904441e+003;3.557364e-002
1.904923e+003;3.559984e-002
1.905405e+003;3.560562e-002
1.905888e+003;3.559716e-002
1.906370e+003;3.557939e-002
1.906852e+003;3.555337e-002
1.907334e+003;3.552007e-002
1.907816e+003;3.548009e-002
1.908298e+003;3.543554e-002
1.908780e+003;3.539168e-002
1.909262e+003;3.535566e-002
1.909745e+003;3.533428e-002
1.910227e+003;3.533442e-002
1.910709e+003;3.535893e-002
1.911191e+003;3.540922e-002
1.911673e+003;3.548459e-002
1.912155e+003;3.557996e-002
1.912637e+003;3.568949e-002
1.913120e+003;3.580377e-002
1.913602e+003;3.591335e-002
1.914084e+003;3.600962e-002
1.914566e+003;3.608646e-002
1.915048e+003;3.614267e-002
1.915530e+003;3.618206e-002
1.916012e+003;3.621100e-002
1.916495e+003;3.623576e-002
1.916977e+003;3.626132e-002
1.917459e+003;3.628771e-002
1.917941e+003;3.631203e-002
1.918423e+003;3.633052e-002
1.918905e+003;3.634065e-002
1.919387e+003;3.634379e-002
1.919870e+003;3.634376e-002
1.920352e+003;3.634617e-002
1.920834e+003;3.635490e-002
1.921316e+003;3.637101e-002
1.921798e+003;3.639125e-002
1.922280e+003;3.640995e-002
1.922762e+003;3.642175e-002
1.923245e+003;3.642396e-002
1.923727e+003;3.641644e-002
1.924209e+003;3.640219e-002
1.924691e+003;3.638534e-002
1.925173e+003;3.636960e-002
1.925655e+003;3.635798e-002
1.926137e+003;3.635248e-002
1.926619e+003;3.635632e-002
1.927102e+003;3.637462e-002
1.927584e+003;3.641201e-002
1.928066e+003;3.647416e-002
1.928548e+003;3.656338e-002
1.929030e+003;3.667869e-002
1.929512e+003;3.681511e-002
1.929994e+003;3.696571e-002
1.930477e+003;3.712330e-002
1.930959e+003;3.728205e-002
1.931441e+003;3.743730e-002
1.931923e+003;3.758447e-002
1.932405e+003;3.771921e-002
1.932887e+003;3.783568e-002
1.933369e+003;3.792976e-002
1.933851e+003;3.799928e-002
1.934334e+003;3.804926e-002
1.934816e+003;3.809108e-002
1.935298e+003;3.813962e-002
1.935780e+003;3.820900e-002
1.936262e+003;3.830969e-002
1.936744e+003;3.844134e-002
1.937226e+003;3.859431e-002
1.937709e+003;3.875045e-002
1.938191e+003;3.889037e-002
1.938673e+003;3.899881e-002
1.939155e+003;3.906753e-002
1.939637e+003;3.909872e-002
1.940119e+003;3.910365e-002
1.940601e+003;3.909762e-002
1.941083e+003;3.909762e-002
1.941566e+003;3.911825e-002
1.942048e+003;3.916868e-002
1.942530e+003;3.925021e-002
1.943012e+003;3.935749e-002
1.943494e+003;3.947906e-002
1.943976e+003;3.959928e-002
1.944458e+003;3.970310e-002
1.944941e+003;3.978252e-002
1.945423e+003;3.983826e-002
1.945905e+003;3.987997e-002
1.946387e+003;3.992454e-002
1.946869e+003;3.998799e-002
1.947351e+003;4.008022e-002
1.947833e+003;4.019850e-002
1.948316e+003;4.032882e-002
1.948798e+003;4.045245e-002
1.949280e+003;4.055026e-002
1.949762e+003;4.061438e-002
1.950244e+003;4.064984e-002
1.950726e+003;4.067122e-002
1.951208e+003;4.069667e-002
1.951691e+003;4.073793e-002
1.952173e+003;4.079469e-002
1.952655e+003;4.085311e-002
1.953137e+003;4.089212e-002
1.953619e+003;4.089427e-002
1.954101e+003;4.085381e-002
1.954583e+003;4.078004e-002
1.955066e+003;4.069876e-002
1.955548e+003;4.064299e-002
1.956030e+003;4.064316e-002
1.956512e+003;4.072281e-002
1.956994e+003;4.089054e-002
1.957476e+003;4.114382e-002
1.957958e+003;4.147071e-002
1.958440e+003;4.185275e-002
1.958923e+003;4.226889e-002
1.959405e+003;4.269559e-002
1.959887e+003;4.310782e-002
1.960369e+003;4.348160e-002
1.960851e+003;4.379484e-002
1.961333e+003;4.403162e-002
1.961815e+003;4.418607e-002
1.962298e+003;4.426048e-002
1.962780e+003;4.426676e-002
1.963262e+003;4.422358e-002
1.963744e+003;4.415173e-002
1.964226e+003;4.407436e-002
1.964708e+003;4.401197e-002
1.965190e+003;4.398465e-002
1.965672e+003;4.400614e-002
1.966155e+003;4.407922e-002
1.966637e+003;4.419597e-002
1.967119e+003;4.433593e-002
1.967601e+003;4.447041e-002
1.968083e+003;4.457432e-002
1.968565e+003;4.463211e-002
1.969047e+003;4.465115e-002
1.969530e+003;4.465906e-002
1.970012e+003;4.469227e-002
1.970494e+003;4.478563e-002
1.970976e+003;4.495618e-002
1.971458e+003;4.519213e-002
1.971940e+003;4.545787e-002
1.972422e+003;4.570333e-002
1.972905e+003;4.588572e-002
1.973387e+003;4.598462e-002
1.973869e+003;4.600939e-002
1.974351e+003;4.599763e-002
1.974833e+003;4.600052e-002
1.975315e+003;4.606389e-002
1.975797e+003;4.621737e-002
1.976280e+003;4.646115e-002
1.976762e+003;4.677103e-002
1.977244e+003;4.710550e-002
1.977726e+003;4.741894e-002
1.978208e+003;4.766908e-002
1.978690e+003;4.782770e-002
1.979172e+003;4.788214e-002
1.979655e+003;4.783354e-002
1.980137e+003;4.769946e-002
1.980619e+003;4.750786e-002
1.981101e+003;4.729726e-002
1.981583e+003;4.710346e-002
1.982065e+003;4.695726e-002
1.982547e+003;4.687274e-002
1.983029e+003;4.684307e-002
1.983512e+003;4.684288e-002
1.983994e+003;4.683885e-002
1.984476e+003;4.679983e-002
1.984958e+003;4.671003e-002
1.985440e+003;4.657186e-002
1.985922e+003;4.640546e-002
1.986404e+003;4.624109e-002
1.986887e+003;4.610438e-002
1.987369e+003;4.601242e-002
1.987851e+003;4.596850e-002
1.988333e+003;4.596686e-002
1.988815e+003;4.600018e-002
1.989297e+003;4.606243e-002
1.989779e+003;4.615538e-002
1.990261e+003;4.628384e-002
1.990744e+003;4.645047e-002
1.991226e+003;4.665089e-002
1.991708e+003;4.687061e-002
1.992190e+003;4.708532e-002
1.992672e+003;4.726671e-002
1.993154e+003;4.738821e-002
1.993636e+003;4.743003e-002
1.994119e+003;4.738552e-002
1.994601e+003;4.725857e-002
1.995083e+003;4.706686e-002
1.995565e+003;4.683504e-002
1.996047e+003;4.659613e-002
1.996529e+003;4.638494e-002
1.997011e+003;4.623365e-002
1.997494e+003;4.616482e-002
1.997976e+003;4.618866e-002
1.998458e+003;4.629780e-002
1.998940e+003;4.647043e-002
1.999422e+003;4.667295e-002
1.999904e+003;4.687247e-002
2.000386e+003;4.704223e-002
2.000869e+003;4.716941e-002
2.001351e+003;4.725611e-002
2.001833e+003;4.731876e-002
2.002315e+003;4.737955e-002
2.002797e+003;4.746104e-002
2.003279e+003;4.758231e-002
2.003761e+003;4.775303e-002
2.004244e+003;4.797529e-002
2.004726e+003;4.824306e-002
2.005208e+003;4.854544e-002
2.005690e+003;4.886502e-002
2.006172e+003;4.918194e-002
2.006654e+003;4.947647e-002
2.007136e+003;4.973245e-002
2.007618e+003;4.993991e-002
2.008101e+003;5.009728e-002
2.008583e+003;5.020954e-002
2.009065e+003;5.028576e-002
2.009547e+003;5.033204e-002
2.010029e+003;5.035181e-002
2.010511e+003;5.034441e-002
2.010993e+003;5.030721e-002
2.011476e+003;5.024274e-002
2.011958e+003;5.016561e-002
2.012440e+003;5.009734e-002
2.012922e+003;5.007014e-002
2.013404e+003;5.011746e-002
2.013886e+003;5.026303e-002
2.014368e+003;5.051403e-002
2.014850e+003;5.085790e-002
2.015333e+003;5.126245e-002
2.015815e+003;5.168345e-002
2.016297e+003;5.206944e-002
2.016779e+003;5.237604e-002
2.017261e+003;5.257316e-002
2.017743e+003;5.264854e-002
2.018225e+003;5.261226e-002
2.018708e+003;5.248948e-002
2.019190e+003;5.232047e-002
2.019672e+003;5.214780e-002
2.020154e+003;5.200725e-002
2.020636e+003;5.192376e-002
2.021118e+003;5.190702e-002
2.021600e+003;5.195131e-002
2.022083e+003;5.204367e-002
2.022565e+003;5.216915e-002
2.023047e+003;5.231775e-002
2.023529e+003;5.248572e-002
2.024011e+003;5.267173e-002
2.024493e+003;5.287282e-002
2.024975e+003;5.307704e-002
2.025458e+003;5.326249e-002
2.025940e+003;5.340291e-002
2.026422e+003;5.347477e-002
2.026904e+003;5.346715e-002
2.027386e+003;5.338750e-002
2.027868e+003;5.325864e-002
2.028350e+003;5.311354e-002
2.028833e+003;5.298172e-002
2.029315e+003;5.288099e-002
2.029797e+003;5.281258e-002
2.030279e+003;5.276264e-002
2.030761e+003;5.271751e-002
2.031243e+003;5.267066e-002
2.031725e+003;5.263028e-002
2.032207e+003;5.262104e-002
2.032690e+003;5.267692e-002
2.033172e+003;5.282694e-002
2.033654e+003;5.308681e-002
2.034136e+003;5.344437e-002
2.034618e+003;5.387125e-002
2.035100e+003;5.431672e-002
2.035582e+003;5.472494e-002
2.036065e+003;5.504613e-002
2.036547e+003;5.524224e-002
2.037029e+003;5.529642e-002
2.037511e+003;5.521630e-002
2.037993e+003;5.502943e-002
2.038475e+003;5.478230e-002
2.038957e+003;5.452535e-002
2.039439e+003;5.430779e-002
2.039922e+003;5.416190e-002
2.040404e+003;5.409946e-002
2.040886e+003;5.410799e-002
2.041368e+003;5.415810e-002
2.041850e+003;5.421145e-002
2.042332e+003;5.424029e-002
2.042814e+003;5.423087e-002
2.043297e+003;5.418745e-002
2.043779e+003;5.412826e-002
2.044261e+003;5.407768e-002
2.044743e+003;5.405551e-002
2.045225e+003;5.406839e-002
2.045707e+003;5.411320e-002
2.046189e+003;5.418022e-002
2.046672e+003;5.425807e-002
2.047154e+003;5.433913e-002
2.047636e+003;5.441923e-002
2.048118e+003;5.449596e-002
2.048600e+003;5.456314e-002
2.049082e+003;5.461005e-002
2.049564e+003;5.462312e-002
2.050047e+003;5.459278e-002
2.050529e+003;5.451988e-002
2.051011e+003;5.441587e-002
2.051493e+003;5.430461e-002
2.051975e+003;5.421447e-002
2.052457e+003;5.417084e-002
2.052939e+003;5.418942e-002
2.053422e+003;5.426889e-002
2.053904e+003;5.439540e-002
2.054386e+003;5.454383e-002
2.054868e+003;5.468765e-002
2.055350e+003;5.480469e-002
2.055832e+003;5.488316e-002
2.056314e+003;5.491951e-002
2.056796e+003;5.491731e-002
2.057279e+003;5.488190e-002
2.057761e+003;5.481865e-002
2.058243e+003;5.473230e-002
2.058725e+003;5.462851e-002
2.059207e+003;5.451461e-002
2.059689e+003;5.440400e-002
2.060171e+003;5.431061e-002
2.060654e+003;5.425186e-002
2.061136e+003;5.424054e-002
2.061618e+003;5.428465e-002
2.062100e+003;5.438513e-002
2.062582e+003;5.453401e-002
2.063064e+003;5.471742e-002
2.063546e+003;5.491760e-002
2.064029e+003;5.511463e-002
2.064511e+003;5.528951e-002
2.064993e+003;5.542645e-002
2.065475e+003;5.551546e-002
2.065957e+003;5.555064e-002
2.066439e+003;5.553446e-002
2.066921e+003;5.547347e-002
2.067404e+003;5.537821e-002
2.067886e+003;5.526032e-002
2.068368e+003;5.513335e-002
2.068850e+003;5.500955e-002
2.069332e+003;5.490035e-002
2.069814e+003;5.481846e-002
2.070296e+003;5.477574e-002
2.070779e+003;5.478317e-002
2.071260e+003;5.484946e-002
2.071743e+003;5.497605e-002
2.072225e+003;5.515870e-002
2.072707e+003;5.538128e-002
2.073189e+003;5.562241e-002
2.073671e+003;5.585675e-002
2.074153e+003;5.605928e-002
2.074635e+003;5.621191e-002
2.075118e+003;5.630848e-002
2.075600e+003;5.635194e-002
2.076082e+003;5.635573e-002
2.076564e+003;5.633879e-002
2.077046e+003;5.632044e-002
2.077528e+003;5.631543e-002
2.078010e+003;5.633010e-002
2.078493e+003;5.636281e-002
2.078975e+003;5.640559e-002
2.079457e+003;5.644581e-002
2.079939e+003;5.647239e-002
2.080421e+003;5.647624e-002
2.080903e+003;5.645703e-002
2.081385e+003;5.642049e-002
2.081868e+003;5.637769e-002
2.082350e+003;5.634279e-002
2.082832e+003;5.632939e-002
2.083314e+003;5.634610e-002
2.083796e+003;5.639544e-002
2.084278e+003;5.647083e-002
2.084760e+003;5.655969e-002
2.085243e+003;5.664382e-002
2.085725e+003;5.670547e-002
2.086207e+003;5.672881e-002
2.086689e+003;5.670637e-002
2.087171e+003;5.663856e-002
2.087653e+003;5.653547e-002
2.088135e+003;5.641348e-002
2.088617e+003;5.629299e-002
2.089100e+003;5.619286e-002
2.089582e+003;5.612724e-002
2.090064e+003;5.610107e-002
2.090546e+003;5.611365e-002
2.091028e+003;5.615637e-002
2.091510e+003;5.621937e-002
2.091992e+003;5.629257e-002
2.092475e+003;5.637164e-002
2.092957e+003;5.645666e-002
2.093439e+003;5.655026e-002
2.093921e+003;5.665588e-002
2.094403e+003;5.677550e-002
2.094885e+003;5.690413e-002
2.095367e+003;5.703394e-002
2.095850e+003;5.715295e-002
2.096332e+003;5.725056e-002
2.096814e+003;5.732173e-002
2.097296e+003;5.736585e-002
2.097778e+003;5.738955e-002
2.098260e+003;5.740200e-002
2.098742e+003;5.741179e-002
2.099225e+003;5.742505e-002
2.099707e+003;5.744172e-002
2.100189e+003;5.745801e-002
2.100671e+003;5.746602e-002
2.101153e+003;5.745881e-002
2.101635e+003;5.743010e-002
2.102117e+003;5.737927e-002
2.102600e+003;5.730897e-002
2.103082e+003;5.722611e-002
2.103564e+003;5.713809e-002
2.104046e+003;5.705419e-002
2.104528e+003;5.698273e-002
2.105010e+003;5.693017e-002
2.105492e+003;5.690081e-002
2.105974e+003;5.689809e-002
2.106457e+003;5.692278e-002
2.106939e+003;5.697355e-002
2.107421e+003;5.704723e-002
2.107903e+003;5.713997e-002
2.108385e+003;5.724607e-002
2.108867e+003;5.735921e-002
2.109349e+003;5.747330e-002
2.109832e+003;5.758336e-002
2.110314e+003;5.768468e-002
2.110796e+003;5.777503e-002
2.111278e+003;5.785171e-002
2.111760e+003;5.791418e-002
2.112242e+003;5.796221e-002
2.112724e+003;5.799521e-002
2.113207e+003;5.801262e-002
2.113689e+003;5.801407e-002
2.114171e+003;5.799932e-002
2.114653e+003;5.796843e-002
2.115135e+003;5.792208e-002
2.115617e+003;5.786369e-002
2.116099e+003;5.779698e-002
2.116582e+003;5.772935e-002
2.117064e+003;5.766916e-002
2.117546e+003;5.762663e-002
2.118028e+003;5.761053e-002
2.118510e+003;5.762889e-002
2.118992e+003;5.768154e-002
2.119474e+003;5.776361e-002
2.119957e+003;5.786179e-002
2.120438e+003;5.795575e-002
2.120921e+003;5.802364e-002
2.121403e+003;5.804596e-002
2.121885e+003;5.801116e-002
2.122367e+003;5.792070e-002
2.122849e+003;5.778676e-002
2.123331e+003;5.763129e-002
2.123813e+003;5.747959e-002
2.124296e+003;5.735203e-002
2.124778e+003;5.725906e-002
2.125260e+003;5.719937e-002
2.125742e+003;5.716026e-002
2.126224e+003;5.712511e-002
2.126706e+003;5.707743e-002
2.127188e+003;5.700834e-002
2.127671e+003;5.691576e-002
2.128153e+003;5.680674e-002
2.128635e+003;5.669016e-002
2.129117e+003;5.657436e-002
2.129599e+003;5.646664e-002
2.130081e+003;5.637207e-002
2.130563e+003;5.629743e-002
2.131046e+003;5.625239e-002
2.131528e+003;5.624869e-002
2.132010e+003;5.629840e-002
2.132492e+003;5.640576e-002
2.132974e+003;5.656312e-002
2.133456e+003;5.674641e-002
2.133938e+003;5.692418e-002
2.134421e+003;5.706031e-002
2.134903e+003;5.713142e-002
2.135385e+003;5.713055e-002
2.135867e+003;5.707315e-002
2.136349e+003;5.698818e-002
2.136831e+003;5.690913e-002
2.137313e+003;5.686045e-002
2.137795e+003;5.685129e-002
2.138278e+003;5.687344e-002
2.138760e+003;5.691105e-002
2.139242e+003;5.694740e-002
2.139724e+003;5.697403e-002
2.140206e+003;5.699306e-002
2.140688e+003;5.701893e-002
2.141170e+003;5.706361e-002
2.141653e+003;5.713690e-002
2.142135e+003;5.723407e-002
2.142617e+003;5.734443e-002
2.143099e+003;5.745091e-002
2.143581e+003;5.753711e-002
2.144063e+003;5.759230e-002
2.144545e+003;5.761009e-002
2.145028e+003;5.758683e-002
2.145510e+003;5.751939e-002
2.145992e+003;5.740390e-002
2.146474e+003;5.724095e-002
2.146956e+003;5.704120e-002
2.147438e+003;5.683225e-002
2.147920e+003;5.665495e-002
2.148403e+003;5.655829e-002
2.148885e+003;5.658203e-002
2.149367e+003;5.674449e-002
2.149849e+003;5.702469e-002
2.150331e+003;5.737002e-002
2.150813e+003;5.770266e-002
2.151295e+003;5.793915e-002
2.151778e+003;5.801290e-002
2.152260e+003;5.789440e-002
2.152742e+003;5.759257e-002
2.153224e+003;5.715524e-002
2.153706e+003;5.664909e-002
2.154188e+003;5.615003e-002
2.154670e+003;5.572513e-002
2.155152e+003;5.542350e-002
2.155635e+003;5.528139e-002
2.156117e+003;5.532711e-002
2.156599e+003;5.557868e-002
2.157081e+003;5.604922e-002
2.157563e+003;5.673034e-002
2.158045e+003;5.758807e-002
2.158527e+003;5.854798e-002
2.159010e+003;5.950553e-002
2.159492e+003;6.034418e-002
2.159974e+003;6.096135e-002
2.160456e+003;6.129654e-002
2.160938e+003;6.134415e-002
2.161420e+003;6.114540e-002
2.161902e+003;6.078204e-002
2.162385e+003;6.034945e-002
2.162867e+003;5.993887e-002
2.163349e+003;5.961588e-002
2.163831e+003;5.941116e-002
2.164313e+003;5.931463e-002
2.164795e+003;5.928484e-002
2.165277e+003;5.926105e-002
2.165760e+003;5.919095e-002
2.166242e+003;5.903812e-002
2.166724e+003;5.879635e-002
2.167206e+003;5.848898e-002
2.167688e+003;5.815752e-002
2.168170e+003;5.784856e-002
2.168652e+003;5.759586e-002
2.169135e+003;5.741356e-002
2.169616e+003;5.729429e-002
2.170099e+003;5.721816e-002
2.170581e+003;5.715790e-002
2.171063e+003;5.709684e-002
2.171545e+003;5.703315e-002
2.172027e+003;5.697732e-002
2.172509e+003;5.695081e-002
2.172991e+003;5.696696e-002
2.173474e+003;5.702964e-002
2.173956e+003;5.712241e-002
2.174438e+003;5.721108e-002
2.174920e+003;5.725685e-002
2.175402e+003;5.722443e-002
2.175884e+003;5.709603e-002
2.176366e+003;5.688020e-002
2.176849e+003;5.660307e-002
2.177331e+003;5.630866e-002
2.177813e+003;5.604108e-002
2.178295e+003;5.583633e-002
2.178777e+003;5.571422e-002
2.179259e+003;5.567830e-002
2.179741e+003;5.571223e-002
2.180224e+003;5.579389e-002
2.180706e+003;5.589215e-002
2.181188e+003;5.598086e-002
2.181670e+003;5.603849e-002
2.182152e+003;5.605187e-002
2.182634e+003;5.601454e-002
2.183116e+003;5.593046e-002
2.183598e+003;5.580628e-002
2.184081e+003;5.565751e-002
2.184563e+003;5.549565e-002
2.185045e+003;5.533820e-002
2.185527e+003;5.519690e-002
2.186009e+003;5.507949e-002
2.186491e+003;5.498846e-002
2.186973e+003;5.492319e-002
2.187456e+003;5.487832e-002
2.187938e+003;5.484648e-002
2.188420e+003;5.482185e-002
2.188902e+003;5.480051e-002
2.189384e+003;5.477853e-002
2.189866e+003;5.475678e-002
2.190348e+003;5.473493e-002
2.190831e+003;5.471200e-002
2.191313e+003;5.468781e-002
2.191795e+003;5.465978e-002
2.192277e+003;5.462309e-002
2.192759e+003;5.457194e-002
2.193241e+003;5.449891e-002
2.193723e+003;5.439645e-002
2.194206e+003;5.425847e-002
2.194688e+003;5.408235e-002
2.195170e+003;5.386993e-002
2.195652e+003;5.363353e-002
2.196134e+003;5.338886e-002
2.196616e+003;5.315907e-002
2.197098e+003;5.296717e-002
2.197581e+003;5.283025e-002
2.198063e+003;5.275594e-002
2.198545e+003;5.273896e-002
2.199027e+003;5.275991e-002
2.199509e+003;5.279181e-002
2.199991e+003;5.280462e-002
2.200473e+003;5.277451e-002
2.200955e+003;5.269051e-002
2.201438e+003;5.255469e-002
2.201920e+003;5.238353e-002
2.202402e+003;5.220294e-002
2.202884e+003;5.203709e-002
2.203366e+003;5.190695e-002
2.203848e+003;5.181909e-002
2.204330e+003;5.177022e-002
2.204813e+003;5.174622e-002
2.205295e+003;5.172777e-002
2.205777e+003;5.169750e-002
2.206259e+003;5.164407e-002
2.206741e+003;5.156338e-002
2.207223e+003;5.146397e-002
2.207705e+003;5.135659e-002
2.208188e+003;5.125751e-002
2.208670e+003;5.117977e-002
2.209152e+003;5.113180e-002
2.209634e+003;5.111539e-002
2.210116e+003;5.112762e-002
2.210598e+003;5.115894e-002
2.211080e+003;5.119877e-002
2.211563e+003;5.123344e-002
2.212045e+003;5.125311e-002
2.212527e+003;5.124935e-002
2.213009e+003;5.121697e-002
2.213491e+003;5.115681e-002
2.213973e+003;5.107527e-002
2.214455e+003;5.098481e-002
2.214938e+003;5.090205e-002
2.215419e+003;5.084122e-002
2.215902e+003;5.081606e-002
2.216384e+003;5.083146e-002
2.216866e+003;5.088178e-002
2.217348e+003;5.095017e-002
2.217830e+003;5.101648e-002
2.218312e+003;5.105687e-002
2.218794e+003;5.105292e-002
2.219277e+003;5.099363e-002
2.219759e+003;5.087947e-002
2.220241e+003;5.071744e-002
2.220723e+003;5.051909e-002
2.221205e+003;5.029640e-002
2.221687e+003;5.005903e-002
2.222169e+003;4.981331e-002
2.222652e+003;4.956763e-002
2.223134e+003;4.933221e-002
2.223616e+003;4.912226e-002
2.224098e+003;4.895706e-002
2.224580e+003;4.885324e-002
2.225062e+003;4.882118e-002
2.225544e+003;4.885967e-002
2.226027e+003;4.895351e-002
2.226509e+003;4.907797e-002
2.226991e+003;4.920054e-002
2.227473e+003;4.929522e-002
2.227955e+003;4.934372e-002
2.228437e+003;4.934119e-002
2.228919e+003;4.929467e-002
2.229402e+003;4.921999e-002
2.229884e+003;4.913440e-002
2.230366e+003;4.905088e-002
2.230848e+003;4.897572e-002
2.231330e+003;4.890932e-002
2.231812e+003;4.884607e-002
2.232294e+003;4.877838e-002
2.232776e+003;4.869992e-002
2.233259e+003;4.860780e-002
2.233741e+003;4.850322e-002
2.234223e+003;4.839198e-002
2.234705e+003;4.828187e-002
2.235187e+003;4.818434e-002
2.235669e+003;4.810909e-002
2.236151e+003;4.806248e-002
2.236634e+003;4.804613e-002
2.237116e+003;4.805268e-002
2.237598e+003;4.806973e-002
2.238080e+003;4.808009e-002
2.238562e+003;4.806808e-002
2.239044e+003;4.802176e-002
2.239526e+003;4.793910e-002
2.240009e+003;4.782609e-002
2.240491e+003;4.769408e-002
2.240973e+003;4.755697e-002
2.241455e+003;4.742456e-002
2.241937e+003;4.730063e-002
2.242419e+003;4.718266e-002
2.242901e+003;4.706582e-002
2.243384e+003;4.694746e-002
2.243866e+003;4.683032e-002
2.244348e+003;4.672178e-002
2.244830e+003;4.663264e-002
2.245312e+003;4.657149e-002
2.245794e+003;4.654098e-002
2.246276e+003;4.653325e-002
2.246759e+003;4.653434e-002
2.247240e+003;4.652738e-002
2.247723e+003;4.649971e-002
2.248205e+003;4.644640e-002
2.248687e+003;4.637307e-002
2.249169e+003;4.629041e-002
2.249651e+003;4.621248e-002
2.250133e+003;4.614994e-002
2.250615e+003;4.610580e-002
2.251098e+003;4.607542e-002
2.251580e+003;4.605205e-002
2.252062e+003;4.602890e-002
2.252544e+003;4.600231e-002
2.253026e+003;4.597561e-002
2.253508e+003;4.595539e-002
2.253990e+003;4.594729e-002
2.254473e+003;4.595439e-002
2.254955e+003;4.597338e-002
2.255437e+003;4.599660e-002
2.255919e+003;4.601434e-002
2.256401e+003;4.601940e-002
2.256883e+003;4.600831e-002
2.257365e+003;4.598396e-002
2.257848e+003;4.595184e-002
2.258330e+003;4.592048e-002
2.258812e+003;4.589648e-002
2.259294e+003;4.588321e-002
2.259776e+003;4.588006e-002
2.260258e+003;4.588412e-002
2.260740e+003;4.588842e-002
2.261223e+003;4.588690e-002
2.261705e+003;4.587186e-002
2.262187e+003;4.583695e-002
2.262669e+003;4.577957e-002
2.263151e+003;4.569984e-002
2.263633e+003;4.560264e-002
2.264115e+003;4.549897e-002
2.264597e+003;4.540123e-002
2.265080e+003;4.532279e-002
2.265562e+003;4.527082e-002
2.266044e+003;4.524579e-002
2.266526e+003;4.523913e-002
2.267008e+003;4.523531e-002
2.267490e+003;4.521684e-002
2.267972e+003;4.517029e-002
2.268455e+003;4.508995e-002
2.268937e+003;4.498117e-002
2.269419e+003;4.485836e-002
2.269901e+003;4.474030e-002
2.270383e+003;4.464543e-002
2.270865e+003;4.458571e-002
2.271347e+003;4.456345e-002
2.271830e+003;4.457227e-002
2.272312e+003;4.459772e-002
2.272794e+003;4.462302e-002
2.273276e+003;4.463280e-002
2.273758e+003;4.461673e-002
2.274240e+003;4.457069e-002
2.274722e+003;4.449830e-002
2.275205e+003;4.440790e-002
2.275687e+003;4.431171e-002
2.276169e+003;4.422077e-002
2.276651e+003;4.414463e-002
2.277133e+003;4.408763e-002
2.277615e+003;4.404843e-002
2.278097e+003;4.402256e-002
2.278580e+003;4.400228e-002
2.279062e+003;4.398175e-002
2.279544e+003;4.395836e-002
2.280026e+003;4.393480e-002
2.280508e+003;4.391764e-002
2.280990e+003;4.391563e-002
2.281472e+003;4.393605e-002
2.281954e+003;4.397955e-002
2.282437e+003;4.404008e-002
2.282919e+003;4.410418e-002
2.283401e+003;4.415448e-002
2.283883e+003;4.417337e-002
2.284365e+003;4.414812e-002
2.284847e+003;4.407377e-002
2.285329e+003;4.395531e-002
2.285812e+003;4.380444e-002
2.286294e+003;4.363826e-002
2.286776e+003;4.347361e-002
2.287258e+003;4.332609e-002
2.287740e+003;4.320497e-002
2.288222e+003;4.311391e-002
2.288704e+003;4.305062e-002
2.289187e+003;4.300964e-002
2.289669e+003;4.298225e-002
2.290151e+003;4.296055e-002
2.290633e+003;4.293711e-002
2.291115e+003;4.290691e-002
2.291597e+003;4.286775e-002
2.292079e+003;4.281833e-002
2.292562e+003;4.275906e-002
2.293044e+003;4.269009e-002
2.293526e+003;4.261158e-002
2.294008e+003;4.252360e-002
2.294490e+003;4.242733e-002
2.294972e+003;4.232501e-002
2.295454e+003;4.222098e-002
2.295937e+003;4.212081e-002
2.296418e+003;4.202909e-002
2.296901e+003;4.195012e-002
2.297383e+003;4.188494e-002
2.297865e+003;4.183109e-002
2.298347e+003;4.178460e-002
2.298829e+003;4.174038e-002
2.299311e+003;4.169464e-002
2.299793e+003;4.164682e-002
2.300276e+003;4.159865e-002
2.300758e+003;4.155309e-002
2.301240e+003;4.151411e-002
2.301722e+003;4.148306e-002
2.302204e+003;4.145907e-002
2.302686e+003;4.143944e-002
2.303168e+003;4.142012e-002
2.303651e+003;4.139856e-002
2.304133e+003;4.137373e-002
2.304615e+003;4.134665e-002
2.305097e+003;4.131940e-002
2.305579e+003;4.129373e-002
2.306061e+003;4.127020e-002
2.306543e+003;4.124817e-002
2.307026e+003;4.122517e-002
2.307508e+003;4.119945e-002
2.307990e+003;4.116988e-002
2.308472e+003;4.113640e-002
2.308954e+003;4.109965e-002
2.309436e+003;4.106016e-002
2.309918e+003;4.101762e-002
2.310401e+003;4.097180e-002
2.310883e+003;4.092140e-002
2.311365e+003;4.086708e-002
2.311847e+003;4.081083e-002
2.312329e+003;4.075718e-002
2.312811e+003;4.071053e-002
2.313293e+003;4.067560e-002
2.313775e+003;4.065397e-002
2.314258e+003;4.064441e-002
2.314740e+003;4.064265e-002
2.315222e+003;4.064305e-002
2.315704e+003;4.063937e-002
2.316186e+003;4.062793e-002
2.316668e+003;4.060762e-002
2.317150e+003;4.058018e-002
2.317633e+003;4.054864e-002
2.318115e+003;4.051886e-002
2.318597e+003;4.049521e-002
2.319079e+003;4.048436e-002
2.319561e+003;4.049109e-002
2.320043e+003;4.051912e-002
2.320525e+003;4.056948e-002
2.321008e+003;4.063740e-002
2.321490e+003;4.071311e-002
2.321972e+003;4.078069e-002
2.322454e+003;4.082016e-002
2.322936e+003;4.081229e-002
2.323418e+003;4.074316e-002
2.323900e+003;4.060692e-002
2.324383e+003;4.040946e-002
2.324865e+003;4.016589e-002
2.325347e+003;3.989836e-002
2.325829e+003;3.963041e-002
2.326311e+003;3.938365e-002
2.326793e+003;3.917244e-002
2.327275e+003;3.900158e-002
2.327758e+003;3.886915e-002
2.328240e+003;3.876664e-002
2.328722e+003;3.868432e-002
2.329204e+003;3.861303e-002
2.329686e+003;3.854765e-002
2.330168e+003;3.848745e-002
2.330650e+003;3.843453e-002
2.331132e+003;3.839210e-002
2.331615e+003;3.836136e-002
2.332097e+003;3.834217e-002
2.332579e+003;3.833140e-002
2.333061e+003;3.832351e-002
2.333543e+003;3.831344e-002
2.334025e+003;3.829629e-002
2.334507e+003;3.826966e-002
2.334990e+003;3.823178e-002
2.335472e+003;3.818278e-002
2.335954e+003;3.812476e-002
2.336436e+003;3.805973e-002
2.336918e+003;3.799129e-002
2.337400e+003;3.792395e-002
2.337882e+003;3.786214e-002
2.338365e+003;3.781069e-002
2.338847e+003;3.777255e-002
2.339329e+003;3.774880e-002
2.339811e+003;3.773751e-002
2.340293e+003;3.773394e-002
2.340775e+003;3.773109e-002
2.341257e+003;3.772300e-002
2.341740e+003;3.770540e-002
2.342222e+003;3.767636e-002
2.342704e+003;3.763885e-002
2.343186e+003;3.759697e-002
2.343668e+003;3.755667e-002
2.344150e+003;3.752129e-002
2.344632e+003;3.749258e-002
2.345115e+003;3.746812e-002
2.345596e+003;3.744300e-002
2.346079e+003;3.741216e-002
2.346561e+003;3.737113e-002
2.347043e+003;3.731855e-002
2.347525e+003;3.725610e-002
2.348007e+003;3.718855e-002
2.348489e+003;3.712129e-002
2.348971e+003;3.706047e-002
2.349454e+003;3.700890e-002
2.349936e+003;3.696798e-002
2.350418e+003;3.693430e-002
2.350900e+003;3.690360e-002
2.351382e+003;3.687077e-002
2.351864e+003;3.683115e-002
2.352346e+003;3.678214e-002
2.352829e+003;3.672357e-002
2.353311e+003;3.665820e-002
2.353793e+003;3.659020e-002
2.354275e+003;3.652453e-002
2.354757e+003;3.646562e-002
2.355239e+003;3.641730e-002
2.355721e+003;3.638019e-002
2.356204e+003;3.635333e-002
2.356686e+003;3.633359e-002
2.357168e+003;3.631682e-002
2.357650e+003;3.629819e-002
2.358132e+003;3.627323e-002
2.358614e+003;3.623951e-002
2.359096e+003;3.619526e-002
2.359579e+003;3.614053e-002
2.360061e+003;3.607744e-002
2.360543e+003;3.600907e-002
2.361025e+003;3.593840e-002
2.361507e+003;3.586851e-002
2.361989e+003;3.580070e-002
2.362471e+003;3.573571e-002
2.362953e+003;3.567296e-002
2.363436e+003;3.561068e-002
2.363918e+003;3.554877e-002
2.364400e+003;3.548766e-002
2.364882e+003;3.543008e-002
2.365364e+003;3.538028e-002
2.365846e+003;3.534222e-002
2.366328e+003;3.531980e-002
2.366811e+003;3.531361e-002
2.367293e+003;3.532047e-002
2.367775e+003;3.533359e-002
2.368257e+003;3.534501e-002
2.368739e+003;3.534685e-002
2.369221e+003;3.533381e-002
2.369703e+003;3.530509e-002
2.370186e+003;3.526359e-002
2.370668e+003;3.521703e-002
2.371150e+003;3.517216e-002
2.371632e+003;3.513581e-002
2.372114e+003;3.511157e-002
2.372596e+003;3.509958e-002
2.373078e+003;3.509744e-002
2.373561e+003;3.510132e-002
2.374043e+003;3.510715e-002
2.374525e+003;3.511184e-002
2.375007e+003;3.511277e-002
2.375489e+003;3.510834e-002
2.375971e+003;3.509633e-002
2.376453e+003;3.507477e-002
2.376936e+003;3.504123e-002
2.377417e+003;3.499480e-002
2.377900e+003;3.493677e-002
2.378382e+003;3.487033e-002
2.378864e+003;3.480175e-002
2.379346e+003;3.473811e-002
2.379828e+003;3.468684e-002
2.380310e+003;3.465178e-002
2.380792e+003;3.463490e-002
2.381275e+003;3.463319e-002
2.381757e+003;3.464150e-002
2.382239e+003;3.465260e-002
2.382721e+003;3.465921e-002
2.383203e+003;3.465527e-002
2.383685e+003;3.463746e-002
2.384167e+003;3.460476e-002
2.384650e+003;3.455850e-002
2.385132e+003;3.450167e-002
2.385614e+003;3.443706e-002
2.386096e+003;3.436866e-002
2.386578e+003;3.429959e-002
2.387060e+003;3.423164e-002
2.387542e+003;3.416717e-002
2.388025e+003;3.410841e-002
2.388507e+003;3.405747e-002
2.388989e+003;3.401649e-002
2.389471e+003;3.398761e-002
2.389953e+003;3.397123e-002
2.390435e+003;3.396711e-002
2.390917e+003;3.397249e-002
2.391400e+003;3.398262e-002
2.391882e+003;3.399070e-002
2.392364e+003;3.399190e-002
2.392846e+003;3.398040e-002
2.393328e+003;3.395422e-002
2.393810e+003;3.391542e-002
2.394292e+003;3.386800e-002
2.394774e+003;3.381833e-002
2.395257e+003;3.377341e-002
2.395739e+003;3.373798e-002
2.396221e+003;3.371385e-002
2.396703e+003;3.369832e-002
2.397185e+003;3.368697e-002
2.397667e+003;3.367298e-002
2.398149e+003;3.365086e-002
2.398632e+003;3.361741e-002
2.399114e+003;3.357302e-002
2.399596e+003;3.352156e-002
2.400078e+003;3.346875e-002
2.400560e+003;3.342028e-002
2.401042e+003;3.338066e-002
2.401524e+003;3.335154e-002
2.402007e+003;3.333137e-002
2.402489e+003;3.331694e-002
2.402971e+003;3.330471e-002
2.403453e+003;3.329191e-002
2.403935e+003;3.327729e-002
2.404417e+003;3.326160e-002
2.404899e+003;3.324687e-002
2.405382e+003;3.323495e-002
2.405864e+003;3.322663e-002
2.406346e+003;3.322135e-002
2.406828e+003;3.321731e-002
2.407310e+003;3.321293e-002
2.407792e+003;3.320673e-002
2.408274e+003;3.319880e-002
2.408757e+003;3.319112e-002
2.409239e+003;3.318589e-002
2.409721e+003;3.318520e-002
2.410203e+003;3.318954e-002
2.410685e+003;3.319724e-002
2.411167e+003;3.320504e-002
2.411649e+003;3.320788e-002
2.412131e+003;3.320149e-002
2.412614e+003;3.318262e-002
2.413096e+003;3.315097e-002
2.413578e+003;3.310823e-002
2.414060e+003;3.305896e-002
2.414542e+003;3.300727e-002
2.415024e+003;3.295796e-002
2.415506e+003;3.291308e-002
2.415989e+003;3.287232e-002
2.416471e+003;3.283427e-002
2.416953e+003;3.279629e-002
2.417435e+003;3.275589e-002
2.417917e+003;3.271275e-002
2.418399e+003;3.266810e-002
2.418881e+003;3.262344e-002
2.419364e+003;3.258124e-002
2.419846e+003;3.254067e-002
2.420328e+003;3.249984e-002
2.420810e+003;3.245527e-002
2.421292e+003;3.240216e-002
2.421774e+003;3.233960e-002
2.422256e+003;3.226924e-002
2.422739e+003;3.219669e-002
2.423221e+003;3.213133e-002
2.423703e+003;3.208150e-002
2.424185e+003;3.205385e-002
2.424667e+003;3.204987e-002
2.425149e+003;3.206428e-002
2.425631e+003;3.208955e-002
2.426114e+003;3.211615e-002
2.426595e+003;3.213612e-002
2.427078e+003;3.214574e-002
2.427560e+003;3.214467e-002
2.428042e+003;3.213612e-002
2.428524e+003;3.212342e-002
2.429006e+003;3.210756e-002
2.429488e+003;3.208812e-002
2.429970e+003;3.206329e-002
2.430453e+003;3.203154e-002
2.430935e+003;3.199480e-002
2.431417e+003;3.195715e-002
2.431899e+003;3.192644e-002
2.432381e+003;3.190943e-002
2.432863e+003;3.191109e-002
2.433345e+003;3.193130e-002
2.433828e+003;3.196539e-002
2.434310e+003;3.200514e-002
2.434792e+003;3.204216e-002
2.435274e+003;3.206922e-002
2.435756e+003;3.208322e-002
2.436238e+003;3.208400e-002
2.436720e+003;3.207453e-002
2.437203e+003;3.205766e-002
2.437685e+003;3.203602e-002
2.438167e+003;3.201055e-002
2.438649e+003;3.198132e-002
2.439131e+003;3.194941e-002
2.439613e+003;3.191591e-002
2.440095e+003;3.188347e-002
2.440578e+003;3.185536e-002
2.441060e+003;3.183356e-002
2.441542e+003;3.182034e-002
2.442024e+003;3.181461e-002
2.442506e+003;3.181648e-002
2.442988e+003;3.182343e-002
2.443470e+003;3.183421e-002
2.443952e+003;3.184742e-002
2.444435e+003;3.186221e-002
2.444917e+003;3.187651e-002
2.445399e+003;3.188814e-002
2.445881e+003;3.189426e-002
2.446363e+003;3.189212e-002
2.446845e+003;3.188119e-002
2.447327e+003;3.186090e-002
2.447810e+003;3.183458e-002
2.448292e+003;3.180491e-002
2.448774e+003;3.177498e-002
2.449256e+003;3.174686e-002
2.449738e+003;3.172092e-002
2.450220e+003;3.169604e-002
2.450702e+003;3.166949e-002
2.451185e+003;3.163983e-002
2.451667e+003;3.160513e-002
2.452149e+003;3.156523e-002
2.452631e+003;3.152171e-002
2.453113e+003;3.147558e-002
2.453595e+003;3.143010e-002
2.454077e+003;3.138821e-002
2.454560e+003;3.135325e-002
2.455042e+003;3.132816e-002
2.455524e+003;3.131496e-002
2.456006e+003;3.131449e-002
2.456488e+003;3.132424e-002
2.456970e+003;3.134061e-002
2.457452e+003;3.135691e-002
2.457935e+003;3.136667e-002
2.458417e+003;3.136343e-002
2.458899e+003;3.134248e-002
2.459381e+003;3.130466e-002
2.459863e+003;3.125205e-002
2.460345e+003;3.119152e-002
2.460827e+003;3.113132e-002
2.461310e+003;3.107931e-002
2.461792e+003;3.104240e-002
2.462274e+003;3.102312e-002
2.462756e+003;3.102113e-002
2.463238e+003;3.103225e-002
2.463720e+003;3.104967e-002
2.464202e+003;3.106600e-002
2.464684e+003;3.107610e-002
2.465167e+003;3.107647e-002
2.465649e+003;3.106682e-002
2.466131e+003;3.104867e-002
2.466613e+003;3.102555e-002
2.467095e+003;3.100056e-002
2.467577e+003;3.097607e-002
2.468059e+003;3.095375e-002
2.468542e+003;3.093362e-002
2.469024e+003;3.091642e-002
2.469506e+003;3.090258e-002
2.469988e+003;3.089320e-002
2.470470e+003;3.088794e-002
2.470952e+003;3.088520e-002
2.471434e+003;3.088230e-002
2.471917e+003;3.087374e-002
2.472399e+003;3.085548e-002
2.472881e+003;3.082549e-002
2.473363e+003;3.078486e-002
2.473845e+003;3.073798e-002
2.474327e+003;3.069150e-002
2.474809e+003;3.065259e-002
2.475292e+003;3.062497e-002
2.475774e+003;3.060798e-002
2.476256e+003;3.059799e-002
2.476738e+003;3.058909e-002
2.477220e+003;3.057570e-002
2.477702e+003;3.055572e-002
2.478184e+003;3.053117e-002
2.478667e+003;3.050754e-002
2.479148e+003;3.049024e-002
2.479631e+003;3.048196e-002
2.480113e+003;3.048291e-002
2.480595e+003;3.048790e-002
2.481077e+003;3.049129e-002
2.481559e+003;3.048580e-002
2.482041e+003;3.046998e-002
2.482523e+003;3.044501e-002
2.483006e+003;3.041623e-002
2.483488e+003;3.038997e-002
2.483970e+003;3.037174e-002
2.484452e+003;3.036215e-002
2.484934e+003;3.036008e-002
2.485416e+003;3.036038e-002
2.485898e+003;3.035958e-002
2.486381e+003;3.035385e-002
2.486863e+003;3.034330e-002
2.487345e+003;3.032977e-002
2.487827e+003;3.031598e-002
2.488309e+003;3.030447e-002
2.488791e+003;3.029584e-002
2.489273e+003;3.028840e-002
2.489756e+003;3.027967e-002
2.490238e+003;3.026780e-002
2.490720e+003;3.025100e-002
2.491202e+003;3.022876e-002
2.491684e+003;3.020099e-002
2.492166e+003;3.016811e-002
2.492648e+003;3.013064e-002
2.493131e+003;3.008797e-002
2.493613e+003;3.004120e-002
2.494095e+003;2.999204e-002
2.494577e+003;2.994413e-002
2.495059e+003;2.990225e-002
2.495541e+003;2.987207e-002
2.496023e+003;2.985735e-002
2.496505e+003;2.985886e-002
2.496988e+003;2.987407e-002
2.497470e+003;2.989686e-002
2.497952e+003;2.991913e-002
2.498434e+003;2.993393e-002
2.498916e+003;2.993605e-002
2.499398e+003;2.992488e-002
2.499880e+003;2.990451e-002
2.500363e+003;2.988175e-002
2.500845e+003;2.986486e-002
2.501327e+003;2.986081e-002
2.501809e+003;2.987279e-002
2.502291e+003;2.989977e-002
2.502773e+003;2.993724e-002
2.503255e+003;2.997711e-002
2.503738e+003;3.001188e-002
2.504220e+003;3.003523e-002
2.504702e+003;3.004315e-002
2.505184e+003;3.003681e-002
2.505666e+003;3.001955e-002
2.506148e+003;2.999656e-002
2.506630e+003;2.997313e-002
2.507113e+003;2.995431e-002
2.507595e+003;2.994367e-002
2.508077e+003;2.994353e-002
2.508559e+003;2.995245e-002
2.509041e+003;2.996974e-002
2.509523e+003;2.999105e-002
2.510005e+003;3.001118e-002
2.510488e+003;3.002430e-002
2.510969e+003;3.002493e-002
2.511452e+003;3.000931e-002
2.511934e+003;2.997709e-002
2.512416e+003;2.993014e-002
2.512898e+003;2.987393e-002
2.513380e+003;2.981521e-002
2.513862e+003;2.975981e-002
2.514344e+003;2.971184e-002
2.514827e+003;2.967139e-002
2.515309e+003;2.963554e-002
2.515791e+003;2.959943e-002
2.516273e+003;2.955773e-002
2.516755e+003;2.950701e-002
2.517237e+003;2.944729e-002
2.517719e+003;2.938275e-002
2.518202e+003;2.931955e-002
2.518684e+003;2.926679e-002
2.519166e+003;2.923193e-002
2.519648e+003;2.921977e-002
2.520130e+003;2.923111e-002
2.520612e+003;2.926235e-002
2.521094e+003;2.930656e-002
2.521577e+003;2.935395e-002
2.522059e+003;2.939545e-002
2.522541e+003;2.942485e-002
2.523023e+003;2.943854e-002
2.523505e+003;2.943833e-002
2.523987e+003;2.942840e-002
2.524469e+003;2.941452e-002
2.524952e+003;2.940235e-002
2.525434e+003;2.939447e-002
2.525916e+003;2.939123e-002
2.526398e+003;2.938953e-002
2.526880e+003;2.938585e-002
2.527362e+003;2.937700e-002
2.527844e+003;2.936197e-002
2.528326e+003;2.934330e-002
2.528809e+003;2.932506e-002
2.529291e+003;2.931094e-002
2.529773e+003;2.930576e-002
2.530255e+003;2.930937e-002
2.530737e+003;2.932073e-002
2.531219e+003;2.933570e-002
2.531701e+003;2.934921e-002
2.532184e+003;2.935670e-002
2.532666e+003;2.935617e-002
2.533148e+003;2.934676e-002
2.533630e+003;2.933045e-002
2.534112e+003;2.931041e-002
2.534594e+003;2.929003e-002
2.535076e+003;2.927162e-002
2.535559e+003;2.925640e-002
2.536041e+003;2.924238e-002
2.536523e+003;2.922765e-002
2.537005e+003;2.920869e-002
2.537487e+003;2.918203e-002
2.537969e+003;2.914743e-002
2.538451e+003;2.910590e-002
2.538934e+003;2.906099e-002
2.539416e+003;2.901744e-002
2.539898e+003;2.897983e-002
2.540380e+003;2.895120e-002
2.540862e+003;2.893111e-002
2.541344e+003;2.891681e-002
2.541826e+003;2.890483e-002
2.542309e+003;2.889094e-002
2.542791e+003;2.887376e-002
2.543273e+003;2.885338e-002
2.543755e+003;2.883376e-002
2.544237e+003;2.881828e-002
2.544719e+003;2.880981e-002
2.545201e+003;2.880852e-002
2.545683e+003;2.881267e-002
2.546166e+003;2.881934e-002
2.546648e+003;2.882523e-002
2.547130e+003;2.882835e-002
2.547612e+003;2.882982e-002
2.548094e+003;2.883181e-002
2.548576e+003;2.883692e-002
2.549058e+003;2.884628e-002
2.549541e+003;2.885902e-002
2.550023e+003;2.887254e-002
2.550505e+003;2.888355e-002
2.550987e+003;2.888927e-002
2.551469e+003;2.888840e-002
2.551951e+003;2.888196e-002
2.552433e+003;2.887101e-002
2.552916e+003;2.885702e-002
2.553398e+003;2.884042e-002
2.553880e+003;2.882076e-002
2.554362e+003;2.879762e-002
2.554844e+003;2.877135e-002
2.555326e+003;2.874454e-002
2.555808e+003;2.872024e-002
2.556291e+003;2.870193e-002
2.556773e+003;2.869161e-002
2.557255e+003;2.868719e-002
2.557737e+003;2.868460e-002
2.558219e+003;2.867705e-002
2.558701e+003;2.865827e-002
2.559183e+003;2.862565e-002
2.559666e+003;2.857987e-002
2.560147e+003;2.852729e-002
2.560630e+003;2.847634e-002
2.561112e+003;2.843556e-002
2.561594e+003;2.841079e-002
2.562076e+003;2.840421e-002
2.562558e+003;2.841339e-002
2.563040e+003;2.843293e-002
2.563522e+003;2.845727e-002
2.564005e+003;2.848180e-002
2.564487e+003;2.850442e-002
2.564969e+003;2.852512e-002
2.565451e+003;2.854592e-002
2.565933e+003;2.856785e-002
2.566415e+003;2.859050e-002
2.566897e+003;2.861201e-002
2.567380e+003;2.862865e-002
2.567862e+003;2.863682e-002
2.568344e+003;2.863372e-002
2.568826e+003;2.861997e-002
2.569308e+003;2.859809e-002
2.569790e+003;2.857368e-002
2.570272e+003;2.855064e-002
2.570755e+003;2.853362e-002
2.571237e+003;2.852342e-002
2.571719e+003;2.851740e-002
2.572201e+003;2.851147e-002
2.572683e+003;2.850072e-002
2.573165e+003;2.848263e-002
2.573647e+003;2.845752e-002
2.574130e+003;2.842856e-002
2.574612e+003;2.840238e-002
2.575094e+003;2.838521e-002
2.575576e+003;2.838150e-002
2.576058e+003;2.839198e-002
2.576540e+003;2.841359e-002
2.577022e+003;2.844071e-002
2.577504e+003;2.846741e-002
2.577987e+003;2.848780e-002
2.578469e+003;2.849996e-002
2.578951e+003;2.850293e-002
2.579433e+003;2.849861e-002
2.579915e+003;2.848930e-002
2.580397e+003;2.847550e-002
2.580879e+003;2.845784e-002
2.581362e+003;2.843640e-002
2.581844e+003;2.841065e-002
2.582326e+003;2.838173e-002
2.582808e+003;2.835113e-002
2.583290e+003;2.832122e-002
2.583772e+003;2.829384e-002
2.584254e+003;2.827032e-002
2.584737e+003;2.825022e-002
2.585219e+003;2.823274e-002
2.585701e+003;2.821770e-002
2.586183e+003;2.820539e-002
2.586665e+003;2.819756e-002
2.587147e+003;2.819727e-002
2.587629e+003;2.820596e-002
2.588112e+003;2.822511e-002
2.588594e+003;2.825315e-002
2.589076e+003;2.828744e-002
2.589558e+003;2.832332e-002
2.590040e+003;2.835623e-002
2.590522e+003;2.838228e-002
2.591004e+003;2.839796e-002
2.591487e+003;2.840227e-002
2.591969e+003;2.839408e-002
2.592451e+003;2.837532e-002
2.592933e+003;2.834790e-002
2.593415e+003;2.831626e-002
2.593897e+003;2.828547e-002
2.594379e+003;2.826049e-002
2.594861e+003;2.824441e-002
2.595344e+003;2.823758e-002
2.595826e+003;2.823595e-002
2.596308e+003;2.823299e-002
2.596790e+003;2.822217e-002
2.597272e+003;2.819750e-002
2.597754e+003;2.815861e-002
2.598236e+003;2.811017e-002
2.598719e+003;2.806180e-002
2.599201e+003;2.802490e-002
2.599683e+003;2.800908e-002
2.600165e+003;2.801896e-002
2.600647e+003;2.805277e-002
2.601129e+003;2.810277e-002
2.601611e+003;2.815844e-002
2.602094e+003;2.820927e-002
2.602576e+003;2.824810e-002
2.603058e+003;2.827252e-002
2.603540e+003;2.828368e-002
2.604022e+003;2.828555e-002
2.604504e+003;2.828150e-002
2.604986e+003;2.827302e-002
2.605469e+003;2.825984e-002
2.605951e+003;2.824046e-002
2.606433e+003;2.821434e-002
2.606915e+003;2.818245e-002
2.607397e+003;2.814861e-002
2.607879e+003;2.811776e-002
2.608361e+003;2.809434e-002
2.608844e+003;2.808004e-002
2.609325e+003;2.807380e-002
2.609808e+003;2.807127e-002
2.610290e+003;2.806804e-002
2.610772e+003;2.805992e-002
2.611254e+003;2.804524e-002
2.611736e+003;2.802593e-002
2.612218e+003;2.800697e-002
2.612700e+003;2.799315e-002
2.613183e+003;2.798918e-002
2.613665e+003;2.799763e-002
2.614147e+003;2.801780e-002
2.614629e+003;2.804685e-002
2.615111e+003;2.808257e-002
2.615593e+003;2.812195e-002
2.616075e+003;2.816233e-002
2.616558e+003;2.820306e-002
2.617040e+003;2.824284e-002
2.617522e+003;2.827916e-002
2.618004e+003;2.830981e-002
2.618486e+003;2.833094e-002
2.618968e+003;2.834078e-002
2.619450e+003;2.833746e-002
2.619933e+003;2.832105e-002
2.620415e+003;2.829440e-002
2.620897e+003;2.825936e-002
2.621379e+003;2.822030e-002
2.621861e+003;2.818008e-002
2.622343e+003;2.814323e-002
2.622825e+003;2.811330e-002
2.623308e+003;2.809567e-002
2.623790e+003;2.809486e-002
2.624272e+003;2.811490e-002
2.624754e+003;2.815795e-002
2.625236e+003;2.822206e-002
2.625718e+003;2.830181e-002
2.626200e+003;2.838889e-002
2.626682e+003;2.847378e-002
2.627165e+003;2.854836e-002
2.627647e+003;2.860779e-002
2.628129e+003;2.864965e-002
2.628611e+003;2.867518e-002
2.629093e+003;2.868651e-002
2.629575e+003;2.868596e-002
2.630057e+003;2.867433e-002
2.630540e+003;2.865269e-002
2.631022e+003;2.862147e-002
2.631504e+003;2.858371e-002
2.631986e+003;2.854397e-002
2.632468e+003;2.850824e-002
2.632950e+003;2.848189e-002
2.633432e+003;2.846868e-002
2.633915e+003;2.846870e-002
2.634397e+003;2.847803e-002
2.634879e+003;2.849031e-002
2.635361e+003;2.850036e-002
2.635843e+003;2.850468e-002
2.636325e+003;2.850434e-002
2.636807e+003;2.850355e-002
2.637290e+003;2.850877e-002
2.637772e+003;2.852625e-002
2.638254e+003;2.855844e-002
2.638736e+003;2.860436e-002
2.639218e+003;2.865935e-002
2.639700e+003;2.871615e-002
2.640182e+003;2.876669e-002
2.640665e+003;2.880586e-002
2.641146e+003;2.883050e-002
2.641629e+003;2.884097e-002
2.642111e+003;2.883950e-002
2.642593e+003;2.883103e-002
2.643075e+003;2.881940e-002
2.643557e+003;2.880904e-002
2.644039e+003;2.880350e-002
2.644521e+003;2.880508e-002
2.645004e+003;2.881455e-002
2.645486e+003;2.883167e-002
2.645968e+003;2.885454e-002
2.646450e+003;2.888030e-002
2.646932e+003;2.890589e-002
2.647414e+003;2.892833e-002
2.647896e+003;2.894593e-002
2.648379e+003;2.895804e-002
2.648861e+003;2.896583e-002
2.649343e+003;2.897110e-002
2.649825e+003;2.897601e-002
2.650307e+003;2.898363e-002
2.650789e+003;2.899520e-002
2.651271e+003;2.901175e-002
2.651754e+003;2.903369e-002
2.652236e+003;2.905970e-002
2.652718e+003;2.908842e-002
2.653200e+003;2.911831e-002
2.653682e+003;2.914706e-002
2.654164e+003;2.917291e-002
2.654646e+003;2.919544e-002
2.655129e+003;2.921455e-002
2.655611e+003;2.923059e-002
2.656093e+003;2.924511e-002
2.656575e+003;2.925845e-002
2.657057e+003;2.927072e-002
2.657539e+003;2.928126e-002
2.658021e+003;2.928829e-002
2.658503e+003;2.929080e-002
2.658986e+003;2.928754e-002
2.659468e+003;2.927874e-002
2.659950e+003;2.926516e-002
2.660432e+003;2.924913e-002
2.660914e+003;2.923210e-002
2.661396e+003;2.921605e-002
2.661878e+003;2.920180e-002
2.662361e+003;2.918936e-002
2.662843e+003;2.917881e-002
2.663325e+003;2.917015e-002
2.663807e+003;2.916330e-002
2.664289e+003;2.915908e-002
2.664771e+003;2.915802e-002
2.665253e+003;2.916067e-002
2.665736e+003;2.916848e-002
2.666218e+003;2.918109e-002
2.666700e+003;2.919933e-002
2.667182e+003;2.922327e-002
2.667664e+003;2.925285e-002
2.668146e+003;2.928679e-002
2.668628e+003;2.932328e-002
2.669111e+003;2.935941e-002
2.669593e+003;2.939303e-002
2.670075e+003;2.942156e-002
2.670557e+003;2.944394e-002
2.671039e+003;2.946151e-002
2.671521e+003;2.947627e-002
2.672003e+003;2.949085e-002
2.672486e+003;2.950762e-002
2.672968e+003;2.952738e-002
2.673450e+003;2.954961e-002
2.673932e+003;2.957276e-002
2.674414e+003;2.959436e-002
2.674896e+003;2.961415e-002
2.675378e+003;2.963213e-002
2.675860e+003;2.965056e-002
2.676343e+003;2.967174e-002
2.676825e+003;2.969719e-002
2.677307e+003;2.972793e-002
2.677789e+003;2.976251e-002
2.678271e+003;2.979945e-002
2.678753e+003;2.983733e-002
2.679235e+003;2.987412e-002
2.679718e+003;2.991102e-002
2.680200e+003;2.994802e-002
2.680682e+003;2.998676e-002
2.681164e+003;3.002707e-002
2.681646e+003;3.006821e-002
2.682128e+003;3.010836e-002
2.682610e+003;3.014524e-002
2.683093e+003;3.017812e-002
2.683575e+003;3.020627e-002
2.684057e+003;3.023141e-002
2.684539e+003;3.025445e-002
2.685021e+003;3.027696e-002
2.685503e+003;3.029884e-002
2.685985e+003;3.031944e-002
2.686468e+003;3.033694e-002
2.686950e+003;3.035079e-002
2.687432e+003;3.036191e-002
2.687914e+003;3.037274e-002
2.688396e+003;3.038715e-002
2.688878e+003;3.041007e-002
2.689360e+003;3.044442e-002
2.689843e+003;3.049123e-002
2.690324e+003;3.054921e-002
2.690807e+003;3.061436e-002
2.691289e+003;3.068173e-002
2.691771e+003;3.074683e-002
2.692253e+003;3.080583e-002
2.692735e+003;3.085797e-002
2.693217e+003;3.090335e-002
2.693699e+003;3.094297e-002
2.694182e+003;3.097858e-002
2.694664e+003;3.101117e-002
2.695146e+003;3.104130e-002
2.695628e+003;3.106932e-002
2.696110e+003;3.109598e-002
2.696592e+003;3.112255e-002
2.697074e+003;3.115087e-002
2.697557e+003;3.118279e-002
2.698039e+003;3.122031e-002
2.698521e+003;3.126372e-002
2.699003e+003;3.131211e-002
2.699485e+003;3.136326e-002
2.699967e+003;3.141408e-002
2.700449e+003;3.146178e-002
2.700932e+003;3.150546e-002
2.701414e+003;3.154455e-002
2.701896e+003;3.158136e-002
2.702378e+003;3.161790e-002
2.702860e+003;3.165739e-002
2.703342e+003;3.170078e-002
2.703824e+003;3.174822e-002
2.704307e+003;3.179751e-002
2.704789e+003;3.184609e-002
2.705271e+003;3.189008e-002
2.705753e+003;3.192746e-002
2.706235e+003;3.195655e-002
2.706717e+003;3.197781e-002
2.707199e+003;3.199292e-002
2.707681e+003;3.200506e-002
2.708164e+003;3.201722e-002
2.708646e+003;3.203186e-002
2.709128e+003;3.205187e-002
2.709610e+003;3.207861e-002
2.710092e+003;3.211264e-002
2.710574e+003;3.215380e-002
2.711056e+003;3.220115e-002
2.711539e+003;3.225360e-002
2.712021e+003;3.231004e-002
2.712503e+003;3.236853e-002
2.712985e+003;3.242742e-002
2.713467e+003;3.248493e-002
2.713949e+003;3.253914e-002
2.714431e+003;3.258782e-002
2.714914e+003;3.262931e-002
2.715396e+003;3.266258e-002
2.715878e+003;3.268789e-002
2.716360e+003;3.270702e-002
2.716842e+003;3.272347e-002
2.717324e+003;3.274242e-002
2.717806e+003;3.276925e-002
2.718289e+003;3.280692e-002
2.718771e+003;3.285627e-002
2.719253e+003;3.291500e-002
2.719735e+003;3.297791e-002
2.720217e+003;3.303881e-002
2.720699e+003;3.309187e-002
2.721181e+003;3.313379e-002
2.721664e+003;3.316582e-002
2.722146e+003;3.319126e-002
2.722628e+003;3.321784e-002
2.723110e+003;3.325165e-002
2.723592e+003;3.329801e-002
2.724074e+003;3.335859e-002
2.724556e+003;3.343116e-002
2.725038e+003;3.351101e-002
2.725521e+003;3.359145e-002
2.726003e+003;3.366672e-002
2.726485e+003;3.373308e-002
2.726967e+003;3.378879e-002
2.727449e+003;3.383568e-002
2.727931e+003;3.387672e-002
2.728413e+003;3.391602e-002
2.728896e+003;3.395718e-002
2.729378e+003;3.400329e-002
2.729860e+003;3.405528e-002
2.730342e+003;3.411306e-002
2.730824e+003;3.417533e-002
2.731306e+003;3.424033e-002
2.731788e+003;3.430563e-002
2.732271e+003;3.437021e-002
2.732753e+003;3.443211e-002
2.733235e+003;3.449067e-002
2.733717e+003;3.454459e-002
2.734199e+003;3.459340e-002
2.734681e+003;3.463607e-002
2.735163e+003;3.467176e-002
2.735646e+003;3.470064e-002
2.736128e+003;3.472319e-002
2.736610e+003;3.474163e-002
2.737092e+003;3.475905e-002
2.737574e+003;3.477984e-002
2.738056e+003;3.480819e-002
2.738538e+003;3.484768e-002
2.739021e+003;3.490111e-002
2.739502e+003;3.496913e-002
2.739985e+003;3.505017e-002
2.740467e+003;3.514154e-002
2.740949e+003;3.523865e-002
2.741431e+003;3.533701e-002
2.741913e+003;3.543139e-002
2.742395e+003;3.551672e-002
2.742877e+003;3.559094e-002
2.743360e+003;3.565208e-002
2.743842e+003;3.570191e-002
2.744324e+003;3.574416e-002
2.744806e+003;3.578391e-002
2.745288e+003;3.582796e-002
2.745770e+003;3.588207e-002
2.746252e+003;3.594839e-002
2.746735e+003;3.602814e-002
2.747217e+003;3.611843e-002
2.747699e+003;3.621458e-002
2.748181e+003;3.631029e-002
2.748663e+003;3.640098e-002
2.749145e+003;3.648325e-002
2.749627e+003;3.655550e-002
2.750110e+003;3.661809e-002
2.750592e+003;3.667282e-002
2.751074e+003;3.672258e-002
2.751556e+003;3.676897e-002
2.752038e+003;3.681472e-002
2.752520e+003;3.686181e-002
2.753002e+003;3.691229e-002
2.753485e+003;3.696787e-002
2.753967e+003;3.702874e-002
2.754449e+003;3.709538e-002
2.754931e+003;3.716609e-002
2.755413e+003;3.723890e-002
2.755895e+003;3.731117e-002
2.756377e+003;3.738130e-002
2.756859e+003;3.744825e-002
2.757342e+003;3.751286e-002
2.757824e+003;3.757694e-002
2.758306e+003;3.764302e-002
2.758788e+003;3.771280e-002
2.759270e+003;3.778780e-002
2.759752e+003;3.786782e-002
2.760234e+003;3.795185e-002
2.760717e+003;3.803825e-002
2.761199e+003;3.812498e-002
2.761681e+003;3.821119e-002
2.762163e+003;3.829515e-002
2.762645e+003;3.837649e-002
2.763127e+003;3.845503e-002
2.763609e+003;3.853039e-002
2.764092e+003;3.860360e-002
2.764574e+003;3.867627e-002
2.765056e+003;3.875010e-002
2.765538e+003;3.882802e-002
2.766020e+003;3.891081e-002
2.766502e+003;3.899958e-002
2.766984e+003;3.909295e-002
2.767467e+003;3.918881e-002
2.767949e+003;3.928367e-002
2.768431e+003;3.937477e-002
2.768913e+003;3.946060e-002
2.769395e+003;3.954058e-002
2.769877e+003;3.961556e-002
2.770359e+003;3.968782e-002
2.770841e+003;3.975887e-002
2.771323e+003;3.983014e-002
2.771806e+003;3.990192e-002
2.772288e+003;3.997342e-002
2.772770e+003;4.004430e-002
2.773252e+003;4.011482e-002
2.773734e+003;4.018535e-002
2.774216e+003;4.025801e-002
2.774698e+003;4.033517e-002
2.775181e+003;4.041967e-002
2.775663e+003;4.051258e-002
2.776145e+003;4.061446e-002
2.776627e+003;4.072352e-002
2.777109e+003;4.083739e-002
2.777591e+003;4.095320e-002
2.778073e+003;4.106726e-002
2.778556e+003;4.117755e-002
2.779038e+003;4.128197e-002
2.779520e+003;4.137919e-002
2.780002e+003;4.146960e-002
2.780484e+003;4.155355e-002
2.780966e+003;4.163171e-002
2.781448e+003;4.170628e-002
2.781931e+003;4.177916e-002
2.782413e+003;4.185292e-002
2.782895e+003;4.193014e-002
2.783377e+003;4.201217e-002
2.783859e+003;4.210005e-002
2.784341e+003;4.219246e-002
2.784823e+003;4.228739e-002
2.785305e+003;4.238245e-002
2.785788e+003;4.247506e-002
2.786270e+003;4.256522e-002
2.786752e+003;4.265331e-002
2.787234e+003;4.274325e-002
2.787716e+003;4.283916e-002
2.788198e+003;4.294439e-002
2.788680e+003;4.306144e-002
2.789163e+003;4.318964e-002
2.789645e+003;4.332500e-002
2.790127e+003;4.346136e-002
2.790609e+003;4.359347e-002
2.791091e+003;4.371623e-002
2.791573e+003;4.382765e-002
2.792055e+003;4.392950e-002
2.792538e+003;4.402497e-002
2.793020e+003;4.411886e-002
2.793502e+003;4.421574e-002
2.793984e+003;4.431824e-002
2.794466e+003;4.442701e-002
2.794948e+003;4.454045e-002
2.795430e+003;4.465672e-002
2.795913e+003;4.477188e-002
2.796395e+003;4.488390e-002
2.796877e+003;4.499088e-002
2.797359e+003;4.509147e-002
2.797841e+003;4.518621e-002
2.798323e+003;4.527580e-002
2.798805e+003;4.536273e-002
2.799288e+003;4.544988e-002
2.799770e+003;4.554071e-002
2.800252e+003;4.563892e-002
2.800734e+003;4.574669e-002
2.801216e+003;4.586444e-002
2.801698e+003;4.599100e-002
2.802180e+003;4.612312e-002
2.802662e+003;4.625741e-002
2.803145e+003;4.639089e-002
2.803627e+003;4.652144e-002
2.804109e+003;4.664914e-002
2.804591e+003;4.677400e-002
2.805073e+003;4.689631e-002
2.805555e+003;4.701720e-002
2.806037e+003;4.713564e-002
2.806520e+003;4.725181e-002
2.807002e+003;4.736667e-002
2.807484e+003;4.748294e-002
2.807966e+003;4.760351e-002
2.808448e+003;4.773282e-002
2.808930e+003;4.787266e-002
2.809412e+003;4.802232e-002
2.809895e+003;4.817786e-002
2.810377e+003;4.833329e-002
2.810859e+003;4.848247e-002
2.811341e+003;4.861961e-002
2.811823e+003;4.874371e-002
2.812305e+003;4.885730e-002
2.812787e+003;4.896598e-002
2.813270e+003;4.907606e-002
2.813752e+003;4.919279e-002
2.814234e+003;4.931927e-002
2.814716e+003;4.945434e-002
2.815198e+003;4.959608e-002
2.815680e+003;4.974110e-002
2.816162e+003;4.988685e-002
2.816645e+003;5.003266e-002
2.817126e+003;5.017901e-002
2.817609e+003;5.032700e-002
2.818091e+003;5.047777e-002
2.818573e+003;5.063142e-002
2.819055e+003;5.078748e-002
2.819537e+003;5.094507e-002
2.820019e+003;5.110399e-002
2.820501e+003;5.126376e-002
2.820984e+003;5.142527e-002
2.821466e+003;5.158782e-002
2.821948e+003;5.175092e-002
2.822430e+003;5.191234e-002
2.822912e+003;5.207013e-002
2.823394e+003;5.222125e-002
2.823876e+003;5.236462e-002
2.824359e+003;5.250083e-002
2.824841e+003;5.263161e-002
2.825323e+003;5.276050e-002
2.825805e+003;5.289179e-002
2.826287e+003;5.302958e-002
2.826769e+003;5.317703e-002
2.827251e+003;5.333676e-002
2.827734e+003;5.351044e-002
2.828216e+003;5.369774e-002
2.828698e+003;5.389636e-002
2.829180e+003;5.410205e-002
2.829662e+003;5.430881e-002
2.830144e+003;5.450989e-002
2.830626e+003;5.469890e-002
2.831109e+003;5.487251e-002
2.831591e+003;5.502970e-002
2.832073e+003;5.517440e-002
2.832555e+003;5.531219e-002
2.833037e+003;5.545033e-002
2.833519e+003;5.559502e-002
2.834001e+003;5.575009e-002
2.834483e+003;5.591573e-002
2.834966e+003;5.609010e-002
2.835448e+003;5.627035e-002
2.835930e+003;5.645353e-002
2.836412e+003;5.663917e-002
2.836894e+003;5.682743e-002
2.837376e+003;5.702062e-002
2.837858e+003;5.722089e-002
2.838341e+003;5.742982e-002
2.838823e+003;5.764684e-002
2.839305e+003;5.786969e-002
2.839787e+003;5.809501e-002
2.840269e+003;5.831955e-002
2.840751e+003;5.854005e-002
2.841233e+003;5.875563e-002
2.841716e+003;5.896697e-002
2.842198e+003;5.917792e-002
2.842680e+003;5.939430e-002
2.843162e+003;5.962215e-002
2.843644e+003;5.986861e-002
2.844126e+003;6.013816e-002
2.844608e+003;6.043070e-002
2.845091e+003;6.074272e-002
2.845573e+003;6.106601e-002
2.846055e+003;6.138938e-002
2.846537e+003;6.170243e-002
2.847019e+003;6.199681e-002
2.847501e+003;6.226914e-002
2.847983e+003;6.252164e-002
2.848466e+003;6.275959e-002
2.848948e+003;6.299079e-002
2.849430e+003;6.322153e-002
2.849912e+003;6.345505e-002
2.850394e+003;6.369077e-002
2.850876e+003;6.392483e-002
2.851358e+003;6.415273e-002
2.851840e+003;6.436820e-002
2.852323e+003;6.456953e-002
2.852805e+003;6.475563e-002
2.853287e+003;6.492757e-002
2.853769e+003;6.508830e-002
2.854251e+003;6.524096e-002
2.854733e+003;6.538866e-002
2.855215e+003;6.553525e-002
2.855698e+003;6.568338e-002
2.856180e+003;6.583587e-002
2.856662e+003;6.599362e-002
2.857144e+003;6.615553e-002
2.857626e+003;6.631820e-002
2.858108e+003;6.647705e-002
2.858590e+003;6.662848e-002
2.859073e+003;6.677055e-002
2.859555e+003;6.690530e-002
2.860037e+003;6.703891e-002
2.860519e+003;6.718075e-002
2.861001e+003;6.733989e-002
2.861483e+003;6.752270e-002
2.861965e+003;6.773074e-002
2.862448e+003;6.795982e-002
2.862930e+003;6.820202e-002
2.863412e+003;6.844635e-002
2.863894e+003;6.868438e-002
2.864376e+003;6.891051e-002
2.864858e+003;6.912409e-002
2.865340e+003;6.932733e-002
2.865823e+003;6.952484e-002
2.866304e+003;6.972184e-002
2.866787e+003;6.992184e-002
2.867269e+003;7.012656e-002
2.867751e+003;7.033772e-002
2.868233e+003;7.055640e-002
2.868715e+003;7.078415e-002
2.869197e+003;7.102317e-002
2.869679e+003;7.127462e-002
2.870162e+003;7.153927e-002
2.870644e+003;7.181492e-002
2.871126e+003;7.209790e-002
2.871608e+003;7.238324e-002
2.872090e+003;7.266591e-002
2.872572e+003;7.294134e-002
2.873054e+003;7.320724e-002
2.873537e+003;7.346208e-002
2.874019e+003;7.370652e-002
2.874501e+003;7.394230e-002
2.874983e+003;7.417162e-002
2.875465e+003;7.439772e-002
2.875947e+003;7.462372e-002
2.876429e+003;7.485287e-002
2.876912e+003;7.508758e-002
2.877394e+003;7.532912e-002
2.877876e+003;7.557652e-002
2.878358e+003;7.582749e-002
2.878840e+003;7.607850e-002
2.879322e+003;7.632660e-002
2.879804e+003;7.657095e-002
2.880287e+003;7.681148e-002
2.880769e+003;7.705262e-002
2.881251e+003;7.729886e-002
2.881733e+003;7.755425e-002
2.882215e+003;7.782166e-002
2.882697e+003;7.810113e-002
2.883179e+003;7.838947e-002
2.883661e+003;7.868212e-002
2.884144e+003;7.897495e-002
2.884626e+003;7.926346e-002
2.885108e+003;7.954600e-002
2.885590e+003;7.982379e-002
2.886072e+003;8.009908e-002
2.886554e+003;8.037563e-002
2.887036e+003;8.065610e-002
2.887519e+003;8.094387e-002
2.888001e+003;8.123995e-002
2.888483e+003;8.154457e-002
2.888965e+003;8.185660e-002
2.889447e+003;8.217381e-002
2.889929e+003;8.249263e-002
2.890411e+003;8.280957e-002
2.890894e+003;8.311974e-002
2.891376e+003;8.341983e-002
2.891858e+003;8.370698e-002
2.892340e+003;8.398115e-002
2.892822e+003;8.424349e-002
2.893304e+003;8.449806e-002
2.893786e+003;8.474956e-002
2.894269e+003;8.500336e-002
2.894751e+003;8.526456e-002
2.895233e+003;8.553719e-002
2.895715e+003;8.582454e-002
2.896197e+003;8.612922e-002
2.896679e+003;8.645172e-002
2.897161e+003;8.679242e-002
2.897644e+003;8.714946e-002
2.898125e+003;8.752060e-002
2.898608e+003;8.790226e-002
2.899090e+003;8.829188e-002
2.899572e+003;8.868761e-002
2.900054e+003;8.908843e-002
2.900536e+003;8.949371e-002
2.901018e+003;8.990474e-002
2.901500e+003;9.032088e-002
2.901983e+003;9.073850e-002
2.902465e+003;9.115361e-002
2.902947e+003;9.155936e-002
2.903429e+003;9.194921e-002
2.903911e+003;9.231899e-002
2.904393e+003;9.266808e-002
2.904875e+003;9.299966e-002
2.905358e+003;9.332126e-002
2.905840e+003;9.364117e-002
2.906322e+003;9.396841e-002
2.906804e+003;9.430921e-002
2.907286e+003;9.466559e-002
2.907768e+003;9.503701e-002
2.908250e+003;9.542049e-002
2.908733e+003;9.581172e-002
2.909215e+003;9.620824e-002
2.909697e+003;9.660846e-002
2.910179e+003;9.701443e-002
2.910661e+003;9.742900e-002
2.911143e+003;9.785488e-002
2.911625e+003;9.829456e-002
2.912108e+003;9.874831e-002
2.912590e+003;9.921361e-002
2.913072e+003;9.968664e-002
2.913554e+003;1.001622e-001
2.914036e+003;1.006350e-001
2.914518e+003;1.011024e-001
2.915000e+003;1.015619e-001
2.915482e+003;1.020153e-001
2.915965e+003;1.024639e-001
2.916447e+003;1.029106e-001
2.916929e+003;1.033577e-001
2.917411e+003;1.038063e-001
2.917893e+003;1.042562e-001
2.918375e+003;1.047071e-001
2.918857e+003;1.051583e-001
2.919340e+003;1.056094e-001
2.919822e+003;1.060598e-001
2.920304e+003;1.065086e-001
2.920786e+003;1.069540e-001
2.921268e+003;1.073922e-001
2.921750e+003;1.078188e-001
2.922232e+003;1.082299e-001
2.922715e+003;1.086236e-001
2.923197e+003;1.089998e-001
2.923679e+003;1.093626e-001
2.924161e+003;1.097176e-001
2.924643e+003;1.100709e-001
2.925125e+003;1.104275e-001
2.925607e+003;1.107894e-001
2.926090e+003;1.111549e-001
2.926572e+003;1.115212e-001
2.927054e+003;1.118846e-001
2.927536e+003;1.122436e-001
2.928018e+003;1.125983e-001
2.928500e+003;1.129519e-001
2.928982e+003;1.133084e-001
2.929465e+003;1.136722e-001
2.929947e+003;1.140459e-001
2.930429e+003;1.144309e-001
2.930911e+003;1.148275e-001
2.931393e+003;1.152335e-001
2.931875e+003;1.156478e-001
2.932357e+003;1.160671e-001
2.932839e+003;1.164893e-001
2.933322e+003;1.169107e-001
2.933804e+003;1.173285e-001
2.934286e+003;1.177393e-001
2.934768e+003;1.181424e-001
2.935250e+003;1.185368e-001
2.935732e+003;1.189256e-001
2.936214e+003;1.193123e-001
2.936697e+003;1.197001e-001
2.937179e+003;1.200932e-001
2.937661e+003;1.204916e-001
2.938143e+003;1.208956e-001
2.938625e+003;1.213039e-001
2.939107e+003;1.217154e-001
2.939589e+003;1.221286e-001
2.940072e+003;1.225445e-001
2.940554e+003;1.229626e-001
2.941036e+003;1.233826e-001
2.941518e+003;1.238027e-001
2.942000e+003;1.242199e-001
2.942482e+003;1.246310e-001
2.942964e+003;1.250333e-001
2.943447e+003;1.254265e-001
2.943929e+003;1.258141e-001
2.944411e+003;1.262026e-001
2.944893e+003;1.266001e-001
2.945375e+003;1.270170e-001
2.945857e+003;1.274616e-001
2.946339e+003;1.279389e-001
2.946822e+003;1.284504e-001
2.947303e+003;1.289920e-001
2.947786e+003;1.295543e-001
2.948268e+003;1.301243e-001
2.948750e+003;1.306873e-001
2.949232e+003;1.312307e-001
2.949714e+003;1.317456e-001
2.950196e+003;1.322286e-001
2.950678e+003;1.326845e-001
2.951161e+003;1.331213e-001
2.951643e+003;1.335509e-001
2.952125e+003;1.339842e-001
2.952607e+003;1.344283e-001
2.953089e+003;1.348861e-001
2.953571e+003;1.353557e-001
2.954053e+003;1.358339e-001
2.954536e+003;1.363168e-001
2.955018e+003;1.368039e-001
2.955500e+003;1.372962e-001
2.955982e+003;1.377971e-001
2.956464e+003;1.383095e-001
2.956946e+003;1.388354e-001
2.957428e+003;1.393727e-001
2.957911e+003;1.399194e-001
2.958393e+003;1.404706e-001
2.958875e+003;1.410251e-001
2.959357e+003;1.415821e-001
2.959839e+003;1.421424e-001
2.960321e+003;1.427076e-001
2.960803e+003;1.432781e-001
2.961286e+003;1.438511e-001
2.961768e+003;1.444249e-001
2.962250e+003;1.449956e-001
2.962732e+003;1.455618e-001
2.963214e+003;1.461261e-001
2.963696e+003;1.466922e-001
2.964178e+003;1.472656e-001
2.964660e+003;1.478498e-001
2.965143e+003;1.484467e-001
2.965625e+003;1.490529e-001
2.966107e+003;1.496640e-001
2.966589e+003;1.502740e-001
2.967071e+003;1.508780e-001
2.967553e+003;1.514744e-001
2.968035e+003;1.520638e-001
2.968518e+003;1.526497e-001
2.969000e+003;1.532366e-001
2.969482e+003;1.538301e-001
2.969964e+003;1.544347e-001
2.970446e+003;1.550559e-001
2.970928e+003;1.556986e-001
2.971410e+003;1.563659e-001
2.971893e+003;1.570588e-001
2.972375e+003;1.577750e-001
2.972857e+003;1.585075e-001
2.973339e+003;1.592453e-001
2.973821e+003;1.599754e-001
2.974303e+003;1.606880e-001
2.974785e+003;1.613761e-001
2.975268e+003;1.620392e-001
2.975750e+003;1.626826e-001
2.976232e+003;1.633159e-001
2.976714e+003;1.639497e-001
2.977196e+003;1.645935e-001
2.977678e+003;1.652517e-001
2.978160e+003;1.659254e-001
2.978643e+003;1.666112e-001
2.979125e+003;1.673043e-001
2.979607e+003;1.680008e-001
2.980089e+003;1.686977e-001
2.980571e+003;1.693942e-001
2.981053e+003;1.700912e-001
2.981535e+003;1.707916e-001
2.982017e+003;1.714978e-001
2.982500e+003;1.722119e-001
2.982982e+003;1.729361e-001
2.983464e+003;1.736697e-001
2.983946e+003;1.744114e-001
2.984428e+003;1.751593e-001
2.984910e+003;1.759108e-001
2.985392e+003;1.766642e-001
2.985875e+003;1.774184e-001
2.986357e+003;1.781743e-001
2.986839e+003;1.789351e-001
2.987321e+003;1.797025e-001
2.987803e+003;1.804797e-001
2.988285e+003;1.812670e-001
2.988767e+003;1.820632e-001
2.989250e+003;1.828650e-001
2.989732e+003;1.836689e-001
2.990214e+003;1.844722e-001
2.990696e+003;1.852750e-001
2.991178e+003;1.860798e-001
2.991660e+003;1.868916e-001
2.992142e+003;1.877138e-001
2.992625e+003;1.885508e-001
2.993107e+003;1.894015e-001
2.993589e+003;1.902626e-001
2.994071e+003;1.911280e-001
2.994553e+003;1.919913e-001
2.995035e+003;1.928481e-001
2.995517e+003;1.936971e-001
2.996000e+003;1.945416e-001
2.996481e+003;1.953876e-001
2.996964e+003;1.962403e-001
2.997446e+003;1.971049e-001
2.997928e+003;1.979822e-001
2.998410e+003;1.988690e-001
2.998892e+003;1.997613e-001
2.999374e+003;2.006543e-001
2.999856e+003;2.015464e-001
3.000339e+003;2.024391e-001
3.000821e+003;2.033378e-001
3.001303e+003;2.042489e-001
3.001785e+003;2.051792e-001
3.002267e+003;2.061302e-001
3.002749e+003;2.070995e-001
3.003231e+003;2.080812e-001
3.003714e+003;2.090668e-001
3.004196e+003;2.100498e-001
3.004678e+003;2.110260e-001
3.005160e+003;2.119958e-001
3.005642e+003;2.129619e-001
3.006124e+003;2.139276e-001
3.006606e+003;2.148947e-001
3.007089e+003;2.158630e-001
3.007571e+003;2.168301e-001
3.008053e+003;2.177929e-001
3.008535e+003;2.187514e-001
3.009017e+003;2.197089e-001
3.009499e+003;2.206726e-001
3.009981e+003;2.216511e-001
3.010464e+003;2.226517e-001
3.010946e+003;2.236779e-001
3.011428e+003;2.247270e-001
3.011910e+003;2.257924e-001
3.012392e+003;2.268653e-001
3.012874e+003;2.279379e-001
3.013356e+003;2.290062e-001
3.013838e+003;2.300710e-001
3.014321e+003;2.311368e-001
3.014803e+003;2.322084e-001
3.015285e+003;2.332900e-001
3.015767e+003;2.343830e-001
3.016249e+003;2.354844e-001
3.016731e+003;2.365897e-001
3.017213e+003;2.376941e-001
3.017696e+003;2.387953e-001
3.018178e+003;2.398928e-001
3.018660e+003;2.409892e-001
3.019142e+003;2.420876e-001
3.019624e+003;2.431909e-001
3.020106e+003;2.443006e-001
3.020588e+003;2.454163e-001
3.021071e+003;2.465359e-001
3.021553e+003;2.476578e-001
3.022035e+003;2.487815e-001
3.022517e+003;2.499068e-001
3.022999e+003;2.510369e-001
3.023481e+003;2.521747e-001
3.023963e+003;2.533234e-001
3.024446e+003;2.544858e-001
3.024928e+003;2.556614e-001
3.025410e+003;2.568483e-001
3.025892e+003;2.580425e-001
3.026374e+003;2.592392e-001
3.026856e+003;2.604341e-001
3.027338e+003;2.616256e-001
3.027821e+003;2.628147e-001
3.028302e+003;2.640058e-001
3.028785e+003;2.652065e-001
3.029267e+003;2.664235e-001
3.029749e+003;2.676621e-001
3.030231e+003;2.689258e-001
3.030713e+003;2.702118e-001
3.031195e+003;2.715159e-001
3.031677e+003;2.728316e-001
3.032160e+003;2.741523e-001
3.032642e+003;2.754728e-001
3.033124e+003;2.767906e-001
3.033606e+003;2.781030e-001
3.034088e+003;2.794102e-001
3.034570e+003;2.807105e-001
3.035052e+003;2.820031e-001
3.035535e+003;2.832872e-001
3.036017e+003;2.845643e-001
3.036499e+003;2.858362e-001
3.036981e+003;2.871088e-001
3.037463e+003;2.883875e-001
3.037945e+003;2.896791e-001
3.038427e+003;2.909887e-001
3.038910e+003;2.923193e-001
3.039392e+003;2.936716e-001
3.039874e+003;2.950452e-001
3.040356e+003;2.964378e-001
3.040838e+003;2.978464e-001
3.041320e+003;2.992667e-001
3.041802e+003;3.006937e-001
3.042285e+003;3.021226e-001
3.042767e+003;3.035477e-001
3.043249e+003;3.049644e-001
3.043731e+003;3.063715e-001
3.044213e+003;3.077697e-001
3.044695e+003;3.091629e-001
3.045177e+003;3.105577e-001
3.045659e+003;3.119599e-001
3.046142e+003;3.133752e-001
3.046624e+003;3.148074e-001
3.047106e+003;3.162574e-001
3.047588e+003;3.177244e-001
3.048070e+003;3.192085e-001
3.048552e+003;3.207068e-001
3.049034e+003;3.222178e-001
3.049517e+003;3.237397e-001
3.049999e+003;3.252685e-001
3.050481e+003;3.268006e-001
3.050963e+003;3.283311e-001
3.051445e+003;3.298576e-001
3.051927e+003;3.313782e-001
3.052409e+003;3.328941e-001
3.052892e+003;3.344090e-001
3.053374e+003;3.359279e-001
3.053856e+003;3.374555e-001
3.054338e+003;3.389950e-001
3.054820e+003;3.405467e-001
3.055302e+003;3.421109e-001
3.055784e+003;3.436857e-001
3.056267e+003;3.452684e-001
3.056749e+003;3.468577e-001
3.057231e+003;3.484514e-001
3.057713e+003;3.500477e-001
3.058195e+003;3.516440e-001
3.058677e+003;3.532387e-001
3.059159e+003;3.548300e-001
3.059642e+003;3.564187e-001
3.060124e+003;3.580080e-001
3.060606e+003;3.596029e-001
3.061088e+003;3.612103e-001
3.061570e+003;3.628353e-001
3.062052e+003;3.644817e-001
3.062534e+003;3.661486e-001
3.063016e+003;3.678335e-001
3.063499e+003;3.695323e-001
3.063981e+003;3.712415e-001
3.064463e+003;3.729595e-001
3.064945e+003;3.746870e-001
3.065427e+003;3.764251e-001
3.065909e+003;3.781740e-001
3.066391e+003;3.799308e-001
3.066874e+003;3.816900e-001
3.067356e+003;3.834443e-001
3.067838e+003;3.851865e-001
3.068320e+003;3.869149e-001
3.068802e+003;3.886335e-001
3.069284e+003;3.903518e-001
3.069766e+003;3.920837e-001
3.070249e+003;3.938413e-001
3.070731e+003;3.956335e-001
3.071213e+003;3.974591e-001
3.071695e+003;3.993109e-001
3.072177e+003;4.011756e-001
3.072659e+003;4.030391e-001
3.073141e+003;4.048912e-001
3.073624e+003;4.067286e-001
3.074106e+003;4.085548e-001
3.074588e+003;4.103775e-001
3.075070e+003;4.122063e-001
3.075552e+003;4.140454e-001
3.076034e+003;4.158956e-001
3.076516e+003;4.177529e-001
3.076999e+003;4.196100e-001
3.077480e+003;4.214621e-001
3.077963e+003;4.233071e-001
3.078445e+003;4.251484e-001
3.078927e+003;4.269942e-001
3.079409e+003;4.288527e-001
3.079891e+003;4.307321e-001
3.080373e+003;4.326360e-001
3.080855e+003;4.345647e-001
3.081338e+003;4.365141e-001
3.081820e+003;4.384788e-001
3.082302e+003;4.404538e-001
3.082784e+003;4.424337e-001
3.083266e+003;4.444171e-001
3.083748e+003;4.464025e-001
3.084230e+003;4.483899e-001
3.084713e+003;4.503807e-001
3.085195e+003;4.523775e-001
3.085677e+003;4.543815e-001
3.086159e+003;4.563950e-001
3.086641e+003;4.584197e-001
3.087123e+003;4.604554e-001
3.087605e+003;4.625009e-001
3.088088e+003;4.645535e-001
3.088570e+003;4.666107e-001
3.089052e+003;4.686708e-001
3.089534e+003;4.707325e-001
3.090016e+003;4.727957e-001
3.090498e+003;4.748612e-001
3.090980e+003;4.769289e-001
3.091463e+003;4.789983e-001
3.091945e+003;4.810692e-001
3.092427e+003;4.831416e-001
3.092909e+003;4.852188e-001
3.093391e+003;4.873057e-001
3.093873e+003;4.894079e-001
3.094355e+003;4.915318e-001
3.094837e+003;4.936783e-001
3.095320e+003;4.958448e-001
3.095802e+003;4.980232e-001
3.096284e+003;5.002020e-001
3.096766e+003;5.023714e-001
3.097248e+003;5.045254e-001
3.097730e+003;5.066647e-001
3.098212e+003;5.087968e-001
3.098695e+003;5.109338e-001
3.099177e+003;5.130873e-001
3.099659e+003;5.152673e-001
3.100141e+003;5.174760e-001
3.100623e+003;5.197116e-001
3.101105e+003;5.219660e-001
3.101587e+003;5.242298e-001
3.102070e+003;5.264931e-001
3.102552e+003;5.287485e-001
3.103034e+003;5.309923e-001
3.103516e+003;5.332245e-001
3.103998e+003;5.354493e-001
3.104480e+003;5.376723e-001
3.104962e+003;5.399001e-001
3.105445e+003;5.421390e-001
3.105927e+003;5.443928e-001
3.106409e+003;5.466611e-001
3.106891e+003;5.489400e-001
3.107373e+003;5.512225e-001
3.107855e+003;5.535021e-001
3.108337e+003;5.557756e-001
3.108820e+003;5.580437e-001
3.109302e+003;5.603125e-001
3.109784e+003;5.625926e-001
3.110266e+003;5.648933e-001
3.110748e+003;5.672219e-001
3.111230e+003;5.695806e-001
3.111712e+003;5.719645e-001
3.112194e+003;5.743652e-001
3.112677e+003;5.767720e-001
3.113159e+003;5.791765e-001
3.113641e+003;5.815713e-001
3.114123e+003;5.839540e-001
3.114605e+003;5.863230e-001
3.115087e+003;5.886787e-001
3.115569e+003;5.910222e-001
3.116052e+003;5.933553e-001
3.116534e+003;5.956786e-001
3.117016e+003;5.979964e-001
3.117498e+003;6.003118e-001
3.117980e+003;6.026287e-001
3.118462e+003;6.049517e-001
3.118944e+003;6.072842e-001
3.119427e+003;6.096315e-001
3.119909e+003;6.119996e-001
3.120391e+003;6.143968e-001
3.120873e+003;6.168308e-001
3.121355e+003;6.193095e-001
3.121837e+003;6.218342e-001
3.122319e+003;6.243982e-001
3.122802e+003;6.269869e-001
3.123284e+003;6.295801e-001
3.123766e+003;6.321567e-001
3.124248e+003;6.347006e-001
3.124730e+003;6.372056e-001
3.125212e+003;6.396761e-001
3.125694e+003;6.421249e-001
3.126177e+003;6.445674e-001
3.126658e+003;6.470170e-001
3.127141e+003;6.494796e-001
3.127623e+003;6.519538e-001
3.128105e+003;6.544322e-001
3.128587e+003;6.569076e-001
3.129069e+003;6.593733e-001
3.129551e+003;6.618286e-001
3.130033e+003;6.642789e-001
3.130516e+003;6.667317e-001
3.130998e+003;6.691954e-001
3.131480e+003;6.716765e-001
3.131962e+003;6.741759e-001
3.132444e+003;6.766921e-001
3.132926e+003;6.792208e-001
3.133408e+003;6.817567e-001
3.133891e+003;6.842965e-001
3.134373e+003;6.868387e-001
3.134855e+003;6.893851e-001
3.135337e+003;6.919375e-001
3.135819e+003;6.944988e-001
3.136301e+003;6.970710e-001
3.136783e+003;6.996526e-001
3.137266e+003;7.022387e-001
3.137748e+003;7.048227e-001
3.138230e+003;7.073969e-001
3.138712e+003;7.099553e-001
3.139194e+003;7.124947e-001
3.139676e+003;7.150198e-001
3.140158e+003;7.175386e-001
3.140641e+003;7.200616e-001
3.141123e+003;7.225984e-001
3.141605e+003;7.251549e-001
3.142087e+003;7.277299e-001
3.142569e+003;7.303163e-001
3.143051e+003;7.329032e-001
3.143533e+003;7.354798e-001
3.144015e+003;7.380378e-001
3.144498e+003;7.405742e-001
3.144980e+003;7.430903e-001
3.145462e+003;7.455907e-001
3.145944e+003;7.480820e-001
3.146426e+003;7.505694e-001
3.146908e+003;7.530582e-001
3.147390e+003;7.555510e-001
3.147873e+003;7.580510e-001
3.148355e+003;7.605606e-001
3.148837e+003;7.630813e-001
3.149319e+003;7.656143e-001
3.149801e+003;7.681587e-001
3.150283e+003;7.707120e-001
3.150765e+003;7.732696e-001
3.151248e+003;7.758270e-001
3.151730e+003;7.783802e-001
3.152212e+003;7.809255e-001
3.152694e+003;7.834607e-001
3.153176e+003;7.859849e-001
3.153658e+003;7.884986e-001
3.154140e+003;7.910028e-001
3.154623e+003;7.935007e-001
3.155105e+003;7.959954e-001
3.155587e+003;7.984916e-001
3.156069e+003;8.009915e-001
3.156551e+003;8.034968e-001
3.157033e+003;8.060063e-001
3.157515e+003;8.085191e-001
3.157998e+003;8.110327e-001
3.158479e+003;8.135483e-001
3.158962e+003;8.160689e-001
3.159444e+003;8.185985e-001
3.159926e+003;8.211403e-001
3.160408e+003;8.236939e-001
3.160890e+003;8.262546e-001
3.161372e+003;8.288131e-001
3.161854e+003;8.313584e-001
3.162337e+003;8.338821e-001
3.162819e+003;8.363815e-001
3.163301e+003;8.388589e-001
3.163783e+003;8.413225e-001
3.164265e+003;8.437798e-001
3.164747e+003;8.462362e-001
3.165229e+003;8.486930e-001
3.165712e+003;8.511453e-001
3.166194e+003;8.535890e-001
3.166676e+003;8.560202e-001
3.167158e+003;8.584406e-001
3.167640e+003;8.608553e-001
3.168122e+003;8.632695e-001
3.168604e+003;8.656875e-001
3.169087e+003;8.681076e-001
3.169569e+003;8.705244e-001
3.170051e+003;8.729301e-001
3.170533e+003;8.753181e-001
3.171015e+003;8.776864e-001
3.171497e+003;8.800377e-001
3.171979e+003;8.823792e-001
3.172461e+003;8.847190e-001
3.172944e+003;8.870621e-001
3.173426e+003;8.894104e-001
3.173908e+003;8.917626e-001
3.174390e+003;8.941155e-001
3.174872e+003;8.964677e-001
3.175354e+003;8.988165e-001
3.175836e+003;9.011615e-001
3.176319e+003;9.034995e-001
3.176801e+003;9.058261e-001
3.177283e+003;9.081346e-001
3.177765e+003;9.104195e-001
3.178247e+003;9.126776e-001
3.178729e+003;9.149117e-001
3.179211e+003;9.171294e-001
3.179694e+003;9.193393e-001
3.180176e+003;9.215481e-001
3.180658e+003;9.237571e-001
3.181140e+003;9.259617e-001
3.181622e+003;9.281543e-001
3.182104e+003;9.303273e-001
3.182586e+003;9.324782e-001
3.183069e+003;9.346110e-001
3.183551e+003;9.367340e-001
3.184033e+003;9.388590e-001
3.184515e+003;9.409956e-001
3.184997e+003;9.431491e-001
3.185479e+003;9.453210e-001
3.185961e+003;9.475081e-001
3.186444e+003;9.497078e-001
3.186926e+003;9.519151e-001
3.187408e+003;9.541259e-001
3.187890e+003;9.563339e-001
3.188372e+003;9.585297e-001
3.188854e+003;9.607011e-001
3.189336e+003;9.628350e-001
3.189818e+003;9.649211e-001
3.190301e+003;9.669570e-001
3.190783e+003;9.689462e-001
3.191265e+003;9.708987e-001
3.191747e+003;9.728270e-001
3.192229e+003;9.747438e-001
3.192711e+003;9.766545e-001
3.193193e+003;9.785634e-001
3.193676e+003;9.804702e-001
3.194158e+003;9.823753e-001
3.194640e+003;9.842817e-001
3.195122e+003;9.861944e-001
3.195604e+003;9.881165e-001
3.196086e+003;9.900491e-001
3.196568e+003;9.919856e-001
3.197051e+003;9.939149e-001
3.197533e+003;9.958230e-001
3.198015e+003;9.976974e-001
3.198497e+003;9.995317e-001
3.198979e+003;1.001330e+000
3.199461e+003;1.003101e+000
3.199943e+003;1.004861e+000
3.200426e+003;1.006623e+000
3.200908e+003;1.008394e+000
3.201390e+003;1.010175e+000
3.201872e+003;1.011958e+000
3.202354e+003;1.013733e+000
3.202836e+003;1.015484e+000
3.203318e+003;1.017203e+000
3.203801e+003;1.018880e+000
3.204282e+003;1.020516e+000
3.204765e+003;1.022113e+000
3.205247e+003;1.023677e+000
3.205729e+003;1.025218e+000
3.206211e+003;1.026743e+000
3.206693e+003;1.028263e+000
3.207175e+003;1.029785e+000
3.207657e+003;1.031317e+000
3.208140e+003;1.032866e+000
3.208622e+003;1.034433e+000
3.209104e+003;1.036018e+000
3.209586e+003;1.037614e+000
3.210068e+003;1.039210e+000
3.210550e+003;1.040791e+000
3.211032e+003;1.042338e+000
3.211515e+003;1.043837e+000
3.211997e+003;1.045280e+000
3.212479e+003;1.046668e+000
3.212961e+003;1.048007e+000
3.213443e+003;1.049314e+000
3.213925e+003;1.050602e+000
3.214407e+003;1.051885e+000
3.214890e+003;1.053168e+000
3.215372e+003;1.054451e+000
3.215854e+003;1.055732e+000
3.216336e+003;1.057008e+000
3.216818e+003;1.058279e+000
3.217300e+003;1.059549e+000
3.217782e+003;1.060820e+000
3.218265e+003;1.062093e+000
3.218747e+003;1.063360e+000
3.219229e+003;1.064609e+000
3.219711e+003;1.065822e+000
3.220193e+003;1.066985e+000
3.220675e+003;1.068090e+000
3.221157e+003;1.069139e+000
3.221639e+003;1.070143e+000
3.222122e+003;1.071118e+000
3.222604e+003;1.072083e+000
3.223086e+003;1.073049e+000
3.223568e+003;1.074021e+000
3.224050e+003;1.075001e+000
3.224532e+003;1.075984e+000
3.225014e+003;1.076970e+000
3.225497e+003;1.077957e+000
3.225979e+003;1.078946e+000
3.226461e+003;1.079936e+000
3.226943e+003;1.080926e+000
3.227425e+003;1.081910e+000
3.227907e+003;1.082880e+000
3.228389e+003;1.083829e+000
3.228872e+003;1.084750e+000
3.229354e+003;1.085638e+000
3.229836e+003;1.086489e+000
3.230318e+003;1.087304e+000
3.230800e+003;1.088086e+000
3.231282e+003;1.088839e+000
3.231764e+003;1.089574e+000
3.232247e+003;1.090301e+000
3.232729e+003;1.091034e+000
3.233211e+003;1.091783e+000
3.233693e+003;1.092553e+000
3.234175e+003;1.093338e+000
3.234657e+003;1.094125e+000
3.235139e+003;1.094897e+000
3.235622e+003;1.095639e+000
3.236104e+003;1.096343e+000
3.236586e+003;1.097015e+000
3.237068e+003;1.097663e+000
3.237550e+003;1.098304e+000
3.238032e+003;1.098950e+000
3.238514e+003;1.099603e+000
3.238996e+003;1.100257e+000
3.239479e+003;1.100903e+000
3.239961e+003;1.101528e+000
3.240443e+003;1.102124e+000
3.240925e+003;1.102694e+000
3.241407e+003;1.103243e+000
3.241889e+003;1.103780e+000
3.242371e+003;1.104312e+000
3.242854e+003;1.104841e+000
3.243336e+003;1.105364e+000
3.243818e+003;1.105877e+000
3.244300e+003;1.106374e+000
3.244782e+003;1.106855e+000
3.245264e+003;1.107321e+000
3.245746e+003;1.107776e+000
3.246229e+003;1.108223e+000
3.246711e+003;1.108665e+000
3.247193e+003;1.109099e+000
3.247675e+003;1.109527e+000
3.248157e+003;1.109948e+000
3.248639e+003;1.110362e+000
3.249121e+003;1.110768e+000
3.249604e+003;1.111164e+000
3.250086e+003;1.111543e+000
3.250568e+003;1.111899e+000
3.251050e+003;1.112223e+000
3.251532e+003;1.112512e+000
3.252014e+003;1.112771e+000
3.252496e+003;1.113009e+000
3.252979e+003;1.113243e+000
3.253460e+003;1.113490e+000
3.253943e+003;1.113765e+000
3.254425e+003;1.114073e+000
3.254907e+003;1.114409e+000
3.255389e+003;1.114763e+000
3.255871e+003;1.115116e+000
3.256353e+003;1.115452e+000
3.256835e+003;1.115756e+000
3.257318e+003;1.116018e+000
3.257800e+003;1.116237e+000
3.258282e+003;1.116417e+000
3.258764e+003;1.116570e+000
3.259246e+003;1.116711e+000
3.259728e+003;1.116853e+000
3.260210e+003;1.117007e+000
3.260693e+003;1.117175e+000
3.261175e+003;1.117353e+000
3.261657e+003;1.117528e+000
3.262139e+003;1.117692e+000
3.262621e+003;1.117838e+000
3.263103e+003;1.117967e+000
3.263585e+003;1.118092e+000
3.264068e+003;1.118229e+000
3.264550e+003;1.118393e+000
3.265032e+003;1.118592e+000
3.265514e+003;1.118820e+000
3.265996e+003;1.119060e+000
3.266478e+003;1.119287e+000
3.266960e+003;1.119476e+000
3.267443e+003;1.119612e+000
3.267925e+003;1.119691e+000
3.268407e+003;1.119722e+000
3.268889e+003;1.119727e+000
3.269371e+003;1.119728e+000
3.269853e+003;1.119747e+000
3.270335e+003;1.119798e+000
3.270817e+003;1.119886e+000
3.271300e+003;1.120008e+000
3.271782e+003;1.120158e+000
3.272264e+003;1.120324e+000
3.272746e+003;1.120499e+000
3.273228e+003;1.120672e+000
3.273710e+003;1.120842e+000
3.274192e+003;1.121009e+000
3.274675e+003;1.121175e+000
3.275157e+003;1.121344e+000
3.275639e+003;1.121518e+000
3.276121e+003;1.121697e+000
3.276603e+003;1.121872e+000
3.277085e+003;1.122033e+000
3.277567e+003;1.122165e+000
3.278050e+003;1.122258e+000
3.278532e+003;1.122305e+000
3.279014e+003;1.122307e+000
3.279496e+003;1.122276e+000
3.279978e+003;1.122223e+000
3.280460e+003;1.122164e+000
3.280942e+003;1.122110e+000
3.281425e+003;1.122069e+000
3.281907e+003;1.122048e+000
3.282389e+003;1.122047e+000
3.282871e+003;1.122072e+000
3.283353e+003;1.122125e+000
3.283835e+003;1.122209e+000
3.284317e+003;1.122323e+000
3.284800e+003;1.122463e+000
3.285281e+003;1.122624e+000
3.285764e+003;1.122795e+000
3.286246e+003;1.122964e+000
3.286728e+003;1.123122e+000
3.287210e+003;1.123258e+000
3.287692e+003;1.123366e+000
3.288174e+003;1.123437e+000
3.288656e+003;1.123469e+000
3.289139e+003;1.123463e+000
3.289621e+003;1.123426e+000
3.290103e+003;1.123371e+000
3.290585e+003;1.123319e+000
3.291067e+003;1.123289e+000
3.291549e+003;1.123297e+000
3.292031e+003;1.123348e+000
3.292514e+003;1.123435e+000
3.292996e+003;1.123538e+000
3.293478e+003;1.123634e+000
3.293960e+003;1.123700e+000
3.294442e+003;1.123727e+000
3.294924e+003;1.123718e+000
3.295406e+003;1.123688e+000
3.295889e+003;1.123660e+000
3.296371e+003;1.123657e+000
3.296853e+003;1.123693e+000
3.297335e+003;1.123770e+000
3.297817e+003;1.123879e+000
3.298299e+003;1.124005e+000
3.298781e+003;1.124129e+000
3.299264e+003;1.124237e+000
3.299746e+003;1.124319e+000
3.300228e+003;1.124375e+000
3.300710e+003;1.124410e+000
3.301192e+003;1.124431e+000
3.301674e+003;1.124449e+000
3.302156e+003;1.124472e+000
3.302638e+003;1.124507e+000
3.303121e+003;1.124562e+000
3.303603e+003;1.124640e+000
3.304085e+003;1.124741e+000
3.304567e+003;1.124863e+000
3.305049e+003;1.124998e+000
3.305531e+003;1.125135e+000
3.306013e+003;1.125261e+000
3.306496e+003;1.125362e+000
3.306978e+003;1.125426e+000
3.307460e+003;1.125444e+000
3.307942e+003;1.125416e+000
3.308424e+003;1.125348e+000
3.308906e+003;1.125250e+000
3.309388e+003;1.125141e+000
3.309871e+003;1.125034e+000
3.310353e+003;1.124944e+000
3.310835e+003;1.124882e+000
3.311317e+003;1.124855e+000
3.311799e+003;1.124866e+000
3.312281e+003;1.124915e+000
3.312763e+003;1.124996e+000
3.313246e+003;1.125102e+000
3.313728e+003;1.125222e+000
3.314210e+003;1.125340e+000
3.314692e+003;1.125440e+000
3.315174e+003;1.125510e+000
3.315656e+003;1.125543e+000
3.316138e+003;1.125544e+000
3.316621e+003;1.125526e+000
3.317103e+003;1.125507e+000
3.317585e+003;1.125503e+000
3.318067e+003;1.125525e+000
3.318549e+003;1.125569e+000
3.319031e+003;1.125625e+000
3.319513e+003;1.125673e+000
3.319995e+003;1.125699e+000
3.320478e+003;1.125692e+000
3.320960e+003;1.125651e+000
3.321442e+003;1.125583e+000
3.321924e+003;1.125498e+000
3.322406e+003;1.125400e+000
3.322888e+003;1.125293e+000
3.323370e+003;1.125173e+000
3.323853e+003;1.125038e+000
3.324335e+003;1.124891e+000
3.324817e+003;1.124741e+000
3.325299e+003;1.124605e+000
3.325781e+003;1.124498e+000
3.326263e+003;1.124433e+000
3.326745e+003;1.124408e+000
3.327228e+003;1.124414e+000
3.327710e+003;1.124434e+000
3.328192e+003;1.124449e+000
3.328674e+003;1.124447e+000
3.329156e+003;1.124423e+000
3.329638e+003;1.124378e+000
3.330120e+003;1.124319e+000
3.330603e+003;1.124251e+000
3.331085e+003;1.124176e+000
3.331567e+003;1.124091e+000
3.332049e+003;1.123994e+000
3.332531e+003;1.123883e+000
3.333013e+003;1.123759e+000
3.333495e+003;1.123624e+000
3.333978e+003;1.123483e+000
3.334459e+003;1.123338e+000
3.334942e+003;1.123193e+000
3.335424e+003;1.123047e+000
3.335906e+003;1.122905e+000
3.336388e+003;1.122773e+000
3.336870e+003;1.122655e+000
3.337352e+003;1.122552e+000
3.337834e+003;1.122459e+000
3.338317e+003;1.122362e+000
3.338799e+003;1.122247e+000
3.339281e+003;1.122094e+000
3.339763e+003;1.121898e+000
3.340245e+003;1.121660e+000
3.340727e+003;1.121395e+000
3.341209e+003;1.121122e+000
3.341692e+003;1.120857e+000
3.342174e+003;1.120607e+000
3.342656e+003;1.120370e+000
3.343138e+003;1.120129e+000
3.343620e+003;1.119872e+000
3.344102e+003;1.119588e+000
3.344584e+003;1.119279e+000
3.345067e+003;1.118956e+000
3.345549e+003;1.118635e+000
3.346031e+003;1.118328e+000
3.346513e+003;1.118044e+000
3.346995e+003;1.117780e+000
3.347477e+003;1.117528e+000
3.347959e+003;1.117277e+000
3.348442e+003;1.117019e+000
3.348924e+003;1.116751e+000
3.349406e+003;1.116469e+000
3.349888e+003;1.116173e+000
3.350370e+003;1.115858e+000
3.350852e+003;1.115521e+000
3.351334e+003;1.115154e+000
3.351816e+003;1.114756e+000
3.352299e+003;1.114332e+000
3.352781e+003;1.113891e+000
3.353263e+003;1.113444e+000
3.353745e+003;1.112996e+000
3.354227e+003;1.112550e+000
3.354709e+003;1.112096e+000
3.355191e+003;1.111622e+000
3.355674e+003;1.111114e+000
3.356156e+003;1.110560e+000
3.356638e+003;1.109955e+000
3.357120e+003;1.109302e+000
3.357602e+003;1.108609e+000
3.358084e+003;1.107892e+000
3.358566e+003;1.107169e+000
3.359049e+003;1.106460e+000
3.359531e+003;1.105785e+000
3.360013e+003;1.105161e+000
3.360495e+003;1.104595e+000
3.360977e+003;1.104084e+000
3.361459e+003;1.103612e+000
3.361941e+003;1.103151e+000
3.362424e+003;1.102671e+000
3.362906e+003;1.102143e+000
3.363388e+003;1.101552e+000
3.363870e+003;1.100894e+000
3.364352e+003;1.100180e+000
3.364834e+003;1.099424e+000
3.365316e+003;1.098641e+000
3.365799e+003;1.097842e+000
3.366281e+003;1.097027e+000
3.366763e+003;1.096198e+000
3.367245e+003;1.095353e+000
3.367727e+003;1.094500e+000
3.368209e+003;1.093652e+000
3.368691e+003;1.092823e+000
3.369173e+003;1.092026e+000
3.369656e+003;1.091267e+000
3.370138e+003;1.090538e+000
3.370620e+003;1.089825e+000
3.371102e+003;1.089106e+000
3.371584e+003;1.088363e+000
3.372066e+003;1.087581e+000
3.372548e+003;1.086752e+000
3.373031e+003;1.085876e+000
3.373513e+003;1.084954e+000
3.373995e+003;1.083994e+000
3.374477e+003;1.083004e+000
3.374959e+003;1.081999e+000
3.375441e+003;1.080995e+000
3.375923e+003;1.080009e+000
3.376406e+003;1.079052e+000
3.376888e+003;1.078130e+000
3.377370e+003;1.077236e+000
3.377852e+003;1.076350e+000
3.378334e+003;1.075447e+000
3.378816e+003;1.074502e+000
3.379298e+003;1.073494e+000
3.379781e+003;1.072416e+000
3.380263e+003;1.071275e+000
3.380745e+003;1.070086e+000
3.381227e+003;1.068873e+000
3.381709e+003;1.067655e+000
3.382191e+003;1.066452e+000
3.382673e+003;1.065276e+000
3.383156e+003;1.064132e+000
3.383637e+003;1.063019e+000
3.384120e+003;1.061930e+000
3.384602e+003;1.060851e+000
3.385084e+003;1.059767e+000
3.385566e+003;1.058660e+000
3.386048e+003;1.057514e+000
3.386530e+003;1.056322e+000
3.387012e+003;1.055082e+000
3.387495e+003;1.053803e+000
3.387977e+003;1.052498e+000
3.388459e+003;1.051180e+000
3.388941e+003;1.049861e+000
3.389423e+003;1.048545e+000
3.389905e+003;1.047231e+000
3.390387e+003;1.045913e+000
3.390870e+003;1.044584e+000
3.391352e+003;1.043239e+000
3.391834e+003;1.041876e+000
3.392316e+003;1.040496e+000
3.392798e+003;1.039103e+000
3.393280e+003;1.037699e+000
3.393762e+003;1.036287e+000
3.394245e+003;1.034868e+000
3.394727e+003;1.033444e+000
3.395209e+003;1.032017e+000
3.395691e+003;1.030587e+000
3.396173e+003;1.029155e+000
3.396655e+003;1.027723e+000
3.397137e+003;1.026290e+000
3.397620e+003;1.024855e+000
3.398102e+003;1.023419e+000
3.398584e+003;1.021980e+000
3.399066e+003;1.020538e+000
3.399548e+003;1.019092e+000
3.400030e+003;1.017636e+000
3.400512e+003;1.016167e+000
3.400994e+003;1.014674e+000
3.401477e+003;1.013156e+000
3.401959e+003;1.011609e+000
3.402441e+003;1.010036e+000
3.402923e+003;1.008444e+000
3.403405e+003;1.006838e+000
3.403887e+003;1.005222e+000
3.404369e+003;1.003593e+000
3.404852e+003;1.001947e+000
3.405334e+003;1.000277e+000
3.405816e+003;9.985791e-001
3.406298e+003;9.968568e-001
3.406780e+003;9.951202e-001
3.407262e+003;9.933845e-001
3.407744e+003;9.916676e-001
3.408227e+003;9.899816e-001
3.408709e+003;9.883320e-001
3.409191e+003;9.867142e-001
3.409673e+003;9.851145e-001
3.410155e+003;9.835172e-001
3.410637e+003;9.819047e-001
3.411119e+003;9.802639e-001
3.411602e+003;9.785855e-001
3.412084e+003;9.768650e-001
3.412566e+003;9.751002e-001
3.413048e+003;9.732907e-001
3.413530e+003;9.714401e-001
3.414012e+003;9.695542e-001
3.414494e+003;9.676452e-001
3.414977e+003;9.657306e-001
3.415458e+003;9.638316e-001
3.415941e+003;9.619691e-001
3.416423e+003;9.601594e-001
3.416905e+003;9.584081e-001
3.417387e+003;9.567097e-001
3.417869e+003;9.550468e-001
3.418351e+003;9.533964e-001
3.418833e+003;9.517341e-001
3.419316e+003;9.500413e-001
3.419798e+003;9.483117e-001
3.420280e+003;9.465478e-001
3.420762e+003;9.447595e-001
3.421244e+003;9.429600e-001
3.421726e+003;9.411596e-001
3.422208e+003;9.393592e-001
3.422691e+003;9.375556e-001
3.423173e+003;9.357394e-001
3.423655e+003;9.339031e-001
3.424137e+003;9.320458e-001
3.424619e+003;9.301736e-001
3.425101e+003;9.282964e-001
3.425583e+003;9.264287e-001
3.426066e+003;9.245768e-001
3.426548e+003;9.227415e-001
3.427030e+003;9.209138e-001
3.427512e+003;9.190799e-001
3.427994e+003;9.172236e-001
3.428476e+003;9.153354e-001
3.428958e+003;9.134132e-001
3.429441e+003;9.114627e-001
3.429923e+003;9.094968e-001
3.430405e+003;9.075298e-001
3.430887e+003;9.055726e-001
3.431369e+003;9.036329e-001
3.431851e+003;9.017138e-001
3.432333e+003;8.998162e-001
3.432815e+003;8.979377e-001
3.433298e+003;8.960755e-001
3.433780e+003;8.942270e-001
3.434262e+003;8.923848e-001
3.434744e+003;8.905436e-001
3.435226e+003;8.886952e-001
3.435708e+003;8.868333e-001
3.436190e+003;8.849571e-001
3.436673e+003;8.830702e-001
3.437155e+003;8.811825e-001
3.437637e+003;8.793049e-001
3.438119e+003;8.774482e-001
3.438601e+003;8.756174e-001
3.439083e+003;8.738120e-001
3.439565e+003;8.720217e-001
3.440048e+003;8.702317e-001
3.440530e+003;8.684241e-001
3.441012e+003;8.665842e-001
3.441494e+003;8.646997e-001
3.441976e+003;8.627671e-001
3.442458e+003;8.607917e-001
3.442940e+003;8.587834e-001
3.443423e+003;8.567593e-001
3.443905e+003;8.547369e-001
3.444387e+003;8.527328e-001
3.444869e+003;8.507570e-001
3.445351e+003;8.488150e-001
3.445833e+003;8.469049e-001
3.446315e+003;8.450199e-001
3.446798e+003;8.431520e-001
3.447280e+003;8.412932e-001
3.447762e+003;8.394379e-001
3.448244e+003;8.375799e-001
3.448726e+003;8.357151e-001
3.449208e+003;8.338370e-001
3.449690e+003;8.319390e-001
3.450172e+003;8.300152e-001
3.450655e+003;8.280643e-001
3.451137e+003;8.260927e-001
3.451619e+003;8.241127e-001
3.452101e+003;8.221428e-001
3.452583e+003;8.202011e-001
3.453065e+003;8.182997e-001
3.453547e+003;8.164392e-001
3.454030e+003;8.146115e-001
3.454512e+003;8.128011e-001
3.454994e+003;8.109900e-001
3.455476e+003;8.091655e-001
3.455958e+003;8.073204e-001
3.456440e+003;8.054557e-001
3.456922e+003;8.035754e-001
3.457405e+003;8.016852e-001
3.457887e+003;7.997875e-001
3.458369e+003;7.978814e-001
3.458851e+003;7.959677e-001
3.459333e+003;7.940474e-001
3.459815e+003;7.921254e-001
3.460297e+003;7.902111e-001
3.460780e+003;7.883140e-001
3.461262e+003;7.864400e-001
3.461744e+003;7.845904e-001
3.462226e+003;7.827637e-001
3.462708e+003;7.809522e-001
3.463190e+003;7.791486e-001
3.463672e+003;7.773458e-001
3.464155e+003;7.755390e-001
3.464636e+003;7.737244e-001
3.465119e+003;7.718968e-001
3.465601e+003;7.700525e-001
3.466083e+003;7.681902e-001
3.466565e+003;7.663122e-001
3.467047e+003;7.644269e-001
3.467529e+003;7.625452e-001
3.468011e+003;7.606809e-001
3.468494e+003;7.588394e-001
3.468976e+003;7.570174e-001
3.469458e+003;7.552006e-001
3.469940e+003;7.533700e-001
3.470422e+003;7.515073e-001
3.470904e+003;7.496039e-001
3.471386e+003;7.476643e-001
3.471869e+003;7.457067e-001
3.472351e+003;7.437542e-001
3.472833e+003;7.418277e-001
3.473315e+003;7.399386e-001
3.473797e+003;7.380851e-001
3.474279e+003;7.362552e-001
3.474761e+003;7.344329e-001
3.475244e+003;7.326078e-001
3.475726e+003;7.307784e-001
3.476208e+003;7.289516e-001
3.476690e+003;7.271372e-001
3.477172e+003;7.253413e-001
3.477654e+003;7.235632e-001
3.478136e+003;7.217911e-001
3.478619e+003;7.200083e-001
3.479101e+003;7.181988e-001
3.479583e+003;7.163539e-001
3.480065e+003;7.144771e-001
3.480547e+003;7.125801e-001
3.481029e+003;7.106838e-001
3.481511e+003;7.088089e-001
3.481993e+003;7.069735e-001
3.482476e+003;7.051876e-001
3.482958e+003;7.034534e-001
3.483440e+003;7.017648e-001
3.483922e+003;7.001061e-001
3.484404e+003;6.984572e-001
3.484886e+003;6.967929e-001
3.485368e+003;6.950890e-001
3.485851e+003;6.933253e-001
3.486333e+003;6.914940e-001
3.486815e+003;6.895980e-001
3.487297e+003;6.876564e-001
3.487779e+003;6.856961e-001
3.488261e+003;6.837465e-001
3.488743e+003;6.818315e-001
3.489226e+003;6.799641e-001
3.489708e+003;6.781425e-001
3.490190e+003;6.763556e-001
3.490672e+003;6.745851e-001
3.491154e+003;6.728149e-001
3.491636e+003;6.710328e-001
3.492118e+003;6.692344e-001
3.492601e+003;6.674213e-001
3.493083e+003;6.655995e-001
3.493565e+003;6.637734e-001
3.494047e+003;6.619493e-001
3.494529e+003;6.601292e-001
3.495011e+003;6.583148e-001
3.495493e+003;6.565058e-001
3.495976e+003;6.547014e-001
3.496458e+003;6.529008e-001
3.496940e+003;6.511039e-001
3.497422e+003;6.493112e-001
3.497904e+003;6.475252e-001
3.498386e+003;6.457503e-001
3.498868e+003;6.439909e-001
3.499350e+003;6.422487e-001
3.499833e+003;6.405219e-001
3.500315e+003;6.388016e-001
3.500797e+003;6.370781e-001
3.501279e+003;6.353396e-001
3.501761e+003;6.335777e-001
3.502243e+003;6.317930e-001
3.502725e+003;6.299919e-001
3.503208e+003;6.281853e-001
3.503690e+003;6.263847e-001
3.504172e+003;6.245955e-001
3.504654e+003;6.228184e-001
3.505136e+003;6.210463e-001
3.505618e+003;6.192745e-001
3.506100e+003;6.175011e-001
3.506583e+003;6.157307e-001
3.507065e+003;6.139742e-001
3.507547e+003;6.122416e-001
3.508029e+003;6.105387e-001
3.508511e+003;6.088596e-001
3.508993e+003;6.071900e-001
3.509475e+003;6.055111e-001
3.509958e+003;6.038060e-001
3.510440e+003;6.020691e-001
3.510922e+003;6.003081e-001
3.511404e+003;5.985392e-001
3.511886e+003;5.967829e-001
3.512368e+003;5.950520e-001
3.512850e+003;5.933483e-001
3.513333e+003;5.916601e-001
3.513814e+003;5.899692e-001
3.514297e+003;5.882580e-001
3.514779e+003;5.865157e-001
3.515261e+003;5.847431e-001
3.515743e+003;5.829505e-001
3.516225e+003;5.811529e-001
3.516707e+003;5.793614e-001
3.517189e+003;5.775828e-001
3.517672e+003;5.758144e-001
3.518154e+003;5.740516e-001
3.518636e+003;5.722880e-001
3.519118e+003;5.705236e-001
3.519600e+003;5.687621e-001
3.520082e+003;5.670078e-001
3.520564e+003;5.652640e-001
3.521047e+003;5.635291e-001
3.521529e+003;5.617965e-001
3.522011e+003;5.600579e-001
3.522493e+003;5.583085e-001
3.522975e+003;5.565488e-001
3.523457e+003;5.547871e-001
3.523939e+003;5.530365e-001
3.524422e+003;5.513092e-001
3.524904e+003;5.496137e-001
3.525386e+003;5.479484e-001
3.525868e+003;5.463066e-001
3.526350e+003;5.446736e-001
3.526832e+003;5.430332e-001
3.527314e+003;5.413744e-001
3.527797e+003;5.396876e-001
3.528279e+003;5.379702e-001
3.528761e+003;5.362235e-001
3.529243e+003;5.344502e-001
3.529725e+003;5.326558e-001
3.530207e+003;5.308463e-001
3.530689e+003;5.290296e-001
3.531171e+003;5.272137e-001
3.531654e+003;5.254074e-001
3.532136e+003;5.236172e-001
3.532618e+003;5.218470e-001
3.533100e+003;5.200988e-001
3.533582e+003;5.183735e-001
3.534064e+003;5.166702e-001
3.534546e+003;5.149919e-001
3.535029e+003;5.133408e-001
3.535511e+003;5.117196e-001
3.535993e+003;5.101282e-001
3.536475e+003;5.085601e-001
3.536957e+003;5.070040e-001
3.537439e+003;5.054462e-001
3.537921e+003;5.038728e-001
3.538404e+003;5.022759e-001
3.538886e+003;5.006557e-001
3.539368e+003;4.990211e-001
3.539850e+003;4.973845e-001
3.540332e+003;4.957588e-001
3.540814e+003;4.941505e-001
3.541296e+003;4.925568e-001
3.541779e+003;4.909681e-001
3.542261e+003;4.893669e-001
3.542743e+003;4.877388e-001
3.543225e+003;4.860748e-001
3.543707e+003;4.843754e-001
3.544189e+003;4.826512e-001
3.544671e+003;4.809192e-001
3.545154e+003;4.791988e-001
3.545635e+003;4.775039e-001
3.546118e+003;4.758430e-001
3.546600e+003;4.742130e-001
3.547082e+003;4.726032e-001
3.547564e+003;4.709968e-001
3.548046e+003;4.693794e-001
3.548528e+003;4.677380e-001
3.549010e+003;4.660711e-001
3.549493e+003;4.643829e-001
3.549975e+003;4.626867e-001
3.550457e+003;4.609967e-001
3.550939e+003;4.593259e-001
3.551421e+003;4.576813e-001
3.551903e+003;4.560619e-001
3.552385e+003;4.544590e-001
3.552868e+003;4.528605e-001
3.553350e+003;4.512542e-001
3.553832e+003;4.496330e-001
3.554314e+003;4.479957e-001
3.554796e+003;4.463481e-001
3.555278e+003;4.446983e-001
3.555760e+003;4.430541e-001
3.556243e+003;4.414217e-001
3.556725e+003;4.398016e-001
3.557207e+003;4.381924e-001
3.557689e+003;4.365906e-001
3.558171e+003;4.349935e-001
3.558653e+003;4.334008e-001
3.559135e+003;4.318132e-001
3.559618e+003;4.302309e-001
3.560100e+003;4.286535e-001
3.560582e+003;4.270812e-001
3.561064e+003;4.255117e-001
3.561546e+003;4.239438e-001
3.562028e+003;4.223808e-001
3.562510e+003;4.208270e-001
3.562992e+003;4.192882e-001
3.563475e+003;4.177680e-001
3.563957e+003;4.162670e-001
3.564439e+003;4.147816e-001
3.564921e+003;4.133040e-001
3.565403e+003;4.118249e-001
3.565885e+003;4.103374e-001
3.566367e+003;4.088367e-001
3.566850e+003;4.073224e-001
3.567332e+003;4.057974e-001
3.567814e+003;4.042641e-001
3.568296e+003;4.027273e-001
3.568778e+003;4.011886e-001
3.569260e+003;3.996511e-001
3.569742e+003;3.981160e-001
3.570225e+003;3.965891e-001
3.570707e+003;3.950732e-001
3.571189e+003;3.935716e-001
3.571671e+003;3.920861e-001
3.572153e+003;3.906127e-001
3.572635e+003;3.891476e-001
3.573117e+003;3.876825e-001
3.573600e+003;3.862121e-001
3.574082e+003;3.847335e-001
3.574564e+003;3.832484e-001
3.575046e+003;3.817621e-001
3.575528e+003;3.802827e-001
3.576010e+003;3.788179e-001
3.576492e+003;3.773722e-001
3.576974e+003;3.759480e-001
3.577457e+003;3.745427e-001
3.577939e+003;3.731505e-001
3.578421e+003;3.717603e-001
3.578903e+003;3.703624e-001
3.579385e+003;3.689456e-001
3.579867e+003;3.675031e-001
3.580349e+003;3.660322e-001
3.580832e+003;3.645385e-001
3.581314e+003;3.630325e-001
3.581796e+003;3.615294e-001
3.582278e+003;3.600432e-001
3.582760e+003;3.585840e-001
3.583242e+003;3.571549e-001
3.583724e+003;3.557518e-001
3.584207e+003;3.543659e-001
3.584689e+003;3.529862e-001
3.585171e+003;3.516046e-001
3.585653e+003;3.502181e-001
3.586135e+003;3.488272e-001
3.586617e+003;3.474354e-001
3.587099e+003;3.460441e-001
3.587582e+003;3.446546e-001
3.588064e+003;3.432655e-001
3.588546e+003;3.418748e-001
3.589028e+003;3.404839e-001
3.589510e+003;3.390969e-001
3.589992e+003;3.377212e-001
3.590474e+003;3.363612e-001
3.590957e+003;3.350185e-001
3.591438e+003;3.336901e-001
3.591921e+003;3.323648e-001
3.592403e+003;3.310312e-001
3.592885e+003;3.296799e-001
3.593367e+003;3.283079e-001
3.593849e+003;3.269184e-001
3.594331e+003;3.255223e-001
3.594813e+003;3.241312e-001
3.595296e+003;3.227564e-001
3.595778e+003;3.214037e-001
3.596260e+003;3.200740e-001
3.596742e+003;3.187631e-001
3.597224e+003;3.174657e-001
3.597706e+003;3.161743e-001
3.598188e+003;3.148832e-001
3.598671e+003;3.135851e-001
3.599153e+003;3.122758e-001
3.599635e+003;3.109533e-001
3.600117e+003;3.096193e-001
3.600599e+003;3.082806e-001
3.601081e+003;3.069482e-001
3.601563e+003;3.056317e-001
3.602046e+003;3.043383e-001
3.602528e+003;3.030647e-001
3.603010e+003;3.017997e-001
3.603492e+003;3.005236e-001
3.603974e+003;2.992193e-001
3.604456e+003;2.978769e-001
3.604938e+003;2.965015e-001
3.605421e+003;2.951115e-001
3.605903e+003;2.937353e-001
3.606385e+003;2.923991e-001
3.606867e+003;2.911195e-001
3.607349e+003;2.898934e-001
3.607831e+003;2.887012e-001
3.608313e+003;2.875119e-001
3.608795e+003;2.862961e-001
3.609278e+003;2.850345e-001
3.609760e+003;2.837242e-001
3.610242e+003;2.823784e-001
3.610724e+003;2.810203e-001
3.611206e+003;2.796722e-001
3.611688e+003;2.783493e-001
3.612170e+003;2.770547e-001
3.612653e+003;2.757809e-001
3.613135e+003;2.745148e-001
3.613617e+003;2.732426e-001
3.614099e+003;2.719550e-001
3.614581e+003;2.706497e-001
3.615063e+003;2.693322e-001
3.615545e+003;2.680103e-001
3.616028e+003;2.666919e-001
3.616510e+003;2.653843e-001
3.616992e+003;2.640874e-001
3.617474e+003;2.627973e-001
3.617956e+003;2.615053e-001
3.618438e+003;2.602004e-001
3.618920e+003;2.588732e-001
3.619403e+003;2.575189e-001
3.619885e+003;2.561408e-001
3.620367e+003;2.547497e-001
3.620849e+003;2.533613e-001
3.621331e+003;2.519914e-001
3.621813e+003;2.506508e-001
3.622295e+003;2.493404e-001
3.622778e+003;2.480530e-001
3.623260e+003;2.467743e-001
3.623742e+003;2.454915e-001
3.624224e+003;2.441991e-001
3.624706e+003;2.429002e-001
3.625188e+003;2.416083e-001
3.625670e+003;2.403394e-001
3.626152e+003;2.391087e-001
3.626635e+003;2.379174e-001
3.627117e+003;2.367561e-001
3.627599e+003;2.356017e-001
3.628081e+003;2.344273e-001
3.628563e+003;2.332074e-001
3.629045e+003;2.319278e-001
3.629527e+003;2.305856e-001
3.630010e+003;2.291930e-001
3.630492e+003;2.277656e-001
3.630974e+003;2.263231e-001
3.631456e+003;2.248809e-001
3.631938e+003;2.234522e-001
3.632420e+003;2.220432e-001
3.632902e+003;2.206564e-001
3.633385e+003;2.192916e-001
3.633867e+003;2.179431e-001
3.634349e+003;2.166020e-001
3.634831e+003;2.152553e-001
3.635313e+003;2.138910e-001
3.635795e+003;2.125002e-001
3.636277e+003;2.110772e-001
3.636760e+003;2.096250e-001
3.637242e+003;2.081486e-001
3.637724e+003;2.066572e-001
3.638206e+003;2.051578e-001
3.638688e+003;2.036552e-001
3.639170e+003;2.021514e-001
3.639652e+003;2.006477e-001
3.640135e+003;1.991458e-001
3.640616e+003;1.976508e-001
3.641099e+003;1.961661e-001
3.641581e+003;1.946951e-001
3.642063e+003;1.932358e-001
3.642545e+003;1.917811e-001
3.643027e+003;1.903203e-001
3.643509e+003;1.888444e-001
3.643991e+003;1.873475e-001
3.644474e+003;1.858335e-001
3.644956e+003;1.843119e-001
3.645438e+003;1.827985e-001
3.645920e+003;1.813090e-001
3.646402e+003;1.798524e-001
3.646884e+003;1.784311e-001
3.647366e+003;1.770409e-001
3.647849e+003;1.756696e-001
3.648331e+003;1.743060e-001
3.648813e+003;1.729355e-001
3.649295e+003;1.715484e-001
3.649777e+003;1.701360e-001
3.650259e+003;1.686903e-001
3.650741e+003;1.672079e-001
3.651224e+003;1.656889e-001
3.651706e+003;1.641404e-001
3.652188e+003;1.625746e-001
3.652670e+003;1.610086e-001
3.653152e+003;1.594588e-001
3.653634e+003;1.579356e-001
3.654116e+003;1.564413e-001
3.654599e+003;1.549668e-001
3.655081e+003;1.534978e-001
3.655563e+003;1.520159e-001
3.656045e+003;1.505107e-001
3.656527e+003;1.489791e-001
3.657009e+003;1.474304e-001
3.657491e+003;1.458777e-001
3.657973e+003;1.443361e-001
3.658456e+003;1.428158e-001
3.658938e+003;1.413184e-001
3.659420e+003;1.398369e-001
3.659902e+003;1.383621e-001
3.660384e+003;1.368847e-001
3.660866e+003;1.354020e-001
3.661348e+003;1.339154e-001
3.661831e+003;1.324318e-001
3.662313e+003;1.309581e-001
3.662795e+003;1.294999e-001
3.663277e+003;1.280561e-001
3.663759e+003;1.266217e-001
3.664241e+003;1.251885e-001
3.664723e+003;1.237480e-001
3.665206e+003;1.222976e-001
3.665688e+003;1.208389e-001
3.666170e+003;1.193792e-001
3.666652e+003;1.179324e-001
3.667134e+003;1.165109e-001
3.667616e+003;1.151288e-001
3.668098e+003;1.137919e-001
3.668581e+003;1.125010e-001
3.669063e+003;1.112452e-001
3.669545e+003;1.100092e-001
3.670027e+003;1.087731e-001
3.670509e+003;1.075175e-001
3.670991e+003;1.062332e-001
3.671473e+003;1.049210e-001
3.671956e+003;1.035920e-001
3.672438e+003;1.022661e-001
3.672920e+003;1.009633e-001
3.673402e+003;9.969916e-002
3.673884e+003;9.847640e-002
3.674366e+003;9.728610e-002
3.674848e+003;9.610764e-002
3.675330e+003;9.491941e-002
3.675813e+003;9.370582e-002
3.676295e+003;9.246470e-002
3.676777e+003;9.120889e-002
3.677259e+003;8.996214e-002
3.677741e+003;8.875018e-002
3.678223e+003;8.759445e-002
3.678705e+003;8.650257e-002
3.679188e+003;8.546788e-002
3.679670e+003;8.447216e-002
3.680152e+003;8.349134e-002
3.680634e+003;8.250561e-002
3.681116e+003;8.149943e-002
3.681598e+003;8.047105e-002
3.682080e+003;7.942604e-002
3.682563e+003;7.837503e-002
3.683045e+003;7.733137e-002
3.683527e+003;7.630656e-002
3.684009e+003;7.531080e-002
3.684491e+003;7.435173e-002
3.684973e+003;7.343469e-002
3.685455e+003;7.256276e-002
3.685938e+003;7.173657e-002
3.686420e+003;7.094827e-002
3.686902e+003;7.018796e-002
3.687384e+003;6.943971e-002
3.687866e+003;6.869072e-002
3.688348e+003;6.793194e-002
3.688830e+003;6.716338e-002
3.689313e+003;6.639245e-002
3.689794e+003;6.563202e-002
3.690277e+003;6.489250e-002
3.690759e+003;6.417987e-002
3.691241e+003;6.349245e-002
3.691723e+003;6.282194e-002
3.692205e+003;6.215852e-002
3.692687e+003;6.149523e-002
3.693169e+003;6.083215e-002
3.693652e+003;6.017617e-002
3.694134e+003;5.953668e-002
3.694616e+003;5.892383e-002
3.695098e+003;5.834012e-002
3.695580e+003;5.778111e-002
3.696062e+003;5.723611e-002
3.696544e+003;5.669103e-002
3.697027e+003;5.613318e-002
3.697509e+003;5.555877e-002
3.697991e+003;5.496921e-002
3.698473e+003;5.437324e-002
3.698955e+003;5.378216e-002
3.699437e+003;5.320774e-002
3.699919e+003;5.265707e-002
3.700402e+003;5.213204e-002
3.700884e+003;5.163097e-002
3.701366e+003;5.114854e-002
3.701848e+003;5.067942e-002
3.702330e+003;5.021804e-002
3.702812e+003;4.975959e-002
3.703294e+003;4.930229e-002
3.703777e+003;4.884678e-002
3.704259e+003;4.839607e-002
3.704741e+003;4.795424e-002
3.705223e+003;4.752771e-002
3.705705e+003;4.712104e-002
3.706187e+003;4.673713e-002
3.706669e+003;4.637595e-002
3.707151e+003;4.603587e-002
3.707634e+003;4.571284e-002
3.708116e+003;4.540521e-002
3.708598e+003;4.511134e-002
3.709080e+003;4.483500e-002
3.709562e+003;4.457861e-002
3.710044e+003;4.434506e-002
3.710526e+003;4.413208e-002
3.711009e+003;4.393323e-002
3.711491e+003;4.373776e-002
3.711973e+003;4.353342e-002
3.712455e+003;4.331035e-002
3.712937e+003;4.306464e-002
3.713419e+003;4.279754e-002
3.713901e+003;4.251602e-002
3.714384e+003;4.223094e-002
3.714866e+003;4.195140e-002
3.715348e+003;4.168193e-002
3.715830e+003;4.142305e-002
3.716312e+003;4.116933e-002
3.716794e+003;4.091369e-002
3.717276e+003;4.064665e-002
3.717759e+003;4.036253e-002
3.718241e+003;4.005756e-002
3.718723e+003;3.973766e-002
3.719205e+003;3.941131e-002
3.719687e+003;3.909376e-002
3.720169e+003;3.879995e-002
3.720651e+003;3.854285e-002
3.721134e+003;3.832751e-002
3.721615e+003;3.815217e-002
3.722098e+003;3.800307e-002
3.722580e+003;3.786505e-002
3.723062e+003;3.771918e-002
3.723544e+003;3.755384e-002
3.724026e+003;3.736687e-002
3.724508e+003;3.716789e-002
3.724990e+003;3.697052e-002
3.725473e+003;3.679358e-002
3.725955e+003;3.664654e-002
3.726437e+003;3.653206e-002
3.726919e+003;3.644155e-002
3.727401e+003;3.635974e-002
3.727883e+003;3.627185e-002
3.728365e+003;3.616790e-002
3.728848e+003;3.604611e-002
3.729330e+003;3.591217e-002
3.729812e+003;3.577354e-002
3.730294e+003;3.563715e-002
3.730776e+003;3.550200e-002
3.731258e+003;3.536342e-002
3.731740e+003;3.521217e-002
3.732223e+003;3.504271e-002
3.732705e+003;3.485578e-002
3.733187e+003;3.466035e-002
3.733669e+003;3.446869e-002
3.734151e+003;3.429406e-002
3.734633e+003;3.414304e-002
3.735115e+003;3.401386e-002
3.735598e+003;3.389754e-002
3.736080e+003;3.378348e-002
3.736562e+003;3.366434e-002
3.737044e+003;3.353860e-002
3.737526e+003;3.341120e-002
3.738008e+003;3.329098e-002
3.738490e+003;3.318237e-002
3.738972e+003;3.308322e-002
3.739455e+003;3.298455e-002
3.739937e+003;3.287677e-002
3.740419e+003;3.275302e-002
3.740901e+003;3.261750e-002
3.741383e+003;3.248448e-002
3.741865e+003;3.237597e-002
3.742347e+003;3.231221e-002
3.742830e+003;3.230246e-002
3.743312e+003;3.233686e-002
3.743794e+003;3.239088e-002
3.744276e+003;3.242809e-002
3.744758e+003;3.241707e-002
3.745240e+003;3.234098e-002
3.745722e+003;3.220412e-002
3.746205e+003;3.202735e-002
3.746687e+003;3.184182e-002
3.747169e+003;3.167437e-002
3.747651e+003;3.154449e-002
3.748133e+003;3.145510e-002
3.748615e+003;3.139748e-002
3.749097e+003;3.135656e-002
3.749580e+003;3.131918e-002
3.750062e+003;3.127393e-002
3.750544e+003;3.121905e-002
3.751026e+003;3.115313e-002
3.751508e+003;3.107858e-002
3.751990e+003;3.099350e-002
3.752472e+003;3.089522e-002
3.752955e+003;3.078387e-002
3.753437e+003;3.066337e-002
3.753919e+003;3.054209e-002
3.754401e+003;3.043093e-002
3.754883e+003;3.033914e-002
3.755365e+003;3.027091e-002
3.755847e+003;3.022319e-002
3.756329e+003;3.018789e-002
3.756812e+003;3.015424e-002
3.757294e+003;3.011587e-002
3.757776e+003;3.007218e-002
3.758258e+003;3.002809e-002
3.758740e+003;2.998881e-002
3.759222e+003;2.995790e-002
3.759704e+003;2.992838e-002
3.760187e+003;2.988945e-002
3.760669e+003;2.982703e-002
3.761151e+003;2.973250e-002
3.761633e+003;2.960787e-002
3.762115e+003;2.946569e-002
3.762597e+003;2.932692e-002
3.763079e+003;2.921415e-002
3.763562e+003;2.913881e-002
3.764044e+003;2.910432e-002
3.764526e+003;2.909827e-002
3.765008e+003;2.910289e-002
3.765490e+003;2.910001e-002
3.765972e+003;2.907922e-002
3.766454e+003;2.904039e-002
3.766937e+003;2.899151e-002
3.767419e+003;2.894287e-002
3.767901e+003;2.890223e-002
3.768383e+003;2.886907e-002
3.768865e+003;2.883654e-002
3.769347e+003;2.879383e-002
3.769829e+003;2.873230e-002
3.770312e+003;2.864915e-002
3.770793e+003;2.855008e-002
3.771276e+003;2.844488e-002
3.771758e+003;2.834412e-002
3.772240e+003;2.825390e-002
3.772722e+003;2.817536e-002
3.773204e+003;2.810124e-002
3.773686e+003;2.802444e-002
3.774168e+003;2.793911e-002
3.774651e+003;2.784497e-002
3.775133e+003;2.774854e-002
3.775615e+003;2.766327e-002
3.776097e+003;2.760242e-002
3.776579e+003;2.757794e-002
3.777061e+003;2.759305e-002
3.777543e+003;2.764252e-002
3.778026e+003;2.771314e-002
3.778508e+003;2.778608e-002
3.778990e+003;2.784120e-002
3.779472e+003;2.786411e-002
3.779954e+003;2.784754e-002
3.780436e+003;2.779542e-002
3.780918e+003;2.771907e-002
3.781401e+003;2.763469e-002
3.781883e+003;2.755780e-002
3.782365e+003;2.749848e-002
3.782847e+003;2.745789e-002
3.783329e+003;2.743029e-002
3.783811e+003;2.740471e-002
3.784293e+003;2.737174e-002
3.784776e+003;2.732793e-002
3.785258e+003;2.727568e-002
3.785740e+003;2.722495e-002
3.786222e+003;2.718722e-002
3.786704e+003;2.717027e-002
3.787186e+003;2.717399e-002
3.787668e+003;2.719046e-002
3.788150e+003;2.720388e-002
3.788633e+003;2.719930e-002
3.789115e+003;2.716460e-002
3.789597e+003;2.709759e-002
3.790079e+003;2.700504e-002
3.790561e+003;2.689983e-002
3.791043e+003;2.679727e-002
3.791525e+003;2.670900e-002
3.792008e+003;2.664102e-002
3.792490e+003;2.659115e-002
3.792972e+003;2.655353e-002
3.793454e+003;2.651833e-002
3.793936e+003;2.647661e-002
3.794418e+003;2.642248e-002
3.794900e+003;2.635135e-002
3.795383e+003;2.626218e-002
3.795865e+003;2.615652e-002
3.796347e+003;2.603856e-002
3.796829e+003;2.591586e-002
3.797311e+003;2.579862e-002
3.797793e+003;2.570003e-002
3.798275e+003;2.563312e-002
3.798758e+003;2.560939e-002
3.799240e+003;2.563259e-002
3.799722e+003;2.569863e-002
3.800204e+003;2.579308e-002
3.800686e+003;2.589331e-002
3.801168e+003;2.597362e-002
3.801650e+003;2.601185e-002
3.802133e+003;2.599493e-002
3.802615e+003;2.592386e-002
3.803097e+003;2.581335e-002
3.803579e+003;2.568939e-002
3.804061e+003;2.558102e-002
3.804543e+003;2.551423e-002
3.805025e+003;2.550402e-002
3.805507e+003;2.554899e-002
3.805990e+003;2.563279e-002
3.806472e+003;2.572635e-002
3.806954e+003;2.579802e-002
3.807436e+003;2.582346e-002
3.807918e+003;2.579110e-002
3.808400e+003;2.570606e-002
3.808882e+003;2.558639e-002
3.809365e+003;2.545606e-002
3.809847e+003;2.533558e-002
3.810329e+003;2.523777e-002
3.810811e+003;2.516430e-002
3.811293e+003;2.511235e-002
3.811775e+003;2.507475e-002
3.812257e+003;2.505150e-002
3.812740e+003;2.504852e-002
3.813222e+003;2.507772e-002
3.813704e+003;2.515043e-002
3.814186e+003;2.526999e-002
3.814668e+003;2.542605e-002
3.815150e+003;2.559524e-002
3.815632e+003;2.574486e-002
3.816115e+003;2.584469e-002
3.816597e+003;2.587583e-002
3.817079e+003;2.584120e-002
3.817561e+003;2.575915e-002
3.818043e+003;2.566116e-002
3.818525e+003;2.557882e-002
3.819007e+003;2.553618e-002
3.819490e+003;2.553889e-002
3.819971e+003;2.557592e-002
3.820454e+003;2.562170e-002
3.820936e+003;2.564782e-002
3.821418e+003;2.563164e-002
3.821900e+003;2.556337e-002
3.822382e+003;2.545033e-002
3.822864e+003;2.531257e-002
3.823346e+003;2.517299e-002
3.823829e+003;2.505525e-002
3.824311e+003;2.497158e-002
3.824793e+003;2.492494e-002
3.825275e+003;2.490647e-002
3.825757e+003;2.490189e-002
3.826239e+003;2.489550e-002
3.826721e+003;2.487380e-002
3.827204e+003;2.483059e-002
3.827686e+003;2.476601e-002
3.828168e+003;2.468506e-002
3.828650e+003;2.459843e-002
3.829132e+003;2.451461e-002
3.829614e+003;2.444249e-002
3.830096e+003;2.438929e-002
3.830579e+003;2.435772e-002
3.831061e+003;2.434597e-002
3.831543e+003;2.434916e-002
3.832025e+003;2.435867e-002
3.832507e+003;2.436366e-002
3.832989e+003;2.435500e-002
3.833471e+003;2.432739e-002
3.833954e+003;2.428160e-002
3.834436e+003;2.422754e-002
3.834918e+003;2.418005e-002
3.835400e+003;2.415627e-002
3.835882e+003;2.417091e-002
3.836364e+003;2.423199e-002
3.836846e+003;2.433462e-002
3.837328e+003;2.446412e-002
3.837811e+003;2.459637e-002
3.838293e+003;2.470788e-002
3.838775e+003;2.477863e-002
3.839257e+003;2.479840e-002
3.839739e+003;2.476729e-002
3.840221e+003;2.469731e-002
3.840703e+003;2.460251e-002
3.841186e+003;2.450136e-002
3.841668e+003;2.440795e-002
3.842150e+003;2.433390e-002
3.842632e+003;2.428372e-002
3.843114e+003;2.425744e-002
3.843596e+003;2.425079e-002
3.844078e+003;2.425758e-002
3.844561e+003;2.426942e-002
3.845043e+003;2.427853e-002
3.845525e+003;2.427757e-002
3.846007e+003;2.426290e-002
3.846489e+003;2.423309e-002
3.846971e+003;2.418854e-002
3.847453e+003;2.413014e-002
3.847936e+003;2.406228e-002
3.848418e+003;2.398535e-002
3.848900e+003;2.390361e-002
3.849382e+003;2.382109e-002
3.849864e+003;2.374709e-002
3.850346e+003;2.369377e-002
3.850828e+003;2.367500e-002
3.851311e+003;2.370268e-002
3.851792e+003;2.378319e-002
3.852275e+003;2.391020e-002
3.852757e+003;2.406678e-002
3.853239e+003;2.422484e-002
3.853721e+003;2.435704e-002
3.854203e+003;2.443900e-002
3.854685e+003;2.446189e-002
3.855167e+003;2.442904e-002
3.855650e+003;2.435834e-002
3.856132e+003;2.427142e-002
3.856614e+003;2.418953e-002
3.857096e+003;2.412630e-002
3.857578e+003;2.408718e-002
3.858060e+003;2.406749e-002
3.858542e+003;2.405649e-002
3.859025e+003;2.404147e-002
3.859507e+003;2.401113e-002
3.859989e+003;2.396146e-002
3.860471e+003;2.389451e-002
3.860953e+003;2.381756e-002
3.861435e+003;2.374553e-002
3.861917e+003;2.369204e-002
3.862400e+003;2.366904e-002
3.862882e+003;2.368160e-002
3.863364e+003;2.372766e-002
3.863846e+003;2.379593e-002
3.864328e+003;2.386903e-002
3.864810e+003;2.392955e-002
3.865292e+003;2.396463e-002
3.865775e+003;2.397204e-002
3.866257e+003;2.395904e-002
3.866739e+003;2.394188e-002
3.867221e+003;2.393798e-002
3.867703e+003;2.396007e-002
3.868185e+003;2.401091e-002
3.868667e+003;2.408113e-002
3.869149e+003;2.415370e-002
3.869632e+003;2.420926e-002
3.870114e+003;2.423323e-002
3.870596e+003;2.422154e-002
3.871078e+003;2.418058e-002
3.871560e+003;2.412334e-002
3.872042e+003;2.406478e-002
3.872524e+003;2.401441e-002
3.873007e+003;2.397731e-002
3.873489e+003;2.394905e-002
3.873971e+003;2.392391e-002
3.874453e+003;2.389394e-002
3.874935e+003;2.385472e-002
3.875417e+003;2.380624e-002
3.875899e+003;2.375072e-002
3.876382e+003;2.369206e-002
3.876864e+003;2.363599e-002
3.877346e+003;2.358695e-002
3.877828e+003;2.355027e-002
3.878310e+003;2.352987e-002
3.878792e+003;2.352902e-002
3.879274e+003;2.354798e-002
3.879757e+003;2.358389e-002
3.880239e+003;2.362893e-002
3.880721e+003;2.367425e-002
3.881203e+003;2.371175e-002
3.881685e+003;2.373765e-002
3.882167e+003;2.375404e-002
3.882649e+003;2.376873e-002
3.883132e+003;2.379126e-002
3.883614e+003;2.382827e-002
3.884096e+003;2.388109e-002
3.884578e+003;2.394241e-002
3.885060e+003;2.399944e-002
3.885542e+003;2.403794e-002
3.886024e+003;2.404693e-002
3.886506e+003;2.402431e-002
3.886989e+003;2.397582e-002
3.887471e+003;2.391477e-002
3.887953e+003;2.385398e-002
3.888435e+003;2.380768e-002
3.888917e+003;2.378358e-002
3.889399e+003;2.378522e-002
3.889881e+003;2.381039e-002
3.890364e+003;2.385570e-002
3.890846e+003;2.391292e-002
3.891328e+003;2.397421e-002
3.891810e+003;2.402923e-002
3.892292e+003;2.406687e-002
3.892774e+003;2.407653e-002
3.893256e+003;2.405033e-002
3.893739e+003;2.398553e-002
3.894221e+003;2.388773e-002
3.894703e+003;2.376792e-002
3.895185e+003;2.364495e-002
3.895667e+003;2.353701e-002
3.896149e+003;2.346073e-002
3.896631e+003;2.342619e-002
3.897114e+003;2.343472e-002
3.897596e+003;2.347913e-002
3.898078e+003;2.354791e-002
3.898560e+003;2.362470e-002
3.899042e+003;2.369561e-002
3.899524e+003;2.374860e-002
3.900006e+003;2.377748e-002
3.900489e+003;2.378095e-002
3.900970e+003;2.376265e-002
3.901453e+003;2.373072e-002
3.901935e+003;2.369576e-002
3.902417e+003;2.366748e-002
3.902899e+003;2.365467e-002
3.903381e+003;2.366060e-002
3.903863e+003;2.368648e-002
3.904345e+003;2.372758e-002
3.904828e+003;2.377696e-002
3.905310e+003;2.382425e-002
3.905792e+003;2.386158e-002
3.906274e+003;2.388067e-002
3.906756e+003;2.387745e-002
3.907238e+003;2.385138e-002
3.907720e+003;2.380561e-002
3.908203e+003;2.374840e-002
3.908685e+003;2.368947e-002
3.909167e+003;2.363828e-002
3.909649e+003;2.360572e-002
3.910131e+003;2.359576e-002
3.910613e+003;2.360918e-002
3.911095e+003;2.364021e-002
3.911578e+003;2.368072e-002
3.912060e+003;2.372241e-002
3.912542e+003;2.375807e-002
3.913024e+003;2.378374e-002
3.913506e+003;2.380245e-002
3.913988e+003;2.381722e-002
3.914470e+003;2.383278e-002
3.914953e+003;2.385216e-002
3.915435e+003;2.387536e-002
3.915917e+003;2.390080e-002
3.916399e+003;2.392572e-002
3.916881e+003;2.394709e-002
3.917363e+003;2.396347e-002
3.917845e+003;2.397353e-002
3.918327e+003;2.397687e-002
3.918810e+003;2.396995e-002
3.919292e+003;2.394945e-002
3.919774e+003;2.391196e-002
3.920256e+003;2.385747e-002
3.920738e+003;2.378926e-002
3.921220e+003;2.371828e-002
3.921702e+003;2.365637e-002
3.922185e+003;2.361829e-002
3.922667e+003;2.361316e-002
3.923149e+003;2.364585e-002
3.923631e+003;2.371124e-002
3.924113e+003;2.379932e-002
3.924595e+003;2.389443e-002
3.925077e+003;2.398375e-002
3.925560e+003;2.405648e-002
3.926042e+003;2.410891e-002
3.926524e+003;2.414064e-002
3.927006e+003;2.415535e-002
3.927488e+003;2.415805e-002
3.927970e+003;2.415283e-002
3.928452e+003;2.414338e-002
3.928935e+003;2.413262e-002
3.929417e+003;2.412304e-002
3.929899e+003;2.411662e-002
3.930381e+003;2.411561e-002
3.930863e+003;2.411949e-002
3.931345e+003;2.412721e-002
3.931827e+003;2.413400e-002
3.932310e+003;2.413472e-002
3.932792e+003;2.412446e-002
3.933274e+003;2.409939e-002
3.933756e+003;2.405952e-002
3.934238e+003;2.400905e-002
3.934720e+003;2.395581e-002
3.935202e+003;2.390823e-002
3.935684e+003;2.387387e-002
3.936167e+003;2.385642e-002
3.936649e+003;2.385591e-002
3.937131e+003;2.386650e-002
3.937613e+003;2.388080e-002
3.938095e+003;2.389048e-002
3.938577e+003;2.389155e-002
3.939059e+003;2.388349e-002
3.939542e+003;2.387105e-002
3.940024e+003;2.386048e-002
3.940506e+003;2.385916e-002
3.940988e+003;2.386949e-002
3.941470e+003;2.389214e-002
3.941952e+003;2.392169e-002
3.942434e+003;2.395310e-002
3.942917e+003;2.398252e-002
3.943399e+003;2.400997e-002
3.943881e+003;2.403914e-002
3.944363e+003;2.407734e-002
3.944845e+003;2.412827e-002
3.945327e+003;2.419287e-002
3.945809e+003;2.426491e-002
3.946292e+003;2.433472e-002
3.946774e+003;2.438969e-002
3.947256e+003;2.442066e-002
3.947738e+003;2.442431e-002
3.948220e+003;2.440486e-002
3.948702e+003;2.437214e-002
3.949184e+003;2.433915e-002
3.949667e+003;2.431610e-002
3.950148e+003;2.430686e-002
3.950631e+003;2.431169e-002
3.951113e+003;2.432302e-002
3.951595e+003;2.433090e-002
3.952077e+003;2.432656e-002
3.952559e+003;2.430363e-002
3.953041e+003;2.426049e-002
3.953523e+003;2.419902e-002
3.954006e+003;2.412863e-002
3.954488e+003;2.405782e-002
3.954970e+003;2.399830e-002
3.955452e+003;2.395829e-002
3.955934e+003;2.394593e-002
3.956416e+003;2.396108e-002
3.956898e+003;2.400069e-002
3.957381e+003;2.405587e-002
3.957863e+003;2.411692e-002
3.958345e+003;2.417293e-002
3.958827e+003;2.421804e-002
3.959309e+003;2.425040e-002
3.959791e+003;2.427438e-002
3.960273e+003;2.429397e-002
3.960756e+003;2.431356e-002
3.961238e+003;2.433463e-002
3.961720e+003;2.435503e-002
3.962202e+003;2.436771e-002
3.962684e+003;2.436842e-002
3.963166e+003;2.435340e-002
3.963648e+003;2.432426e-002
3.964130e+003;2.428632e-002
3.964613e+003;2.424744e-002
3.965095e+003;2.421548e-002
3.965577e+003;2.419684e-002
3.966059e+003;2.419472e-002
3.966541e+003;2.420925e-002
3.967023e+003;2.423739e-002
3.967505e+003;2.427647e-002
3.967988e+003;2.431929e-002
3.968470e+003;2.436065e-002
3.968952e+003;2.439082e-002
3.969434e+003;2.440299e-002
3.969916e+003;2.439141e-002
3.970398e+003;2.435314e-002
3.970880e+003;2.429205e-002
3.971363e+003;2.421613e-002
3.971845e+003;2.413659e-002
3.972327e+003;2.406491e-002
3.972809e+003;2.400883e-002
3.973291e+003;2.397023e-002
3.973773e+003;2.394710e-002
3.974255e+003;2.393265e-002
3.974738e+003;2.392060e-002
3.975220e+003;2.390640e-002
3.975702e+003;2.388860e-002
3.976184e+003;2.386785e-002
3.976666e+003;2.384563e-002
3.977148e+003;2.382260e-002
3.977630e+003;2.379837e-002
3.978113e+003;2.377252e-002
3.978594e+003;2.374506e-002
3.979077e+003;2.372053e-002
3.979559e+003;2.370363e-002
3.980041e+003;2.370222e-002
3.980523e+003;2.372167e-002
3.981005e+003;2.376480e-002
3.981487e+003;2.383040e-002
3.981969e+003;2.391248e-002
3.982452e+003;2.400301e-002
3.982934e+003;2.409437e-002
3.983416e+003;2.417960e-002
3.983898e+003;2.425455e-002
3.984380e+003;2.431438e-002
3.984862e+003;2.435629e-002
3.985344e+003;2.437558e-002
3.985827e+003;2.437049e-002
3.986309e+003;2.433874e-002
3.986791e+003;2.428448e-002
3.987273e+003;2.421360e-002
3.987755e+003;2.413774e-002
3.988237e+003;2.406629e-002
3.988719e+003;2.401010e-002
3.989202e+003;2.397414e-002
3.989684e+003;2.395840e-002
3.990166e+003;2.395969e-002
3.990648e+003;2.397143e-002
3.991130e+003;2.398640e-002
3.991612e+003;2.399882e-002
3.992094e+003;2.400587e-002
3.992577e+003;2.400716e-002
3.993059e+003;2.400282e-002
3.993541e+003;2.399606e-002
3.994023e+003;2.398741e-002
3.994505e+003;2.397984e-002
3.994987e+003;2.397321e-002
3.995469e+003;2.396697e-002
3.995951e+003;2.395993e-002
3.996434e+003;2.395061e-002
3.996916e+003;2.393631e-002
3.997398e+003;2.391757e-002
3.997880e+003;2.389508e-002
3.998362e+003;2.387351e-002
3.998844e+003;2.385624e-002
3.999326e+003;2.384689e-002
3.999809e+003;2.384627e-002
