4.001737e+002;2.080830e-001
4.006559e+002;2.118935e-001
4.011380e+002;2.166238e-001
4.016201e+002;2.214771e-001
4.021023e+002;2.253732e-001
4.025844e+002;2.274901e-001
4.030666e+002;2.276883e-001
4.035487e+002;2.265331e-001
4.040308e+002;2.249078e-001
4.045130e+002;2.235706e-001
4.049951e+002;2.228766e-001
4.054772e+002;2.228065e-001
4.059594e+002;2.231588e-001
4.064415e+002;2.238196e-001
4.069236e+002;2.248907e-001
4.074058e+002;2.266107e-001
4.078879e+002;2.291084e-001
4.083701e+002;2.321773e-001
4.088522e+002;2.351817e-001
4.093344e+002;2.372198e-001
4.098165e+002;2.374929e-001
4.102986e+002;2.357400e-001
4.107808e+002;2.324125e-001
4.112629e+002;2.284697e-001
4.117450e+002;2.249242e-001
4.122272e+002;2.224612e-001
4.127093e+002;2.212770e-001
4.131914e+002;2.211572e-001
4.136736e+002;2.216890e-001
4.141557e+002;2.225307e-001
4.146378e+002;2.235817e-001
4.151200e+002;2.249818e-001
4.156021e+002;2.269420e-001
4.160843e+002;2.295316e-001
4.165664e+002;2.325363e-001
4.170485e+002;2.354718e-001
4.175307e+002;2.377580e-001
4.180128e+002;2.389917e-001
4.184949e+002;2.391528e-001
4.189771e+002;2.385984e-001
4.194592e+002;2.378428e-001
4.199413e+002;2.372937e-001
4.204235e+002;2.370909e-001
4.209056e+002;2.371163e-001
4.213878e+002;2.371348e-001
4.218699e+002;2.369872e-001
4.223521e+002;2.367046e-001
4.228342e+002;2.365020e-001
4.233163e+002;2.366487e-001
4.237985e+002;2.373147e-001
4.242806e+002;2.384716e-001
4.247627e+002;2.398897e-001
4.252449e+002;2.412517e-001
4.257270e+002;2.422969e-001
4.262091e+002;2.429413e-001
4.266913e+002;2.432853e-001
4.271734e+002;2.435217e-001
4.276555e+002;2.438090e-001
4.281377e+002;2.441816e-001
4.286198e+002;2.445542e-001
4.291020e+002;2.447947e-001
4.295841e+002;2.448298e-001
4.300662e+002;2.447039e-001
4.305484e+002;2.445608e-001
4.310305e+002;2.445557e-001
4.315126e+002;2.447597e-001
4.319948e+002;2.451099e-001
4.324769e+002;2.454423e-001
4.329590e+002;2.455865e-001
4.334412e+002;2.454781e-001
4.339233e+002;2.452098e-001
4.344055e+002;2.450009e-001
4.348876e+002;2.450883e-001
4.353698e+002;2.456131e-001
4.358519e+002;2.465510e-001
4.363340e+002;2.477257e-001
4.368162e+002;2.488890e-001
4.372983e+002;2.498416e-001
4.377804e+002;2.505181e-001
4.382626e+002;2.509987e-001
4.387447e+002;2.514348e-001
4.392268e+002;2.519513e-001
4.397090e+002;2.525677e-001
4.401911e+002;2.531938e-001
4.406732e+002;2.536873e-001
4.411554e+002;2.539433e-001
4.416375e+002;2.539617e-001
4.421197e+002;2.538498e-001
4.426018e+002;2.537625e-001
4.430839e+002;2.538169e-001
4.435661e+002;2.540358e-001
4.440482e+002;2.543508e-001
4.445303e+002;2.546548e-001
4.450125e+002;2.548814e-001
4.454946e+002;2.550551e-001
4.459767e+002;2.552815e-001
4.464589e+002;2.556824e-001
4.469410e+002;2.563123e-001
4.474232e+002;2.571044e-001
4.479053e+002;2.578833e-001
4.483875e+002;2.584354e-001
4.488696e+002;2.586119e-001
4.493517e+002;2.584021e-001
4.498339e+002;2.579371e-001
4.503160e+002;2.574193e-001
4.507981e+002;2.570269e-001
4.512803e+002;2.568318e-001
4.517624e+002;2.567865e-001
4.522445e+002;2.567630e-001
4.527267e+002;2.566370e-001
4.532088e+002;2.563556e-001
4.536909e+002;2.559643e-001
4.541731e+002;2.555714e-001
4.546552e+002;2.552876e-001
4.551374e+002;2.551642e-001
4.556195e+002;2.551813e-001
4.561016e+002;2.552733e-001
4.565838e+002;2.553814e-001
4.570659e+002;2.554977e-001
4.575480e+002;2.556715e-001
4.580302e+002;2.559719e-001
4.585123e+002;2.564355e-001
4.589944e+002;2.570248e-001
4.594766e+002;2.576364e-001
4.599587e+002;2.581431e-001
4.604409e+002;2.584652e-001
4.609230e+002;2.586125e-001
4.614052e+002;2.586856e-001
4.618873e+002;2.588217e-001
4.623694e+002;2.591257e-001
4.628516e+002;2.596111e-001
4.633337e+002;2.601953e-001
4.638158e+002;2.607357e-001
4.642980e+002;2.611051e-001
4.647801e+002;2.612530e-001
4.652622e+002;2.612266e-001
4.657444e+002;2.611397e-001
4.662265e+002;2.611131e-001
4.667086e+002;2.612171e-001
4.671908e+002;2.614502e-001
4.676729e+002;2.617569e-001
4.681551e+002;2.620721e-001
4.686372e+002;2.623605e-001
4.691193e+002;2.626322e-001
4.696015e+002;2.629217e-001
4.700836e+002;2.632531e-001
4.705657e+002;2.636117e-001
4.710479e+002;2.639468e-001
4.715300e+002;2.641986e-001
4.720121e+002;2.643417e-001
4.724943e+002;2.644073e-001
4.729764e+002;2.644741e-001
4.734586e+002;2.646262e-001
4.739407e+002;2.649068e-001
4.744229e+002;2.652886e-001
4.749050e+002;2.656891e-001
4.753871e+002;2.660154e-001
4.758693e+002;2.662190e-001
4.763514e+002;2.663279e-001
4.768335e+002;2.664360e-001
4.773157e+002;2.666523e-001
4.777978e+002;2.670411e-001
4.782799e+002;2.675802e-001
4.787621e+002;2.681678e-001
4.792442e+002;2.686681e-001
4.797263e+002;2.689814e-001
4.802085e+002;2.690942e-001
4.806906e+002;2.690873e-001
4.811728e+002;2.690918e-001
4.816549e+002;2.692265e-001
4.821370e+002;2.695434e-001
4.826192e+002;2.700103e-001
4.831013e+002;2.705334e-001
4.835834e+002;2.710115e-001
4.840656e+002;2.713811e-001
4.845477e+002;2.716398e-001
4.850298e+002;2.718295e-001
4.855120e+002;2.720006e-001
4.859941e+002;2.721745e-001
4.864763e+002;2.723353e-001
4.869584e+002;2.724456e-001
4.874405e+002;2.724805e-001
4.879227e+002;2.724531e-001
4.884048e+002;2.724159e-001
4.888869e+002;2.724338e-001
4.893691e+002;2.725507e-001
4.898512e+002;2.727607e-001
4.903333e+002;2.730125e-001
4.908155e+002;2.732368e-001
4.912976e+002;2.733853e-001
4.917798e+002;2.734590e-001
4.922619e+002;2.735082e-001
4.927440e+002;2.736013e-001
4.932262e+002;2.737851e-001
4.937083e+002;2.740563e-001
4.941905e+002;2.743613e-001
4.946726e+002;2.746241e-001
4.951547e+002;2.747898e-001
4.956369e+002;2.748529e-001
4.961190e+002;2.748594e-001
4.966011e+002;2.748795e-001
4.970833e+002;2.749674e-001
4.975654e+002;2.751318e-001
4.980475e+002;2.753366e-001
4.985297e+002;2.755260e-001
4.990118e+002;2.756639e-001
4.994940e+002;2.757607e-001
4.999761e+002;2.758724e-001
5.004582e+002;2.760708e-001
5.009404e+002;2.764014e-001
5.014225e+002;2.768547e-001
5.019046e+002;2.773644e-001
5.023868e+002;2.778353e-001
5.028689e+002;2.781888e-001
5.033510e+002;2.783986e-001
5.038332e+002;2.784976e-001
5.043153e+002;2.785567e-001
5.047975e+002;2.786455e-001
5.052796e+002;2.787974e-001
5.057617e+002;2.790034e-001
5.062439e+002;2.792255e-001
5.067260e+002;2.794285e-001
5.072082e+002;2.796043e-001
5.076903e+002;2.797752e-001
5.081724e+002;2.799762e-001
5.086546e+002;2.802239e-001
5.091367e+002;2.804980e-001
5.096188e+002;2.807451e-001
5.101010e+002;2.809018e-001
5.105831e+002;2.809331e-001
5.110652e+002;2.808543e-001
5.115474e+002;2.807292e-001
5.120295e+002;2.806411e-001
5.125117e+002;2.806560e-001
5.129938e+002;2.807898e-001
5.134760e+002;2.810091e-001
5.139581e+002;2.812498e-001
5.144402e+002;2.814558e-001
5.149224e+002;2.816069e-001
5.154045e+002;2.817274e-001
5.158866e+002;2.818657e-001
5.163688e+002;2.820644e-001
5.168509e+002;2.823313e-001
5.173330e+002;2.826346e-001
5.178152e+002;2.829194e-001
5.182973e+002;2.831388e-001
5.187794e+002;2.832794e-001
5.192616e+002;2.833677e-001
5.197437e+002;2.834515e-001
5.202258e+002;2.835729e-001
5.207080e+002;2.837402e-001
5.211901e+002;2.839265e-001
5.216722e+002;2.840824e-001
5.221544e+002;2.841663e-001
5.226365e+002;2.841693e-001
5.231187e+002;2.841218e-001
5.236008e+002;2.840786e-001
5.240829e+002;2.840939e-001
5.245651e+002;2.841940e-001
5.250472e+002;2.843706e-001
5.255294e+002;2.845872e-001
5.260115e+002;2.848020e-001
5.264937e+002;2.849872e-001
5.269758e+002;2.851374e-001
5.274579e+002;2.852641e-001
5.279401e+002;2.853807e-001
5.284222e+002;2.854879e-001
5.289043e+002;2.855752e-001
5.293865e+002;2.856268e-001
5.298686e+002;2.856390e-001
5.303507e+002;2.856278e-001
5.308329e+002;2.856265e-001
5.313150e+002;2.856665e-001
5.317971e+002;2.857639e-001
5.322793e+002;2.859065e-001
5.327614e+002;2.860600e-001
5.332435e+002;2.861869e-001
5.337257e+002;2.862680e-001
5.342078e+002;2.863144e-001
5.346899e+002;2.863623e-001
5.351721e+002;2.864538e-001
5.356542e+002;2.866128e-001
5.361364e+002;2.868292e-001
5.366185e+002;2.870647e-001
5.371006e+002;2.872689e-001
5.375828e+002;2.874070e-001
5.380649e+002;2.874760e-001
5.385471e+002;2.875053e-001
5.390292e+002;2.875390e-001
5.395114e+002;2.876122e-001
5.399935e+002;2.877339e-001
5.404756e+002;2.878850e-001
5.409578e+002;2.880325e-001
5.414399e+002;2.881507e-001
5.419220e+002;2.882356e-001
5.424042e+002;2.883073e-001
5.428863e+002;2.883936e-001
5.433684e+002;2.885133e-001
5.438506e+002;2.886601e-001
5.443327e+002;2.888070e-001
5.448148e+002;2.889183e-001
5.452970e+002;2.889727e-001
5.457791e+002;2.889755e-001
5.462612e+002;2.889561e-001
5.467434e+002;2.889513e-001
5.472255e+002;2.889856e-001
5.477076e+002;2.890553e-001
5.481898e+002;2.891321e-001
5.486719e+002;2.891779e-001
5.491541e+002;2.891687e-001
5.496362e+002;2.891076e-001
5.501183e+002;2.890243e-001
5.506005e+002;2.889583e-001
5.510826e+002;2.889363e-001
5.515648e+002;2.889576e-001
5.520469e+002;2.889948e-001
5.525291e+002;2.890098e-001
5.530112e+002;2.889788e-001
5.534933e+002;2.889077e-001
5.539755e+002;2.888331e-001
5.544576e+002;2.888034e-001
5.549397e+002;2.888568e-001
5.554219e+002;2.889999e-001
5.559040e+002;2.892036e-001
5.563861e+002;2.894180e-001
5.568683e+002;2.895947e-001
5.573504e+002;2.897062e-001
5.578325e+002;2.897552e-001
5.583147e+002;2.897640e-001
5.587968e+002;2.897575e-001
5.592789e+002;2.897456e-001
5.597611e+002;2.897197e-001
5.602432e+002;2.896587e-001
5.607253e+002;2.895493e-001
5.612075e+002;2.893985e-001
5.616896e+002;2.892364e-001
5.621718e+002;2.891057e-001
5.626539e+002;2.890424e-001
5.631360e+002;2.890585e-001
5.636182e+002;2.891366e-001
5.641003e+002;2.892395e-001
5.645825e+002;2.893268e-001
5.650646e+002;2.893726e-001
5.655468e+002;2.893742e-001
5.660289e+002;2.893459e-001
5.665110e+002;2.893074e-001
5.669932e+002;2.892695e-001
5.674753e+002;2.892304e-001
5.679574e+002;2.891785e-001
5.684396e+002;2.891050e-001
5.689217e+002;2.890126e-001
5.694038e+002;2.889164e-001
5.698860e+002;2.888373e-001
5.703681e+002;2.887891e-001
5.708502e+002;2.887687e-001
5.713324e+002;2.887585e-001
5.718145e+002;2.887338e-001
5.722966e+002;2.886790e-001
5.727788e+002;2.885956e-001
5.732609e+002;2.885047e-001
5.737430e+002;2.884344e-001
5.742252e+002;2.884058e-001
5.747073e+002;2.884199e-001
5.751895e+002;2.884573e-001
5.756716e+002;2.884860e-001
5.761537e+002;2.884789e-001
5.766359e+002;2.884258e-001
5.771180e+002;2.883371e-001
5.776002e+002;2.882358e-001
5.780823e+002;2.881456e-001
5.785645e+002;2.880763e-001
5.790466e+002;2.880229e-001
5.795287e+002;2.879704e-001
5.800109e+002;2.879054e-001
5.804930e+002;2.878268e-001
5.809751e+002;2.877464e-001
5.814573e+002;2.876823e-001
5.819394e+002;2.876469e-001
5.824215e+002;2.876380e-001
5.829037e+002;2.876392e-001
5.833858e+002;2.876257e-001
5.838679e+002;2.875797e-001
5.843501e+002;2.874983e-001
5.848322e+002;2.873949e-001
5.853143e+002;2.872909e-001
5.857965e+002;2.872042e-001
5.862786e+002;2.871382e-001
5.867607e+002;2.870821e-001
5.872429e+002;2.870167e-001
5.877250e+002;2.869278e-001
5.882072e+002;2.868142e-001
5.886893e+002;2.866894e-001
5.891714e+002;2.865722e-001
5.896536e+002;2.864770e-001
5.901357e+002;2.864026e-001
5.906179e+002;2.863335e-001
5.911000e+002;2.862466e-001
5.915822e+002;2.861248e-001
5.920643e+002;2.859652e-001
5.925464e+002;2.857813e-001
5.930286e+002;2.855948e-001
5.935107e+002;2.854254e-001
5.939928e+002;2.852804e-001
5.944750e+002;2.851547e-001
5.949571e+002;2.850358e-001
5.954392e+002;2.849157e-001
5.959214e+002;2.847966e-001
5.964035e+002;2.846918e-001
5.968856e+002;2.846165e-001
5.973678e+002;2.845781e-001
5.978499e+002;2.845679e-001
5.983320e+002;2.845627e-001
5.988142e+002;2.845335e-001
5.992963e+002;2.844595e-001
5.997784e+002;2.843368e-001
6.002606e+002;2.841806e-001
6.007427e+002;2.840152e-001
6.012249e+002;2.838637e-001
6.017070e+002;2.837347e-001
6.021891e+002;2.836226e-001
6.026713e+002;2.835119e-001
6.031534e+002;2.833889e-001
6.036356e+002;2.832510e-001
6.041177e+002;2.831084e-001
6.045999e+002;2.829786e-001
6.050820e+002;2.828758e-001
6.055641e+002;2.828025e-001
6.060463e+002;2.827483e-001
6.065284e+002;2.826934e-001
6.070105e+002;2.826207e-001
6.074927e+002;2.825227e-001
6.079748e+002;2.824046e-001
6.084569e+002;2.822793e-001
6.089391e+002;2.821594e-001
6.094212e+002;2.820500e-001
6.099033e+002;2.819468e-001
6.103855e+002;2.818410e-001
6.108676e+002;2.817254e-001
6.113497e+002;2.816007e-001
6.118319e+002;2.814750e-001
6.123140e+002;2.813563e-001
6.127961e+002;2.812470e-001
6.132783e+002;2.811372e-001
6.137604e+002;2.810085e-001
6.142426e+002;2.808419e-001
6.147247e+002;2.806285e-001
6.152068e+002;2.803755e-001
6.156890e+002;2.801053e-001
6.161711e+002;2.798465e-001
6.166533e+002;2.796212e-001
6.171354e+002;2.794369e-001
6.176176e+002;2.792853e-001
6.180997e+002;2.791479e-001
6.185818e+002;2.790084e-001
6.190640e+002;2.788610e-001
6.195461e+002;2.787124e-001
6.200282e+002;2.785767e-001
6.205104e+002;2.784666e-001
6.209925e+002;2.783840e-001
6.214746e+002;2.783185e-001
6.219568e+002;2.782511e-001
6.224389e+002;2.781632e-001
6.229210e+002;2.780442e-001
6.234032e+002;2.778952e-001
6.238853e+002;2.777258e-001
6.243674e+002;2.775472e-001
6.248496e+002;2.773667e-001
6.253317e+002;2.771853e-001
6.258138e+002;2.769996e-001
6.262960e+002;2.768074e-001
6.267781e+002;2.766117e-001
6.272603e+002;2.764203e-001
6.277424e+002;2.762419e-001
6.282245e+002;2.760818e-001
6.287067e+002;2.759365e-001
6.291888e+002;2.757975e-001
6.296710e+002;2.756532e-001
6.301531e+002;2.754967e-001
6.306353e+002;2.753278e-001
6.311174e+002;2.751522e-001
6.315995e+002;2.749766e-001
6.320817e+002;2.748027e-001
6.325638e+002;2.746252e-001
6.330459e+002;2.744347e-001
6.335281e+002;2.742225e-001
6.340102e+002;2.739883e-001
6.344923e+002;2.737417e-001
6.349745e+002;2.734992e-001
6.354566e+002;2.732761e-001
6.359387e+002;2.730801e-001
6.364209e+002;2.729063e-001
6.369030e+002;2.727424e-001
6.373851e+002;2.725745e-001
6.378673e+002;2.723963e-001
6.383494e+002;2.722125e-001
6.388315e+002;2.720356e-001
6.393137e+002;2.718782e-001
6.397958e+002;2.717442e-001
6.402780e+002;2.716244e-001
6.407601e+002;2.715006e-001
6.412422e+002;2.713522e-001
6.417244e+002;2.711682e-001
6.422065e+002;2.709512e-001
6.426887e+002;2.707166e-001
6.431708e+002;2.704841e-001
6.436530e+002;2.702686e-001
6.441351e+002;2.700724e-001
6.446172e+002;2.698869e-001
6.450994e+002;2.696976e-001
6.455815e+002;2.694926e-001
6.460636e+002;2.692697e-001
6.465458e+002;2.690352e-001
6.470279e+002;2.687980e-001
6.475100e+002;2.685644e-001
6.479922e+002;2.683317e-001
6.484743e+002;2.680919e-001
6.489564e+002;2.678357e-001
6.494386e+002;2.675631e-001
6.499207e+002;2.672845e-001
6.504028e+002;2.670190e-001
6.508850e+002;2.667854e-001
6.513671e+002;2.665933e-001
6.518492e+002;2.664365e-001
6.523314e+002;2.662963e-001
6.528135e+002;2.661479e-001
6.532957e+002;2.659732e-001
6.537778e+002;2.657666e-001
6.542599e+002;2.655372e-001
6.547421e+002;2.653008e-001
6.552242e+002;2.650722e-001
6.557064e+002;2.648565e-001
6.561885e+002;2.646487e-001
6.566707e+002;2.644373e-001
6.571527e+002;2.642140e-001
6.576349e+002;2.639781e-001
6.581171e+002;2.637379e-001
6.585991e+002;2.635045e-001
6.590813e+002;2.632856e-001
6.595635e+002;2.630782e-001
6.600455e+002;2.628706e-001
6.605277e+002;2.626479e-001
6.610099e+002;2.623993e-001
6.614919e+002;2.621263e-001
6.619741e+002;2.618413e-001
6.624563e+002;2.615619e-001
6.629384e+002;2.613019e-001
6.634205e+002;2.610646e-001
6.639027e+002;2.608416e-001
6.643848e+002;2.606170e-001
6.648669e+002;2.603778e-001
6.653491e+002;2.601191e-001
6.658312e+002;2.598477e-001
6.663134e+002;2.595774e-001
6.667955e+002;2.593208e-001
6.672776e+002;2.590833e-001
6.677598e+002;2.588602e-001
6.682419e+002;2.586394e-001
6.687240e+002;2.584087e-001
6.692062e+002;2.581630e-001
6.696884e+002;2.579067e-001
6.701704e+002;2.576496e-001
6.706526e+002;2.574025e-001
6.711348e+002;2.571707e-001
6.716168e+002;2.569509e-001
6.720990e+002;2.567353e-001
6.725812e+002;2.565149e-001
6.730632e+002;2.562855e-001
6.735454e+002;2.560486e-001
6.740276e+002;2.558099e-001
6.745096e+002;2.555737e-001
6.749918e+002;2.553400e-001
6.754740e+002;2.551042e-001
6.759561e+002;2.548585e-001
6.764382e+002;2.545997e-001
6.769204e+002;2.543306e-001
6.774025e+002;2.540604e-001
6.778846e+002;2.538002e-001
6.783668e+002;2.535569e-001
6.788489e+002;2.533286e-001
6.793311e+002;2.531042e-001
6.798132e+002;2.528678e-001
6.802953e+002;2.526066e-001
6.807775e+002;2.523156e-001
6.812596e+002;2.520016e-001
6.817417e+002;2.516789e-001
6.822239e+002;2.513639e-001
6.827061e+002;2.510687e-001
6.831881e+002;2.507971e-001
6.836703e+002;2.505455e-001
6.841525e+002;2.503054e-001
6.846345e+002;2.500681e-001
6.851167e+002;2.498268e-001
6.855989e+002;2.495768e-001
6.860809e+002;2.493144e-001
6.865631e+002;2.490353e-001
6.870453e+002;2.487358e-001
6.875273e+002;2.484149e-001
6.880095e+002;2.480768e-001
6.884917e+002;2.477320e-001
6.889738e+002;2.473950e-001
6.894559e+002;2.470793e-001
6.899381e+002;2.467926e-001
6.904202e+002;2.465336e-001
6.909023e+002;2.462938e-001
6.913845e+002;2.460600e-001
6.918666e+002;2.458213e-001
6.923488e+002;2.455723e-001
6.928309e+002;2.453141e-001
6.933130e+002;2.450504e-001
6.937952e+002;2.447854e-001
6.942773e+002;2.445189e-001
6.947594e+002;2.442473e-001
6.952416e+002;2.439662e-001
6.957238e+002;2.436738e-001
6.962058e+002;2.433729e-001
6.966880e+002;2.430706e-001
6.971702e+002;2.427739e-001
6.976522e+002;2.424860e-001
6.981344e+002;2.422037e-001
6.986166e+002;2.419198e-001
6.990986e+002;2.416252e-001
6.995808e+002;2.413156e-001
7.000630e+002;2.409931e-001
7.005450e+002;2.406655e-001
7.010272e+002;2.403423e-001
7.015094e+002;2.400292e-001
7.019915e+002;2.397258e-001
7.024736e+002;2.394262e-001
7.029558e+002;2.391229e-001
7.034379e+002;2.388126e-001
7.039200e+002;2.384979e-001
7.044022e+002;2.381875e-001
7.048843e+002;2.378903e-001
7.053665e+002;2.376103e-001
7.058486e+002;2.373431e-001
7.063307e+002;2.370767e-001
7.068129e+002;2.367963e-001
7.072950e+002;2.364908e-001
7.077771e+002;2.361580e-001
7.082593e+002;2.358045e-001
7.087415e+002;2.354420e-001
7.092235e+002;2.350817e-001
7.097057e+002;2.347285e-001
7.101879e+002;2.343809e-001
7.106699e+002;2.340329e-001
7.111521e+002;2.336801e-001
7.116343e+002;2.333225e-001
7.121163e+002;2.329670e-001
7.125985e+002;2.326236e-001
7.130807e+002;2.323002e-001
7.135627e+002;2.319985e-001
7.140449e+002;2.317132e-001
7.145271e+002;2.314336e-001
7.150092e+002;2.311501e-001
7.154913e+002;2.308572e-001
7.159735e+002;2.305565e-001
7.164556e+002;2.302540e-001
7.169377e+002;2.299559e-001
7.174199e+002;2.296642e-001
7.179020e+002;2.293751e-001
7.183842e+002;2.290807e-001
7.188663e+002;2.287725e-001
7.193484e+002;2.284461e-001
7.198306e+002;2.281028e-001
7.203127e+002;2.277480e-001
7.207948e+002;2.273888e-001
7.212770e+002;2.270298e-001
7.217592e+002;2.266726e-001
7.222412e+002;2.263151e-001
7.227234e+002;2.259562e-001
7.232056e+002;2.255963e-001
7.236876e+002;2.252388e-001
7.241698e+002;2.248884e-001
7.246520e+002;2.245477e-001
7.251340e+002;2.242154e-001
7.256162e+002;2.238860e-001
7.260984e+002;2.235524e-001
7.265804e+002;2.232090e-001
7.270626e+002;2.228546e-001
7.275448e+002;2.224940e-001
7.280269e+002;2.221341e-001
7.285090e+002;2.217821e-001
7.289912e+002;2.214412e-001
7.294733e+002;2.211101e-001
7.299554e+002;2.207843e-001
7.304376e+002;2.204586e-001
7.309197e+002;2.201303e-001
7.314019e+002;2.197996e-001
7.318840e+002;2.194687e-001
7.323661e+002;2.191394e-001
7.328483e+002;2.188106e-001
7.333304e+002;2.184789e-001
7.338125e+002;2.181392e-001
7.342947e+002;2.177880e-001
7.347769e+002;2.174249e-001
7.352589e+002;2.170537e-001
7.357411e+002;2.166798e-001
7.362233e+002;2.163080e-001
7.367053e+002;2.159408e-001
7.371875e+002;2.155769e-001
7.376697e+002;2.152138e-001
7.381517e+002;2.148497e-001
7.386339e+002;2.144844e-001
7.391161e+002;2.141208e-001
7.395981e+002;2.137620e-001
7.400803e+002;2.134094e-001
7.405625e+002;2.130616e-001
7.410446e+002;2.127138e-001
7.415267e+002;2.123612e-001
7.420089e+002;2.120006e-001
7.424910e+002;2.116324e-001
7.429731e+002;2.112604e-001
7.434553e+002;2.108892e-001
7.439374e+002;2.105222e-001
7.444196e+002;2.101593e-001
7.449017e+002;2.097984e-001
7.453838e+002;2.094353e-001
7.458660e+002;2.090688e-001
7.463481e+002;2.086998e-001
7.468302e+002;2.083321e-001
7.473124e+002;2.079702e-001
7.477945e+002;2.076159e-001
7.482766e+002;2.072675e-001
7.487588e+002;2.069205e-001
7.492409e+002;2.065700e-001
7.497230e+002;2.062136e-001
7.502052e+002;2.058533e-001
7.506873e+002;2.054940e-001
7.511694e+002;2.051411e-001
7.516516e+002;2.047971e-001
7.521337e+002;2.044594e-001
7.526158e+002;2.041214e-001
7.530980e+002;2.037751e-001
7.535801e+002;2.034153e-001
7.540623e+002;2.030423e-001
7.545444e+002;2.026614e-001
7.550266e+002;2.022810e-001
7.555087e+002;2.019084e-001
7.559908e+002;2.015465e-001
7.564730e+002;2.011939e-001
7.569551e+002;2.008448e-001
7.574373e+002;2.004937e-001
7.579194e+002;2.001372e-001
7.584015e+002;1.997747e-001
7.588837e+002;1.994083e-001
7.593658e+002;1.990399e-001
7.598479e+002;1.986689e-001
7.603301e+002;1.982933e-001
7.608122e+002;1.979101e-001
7.612943e+002;1.975183e-001
7.617765e+002;1.971199e-001
7.622586e+002;1.967206e-001
7.627407e+002;1.963274e-001
7.632229e+002;1.959457e-001
7.637050e+002;1.955773e-001
7.641871e+002;1.952202e-001
7.646693e+002;1.948695e-001
7.651514e+002;1.945197e-001
7.656335e+002;1.941682e-001
7.661157e+002;1.938143e-001
7.665978e+002;1.934595e-001
7.670800e+002;1.931051e-001
7.675621e+002;1.927503e-001
7.680443e+002;1.923930e-001
7.685264e+002;1.920297e-001
7.690085e+002;1.916585e-001
7.694907e+002;1.912793e-001
7.699728e+002;1.908949e-001
7.704550e+002;1.905087e-001
7.709371e+002;1.901233e-001
7.714192e+002;1.897389e-001
7.719014e+002;1.893531e-001
7.723835e+002;1.889629e-001
7.728656e+002;1.885661e-001
7.733478e+002;1.881622e-001
7.738299e+002;1.877531e-001
7.743120e+002;1.873416e-001
7.747942e+002;1.869300e-001
7.752763e+002;1.865188e-001
7.757584e+002;1.861086e-001
7.762406e+002;1.856992e-001
7.767227e+002;1.852923e-001
7.772048e+002;1.848906e-001
7.776870e+002;1.844970e-001
7.781691e+002;1.841125e-001
7.786512e+002;1.837343e-001
7.791334e+002;1.833566e-001
7.796155e+002;1.829717e-001
7.800977e+002;1.825731e-001
7.805798e+002;1.821589e-001
7.810620e+002;1.817321e-001
7.815441e+002;1.812997e-001
7.820262e+002;1.808693e-001
7.825084e+002;1.804456e-001
7.829905e+002;1.800290e-001
7.834727e+002;1.796162e-001
7.839548e+002;1.792024e-001
7.844369e+002;1.787848e-001
7.849191e+002;1.783643e-001
7.854012e+002;1.779453e-001
7.858833e+002;1.775328e-001
7.863655e+002;1.771294e-001
7.868476e+002;1.767338e-001
7.873297e+002;1.763405e-001
7.878119e+002;1.759424e-001
7.882940e+002;1.755339e-001
7.887761e+002;1.751134e-001
7.892583e+002;1.746835e-001
7.897404e+002;1.742485e-001
7.902225e+002;1.738130e-001
7.907047e+002;1.733785e-001
7.911868e+002;1.729447e-001
7.916689e+002;1.725104e-001
7.921511e+002;1.720755e-001
7.926332e+002;1.716432e-001
7.931154e+002;1.712195e-001
7.935975e+002;1.708100e-001
7.940797e+002;1.704178e-001
7.945618e+002;1.700410e-001
7.950439e+002;1.696728e-001
7.955261e+002;1.693052e-001
7.960082e+002;1.689311e-001
7.964904e+002;1.685479e-001
7.969725e+002;1.681578e-001
7.974546e+002;1.677657e-001
7.979368e+002;1.673758e-001
7.984189e+002;1.669896e-001
7.989010e+002;1.666044e-001
7.993832e+002;1.662155e-001
7.998653e+002;1.658185e-001
8.003474e+002;1.654125e-001
8.008296e+002;1.650002e-001
8.013117e+002;1.645871e-001
8.017938e+002;1.641789e-001
8.022760e+002;1.637786e-001
8.027581e+002;1.633860e-001
8.032402e+002;1.629983e-001
8.037224e+002;1.626126e-001
8.042045e+002;1.622273e-001
8.046866e+002;1.618429e-001
8.051688e+002;1.614612e-001
8.056509e+002;1.610830e-001
8.061331e+002;1.607067e-001
8.066152e+002;1.603289e-001
8.070974e+002;1.599453e-001
8.075795e+002;1.595533e-001
8.080616e+002;1.591544e-001
8.085438e+002;1.587535e-001
8.090259e+002;1.583574e-001
8.095081e+002;1.579715e-001
8.099902e+002;1.575983e-001
8.104723e+002;1.572349e-001
8.109545e+002;1.568757e-001
8.114366e+002;1.565134e-001
8.119187e+002;1.561425e-001
8.124009e+002;1.557603e-001
8.128830e+002;1.553668e-001
8.133651e+002;1.549638e-001
8.138473e+002;1.545534e-001
8.143294e+002;1.541376e-001
8.148115e+002;1.537186e-001
8.152937e+002;1.532996e-001
8.157758e+002;1.528852e-001
8.162579e+002;1.524806e-001
8.167401e+002;1.520902e-001
8.172222e+002;1.517152e-001
8.177043e+002;1.513527e-001
8.181865e+002;1.509961e-001
8.186686e+002;1.506373e-001
8.191508e+002;1.502696e-001
8.196329e+002;1.498894e-001
8.201151e+002;1.494983e-001
8.205972e+002;1.491008e-001
8.210793e+002;1.487022e-001
8.215615e+002;1.483065e-001
8.220436e+002;1.479141e-001
8.225258e+002;1.475220e-001
8.230079e+002;1.471253e-001
8.234900e+002;1.467193e-001
8.239722e+002;1.463007e-001
8.244543e+002;1.458688e-001
8.249364e+002;1.454252e-001
8.254186e+002;1.449734e-001
8.259007e+002;1.445179e-001
8.263828e+002;1.440643e-001
8.268650e+002;1.436181e-001
8.273471e+002;1.431844e-001
8.278292e+002;1.427669e-001
8.283114e+002;1.423662e-001
8.287935e+002;1.419794e-001
8.292756e+002;1.416002e-001
8.297578e+002;1.412208e-001
8.302399e+002;1.408338e-001
8.307220e+002;1.404350e-001
8.312042e+002;1.400244e-001
8.316863e+002;1.396060e-001
8.321685e+002;1.391857e-001
8.326506e+002;1.387689e-001
8.331328e+002;1.383585e-001
8.336149e+002;1.379552e-001
8.340970e+002;1.375562e-001
8.345792e+002;1.371586e-001
8.350613e+002;1.367597e-001
8.355435e+002;1.363582e-001
8.360256e+002;1.359541e-001
8.365077e+002;1.355471e-001
8.369899e+002;1.351366e-001
8.374720e+002;1.347219e-001
8.379541e+002;1.343024e-001
8.384363e+002;1.338790e-001
8.389184e+002;1.334547e-001
8.394005e+002;1.330335e-001
8.398827e+002;1.326196e-001
8.403648e+002;1.322151e-001
8.408469e+002;1.318192e-001
8.413291e+002;1.314280e-001
8.418112e+002;1.310364e-001
8.422933e+002;1.306394e-001
8.427755e+002;1.302350e-001
8.432576e+002;1.298238e-001
8.437397e+002;1.294093e-001
8.442219e+002;1.289952e-001
8.447040e+002;1.285843e-001
8.451862e+002;1.281778e-001
8.456683e+002;1.277745e-001
8.461505e+002;1.273728e-001
8.466326e+002;1.269711e-001
8.471147e+002;1.265696e-001
8.475969e+002;1.261694e-001
8.480790e+002;1.257727e-001
8.485612e+002;1.253809e-001
8.490433e+002;1.249948e-001
8.495254e+002;1.246139e-001
8.500076e+002;1.242372e-001
8.504897e+002;1.238636e-001
8.509718e+002;1.234920e-001
8.514540e+002;1.231219e-001
8.519361e+002;1.227519e-001
8.524182e+002;1.223808e-001
8.529004e+002;1.220073e-001
8.533825e+002;1.216302e-001
8.538646e+002;1.212494e-001
8.543468e+002;1.208664e-001
8.548289e+002;1.204825e-001
8.553110e+002;1.200996e-001
8.557932e+002;1.197175e-001
8.562753e+002;1.193347e-001
8.567574e+002;1.189484e-001
8.572396e+002;1.185558e-001
8.577217e+002;1.181560e-001
8.582039e+002;1.177507e-001
8.586860e+002;1.173451e-001
8.591682e+002;1.169453e-001
8.596503e+002;1.165577e-001
8.601324e+002;1.161857e-001
8.606146e+002;1.158293e-001
8.610967e+002;1.154850e-001
8.615789e+002;1.151467e-001
8.620610e+002;1.148081e-001
8.625431e+002;1.144640e-001
8.630253e+002;1.141117e-001
8.635074e+002;1.137507e-001
8.639895e+002;1.133824e-001
8.644717e+002;1.130094e-001
8.649538e+002;1.126342e-001
8.654359e+002;1.122587e-001
8.659181e+002;1.118847e-001
8.664002e+002;1.115130e-001
8.668823e+002;1.111439e-001
8.673645e+002;1.107772e-001
8.678466e+002;1.104119e-001
8.683287e+002;1.100469e-001
8.688109e+002;1.096807e-001
8.692930e+002;1.093125e-001
8.697751e+002;1.089419e-001
8.702573e+002;1.085690e-001
8.707394e+002;1.081947e-001
8.712216e+002;1.078199e-001
8.717037e+002;1.074455e-001
8.721859e+002;1.070723e-001
8.726680e+002;1.067006e-001
8.731501e+002;1.063306e-001
8.736323e+002;1.059613e-001
8.741144e+002;1.055922e-001
8.745966e+002;1.052216e-001
8.750787e+002;1.048480e-001
8.755608e+002;1.044705e-001
8.760430e+002;1.040887e-001
8.765251e+002;1.037040e-001
8.770072e+002;1.033186e-001
8.774894e+002;1.029357e-001
8.779715e+002;1.025581e-001
8.784536e+002;1.021875e-001
8.789358e+002;1.018237e-001
8.794179e+002;1.014653e-001
8.799000e+002;1.011095e-001
8.803822e+002;1.007537e-001
8.808643e+002;1.003957e-001
8.813464e+002;1.000350e-001
8.818286e+002;9.967175e-002
8.823107e+002;9.930688e-002
8.827928e+002;9.894166e-002
8.832750e+002;9.857742e-002
8.837571e+002;9.821609e-002
8.842393e+002;9.785972e-002
8.847214e+002;9.751102e-002
8.852036e+002;9.717256e-002
8.856857e+002;9.684576e-002
8.861678e+002;9.653063e-002
8.866500e+002;9.622476e-002
8.871321e+002;9.592456e-002
8.876143e+002;9.562550e-002
8.880964e+002;9.532388e-002
8.885785e+002;9.501789e-002
8.890607e+002;9.470796e-002
8.895428e+002;9.439621e-002
8.900249e+002;9.408524e-002
8.905071e+002;9.377689e-002
8.909892e+002;9.347182e-002
8.914713e+002;9.316943e-002
8.919535e+002;9.286852e-002
8.924356e+002;9.256805e-002
8.929177e+002;9.226783e-002
8.933999e+002;9.196840e-002
8.938820e+002;9.167074e-002
8.943641e+002;9.137546e-002
8.948463e+002;9.108204e-002
8.953284e+002;9.078943e-002
8.958105e+002;9.049597e-002
8.962927e+002;9.020058e-002
8.967748e+002;8.990286e-002
8.972570e+002;8.960353e-002
8.977391e+002;8.930382e-002
8.982213e+002;8.900493e-002
8.987034e+002;8.870766e-002
8.991855e+002;8.841232e-002
8.996677e+002;8.811840e-002
9.001498e+002;8.782564e-002
9.006320e+002;8.753370e-002
9.011141e+002;8.724251e-002
9.015962e+002;8.695189e-002
9.020784e+002;8.666177e-002
9.025605e+002;8.637166e-002
9.030426e+002;8.608107e-002
9.035248e+002;8.579017e-002
9.040069e+002;8.549979e-002
9.044890e+002;8.521128e-002
9.049712e+002;8.492719e-002
9.054533e+002;8.464915e-002
9.059354e+002;8.437831e-002
9.064176e+002;8.411466e-002
9.068997e+002;8.385714e-002
9.073818e+002;8.360383e-002
9.078640e+002;8.335309e-002
9.083461e+002;8.310342e-002
9.088282e+002;8.285427e-002
9.093104e+002;8.260565e-002
9.097925e+002;8.235784e-002
9.102747e+002;8.211162e-002
9.107568e+002;8.186781e-002
9.112390e+002;8.162753e-002
9.117211e+002;8.139206e-002
9.122032e+002;8.116266e-002
9.126853e+002;8.094008e-002
9.131675e+002;8.072381e-002
9.136497e+002;8.051213e-002
9.141317e+002;8.030225e-002
9.146139e+002;8.009057e-002
9.150961e+002;7.987443e-002
9.155781e+002;7.965268e-002
9.160603e+002;7.942574e-002
9.165425e+002;7.919616e-002
9.170245e+002;7.896659e-002
9.175067e+002;7.873961e-002
9.179889e+002;7.851659e-002
9.184709e+002;7.829705e-002
9.189531e+002;7.808019e-002
9.194353e+002;7.786439e-002
9.199174e+002;7.764916e-002
9.203995e+002;7.743446e-002
9.208817e+002;7.722131e-002
9.213638e+002;7.701072e-002
9.218459e+002;7.680264e-002
9.223281e+002;7.659642e-002
9.228102e+002;7.639013e-002
9.232924e+002;7.618168e-002
9.237745e+002;7.596876e-002
9.242566e+002;7.575055e-002
9.247388e+002;7.552720e-002
9.252209e+002;7.529972e-002
9.257030e+002;7.506979e-002
9.261852e+002;7.483886e-002
9.266674e+002;7.460799e-002
9.271494e+002;7.437724e-002
9.276316e+002;7.414634e-002
9.281138e+002;7.391486e-002
9.285958e+002;7.368207e-002
9.290780e+002;7.344809e-002
9.295602e+002;7.321360e-002
9.300422e+002;7.298001e-002
9.305244e+002;7.274912e-002
9.310066e+002;7.252238e-002
9.314886e+002;7.230083e-002
9.319708e+002;7.208456e-002
9.324530e+002;7.187229e-002
9.329351e+002;7.166211e-002
9.334172e+002;7.145158e-002
9.338994e+002;7.123870e-002
9.343815e+002;7.102271e-002
9.348636e+002;7.080397e-002
9.353458e+002;7.058437e-002
9.358279e+002;7.036642e-002
9.363101e+002;7.015254e-002
9.367922e+002;6.994417e-002
9.372743e+002;6.974185e-002
9.377565e+002;6.954480e-002
9.382386e+002;6.935223e-002
9.387207e+002;6.916294e-002
9.392029e+002;6.897651e-002
9.396851e+002;6.879298e-002
9.401671e+002;6.861258e-002
9.406493e+002;6.843509e-002
9.411315e+002;6.825954e-002
9.416135e+002;6.808402e-002
9.420957e+002;6.790668e-002
9.425779e+002;6.772570e-002
9.430599e+002;6.754018e-002
9.435421e+002;6.735067e-002
9.440243e+002;6.715900e-002
9.445063e+002;6.696746e-002
9.449885e+002;6.677835e-002
9.454707e+002;6.659310e-002
9.459528e+002;6.641207e-002
9.464349e+002;6.623448e-002
9.469171e+002;6.605899e-002
9.473992e+002;6.588454e-002
9.478813e+002;6.571058e-002
9.483635e+002;6.553797e-002
9.488456e+002;6.536817e-002
9.493278e+002;6.520302e-002
9.498099e+002;6.504428e-002
9.502920e+002;6.489220e-002
9.507742e+002;6.474580e-002
9.512563e+002;6.460295e-002
9.517384e+002;6.446031e-002
9.522206e+002;6.431517e-002
9.527028e+002;6.416547e-002
9.531848e+002;6.401115e-002
9.536670e+002;6.385370e-002
9.541492e+002;6.369612e-002
9.546312e+002;6.354164e-002
9.551134e+002;6.339311e-002
9.555956e+002;6.325199e-002
9.560776e+002;6.311830e-002
9.565598e+002;6.299096e-002
9.570420e+002;6.286807e-002
9.575240e+002;6.274862e-002
9.580062e+002;6.263214e-002
9.584884e+002;6.251928e-002
9.589705e+002;6.241155e-002
9.594526e+002;6.230986e-002
9.599348e+002;6.221513e-002
9.604169e+002;6.212695e-002
9.608990e+002;6.204458e-002
9.613812e+002;6.196639e-002
9.618633e+002;6.189132e-002
9.623455e+002;6.181824e-002
9.628276e+002;6.174680e-002
9.633097e+002;6.167646e-002
9.637919e+002;6.160663e-002
9.642740e+002;6.153602e-002
9.647561e+002;6.146305e-002
9.652383e+002;6.138619e-002
9.657205e+002;6.130408e-002
9.662025e+002;6.121624e-002
9.666847e+002;6.112349e-002
9.671669e+002;6.102668e-002
9.676489e+002;6.092739e-002
9.681311e+002;6.082679e-002
9.686133e+002;6.072555e-002
9.690953e+002;6.062390e-002
9.695775e+002;6.052235e-002
9.700597e+002;6.042160e-002
9.705417e+002;6.032383e-002
9.710239e+002;6.023156e-002
9.715061e+002;6.014798e-002
9.719882e+002;6.007607e-002
9.724703e+002;6.001734e-002
9.729525e+002;5.997202e-002
9.734346e+002;5.993809e-002
9.739167e+002;5.991267e-002
9.743989e+002;5.989208e-002
9.748810e+002;5.987311e-002
9.753632e+002;5.985371e-002
9.758453e+002;5.983275e-002
9.763274e+002;5.981069e-002
9.768096e+002;5.978857e-002
9.772917e+002;5.976775e-002
9.777738e+002;5.974944e-002
9.782560e+002;5.973426e-002
9.787382e+002;5.972255e-002
9.792202e+002;5.971425e-002
9.797024e+002;5.970914e-002
9.801846e+002;5.970680e-002
9.806666e+002;5.970702e-002
9.811488e+002;5.970944e-002
9.816310e+002;5.971362e-002
9.821130e+002;5.971929e-002
9.825952e+002;5.972656e-002
9.830774e+002;5.973563e-002
9.835594e+002;5.974754e-002
9.840416e+002;5.976332e-002
9.845238e+002;5.978433e-002
9.850059e+002;5.981182e-002
9.854880e+002;5.984686e-002
9.859702e+002;5.988966e-002
9.864523e+002;5.994021e-002
9.869344e+002;5.999785e-002
9.874166e+002;6.006120e-002
9.878987e+002;6.012871e-002
9.883809e+002;6.019797e-002
9.888630e+002;6.026628e-002
9.893451e+002;6.033093e-002
9.898273e+002;6.038896e-002
9.903094e+002;6.043819e-002
9.907915e+002;6.047666e-002
9.912737e+002;6.050333e-002
9.917559e+002;6.051791e-002
9.922379e+002;6.052056e-002
9.927201e+002;6.051124e-002
9.932023e+002;6.049025e-002
9.936843e+002;6.045813e-002
9.941665e+002;6.041563e-002
9.946487e+002;6.036435e-002
9.951307e+002;6.030706e-002
9.956129e+002;6.024660e-002
9.960951e+002;6.018688e-002
9.965771e+002;6.013028e-002
9.970593e+002;6.007882e-002
9.975415e+002;6.003225e-002
9.980236e+002;5.998909e-002
9.985057e+002;5.994696e-002
9.989879e+002;5.990323e-002
9.994700e+002;5.985619e-002
9.999521e+002;5.980502e-002
1.000434e+003;5.974972e-002
1.000916e+003;5.969116e-002
1.001399e+003;5.962999e-002
1.001881e+003;5.956705e-002
1.002363e+003;5.950252e-002
1.002845e+003;5.943724e-002
1.003327e+003;5.937209e-002
1.003809e+003;5.930884e-002
1.004291e+003;5.924996e-002
1.004774e+003;5.919767e-002
1.005256e+003;5.915372e-002
1.005738e+003;5.911941e-002
1.006220e+003;5.909473e-002
1.006702e+003;5.907887e-002
1.007184e+003;5.907113e-002
1.007666e+003;5.907064e-002
1.008148e+003;5.907703e-002
1.008631e+003;5.908983e-002
1.009113e+003;5.910909e-002
1.009595e+003;5.913402e-002
1.010077e+003;5.916428e-002
1.010559e+003;5.919886e-002
1.011041e+003;5.923776e-002
1.011523e+003;5.928098e-002
1.012006e+003;5.932908e-002
1.012488e+003;5.938245e-002
1.012970e+003;5.944088e-002
1.013452e+003;5.950317e-002
1.013934e+003;5.956665e-002
1.014416e+003;5.962789e-002
1.014898e+003;5.968306e-002
1.015380e+003;5.972901e-002
1.015863e+003;5.976383e-002
1.016345e+003;5.978713e-002
1.016827e+003;5.980005e-002
1.017309e+003;5.980469e-002
1.017791e+003;5.980345e-002
1.018273e+003;5.979918e-002
1.018755e+003;5.979394e-002
1.019238e+003;5.978990e-002
1.019720e+003;5.978886e-002
1.020202e+003;5.979244e-002
1.020684e+003;5.980178e-002
1.021166e+003;5.981786e-002
1.021648e+003;5.984123e-002
1.022130e+003;5.987187e-002
1.022613e+003;5.990992e-002
1.023095e+003;5.995520e-002
1.023577e+003;6.000803e-002
1.024059e+003;6.006860e-002
1.024541e+003;6.013760e-002
1.025023e+003;6.021545e-002
1.025505e+003;6.030224e-002
1.025988e+003;6.039805e-002
1.026470e+003;6.050243e-002
1.026952e+003;6.061468e-002
1.027434e+003;6.073409e-002
1.027916e+003;6.085949e-002
1.028398e+003;6.098960e-002
1.028880e+003;6.112278e-002
1.029363e+003;6.125730e-002
1.029845e+003;6.139120e-002
1.030327e+003;6.152235e-002
1.030809e+003;6.164909e-002
1.031291e+003;6.176958e-002
1.031773e+003;6.188236e-002
1.032255e+003;6.198558e-002
1.032737e+003;6.207775e-002
1.033220e+003;6.215700e-002
1.033702e+003;6.222179e-002
1.034184e+003;6.227089e-002
1.034666e+003;6.230367e-002
1.035148e+003;6.232044e-002
1.035630e+003;6.232204e-002
1.036112e+003;6.231032e-002
1.036595e+003;6.228765e-002
1.037077e+003;6.225717e-002
1.037559e+003;6.222262e-002
1.038041e+003;6.218776e-002
1.038523e+003;6.215604e-002
1.039005e+003;6.213000e-002
1.039487e+003;6.211036e-002
1.039969e+003;6.209591e-002
1.040452e+003;6.208370e-002
1.040934e+003;6.206949e-002
1.041416e+003;6.204951e-002
1.041898e+003;6.202153e-002
1.042380e+003;6.198632e-002
1.042862e+003;6.194671e-002
1.043344e+003;6.190857e-002
1.043827e+003;6.187810e-002
1.044309e+003;6.186062e-002
1.044791e+003;6.186012e-002
1.045273e+003;6.187742e-002
1.045755e+003;6.191156e-002
1.046237e+003;6.195987e-002
1.046719e+003;6.201898e-002
1.047202e+003;6.208569e-002
1.047684e+003;6.215735e-002
1.048166e+003;6.223201e-002
1.048648e+003;6.230839e-002
1.049130e+003;6.238622e-002
1.049612e+003;6.246543e-002
1.050094e+003;6.254730e-002
1.050577e+003;6.263321e-002
1.051059e+003;6.272532e-002
1.051541e+003;6.282490e-002
1.052023e+003;6.293274e-002
1.052505e+003;6.304818e-002
1.052987e+003;6.316946e-002
1.053469e+003;6.329440e-002
1.053952e+003;6.342049e-002
1.054434e+003;6.354582e-002
1.054916e+003;6.366928e-002
1.055398e+003;6.379031e-002
1.055880e+003;6.390802e-002
1.056362e+003;6.402127e-002
1.056844e+003;6.412803e-002
1.057326e+003;6.422531e-002
1.057809e+003;6.431001e-002
1.058291e+003;6.437930e-002
1.058773e+003;6.443104e-002
1.059255e+003;6.446423e-002
1.059737e+003;6.447921e-002
1.060219e+003;6.447679e-002
1.060701e+003;6.445848e-002
1.061184e+003;6.442611e-002
1.061666e+003;6.438123e-002
1.062148e+003;6.432522e-002
1.062630e+003;6.425941e-002
1.063112e+003;6.418433e-002
1.063594e+003;6.410047e-002
1.064076e+003;6.400835e-002
1.064558e+003;6.390883e-002
1.065041e+003;6.380317e-002
1.065523e+003;6.369364e-002
1.066005e+003;6.358240e-002
1.066487e+003;6.347188e-002
1.066969e+003;6.336303e-002
1.067451e+003;6.325573e-002
1.067933e+003;6.314865e-002
1.068416e+003;6.303915e-002
1.068898e+003;6.292550e-002
1.069380e+003;6.280667e-002
1.069862e+003;6.268343e-002
1.070344e+003;6.255817e-002
1.070826e+003;6.243431e-002
1.071308e+003;6.231530e-002
1.071791e+003;6.220400e-002
1.072273e+003;6.210247e-002
1.072755e+003;6.201217e-002
1.073237e+003;6.193422e-002
1.073719e+003;6.186996e-002
1.074201e+003;6.182043e-002
1.074683e+003;6.178626e-002
1.075166e+003;6.176702e-002
1.075648e+003;6.176067e-002
1.076130e+003;6.176410e-002
1.076612e+003;6.177323e-002
1.077094e+003;6.178426e-002
1.077576e+003;6.179431e-002
1.078058e+003;6.180230e-002
1.078541e+003;6.180846e-002
1.079023e+003;6.181307e-002
1.079505e+003;6.181613e-002
1.079987e+003;6.181626e-002
1.080469e+003;6.181049e-002
1.080951e+003;6.179439e-002
1.081433e+003;6.176315e-002
1.081915e+003;6.171215e-002
1.082398e+003;6.163773e-002
1.082880e+003;6.153801e-002
1.083362e+003;6.141182e-002
1.083844e+003;6.125971e-002
1.084326e+003;6.108323e-002
1.084808e+003;6.088446e-002
1.085290e+003;6.066623e-002
1.085773e+003;6.043173e-002
1.086255e+003;6.018454e-002
1.086737e+003;5.992850e-002
1.087219e+003;5.966726e-002
1.087701e+003;5.940516e-002
1.088183e+003;5.914640e-002
1.088665e+003;5.889590e-002
1.089147e+003;5.865796e-002
1.089630e+003;5.843639e-002
1.090112e+003;5.823357e-002
1.090594e+003;5.805030e-002
1.091076e+003;5.788574e-002
1.091558e+003;5.773802e-002
1.092040e+003;5.760511e-002
1.092522e+003;5.748553e-002
1.093005e+003;5.737920e-002
1.093487e+003;5.728731e-002
1.093969e+003;5.721177e-002
1.094451e+003;5.715482e-002
1.094933e+003;5.711805e-002
1.095415e+003;5.710249e-002
1.095897e+003;5.710784e-002
1.096380e+003;5.713333e-002
1.096862e+003;5.717736e-002
1.097344e+003;5.723798e-002
1.097826e+003;5.731252e-002
1.098308e+003;5.739778e-002
1.098790e+003;5.748971e-002
1.099272e+003;5.758437e-002
1.099755e+003;5.767838e-002
1.100237e+003;5.776870e-002
1.100719e+003;5.785373e-002
1.101201e+003;5.793300e-002
1.101683e+003;5.800653e-002
1.102165e+003;5.807478e-002
1.102647e+003;5.813770e-002
1.103130e+003;5.819505e-002
1.103612e+003;5.824637e-002
1.104094e+003;5.829185e-002
1.104576e+003;5.833108e-002
1.105058e+003;5.836398e-002
1.105540e+003;5.838997e-002
1.106022e+003;5.840705e-002
1.106504e+003;5.841234e-002
1.106987e+003;5.840230e-002
1.107469e+003;5.837409e-002
1.107951e+003;5.832625e-002
1.108433e+003;5.826052e-002
1.108915e+003;5.818083e-002
1.109397e+003;5.809332e-002
1.109879e+003;5.800411e-002
1.110362e+003;5.791833e-002
1.110844e+003;5.783865e-002
1.111326e+003;5.776524e-002
1.111808e+003;5.769603e-002
1.112290e+003;5.762789e-002
1.112772e+003;5.755792e-002
1.113254e+003;5.748359e-002
1.113736e+003;5.740372e-002
1.114219e+003;5.731835e-002
1.114701e+003;5.722844e-002
1.115183e+003;5.713606e-002
1.115665e+003;5.704410e-002
1.116147e+003;5.695593e-002
1.116629e+003;5.687537e-002
1.117111e+003;5.680515e-002
1.117594e+003;5.674688e-002
1.118076e+003;5.670024e-002
1.118558e+003;5.666267e-002
1.119040e+003;5.663077e-002
1.119522e+003;5.660060e-002
1.120004e+003;5.656959e-002
1.120486e+003;5.653680e-002
1.120969e+003;5.650294e-002
1.121451e+003;5.646991e-002
1.121933e+003;5.643988e-002
1.122415e+003;5.641408e-002
1.122897e+003;5.639277e-002
1.123379e+003;5.637546e-002
1.123861e+003;5.636135e-002
1.124344e+003;5.634975e-002
1.124826e+003;5.634071e-002
1.125308e+003;5.633429e-002
1.125790e+003;5.633086e-002
1.126272e+003;5.632960e-002
1.126754e+003;5.632972e-002
1.127236e+003;5.632982e-002
1.127719e+003;5.632871e-002
1.128201e+003;5.632624e-002
1.128683e+003;5.632338e-002
1.129165e+003;5.632181e-002
1.129647e+003;5.632338e-002
1.130129e+003;5.632962e-002
1.130611e+003;5.634066e-002
1.131093e+003;5.635598e-002
1.131576e+003;5.637405e-002
1.132058e+003;5.639314e-002
1.132540e+003;5.641210e-002
1.133022e+003;5.643009e-002
1.133504e+003;5.644692e-002
1.133986e+003;5.646233e-002
1.134468e+003;5.647608e-002
1.134951e+003;5.648837e-002
1.135433e+003;5.649877e-002
1.135915e+003;5.650794e-002
1.136397e+003;5.651640e-002
1.136879e+003;5.652487e-002
1.137361e+003;5.653423e-002
1.137843e+003;5.654432e-002
1.138325e+003;5.655517e-002
1.138808e+003;5.656618e-002
1.139290e+003;5.657668e-002
1.139772e+003;5.658678e-002
1.140254e+003;5.659685e-002
1.140736e+003;5.660775e-002
1.141218e+003;5.661941e-002
1.141700e+003;5.663171e-002
1.142183e+003;5.664315e-002
1.142665e+003;5.665216e-002
1.143147e+003;5.665710e-002
1.143629e+003;5.665801e-002
1.144111e+003;5.665547e-002
1.144593e+003;5.665172e-002
1.145075e+003;5.664905e-002
1.145557e+003;5.664926e-002
1.146040e+003;5.665249e-002
1.146522e+003;5.665757e-002
1.147004e+003;5.666167e-002
1.147486e+003;5.666244e-002
1.147968e+003;5.665769e-002
1.148450e+003;5.664699e-002
1.148932e+003;5.663113e-002
1.149415e+003;5.661171e-002
1.149897e+003;5.659052e-002
1.150379e+003;5.656918e-002
1.150861e+003;5.654856e-002
1.151343e+003;5.652911e-002
1.151825e+003;5.651120e-002
1.152307e+003;5.649532e-002
1.152790e+003;5.648196e-002
1.153272e+003;5.647086e-002
1.153754e+003;5.646134e-002
1.154236e+003;5.645159e-002
1.154718e+003;5.643947e-002
1.155200e+003;5.642272e-002
1.155682e+003;5.640008e-002
1.156165e+003;5.637183e-002
1.156647e+003;5.633995e-002
1.157129e+003;5.630716e-002
1.157611e+003;5.627668e-002
1.158093e+003;5.625066e-002
1.158575e+003;5.622929e-002
1.159057e+003;5.621120e-002
1.159540e+003;5.619340e-002
1.160022e+003;5.617219e-002
1.160504e+003;5.614389e-002
1.160986e+003;5.610611e-002
1.161468e+003;5.605744e-002
1.161950e+003;5.599833e-002
1.162432e+003;5.593051e-002
1.162914e+003;5.585660e-002
1.163397e+003;5.578000e-002
1.163879e+003;5.570371e-002
1.164361e+003;5.562960e-002
1.164843e+003;5.555915e-002
1.165325e+003;5.549162e-002
1.165807e+003;5.542553e-002
1.166289e+003;5.535900e-002
1.166772e+003;5.529021e-002
1.167254e+003;5.521873e-002
1.167736e+003;5.514585e-002
1.168218e+003;5.507439e-002
1.168700e+003;5.500756e-002
1.169182e+003;5.494887e-002
1.169664e+003;5.490008e-002
1.170146e+003;5.486136e-002
1.170629e+003;5.483073e-002
1.171111e+003;5.480529e-002
1.171593e+003;5.478159e-002
1.172075e+003;5.475740e-002
1.172557e+003;5.473116e-002
1.173039e+003;5.470329e-002
1.173521e+003;5.467465e-002
1.174004e+003;5.464676e-002
1.174486e+003;5.462116e-002
1.174968e+003;5.459925e-002
1.175450e+003;5.458184e-002
1.175932e+003;5.456996e-002
1.176414e+003;5.456505e-002
1.176896e+003;5.456872e-002
1.177379e+003;5.458177e-002
1.177861e+003;5.460470e-002
1.178343e+003;5.463704e-002
1.178825e+003;5.467691e-002
1.179307e+003;5.472141e-002
1.179789e+003;5.476731e-002
1.180271e+003;5.481136e-002
1.180754e+003;5.485117e-002
1.181236e+003;5.488534e-002
1.181718e+003;5.491361e-002
1.182200e+003;5.493720e-002
1.182682e+003;5.495751e-002
1.183164e+003;5.497628e-002
1.183646e+003;5.499538e-002
1.184129e+003;5.501528e-002
1.184611e+003;5.503581e-002
1.185093e+003;5.505629e-002
1.185575e+003;5.507502e-002
1.186057e+003;5.509050e-002
1.186539e+003;5.510194e-002
1.187021e+003;5.510938e-002
1.187503e+003;5.511394e-002
1.187986e+003;5.511814e-002
1.188468e+003;5.512443e-002
1.188950e+003;5.513534e-002
1.189432e+003;5.515183e-002
1.189914e+003;5.517392e-002
1.190396e+003;5.519975e-002
1.190878e+003;5.522675e-002
1.191361e+003;5.525215e-002
1.191843e+003;5.527341e-002
1.192325e+003;5.528947e-002
1.192807e+003;5.530037e-002
1.193289e+003;5.530723e-002
1.193771e+003;5.531223e-002
1.194253e+003;5.531750e-002
1.194735e+003;5.532471e-002
1.195218e+003;5.533550e-002
1.195700e+003;5.534975e-002
1.196182e+003;5.536741e-002
1.196664e+003;5.538711e-002
1.197146e+003;5.540767e-002
1.197628e+003;5.542787e-002
1.198110e+003;5.544668e-002
1.198593e+003;5.546403e-002
1.199075e+003;5.547995e-002
1.199557e+003;5.549550e-002
1.200039e+003;5.551197e-002
1.200521e+003;5.553011e-002
1.201003e+003;5.555034e-002
1.201485e+003;5.557223e-002
1.201968e+003;5.559515e-002
1.202450e+003;5.561737e-002
1.202932e+003;5.563762e-002
1.203414e+003;5.565523e-002
1.203896e+003;5.566971e-002
1.204378e+003;5.568194e-002
1.204860e+003;5.569334e-002
1.205343e+003;5.570537e-002
1.205825e+003;5.571952e-002
1.206307e+003;5.573645e-002
1.206789e+003;5.575639e-002
1.207271e+003;5.577798e-002
1.207753e+003;5.580043e-002
1.208235e+003;5.582232e-002
1.208718e+003;5.584259e-002
1.209200e+003;5.586130e-002
1.209682e+003;5.587893e-002
1.210164e+003;5.589640e-002
1.210646e+003;5.591455e-002
1.211128e+003;5.593352e-002
1.211610e+003;5.595284e-002
1.212092e+003;5.597152e-002
1.212575e+003;5.598808e-002
1.213057e+003;5.600202e-002
1.213539e+003;5.601377e-002
1.214021e+003;5.602485e-002
1.214503e+003;5.603787e-002
1.214985e+003;5.605587e-002
1.215467e+003;5.608070e-002
1.215950e+003;5.611318e-002
1.216432e+003;5.615174e-002
1.216914e+003;5.619358e-002
1.217396e+003;5.623519e-002
1.217878e+003;5.627370e-002
1.218360e+003;5.630730e-002
1.218842e+003;5.633668e-002
1.219324e+003;5.636346e-002
1.219807e+003;5.639100e-002
1.220289e+003;5.642202e-002
1.220771e+003;5.645872e-002
1.221253e+003;5.650166e-002
1.221735e+003;5.655020e-002
1.222217e+003;5.660255e-002
1.222699e+003;5.665661e-002
1.223182e+003;5.671102e-002
1.223664e+003;5.676422e-002
1.224146e+003;5.681566e-002
1.224628e+003;5.686507e-002
1.225110e+003;5.691214e-002
1.225592e+003;5.695717e-002
1.226074e+003;5.699983e-002
1.226557e+003;5.704062e-002
1.227039e+003;5.707959e-002
1.227521e+003;5.711725e-002
1.228003e+003;5.715398e-002
1.228485e+003;5.719060e-002
1.228967e+003;5.722751e-002
1.229449e+003;5.726529e-002
1.229932e+003;5.730472e-002
1.230414e+003;5.734628e-002
1.230896e+003;5.739083e-002
1.231378e+003;5.743874e-002
1.231860e+003;5.748986e-002
1.232342e+003;5.754365e-002
1.232824e+003;5.759859e-002
1.233307e+003;5.765316e-002
1.233789e+003;5.770555e-002
1.234271e+003;5.775476e-002
1.234753e+003;5.780028e-002
1.235235e+003;5.784281e-002
1.235717e+003;5.788328e-002
1.236199e+003;5.792315e-002
1.236681e+003;5.796349e-002
1.237164e+003;5.800518e-002
1.237646e+003;5.804807e-002
1.238128e+003;5.809207e-002
1.238610e+003;5.813664e-002
1.239092e+003;5.818155e-002
1.239574e+003;5.822638e-002
1.240056e+003;5.827151e-002
1.240539e+003;5.831702e-002
1.241021e+003;5.836332e-002
1.241503e+003;5.841021e-002
1.241985e+003;5.845770e-002
1.242467e+003;5.850494e-002
1.242949e+003;5.855156e-002
1.243431e+003;5.859705e-002
1.243913e+003;5.864136e-002
1.244396e+003;5.868462e-002
1.244878e+003;5.872802e-002
1.245360e+003;5.877247e-002
1.245842e+003;5.881925e-002
1.246324e+003;5.886904e-002
1.246806e+003;5.892184e-002
1.247288e+003;5.897670e-002
1.247771e+003;5.903177e-002
1.248253e+003;5.908502e-002
1.248735e+003;5.913423e-002
1.249217e+003;5.917821e-002
1.249699e+003;5.921675e-002
1.250181e+003;5.925058e-002
1.250663e+003;5.928121e-002
1.251146e+003;5.931034e-002
1.251628e+003;5.933925e-002
1.252110e+003;5.936846e-002
1.252592e+003;5.939802e-002
1.253074e+003;5.942751e-002
1.253556e+003;5.945649e-002
1.254038e+003;5.948548e-002
1.254521e+003;5.951535e-002
1.255003e+003;5.954764e-002
1.255485e+003;5.958393e-002
1.255967e+003;5.962509e-002
1.256449e+003;5.967070e-002
1.256931e+003;5.971971e-002
1.257413e+003;5.976962e-002
1.257896e+003;5.981801e-002
1.258378e+003;5.986308e-002
1.258860e+003;5.990395e-002
1.259342e+003;5.994089e-002
1.259824e+003;5.997517e-002
1.260306e+003;6.000800e-002
1.260788e+003;6.004060e-002
1.261270e+003;6.007323e-002
1.261753e+003;6.010513e-002
1.262235e+003;6.013548e-002
1.262717e+003;6.016306e-002
1.263199e+003;6.018754e-002
1.263681e+003;6.020869e-002
1.264163e+003;6.022725e-002
1.264645e+003;6.024402e-002
1.265128e+003;6.025959e-002
1.265610e+003;6.027413e-002
1.266092e+003;6.028708e-002
1.266574e+003;6.029744e-002
1.267056e+003;6.030418e-002
1.267538e+003;6.030641e-002
1.268020e+003;6.030419e-002
1.268502e+003;6.029785e-002
1.268985e+003;6.028939e-002
1.269467e+003;6.028076e-002
1.269949e+003;6.027426e-002
1.270431e+003;6.027190e-002
1.270913e+003;6.027457e-002
1.271395e+003;6.028235e-002
1.271877e+003;6.029416e-002
1.272360e+003;6.030805e-002
1.272842e+003;6.032220e-002
1.273324e+003;6.033473e-002
1.273806e+003;6.034502e-002
1.274288e+003;6.035372e-002
1.274770e+003;6.036243e-002
1.275252e+003;6.037334e-002
1.275734e+003;6.038871e-002
1.276217e+003;6.041027e-002
1.276699e+003;6.043828e-002
1.277181e+003;6.047181e-002
1.277663e+003;6.050867e-002
1.278145e+003;6.054610e-002
1.278627e+003;6.058151e-002
1.279109e+003;6.061247e-002
1.279592e+003;6.063822e-002
1.280074e+003;6.065840e-002
1.280556e+003;6.067410e-002
1.281038e+003;6.068678e-002
1.281520e+003;6.069796e-002
1.282002e+003;6.070944e-002
1.282484e+003;6.072245e-002
1.282967e+003;6.073793e-002
1.283449e+003;6.075625e-002
1.283931e+003;6.077775e-002
1.284413e+003;6.080205e-002
1.284895e+003;6.082847e-002
1.285377e+003;6.085572e-002
1.285859e+003;6.088239e-002
1.286342e+003;6.090702e-002
1.286824e+003;6.092810e-002
1.287306e+003;6.094496e-002
1.287788e+003;6.095791e-002
1.288270e+003;6.096782e-002
1.288752e+003;6.097641e-002
1.289234e+003;6.098574e-002
1.289716e+003;6.099787e-002
1.290199e+003;6.101382e-002
1.290681e+003;6.103370e-002
1.291163e+003;6.105716e-002
1.291645e+003;6.108292e-002
1.292127e+003;6.110974e-002
1.292609e+003;6.113669e-002
1.293091e+003;6.116327e-002
1.293574e+003;6.118963e-002
1.294056e+003;6.121572e-002
1.294538e+003;6.124172e-002
1.295020e+003;6.126766e-002
1.295502e+003;6.129251e-002
1.295984e+003;6.131591e-002
1.296466e+003;6.133733e-002
1.296948e+003;6.135707e-002
1.297431e+003;6.137604e-002
1.297913e+003;6.139564e-002
1.298395e+003;6.141744e-002
1.298877e+003;6.144249e-002
1.299359e+003;6.147151e-002
1.299841e+003;6.150401e-002
1.300323e+003;6.153931e-002
1.300806e+003;6.157645e-002
1.301288e+003;6.161486e-002
1.301770e+003;6.165458e-002
1.302252e+003;6.169568e-002
1.302734e+003;6.173852e-002
1.303216e+003;6.178313e-002
1.303698e+003;6.182897e-002
1.304181e+003;6.187531e-002
1.304663e+003;6.192079e-002
1.305145e+003;6.196481e-002
1.305627e+003;6.200730e-002
1.306109e+003;6.204839e-002
1.306591e+003;6.208874e-002
1.307073e+003;6.212883e-002
1.307556e+003;6.216844e-002
1.308038e+003;6.220688e-002
1.308520e+003;6.224310e-002
1.309002e+003;6.227675e-002
1.309484e+003;6.230762e-002
1.309966e+003;6.233681e-002
1.310448e+003;6.236629e-002
1.310931e+003;6.239802e-002
1.311413e+003;6.243336e-002
1.311895e+003;6.247301e-002
1.312377e+003;6.251602e-002
1.312859e+003;6.256096e-002
1.313341e+003;6.260601e-002
1.313823e+003;6.264942e-002
1.314305e+003;6.269059e-002
1.314788e+003;6.272979e-002
1.315270e+003;6.276792e-002
1.315752e+003;6.280607e-002
1.316234e+003;6.284566e-002
1.316716e+003;6.288735e-002
1.317198e+003;6.293093e-002
1.317680e+003;6.297619e-002
1.318163e+003;6.302224e-002
1.318645e+003;6.306797e-002
1.319127e+003;6.311242e-002
1.319609e+003;6.315442e-002
1.320091e+003;6.319366e-002
1.320573e+003;6.323002e-002
1.321055e+003;6.326412e-002
1.321537e+003;6.329713e-002
1.322020e+003;6.332994e-002
1.322502e+003;6.336353e-002
1.322984e+003;6.339792e-002
1.323466e+003;6.343283e-002
1.323948e+003;6.346732e-002
1.324430e+003;6.350081e-002
1.324912e+003;6.353324e-002
1.325395e+003;6.356562e-002
1.325877e+003;6.359886e-002
1.326359e+003;6.363342e-002
1.326841e+003;6.366898e-002
1.327323e+003;6.370401e-002
1.327805e+003;6.373598e-002
1.328287e+003;6.376346e-002
1.328770e+003;6.378591e-002
1.329252e+003;6.380565e-002
1.329734e+003;6.382746e-002
1.330216e+003;6.385710e-002
1.330698e+003;6.389996e-002
1.331180e+003;6.395832e-002
1.331662e+003;6.403112e-002
1.332145e+003;6.411269e-002
1.332627e+003;6.419539e-002
1.333109e+003;6.427129e-002
1.333591e+003;6.433436e-002
1.334073e+003;6.438243e-002
1.334555e+003;6.441637e-002
1.335037e+003;6.444038e-002
1.335520e+003;6.445916e-002
1.336002e+003;6.447692e-002
1.336484e+003;6.449680e-002
1.336966e+003;6.452010e-002
1.337448e+003;6.454713e-002
1.337930e+003;6.457844e-002
1.338412e+003;6.461459e-002
1.338894e+003;6.465670e-002
1.339377e+003;6.470542e-002
1.339859e+003;6.476068e-002
1.340341e+003;6.482131e-002
1.340823e+003;6.488506e-002
1.341305e+003;6.494907e-002
1.341787e+003;6.501094e-002
1.342269e+003;6.506892e-002
1.342752e+003;6.512208e-002
1.343234e+003;6.517044e-002
1.343716e+003;6.521440e-002
1.344198e+003;6.525429e-002
1.344680e+003;6.529040e-002
1.345162e+003;6.532276e-002
1.345644e+003;6.535189e-002
1.346126e+003;6.537803e-002
1.346609e+003;6.540155e-002
1.347091e+003;6.542273e-002
1.347573e+003;6.544113e-002
1.348055e+003;6.545607e-002
1.348537e+003;6.546743e-002
1.349019e+003;6.547460e-002
1.349501e+003;6.547904e-002
1.349984e+003;6.548218e-002
1.350466e+003;6.548681e-002
1.350948e+003;6.549546e-002
1.351430e+003;6.550959e-002
1.351912e+003;6.552975e-002
1.352394e+003;6.555466e-002
1.352876e+003;6.558210e-002
1.353359e+003;6.560948e-002
1.353841e+003;6.563497e-002
1.354323e+003;6.565738e-002
1.354805e+003;6.567709e-002
1.355287e+003;6.569510e-002
1.355769e+003;6.571324e-002
1.356251e+003;6.573270e-002
1.356734e+003;6.575480e-002
1.357216e+003;6.577943e-002
1.357698e+003;6.580657e-002
1.358180e+003;6.583573e-002
1.358662e+003;6.586573e-002
1.359144e+003;6.589621e-002
1.359626e+003;6.592665e-002
1.360109e+003;6.595656e-002
1.360591e+003;6.598626e-002
1.361073e+003;6.601539e-002
1.361555e+003;6.604421e-002
1.362037e+003;6.607226e-002
1.362519e+003;6.609921e-002
1.363001e+003;6.612483e-002
1.363483e+003;6.614882e-002
1.363966e+003;6.617146e-002
1.364448e+003;6.619368e-002
1.364930e+003;6.621686e-002
1.365412e+003;6.624234e-002
1.365894e+003;6.627119e-002
1.366376e+003;6.630364e-002
1.366858e+003;6.633864e-002
1.367341e+003;6.637456e-002
1.367823e+003;6.640870e-002
1.368305e+003;6.643870e-002
1.368787e+003;6.646268e-002
1.369269e+003;6.647974e-002
1.369751e+003;6.649011e-002
1.370233e+003;6.649518e-002
1.370715e+003;6.649704e-002
1.371198e+003;6.649824e-002
1.371680e+003;6.650154e-002
1.372162e+003;6.650910e-002
1.372644e+003;6.652246e-002
1.373126e+003;6.654171e-002
1.373608e+003;6.656568e-002
1.374090e+003;6.659183e-002
1.374573e+003;6.661649e-002
1.375055e+003;6.663644e-002
1.375537e+003;6.664899e-002
1.376019e+003;6.665350e-002
1.376501e+003;6.665129e-002
1.376983e+003;6.664471e-002
1.377465e+003;6.663754e-002
1.377948e+003;6.663233e-002
1.378430e+003;6.663089e-002
1.378912e+003;6.663326e-002
1.379394e+003;6.663811e-002
1.379876e+003;6.664362e-002
1.380358e+003;6.664847e-002
1.380840e+003;6.665174e-002
1.381323e+003;6.665388e-002
1.381805e+003;6.665552e-002
1.382287e+003;6.665757e-002
1.382769e+003;6.666102e-002
1.383251e+003;6.666607e-002
1.383733e+003;6.667312e-002
1.384215e+003;6.668237e-002
1.384698e+003;6.669457e-002
1.385180e+003;6.671027e-002
1.385662e+003;6.672993e-002
1.386144e+003;6.675280e-002
1.386626e+003;6.677812e-002
1.387108e+003;6.680407e-002
1.387590e+003;6.682928e-002
1.388072e+003;6.685240e-002
1.388555e+003;6.687362e-002
1.389037e+003;6.689354e-002
1.389519e+003;6.691337e-002
1.390001e+003;6.693443e-002
1.390483e+003;6.695713e-002
1.390965e+003;6.698190e-002
1.391447e+003;6.700841e-002
1.391930e+003;6.703684e-002
1.392412e+003;6.706747e-002
1.392894e+003;6.710111e-002
1.393376e+003;6.713806e-002
1.393858e+003;6.717877e-002
1.394340e+003;6.722253e-002
1.394822e+003;6.726822e-002
1.395304e+003;6.731451e-002
1.395787e+003;6.736115e-002
1.396269e+003;6.740788e-002
1.396751e+003;6.745578e-002
1.397233e+003;6.750586e-002
1.397715e+003;6.755913e-002
1.398197e+003;6.761474e-002
1.398679e+003;6.767174e-002
1.399162e+003;6.772792e-002
1.399644e+003;6.778173e-002
1.400126e+003;6.783217e-002
1.400608e+003;6.787996e-002
1.401090e+003;6.792627e-002
1.401572e+003;6.797300e-002
1.402054e+003;6.802195e-002
1.402536e+003;6.807392e-002
1.403019e+003;6.812903e-002
1.403501e+003;6.818667e-002
1.403983e+003;6.824625e-002
1.404465e+003;6.830715e-002
1.404947e+003;6.836919e-002
1.405429e+003;6.843234e-002
1.405911e+003;6.849668e-002
1.406394e+003;6.856203e-002
1.406876e+003;6.862788e-002
1.407358e+003;6.869393e-002
1.407840e+003;6.875928e-002
1.408322e+003;6.882402e-002
1.408804e+003;6.888754e-002
1.409286e+003;6.894945e-002
1.409769e+003;6.900894e-002
1.410251e+003;6.906528e-002
1.410733e+003;6.911769e-002
1.411215e+003;6.916605e-002
1.411697e+003;6.921048e-002
1.412179e+003;6.925196e-002
1.412661e+003;6.929144e-002
1.413144e+003;6.932903e-002
1.413626e+003;6.936496e-002
1.414108e+003;6.939881e-002
1.414590e+003;6.943042e-002
1.415072e+003;6.946056e-002
1.415554e+003;6.949105e-002
1.416036e+003;6.952507e-002
1.416519e+003;6.956629e-002
1.417001e+003;6.961788e-002
1.417483e+003;6.968103e-002
1.417965e+003;6.975386e-002
1.418447e+003;6.983280e-002
1.418929e+003;6.991104e-002
1.419411e+003;6.998294e-002
1.419893e+003;7.004336e-002
1.420376e+003;7.009080e-002
1.420858e+003;7.012641e-002
1.421340e+003;7.015389e-002
1.421822e+003;7.017817e-002
1.422304e+003;7.020361e-002
1.422786e+003;7.023341e-002
1.423268e+003;7.026865e-002
1.423751e+003;7.030851e-002
1.424233e+003;7.035039e-002
1.424715e+003;7.039247e-002
1.425197e+003;7.043247e-002
1.425679e+003;7.046954e-002
1.426161e+003;7.050427e-002
1.426643e+003;7.053823e-002
1.427125e+003;7.057335e-002
1.427608e+003;7.061141e-002
1.428090e+003;7.065307e-002
1.428572e+003;7.069861e-002
1.429054e+003;7.074685e-002
1.429536e+003;7.079613e-002
1.430018e+003;7.084460e-002
1.430500e+003;7.088999e-002
1.430983e+003;7.093036e-002
1.431465e+003;7.096421e-002
1.431947e+003;7.099071e-002
1.432429e+003;7.101036e-002
1.432911e+003;7.102484e-002
1.433393e+003;7.103793e-002
1.433875e+003;7.105406e-002
1.434358e+003;7.107832e-002
1.434840e+003;7.111431e-002
1.435322e+003;7.116347e-002
1.435804e+003;7.122332e-002
1.436286e+003;7.128885e-002
1.436768e+003;7.135205e-002
1.437250e+003;7.140612e-002
1.437733e+003;7.144582e-002
1.438215e+003;7.146989e-002
1.438697e+003;7.148071e-002
1.439179e+003;7.148306e-002
1.439661e+003;7.148235e-002
1.440143e+003;7.148355e-002
1.440625e+003;7.148973e-002
1.441107e+003;7.150202e-002
1.441590e+003;7.151979e-002
1.442072e+003;7.154226e-002
1.442554e+003;7.156826e-002
1.443036e+003;7.159697e-002
1.443518e+003;7.162775e-002
1.444000e+003;7.165982e-002
1.444482e+003;7.169239e-002
1.444965e+003;7.172485e-002
1.445447e+003;7.175727e-002
1.445929e+003;7.179005e-002
1.446411e+003;7.182411e-002
1.446893e+003;7.186063e-002
1.447375e+003;7.189929e-002
1.447857e+003;7.193934e-002
1.448339e+003;7.197899e-002
1.448822e+003;7.201703e-002
1.449304e+003;7.205293e-002
1.449786e+003;7.208870e-002
1.450268e+003;7.212672e-002
1.450750e+003;7.217050e-002
1.451232e+003;7.222150e-002
1.451714e+003;7.227872e-002
1.452197e+003;7.233927e-002
1.452679e+003;7.239880e-002
1.453161e+003;7.245431e-002
1.453643e+003;7.250602e-002
1.454125e+003;7.255675e-002
1.454607e+003;7.261277e-002
1.455089e+003;7.267946e-002
1.455572e+003;7.275899e-002
1.456054e+003;7.284855e-002
1.456536e+003;7.293929e-002
1.457018e+003;7.302010e-002
1.457500e+003;7.307981e-002
1.457982e+003;7.311247e-002
1.458464e+003;7.311749e-002
1.458947e+003;7.310010e-002
1.459429e+003;7.306792e-002
1.459911e+003;7.302860e-002
1.460393e+003;7.298774e-002
1.460875e+003;7.294846e-002
1.461357e+003;7.291192e-002
1.461839e+003;7.287886e-002
1.462322e+003;7.285051e-002
1.462804e+003;7.282872e-002
1.463286e+003;7.281531e-002
1.463768e+003;7.281102e-002
1.464250e+003;7.281422e-002
1.464732e+003;7.282149e-002
1.465214e+003;7.282815e-002
1.465696e+003;7.282994e-002
1.466179e+003;7.282401e-002
1.466661e+003;7.280992e-002
1.467143e+003;7.278894e-002
1.467625e+003;7.276321e-002
1.468107e+003;7.273500e-002
1.468589e+003;7.270630e-002
1.469071e+003;7.267939e-002
1.469554e+003;7.265735e-002
1.470036e+003;7.264363e-002
1.470518e+003;7.264120e-002
1.471000e+003;7.265203e-002
1.471482e+003;7.267483e-002
1.471964e+003;7.270501e-002
1.472446e+003;7.273581e-002
1.472928e+003;7.276044e-002
1.473411e+003;7.277437e-002
1.473893e+003;7.277766e-002
1.474375e+003;7.277443e-002
1.474857e+003;7.277123e-002
1.475339e+003;7.277443e-002
1.475821e+003;7.278764e-002
1.476303e+003;7.281076e-002
1.476786e+003;7.284041e-002
1.477268e+003;7.287197e-002
1.477750e+003;7.290152e-002
1.478232e+003;7.292876e-002
1.478714e+003;7.295578e-002
1.479196e+003;7.298638e-002
1.479678e+003;7.302445e-002
1.480161e+003;7.307132e-002
1.480643e+003;7.312573e-002
1.481125e+003;7.318382e-002
1.481607e+003;7.324141e-002
1.482089e+003;7.329533e-002
1.482571e+003;7.334495e-002
1.483053e+003;7.339143e-002
1.483536e+003;7.343778e-002
1.484018e+003;7.348599e-002
1.484500e+003;7.353782e-002
1.484982e+003;7.359286e-002
1.485464e+003;7.364986e-002
1.485946e+003;7.370777e-002
1.486428e+003;7.376568e-002
1.486911e+003;7.382442e-002
1.487393e+003;7.388509e-002
1.487875e+003;7.394962e-002
1.488357e+003;7.401893e-002
1.488839e+003;7.409345e-002
1.489321e+003;7.417236e-002
1.489803e+003;7.425344e-002
1.490285e+003;7.433336e-002
1.490768e+003;7.440905e-002
1.491250e+003;7.447667e-002
1.491732e+003;7.453404e-002
1.492214e+003;7.458059e-002
1.492696e+003;7.461835e-002
1.493178e+003;7.465181e-002
1.493660e+003;7.468770e-002
1.494143e+003;7.473264e-002
1.494625e+003;7.479247e-002
1.495107e+003;7.486976e-002
1.495589e+003;7.496330e-002
1.496071e+003;7.506841e-002
1.496553e+003;7.517806e-002
1.497035e+003;7.528549e-002
1.497517e+003;7.538572e-002
1.498000e+003;7.547693e-002
1.498482e+003;7.556012e-002
1.498964e+003;7.563724e-002
1.499446e+003;7.571024e-002
1.499928e+003;7.577980e-002
1.500410e+003;7.584554e-002
1.500892e+003;7.590574e-002
1.501375e+003;7.595951e-002
1.501857e+003;7.600766e-002
1.502339e+003;7.605327e-002
1.502821e+003;7.610185e-002
1.503303e+003;7.616013e-002
1.503785e+003;7.623583e-002
1.504267e+003;7.633496e-002
1.504750e+003;7.646069e-002
1.505232e+003;7.661235e-002
1.505714e+003;7.678422e-002
1.506196e+003;7.696613e-002
1.506678e+003;7.714578e-002
1.507160e+003;7.731117e-002
1.507642e+003;7.745414e-002
1.508125e+003;7.757167e-002
1.508607e+003;7.766687e-002
1.509089e+003;7.774753e-002
1.509571e+003;7.782333e-002
1.510053e+003;7.790342e-002
1.510535e+003;7.799362e-002
1.511017e+003;7.809609e-002
1.511500e+003;7.820859e-002
1.511982e+003;7.832597e-002
1.512464e+003;7.844334e-002
1.512946e+003;7.855770e-002
1.513428e+003;7.866882e-002
1.513910e+003;7.877909e-002
1.514392e+003;7.889260e-002
1.514874e+003;7.901213e-002
1.515357e+003;7.913855e-002
1.515839e+003;7.926979e-002
1.516321e+003;7.940115e-002
1.516803e+003;7.952783e-002
1.517285e+003;7.964684e-002
1.517767e+003;7.975806e-002
1.518249e+003;7.986563e-002
1.518732e+003;7.997631e-002
1.519214e+003;8.009746e-002
1.519696e+003;8.023494e-002
1.520178e+003;8.039066e-002
1.520660e+003;8.056165e-002
1.521142e+003;8.074019e-002
1.521624e+003;8.091679e-002
1.522106e+003;8.108266e-002
1.522589e+003;8.123235e-002
1.523071e+003;8.136605e-002
1.523553e+003;8.148839e-002
1.524035e+003;8.160691e-002
1.524517e+003;8.172928e-002
1.524999e+003;8.186130e-002
1.525481e+003;8.200520e-002
1.525964e+003;8.215925e-002
1.526446e+003;8.231924e-002
1.526928e+003;8.248051e-002
1.527410e+003;8.263919e-002
1.527892e+003;8.279355e-002
1.528374e+003;8.294374e-002
1.528856e+003;8.309067e-002
1.529339e+003;8.323604e-002
1.529821e+003;8.338114e-002
1.530303e+003;8.352739e-002
1.530785e+003;8.367720e-002
1.531267e+003;8.383396e-002
1.531749e+003;8.400165e-002
1.532231e+003;8.418322e-002
1.532714e+003;8.437945e-002
1.533196e+003;8.458666e-002
1.533678e+003;8.479704e-002
1.534160e+003;8.500073e-002
1.534642e+003;8.518957e-002
1.535124e+003;8.535888e-002
1.535606e+003;8.551160e-002
1.536089e+003;8.565620e-002
1.536571e+003;8.580554e-002
1.537053e+003;8.597315e-002
1.537535e+003;8.616947e-002
1.538017e+003;8.639940e-002
1.538499e+003;8.666083e-002
1.538981e+003;8.694606e-002
1.539463e+003;8.724435e-002
1.539946e+003;8.754444e-002
1.540428e+003;8.783803e-002
1.540910e+003;8.812027e-002
1.541392e+003;8.839038e-002
1.541874e+003;8.864922e-002
1.542356e+003;8.890007e-002
1.542838e+003;8.914627e-002
1.543321e+003;8.939175e-002
1.543803e+003;8.963991e-002
1.544285e+003;8.989252e-002
1.544767e+003;9.014971e-002
1.545249e+003;9.040967e-002
1.545731e+003;9.066958e-002
1.546213e+003;9.092725e-002
1.546695e+003;9.118196e-002
1.547178e+003;9.143566e-002
1.547660e+003;9.169169e-002
1.548142e+003;9.195384e-002
1.548624e+003;9.222408e-002
1.549106e+003;9.250198e-002
1.549588e+003;9.278450e-002
1.550070e+003;9.306791e-002
1.550553e+003;9.334981e-002
1.551035e+003;9.363125e-002
1.551517e+003;9.391613e-002
1.551999e+003;9.421015e-002
1.552481e+003;9.451726e-002
1.552963e+003;9.483755e-002
1.553445e+003;9.516544e-002
1.553927e+003;9.549262e-002
1.554410e+003;9.581019e-002
1.554892e+003;9.611388e-002
1.555374e+003;9.640665e-002
1.555856e+003;9.669957e-002
1.556338e+003;9.700868e-002
1.556820e+003;9.735139e-002
1.557302e+003;9.774003e-002
1.557785e+003;9.817824e-002
1.558267e+003;9.865753e-002
1.558749e+003;9.915929e-002
1.559231e+003;9.965929e-002
1.559713e+003;1.001349e-001
1.560195e+003;1.005705e-001
1.560677e+003;1.009621e-001
1.561160e+003;1.013154e-001
1.561642e+003;1.016433e-001
1.562124e+003;1.019625e-001
1.562606e+003;1.022887e-001
1.563088e+003;1.026337e-001
1.563570e+003;1.030034e-001
1.564052e+003;1.033980e-001
1.564535e+003;1.038131e-001
1.565017e+003;1.042411e-001
1.565499e+003;1.046751e-001
1.565981e+003;1.051117e-001
1.566463e+003;1.055514e-001
1.566945e+003;1.059985e-001
1.567427e+003;1.064601e-001
1.567910e+003;1.069421e-001
1.568392e+003;1.074473e-001
1.568874e+003;1.079737e-001
1.569356e+003;1.085151e-001
1.569838e+003;1.090617e-001
1.570320e+003;1.096047e-001
1.570802e+003;1.101371e-001
1.571284e+003;1.106561e-001
1.571767e+003;1.111639e-001
1.572249e+003;1.116669e-001
1.572731e+003;1.121747e-001
1.573213e+003;1.126986e-001
1.573695e+003;1.132499e-001
1.574177e+003;1.138382e-001
1.574659e+003;1.144680e-001
1.575142e+003;1.151369e-001
1.575624e+003;1.158361e-001
1.576106e+003;1.165497e-001
1.576588e+003;1.172603e-001
1.577070e+003;1.179538e-001
1.577552e+003;1.186233e-001
1.578034e+003;1.192719e-001
1.578516e+003;1.199094e-001
1.578999e+003;1.205506e-001
1.579481e+003;1.212088e-001
1.579963e+003;1.218928e-001
1.580445e+003;1.226049e-001
1.580927e+003;1.233416e-001
1.581409e+003;1.240962e-001
1.581891e+003;1.248634e-001
1.582374e+003;1.256405e-001
1.582856e+003;1.264286e-001
1.583338e+003;1.272312e-001
1.583820e+003;1.280516e-001
1.584302e+003;1.288904e-001
1.584784e+003;1.297463e-001
1.585266e+003;1.306159e-001
1.585749e+003;1.314966e-001
1.586231e+003;1.323879e-001
1.586713e+003;1.332915e-001
1.587195e+003;1.342105e-001
1.587677e+003;1.351471e-001
1.588159e+003;1.361016e-001
1.588641e+003;1.370715e-001
1.589124e+003;1.380533e-001
1.589606e+003;1.390440e-001
1.590088e+003;1.400429e-001
1.590570e+003;1.410524e-001
1.591052e+003;1.420763e-001
1.591534e+003;1.431184e-001
1.592016e+003;1.441814e-001
1.592499e+003;1.452661e-001
1.592981e+003;1.463719e-001
1.593463e+003;1.474985e-001
1.593945e+003;1.486475e-001
1.594427e+003;1.498214e-001
1.594909e+003;1.510231e-001
1.595391e+003;1.522529e-001
1.595873e+003;1.535082e-001
1.596356e+003;1.547830e-001
1.596838e+003;1.560708e-001
1.597320e+003;1.573659e-001
1.597802e+003;1.586662e-001
1.598284e+003;1.599739e-001
1.598766e+003;1.612946e-001
1.599248e+003;1.626339e-001
1.599731e+003;1.639958e-001
1.600213e+003;1.653817e-001
1.600695e+003;1.667900e-001
1.601177e+003;1.682191e-001
1.601659e+003;1.696681e-001
1.602141e+003;1.711383e-001
1.602623e+003;1.726321e-001
1.603105e+003;1.741510e-001
1.603588e+003;1.756944e-001
1.604070e+003;1.772589e-001
1.604552e+003;1.788387e-001
1.605034e+003;1.804298e-001
1.605516e+003;1.820290e-001
1.605998e+003;1.836376e-001
1.606480e+003;1.852583e-001
1.606963e+003;1.868941e-001
1.607445e+003;1.885459e-001
1.607927e+003;1.902119e-001
1.608409e+003;1.918887e-001
1.608891e+003;1.935734e-001
1.609373e+003;1.952656e-001
1.609855e+003;1.969677e-001
1.610338e+003;1.986823e-001
1.610820e+003;2.004100e-001
1.611302e+003;2.021475e-001
1.611784e+003;2.038860e-001
1.612266e+003;2.056164e-001
1.612748e+003;2.073316e-001
1.613230e+003;2.090327e-001
1.613713e+003;2.107300e-001
1.614195e+003;2.124409e-001
1.614677e+003;2.141833e-001
1.615159e+003;2.159692e-001
1.615641e+003;2.177977e-001
1.616123e+003;2.196537e-001
1.616605e+003;2.215120e-001
1.617088e+003;2.233442e-001
1.617570e+003;2.251285e-001
1.618052e+003;2.268557e-001
1.618534e+003;2.285286e-001
1.619016e+003;2.301594e-001
1.619498e+003;2.317626e-001
1.619980e+003;2.333504e-001
1.620462e+003;2.349296e-001
1.620945e+003;2.365020e-001
1.621427e+003;2.380654e-001
1.621909e+003;2.396151e-001
1.622391e+003;2.411454e-001
1.622873e+003;2.426489e-001
1.623355e+003;2.441168e-001
1.623837e+003;2.455401e-001
1.624320e+003;2.469112e-001
1.624802e+003;2.482257e-001
1.625284e+003;2.494847e-001
1.625766e+003;2.506940e-001
1.626248e+003;2.518613e-001
1.626730e+003;2.529922e-001
1.627212e+003;2.540875e-001
1.627694e+003;2.551425e-001
1.628177e+003;2.561478e-001
1.628659e+003;2.570941e-001
1.629141e+003;2.579746e-001
1.629623e+003;2.587884e-001
1.630105e+003;2.595392e-001
1.630587e+003;2.602319e-001
1.631069e+003;2.608708e-001
1.631552e+003;2.614581e-001
1.632034e+003;2.619940e-001
1.632516e+003;2.624798e-001
1.632998e+003;2.629185e-001
1.633480e+003;2.633172e-001
1.633962e+003;2.636819e-001
1.634444e+003;2.640148e-001
1.634927e+003;2.643104e-001
1.635409e+003;2.645541e-001
1.635891e+003;2.647269e-001
1.636373e+003;2.648121e-001
1.636855e+003;2.648022e-001
1.637337e+003;2.647023e-001
1.637819e+003;2.645277e-001
1.638302e+003;2.642986e-001
1.638784e+003;2.640308e-001
1.639266e+003;2.637325e-001
1.639748e+003;2.634016e-001
1.640230e+003;2.630293e-001
1.640712e+003;2.626055e-001
1.641194e+003;2.621251e-001
1.641677e+003;2.615895e-001
1.642159e+003;2.610063e-001
1.642641e+003;2.603852e-001
1.643123e+003;2.597339e-001
1.643605e+003;2.590553e-001
1.644087e+003;2.583485e-001
1.644569e+003;2.576114e-001
1.645051e+003;2.568428e-001
1.645534e+003;2.560445e-001
1.646016e+003;2.552187e-001
1.646498e+003;2.543656e-001
1.646980e+003;2.534813e-001
1.647462e+003;2.525571e-001
1.647944e+003;2.515836e-001
1.648426e+003;2.505553e-001
1.648909e+003;2.494743e-001
1.649391e+003;2.483516e-001
1.649873e+003;2.472048e-001
1.650355e+003;2.460523e-001
1.650837e+003;2.449078e-001
1.651319e+003;2.437769e-001
1.651801e+003;2.426547e-001
1.652283e+003;2.415285e-001
1.652766e+003;2.403826e-001
1.653248e+003;2.392038e-001
1.653730e+003;2.379858e-001
1.654212e+003;2.367285e-001
1.654694e+003;2.354364e-001
1.655176e+003;2.341148e-001
1.655658e+003;2.327690e-001
1.656141e+003;2.314035e-001
1.656623e+003;2.300228e-001
1.657105e+003;2.286322e-001
1.657587e+003;2.272372e-001
1.658069e+003;2.258410e-001
1.658551e+003;2.244449e-001
1.659033e+003;2.230467e-001
1.659516e+003;2.216427e-001
1.659998e+003;2.202306e-001
1.660480e+003;2.188094e-001
1.660962e+003;2.173820e-001
1.661444e+003;2.159527e-001
1.661926e+003;2.145247e-001
1.662408e+003;2.130978e-001
1.662891e+003;2.116674e-001
1.663373e+003;2.102270e-001
1.663855e+003;2.087712e-001
1.664337e+003;2.072977e-001
1.664819e+003;2.058100e-001
1.665301e+003;2.043157e-001
1.665783e+003;2.028234e-001
1.666266e+003;2.013394e-001
1.666748e+003;1.998662e-001
1.667230e+003;1.984019e-001
1.667712e+003;1.969418e-001
1.668194e+003;1.954811e-001
1.668676e+003;1.940166e-001
1.669158e+003;1.925465e-001
1.669640e+003;1.910703e-001
1.670123e+003;1.895879e-001
1.670605e+003;1.880982e-001
1.671087e+003;1.866011e-001
1.671569e+003;1.850985e-001
1.672051e+003;1.835949e-001
1.672533e+003;1.820973e-001
1.673015e+003;1.806130e-001
1.673498e+003;1.791465e-001
1.673980e+003;1.776974e-001
1.674462e+003;1.762599e-001
1.674944e+003;1.748249e-001
1.675426e+003;1.733830e-001
1.675908e+003;1.719292e-001
1.676390e+003;1.704641e-001
1.676872e+003;1.689927e-001
1.677355e+003;1.675222e-001
1.677837e+003;1.660579e-001
1.678319e+003;1.646015e-001
1.678801e+003;1.631518e-001
1.679283e+003;1.617065e-001
1.679765e+003;1.602645e-001
1.680247e+003;1.588284e-001
1.680730e+003;1.574029e-001
1.681212e+003;1.559941e-001
1.681694e+003;1.546063e-001
1.682176e+003;1.532399e-001
1.682658e+003;1.518915e-001
1.683140e+003;1.505539e-001
1.683622e+003;1.492204e-001
1.684104e+003;1.478852e-001
1.684587e+003;1.465448e-001
1.685069e+003;1.451985e-001
1.685551e+003;1.438472e-001
1.686033e+003;1.424921e-001
1.686515e+003;1.411355e-001
1.686997e+003;1.397797e-001
1.687479e+003;1.384291e-001
1.687962e+003;1.370879e-001
1.688444e+003;1.357602e-001
1.688926e+003;1.344475e-001
1.689408e+003;1.331477e-001
1.689890e+003;1.318557e-001
1.690372e+003;1.305661e-001
1.690854e+003;1.292746e-001
1.691337e+003;1.279822e-001
1.691819e+003;1.266941e-001
1.692301e+003;1.254197e-001
1.692783e+003;1.241684e-001
1.693265e+003;1.229466e-001
1.693747e+003;1.217553e-001
1.694229e+003;1.205903e-001
1.694712e+003;1.194429e-001
1.695194e+003;1.183036e-001
1.695676e+003;1.171637e-001
1.696158e+003;1.160192e-001
1.696640e+003;1.148701e-001
1.697122e+003;1.137201e-001
1.697604e+003;1.125750e-001
1.698087e+003;1.114412e-001
1.698569e+003;1.103249e-001
1.699051e+003;1.092300e-001
1.699533e+003;1.081587e-001
1.700015e+003;1.071089e-001
1.700497e+003;1.060751e-001
1.700979e+003;1.050495e-001
1.701461e+003;1.040249e-001
1.701944e+003;1.029978e-001
1.702426e+003;1.019691e-001
1.702908e+003;1.009452e-001
1.703390e+003;9.993389e-002
1.703872e+003;9.894203e-002
1.704354e+003;9.797236e-002
1.704836e+003;9.702304e-002
1.705319e+003;9.608746e-002
1.705801e+003;9.515823e-002
1.706283e+003;9.423038e-002
1.706765e+003;9.330378e-002
1.707247e+003;9.238257e-002
1.707729e+003;9.147266e-002
1.708211e+003;9.057865e-002
1.708693e+003;8.970152e-002
1.709176e+003;8.883840e-002
1.709658e+003;8.798514e-002
1.710140e+003;8.713780e-002
1.710622e+003;8.629695e-002
1.711104e+003;8.546553e-002
1.711586e+003;8.464785e-002
1.712068e+003;8.384700e-002
1.712551e+003;8.306229e-002
1.713033e+003;8.229023e-002
1.713515e+003;8.152612e-002
1.713997e+003;8.076777e-002
1.714479e+003;8.001728e-002
1.714961e+003;7.928143e-002
1.715443e+003;7.856853e-002
1.715926e+003;7.788404e-002
1.716408e+003;7.722776e-002
1.716890e+003;7.659177e-002
1.717372e+003;7.596348e-002
1.717854e+003;7.533067e-002
1.718336e+003;7.468504e-002
1.718818e+003;7.402635e-002
1.719301e+003;7.336032e-002
1.719783e+003;7.269584e-002
1.720265e+003;7.204150e-002
1.720747e+003;7.140123e-002
1.721229e+003;7.077646e-002
1.721711e+003;7.016502e-002
1.722193e+003;6.956487e-002
1.722676e+003;6.897508e-002
1.723158e+003;6.839589e-002
1.723640e+003;6.782760e-002
1.724122e+003;6.726988e-002
1.724604e+003;6.672071e-002
1.725086e+003;6.617741e-002
1.725568e+003;6.563788e-002
1.726050e+003;6.510314e-002
1.726533e+003;6.457637e-002
1.727015e+003;6.406144e-002
1.727497e+003;6.356157e-002
1.727979e+003;6.307601e-002
1.728461e+003;6.260055e-002
1.728943e+003;6.212829e-002
1.729425e+003;6.165347e-002
1.729908e+003;6.117393e-002
1.730390e+003;6.069367e-002
1.730872e+003;6.022025e-002
1.731354e+003;5.976339e-002
1.731836e+003;5.933083e-002
1.732318e+003;5.892513e-002
1.732800e+003;5.854294e-002
1.733282e+003;5.817557e-002
1.733765e+003;5.781252e-002
1.734247e+003;5.744406e-002
1.734729e+003;5.706448e-002
1.735211e+003;5.667273e-002
1.735693e+003;5.627220e-002
1.736175e+003;5.586868e-002
1.736657e+003;5.546949e-002
1.737140e+003;5.508183e-002
1.737622e+003;5.471153e-002
1.738104e+003;5.436191e-002
1.738586e+003;5.403297e-002
1.739068e+003;5.371955e-002
1.739550e+003;5.341405e-002
1.740032e+003;5.310741e-002
1.740515e+003;5.279262e-002
1.740997e+003;5.246697e-002
1.741479e+003;5.213282e-002
1.741961e+003;5.179635e-002
1.742443e+003;5.146478e-002
1.742925e+003;5.114351e-002
1.743407e+003;5.083387e-002
1.743890e+003;5.053291e-002
1.744372e+003;5.023590e-002
1.744854e+003;4.993838e-002
1.745336e+003;4.963925e-002
1.745818e+003;4.934034e-002
1.746300e+003;4.904588e-002
1.746782e+003;4.875971e-002
1.747265e+003;4.848423e-002
1.747747e+003;4.821857e-002
1.748229e+003;4.796052e-002
1.748711e+003;4.770815e-002
1.749193e+003;4.746041e-002
1.749675e+003;4.721862e-002
1.750157e+003;4.698341e-002
1.750639e+003;4.675401e-002
1.751122e+003;4.652648e-002
1.751604e+003;4.629574e-002
1.752086e+003;4.605557e-002
1.752568e+003;4.580382e-002
1.753050e+003;4.554226e-002
1.753532e+003;4.527726e-002
1.754014e+003;4.501677e-002
1.754497e+003;4.476770e-002
1.754979e+003;4.453231e-002
1.755461e+003;4.430786e-002
1.755943e+003;4.408759e-002
1.756425e+003;4.386542e-002
1.756907e+003;4.363709e-002
1.757389e+003;4.340359e-002
1.757871e+003;4.317040e-002
1.758354e+003;4.294350e-002
1.758836e+003;4.272833e-002
1.759318e+003;4.252622e-002
1.759800e+003;4.233532e-002
1.760282e+003;4.215208e-002
1.760764e+003;4.197291e-002
1.761246e+003;4.179640e-002
1.761729e+003;4.162235e-002
1.762211e+003;4.145114e-002
1.762693e+003;4.128179e-002
1.763175e+003;4.111208e-002
1.763657e+003;4.093855e-002
1.764139e+003;4.075916e-002
1.764621e+003;4.057387e-002
1.765104e+003;4.038691e-002
1.765586e+003;4.020372e-002
1.766068e+003;4.002916e-002
1.766550e+003;3.986540e-002
1.767032e+003;3.971022e-002
1.767514e+003;3.955770e-002
1.767996e+003;3.940130e-002
1.768479e+003;3.923713e-002
1.768961e+003;3.906612e-002
1.769443e+003;3.889433e-002
1.769925e+003;3.872949e-002
1.770407e+003;3.857788e-002
1.770889e+003;3.844267e-002
1.771371e+003;3.832043e-002
1.771854e+003;3.820418e-002
1.772336e+003;3.808517e-002
1.772818e+003;3.795674e-002
1.773300e+003;3.781622e-002
1.773782e+003;3.766503e-002
1.774264e+003;3.750774e-002
1.774746e+003;3.734984e-002
1.775228e+003;3.719614e-002
1.775711e+003;3.704992e-002
1.776193e+003;3.691353e-002
1.776675e+003;3.678776e-002
1.777157e+003;3.667312e-002
1.777639e+003;3.656881e-002
1.778121e+003;3.647267e-002
1.778603e+003;3.638119e-002
1.779086e+003;3.628935e-002
1.779568e+003;3.619264e-002
1.780050e+003;3.608793e-002
1.780532e+003;3.597532e-002
1.781014e+003;3.585660e-002
1.781496e+003;3.573574e-002
1.781978e+003;3.561693e-002
1.782460e+003;3.550295e-002
1.782943e+003;3.539555e-002
1.783425e+003;3.529403e-002
1.783907e+003;3.519711e-002
1.784389e+003;3.510375e-002
1.784871e+003;3.501224e-002
1.785353e+003;3.492157e-002
1.785835e+003;3.482968e-002
1.786318e+003;3.473453e-002
1.786800e+003;3.463352e-002
1.787282e+003;3.452577e-002
1.787764e+003;3.441124e-002
1.788246e+003;3.429313e-002
1.788728e+003;3.417564e-002
1.789210e+003;3.406431e-002
1.789693e+003;3.396358e-002
1.790175e+003;3.387664e-002
1.790657e+003;3.380377e-002
1.791139e+003;3.374264e-002
1.791621e+003;3.368918e-002
1.792103e+003;3.363723e-002
1.792585e+003;3.358123e-002
1.793068e+003;3.351564e-002
1.793550e+003;3.343656e-002
1.794032e+003;3.334206e-002
1.794514e+003;3.323305e-002
1.794996e+003;3.311308e-002
1.795478e+003;3.298753e-002
1.795960e+003;3.286393e-002
1.796442e+003;3.274846e-002
1.796925e+003;3.264593e-002
1.797407e+003;3.255869e-002
1.797889e+003;3.248563e-002
1.798371e+003;3.242453e-002
1.798853e+003;3.237164e-002
1.799335e+003;3.232371e-002
1.799817e+003;3.227818e-002
1.800300e+003;3.223268e-002
1.800782e+003;3.218492e-002
1.801264e+003;3.213265e-002
1.801746e+003;3.207390e-002
1.802228e+003;3.200788e-002
1.802710e+003;3.193513e-002
1.803192e+003;3.185829e-002
1.803674e+003;3.178054e-002
1.804157e+003;3.170456e-002
1.804639e+003;3.163172e-002
1.805121e+003;3.156177e-002
1.805603e+003;3.149303e-002
1.806085e+003;3.142346e-002
1.806567e+003;3.135278e-002
1.807049e+003;3.128132e-002
1.807532e+003;3.121071e-002
1.808014e+003;3.114212e-002
1.808496e+003;3.107498e-002
1.808978e+003;3.100732e-002
1.809460e+003;3.093581e-002
1.809942e+003;3.085842e-002
1.810424e+003;3.077412e-002
1.810906e+003;3.068492e-002
1.811389e+003;3.059306e-002
1.811871e+003;3.050016e-002
1.812353e+003;3.040416e-002
1.812835e+003;3.030143e-002
1.813317e+003;3.018663e-002
1.813799e+003;3.005678e-002
1.814281e+003;2.991415e-002
1.814764e+003;2.976872e-002
1.815246e+003;2.963522e-002
1.815728e+003;2.953060e-002
1.816210e+003;2.946835e-002
1.816692e+003;2.945412e-002
1.817174e+003;2.948393e-002
1.817656e+003;2.954553e-002
1.818139e+003;2.962260e-002
1.818621e+003;2.969865e-002
1.819103e+003;2.976172e-002
1.819585e+003;2.980454e-002
1.820067e+003;2.982428e-002
1.820549e+003;2.982027e-002
1.821031e+003;2.979352e-002
1.821514e+003;2.974577e-002
1.821996e+003;2.968074e-002
1.822478e+003;2.960465e-002
1.822960e+003;2.952608e-002
1.823442e+003;2.945393e-002
1.823924e+003;2.939461e-002
1.824406e+003;2.935044e-002
1.824889e+003;2.931879e-002
1.825371e+003;2.929402e-002
1.825853e+003;2.926912e-002
1.826335e+003;2.923968e-002
1.826817e+003;2.920469e-002
1.827299e+003;2.916598e-002
1.827781e+003;2.912668e-002
1.828263e+003;2.908855e-002
1.828746e+003;2.905179e-002
1.829228e+003;2.901387e-002
1.829710e+003;2.897291e-002
1.830192e+003;2.892778e-002
1.830674e+003;2.888005e-002
1.831156e+003;2.883304e-002
1.831638e+003;2.879016e-002
1.832121e+003;2.875293e-002
1.832603e+003;2.872096e-002
1.833085e+003;2.869143e-002
1.833567e+003;2.866213e-002
1.834049e+003;2.863180e-002
1.834531e+003;2.860165e-002
1.835013e+003;2.857375e-002
1.835495e+003;2.854993e-002
1.835978e+003;2.853044e-002
1.836460e+003;2.851265e-002
1.836942e+003;2.849326e-002
1.837424e+003;2.846894e-002
1.837906e+003;2.843848e-002
1.838388e+003;2.840409e-002
1.838870e+003;2.836823e-002
1.839353e+003;2.833443e-002
1.839835e+003;2.830314e-002
1.840317e+003;2.827373e-002
1.840799e+003;2.824259e-002
1.841281e+003;2.820872e-002
1.841763e+003;2.817223e-002
1.842245e+003;2.813706e-002
1.842728e+003;2.810800e-002
1.843210e+003;2.808960e-002
1.843692e+003;2.808259e-002
1.844174e+003;2.808436e-002
1.844656e+003;2.808950e-002
1.845138e+003;2.809253e-002
1.845620e+003;2.809081e-002
1.846103e+003;2.808548e-002
1.846585e+003;2.808027e-002
1.847067e+003;2.807866e-002
1.847549e+003;2.808238e-002
1.848031e+003;2.808907e-002
1.848513e+003;2.809431e-002
1.848995e+003;2.809187e-002
1.849478e+003;2.807844e-002
1.849960e+003;2.805408e-002
1.850442e+003;2.802153e-002
1.850924e+003;2.798507e-002
1.851406e+003;2.794790e-002
1.851888e+003;2.791103e-002
1.852370e+003;2.787273e-002
1.852852e+003;2.783162e-002
1.853335e+003;2.778769e-002
1.853817e+003;2.774355e-002
1.854299e+003;2.770339e-002
1.854781e+003;2.767262e-002
1.855263e+003;2.765411e-002
1.855745e+003;2.764844e-002
1.856227e+003;2.765244e-002
1.856710e+003;2.766179e-002
1.857192e+003;2.767254e-002
1.857674e+003;2.768144e-002
1.858156e+003;2.768678e-002
1.858638e+003;2.768714e-002
1.859120e+003;2.767991e-002
1.859602e+003;2.766319e-002
1.860084e+003;2.763515e-002
1.860567e+003;2.759670e-002
1.861049e+003;2.755243e-002
1.861531e+003;2.751004e-002
1.862013e+003;2.747798e-002
1.862495e+003;2.746230e-002
1.862977e+003;2.746417e-002
1.863459e+003;2.747945e-002
1.863942e+003;2.749954e-002
1.864424e+003;2.751617e-002
1.864906e+003;2.752284e-002
1.865388e+003;2.751794e-002
1.865870e+003;2.750324e-002
1.866352e+003;2.748303e-002
1.866834e+003;2.746063e-002
1.867317e+003;2.743687e-002
1.867799e+003;2.741195e-002
1.868281e+003;2.738451e-002
1.868763e+003;2.735661e-002
1.869245e+003;2.733126e-002
1.869727e+003;2.731280e-002
1.870209e+003;2.730383e-002
1.870692e+003;2.730285e-002
1.871174e+003;2.730450e-002
1.871656e+003;2.730012e-002
1.872138e+003;2.728265e-002
1.872620e+003;2.724829e-002
1.873102e+003;2.720037e-002
1.873584e+003;2.714620e-002
1.874067e+003;2.709630e-002
1.874549e+003;2.705916e-002
1.875031e+003;2.703870e-002
1.875513e+003;2.703454e-002
1.875995e+003;2.704226e-002
1.876477e+003;2.705666e-002
1.876959e+003;2.707474e-002
1.877441e+003;2.709533e-002
1.877924e+003;2.711863e-002
1.878406e+003;2.714469e-002
1.878888e+003;2.717258e-002
1.879370e+003;2.719868e-002
1.879852e+003;2.722014e-002
1.880334e+003;2.723434e-002
1.880816e+003;2.724113e-002
1.881299e+003;2.724238e-002
1.881781e+003;2.724020e-002
1.882263e+003;2.723635e-002
1.882745e+003;2.723081e-002
1.883227e+003;2.722217e-002
1.883709e+003;2.720979e-002
1.884191e+003;2.719494e-002
1.884673e+003;2.718123e-002
1.885156e+003;2.717341e-002
1.885638e+003;2.717544e-002
1.886120e+003;2.718788e-002
1.886602e+003;2.720802e-002
1.887084e+003;2.722964e-002
1.887566e+003;2.724585e-002
1.888048e+003;2.725131e-002
1.888531e+003;2.724482e-002
1.889013e+003;2.722687e-002
1.889495e+003;2.720048e-002
1.889977e+003;2.716800e-002
1.890459e+003;2.713129e-002
1.890941e+003;2.709205e-002
1.891423e+003;2.705290e-002
1.891906e+003;2.701846e-002
1.892388e+003;2.699593e-002
1.892870e+003;2.699095e-002
1.893352e+003;2.700748e-002
1.893834e+003;2.704341e-002
1.894316e+003;2.709162e-002
1.894798e+003;2.714121e-002
1.895281e+003;2.718219e-002
1.895763e+003;2.720851e-002
1.896245e+003;2.721952e-002
1.896727e+003;2.721963e-002
1.897209e+003;2.721446e-002
1.897691e+003;2.720773e-002
1.898173e+003;2.719995e-002
1.898656e+003;2.718807e-002
1.899138e+003;2.716863e-002
1.899620e+003;2.713969e-002
1.900102e+003;2.710455e-002
1.900584e+003;2.706795e-002
1.901066e+003;2.703713e-002
1.901548e+003;2.701697e-002
1.902030e+003;2.700884e-002
1.902513e+003;2.701022e-002
1.902995e+003;2.701837e-002
1.903477e+003;2.702952e-002
1.903959e+003;2.704334e-002
1.904441e+003;2.706068e-002
1.904923e+003;2.708195e-002
1.905405e+003;2.710719e-002
1.905888e+003;2.713227e-002
1.906370e+003;2.715309e-002
1.906852e+003;2.716708e-002
1.907334e+003;2.717506e-002
1.907816e+003;2.718310e-002
1.908298e+003;2.719945e-002
1.908780e+003;2.723194e-002
1.909262e+003;2.728406e-002
1.909745e+003;2.735360e-002
1.910227e+003;2.743207e-002
1.910709e+003;2.751000e-002
1.911191e+003;2.757802e-002
1.911673e+003;2.763094e-002
1.912155e+003;2.766712e-002
1.912637e+003;2.768616e-002
1.913120e+003;2.768835e-002
1.913602e+003;2.767297e-002
1.914084e+003;2.763812e-002
1.914566e+003;2.758527e-002
1.915048e+003;2.751974e-002
1.915530e+003;2.745155e-002
1.916012e+003;2.739226e-002
1.916495e+003;2.735230e-002
1.916977e+003;2.733633e-002
1.917459e+003;2.734131e-002
1.917941e+003;2.735751e-002
1.918423e+003;2.737338e-002
1.918905e+003;2.737941e-002
1.919387e+003;2.737176e-002
1.919870e+003;2.735182e-002
1.920352e+003;2.732522e-002
1.920834e+003;2.729670e-002
1.921316e+003;2.726941e-002
1.921798e+003;2.724409e-002
1.922280e+003;2.722052e-002
1.922762e+003;2.720043e-002
1.923245e+003;2.718816e-002
1.923727e+003;2.718957e-002
1.924209e+003;2.720864e-002
1.924691e+003;2.724438e-002
1.925173e+003;2.729028e-002
1.925655e+003;2.733549e-002
1.926137e+003;2.736877e-002
1.926619e+003;2.738215e-002
1.927102e+003;2.737594e-002
1.927584e+003;2.735329e-002
1.928066e+003;2.732258e-002
1.928548e+003;2.728762e-002
1.929030e+003;2.725060e-002
1.929512e+003;2.720854e-002
1.929994e+003;2.715932e-002
1.930477e+003;2.710406e-002
1.930959e+003;2.704931e-002
1.931441e+003;2.700630e-002
1.931923e+003;2.698508e-002
1.932405e+003;2.699029e-002
1.932887e+003;2.701832e-002
1.933369e+003;2.705602e-002
1.933851e+003;2.708759e-002
1.934334e+003;2.709838e-002
1.934816e+003;2.708256e-002
1.935298e+003;2.704228e-002
1.935780e+003;2.698722e-002
1.936262e+003;2.692764e-002
1.936744e+003;2.687364e-002
1.937226e+003;2.682971e-002
1.937709e+003;2.679747e-002
1.938191e+003;2.677789e-002
1.938673e+003;2.677374e-002
1.939155e+003;2.678836e-002
1.939637e+003;2.682461e-002
1.940119e+003;2.687979e-002
1.940601e+003;2.694583e-002
1.941083e+003;2.700876e-002
1.941566e+003;2.705520e-002
1.942048e+003;2.707348e-002
1.942530e+003;2.706251e-002
1.943012e+003;2.702663e-002
1.943494e+003;2.697555e-002
1.943976e+003;2.691946e-002
1.944458e+003;2.686601e-002
1.944941e+003;2.681733e-002
1.945423e+003;2.677640e-002
1.945905e+003;2.674783e-002
1.946387e+003;2.674088e-002
1.946869e+003;2.676648e-002
1.947351e+003;2.683305e-002
1.947833e+003;2.693950e-002
1.948316e+003;2.707373e-002
1.948798e+003;2.721298e-002
1.949280e+003;2.733211e-002
1.949762e+003;2.741140e-002
1.950244e+003;2.744421e-002
1.950726e+003;2.743644e-002
1.951208e+003;2.740342e-002
1.951691e+003;2.736270e-002
1.952173e+003;2.732464e-002
1.952655e+003;2.728889e-002
1.953137e+003;2.724791e-002
1.953619e+003;2.719027e-002
1.954101e+003;2.710994e-002
1.954583e+003;2.700604e-002
1.955066e+003;2.688612e-002
1.955548e+003;2.675994e-002
1.956030e+003;2.663639e-002
1.956512e+003;2.652135e-002
1.956994e+003;2.642038e-002
1.957476e+003;2.633731e-002
1.957958e+003;2.628384e-002
1.958440e+003;2.627098e-002
1.958923e+003;2.631078e-002
1.959405e+003;2.640531e-002
1.959887e+003;2.654512e-002
1.960369e+003;2.670700e-002
1.960851e+003;2.686396e-002
1.961333e+003;2.699062e-002
1.961815e+003;2.707724e-002
1.962298e+003;2.712847e-002
1.962780e+003;2.716105e-002
1.963262e+003;2.719552e-002
1.963744e+003;2.724708e-002
1.964226e+003;2.731411e-002
1.964708e+003;2.738736e-002
1.965190e+003;2.744687e-002
1.965672e+003;2.747680e-002
1.966155e+003;2.746827e-002
1.966637e+003;2.742205e-002
1.967119e+003;2.734734e-002
1.967601e+003;2.725469e-002
1.968083e+003;2.715453e-002
1.968565e+003;2.705460e-002
1.969047e+003;2.696332e-002
1.969530e+003;2.689261e-002
1.970012e+003;2.685764e-002
1.970494e+003;2.687310e-002
1.970976e+003;2.694484e-002
1.971458e+003;2.706665e-002
1.971940e+003;2.721369e-002
1.972422e+003;2.735278e-002
1.972905e+003;2.744694e-002
1.973387e+003;2.747761e-002
1.973869e+003;2.744807e-002
1.974351e+003;2.739188e-002
1.974833e+003;2.736946e-002
1.975315e+003;2.745297e-002
1.975797e+003;2.770454e-002
1.976280e+003;2.816123e-002
1.976762e+003;2.881607e-002
1.977244e+003;2.962007e-002
1.977726e+003;3.048380e-002
1.978208e+003;3.130319e-002
1.978690e+003;3.198458e-002
1.979172e+003;3.246521e-002
1.979655e+003;3.272410e-002
1.980137e+003;3.278298e-002
1.980619e+003;3.269376e-002
1.981101e+003;3.252534e-002
1.981583e+003;3.234542e-002
1.982065e+003;3.220629e-002
1.982547e+003;3.213932e-002
1.983029e+003;3.215088e-002
1.983512e+003;3.222809e-002
1.983994e+003;3.234532e-002
1.984476e+003;3.247341e-002
1.984958e+003;3.258675e-002
1.985440e+003;3.266463e-002
1.985922e+003;3.269273e-002
1.986404e+003;3.266121e-002
1.986887e+003;3.256878e-002
1.987369e+003;3.241880e-002
1.987851e+003;3.222666e-002
1.988333e+003;3.201381e-002
1.988815e+003;3.181063e-002
1.989297e+003;3.164610e-002
1.989779e+003;3.154456e-002
1.990261e+003;3.151834e-002
1.990744e+003;3.156833e-002
1.991226e+003;3.168191e-002
1.991708e+003;3.184225e-002
1.992190e+003;3.202715e-002
1.992672e+003;3.222018e-002
1.993154e+003;3.240334e-002
1.993636e+003;3.256227e-002
1.994119e+003;3.268575e-002
1.994601e+003;3.276606e-002
1.995083e+003;3.279958e-002
1.995565e+003;3.279302e-002
1.996047e+003;3.275822e-002
1.996529e+003;3.271338e-002
1.997011e+003;3.267222e-002
1.997494e+003;3.264011e-002
1.997976e+003;3.260991e-002
1.998458e+003;3.256552e-002
1.998940e+003;3.248646e-002
1.999422e+003;3.235923e-002
1.999904e+003;3.218163e-002
2.000386e+003;3.196869e-002
2.000869e+003;3.174284e-002
2.001351e+003;3.152829e-002
2.001833e+003;3.133982e-002
2.002315e+003;3.118080e-002
2.002797e+003;3.104106e-002
2.003279e+003;3.091137e-002
2.003761e+003;3.078640e-002
2.004244e+003;3.067932e-002
2.004726e+003;3.061625e-002
2.005208e+003;3.062898e-002
2.005690e+003;3.074574e-002
2.006172e+003;3.097495e-002
2.006654e+003;3.129813e-002
2.007136e+003;3.167640e-002
2.007618e+003;3.205577e-002
2.008101e+003;3.238747e-002
2.008583e+003;3.263523e-002
2.009065e+003;3.278391e-002
2.009547e+003;3.283796e-002
2.010029e+003;3.281901e-002
2.010511e+003;3.275537e-002
2.010993e+003;3.267897e-002
2.011476e+003;3.261540e-002
2.011958e+003;3.258467e-002
2.012440e+003;3.259407e-002
2.012922e+003;3.263996e-002
2.013404e+003;3.271059e-002
2.013886e+003;3.278873e-002
2.014368e+003;3.285722e-002
2.014850e+003;3.290744e-002
2.015333e+003;3.293653e-002
2.015815e+003;3.295114e-002
2.016297e+003;3.295728e-002
2.016779e+003;3.296059e-002
2.017261e+003;3.295792e-002
2.017743e+003;3.294247e-002
2.018225e+003;3.290666e-002
2.018708e+003;3.285037e-002
2.019190e+003;3.277923e-002
2.019672e+003;3.270912e-002
2.020154e+003;3.265670e-002
2.020636e+003;3.263169e-002
2.021118e+003;3.263461e-002
2.021600e+003;3.265721e-002
2.022083e+003;3.268592e-002
2.022565e+003;3.271778e-002
2.023047e+003;3.275703e-002
2.023529e+003;3.282254e-002
2.024011e+003;3.293458e-002
2.024493e+003;3.310637e-002
2.024975e+003;3.333305e-002
2.025458e+003;3.358784e-002
2.025940e+003;3.382908e-002
2.026422e+003;3.401437e-002
2.026904e+003;3.411113e-002
2.027386e+003;3.411002e-002
2.027868e+003;3.402454e-002
2.028350e+003;3.388442e-002
2.028833e+003;3.372895e-002
2.029315e+003;3.359557e-002
2.029797e+003;3.351559e-002
2.030279e+003;3.351461e-002
2.030761e+003;3.360973e-002
2.031243e+003;3.381553e-002
2.031725e+003;3.413398e-002
2.032207e+003;3.455575e-002
2.032690e+003;3.504897e-002
2.033172e+003;3.557159e-002
2.033654e+003;3.607376e-002
2.034136e+003;3.651540e-002
2.034618e+003;3.687359e-002
2.035100e+003;3.715220e-002
2.035582e+003;3.737149e-002
2.036065e+003;3.756172e-002
2.036547e+003;3.774764e-002
2.037029e+003;3.794227e-002
2.037511e+003;3.814097e-002
2.037993e+003;3.833113e-002
2.038475e+003;3.849694e-002
2.038957e+003;3.862904e-002
2.039439e+003;3.872317e-002
2.039922e+003;3.878069e-002
2.040404e+003;3.880652e-002
2.040886e+003;3.880333e-002
2.041368e+003;3.877392e-002
2.041850e+003;3.872449e-002
2.042332e+003;3.866534e-002
2.042814e+003;3.861494e-002
2.043297e+003;3.859358e-002
2.043779e+003;3.861938e-002
2.044261e+003;3.870397e-002
2.044743e+003;3.884729e-002
2.045225e+003;3.904621e-002
2.045707e+003;3.929499e-002
2.046189e+003;3.959385e-002
2.046672e+003;3.995110e-002
2.047154e+003;4.037190e-002
2.047636e+003;4.085090e-002
2.048118e+003;4.135838e-002
2.048600e+003;4.184120e-002
2.049082e+003;4.223171e-002
2.049564e+003;4.246776e-002
2.050047e+003;4.251153e-002
2.050529e+003;4.236782e-002
2.051011e+003;4.208199e-002
2.051493e+003;4.172958e-002
2.051975e+003;4.139873e-002
2.052457e+003;4.116642e-002
2.052939e+003;4.107971e-002
2.053422e+003;4.114629e-002
2.053904e+003;4.133470e-002
2.054386e+003;4.158900e-002
2.054868e+003;4.184233e-002
2.055350e+003;4.204023e-002
2.055832e+003;4.215170e-002
2.056314e+003;4.217359e-002
2.056796e+003;4.212511e-002
2.057279e+003;4.203873e-002
2.057761e+003;4.194775e-002
2.058243e+003;4.188082e-002
2.058725e+003;4.185431e-002
2.059207e+003;4.187449e-002
2.059689e+003;4.193972e-002
2.060171e+003;4.204296e-002
2.060654e+003;4.217469e-002
2.061136e+003;4.232625e-002
2.061618e+003;4.248792e-002
2.062100e+003;4.265169e-002
2.062582e+003;4.281011e-002
2.063064e+003;4.295651e-002
2.063546e+003;4.308772e-002
2.064029e+003;4.320126e-002
2.064511e+003;4.329800e-002
2.064993e+003;4.337985e-002
2.065475e+003;4.344665e-002
2.065957e+003;4.349983e-002
2.066439e+003;4.353902e-002
2.066921e+003;4.356485e-002
2.067404e+003;4.358141e-002
2.067886e+003;4.359733e-002
2.068368e+003;4.362246e-002
2.068850e+003;4.366954e-002
2.069332e+003;4.374731e-002
2.069814e+003;4.385832e-002
2.070296e+003;4.399733e-002
2.070779e+003;4.415154e-002
2.071260e+003;4.430449e-002
2.071743e+003;4.444201e-002
2.072225e+003;4.455393e-002
2.072707e+003;4.463993e-002
2.073189e+003;4.470388e-002
2.073671e+003;4.475471e-002
2.074153e+003;4.479834e-002
2.074635e+003;4.483686e-002
2.075118e+003;4.486874e-002
2.075600e+003;4.489283e-002
2.076082e+003;4.490912e-002
2.076564e+003;4.492554e-002
2.077046e+003;4.495340e-002
2.077528e+003;4.500965e-002
2.078010e+003;4.510579e-002
2.078493e+003;4.524679e-002
2.078975e+003;4.542620e-002
2.079457e+003;4.562906e-002
2.079939e+003;4.583508e-002
2.080421e+003;4.602681e-002
2.080903e+003;4.618963e-002
2.081385e+003;4.631785e-002
2.081868e+003;4.641100e-002
2.082350e+003;4.647063e-002
2.082832e+003;4.649969e-002
2.083314e+003;4.649977e-002
2.083796e+003;4.647158e-002
2.084278e+003;4.641937e-002
2.084760e+003;4.634940e-002
2.085243e+003;4.627323e-002
2.085725e+003;4.620298e-002
2.086207e+003;4.614892e-002
2.086689e+003;4.611593e-002
2.087171e+003;4.610178e-002
2.087653e+003;4.609685e-002
2.088135e+003;4.608930e-002
2.088617e+003;4.606622e-002
2.089100e+003;4.601984e-002
2.089582e+003;4.594576e-002
2.090064e+003;4.584578e-002
2.090546e+003;4.572705e-002
2.091028e+003;4.560011e-002
2.091510e+003;4.547939e-002
2.091992e+003;4.538035e-002
2.092475e+003;4.532179e-002
2.092957e+003;4.532014e-002
2.093439e+003;4.538789e-002
2.093921e+003;4.552890e-002
2.094403e+003;4.573522e-002
2.094885e+003;4.598877e-002
2.095367e+003;4.626317e-002
2.095850e+003;4.653038e-002
2.096332e+003;4.676605e-002
2.096814e+003;4.695543e-002
2.097296e+003;4.709296e-002
2.097778e+003;4.718248e-002
2.098260e+003;4.723257e-002
2.098742e+003;4.725492e-002
2.099225e+003;4.725875e-002
2.099707e+003;4.725304e-002
2.100189e+003;4.724453e-002
2.100671e+003;4.723948e-002
2.101153e+003;4.724291e-002
2.101635e+003;4.725904e-002
2.102117e+003;4.729028e-002
2.102600e+003;4.733524e-002
2.103082e+003;4.738983e-002
2.103564e+003;4.744812e-002
2.104046e+003;4.750269e-002
2.104528e+003;4.754861e-002
2.105010e+003;4.758295e-002
2.105492e+003;4.760582e-002
2.105974e+003;4.762179e-002
2.106457e+003;4.763689e-002
2.106939e+003;4.765956e-002
2.107421e+003;4.769694e-002
2.107903e+003;4.775495e-002
2.108385e+003;4.783543e-002
2.108867e+003;4.793442e-002
2.109349e+003;4.804407e-002
2.109832e+003;4.815143e-002
2.110314e+003;4.824195e-002
2.110796e+003;4.830362e-002
2.111278e+003;4.832830e-002
2.111760e+003;4.831292e-002
2.112242e+003;4.826088e-002
2.112724e+003;4.817797e-002
2.113207e+003;4.807201e-002
2.113689e+003;4.795030e-002
2.114171e+003;4.781998e-002
2.114653e+003;4.768644e-002
2.115135e+003;4.755633e-002
2.115617e+003;4.743534e-002
2.116099e+003;4.732906e-002
2.116582e+003;4.724120e-002
2.117064e+003;4.717155e-002
2.117546e+003;4.711582e-002
2.118028e+003;4.706693e-002
2.118510e+003;4.701729e-002
2.118992e+003;4.696157e-002
2.119474e+003;4.689746e-002
2.119957e+003;4.682706e-002
2.120438e+003;4.675254e-002
2.120921e+003;4.667549e-002
2.121403e+003;4.659338e-002
2.121885e+003;4.650170e-002
2.122367e+003;4.639379e-002
2.122849e+003;4.626602e-002
2.123331e+003;4.611882e-002
2.123813e+003;4.595871e-002
2.124296e+003;4.579471e-002
2.124778e+003;4.563458e-002
2.125260e+003;4.548011e-002
2.125742e+003;4.532751e-002
2.126224e+003;4.516495e-002
2.126706e+003;4.497949e-002
2.127188e+003;4.475883e-002
2.127671e+003;4.449915e-002
2.128153e+003;4.420406e-002
2.128635e+003;4.388445e-002
2.129117e+003;4.355527e-002
2.129599e+003;4.323457e-002
2.130081e+003;4.293631e-002
2.130563e+003;4.267557e-002
2.131046e+003;4.246446e-002
2.131528e+003;4.231600e-002
2.132010e+003;4.224133e-002
2.132492e+003;4.224653e-002
2.132974e+003;4.233021e-002
2.133456e+003;4.248001e-002
2.133938e+003;4.267209e-002
2.134421e+003;4.287592e-002
2.134903e+003;4.305876e-002
2.135385e+003;4.319509e-002
2.135867e+003;4.326824e-002
2.136349e+003;4.327444e-002
2.136831e+003;4.321931e-002
2.137313e+003;4.311406e-002
2.137795e+003;4.297058e-002
2.138278e+003;4.280026e-002
2.138760e+003;4.261098e-002
2.139242e+003;4.241089e-002
2.139724e+003;4.220713e-002
2.140206e+003;4.200777e-002
2.140688e+003;4.181844e-002
2.141170e+003;4.164369e-002
2.141653e+003;4.148395e-002
2.142135e+003;4.133575e-002
2.142617e+003;4.119106e-002
2.143099e+003;4.104277e-002
2.143581e+003;4.088604e-002
2.144063e+003;4.071783e-002
2.144545e+003;4.054522e-002
2.145028e+003;4.037834e-002
2.145510e+003;4.023174e-002
2.145992e+003;4.012023e-002
2.146474e+003;4.005202e-002
2.146956e+003;4.002812e-002
2.147438e+003;4.003682e-002
2.147920e+003;4.005524e-002
2.148403e+003;4.005316e-002
2.148885e+003;3.999927e-002
2.149367e+003;3.987036e-002
2.149849e+003;3.965927e-002
2.150331e+003;3.937130e-002
2.150813e+003;3.902741e-002
2.151295e+003;3.865229e-002
2.151778e+003;3.826230e-002
2.152260e+003;3.786353e-002
2.152742e+003;3.743915e-002
2.153224e+003;3.696571e-002
2.153706e+003;3.641633e-002
2.154188e+003;3.578285e-002
2.154670e+003;3.509060e-002
2.155152e+003;3.440278e-002
2.155635e+003;3.382142e-002
2.156117e+003;3.346783e-002
2.156599e+003;3.345894e-002
2.157081e+003;3.387361e-002
2.157563e+003;3.472684e-002
2.158045e+003;3.594662e-002
2.158527e+003;3.739476e-002
2.159010e+003;3.888819e-002
2.159492e+003;4.025093e-002
2.159974e+003;4.136160e-002
2.160456e+003;4.217113e-002
2.160938e+003;4.269421e-002
2.161420e+003;4.299279e-002
2.161902e+003;4.313917e-002
2.162385e+003;4.320026e-002
2.162867e+003;4.321905e-002
2.163349e+003;4.321705e-002
2.163831e+003;4.320213e-002
2.164313e+003;4.317354e-002
2.164795e+003;4.312946e-002
2.165277e+003;4.307042e-002
2.165760e+003;4.299498e-002
2.166242e+003;4.290004e-002
2.166724e+003;4.277885e-002
2.167206e+003;4.262365e-002
2.167688e+003;4.243146e-002
2.168170e+003;4.220817e-002
2.168652e+003;4.197177e-002
2.169135e+003;4.174593e-002
2.169616e+003;4.155188e-002
2.170099e+003;4.140024e-002
2.170581e+003;4.128500e-002
2.171063e+003;4.118482e-002
2.171545e+003;4.107281e-002
2.172027e+003;4.093130e-002
2.172509e+003;4.076359e-002
2.172991e+003;4.059530e-002
2.173474e+003;4.046877e-002
2.173956e+003;4.042888e-002
2.174438e+003;4.049905e-002
2.174920e+003;4.067218e-002
2.175402e+003;4.090766e-002
2.175884e+003;4.114382e-002
2.176366e+003;4.131632e-002
2.176849e+003;4.138153e-002
2.177331e+003;4.132679e-002
2.177813e+003;4.117244e-002
2.178295e+003;4.096010e-002
2.178777e+003;4.073843e-002
2.179259e+003;4.054853e-002
2.179741e+003;4.042009e-002
2.180224e+003;4.036298e-002
2.180706e+003;4.037983e-002
2.181188e+003;4.046471e-002
2.181670e+003;4.061097e-002
2.182152e+003;4.080660e-002
2.182634e+003;4.103497e-002
2.183116e+003;4.127331e-002
2.183598e+003;4.149737e-002
2.184081e+003;4.168528e-002
2.184563e+003;4.182413e-002
2.185045e+003;4.191395e-002
2.185527e+003;4.196445e-002
2.186009e+003;4.199028e-002
2.186491e+003;4.200302e-002
2.186973e+003;4.200843e-002
2.187456e+003;4.200610e-002
2.187938e+003;4.199171e-002
2.188420e+003;4.196573e-002
2.188902e+003;4.193200e-002
2.189384e+003;4.190090e-002
2.189866e+003;4.188229e-002
2.190348e+003;4.187931e-002
2.190831e+003;4.188610e-002
2.191313e+003;4.188848e-002
2.191795e+003;4.186614e-002
2.192277e+003;4.180574e-002
2.192759e+003;4.170190e-002
2.193241e+003;4.156288e-002
2.193723e+003;4.140689e-002
2.194206e+003;4.125419e-002
2.194688e+003;4.112408e-002
2.195170e+003;4.102786e-002
2.195652e+003;4.096851e-002
2.196134e+003;4.094553e-002
2.196616e+003;4.095437e-002
2.197098e+003;4.099110e-002
2.197581e+003;4.104988e-002
2.198063e+003;4.112215e-002
2.198545e+003;4.119711e-002
2.199027e+003;4.125917e-002
2.199509e+003;4.129485e-002
2.199991e+003;4.129652e-002
2.200473e+003;4.126286e-002
2.200955e+003;4.120367e-002
2.201438e+003;4.113152e-002
2.201920e+003;4.106155e-002
2.202402e+003;4.100260e-002
2.202884e+003;4.096045e-002
2.203366e+003;4.093391e-002
2.203848e+003;4.092023e-002
2.204330e+003;4.091508e-002
2.204813e+003;4.091655e-002
2.205295e+003;4.092062e-002
2.205777e+003;4.092217e-002
2.206259e+003;4.091327e-002
2.206741e+003;4.088474e-002
2.207223e+003;4.082857e-002
2.207705e+003;4.074337e-002
2.208188e+003;4.063357e-002
2.208670e+003;4.051258e-002
2.209152e+003;4.039445e-002
2.209634e+003;4.029201e-002
2.210116e+003;4.021123e-002
2.210598e+003;4.015217e-002
2.211080e+003;4.010753e-002
2.211563e+003;4.006961e-002
2.212045e+003;4.003295e-002
2.212527e+003;3.999589e-002
2.213009e+003;3.996057e-002
2.213491e+003;3.992670e-002
2.213973e+003;3.989311e-002
2.214455e+003;3.985560e-002
2.214938e+003;3.980745e-002
2.215419e+003;3.974549e-002
2.215902e+003;3.967013e-002
2.216384e+003;3.958678e-002
2.216866e+003;3.950616e-002
2.217348e+003;3.943637e-002
2.217830e+003;3.938355e-002
2.218312e+003;3.934769e-002
2.218794e+003;3.932584e-002
2.219277e+003;3.931341e-002
2.219759e+003;3.930601e-002
2.220241e+003;3.930543e-002
2.220723e+003;3.931190e-002
2.221205e+003;3.932625e-002
2.221687e+003;3.934760e-002
2.222169e+003;3.937163e-002
2.222652e+003;3.939129e-002
2.223134e+003;3.940076e-002
2.223616e+003;3.939480e-002
2.224098e+003;3.937440e-002
2.224580e+003;3.934255e-002
2.225062e+003;3.930301e-002
2.225544e+003;3.926307e-002
2.226027e+003;3.922679e-002
2.226509e+003;3.920003e-002
2.226991e+003;3.918669e-002
2.227473e+003;3.918956e-002
2.227955e+003;3.920780e-002
2.228437e+003;3.923659e-002
2.228919e+003;3.926423e-002
2.229402e+003;3.927819e-002
2.229884e+003;3.926536e-002
2.230366e+003;3.922061e-002
2.230848e+003;3.914711e-002
2.231330e+003;3.905788e-002
2.231812e+003;3.897047e-002
2.232294e+003;3.890167e-002
2.232776e+003;3.886040e-002
2.233259e+003;3.884568e-002
2.233741e+003;3.885029e-002
2.234223e+003;3.886385e-002
2.234705e+003;3.888226e-002
2.235187e+003;3.890768e-002
2.235669e+003;3.894961e-002
2.236151e+003;3.901485e-002
2.236634e+003;3.910342e-002
2.237116e+003;3.920230e-002
2.237598e+003;3.928648e-002
2.238080e+003;3.932684e-002
2.238562e+003;3.930116e-002
2.239044e+003;3.920079e-002
2.239526e+003;3.903735e-002
2.240009e+003;3.883734e-002
2.240491e+003;3.863333e-002
2.240973e+003;3.845431e-002
2.241455e+003;3.831780e-002
2.241937e+003;3.822552e-002
2.242419e+003;3.817069e-002
2.242901e+003;3.814056e-002
2.243384e+003;3.812395e-002
2.243866e+003;3.811452e-002
2.244348e+003;3.810723e-002
2.244830e+003;3.809732e-002
2.245312e+003;3.807851e-002
2.245794e+003;3.804034e-002
2.246276e+003;3.797576e-002
2.246759e+003;3.788222e-002
2.247240e+003;3.776898e-002
2.247723e+003;3.765253e-002
2.248205e+003;3.755385e-002
2.248687e+003;3.748974e-002
2.249169e+003;3.746781e-002
2.249651e+003;3.748025e-002
2.250133e+003;3.751099e-002
2.250615e+003;3.753801e-002
2.251098e+003;3.754458e-002
2.251580e+003;3.752432e-002
2.252062e+003;3.748219e-002
2.252544e+003;3.743431e-002
2.253026e+003;3.739950e-002
2.253508e+003;3.739246e-002
2.253990e+003;3.742047e-002
2.254473e+003;3.748071e-002
2.254955e+003;3.756303e-002
2.255437e+003;3.765314e-002
2.255919e+003;3.773614e-002
2.256401e+003;3.779930e-002
2.256883e+003;3.783373e-002
2.257365e+003;3.783225e-002
2.257848e+003;3.779267e-002
2.258330e+003;3.771458e-002
2.258812e+003;3.760254e-002
2.259294e+003;3.746481e-002
2.259776e+003;3.731280e-002
2.260258e+003;3.716115e-002
2.260740e+003;3.702369e-002
2.261223e+003;3.691138e-002
2.261705e+003;3.683078e-002
2.262187e+003;3.678299e-002
2.262669e+003;3.676492e-002
2.263151e+003;3.677174e-002
2.263633e+003;3.679679e-002
2.264115e+003;3.683468e-002
2.264597e+003;3.688015e-002
2.265080e+003;3.692899e-002
2.265562e+003;3.697598e-002
2.266044e+003;3.701542e-002
2.266526e+003;3.704131e-002
2.267008e+003;3.704810e-002
2.267490e+003;3.703342e-002
2.267972e+003;3.699910e-002
2.268455e+003;3.695116e-002
2.268937e+003;3.689876e-002
2.269419e+003;3.685368e-002
2.269901e+003;3.682450e-002
2.270383e+003;3.681662e-002
2.270865e+003;3.683100e-002
2.271347e+003;3.686249e-002
2.271830e+003;3.690423e-002
2.272312e+003;3.694880e-002
2.272794e+003;3.699081e-002
2.273276e+003;3.702797e-002
2.273758e+003;3.705860e-002
2.274240e+003;3.708311e-002
2.274722e+003;3.710013e-002
2.275205e+003;3.710667e-002
2.275687e+003;3.709950e-002
2.276169e+003;3.707690e-002
2.276651e+003;3.704058e-002
2.277133e+003;3.699665e-002
2.277615e+003;3.695528e-002
2.278097e+003;3.692659e-002
2.278580e+003;3.691937e-002
2.279062e+003;3.693925e-002
2.279544e+003;3.698571e-002
2.280026e+003;3.705541e-002
2.280508e+003;3.714437e-002
2.280990e+003;3.724795e-002
2.281472e+003;3.736187e-002
2.281954e+003;3.748259e-002
2.282437e+003;3.760339e-002
2.282919e+003;3.771583e-002
2.283401e+003;3.780900e-002
2.283883e+003;3.787311e-002
2.284365e+003;3.790211e-002
2.284847e+003;3.789555e-002
2.285329e+003;3.786004e-002
2.285812e+003;3.780587e-002
2.286294e+003;3.774476e-002
2.286776e+003;3.768409e-002
2.287258e+003;3.762662e-002
2.287740e+003;3.756991e-002
2.288222e+003;3.750863e-002
2.288704e+003;3.743802e-002
2.289187e+003;3.735596e-002
2.289669e+003;3.726459e-002
2.290151e+003;3.716876e-002
2.290633e+003;3.707441e-002
2.291115e+003;3.698513e-002
2.291597e+003;3.690261e-002
2.292079e+003;3.682566e-002
2.292562e+003;3.675150e-002
2.293044e+003;3.667757e-002
2.293526e+003;3.660304e-002
2.294008e+003;3.652708e-002
2.294490e+003;3.644935e-002
2.294972e+003;3.636977e-002
2.295454e+003;3.628781e-002
2.295937e+003;3.620384e-002
2.296418e+003;3.611936e-002
2.296901e+003;3.603770e-002
2.297383e+003;3.596343e-002
2.297865e+003;3.589994e-002
2.298347e+003;3.584937e-002
2.298829e+003;3.581023e-002
2.299311e+003;3.577897e-002
2.299793e+003;3.575038e-002
2.300276e+003;3.572034e-002
2.300758e+003;3.568731e-002
2.301240e+003;3.565180e-002
2.301722e+003;3.561643e-002
2.302204e+003;3.558373e-002
2.302686e+003;3.555442e-002
2.303168e+003;3.552708e-002
2.303651e+003;3.549924e-002
2.304133e+003;3.546847e-002
2.304615e+003;3.543475e-002
2.305097e+003;3.539919e-002
2.305579e+003;3.536584e-002
2.306061e+003;3.533666e-002
2.306543e+003;3.531413e-002
2.307026e+003;3.529744e-002
2.307508e+003;3.528430e-002
2.307990e+003;3.527179e-002
2.308472e+003;3.525816e-002
2.308954e+003;3.524422e-002
2.309436e+003;3.523089e-002
2.309918e+003;3.521977e-002
2.310401e+003;3.521175e-002
2.310883e+003;3.520592e-002
2.311365e+003;3.520042e-002
2.311847e+003;3.519396e-002
2.312329e+003;3.518702e-002
2.312811e+003;3.518229e-002
2.313293e+003;3.518303e-002
2.313775e+003;3.519266e-002
2.314258e+003;3.521231e-002
2.314740e+003;3.524030e-002
2.315222e+003;3.527235e-002
2.315704e+003;3.530338e-002
2.316186e+003;3.532957e-002
2.316668e+003;3.535020e-002
2.317150e+003;3.536877e-002
2.317633e+003;3.539171e-002
2.318115e+003;3.542844e-002
2.318597e+003;3.548928e-002
2.319079e+003;3.558350e-002
2.319561e+003;3.571790e-002
2.320043e+003;3.589396e-002
2.320525e+003;3.610565e-002
2.321008e+003;3.633739e-002
2.321490e+003;3.656323e-002
2.321972e+003;3.674922e-002
2.322454e+003;3.685917e-002
2.322936e+003;3.686035e-002
2.323418e+003;3.673251e-002
2.323900e+003;3.647289e-002
2.324383e+003;3.609733e-002
2.324865e+003;3.563733e-002
2.325347e+003;3.513514e-002
2.325829e+003;3.463379e-002
2.326311e+003;3.417061e-002
2.326793e+003;3.377153e-002
2.327275e+003;3.344834e-002
2.327758e+003;3.320003e-002
2.328240e+003;3.301623e-002
2.328722e+003;3.288268e-002
2.329204e+003;3.278450e-002
2.329686e+003;3.270980e-002
2.330168e+003;3.265078e-002
2.330650e+003;3.260203e-002
2.331132e+003;3.256059e-002
2.331615e+003;3.252368e-002
2.332097e+003;3.248852e-002
2.332579e+003;3.245255e-002
2.333061e+003;3.241256e-002
2.333543e+003;3.236697e-002
2.334025e+003;3.231465e-002
2.334507e+003;3.225536e-002
2.334990e+003;3.219023e-002
2.335472e+003;3.212147e-002
2.335954e+003;3.205213e-002
2.336436e+003;3.198564e-002
2.336918e+003;3.192551e-002
2.337400e+003;3.187408e-002
2.337882e+003;3.183190e-002
2.338365e+003;3.179849e-002
2.338847e+003;3.177043e-002
2.339329e+003;3.174354e-002
2.339811e+003;3.171393e-002
2.340293e+003;3.167823e-002
2.340775e+003;3.163483e-002
2.341257e+003;3.158452e-002
2.341740e+003;3.152956e-002
2.342222e+003;3.147282e-002
2.342704e+003;3.141821e-002
2.343186e+003;3.136870e-002
2.343668e+003;3.132582e-002
2.344150e+003;3.128934e-002
2.344632e+003;3.125764e-002
2.345115e+003;3.122785e-002
2.345596e+003;3.119612e-002
2.346079e+003;3.115926e-002
2.346561e+003;3.111476e-002
2.347043e+003;3.106214e-002
2.347525e+003;3.100156e-002
2.348007e+003;3.093527e-002
2.348489e+003;3.086567e-002
2.348971e+003;3.079571e-002
2.349454e+003;3.072814e-002
2.349936e+003;3.066488e-002
2.350418e+003;3.060833e-002
2.350900e+003;3.055939e-002
2.351382e+003;3.051870e-002
2.351864e+003;3.048537e-002
2.352346e+003;3.045725e-002
2.352829e+003;3.043089e-002
2.353311e+003;3.040210e-002
2.353793e+003;3.036719e-002
2.354275e+003;3.032431e-002
2.354757e+003;3.027330e-002
2.355239e+003;3.021576e-002
2.355721e+003;3.015506e-002
2.356204e+003;3.009337e-002
2.356686e+003;3.003214e-002
2.357168e+003;2.997040e-002
2.357650e+003;2.990655e-002
2.358132e+003;2.983817e-002
2.358614e+003;2.976374e-002
2.359096e+003;2.968485e-002
2.359579e+003;2.960327e-002
2.360061e+003;2.952207e-002
2.360543e+003;2.944343e-002
2.361025e+003;2.936717e-002
2.361507e+003;2.929151e-002
2.361989e+003;2.921326e-002
2.362471e+003;2.912951e-002
2.362953e+003;2.903920e-002
2.363436e+003;2.894387e-002
2.363918e+003;2.884803e-002
2.364400e+003;2.875666e-002
2.364882e+003;2.867510e-002
2.365364e+003;2.860599e-002
2.365846e+003;2.855097e-002
2.366328e+003;2.850826e-002
2.366811e+003;2.847488e-002
2.367293e+003;2.844794e-002
2.367775e+003;2.842478e-002
2.368257e+003;2.840298e-002
2.368739e+003;2.838117e-002
2.369221e+003;2.835854e-002
2.369703e+003;2.833397e-002
2.370186e+003;2.830656e-002
2.370668e+003;2.827614e-002
2.371150e+003;2.824265e-002
2.371632e+003;2.820687e-002
2.372114e+003;2.816964e-002
2.372596e+003;2.813214e-002
2.373078e+003;2.809503e-002
2.373561e+003;2.805944e-002
2.374043e+003;2.802497e-002
2.374525e+003;2.799137e-002
2.375007e+003;2.795718e-002
2.375489e+003;2.792065e-002
2.375971e+003;2.788013e-002
2.376453e+003;2.783385e-002
2.376936e+003;2.778036e-002
2.377417e+003;2.772053e-002
2.377900e+003;2.765558e-002
2.378382e+003;2.758818e-002
2.378864e+003;2.752156e-002
2.379346e+003;2.745848e-002
2.379828e+003;2.740129e-002
2.380310e+003;2.735104e-002
2.380792e+003;2.730846e-002
2.381275e+003;2.727422e-002
2.381757e+003;2.724879e-002
2.382239e+003;2.723316e-002
2.382721e+003;2.722700e-002
2.383203e+003;2.722902e-002
2.383685e+003;2.723567e-002
2.384167e+003;2.724174e-002
2.384650e+003;2.724173e-002
2.385132e+003;2.723167e-002
2.385614e+003;2.721071e-002
2.386096e+003;2.718180e-002
2.386578e+003;2.715044e-002
2.387060e+003;2.712377e-002
2.387542e+003;2.710619e-002
2.388025e+003;2.710046e-002
2.388507e+003;2.710333e-002
2.388989e+003;2.711009e-002
2.389471e+003;2.711272e-002
2.389953e+003;2.710494e-002
2.390435e+003;2.708245e-002
2.390917e+003;2.704367e-002
2.391400e+003;2.699008e-002
2.391882e+003;2.692492e-002
2.392364e+003;2.685226e-002
2.392846e+003;2.677640e-002
2.393328e+003;2.670180e-002
2.393810e+003;2.663224e-002
2.394292e+003;2.657168e-002
2.394774e+003;2.652160e-002
2.395257e+003;2.648273e-002
2.395739e+003;2.645288e-002
2.396221e+003;2.642815e-002
2.396703e+003;2.640407e-002
2.397185e+003;2.637671e-002
2.397667e+003;2.634404e-002
2.398149e+003;2.630721e-002
2.398632e+003;2.626881e-002
2.399114e+003;2.623398e-002
2.399596e+003;2.620517e-002
2.400078e+003;2.618418e-002
2.400560e+003;2.616946e-002
2.401042e+003;2.615807e-002
2.401524e+003;2.614554e-002
2.402007e+003;2.612810e-002
2.402489e+003;2.610322e-002
2.402971e+003;2.607075e-002
2.403453e+003;2.603156e-002
2.403935e+003;2.599032e-002
2.404417e+003;2.595102e-002
2.404899e+003;2.591905e-002
2.405382e+003;2.589852e-002
2.405864e+003;2.589235e-002
2.406346e+003;2.590105e-002
2.406828e+003;2.592177e-002
2.407310e+003;2.594937e-002
2.407792e+003;2.597656e-002
2.408274e+003;2.599690e-002
2.408757e+003;2.600554e-002
2.409239e+003;2.600060e-002
2.409721e+003;2.598477e-002
2.410203e+003;2.596172e-002
2.410685e+003;2.593711e-002
2.411167e+003;2.591486e-002
2.411649e+003;2.589564e-002
2.412131e+003;2.587853e-002
2.412614e+003;2.585879e-002
2.413096e+003;2.583159e-002
2.413578e+003;2.579364e-002
2.414060e+003;2.574288e-002
2.414542e+003;2.568178e-002
2.415024e+003;2.561483e-002
2.415506e+003;2.554834e-002
2.415989e+003;2.549028e-002
2.416471e+003;2.544680e-002
2.416953e+003;2.542202e-002
2.417435e+003;2.541716e-002
2.417917e+003;2.543011e-002
2.418399e+003;2.545611e-002
2.418881e+003;2.548853e-002
2.419364e+003;2.552146e-002
2.419846e+003;2.554979e-002
2.420328e+003;2.557050e-002
2.420810e+003;2.558471e-002
2.421292e+003;2.559211e-002
2.421774e+003;2.559507e-002
2.422256e+003;2.559219e-002
2.422739e+003;2.558231e-002
2.423221e+003;2.556116e-002
2.423703e+003;2.552518e-002
2.424185e+003;2.547274e-002
2.424667e+003;2.540431e-002
2.425149e+003;2.532416e-002
2.425631e+003;2.523897e-002
2.426114e+003;2.515664e-002
2.426595e+003;2.508341e-002
2.427078e+003;2.502482e-002
2.427560e+003;2.498358e-002
2.428042e+003;2.496029e-002
2.428524e+003;2.495437e-002
2.429006e+003;2.496427e-002
2.429488e+003;2.498702e-002
2.429970e+003;2.501812e-002
2.430453e+003;2.505137e-002
2.430935e+003;2.508067e-002
2.431417e+003;2.509868e-002
2.431899e+003;2.510102e-002
2.432381e+003;2.508635e-002
2.432863e+003;2.505706e-002
2.433345e+003;2.501778e-002
2.433828e+003;2.497559e-002
2.434310e+003;2.493577e-002
2.434792e+003;2.489991e-002
2.435274e+003;2.486899e-002
2.435756e+003;2.483970e-002
2.436238e+003;2.480999e-002
2.436720e+003;2.477845e-002
2.437203e+003;2.474451e-002
2.437685e+003;2.471178e-002
2.438167e+003;2.468293e-002
2.438649e+003;2.466010e-002
2.439131e+003;2.464405e-002
2.439613e+003;2.463312e-002
2.440095e+003;2.462508e-002
2.440578e+003;2.461712e-002
2.441060e+003;2.460923e-002
2.441542e+003;2.460217e-002
2.442024e+003;2.459841e-002
2.442506e+003;2.459995e-002
2.442988e+003;2.460846e-002
2.443470e+003;2.462243e-002
2.443952e+003;2.463856e-002
2.444435e+003;2.465262e-002
2.444917e+003;2.466022e-002
2.445399e+003;2.465928e-002
2.445881e+003;2.465095e-002
2.446363e+003;2.463831e-002
2.446845e+003;2.462615e-002
2.447327e+003;2.461872e-002
2.447810e+003;2.461792e-002
2.448292e+003;2.462361e-002
2.448774e+003;2.463269e-002
2.449256e+003;2.464236e-002
2.449738e+003;2.464978e-002
2.450220e+003;2.465405e-002
2.450702e+003;2.465683e-002
2.451185e+003;2.466035e-002
2.451667e+003;2.466594e-002
2.452149e+003;2.467313e-002
2.452631e+003;2.467847e-002
2.453113e+003;2.467717e-002
2.453595e+003;2.466521e-002
2.454077e+003;2.463861e-002
2.454560e+003;2.459933e-002
2.455042e+003;2.455064e-002
2.455524e+003;2.449877e-002
2.456006e+003;2.444945e-002
2.456488e+003;2.440562e-002
2.456970e+003;2.436709e-002
2.457452e+003;2.433056e-002
2.457935e+003;2.429126e-002
2.458417e+003;2.424603e-002
2.458899e+003;2.419377e-002
2.459381e+003;2.413584e-002
2.459863e+003;2.407621e-002
2.460345e+003;2.401781e-002
2.460827e+003;2.396264e-002
2.461310e+003;2.391163e-002
2.461792e+003;2.386418e-002
2.462274e+003;2.382055e-002
2.462756e+003;2.378299e-002
2.463238e+003;2.375477e-002
2.463720e+003;2.374098e-002
2.464202e+003;2.374479e-002
2.464684e+003;2.376772e-002
2.465167e+003;2.380477e-002
2.465649e+003;2.384852e-002
2.466131e+003;2.388819e-002
2.466613e+003;2.391301e-002
2.467095e+003;2.391450e-002
2.467577e+003;2.388875e-002
2.468059e+003;2.383563e-002
2.468542e+003;2.376009e-002
2.469024e+003;2.367081e-002
2.469506e+003;2.357722e-002
2.469988e+003;2.349073e-002
2.470470e+003;2.341901e-002
2.470952e+003;2.336919e-002
2.471434e+003;2.334278e-002
2.471917e+003;2.333771e-002
2.472399e+003;2.334880e-002
2.472881e+003;2.336733e-002
2.473363e+003;2.338445e-002
2.473845e+003;2.339370e-002
2.474327e+003;2.339265e-002
2.474809e+003;2.338162e-002
2.475292e+003;2.336454e-002
2.475774e+003;2.334638e-002
2.476256e+003;2.333097e-002
2.476738e+003;2.331966e-002
2.477220e+003;2.331229e-002
2.477702e+003;2.330819e-002
2.478184e+003;2.330634e-002
2.478667e+003;2.330660e-002
2.479148e+003;2.330970e-002
2.479631e+003;2.331608e-002
2.480113e+003;2.332339e-002
2.480595e+003;2.332784e-002
2.481077e+003;2.332380e-002
2.481559e+003;2.330565e-002
2.482041e+003;2.327119e-002
2.482523e+003;2.322141e-002
2.483006e+003;2.316228e-002
2.483488e+003;2.310255e-002
2.483970e+003;2.305196e-002
2.484452e+003;2.301759e-002
2.484934e+003;2.300355e-002
2.485416e+003;2.300953e-002
2.485898e+003;2.303099e-002
2.486381e+003;2.306222e-002
2.486863e+003;2.309683e-002
2.487345e+003;2.312808e-002
2.487827e+003;2.315125e-002
2.488309e+003;2.316273e-002
2.488791e+003;2.316082e-002
2.489273e+003;2.314525e-002
2.489756e+003;2.311813e-002
2.490238e+003;2.308215e-002
2.490720e+003;2.304218e-002
2.491202e+003;2.300196e-002
2.491684e+003;2.296458e-002
2.492166e+003;2.293166e-002
2.492648e+003;2.290421e-002
2.493131e+003;2.288282e-002
2.493613e+003;2.286758e-002
2.494095e+003;2.285993e-002
2.494577e+003;2.286165e-002
2.495059e+003;2.287207e-002
2.495541e+003;2.288924e-002
2.496023e+003;2.290768e-002
2.496505e+003;2.292030e-002
2.496988e+003;2.291957e-002
2.497470e+003;2.290042e-002
2.497952e+003;2.286105e-002
2.498434e+003;2.280544e-002
2.498916e+003;2.273890e-002
2.499398e+003;2.267115e-002
2.499880e+003;2.260989e-002
2.500363e+003;2.256079e-002
2.500845e+003;2.252673e-002
2.501327e+003;2.250865e-002
2.501809e+003;2.250402e-002
2.502291e+003;2.251098e-002
2.502773e+003;2.252556e-002
2.503255e+003;2.254464e-002
2.503738e+003;2.256262e-002
2.504220e+003;2.257535e-002
2.504702e+003;2.257902e-002
2.505184e+003;2.257099e-002
2.505666e+003;2.255236e-002
2.506148e+003;2.252720e-002
2.506630e+003;2.250092e-002
2.507113e+003;2.248108e-002
2.507595e+003;2.247201e-002
2.508077e+003;2.247641e-002
2.508559e+003;2.249320e-002
2.509041e+003;2.251781e-002
2.509523e+003;2.254472e-002
2.510005e+003;2.256773e-002
2.510488e+003;2.258268e-002
2.510969e+003;2.258633e-002
2.511452e+003;2.257835e-002
2.511934e+003;2.256026e-002
2.512416e+003;2.253510e-002
2.512898e+003;2.250678e-002
2.513380e+003;2.247871e-002
2.513862e+003;2.245428e-002
2.514344e+003;2.243461e-002
2.514827e+003;2.241960e-002
2.515309e+003;2.240629e-002
2.515791e+003;2.239178e-002
2.516273e+003;2.237259e-002
2.516755e+003;2.234785e-002
2.517237e+003;2.231867e-002
2.517719e+003;2.228907e-002
2.518202e+003;2.226344e-002
2.518684e+003;2.224684e-002
2.519166e+003;2.223994e-002
2.519648e+003;2.224266e-002
2.520130e+003;2.224999e-002
2.520612e+003;2.225612e-002
2.521094e+003;2.225534e-002
2.521577e+003;2.224434e-002
2.522059e+003;2.222284e-002
2.522541e+003;2.219408e-002
2.523023e+003;2.216249e-002
2.523505e+003;2.213498e-002
2.523987e+003;2.211540e-002
2.524469e+003;2.210546e-002
2.524952e+003;2.210405e-002
2.525434e+003;2.210742e-002
2.525916e+003;2.211036e-002
2.526398e+003;2.210723e-002
2.526880e+003;2.209454e-002
2.527362e+003;2.207158e-002
2.527844e+003;2.204067e-002
2.528326e+003;2.200666e-002
2.528809e+003;2.197530e-002
2.529291e+003;2.195179e-002
2.529773e+003;2.193896e-002
2.530255e+003;2.193613e-002
2.530737e+003;2.194073e-002
2.531219e+003;2.194833e-002
2.531701e+003;2.195448e-002
2.532184e+003;2.195644e-002
2.532666e+003;2.195326e-002
2.533148e+003;2.194553e-002
2.533630e+003;2.193481e-002
2.534112e+003;2.192262e-002
2.534594e+003;2.190958e-002
2.535076e+003;2.189703e-002
2.535559e+003;2.188560e-002
2.536041e+003;2.187768e-002
2.536523e+003;2.187403e-002
2.537005e+003;2.187596e-002
2.537487e+003;2.188235e-002
2.537969e+003;2.189054e-002
2.538451e+003;2.189530e-002
2.538934e+003;2.189234e-002
2.539416e+003;2.187796e-002
2.539898e+003;2.185266e-002
2.540380e+003;2.182067e-002
2.540862e+003;2.178711e-002
2.541344e+003;2.175801e-002
2.541826e+003;2.173662e-002
2.542309e+003;2.172202e-002
2.542791e+003;2.171127e-002
2.543273e+003;2.169958e-002
2.543755e+003;2.168401e-002
2.544237e+003;2.166490e-002
2.544719e+003;2.164511e-002
2.545201e+003;2.162994e-002
2.545683e+003;2.162337e-002
2.546166e+003;2.162678e-002
2.546648e+003;2.163759e-002
2.547130e+003;2.165132e-002
2.547612e+003;2.166240e-002
2.548094e+003;2.166753e-002
2.548576e+003;2.166637e-002
2.549058e+003;2.165945e-002
2.549541e+003;2.165019e-002
2.550023e+003;2.163964e-002
2.550505e+003;2.162788e-002
2.550987e+003;2.161369e-002
2.551469e+003;2.159605e-002
2.551951e+003;2.157539e-002
2.552433e+003;2.155411e-002
2.552916e+003;2.153602e-002
2.553398e+003;2.152387e-002
2.553880e+003;2.151948e-002
2.554362e+003;2.151974e-002
2.554844e+003;2.152052e-002
2.555326e+003;2.151586e-002
2.555808e+003;2.150179e-002
2.556291e+003;2.147882e-002
2.556773e+003;2.145048e-002
2.557255e+003;2.142317e-002
2.557737e+003;2.140258e-002
2.558219e+003;2.139245e-002
2.558701e+003;2.139199e-002
2.559183e+003;2.139775e-002
2.559666e+003;2.140480e-002
2.560147e+003;2.140831e-002
2.560630e+003;2.140647e-002
2.561112e+003;2.140064e-002
2.561594e+003;2.139333e-002
2.562076e+003;2.138905e-002
2.562558e+003;2.139083e-002
2.563040e+003;2.139970e-002
2.563522e+003;2.141584e-002
2.564005e+003;2.143633e-002
2.564487e+003;2.145846e-002
2.564969e+003;2.147887e-002
2.565451e+003;2.149452e-002
2.565933e+003;2.150281e-002
2.566415e+003;2.150243e-002
2.566897e+003;2.149407e-002
2.567380e+003;2.147937e-002
2.567862e+003;2.146398e-002
2.568344e+003;2.145187e-002
2.568826e+003;2.144870e-002
2.569308e+003;2.145584e-002
2.569790e+003;2.147393e-002
2.570272e+003;2.149889e-002
2.570755e+003;2.152576e-002
2.571237e+003;2.154925e-002
2.571719e+003;2.156563e-002
2.572201e+003;2.157375e-002
2.572683e+003;2.157519e-002
2.573165e+003;2.157271e-002
2.573647e+003;2.156937e-002
2.574130e+003;2.156741e-002
2.574612e+003;2.156823e-002
2.575094e+003;2.157053e-002
2.575576e+003;2.157335e-002
2.576058e+003;2.157573e-002
2.576540e+003;2.157612e-002
2.577022e+003;2.157293e-002
2.577504e+003;2.156504e-002
2.577987e+003;2.155096e-002
2.578469e+003;2.152999e-002
2.578951e+003;2.150205e-002
2.579433e+003;2.146861e-002
2.579915e+003;2.143411e-002
2.580397e+003;2.140255e-002
2.580879e+003;2.137884e-002
2.581362e+003;2.136705e-002
2.581844e+003;2.136721e-002
2.582326e+003;2.137782e-002
2.582808e+003;2.139420e-002
2.583290e+003;2.141128e-002
2.583772e+003;2.142339e-002
2.584254e+003;2.142756e-002
2.584737e+003;2.142336e-002
2.585219e+003;2.141242e-002
2.585701e+003;2.139939e-002
2.586183e+003;2.138958e-002
2.586665e+003;2.138754e-002
2.587147e+003;2.139677e-002
2.587629e+003;2.141779e-002
2.588112e+003;2.144932e-002
2.588594e+003;2.148663e-002
2.589076e+003;2.152499e-002
2.589558e+003;2.155900e-002
2.590040e+003;2.158375e-002
2.590522e+003;2.159669e-002
2.591004e+003;2.159756e-002
2.591487e+003;2.158783e-002
2.591969e+003;2.157102e-002
2.592451e+003;2.155165e-002
2.592933e+003;2.153446e-002
2.593415e+003;2.152437e-002
2.593897e+003;2.152469e-002
2.594379e+003;2.153780e-002
2.594861e+003;2.156380e-002
2.595344e+003;2.160024e-002
2.595826e+003;2.164301e-002
2.596308e+003;2.168631e-002
2.596790e+003;2.172525e-002
2.597272e+003;2.175482e-002
2.597754e+003;2.177307e-002
2.598236e+003;2.178009e-002
2.598719e+003;2.177913e-002
2.599201e+003;2.177343e-002
2.599683e+003;2.176789e-002
2.600165e+003;2.176446e-002
2.600647e+003;2.176481e-002
2.601129e+003;2.176893e-002
2.601611e+003;2.177763e-002
2.602094e+003;2.179045e-002
2.602576e+003;2.180812e-002
2.603058e+003;2.183115e-002
2.603540e+003;2.185955e-002
2.604022e+003;2.189149e-002
2.604504e+003;2.192502e-002
2.604986e+003;2.195627e-002
2.605469e+003;2.198357e-002
2.605951e+003;2.200498e-002
2.606433e+003;2.202112e-002
2.606915e+003;2.203453e-002
2.607397e+003;2.204688e-002
2.607879e+003;2.205968e-002
2.608361e+003;2.207275e-002
2.608844e+003;2.208441e-002
2.609325e+003;2.209255e-002
2.609808e+003;2.209539e-002
2.610290e+003;2.209348e-002
2.610772e+003;2.208865e-002
2.611254e+003;2.208488e-002
2.611736e+003;2.208560e-002
2.612218e+003;2.209304e-002
2.612700e+003;2.210815e-002
2.613183e+003;2.212935e-002
2.613665e+003;2.215410e-002
2.614147e+003;2.217868e-002
2.614629e+003;2.220017e-002
2.615111e+003;2.221620e-002
2.615593e+003;2.222568e-002
2.616075e+003;2.222889e-002
2.616558e+003;2.222689e-002
2.617040e+003;2.222152e-002
2.617522e+003;2.221669e-002
2.618004e+003;2.221574e-002
2.618486e+003;2.222301e-002
2.618968e+003;2.224144e-002
2.619450e+003;2.227253e-002
2.619933e+003;2.231470e-002
2.620415e+003;2.236423e-002
2.620897e+003;2.241661e-002
2.621379e+003;2.246662e-002
2.621861e+003;2.251169e-002
2.622343e+003;2.254977e-002
2.622825e+003;2.258237e-002
2.623308e+003;2.261171e-002
2.623790e+003;2.263981e-002
2.624272e+003;2.266764e-002
2.624754e+003;2.269514e-002
2.625236e+003;2.272025e-002
2.625718e+003;2.274120e-002
2.626200e+003;2.275709e-002
2.626682e+003;2.276819e-002
2.627165e+003;2.277682e-002
2.627647e+003;2.278606e-002
2.628129e+003;2.279921e-002
2.628611e+003;2.281868e-002
2.629093e+003;2.284473e-002
2.629575e+003;2.287629e-002
2.630057e+003;2.291054e-002
2.630540e+003;2.294462e-002
2.631022e+003;2.297640e-002
2.631504e+003;2.300481e-002
2.631986e+003;2.303064e-002
2.632468e+003;2.305453e-002
2.632950e+003;2.307790e-002
2.633432e+003;2.310108e-002
2.633915e+003;2.312259e-002
2.634397e+003;2.314027e-002
2.634879e+003;2.315146e-002
2.635361e+003;2.315516e-002
2.635843e+003;2.315164e-002
2.636325e+003;2.314402e-002
2.636807e+003;2.313675e-002
2.637290e+003;2.313465e-002
2.637772e+003;2.314209e-002
2.638254e+003;2.316006e-002
2.638736e+003;2.318785e-002
2.639218e+003;2.322207e-002
2.639700e+003;2.325924e-002
2.640182e+003;2.329643e-002
2.640665e+003;2.333239e-002
2.641146e+003;2.336871e-002
2.641629e+003;2.340621e-002
2.642111e+003;2.344720e-002
2.642593e+003;2.349205e-002
2.643075e+003;2.353942e-002
2.643557e+003;2.358655e-002
2.644039e+003;2.363002e-002
2.644521e+003;2.366760e-002
2.645004e+003;2.369813e-002
2.645486e+003;2.372159e-002
2.645968e+003;2.373899e-002
2.646450e+003;2.375101e-002
2.646932e+003;2.375874e-002
2.647414e+003;2.376164e-002
2.647896e+003;2.375987e-002
2.648379e+003;2.375416e-002
2.648861e+003;2.374594e-002
2.649343e+003;2.373745e-002
2.649825e+003;2.373173e-002
2.650307e+003;2.373058e-002
2.650789e+003;2.373445e-002
2.651271e+003;2.374353e-002
2.651754e+003;2.375618e-002
2.652236e+003;2.377100e-002
2.652718e+003;2.378770e-002
2.653200e+003;2.380584e-002
2.653682e+003;2.382552e-002
2.654164e+003;2.384556e-002
2.654646e+003;2.386453e-002
2.655129e+003;2.387982e-002
2.655611e+003;2.388811e-002
2.656093e+003;2.388742e-002
2.656575e+003;2.387755e-002
2.657057e+003;2.385969e-002
2.657539e+003;2.383777e-002
2.658021e+003;2.381602e-002
2.658503e+003;2.379785e-002
2.658986e+003;2.378527e-002
2.659468e+003;2.377797e-002
2.659950e+003;2.377338e-002
2.660432e+003;2.376851e-002
2.660914e+003;2.375914e-002
2.661396e+003;2.374274e-002
2.661878e+003;2.371688e-002
2.662361e+003;2.368030e-002
2.662843e+003;2.363407e-002
2.663325e+003;2.357962e-002
2.663807e+003;2.352002e-002
2.664289e+003;2.345978e-002
2.664771e+003;2.340402e-002
2.665253e+003;2.335788e-002
2.665736e+003;2.332569e-002
2.666218e+003;2.331026e-002
2.666700e+003;2.331132e-002
2.667182e+003;2.332627e-002
2.667664e+003;2.335131e-002
2.668146e+003;2.338224e-002
2.668628e+003;2.341498e-002
2.669111e+003;2.344700e-002
2.669593e+003;2.347759e-002
2.670075e+003;2.350666e-002
2.670557e+003;2.353529e-002
2.671039e+003;2.356347e-002
2.671521e+003;2.359130e-002
2.672003e+003;2.361779e-002
2.672486e+003;2.364202e-002
2.672968e+003;2.366346e-002
2.673450e+003;2.368174e-002
2.673932e+003;2.369758e-002
2.674414e+003;2.371190e-002
2.674896e+003;2.372676e-002
2.675378e+003;2.374442e-002
2.675860e+003;2.376671e-002
2.676343e+003;2.379498e-002
2.676825e+003;2.383004e-002
2.677307e+003;2.386983e-002
2.677789e+003;2.391226e-002
2.678271e+003;2.395398e-002
2.678753e+003;2.399081e-002
2.679235e+003;2.402096e-002
2.679718e+003;2.404459e-002
2.680200e+003;2.406342e-002
2.680682e+003;2.408126e-002
2.681164e+003;2.410310e-002
2.681646e+003;2.413265e-002
2.682128e+003;2.417074e-002
2.682610e+003;2.421674e-002
2.683093e+003;2.426657e-002
2.683575e+003;2.431587e-002
2.684057e+003;2.436001e-002
2.684539e+003;2.439581e-002
2.685021e+003;2.442200e-002
2.685503e+003;2.444011e-002
2.685985e+003;2.445249e-002
2.686468e+003;2.446252e-002
2.686950e+003;2.447327e-002
2.687432e+003;2.448721e-002
2.687914e+003;2.450607e-002
2.688396e+003;2.453075e-002
2.688878e+003;2.456135e-002
2.689360e+003;2.459751e-002
2.689843e+003;2.463761e-002
2.690324e+003;2.468053e-002
2.690807e+003;2.472512e-002
2.691289e+003;2.476989e-002
2.691771e+003;2.481424e-002
2.692253e+003;2.485759e-002
2.692735e+003;2.490023e-002
2.693217e+003;2.494179e-002
2.693699e+003;2.498217e-002
2.694182e+003;2.502039e-002
2.694664e+003;2.505625e-002
2.695146e+003;2.508874e-002
2.695628e+003;2.511759e-002
2.696110e+003;2.514399e-002
2.696592e+003;2.516866e-002
2.697074e+003;2.519288e-002
2.697557e+003;2.521693e-002
2.698039e+003;2.524217e-002
2.698521e+003;2.526825e-002
2.699003e+003;2.529560e-002
2.699485e+003;2.532452e-002
2.699967e+003;2.535666e-002
2.700449e+003;2.539346e-002
2.700932e+003;2.543613e-002
2.701414e+003;2.548485e-002
2.701896e+003;2.553899e-002
2.702378e+003;2.559543e-002
2.702860e+003;2.565007e-002
2.703342e+003;2.569969e-002
2.703824e+003;2.574209e-002
2.704307e+003;2.577599e-002
2.704789e+003;2.580312e-002
2.705271e+003;2.582669e-002
2.705753e+003;2.584990e-002
2.706235e+003;2.587659e-002
2.706717e+003;2.590889e-002
2.707199e+003;2.594707e-002
2.707681e+003;2.599131e-002
2.708164e+003;2.603887e-002
2.708646e+003;2.608728e-002
2.709128e+003;2.613433e-002
2.709610e+003;2.617900e-002
2.710092e+003;2.622075e-002
2.710574e+003;2.626105e-002
2.711056e+003;2.630200e-002
2.711539e+003;2.634674e-002
2.712021e+003;2.639792e-002
2.712503e+003;2.645740e-002
2.712985e+003;2.652517e-002
2.713467e+003;2.659858e-002
2.713949e+003;2.667422e-002
2.714431e+003;2.674602e-002
2.714914e+003;2.680884e-002
2.715396e+003;2.685843e-002
2.715878e+003;2.689266e-002
2.716360e+003;2.691253e-002
2.716842e+003;2.692081e-002
2.717324e+003;2.692144e-002
2.717806e+003;2.691995e-002
2.718289e+003;2.692123e-002
2.718771e+003;2.692812e-002
2.719253e+003;2.694341e-002
2.719735e+003;2.696782e-002
2.720217e+003;2.700036e-002
2.720699e+003;2.704056e-002
2.721181e+003;2.708659e-002
2.721664e+003;2.713642e-002
2.722146e+003;2.718912e-002
2.722628e+003;2.724203e-002
2.723110e+003;2.729358e-002
2.723592e+003;2.734256e-002
2.724074e+003;2.738804e-002
2.724556e+003;2.742947e-002
2.725038e+003;2.746842e-002
2.725521e+003;2.750582e-002
2.726003e+003;2.754480e-002
2.726485e+003;2.758703e-002
2.726967e+003;2.763445e-002
2.727449e+003;2.768772e-002
2.727931e+003;2.774609e-002
2.728413e+003;2.780783e-002
2.728896e+003;2.787069e-002
2.729378e+003;2.793283e-002
2.729860e+003;2.799315e-002
2.730342e+003;2.805089e-002
2.730824e+003;2.810634e-002
2.731306e+003;2.816032e-002
2.731788e+003;2.821257e-002
2.732271e+003;2.826455e-002
2.732753e+003;2.831553e-002
2.733235e+003;2.836598e-002
2.733717e+003;2.841644e-002
2.734199e+003;2.846756e-002
2.734681e+003;2.852131e-002
2.735163e+003;2.857823e-002
2.735646e+003;2.863843e-002
2.736128e+003;2.870143e-002
2.736610e+003;2.876501e-002
2.737092e+003;2.882740e-002
2.737574e+003;2.888685e-002
2.738056e+003;2.894194e-002
2.738538e+003;2.899381e-002
2.739021e+003;2.904337e-002
2.739502e+003;2.909303e-002
2.739985e+003;2.914383e-002
2.740467e+003;2.919567e-002
2.740949e+003;2.924884e-002
2.741431e+003;2.930128e-002
2.741913e+003;2.935178e-002
2.742395e+003;2.940006e-002
2.742877e+003;2.944640e-002
2.743360e+003;2.949155e-002
2.743842e+003;2.953755e-002
2.744324e+003;2.958553e-002
2.744806e+003;2.963670e-002
2.745288e+003;2.969188e-002
2.745770e+003;2.974998e-002
2.746252e+003;2.981109e-002
2.746735e+003;2.987465e-002
2.747217e+003;2.993972e-002
2.747699e+003;3.000603e-002
2.748181e+003;3.007255e-002
2.748663e+003;3.013845e-002
2.749145e+003;3.020296e-002
2.749627e+003;3.026629e-002
2.750110e+003;3.032833e-002
2.750592e+003;3.039095e-002
2.751074e+003;3.045416e-002
2.751556e+003;3.051916e-002
2.752038e+003;3.058494e-002
2.752520e+003;3.065066e-002
2.753002e+003;3.071461e-002
2.753485e+003;3.077484e-002
2.753967e+003;3.083164e-002
2.754449e+003;3.088611e-002
2.754931e+003;3.093994e-002
2.755413e+003;3.099698e-002
2.755895e+003;3.105873e-002
2.756377e+003;3.112668e-002
2.756859e+003;3.120028e-002
2.757342e+003;3.127710e-002
2.757824e+003;3.135423e-002
2.758306e+003;3.142839e-002
2.758788e+003;3.149742e-002
2.759270e+003;3.156056e-002
2.759752e+003;3.161836e-002
2.760234e+003;3.167281e-002
2.760717e+003;3.172596e-002
2.761199e+003;3.177998e-002
2.761681e+003;3.183740e-002
2.762163e+003;3.189935e-002
2.762645e+003;3.196677e-002
2.763127e+003;3.204033e-002
2.763609e+003;3.211919e-002
2.764092e+003;3.220240e-002
2.764574e+003;3.228847e-002
2.765056e+003;3.237486e-002
2.765538e+003;3.245967e-002
2.766020e+003;3.254113e-002
2.766502e+003;3.261810e-002
2.766984e+003;3.268983e-002
2.767467e+003;3.275762e-002
2.767949e+003;3.282299e-002
2.768431e+003;3.288772e-002
2.768913e+003;3.295464e-002
2.769395e+003;3.302574e-002
2.769877e+003;3.310346e-002
2.770359e+003;3.318868e-002
2.770841e+003;3.328043e-002
2.771323e+003;3.337694e-002
2.771806e+003;3.347510e-002
2.772288e+003;3.357093e-002
2.772770e+003;3.366114e-002
2.773252e+003;3.374391e-002
2.773734e+003;3.381925e-002
2.774216e+003;3.388989e-002
2.774698e+003;3.396018e-002
2.775181e+003;3.403531e-002
2.775663e+003;3.411843e-002
2.776145e+003;3.421189e-002
2.776627e+003;3.431418e-002
2.777109e+003;3.442220e-002
2.777591e+003;3.453102e-002
2.778073e+003;3.463677e-002
2.778556e+003;3.473582e-002
2.779038e+003;3.482828e-002
2.779520e+003;3.491565e-002
2.780002e+003;3.500079e-002
2.780484e+003;3.508643e-002
2.780966e+003;3.517581e-002
2.781448e+003;3.526873e-002
2.781931e+003;3.536473e-002
2.782413e+003;3.546199e-002
2.782895e+003;3.555815e-002
2.783377e+003;3.565151e-002
2.783859e+003;3.574176e-002
2.784341e+003;3.583006e-002
2.784823e+003;3.591829e-002
2.785305e+003;3.600931e-002
2.785788e+003;3.610580e-002
2.786270e+003;3.620983e-002
2.786752e+003;3.632275e-002
2.787234e+003;3.644371e-002
2.787716e+003;3.657102e-002
2.788198e+003;3.670065e-002
2.788680e+003;3.682863e-002
2.789163e+003;3.694971e-002
2.789645e+003;3.706045e-002
2.790127e+003;3.715875e-002
2.790609e+003;3.724441e-002
2.791091e+003;3.732026e-002
2.791573e+003;3.739024e-002
2.792055e+003;3.745938e-002
2.792538e+003;3.753170e-002
2.793020e+003;3.761045e-002
2.793502e+003;3.769628e-002
2.793984e+003;3.778912e-002
2.794466e+003;3.788676e-002
2.794948e+003;3.798818e-002
2.795430e+003;3.809232e-002
2.795913e+003;3.819964e-002
2.796395e+003;3.831122e-002
2.796877e+003;3.842849e-002
2.797359e+003;3.855155e-002
2.797841e+003;3.868030e-002
2.798323e+003;3.881256e-002
2.798805e+003;3.894525e-002
2.799288e+003;3.907533e-002
2.799770e+003;3.920075e-002
2.800252e+003;3.932029e-002
2.800734e+003;3.943346e-002
2.801216e+003;3.954140e-002
2.801698e+003;3.964506e-002
2.802180e+003;3.974666e-002
2.802662e+003;3.984753e-002
2.803145e+003;3.994950e-002
2.803627e+003;4.005409e-002
2.804109e+003;4.016354e-002
2.804591e+003;4.027927e-002
2.805073e+003;4.040196e-002
2.805555e+003;4.053143e-002
2.806037e+003;4.066547e-002
2.806520e+003;4.080149e-002
2.807002e+003;4.093651e-002
2.807484e+003;4.106842e-002
2.807966e+003;4.119586e-002
2.808448e+003;4.131988e-002
2.808930e+003;4.144175e-002
2.809412e+003;4.156395e-002
2.809895e+003;4.168793e-002
2.810377e+003;4.181477e-002
2.810859e+003;4.194339e-002
2.811341e+003;4.207293e-002
2.811823e+003;4.220252e-002
2.812305e+003;4.233169e-002
2.812787e+003;4.246111e-002
2.813270e+003;4.259289e-002
2.813752e+003;4.272927e-002
2.814234e+003;4.287169e-002
2.814716e+003;4.301988e-002
2.815198e+003;4.317276e-002
2.815680e+003;4.332688e-002
2.816162e+003;4.347903e-002
2.816645e+003;4.362603e-002
2.817126e+003;4.376670e-002
2.817609e+003;4.390124e-002
2.818091e+003;4.403188e-002
2.818573e+003;4.416110e-002
2.819055e+003;4.429262e-002
2.819537e+003;4.442864e-002
2.820019e+003;4.457044e-002
2.820501e+003;4.471841e-002
2.820984e+003;4.487167e-002
2.821466e+003;4.502937e-002
2.821948e+003;4.518995e-002
2.822430e+003;4.535303e-002
2.822912e+003;4.551627e-002
2.823394e+003;4.567930e-002
2.823876e+003;4.583939e-002
2.824359e+003;4.599470e-002
2.824841e+003;4.614453e-002
2.825323e+003;4.628753e-002
2.825805e+003;4.642513e-002
2.826287e+003;4.655998e-002
2.826769e+003;4.669547e-002
2.827251e+003;4.683471e-002
2.827734e+003;4.697946e-002
2.828216e+003;4.713051e-002
2.828698e+003;4.728639e-002
2.829180e+003;4.744488e-002
2.829662e+003;4.760393e-002
2.830144e+003;4.776226e-002
2.830626e+003;4.792067e-002
2.831109e+003;4.808070e-002
2.831591e+003;4.824500e-002
2.832073e+003;4.841561e-002
2.832555e+003;4.859305e-002
2.833037e+003;4.877701e-002
2.833519e+003;4.896564e-002
2.834001e+003;4.915692e-002
2.834483e+003;4.934836e-002
2.834966e+003;4.953893e-002
2.835448e+003;4.972684e-002
2.835930e+003;4.991113e-002
2.836412e+003;5.009130e-002
2.836894e+003;5.026595e-002
2.837376e+003;5.043559e-002
2.837858e+003;5.060188e-002
2.838341e+003;5.076717e-002
2.838823e+003;5.093616e-002
2.839305e+003;5.111278e-002
2.839787e+003;5.130027e-002
2.840269e+003;5.149912e-002
2.840751e+003;5.170660e-002
2.841233e+003;5.191831e-002
2.841716e+003;5.212827e-002
2.842198e+003;5.233085e-002
2.842680e+003;5.252330e-002
2.843162e+003;5.270611e-002
2.843644e+003;5.288183e-002
2.844126e+003;5.305508e-002
2.844608e+003;5.323095e-002
2.845091e+003;5.341301e-002
2.845573e+003;5.360411e-002
2.846055e+003;5.380386e-002
2.846537e+003;5.401307e-002
2.847019e+003;5.423037e-002
2.847501e+003;5.445507e-002
2.847983e+003;5.468678e-002
2.848466e+003;5.492423e-002
2.848948e+003;5.516634e-002
2.849430e+003;5.541173e-002
2.849912e+003;5.565795e-002
2.850394e+003;5.590447e-002
2.850876e+003;5.614797e-002
2.851358e+003;5.638872e-002
2.851840e+003;5.662505e-002
2.852323e+003;5.685565e-002
2.852805e+003;5.708033e-002
2.853287e+003;5.729819e-002
2.853769e+003;5.750901e-002
2.854251e+003;5.771331e-002
2.854733e+003;5.791225e-002
2.855215e+003;5.810662e-002
2.855698e+003;5.829841e-002
2.856180e+003;5.848740e-002
2.856662e+003;5.867400e-002
2.857144e+003;5.885791e-002
2.857626e+003;5.903902e-002
2.858108e+003;5.921723e-002
2.858590e+003;5.939423e-002
2.859073e+003;5.957180e-002
2.859555e+003;5.975184e-002
2.860037e+003;5.993694e-002
2.860519e+003;6.012728e-002
2.861001e+003;6.032430e-002
2.861483e+003;6.052805e-002
2.861965e+003;6.073909e-002
2.862448e+003;6.095750e-002
2.862930e+003;6.118387e-002
2.863412e+003;6.141634e-002
2.863894e+003;6.165320e-002
2.864376e+003;6.189070e-002
2.864858e+003;6.212432e-002
2.865340e+003;6.235036e-002
2.865823e+003;6.256773e-002
2.866304e+003;6.277830e-002
2.866787e+003;6.298628e-002
2.867269e+003;6.319856e-002
2.867751e+003;6.342194e-002
2.868233e+003;6.366143e-002
2.868715e+003;6.391913e-002
2.869197e+003;6.419379e-002
2.869679e+003;6.448133e-002
2.870162e+003;6.477652e-002
2.870644e+003;6.507367e-002
2.871126e+003;6.536839e-002
2.871608e+003;6.565704e-002
2.872090e+003;6.593823e-002
2.872572e+003;6.621081e-002
2.873054e+003;6.647442e-002
2.873537e+003;6.672883e-002
2.874019e+003;6.697361e-002
2.874501e+003;6.720917e-002
2.874983e+003;6.743619e-002
2.875465e+003;6.765589e-002
2.875947e+003;6.787116e-002
2.876429e+003;6.808432e-002
2.876912e+003;6.829949e-002
2.877394e+003;6.852040e-002
2.877876e+003;6.874958e-002
2.878358e+003;6.898864e-002
2.878840e+003;6.923790e-002
2.879322e+003;6.949516e-002
2.879804e+003;6.975739e-002
2.880287e+003;7.002077e-002
2.880769e+003;7.028235e-002
2.881251e+003;7.054045e-002
2.881733e+003;7.079533e-002
2.882215e+003;7.104902e-002
2.882697e+003;7.130376e-002
2.883179e+003;7.156136e-002
2.883661e+003;7.182313e-002
2.884144e+003;7.208867e-002
2.884626e+003;7.235599e-002
2.885108e+003;7.262435e-002
2.885590e+003;7.289254e-002
2.886072e+003;7.316096e-002
2.886554e+003;7.343074e-002
2.887036e+003;7.370209e-002
2.887519e+003;7.397550e-002
2.888001e+003;7.424926e-002
2.888483e+003;7.452103e-002
2.888965e+003;7.478826e-002
2.889447e+003;7.504993e-002
2.889929e+003;7.530503e-002
2.890411e+003;7.555507e-002
2.890894e+003;7.580198e-002
2.891376e+003;7.604799e-002
2.891858e+003;7.629433e-002
2.892340e+003;7.653986e-002
2.892822e+003;7.678502e-002
2.893304e+003;7.702764e-002
2.893786e+003;7.726692e-002
2.894269e+003;7.750437e-002
2.894751e+003;7.774235e-002
2.895233e+003;7.798503e-002
2.895715e+003;7.823732e-002
2.896197e+003;7.850447e-002
2.896679e+003;7.879094e-002
2.897161e+003;7.910006e-002
2.897644e+003;7.943461e-002
2.898125e+003;7.979544e-002
2.898608e+003;8.018206e-002
2.899090e+003;8.059216e-002
2.899572e+003;8.102220e-002
2.900054e+003;8.146697e-002
2.900536e+003;8.191919e-002
2.901018e+003;8.237255e-002
2.901500e+003;8.281923e-002
2.901983e+003;8.325274e-002
2.902465e+003;8.366803e-002
2.902947e+003;8.406179e-002
2.903429e+003;8.443245e-002
2.903911e+003;8.478158e-002
2.904393e+003;8.511282e-002
2.904875e+003;8.543094e-002
2.905358e+003;8.574235e-002
2.905840e+003;8.605197e-002
2.906322e+003;8.636452e-002
2.906804e+003;8.668210e-002
2.907286e+003;8.700471e-002
2.907768e+003;8.733152e-002
2.908250e+003;8.766109e-002
2.908733e+003;8.799116e-002
2.909215e+003;8.832078e-002
2.909697e+003;8.864935e-002
2.910179e+003;8.897613e-002
2.910661e+003;8.930114e-002
2.911143e+003;8.962415e-002
2.911625e+003;8.994525e-002
2.912108e+003;9.026624e-002
2.912590e+003;9.058945e-002
2.913072e+003;9.091752e-002
2.913554e+003;9.125479e-002
2.914036e+003;9.160358e-002
2.914518e+003;9.196637e-002
2.915000e+003;9.234318e-002
2.915482e+003;9.273425e-002
2.915965e+003;9.313929e-002
2.916447e+003;9.355811e-002
2.916929e+003;9.399123e-002
2.917411e+003;9.443941e-002
2.917893e+003;9.490196e-002
2.918375e+003;9.537513e-002
2.918857e+003;9.585375e-002
2.919340e+003;9.632994e-002
2.919822e+003;9.679667e-002
2.920304e+003;9.724896e-002
2.920786e+003;9.768534e-002
2.921268e+003;9.811008e-002
2.921750e+003;9.852870e-002
2.922232e+003;9.894979e-002
2.922715e+003;9.938034e-002
2.923197e+003;9.982438e-002
2.923679e+003;1.002830e-001
2.924161e+003;1.007534e-001
2.924643e+003;1.012320e-001
2.925125e+003;1.017131e-001
2.925607e+003;1.021913e-001
2.926090e+003;1.026614e-001
2.926572e+003;1.031185e-001
2.927054e+003;1.035584e-001
2.927536e+003;1.039795e-001
2.928018e+003;1.043808e-001
2.928500e+003;1.047658e-001
2.928982e+003;1.051404e-001
2.929465e+003;1.055121e-001
2.929947e+003;1.058893e-001
2.930429e+003;1.062786e-001
2.930911e+003;1.066833e-001
2.931393e+003;1.071038e-001
2.931875e+003;1.075365e-001
2.932357e+003;1.079777e-001
2.932839e+003;1.084242e-001
2.933322e+003;1.088734e-001
2.933804e+003;1.093252e-001
2.934286e+003;1.097806e-001
2.934768e+003;1.102418e-001
2.935250e+003;1.107081e-001
2.935732e+003;1.111785e-001
2.936214e+003;1.116498e-001
2.936697e+003;1.121188e-001
2.937179e+003;1.125805e-001
2.937661e+003;1.130326e-001
2.938143e+003;1.134727e-001
2.938625e+003;1.139004e-001
2.939107e+003;1.143168e-001
2.939589e+003;1.147243e-001
2.940072e+003;1.151259e-001
2.940554e+003;1.155250e-001
2.941036e+003;1.159243e-001
2.941518e+003;1.163248e-001
2.942000e+003;1.167257e-001
2.942482e+003;1.171248e-001
2.942964e+003;1.175188e-001
2.943447e+003;1.179056e-001
2.943929e+003;1.182859e-001
2.944411e+003;1.186653e-001
2.944893e+003;1.190533e-001
2.945375e+003;1.194620e-001
2.945857e+003;1.199037e-001
2.946339e+003;1.203873e-001
2.946822e+003;1.209138e-001
2.947303e+003;1.214769e-001
2.947786e+003;1.220624e-001
2.948268e+003;1.226522e-001
2.948750e+003;1.232288e-001
2.949232e+003;1.237792e-001
2.949714e+003;1.242969e-001
2.950196e+003;1.247843e-001
2.950678e+003;1.252481e-001
2.951161e+003;1.256991e-001
2.951643e+003;1.261459e-001
2.952125e+003;1.265956e-001
2.952607e+003;1.270511e-001
2.953089e+003;1.275133e-001
2.953571e+003;1.279827e-001
2.954053e+003;1.284576e-001
2.954536e+003;1.289388e-001
2.955018e+003;1.294259e-001
2.955500e+003;1.299182e-001
2.955982e+003;1.304134e-001
2.956464e+003;1.309088e-001
2.956946e+003;1.314016e-001
2.957428e+003;1.318905e-001
2.957911e+003;1.323771e-001
2.958393e+003;1.328672e-001
2.958875e+003;1.333679e-001
2.959357e+003;1.338867e-001
2.959839e+003;1.344288e-001
2.960321e+003;1.349946e-001
2.960803e+003;1.355799e-001
2.961286e+003;1.361771e-001
2.961768e+003;1.367767e-001
2.962250e+003;1.373706e-001
2.962732e+003;1.379530e-001
2.963214e+003;1.385220e-001
2.963696e+003;1.390792e-001
2.964178e+003;1.396280e-001
2.964660e+003;1.401730e-001
2.965143e+003;1.407187e-001
2.965625e+003;1.412697e-001
2.966107e+003;1.418297e-001
2.966589e+003;1.424026e-001
2.967071e+003;1.429904e-001
2.967553e+003;1.435943e-001
2.968035e+003;1.442126e-001
2.968518e+003;1.448421e-001
2.969000e+003;1.454786e-001
2.969482e+003;1.461175e-001
2.969964e+003;1.467571e-001
2.970446e+003;1.473968e-001
2.970928e+003;1.480390e-001
2.971410e+003;1.486872e-001
2.971893e+003;1.493438e-001
2.972375e+003;1.500090e-001
2.972857e+003;1.506808e-001
2.973339e+003;1.513550e-001
2.973821e+003;1.520278e-001
2.974303e+003;1.526966e-001
2.974785e+003;1.533623e-001
2.975268e+003;1.540280e-001
2.975750e+003;1.546967e-001
2.976232e+003;1.553712e-001
2.976714e+003;1.560521e-001
2.977196e+003;1.567360e-001
2.977678e+003;1.574197e-001
2.978160e+003;1.580994e-001
2.978643e+003;1.587747e-001
2.979125e+003;1.594490e-001
2.979607e+003;1.601271e-001
2.980089e+003;1.608154e-001
2.980571e+003;1.615193e-001
2.981053e+003;1.622394e-001
2.981535e+003;1.629736e-001
2.982017e+003;1.637168e-001
2.982500e+003;1.644635e-001
2.982982e+003;1.652087e-001
2.983464e+003;1.659504e-001
2.983946e+003;1.666898e-001
2.984428e+003;1.674286e-001
2.984910e+003;1.681695e-001
2.985392e+003;1.689152e-001
2.985875e+003;1.696663e-001
2.986357e+003;1.704231e-001
2.986839e+003;1.711858e-001
2.987321e+003;1.719550e-001
2.987803e+003;1.727326e-001
2.988285e+003;1.735187e-001
2.988767e+003;1.743147e-001
2.989250e+003;1.751192e-001
2.989732e+003;1.759310e-001
2.990214e+003;1.767484e-001
2.990696e+003;1.775698e-001
2.991178e+003;1.783955e-001
2.991660e+003;1.792260e-001
2.992142e+003;1.800624e-001
2.992625e+003;1.809032e-001
2.993107e+003;1.817473e-001
2.993589e+003;1.825905e-001
2.994071e+003;1.834287e-001
2.994553e+003;1.842581e-001
2.995035e+003;1.850785e-001
2.995517e+003;1.858915e-001
2.996000e+003;1.867028e-001
2.996481e+003;1.875197e-001
2.996964e+003;1.883484e-001
2.997446e+003;1.891947e-001
2.997928e+003;1.900604e-001
2.998410e+003;1.909450e-001
2.998892e+003;1.918446e-001
2.999374e+003;1.927553e-001
2.999856e+003;1.936723e-001
3.000339e+003;1.945921e-001
3.000821e+003;1.955117e-001
3.001303e+003;1.964304e-001
3.001785e+003;1.973482e-001
3.002267e+003;1.982666e-001
3.002749e+003;1.991878e-001
3.003231e+003;2.001136e-001
3.003714e+003;2.010473e-001
3.004196e+003;2.019903e-001
3.004678e+003;2.029437e-001
3.005160e+003;2.039064e-001
3.005642e+003;2.048761e-001
3.006124e+003;2.058496e-001
3.006606e+003;2.068246e-001
3.007089e+003;2.077993e-001
3.007571e+003;2.087747e-001
3.008053e+003;2.097530e-001
3.008535e+003;2.107371e-001
3.009017e+003;2.117298e-001
3.009499e+003;2.127319e-001
3.009981e+003;2.137441e-001
3.010464e+003;2.147633e-001
3.010946e+003;2.157866e-001
3.011428e+003;2.168117e-001
3.011910e+003;2.178358e-001
3.012392e+003;2.188595e-001
3.012874e+003;2.198843e-001
3.013356e+003;2.209123e-001
3.013838e+003;2.219470e-001
3.014321e+003;2.229899e-001
3.014803e+003;2.240428e-001
3.015285e+003;2.251057e-001
3.015767e+003;2.261788e-001
3.016249e+003;2.272601e-001
3.016731e+003;2.283493e-001
3.017213e+003;2.294454e-001
3.017696e+003;2.305487e-001
3.018178e+003;2.316593e-001
3.018660e+003;2.327790e-001
3.019142e+003;2.339075e-001
3.019624e+003;2.350458e-001
3.020106e+003;2.361911e-001
3.020588e+003;2.373416e-001
3.021071e+003;2.384925e-001
3.021553e+003;2.396417e-001
3.022035e+003;2.407863e-001
3.022517e+003;2.419273e-001
3.022999e+003;2.430668e-001
3.023481e+003;2.442085e-001
3.023963e+003;2.453565e-001
3.024446e+003;2.465126e-001
3.024928e+003;2.476756e-001
3.025410e+003;2.488423e-001
3.025892e+003;2.500084e-001
3.026374e+003;2.511713e-001
3.026856e+003;2.523305e-001
3.027338e+003;2.534908e-001
3.027821e+003;2.546603e-001
3.028302e+003;2.558496e-001
3.028785e+003;2.570664e-001
3.029267e+003;2.583159e-001
3.029749e+003;2.595962e-001
3.030231e+003;2.609013e-001
3.030713e+003;2.622207e-001
3.031195e+003;2.635435e-001
3.031677e+003;2.648605e-001
3.032160e+003;2.661658e-001
3.032642e+003;2.674580e-001
3.033124e+003;2.687402e-001
3.033606e+003;2.700166e-001
3.034088e+003;2.712936e-001
3.034570e+003;2.725754e-001
3.035052e+003;2.738666e-001
3.035535e+003;2.751693e-001
3.036017e+003;2.764838e-001
3.036499e+003;2.778092e-001
3.036981e+003;2.791434e-001
3.037463e+003;2.804823e-001
3.037945e+003;2.818228e-001
3.038427e+003;2.831633e-001
3.038910e+003;2.845036e-001
3.039392e+003;2.858459e-001
3.039874e+003;2.871945e-001
3.040356e+003;2.885546e-001
3.040838e+003;2.899309e-001
3.041320e+003;2.913247e-001
3.041802e+003;2.927358e-001
3.042285e+003;2.941608e-001
3.042767e+003;2.955936e-001
3.043249e+003;2.970279e-001
3.043731e+003;2.984581e-001
3.044213e+003;2.998794e-001
3.044695e+003;3.012915e-001
3.045177e+003;3.026957e-001
3.045659e+003;3.040959e-001
3.046142e+003;3.054980e-001
3.046624e+003;3.069087e-001
3.047106e+003;3.083339e-001
3.047588e+003;3.097768e-001
3.048070e+003;3.112389e-001
3.048552e+003;3.127181e-001
3.049034e+003;3.142100e-001
3.049517e+003;3.157099e-001
3.049999e+003;3.172121e-001
3.050481e+003;3.187160e-001
3.050963e+003;3.202205e-001
3.051445e+003;3.217289e-001
3.051927e+003;3.232448e-001
3.052409e+003;3.247722e-001
3.052892e+003;3.263105e-001
3.053374e+003;3.278604e-001
3.053856e+003;3.294199e-001
3.054338e+003;3.309859e-001
3.054820e+003;3.325574e-001
3.055302e+003;3.341349e-001
3.055784e+003;3.357191e-001
3.056267e+003;3.373121e-001
3.056749e+003;3.389137e-001
3.057231e+003;3.405232e-001
3.057713e+003;3.421369e-001
3.058195e+003;3.437518e-001
3.058677e+003;3.453646e-001
3.059159e+003;3.469755e-001
3.059642e+003;3.485853e-001
3.060124e+003;3.501996e-001
3.060606e+003;3.518237e-001
3.061088e+003;3.534637e-001
3.061570e+003;3.551241e-001
3.062052e+003;3.568070e-001
3.062534e+003;3.585122e-001
3.063016e+003;3.602369e-001
3.063499e+003;3.619768e-001
3.063981e+003;3.637280e-001
3.064463e+003;3.654847e-001
3.064945e+003;3.672444e-001
3.065427e+003;3.690036e-001
3.065909e+003;3.707612e-001
3.066391e+003;3.725165e-001
3.066874e+003;3.742693e-001
3.067356e+003;3.760197e-001
3.067838e+003;3.777677e-001
3.068320e+003;3.795139e-001
3.068802e+003;3.812595e-001
3.069284e+003;3.830060e-001
3.069766e+003;3.847555e-001
3.070249e+003;3.865088e-001
3.070731e+003;3.882674e-001
3.071213e+003;3.900303e-001
3.071695e+003;3.917968e-001
3.072177e+003;3.935655e-001
3.072659e+003;3.953373e-001
3.073141e+003;3.971150e-001
3.073624e+003;3.989039e-001
3.074106e+003;4.007111e-001
3.074588e+003;4.025427e-001
3.075070e+003;4.044009e-001
3.075552e+003;4.062859e-001
3.076034e+003;4.081912e-001
3.076516e+003;4.101096e-001
3.076999e+003;4.120336e-001
3.077480e+003;4.139578e-001
3.077963e+003;4.158809e-001
3.078445e+003;4.178057e-001
3.078927e+003;4.197352e-001
3.079409e+003;4.216720e-001
3.079891e+003;4.236173e-001
3.080373e+003;4.255693e-001
3.080855e+003;4.275242e-001
3.081338e+003;4.294797e-001
3.081820e+003;4.314350e-001
3.082302e+003;4.333907e-001
3.082784e+003;4.353489e-001
3.083266e+003;4.373122e-001
3.083748e+003;4.392800e-001
3.084230e+003;4.412511e-001
3.084713e+003;4.432240e-001
3.085195e+003;4.451982e-001
3.085677e+003;4.471760e-001
3.086159e+003;4.491634e-001
3.086641e+003;4.511664e-001
3.087123e+003;4.531908e-001
3.087605e+003;4.552375e-001
3.088088e+003;4.573037e-001
3.088570e+003;4.593813e-001
3.089052e+003;4.614616e-001
3.089534e+003;4.635374e-001
3.090016e+003;4.656041e-001
3.090498e+003;4.676633e-001
3.090980e+003;4.697202e-001
3.091463e+003;4.717811e-001
3.091945e+003;4.738522e-001
3.092427e+003;4.759376e-001
3.092909e+003;4.780375e-001
3.093391e+003;4.801505e-001
3.093873e+003;4.822749e-001
3.094355e+003;4.844075e-001
3.094837e+003;4.865480e-001
3.095320e+003;4.886957e-001
3.095802e+003;4.908508e-001
3.096284e+003;4.930134e-001
3.096766e+003;4.951831e-001
3.097248e+003;4.973598e-001
3.097730e+003;4.995421e-001
3.098212e+003;5.017278e-001
3.098695e+003;5.039155e-001
3.099177e+003;5.061027e-001
3.099659e+003;5.082884e-001
3.100141e+003;5.104733e-001
3.100623e+003;5.126603e-001
3.101105e+003;5.148542e-001
3.101587e+003;5.170615e-001
3.102070e+003;5.192863e-001
3.102552e+003;5.215309e-001
3.103034e+003;5.237930e-001
3.103516e+003;5.260655e-001
3.103998e+003;5.283411e-001
3.104480e+003;5.306122e-001
3.104962e+003;5.328756e-001
3.105445e+003;5.351332e-001
3.105927e+003;5.373902e-001
3.106409e+003;5.396541e-001
3.106891e+003;5.419310e-001
3.107373e+003;5.442234e-001
3.107855e+003;5.465285e-001
3.108337e+003;5.488414e-001
3.108820e+003;5.511548e-001
3.109302e+003;5.534650e-001
3.109784e+003;5.557709e-001
3.110266e+003;5.580755e-001
3.110748e+003;5.603846e-001
3.111230e+003;5.627039e-001
3.111712e+003;5.650370e-001
3.112194e+003;5.673845e-001
3.112677e+003;5.697435e-001
3.113159e+003;5.721105e-001
3.113641e+003;5.744796e-001
3.114123e+003;5.768489e-001
3.114605e+003;5.792177e-001
3.115087e+003;5.815889e-001
3.115569e+003;5.839676e-001
3.116052e+003;5.863579e-001
3.116534e+003;5.887617e-001
3.117016e+003;5.911770e-001
3.117498e+003;5.935959e-001
3.117980e+003;5.960094e-001
3.118462e+003;5.984069e-001
3.118944e+003;6.007844e-001
3.119427e+003;6.031452e-001
3.119909e+003;6.055022e-001
3.120391e+003;6.078755e-001
3.120873e+003;6.102886e-001
3.121355e+003;6.127614e-001
3.121837e+003;6.153020e-001
3.122319e+003;6.179036e-001
3.122802e+003;6.205456e-001
3.123284e+003;6.231982e-001
3.123766e+003;6.258288e-001
3.124248e+003;6.284122e-001
3.124730e+003;6.309357e-001
3.125212e+003;6.333992e-001
3.125694e+003;6.358171e-001
3.126177e+003;6.382067e-001
3.126658e+003;6.405882e-001
3.127141e+003;6.429757e-001
3.127623e+003;6.453785e-001
3.128105e+003;6.477988e-001
3.128587e+003;6.502343e-001
3.129069e+003;6.526809e-001
3.129551e+003;6.551356e-001
3.130033e+003;6.575949e-001
3.130516e+003;6.600596e-001
3.130998e+003;6.625307e-001
3.131480e+003;6.650118e-001
3.131962e+003;6.675056e-001
3.132444e+003;6.700154e-001
3.132926e+003;6.725411e-001
3.133408e+003;6.750818e-001
3.133891e+003;6.776343e-001
3.134373e+003;6.801942e-001
3.134855e+003;6.827582e-001
3.135337e+003;6.853240e-001
3.135819e+003;6.878918e-001
3.136301e+003;6.904629e-001
3.136783e+003;6.930383e-001
3.137266e+003;6.956171e-001
3.137748e+003;6.981959e-001
3.138230e+003;7.007697e-001
3.138712e+003;7.033342e-001
3.139194e+003;7.058855e-001
3.139676e+003;7.084254e-001
3.140158e+003;7.109559e-001
3.140641e+003;7.134829e-001
3.141123e+003;7.160103e-001
3.141605e+003;7.185410e-001
3.142087e+003;7.210760e-001
3.142569e+003;7.236133e-001
3.143051e+003;7.261535e-001
3.143533e+003;7.286972e-001
3.144015e+003;7.312470e-001
3.144498e+003;7.338054e-001
3.144980e+003;7.363732e-001
3.145462e+003;7.389464e-001
3.145944e+003;7.415186e-001
3.146426e+003;7.440803e-001
3.146908e+003;7.466256e-001
3.147390e+003;7.491512e-001
3.147873e+003;7.516599e-001
3.148355e+003;7.541581e-001
3.148837e+003;7.566543e-001
3.149319e+003;7.591562e-001
3.149801e+003;7.616678e-001
3.150283e+003;7.641907e-001
3.150765e+003;7.667244e-001
3.151248e+003;7.692692e-001
3.151730e+003;7.718255e-001
3.152212e+003;7.743940e-001
3.152694e+003;7.769745e-001
3.153176e+003;7.795626e-001
3.153658e+003;7.821512e-001
3.154140e+003;7.847289e-001
3.154623e+003;7.872868e-001
3.155105e+003;7.898178e-001
3.155587e+003;7.923209e-001
3.156069e+003;7.947997e-001
3.156551e+003;7.972630e-001
3.157033e+003;7.997186e-001
3.157515e+003;8.021734e-001
3.157998e+003;8.046315e-001
3.158479e+003;8.070937e-001
3.158962e+003;8.095603e-001
3.159444e+003;8.120304e-001
3.159926e+003;8.145040e-001
3.160408e+003;8.169809e-001
3.160890e+003;8.194593e-001
3.161372e+003;8.219362e-001
3.161854e+003;8.244087e-001
3.162337e+003;8.268740e-001
3.162819e+003;8.293329e-001
3.163301e+003;8.317897e-001
3.163783e+003;8.342507e-001
3.164265e+003;8.367237e-001
3.164747e+003;8.392121e-001
3.165229e+003;8.417152e-001
3.165712e+003;8.442264e-001
3.166194e+003;8.467352e-001
3.166676e+003;8.492304e-001
3.167158e+003;8.517033e-001
3.167640e+003;8.541486e-001
3.168122e+003;8.565661e-001
3.168604e+003;8.589576e-001
3.169087e+003;8.613290e-001
3.169569e+003;8.636836e-001
3.170051e+003;8.660274e-001
3.170533e+003;8.683636e-001
3.171015e+003;8.706961e-001
3.171497e+003;8.730277e-001
3.171979e+003;8.753608e-001
3.172461e+003;8.776951e-001
3.172944e+003;8.800316e-001
3.173426e+003;8.823678e-001
3.173908e+003;8.847039e-001
3.174390e+003;8.870396e-001
3.174872e+003;8.893772e-001
3.175354e+003;8.917179e-001
3.175836e+003;8.940634e-001
3.176319e+003;8.964128e-001
3.176801e+003;8.987608e-001
3.177283e+003;9.011008e-001
3.177765e+003;9.034252e-001
3.178247e+003;9.057284e-001
3.178729e+003;9.080080e-001
3.179211e+003;9.102627e-001
3.179694e+003;9.124961e-001
3.180176e+003;9.147111e-001
3.180658e+003;9.169101e-001
3.181140e+003;9.190959e-001
3.181622e+003;9.212680e-001
3.182104e+003;9.234279e-001
3.182586e+003;9.255778e-001
3.183069e+003;9.277188e-001
3.183551e+003;9.298537e-001
3.184033e+003;9.319845e-001
3.184515e+003;9.341142e-001
3.184997e+003;9.362426e-001
3.185479e+003;9.383709e-001
3.185961e+003;9.404995e-001
3.186444e+003;9.426268e-001
3.186926e+003;9.447513e-001
3.187408e+003;9.468700e-001
3.187890e+003;9.489782e-001
3.188372e+003;9.510708e-001
3.188854e+003;9.531431e-001
3.189336e+003;9.551937e-001
3.189818e+003;9.572206e-001
3.190301e+003;9.592250e-001
3.190783e+003;9.612077e-001
3.191265e+003;9.631700e-001
3.191747e+003;9.651128e-001
3.192229e+003;9.670389e-001
3.192711e+003;9.689521e-001
3.193193e+003;9.708622e-001
3.193676e+003;9.727785e-001
3.194158e+003;9.747120e-001
3.194640e+003;9.766665e-001
3.195122e+003;9.786422e-001
3.195604e+003;9.806278e-001
3.196086e+003;9.826082e-001
3.196568e+003;9.845655e-001
3.197051e+003;9.864863e-001
3.197533e+003;9.883636e-001
3.198015e+003;9.902014e-001
3.198497e+003;9.920058e-001
3.198979e+003;9.937903e-001
3.199461e+003;9.955619e-001
3.199943e+003;9.973266e-001
3.200426e+003;9.990839e-001
3.200908e+003;1.000831e+000
3.201390e+003;1.002564e+000
3.201872e+003;1.004281e+000
3.202354e+003;1.005980e+000
3.202836e+003;1.007663e+000
3.203318e+003;1.009328e+000
3.203801e+003;1.010973e+000
3.204282e+003;1.012597e+000
3.204765e+003;1.014201e+000
3.205247e+003;1.015786e+000
3.205729e+003;1.017355e+000
3.206211e+003;1.018914e+000
3.206693e+003;1.020467e+000
3.207175e+003;1.022015e+000
3.207657e+003;1.023559e+000
3.208140e+003;1.025098e+000
3.208622e+003;1.026628e+000
3.209104e+003;1.028148e+000
3.209586e+003;1.029654e+000
3.210068e+003;1.031140e+000
3.210550e+003;1.032602e+000
3.211032e+003;1.034033e+000
3.211515e+003;1.035431e+000
3.211997e+003;1.036797e+000
3.212479e+003;1.038138e+000
3.212961e+003;1.039471e+000
3.213443e+003;1.040808e+000
3.213925e+003;1.042160e+000
3.214407e+003;1.043525e+000
3.214890e+003;1.044894e+000
3.215372e+003;1.046245e+000
3.215854e+003;1.047558e+000
3.216336e+003;1.048818e+000
3.216818e+003;1.050024e+000
3.217300e+003;1.051188e+000
3.217782e+003;1.052330e+000
3.218265e+003;1.053474e+000
3.218747e+003;1.054636e+000
3.219229e+003;1.055823e+000
3.219711e+003;1.057029e+000
3.220193e+003;1.058244e+000
3.220675e+003;1.059454e+000
3.221157e+003;1.060648e+000
3.221639e+003;1.061819e+000
3.222122e+003;1.062965e+000
3.222604e+003;1.064082e+000
3.223086e+003;1.065167e+000
3.223568e+003;1.066215e+000
3.224050e+003;1.067222e+000
3.224532e+003;1.068188e+000
3.225014e+003;1.069119e+000
3.225497e+003;1.070025e+000
3.225979e+003;1.070916e+000
3.226461e+003;1.071802e+000
3.226943e+003;1.072688e+000
3.227425e+003;1.073574e+000
3.227907e+003;1.074457e+000
3.228389e+003;1.075335e+000
3.228872e+003;1.076208e+000
3.229354e+003;1.077078e+000
3.229836e+003;1.077951e+000
3.230318e+003;1.078830e+000
3.230800e+003;1.079715e+000
3.231282e+003;1.080604e+000
3.231764e+003;1.081493e+000
3.232247e+003;1.082372e+000
3.232729e+003;1.083236e+000
3.233211e+003;1.084076e+000
3.233693e+003;1.084886e+000
3.234175e+003;1.085660e+000
3.234657e+003;1.086396e+000
3.235139e+003;1.087091e+000
3.235622e+003;1.087751e+000
3.236104e+003;1.088381e+000
3.236586e+003;1.088993e+000
3.237068e+003;1.089596e+000
3.237550e+003;1.090196e+000
3.238032e+003;1.090794e+000
3.238514e+003;1.091387e+000
3.238996e+003;1.091968e+000
3.239479e+003;1.092534e+000
3.239961e+003;1.093084e+000
3.240443e+003;1.093624e+000
3.240925e+003;1.094161e+000
3.241407e+003;1.094702e+000
3.241889e+003;1.095250e+000
3.242371e+003;1.095806e+000
3.242854e+003;1.096362e+000
3.243336e+003;1.096910e+000
3.243818e+003;1.097445e+000
3.244300e+003;1.097962e+000
3.244782e+003;1.098457e+000
3.245264e+003;1.098932e+000
3.245746e+003;1.099387e+000
3.246229e+003;1.099822e+000
3.246711e+003;1.100239e+000
3.247193e+003;1.100640e+000
3.247675e+003;1.101029e+000
3.248157e+003;1.101412e+000
3.248639e+003;1.101793e+000
3.249121e+003;1.102173e+000
3.249604e+003;1.102548e+000
3.250086e+003;1.102915e+000
3.250568e+003;1.103268e+000
3.251050e+003;1.103606e+000
3.251532e+003;1.103933e+000
3.252014e+003;1.104257e+000
3.252496e+003;1.104586e+000
3.252979e+003;1.104921e+000
3.253460e+003;1.105261e+000
3.253943e+003;1.105594e+000
3.254425e+003;1.105908e+000
3.254907e+003;1.106192e+000
3.255389e+003;1.106444e+000
3.255871e+003;1.106670e+000
3.256353e+003;1.106883e+000
3.256835e+003;1.107099e+000
3.257318e+003;1.107326e+000
3.257800e+003;1.107569e+000
3.258282e+003;1.107819e+000
3.258764e+003;1.108068e+000
3.259246e+003;1.108302e+000
3.259728e+003;1.108516e+000
3.260210e+003;1.108710e+000
3.260693e+003;1.108890e+000
3.261175e+003;1.109064e+000
3.261657e+003;1.109240e+000
3.262139e+003;1.109421e+000
3.262621e+003;1.109607e+000
3.263103e+003;1.109794e+000
3.263585e+003;1.109979e+000
3.264068e+003;1.110156e+000
3.264550e+003;1.110322e+000
3.265032e+003;1.110477e+000
3.265514e+003;1.110621e+000
3.265996e+003;1.110759e+000
3.266478e+003;1.110896e+000
3.266960e+003;1.111035e+000
3.267443e+003;1.111180e+000
3.267925e+003;1.111333e+000
3.268407e+003;1.111490e+000
3.268889e+003;1.111647e+000
3.269371e+003;1.111794e+000
3.269853e+003;1.111926e+000
3.270335e+003;1.112044e+000
3.270817e+003;1.112149e+000
3.271300e+003;1.112250e+000
3.271782e+003;1.112353e+000
3.272264e+003;1.112464e+000
3.272746e+003;1.112583e+000
3.273228e+003;1.112707e+000
3.273710e+003;1.112833e+000
3.274192e+003;1.112958e+000
3.274675e+003;1.113081e+000
3.275157e+003;1.113205e+000
3.275639e+003;1.113333e+000
3.276121e+003;1.113466e+000
3.276603e+003;1.113599e+000
3.277085e+003;1.113727e+000
3.277567e+003;1.113845e+000
3.278050e+003;1.113952e+000
3.278532e+003;1.114050e+000
3.279014e+003;1.114146e+000
3.279496e+003;1.114244e+000
3.279978e+003;1.114346e+000
3.280460e+003;1.114444e+000
3.280942e+003;1.114528e+000
3.281425e+003;1.114582e+000
3.281907e+003;1.114596e+000
3.282389e+003;1.114570e+000
3.282871e+003;1.114515e+000
3.283353e+003;1.114448e+000
3.283835e+003;1.114389e+000
3.284317e+003;1.114353e+000
3.284800e+003;1.114349e+000
3.285281e+003;1.114376e+000
3.285764e+003;1.114425e+000
3.286246e+003;1.114488e+000
3.286728e+003;1.114555e+000
3.287210e+003;1.114620e+000
3.287692e+003;1.114681e+000
3.288174e+003;1.114738e+000
3.288656e+003;1.114791e+000
3.289139e+003;1.114841e+000
3.289621e+003;1.114891e+000
3.290103e+003;1.114945e+000
3.290585e+003;1.115006e+000
3.291067e+003;1.115074e+000
3.291549e+003;1.115149e+000
3.292031e+003;1.115224e+000
3.292514e+003;1.115292e+000
3.292996e+003;1.115346e+000
3.293478e+003;1.115385e+000
3.293960e+003;1.115413e+000
3.294442e+003;1.115440e+000
3.294924e+003;1.115474e+000
3.295406e+003;1.115523e+000
3.295889e+003;1.115585e+000
3.296371e+003;1.115652e+000
3.296853e+003;1.115712e+000
3.297335e+003;1.115755e+000
3.297817e+003;1.115775e+000
3.298299e+003;1.115777e+000
3.298781e+003;1.115770e+000
3.299264e+003;1.115768e+000
3.299746e+003;1.115779e+000
3.300228e+003;1.115810e+000
3.300710e+003;1.115858e+000
3.301192e+003;1.115920e+000
3.301674e+003;1.115991e+000
3.302156e+003;1.116068e+000
3.302638e+003;1.116150e+000
3.303121e+003;1.116236e+000
3.303603e+003;1.116326e+000
3.304085e+003;1.116413e+000
3.304567e+003;1.116491e+000
3.305049e+003;1.116551e+000
3.305531e+003;1.116588e+000
3.306013e+003;1.116600e+000
3.306496e+003;1.116587e+000
3.306978e+003;1.116555e+000
3.307460e+003;1.116508e+000
3.307942e+003;1.116453e+000
3.308424e+003;1.116396e+000
3.308906e+003;1.116343e+000
3.309388e+003;1.116303e+000
3.309871e+003;1.116284e+000
3.310353e+003;1.116293e+000
3.310835e+003;1.116335e+000
3.311317e+003;1.116406e+000
3.311799e+003;1.116501e+000
3.312281e+003;1.116608e+000
3.312763e+003;1.116716e+000
3.313246e+003;1.116812e+000
3.313728e+003;1.116889e+000
3.314210e+003;1.116943e+000
3.314692e+003;1.116971e+000
3.315174e+003;1.116974e+000
3.315656e+003;1.116955e+000
3.316138e+003;1.116919e+000
3.316621e+003;1.116876e+000
3.317103e+003;1.116838e+000
3.317585e+003;1.116817e+000
3.318067e+003;1.116820e+000
3.318549e+003;1.116847e+000
3.319031e+003;1.116893e+000
3.319513e+003;1.116947e+000
3.319995e+003;1.116998e+000
3.320478e+003;1.117037e+000
3.320960e+003;1.117062e+000
3.321442e+003;1.117079e+000
3.321924e+003;1.117089e+000
3.322406e+003;1.117099e+000
3.322888e+003;1.117103e+000
3.323370e+003;1.117096e+000
3.323853e+003;1.117069e+000
3.324335e+003;1.117019e+000
3.324817e+003;1.116947e+000
3.325299e+003;1.116864e+000
3.325781e+003;1.116782e+000
3.326263e+003;1.116714e+000
3.326745e+003;1.116664e+000
3.327228e+003;1.116629e+000
3.327710e+003;1.116597e+000
3.328192e+003;1.116557e+000
3.328674e+003;1.116498e+000
3.329156e+003;1.116418e+000
3.329638e+003;1.116323e+000
3.330120e+003;1.116222e+000
3.330603e+003;1.116124e+000
3.331085e+003;1.116035e+000
3.331567e+003;1.115955e+000
3.332049e+003;1.115878e+000
3.332531e+003;1.115797e+000
3.333013e+003;1.115702e+000
3.333495e+003;1.115583e+000
3.333978e+003;1.115438e+000
3.334459e+003;1.115262e+000
3.334942e+003;1.115058e+000
3.335424e+003;1.114833e+000
3.335906e+003;1.114597e+000
3.336388e+003;1.114361e+000
3.336870e+003;1.114139e+000
3.337352e+003;1.113934e+000
3.337834e+003;1.113751e+000
3.338317e+003;1.113580e+000
3.338799e+003;1.113415e+000
3.339281e+003;1.113245e+000
3.339763e+003;1.113068e+000
3.340245e+003;1.112887e+000
3.340727e+003;1.112710e+000
3.341209e+003;1.112544e+000
3.341692e+003;1.112393e+000
3.342174e+003;1.112251e+000
3.342656e+003;1.112104e+000
3.343138e+003;1.111935e+000
3.343620e+003;1.111727e+000
3.344102e+003;1.111469e+000
3.344584e+003;1.111163e+000
3.345067e+003;1.110813e+000
3.345549e+003;1.110433e+000
3.346031e+003;1.110035e+000
3.346513e+003;1.109629e+000
3.346995e+003;1.109224e+000
3.347477e+003;1.108829e+000
3.347959e+003;1.108450e+000
3.348442e+003;1.108097e+000
3.348924e+003;1.107773e+000
3.349406e+003;1.107478e+000
3.349888e+003;1.107203e+000
3.350370e+003;1.106932e+000
3.350852e+003;1.106648e+000
3.351334e+003;1.106333e+000
3.351816e+003;1.105977e+000
3.352299e+003;1.105581e+000
3.352781e+003;1.105149e+000
3.353263e+003;1.104692e+000
3.353745e+003;1.104217e+000
3.354227e+003;1.103735e+000
3.354709e+003;1.103248e+000
3.355191e+003;1.102762e+000
3.355674e+003;1.102280e+000
3.356156e+003;1.101807e+000
3.356638e+003;1.101344e+000
3.357120e+003;1.100889e+000
3.357602e+003;1.100434e+000
3.358084e+003;1.099966e+000
3.358566e+003;1.099469e+000
3.359049e+003;1.098932e+000
3.359531e+003;1.098349e+000
3.360013e+003;1.097723e+000
3.360495e+003;1.097063e+000
3.360977e+003;1.096381e+000
3.361459e+003;1.095691e+000
3.361941e+003;1.095002e+000
3.362424e+003;1.094320e+000
3.362906e+003;1.093652e+000
3.363388e+003;1.093000e+000
3.363870e+003;1.092366e+000
3.364352e+003;1.091745e+000
3.364834e+003;1.091129e+000
3.365316e+003;1.090500e+000
3.365799e+003;1.089839e+000
3.366281e+003;1.089130e+000
3.366763e+003;1.088366e+000
3.367245e+003;1.087552e+000
3.367727e+003;1.086709e+000
3.368209e+003;1.085859e+000
3.368691e+003;1.085029e+000
3.369173e+003;1.084230e+000
3.369656e+003;1.083464e+000
3.370138e+003;1.082718e+000
3.370620e+003;1.081973e+000
3.371102e+003;1.081211e+000
3.371584e+003;1.080424e+000
3.372066e+003;1.079609e+000
3.372548e+003;1.078771e+000
3.373031e+003;1.077917e+000
3.373513e+003;1.077049e+000
3.373995e+003;1.076166e+000
3.374477e+003;1.075264e+000
3.374959e+003;1.074337e+000
3.375441e+003;1.073384e+000
3.375923e+003;1.072409e+000
3.376406e+003;1.071418e+000
3.376888e+003;1.070419e+000
3.377370e+003;1.069415e+000
3.377852e+003;1.068404e+000
3.378334e+003;1.067383e+000
3.378816e+003;1.066347e+000
3.379298e+003;1.065295e+000
3.379781e+003;1.064229e+000
3.380263e+003;1.063157e+000
3.380745e+003;1.062088e+000
3.381227e+003;1.061029e+000
3.381709e+003;1.059984e+000
3.382191e+003;1.058948e+000
3.382673e+003;1.057913e+000
3.383156e+003;1.056865e+000
3.383637e+003;1.055789e+000
3.384120e+003;1.054674e+000
3.384602e+003;1.053511e+000
3.385084e+003;1.052300e+000
3.385566e+003;1.051048e+000
3.386048e+003;1.049768e+000
3.386530e+003;1.048475e+000
3.387012e+003;1.047184e+000
3.387495e+003;1.045907e+000
3.387977e+003;1.044647e+000
3.388459e+003;1.043399e+000
3.388941e+003;1.042155e+000
3.389423e+003;1.040901e+000
3.389905e+003;1.039632e+000
3.390387e+003;1.038343e+000
3.390870e+003;1.037037e+000
3.391352e+003;1.035720e+000
3.391834e+003;1.034396e+000
3.392316e+003;1.033070e+000
3.392798e+003;1.031742e+000
3.393280e+003;1.030410e+000
3.393762e+003;1.029072e+000
3.394245e+003;1.027726e+000
3.394727e+003;1.026374e+000
3.395209e+003;1.025015e+000
3.395691e+003;1.023649e+000
3.396173e+003;1.022272e+000
3.396655e+003;1.020875e+000
3.397137e+003;1.019452e+000
3.397620e+003;1.017999e+000
3.398102e+003;1.016517e+000
3.398584e+003;1.015013e+000
3.399066e+003;1.013495e+000
3.399548e+003;1.011973e+000
3.400030e+003;1.010449e+000
3.400512e+003;1.008926e+000
3.400994e+003;1.007399e+000
3.401477e+003;1.005868e+000
3.401959e+003;1.004331e+000
3.402441e+003;1.002788e+000
3.402923e+003;1.001242e+000
3.403405e+003;9.996971e-001
3.403887e+003;9.981483e-001
3.404369e+003;9.965923e-001
3.404852e+003;9.950218e-001
3.405334e+003;9.934285e-001
3.405816e+003;9.918084e-001
3.406298e+003;9.901617e-001
3.406780e+003;9.884918e-001
3.407262e+003;9.868045e-001
3.407744e+003;9.851053e-001
3.408227e+003;9.833995e-001
3.408709e+003;9.816909e-001
3.409191e+003;9.799842e-001
3.409673e+003;9.782836e-001
3.410155e+003;9.765932e-001
3.410637e+003;9.749141e-001
3.411119e+003;9.732468e-001
3.411602e+003;9.715852e-001
3.412084e+003;9.699214e-001
3.412566e+003;9.682497e-001
3.413048e+003;9.665661e-001
3.413530e+003;9.648721e-001
3.414012e+003;9.631728e-001
3.414494e+003;9.614715e-001
3.414977e+003;9.597718e-001
3.415458e+003;9.580666e-001
3.415941e+003;9.563474e-001
3.416423e+003;9.546021e-001
3.416905e+003;9.528226e-001
3.417387e+003;9.510092e-001
3.417869e+003;9.491681e-001
3.418351e+003;9.473123e-001
3.418833e+003;9.454556e-001
3.419316e+003;9.436075e-001
3.419798e+003;9.417736e-001
3.420280e+003;9.399522e-001
3.420762e+003;9.381427e-001
3.421244e+003;9.363433e-001
3.421726e+003;9.345557e-001
3.422208e+003;9.327824e-001
3.422691e+003;9.310228e-001
3.423173e+003;9.292688e-001
3.423655e+003;9.275076e-001
3.424137e+003;9.257205e-001
3.424619e+003;9.238913e-001
3.425101e+003;9.220107e-001
3.425583e+003;9.200795e-001
3.426066e+003;9.181097e-001
3.426548e+003;9.161205e-001
3.427030e+003;9.141329e-001
3.427512e+003;9.121637e-001
3.427994e+003;9.102237e-001
3.428476e+003;9.083176e-001
3.428958e+003;9.064443e-001
3.429441e+003;9.046006e-001
3.429923e+003;9.027805e-001
3.430405e+003;9.009785e-001
3.430887e+003;8.991837e-001
3.431369e+003;8.973846e-001
3.431851e+003;8.955682e-001
3.432333e+003;8.937244e-001
3.432815e+003;8.918483e-001
3.433298e+003;8.899424e-001
3.433780e+003;8.880160e-001
3.434262e+003;8.860826e-001
3.434744e+003;8.841543e-001
3.435226e+003;8.822390e-001
3.435708e+003;8.803383e-001
3.436190e+003;8.784500e-001
3.436673e+003;8.765669e-001
3.437155e+003;8.746845e-001
3.437637e+003;8.727986e-001
3.438119e+003;8.709084e-001
3.438601e+003;8.690125e-001
3.439083e+003;8.671086e-001
3.439565e+003;8.651930e-001
3.440048e+003;8.632621e-001
3.440530e+003;8.613126e-001
3.441012e+003;8.593459e-001
3.441494e+003;8.573668e-001
3.441976e+003;8.553854e-001
3.442458e+003;8.534120e-001
3.442940e+003;8.514555e-001
3.443423e+003;8.495242e-001
3.443905e+003;8.476211e-001
3.444387e+003;8.457467e-001
3.444869e+003;8.438994e-001
3.445351e+003;8.420725e-001
3.445833e+003;8.402599e-001
3.446315e+003;8.384498e-001
3.446798e+003;8.366314e-001
3.447280e+003;8.347939e-001
3.447762e+003;8.329304e-001
3.448244e+003;8.310408e-001
3.448726e+003;8.291315e-001
3.449208e+003;8.272154e-001
3.449690e+003;8.253070e-001
3.450172e+003;8.234174e-001
3.450655e+003;8.215513e-001
3.451137e+003;8.197044e-001
3.451619e+003;8.178655e-001
3.452101e+003;8.160214e-001
3.452583e+003;8.141591e-001
3.453065e+003;8.122726e-001
3.453547e+003;8.103638e-001
3.454030e+003;8.084381e-001
3.454512e+003;8.065064e-001
3.454994e+003;8.045780e-001
3.455476e+003;8.026590e-001
3.455958e+003;8.007533e-001
3.456440e+003;7.988610e-001
3.456922e+003;7.969798e-001
3.457405e+003;7.951093e-001
3.457887e+003;7.932483e-001
3.458369e+003;7.913984e-001
3.458851e+003;7.895582e-001
3.459333e+003;7.877283e-001
3.459815e+003;7.859056e-001
3.460297e+003;7.840860e-001
3.460780e+003;7.822633e-001
3.461262e+003;7.804323e-001
3.461744e+003;7.785864e-001
3.462226e+003;7.767231e-001
3.462708e+003;7.748421e-001
3.463190e+003;7.729467e-001
3.463672e+003;7.710447e-001
3.464155e+003;7.691449e-001
3.464636e+003;7.672564e-001
3.465119e+003;7.653869e-001
3.465601e+003;7.635381e-001
3.466083e+003;7.617077e-001
3.466565e+003;7.598895e-001
3.467047e+003;7.580751e-001
3.467529e+003;7.562557e-001
3.468011e+003;7.544286e-001
3.468494e+003;7.525924e-001
3.468976e+003;7.507522e-001
3.469458e+003;7.489133e-001
3.469940e+003;7.470823e-001
3.470422e+003;7.452621e-001
3.470904e+003;7.434521e-001
3.471386e+003;7.416497e-001
3.471869e+003;7.398496e-001
3.472351e+003;7.380447e-001
3.472833e+003;7.362323e-001
3.473315e+003;7.344087e-001
3.473797e+003;7.325737e-001
3.474279e+003;7.307278e-001
3.474761e+003;7.288744e-001
3.475244e+003;7.270161e-001
3.475726e+003;7.251571e-001
3.476208e+003;7.232985e-001
3.476690e+003;7.214435e-001
3.477172e+003;7.195928e-001
3.477654e+003;7.177460e-001
3.478136e+003;7.159042e-001
3.478619e+003;7.140665e-001
3.479101e+003;7.122355e-001
3.479583e+003;7.104136e-001
3.480065e+003;7.086016e-001
3.480547e+003;7.067999e-001
3.481029e+003;7.050045e-001
3.481511e+003;7.032084e-001
3.481993e+003;7.014031e-001
3.482476e+003;6.995803e-001
3.482958e+003;6.977363e-001
3.483440e+003;6.958751e-001
3.483922e+003;6.940072e-001
3.484404e+003;6.921505e-001
3.484886e+003;6.903213e-001
3.485368e+003;6.885322e-001
3.485851e+003;6.867853e-001
3.486333e+003;6.850708e-001
3.486815e+003;6.833698e-001
3.487297e+003;6.816587e-001
3.487779e+003;6.799161e-001
3.488261e+003;6.781306e-001
3.488743e+003;6.763018e-001
3.489226e+003;6.744416e-001
3.489708e+003;6.725680e-001
3.490190e+003;6.707010e-001
3.490672e+003;6.688552e-001
3.491154e+003;6.670380e-001
3.491636e+003;6.652467e-001
3.492118e+003;6.634741e-001
3.492601e+003;6.617098e-001
3.493083e+003;6.599456e-001
3.493565e+003;6.581766e-001
3.494047e+003;6.564020e-001
3.494529e+003;6.546242e-001
3.495011e+003;6.528447e-001
3.495493e+003;6.510647e-001
3.495976e+003;6.492856e-001
3.496458e+003;6.475042e-001
3.496940e+003;6.457211e-001
3.497422e+003;6.439351e-001
3.497904e+003;6.421472e-001
3.498386e+003;6.403587e-001
3.498868e+003;6.385707e-001
3.499350e+003;6.367856e-001
3.499833e+003;6.350067e-001
3.500315e+003;6.332355e-001
3.500797e+003;6.314759e-001
3.501279e+003;6.297304e-001
3.501761e+003;6.280007e-001
3.502243e+003;6.262853e-001
3.502725e+003;6.245800e-001
3.503208e+003;6.228769e-001
3.503690e+003;6.211682e-001
3.504172e+003;6.194453e-001
3.504654e+003;6.177027e-001
3.505136e+003;6.159382e-001
3.505618e+003;6.141525e-001
3.506100e+003;6.123503e-001
3.506583e+003;6.105366e-001
3.507065e+003;6.087176e-001
3.507547e+003;6.069010e-001
3.508029e+003;6.050921e-001
3.508511e+003;6.032970e-001
3.508993e+003;6.015191e-001
3.509475e+003;5.997613e-001
3.509958e+003;5.980214e-001
3.510440e+003;5.962939e-001
3.510922e+003;5.945716e-001
3.511404e+003;5.928463e-001
3.511886e+003;5.911110e-001
3.512368e+003;5.893641e-001
3.512850e+003;5.876065e-001
3.513333e+003;5.858445e-001
3.513814e+003;5.840831e-001
3.514297e+003;5.823276e-001
3.514779e+003;5.805792e-001
3.515261e+003;5.788352e-001
3.515743e+003;5.770905e-001
3.516225e+003;5.753400e-001
3.516707e+003;5.735792e-001
3.517189e+003;5.718089e-001
3.517672e+003;5.700306e-001
3.518154e+003;5.682498e-001
3.518636e+003;5.664719e-001
3.519118e+003;5.647025e-001
3.519600e+003;5.629445e-001
3.520082e+003;5.611998e-001
3.520564e+003;5.594671e-001
3.521047e+003;5.577433e-001
3.521529e+003;5.560251e-001
3.522011e+003;5.543065e-001
3.522493e+003;5.525829e-001
3.522975e+003;5.508516e-001
3.523457e+003;5.491116e-001
3.523939e+003;5.473639e-001
3.524422e+003;5.456142e-001
3.524904e+003;5.438684e-001
3.525386e+003;5.421314e-001
3.525868e+003;5.404083e-001
3.526350e+003;5.386996e-001
3.526832e+003;5.370046e-001
3.527314e+003;5.353191e-001
3.527797e+003;5.336385e-001
3.528279e+003;5.319571e-001
3.528761e+003;5.302705e-001
3.529243e+003;5.285724e-001
3.529725e+003;5.268597e-001
3.530207e+003;5.251307e-001
3.530689e+003;5.233856e-001
3.531171e+003;5.216289e-001
3.531654e+003;5.198678e-001
3.532136e+003;5.181129e-001
3.532618e+003;5.163734e-001
3.533100e+003;5.146568e-001
3.533582e+003;5.129660e-001
3.534064e+003;5.112998e-001
3.534546e+003;5.096541e-001
3.535029e+003;5.080215e-001
3.535511e+003;5.063955e-001
3.535993e+003;5.047694e-001
3.536475e+003;5.031379e-001
3.536957e+003;5.014967e-001
3.537439e+003;4.998415e-001
3.537921e+003;4.981683e-001
3.538404e+003;4.964770e-001
3.538886e+003;4.947699e-001
3.539368e+003;4.930525e-001
3.539850e+003;4.913341e-001
3.540332e+003;4.896220e-001
3.540814e+003;4.879223e-001
3.541296e+003;4.862342e-001
3.541779e+003;4.845529e-001
3.542261e+003;4.828713e-001
3.542743e+003;4.811820e-001
3.543225e+003;4.794837e-001
3.543707e+003;4.777789e-001
3.544189e+003;4.760758e-001
3.544671e+003;4.743830e-001
3.545154e+003;4.727073e-001
3.545635e+003;4.710504e-001
3.546118e+003;4.694101e-001
3.546600e+003;4.677791e-001
3.547082e+003;4.661513e-001
3.547564e+003;4.645213e-001
3.548046e+003;4.628860e-001
3.548528e+003;4.612452e-001
3.549010e+003;4.595979e-001
3.549493e+003;4.579429e-001
3.549975e+003;4.562814e-001
3.550457e+003;4.546152e-001
3.550939e+003;4.529509e-001
3.551421e+003;4.512997e-001
3.551903e+003;4.496733e-001
3.552385e+003;4.480813e-001
3.552868e+003;4.465264e-001
3.553350e+003;4.450000e-001
3.553832e+003;4.434864e-001
3.554314e+003;4.419641e-001
3.554796e+003;4.404150e-001
3.555278e+003;4.388291e-001
3.555760e+003;4.372076e-001
3.556243e+003;4.355641e-001
3.556725e+003;4.339154e-001
3.557207e+003;4.322800e-001
3.557689e+003;4.306704e-001
3.558171e+003;4.290876e-001
3.558653e+003;4.275270e-001
3.559135e+003;4.259775e-001
3.559618e+003;4.244292e-001
3.560100e+003;4.228736e-001
3.560582e+003;4.213069e-001
3.561064e+003;4.197295e-001
3.561546e+003;4.181448e-001
3.562028e+003;4.165561e-001
3.562510e+003;4.149672e-001
3.562992e+003;4.133822e-001
3.563475e+003;4.118037e-001
3.563957e+003;4.102357e-001
3.564439e+003;4.086800e-001
3.564921e+003;4.071370e-001
3.565403e+003;4.056045e-001
3.565885e+003;4.040776e-001
3.566367e+003;4.025505e-001
3.566850e+003;4.010168e-001
3.567332e+003;3.994749e-001
3.567814e+003;3.979261e-001
3.568296e+003;3.963759e-001
3.568778e+003;3.948324e-001
3.569260e+003;3.933040e-001
3.569742e+003;3.917961e-001
3.570225e+003;3.903107e-001
3.570707e+003;3.888444e-001
3.571189e+003;3.873900e-001
3.571671e+003;3.859381e-001
3.572153e+003;3.844795e-001
3.572635e+003;3.830083e-001
3.573117e+003;3.815233e-001
3.573600e+003;3.800277e-001
3.574082e+003;3.785278e-001
3.574564e+003;3.770339e-001
3.575046e+003;3.755531e-001
3.575528e+003;3.740895e-001
3.576010e+003;3.726433e-001
3.576492e+003;3.712100e-001
3.576974e+003;3.697842e-001
3.577457e+003;3.683595e-001
3.577939e+003;3.669321e-001
3.578421e+003;3.655007e-001
3.578903e+003;3.640673e-001
3.579385e+003;3.626331e-001
3.579867e+003;3.612003e-001
3.580349e+003;3.597688e-001
3.580832e+003;3.583380e-001
3.581314e+003;3.569057e-001
3.581796e+003;3.554699e-001
3.582278e+003;3.540292e-001
3.582760e+003;3.525833e-001
3.583242e+003;3.511330e-001
3.583724e+003;3.496808e-001
3.584207e+003;3.482313e-001
3.584689e+003;3.467918e-001
3.585171e+003;3.453710e-001
3.585653e+003;3.439775e-001
3.586135e+003;3.426172e-001
3.586617e+003;3.412883e-001
3.587099e+003;3.399819e-001
3.587582e+003;3.386801e-001
3.588064e+003;3.373625e-001
3.588546e+003;3.360130e-001
3.589028e+003;3.346232e-001
3.589510e+003;3.331969e-001
3.589992e+003;3.317498e-001
3.590474e+003;3.303033e-001
3.590957e+003;3.288771e-001
3.591438e+003;3.274828e-001
3.591921e+003;3.261231e-001
3.592403e+003;3.247915e-001
3.592885e+003;3.234766e-001
3.593367e+003;3.221687e-001
3.593849e+003;3.208635e-001
3.594331e+003;3.195615e-001
3.594813e+003;3.182675e-001
3.595296e+003;3.169836e-001
3.595778e+003;3.157079e-001
3.596260e+003;3.144341e-001
3.596742e+003;3.131533e-001
3.597224e+003;3.118576e-001
3.597706e+003;3.105469e-001
3.598188e+003;3.092231e-001
3.598671e+003;3.078950e-001
3.599153e+003;3.065693e-001
3.599635e+003;3.052476e-001
3.600117e+003;3.039266e-001
3.600599e+003;3.025999e-001
3.601081e+003;3.012597e-001
3.601563e+003;2.999034e-001
3.602046e+003;2.985337e-001
3.602528e+003;2.971574e-001
3.603010e+003;2.957858e-001
3.603492e+003;2.944262e-001
3.603974e+003;2.930833e-001
3.604456e+003;2.917579e-001
3.604938e+003;2.904481e-001
3.605421e+003;2.891535e-001
3.605903e+003;2.878749e-001
3.606385e+003;2.866130e-001
3.606867e+003;2.853676e-001
3.607349e+003;2.841348e-001
3.607831e+003;2.829052e-001
3.608313e+003;2.816675e-001
3.608795e+003;2.804110e-001
3.609278e+003;2.791319e-001
3.609760e+003;2.778338e-001
3.610242e+003;2.765280e-001
3.610724e+003;2.752284e-001
3.611206e+003;2.739456e-001
3.611688e+003;2.726846e-001
3.612170e+003;2.714402e-001
3.612653e+003;2.702011e-001
3.613135e+003;2.689531e-001
3.613617e+003;2.676846e-001
3.614099e+003;2.663897e-001
3.614581e+003;2.650720e-001
3.615063e+003;2.637399e-001
3.615545e+003;2.624062e-001
3.616028e+003;2.610828e-001
3.616510e+003;2.597784e-001
3.616992e+003;2.584977e-001
3.617474e+003;2.572399e-001
3.617956e+003;2.559989e-001
3.618438e+003;2.547649e-001
3.618920e+003;2.535257e-001
3.619403e+003;2.522700e-001
3.619885e+003;2.509896e-001
3.620367e+003;2.496825e-001
3.620849e+003;2.483529e-001
3.621331e+003;2.470099e-001
3.621813e+003;2.456641e-001
3.622295e+003;2.443220e-001
3.622778e+003;2.429839e-001
3.623260e+003;2.416430e-001
3.623742e+003;2.402871e-001
3.624224e+003;2.389061e-001
3.624706e+003;2.374969e-001
3.625188e+003;2.360690e-001
3.625670e+003;2.346419e-001
3.626152e+003;2.332419e-001
3.626635e+003;2.318950e-001
3.627117e+003;2.306161e-001
3.627599e+003;2.294035e-001
3.628081e+003;2.282373e-001
3.628563e+003;2.270847e-001
3.629045e+003;2.259098e-001
3.629527e+003;2.246839e-001
3.630010e+003;2.233934e-001
3.630492e+003;2.220422e-001
3.630974e+003;2.206481e-001
3.631456e+003;2.192345e-001
3.631938e+003;2.178218e-001
3.632420e+003;2.164242e-001
3.632902e+003;2.150443e-001
3.633385e+003;2.136761e-001
3.633867e+003;2.123086e-001
3.634349e+003;2.109313e-001
3.634831e+003;2.095386e-001
3.635313e+003;2.081307e-001
3.635795e+003;2.067139e-001
3.636277e+003;2.052963e-001
3.636760e+003;2.038842e-001
3.637242e+003;2.024815e-001
3.637724e+003;2.010851e-001
3.638206e+003;1.996906e-001
3.638688e+003;1.982930e-001
3.639170e+003;1.968902e-001
3.639652e+003;1.954816e-001
3.640135e+003;1.940725e-001
3.640616e+003;1.926671e-001
3.641099e+003;1.912663e-001
3.641581e+003;1.898687e-001
3.642063e+003;1.884655e-001
3.642545e+003;1.870463e-001
3.643027e+003;1.856019e-001
3.643509e+003;1.841249e-001
3.643991e+003;1.826157e-001
3.644474e+003;1.810804e-001
3.644956e+003;1.795310e-001
3.645438e+003;1.779805e-001
3.645920e+003;1.764436e-001
3.646402e+003;1.749326e-001
3.646884e+003;1.734566e-001
3.647366e+003;1.720206e-001
3.647849e+003;1.706244e-001
3.648331e+003;1.692625e-001
3.648813e+003;1.679216e-001
3.649295e+003;1.665825e-001
3.649777e+003;1.652219e-001
3.650259e+003;1.638177e-001
3.650741e+003;1.623544e-001
3.651224e+003;1.608259e-001
3.651706e+003;1.592401e-001
3.652188e+003;1.576153e-001
3.652670e+003;1.559765e-001
3.653152e+003;1.543514e-001
3.653634e+003;1.527624e-001
3.654116e+003;1.512234e-001
3.654599e+003;1.497377e-001
3.655081e+003;1.482979e-001
3.655563e+003;1.468892e-001
3.656045e+003;1.454925e-001
3.656527e+003;1.440902e-001
3.657009e+003;1.426671e-001
3.657491e+003;1.412155e-001
3.657973e+003;1.397357e-001
3.658456e+003;1.382321e-001
3.658938e+003;1.367154e-001
3.659420e+003;1.351961e-001
3.659902e+003;1.336824e-001
3.660384e+003;1.321795e-001
3.660866e+003;1.306865e-001
3.661348e+003;1.291987e-001
3.661831e+003;1.277106e-001
3.662313e+003;1.262174e-001
3.662795e+003;1.247196e-001
3.663277e+003;1.232216e-001
3.663759e+003;1.217298e-001
3.664241e+003;1.202491e-001
3.664723e+003;1.187814e-001
3.665206e+003;1.173244e-001
3.665688e+003;1.158740e-001
3.666170e+003;1.144290e-001
3.666652e+003;1.129944e-001
3.667134e+003;1.115813e-001
3.667616e+003;1.102056e-001
3.668098e+003;1.088805e-001
3.668581e+003;1.076083e-001
3.669063e+003;1.063774e-001
3.669545e+003;1.051584e-001
3.670027e+003;1.039174e-001
3.670509e+003;1.026224e-001
3.670991e+003;1.012596e-001
3.671473e+003;9.983874e-002
3.671956e+003;9.839429e-002
3.672438e+003;9.697302e-002
3.672920e+003;9.562452e-002
3.673402e+003;9.438334e-002
3.673884e+003;9.326052e-002
3.674366e+003;9.223688e-002
3.674848e+003;9.127153e-002
3.675330e+003;9.031220e-002
3.675813e+003;8.931237e-002
3.676295e+003;8.824584e-002
3.676777e+003;8.710963e-002
3.677259e+003;8.592317e-002
3.677741e+003;8.471737e-002
3.678223e+003;8.352347e-002
3.678705e+003;8.236547e-002
3.679188e+003;8.125495e-002
3.679670e+003;8.019312e-002
3.680152e+003;7.917211e-002
3.680634e+003;7.818146e-002
3.681116e+003;7.720933e-002
3.681598e+003;7.624536e-002
3.682080e+003;7.527905e-002
3.682563e+003;7.430106e-002
3.683045e+003;7.330427e-002
3.683527e+003;7.228549e-002
3.684009e+003;7.124998e-002
3.684491e+003;7.021376e-002
3.684973e+003;6.920051e-002
3.685455e+003;6.823772e-002
3.685938e+003;6.734889e-002
3.686420e+003;6.654628e-002
3.686902e+003;6.582545e-002
3.687384e+003;6.516521e-002
3.687866e+003;6.453369e-002
3.688348e+003;6.389757e-002
3.688830e+003;6.323202e-002
3.689313e+003;6.252820e-002
3.689794e+003;6.178957e-002
3.690277e+003;6.103230e-002
3.690759e+003;6.027265e-002
3.691241e+003;5.952332e-002
3.691723e+003;5.879039e-002
3.692205e+003;5.807397e-002
3.692687e+003;5.737241e-002
3.693169e+003;5.668605e-002
3.693652e+003;5.601806e-002
3.694134e+003;5.537198e-002
3.694616e+003;5.475069e-002
3.695098e+003;5.415088e-002
3.695580e+003;5.356279e-002
3.696062e+003;5.297515e-002
3.696544e+003;5.237808e-002
3.697027e+003;5.176932e-002
3.697509e+003;5.115557e-002
3.697991e+003;5.055366e-002
3.698473e+003;4.998178e-002
3.698955e+003;4.945533e-002
3.699437e+003;4.897935e-002
3.699919e+003;4.854773e-002
3.700402e+003;4.814505e-002
3.700884e+003;4.775310e-002
3.701366e+003;4.735572e-002
3.701848e+003;4.694343e-002
3.702330e+003;4.651548e-002
3.702812e+003;4.607604e-002
3.703294e+003;4.563220e-002
3.703777e+003;4.518913e-002
3.704259e+003;4.475009e-002
3.704741e+003;4.431624e-002
3.705223e+003;4.388782e-002
3.705705e+003;4.346484e-002
3.706187e+003;4.304765e-002
3.706669e+003;4.263664e-002
3.707151e+003;4.223118e-002
3.707634e+003;4.183152e-002
3.708116e+003;4.144081e-002
3.708598e+003;4.106585e-002
3.709080e+003;4.071797e-002
3.709562e+003;4.041079e-002
3.710044e+003;4.015287e-002
3.710526e+003;3.994609e-002
3.711009e+003;3.977811e-002
3.711491e+003;3.962559e-002
3.711973e+003;3.945881e-002
3.712455e+003;3.925180e-002
3.712937e+003;3.898942e-002
3.713419e+003;3.867612e-002
3.713901e+003;3.832825e-002
3.714384e+003;3.797231e-002
3.714866e+003;3.763299e-002
3.715348e+003;3.732540e-002
3.715830e+003;3.704979e-002
3.716312e+003;3.679708e-002
3.716794e+003;3.655052e-002
3.717276e+003;3.629725e-002
3.717759e+003;3.603125e-002
3.718241e+003;3.575702e-002
3.718723e+003;3.548517e-002
3.719205e+003;3.522827e-002
3.719687e+003;3.499478e-002
3.720169e+003;3.478557e-002
3.720651e+003;3.459523e-002
3.721134e+003;3.441481e-002
3.721615e+003;3.423423e-002
3.722098e+003;3.404884e-002
3.722580e+003;3.385788e-002
3.723062e+003;3.366337e-002
3.723544e+003;3.347249e-002
3.724026e+003;3.328964e-002
3.724508e+003;3.311936e-002
3.724990e+003;3.296290e-002
3.725473e+003;3.281713e-002
3.725955e+003;3.267827e-002
3.726437e+003;3.253749e-002
3.726919e+003;3.238598e-002
3.727401e+003;3.221755e-002
3.727883e+003;3.203134e-002
3.728365e+003;3.183301e-002
3.728848e+003;3.163452e-002
3.729330e+003;3.145188e-002
3.729812e+003;3.129693e-002
3.730294e+003;3.117460e-002
3.730776e+003;3.107933e-002
3.731258e+003;3.099589e-002
3.731740e+003;3.090776e-002
3.732223e+003;3.080273e-002
3.732705e+003;3.068117e-002
3.733187e+003;3.055454e-002
3.733669e+003;3.044263e-002
3.734151e+003;3.036349e-002
3.734633e+003;3.032416e-002
3.735115e+003;3.031711e-002
3.735598e+003;3.032140e-002
3.736080e+003;3.031042e-002
3.736562e+003;3.026325e-002
3.737044e+003;3.016989e-002
3.737526e+003;3.003400e-002
3.738008e+003;2.986529e-002
3.738490e+003;2.967397e-002
3.738972e+003;2.946407e-002
3.739455e+003;2.923409e-002
3.739937e+003;2.898188e-002
3.740419e+003;2.871590e-002
3.740901e+003;2.845859e-002
3.741383e+003;2.824692e-002
3.741865e+003;2.812226e-002
3.742347e+003;2.811339e-002
3.742830e+003;2.822289e-002
3.743312e+003;2.841596e-002
3.743794e+003;2.862666e-002
3.744276e+003;2.877771e-002
3.744758e+003;2.880844e-002
3.745240e+003;2.869532e-002
3.745722e+003;2.845990e-002
3.746205e+003;2.815627e-002
3.746687e+003;2.785071e-002
3.747169e+003;2.760108e-002
3.747651e+003;2.743982e-002
3.748133e+003;2.737110e-002
3.748615e+003;2.737690e-002
3.749097e+003;2.742754e-002
3.749580e+003;2.749677e-002
3.750062e+003;2.756830e-002
3.750544e+003;2.763656e-002
3.751026e+003;2.769952e-002
3.751508e+003;2.774999e-002
3.751990e+003;2.777480e-002
3.752472e+003;2.775599e-002
3.752955e+003;2.768012e-002
3.753437e+003;2.754390e-002
3.753919e+003;2.735934e-002
3.754401e+003;2.714933e-002
3.754883e+003;2.693993e-002
3.755365e+003;2.675150e-002
3.755847e+003;2.659478e-002
3.756329e+003;2.646967e-002
3.756812e+003;2.636983e-002
3.757294e+003;2.628820e-002
3.757776e+003;2.622261e-002
3.758258e+003;2.617346e-002
3.758740e+003;2.614126e-002
3.759222e+003;2.612107e-002
3.759704e+003;2.609986e-002
3.760187e+003;2.605814e-002
3.760669e+003;2.597919e-002
3.761151e+003;2.585388e-002
3.761633e+003;2.568891e-002
3.762115e+003;2.550493e-002
3.762597e+003;2.533169e-002
3.763079e+003;2.519475e-002
3.763562e+003;2.511136e-002
3.764044e+003;2.508089e-002
3.764526e+003;2.508892e-002
3.765008e+003;2.511303e-002
3.765490e+003;2.513170e-002
3.765972e+003;2.513289e-002
3.766454e+003;2.511546e-002
3.766937e+003;2.508610e-002
3.767419e+003;2.505623e-002
3.767901e+003;2.503281e-002
3.768383e+003;2.501839e-002
3.768865e+003;2.500764e-002
3.769347e+003;2.499309e-002
3.769829e+003;2.496635e-002
3.770312e+003;2.492274e-002
3.770793e+003;2.486390e-002
3.771276e+003;2.479374e-002
3.771758e+003;2.471965e-002
3.772240e+003;2.464871e-002
3.772722e+003;2.458701e-002
3.773204e+003;2.453647e-002
3.773686e+003;2.449709e-002
3.774168e+003;2.446328e-002
3.774651e+003;2.442895e-002
3.775133e+003;2.438650e-002
3.775615e+003;2.433044e-002
3.776097e+003;2.426053e-002
3.776579e+003;2.418222e-002
3.777061e+003;2.410593e-002
3.777543e+003;2.404220e-002
3.778026e+003;2.399941e-002
3.778508e+003;2.397719e-002
3.778990e+003;2.396844e-002
3.779472e+003;2.395929e-002
3.779954e+003;2.393605e-002
3.780436e+003;2.388864e-002
3.780918e+003;2.381784e-002
3.781401e+003;2.373202e-002
3.781883e+003;2.364427e-002
3.782365e+003;2.356782e-002
3.782847e+003;2.350979e-002
3.783329e+003;2.347083e-002
3.783811e+003;2.344470e-002
3.784293e+003;2.342288e-002
3.784776e+003;2.339915e-002
3.785258e+003;2.337020e-002
3.785740e+003;2.333781e-002
3.786222e+003;2.330350e-002
3.786704e+003;2.326829e-002
3.787186e+003;2.322887e-002
3.787668e+003;2.318142e-002
3.788150e+003;2.312200e-002
3.788633e+003;2.305021e-002
3.789115e+003;2.296924e-002
3.789597e+003;2.288762e-002
3.790079e+003;2.281108e-002
3.790561e+003;2.274317e-002
3.791043e+003;2.268162e-002
3.791525e+003;2.262069e-002
3.792008e+003;2.255530e-002
3.792490e+003;2.248504e-002
3.792972e+003;2.241528e-002
3.793454e+003;2.235812e-002
3.793936e+003;2.232605e-002
3.794418e+003;2.232379e-002
3.794900e+003;2.234778e-002
3.795383e+003;2.238058e-002
3.795865e+003;2.240063e-002
3.796347e+003;2.238588e-002
3.796829e+003;2.232726e-002
3.797311e+003;2.223228e-002
3.797793e+003;2.212325e-002
3.798275e+003;2.203511e-002
3.798758e+003;2.200168e-002
3.799240e+003;2.204594e-002
3.799722e+003;2.217059e-002
3.800204e+003;2.235527e-002
3.800686e+003;2.255751e-002
3.801168e+003;2.272726e-002
3.801650e+003;2.281660e-002
3.802133e+003;2.279868e-002
3.802615e+003;2.267140e-002
3.803097e+003;2.246234e-002
3.803579e+003;2.221724e-002
3.804061e+003;2.199025e-002
3.804543e+003;2.183004e-002
3.805025e+003;2.176535e-002
3.805507e+003;2.179979e-002
3.805990e+003;2.191066e-002
3.806472e+003;2.205697e-002
3.806954e+003;2.219144e-002
3.807436e+003;2.227685e-002
3.807918e+003;2.229566e-002
3.808400e+003;2.225052e-002
3.808882e+003;2.216009e-002
3.809365e+003;2.204585e-002
3.809847e+003;2.192481e-002
3.810329e+003;2.180247e-002
3.810811e+003;2.167511e-002
3.811293e+003;2.153443e-002
3.811775e+003;2.138106e-002
3.812257e+003;2.122562e-002
3.812740e+003;2.109254e-002
3.813222e+003;2.101152e-002
3.813704e+003;2.100765e-002
3.814186e+003;2.108889e-002
3.814668e+003;2.123930e-002
3.815150e+003;2.141971e-002
3.815632e+003;2.157854e-002
3.816115e+003;2.166967e-002
3.816597e+003;2.166677e-002
3.817079e+003;2.157212e-002
3.817561e+003;2.141659e-002
3.818043e+003;2.124732e-002
3.818525e+003;2.111250e-002
3.819007e+003;2.104840e-002
3.819490e+003;2.106925e-002
3.819971e+003;2.116139e-002
3.820454e+003;2.129305e-002
3.820936e+003;2.142039e-002
3.821418e+003;2.150634e-002
3.821900e+003;2.152829e-002
3.822382e+003;2.148405e-002
3.822864e+003;2.139001e-002
3.823346e+003;2.127209e-002
3.823829e+003;2.115697e-002
3.824311e+003;2.106479e-002
3.824793e+003;2.100353e-002
3.825275e+003;2.096896e-002
3.825757e+003;2.094926e-002
3.826239e+003;2.092944e-002
3.826721e+003;2.089830e-002
3.827204e+003;2.084996e-002
3.827686e+003;2.078567e-002
3.828168e+003;2.071444e-002
3.828650e+003;2.064589e-002
3.829132e+003;2.058979e-002
3.829614e+003;2.055319e-002
3.830096e+003;2.053921e-002
3.830579e+003;2.054436e-002
3.831061e+003;2.056186e-002
3.831543e+003;2.058090e-002
3.832025e+003;2.058811e-002
3.832507e+003;2.057129e-002
3.832989e+003;2.052373e-002
3.833471e+003;2.044517e-002
3.833954e+003;2.034744e-002
3.834436e+003;2.024942e-002
3.834918e+003;2.017570e-002
3.835400e+003;2.014801e-002
3.835882e+003;2.018026e-002
3.836364e+003;2.027067e-002
3.836846e+003;2.040281e-002
3.837328e+003;2.054697e-002
3.837811e+003;2.067121e-002
3.838293e+003;2.074940e-002
3.838775e+003;2.076823e-002
3.839257e+003;2.073065e-002
3.839739e+003;2.065223e-002
3.840221e+003;2.055267e-002
3.840703e+003;2.045192e-002
3.841186e+003;2.036404e-002
3.841668e+003;2.029470e-002
3.842150e+003;2.024326e-002
3.842632e+003;2.020533e-002
3.843114e+003;2.017616e-002
3.843596e+003;2.015278e-002
3.844078e+003;2.013146e-002
3.844561e+003;2.011232e-002
3.845043e+003;2.009280e-002
3.845525e+003;2.007133e-002
3.846007e+003;2.004418e-002
3.846489e+003;2.000787e-002
3.846971e+003;1.995723e-002
3.847453e+003;1.988594e-002
3.847936e+003;1.978702e-002
3.848418e+003;1.965866e-002
3.848900e+003;1.950397e-002
3.849382e+003;1.933802e-002
3.849864e+003;1.918856e-002
3.850346e+003;1.909237e-002
3.850828e+003;1.908702e-002
3.851311e+003;1.920248e-002
3.851792e+003;1.944425e-002
3.852275e+003;1.979022e-002
3.852757e+003;2.018699e-002
3.853239e+003;2.056547e-002
3.853721e+003;2.085646e-002
3.854203e+003;2.101502e-002
3.854685e+003;2.102580e-002
3.855167e+003;2.091111e-002
3.855650e+003;2.071207e-002
3.856132e+003;2.047924e-002
3.856614e+003;2.025505e-002
3.857096e+003;2.006666e-002
3.857578e+003;1.992534e-002
3.858060e+003;1.982667e-002
3.858542e+003;1.976045e-002
3.859025e+003;1.971440e-002
3.859507e+003;1.967714e-002
3.859989e+003;1.964505e-002
3.860471e+003;1.961579e-002
3.860953e+003;1.959093e-002
3.861435e+003;1.957435e-002
3.861917e+003;1.957032e-002
3.862400e+003;1.958131e-002
3.862882e+003;1.960719e-002
3.863364e+003;1.964098e-002
3.863846e+003;1.966947e-002
3.864328e+003;1.967452e-002
3.864810e+003;1.964056e-002
3.865292e+003;1.956008e-002
3.865775e+003;1.944175e-002
3.866257e+003;1.930849e-002
3.866739e+003;1.919634e-002
3.867221e+003;1.914028e-002
3.867703e+003;1.916366e-002
3.868185e+003;1.927003e-002
3.868667e+003;1.943646e-002
3.869149e+003;1.962253e-002
3.869632e+003;1.978260e-002
3.870114e+003;1.988212e-002
3.870596e+003;1.990809e-002
3.871078e+003;1.987254e-002
3.871560e+003;1.980336e-002
3.872042e+003;1.973391e-002
3.872524e+003;1.968781e-002
3.873007e+003;1.967378e-002
3.873489e+003;1.968116e-002
3.873971e+003;1.968842e-002
3.874453e+003;1.967216e-002
3.874935e+003;1.961641e-002
3.875417e+003;1.951895e-002
3.875899e+003;1.939043e-002
3.876382e+003;1.925356e-002
3.876864e+003;1.913421e-002
3.877346e+003;1.905681e-002
3.877828e+003;1.903735e-002
3.878310e+003;1.908104e-002
3.878792e+003;1.917909e-002
3.879274e+003;1.931213e-002
3.879757e+003;1.944990e-002
3.880239e+003;1.956158e-002
3.880721e+003;1.961903e-002
3.881203e+003;1.961080e-002
3.881685e+003;1.954011e-002
3.882167e+003;1.943050e-002
3.882649e+003;1.931683e-002
3.883132e+003;1.923633e-002
3.883614e+003;1.921646e-002
3.884096e+003;1.926610e-002
3.884578e+003;1.937135e-002
3.885060e+003;1.950098e-002
3.885542e+003;1.961580e-002
3.886024e+003;1.968336e-002
3.886506e+003;1.968567e-002
3.886989e+003;1.962922e-002
3.887471e+003;1.953640e-002
3.887953e+003;1.944056e-002
3.888435e+003;1.937194e-002
3.888917e+003;1.935206e-002
3.889399e+003;1.938587e-002
3.889881e+003;1.946442e-002
3.890364e+003;1.956593e-002
3.890846e+003;1.966618e-002
3.891328e+003;1.974336e-002
3.891810e+003;1.978403e-002
3.892292e+003;1.978257e-002
3.892774e+003;1.974339e-002
3.893256e+003;1.967419e-002
3.893739e+003;1.958839e-002
3.894221e+003;1.949631e-002
3.894703e+003;1.940865e-002
3.895185e+003;1.933468e-002
3.895667e+003;1.928120e-002
3.896149e+003;1.925316e-002
3.896631e+003;1.925345e-002
3.897114e+003;1.928143e-002
3.897596e+003;1.933359e-002
3.898078e+003;1.940117e-002
3.898560e+003;1.947348e-002
3.899042e+003;1.953679e-002
3.899524e+003;1.958077e-002
3.900006e+003;1.959953e-002
3.900489e+003;1.959698e-002
3.900970e+003;1.958162e-002
3.901453e+003;1.956979e-002
3.901935e+003;1.957417e-002
3.902417e+003;1.960366e-002
3.902899e+003;1.965802e-002
3.903381e+003;1.972614e-002
3.903863e+003;1.979073e-002
3.904345e+003;1.983336e-002
3.904828e+003;1.984262e-002
3.905310e+003;1.981613e-002
3.905792e+003;1.976018e-002
3.906274e+003;1.969087e-002
3.906756e+003;1.962271e-002
3.907238e+003;1.956816e-002
3.907720e+003;1.953325e-002
3.908203e+003;1.951719e-002
3.908685e+003;1.951357e-002
3.909167e+003;1.951689e-002
3.909649e+003;1.952035e-002
3.910131e+003;1.952289e-002
3.910613e+003;1.952215e-002
3.911095e+003;1.951761e-002
3.911578e+003;1.950782e-002
3.912060e+003;1.949095e-002
3.912542e+003;1.946516e-002
3.913024e+003;1.943228e-002
3.913506e+003;1.939611e-002
3.913988e+003;1.936269e-002
3.914470e+003;1.934002e-002
3.914953e+003;1.933217e-002
3.915435e+003;1.934059e-002
3.915917e+003;1.936305e-002
3.916399e+003;1.939221e-002
3.916881e+003;1.942203e-002
3.917363e+003;1.944569e-002
3.917845e+003;1.945872e-002
3.918327e+003;1.945809e-002
3.918810e+003;1.944276e-002
3.919292e+003;1.941126e-002
3.919774e+003;1.936622e-002
3.920256e+003;1.931120e-002
3.920738e+003;1.925379e-002
3.921220e+003;1.920189e-002
3.921702e+003;1.916679e-002
3.922185e+003;1.915495e-002
3.922667e+003;1.916888e-002
3.923149e+003;1.920410e-002
3.923631e+003;1.925129e-002
3.924113e+003;1.929798e-002
3.924595e+003;1.933415e-002
3.925077e+003;1.935336e-002
3.925560e+003;1.935547e-002
3.926042e+003;1.934601e-002
3.926524e+003;1.933233e-002
3.927006e+003;1.932102e-002
3.927488e+003;1.931576e-002
3.927970e+003;1.931629e-002
3.928452e+003;1.932116e-002
3.928935e+003;1.932735e-002
3.929417e+003;1.933354e-002
3.929899e+003;1.934289e-002
3.930381e+003;1.936015e-002
3.930863e+003;1.938808e-002
3.931345e+003;1.942998e-002
3.931827e+003;1.948296e-002
3.932310e+003;1.954281e-002
3.932792e+003;1.959925e-002
3.933274e+003;1.964371e-002
3.933756e+003;1.966787e-002
3.934238e+003;1.966659e-002
3.934720e+003;1.963893e-002
3.935202e+003;1.959109e-002
3.935684e+003;1.952859e-002
3.936167e+003;1.946133e-002
3.936649e+003;1.939709e-002
3.937131e+003;1.934273e-002
3.937613e+003;1.930129e-002
3.938095e+003;1.927278e-002
3.938577e+003;1.925507e-002
3.939059e+003;1.924674e-002
3.939542e+003;1.924421e-002
3.940024e+003;1.924630e-002
3.940506e+003;1.925077e-002
3.940988e+003;1.925577e-002
3.941470e+003;1.925733e-002
3.941952e+003;1.925110e-002
3.942434e+003;1.923245e-002
3.942917e+003;1.919979e-002
3.943399e+003;1.915351e-002
3.943881e+003;1.910088e-002
3.944363e+003;1.904916e-002
3.944845e+003;1.901066e-002
3.945327e+003;1.899328e-002
3.945809e+003;1.900288e-002
3.946292e+003;1.904010e-002
3.946774e+003;1.910193e-002
3.947256e+003;1.917979e-002
3.947738e+003;1.926771e-002
3.948220e+003;1.935619e-002
3.948702e+003;1.943875e-002
3.949184e+003;1.950849e-002
3.949667e+003;1.956011e-002
3.950148e+003;1.958884e-002
3.950631e+003;1.959335e-002
3.951113e+003;1.957363e-002
3.951595e+003;1.953563e-002
3.952077e+003;1.948781e-002
3.952559e+003;1.944012e-002
3.953041e+003;1.940142e-002
3.953523e+003;1.937769e-002
3.954006e+003;1.936959e-002
3.954488e+003;1.937500e-002
3.954970e+003;1.938743e-002
3.955452e+003;1.940279e-002
3.955934e+003;1.941735e-002
3.956416e+003;1.943125e-002
3.956898e+003;1.944449e-002
3.957381e+003;1.945866e-002
3.957863e+003;1.947310e-002
3.958345e+003;1.948662e-002
3.958827e+003;1.949576e-002
3.959309e+003;1.949813e-002
3.959791e+003;1.949254e-002
3.960273e+003;1.948019e-002
3.960756e+003;1.946411e-002
3.961238e+003;1.944710e-002
3.961720e+003;1.943167e-002
3.962202e+003;1.941863e-002
3.962684e+003;1.940467e-002
3.963166e+003;1.938830e-002
3.963648e+003;1.936715e-002
3.964130e+003;1.934028e-002
3.964613e+003;1.931062e-002
3.965095e+003;1.928042e-002
3.965577e+003;1.925393e-002
3.966059e+003;1.923554e-002
3.966541e+003;1.922698e-002
3.967023e+003;1.922865e-002
3.967505e+003;1.923976e-002
3.967988e+003;1.925805e-002
3.968470e+003;1.927954e-002
3.968952e+003;1.930183e-002
3.969434e+003;1.932054e-002
3.969916e+003;1.933366e-002
3.970398e+003;1.933840e-002
3.970880e+003;1.933503e-002
3.971363e+003;1.932154e-002
3.971845e+003;1.929980e-002
3.972327e+003;1.926873e-002
3.972809e+003;1.923007e-002
3.973291e+003;1.918448e-002
3.973773e+003;1.913662e-002
3.974255e+003;1.909180e-002
3.974738e+003;1.905710e-002
3.975220e+003;1.904077e-002
3.975702e+003;1.904960e-002
3.976184e+003;1.908628e-002
3.976666e+003;1.914708e-002
3.977148e+003;1.922282e-002
3.977630e+003;1.929939e-002
3.978113e+003;1.936051e-002
3.978594e+003;1.939472e-002
3.979077e+003;1.939547e-002
3.979559e+003;1.936342e-002
3.980041e+003;1.930722e-002
3.980523e+003;1.924007e-002
3.981005e+003;1.917518e-002
3.981487e+003;1.912508e-002
3.981969e+003;1.909431e-002
3.982452e+003;1.908688e-002
3.982934e+003;1.909733e-002
3.983416e+003;1.912206e-002
3.983898e+003;1.915575e-002
3.984380e+003;1.919384e-002
3.984862e+003;1.923234e-002
3.985344e+003;1.927005e-002
3.985827e+003;1.930444e-002
3.986309e+003;1.933215e-002
3.986791e+003;1.934945e-002
3.987273e+003;1.935259e-002
3.987755e+003;1.933823e-002
3.988237e+003;1.930609e-002
3.988719e+003;1.925670e-002
3.989202e+003;1.919555e-002
3.989684e+003;1.912889e-002
3.990166e+003;1.906504e-002
3.990648e+003;1.901012e-002
3.991130e+003;1.897084e-002
3.991612e+003;1.894866e-002
3.992094e+003;1.894266e-002
3.992577e+003;1.894909e-002
3.993059e+003;1.896235e-002
3.993541e+003;1.897628e-002
3.994023e+003;1.898914e-002
3.994505e+003;1.899812e-002
3.994987e+003;1.900590e-002
3.995469e+003;1.901636e-002
3.995951e+003;1.903365e-002
3.996434e+003;1.906071e-002
3.996916e+003;1.909836e-002
3.997398e+003;1.914258e-002
3.997880e+003;1.918560e-002
3.998362e+003;1.921806e-002
3.998844e+003;1.922962e-002
3.999326e+003;1.921385e-002
3.999809e+003;1.916873e-002
