4.001737e+002;2.250250e-001
4.006559e+002;2.327496e-001
4.011380e+002;2.411343e-001
4.016201e+002;2.488679e-001
4.021023e+002;2.543879e-001
4.025844e+002;2.565583e-001
4.030666e+002;2.552624e-001
4.035487e+002;2.514161e-001
4.040308e+002;2.463802e-001
4.045130e+002;2.413146e-001
4.049951e+002;2.368217e-001
4.054772e+002;2.330151e-001
4.059594e+002;2.297752e-001
4.064415e+002;2.270405e-001
4.069236e+002;2.249466e-001
4.074058e+002;2.237777e-001
4.078879e+002;2.237380e-001
4.083701e+002;2.247705e-001
4.088522e+002;2.264598e-001
4.093344e+002;2.281459e-001
4.098165e+002;2.291864e-001
4.102986e+002;2.292675e-001
4.107808e+002;2.285754e-001
4.112629e+002;2.277009e-001
4.117450e+002;2.273323e-001
4.122272e+002;2.279300e-001
4.127093e+002;2.295390e-001
4.131914e+002;2.318141e-001
4.136736e+002;2.341996e-001
4.141557e+002;2.362132e-001
4.146378e+002;2.376710e-001
4.151200e+002;2.387133e-001
4.156021e+002;2.396381e-001
4.160843e+002;2.406747e-001
4.165664e+002;2.418008e-001
4.170485e+002;2.427652e-001
4.175307e+002;2.432330e-001
4.180128e+002;2.430251e-001
4.184949e+002;2.422636e-001
4.189771e+002;2.413441e-001
4.194592e+002;2.407439e-001
4.199413e+002;2.407950e-001
4.204235e+002;2.415475e-001
4.209056e+002;2.427885e-001
4.213878e+002;2.441638e-001
4.218699e+002;2.453627e-001
4.223521e+002;2.462403e-001
4.228342e+002;2.468425e-001
4.233163e+002;2.473061e-001
4.237985e+002;2.477302e-001
4.242806e+002;2.480883e-001
4.247627e+002;2.482515e-001
4.252449e+002;2.480945e-001
4.257270e+002;2.476204e-001
4.262091e+002;2.470100e-001
4.266913e+002;2.465673e-001
4.271734e+002;2.465769e-001
4.276555e+002;2.471694e-001
4.281377e+002;2.482405e-001
4.286198e+002;2.494885e-001
4.291020e+002;2.505369e-001
4.295841e+002;2.511040e-001
4.300662e+002;2.511251e-001
4.305484e+002;2.507680e-001
4.310305e+002;2.503331e-001
4.315126e+002;2.501075e-001
4.319948e+002;2.502441e-001
4.324769e+002;2.507362e-001
4.329590e+002;2.514573e-001
4.334412e+002;2.522570e-001
4.339233e+002;2.530310e-001
4.344055e+002;2.537510e-001
4.348876e+002;2.544228e-001
4.353698e+002;2.550338e-001
4.358519e+002;2.555088e-001
4.363340e+002;2.557380e-001
4.368162e+002;2.556367e-001
4.372983e+002;2.552260e-001
4.377804e+002;2.546516e-001
4.382626e+002;2.541418e-001
4.387447e+002;2.539025e-001
4.392268e+002;2.540263e-001
4.397090e+002;2.544386e-001
4.401911e+002;2.549331e-001
4.406732e+002;2.552644e-001
4.411554e+002;2.552678e-001
4.416375e+002;2.549376e-001
4.421197e+002;2.544233e-001
4.426018e+002;2.539448e-001
4.430839e+002;2.536822e-001
4.435661e+002;2.536913e-001
4.440482e+002;2.538946e-001
4.445303e+002;2.541361e-001
4.450125e+002;2.542782e-001
4.454946e+002;2.542789e-001
4.459767e+002;2.542165e-001
4.464589e+002;2.542406e-001
4.469410e+002;2.544899e-001
4.474232e+002;2.550179e-001
4.479053e+002;2.557688e-001
4.483875e+002;2.566108e-001
4.488696e+002;2.574027e-001
4.493517e+002;2.580583e-001
4.498339e+002;2.585725e-001
4.503160e+002;2.589933e-001
4.507981e+002;2.593701e-001
4.512803e+002;2.597040e-001
4.517624e+002;2.599438e-001
4.522445e+002;2.600186e-001
4.527267e+002;2.599001e-001
4.532088e+002;2.596371e-001
4.536909e+002;2.593529e-001
4.541731e+002;2.591917e-001
4.546552e+002;2.592555e-001
4.551374e+002;2.595516e-001
4.556195e+002;2.599953e-001
4.561016e+002;2.604525e-001
4.565838e+002;2.608095e-001
4.570659e+002;2.610260e-001
4.575480e+002;2.611489e-001
4.580302e+002;2.612716e-001
4.585123e+002;2.614745e-001
4.589944e+002;2.617705e-001
4.594766e+002;2.621005e-001
4.599587e+002;2.623708e-001
4.604409e+002;2.625130e-001
4.609230e+002;2.625298e-001
4.614052e+002;2.624993e-001
4.618873e+002;2.625344e-001
4.623694e+002;2.627246e-001
4.628516e+002;2.630854e-001
4.633337e+002;2.635554e-001
4.638158e+002;2.640239e-001
4.642980e+002;2.643922e-001
4.647801e+002;2.646200e-001
4.652622e+002;2.647341e-001
4.657444e+002;2.647983e-001
4.662265e+002;2.648683e-001
4.667086e+002;2.649501e-001
4.671908e+002;2.650031e-001
4.676729e+002;2.649729e-001
4.681551e+002;2.648394e-001
4.686372e+002;2.646441e-001
4.691193e+002;2.644834e-001
4.696015e+002;2.644619e-001
4.700836e+002;2.646407e-001
4.705657e+002;2.650005e-001
4.710479e+002;2.654521e-001
4.715300e+002;2.658811e-001
4.720121e+002;2.662084e-001
4.724943e+002;2.664287e-001
4.729764e+002;2.666097e-001
4.734586e+002;2.668436e-001
4.739407e+002;2.671894e-001
4.744229e+002;2.676270e-001
4.749050e+002;2.680652e-001
4.753871e+002;2.683865e-001
4.758693e+002;2.685145e-001
4.763514e+002;2.684588e-001
4.768335e+002;2.683197e-001
4.773157e+002;2.682395e-001
4.777978e+002;2.683385e-001
4.782799e+002;2.686554e-001
4.787621e+002;2.691378e-001
4.792442e+002;2.696716e-001
4.797263e+002;2.701434e-001
4.802085e+002;2.704948e-001
4.806906e+002;2.707448e-001
4.811728e+002;2.709672e-001
4.816549e+002;2.712437e-001
4.821370e+002;2.716121e-001
4.826192e+002;2.720505e-001
4.831013e+002;2.724914e-001
4.835834e+002;2.728635e-001
4.840656e+002;2.731304e-001
4.845477e+002;2.733072e-001
4.850298e+002;2.734430e-001
4.855120e+002;2.735876e-001
4.859941e+002;2.737553e-001
4.864763e+002;2.739192e-001
4.869584e+002;2.740307e-001
4.874405e+002;2.740557e-001
4.879227e+002;2.740045e-001
4.884048e+002;2.739367e-001
4.888869e+002;2.739370e-001
4.893691e+002;2.740775e-001
4.898512e+002;2.743801e-001
4.903333e+002;2.748083e-001
4.908155e+002;2.752842e-001
4.912976e+002;2.757232e-001
4.917798e+002;2.760658e-001
4.922619e+002;2.762960e-001
4.927440e+002;2.764297e-001
4.932262e+002;2.764943e-001
4.937083e+002;2.765056e-001
4.941905e+002;2.764640e-001
4.946726e+002;2.763680e-001
4.951547e+002;2.762339e-001
4.956369e+002;2.761028e-001
4.961190e+002;2.760341e-001
4.966011e+002;2.760799e-001
4.970833e+002;2.762565e-001
4.975654e+002;2.765304e-001
4.980475e+002;2.768309e-001
4.985297e+002;2.770810e-001
4.990118e+002;2.772366e-001
4.994940e+002;2.773066e-001
4.999761e+002;2.773490e-001
5.004582e+002;2.774393e-001
5.009404e+002;2.776335e-001
5.014225e+002;2.779407e-001
5.019046e+002;2.783219e-001
5.023868e+002;2.787166e-001
5.028689e+002;2.790753e-001
5.033510e+002;2.793843e-001
5.038332e+002;2.796678e-001
5.043153e+002;2.799645e-001
5.047975e+002;2.802992e-001
5.052796e+002;2.806604e-001
5.057617e+002;2.810030e-001
5.062439e+002;2.812729e-001
5.067260e+002;2.814381e-001
5.072082e+002;2.815074e-001
5.076903e+002;2.815276e-001
5.081724e+002;2.815581e-001
5.086546e+002;2.816379e-001
5.091367e+002;2.817664e-001
5.096188e+002;2.819059e-001
5.101010e+002;2.820071e-001
5.105831e+002;2.820398e-001
5.110652e+002;2.820122e-001
5.115474e+002;2.819671e-001
5.120295e+002;2.819583e-001
5.125117e+002;2.820207e-001
5.129938e+002;2.821508e-001
5.134760e+002;2.823138e-001
5.139581e+002;2.824646e-001
5.144402e+002;2.825799e-001
5.149224e+002;2.826723e-001
5.154045e+002;2.827843e-001
5.158866e+002;2.829602e-001
5.163688e+002;2.832168e-001
5.168509e+002;2.835242e-001
5.173330e+002;2.838167e-001
5.178152e+002;2.840219e-001
5.182973e+002;2.840995e-001
5.187794e+002;2.840606e-001
5.192616e+002;2.839649e-001
5.197437e+002;2.838876e-001
5.202258e+002;2.838859e-001
5.207080e+002;2.839682e-001
5.211901e+002;2.840986e-001
5.216722e+002;2.842192e-001
5.221544e+002;2.842863e-001
5.226365e+002;2.842955e-001
5.231187e+002;2.842846e-001
5.236008e+002;2.843105e-001
5.240829e+002;2.844181e-001
5.245651e+002;2.846137e-001
5.250472e+002;2.848625e-001
5.255294e+002;2.851043e-001
5.260115e+002;2.852859e-001
5.264937e+002;2.853843e-001
5.269758e+002;2.854134e-001
5.274579e+002;2.854100e-001
5.279401e+002;2.854106e-001
5.284222e+002;2.854297e-001
5.289043e+002;2.854590e-001
5.293865e+002;2.854803e-001
5.298686e+002;2.854860e-001
5.303507e+002;2.854932e-001
5.308329e+002;2.855415e-001
5.313150e+002;2.856708e-001
5.317971e+002;2.859012e-001
5.322793e+002;2.862132e-001
5.327614e+002;2.865531e-001
5.332435e+002;2.868553e-001
5.337257e+002;2.870707e-001
5.342078e+002;2.871892e-001
5.346899e+002;2.872401e-001
5.351721e+002;2.872753e-001
5.356542e+002;2.873410e-001
5.361364e+002;2.874534e-001
5.366185e+002;2.875969e-001
5.371006e+002;2.877344e-001
5.375828e+002;2.878328e-001
5.380649e+002;2.878828e-001
5.385471e+002;2.879026e-001
5.390292e+002;2.879255e-001
5.395114e+002;2.879822e-001
5.399935e+002;2.880801e-001
5.404756e+002;2.882024e-001
5.409578e+002;2.883200e-001
5.414399e+002;2.884095e-001
5.419220e+002;2.884663e-001
5.424042e+002;2.885072e-001
5.428863e+002;2.885558e-001
5.433684e+002;2.886274e-001
5.438506e+002;2.887130e-001
5.443327e+002;2.887863e-001
5.448148e+002;2.888158e-001
5.452970e+002;2.887874e-001
5.457791e+002;2.887155e-001
5.462612e+002;2.886394e-001
5.467434e+002;2.886040e-001
5.472255e+002;2.886385e-001
5.477076e+002;2.887378e-001
5.481898e+002;2.888666e-001
5.486719e+002;2.889756e-001
5.491541e+002;2.890286e-001
5.496362e+002;2.890195e-001
5.501183e+002;2.889758e-001
5.506005e+002;2.889429e-001
5.510826e+002;2.889608e-001
5.515648e+002;2.890431e-001
5.520469e+002;2.891732e-001
5.525291e+002;2.893138e-001
5.530112e+002;2.894300e-001
5.534933e+002;2.895055e-001
5.539755e+002;2.895502e-001
5.544576e+002;2.895887e-001
5.549397e+002;2.896464e-001
5.554219e+002;2.897298e-001
5.559040e+002;2.898252e-001
5.563861e+002;2.899062e-001
5.568683e+002;2.899515e-001
5.573504e+002;2.899559e-001
5.578325e+002;2.899361e-001
5.583147e+002;2.899193e-001
5.587968e+002;2.899278e-001
5.592789e+002;2.899651e-001
5.597611e+002;2.900142e-001
5.602432e+002;2.900451e-001
5.607253e+002;2.900338e-001
5.612075e+002;2.899730e-001
5.616896e+002;2.898769e-001
5.621718e+002;2.897715e-001
5.626539e+002;2.896816e-001
5.631360e+002;2.896166e-001
5.636182e+002;2.895699e-001
5.641003e+002;2.895255e-001
5.645825e+002;2.894720e-001
5.650646e+002;2.894099e-001
5.655468e+002;2.893543e-001
5.660289e+002;2.893226e-001
5.665110e+002;2.893246e-001
5.669932e+002;2.893517e-001
5.674753e+002;2.893806e-001
5.679574e+002;2.893839e-001
5.684396e+002;2.893465e-001
5.689217e+002;2.892742e-001
5.694038e+002;2.891920e-001
5.698860e+002;2.891312e-001
5.703681e+002;2.891133e-001
5.708502e+002;2.891370e-001
5.713324e+002;2.891806e-001
5.718145e+002;2.892120e-001
5.722966e+002;2.892071e-001
5.727788e+002;2.891599e-001
5.732609e+002;2.890859e-001
5.737430e+002;2.890109e-001
5.742252e+002;2.889558e-001
5.747073e+002;2.889248e-001
5.751895e+002;2.889043e-001
5.756716e+002;2.888720e-001
5.761537e+002;2.888116e-001
5.766359e+002;2.887228e-001
5.771180e+002;2.886208e-001
5.776002e+002;2.885272e-001
5.780823e+002;2.884567e-001
5.785645e+002;2.884059e-001
5.790466e+002;2.883556e-001
5.795287e+002;2.882814e-001
5.800109e+002;2.881676e-001
5.804930e+002;2.880187e-001
5.809751e+002;2.878572e-001
5.814573e+002;2.877130e-001
5.819394e+002;2.876086e-001
5.824215e+002;2.875468e-001
5.829037e+002;2.875130e-001
5.833858e+002;2.874833e-001
5.838679e+002;2.874424e-001
5.843501e+002;2.873909e-001
5.848322e+002;2.873466e-001
5.853143e+002;2.873322e-001
5.857965e+002;2.873592e-001
5.862786e+002;2.874155e-001
5.867607e+002;2.874674e-001
5.872429e+002;2.874705e-001
5.877250e+002;2.873893e-001
5.882072e+002;2.872141e-001
5.886893e+002;2.869656e-001
5.891714e+002;2.866857e-001
5.896536e+002;2.864235e-001
5.901357e+002;2.862150e-001
5.906179e+002;2.860754e-001
5.911000e+002;2.860006e-001
5.915822e+002;2.859741e-001
5.920643e+002;2.859783e-001
5.925464e+002;2.859997e-001
5.930286e+002;2.860280e-001
5.935107e+002;2.860531e-001
5.939928e+002;2.860595e-001
5.944750e+002;2.860298e-001
5.949571e+002;2.859501e-001
5.954392e+002;2.858186e-001
5.959214e+002;2.856485e-001
5.964035e+002;2.854653e-001
5.968856e+002;2.852954e-001
5.973678e+002;2.851556e-001
5.978499e+002;2.850455e-001
5.983320e+002;2.849491e-001
5.988142e+002;2.848447e-001
5.992963e+002;2.847179e-001
5.997784e+002;2.845688e-001
6.002606e+002;2.844119e-001
6.007427e+002;2.842669e-001
6.012249e+002;2.841475e-001
6.017070e+002;2.840514e-001
6.021891e+002;2.839625e-001
6.026713e+002;2.838597e-001
6.031534e+002;2.837278e-001
6.036356e+002;2.835670e-001
6.041177e+002;2.833925e-001
6.045999e+002;2.832260e-001
6.050820e+002;2.830839e-001
6.055641e+002;2.829682e-001
6.060463e+002;2.828667e-001
6.065284e+002;2.827595e-001
6.070105e+002;2.826323e-001
6.074927e+002;2.824828e-001
6.079748e+002;2.823232e-001
6.084569e+002;2.821718e-001
6.089391e+002;2.820425e-001
6.094212e+002;2.819368e-001
6.099033e+002;2.818427e-001
6.103855e+002;2.817425e-001
6.108676e+002;2.816218e-001
6.113497e+002;2.814780e-001
6.118319e+002;2.813211e-001
6.123140e+002;2.811654e-001
6.127961e+002;2.810229e-001
6.132783e+002;2.808940e-001
6.137604e+002;2.807689e-001
6.142426e+002;2.806349e-001
6.147247e+002;2.804857e-001
6.152068e+002;2.803260e-001
6.156890e+002;2.801709e-001
6.161711e+002;2.800362e-001
6.166533e+002;2.799286e-001
6.171354e+002;2.798392e-001
6.176176e+002;2.797473e-001
6.180997e+002;2.796286e-001
6.185818e+002;2.794699e-001
6.190640e+002;2.792758e-001
6.195461e+002;2.790686e-001
6.200282e+002;2.788769e-001
6.205104e+002;2.787238e-001
6.209925e+002;2.786155e-001
6.214746e+002;2.785397e-001
6.219568e+002;2.784740e-001
6.224389e+002;2.783973e-001
6.229210e+002;2.782991e-001
6.234032e+002;2.781836e-001
6.238853e+002;2.780614e-001
6.243674e+002;2.779420e-001
6.248496e+002;2.778239e-001
6.253317e+002;2.776944e-001
6.258138e+002;2.775356e-001
6.262960e+002;2.773349e-001
6.267781e+002;2.770931e-001
6.272603e+002;2.768251e-001
6.277424e+002;2.765530e-001
6.282245e+002;2.762967e-001
6.287067e+002;2.760638e-001
6.291888e+002;2.758497e-001
6.296710e+002;2.756414e-001
6.301531e+002;2.754286e-001
6.306353e+002;2.752106e-001
6.311174e+002;2.749974e-001
6.315995e+002;2.748047e-001
6.320817e+002;2.746436e-001
6.325638e+002;2.745136e-001
6.330459e+002;2.744013e-001
6.335281e+002;2.742864e-001
6.340102e+002;2.741517e-001
6.344923e+002;2.739910e-001
6.349745e+002;2.738118e-001
6.354566e+002;2.736299e-001
6.359387e+002;2.734604e-001
6.364209e+002;2.733087e-001
6.369030e+002;2.731686e-001
6.373851e+002;2.730260e-001
6.378673e+002;2.728670e-001
6.383494e+002;2.726864e-001
6.388315e+002;2.724894e-001
6.393137e+002;2.722886e-001
6.397958e+002;2.720969e-001
6.402780e+002;2.719194e-001
6.407601e+002;2.717520e-001
6.412422e+002;2.715829e-001
6.417244e+002;2.714003e-001
6.422065e+002;2.711968e-001
6.426887e+002;2.709732e-001
6.431708e+002;2.707358e-001
6.436530e+002;2.704918e-001
6.441351e+002;2.702444e-001
6.446172e+002;2.699931e-001
6.450994e+002;2.697359e-001
6.455815e+002;2.694739e-001
6.460636e+002;2.692136e-001
6.465458e+002;2.689660e-001
6.470279e+002;2.687399e-001
6.475100e+002;2.685382e-001
6.479922e+002;2.683526e-001
6.484743e+002;2.681683e-001
6.489564e+002;2.679691e-001
6.494386e+002;2.677467e-001
6.499207e+002;2.675053e-001
6.504028e+002;2.672596e-001
6.508850e+002;2.670285e-001
6.513671e+002;2.668267e-001
6.518492e+002;2.666561e-001
6.523314e+002;2.665077e-001
6.528135e+002;2.663649e-001
6.532957e+002;2.662120e-001
6.537778e+002;2.660408e-001
6.542599e+002;2.658521e-001
6.547421e+002;2.656513e-001
6.552242e+002;2.654441e-001
6.557064e+002;2.652306e-001
6.561885e+002;2.650060e-001
6.566707e+002;2.647649e-001
6.571527e+002;2.645072e-001
6.576349e+002;2.642409e-001
6.581171e+002;2.639809e-001
6.585991e+002;2.637414e-001
6.590813e+002;2.635297e-001
6.595635e+002;2.633392e-001
6.600455e+002;2.631527e-001
6.605277e+002;2.629489e-001
6.610099e+002;2.627112e-001
6.614919e+002;2.624371e-001
6.619741e+002;2.621374e-001
6.624563e+002;2.618315e-001
6.629384e+002;2.615390e-001
6.634205e+002;2.612712e-001
6.639027e+002;2.610288e-001
6.643848e+002;2.608041e-001
6.648669e+002;2.605892e-001
6.653491e+002;2.603797e-001
6.658312e+002;2.601774e-001
6.663134e+002;2.599880e-001
6.667955e+002;2.598134e-001
6.672776e+002;2.596477e-001
6.677598e+002;2.594765e-001
6.682419e+002;2.592809e-001
6.687240e+002;2.590460e-001
6.692062e+002;2.587667e-001
6.696884e+002;2.584516e-001
6.701704e+002;2.581167e-001
6.706526e+002;2.577812e-001
6.711348e+002;2.574590e-001
6.716168e+002;2.571556e-001
6.720990e+002;2.568699e-001
6.725812e+002;2.565973e-001
6.730632e+002;2.563343e-001
6.735454e+002;2.560810e-001
6.740276e+002;2.558398e-001
6.745096e+002;2.556119e-001
6.749918e+002;2.553950e-001
6.754740e+002;2.551828e-001
6.759561e+002;2.549670e-001
6.764382e+002;2.547421e-001
6.769204e+002;2.545075e-001
6.774025e+002;2.542675e-001
6.778846e+002;2.540283e-001
6.783668e+002;2.537933e-001
6.788489e+002;2.535606e-001
6.793311e+002;2.533222e-001
6.798132e+002;2.530692e-001
6.802953e+002;2.527955e-001
6.807775e+002;2.525011e-001
6.812596e+002;2.521936e-001
6.817417e+002;2.518836e-001
6.822239e+002;2.515807e-001
6.827061e+002;2.512896e-001
6.831881e+002;2.510094e-001
6.836703e+002;2.507362e-001
6.841525e+002;2.504664e-001
6.846345e+002;2.502003e-001
6.851167e+002;2.499409e-001
6.855989e+002;2.496913e-001
6.860809e+002;2.494518e-001
6.865631e+002;2.492163e-001
6.870453e+002;2.489752e-001
6.875273e+002;2.487182e-001
6.880095e+002;2.484404e-001
6.884917e+002;2.481438e-001
6.889738e+002;2.478377e-001
6.894559e+002;2.475337e-001
6.899381e+002;2.472402e-001
6.904202e+002;2.469592e-001
6.909023e+002;2.466860e-001
6.913845e+002;2.464120e-001
6.918666e+002;2.461303e-001
6.923488e+002;2.458393e-001
6.928309e+002;2.455432e-001
6.933130e+002;2.452487e-001
6.937952e+002;2.449620e-001
6.942773e+002;2.446846e-001
6.947594e+002;2.444130e-001
6.952416e+002;2.441418e-001
6.957238e+002;2.438665e-001
6.962058e+002;2.435854e-001
6.966880e+002;2.433009e-001
6.971702e+002;2.430154e-001
6.976522e+002;2.427297e-001
6.981344e+002;2.424408e-001
6.986166e+002;2.421438e-001
6.990986e+002;2.418345e-001
6.995808e+002;2.415144e-001
7.000630e+002;2.411902e-001
7.005450e+002;2.408720e-001
7.010272e+002;2.405692e-001
7.015094e+002;2.402848e-001
7.019915e+002;2.400138e-001
7.024736e+002;2.397450e-001
7.029558e+002;2.394664e-001
7.034379e+002;2.391708e-001
7.039200e+002;2.388586e-001
7.044022e+002;2.385374e-001
7.048843e+002;2.382163e-001
7.053665e+002;2.379017e-001
7.058486e+002;2.375923e-001
7.063307e+002;2.372808e-001
7.068129e+002;2.369579e-001
7.072950e+002;2.366180e-001
7.077771e+002;2.362633e-001
7.082593e+002;2.359035e-001
7.087415e+002;2.355514e-001
7.092235e+002;2.352177e-001
7.097057e+002;2.349052e-001
7.101879e+002;2.346084e-001
7.106699e+002;2.343172e-001
7.111521e+002;2.340205e-001
7.116343e+002;2.337119e-001
7.121163e+002;2.333902e-001
7.125985e+002;2.330593e-001
7.130807e+002;2.327233e-001
7.135627e+002;2.323850e-001
7.140449e+002;2.320451e-001
7.145271e+002;2.317031e-001
7.150092e+002;2.313617e-001
7.154913e+002;2.310260e-001
7.159735e+002;2.307040e-001
7.164556e+002;2.304014e-001
7.169377e+002;2.301190e-001
7.174199e+002;2.298498e-001
7.179020e+002;2.295807e-001
7.183842e+002;2.292975e-001
7.188663e+002;2.289899e-001
7.193484e+002;2.286561e-001
7.198306e+002;2.283018e-001
7.203127e+002;2.279372e-001
7.207948e+002;2.275725e-001
7.212770e+002;2.272132e-001
7.217592e+002;2.268597e-001
7.222412e+002;2.265088e-001
7.227234e+002;2.261584e-001
7.232056e+002;2.258090e-001
7.236876e+002;2.254634e-001
7.241698e+002;2.251250e-001
7.246520e+002;2.247938e-001
7.251340e+002;2.244645e-001
7.256162e+002;2.241282e-001
7.260984e+002;2.237769e-001
7.265804e+002;2.234074e-001
7.270626e+002;2.230247e-001
7.275448e+002;2.226404e-001
7.280269e+002;2.222679e-001
7.285090e+002;2.219173e-001
7.289912e+002;2.215900e-001
7.294733e+002;2.212789e-001
7.299554e+002;2.209719e-001
7.304376e+002;2.206576e-001
7.309197e+002;2.203301e-001
7.314019e+002;2.199911e-001
7.318840e+002;2.196472e-001
7.323661e+002;2.193065e-001
7.328483e+002;2.189726e-001
7.333304e+002;2.186447e-001
7.338125e+002;2.183164e-001
7.342947e+002;2.179811e-001
7.347769e+002;2.176342e-001
7.352589e+002;2.172752e-001
7.357411e+002;2.169075e-001
7.362233e+002;2.165351e-001
7.367053e+002;2.161610e-001
7.371875e+002;2.157856e-001
7.376697e+002;2.154082e-001
7.381517e+002;2.150287e-001
7.386339e+002;2.146494e-001
7.391161e+002;2.142749e-001
7.395981e+002;2.139099e-001
7.400803e+002;2.135570e-001
7.405625e+002;2.132147e-001
7.410446e+002;2.128767e-001
7.415267e+002;2.125365e-001
7.420089e+002;2.121884e-001
7.424910e+002;2.118305e-001
7.429731e+002;2.114646e-001
7.434553e+002;2.110945e-001
7.439374e+002;2.107238e-001
7.444196e+002;2.103534e-001
7.449017e+002;2.099827e-001
7.453838e+002;2.096105e-001
7.458660e+002;2.092382e-001
7.463481e+002;2.088696e-001
7.468302e+002;2.085099e-001
7.473124e+002;2.081633e-001
7.477945e+002;2.078286e-001
7.482766e+002;2.074993e-001
7.487588e+002;2.071645e-001
7.492409e+002;2.068134e-001
7.497230e+002;2.064403e-001
7.502052e+002;2.060469e-001
7.506873e+002;2.056424e-001
7.511694e+002;2.052387e-001
7.516516e+002;2.048466e-001
7.521337e+002;2.044710e-001
7.526158e+002;2.041103e-001
7.530980e+002;2.037586e-001
7.535801e+002;2.034093e-001
7.540623e+002;2.030586e-001
7.545444e+002;2.027068e-001
7.550266e+002;2.023565e-001
7.555087e+002;2.020099e-001
7.559908e+002;2.016658e-001
7.564730e+002;2.013199e-001
7.569551e+002;2.009663e-001
7.574373e+002;2.006006e-001
7.579194e+002;2.002230e-001
7.584015e+002;1.998375e-001
7.588837e+002;1.994514e-001
7.593658e+002;1.990712e-001
7.598479e+002;1.986996e-001
7.603301e+002;1.983349e-001
7.608122e+002;1.979732e-001
7.612943e+002;1.976103e-001
7.617765e+002;1.972445e-001
7.622586e+002;1.968777e-001
7.627407e+002;1.965137e-001
7.632229e+002;1.961554e-001
7.637050e+002;1.958031e-001
7.641871e+002;1.954540e-001
7.646693e+002;1.951030e-001
7.651514e+002;1.947455e-001
7.656335e+002;1.943799e-001
7.661157e+002;1.940074e-001
7.665978e+002;1.936310e-001
7.670800e+002;1.932538e-001
7.675621e+002;1.928767e-001
7.680443e+002;1.924985e-001
7.685264e+002;1.921173e-001
7.690085e+002;1.917330e-001
7.694907e+002;1.913473e-001
7.699728e+002;1.909640e-001
7.704550e+002;1.905877e-001
7.709371e+002;1.902197e-001
7.714192e+002;1.898579e-001
7.719014e+002;1.894963e-001
7.723835e+002;1.891285e-001
7.728656e+002;1.887503e-001
7.733478e+002;1.883612e-001
7.738299e+002;1.879647e-001
7.743120e+002;1.875663e-001
7.747942e+002;1.871701e-001
7.752763e+002;1.867770e-001
7.757584e+002;1.863841e-001
7.762406e+002;1.859874e-001
7.767227e+002;1.855837e-001
7.772048e+002;1.851732e-001
7.776870e+002;1.847591e-001
7.781691e+002;1.843459e-001
7.786512e+002;1.839366e-001
7.791334e+002;1.835307e-001
7.796155e+002;1.831240e-001
7.800977e+002;1.827111e-001
7.805798e+002;1.822887e-001
7.810620e+002;1.818569e-001
7.815441e+002;1.814205e-001
7.820262e+002;1.809867e-001
7.825084e+002;1.805617e-001
7.829905e+002;1.801481e-001
7.834727e+002;1.797443e-001
7.839548e+002;1.793455e-001
7.844369e+002;1.789467e-001
7.849191e+002;1.785447e-001
7.854012e+002;1.781396e-001
7.858833e+002;1.777329e-001
7.863655e+002;1.773258e-001
7.868476e+002;1.769174e-001
7.873297e+002;1.765042e-001
7.878119e+002;1.760815e-001
7.882940e+002;1.756464e-001
7.887761e+002;1.751995e-001
7.892583e+002;1.747455e-001
7.897404e+002;1.742915e-001
7.902225e+002;1.738452e-001
7.907047e+002;1.734109e-001
7.911868e+002;1.729899e-001
7.916689e+002;1.725800e-001
7.921511e+002;1.721782e-001
7.926332e+002;1.717816e-001
7.931154e+002;1.713896e-001
7.935975e+002;1.710021e-001
7.940797e+002;1.706182e-001
7.945618e+002;1.702357e-001
7.950439e+002;1.698503e-001
7.955261e+002;1.694573e-001
7.960082e+002;1.690548e-001
7.964904e+002;1.686433e-001
7.969725e+002;1.682273e-001
7.974546e+002;1.678130e-001
7.979368e+002;1.674057e-001
7.984189e+002;1.670076e-001
7.989010e+002;1.666180e-001
7.993832e+002;1.662336e-001
7.998653e+002;1.658510e-001
8.003474e+002;1.654689e-001
8.008296e+002;1.650879e-001
8.013117e+002;1.647100e-001
8.017938e+002;1.643363e-001
8.022760e+002;1.639656e-001
8.027581e+002;1.635945e-001
8.032402e+002;1.632184e-001
8.037224e+002;1.628343e-001
8.042045e+002;1.624413e-001
8.046866e+002;1.620420e-001
8.051688e+002;1.616408e-001
8.056509e+002;1.612408e-001
8.061331e+002;1.608431e-001
8.066152e+002;1.604460e-001
8.070974e+002;1.600465e-001
8.075795e+002;1.596421e-001
8.080616e+002;1.592323e-001
8.085438e+002;1.588193e-001
8.090259e+002;1.584070e-001
8.095081e+002;1.579989e-001
8.099902e+002;1.575975e-001
8.104723e+002;1.572027e-001
8.109545e+002;1.568141e-001
8.114366e+002;1.564312e-001
8.119187e+002;1.560544e-001
8.124009e+002;1.556848e-001
8.128830e+002;1.553227e-001
8.133651e+002;1.549660e-001
8.138473e+002;1.546096e-001
8.143294e+002;1.542473e-001
8.148115e+002;1.538731e-001
8.152937e+002;1.534843e-001
8.157758e+002;1.530827e-001
8.162579e+002;1.526741e-001
8.167401e+002;1.522659e-001
8.172222e+002;1.518636e-001
8.177043e+002;1.514694e-001
8.181865e+002;1.510809e-001
8.186686e+002;1.506936e-001
8.191508e+002;1.503033e-001
8.196329e+002;1.499081e-001
8.201151e+002;1.495098e-001
8.205972e+002;1.491122e-001
8.210793e+002;1.487190e-001
8.215615e+002;1.483315e-001
8.220436e+002;1.479476e-001
8.225258e+002;1.475633e-001
8.230079e+002;1.471732e-001
8.234900e+002;1.467742e-001
8.239722e+002;1.463650e-001
8.244543e+002;1.459464e-001
8.249364e+002;1.455203e-001
8.254186e+002;1.450877e-001
8.259007e+002;1.446491e-001
8.263828e+002;1.442049e-001
8.268650e+002;1.437573e-001
8.273471e+002;1.433098e-001
8.278292e+002;1.428685e-001
8.283114e+002;1.424392e-001
8.287935e+002;1.420255e-001
8.292756e+002;1.416270e-001
8.297578e+002;1.412388e-001
8.302399e+002;1.408529e-001
8.307220e+002;1.404611e-001
8.312042e+002;1.400574e-001
8.316863e+002;1.396400e-001
8.321685e+002;1.392115e-001
8.326506e+002;1.387774e-001
8.331328e+002;1.383434e-001
8.336149e+002;1.379147e-001
8.340970e+002;1.374944e-001
8.345792e+002;1.370828e-001
8.350613e+002;1.366793e-001
8.355435e+002;1.362822e-001
8.360256e+002;1.358891e-001
8.365077e+002;1.354971e-001
8.369899e+002;1.351028e-001
8.374720e+002;1.347034e-001
8.379541e+002;1.342964e-001
8.384363e+002;1.338818e-001
8.389184e+002;1.334615e-001
8.394005e+002;1.330387e-001
8.398827e+002;1.326174e-001
8.403648e+002;1.321999e-001
8.408469e+002;1.317872e-001
8.413291e+002;1.313772e-001
8.418112e+002;1.309677e-001
8.422933e+002;1.305571e-001
8.427755e+002;1.301455e-001
8.432576e+002;1.297353e-001
8.437397e+002;1.293301e-001
8.442219e+002;1.289330e-001
8.447040e+002;1.285444e-001
8.451862e+002;1.281628e-001
8.456683e+002;1.277839e-001
8.461505e+002;1.274031e-001
8.466326e+002;1.270167e-001
8.471147e+002;1.266237e-001
8.475969e+002;1.262251e-001
8.480790e+002;1.258243e-001
8.485612e+002;1.254246e-001
8.490433e+002;1.250288e-001
8.495254e+002;1.246386e-001
8.500076e+002;1.242538e-001
8.504897e+002;1.238736e-001
8.509718e+002;1.234962e-001
8.514540e+002;1.231198e-001
8.519361e+002;1.227420e-001
8.524182e+002;1.223604e-001
8.529004e+002;1.219736e-001
8.533825e+002;1.215809e-001
8.538646e+002;1.211830e-001
8.543468e+002;1.207822e-001
8.548289e+002;1.203811e-001
8.553110e+002;1.199825e-001
8.557932e+002;1.195880e-001
8.562753e+002;1.191974e-001
8.567574e+002;1.188100e-001
8.572396e+002;1.184248e-001
8.577217e+002;1.180419e-001
8.582039e+002;1.176628e-001
8.586860e+002;1.172901e-001
8.591682e+002;1.169257e-001
8.596503e+002;1.165702e-001
8.601324e+002;1.162214e-001
8.606146e+002;1.158750e-001
8.610967e+002;1.155257e-001
8.615789e+002;1.151689e-001
8.620610e+002;1.148029e-001
8.625431e+002;1.144287e-001
8.630253e+002;1.140503e-001
8.635074e+002;1.136725e-001
8.639895e+002;1.132995e-001
8.644717e+002;1.129336e-001
8.649538e+002;1.125741e-001
8.654359e+002;1.122190e-001
8.659181e+002;1.118645e-001
8.664002e+002;1.115076e-001
8.668823e+002;1.111461e-001
8.673645e+002;1.107792e-001
8.678466e+002;1.104072e-001
8.683287e+002;1.100320e-001
8.688109e+002;1.096558e-001
8.692930e+002;1.092812e-001
8.697751e+002;1.089107e-001
8.702573e+002;1.085455e-001
8.707394e+002;1.081861e-001
8.712216e+002;1.078309e-001
8.717037e+002;1.074769e-001
8.721859e+002;1.071208e-001
8.726680e+002;1.067594e-001
8.731501e+002;1.063909e-001
8.736323e+002;1.060152e-001
8.741144e+002;1.056339e-001
8.745966e+002;1.052490e-001
8.750787e+002;1.048627e-001
8.755608e+002;1.044761e-001
8.760430e+002;1.040898e-001
8.765251e+002;1.037036e-001
8.770072e+002;1.033179e-001
8.774894e+002;1.029332e-001
8.779715e+002;1.025515e-001
8.784536e+002;1.021743e-001
8.789358e+002;1.018031e-001
8.794179e+002;1.014379e-001
8.799000e+002;1.010782e-001
8.803822e+002;1.007222e-001
8.808643e+002;1.003682e-001
8.813464e+002;1.000150e-001
8.818286e+002;9.966197e-002
8.823107e+002;9.930934e-002
8.827928e+002;9.895809e-002
8.832750e+002;9.860948e-002
8.837571e+002;9.826507e-002
8.842393e+002;9.792675e-002
8.847214e+002;9.759631e-002
8.852036e+002;9.727518e-002
8.856857e+002;9.696374e-002
8.861678e+002;9.666075e-002
8.866500e+002;9.636298e-002
8.871321e+002;9.606632e-002
8.876143e+002;9.576593e-002
8.880964e+002;9.545829e-002
8.885785e+002;9.514216e-002
8.890607e+002;9.481877e-002
8.895428e+002;9.449150e-002
8.900249e+002;9.416424e-002
8.905071e+002;9.384049e-002
8.909892e+002;9.352200e-002
8.914713e+002;9.320874e-002
8.919535e+002;9.289955e-002
8.924356e+002;9.259303e-002
8.929177e+002;9.228847e-002
8.933999e+002;9.198649e-002
8.938820e+002;9.168844e-002
8.943641e+002;9.139597e-002
8.948463e+002;9.110963e-002
8.953284e+002;9.082911e-002
8.958105e+002;9.055273e-002
8.962927e+002;9.027851e-002
8.967748e+002;9.000434e-002
8.972570e+002;8.972837e-002
8.977391e+002;8.944952e-002
8.982213e+002;8.916701e-002
8.987034e+002;8.888026e-002
8.991855e+002;8.858868e-002
8.996677e+002;8.829187e-002
9.001498e+002;8.799004e-002
9.006320e+002;8.768386e-002
9.011141e+002;8.737473e-002
9.015962e+002;8.706447e-002
9.020784e+002;8.675504e-002
9.025605e+002;8.644831e-002
9.030426e+002;8.614543e-002
9.035248e+002;8.584781e-002
9.040069e+002;8.555670e-002
9.044890e+002;8.527316e-002
9.049712e+002;8.499838e-002
9.054533e+002;8.473246e-002
9.059354e+002;8.447466e-002
9.064176e+002;8.422301e-002
9.068997e+002;8.397513e-002
9.073818e+002;8.372822e-002
9.078640e+002;8.348013e-002
9.083461e+002;8.322980e-002
9.088282e+002;8.297724e-002
9.093104e+002;8.272340e-002
9.097925e+002;8.246951e-002
9.102747e+002;8.221688e-002
9.107568e+002;8.196626e-002
9.112390e+002;8.171858e-002
9.117211e+002;8.147473e-002
9.122032e+002;8.123616e-002
9.126853e+002;8.100415e-002
9.131675e+002;8.077992e-002
9.136497e+002;8.056367e-002
9.141317e+002;8.035423e-002
9.146139e+002;8.014899e-002
9.150961e+002;7.994495e-002
9.155781e+002;7.973883e-002
9.160603e+002;7.952815e-002
9.165425e+002;7.931186e-002
9.170245e+002;7.908998e-002
9.175067e+002;7.886373e-002
9.179889e+002;7.863487e-002
9.184709e+002;7.840516e-002
9.189531e+002;7.817689e-002
9.194353e+002;7.795211e-002
9.199174e+002;7.773268e-002
9.203995e+002;7.752005e-002
9.208817e+002;7.731470e-002
9.213638e+002;7.711583e-002
9.218459e+002;7.692075e-002
9.223281e+002;7.672568e-002
9.228102e+002;7.652608e-002
9.232924e+002;7.631832e-002
9.237745e+002;7.610010e-002
9.242566e+002;7.587152e-002
9.247388e+002;7.563498e-002
9.252209e+002;7.539423e-002
9.257030e+002;7.515346e-002
9.261852e+002;7.491586e-002
9.266674e+002;7.468328e-002
9.271494e+002;7.445562e-002
9.276316e+002;7.423103e-002
9.281138e+002;7.400727e-002
9.285958e+002;7.378181e-002
9.290780e+002;7.355332e-002
9.295602e+002;7.332188e-002
9.300422e+002;7.308893e-002
9.305244e+002;7.285699e-002
9.310066e+002;7.262877e-002
9.314886e+002;7.240657e-002
9.319708e+002;7.219106e-002
9.324530e+002;7.198130e-002
9.329351e+002;7.177465e-002
9.334172e+002;7.156759e-002
9.338994e+002;7.135624e-002
9.343815e+002;7.113828e-002
9.348636e+002;7.091317e-002
9.353458e+002;7.068243e-002
9.358279e+002;7.044964e-002
9.363101e+002;7.021894e-002
9.367922e+002;6.999438e-002
9.372743e+002;6.977893e-002
9.377565e+002;6.957380e-002
9.382386e+002;6.937867e-002
9.387207e+002;6.919213e-002
9.392029e+002;6.901205e-002
9.396851e+002;6.883609e-002
9.401671e+002;6.866237e-002
9.406493e+002;6.848912e-002
9.411315e+002;6.831471e-002
9.416135e+002;6.813779e-002
9.420957e+002;6.795797e-002
9.425779e+002;6.777509e-002
9.430599e+002;6.758983e-002
9.435421e+002;6.740366e-002
9.440243e+002;6.721829e-002
9.445063e+002;6.703501e-002
9.449885e+002;6.685459e-002
9.454707e+002;6.667686e-002
9.459528e+002;6.650109e-002
9.464349e+002;6.632641e-002
9.469171e+002;6.615207e-002
9.473992e+002;6.597824e-002
9.478813e+002;6.580535e-002
9.483635e+002;6.563454e-002
9.488456e+002;6.546662e-002
9.493278e+002;6.530200e-002
9.498099e+002;6.514080e-002
9.502920e+002;6.498264e-002
9.507742e+002;6.482703e-002
9.512563e+002;6.467371e-002
9.517384e+002;6.452275e-002
9.522206e+002;6.437401e-002
9.527028e+002;6.422708e-002
9.531848e+002;6.408112e-002
9.536670e+002;6.393493e-002
9.541492e+002;6.378767e-002
9.546312e+002;6.363894e-002
9.551134e+002;6.348980e-002
9.555956e+002;6.334245e-002
9.560776e+002;6.320014e-002
9.565598e+002;6.306587e-002
9.570420e+002;6.294093e-002
9.575240e+002;6.282555e-002
9.580062e+002;6.271749e-002
9.584884e+002;6.261352e-002
9.589705e+002;6.251048e-002
9.594526e+002;6.240604e-002
9.599348e+002;6.230010e-002
9.604169e+002;6.219392e-002
9.608990e+002;6.209032e-002
9.613812e+002;6.199196e-002
9.618633e+002;6.190078e-002
9.623455e+002;6.181668e-002
9.628276e+002;6.173829e-002
9.633097e+002;6.166311e-002
9.637919e+002;6.158879e-002
9.642740e+002;6.151319e-002
9.647561e+002;6.143565e-002
9.652383e+002;6.135646e-002
9.657205e+002;6.127634e-002
9.662025e+002;6.119605e-002
9.666847e+002;6.111578e-002
9.671669e+002;6.103514e-002
9.676489e+002;6.095311e-002
9.681311e+002;6.086872e-002
9.686133e+002;6.078084e-002
9.690953e+002;6.068877e-002
9.695775e+002;6.059290e-002
9.700597e+002;6.049373e-002
9.705417e+002;6.039315e-002
9.710239e+002;6.029340e-002
9.715061e+002;6.019802e-002
9.719882e+002;6.011050e-002
9.724703e+002;6.003423e-002
9.729525e+002;5.997195e-002
9.734346e+002;5.992471e-002
9.739167e+002;5.989204e-002
9.743989e+002;5.987170e-002
9.748810e+002;5.986050e-002
9.753632e+002;5.985509e-002
9.758453e+002;5.985237e-002
9.763274e+002;5.985022e-002
9.768096e+002;5.984768e-002
9.772917e+002;5.984474e-002
9.777738e+002;5.984182e-002
9.782560e+002;5.983926e-002
9.787382e+002;5.983729e-002
9.792202e+002;5.983599e-002
9.797024e+002;5.983537e-002
9.801846e+002;5.983517e-002
9.806666e+002;5.983557e-002
9.811488e+002;5.983661e-002
9.816310e+002;5.983820e-002
9.821130e+002;5.984014e-002
9.825952e+002;5.984259e-002
9.830774e+002;5.984580e-002
9.835594e+002;5.985063e-002
9.840416e+002;5.985832e-002
9.845238e+002;5.987040e-002
9.850059e+002;5.988859e-002
9.854880e+002;5.991431e-002
9.859702e+002;5.994809e-002
9.864523e+002;5.999021e-002
9.869344e+002;6.004024e-002
9.874166e+002;6.009722e-002
9.878987e+002;6.015978e-002
9.883809e+002;6.022593e-002
9.888630e+002;6.029331e-002
9.893451e+002;6.035888e-002
9.898273e+002;6.041901e-002
9.903094e+002;6.047051e-002
9.907915e+002;6.051029e-002
9.912737e+002;6.053641e-002
9.917559e+002;6.054884e-002
9.922379e+002;6.054856e-002
9.927201e+002;6.053743e-002
9.932023e+002;6.051762e-002
9.936843e+002;6.049150e-002
9.941665e+002;6.046052e-002
9.946487e+002;6.042587e-002
9.951307e+002;6.038857e-002
9.956129e+002;6.034889e-002
9.960951e+002;6.030767e-002
9.965771e+002;6.026451e-002
9.970593e+002;6.021889e-002
9.975415e+002;6.016960e-002
9.980236e+002;6.011512e-002
9.985057e+002;6.005460e-002
9.989879e+002;5.998809e-002
9.994700e+002;5.991739e-002
9.999521e+002;5.984536e-002
1.000434e+003;5.977573e-002
1.000916e+003;5.971128e-002
1.001399e+003;5.965347e-002
1.001881e+003;5.960181e-002
1.002363e+003;5.955408e-002
1.002845e+003;5.950774e-002
1.003327e+003;5.946098e-002
1.003809e+003;5.941334e-002
1.004291e+003;5.936651e-002
1.004774e+003;5.932310e-002
1.005256e+003;5.928545e-002
1.005738e+003;5.925522e-002
1.006220e+003;5.923238e-002
1.006702e+003;5.921539e-002
1.007184e+003;5.920243e-002
1.007666e+003;5.919225e-002
1.008148e+003;5.918497e-002
1.008631e+003;5.918186e-002
1.009113e+003;5.918539e-002
1.009595e+003;5.919780e-002
1.010077e+003;5.922073e-002
1.010559e+003;5.925385e-002
1.011041e+003;5.929634e-002
1.011523e+003;5.934577e-002
1.012006e+003;5.940028e-002
1.012488e+003;5.945760e-002
1.012970e+003;5.951612e-002
1.013452e+003;5.957417e-002
1.013934e+003;5.963008e-002
1.014416e+003;5.968223e-002
1.014898e+003;5.972869e-002
1.015380e+003;5.976838e-002
1.015863e+003;5.980083e-002
1.016345e+003;5.982673e-002
1.016827e+003;5.984735e-002
1.017309e+003;5.986458e-002
1.017791e+003;5.987975e-002
1.018273e+003;5.989382e-002
1.018755e+003;5.990697e-002
1.019238e+003;5.991888e-002
1.019720e+003;5.992926e-002
1.020202e+003;5.993839e-002
1.020684e+003;5.994683e-002
1.021166e+003;5.995631e-002
1.021648e+003;5.996928e-002
1.022130e+003;5.998824e-002
1.022613e+003;6.001603e-002
1.023095e+003;6.005542e-002
1.023577e+003;6.010838e-002
1.024059e+003;6.017608e-002
1.024541e+003;6.025828e-002
1.025023e+003;6.035335e-002
1.025505e+003;6.045866e-002
1.025988e+003;6.057108e-002
1.026470e+003;6.068758e-002
1.026952e+003;6.080627e-002
1.027434e+003;6.092679e-002
1.027916e+003;6.104955e-002
1.028398e+003;6.117572e-002
1.028880e+003;6.130587e-002
1.029363e+003;6.143950e-002
1.029845e+003;6.157431e-002
1.030327e+003;6.170660e-002
1.030809e+003;6.183226e-002
1.031291e+003;6.194734e-002
1.031773e+003;6.204936e-002
1.032255e+003;6.213716e-002
1.032737e+003;6.221123e-002
1.033220e+003;6.227273e-002
1.033702e+003;6.232287e-002
1.034184e+003;6.236238e-002
1.034666e+003;6.239185e-002
1.035148e+003;6.241095e-002
1.035630e+003;6.241960e-002
1.036112e+003;6.241805e-002
1.036595e+003;6.240730e-002
1.037077e+003;6.238906e-002
1.037559e+003;6.236564e-002
1.038041e+003;6.233940e-002
1.038523e+003;6.231274e-002
1.039005e+003;6.228716e-002
1.039487e+003;6.226350e-002
1.039969e+003;6.224151e-002
1.040452e+003;6.222029e-002
1.040934e+003;6.219826e-002
1.041416e+003;6.217421e-002
1.041898e+003;6.214722e-002
1.042380e+003;6.211811e-002
1.042862e+003;6.208865e-002
1.043344e+003;6.206209e-002
1.043827e+003;6.204183e-002
1.044309e+003;6.203134e-002
1.044791e+003;6.203338e-002
1.045273e+003;6.204876e-002
1.045755e+003;6.207751e-002
1.046237e+003;6.211810e-002
1.046719e+003;6.216867e-002
1.047202e+003;6.222710e-002
1.047684e+003;6.229168e-002
1.048166e+003;6.236123e-002
1.048648e+003;6.243510e-002
1.049130e+003;6.251336e-002
1.049612e+003;6.259624e-002
1.050094e+003;6.268413e-002
1.050577e+003;6.277743e-002
1.051059e+003;6.287618e-002
1.051541e+003;6.298036e-002
1.052023e+003;6.308959e-002
1.052505e+003;6.320364e-002
1.052987e+003;6.332199e-002
1.053469e+003;6.344450e-002
1.053952e+003;6.357089e-002
1.054434e+003;6.370037e-002
1.054916e+003;6.383125e-002
1.055398e+003;6.396095e-002
1.055880e+003;6.408525e-002
1.056362e+003;6.419978e-002
1.056844e+003;6.429988e-002
1.057326e+003;6.438215e-002
1.057809e+003;6.444521e-002
1.058291e+003;6.448976e-002
1.058773e+003;6.451798e-002
1.059255e+003;6.453285e-002
1.059737e+003;6.453690e-002
1.060219e+003;6.453151e-002
1.060701e+003;6.451678e-002
1.061184e+003;6.449211e-002
1.061666e+003;6.445672e-002
1.062148e+003;6.441092e-002
1.062630e+003;6.435590e-002
1.063112e+003;6.429352e-002
1.063594e+003;6.422547e-002
1.064076e+003;6.415245e-002
1.064558e+003;6.407411e-002
1.065041e+003;6.398854e-002
1.065523e+003;6.389403e-002
1.066005e+003;6.378938e-002
1.066487e+003;6.367473e-002
1.066969e+003;6.355167e-002
1.067451e+003;6.342340e-002
1.067933e+003;6.329346e-002
1.068416e+003;6.316460e-002
1.068898e+003;6.303888e-002
1.069380e+003;6.291722e-002
1.069862e+003;6.279923e-002
1.070344e+003;6.268421e-002
1.070826e+003;6.257149e-002
1.071308e+003;6.246085e-002
1.071791e+003;6.235291e-002
1.072273e+003;6.224896e-002
1.072755e+003;6.215115e-002
1.073237e+003;6.206241e-002
1.073719e+003;6.198571e-002
1.074201e+003;6.192366e-002
1.074683e+003;6.187753e-002
1.075166e+003;6.184729e-002
1.075648e+003;6.183096e-002
1.076130e+003;6.182539e-002
1.076612e+003;6.182657e-002
1.077094e+003;6.183151e-002
1.077576e+003;6.183815e-002
1.078058e+003;6.184661e-002
1.078541e+003;6.185789e-002
1.079023e+003;6.187329e-002
1.079505e+003;6.189286e-002
1.079987e+003;6.191438e-002
1.080469e+003;6.193311e-002
1.080951e+003;6.194170e-002
1.081433e+003;6.193241e-002
1.081915e+003;6.189746e-002
1.082398e+003;6.183142e-002
1.082880e+003;6.173140e-002
1.083362e+003;6.159747e-002
1.083844e+003;6.143215e-002
1.084326e+003;6.123976e-002
1.084808e+003;6.102498e-002
1.085290e+003;6.079287e-002
1.085773e+003;6.054789e-002
1.086255e+003;6.029405e-002
1.086737e+003;6.003480e-002
1.087219e+003;5.977306e-002
1.087701e+003;5.951188e-002
1.088183e+003;5.925352e-002
1.088665e+003;5.900108e-002
1.089147e+003;5.875687e-002
1.089630e+003;5.852337e-002
1.090112e+003;5.830219e-002
1.090594e+003;5.809491e-002
1.091076e+003;5.790261e-002
1.091558e+003;5.772622e-002
1.092040e+003;5.756683e-002
1.092522e+003;5.742510e-002
1.093005e+003;5.730274e-002
1.093487e+003;5.720071e-002
1.093969e+003;5.711982e-002
1.094451e+003;5.706089e-002
1.094933e+003;5.702380e-002
1.095415e+003;5.700824e-002
1.095897e+003;5.701324e-002
1.096380e+003;5.703774e-002
1.096862e+003;5.708057e-002
1.097344e+003;5.713980e-002
1.097826e+003;5.721309e-002
1.098308e+003;5.729757e-002
1.098790e+003;5.738959e-002
1.099272e+003;5.748580e-002
1.099755e+003;5.758283e-002
1.100237e+003;5.767865e-002
1.100719e+003;5.777182e-002
1.101201e+003;5.786232e-002
1.101683e+003;5.794970e-002
1.102165e+003;5.803401e-002
1.102647e+003;5.811406e-002
1.103130e+003;5.818808e-002
1.103612e+003;5.825331e-002
1.104094e+003;5.830771e-002
1.104576e+003;5.834959e-002
1.105058e+003;5.837816e-002
1.105540e+003;5.839399e-002
1.106022e+003;5.839799e-002
1.106504e+003;5.839094e-002
1.106987e+003;5.837343e-002
1.107469e+003;5.834521e-002
1.107951e+003;5.830532e-002
1.108433e+003;5.825364e-002
1.108915e+003;5.819004e-002
1.109397e+003;5.811575e-002
1.109879e+003;5.803269e-002
1.110362e+003;5.794372e-002
1.110844e+003;5.785135e-002
1.111326e+003;5.775785e-002
1.111808e+003;5.766473e-002
1.112290e+003;5.757250e-002
1.112772e+003;5.748133e-002
1.113254e+003;5.739075e-002
1.113736e+003;5.730043e-002
1.114219e+003;5.721068e-002
1.114701e+003;5.712207e-002
1.115183e+003;5.703637e-002
1.115665e+003;5.695578e-002
1.116147e+003;5.688265e-002
1.116629e+003;5.681895e-002
1.117111e+003;5.676550e-002
1.117594e+003;5.672149e-002
1.118076e+003;5.668496e-002
1.118558e+003;5.665252e-002
1.119040e+003;5.661998e-002
1.119522e+003;5.658405e-002
1.120004e+003;5.654258e-002
1.120486e+003;5.649539e-002
1.120969e+003;5.644380e-002
1.121451e+003;5.639072e-002
1.121933e+003;5.633976e-002
1.122415e+003;5.629397e-002
1.122897e+003;5.625583e-002
1.123379e+003;5.622645e-002
1.123861e+003;5.620589e-002
1.124344e+003;5.619295e-002
1.124826e+003;5.618572e-002
1.125308e+003;5.618210e-002
1.125790e+003;5.618004e-002
1.126272e+003;5.617779e-002
1.126754e+003;5.617433e-002
1.127236e+003;5.616981e-002
1.127719e+003;5.616525e-002
1.128201e+003;5.616230e-002
1.128683e+003;5.616290e-002
1.129165e+003;5.616874e-002
1.129647e+003;5.618053e-002
1.130129e+003;5.619831e-002
1.130611e+003;5.622068e-002
1.131093e+003;5.624595e-002
1.131576e+003;5.627234e-002
1.132058e+003;5.629798e-002
1.132540e+003;5.632226e-002
1.133022e+003;5.634472e-002
1.133504e+003;5.636538e-002
1.133986e+003;5.638467e-002
1.134468e+003;5.640261e-002
1.134951e+003;5.641960e-002
1.135433e+003;5.643579e-002
1.135915e+003;5.645118e-002
1.136397e+003;5.646595e-002
1.136879e+003;5.647989e-002
1.137361e+003;5.649286e-002
1.137843e+003;5.650396e-002
1.138325e+003;5.651267e-002
1.138808e+003;5.651867e-002
1.139290e+003;5.652191e-002
1.139772e+003;5.652319e-002
1.140254e+003;5.652354e-002
1.140736e+003;5.652437e-002
1.141218e+003;5.652621e-002
1.141700e+003;5.652897e-002
1.142183e+003;5.653168e-002
1.142665e+003;5.653275e-002
1.143147e+003;5.653089e-002
1.143629e+003;5.652556e-002
1.144111e+003;5.651762e-002
1.144593e+003;5.650906e-002
1.145075e+003;5.650234e-002
1.145557e+003;5.649978e-002
1.146040e+003;5.650214e-002
1.146522e+003;5.650865e-002
1.147004e+003;5.651657e-002
1.147486e+003;5.652231e-002
1.147968e+003;5.652199e-002
1.148450e+003;5.651294e-002
1.148932e+003;5.649452e-002
1.149415e+003;5.646789e-002
1.149897e+003;5.643645e-002
1.150379e+003;5.640453e-002
1.150861e+003;5.637651e-002
1.151343e+003;5.635533e-002
1.151825e+003;5.634253e-002
1.152307e+003;5.633716e-002
1.152790e+003;5.633618e-002
1.153272e+003;5.633601e-002
1.153754e+003;5.633218e-002
1.154236e+003;5.632152e-002
1.154718e+003;5.630286e-002
1.155200e+003;5.627621e-002
1.155682e+003;5.624410e-002
1.156165e+003;5.620946e-002
1.156647e+003;5.617521e-002
1.157129e+003;5.614366e-002
1.157611e+003;5.611541e-002
1.158093e+003;5.608993e-002
1.158575e+003;5.606534e-002
1.159057e+003;5.603985e-002
1.159540e+003;5.601164e-002
1.160022e+003;5.597959e-002
1.160504e+003;5.594316e-002
1.160986e+003;5.590157e-002
1.161468e+003;5.585479e-002
1.161950e+003;5.580211e-002
1.162432e+003;5.574320e-002
1.162914e+003;5.567786e-002
1.163397e+003;5.560677e-002
1.163879e+003;5.553199e-002
1.164361e+003;5.545556e-002
1.164843e+003;5.537999e-002
1.165325e+003;5.530712e-002
1.165807e+003;5.523792e-002
1.166289e+003;5.517234e-002
1.166772e+003;5.510915e-002
1.167254e+003;5.504699e-002
1.167736e+003;5.498472e-002
1.168218e+003;5.492267e-002
1.168700e+003;5.486171e-002
1.169182e+003;5.480350e-002
1.169664e+003;5.474979e-002
1.170146e+003;5.470205e-002
1.170629e+003;5.466075e-002
1.171111e+003;5.462567e-002
1.171593e+003;5.459625e-002
1.172075e+003;5.457151e-002
1.172557e+003;5.455040e-002
1.173039e+003;5.453248e-002
1.173521e+003;5.451681e-002
1.174004e+003;5.450259e-002
1.174486e+003;5.448903e-002
1.174968e+003;5.447531e-002
1.175450e+003;5.446114e-002
1.175932e+003;5.444698e-002
1.176414e+003;5.443460e-002
1.176896e+003;5.442659e-002
1.177379e+003;5.442536e-002
1.177861e+003;5.443351e-002
1.178343e+003;5.445248e-002
1.178825e+003;5.448188e-002
1.179307e+003;5.451969e-002
1.179789e+003;5.456290e-002
1.180271e+003;5.460772e-002
1.180754e+003;5.465044e-002
1.181236e+003;5.468871e-002
1.181718e+003;5.472125e-002
1.182200e+003;5.474859e-002
1.182682e+003;5.477210e-002
1.183164e+003;5.479350e-002
1.183646e+003;5.481507e-002
1.184129e+003;5.483773e-002
1.184611e+003;5.486172e-002
1.185093e+003;5.488637e-002
1.185575e+003;5.490983e-002
1.186057e+003;5.493028e-002
1.186539e+003;5.494660e-002
1.187021e+003;5.495853e-002
1.187503e+003;5.496676e-002
1.187986e+003;5.497374e-002
1.188468e+003;5.498200e-002
1.188950e+003;5.499364e-002
1.189432e+003;5.501021e-002
1.189914e+003;5.503124e-002
1.190396e+003;5.505512e-002
1.190878e+003;5.507903e-002
1.191361e+003;5.510051e-002
1.191843e+003;5.511745e-002
1.192325e+003;5.512989e-002
1.192807e+003;5.513896e-002
1.193289e+003;5.514713e-002
1.193771e+003;5.515691e-002
1.194253e+003;5.517083e-002
1.194735e+003;5.518988e-002
1.195218e+003;5.521370e-002
1.195700e+003;5.524094e-002
1.196182e+003;5.526949e-002
1.196664e+003;5.529727e-002
1.197146e+003;5.532299e-002
1.197628e+003;5.534577e-002
1.198110e+003;5.536539e-002
1.198593e+003;5.538225e-002
1.199075e+003;5.539696e-002
1.199557e+003;5.541018e-002
1.200039e+003;5.542249e-002
1.200521e+003;5.543454e-002
1.201003e+003;5.544668e-002
1.201485e+003;5.545940e-002
1.201968e+003;5.547329e-002
1.202450e+003;5.548810e-002
1.202932e+003;5.550366e-002
1.203414e+003;5.551970e-002
1.203896e+003;5.553572e-002
1.204378e+003;5.555149e-002
1.204860e+003;5.556707e-002
1.205343e+003;5.558265e-002
1.205825e+003;5.559870e-002
1.206307e+003;5.561581e-002
1.206789e+003;5.563414e-002
1.207271e+003;5.565329e-002
1.207753e+003;5.567315e-002
1.208235e+003;5.569316e-002
1.208718e+003;5.571285e-002
1.209200e+003;5.573230e-002
1.209682e+003;5.575212e-002
1.210164e+003;5.577283e-002
1.210646e+003;5.579531e-002
1.211128e+003;5.581976e-002
1.211610e+003;5.584601e-002
1.212092e+003;5.587362e-002
1.212575e+003;5.590145e-002
1.213057e+003;5.592871e-002
1.213539e+003;5.595497e-002
1.214021e+003;5.598047e-002
1.214503e+003;5.600574e-002
1.214985e+003;5.603205e-002
1.215467e+003;5.606023e-002
1.215950e+003;5.609104e-002
1.216432e+003;5.612363e-002
1.216914e+003;5.615726e-002
1.217396e+003;5.619038e-002
1.217878e+003;5.622141e-002
1.218360e+003;5.624947e-002
1.218842e+003;5.627465e-002
1.219324e+003;5.629807e-002
1.219807e+003;5.632173e-002
1.220289e+003;5.634791e-002
1.220771e+003;5.637863e-002
1.221253e+003;5.641515e-002
1.221735e+003;5.645771e-002
1.222217e+003;5.650546e-002
1.222699e+003;5.655691e-002
1.223182e+003;5.661056e-002
1.223664e+003;5.666493e-002
1.224146e+003;5.671913e-002
1.224628e+003;5.677229e-002
1.225110e+003;5.682436e-002
1.225592e+003;5.687506e-002
1.226074e+003;5.692370e-002
1.226557e+003;5.697006e-002
1.227039e+003;5.701357e-002
1.227521e+003;5.705455e-002
1.228003e+003;5.709375e-002
1.228485e+003;5.713279e-002
1.228967e+003;5.717325e-002
1.229449e+003;5.721654e-002
1.229932e+003;5.726367e-002
1.230414e+003;5.731392e-002
1.230896e+003;5.736645e-002
1.231378e+003;5.741903e-002
1.231860e+003;5.746991e-002
1.232342e+003;5.751760e-002
1.232824e+003;5.756161e-002
1.233307e+003;5.760224e-002
1.233789e+003;5.764068e-002
1.234271e+003;5.767846e-002
1.234753e+003;5.771644e-002
1.235235e+003;5.775565e-002
1.235717e+003;5.779631e-002
1.236199e+003;5.783843e-002
1.236681e+003;5.788165e-002
1.237164e+003;5.792628e-002
1.237646e+003;5.797182e-002
1.238128e+003;5.801862e-002
1.238610e+003;5.806683e-002
1.239092e+003;5.811660e-002
1.239574e+003;5.816757e-002
1.240056e+003;5.821978e-002
1.240539e+003;5.827278e-002
1.241021e+003;5.832607e-002
1.241503e+003;5.837881e-002
1.241985e+003;5.843014e-002
1.242467e+003;5.847906e-002
1.242949e+003;5.852481e-002
1.243431e+003;5.856711e-002
1.243913e+003;5.860635e-002
1.244396e+003;5.864354e-002
1.244878e+003;5.868030e-002
1.245360e+003;5.871806e-002
1.245842e+003;5.875814e-002
1.246324e+003;5.880067e-002
1.246806e+003;5.884515e-002
1.247288e+003;5.889053e-002
1.247771e+003;5.893520e-002
1.248253e+003;5.897797e-002
1.248735e+003;5.901842e-002
1.249217e+003;5.905654e-002
1.249699e+003;5.909332e-002
1.250181e+003;5.912946e-002
1.250663e+003;5.916563e-002
1.251146e+003;5.920188e-002
1.251628e+003;5.923769e-002
1.252110e+003;5.927236e-002
1.252592e+003;5.930544e-002
1.253074e+003;5.933620e-002
1.253556e+003;5.936472e-002
1.254038e+003;5.939182e-002
1.254521e+003;5.941827e-002
1.255003e+003;5.944528e-002
1.255485e+003;5.947420e-002
1.255967e+003;5.950589e-002
1.256449e+003;5.954118e-002
1.256931e+003;5.958048e-002
1.257413e+003;5.962354e-002
1.257896e+003;5.966937e-002
1.258378e+003;5.971661e-002
1.258860e+003;5.976341e-002
1.259342e+003;5.980798e-002
1.259824e+003;5.984928e-002
1.260306e+003;5.988663e-002
1.260788e+003;5.992072e-002
1.261270e+003;5.995278e-002
1.261753e+003;5.998371e-002
1.262235e+003;6.001504e-002
1.262717e+003;6.004644e-002
1.263199e+003;6.007728e-002
1.263681e+003;6.010590e-002
1.264163e+003;6.013116e-002
1.264645e+003;6.015131e-002
1.265128e+003;6.016604e-002
1.265610e+003;6.017573e-002
1.266092e+003;6.018111e-002
1.266574e+003;6.018352e-002
1.267056e+003;6.018432e-002
1.267538e+003;6.018435e-002
1.268020e+003;6.018443e-002
1.268502e+003;6.018484e-002
1.268985e+003;6.018607e-002
1.269467e+003;6.018777e-002
1.269949e+003;6.019020e-002
1.270431e+003;6.019340e-002
1.270913e+003;6.019735e-002
1.271395e+003;6.020206e-002
1.271877e+003;6.020783e-002
1.272360e+003;6.021519e-002
1.272842e+003;6.022475e-002
1.273324e+003;6.023719e-002
1.273806e+003;6.025343e-002
1.274288e+003;6.027363e-002
1.274770e+003;6.029781e-002
1.275252e+003;6.032519e-002
1.275734e+003;6.035463e-002
1.276217e+003;6.038514e-002
1.276699e+003;6.041526e-002
1.277181e+003;6.044378e-002
1.277663e+003;6.047057e-002
1.278145e+003;6.049514e-002
1.278627e+003;6.051763e-002
1.279109e+003;6.053788e-002
1.279592e+003;6.055652e-002
1.280074e+003;6.057355e-002
1.280556e+003;6.058936e-002
1.281038e+003;6.060446e-002
1.281520e+003;6.061959e-002
1.282002e+003;6.063535e-002
1.282484e+003;6.065255e-002
1.282967e+003;6.067105e-002
1.283449e+003;6.069110e-002
1.283931e+003;6.071210e-002
1.284413e+003;6.073352e-002
1.284895e+003;6.075465e-002
1.285377e+003;6.077508e-002
1.285859e+003;6.079421e-002
1.286342e+003;6.081235e-002
1.286824e+003;6.082968e-002
1.287306e+003;6.084632e-002
1.287788e+003;6.086309e-002
1.288270e+003;6.088048e-002
1.288752e+003;6.089932e-002
1.289234e+003;6.092058e-002
1.289716e+003;6.094512e-002
1.290199e+003;6.097331e-002
1.290681e+003;6.100519e-002
1.291163e+003;6.103985e-002
1.291645e+003;6.107615e-002
1.292127e+003;6.111255e-002
1.292609e+003;6.114739e-002
1.293091e+003;6.117956e-002
1.293574e+003;6.120865e-002
1.294056e+003;6.123498e-002
1.294538e+003;6.125899e-002
1.295020e+003;6.128139e-002
1.295502e+003;6.130214e-002
1.295984e+003;6.132151e-002
1.296466e+003;6.133915e-002
1.296948e+003;6.135572e-002
1.297431e+003;6.137173e-002
1.297913e+003;6.138884e-002
1.298395e+003;6.140881e-002
1.298877e+003;6.143314e-002
1.299359e+003;6.146239e-002
1.299841e+003;6.149618e-002
1.300323e+003;6.153302e-002
1.300806e+003;6.157102e-002
1.301288e+003;6.160837e-002
1.301770e+003;6.164457e-002
1.302252e+003;6.167947e-002
1.302734e+003;6.171420e-002
1.303216e+003;6.175000e-002
1.303698e+003;6.178792e-002
1.304181e+003;6.182823e-002
1.304663e+003;6.187036e-002
1.305145e+003;6.191406e-002
1.305627e+003;6.195856e-002
1.306109e+003;6.200349e-002
1.306591e+003;6.204884e-002
1.307073e+003;6.209462e-002
1.307556e+003;6.214055e-002
1.308038e+003;6.218580e-002
1.308520e+003;6.222927e-002
1.309002e+003;6.227036e-002
1.309484e+003;6.230869e-002
1.309966e+003;6.234504e-002
1.310448e+003;6.238078e-002
1.310931e+003;6.241755e-002
1.311413e+003;6.245659e-002
1.311895e+003;6.249799e-002
1.312377e+003;6.254105e-002
1.312859e+003;6.258422e-002
1.313341e+003;6.262612e-002
1.313823e+003;6.266609e-002
1.314305e+003;6.270469e-002
1.314788e+003;6.274326e-002
1.315270e+003;6.278339e-002
1.315752e+003;6.282622e-002
1.316234e+003;6.287219e-002
1.316716e+003;6.292047e-002
1.317198e+003;6.296913e-002
1.317680e+003;6.301674e-002
1.318163e+003;6.306150e-002
1.318645e+003;6.310309e-002
1.319127e+003;6.314150e-002
1.319609e+003;6.317703e-002
1.320091e+003;6.321076e-002
1.320573e+003;6.324346e-002
1.321055e+003;6.327580e-002
1.321537e+003;6.330867e-002
1.322020e+003;6.334296e-002
1.322502e+003;6.337919e-002
1.322984e+003;6.341750e-002
1.323466e+003;6.345756e-002
1.323948e+003;6.349818e-002
1.324430e+003;6.353810e-002
1.324912e+003;6.357555e-002
1.325395e+003;6.360991e-002
1.325877e+003;6.364121e-002
1.326359e+003;6.366969e-002
1.326841e+003;6.369594e-002
1.327323e+003;6.372046e-002
1.327805e+003;6.374354e-002
1.328287e+003;6.376547e-002
1.328770e+003;6.378689e-002
1.329252e+003;6.381022e-002
1.329734e+003;6.383853e-002
1.330216e+003;6.387522e-002
1.330698e+003;6.392389e-002
1.331180e+003;6.398523e-002
1.331662e+003;6.405824e-002
1.332145e+003;6.413814e-002
1.332627e+003;6.421892e-002
1.333109e+003;6.429419e-002
1.333591e+003;6.435905e-002
1.334073e+003;6.441123e-002
1.334555e+003;6.445086e-002
1.335037e+003;6.448063e-002
1.335520e+003;6.450351e-002
1.336002e+003;6.452274e-002
1.336484e+003;6.454064e-002
1.336966e+003;6.455926e-002
1.337448e+003;6.458002e-002
1.337930e+003;6.460459e-002
1.338412e+003;6.463500e-002
1.338894e+003;6.467282e-002
1.339377e+003;6.471872e-002
1.339859e+003;6.477190e-002
1.340341e+003;6.483019e-002
1.340823e+003;6.489037e-002
1.341305e+003;6.494937e-002
1.341787e+003;6.500506e-002
1.342269e+003;6.505689e-002
1.342752e+003;6.510551e-002
1.343234e+003;6.515258e-002
1.343716e+003;6.519961e-002
1.344198e+003;6.524672e-002
1.344680e+003;6.529368e-002
1.345162e+003;6.533911e-002
1.345644e+003;6.538155e-002
1.346126e+003;6.541943e-002
1.346609e+003;6.545210e-002
1.347091e+003;6.547894e-002
1.347573e+003;6.549995e-002
1.348055e+003;6.551531e-002
1.348537e+003;6.552530e-002
1.349019e+003;6.553073e-002
1.349501e+003;6.553304e-002
1.349984e+003;6.553430e-002
1.350466e+003;6.553645e-002
1.350948e+003;6.554176e-002
1.351430e+003;6.555130e-002
1.351912e+003;6.556515e-002
1.352394e+003;6.558207e-002
1.352876e+003;6.560045e-002
1.353359e+003;6.561871e-002
1.353841e+003;6.563628e-002
1.354323e+003;6.565337e-002
1.354805e+003;6.567132e-002
1.355287e+003;6.569143e-002
1.355769e+003;6.571516e-002
1.356251e+003;6.574280e-002
1.356734e+003;6.577390e-002
1.357216e+003;6.580704e-002
1.357698e+003;6.584048e-002
1.358180e+003;6.587271e-002
1.358662e+003;6.590248e-002
1.359144e+003;6.592924e-002
1.359626e+003;6.595365e-002
1.360109e+003;6.597591e-002
1.360591e+003;6.599750e-002
1.361073e+003;6.601936e-002
1.361555e+003;6.604270e-002
1.362037e+003;6.606796e-002
1.362519e+003;6.609563e-002
1.363001e+003;6.612539e-002
1.363483e+003;6.615690e-002
1.363966e+003;6.618930e-002
1.364448e+003;6.622194e-002
1.364930e+003;6.625464e-002
1.365412e+003;6.628706e-002
1.365894e+003;6.631906e-002
1.366376e+003;6.635017e-002
1.366858e+003;6.637972e-002
1.367341e+003;6.640678e-002
1.367823e+003;6.642979e-002
1.368305e+003;6.644818e-002
1.368787e+003;6.646131e-002
1.369269e+003;6.646964e-002
1.369751e+003;6.647422e-002
1.370233e+003;6.647635e-002
1.370715e+003;6.647773e-002
1.371198e+003;6.647995e-002
1.371680e+003;6.648436e-002
1.372162e+003;6.649181e-002
1.372644e+003;6.650263e-002
1.373126e+003;6.651678e-002
1.373608e+003;6.653348e-002
1.374090e+003;6.655177e-002
1.374573e+003;6.656975e-002
1.375055e+003;6.658616e-002
1.375537e+003;6.659936e-002
1.376019e+003;6.660920e-002
1.376501e+003;6.661591e-002
1.376983e+003;6.661987e-002
1.377465e+003;6.662259e-002
1.377948e+003;6.662447e-002
1.378430e+003;6.662579e-002
1.378912e+003;6.662642e-002
1.379394e+003;6.662565e-002
1.379876e+003;6.662353e-002
1.380358e+003;6.662046e-002
1.380840e+003;6.661717e-002
1.381323e+003;6.661527e-002
1.381805e+003;6.661586e-002
1.382287e+003;6.661960e-002
1.382769e+003;6.662677e-002
1.383251e+003;6.663672e-002
1.383733e+003;6.664869e-002
1.384215e+003;6.666228e-002
1.384698e+003;6.667729e-002
1.385180e+003;6.669417e-002
1.385662e+003;6.671285e-002
1.386144e+003;6.673361e-002
1.386626e+003;6.675559e-002
1.387108e+003;6.677813e-002
1.387590e+003;6.680052e-002
1.388072e+003;6.682239e-002
1.388555e+003;6.684412e-002
1.389037e+003;6.686660e-002
1.389519e+003;6.689095e-002
1.390001e+003;6.691781e-002
1.390483e+003;6.694715e-002
1.390965e+003;6.697881e-002
1.391447e+003;6.701217e-002
1.391930e+003;6.704694e-002
1.392412e+003;6.708303e-002
1.392894e+003;6.712122e-002
1.393376e+003;6.716190e-002
1.393858e+003;6.720535e-002
1.394340e+003;6.725123e-002
1.394822e+003;6.729858e-002
1.395304e+003;6.734587e-002
1.395787e+003;6.739283e-002
1.396269e+003;6.743854e-002
1.396751e+003;6.748407e-002
1.397233e+003;6.752982e-002
1.397715e+003;6.757694e-002
1.398197e+003;6.762552e-002
1.398679e+003;6.767531e-002
1.399162e+003;6.772569e-002
1.399644e+003;6.777587e-002
1.400126e+003;6.782595e-002
1.400608e+003;6.787576e-002
1.401090e+003;6.792595e-002
1.401572e+003;6.797706e-002
1.402054e+003;6.802922e-002
1.402536e+003;6.808188e-002
1.403019e+003;6.813490e-002
1.403501e+003;6.818782e-002
1.403983e+003;6.824078e-002
1.404465e+003;6.829430e-002
1.404947e+003;6.834941e-002
1.405429e+003;6.840651e-002
1.405911e+003;6.846572e-002
1.406394e+003;6.852663e-002
1.406876e+003;6.858850e-002
1.407358e+003;6.865052e-002
1.407840e+003;6.871203e-002
1.408322e+003;6.877348e-002
1.408804e+003;6.883483e-002
1.409286e+003;6.889598e-002
1.409769e+003;6.895635e-002
1.410251e+003;6.901480e-002
1.410733e+003;6.906991e-002
1.411215e+003;6.912093e-002
1.411697e+003;6.916770e-002
1.412179e+003;6.921116e-002
1.412661e+003;6.925266e-002
1.413144e+003;6.929322e-002
1.413626e+003;6.933349e-002
1.414108e+003;6.937273e-002
1.414590e+003;6.941001e-002
1.415072e+003;6.944470e-002
1.415554e+003;6.947745e-002
1.416036e+003;6.951068e-002
1.416519e+003;6.954842e-002
1.417001e+003;6.959490e-002
1.417483e+003;6.965326e-002
1.417965e+003;6.972355e-002
1.418447e+003;6.980301e-002
1.418929e+003;6.988475e-002
1.419411e+003;6.996202e-002
1.419893e+003;7.002749e-002
1.420376e+003;7.007793e-002
1.420858e+003;7.011355e-002
1.421340e+003;7.013838e-002
1.421822e+003;7.015838e-002
1.422304e+003;7.017937e-002
1.422786e+003;7.020558e-002
1.423268e+003;7.023875e-002
1.423751e+003;7.027753e-002
1.424233e+003;7.031894e-002
1.424715e+003;7.036041e-002
1.425197e+003;7.039946e-002
1.425679e+003;7.043624e-002
1.426161e+003;7.047187e-002
1.426643e+003;7.050851e-002
1.427125e+003;7.054807e-002
1.427608e+003;7.059101e-002
1.428090e+003;7.063663e-002
1.428572e+003;7.068333e-002
1.429054e+003;7.072923e-002
1.429536e+003;7.077261e-002
1.430018e+003;7.081326e-002
1.430500e+003;7.085084e-002
1.430983e+003;7.088614e-002
1.431465e+003;7.091875e-002
1.431947e+003;7.094875e-002
1.432429e+003;7.097551e-002
1.432911e+003;7.099919e-002
1.433393e+003;7.102132e-002
1.433875e+003;7.104427e-002
1.434358e+003;7.107150e-002
1.434840e+003;7.110562e-002
1.435322e+003;7.114828e-002
1.435804e+003;7.119756e-002
1.436286e+003;7.124984e-002
1.436768e+003;7.129948e-002
1.437250e+003;7.134168e-002
1.437733e+003;7.137329e-002
1.438215e+003;7.139418e-002
1.438697e+003;7.140711e-002
1.439179e+003;7.141623e-002
1.439661e+003;7.142534e-002
1.440143e+003;7.143749e-002
1.440625e+003;7.145318e-002
1.441107e+003;7.147173e-002
1.441590e+003;7.149131e-002
1.442072e+003;7.151024e-002
1.442554e+003;7.152781e-002
1.443036e+003;7.154391e-002
1.443518e+003;7.155944e-002
1.444000e+003;7.157588e-002
1.444482e+003;7.159474e-002
1.444965e+003;7.161746e-002
1.445447e+003;7.164555e-002
1.445929e+003;7.168006e-002
1.446411e+003;7.172155e-002
1.446893e+003;7.176910e-002
1.447375e+003;7.182091e-002
1.447857e+003;7.187399e-002
1.448339e+003;7.192529e-002
1.448822e+003;7.197321e-002
1.449304e+003;7.201750e-002
1.449786e+003;7.206031e-002
1.450268e+003;7.210420e-002
1.450750e+003;7.215174e-002
1.451232e+003;7.220327e-002
1.451714e+003;7.225654e-002
1.452197e+003;7.230857e-002
1.452679e+003;7.235631e-002
1.453161e+003;7.239917e-002
1.453643e+003;7.244006e-002
1.454125e+003;7.248519e-002
1.454607e+003;7.254189e-002
1.455089e+003;7.261520e-002
1.455572e+003;7.270532e-002
1.456054e+003;7.280584e-002
1.456536e+003;7.290474e-002
1.457018e+003;7.298862e-002
1.457500e+003;7.304599e-002
1.457982e+003;7.307164e-002
1.458464e+003;7.306688e-002
1.458947e+003;7.303874e-002
1.459429e+003;7.299667e-002
1.459911e+003;7.294893e-002
1.460393e+003;7.290120e-002
1.460875e+003;7.285674e-002
1.461357e+003;7.281666e-002
1.461839e+003;7.278124e-002
1.462322e+003;7.275146e-002
1.462804e+003;7.272834e-002
1.463286e+003;7.271288e-002
1.463768e+003;7.270498e-002
1.464250e+003;7.270248e-002
1.464732e+003;7.270238e-002
1.465214e+003;7.270143e-002
1.465696e+003;7.269666e-002
1.466179e+003;7.268710e-002
1.466661e+003;7.267345e-002
1.467143e+003;7.265697e-002
1.467625e+003;7.263894e-002
1.468107e+003;7.262012e-002
1.468589e+003;7.260083e-002
1.469071e+003;7.258219e-002
1.469554e+003;7.256662e-002
1.470036e+003;7.255784e-002
1.470518e+003;7.255970e-002
1.471000e+003;7.257530e-002
1.471482e+003;7.260448e-002
1.471964e+003;7.264348e-002
1.472446e+003;7.268568e-002
1.472928e+003;7.272392e-002
1.473411e+003;7.275243e-002
1.473893e+003;7.276956e-002
1.474375e+003;7.277777e-002
1.474857e+003;7.278185e-002
1.475339e+003;7.278764e-002
1.475821e+003;7.279881e-002
1.476303e+003;7.281619e-002
1.476786e+003;7.283860e-002
1.477268e+003;7.286281e-002
1.477750e+003;7.288732e-002
1.478232e+003;7.291191e-002
1.478714e+003;7.293860e-002
1.479196e+003;7.297057e-002
1.479678e+003;7.301050e-002
1.480161e+003;7.305880e-002
1.480643e+003;7.311364e-002
1.481125e+003;7.317123e-002
1.481607e+003;7.322688e-002
1.482089e+003;7.327756e-002
1.482571e+003;7.332156e-002
1.483053e+003;7.335993e-002
1.483536e+003;7.339536e-002
1.484018e+003;7.343066e-002
1.484500e+003;7.346907e-002
1.484982e+003;7.351251e-002
1.485464e+003;7.356220e-002
1.485946e+003;7.361864e-002
1.486428e+003;7.368148e-002
1.486911e+003;7.375053e-002
1.487393e+003;7.382464e-002
1.487875e+003;7.390313e-002
1.488357e+003;7.398442e-002
1.488839e+003;7.406750e-002
1.489321e+003;7.415061e-002
1.489803e+003;7.423212e-002
1.490285e+003;7.431015e-002
1.490768e+003;7.438306e-002
1.491250e+003;7.444874e-002
1.491732e+003;7.450631e-002
1.492214e+003;7.455584e-002
1.492696e+003;7.459947e-002
1.493178e+003;7.464077e-002
1.493660e+003;7.468492e-002
1.494143e+003;7.473658e-002
1.494625e+003;7.479942e-002
1.495107e+003;7.487426e-002
1.495589e+003;7.495913e-002
1.496071e+003;7.504978e-002
1.496553e+003;7.514099e-002
1.497035e+003;7.522824e-002
1.497517e+003;7.530939e-002
1.498000e+003;7.538513e-002
1.498482e+003;7.545763e-002
1.498964e+003;7.552958e-002
1.499446e+003;7.560243e-002
1.499928e+003;7.567596e-002
1.500410e+003;7.574836e-002
1.500892e+003;7.581669e-002
1.501375e+003;7.587858e-002
1.501857e+003;7.593381e-002
1.502339e+003;7.598487e-002
1.502821e+003;7.603712e-002
1.503303e+003;7.609772e-002
1.503785e+003;7.617480e-002
1.504267e+003;7.627496e-002
1.504750e+003;7.640190e-002
1.505232e+003;7.655414e-002
1.505714e+003;7.672536e-002
1.506196e+003;7.690393e-002
1.506678e+003;7.707698e-002
1.507160e+003;7.723267e-002
1.507642e+003;7.736363e-002
1.508125e+003;7.746923e-002
1.508607e+003;7.755438e-002
1.509089e+003;7.762853e-002
1.509571e+003;7.770180e-002
1.510053e+003;7.778268e-002
1.510535e+003;7.787599e-002
1.511017e+003;7.798174e-002
1.511500e+003;7.809649e-002
1.511982e+003;7.821433e-002
1.512464e+003;7.833046e-002
1.512946e+003;7.844218e-002
1.513428e+003;7.855014e-002
1.513910e+003;7.865747e-002
1.514392e+003;7.876848e-002
1.514874e+003;7.888643e-002
1.515357e+003;7.901218e-002
1.515839e+003;7.914369e-002
1.516321e+003;7.927675e-002
1.516803e+003;7.940695e-002
1.517285e+003;7.953139e-002
1.517767e+003;7.965000e-002
1.518249e+003;7.976666e-002
1.518732e+003;7.988735e-002
1.519214e+003;8.001892e-002
1.519696e+003;8.016609e-002
1.520178e+003;8.032945e-002
1.520660e+003;8.050484e-002
1.521142e+003;8.068404e-002
1.521624e+003;8.085679e-002
1.522106e+003;8.101481e-002
1.522589e+003;8.115438e-002
1.523071e+003;8.127725e-002
1.523553e+003;8.139002e-002
1.524035e+003;8.150124e-002
1.524517e+003;8.161882e-002
1.524999e+003;8.174724e-002
1.525481e+003;8.188662e-002
1.525964e+003;8.203351e-002
1.526446e+003;8.218268e-002
1.526928e+003;8.233000e-002
1.527410e+003;8.247366e-002
1.527892e+003;8.261446e-002
1.528374e+003;8.275560e-002
1.528856e+003;8.289953e-002
1.529339e+003;8.304807e-002
1.529821e+003;8.320077e-002
1.530303e+003;8.335710e-002
1.530785e+003;8.351690e-002
1.531267e+003;8.368238e-002
1.531749e+003;8.385666e-002
1.532231e+003;8.404335e-002
1.532714e+003;8.424325e-002
1.533196e+003;8.445354e-002
1.533678e+003;8.466598e-002
1.534160e+003;8.487127e-002
1.534642e+003;8.506108e-002
1.535124e+003;8.523188e-002
1.535606e+003;8.538765e-002
1.536089e+003;8.553851e-002
1.536571e+003;8.569832e-002
1.537053e+003;8.588006e-002
1.537535e+003;8.609257e-002
1.538017e+003;8.633804e-002
1.538499e+003;8.661139e-002
1.538981e+003;8.690273e-002
1.539463e+003;8.720001e-002
1.539946e+003;8.749321e-002
1.540428e+003;8.777616e-002
1.540910e+003;8.804654e-002
1.541392e+003;8.830570e-002
1.541874e+003;8.855632e-002
1.542356e+003;8.880249e-002
1.542838e+003;8.904776e-002
1.543321e+003;8.929552e-002
1.543803e+003;8.954836e-002
1.544285e+003;8.980622e-002
1.544767e+003;9.006774e-002
1.545249e+003;9.032872e-002
1.545731e+003;9.058493e-002
1.546213e+003;9.083357e-002
1.546695e+003;9.107507e-002
1.547178e+003;9.131397e-002
1.547660e+003;9.155676e-002
1.548142e+003;9.180993e-002
1.548624e+003;9.207761e-002
1.549106e+003;9.235929e-002
1.549588e+003;9.265032e-002
1.550070e+003;9.294442e-002
1.550553e+003;9.323622e-002
1.551035e+003;9.352466e-002
1.551517e+003;9.381314e-002
1.551999e+003;9.410755e-002
1.552481e+003;9.441287e-002
1.552963e+003;9.473047e-002
1.553445e+003;9.505574e-002
1.553927e+003;9.538070e-002
1.554410e+003;9.569689e-002
1.554892e+003;9.600061e-002
1.555374e+003;9.629557e-002
1.555856e+003;9.659382e-002
1.556338e+003;9.691195e-002
1.556820e+003;9.726740e-002
1.557302e+003;9.767159e-002
1.557785e+003;9.812602e-002
1.558267e+003;9.862021e-002
1.558749e+003;9.913328e-002
1.559231e+003;9.963971e-002
1.559713e+003;1.001168e-001
1.560195e+003;1.005503e-001
1.560677e+003;1.009373e-001
1.561160e+003;1.012854e-001
1.561642e+003;1.016086e-001
1.562124e+003;1.019238e-001
1.562606e+003;1.022467e-001
1.563088e+003;1.025887e-001
1.563570e+003;1.029559e-001
1.564052e+003;1.033482e-001
1.564535e+003;1.037615e-001
1.565017e+003;1.041890e-001
1.565499e+003;1.046245e-001
1.565981e+003;1.050649e-001
1.566463e+003;1.055107e-001
1.566945e+003;1.059661e-001
1.567427e+003;1.064371e-001
1.567910e+003;1.069285e-001
1.568392e+003;1.074418e-001
1.568874e+003;1.079742e-001
1.569356e+003;1.085189e-001
1.569838e+003;1.090667e-001
1.570320e+003;1.096096e-001
1.570802e+003;1.101416e-001
1.571284e+003;1.106612e-001
1.571767e+003;1.111711e-001
1.572249e+003;1.116776e-001
1.572731e+003;1.121897e-001
1.573213e+003;1.127174e-001
1.573695e+003;1.132715e-001
1.574177e+003;1.138602e-001
1.574659e+003;1.144879e-001
1.575142e+003;1.151526e-001
1.575624e+003;1.158452e-001
1.576106e+003;1.165504e-001
1.576588e+003;1.172513e-001
1.577070e+003;1.179341e-001
1.577552e+003;1.185934e-001
1.578034e+003;1.192329e-001
1.578516e+003;1.198643e-001
1.578999e+003;1.205035e-001
1.579481e+003;1.211644e-001
1.579963e+003;1.218560e-001
1.580445e+003;1.225791e-001
1.580927e+003;1.233285e-001
1.581409e+003;1.240953e-001
1.581891e+003;1.248721e-001
1.582374e+003;1.256550e-001
1.582856e+003;1.264452e-001
1.583338e+003;1.272465e-001
1.583820e+003;1.280629e-001
1.584302e+003;1.288961e-001
1.584784e+003;1.297452e-001
1.585266e+003;1.306070e-001
1.585749e+003;1.314790e-001
1.586231e+003;1.323605e-001
1.586713e+003;1.332540e-001
1.587195e+003;1.341631e-001
1.587677e+003;1.350916e-001
1.588159e+003;1.360412e-001
1.588641e+003;1.370105e-001
1.589124e+003;1.379973e-001
1.589606e+003;1.389986e-001
1.590088e+003;1.400139e-001
1.590570e+003;1.410444e-001
1.591052e+003;1.420928e-001
1.591534e+003;1.431611e-001
1.592016e+003;1.442498e-001
1.592499e+003;1.453571e-001
1.592981e+003;1.464798e-001
1.593463e+003;1.476155e-001
1.593945e+003;1.487642e-001
1.594427e+003;1.499276e-001
1.594909e+003;1.511090e-001
1.595391e+003;1.523113e-001
1.595873e+003;1.535352e-001
1.596356e+003;1.547789e-001
1.596838e+003;1.560393e-001
1.597320e+003;1.573140e-001
1.597802e+003;1.586025e-001
1.598284e+003;1.599071e-001
1.598766e+003;1.612319e-001
1.599248e+003;1.625802e-001
1.599731e+003;1.639537e-001
1.600213e+003;1.653518e-001
1.600695e+003;1.667721e-001
1.601177e+003;1.682126e-001
1.601659e+003;1.696720e-001
1.602141e+003;1.711515e-001
1.602623e+003;1.726526e-001
1.603105e+003;1.741754e-001
1.603588e+003;1.757185e-001
1.604070e+003;1.772781e-001
1.604552e+003;1.788497e-001
1.605034e+003;1.804314e-001
1.605516e+003;1.820235e-001
1.605998e+003;1.836298e-001
1.606480e+003;1.852552e-001
1.606963e+003;1.869029e-001
1.607445e+003;1.885723e-001
1.607927e+003;1.902588e-001
1.608409e+003;1.919561e-001
1.608891e+003;1.936588e-001
1.609373e+003;1.953649e-001
1.609855e+003;1.970763e-001
1.610338e+003;1.987964e-001
1.610820e+003;2.005269e-001
1.611302e+003;2.022647e-001
1.611784e+003;2.040025e-001
1.612266e+003;2.057321e-001
1.612748e+003;2.074474e-001
1.613230e+003;2.091512e-001
1.613713e+003;2.108549e-001
1.614195e+003;2.125767e-001
1.614677e+003;2.143344e-001
1.615159e+003;2.161383e-001
1.615641e+003;2.179852e-001
1.616123e+003;2.198575e-001
1.616605e+003;2.217272e-001
1.617088e+003;2.235648e-001
1.617570e+003;2.253491e-001
1.618052e+003;2.270715e-001
1.618534e+003;2.287369e-001
1.619016e+003;2.303581e-001
1.619498e+003;2.319505e-001
1.619980e+003;2.335263e-001
1.620462e+003;2.350924e-001
1.620945e+003;2.366514e-001
1.621427e+003;2.382016e-001
1.621909e+003;2.397402e-001
1.622391e+003;2.412625e-001
1.622873e+003;2.427615e-001
1.623355e+003;2.442279e-001
1.623837e+003;2.456509e-001
1.624320e+003;2.470214e-001
1.624802e+003;2.483338e-001
1.625284e+003;2.495891e-001
1.625766e+003;2.507942e-001
1.626248e+003;2.519590e-001
1.626730e+003;2.530916e-001
1.627212e+003;2.541941e-001
1.627694e+003;2.552616e-001
1.628177e+003;2.562833e-001
1.628659e+003;2.572466e-001
1.629141e+003;2.581416e-001
1.629623e+003;2.589645e-001
1.630105e+003;2.597166e-001
1.630587e+003;2.604030e-001
1.631069e+003;2.610286e-001
1.631552e+003;2.615978e-001
1.632034e+003;2.621132e-001
1.632516e+003;2.625786e-001
1.632998e+003;2.629999e-001
1.633480e+003;2.633851e-001
1.633962e+003;2.637417e-001
1.634444e+003;2.640719e-001
1.634927e+003;2.643698e-001
1.635409e+003;2.646200e-001
1.635891e+003;2.648028e-001
1.636373e+003;2.649008e-001
1.636855e+003;2.649058e-001
1.637337e+003;2.648220e-001
1.637819e+003;2.646638e-001
1.638302e+003;2.644499e-001
1.638784e+003;2.641951e-001
1.639266e+003;2.639062e-001
1.639748e+003;2.635803e-001
1.640230e+003;2.632082e-001
1.640712e+003;2.627808e-001
1.641194e+003;2.622940e-001
1.641677e+003;2.617507e-001
1.642159e+003;2.611599e-001
1.642641e+003;2.605326e-001
1.643123e+003;2.598763e-001
1.643605e+003;2.591943e-001
1.644087e+003;2.584859e-001
1.644569e+003;2.577493e-001
1.645051e+003;2.569833e-001
1.645534e+003;2.561899e-001
1.646016e+003;2.553703e-001
1.646498e+003;2.545237e-001
1.646980e+003;2.536445e-001
1.647462e+003;2.527229e-001
1.647944e+003;2.517488e-001
1.648426e+003;2.507174e-001
1.648909e+003;2.496327e-001
1.649391e+003;2.485079e-001
1.649873e+003;2.473628e-001
1.650355e+003;2.462168e-001
1.650837e+003;2.450842e-001
1.651319e+003;2.439691e-001
1.651801e+003;2.428648e-001
1.652283e+003;2.417563e-001
1.652766e+003;2.406259e-001
1.653248e+003;2.394594e-001
1.653730e+003;2.382494e-001
1.654212e+003;2.369958e-001
1.654694e+003;2.357032e-001
1.655176e+003;2.343771e-001
1.655658e+003;2.330229e-001
1.656141e+003;2.316463e-001
1.656623e+003;2.302525e-001
1.657105e+003;2.288482e-001
1.657587e+003;2.274403e-001
1.658069e+003;2.260334e-001
1.658551e+003;2.246286e-001
1.659033e+003;2.232233e-001
1.659516e+003;2.218131e-001
1.659998e+003;2.203948e-001
1.660480e+003;2.189679e-001
1.660962e+003;2.175351e-001
1.661444e+003;2.161023e-001
1.661926e+003;2.146730e-001
1.662408e+003;2.132472e-001
1.662891e+003;2.118195e-001
1.663373e+003;2.103817e-001
1.663855e+003;2.089270e-001
1.664337e+003;2.074525e-001
1.664819e+003;2.059615e-001
1.665301e+003;2.044621e-001
1.665783e+003;2.029639e-001
1.666266e+003;2.014752e-001
1.666748e+003;1.999985e-001
1.667230e+003;1.985323e-001
1.667712e+003;1.970725e-001
1.668194e+003;1.956135e-001
1.668676e+003;1.941525e-001
1.669158e+003;1.926881e-001
1.669640e+003;1.912195e-001
1.670123e+003;1.897462e-001
1.670605e+003;1.882663e-001
1.671087e+003;1.867778e-001
1.671569e+003;1.852815e-001
1.672051e+003;1.837814e-001
1.672533e+003;1.822845e-001
1.673015e+003;1.807989e-001
1.673498e+003;1.793305e-001
1.673980e+003;1.778797e-001
1.674462e+003;1.764413e-001
1.674944e+003;1.750057e-001
1.675426e+003;1.735634e-001
1.675908e+003;1.721096e-001
1.676390e+003;1.706454e-001
1.676872e+003;1.691771e-001
1.677355e+003;1.677129e-001
1.677837e+003;1.662582e-001
1.678319e+003;1.648135e-001
1.678801e+003;1.633754e-001
1.679283e+003;1.619381e-001
1.679765e+003;1.604982e-001
1.680247e+003;1.590566e-001
1.680730e+003;1.576193e-001
1.681212e+003;1.561946e-001
1.681694e+003;1.547903e-001
1.682176e+003;1.534094e-001
1.682658e+003;1.520503e-001
1.683140e+003;1.507059e-001
1.683622e+003;1.493677e-001
1.684104e+003;1.480280e-001
1.684587e+003;1.466826e-001
1.685069e+003;1.453303e-001
1.685551e+003;1.439728e-001
1.686033e+003;1.426129e-001
1.686515e+003;1.412536e-001
1.686997e+003;1.398979e-001
1.687479e+003;1.385494e-001
1.687962e+003;1.372118e-001
1.688444e+003;1.358887e-001
1.688926e+003;1.345813e-001
1.689408e+003;1.332887e-001
1.689890e+003;1.320060e-001
1.690372e+003;1.307275e-001
1.690854e+003;1.294485e-001
1.691337e+003;1.281683e-001
1.691819e+003;1.268902e-001
1.692301e+003;1.256220e-001
1.692783e+003;1.243723e-001
1.693265e+003;1.231480e-001
1.693747e+003;1.219514e-001
1.694229e+003;1.207793e-001
1.694712e+003;1.196251e-001
1.695194e+003;1.184790e-001
1.695676e+003;1.173341e-001
1.696158e+003;1.161859e-001
1.696640e+003;1.150345e-001
1.697122e+003;1.138841e-001
1.697604e+003;1.127407e-001
1.698087e+003;1.116102e-001
1.698569e+003;1.104983e-001
1.699051e+003;1.094069e-001
1.699533e+003;1.083361e-001
1.700015e+003;1.072822e-001
1.700497e+003;1.062384e-001
1.700979e+003;1.051976e-001
1.701461e+003;1.041544e-001
1.701944e+003;1.031082e-001
1.702426e+003;1.020619e-001
1.702908e+003;1.010236e-001
1.703390e+003;1.000017e-001
1.703872e+003;9.900296e-002
1.704354e+003;9.802955e-002
1.704836e+003;9.707829e-002
1.705319e+003;9.614202e-002
1.705801e+003;9.521291e-002
1.706283e+003;9.428593e-002
1.706765e+003;9.336106e-002
1.707247e+003;9.244197e-002
1.707729e+003;9.153464e-002
1.708211e+003;9.064324e-002
1.708693e+003;8.976848e-002
1.709176e+003;8.890709e-002
1.709658e+003;8.805485e-002
1.710140e+003;8.720808e-002
1.710622e+003;8.636711e-002
1.711104e+003;8.553512e-002
1.711586e+003;8.471674e-002
1.712068e+003;8.391508e-002
1.712551e+003;8.313005e-002
1.713033e+003;8.235814e-002
1.713515e+003;8.159492e-002
1.713997e+003;8.083829e-002
1.714479e+003;8.008958e-002
1.714961e+003;7.935501e-002
1.715443e+003;7.864141e-002
1.715926e+003;7.795341e-002
1.716408e+003;7.728996e-002
1.716890e+003;7.664220e-002
1.717372e+003;7.599820e-002
1.717854e+003;7.534660e-002
1.718336e+003;7.468108e-002
1.718818e+003;7.400340e-002
1.719301e+003;7.332116e-002
1.719783e+003;7.264490e-002
1.720265e+003;7.198370e-002
1.720747e+003;7.134164e-002
1.721229e+003;7.071859e-002
1.721711e+003;7.011127e-002
1.722193e+003;6.951597e-002
1.722676e+003;6.893089e-002
1.723158e+003;6.835592e-002
1.723640e+003;6.779177e-002
1.724122e+003;6.723851e-002
1.724604e+003;6.669491e-002
1.725086e+003;6.615829e-002
1.725568e+003;6.562608e-002
1.726050e+003;6.509839e-002
1.726533e+003;6.457755e-002
1.727015e+003;6.406774e-002
1.727497e+003;6.357240e-002
1.727979e+003;6.309140e-002
1.728461e+003;6.262171e-002
1.728943e+003;6.215661e-002
1.729425e+003;6.168949e-002
1.729908e+003;6.121697e-002
1.730390e+003;6.074066e-002
1.730872e+003;6.026672e-002
1.731354e+003;5.980345e-002
1.731836e+003;5.935934e-002
1.732318e+003;5.893798e-002
1.732800e+003;5.853779e-002
1.733282e+003;5.815224e-002
1.733765e+003;5.777189e-002
1.734247e+003;5.738776e-002
1.734729e+003;5.699381e-002
1.735211e+003;5.658838e-002
1.735693e+003;5.617479e-002
1.736175e+003;5.575860e-002
1.736657e+003;5.534761e-002
1.737140e+003;5.494952e-002
1.737622e+003;5.457003e-002
1.738104e+003;5.421251e-002
1.738586e+003;5.387637e-002
1.739068e+003;5.355648e-002
1.739550e+003;5.324488e-002
1.740032e+003;5.293263e-002
1.740515e+003;5.261343e-002
1.740997e+003;5.228546e-002
1.741479e+003;5.195177e-002
1.741961e+003;5.161953e-002
1.742443e+003;5.129616e-002
1.742925e+003;5.098689e-002
1.743407e+003;5.069297e-002
1.743890e+003;5.041037e-002
1.744372e+003;5.013283e-002
1.744854e+003;4.985452e-002
1.745336e+003;4.957208e-002
1.745818e+003;4.928558e-002
1.746300e+003;4.899804e-002
1.746782e+003;4.871286e-002
1.747265e+003;4.843332e-002
1.747747e+003;4.815995e-002
1.748229e+003;4.789290e-002
1.748711e+003;4.763226e-002
1.749193e+003;4.737867e-002
1.749675e+003;4.713374e-002
1.750157e+003;4.689804e-002
1.750639e+003;4.667037e-002
1.751122e+003;4.644654e-002
1.751604e+003;4.622007e-002
1.752086e+003;4.598508e-002
1.752568e+003;4.573962e-002
1.753050e+003;4.548578e-002
1.753532e+003;4.523033e-002
1.754014e+003;4.498200e-002
1.754497e+003;4.474816e-002
1.754979e+003;4.453176e-002
1.755461e+003;4.432981e-002
1.755943e+003;4.413574e-002
1.756425e+003;4.394223e-002
1.756907e+003;4.374330e-002
1.757389e+003;4.353767e-002
1.757871e+003;4.332839e-002
1.758354e+003;4.311936e-002
1.758836e+003;4.291479e-002
1.759318e+003;4.271637e-002
1.759800e+003;4.252375e-002
1.760282e+003;4.233540e-002
1.760764e+003;4.214988e-002
1.761246e+003;4.196751e-002
1.761729e+003;4.178909e-002
1.762211e+003;4.161488e-002
1.762693e+003;4.144349e-002
1.763175e+003;4.127157e-002
1.763657e+003;4.109490e-002
1.764139e+003;4.091150e-002
1.764621e+003;4.072153e-002
1.765104e+003;4.053026e-002
1.765586e+003;4.034411e-002
1.766068e+003;4.016870e-002
1.766550e+003;4.000654e-002
1.767032e+003;3.985452e-002
1.767514e+003;3.970650e-002
1.767996e+003;3.955455e-002
1.768479e+003;3.939391e-002
1.768961e+003;3.922469e-002
1.769443e+003;3.905290e-002
1.769925e+003;3.888715e-002
1.770407e+003;3.873536e-002
1.770889e+003;3.860146e-002
1.771371e+003;3.848355e-002
1.771854e+003;3.837430e-002
1.772336e+003;3.826395e-002
1.772818e+003;3.814418e-002
1.773300e+003;3.801008e-002
1.773782e+003;3.786138e-002
1.774264e+003;3.770274e-002
1.774746e+003;3.754053e-002
1.775228e+003;3.738197e-002
1.775711e+003;3.723335e-002
1.776193e+003;3.709858e-002
1.776675e+003;3.697999e-002
1.777157e+003;3.687711e-002
1.777639e+003;3.678697e-002
1.778121e+003;3.670420e-002
1.778603e+003;3.662227e-002
1.779086e+003;3.653386e-002
1.779568e+003;3.643404e-002
1.780050e+003;3.632014e-002
1.780532e+003;3.619396e-002
1.781014e+003;3.605919e-002
1.781496e+003;3.592159e-002
1.781978e+003;3.578696e-002
1.782460e+003;3.565859e-002
1.782943e+003;3.553878e-002
1.783425e+003;3.542801e-002
1.783907e+003;3.532590e-002
1.784389e+003;3.523231e-002
1.784871e+003;3.514596e-002
1.785353e+003;3.506552e-002
1.785835e+003;3.498739e-002
1.786318e+003;3.490768e-002
1.786800e+003;3.482167e-002
1.787282e+003;3.472658e-002
1.787764e+003;3.462180e-002
1.788246e+003;3.451058e-002
1.788728e+003;3.439771e-002
1.789210e+003;3.428901e-002
1.789693e+003;3.418942e-002
1.790175e+003;3.410127e-002
1.790657e+003;3.402404e-002
1.791139e+003;3.395495e-002
1.791621e+003;3.389037e-002
1.792103e+003;3.382611e-002
1.792585e+003;3.376003e-002
1.793068e+003;3.368989e-002
1.793550e+003;3.361480e-002
1.794032e+003;3.353429e-002
1.794514e+003;3.344851e-002
1.794996e+003;3.335898e-002
1.795478e+003;3.326773e-002
1.795960e+003;3.317818e-002
1.796442e+003;3.309349e-002
1.796925e+003;3.301523e-002
1.797407e+003;3.294369e-002
1.797889e+003;3.287641e-002
1.798371e+003;3.281010e-002
1.798853e+003;3.274144e-002
1.799335e+003;3.266865e-002
1.799817e+003;3.259204e-002
1.800300e+003;3.251339e-002
1.800782e+003;3.243490e-002
1.801264e+003;3.235817e-002
1.801746e+003;3.228322e-002
1.802228e+003;3.220915e-002
1.802710e+003;3.213481e-002
1.803192e+003;3.205881e-002
1.803674e+003;3.198159e-002
1.804157e+003;3.190409e-002
1.804639e+003;3.182729e-002
1.805121e+003;3.175183e-002
1.805603e+003;3.167777e-002
1.806085e+003;3.160411e-002
1.806567e+003;3.153060e-002
1.807049e+003;3.145699e-002
1.807532e+003;3.138329e-002
1.808014e+003;3.131017e-002
1.808496e+003;3.123708e-002
1.808978e+003;3.116334e-002
1.809460e+003;3.108718e-002
1.809942e+003;3.100788e-002
1.810424e+003;3.092504e-002
1.810906e+003;3.083985e-002
1.811389e+003;3.075375e-002
1.811871e+003;3.066799e-002
1.812353e+003;3.058169e-002
1.812835e+003;3.049253e-002
1.813317e+003;3.039755e-002
1.813799e+003;3.029501e-002
1.814281e+003;3.018744e-002
1.814764e+003;3.008113e-002
1.815246e+003;2.998609e-002
1.815728e+003;2.991319e-002
1.816210e+003;2.987044e-002
1.816692e+003;2.986030e-002
1.817174e+003;2.987836e-002
1.817656e+003;2.991487e-002
1.818139e+003;2.995822e-002
1.818621e+003;2.999715e-002
1.819103e+003;3.002407e-002
1.819585e+003;3.003529e-002
1.820067e+003;3.003028e-002
1.820549e+003;3.001010e-002
1.821031e+003;2.997630e-002
1.821514e+003;2.993122e-002
1.821996e+003;2.987857e-002
1.822478e+003;2.982302e-002
1.822960e+003;2.977058e-002
1.823442e+003;2.972607e-002
1.823924e+003;2.969170e-002
1.824406e+003;2.966572e-002
1.824889e+003;2.964268e-002
1.825371e+003;2.961673e-002
1.825853e+003;2.958286e-002
1.826335e+003;2.954029e-002
1.826817e+003;2.949255e-002
1.827299e+003;2.944580e-002
1.827781e+003;2.940548e-002
1.828263e+003;2.937376e-002
1.828746e+003;2.934800e-002
1.829228e+003;2.932221e-002
1.829710e+003;2.928981e-002
1.830192e+003;2.924650e-002
1.830674e+003;2.919241e-002
1.831156e+003;2.913181e-002
1.831638e+003;2.907086e-002
1.832121e+003;2.901511e-002
1.832603e+003;2.896657e-002
1.833085e+003;2.892400e-002
1.833567e+003;2.888479e-002
1.834049e+003;2.884576e-002
1.834531e+003;2.880639e-002
1.835013e+003;2.876857e-002
1.835495e+003;2.873521e-002
1.835978e+003;2.870901e-002
1.836460e+003;2.868994e-002
1.836942e+003;2.867608e-002
1.837424e+003;2.866430e-002
1.837906e+003;2.865036e-002
1.838388e+003;2.863268e-002
1.838870e+003;2.861133e-002
1.839353e+003;2.858718e-002
1.839835e+003;2.856207e-002
1.840317e+003;2.853739e-002
1.840799e+003;2.851358e-002
1.841281e+003;2.849146e-002
1.841763e+003;2.847211e-002
1.842245e+003;2.845774e-002
1.842728e+003;2.845000e-002
1.843210e+003;2.844935e-002
1.843692e+003;2.845407e-002
1.844174e+003;2.845898e-002
1.844656e+003;2.845958e-002
1.845138e+003;2.845168e-002
1.845620e+003;2.843397e-002
1.846103e+003;2.840863e-002
1.846585e+003;2.838011e-002
1.847067e+003;2.835283e-002
1.847549e+003;2.832922e-002
1.848031e+003;2.830883e-002
1.848513e+003;2.828982e-002
1.848995e+003;2.826934e-002
1.849478e+003;2.824701e-002
1.849960e+003;2.822491e-002
1.850442e+003;2.820598e-002
1.850924e+003;2.819319e-002
1.851406e+003;2.818637e-002
1.851888e+003;2.818214e-002
1.852370e+003;2.817410e-002
1.852852e+003;2.815695e-002
1.853335e+003;2.812809e-002
1.853817e+003;2.809101e-002
1.854299e+003;2.805245e-002
1.854781e+003;2.802220e-002
1.855263e+003;2.800797e-002
1.855745e+003;2.801365e-002
1.856227e+003;2.803718e-002
1.856710e+003;2.807229e-002
1.857192e+003;2.811080e-002
1.857674e+003;2.814436e-002
1.858156e+003;2.816646e-002
1.858638e+003;2.817351e-002
1.859120e+003;2.816353e-002
1.859602e+003;2.813594e-002
1.860084e+003;2.809218e-002
1.860567e+003;2.803588e-002
1.861049e+003;2.797312e-002
1.861531e+003;2.791288e-002
1.862013e+003;2.786398e-002
1.862495e+003;2.783402e-002
1.862977e+003;2.782582e-002
1.863459e+003;2.783699e-002
1.863942e+003;2.785966e-002
1.864424e+003;2.788496e-002
1.864906e+003;2.790343e-002
1.865388e+003;2.791058e-002
1.865870e+003;2.790557e-002
1.866352e+003;2.789255e-002
1.866834e+003;2.787627e-002
1.867317e+003;2.786137e-002
1.867799e+003;2.785108e-002
1.868281e+003;2.784609e-002
1.868763e+003;2.784572e-002
1.869245e+003;2.784784e-002
1.869727e+003;2.785105e-002
1.870209e+003;2.785265e-002
1.870692e+003;2.784969e-002
1.871174e+003;2.783859e-002
1.871656e+003;2.781637e-002
1.872138e+003;2.778207e-002
1.872620e+003;2.773664e-002
1.873102e+003;2.768541e-002
1.873584e+003;2.763384e-002
1.874067e+003;2.758865e-002
1.874549e+003;2.755335e-002
1.875031e+003;2.752811e-002
1.875513e+003;2.751025e-002
1.875995e+003;2.749624e-002
1.876477e+003;2.748220e-002
1.876959e+003;2.746701e-002
1.877441e+003;2.745168e-002
1.877924e+003;2.743846e-002
1.878406e+003;2.742883e-002
1.878888e+003;2.742267e-002
1.879370e+003;2.741812e-002
1.879852e+003;2.741336e-002
1.880334e+003;2.740673e-002
1.880816e+003;2.739932e-002
1.881299e+003;2.739410e-002
1.881781e+003;2.739467e-002
1.882263e+003;2.740389e-002
1.882745e+003;2.742252e-002
1.883227e+003;2.744799e-002
1.883709e+003;2.747735e-002
1.884191e+003;2.750615e-002
1.884673e+003;2.753204e-002
1.885156e+003;2.755369e-002
1.885638e+003;2.757120e-002
1.886120e+003;2.758529e-002
1.886602e+003;2.759545e-002
1.887084e+003;2.760076e-002
1.887566e+003;2.760017e-002
1.888048e+003;2.759163e-002
1.888531e+003;2.757448e-002
1.889013e+003;2.754876e-002
1.889495e+003;2.751533e-002
1.889977e+003;2.747598e-002
1.890459e+003;2.743338e-002
1.890941e+003;2.739237e-002
1.891423e+003;2.735892e-002
1.891906e+003;2.733965e-002
1.892388e+003;2.734013e-002
1.892870e+003;2.736240e-002
1.893352e+003;2.740336e-002
1.893834e+003;2.745569e-002
1.894316e+003;2.750837e-002
1.894798e+003;2.755133e-002
1.895281e+003;2.757945e-002
1.895763e+003;2.759270e-002
1.896245e+003;2.759764e-002
1.896727e+003;2.760271e-002
1.897209e+003;2.761440e-002
1.897691e+003;2.763351e-002
1.898173e+003;2.765504e-002
1.898656e+003;2.767013e-002
1.899138e+003;2.767000e-002
1.899620e+003;2.764890e-002
1.900102e+003;2.760951e-002
1.900584e+003;2.755771e-002
1.901066e+003;2.750290e-002
1.901548e+003;2.745327e-002
1.902030e+003;2.741280e-002
1.902513e+003;2.738150e-002
1.902995e+003;2.735865e-002
1.903477e+003;2.734211e-002
1.903959e+003;2.733437e-002
1.904441e+003;2.733901e-002
1.904923e+003;2.736055e-002
1.905405e+003;2.740159e-002
1.905888e+003;2.745977e-002
1.906370e+003;2.752888e-002
1.906852e+003;2.760117e-002
1.907334e+003;2.766787e-002
1.907816e+003;2.772336e-002
1.908298e+003;2.776515e-002
1.908780e+003;2.779277e-002
1.909262e+003;2.780731e-002
1.909745e+003;2.780929e-002
1.910227e+003;2.779949e-002
1.910709e+003;2.778117e-002
1.911191e+003;2.775806e-002
1.911673e+003;2.773789e-002
1.912155e+003;2.772876e-002
1.912637e+003;2.773727e-002
1.913120e+003;2.776595e-002
1.913602e+003;2.781143e-002
1.914084e+003;2.786665e-002
1.914566e+003;2.792332e-002
1.915048e+003;2.797485e-002
1.915530e+003;2.801825e-002
1.916012e+003;2.805400e-002
1.916495e+003;2.808418e-002
1.916977e+003;2.811036e-002
1.917459e+003;2.812999e-002
1.917941e+003;2.813745e-002
1.918423e+003;2.812677e-002
1.918905e+003;2.809222e-002
1.919387e+003;2.803257e-002
1.919870e+003;2.795015e-002
1.920352e+003;2.785144e-002
1.920834e+003;2.774335e-002
1.921316e+003;2.763258e-002
1.921798e+003;2.752506e-002
1.922280e+003;2.742651e-002
1.922762e+003;2.734287e-002
1.923245e+003;2.728000e-002
1.923727e+003;2.724377e-002
1.924209e+003;2.723617e-002
1.924691e+003;2.725584e-002
1.925173e+003;2.729523e-002
1.925655e+003;2.734353e-002
1.926137e+003;2.739066e-002
1.926619e+003;2.742734e-002
1.927102e+003;2.745010e-002
1.927584e+003;2.745763e-002
1.928066e+003;2.745268e-002
1.928548e+003;2.743703e-002
1.929030e+003;2.741100e-002
1.929512e+003;2.737577e-002
1.929994e+003;2.733498e-002
1.930477e+003;2.729515e-002
1.930959e+003;2.726653e-002
1.931441e+003;2.726138e-002
1.931923e+003;2.728677e-002
1.932405e+003;2.734279e-002
1.932887e+003;2.741889e-002
1.933369e+003;2.749649e-002
1.933851e+003;2.755611e-002
1.934334e+003;2.758100e-002
1.934816e+003;2.756628e-002
1.935298e+003;2.751735e-002
1.935780e+003;2.744932e-002
1.936262e+003;2.737941e-002
1.936744e+003;2.732284e-002
1.937226e+003;2.728874e-002
1.937709e+003;2.727954e-002
1.938191e+003;2.729191e-002
1.938673e+003;2.732112e-002
1.939155e+003;2.736210e-002
1.939637e+003;2.741073e-002
1.940119e+003;2.746190e-002
1.940601e+003;2.750873e-002
1.941083e+003;2.754453e-002
1.941566e+003;2.756447e-002
1.942048e+003;2.756559e-002
1.942530e+003;2.755208e-002
1.943012e+003;2.753152e-002
1.943494e+003;2.751294e-002
1.943976e+003;2.750332e-002
1.944458e+003;2.750369e-002
1.944941e+003;2.750898e-002
1.945423e+003;2.751240e-002
1.945905e+003;2.750643e-002
1.946387e+003;2.749040e-002
1.946869e+003;2.746748e-002
1.947351e+003;2.744716e-002
1.947833e+003;2.743815e-002
1.948316e+003;2.744554e-002
1.948798e+003;2.747061e-002
1.949280e+003;2.750977e-002
1.949762e+003;2.755828e-002
1.950244e+003;2.761476e-002
1.950726e+003;2.767983e-002
1.951208e+003;2.775581e-002
1.951691e+003;2.784278e-002
1.952173e+003;2.793443e-002
1.952655e+003;2.801696e-002
1.953137e+003;2.807197e-002
1.953619e+003;2.807863e-002
1.954101e+003;2.802365e-002
1.954583e+003;2.790293e-002
1.955066e+003;2.772560e-002
1.955548e+003;2.751295e-002
1.956030e+003;2.729068e-002
1.956512e+003;2.708676e-002
1.956994e+003;2.692690e-002
1.957476e+003;2.682522e-002
1.957958e+003;2.678958e-002
1.958440e+003;2.681493e-002
1.958923e+003;2.688738e-002
1.959405e+003;2.698553e-002
1.959887e+003;2.708461e-002
1.960369e+003;2.716424e-002
1.960851e+003;2.721197e-002
1.961333e+003;2.722624e-002
1.961815e+003;2.722025e-002
1.962298e+003;2.721432e-002
1.962780e+003;2.723081e-002
1.963262e+003;2.728505e-002
1.963744e+003;2.738071e-002
1.964226e+003;2.750511e-002
1.964708e+003;2.763578e-002
1.965190e+003;2.774151e-002
1.965672e+003;2.779770e-002
1.966155e+003;2.778702e-002
1.966637e+003;2.770834e-002
1.967119e+003;2.757659e-002
1.967601e+003;2.741725e-002
1.968083e+003;2.726668e-002
1.968565e+003;2.716206e-002
1.969047e+003;2.713241e-002
1.969530e+003;2.719779e-002
1.970012e+003;2.736100e-002
1.970494e+003;2.760900e-002
1.970976e+003;2.791123e-002
1.971458e+003;2.822639e-002
1.971940e+003;2.851129e-002
1.972422e+003;2.873213e-002
1.972905e+003;2.886835e-002
1.973387e+003;2.892322e-002
1.973869e+003;2.892054e-002
1.974351e+003;2.890182e-002
1.974833e+003;2.891728e-002
1.975315e+003;2.901560e-002
1.975797e+003;2.923364e-002
1.976280e+003;2.959085e-002
1.976762e+003;3.007508e-002
1.977244e+003;3.065071e-002
1.977726e+003;3.125921e-002
1.978208e+003;3.183107e-002
1.978690e+003;3.230467e-002
1.979172e+003;3.263603e-002
1.979655e+003;3.280826e-002
1.980137e+003;3.283533e-002
1.980619e+003;3.275089e-002
1.981101e+003;3.260640e-002
1.981583e+003;3.245429e-002
1.982065e+003;3.234013e-002
1.982547e+003;3.229487e-002
1.983029e+003;3.232748e-002
1.983512e+003;3.242870e-002
1.983994e+003;3.257352e-002
1.984476e+003;3.272539e-002
1.984958e+003;3.284901e-002
1.985440e+003;3.291289e-002
1.985922e+003;3.290161e-002
1.986404e+003;3.281510e-002
1.986887e+003;3.267154e-002
1.987369e+003;3.250188e-002
1.987851e+003;3.234638e-002
1.988333e+003;3.223652e-002
1.988815e+003;3.219571e-002
1.989297e+003;3.222726e-002
1.989779e+003;3.231850e-002
1.990261e+003;3.244449e-002
1.990744e+003;3.257714e-002
1.991226e+003;3.269746e-002
1.991708e+003;3.279839e-002
1.992190e+003;3.288250e-002
1.992672e+003;3.296097e-002
1.993154e+003;3.304043e-002
1.993636e+003;3.312049e-002
1.994119e+003;3.319351e-002
1.994601e+003;3.324528e-002
1.995083e+003;3.326451e-002
1.995565e+003;3.324781e-002
1.996047e+003;3.319853e-002
1.996529e+003;3.312813e-002
1.997011e+003;3.304601e-002
1.997494e+003;3.295615e-002
1.997976e+003;3.285423e-002
1.998458e+003;3.273363e-002
1.998940e+003;3.259002e-002
1.999422e+003;3.243192e-002
1.999904e+003;3.227385e-002
2.000386e+003;3.213972e-002
2.000869e+003;3.204827e-002
2.001351e+003;3.200660e-002
2.001833e+003;3.200343e-002
2.002315e+003;3.201238e-002
2.002797e+003;3.200384e-002
2.003279e+003;3.196086e-002
2.003761e+003;3.188094e-002
2.004244e+003;3.178936e-002
2.004726e+003;3.172432e-002
2.005208e+003;3.172506e-002
2.005690e+003;3.181802e-002
2.006172e+003;3.200363e-002
2.006654e+003;3.225629e-002
2.007136e+003;3.253648e-002
2.007618e+003;3.279637e-002
2.008101e+003;3.300220e-002
2.008583e+003;3.313551e-002
2.009065e+003;3.319630e-002
2.009547e+003;3.319818e-002
2.010029e+003;3.316159e-002
2.010511e+003;3.311246e-002
2.010993e+003;3.307666e-002
2.011476e+003;3.307420e-002
2.011958e+003;3.312112e-002
2.012440e+003;3.322117e-002
2.012922e+003;3.336617e-002
2.013404e+003;3.353311e-002
2.013886e+003;3.369217e-002
2.014368e+003;3.381351e-002
2.014850e+003;3.387885e-002
2.015333e+003;3.388141e-002
2.015815e+003;3.383106e-002
2.016297e+003;3.374610e-002
2.016779e+003;3.364959e-002
2.017261e+003;3.355998e-002
2.017743e+003;3.349027e-002
2.018225e+003;3.345040e-002
2.018708e+003;3.345145e-002
2.019190e+003;3.349933e-002
2.019672e+003;3.360022e-002
2.020154e+003;3.375111e-002
2.020636e+003;3.393313e-002
2.021118e+003;3.411728e-002
2.021600e+003;3.426722e-002
2.022083e+003;3.435648e-002
2.022565e+003;3.437966e-002
2.023047e+003;3.435133e-002
2.023529e+003;3.430772e-002
2.024011e+003;3.428758e-002
2.024493e+003;3.431639e-002
2.024975e+003;3.439489e-002
2.025458e+003;3.449758e-002
2.025940e+003;3.458433e-002
2.026422e+003;3.462322e-002
2.026904e+003;3.459814e-002
2.027386e+003;3.452679e-002
2.027868e+003;3.444633e-002
2.028350e+003;3.440323e-002
2.028833e+003;3.443377e-002
2.029315e+003;3.455278e-002
2.029797e+003;3.475455e-002
2.030279e+003;3.502330e-002
2.030761e+003;3.533567e-002
2.031243e+003;3.568122e-002
2.031725e+003;3.605190e-002
2.032207e+003;3.644295e-002
2.032690e+003;3.683647e-002
2.033172e+003;3.720447e-002
2.033654e+003;3.751197e-002
2.034136e+003;3.773418e-002
2.034618e+003;3.786246e-002
2.035100e+003;3.791824e-002
2.035582e+003;3.794264e-002
2.036065e+003;3.798374e-002
2.036547e+003;3.807558e-002
2.037029e+003;3.822681e-002
2.037511e+003;3.841774e-002
2.037993e+003;3.861395e-002
2.038475e+003;3.877563e-002
2.038957e+003;3.888292e-002
2.039439e+003;3.893554e-002
2.039922e+003;3.895576e-002
2.040404e+003;3.897528e-002
2.040886e+003;3.902152e-002
2.041368e+003;3.910927e-002
2.041850e+003;3.923781e-002
2.042332e+003;3.939307e-002
2.042814e+003;3.955948e-002
2.043297e+003;3.972378e-002
2.043779e+003;3.987927e-002
2.044261e+003;4.002655e-002
2.044743e+003;4.016868e-002
2.045225e+003;4.031337e-002
2.045707e+003;4.047284e-002
2.046189e+003;4.066156e-002
2.046672e+003;4.090160e-002
2.047154e+003;4.121108e-002
2.047636e+003;4.159923e-002
2.048118e+003;4.205181e-002
2.048600e+003;4.252511e-002
2.049082e+003;4.295426e-002
2.049564e+003;4.326981e-002
2.050047e+003;4.341463e-002
2.050529e+003;4.336999e-002
2.051011e+003;4.315831e-002
2.051493e+003;4.284117e-002
2.051975e+003;4.250238e-002
2.052457e+003;4.222510e-002
2.052939e+003;4.207122e-002
2.053422e+003;4.206583e-002
2.053904e+003;4.219057e-002
2.054386e+003;4.239804e-002
2.054868e+003;4.262600e-002
2.055350e+003;4.281932e-002
2.055832e+003;4.294694e-002
2.056314e+003;4.300584e-002
2.056796e+003;4.301528e-002
2.057279e+003;4.300626e-002
2.057761e+003;4.300640e-002
2.058243e+003;4.303515e-002
2.058725e+003;4.309834e-002
2.059207e+003;4.319401e-002
2.059689e+003;4.331600e-002
2.060171e+003;4.345869e-002
2.060654e+003;4.362033e-002
2.061136e+003;4.379885e-002
2.061618e+003;4.398651e-002
2.062100e+003;4.417100e-002
2.062582e+003;4.433383e-002
2.063064e+003;4.445826e-002
2.063546e+003;4.453209e-002
2.064029e+003;4.455328e-002
2.064511e+003;4.453220e-002
2.064993e+003;4.448896e-002
2.065475e+003;4.444174e-002
2.065957e+003;4.440731e-002
2.066439e+003;4.439278e-002
2.066921e+003;4.439694e-002
2.067404e+003;4.441414e-002
2.067886e+003;4.443998e-002
2.068368e+003;4.447302e-002
2.068850e+003;4.452005e-002
2.069332e+003;4.458900e-002
2.069814e+003;4.468754e-002
2.070296e+003;4.481806e-002
2.070779e+003;4.497679e-002
2.071260e+003;4.515408e-002
2.071743e+003;4.533834e-002
2.072225e+003;4.551940e-002
2.072707e+003;4.569118e-002
2.073189e+003;4.584795e-002
2.073671e+003;4.598811e-002
2.074153e+003;4.610714e-002
2.074635e+003;4.620158e-002
2.075118e+003;4.626804e-002
2.075600e+003;4.630696e-002
2.076082e+003;4.632547e-002
2.076564e+003;4.633796e-002
2.077046e+003;4.635922e-002
2.077528e+003;4.640543e-002
2.078010e+003;4.648411e-002
2.078493e+003;4.659475e-002
2.078975e+003;4.672706e-002
2.079457e+003;4.686620e-002
2.079939e+003;4.699705e-002
2.080421e+003;4.711165e-002
2.080903e+003;4.720661e-002
2.081385e+003;4.728535e-002
2.081868e+003;4.735336e-002
2.082350e+003;4.741370e-002
2.082832e+003;4.746620e-002
2.083314e+003;4.750497e-002
2.083796e+003;4.752296e-002
2.084278e+003;4.751540e-002
2.084760e+003;4.747907e-002
2.085243e+003;4.741681e-002
2.085725e+003;4.733346e-002
2.086207e+003;4.723611e-002
2.086689e+003;4.713078e-002
2.087171e+003;4.702177e-002
2.087653e+003;4.691221e-002
2.088135e+003;4.680691e-002
2.088617e+003;4.670827e-002
2.089100e+003;4.662213e-002
2.089582e+003;4.655119e-002
2.090064e+003;4.649807e-002
2.090546e+003;4.646280e-002
2.091028e+003;4.644552e-002
2.091510e+003;4.644681e-002
2.091992e+003;4.647109e-002
2.092475e+003;4.652485e-002
2.092957e+003;4.661645e-002
2.093439e+003;4.675278e-002
2.093921e+003;4.693506e-002
2.094403e+003;4.715620e-002
2.094885e+003;4.740021e-002
2.095367e+003;4.764418e-002
2.095850e+003;4.786526e-002
2.096332e+003;4.804240e-002
2.096814e+003;4.816361e-002
2.097296e+003;4.822583e-002
2.097778e+003;4.823647e-002
2.098260e+003;4.820746e-002
2.098742e+003;4.815513e-002
2.099225e+003;4.809381e-002
2.099707e+003;4.803621e-002
2.100189e+003;4.798856e-002
2.100671e+003;4.795549e-002
2.101153e+003;4.793743e-002
2.101635e+003;4.793501e-002
2.102117e+003;4.795020e-002
2.102600e+003;4.798505e-002
2.103082e+003;4.804276e-002
2.103564e+003;4.812541e-002
2.104046e+003;4.822919e-002
2.104528e+003;4.834690e-002
2.105010e+003;4.846447e-002
2.105492e+003;4.856709e-002
2.105974e+003;4.864215e-002
2.106457e+003;4.868347e-002
2.106939e+003;4.869660e-002
2.107421e+003;4.869640e-002
2.107903e+003;4.870364e-002
2.108385e+003;4.873725e-002
2.108867e+003;4.880838e-002
2.109349e+003;4.891663e-002
2.109832e+003;4.904781e-002
2.110314e+003;4.917919e-002
2.110796e+003;4.928570e-002
2.111278e+003;4.934885e-002
2.111760e+003;4.935620e-002
2.112242e+003;4.930883e-002
2.112724e+003;4.921387e-002
2.113207e+003;4.908489e-002
2.113689e+003;4.893519e-002
2.114171e+003;4.877746e-002
2.114653e+003;4.862205e-002
2.115135e+003;4.847827e-002
2.115617e+003;4.835122e-002
2.116099e+003;4.824504e-002
2.116582e+003;4.815899e-002
2.117064e+003;4.808858e-002
2.117546e+003;4.802464e-002
2.118028e+003;4.795705e-002
2.118510e+003;4.787812e-002
2.118992e+003;4.778584e-002
2.119474e+003;4.768363e-002
2.119957e+003;4.758159e-002
2.120438e+003;4.749024e-002
2.120921e+003;4.741699e-002
2.121403e+003;4.736287e-002
2.121885e+003;4.732124e-002
2.122367e+003;4.728113e-002
2.122849e+003;4.723234e-002
2.123331e+003;4.716524e-002
2.123813e+003;4.707819e-002
2.124296e+003;4.697170e-002
2.124778e+003;4.685022e-002
2.125260e+003;4.671476e-002
2.125742e+003;4.656208e-002
2.126224e+003;4.638483e-002
2.126706e+003;4.617635e-002
2.127188e+003;4.592884e-002
2.127671e+003;4.564309e-002
2.128153e+003;4.532515e-002
2.128635e+003;4.498866e-002
2.129117e+003;4.464925e-002
2.129599e+003;4.432500e-002
2.130081e+003;4.402981e-002
2.130563e+003;4.377698e-002
2.131046e+003;4.357319e-002
2.131528e+003;4.342346e-002
2.132010e+003;4.332918e-002
2.132492e+003;4.328797e-002
2.132974e+003;4.329213e-002
2.133456e+003;4.333103e-002
2.133938e+003;4.339135e-002
2.134421e+003;4.346126e-002
2.134903e+003;4.352920e-002
2.135385e+003;4.358998e-002
2.135867e+003;4.364032e-002
2.136349e+003;4.368044e-002
2.136831e+003;4.370715e-002
2.137313e+003;4.371516e-002
2.137795e+003;4.369695e-002
2.138278e+003;4.364420e-002
2.138760e+003;4.355080e-002
2.139242e+003;4.341897e-002
2.139724e+003;4.325821e-002
2.140206e+003;4.308521e-002
2.140688e+003;4.291974e-002
2.141170e+003;4.277733e-002
2.141653e+003;4.266564e-002
2.142135e+003;4.258140e-002
2.142617e+003;4.250567e-002
2.143099e+003;4.241586e-002
2.143581e+003;4.228670e-002
2.144063e+003;4.210108e-002
2.144545e+003;4.185611e-002
2.145028e+003;4.156820e-002
2.145510e+003;4.126934e-002
2.145992e+003;4.100150e-002
2.146474e+003;4.080129e-002
2.146956e+003;4.069616e-002
2.147438e+003;4.068813e-002
2.147920e+003;4.075875e-002
2.148403e+003;4.086785e-002
2.148885e+003;4.096704e-002
2.149367e+003;4.101240e-002
2.149849e+003;4.097648e-002
2.150331e+003;4.084542e-002
2.150813e+003;4.062843e-002
2.151295e+003;4.034225e-002
2.151778e+003;4.000698e-002
2.152260e+003;3.963604e-002
2.152742e+003;3.923006e-002
2.153224e+003;3.878472e-002
2.153706e+003;3.829146e-002
2.154188e+003;3.774465e-002
2.154670e+003;3.715767e-002
2.155152e+003;3.656344e-002
2.155635e+003;3.602448e-002
2.156117e+003;3.562422e-002
2.156599e+003;3.545799e-002
2.157081e+003;3.561268e-002
2.157563e+003;3.614684e-002
2.158045e+003;3.705220e-002
2.158527e+003;3.825730e-002
2.159010e+003;3.962184e-002
2.159492e+003;4.097802e-002
2.159974e+003;4.216958e-002
2.160456e+003;4.309083e-002
2.160938e+003;4.370185e-002
2.161420e+003;4.403002e-002
2.161902e+003;4.413429e-002
2.162385e+003;4.409344e-002
2.162867e+003;4.397560e-002
2.163349e+003;4.383247e-002
2.163831e+003;4.369607e-002
2.164313e+003;4.358238e-002
2.164795e+003;4.350201e-002
2.165277e+003;4.346399e-002
2.165760e+003;4.346961e-002
2.166242e+003;4.351635e-002
2.166724e+003;4.358761e-002
2.167206e+003;4.365763e-002
2.167688e+003;4.369420e-002
2.168170e+003;4.367013e-002
2.168652e+003;4.357493e-002
2.169135e+003;4.341865e-002
2.169616e+003;4.322363e-002
2.170099e+003;4.301849e-002
2.170581e+003;4.282264e-002
2.171063e+003;4.264089e-002
2.171545e+003;4.246119e-002
2.172027e+003;4.226309e-002
2.172509e+003;4.203370e-002
2.172991e+003;4.177966e-002
2.173474e+003;4.152407e-002
2.173956e+003;4.131112e-002
2.174438e+003;4.118013e-002
2.174920e+003;4.115516e-002
2.175402e+003;4.123100e-002
2.175884e+003;4.137081e-002
2.176366e+003;4.152351e-002
2.176849e+003;4.163793e-002
2.177331e+003;4.167701e-002
2.177813e+003;4.163397e-002
2.178295e+003;4.152652e-002
2.178777e+003;4.139059e-002
2.179259e+003;4.126669e-002
2.179741e+003;4.118824e-002
2.180224e+003;4.117320e-002
2.180706e+003;4.122668e-002
2.181188e+003;4.133590e-002
2.181670e+003;4.148520e-002
2.182152e+003;4.165180e-002
2.182634e+003;4.181722e-002
2.183116e+003;4.196481e-002
2.183598e+003;4.208412e-002
2.184081e+003;4.217216e-002
2.184563e+003;4.223240e-002
2.185045e+003;4.227003e-002
2.185527e+003;4.229314e-002
2.186009e+003;4.230581e-002
2.186491e+003;4.230975e-002
2.186973e+003;4.230287e-002
2.187456e+003;4.228136e-002
2.187938e+003;4.224482e-002
2.188420e+003;4.220038e-002
2.188902e+003;4.215419e-002
2.189384e+003;4.211873e-002
2.189866e+003;4.210024e-002
2.190348e+003;4.209973e-002
2.190831e+003;4.210809e-002
2.191313e+003;4.211371e-002
2.191795e+003;4.210279e-002
2.192277e+003;4.206862e-002
2.192759e+003;4.200846e-002
2.193241e+003;4.192710e-002
2.193723e+003;4.182922e-002
2.194206e+003;4.172037e-002
2.194688e+003;4.160199e-002
2.195170e+003;4.147354e-002
2.195652e+003;4.133745e-002
2.196134e+003;4.120307e-002
2.196616e+003;4.107982e-002
2.197098e+003;4.098251e-002
2.197581e+003;4.092005e-002
2.198063e+003;4.089558e-002
2.198545e+003;4.090098e-002
2.199027e+003;4.092379e-002
2.199509e+003;4.095117e-002
2.199991e+003;4.097872e-002
2.200473e+003;4.100840e-002
2.200955e+003;4.105172e-002
2.201438e+003;4.111919e-002
2.201920e+003;4.121662e-002
2.202402e+003;4.133704e-002
2.202884e+003;4.146286e-002
2.203366e+003;4.156930e-002
2.203848e+003;4.163697e-002
2.204330e+003;4.165012e-002
2.204813e+003;4.160940e-002
2.205295e+003;4.152364e-002
2.205777e+003;4.140855e-002
2.206259e+003;4.127938e-002
2.206741e+003;4.114612e-002
2.207223e+003;4.101518e-002
2.207705e+003;4.088986e-002
2.208188e+003;4.077098e-002
2.208670e+003;4.066344e-002
2.209152e+003;4.057159e-002
2.209634e+003;4.050032e-002
2.210116e+003;4.044974e-002
2.210598e+003;4.041684e-002
2.211080e+003;4.039533e-002
2.211563e+003;4.037701e-002
2.212045e+003;4.035478e-002
2.212527e+003;4.032511e-002
2.213009e+003;4.028611e-002
2.213491e+003;4.023859e-002
2.213973e+003;4.018288e-002
2.214455e+003;4.011918e-002
2.214938e+003;4.004972e-002
2.215419e+003;3.997992e-002
2.215902e+003;3.991584e-002
2.216384e+003;3.986605e-002
2.216866e+003;3.983920e-002
2.217348e+003;3.984158e-002
2.217830e+003;3.987315e-002
2.218312e+003;3.992778e-002
2.218794e+003;3.999324e-002
2.219277e+003;4.005751e-002
2.219759e+003;4.010393e-002
2.220241e+003;4.012238e-002
2.220723e+003;4.010325e-002
2.221205e+003;4.004344e-002
2.221687e+003;3.994472e-002
2.222169e+003;3.981503e-002
2.222652e+003;3.966827e-002
2.223134e+003;3.952522e-002
2.223616e+003;3.940308e-002
2.224098e+003;3.932013e-002
2.224580e+003;3.928382e-002
2.225062e+003;3.929196e-002
2.225544e+003;3.933334e-002
2.226027e+003;3.938903e-002
2.226509e+003;3.943975e-002
2.226991e+003;3.947434e-002
2.227473e+003;3.948481e-002
2.227955e+003;3.947436e-002
2.228437e+003;3.944930e-002
2.228919e+003;3.941730e-002
2.229402e+003;3.938382e-002
2.229884e+003;3.934947e-002
2.230366e+003;3.931496e-002
2.230848e+003;3.928227e-002
2.231330e+003;3.925342e-002
2.231812e+003;3.923433e-002
2.232294e+003;3.923034e-002
2.232776e+003;3.924620e-002
2.233259e+003;3.928210e-002
2.233741e+003;3.933436e-002
2.234223e+003;3.939559e-002
2.234705e+003;3.946047e-002
2.235187e+003;3.951865e-002
2.235669e+003;3.956413e-002
2.236151e+003;3.958848e-002
2.236634e+003;3.958459e-002
2.237116e+003;3.954580e-002
2.237598e+003;3.946900e-002
2.238080e+003;3.935734e-002
2.238562e+003;3.922208e-002
2.239044e+003;3.907721e-002
2.239526e+003;3.894104e-002
2.240009e+003;3.882776e-002
2.240491e+003;3.874456e-002
2.240973e+003;3.869001e-002
2.241455e+003;3.865683e-002
2.241937e+003;3.863508e-002
2.242419e+003;3.861958e-002
2.242901e+003;3.860693e-002
2.243384e+003;3.859845e-002
2.243866e+003;3.859476e-002
2.244348e+003;3.859345e-002
2.244830e+003;3.858564e-002
2.245312e+003;3.856096e-002
2.245794e+003;3.850979e-002
2.246276e+003;3.843196e-002
2.246759e+003;3.833421e-002
2.247240e+003;3.823402e-002
2.247723e+003;3.815084e-002
2.248205e+003;3.809984e-002
2.248687e+003;3.808616e-002
2.249169e+003;3.810161e-002
2.249651e+003;3.812838e-002
2.250133e+003;3.814818e-002
2.250615e+003;3.814333e-002
2.251098e+003;3.810854e-002
2.251580e+003;3.804937e-002
2.252062e+003;3.797893e-002
2.252544e+003;3.791491e-002
2.253026e+003;3.787297e-002
2.253508e+003;3.786322e-002
2.253990e+003;3.789103e-002
2.254473e+003;3.795241e-002
2.254955e+003;3.803929e-002
2.255437e+003;3.813771e-002
2.255919e+003;3.823010e-002
2.256401e+003;3.829689e-002
2.256883e+003;3.831845e-002
2.257365e+003;3.828214e-002
2.257848e+003;3.818516e-002
2.258330e+003;3.803516e-002
2.258812e+003;3.785244e-002
2.259294e+003;3.766455e-002
2.259776e+003;3.749972e-002
2.260258e+003;3.737966e-002
2.260740e+003;3.731550e-002
2.261223e+003;3.730416e-002
2.261705e+003;3.733383e-002
2.262187e+003;3.738531e-002
2.262669e+003;3.743939e-002
2.263151e+003;3.748125e-002
2.263633e+003;3.750280e-002
2.264115e+003;3.750315e-002
2.264597e+003;3.748728e-002
2.265080e+003;3.746352e-002
2.265562e+003;3.744234e-002
2.266044e+003;3.743167e-002
2.266526e+003;3.743706e-002
2.267008e+003;3.745868e-002
2.267490e+003;3.749332e-002
2.267972e+003;3.753269e-002
2.268455e+003;3.756542e-002
2.268937e+003;3.758230e-002
2.269419e+003;3.757756e-002
2.269901e+003;3.754890e-002
2.270383e+003;3.749990e-002
2.270865e+003;3.743870e-002
2.271347e+003;3.737466e-002
2.271830e+003;3.731598e-002
2.272312e+003;3.726877e-002
2.272794e+003;3.723617e-002
2.273276e+003;3.722029e-002
2.273758e+003;3.721919e-002
2.274240e+003;3.723279e-002
2.274722e+003;3.725830e-002
2.275205e+003;3.729399e-002
2.275687e+003;3.733525e-002
2.276169e+003;3.737840e-002
2.276651e+003;3.742016e-002
2.277133e+003;3.745998e-002
2.277615e+003;3.749707e-002
2.278097e+003;3.753401e-002
2.278580e+003;3.757255e-002
2.279062e+003;3.761563e-002
2.279544e+003;3.766361e-002
2.280026e+003;3.771662e-002
2.280508e+003;3.777428e-002
2.280990e+003;3.783755e-002
2.281472e+003;3.790689e-002
2.281954e+003;3.798340e-002
2.282437e+003;3.806560e-002
2.282919e+003;3.814935e-002
2.283401e+003;3.822730e-002
2.283883e+003;3.828926e-002
2.284365e+003;3.832653e-002
2.284847e+003;3.833335e-002
2.285329e+003;3.830760e-002
2.285812e+003;3.825334e-002
2.286294e+003;3.817733e-002
2.286776e+003;3.808759e-002
2.287258e+003;3.799010e-002
2.287740e+003;3.788926e-002
2.288222e+003;3.778589e-002
2.288704e+003;3.768113e-002
2.289187e+003;3.757485e-002
2.289669e+003;3.746900e-002
2.290151e+003;3.736642e-002
2.290633e+003;3.727074e-002
2.291115e+003;3.718409e-002
2.291597e+003;3.710759e-002
2.292079e+003;3.704020e-002
2.292562e+003;3.698026e-002
2.293044e+003;3.692441e-002
2.293526e+003;3.686987e-002
2.294008e+003;3.681405e-002
2.294490e+003;3.675457e-002
2.294972e+003;3.669066e-002
2.295454e+003;3.662159e-002
2.295937e+003;3.654879e-002
2.296418e+003;3.647572e-002
2.296901e+003;3.640594e-002
2.297383e+003;3.634387e-002
2.297865e+003;3.629180e-002
2.298347e+003;3.625022e-002
2.298829e+003;3.621564e-002
2.299311e+003;3.618311e-002
2.299793e+003;3.614677e-002
2.300276e+003;3.610338e-002
2.300758e+003;3.605127e-002
2.301240e+003;3.599267e-002
2.301722e+003;3.593111e-002
2.302204e+003;3.587134e-002
2.302686e+003;3.581701e-002
2.303168e+003;3.576891e-002
2.303651e+003;3.572735e-002
2.304133e+003;3.569179e-002
2.304615e+003;3.566112e-002
2.305097e+003;3.563581e-002
2.305579e+003;3.561666e-002
2.306061e+003;3.560289e-002
2.306543e+003;3.559316e-002
2.307026e+003;3.558499e-002
2.307508e+003;3.557437e-002
2.307990e+003;3.555889e-002
2.308472e+003;3.553692e-002
2.308954e+003;3.550939e-002
2.309436e+003;3.547859e-002
2.309918e+003;3.544834e-002
2.310401e+003;3.542203e-002
2.310883e+003;3.540253e-002
2.311365e+003;3.539096e-002
2.311847e+003;3.538826e-002
2.312329e+003;3.539263e-002
2.312811e+003;3.540311e-002
2.313293e+003;3.541636e-002
2.313775e+003;3.543017e-002
2.314258e+003;3.544224e-002
2.314740e+003;3.545265e-002
2.315222e+003;3.546321e-002
2.315704e+003;3.547918e-002
2.316186e+003;3.550597e-002
2.316668e+003;3.554906e-002
2.317150e+003;3.561015e-002
2.317633e+003;3.568749e-002
2.318115e+003;3.577697e-002
2.318597e+003;3.587405e-002
2.319079e+003;3.597698e-002
2.319561e+003;3.608985e-002
2.320043e+003;3.621878e-002
2.320525e+003;3.637011e-002
2.321008e+003;3.654280e-002
2.321490e+003;3.672452e-002
2.321972e+003;3.688775e-002
2.322454e+003;3.699566e-002
2.322936e+003;3.700829e-002
2.323418e+003;3.689523e-002
2.323900e+003;3.664311e-002
2.324383e+003;3.626177e-002
2.324865e+003;3.578178e-002
2.325347e+003;3.524843e-002
2.325829e+003;3.471100e-002
2.326311e+003;3.421390e-002
2.326793e+003;3.378843e-002
2.327275e+003;3.344953e-002
2.327758e+003;3.319675e-002
2.328240e+003;3.301790e-002
2.328722e+003;3.289520e-002
2.329204e+003;3.281001e-002
2.329686e+003;3.274719e-002
2.330168e+003;3.269488e-002
2.330650e+003;3.264542e-002
2.331132e+003;3.259417e-002
2.331615e+003;3.253813e-002
2.332097e+003;3.247735e-002
2.332579e+003;3.241288e-002
2.333061e+003;3.234767e-002
2.333543e+003;3.228522e-002
2.334025e+003;3.222803e-002
2.334507e+003;3.217759e-002
2.334990e+003;3.213257e-002
2.335472e+003;3.209048e-002
2.335954e+003;3.204877e-002
2.336436e+003;3.200562e-002
2.336918e+003;3.196163e-002
2.337400e+003;3.191908e-002
2.337882e+003;3.187978e-002
2.338365e+003;3.184662e-002
2.338847e+003;3.181960e-002
2.339329e+003;3.179624e-002
2.339811e+003;3.177336e-002
2.340293e+003;3.174639e-002
2.340775e+003;3.171316e-002
2.341257e+003;3.167271e-002
2.341740e+003;3.162689e-002
2.342222e+003;3.157776e-002
2.342704e+003;3.152909e-002
2.343186e+003;3.148361e-002
2.343668e+003;3.144299e-002
2.344150e+003;3.140748e-002
2.344632e+003;3.137669e-002
2.345115e+003;3.134844e-002
2.345596e+003;3.131978e-002
2.346079e+003;3.128814e-002
2.346561e+003;3.125048e-002
2.347043e+003;3.120389e-002
2.347525e+003;3.114791e-002
2.348007e+003;3.108292e-002
2.348489e+003;3.101181e-002
2.348971e+003;3.093818e-002
2.349454e+003;3.086702e-002
2.349936e+003;3.080282e-002
2.350418e+003;3.074790e-002
2.350900e+003;3.070315e-002
2.351382e+003;3.066601e-002
2.351864e+003;3.063319e-002
2.352346e+003;3.060076e-002
2.352829e+003;3.056470e-002
2.353311e+003;3.052292e-002
2.353793e+003;3.047550e-002
2.354275e+003;3.042460e-002
2.354757e+003;3.037199e-002
2.355239e+003;3.031985e-002
2.355721e+003;3.026873e-002
2.356204e+003;3.021751e-002
2.356686e+003;3.016338e-002
2.357168e+003;3.010214e-002
2.357650e+003;3.003051e-002
2.358132e+003;2.994694e-002
2.358614e+003;2.985136e-002
2.359096e+003;2.974721e-002
2.359579e+003;2.963893e-002
2.360061e+003;2.953238e-002
2.360543e+003;2.943183e-002
2.361025e+003;2.933947e-002
2.361507e+003;2.925609e-002
2.361989e+003;2.917952e-002
2.362471e+003;2.910607e-002
2.362953e+003;2.903244e-002
2.363436e+003;2.895515e-002
2.363918e+003;2.887364e-002
2.364400e+003;2.878849e-002
2.364882e+003;2.870225e-002
2.365364e+003;2.861905e-002
2.365846e+003;2.854363e-002
2.366328e+003;2.847956e-002
2.366811e+003;2.842973e-002
2.367293e+003;2.839504e-002
2.367775e+003;2.837478e-002
2.368257e+003;2.836588e-002
2.368739e+003;2.836407e-002
2.369221e+003;2.836557e-002
2.369703e+003;2.836722e-002
2.370186e+003;2.836565e-002
2.370668e+003;2.836003e-002
2.371150e+003;2.835037e-002
2.371632e+003;2.833764e-002
2.372114e+003;2.832296e-002
2.372596e+003;2.830763e-002
2.373078e+003;2.829228e-002
2.373561e+003;2.827848e-002
2.374043e+003;2.826563e-002
2.374525e+003;2.825390e-002
2.375007e+003;2.824135e-002
2.375489e+003;2.822621e-002
2.375971e+003;2.820557e-002
2.376453e+003;2.817682e-002
2.376936e+003;2.813705e-002
2.377417e+003;2.808617e-002
2.377900e+003;2.802500e-002
2.378382e+003;2.795530e-002
2.378864e+003;2.788055e-002
2.379346e+003;2.780400e-002
2.379828e+003;2.772920e-002
2.380310e+003;2.765801e-002
2.380792e+003;2.759313e-002
2.381275e+003;2.753705e-002
2.381757e+003;2.749133e-002
2.382239e+003;2.745855e-002
2.382721e+003;2.743906e-002
2.383203e+003;2.743228e-002
2.383685e+003;2.743508e-002
2.384167e+003;2.744168e-002
2.384650e+003;2.744698e-002
2.385132e+003;2.744637e-002
2.385614e+003;2.743779e-002
2.386096e+003;2.742288e-002
2.386578e+003;2.740439e-002
2.387060e+003;2.738759e-002
2.387542e+003;2.737485e-002
2.388025e+003;2.736705e-002
2.388507e+003;2.736144e-002
2.388989e+003;2.735477e-002
2.389471e+003;2.734168e-002
2.389953e+003;2.732037e-002
2.390435e+003;2.728969e-002
2.390917e+003;2.725209e-002
2.391400e+003;2.720960e-002
2.391882e+003;2.716424e-002
2.392364e+003;2.711707e-002
2.392846e+003;2.706768e-002
2.393328e+003;2.701494e-002
2.393810e+003;2.695860e-002
2.394292e+003;2.690078e-002
2.394774e+003;2.684349e-002
2.395257e+003;2.679075e-002
2.395739e+003;2.674434e-002
2.396221e+003;2.670492e-002
2.396703e+003;2.667208e-002
2.397185e+003;2.664232e-002
2.397667e+003;2.661271e-002
2.398149e+003;2.658179e-002
2.398632e+003;2.654914e-002
2.399114e+003;2.651607e-002
2.399596e+003;2.648389e-002
2.400078e+003;2.645348e-002
2.400560e+003;2.642575e-002
2.401042e+003;2.639916e-002
2.401524e+003;2.637165e-002
2.402007e+003;2.634168e-002
2.402489e+003;2.630885e-002
2.402971e+003;2.627354e-002
2.403453e+003;2.623725e-002
2.403935e+003;2.620249e-002
2.404417e+003;2.617107e-002
2.404899e+003;2.614584e-002
2.405382e+003;2.612902e-002
2.405864e+003;2.612248e-002
2.406346e+003;2.612878e-002
2.406828e+003;2.614816e-002
2.407310e+003;2.617924e-002
2.407792e+003;2.621754e-002
2.408274e+003;2.625740e-002
2.408757e+003;2.629122e-002
2.409239e+003;2.631269e-002
2.409721e+003;2.631746e-002
2.410203e+003;2.630570e-002
2.410685e+003;2.628073e-002
2.411167e+003;2.624921e-002
2.411649e+003;2.621652e-002
2.412131e+003;2.618841e-002
2.412614e+003;2.616545e-002
2.413096e+003;2.614526e-002
2.413578e+003;2.612433e-002
2.414060e+003;2.609740e-002
2.414542e+003;2.606219e-002
2.415024e+003;2.601808e-002
2.415506e+003;2.596740e-002
2.415989e+003;2.591589e-002
2.416471e+003;2.586788e-002
2.416953e+003;2.582733e-002
2.417435e+003;2.579701e-002
2.417917e+003;2.577810e-002
2.418399e+003;2.577002e-002
2.418881e+003;2.577253e-002
2.419364e+003;2.578465e-002
2.419846e+003;2.580532e-002
2.420328e+003;2.583199e-002
2.420810e+003;2.586180e-002
2.421292e+003;2.588858e-002
2.421774e+003;2.590788e-002
2.422256e+003;2.591394e-002
2.422739e+003;2.590347e-002
2.423221e+003;2.587677e-002
2.423703e+003;2.583682e-002
2.424185e+003;2.578903e-002
2.424667e+003;2.573916e-002
2.425149e+003;2.569282e-002
2.425631e+003;2.565304e-002
2.426114e+003;2.562026e-002
2.426595e+003;2.559157e-002
2.427078e+003;2.556402e-002
2.427560e+003;2.553457e-002
2.428042e+003;2.550107e-002
2.428524e+003;2.546426e-002
2.429006e+003;2.542578e-002
2.429488e+003;2.538951e-002
2.429970e+003;2.535769e-002
2.430453e+003;2.533261e-002
2.430935e+003;2.531453e-002
2.431417e+003;2.530215e-002
2.431899e+003;2.529355e-002
2.432381e+003;2.528560e-002
2.432863e+003;2.527559e-002
2.433345e+003;2.526078e-002
2.433828e+003;2.523993e-002
2.434310e+003;2.521238e-002
2.434792e+003;2.517755e-002
2.435274e+003;2.513734e-002
2.435756e+003;2.509306e-002
2.436238e+003;2.504951e-002
2.436720e+003;2.501056e-002
2.437203e+003;2.498120e-002
2.437685e+003;2.496588e-002
2.438167e+003;2.496693e-002
2.438649e+003;2.498245e-002
2.439131e+003;2.500874e-002
2.439613e+003;2.503703e-002
2.440095e+003;2.505878e-002
2.440578e+003;2.506506e-002
2.441060e+003;2.505212e-002
2.441542e+003;2.501922e-002
2.442024e+003;2.497188e-002
2.442506e+003;2.491782e-002
2.442988e+003;2.486763e-002
2.443470e+003;2.482853e-002
2.443952e+003;2.480541e-002
2.444435e+003;2.479737e-002
2.444917e+003;2.480102e-002
2.445399e+003;2.481047e-002
2.445881e+003;2.482100e-002
2.446363e+003;2.482971e-002
2.446845e+003;2.483676e-002
2.447327e+003;2.484389e-002
2.447810e+003;2.485327e-002
2.448292e+003;2.486564e-002
2.448774e+003;2.488109e-002
2.449256e+003;2.489737e-002
2.449738e+003;2.491266e-002
2.450220e+003;2.492470e-002
2.450702e+003;2.493319e-002
2.451185e+003;2.493651e-002
2.451667e+003;2.493518e-002
2.452149e+003;2.492686e-002
2.452631e+003;2.491021e-002
2.453113e+003;2.488374e-002
2.453595e+003;2.484802e-002
2.454077e+003;2.480463e-002
2.454560e+003;2.475806e-002
2.455042e+003;2.471272e-002
2.455524e+003;2.467220e-002
2.456006e+003;2.463615e-002
2.456488e+003;2.460134e-002
2.456970e+003;2.456193e-002
2.457452e+003;2.451118e-002
2.457935e+003;2.444590e-002
2.458417e+003;2.436594e-002
2.458899e+003;2.427662e-002
2.459381e+003;2.418510e-002
2.459863e+003;2.410005e-002
2.460345e+003;2.402640e-002
2.460827e+003;2.396631e-002
2.461310e+003;2.391780e-002
2.461792e+003;2.387819e-002
2.462274e+003;2.384474e-002
2.462756e+003;2.381695e-002
2.463238e+003;2.379625e-002
2.463720e+003;2.378588e-002
2.464202e+003;2.378803e-002
2.464684e+003;2.380320e-002
2.465167e+003;2.382715e-002
2.465649e+003;2.385353e-002
2.466131e+003;2.387550e-002
2.466613e+003;2.388493e-002
2.467095e+003;2.387764e-002
2.467577e+003;2.385230e-002
2.468059e+003;2.381055e-002
2.468542e+003;2.375666e-002
2.469024e+003;2.369623e-002
2.469506e+003;2.363569e-002
2.469988e+003;2.358149e-002
2.470470e+003;2.353606e-002
2.470952e+003;2.350190e-002
2.471434e+003;2.347711e-002
2.471917e+003;2.345817e-002
2.472399e+003;2.344031e-002
2.472881e+003;2.341858e-002
2.473363e+003;2.339023e-002
2.473845e+003;2.335567e-002
2.474327e+003;2.331916e-002
2.474809e+003;2.328558e-002
2.475292e+003;2.326095e-002
2.475774e+003;2.324888e-002
2.476256e+003;2.324855e-002
2.476738e+003;2.325568e-002
2.477220e+003;2.326431e-002
2.477702e+003;2.326851e-002
2.478184e+003;2.326414e-002
2.478667e+003;2.325138e-002
2.479148e+003;2.323265e-002
2.479631e+003;2.321349e-002
2.480113e+003;2.319760e-002
2.480595e+003;2.318725e-002
2.481077e+003;2.318151e-002
2.481559e+003;2.317702e-002
2.482041e+003;2.316884e-002
2.482523e+003;2.315375e-002
2.483006e+003;2.312967e-002
2.483488e+003;2.309768e-002
2.483970e+003;2.306130e-002
2.484452e+003;2.302423e-002
2.484934e+003;2.299186e-002
2.485416e+003;2.296755e-002
2.485898e+003;2.295147e-002
2.486381e+003;2.294347e-002
2.486863e+003;2.293984e-002
2.487345e+003;2.293595e-002
2.487827e+003;2.292709e-002
2.488309e+003;2.291031e-002
2.488791e+003;2.288409e-002
2.489273e+003;2.284969e-002
2.489756e+003;2.281073e-002
2.490238e+003;2.277065e-002
2.490720e+003;2.273249e-002
2.491202e+003;2.269846e-002
2.491684e+003;2.266761e-002
2.492166e+003;2.263826e-002
2.492648e+003;2.261009e-002
2.493131e+003;2.258359e-002
2.493613e+003;2.256214e-002
2.494095e+003;2.255039e-002
2.494577e+003;2.255348e-002
2.495059e+003;2.257431e-002
2.495541e+003;2.261126e-002
2.496023e+003;2.265709e-002
2.496505e+003;2.270158e-002
2.496988e+003;2.273292e-002
2.497470e+003;2.274035e-002
2.497952e+003;2.271829e-002
2.498434e+003;2.266764e-002
2.498916e+003;2.259483e-002
2.499398e+003;2.251134e-002
2.499880e+003;2.242968e-002
2.500363e+003;2.236135e-002
2.500845e+003;2.231382e-002
2.501327e+003;2.228876e-002
2.501809e+003;2.228299e-002
2.502291e+003;2.228889e-002
2.502773e+003;2.229649e-002
2.503255e+003;2.229748e-002
2.503738e+003;2.228484e-002
2.504220e+003;2.225695e-002
2.504702e+003;2.221719e-002
2.505184e+003;2.217165e-002
2.505666e+003;2.212898e-002
2.506148e+003;2.209705e-002
2.506630e+003;2.208070e-002
2.507113e+003;2.208190e-002
2.507595e+003;2.209768e-002
2.508077e+003;2.212347e-002
2.508559e+003;2.215351e-002
2.509041e+003;2.218305e-002
2.509523e+003;2.220827e-002
2.510005e+003;2.222722e-002
2.510488e+003;2.223972e-002
2.510969e+003;2.224485e-002
2.511452e+003;2.224173e-002
2.511934e+003;2.222995e-002
2.512416e+003;2.220932e-002
2.512898e+003;2.218087e-002
2.513380e+003;2.214722e-002
2.513862e+003;2.211253e-002
2.514344e+003;2.208081e-002
2.514827e+003;2.205605e-002
2.515309e+003;2.203911e-002
2.515791e+003;2.202938e-002
2.516273e+003;2.202450e-002
2.516755e+003;2.202081e-002
2.517237e+003;2.201533e-002
2.517719e+003;2.200644e-002
2.518202e+003;2.199388e-002
2.518684e+003;2.197910e-002
2.519166e+003;2.196261e-002
2.519648e+003;2.194603e-002
2.520130e+003;2.192808e-002
2.520612e+003;2.190723e-002
2.521094e+003;2.188074e-002
2.521577e+003;2.184657e-002
2.522059e+003;2.180505e-002
2.522541e+003;2.175798e-002
2.523023e+003;2.170952e-002
2.523505e+003;2.166642e-002
2.523987e+003;2.163525e-002
2.524469e+003;2.161976e-002
2.524952e+003;2.162056e-002
2.525434e+003;2.163459e-002
2.525916e+003;2.165656e-002
2.526398e+003;2.167846e-002
2.526880e+003;2.169421e-002
2.527362e+003;2.169988e-002
2.527844e+003;2.169497e-002
2.528326e+003;2.168184e-002
2.528809e+003;2.166316e-002
2.529291e+003;2.164344e-002
2.529773e+003;2.162423e-002
2.530255e+003;2.160587e-002
2.530737e+003;2.158818e-002
2.531219e+003;2.157099e-002
2.531701e+003;2.155508e-002
2.532184e+003;2.154139e-002
2.532666e+003;2.153171e-002
2.533148e+003;2.152622e-002
2.533630e+003;2.152399e-002
2.534112e+003;2.152243e-002
2.534594e+003;2.151899e-002
2.535076e+003;2.151246e-002
2.535559e+003;2.150353e-002
2.536041e+003;2.149546e-002
2.536523e+003;2.149123e-002
2.537005e+003;2.149308e-002
2.537487e+003;2.149974e-002
2.537969e+003;2.150691e-002
2.538451e+003;2.150731e-002
2.538934e+003;2.149467e-002
2.539416e+003;2.146563e-002
2.539898e+003;2.142131e-002
2.540380e+003;2.136745e-002
2.540862e+003;2.131150e-002
2.541344e+003;2.126207e-002
2.541826e+003;2.122455e-002
2.542309e+003;2.119929e-002
2.542791e+003;2.118502e-002
2.543273e+003;2.117941e-002
2.543755e+003;2.117948e-002
2.544237e+003;2.118529e-002
2.544719e+003;2.119730e-002
2.545201e+003;2.121825e-002
2.545683e+003;2.124833e-002
2.546166e+003;2.128503e-002
2.546648e+003;2.132476e-002
2.547130e+003;2.136236e-002
2.547612e+003;2.139282e-002
2.548094e+003;2.141434e-002
2.548576e+003;2.142700e-002
2.549058e+003;2.143123e-002
2.549541e+003;2.142882e-002
2.550023e+003;2.141969e-002
2.550505e+003;2.140324e-002
2.550987e+003;2.137816e-002
2.551469e+003;2.134436e-002
2.551951e+003;2.130461e-002
2.552433e+003;2.126260e-002
2.552916e+003;2.122436e-002
2.553398e+003;2.119439e-002
2.553880e+003;2.117485e-002
2.554362e+003;2.116470e-002
2.554844e+003;2.116119e-002
2.555326e+003;2.115974e-002
2.555808e+003;2.115735e-002
2.556291e+003;2.115348e-002
2.556773e+003;2.115074e-002
2.557255e+003;2.115308e-002
2.557737e+003;2.116389e-002
2.558219e+003;2.118525e-002
2.558701e+003;2.121525e-002
2.559183e+003;2.125011e-002
2.559666e+003;2.128480e-002
2.560147e+003;2.131406e-002
2.560630e+003;2.133598e-002
2.561112e+003;2.135020e-002
2.561594e+003;2.135829e-002
2.562076e+003;2.136352e-002
2.562558e+003;2.136771e-002
2.563040e+003;2.137113e-002
2.563522e+003;2.137212e-002
2.564005e+003;2.136713e-002
2.564487e+003;2.135330e-002
2.564969e+003;2.132795e-002
2.565451e+003;2.129124e-002
2.565933e+003;2.124558e-002
2.566415e+003;2.119722e-002
2.566897e+003;2.115059e-002
2.567380e+003;2.111182e-002
2.567862e+003;2.108448e-002
2.568344e+003;2.106970e-002
2.568826e+003;2.106724e-002
2.569308e+003;2.107380e-002
2.569790e+003;2.108773e-002
2.570272e+003;2.110636e-002
2.570755e+003;2.112933e-002
2.571237e+003;2.115664e-002
2.571719e+003;2.118805e-002
2.572201e+003;2.122338e-002
2.572683e+003;2.126142e-002
2.573165e+003;2.129842e-002
2.573647e+003;2.133110e-002
2.574130e+003;2.135631e-002
2.574612e+003;2.137178e-002
2.575094e+003;2.137640e-002
2.575576e+003;2.137178e-002
2.576058e+003;2.135925e-002
2.576540e+003;2.134063e-002
2.577022e+003;2.131651e-002
2.577504e+003;2.128864e-002
2.577987e+003;2.125771e-002
2.578469e+003;2.122625e-002
2.578951e+003;2.119722e-002
2.579433e+003;2.117470e-002
2.579915e+003;2.116289e-002
2.580397e+003;2.116432e-002
2.580879e+003;2.117890e-002
2.581362e+003;2.120491e-002
2.581844e+003;2.123773e-002
2.582326e+003;2.127126e-002
2.582808e+003;2.130052e-002
2.583290e+003;2.132186e-002
2.583772e+003;2.133386e-002
2.584254e+003;2.133776e-002
2.584737e+003;2.133598e-002
2.585219e+003;2.133263e-002
2.585701e+003;2.133154e-002
2.586183e+003;2.133595e-002
2.586665e+003;2.134718e-002
2.587147e+003;2.136593e-002
2.587629e+003;2.139053e-002
2.588112e+003;2.141943e-002
2.588594e+003;2.144851e-002
2.589076e+003;2.147453e-002
2.589558e+003;2.149401e-002
2.590040e+003;2.150370e-002
2.590522e+003;2.150263e-002
2.591004e+003;2.149184e-002
2.591487e+003;2.147370e-002
2.591969e+003;2.145301e-002
2.592451e+003;2.143424e-002
2.592933e+003;2.142229e-002
2.593415e+003;2.142145e-002
2.593897e+003;2.143245e-002
2.594379e+003;2.145456e-002
2.594861e+003;2.148353e-002
2.595344e+003;2.151539e-002
2.595826e+003;2.154543e-002
2.596308e+003;2.156968e-002
2.596790e+003;2.158658e-002
2.597272e+003;2.159717e-002
2.597754e+003;2.160232e-002
2.598236e+003;2.160457e-002
2.598719e+003;2.160560e-002
2.599201e+003;2.160662e-002
2.599683e+003;2.160756e-002
2.600165e+003;2.160761e-002
2.600647e+003;2.160801e-002
2.601129e+003;2.161035e-002
2.601611e+003;2.161752e-002
2.602094e+003;2.163269e-002
2.602576e+003;2.165744e-002
2.603058e+003;2.169144e-002
2.603540e+003;2.173239e-002
2.604022e+003;2.177458e-002
2.604504e+003;2.181249e-002
2.604986e+003;2.184143e-002
2.605469e+003;2.185867e-002
2.605951e+003;2.186545e-002
2.606433e+003;2.186526e-002
2.606915e+003;2.186385e-002
2.607397e+003;2.186569e-002
2.607879e+003;2.187370e-002
2.608361e+003;2.188867e-002
2.608844e+003;2.190876e-002
2.609325e+003;2.193131e-002
2.609808e+003;2.195309e-002
2.610290e+003;2.197249e-002
2.610772e+003;2.198907e-002
2.611254e+003;2.200354e-002
2.611736e+003;2.201678e-002
2.612218e+003;2.203002e-002
2.612700e+003;2.204371e-002
2.613183e+003;2.205731e-002
2.613665e+003;2.207056e-002
2.614147e+003;2.208259e-002
2.614629e+003;2.209399e-002
2.615111e+003;2.210548e-002
2.615593e+003;2.211866e-002
2.616075e+003;2.213600e-002
2.616558e+003;2.215979e-002
2.617040e+003;2.219119e-002
2.617522e+003;2.223039e-002
2.618004e+003;2.227589e-002
2.618486e+003;2.232441e-002
2.618968e+003;2.237197e-002
2.619450e+003;2.241406e-002
2.619933e+003;2.244661e-002
2.620415e+003;2.246819e-002
2.620897e+003;2.247834e-002
2.621379e+003;2.248026e-002
2.621861e+003;2.247899e-002
2.622343e+003;2.247923e-002
2.622825e+003;2.248531e-002
2.623308e+003;2.250000e-002
2.623790e+003;2.252204e-002
2.624272e+003;2.254906e-002
2.624754e+003;2.257662e-002
2.625236e+003;2.260100e-002
2.625718e+003;2.261944e-002
2.626200e+003;2.263176e-002
2.626682e+003;2.263982e-002
2.627165e+003;2.264743e-002
2.627647e+003;2.265763e-002
2.628129e+003;2.267378e-002
2.628611e+003;2.269616e-002
2.629093e+003;2.272378e-002
2.629575e+003;2.275425e-002
2.630057e+003;2.278598e-002
2.630540e+003;2.281683e-002
2.631022e+003;2.284708e-002
2.631504e+003;2.287804e-002
2.631986e+003;2.291195e-002
2.632468e+003;2.294916e-002
2.632950e+003;2.298986e-002
2.633432e+003;2.303217e-002
2.633915e+003;2.307272e-002
2.634397e+003;2.310803e-002
2.634879e+003;2.313515e-002
2.635361e+003;2.315346e-002
2.635843e+003;2.316465e-002
2.636325e+003;2.317201e-002
2.636807e+003;2.317990e-002
2.637290e+003;2.319234e-002
2.637772e+003;2.321237e-002
2.638254e+003;2.324025e-002
2.638736e+003;2.327484e-002
2.639218e+003;2.331318e-002
2.639700e+003;2.335216e-002
2.640182e+003;2.338875e-002
2.640665e+003;2.342097e-002
2.641146e+003;2.344829e-002
2.641629e+003;2.347106e-002
2.642111e+003;2.349080e-002
2.642593e+003;2.350876e-002
2.643075e+003;2.352664e-002
2.643557e+003;2.354453e-002
2.644039e+003;2.356223e-002
2.644521e+003;2.357896e-002
2.645004e+003;2.359337e-002
2.645486e+003;2.360429e-002
2.645968e+003;2.361083e-002
2.646450e+003;2.361361e-002
2.646932e+003;2.361415e-002
2.647414e+003;2.361433e-002
2.647896e+003;2.361622e-002
2.648379e+003;2.362150e-002
2.648861e+003;2.363028e-002
2.649343e+003;2.364238e-002
2.649825e+003;2.365725e-002
2.650307e+003;2.367312e-002
2.650789e+003;2.368908e-002
2.651271e+003;2.370550e-002
2.651754e+003;2.372237e-002
2.652236e+003;2.374032e-002
2.652718e+003;2.375989e-002
2.653200e+003;2.377973e-002
2.653682e+003;2.379922e-002
2.654164e+003;2.381540e-002
2.654646e+003;2.382637e-002
2.655129e+003;2.383150e-002
2.655611e+003;2.382918e-002
2.656093e+003;2.382030e-002
2.656575e+003;2.380495e-002
2.657057e+003;2.378482e-002
2.657539e+003;2.376064e-002
2.658021e+003;2.373367e-002
2.658503e+003;2.370542e-002
2.658986e+003;2.367753e-002
2.659468e+003;2.365169e-002
2.659950e+003;2.362980e-002
2.660432e+003;2.361276e-002
2.660914e+003;2.359959e-002
2.661396e+003;2.358856e-002
2.661878e+003;2.357546e-002
2.662361e+003;2.355623e-002
2.662843e+003;2.352763e-002
2.663325e+003;2.348749e-002
2.663807e+003;2.343680e-002
2.664289e+003;2.337861e-002
2.664771e+003;2.331879e-002
2.665253e+003;2.326417e-002
2.665736e+003;2.322160e-002
2.666218e+003;2.319660e-002
2.666700e+003;2.319169e-002
2.667182e+003;2.320670e-002
2.667664e+003;2.323759e-002
2.668146e+003;2.327958e-002
2.668628e+003;2.332647e-002
2.669111e+003;2.337228e-002
2.669593e+003;2.341315e-002
2.670075e+003;2.344762e-002
2.670557e+003;2.347714e-002
2.671039e+003;2.350395e-002
2.671521e+003;2.353195e-002
2.672003e+003;2.356330e-002
2.672486e+003;2.360009e-002
2.672968e+003;2.364194e-002
2.673450e+003;2.368689e-002
2.673932e+003;2.373203e-002
2.674414e+003;2.377458e-002
2.674896e+003;2.381233e-002
2.675378e+003;2.384431e-002
2.675860e+003;2.386987e-002
2.676343e+003;2.388957e-002
2.676825e+003;2.390491e-002
2.677307e+003;2.391601e-002
2.677789e+003;2.392512e-002
2.678271e+003;2.393323e-002
2.678753e+003;2.394216e-002
2.679235e+003;2.395372e-002
2.679718e+003;2.396999e-002
2.680200e+003;2.399198e-002
2.680682e+003;2.402042e-002
2.681164e+003;2.405557e-002
2.681646e+003;2.409654e-002
2.682128e+003;2.414107e-002
2.682610e+003;2.418679e-002
2.683093e+003;2.423053e-002
2.683575e+003;2.426884e-002
2.684057e+003;2.429990e-002
2.684539e+003;2.432179e-002
2.685021e+003;2.433443e-002
2.685503e+003;2.434025e-002
2.685985e+003;2.434335e-002
2.686468e+003;2.434781e-002
2.686950e+003;2.435854e-002
2.687432e+003;2.437928e-002
2.687914e+003;2.441185e-002
2.688396e+003;2.445698e-002
2.688878e+003;2.451222e-002
2.689360e+003;2.457549e-002
2.689843e+003;2.464252e-002
2.690324e+003;2.470994e-002
2.690807e+003;2.477502e-002
2.691289e+003;2.483529e-002
2.691771e+003;2.488940e-002
2.692253e+003;2.493678e-002
2.692735e+003;2.497752e-002
2.693217e+003;2.501244e-002
2.693699e+003;2.504363e-002
2.694182e+003;2.507301e-002
2.694664e+003;2.510259e-002
2.695146e+003;2.513381e-002
2.695628e+003;2.516678e-002
2.696110e+003;2.520131e-002
2.696592e+003;2.523585e-002
2.697074e+003;2.526867e-002
2.697557e+003;2.529931e-002
2.698039e+003;2.532767e-002
2.698521e+003;2.535413e-002
2.699003e+003;2.538013e-002
2.699485e+003;2.540733e-002
2.699967e+003;2.543711e-002
2.700449e+003;2.546999e-002
2.700932e+003;2.550664e-002
2.701414e+003;2.554651e-002
2.701896e+003;2.558876e-002
2.702378e+003;2.563195e-002
2.702860e+003;2.567405e-002
2.703342e+003;2.571351e-002
2.703824e+003;2.574979e-002
2.704307e+003;2.578194e-002
2.704789e+003;2.581146e-002
2.705271e+003;2.584089e-002
2.705753e+003;2.587244e-002
2.706235e+003;2.590969e-002
2.706717e+003;2.595382e-002
2.707199e+003;2.600438e-002
2.707681e+003;2.606038e-002
2.708164e+003;2.611732e-002
2.708646e+003;2.617207e-002
2.709128e+003;2.622161e-002
2.709610e+003;2.626511e-002
2.710092e+003;2.630312e-002
2.710574e+003;2.633765e-002
2.711056e+003;2.637200e-002
2.711539e+003;2.640848e-002
2.712021e+003;2.644911e-002
2.712503e+003;2.649481e-002
2.712985e+003;2.654512e-002
2.713467e+003;2.659904e-002
2.713949e+003;2.665564e-002
2.714431e+003;2.671244e-002
2.714914e+003;2.676826e-002
2.715396e+003;2.682106e-002
2.715878e+003;2.686937e-002
2.716360e+003;2.691234e-002
2.716842e+003;2.694927e-002
2.717324e+003;2.698104e-002
2.717806e+003;2.700904e-002
2.718289e+003;2.703485e-002
2.718771e+003;2.706002e-002
2.719253e+003;2.708583e-002
2.719735e+003;2.711276e-002
2.720217e+003;2.714108e-002
2.720699e+003;2.717108e-002
2.721181e+003;2.720284e-002
2.721664e+003;2.723709e-002
2.722146e+003;2.727514e-002
2.722628e+003;2.731691e-002
2.723110e+003;2.736246e-002
2.723592e+003;2.741127e-002
2.724074e+003;2.746296e-002
2.724556e+003;2.751707e-002
2.725038e+003;2.757341e-002
2.725521e+003;2.763273e-002
2.726003e+003;2.769541e-002
2.726485e+003;2.776088e-002
2.726967e+003;2.782832e-002
2.727449e+003;2.789570e-002
2.727931e+003;2.795986e-002
2.728413e+003;2.801886e-002
2.728896e+003;2.807103e-002
2.729378e+003;2.811664e-002
2.729860e+003;2.815736e-002
2.730342e+003;2.819578e-002
2.730824e+003;2.823476e-002
2.731306e+003;2.827589e-002
2.731788e+003;2.831991e-002
2.732271e+003;2.836682e-002
2.732753e+003;2.841504e-002
2.733235e+003;2.846374e-002
2.733717e+003;2.851209e-002
2.734199e+003;2.856073e-002
2.734681e+003;2.861032e-002
2.735163e+003;2.866114e-002
2.735646e+003;2.871373e-002
2.736128e+003;2.876793e-002
2.736610e+003;2.882233e-002
2.737092e+003;2.887600e-002
2.737574e+003;2.892775e-002
2.738056e+003;2.897699e-002
2.738538e+003;2.902403e-002
2.739021e+003;2.906960e-002
2.739502e+003;2.911629e-002
2.739985e+003;2.916607e-002
2.740467e+003;2.921968e-002
2.740949e+003;2.927947e-002
2.741431e+003;2.934373e-002
2.741913e+003;2.941184e-002
2.742395e+003;2.948221e-002
2.742877e+003;2.955261e-002
2.743360e+003;2.962126e-002
2.743842e+003;2.968761e-002
2.744324e+003;2.975128e-002
2.744806e+003;2.981274e-002
2.745288e+003;2.987300e-002
2.745770e+003;2.993292e-002
2.746252e+003;2.999266e-002
2.746735e+003;3.005281e-002
2.747217e+003;3.011307e-002
2.747699e+003;3.017428e-002
2.748181e+003;3.023589e-002
2.748663e+003;3.029902e-002
2.749145e+003;3.036273e-002
2.749627e+003;3.042656e-002
2.750110e+003;3.048966e-002
2.750592e+003;3.055111e-002
2.751074e+003;3.061023e-002
2.751556e+003;3.066704e-002
2.752038e+003;3.072200e-002
2.752520e+003;3.077661e-002
2.753002e+003;3.083198e-002
2.753485e+003;3.088878e-002
2.753967e+003;3.094718e-002
2.754449e+003;3.100665e-002
2.754931e+003;3.106688e-002
2.755413e+003;3.112732e-002
2.755895e+003;3.118825e-002
2.756377e+003;3.125060e-002
2.756859e+003;3.131570e-002
2.757342e+003;3.138420e-002
2.757824e+003;3.145611e-002
2.758306e+003;3.153029e-002
2.758788e+003;3.160422e-002
2.759270e+003;3.167630e-002
2.759752e+003;3.174446e-002
2.760234e+003;3.180861e-002
2.760717e+003;3.186958e-002
2.761199e+003;3.192927e-002
2.761681e+003;3.199029e-002
2.762163e+003;3.205434e-002
2.762645e+003;3.212312e-002
2.763127e+003;3.219691e-002
2.763609e+003;3.227486e-002
2.764092e+003;3.235528e-002
2.764574e+003;3.243603e-002
2.765056e+003;3.251464e-002
2.765538e+003;3.258922e-002
2.766020e+003;3.265931e-002
2.766502e+003;3.272539e-002
2.766984e+003;3.278913e-002
2.767467e+003;3.285393e-002
2.767949e+003;3.292290e-002
2.768431e+003;3.299736e-002
2.768913e+003;3.307855e-002
2.769395e+003;3.316411e-002
2.769877e+003;3.325092e-002
2.770359e+003;3.333608e-002
2.770841e+003;3.341711e-002
2.771323e+003;3.349392e-002
2.771806e+003;3.356869e-002
2.772288e+003;3.364395e-002
2.772770e+003;3.372331e-002
2.773252e+003;3.380875e-002
2.773734e+003;3.389979e-002
2.774216e+003;3.399389e-002
2.774698e+003;3.408832e-002
2.775181e+003;3.418136e-002
2.775663e+003;3.427151e-002
2.776145e+003;3.436018e-002
2.776627e+003;3.445002e-002
2.777109e+003;3.454321e-002
2.777591e+003;3.464079e-002
2.778073e+003;3.474230e-002
2.778556e+003;3.484536e-002
2.779038e+003;3.494694e-002
2.779520e+003;3.504459e-002
2.780002e+003;3.513658e-002
2.780484e+003;3.522331e-002
2.780966e+003;3.530664e-002
2.781448e+003;3.538811e-002
2.781931e+003;3.547009e-002
2.782413e+003;3.555399e-002
2.782895e+003;3.564068e-002
2.783377e+003;3.573063e-002
2.783859e+003;3.582414e-002
2.784341e+003;3.592234e-002
2.784823e+003;3.602523e-002
2.785305e+003;3.613216e-002
2.785788e+003;3.624246e-002
2.786270e+003;3.635357e-002
2.786752e+003;3.646377e-002
2.787234e+003;3.657069e-002
2.787716e+003;3.667422e-002
2.788198e+003;3.677417e-002
2.788680e+003;3.687216e-002
2.789163e+003;3.696943e-002
2.789645e+003;3.706627e-002
2.790127e+003;3.716256e-002
2.790609e+003;3.725670e-002
2.791091e+003;3.734735e-002
2.791573e+003;3.743355e-002
2.792055e+003;3.751529e-002
2.792538e+003;3.759469e-002
2.793020e+003;3.767478e-002
2.793502e+003;3.775872e-002
2.793984e+003;3.785024e-002
2.794466e+003;3.795039e-002
2.794948e+003;3.806004e-002
2.795430e+003;3.817777e-002
2.795913e+003;3.830184e-002
2.796395e+003;3.842971e-002
2.796877e+003;3.855848e-002
2.797359e+003;3.868560e-002
2.797841e+003;3.880941e-002
2.798323e+003;3.892878e-002
2.798805e+003;3.904350e-002
2.799288e+003;3.915406e-002
2.799770e+003;3.926188e-002
2.800252e+003;3.936812e-002
2.800734e+003;3.947372e-002
2.801216e+003;3.957870e-002
2.801698e+003;3.968314e-002
2.802180e+003;3.978590e-002
2.802662e+003;3.988611e-002
2.803145e+003;3.998367e-002
2.803627e+003;4.007915e-002
2.804109e+003;4.017545e-002
2.804591e+003;4.027485e-002
2.805073e+003;4.038073e-002
2.805555e+003;4.049529e-002
2.806037e+003;4.061913e-002
2.806520e+003;4.075111e-002
2.807002e+003;4.088871e-002
2.807484e+003;4.102936e-002
2.807966e+003;4.117007e-002
2.808448e+003;4.130785e-002
2.808930e+003;4.144184e-002
2.809412e+003;4.157165e-002
2.809895e+003;4.169747e-002
2.810377e+003;4.182094e-002
2.810859e+003;4.194262e-002
2.811341e+003;4.206483e-002
2.811823e+003;4.218931e-002
2.812305e+003;4.231713e-002
2.812787e+003;4.244982e-002
2.813270e+003;4.258768e-002
2.813752e+003;4.273082e-002
2.814234e+003;4.287816e-002
2.814716e+003;4.302770e-002
2.815198e+003;4.317866e-002
2.815680e+003;4.332824e-002
2.816162e+003;4.347584e-002
2.816645e+003;4.362139e-002
2.817126e+003;4.376496e-002
2.817609e+003;4.390743e-002
2.818091e+003;4.404901e-002
2.818573e+003;4.419035e-002
2.819055e+003;4.433175e-002
2.819537e+003;4.447291e-002
2.820019e+003;4.461434e-002
2.820501e+003;4.475572e-002
2.820984e+003;4.489775e-002
2.821466e+003;4.503975e-002
2.821948e+003;4.518200e-002
2.822430e+003;4.532382e-002
2.822912e+003;4.546434e-002
2.823394e+003;4.560367e-002
2.823876e+003;4.574149e-002
2.824359e+003;4.587937e-002
2.824841e+003;4.601907e-002
2.825323e+003;4.616203e-002
2.825805e+003;4.630991e-002
2.826287e+003;4.646262e-002
2.826769e+003;4.661880e-002
2.827251e+003;4.677486e-002
2.827734e+003;4.692641e-002
2.828216e+003;4.707004e-002
2.828698e+003;4.720370e-002
2.829180e+003;4.732787e-002
2.829662e+003;4.744625e-002
2.830144e+003;4.756398e-002
2.830626e+003;4.768772e-002
2.831109e+003;4.782281e-002
2.831591e+003;4.797192e-002
2.832073e+003;4.813601e-002
2.832555e+003;4.831199e-002
2.833037e+003;4.849508e-002
2.833519e+003;4.868069e-002
2.834001e+003;4.886387e-002
2.834483e+003;4.904310e-002
2.834966e+003;4.921734e-002
2.835448e+003;4.938842e-002
2.835930e+003;4.955881e-002
2.836412e+003;4.973143e-002
2.836894e+003;4.990715e-002
2.837376e+003;5.008667e-002
2.837858e+003;5.026951e-002
2.838341e+003;5.045351e-002
2.838823e+003;5.063780e-002
2.839305e+003;5.082011e-002
2.839787e+003;5.100015e-002
2.840269e+003;5.117752e-002
2.840751e+003;5.135193e-002
2.841233e+003;5.152327e-002
2.841716e+003;5.169117e-002
2.842198e+003;5.185452e-002
2.842680e+003;5.201194e-002
2.843162e+003;5.216295e-002
2.843644e+003;5.230705e-002
2.844126e+003;5.244591e-002
2.844608e+003;5.258165e-002
2.845091e+003;5.271767e-002
2.845573e+003;5.285708e-002
2.846055e+003;5.300255e-002
2.846537e+003;5.315626e-002
2.847019e+003;5.331900e-002
2.847501e+003;5.349166e-002
2.847983e+003;5.367474e-002
2.848466e+003;5.386915e-002
2.848948e+003;5.407568e-002
2.849430e+003;5.429573e-002
2.849912e+003;5.452860e-002
2.850394e+003;5.477275e-002
2.850876e+003;5.502315e-002
2.851358e+003;5.527535e-002
2.851840e+003;5.552384e-002
2.852323e+003;5.576434e-002
2.852805e+003;5.599586e-002
2.853287e+003;5.621910e-002
2.853769e+003;5.643709e-002
2.854251e+003;5.665391e-002
2.854733e+003;5.687131e-002
2.855215e+003;5.708943e-002
2.855698e+003;5.730665e-002
2.856180e+003;5.752002e-002
2.856662e+003;5.772695e-002
2.857144e+003;5.792724e-002
2.857626e+003;5.812333e-002
2.858108e+003;5.832002e-002
2.858590e+003;5.852267e-002
2.859073e+003;5.873662e-002
2.859555e+003;5.896440e-002
2.860037e+003;5.920561e-002
2.860519e+003;5.945776e-002
2.861001e+003;5.971692e-002
2.861483e+003;5.997968e-002
2.861965e+003;6.024299e-002
2.862448e+003;6.050524e-002
2.862930e+003;6.076663e-002
2.863412e+003;6.102556e-002
2.863894e+003;6.128123e-002
2.864376e+003;6.153106e-002
2.864858e+003;6.177293e-002
2.865340e+003;6.200544e-002
2.865823e+003;6.222958e-002
2.866304e+003;6.244773e-002
2.866787e+003;6.266420e-002
2.867269e+003;6.288446e-002
2.867751e+003;6.311273e-002
2.868233e+003;6.335300e-002
2.868715e+003;6.360690e-002
2.869197e+003;6.387524e-002
2.869679e+003;6.415594e-002
2.870162e+003;6.444699e-002
2.870644e+003;6.474552e-002
2.871126e+003;6.504742e-002
2.871608e+003;6.534809e-002
2.872090e+003;6.564269e-002
2.872572e+003;6.592751e-002
2.873054e+003;6.620014e-002
2.873537e+003;6.645907e-002
2.874019e+003;6.670557e-002
2.874501e+003;6.694244e-002
2.874983e+003;6.717309e-002
2.875465e+003;6.740054e-002
2.875947e+003;6.762780e-002
2.876429e+003;6.785648e-002
2.876912e+003;6.808818e-002
2.877394e+003;6.832372e-002
2.877876e+003;6.856322e-002
2.878358e+003;6.880764e-002
2.878840e+003;6.905715e-002
2.879322e+003;6.931072e-002
2.879804e+003;6.956712e-002
2.880287e+003;6.982448e-002
2.880769e+003;7.008185e-002
2.881251e+003;7.033866e-002
2.881733e+003;7.059477e-002
2.882215e+003;7.085143e-002
2.882697e+003;7.110965e-002
2.883179e+003;7.136960e-002
2.883661e+003;7.163038e-002
2.884144e+003;7.189090e-002
2.884626e+003;7.214993e-002
2.885108e+003;7.240687e-002
2.885590e+003;7.266282e-002
2.886072e+003;7.291991e-002
2.886554e+003;7.318027e-002
2.887036e+003;7.344524e-002
2.887519e+003;7.371348e-002
2.888001e+003;7.398298e-002
2.888483e+003;7.424927e-002
2.888965e+003;7.450939e-002
2.889447e+003;7.476171e-002
2.889929e+003;7.500675e-002
2.890411e+003;7.524844e-002
2.890894e+003;7.549026e-002
2.891376e+003;7.573606e-002
2.891858e+003;7.598687e-002
2.892340e+003;7.624064e-002
2.892822e+003;7.649517e-002
2.893304e+003;7.674574e-002
2.893786e+003;7.698961e-002
2.894269e+003;7.722666e-002
2.894751e+003;7.745893e-002
2.895233e+003;7.769050e-002
2.895715e+003;7.792615e-002
2.896197e+003;7.817204e-002
2.896679e+003;7.843387e-002
2.897161e+003;7.871668e-002
2.897644e+003;7.902520e-002
2.898125e+003;7.936478e-002
2.898608e+003;7.973677e-002
2.899090e+003;8.014072e-002
2.899572e+003;8.057176e-002
2.900054e+003;8.102122e-002
2.900536e+003;8.147610e-002
2.901018e+003;8.192296e-002
2.901500e+003;8.235012e-002
2.901983e+003;8.275002e-002
2.902465e+003;8.312038e-002
2.902947e+003;8.346476e-002
2.903429e+003;8.378857e-002
2.903911e+003;8.410102e-002
2.904393e+003;8.440944e-002
2.904875e+003;8.471904e-002
2.905358e+003;8.503243e-002
2.905840e+003;8.535103e-002
2.906322e+003;8.567321e-002
2.906804e+003;8.599678e-002
2.907286e+003;8.632056e-002
2.907768e+003;8.664120e-002
2.908250e+003;8.695696e-002
2.908733e+003;8.726516e-002
2.909215e+003;8.756411e-002
2.909697e+003;8.785278e-002
2.910179e+003;8.813063e-002
2.910661e+003;8.839934e-002
2.911143e+003;8.866104e-002
2.911625e+003;8.891903e-002
2.912108e+003;8.917715e-002
2.912590e+003;8.943965e-002
2.913072e+003;8.970889e-002
2.913554e+003;8.998804e-002
2.914036e+003;9.027821e-002
2.914518e+003;9.058056e-002
2.915000e+003;9.089510e-002
2.915482e+003;9.122217e-002
2.915965e+003;9.156200e-002
2.916447e+003;9.191510e-002
2.916929e+003;9.228285e-002
2.917411e+003;9.266622e-002
2.917893e+003;9.306677e-002
2.918375e+003;9.348390e-002
2.918857e+003;9.391641e-002
2.919340e+003;9.436116e-002
2.919822e+003;9.481330e-002
2.920304e+003;9.526761e-002
2.920786e+003;9.571970e-002
2.921268e+003;9.616657e-002
2.921750e+003;9.660639e-002
2.922232e+003;9.704118e-002
2.922715e+003;9.747311e-002
2.923197e+003;9.790635e-002
2.923679e+003;9.834459e-002
2.924161e+003;9.879126e-002
2.924643e+003;9.924839e-002
2.925125e+003;9.971683e-002
2.925607e+003;1.001955e-001
2.926090e+003;1.006828e-001
2.926572e+003;1.011747e-001
2.927054e+003;1.016677e-001
2.927536e+003;1.021574e-001
2.928018e+003;1.026401e-001
2.928500e+003;1.031135e-001
2.928982e+003;1.035769e-001
2.929465e+003;1.040310e-001
2.929947e+003;1.044793e-001
2.930429e+003;1.049254e-001
2.930911e+003;1.053731e-001
2.931393e+003;1.058265e-001
2.931875e+003;1.062871e-001
2.932357e+003;1.067563e-001
2.932839e+003;1.072346e-001
2.933322e+003;1.077204e-001
2.933804e+003;1.082133e-001
2.934286e+003;1.087123e-001
2.934768e+003;1.092172e-001
2.935250e+003;1.097277e-001
2.935732e+003;1.102428e-001
2.936214e+003;1.107620e-001
2.936697e+003;1.112828e-001
2.937179e+003;1.118002e-001
2.937661e+003;1.123102e-001
2.938143e+003;1.128069e-001
2.938625e+003;1.132865e-001
2.939107e+003;1.137468e-001
2.939589e+003;1.141889e-001
2.940072e+003;1.146163e-001
2.940554e+003;1.150349e-001
2.941036e+003;1.154494e-001
2.941518e+003;1.158643e-001
2.942000e+003;1.162802e-001
2.942482e+003;1.166955e-001
2.942964e+003;1.171076e-001
2.943447e+003;1.175138e-001
2.943929e+003;1.179142e-001
2.944411e+003;1.183140e-001
2.944893e+003;1.187215e-001
2.945375e+003;1.191482e-001
2.945857e+003;1.196057e-001
2.946339e+003;1.201016e-001
2.946822e+003;1.206374e-001
2.947303e+003;1.212063e-001
2.947786e+003;1.217953e-001
2.948268e+003;1.223880e-001
2.948750e+003;1.229675e-001
2.949232e+003;1.235211e-001
2.949714e+003;1.240417e-001
2.950196e+003;1.245306e-001
2.950678e+003;1.249926e-001
2.951161e+003;1.254366e-001
2.951643e+003;1.258710e-001
2.952125e+003;1.263031e-001
2.952607e+003;1.267373e-001
2.953089e+003;1.271757e-001
2.953571e+003;1.276203e-001
2.954053e+003;1.280723e-001
2.954536e+003;1.285340e-001
2.955018e+003;1.290076e-001
2.955500e+003;1.294959e-001
2.955982e+003;1.299995e-001
2.956464e+003;1.305182e-001
2.956946e+003;1.310483e-001
2.957428e+003;1.315866e-001
2.957911e+003;1.321292e-001
2.958393e+003;1.326738e-001
2.958875e+003;1.332199e-001
2.959357e+003;1.337685e-001
2.959839e+003;1.343225e-001
2.960321e+003;1.348843e-001
2.960803e+003;1.354550e-001
2.961286e+003;1.360353e-001
2.961768e+003;1.366237e-001
2.962250e+003;1.372175e-001
2.962732e+003;1.378137e-001
2.963214e+003;1.384089e-001
2.963696e+003;1.390024e-001
2.964178e+003;1.395929e-001
2.964660e+003;1.401806e-001
2.965143e+003;1.407669e-001
2.965625e+003;1.413539e-001
2.966107e+003;1.419437e-001
2.966589e+003;1.425387e-001
2.967071e+003;1.431413e-001
2.967553e+003;1.437525e-001
2.968035e+003;1.443723e-001
2.968518e+003;1.450006e-001
2.969000e+003;1.456366e-001
2.969482e+003;1.462789e-001
2.969964e+003;1.469270e-001
2.970446e+003;1.475805e-001
2.970928e+003;1.482386e-001
2.971410e+003;1.489011e-001
2.971893e+003;1.495671e-001
2.972375e+003;1.502347e-001
2.972857e+003;1.509022e-001
2.973339e+003;1.515686e-001
2.973821e+003;1.522339e-001
2.974303e+003;1.528996e-001
2.974785e+003;1.535685e-001
2.975268e+003;1.542442e-001
2.975750e+003;1.549285e-001
2.976232e+003;1.556219e-001
2.976714e+003;1.563230e-001
2.977196e+003;1.570290e-001
2.977678e+003;1.577358e-001
2.978160e+003;1.584418e-001
2.978643e+003;1.591458e-001
2.979125e+003;1.598497e-001
2.979607e+003;1.605557e-001
2.980089e+003;1.612670e-001
2.980571e+003;1.619846e-001
2.981053e+003;1.627099e-001
2.981535e+003;1.634407e-001
2.982017e+003;1.641755e-001
2.982500e+003;1.649124e-001
2.982982e+003;1.656503e-001
2.983464e+003;1.663891e-001
2.983946e+003;1.671284e-001
2.984428e+003;1.678687e-001
2.984910e+003;1.686092e-001
2.985392e+003;1.693494e-001
2.985875e+003;1.700898e-001
2.986357e+003;1.708320e-001
2.986839e+003;1.715795e-001
2.987321e+003;1.723375e-001
2.987803e+003;1.731107e-001
2.988285e+003;1.739016e-001
2.988767e+003;1.747106e-001
2.989250e+003;1.755341e-001
2.989732e+003;1.763658e-001
2.990214e+003;1.771992e-001
2.990696e+003;1.780278e-001
2.991178e+003;1.788488e-001
2.991660e+003;1.796621e-001
2.992142e+003;1.804704e-001
2.992625e+003;1.812770e-001
2.993107e+003;1.820862e-001
2.993589e+003;1.829005e-001
2.994071e+003;1.837211e-001
2.994553e+003;1.845492e-001
2.995035e+003;1.853831e-001
2.995517e+003;1.862234e-001
2.996000e+003;1.870697e-001
2.996481e+003;1.879214e-001
2.996964e+003;1.887784e-001
2.997446e+003;1.896400e-001
2.997928e+003;1.905060e-001
2.998410e+003;1.913781e-001
2.998892e+003;1.922576e-001
2.999374e+003;1.931482e-001
2.999856e+003;1.940531e-001
3.000339e+003;1.949752e-001
3.000821e+003;1.959132e-001
3.001303e+003;1.968644e-001
3.001785e+003;1.978230e-001
3.002267e+003;1.987828e-001
3.002749e+003;1.997379e-001
3.003231e+003;2.006849e-001
3.003714e+003;2.016226e-001
3.004196e+003;2.025545e-001
3.004678e+003;2.034838e-001
3.005160e+003;2.044158e-001
3.005642e+003;2.053528e-001
3.006124e+003;2.062974e-001
3.006606e+003;2.072506e-001
3.007089e+003;2.082129e-001
3.007571e+003;2.091861e-001
3.008053e+003;2.101727e-001
3.008535e+003;2.111745e-001
3.009017e+003;2.121917e-001
3.009499e+003;2.132221e-001
3.009981e+003;2.142620e-001
3.010464e+003;2.153033e-001
3.010946e+003;2.163401e-001
3.011428e+003;2.173662e-001
3.011910e+003;2.183803e-001
3.012392e+003;2.193851e-001
3.012874e+003;2.203872e-001
3.013356e+003;2.213955e-001
3.013838e+003;2.224194e-001
3.014321e+003;2.234646e-001
3.014803e+003;2.245343e-001
3.015285e+003;2.256262e-001
3.015767e+003;2.267353e-001
3.016249e+003;2.278538e-001
3.016731e+003;2.289744e-001
3.017213e+003;2.300919e-001
3.017696e+003;2.312050e-001
3.018178e+003;2.323153e-001
3.018660e+003;2.334261e-001
3.019142e+003;2.345421e-001
3.019624e+003;2.356677e-001
3.020106e+003;2.368031e-001
3.020588e+003;2.379477e-001
3.021071e+003;2.390987e-001
3.021553e+003;2.402534e-001
3.022035e+003;2.414101e-001
3.022517e+003;2.425700e-001
3.022999e+003;2.437350e-001
3.023481e+003;2.449084e-001
3.023963e+003;2.460906e-001
3.024446e+003;2.472793e-001
3.024928e+003;2.484684e-001
3.025410e+003;2.496509e-001
3.025892e+003;2.508201e-001
3.026374e+003;2.519734e-001
3.026856e+003;2.531146e-001
3.027338e+003;2.542542e-001
3.027821e+003;2.554055e-001
3.028302e+003;2.565825e-001
3.028785e+003;2.577951e-001
3.029267e+003;2.590462e-001
3.029749e+003;2.603308e-001
3.030231e+003;2.616406e-001
3.030713e+003;2.629623e-001
3.031195e+003;2.642865e-001
3.031677e+003;2.656074e-001
3.032160e+003;2.669228e-001
3.032642e+003;2.682341e-001
3.033124e+003;2.695448e-001
3.033606e+003;2.708561e-001
3.034088e+003;2.721681e-001
3.034570e+003;2.734784e-001
3.035052e+003;2.747855e-001
3.035535e+003;2.760881e-001
3.036017e+003;2.773871e-001
3.036499e+003;2.786852e-001
3.036981e+003;2.799875e-001
3.037463e+003;2.812968e-001
3.037945e+003;2.826174e-001
3.038427e+003;2.839510e-001
3.038910e+003;2.852986e-001
3.039392e+003;2.866603e-001
3.039874e+003;2.880349e-001
3.040356e+003;2.894215e-001
3.040838e+003;2.908179e-001
3.041320e+003;2.922217e-001
3.041802e+003;2.936310e-001
3.042285e+003;2.950436e-001
3.042767e+003;2.964586e-001
3.043249e+003;2.978753e-001
3.043731e+003;2.992947e-001
3.044213e+003;3.007161e-001
3.044695e+003;3.021412e-001
3.045177e+003;3.035695e-001
3.045659e+003;3.050013e-001
3.046142e+003;3.064365e-001
3.046624e+003;3.078772e-001
3.047106e+003;3.093249e-001
3.047588e+003;3.107807e-001
3.048070e+003;3.122458e-001
3.048552e+003;3.137187e-001
3.049034e+003;3.151971e-001
3.049517e+003;3.166780e-001
3.049999e+003;3.181582e-001
3.050481e+003;3.196382e-001
3.050963e+003;3.211205e-001
3.051445e+003;3.226093e-001
3.051927e+003;3.241107e-001
3.052409e+003;3.256303e-001
3.052892e+003;3.271699e-001
3.053374e+003;3.287294e-001
3.053856e+003;3.303072e-001
3.054338e+003;3.318986e-001
3.054820e+003;3.335003e-001
3.055302e+003;3.351085e-001
3.055784e+003;3.367209e-001
3.056267e+003;3.383368e-001
3.056749e+003;3.399544e-001
3.057231e+003;3.415732e-001
3.057713e+003;3.431936e-001
3.058195e+003;3.448165e-001
3.058677e+003;3.464437e-001
3.059159e+003;3.480781e-001
3.059642e+003;3.497207e-001
3.060124e+003;3.513734e-001
3.060606e+003;3.530341e-001
3.061088e+003;3.547010e-001
3.061570e+003;3.563715e-001
3.062052e+003;3.580447e-001
3.062534e+003;3.597211e-001
3.063016e+003;3.614036e-001
3.063499e+003;3.630963e-001
3.063981e+003;3.648030e-001
3.064463e+003;3.665243e-001
3.064945e+003;3.682603e-001
3.065427e+003;3.700073e-001
3.065909e+003;3.717618e-001
3.066391e+003;3.735200e-001
3.066874e+003;3.752795e-001
3.067356e+003;3.770391e-001
3.067838e+003;3.787991e-001
3.068320e+003;3.805589e-001
3.068802e+003;3.823197e-001
3.069284e+003;3.840815e-001
3.069766e+003;3.858454e-001
3.070249e+003;3.876127e-001
3.070731e+003;3.893857e-001
3.071213e+003;3.911643e-001
3.071695e+003;3.929497e-001
3.072177e+003;3.947388e-001
3.072659e+003;3.965316e-001
3.073141e+003;3.983266e-001
3.073624e+003;4.001274e-001
3.074106e+003;4.019392e-001
3.074588e+003;4.037712e-001
3.075070e+003;4.056312e-001
3.075552e+003;4.075255e-001
3.076034e+003;4.094516e-001
3.076516e+003;4.114030e-001
3.076999e+003;4.133666e-001
3.077480e+003;4.153296e-001
3.077963e+003;4.172808e-001
3.078445e+003;4.192158e-001
3.078927e+003;4.211365e-001
3.079409e+003;4.230510e-001
3.079891e+003;4.249684e-001
3.080373e+003;4.268973e-001
3.080855e+003;4.288420e-001
3.081338e+003;4.308032e-001
3.081820e+003;4.327776e-001
3.082302e+003;4.347601e-001
3.082784e+003;4.367456e-001
3.083266e+003;4.387321e-001
3.083748e+003;4.407172e-001
3.084230e+003;4.427015e-001
3.084713e+003;4.446857e-001
3.085195e+003;4.466728e-001
3.085677e+003;4.486651e-001
3.086159e+003;4.506658e-001
3.086641e+003;4.526782e-001
3.087123e+003;4.547051e-001
3.087605e+003;4.567462e-001
3.088088e+003;4.588005e-001
3.088570e+003;4.608639e-001
3.089052e+003;4.629321e-001
3.089534e+003;4.650002e-001
3.090016e+003;4.670658e-001
3.090498e+003;4.691290e-001
3.090980e+003;4.711930e-001
3.091463e+003;4.732608e-001
3.091945e+003;4.753385e-001
3.092427e+003;4.774301e-001
3.092909e+003;4.795373e-001
3.093391e+003;4.816608e-001
3.093873e+003;4.837981e-001
3.094355e+003;4.859461e-001
3.094837e+003;4.881018e-001
3.095320e+003;4.902617e-001
3.095802e+003;4.924239e-001
3.096284e+003;4.945881e-001
3.096766e+003;4.967552e-001
3.097248e+003;4.989276e-001
3.097730e+003;5.011070e-001
3.098212e+003;5.032941e-001
3.098695e+003;5.054895e-001
3.099177e+003;5.076908e-001
3.099659e+003;5.098959e-001
3.100141e+003;5.121033e-001
3.100623e+003;5.143133e-001
3.101105e+003;5.165288e-001
3.101587e+003;5.187536e-001
3.102070e+003;5.209918e-001
3.102552e+003;5.232459e-001
3.103034e+003;5.255154e-001
3.103516e+003;5.277969e-001
3.103998e+003;5.300847e-001
3.104480e+003;5.323734e-001
3.104962e+003;5.346596e-001
3.105445e+003;5.369419e-001
3.105927e+003;5.392216e-001
3.106409e+003;5.415013e-001
3.106891e+003;5.437824e-001
3.107373e+003;5.460663e-001
3.107855e+003;5.483516e-001
3.108337e+003;5.506375e-001
3.108820e+003;5.529224e-001
3.109302e+003;5.552066e-001
3.109784e+003;5.574927e-001
3.110266e+003;5.597855e-001
3.110748e+003;5.620893e-001
3.111230e+003;5.644091e-001
3.111712e+003;5.667476e-001
3.112194e+003;5.691073e-001
3.112677e+003;5.714866e-001
3.113159e+003;5.738826e-001
3.113641e+003;5.762901e-001
3.114123e+003;5.787057e-001
3.114605e+003;5.811225e-001
3.115087e+003;5.835382e-001
3.115569e+003;5.859500e-001
3.116052e+003;5.883585e-001
3.116534e+003;5.907625e-001
3.117016e+003;5.931613e-001
3.117498e+003;5.955514e-001
3.117980e+003;5.979300e-001
3.118462e+003;6.002918e-001
3.118944e+003;6.026385e-001
3.119427e+003;6.049756e-001
3.119909e+003;6.073174e-001
3.120391e+003;6.096832e-001
3.120873e+003;6.120927e-001
3.121355e+003;6.145627e-001
3.121837e+003;6.170997e-001
3.122319e+003;6.196960e-001
3.122802e+003;6.223331e-001
3.123284e+003;6.249852e-001
3.123766e+003;6.276260e-001
3.124248e+003;6.302340e-001
3.124730e+003;6.327978e-001
3.125212e+003;6.353150e-001
3.125694e+003;6.377932e-001
3.126177e+003;6.402407e-001
3.126658e+003;6.426685e-001
3.127141e+003;6.450850e-001
3.127623e+003;6.474984e-001
3.128105e+003;6.499138e-001
3.128587e+003;6.523353e-001
3.129069e+003;6.547656e-001
3.129551e+003;6.572073e-001
3.130033e+003;6.596595e-001
3.130516e+003;6.621234e-001
3.130998e+003;6.645994e-001
3.131480e+003;6.670911e-001
3.131962e+003;6.696027e-001
3.132444e+003;6.721388e-001
3.132926e+003;6.747004e-001
3.133408e+003;6.772844e-001
3.133891e+003;6.798809e-001
3.134373e+003;6.824768e-001
3.134855e+003;6.850588e-001
3.135337e+003;6.876187e-001
3.135819e+003;6.901556e-001
3.136301e+003;6.926757e-001
3.136783e+003;6.951898e-001
3.137266e+003;6.977088e-001
3.137748e+003;7.002382e-001
3.138230e+003;7.027771e-001
3.138712e+003;7.053207e-001
3.139194e+003;7.078623e-001
3.139676e+003;7.103972e-001
3.140158e+003;7.129259e-001
3.140641e+003;7.154529e-001
3.141123e+003;7.179849e-001
3.141605e+003;7.205260e-001
3.142087e+003;7.230781e-001
3.142569e+003;7.256376e-001
3.143051e+003;7.282020e-001
3.143533e+003;7.307696e-001
3.144015e+003;7.333407e-001
3.144498e+003;7.359183e-001
3.144980e+003;7.385063e-001
3.145462e+003;7.411032e-001
3.145944e+003;7.437037e-001
3.146426e+003;7.462994e-001
3.146908e+003;7.488827e-001
3.147390e+003;7.514493e-001
3.147873e+003;7.539998e-001
3.148355e+003;7.565420e-001
3.148837e+003;7.590860e-001
3.149319e+003;7.616385e-001
3.149801e+003;7.642017e-001
3.150283e+003;7.667707e-001
3.150765e+003;7.693367e-001
3.151248e+003;7.718912e-001
3.151730e+003;7.744294e-001
3.152212e+003;7.769514e-001
3.152694e+003;7.794647e-001
3.153176e+003;7.819756e-001
3.153658e+003;7.844912e-001
3.154140e+003;7.870156e-001
3.154623e+003;7.895492e-001
3.155105e+003;7.920915e-001
3.155587e+003;7.946403e-001
3.156069e+003;7.971948e-001
3.156551e+003;7.997541e-001
3.157033e+003;8.023135e-001
3.157515e+003;8.048658e-001
3.157998e+003;8.074021e-001
3.158479e+003;8.099121e-001
3.158962e+003;8.123907e-001
3.159444e+003;8.148385e-001
3.159926e+003;8.172632e-001
3.160408e+003;8.196797e-001
3.160890e+003;8.221006e-001
3.161372e+003;8.245383e-001
3.161854e+003;8.269975e-001
3.162337e+003;8.294771e-001
3.162819e+003;8.319687e-001
3.163301e+003;8.344638e-001
3.163783e+003;8.369554e-001
3.164265e+003;8.394395e-001
3.164747e+003;8.419141e-001
3.165229e+003;8.443820e-001
3.165712e+003;8.468447e-001
3.166194e+003;8.493056e-001
3.166676e+003;8.517648e-001
3.167158e+003;8.542236e-001
3.167640e+003;8.566807e-001
3.168122e+003;8.591346e-001
3.168604e+003;8.615804e-001
3.169087e+003;8.640140e-001
3.169569e+003;8.664285e-001
3.170051e+003;8.688194e-001
3.170533e+003;8.711828e-001
3.171015e+003;8.735168e-001
3.171497e+003;8.758246e-001
3.171979e+003;8.781108e-001
3.172461e+003;8.803818e-001
3.172944e+003;8.826457e-001
3.173426e+003;8.849115e-001
3.173908e+003;8.871900e-001
3.174390e+003;8.894914e-001
3.174872e+003;8.918236e-001
3.175354e+003;8.941914e-001
3.175836e+003;8.965923e-001
3.176319e+003;8.990149e-001
3.176801e+003;9.014418e-001
3.177283e+003;9.038516e-001
3.177765e+003;9.062272e-001
3.178247e+003;9.085568e-001
3.178729e+003;9.108397e-001
3.179211e+003;9.130837e-001
3.179694e+003;9.153041e-001
3.180176e+003;9.175143e-001
3.180658e+003;9.197246e-001
3.181140e+003;9.219391e-001
3.181622e+003;9.241545e-001
3.182104e+003;9.263644e-001
3.182586e+003;9.285625e-001
3.183069e+003;9.307423e-001
3.183551e+003;9.329032e-001
3.184033e+003;9.350427e-001
3.184515e+003;9.371627e-001
3.184997e+003;9.392627e-001
3.185479e+003;9.413448e-001
3.185961e+003;9.434106e-001
3.186444e+003;9.454630e-001
3.186926e+003;9.475071e-001
3.187408e+003;9.495476e-001
3.187890e+003;9.515888e-001
3.188372e+003;9.536312e-001
3.188854e+003;9.556747e-001
3.189336e+003;9.577180e-001
3.189818e+003;9.597568e-001
3.190301e+003;9.617915e-001
3.190783e+003;9.638197e-001
3.191265e+003;9.658436e-001
3.191747e+003;9.678622e-001
3.192229e+003;9.698747e-001
3.192711e+003;9.718800e-001
3.193193e+003;9.738783e-001
3.193676e+003;9.758685e-001
3.194158e+003;9.778522e-001
3.194640e+003;9.798295e-001
3.195122e+003;9.818017e-001
3.195604e+003;9.837643e-001
3.196086e+003;9.857117e-001
3.196568e+003;9.876364e-001
3.197051e+003;9.895309e-001
3.197533e+003;9.913899e-001
3.198015e+003;9.932120e-001
3.198497e+003;9.949991e-001
3.198979e+003;9.967582e-001
3.199461e+003;9.984964e-001
3.199943e+003;1.000223e+000
3.200426e+003;1.001947e+000
3.200908e+003;1.003676e+000
3.201390e+003;1.005416e+000
3.201872e+003;1.007169e+000
3.202354e+003;1.008932e+000
3.202836e+003;1.010696e+000
3.203318e+003;1.012444e+000
3.203801e+003;1.014160e+000
3.204282e+003;1.015826e+000
3.204765e+003;1.017436e+000
3.205247e+003;1.018989e+000
3.205729e+003;1.020501e+000
3.206211e+003;1.021988e+000
3.206693e+003;1.023473e+000
3.207175e+003;1.024969e+000
3.207657e+003;1.026485e+000
3.208140e+003;1.028018e+000
3.208622e+003;1.029563e+000
3.209104e+003;1.031107e+000
3.209586e+003;1.032643e+000
3.210068e+003;1.034163e+000
3.210550e+003;1.035664e+000
3.211032e+003;1.037146e+000
3.211515e+003;1.038606e+000
3.211997e+003;1.040046e+000
3.212479e+003;1.041465e+000
3.212961e+003;1.042864e+000
3.213443e+003;1.044245e+000
3.213925e+003;1.045607e+000
3.214407e+003;1.046950e+000
3.214890e+003;1.048266e+000
3.215372e+003;1.049550e+000
3.215854e+003;1.050797e+000
3.216336e+003;1.052008e+000
3.216818e+003;1.053190e+000
3.217300e+003;1.054357e+000
3.217782e+003;1.055523e+000
3.218265e+003;1.056705e+000
3.218747e+003;1.057909e+000
3.219229e+003;1.059132e+000
3.219711e+003;1.060366e+000
3.220193e+003;1.061598e+000
3.220675e+003;1.062818e+000
3.221157e+003;1.064014e+000
3.221639e+003;1.065183e+000
3.222122e+003;1.066326e+000
3.222604e+003;1.067441e+000
3.223086e+003;1.068527e+000
3.223568e+003;1.069583e+000
3.224050e+003;1.070611e+000
3.224532e+003;1.071614e+000
3.225014e+003;1.072598e+000
3.225497e+003;1.073574e+000
3.225979e+003;1.074548e+000
3.226461e+003;1.075522e+000
3.226943e+003;1.076496e+000
3.227425e+003;1.077462e+000
3.227907e+003;1.078416e+000
3.228389e+003;1.079351e+000
3.228872e+003;1.080267e+000
3.229354e+003;1.081166e+000
3.229836e+003;1.082051e+000
3.230318e+003;1.082920e+000
3.230800e+003;1.083767e+000
3.231282e+003;1.084582e+000
3.231764e+003;1.085361e+000
3.232247e+003;1.086098e+000
3.232729e+003;1.086801e+000
3.233211e+003;1.087483e+000
3.233693e+003;1.088166e+000
3.234175e+003;1.088863e+000
3.234657e+003;1.089584e+000
3.235139e+003;1.090330e+000
3.235622e+003;1.091092e+000
3.236104e+003;1.091857e+000
3.236586e+003;1.092613e+000
3.237068e+003;1.093348e+000
3.237550e+003;1.094059e+000
3.238032e+003;1.094743e+000
3.238514e+003;1.095402e+000
3.238996e+003;1.096036e+000
3.239479e+003;1.096646e+000
3.239961e+003;1.097231e+000
3.240443e+003;1.097788e+000
3.240925e+003;1.098317e+000
3.241407e+003;1.098819e+000
3.241889e+003;1.099293e+000
3.242371e+003;1.099742e+000
3.242854e+003;1.100171e+000
3.243336e+003;1.100586e+000
3.243818e+003;1.100995e+000
3.244300e+003;1.101407e+000
3.244782e+003;1.101828e+000
3.245264e+003;1.102260e+000
3.245746e+003;1.102698e+000
3.246229e+003;1.103139e+000
3.246711e+003;1.103577e+000
3.247193e+003;1.104009e+000
3.247675e+003;1.104435e+000
3.248157e+003;1.104859e+000
3.248639e+003;1.105287e+000
3.249121e+003;1.105721e+000
3.249604e+003;1.106158e+000
3.250086e+003;1.106589e+000
3.250568e+003;1.107005e+000
3.251050e+003;1.107397e+000
3.251532e+003;1.107763e+000
3.252014e+003;1.108104e+000
3.252496e+003;1.108426e+000
3.252979e+003;1.108738e+000
3.253460e+003;1.109042e+000
3.253943e+003;1.109339e+000
3.254425e+003;1.109626e+000
3.254907e+003;1.109901e+000
3.255389e+003;1.110165e+000
3.255871e+003;1.110422e+000
3.256353e+003;1.110681e+000
3.256835e+003;1.110950e+000
3.257318e+003;1.111229e+000
3.257800e+003;1.111517e+000
3.258282e+003;1.111803e+000
3.258764e+003;1.112076e+000
3.259246e+003;1.112329e+000
3.259728e+003;1.112559e+000
3.260210e+003;1.112769e+000
3.260693e+003;1.112970e+000
3.261175e+003;1.113169e+000
3.261657e+003;1.113374e+000
3.262139e+003;1.113585e+000
3.262621e+003;1.113804e+000
3.263103e+003;1.114027e+000
3.263585e+003;1.114250e+000
3.264068e+003;1.114472e+000
3.264550e+003;1.114688e+000
3.265032e+003;1.114892e+000
3.265514e+003;1.115074e+000
3.265996e+003;1.115228e+000
3.266478e+003;1.115350e+000
3.266960e+003;1.115440e+000
3.267443e+003;1.115508e+000
3.267925e+003;1.115570e+000
3.268407e+003;1.115645e+000
3.268889e+003;1.115747e+000
3.269371e+003;1.115882e+000
3.269853e+003;1.116048e+000
3.270335e+003;1.116235e+000
3.270817e+003;1.116428e+000
3.271300e+003;1.116614e+000
3.271782e+003;1.116780e+000
3.272264e+003;1.116922e+000
3.272746e+003;1.117037e+000
3.273228e+003;1.117125e+000
3.273710e+003;1.117188e+000
3.274192e+003;1.117231e+000
3.274675e+003;1.117254e+000
3.275157e+003;1.117262e+000
3.275639e+003;1.117259e+000
3.276121e+003;1.117249e+000
3.276603e+003;1.117236e+000
3.277085e+003;1.117228e+000
3.277567e+003;1.117231e+000
3.278050e+003;1.117256e+000
3.278532e+003;1.117309e+000
3.279014e+003;1.117397e+000
3.279496e+003;1.117517e+000
3.279978e+003;1.117664e+000
3.280460e+003;1.117821e+000
3.280942e+003;1.117968e+000
3.281425e+003;1.118089e+000
3.281907e+003;1.118173e+000
3.282389e+003;1.118219e+000
3.282871e+003;1.118237e+000
3.283353e+003;1.118241e+000
3.283835e+003;1.118252e+000
3.284317e+003;1.118277e+000
3.284800e+003;1.118322e+000
3.285281e+003;1.118381e+000
3.285764e+003;1.118445e+000
3.286246e+003;1.118504e+000
3.286728e+003;1.118551e+000
3.287210e+003;1.118584e+000
3.287692e+003;1.118609e+000
3.288174e+003;1.118629e+000
3.288656e+003;1.118651e+000
3.289139e+003;1.118680e+000
3.289621e+003;1.118722e+000
3.290103e+003;1.118777e+000
3.290585e+003;1.118847e+000
3.291067e+003;1.118930e+000
3.291549e+003;1.119021e+000
3.292031e+003;1.119110e+000
3.292514e+003;1.119188e+000
3.292996e+003;1.119246e+000
3.293478e+003;1.119284e+000
3.293960e+003;1.119306e+000
3.294442e+003;1.119326e+000
3.294924e+003;1.119360e+000
3.295406e+003;1.119421e+000
3.295889e+003;1.119514e+000
3.296371e+003;1.119636e+000
3.296853e+003;1.119771e+000
3.297335e+003;1.119906e+000
3.297817e+003;1.120024e+000
3.298299e+003;1.120115e+000
3.298781e+003;1.120175e+000
3.299264e+003;1.120207e+000
3.299746e+003;1.120214e+000
3.300228e+003;1.120200e+000
3.300710e+003;1.120170e+000
3.301192e+003;1.120129e+000
3.301674e+003;1.120083e+000
3.302156e+003;1.120044e+000
3.302638e+003;1.120021e+000
3.303121e+003;1.120022e+000
3.303603e+003;1.120049e+000
3.304085e+003;1.120096e+000
3.304567e+003;1.120152e+000
3.305049e+003;1.120204e+000
3.305531e+003;1.120245e+000
3.306013e+003;1.120272e+000
3.306496e+003;1.120295e+000
3.306978e+003;1.120325e+000
3.307460e+003;1.120374e+000
3.307942e+003;1.120450e+000
3.308424e+003;1.120548e+000
3.308906e+003;1.120661e+000
3.309388e+003;1.120773e+000
3.309871e+003;1.120868e+000
3.310353e+003;1.120936e+000
3.310835e+003;1.120975e+000
3.311317e+003;1.120985e+000
3.311799e+003;1.120974e+000
3.312281e+003;1.120948e+000
3.312763e+003;1.120911e+000
3.313246e+003;1.120867e+000
3.313728e+003;1.120815e+000
3.314210e+003;1.120754e+000
3.314692e+003;1.120688e+000
3.315174e+003;1.120620e+000
3.315656e+003;1.120558e+000
3.316138e+003;1.120512e+000
3.316621e+003;1.120492e+000
3.317103e+003;1.120504e+000
3.317585e+003;1.120548e+000
3.318067e+003;1.120620e+000
3.318549e+003;1.120710e+000
3.319031e+003;1.120806e+000
3.319513e+003;1.120897e+000
3.319995e+003;1.120979e+000
3.320478e+003;1.121049e+000
3.320960e+003;1.121109e+000
3.321442e+003;1.121164e+000
3.321924e+003;1.121211e+000
3.322406e+003;1.121247e+000
3.322888e+003;1.121263e+000
3.323370e+003;1.121249e+000
3.323853e+003;1.121200e+000
3.324335e+003;1.121119e+000
3.324817e+003;1.121013e+000
3.325299e+003;1.120896e+000
3.325781e+003;1.120782e+000
3.326263e+003;1.120682e+000
3.326745e+003;1.120598e+000
3.327228e+003;1.120527e+000
3.327710e+003;1.120464e+000
3.328192e+003;1.120405e+000
3.328674e+003;1.120348e+000
3.329156e+003;1.120296e+000
3.329638e+003;1.120250e+000
3.330120e+003;1.120210e+000
3.330603e+003;1.120167e+000
3.331085e+003;1.120111e+000
3.331567e+003;1.120031e+000
3.332049e+003;1.119924e+000
3.332531e+003;1.119791e+000
3.333013e+003;1.119641e+000
3.333495e+003;1.119485e+000
3.333978e+003;1.119335e+000
3.334459e+003;1.119192e+000
3.334942e+003;1.119055e+000
3.335424e+003;1.118912e+000
3.335906e+003;1.118756e+000
3.336388e+003;1.118581e+000
3.336870e+003;1.118389e+000
3.337352e+003;1.118186e+000
3.337834e+003;1.117982e+000
3.338317e+003;1.117779e+000
3.338799e+003;1.117582e+000
3.339281e+003;1.117390e+000
3.339763e+003;1.117202e+000
3.340245e+003;1.117018e+000
3.340727e+003;1.116839e+000
3.341209e+003;1.116669e+000
3.341692e+003;1.116507e+000
3.342174e+003;1.116347e+000
3.342656e+003;1.116179e+000
3.343138e+003;1.115989e+000
3.343620e+003;1.115768e+000
3.344102e+003;1.115511e+000
3.344584e+003;1.115223e+000
3.345067e+003;1.114911e+000
3.345549e+003;1.114589e+000
3.346031e+003;1.114264e+000
3.346513e+003;1.113939e+000
3.346995e+003;1.113613e+000
3.347477e+003;1.113281e+000
3.347959e+003;1.112938e+000
3.348442e+003;1.112584e+000
3.348924e+003;1.112219e+000
3.349406e+003;1.111848e+000
3.349888e+003;1.111469e+000
3.350370e+003;1.111080e+000
3.350852e+003;1.110680e+000
3.351334e+003;1.110264e+000
3.351816e+003;1.109833e+000
3.352299e+003;1.109388e+000
3.352781e+003;1.108933e+000
3.353263e+003;1.108474e+000
3.353745e+003;1.108006e+000
3.354227e+003;1.107529e+000
3.354709e+003;1.107036e+000
3.355191e+003;1.106528e+000
3.355674e+003;1.106006e+000
3.356156e+003;1.105481e+000
3.356638e+003;1.104964e+000
3.357120e+003;1.104467e+000
3.357602e+003;1.103991e+000
3.358084e+003;1.103532e+000
3.358566e+003;1.103073e+000
3.359049e+003;1.102600e+000
3.359531e+003;1.102096e+000
3.360013e+003;1.101553e+000
3.360495e+003;1.100969e+000
3.360977e+003;1.100353e+000
3.361459e+003;1.099708e+000
3.361941e+003;1.099042e+000
3.362424e+003;1.098360e+000
3.362906e+003;1.097665e+000
3.363388e+003;1.096959e+000
3.363870e+003;1.096246e+000
3.364352e+003;1.095529e+000
3.364834e+003;1.094810e+000
3.365316e+003;1.094083e+000
3.365799e+003;1.093343e+000
3.366281e+003;1.092581e+000
3.366763e+003;1.091792e+000
3.367245e+003;1.090978e+000
3.367727e+003;1.090149e+000
3.368209e+003;1.089323e+000
3.368691e+003;1.088519e+000
3.369173e+003;1.087748e+000
3.369656e+003;1.087015e+000
3.370138e+003;1.086311e+000
3.370620e+003;1.085620e+000
3.371102e+003;1.084921e+000
3.371584e+003;1.084200e+000
3.372066e+003;1.083441e+000
3.372548e+003;1.082645e+000
3.373031e+003;1.081807e+000
3.373513e+003;1.080931e+000
3.373995e+003;1.080020e+000
3.374477e+003;1.079078e+000
3.374959e+003;1.078109e+000
3.375441e+003;1.077122e+000
3.375923e+003;1.076123e+000
3.376406e+003;1.075119e+000
3.376888e+003;1.074113e+000
3.377370e+003;1.073103e+000
3.377852e+003;1.072080e+000
3.378334e+003;1.071038e+000
3.378816e+003;1.069971e+000
3.379298e+003;1.068881e+000
3.379781e+003;1.067777e+000
3.380263e+003;1.066672e+000
3.380745e+003;1.065579e+000
3.381227e+003;1.064507e+000
3.381709e+003;1.063456e+000
3.382191e+003;1.062423e+000
3.382673e+003;1.061394e+000
3.383156e+003;1.060357e+000
3.383637e+003;1.059300e+000
3.384120e+003;1.058217e+000
3.384602e+003;1.057102e+000
3.385084e+003;1.055951e+000
3.385566e+003;1.054764e+000
3.386048e+003;1.053540e+000
3.386530e+003;1.052280e+000
3.387012e+003;1.050984e+000
3.387495e+003;1.049657e+000
3.387977e+003;1.048308e+000
3.388459e+003;1.046944e+000
3.388941e+003;1.045577e+000
3.389423e+003;1.044217e+000
3.389905e+003;1.042874e+000
3.390387e+003;1.041556e+000
3.390870e+003;1.040265e+000
3.391352e+003;1.038994e+000
3.391834e+003;1.037735e+000
3.392316e+003;1.036467e+000
3.392798e+003;1.035174e+000
3.393280e+003;1.033840e+000
3.393762e+003;1.032461e+000
3.394245e+003;1.031044e+000
3.394727e+003;1.029605e+000
3.395209e+003;1.028163e+000
3.395691e+003;1.026739e+000
3.396173e+003;1.025339e+000
3.396655e+003;1.023957e+000
3.397137e+003;1.022575e+000
3.397620e+003;1.021172e+000
3.398102e+003;1.019729e+000
3.398584e+003;1.018237e+000
3.399066e+003;1.016699e+000
3.399548e+003;1.015132e+000
3.400030e+003;1.013552e+000
3.400512e+003;1.011976e+000
3.400994e+003;1.010411e+000
3.401477e+003;1.008859e+000
3.401959e+003;1.007316e+000
3.402441e+003;1.005772e+000
3.402923e+003;1.004224e+000
3.403405e+003;1.002673e+000
3.403887e+003;1.001119e+000
3.404369e+003;9.995675e-001
3.404852e+003;9.980198e-001
3.405334e+003;9.964720e-001
3.405816e+003;9.949201e-001
3.406298e+003;9.933562e-001
3.406780e+003;9.917740e-001
3.407262e+003;9.901717e-001
3.407744e+003;9.885473e-001
3.408227e+003;9.869029e-001
3.408709e+003;9.852395e-001
3.409191e+003;9.835590e-001
3.409673e+003;9.818610e-001
3.410155e+003;9.801447e-001
3.410637e+003;9.784091e-001
3.411119e+003;9.766575e-001
3.411602e+003;9.748907e-001
3.412084e+003;9.731144e-001
3.412566e+003;9.713352e-001
3.413048e+003;9.695591e-001
3.413530e+003;9.677930e-001
3.414012e+003;9.660401e-001
3.414494e+003;9.642994e-001
3.414977e+003;9.625699e-001
3.415458e+003;9.608412e-001
3.415941e+003;9.591051e-001
3.416423e+003;9.573519e-001
3.416905e+003;9.555756e-001
3.417387e+003;9.537748e-001
3.417869e+003;9.519529e-001
3.418351e+003;9.501178e-001
3.418833e+003;9.482795e-001
3.419316e+003;9.464451e-001
3.419798e+003;9.446194e-001
3.420280e+003;9.428032e-001
3.420762e+003;9.409978e-001
3.421244e+003;9.392024e-001
3.421726e+003;9.374161e-001
3.422208e+003;9.356397e-001
3.422691e+003;9.338717e-001
3.423173e+003;9.321033e-001
3.423655e+003;9.303225e-001
3.424137e+003;9.285143e-001
3.424619e+003;9.266636e-001
3.425101e+003;9.247622e-001
3.425583e+003;9.228140e-001
3.426066e+003;9.208325e-001
3.426548e+003;9.188431e-001
3.427030e+003;9.168715e-001
3.427512e+003;9.149389e-001
3.427994e+003;9.130551e-001
3.428476e+003;9.112167e-001
3.428958e+003;9.094083e-001
3.429441e+003;9.076098e-001
3.429923e+003;9.058012e-001
3.430405e+003;9.039729e-001
3.430887e+003;9.021201e-001
3.431369e+003;9.002485e-001
3.431851e+003;8.983669e-001
3.432333e+003;8.964849e-001
3.432815e+003;8.946047e-001
3.433298e+003;8.927254e-001
3.433780e+003;8.908411e-001
3.434262e+003;8.889473e-001
3.434744e+003;8.870387e-001
3.435226e+003;8.851157e-001
3.435708e+003;8.831818e-001
3.436190e+003;8.812447e-001
3.436673e+003;8.793128e-001
3.437155e+003;8.773913e-001
3.437637e+003;8.754861e-001
3.438119e+003;8.735991e-001
3.438601e+003;8.717287e-001
3.439083e+003;8.698700e-001
3.439565e+003;8.680168e-001
3.440048e+003;8.661601e-001
3.440530e+003;8.642887e-001
3.441012e+003;8.623943e-001
3.441494e+003;8.604681e-001
3.441976e+003;8.585104e-001
3.442458e+003;8.565257e-001
3.442940e+003;8.545256e-001
3.443423e+003;8.525277e-001
3.443905e+003;8.505519e-001
3.444387e+003;8.486142e-001
3.444869e+003;8.467239e-001
3.445351e+003;8.448801e-001
3.445833e+003;8.430730e-001
3.446315e+003;8.412828e-001
3.446798e+003;8.394877e-001
3.447280e+003;8.376659e-001
3.447762e+003;8.358046e-001
3.448244e+003;8.338980e-001
3.448726e+003;8.319509e-001
3.449208e+003;8.299760e-001
3.449690e+003;8.279904e-001
3.450172e+003;8.260080e-001
3.450655e+003;8.240421e-001
3.451137e+003;8.220986e-001
3.451619e+003;8.201805e-001
3.452101e+003;8.182856e-001
3.452583e+003;8.164117e-001
3.453065e+003;8.145561e-001
3.453547e+003;8.127180e-001
3.454030e+003;8.108931e-001
3.454512e+003;8.090766e-001
3.454994e+003;8.072596e-001
3.455476e+003;8.054299e-001
3.455958e+003;8.035755e-001
3.456440e+003;8.016859e-001
3.456922e+003;7.997565e-001
3.457405e+003;7.977938e-001
3.457887e+003;7.958064e-001
3.458369e+003;7.938142e-001
3.458851e+003;7.918332e-001
3.459333e+003;7.898795e-001
3.459815e+003;7.879590e-001
3.460297e+003;7.860705e-001
3.460780e+003;7.842059e-001
3.461262e+003;7.823546e-001
3.461744e+003;7.805040e-001
3.462226e+003;7.786482e-001
3.462708e+003;7.767851e-001
3.463190e+003;7.749186e-001
3.463672e+003;7.730538e-001
3.464155e+003;7.711962e-001
3.464636e+003;7.693486e-001
3.465119e+003;7.675127e-001
3.465601e+003;7.656848e-001
3.466083e+003;7.638603e-001
3.466565e+003;7.620358e-001
3.467047e+003;7.602078e-001
3.467529e+003;7.583755e-001
3.468011e+003;7.565391e-001
3.468494e+003;7.547011e-001
3.468976e+003;7.528644e-001
3.469458e+003;7.510291e-001
3.469940e+003;7.491958e-001
3.470422e+003;7.473620e-001
3.470904e+003;7.455249e-001
3.471386e+003;7.436803e-001
3.471869e+003;7.418256e-001
3.472351e+003;7.399592e-001
3.472833e+003;7.380846e-001
3.473315e+003;7.362047e-001
3.473797e+003;7.343271e-001
3.474279e+003;7.324567e-001
3.474761e+003;7.305968e-001
3.475244e+003;7.287476e-001
3.475726e+003;7.269064e-001
3.476208e+003;7.250681e-001
3.476690e+003;7.232322e-001
3.477172e+003;7.213976e-001
3.477654e+003;7.195694e-001
3.478136e+003;7.177532e-001
3.478619e+003;7.159561e-001
3.479101e+003;7.141793e-001
3.479583e+003;7.124190e-001
3.480065e+003;7.106642e-001
3.480547e+003;7.089028e-001
3.481029e+003;7.071190e-001
3.481511e+003;7.053024e-001
3.481993e+003;7.034478e-001
3.482476e+003;7.015600e-001
3.482958e+003;6.996487e-001
3.483440e+003;6.977288e-001
3.483922e+003;6.958170e-001
3.484404e+003;6.939304e-001
3.484886e+003;6.920796e-001
3.485368e+003;6.902722e-001
3.485851e+003;6.885070e-001
3.486333e+003;6.867766e-001
3.486815e+003;6.850663e-001
3.487297e+003;6.833569e-001
3.487779e+003;6.816295e-001
3.488261e+003;6.798707e-001
3.488743e+003;6.780724e-001
3.489226e+003;6.762379e-001
3.489708e+003;6.743779e-001
3.490190e+003;6.725082e-001
3.490672e+003;6.706448e-001
3.491154e+003;6.687998e-001
3.491636e+003;6.669782e-001
3.492118e+003;6.651803e-001
3.492601e+003;6.633988e-001
3.493083e+003;6.616280e-001
3.493565e+003;6.598594e-001
3.494047e+003;6.580889e-001
3.494529e+003;6.563109e-001
3.495011e+003;6.545215e-001
3.495493e+003;6.527187e-001
3.495976e+003;6.509029e-001
3.496458e+003;6.490746e-001
3.496940e+003;6.472412e-001
3.497422e+003;6.454102e-001
3.497904e+003;6.435921e-001
3.498386e+003;6.417939e-001
3.498868e+003;6.400195e-001
3.499350e+003;6.382670e-001
3.499833e+003;6.365328e-001
3.500315e+003;6.348097e-001
3.500797e+003;6.330929e-001
3.501279e+003;6.313789e-001
3.501761e+003;6.296674e-001
3.502243e+003;6.279549e-001
3.502725e+003;6.262386e-001
3.503208e+003;6.245105e-001
3.503690e+003;6.227651e-001
3.504172e+003;6.209950e-001
3.504654e+003;6.192018e-001
3.505136e+003;6.173904e-001
3.505618e+003;6.155711e-001
3.506100e+003;6.137560e-001
3.506583e+003;6.119543e-001
3.507065e+003;6.101688e-001
3.507547e+003;6.083984e-001
3.508029e+003;6.066375e-001
3.508511e+003;6.048810e-001
3.508993e+003;6.031278e-001
3.509475e+003;6.013818e-001
3.509958e+003;5.996481e-001
3.510440e+003;5.979306e-001
3.510922e+003;5.962292e-001
3.511404e+003;5.945390e-001
3.511886e+003;5.928480e-001
3.512368e+003;5.911457e-001
3.512850e+003;5.894232e-001
3.513333e+003;5.876790e-001
3.513814e+003;5.859176e-001
3.514297e+003;5.841451e-001
3.514779e+003;5.823693e-001
3.515261e+003;5.805950e-001
3.515743e+003;5.788202e-001
3.516225e+003;5.770401e-001
3.516707e+003;5.752500e-001
3.517189e+003;5.734475e-001
3.517672e+003;5.716334e-001
3.518154e+003;5.698140e-001
3.518636e+003;5.679980e-001
3.519118e+003;5.661948e-001
3.519600e+003;5.644090e-001
3.520082e+003;5.626439e-001
3.520564e+003;5.608964e-001
3.521047e+003;5.591630e-001
3.521529e+003;5.574374e-001
3.522011e+003;5.557147e-001
3.522493e+003;5.539925e-001
3.522975e+003;5.522725e-001
3.523457e+003;5.505561e-001
3.523939e+003;5.488473e-001
3.524422e+003;5.471480e-001
3.524904e+003;5.454593e-001
3.525386e+003;5.437777e-001
3.525868e+003;5.420975e-001
3.526350e+003;5.404106e-001
3.526832e+003;5.387121e-001
3.527314e+003;5.369977e-001
3.527797e+003;5.352693e-001
3.528279e+003;5.335327e-001
3.528761e+003;5.317961e-001
3.529243e+003;5.300648e-001
3.529725e+003;5.283408e-001
3.530207e+003;5.266207e-001
3.530689e+003;5.248993e-001
3.531171e+003;5.231677e-001
3.531654e+003;5.214232e-001
3.532136e+003;5.196678e-001
3.532618e+003;5.179107e-001
3.533100e+003;5.161619e-001
3.533582e+003;5.144318e-001
3.534064e+003;5.127255e-001
3.534546e+003;5.110433e-001
3.535029e+003;5.093758e-001
3.535511e+003;5.077128e-001
3.535993e+003;5.060430e-001
3.536475e+003;5.043588e-001
3.536957e+003;5.026560e-001
3.537439e+003;5.009362e-001
3.537921e+003;4.992037e-001
3.538404e+003;4.974653e-001
3.538886e+003;4.957276e-001
3.539368e+003;4.939982e-001
3.539850e+003;4.922833e-001
3.540332e+003;4.905868e-001
3.540814e+003;4.889109e-001
3.541296e+003;4.872520e-001
3.541779e+003;4.856047e-001
3.542261e+003;4.839629e-001
3.542743e+003;4.823187e-001
3.543225e+003;4.806691e-001
3.543707e+003;4.790145e-001
3.544189e+003;4.773608e-001
3.544671e+003;4.757138e-001
3.545154e+003;4.740778e-001
3.545635e+003;4.724542e-001
3.546118e+003;4.708385e-001
3.546600e+003;4.692232e-001
3.547082e+003;4.675992e-001
3.547564e+003;4.659625e-001
3.548046e+003;4.643127e-001
3.548528e+003;4.626544e-001
3.549010e+003;4.609948e-001
3.549493e+003;4.593407e-001
3.549975e+003;4.576977e-001
3.550457e+003;4.560655e-001
3.550939e+003;4.544420e-001
3.551421e+003;4.528244e-001
3.551903e+003;4.512087e-001
3.552385e+003;4.495930e-001
3.552868e+003;4.479750e-001
3.553350e+003;4.463533e-001
3.553832e+003;4.447272e-001
3.554314e+003;4.430940e-001
3.554796e+003;4.414532e-001
3.555278e+003;4.398069e-001
3.555760e+003;4.381582e-001
3.556243e+003;4.365132e-001
3.556725e+003;4.348782e-001
3.557207e+003;4.332601e-001
3.557689e+003;4.316639e-001
3.558171e+003;4.300902e-001
3.558653e+003;4.285380e-001
3.559135e+003;4.270030e-001
3.559618e+003;4.254793e-001
3.560100e+003;4.239579e-001
3.560582e+003;4.224286e-001
3.561064e+003;4.208812e-001
3.561546e+003;4.193084e-001
3.562028e+003;4.177070e-001
3.562510e+003;4.160833e-001
3.562992e+003;4.144494e-001
3.563475e+003;4.128248e-001
3.563957e+003;4.112289e-001
3.564439e+003;4.096765e-001
3.564921e+003;4.081728e-001
3.565403e+003;4.067116e-001
3.565885e+003;4.052750e-001
3.566367e+003;4.038405e-001
3.566850e+003;4.023879e-001
3.567332e+003;4.009049e-001
3.567814e+003;3.993920e-001
3.568296e+003;3.978600e-001
3.568778e+003;3.963250e-001
3.569260e+003;3.948041e-001
3.569742e+003;3.933049e-001
3.570225e+003;3.918281e-001
3.570707e+003;3.903627e-001
3.571189e+003;3.888930e-001
3.571671e+003;3.874045e-001
3.572153e+003;3.858873e-001
3.572635e+003;3.843412e-001
3.573117e+003;3.827753e-001
3.573600e+003;3.812029e-001
3.574082e+003;3.796381e-001
3.574564e+003;3.780914e-001
3.575046e+003;3.765661e-001
3.575528e+003;3.750584e-001
3.576010e+003;3.735607e-001
3.576492e+003;3.720657e-001
3.576974e+003;3.705704e-001
3.577457e+003;3.690770e-001
3.577939e+003;3.675928e-001
3.578421e+003;3.661264e-001
3.578903e+003;3.646846e-001
3.579385e+003;3.632670e-001
3.579867e+003;3.618665e-001
3.580349e+003;3.604706e-001
3.580832e+003;3.590676e-001
3.581314e+003;3.576464e-001
3.581796e+003;3.562049e-001
3.582278e+003;3.547467e-001
3.582760e+003;3.532817e-001
3.583242e+003;3.518220e-001
3.583724e+003;3.503786e-001
3.584207e+003;3.489582e-001
3.584689e+003;3.475668e-001
3.585171e+003;3.462045e-001
3.585653e+003;3.448720e-001
3.586135e+003;3.435667e-001
3.586617e+003;3.422831e-001
3.587099e+003;3.410118e-001
3.587582e+003;3.397381e-001
3.588064e+003;3.384461e-001
3.588546e+003;3.371223e-001
3.589028e+003;3.357559e-001
3.589510e+003;3.343472e-001
3.589992e+003;3.329035e-001
3.590474e+003;3.314394e-001
3.590957e+003;3.299711e-001
3.591438e+003;3.285115e-001
3.591921e+003;3.270689e-001
3.592403e+003;3.256465e-001
3.592885e+003;3.242418e-001
3.593367e+003;3.228530e-001
3.593849e+003;3.214770e-001
3.594331e+003;3.201149e-001
3.594813e+003;3.187676e-001
3.595296e+003;3.174342e-001
3.595778e+003;3.161127e-001
3.596260e+003;3.148006e-001
3.596742e+003;3.134935e-001
3.597224e+003;3.121890e-001
3.597706e+003;3.108900e-001
3.598188e+003;3.095979e-001
3.598671e+003;3.083180e-001
3.599153e+003;3.070505e-001
3.599635e+003;3.057919e-001
3.600117e+003;3.045357e-001
3.600599e+003;3.032732e-001
3.601081e+003;3.019977e-001
3.601563e+003;3.007052e-001
3.602046e+003;2.993982e-001
3.602528e+003;2.980786e-001
3.603010e+003;2.967506e-001
3.603492e+003;2.954170e-001
3.603974e+003;2.940803e-001
3.604456e+003;2.927405e-001
3.604938e+003;2.914014e-001
3.605421e+003;2.900698e-001
3.605903e+003;2.887554e-001
3.606385e+003;2.874649e-001
3.606867e+003;2.862015e-001
3.607349e+003;2.849628e-001
3.607831e+003;2.837379e-001
3.608313e+003;2.825110e-001
3.608795e+003;2.812693e-001
3.609278e+003;2.800043e-001
3.609760e+003;2.787167e-001
3.610242e+003;2.774130e-001
3.610724e+003;2.761041e-001
3.611206e+003;2.747989e-001
3.611688e+003;2.735032e-001
3.612170e+003;2.722151e-001
3.612653e+003;2.709282e-001
3.613135e+003;2.696352e-001
3.613617e+003;2.683296e-001
3.614099e+003;2.670078e-001
3.614581e+003;2.656711e-001
3.615063e+003;2.643245e-001
3.615545e+003;2.629762e-001
3.616028e+003;2.616348e-001
3.616510e+003;2.603097e-001
3.616992e+003;2.590092e-001
3.617474e+003;2.577395e-001
3.617956e+003;2.564989e-001
3.618438e+003;2.552824e-001
3.618920e+003;2.540767e-001
3.619403e+003;2.528675e-001
3.619885e+003;2.516405e-001
3.620367e+003;2.503895e-001
3.620849e+003;2.491147e-001
3.621331e+003;2.478247e-001
3.621813e+003;2.465294e-001
3.622295e+003;2.452346e-001
3.622778e+003;2.439391e-001
3.623260e+003;2.426322e-001
3.623742e+003;2.412986e-001
3.624224e+003;2.399259e-001
3.624706e+003;2.385120e-001
3.625188e+003;2.370696e-001
3.625670e+003;2.356254e-001
3.626152e+003;2.342124e-001
3.626635e+003;2.328600e-001
3.627117e+003;2.315855e-001
3.627599e+003;2.303849e-001
3.628081e+003;2.292329e-001
3.628563e+003;2.280924e-001
3.629045e+003;2.269222e-001
3.629527e+003;2.256912e-001
3.630010e+003;2.243849e-001
3.630492e+003;2.230071e-001
3.630974e+003;2.215753e-001
3.631456e+003;2.201122e-001
3.631938e+003;2.186388e-001
3.632420e+003;2.171703e-001
3.632902e+003;2.157141e-001
3.633385e+003;2.142714e-001
3.633867e+003;2.128385e-001
3.634349e+003;2.114137e-001
3.634831e+003;2.099959e-001
3.635313e+003;2.085864e-001
3.635795e+003;2.071876e-001
3.636277e+003;2.058003e-001
3.636760e+003;2.044235e-001
3.637242e+003;2.030533e-001
3.637724e+003;2.016822e-001
3.638206e+003;2.003023e-001
3.638688e+003;1.989086e-001
3.639170e+003;1.974981e-001
3.639652e+003;1.960720e-001
3.640135e+003;1.946359e-001
3.640616e+003;1.931968e-001
3.641099e+003;1.917601e-001
3.641581e+003;1.903289e-001
3.642063e+003;1.889006e-001
3.642545e+003;1.874707e-001
3.643027e+003;1.860317e-001
3.643509e+003;1.845753e-001
3.643991e+003;1.830978e-001
3.644474e+003;1.815988e-001
3.644956e+003;1.800829e-001
3.645438e+003;1.785585e-001
3.645920e+003;1.770373e-001
3.646402e+003;1.755322e-001
3.646884e+003;1.740543e-001
3.647366e+003;1.726114e-001
3.647849e+003;1.712052e-001
3.648331e+003;1.698297e-001
3.648813e+003;1.684706e-001
3.649295e+003;1.671069e-001
3.649777e+003;1.657147e-001
3.650259e+003;1.642740e-001
3.650741e+003;1.627728e-001
3.651224e+003;1.612111e-001
3.651706e+003;1.596030e-001
3.652188e+003;1.579715e-001
3.652670e+003;1.563446e-001
3.653152e+003;1.547476e-001
3.653634e+003;1.531983e-001
3.654116e+003;1.517036e-001
3.654599e+003;1.502577e-001
3.655081e+003;1.488455e-001
3.655563e+003;1.474473e-001
3.656045e+003;1.460440e-001
3.656527e+003;1.446215e-001
3.657009e+003;1.431707e-001
3.657491e+003;1.416926e-001
3.657973e+003;1.401923e-001
3.658456e+003;1.386780e-001
3.658938e+003;1.371592e-001
3.659420e+003;1.356431e-001
3.659902e+003;1.341340e-001
3.660384e+003;1.326331e-001
3.660866e+003;1.311391e-001
3.661348e+003;1.296483e-001
3.661831e+003;1.281582e-001
3.662313e+003;1.266662e-001
3.662795e+003;1.251734e-001
3.663277e+003;1.236814e-001
3.663759e+003;1.221917e-001
3.664241e+003;1.207046e-001
3.664723e+003;1.192180e-001
3.665206e+003;1.177300e-001
3.665688e+003;1.162403e-001
3.666170e+003;1.147545e-001
3.666652e+003;1.132841e-001
3.667134e+003;1.118471e-001
3.667616e+003;1.104611e-001
3.668098e+003;1.091385e-001
3.668581e+003;1.078767e-001
3.669063e+003;1.066573e-001
3.669545e+003;1.054468e-001
3.670027e+003;1.042077e-001
3.670509e+003;1.029081e-001
3.670991e+003;1.015390e-001
3.671473e+003;1.001148e-001
3.671956e+003;9.867410e-002
3.672438e+003;9.726775e-002
3.672920e+003;9.594333e-002
3.673402e+003;9.473307e-002
3.673884e+003;9.364077e-002
3.674366e+003;9.264159e-002
3.674848e+003;9.168880e-002
3.675330e+003;9.072797e-002
3.675813e+003;8.971428e-002
3.676295e+003;8.862487e-002
3.676777e+003;8.746271e-002
3.677259e+003;8.625147e-002
3.677741e+003;8.502360e-002
3.678223e+003;8.380936e-002
3.678705e+003;8.262909e-002
3.679188e+003;8.149201e-002
3.679670e+003;8.039671e-002
3.680152e+003;7.933702e-002
3.680634e+003;7.830748e-002
3.681116e+003;7.730432e-002
3.681598e+003;7.632443e-002
3.682080e+003;7.536115e-002
3.682563e+003;7.440614e-002
3.683045e+003;7.344710e-002
3.683527e+003;7.247397e-002
3.684009e+003;7.148343e-002
3.684491e+003;7.048509e-002
3.684973e+003;6.949989e-002
3.685455e+003;6.855493e-002
3.685938e+003;6.767590e-002
3.686420e+003;6.687673e-002
3.686902e+003;6.615439e-002
3.687384e+003;6.548770e-002
3.687866e+003;6.484400e-002
3.688348e+003;6.419177e-002
3.688830e+003;6.350923e-002
3.689313e+003;6.279223e-002
3.689794e+003;6.205109e-002
3.690277e+003;6.130389e-002
3.690759e+003;6.056764e-002
3.691241e+003;5.984792e-002
3.691723e+003;5.914217e-002
3.692205e+003;5.844010e-002
3.692687e+003;5.773297e-002
3.693169e+003;5.701924e-002
3.693652e+003;5.630755e-002
3.694134e+003;5.561235e-002
3.694616e+003;5.495007e-002
3.695098e+003;5.432957e-002
3.695580e+003;5.374714e-002
3.696062e+003;5.319211e-002
3.696544e+003;5.264638e-002
3.697027e+003;5.209537e-002
3.697509e+003;5.153188e-002
3.697991e+003;5.096163e-002
3.698473e+003;5.039636e-002
3.698955e+003;4.985137e-002
3.699437e+003;4.933664e-002
3.699919e+003;4.885593e-002
3.700402e+003;4.840330e-002
3.700884e+003;4.796913e-002
3.701366e+003;4.754203e-002
3.701848e+003;4.711355e-002
3.702330e+003;4.667951e-002
3.702812e+003;4.623880e-002
3.703294e+003;4.579177e-002
3.703777e+003;4.533857e-002
3.704259e+003;4.488071e-002
3.704741e+003;4.441921e-002
3.705223e+003;4.395810e-002
3.705705e+003;4.350419e-002
3.706187e+003;4.306505e-002
3.706669e+003;4.264698e-002
3.707151e+003;4.225375e-002
3.707634e+003;4.188636e-002
3.708116e+003;4.154456e-002
3.708598e+003;4.122733e-002
3.709080e+003;4.093730e-002
3.709562e+003;4.067877e-002
3.710044e+003;4.045499e-002
3.710526e+003;4.026397e-002
3.711009e+003;4.009549e-002
3.711491e+003;3.993202e-002
3.711973e+003;3.975176e-002
3.712455e+003;3.953415e-002
3.712937e+003;3.926736e-002
3.713419e+003;3.895403e-002
3.713901e+003;3.860639e-002
3.714384e+003;3.824614e-002
3.714866e+003;3.789369e-002
3.715348e+003;3.756391e-002
3.715830e+003;3.726233e-002
3.716312e+003;3.698580e-002
3.716794e+003;3.672702e-002
3.717276e+003;3.647816e-002
3.717759e+003;3.623507e-002
3.718241e+003;3.599812e-002
3.718723e+003;3.577010e-002
3.719205e+003;3.555388e-002
3.719687e+003;3.534923e-002
3.720169e+003;3.515262e-002
3.720651e+003;3.495724e-002
3.721134e+003;3.475818e-002
3.721615e+003;3.455178e-002
3.722098e+003;3.434032e-002
3.722580e+003;3.412833e-002
3.723062e+003;3.392274e-002
3.723544e+003;3.373123e-002
3.724026e+003;3.355808e-002
3.724508e+003;3.340518e-002
3.724990e+003;3.327104e-002
3.725473e+003;3.314935e-002
3.725955e+003;3.303192e-002
3.726437e+003;3.290766e-002
3.726919e+003;3.276624e-002
3.727401e+003;3.260173e-002
3.727883e+003;3.241389e-002
3.728365e+003;3.221102e-002
3.728848e+003;3.200787e-002
3.729330e+003;3.182247e-002
3.729812e+003;3.166791e-002
3.730294e+003;3.154773e-002
3.730776e+003;3.145526e-002
3.731258e+003;3.137298e-002
3.731740e+003;3.128249e-002
3.732223e+003;3.117055e-002
3.732705e+003;3.103791e-002
3.733187e+003;3.089856e-002
3.733669e+003;3.077407e-002
3.734151e+003;3.068461e-002
3.734633e+003;3.063863e-002
3.735115e+003;3.062985e-002
3.735598e+003;3.063620e-002
3.736080e+003;3.062918e-002
3.736562e+003;3.058405e-002
3.737044e+003;3.048781e-002
3.737526e+003;3.034084e-002
3.738008e+003;3.015042e-002
3.738490e+003;2.992579e-002
3.738972e+003;2.967237e-002
3.739455e+003;2.938990e-002
3.739937e+003;2.908091e-002
3.740419e+003;2.875803e-002
3.740901e+003;2.844875e-002
3.741383e+003;2.819432e-002
3.741865e+003;2.804002e-002
3.742347e+003;2.801802e-002
3.742830e+003;2.813178e-002
3.743312e+003;2.834465e-002
3.743794e+003;2.858727e-002
3.744276e+003;2.877556e-002
3.744758e+003;2.884280e-002
3.745240e+003;2.875910e-002
3.745722e+003;2.854238e-002
3.746205e+003;2.824796e-002
3.746687e+003;2.794594e-002
3.747169e+003;2.769946e-002
3.747651e+003;2.754590e-002
3.748133e+003;2.749261e-002
3.748615e+003;2.752065e-002
3.749097e+003;2.759621e-002
3.749580e+003;2.768720e-002
3.750062e+003;2.777266e-002
3.750544e+003;2.784449e-002
3.751026e+003;2.790206e-002
3.751508e+003;2.794269e-002
3.751990e+003;2.795893e-002
3.752472e+003;2.793647e-002
3.752955e+003;2.786239e-002
3.753437e+003;2.773225e-002
3.753919e+003;2.755238e-002
3.754401e+003;2.734312e-002
3.754883e+003;2.712752e-002
3.755365e+003;2.692821e-002
3.755847e+003;2.675847e-002
3.756329e+003;2.662312e-002
3.756812e+003;2.651975e-002
3.757294e+003;2.644293e-002
3.757776e+003;2.638951e-002
3.758258e+003;2.635771e-002
3.758740e+003;2.634464e-002
3.759222e+003;2.634346e-002
3.759704e+003;2.633874e-002
3.760187e+003;2.631249e-002
3.760669e+003;2.624685e-002
3.761151e+003;2.613168e-002
3.761633e+003;2.597306e-002
3.762115e+003;2.578895e-002
3.762597e+003;2.560672e-002
3.763079e+003;2.545271e-002
3.763562e+003;2.534261e-002
3.764044e+003;2.527860e-002
3.764526e+003;2.524852e-002
3.765008e+003;2.523465e-002
3.765490e+003;2.521710e-002
3.765972e+003;2.518827e-002
3.766454e+003;2.514929e-002
3.766937e+003;2.510954e-002
3.767419e+003;2.508120e-002
3.767901e+003;2.507148e-002
3.768383e+003;2.508039e-002
3.768865e+003;2.509894e-002
3.769347e+003;2.511344e-002
3.769829e+003;2.511323e-002
3.770312e+003;2.509018e-002
3.770793e+003;2.504759e-002
3.771276e+003;2.499268e-002
3.771758e+003;2.493700e-002
3.772240e+003;2.488993e-002
3.772722e+003;2.485656e-002
3.773204e+003;2.483473e-002
3.773686e+003;2.481734e-002
3.774168e+003;2.479169e-002
3.774651e+003;2.474749e-002
3.775133e+003;2.467599e-002
3.775615e+003;2.457615e-002
3.776097e+003;2.445597e-002
3.776579e+003;2.432878e-002
3.777061e+003;2.421211e-002
3.777543e+003;2.412082e-002
3.778026e+003;2.406267e-002
3.778508e+003;2.403627e-002
3.778990e+003;2.402980e-002
3.779472e+003;2.402715e-002
3.779954e+003;2.401077e-002
3.780436e+003;2.397126e-002
3.780918e+003;2.390808e-002
3.781401e+003;2.383079e-002
3.781883e+003;2.375284e-002
3.782365e+003;2.368784e-002
3.782847e+003;2.364420e-002
3.783329e+003;2.362126e-002
3.783811e+003;2.361296e-002
3.784293e+003;2.360871e-002
3.784776e+003;2.359976e-002
3.785258e+003;2.358190e-002
3.785740e+003;2.355500e-002
3.786222e+003;2.352135e-002
3.786704e+003;2.348502e-002
3.787186e+003;2.344690e-002
3.787668e+003;2.340698e-002
3.788150e+003;2.336298e-002
3.788633e+003;2.331299e-002
3.789115e+003;2.325636e-002
3.789597e+003;2.319462e-002
3.790079e+003;2.312740e-002
3.790561e+003;2.305494e-002
3.791043e+003;2.297622e-002
3.791525e+003;2.288959e-002
3.792008e+003;2.279631e-002
3.792490e+003;2.270212e-002
3.792972e+003;2.261748e-002
3.793454e+003;2.255422e-002
3.793936e+003;2.252102e-002
3.794418e+003;2.251980e-002
3.794900e+003;2.254140e-002
3.795383e+003;2.256696e-002
3.795865e+003;2.257518e-002
3.796347e+003;2.254668e-002
3.796829e+003;2.247570e-002
3.797311e+003;2.237231e-002
3.797793e+003;2.226086e-002
3.798275e+003;2.217631e-002
3.798758e+003;2.215157e-002
3.799240e+003;2.220695e-002
3.799722e+003;2.234325e-002
3.800204e+003;2.253614e-002
3.800686e+003;2.274136e-002
3.801168e+003;2.290642e-002
3.801650e+003;2.298443e-002
3.802133e+003;2.294928e-002
3.802615e+003;2.280476e-002
3.803097e+003;2.258242e-002
3.803579e+003;2.233323e-002
3.804061e+003;2.211390e-002
3.804543e+003;2.197221e-002
3.805025e+003;2.193271e-002
3.805507e+003;2.199184e-002
3.805990e+003;2.212102e-002
3.806472e+003;2.227325e-002
3.806954e+003;2.240201e-002
3.807436e+003;2.247109e-002
3.807918e+003;2.246767e-002
3.808400e+003;2.239978e-002
3.808882e+003;2.228723e-002
3.809365e+003;2.215228e-002
3.809847e+003;2.201154e-002
3.810329e+003;2.186886e-002
3.810811e+003;2.172104e-002
3.811293e+003;2.156347e-002
3.811775e+003;2.140000e-002
3.812257e+003;2.124545e-002
3.812740e+003;2.112606e-002
3.813222e+003;2.107077e-002
3.813704e+003;2.110082e-002
3.814186e+003;2.121997e-002
3.814668e+003;2.140625e-002
3.815150e+003;2.161770e-002
3.815632e+003;2.180104e-002
3.816115e+003;2.190886e-002
3.816597e+003;2.191483e-002
3.817079e+003;2.182033e-002
3.817561e+003;2.165507e-002
3.818043e+003;2.146466e-002
3.818525e+003;2.130011e-002
3.819007e+003;2.120104e-002
3.819490e+003;2.118718e-002
3.819971e+003;2.125164e-002
3.820454e+003;2.136575e-002
3.820936e+003;2.148669e-002
3.821418e+003;2.157355e-002
3.821900e+003;2.159924e-002
3.822382e+003;2.155693e-002
3.822864e+003;2.146097e-002
3.823346e+003;2.134074e-002
3.823829e+003;2.122755e-002
3.824311e+003;2.114629e-002
3.824793e+003;2.110775e-002
3.825275e+003;2.110605e-002
3.825757e+003;2.112360e-002
3.826239e+003;2.113795e-002
3.826721e+003;2.113072e-002
3.827204e+003;2.109280e-002
3.827686e+003;2.102738e-002
3.828168e+003;2.094628e-002
3.828650e+003;2.086426e-002
3.829132e+003;2.079520e-002
3.829614e+003;2.074732e-002
3.830096e+003;2.072154e-002
3.830579e+003;2.071284e-002
3.831061e+003;2.071364e-002
3.831543e+003;2.071407e-002
3.832025e+003;2.070484e-002
3.832507e+003;2.067903e-002
3.832989e+003;2.063226e-002
3.833471e+003;2.056592e-002
3.833954e+003;2.048787e-002
3.834436e+003;2.041225e-002
3.834918e+003;2.035783e-002
3.835400e+003;2.034546e-002
3.835882e+003;2.038598e-002
3.836364e+003;2.048158e-002
3.836846e+003;2.061839e-002
3.837328e+003;2.077044e-002
3.837811e+003;2.090594e-002
3.838293e+003;2.099653e-002
3.838775e+003;2.102634e-002
3.839257e+003;2.099407e-002
3.839739e+003;2.091258e-002
3.840221e+003;2.080169e-002
3.840703e+003;2.068241e-002
3.841186e+003;2.057226e-002
3.841668e+003;2.048128e-002
3.842150e+003;2.041143e-002
3.842632e+003;2.036050e-002
3.843114e+003;2.032541e-002
3.843596e+003;2.030193e-002
3.844078e+003;2.028603e-002
3.844561e+003;2.027491e-002
3.845043e+003;2.026417e-002
3.845525e+003;2.025085e-002
3.846007e+003;2.023094e-002
3.846489e+003;2.020226e-002
3.846971e+003;2.016171e-002
3.847453e+003;2.010410e-002
3.847936e+003;2.002533e-002
3.848418e+003;1.992138e-002
3.848900e+003;1.979327e-002
3.849382e+003;1.965069e-002
3.849864e+003;1.951414e-002
3.850346e+003;1.941643e-002
3.850828e+003;1.939317e-002
3.851311e+003;1.947474e-002
3.851792e+003;1.967125e-002
3.852275e+003;1.996808e-002
3.852757e+003;2.032072e-002
3.853239e+003;2.066628e-002
3.853721e+003;2.093960e-002
3.854203e+003;2.109610e-002
3.854685e+003;2.111724e-002
3.855167e+003;2.101873e-002
3.855650e+003;2.083676e-002
3.856132e+003;2.061661e-002
3.856614e+003;2.039811e-002
3.857096e+003;2.020791e-002
3.857578e+003;2.005831e-002
3.858060e+003;1.994956e-002
3.858542e+003;1.987494e-002
3.859025e+003;1.982528e-002
3.859507e+003;1.979269e-002
3.859989e+003;1.977200e-002
3.860471e+003;1.975958e-002
3.860953e+003;1.975454e-002
3.861435e+003;1.975701e-002
3.861917e+003;1.977100e-002
3.862400e+003;1.979872e-002
3.862882e+003;1.984173e-002
3.863364e+003;1.989446e-002
3.863846e+003;1.994346e-002
3.864328e+003;1.996979e-002
3.864810e+003;1.995452e-002
3.865292e+003;1.988794e-002
3.865775e+003;1.977688e-002
3.866257e+003;1.964623e-002
3.866739e+003;1.953513e-002
3.867221e+003;1.948273e-002
3.867703e+003;1.951614e-002
3.868185e+003;1.963969e-002
3.868667e+003;1.982631e-002
3.869149e+003;2.002947e-002
3.869632e+003;2.019547e-002
3.870114e+003;2.028390e-002
3.870596e+003;2.027864e-002
3.871078e+003;2.019445e-002
3.871560e+003;2.006727e-002
3.872042e+003;1.993967e-002
3.872524e+003;1.984582e-002
3.873007e+003;1.980245e-002
3.873489e+003;1.980427e-002
3.873971e+003;1.982972e-002
3.874453e+003;1.985245e-002
3.874935e+003;1.984985e-002
3.875417e+003;1.981101e-002
3.875899e+003;1.973785e-002
3.876382e+003;1.964440e-002
3.876864e+003;1.954963e-002
3.877346e+003;1.947356e-002
3.877828e+003;1.943023e-002
3.878310e+003;1.942705e-002
3.878792e+003;1.946223e-002
3.879274e+003;1.952304e-002
3.879757e+003;1.958880e-002
3.880239e+003;1.963741e-002
3.880721e+003;1.964805e-002
3.881203e+003;1.961288e-002
3.881685e+003;1.953803e-002
3.882167e+003;1.944468e-002
3.882649e+003;1.936550e-002
3.883132e+003;1.933212e-002
3.883614e+003;1.936602e-002
3.884096e+003;1.946814e-002
3.884578e+003;1.961692e-002
3.885060e+003;1.977421e-002
3.885542e+003;1.989677e-002
3.886024e+003;1.995057e-002
3.886506e+003;1.992164e-002
3.886989e+003;1.982168e-002
3.887471e+003;1.968105e-002
3.887953e+003;1.953973e-002
3.888435e+003;1.943229e-002
3.888917e+003;1.938178e-002
3.889399e+003;1.939278e-002
3.889881e+003;1.945294e-002
3.890364e+003;1.953816e-002
3.890846e+003;1.962235e-002
3.891328e+003;1.968414e-002
3.891810e+003;1.971110e-002
3.892292e+003;1.970141e-002
3.892774e+003;1.966183e-002
3.893256e+003;1.960149e-002
3.893739e+003;1.953305e-002
3.894221e+003;1.946472e-002
3.894703e+003;1.940278e-002
3.895185e+003;1.935270e-002
3.895667e+003;1.931762e-002
3.896149e+003;1.930017e-002
3.896631e+003;1.930321e-002
3.897114e+003;1.932872e-002
3.897596e+003;1.937565e-002
3.898078e+003;1.943984e-002
3.898560e+003;1.951333e-002
3.899042e+003;1.958501e-002
3.899524e+003;1.964338e-002
3.900006e+003;1.968084e-002
3.900489e+003;1.969491e-002
3.900970e+003;1.969159e-002
3.901453e+003;1.968121e-002
3.901935e+003;1.967619e-002
3.902417e+003;1.968712e-002
3.902899e+003;1.971873e-002
3.903381e+003;1.976592e-002
3.903863e+003;1.981717e-002
3.904345e+003;1.985836e-002
3.904828e+003;1.987770e-002
3.905310e+003;1.986981e-002
3.905792e+003;1.983625e-002
3.906274e+003;1.978633e-002
3.906756e+003;1.972970e-002
3.907238e+003;1.967739e-002
3.907720e+003;1.963699e-002
3.908203e+003;1.960980e-002
3.908685e+003;1.959558e-002
3.909167e+003;1.959210e-002
3.909649e+003;1.959557e-002
3.910131e+003;1.960388e-002
3.910613e+003;1.961325e-002
3.911095e+003;1.961973e-002
3.911578e+003;1.961795e-002
3.912060e+003;1.960424e-002
3.912542e+003;1.957610e-002
3.913024e+003;1.953615e-002
3.913506e+003;1.949016e-002
3.913988e+003;1.944861e-002
3.914470e+003;1.942096e-002
3.914953e+003;1.941391e-002
3.915435e+003;1.942955e-002
3.915917e+003;1.946502e-002
3.916399e+003;1.951218e-002
3.916881e+003;1.956197e-002
3.917363e+003;1.960548e-002
3.917845e+003;1.963783e-002
3.918327e+003;1.965496e-002
3.918810e+003;1.965698e-002
3.919292e+003;1.964442e-002
3.919774e+003;1.961846e-002
3.920256e+003;1.958264e-002
3.920738e+003;1.954037e-002
3.921220e+003;1.949585e-002
3.921702e+003;1.945632e-002
3.922185e+003;1.942637e-002
3.922667e+003;1.940917e-002
3.923149e+003;1.940564e-002
3.923631e+003;1.941316e-002
3.924113e+003;1.942777e-002
3.924595e+003;1.944581e-002
3.925077e+003;1.946386e-002
3.925560e+003;1.948072e-002
3.926042e+003;1.949732e-002
3.926524e+003;1.951380e-002
3.927006e+003;1.952988e-002
3.927488e+003;1.954426e-002
3.927970e+003;1.955390e-002
3.928452e+003;1.955590e-002
3.928935e+003;1.954751e-002
3.929417e+003;1.952975e-002
3.929899e+003;1.950660e-002
3.930381e+003;1.948488e-002
3.930863e+003;1.947186e-002
3.931345e+003;1.947451e-002
3.931827e+003;1.949627e-002
3.932310e+003;1.953623e-002
3.932792e+003;1.958792e-002
3.933274e+003;1.964054e-002
3.933756e+003;1.968304e-002
3.934238e+003;1.970444e-002
3.934720e+003;1.969907e-002
3.935202e+003;1.966851e-002
3.935684e+003;1.961815e-002
3.936167e+003;1.955974e-002
3.936649e+003;1.950461e-002
3.937131e+003;1.946069e-002
3.937613e+003;1.943206e-002
3.938095e+003;1.941794e-002
3.938577e+003;1.941266e-002
3.939059e+003;1.941345e-002
3.939542e+003;1.941728e-002
3.940024e+003;1.942468e-002
3.940506e+003;1.943854e-002
3.940988e+003;1.945915e-002
3.941470e+003;1.948425e-002
3.941952e+003;1.950632e-002
3.942434e+003;1.951557e-002
3.942917e+003;1.950342e-002
3.943399e+003;1.946603e-002
3.943881e+003;1.940748e-002
3.944363e+003;1.934019e-002
3.944845e+003;1.928188e-002
3.945327e+003;1.924907e-002
3.945809e+003;1.925328e-002
3.946292e+003;1.929583e-002
3.946774e+003;1.936921e-002
3.947256e+003;1.945848e-002
3.947738e+003;1.954752e-002
3.948220e+003;1.962215e-002
3.948702e+003;1.967590e-002
3.949184e+003;1.970834e-002
3.949667e+003;1.972597e-002
3.950148e+003;1.973553e-002
3.950631e+003;1.974377e-002
3.951113e+003;1.975399e-002
3.951595e+003;1.976514e-002
3.952077e+003;1.977325e-002
3.952559e+003;1.977421e-002
3.953041e+003;1.976522e-002
3.953523e+003;1.974537e-002
3.954006e+003;1.971796e-002
3.954488e+003;1.968961e-002
3.954970e+003;1.966750e-002
3.955452e+003;1.965809e-002
3.955934e+003;1.966619e-002
3.956416e+003;1.969126e-002
3.956898e+003;1.972775e-002
3.957381e+003;1.976808e-002
3.957863e+003;1.980034e-002
3.958345e+003;1.981721e-002
3.958827e+003;1.981220e-002
3.959309e+003;1.978528e-002
3.959791e+003;1.974044e-002
3.960273e+003;1.968537e-002
3.960756e+003;1.962923e-002
3.961238e+003;1.957865e-002
3.961720e+003;1.953855e-002
3.962202e+003;1.950985e-002
3.962684e+003;1.949178e-002
3.963166e+003;1.948180e-002
3.963648e+003;1.947885e-002
3.964130e+003;1.947990e-002
3.964613e+003;1.948678e-002
3.965095e+003;1.949898e-002
3.965577e+003;1.951664e-002
3.966059e+003;1.954121e-002
3.966541e+003;1.957189e-002
3.967023e+003;1.960817e-002
3.967505e+003;1.964739e-002
3.967988e+003;1.968741e-002
3.968470e+003;1.972292e-002
3.968952e+003;1.975059e-002
3.969434e+003;1.976536e-002
3.969916e+003;1.976457e-002
3.970398e+003;1.974794e-002
3.970880e+003;1.971561e-002
3.971363e+003;1.966955e-002
3.971845e+003;1.961311e-002
3.972327e+003;1.954719e-002
3.972809e+003;1.947541e-002
3.973291e+003;1.940108e-002
3.973773e+003;1.933060e-002
3.974255e+003;1.927303e-002
3.974738e+003;1.923648e-002
3.975220e+003;1.922975e-002
3.975702e+003;1.925660e-002
3.976184e+003;1.931435e-002
3.976666e+003;1.939251e-002
3.977148e+003;1.947616e-002
3.977630e+003;1.954903e-002
3.978113e+003;1.959686e-002
3.978594e+003;1.961310e-002
3.979077e+003;1.959908e-002
3.979559e+003;1.956025e-002
3.980041e+003;1.950633e-002
3.980523e+003;1.944733e-002
3.981005e+003;1.939020e-002
3.981487e+003;1.933745e-002
3.981969e+003;1.928896e-002
3.982452e+003;1.924539e-002
3.982934e+003;1.920515e-002
3.983416e+003;1.917171e-002
3.983898e+003;1.914801e-002
3.984380e+003;1.913564e-002
3.984862e+003;1.913528e-002
3.985344e+003;1.914507e-002
3.985827e+003;1.916101e-002
3.986309e+003;1.917802e-002
3.986791e+003;1.919143e-002
3.987273e+003;1.919949e-002
3.987755e+003;1.920088e-002
3.988237e+003;1.919772e-002
3.988719e+003;1.919082e-002
3.989202e+003;1.918352e-002
3.989684e+003;1.917741e-002
3.990166e+003;1.917238e-002
3.990648e+003;1.916854e-002
3.991130e+003;1.916471e-002
3.991612e+003;1.915860e-002
3.992094e+003;1.914687e-002
3.992577e+003;1.912711e-002
3.993059e+003;1.909906e-002
3.993541e+003;1.906243e-002
3.994023e+003;1.902379e-002
3.994505e+003;1.898742e-002
3.994987e+003;1.896093e-002
3.995469e+003;1.895145e-002
3.995951e+003;1.896243e-002
3.996434e+003;1.899458e-002
3.996916e+003;1.904493e-002
3.997398e+003;1.910762e-002
3.997880e+003;1.917502e-002
3.998362e+003;1.923869e-002
3.998844e+003;1.929125e-002
3.999326e+003;1.932681e-002
3.999809e+003;1.934240e-002
