4.001737e+002;1.625675e-001
4.006559e+002;1.646957e-001
4.011380e+002;1.674838e-001
4.016201e+002;1.704438e-001
4.021023e+002;1.729616e-001
4.025844e+002;1.745653e-001
4.030666e+002;1.751355e-001
4.035487e+002;1.749582e-001
4.040308e+002;1.745504e-001
4.045130e+002;1.743938e-001
4.049951e+002;1.747450e-001
4.054772e+002;1.755684e-001
4.059594e+002;1.766203e-001
4.064415e+002;1.776103e-001
4.069236e+002;1.783659e-001
4.074058e+002;1.789037e-001
4.078879e+002;1.793734e-001
4.083701e+002;1.799404e-001
4.088522e+002;1.806702e-001
4.093344e+002;1.814952e-001
4.098165e+002;1.822595e-001
4.102986e+002;1.828226e-001
4.107808e+002;1.831386e-001
4.112629e+002;1.832941e-001
4.117450e+002;1.834470e-001
4.122272e+002;1.837354e-001
4.127093e+002;1.842040e-001
4.131914e+002;1.847862e-001
4.136736e+002;1.853427e-001
4.141557e+002;1.857460e-001
4.146378e+002;1.859367e-001
4.151200e+002;1.859445e-001
4.156021e+002;1.858485e-001
4.160843e+002;1.857219e-001
4.165664e+002;1.855923e-001
4.170485e+002;1.854480e-001
4.175307e+002;1.852732e-001
4.180128e+002;1.850967e-001
4.184949e+002;1.850027e-001
4.189771e+002;1.851056e-001
4.194592e+002;1.854880e-001
4.199413e+002;1.861511e-001
4.204235e+002;1.870002e-001
4.209056e+002;1.878825e-001
4.213878e+002;1.886535e-001
4.218699e+002;1.892501e-001
4.223521e+002;1.897096e-001
4.228342e+002;1.901418e-001
4.233163e+002;1.906507e-001
4.237985e+002;1.912639e-001
4.242806e+002;1.918929e-001
4.247627e+002;1.923625e-001
4.252449e+002;1.924890e-001
4.257270e+002;1.921709e-001
4.262091e+002;1.914462e-001
4.266913e+002;1.904860e-001
4.271734e+002;1.895237e-001
4.276555e+002;1.887672e-001
4.281377e+002;1.883332e-001
4.286198e+002;1.882329e-001
4.291020e+002;1.883991e-001
4.295841e+002;1.887467e-001
4.300662e+002;1.892183e-001
4.305484e+002;1.898023e-001
4.310305e+002;1.905174e-001
4.315126e+002;1.913703e-001
4.319948e+002;1.923256e-001
4.324769e+002;1.933023e-001
4.329590e+002;1.941997e-001
4.334412e+002;1.949467e-001
4.339233e+002;1.955319e-001
4.344055e+002;1.960110e-001
4.348876e+002;1.964720e-001
4.353698e+002;1.969851e-001
4.358519e+002;1.975594e-001
4.363340e+002;1.981326e-001
4.368162e+002;1.985960e-001
4.372983e+002;1.988473e-001
4.377804e+002;1.988384e-001
4.382626e+002;1.986027e-001
4.387447e+002;1.982423e-001
4.392268e+002;1.978916e-001
4.397090e+002;1.976714e-001
4.401911e+002;1.976587e-001
4.406732e+002;1.978753e-001
4.411554e+002;1.982965e-001
4.416375e+002;1.988630e-001
4.421197e+002;1.994968e-001
4.426018e+002;2.001074e-001
4.430839e+002;2.005987e-001
4.435661e+002;2.008815e-001
4.440482e+002;2.008961e-001
4.445303e+002;2.006370e-001
4.450125e+002;2.001722e-001
4.454946e+002;1.996348e-001
4.459767e+002;1.991883e-001
4.464589e+002;1.989780e-001
4.469410e+002;1.990857e-001
4.474232e+002;1.995052e-001
4.479053e+002;2.001535e-001
4.483875e+002;2.009062e-001
4.488696e+002;2.016447e-001
4.493517e+002;2.022951e-001
4.498339e+002;2.028406e-001
4.503160e+002;2.033030e-001
4.507981e+002;2.037125e-001
4.512803e+002;2.040764e-001
4.517624e+002;2.043755e-001
4.522445e+002;2.045785e-001
4.527267e+002;2.046742e-001
4.532088e+002;2.046916e-001
4.536909e+002;2.047009e-001
4.541731e+002;2.047862e-001
4.546552e+002;2.050105e-001
4.551374e+002;2.053824e-001
4.556195e+002;2.058515e-001
4.561016e+002;2.063255e-001
4.565838e+002;2.067092e-001
4.570659e+002;2.069407e-001
4.575480e+002;2.070138e-001
4.580302e+002;2.069725e-001
4.585123e+002;2.068872e-001
4.589944e+002;2.068268e-001
4.594766e+002;2.068402e-001
4.599587e+002;2.069542e-001
4.604409e+002;2.071829e-001
4.609230e+002;2.075329e-001
4.614052e+002;2.080015e-001
4.618873e+002;2.085651e-001
4.623694e+002;2.091678e-001
4.628516e+002;2.097207e-001
4.633337e+002;2.101258e-001
4.638158e+002;2.103121e-001
4.642980e+002;2.102751e-001
4.647801e+002;2.100907e-001
4.652622e+002;2.098986e-001
4.657444e+002;2.098507e-001
4.662265e+002;2.100556e-001
4.667086e+002;2.105334e-001
4.671908e+002;2.112084e-001
4.676729e+002;2.119394e-001
4.681551e+002;2.125782e-001
4.686372e+002;2.130264e-001
4.691193e+002;2.132728e-001
4.696015e+002;2.133863e-001
4.700836e+002;2.134765e-001
4.705657e+002;2.136435e-001
4.710479e+002;2.139399e-001
4.715300e+002;2.143590e-001
4.720121e+002;2.148514e-001
4.724943e+002;2.153552e-001
4.729764e+002;2.158269e-001
4.734586e+002;2.162517e-001
4.739407e+002;2.166408e-001
4.744229e+002;2.170110e-001
4.749050e+002;2.173698e-001
4.753871e+002;2.177094e-001
4.758693e+002;2.180138e-001
4.763514e+002;2.182725e-001
4.768335e+002;2.184903e-001
4.773157e+002;2.186885e-001
4.777978e+002;2.188957e-001
4.782799e+002;2.191361e-001
4.787621e+002;2.194207e-001
4.792442e+002;2.197460e-001
4.797263e+002;2.201030e-001
4.802085e+002;2.204817e-001
4.806906e+002;2.208766e-001
4.811728e+002;2.212826e-001
4.816549e+002;2.216890e-001
4.821370e+002;2.220750e-001
4.826192e+002;2.224136e-001
4.831013e+002;2.226815e-001
4.835834e+002;2.228727e-001
4.840656e+002;2.230042e-001
4.845477e+002;2.231142e-001
4.850298e+002;2.232452e-001
4.855120e+002;2.234288e-001
4.859941e+002;2.236720e-001
4.864763e+002;2.239594e-001
4.869584e+002;2.242625e-001
4.874405e+002;2.245589e-001
4.879227e+002;2.248436e-001
4.884048e+002;2.251319e-001
4.888869e+002;2.254483e-001
4.893691e+002;2.258129e-001
4.898512e+002;2.262281e-001
4.903333e+002;2.266775e-001
4.908155e+002;2.271339e-001
4.912976e+002;2.275736e-001
4.917798e+002;2.279860e-001
4.922619e+002;2.283760e-001
4.927440e+002;2.287555e-001
4.932262e+002;2.291325e-001
4.937083e+002;2.295034e-001
4.941905e+002;2.298565e-001
4.946726e+002;2.301801e-001
4.951547e+002;2.304766e-001
4.956369e+002;2.307652e-001
4.961190e+002;2.310767e-001
4.966011e+002;2.314386e-001
4.970833e+002;2.318587e-001
4.975654e+002;2.323174e-001
4.980475e+002;2.327746e-001
4.985297e+002;2.331864e-001
4.990118e+002;2.335265e-001
4.994940e+002;2.337968e-001
4.999761e+002;2.340263e-001
5.004582e+002;2.342540e-001
5.009404e+002;2.345099e-001
5.014225e+002;2.348016e-001
5.019046e+002;2.351148e-001
5.023868e+002;2.354241e-001
5.028689e+002;2.357122e-001
5.033510e+002;2.359785e-001
5.038332e+002;2.362396e-001
5.043153e+002;2.365164e-001
5.047975e+002;2.368186e-001
5.052796e+002;2.371363e-001
5.057617e+002;2.374435e-001
5.062439e+002;2.377121e-001
5.067260e+002;2.379294e-001
5.072082e+002;2.381058e-001
5.076903e+002;2.382689e-001
5.081724e+002;2.384488e-001
5.086546e+002;2.386573e-001
5.091367e+002;2.388808e-001
5.096188e+002;2.390866e-001
5.101010e+002;2.392425e-001
5.105831e+002;2.393392e-001
5.110652e+002;2.394009e-001
5.115474e+002;2.394791e-001
5.120295e+002;2.396300e-001
5.125117e+002;2.398887e-001
5.129938e+002;2.402497e-001
5.134760e+002;2.406704e-001
5.139581e+002;2.410865e-001
5.144402e+002;2.414447e-001
5.149224e+002;2.417221e-001
5.154045e+002;2.419360e-001
5.158866e+002;2.421288e-001
5.163688e+002;2.423468e-001
5.168509e+002;2.426157e-001
5.173330e+002;2.429318e-001
5.178152e+002;2.432685e-001
5.182973e+002;2.435946e-001
5.187794e+002;2.438913e-001
5.192616e+002;2.441618e-001
5.197437e+002;2.444244e-001
5.202258e+002;2.447006e-001
5.207080e+002;2.449974e-001
5.211901e+002;2.453045e-001
5.216722e+002;2.455971e-001
5.221544e+002;2.458521e-001
5.226365e+002;2.460589e-001
5.231187e+002;2.462243e-001
5.236008e+002;2.463676e-001
5.240829e+002;2.465098e-001
5.245651e+002;2.466617e-001
5.250472e+002;2.468231e-001
5.255294e+002;2.469870e-001
5.260115e+002;2.471524e-001
5.264937e+002;2.473277e-001
5.269758e+002;2.475316e-001
5.274579e+002;2.477811e-001
5.279401e+002;2.480789e-001
5.284222e+002;2.484059e-001
5.289043e+002;2.487228e-001
5.293865e+002;2.489859e-001
5.298686e+002;2.491642e-001
5.303507e+002;2.492543e-001
5.308329e+002;2.492823e-001
5.313150e+002;2.492908e-001
5.317971e+002;2.493234e-001
5.322793e+002;2.494056e-001
5.327614e+002;2.495404e-001
5.332435e+002;2.497132e-001
5.337257e+002;2.499060e-001
5.342078e+002;2.501090e-001
5.346899e+002;2.503255e-001
5.351721e+002;2.505670e-001
5.356542e+002;2.508416e-001
5.361364e+002;2.511421e-001
5.366185e+002;2.514464e-001
5.371006e+002;2.517217e-001
5.375828e+002;2.519415e-001
5.380649e+002;2.520955e-001
5.385471e+002;2.521967e-001
5.390292e+002;2.522740e-001
5.395114e+002;2.523603e-001
5.399935e+002;2.524787e-001
5.404756e+002;2.526354e-001
5.409578e+002;2.528216e-001
5.414399e+002;2.530223e-001
5.419220e+002;2.532236e-001
5.424042e+002;2.534210e-001
5.428863e+002;2.536138e-001
5.433684e+002;2.538036e-001
5.438506e+002;2.539854e-001
5.443327e+002;2.541501e-001
5.448148e+002;2.542868e-001
5.452970e+002;2.543921e-001
5.457791e+002;2.544747e-001
5.462612e+002;2.545541e-001
5.467434e+002;2.546529e-001
5.472255e+002;2.547893e-001
5.477076e+002;2.549675e-001
5.481898e+002;2.551790e-001
5.486719e+002;2.554064e-001
5.491541e+002;2.556343e-001
5.496362e+002;2.558526e-001
5.501183e+002;2.560593e-001
5.506005e+002;2.562543e-001
5.510826e+002;2.564338e-001
5.515648e+002;2.565871e-001
5.520469e+002;2.567011e-001
5.525291e+002;2.567670e-001
5.530112e+002;2.567905e-001
5.534933e+002;2.567928e-001
5.539755e+002;2.568056e-001
5.544576e+002;2.568567e-001
5.549397e+002;2.569595e-001
5.554219e+002;2.571048e-001
5.559040e+002;2.572655e-001
5.563861e+002;2.574105e-001
5.568683e+002;2.575200e-001
5.573504e+002;2.575937e-001
5.578325e+002;2.576512e-001
5.583147e+002;2.577192e-001
5.587968e+002;2.578170e-001
5.592789e+002;2.579444e-001
5.597611e+002;2.580823e-001
5.602432e+002;2.582009e-001
5.607253e+002;2.582777e-001
5.612075e+002;2.583074e-001
5.616896e+002;2.583059e-001
5.621718e+002;2.583018e-001
5.626539e+002;2.583215e-001
5.631360e+002;2.583776e-001
5.636182e+002;2.584629e-001
5.641003e+002;2.585574e-001
5.645825e+002;2.586407e-001
5.650646e+002;2.587017e-001
5.655468e+002;2.587463e-001
5.660289e+002;2.587898e-001
5.665110e+002;2.588493e-001
5.669932e+002;2.589319e-001
5.674753e+002;2.590329e-001
5.679574e+002;2.591386e-001
5.684396e+002;2.592371e-001
5.689217e+002;2.593264e-001
5.694038e+002;2.594163e-001
5.698860e+002;2.595232e-001
5.703681e+002;2.596597e-001
5.708502e+002;2.598251e-001
5.713324e+002;2.600037e-001
5.718145e+002;2.601699e-001
5.722966e+002;2.603001e-001
5.727788e+002;2.603815e-001
5.732609e+002;2.604181e-001
5.737430e+002;2.604258e-001
5.742252e+002;2.604243e-001
5.747073e+002;2.604284e-001
5.751895e+002;2.604434e-001
5.756716e+002;2.604673e-001
5.761537e+002;2.604991e-001
5.766359e+002;2.605420e-001
5.771180e+002;2.606060e-001
5.776002e+002;2.607003e-001
5.780823e+002;2.608275e-001
5.785645e+002;2.609763e-001
5.790466e+002;2.611239e-001
5.795287e+002;2.612437e-001
5.800109e+002;2.613171e-001
5.804930e+002;2.613428e-001
5.809751e+002;2.613371e-001
5.814573e+002;2.613267e-001
5.819394e+002;2.613353e-001
5.824215e+002;2.613725e-001
5.829037e+002;2.614313e-001
5.833858e+002;2.614901e-001
5.838679e+002;2.615278e-001
5.843501e+002;2.615325e-001
5.848322e+002;2.615080e-001
5.853143e+002;2.614709e-001
5.857965e+002;2.614425e-001
5.862786e+002;2.614376e-001
5.867607e+002;2.614598e-001
5.872429e+002;2.615022e-001
5.877250e+002;2.615539e-001
5.882072e+002;2.616062e-001
5.886893e+002;2.616573e-001
5.891714e+002;2.617083e-001
5.896536e+002;2.617601e-001
5.901357e+002;2.618065e-001
5.906179e+002;2.618356e-001
5.911000e+002;2.618335e-001
5.915822e+002;2.617936e-001
5.920643e+002;2.617223e-001
5.925464e+002;2.616386e-001
5.930286e+002;2.615682e-001
5.935107e+002;2.615330e-001
5.939928e+002;2.615401e-001
5.944750e+002;2.615814e-001
5.949571e+002;2.616355e-001
5.954392e+002;2.616803e-001
5.959214e+002;2.617007e-001
5.964035e+002;2.616957e-001
5.968856e+002;2.616743e-001
5.973678e+002;2.616503e-001
5.978499e+002;2.616324e-001
5.983320e+002;2.616212e-001
5.988142e+002;2.616098e-001
5.992963e+002;2.615914e-001
5.997784e+002;2.615646e-001
6.002606e+002;2.615367e-001
6.007427e+002;2.615193e-001
6.012249e+002;2.615230e-001
6.017070e+002;2.615484e-001
6.021891e+002;2.615848e-001
6.026713e+002;2.616139e-001
6.031534e+002;2.616180e-001
6.036356e+002;2.615882e-001
6.041177e+002;2.615297e-001
6.045999e+002;2.614579e-001
6.050820e+002;2.613930e-001
6.055641e+002;2.613496e-001
6.060463e+002;2.613336e-001
6.065284e+002;2.613404e-001
6.070105e+002;2.613619e-001
6.074927e+002;2.613911e-001
6.079748e+002;2.614268e-001
6.084569e+002;2.614717e-001
6.089391e+002;2.615278e-001
6.094212e+002;2.615914e-001
6.099033e+002;2.616509e-001
6.103855e+002;2.616893e-001
6.108676e+002;2.616915e-001
6.113497e+002;2.616504e-001
6.118319e+002;2.615724e-001
6.123140e+002;2.614732e-001
6.127961e+002;2.613736e-001
6.132783e+002;2.612902e-001
6.137604e+002;2.612306e-001
6.142426e+002;2.611925e-001
6.147247e+002;2.611676e-001
6.152068e+002;2.611468e-001
6.156890e+002;2.611248e-001
6.161711e+002;2.611007e-001
6.166533e+002;2.610770e-001
6.171354e+002;2.610557e-001
6.176176e+002;2.610370e-001
6.180997e+002;2.610182e-001
6.185818e+002;2.609986e-001
6.190640e+002;2.609787e-001
6.195461e+002;2.609631e-001
6.200282e+002;2.609563e-001
6.205104e+002;2.609611e-001
6.209925e+002;2.609744e-001
6.214746e+002;2.609883e-001
6.219568e+002;2.609928e-001
6.224389e+002;2.609805e-001
6.229210e+002;2.609494e-001
6.234032e+002;2.609048e-001
6.238853e+002;2.608544e-001
6.243674e+002;2.608047e-001
6.248496e+002;2.607572e-001
6.253317e+002;2.607085e-001
6.258138e+002;2.606526e-001
6.262960e+002;2.605872e-001
6.267781e+002;2.605165e-001
6.272603e+002;2.604510e-001
6.277424e+002;2.604027e-001
6.282245e+002;2.603802e-001
6.287067e+002;2.603827e-001
6.291888e+002;2.604010e-001
6.296710e+002;2.604196e-001
6.301531e+002;2.604249e-001
6.306353e+002;2.604096e-001
6.311174e+002;2.603759e-001
6.315995e+002;2.603322e-001
6.320817e+002;2.602884e-001
6.325638e+002;2.602502e-001
6.330459e+002;2.602177e-001
6.335281e+002;2.601857e-001
6.340102e+002;2.601492e-001
6.344923e+002;2.601061e-001
6.349745e+002;2.600600e-001
6.354566e+002;2.600156e-001
6.359387e+002;2.599771e-001
6.364209e+002;2.599424e-001
6.369030e+002;2.599036e-001
6.373851e+002;2.598497e-001
6.378673e+002;2.597719e-001
6.383494e+002;2.596678e-001
6.388315e+002;2.595429e-001
6.393137e+002;2.594081e-001
6.397958e+002;2.592745e-001
6.402780e+002;2.591493e-001
6.407601e+002;2.590351e-001
6.412422e+002;2.589290e-001
6.417244e+002;2.588294e-001
6.422065e+002;2.587369e-001
6.426887e+002;2.586558e-001
6.431708e+002;2.585914e-001
6.436530e+002;2.585459e-001
6.441351e+002;2.585152e-001
6.446172e+002;2.584891e-001
6.450994e+002;2.584545e-001
6.455815e+002;2.584008e-001
6.460636e+002;2.583242e-001
6.465458e+002;2.582287e-001
6.470279e+002;2.581220e-001
6.475100e+002;2.580127e-001
6.479922e+002;2.579039e-001
6.484743e+002;2.577937e-001
6.489564e+002;2.576760e-001
6.494386e+002;2.575468e-001
6.499207e+002;2.574069e-001
6.504028e+002;2.572629e-001
6.508850e+002;2.571240e-001
6.513671e+002;2.569987e-001
6.518492e+002;2.568889e-001
6.523314e+002;2.567911e-001
6.528135e+002;2.566978e-001
6.532957e+002;2.566035e-001
6.537778e+002;2.565080e-001
6.542599e+002;2.564175e-001
6.547421e+002;2.563409e-001
6.552242e+002;2.562853e-001
6.557064e+002;2.562509e-001
6.561885e+002;2.562290e-001
6.566707e+002;2.562051e-001
6.571527e+002;2.561653e-001
6.576349e+002;2.561006e-001
6.581171e+002;2.560120e-001
6.585991e+002;2.559067e-001
6.590813e+002;2.557963e-001
6.595635e+002;2.556895e-001
6.600455e+002;2.555903e-001
6.605277e+002;2.554978e-001
6.610099e+002;2.554072e-001
6.614919e+002;2.553160e-001
6.619741e+002;2.552232e-001
6.624563e+002;2.551298e-001
6.629384e+002;2.550368e-001
6.634205e+002;2.549423e-001
6.639027e+002;2.548413e-001
6.643848e+002;2.547272e-001
6.648669e+002;2.545959e-001
6.653491e+002;2.544477e-001
6.658312e+002;2.542881e-001
6.663134e+002;2.541266e-001
6.667955e+002;2.539703e-001
6.672776e+002;2.538228e-001
6.677598e+002;2.536819e-001
6.682419e+002;2.535413e-001
6.687240e+002;2.533953e-001
6.692062e+002;2.532417e-001
6.696884e+002;2.530852e-001
6.701704e+002;2.529325e-001
6.706526e+002;2.527919e-001
6.711348e+002;2.526669e-001
6.716168e+002;2.525554e-001
6.720990e+002;2.524512e-001
6.725812e+002;2.523457e-001
6.730632e+002;2.522338e-001
6.735454e+002;2.521145e-001
6.740276e+002;2.519911e-001
6.745096e+002;2.518688e-001
6.749918e+002;2.517518e-001
6.754740e+002;2.516414e-001
6.759561e+002;2.515348e-001
6.764382e+002;2.514289e-001
6.769204e+002;2.513197e-001
6.774025e+002;2.512048e-001
6.778846e+002;2.510824e-001
6.783668e+002;2.509506e-001
6.788489e+002;2.508067e-001
6.793311e+002;2.506476e-001
6.798132e+002;2.504721e-001
6.802953e+002;2.502833e-001
6.807775e+002;2.500879e-001
6.812596e+002;2.498970e-001
6.817417e+002;2.497205e-001
6.822239e+002;2.495643e-001
6.827061e+002;2.494271e-001
6.831881e+002;2.493002e-001
6.836703e+002;2.491712e-001
6.841525e+002;2.490280e-001
6.846345e+002;2.488630e-001
6.851167e+002;2.486759e-001
6.855989e+002;2.484718e-001
6.860809e+002;2.482597e-001
6.865631e+002;2.480488e-001
6.870453e+002;2.478468e-001
6.875273e+002;2.476593e-001
6.880095e+002;2.474910e-001
6.884917e+002;2.473445e-001
6.889738e+002;2.472203e-001
6.894559e+002;2.471150e-001
6.899381e+002;2.470194e-001
6.904202e+002;2.469196e-001
6.909023e+002;2.468002e-001
6.913845e+002;2.466489e-001
6.918666e+002;2.464619e-001
6.923488e+002;2.462461e-001
6.928309e+002;2.460172e-001
6.933130e+002;2.457944e-001
6.937952e+002;2.455942e-001
6.942773e+002;2.454235e-001
6.947594e+002;2.452785e-001
6.952416e+002;2.451469e-001
6.957238e+002;2.450129e-001
6.962058e+002;2.448630e-001
6.966880e+002;2.446906e-001
6.971702e+002;2.444961e-001
6.976522e+002;2.442850e-001
6.981344e+002;2.440645e-001
6.986166e+002;2.438413e-001
6.990986e+002;2.436191e-001
6.995808e+002;2.434013e-001
7.000630e+002;2.431903e-001
7.005450e+002;2.429885e-001
7.010272e+002;2.427977e-001
7.015094e+002;2.426171e-001
7.019915e+002;2.424431e-001
7.024736e+002;2.422692e-001
7.029558e+002;2.420886e-001
7.034379e+002;2.418969e-001
7.039200e+002;2.416935e-001
7.044022e+002;2.414824e-001
7.048843e+002;2.412695e-001
7.053665e+002;2.410606e-001
7.058486e+002;2.408578e-001
7.063307e+002;2.406603e-001
7.068129e+002;2.404653e-001
7.072950e+002;2.402702e-001
7.077771e+002;2.400754e-001
7.082593e+002;2.398840e-001
7.087415e+002;2.396997e-001
7.092235e+002;2.395247e-001
7.097057e+002;2.393567e-001
7.101879e+002;2.391887e-001
7.106699e+002;2.390115e-001
7.111521e+002;2.388174e-001
7.116343e+002;2.386014e-001
7.121163e+002;2.383647e-001
7.125985e+002;2.381121e-001
7.130807e+002;2.378499e-001
7.135627e+002;2.375831e-001
7.140449e+002;2.373144e-001
7.145271e+002;2.370441e-001
7.150092e+002;2.367728e-001
7.154913e+002;2.365023e-001
7.159735e+002;2.362368e-001
7.164556e+002;2.359807e-001
7.169377e+002;2.357378e-001
7.174199e+002;2.355077e-001
7.179020e+002;2.352863e-001
7.183842e+002;2.350679e-001
7.188663e+002;2.348464e-001
7.193484e+002;2.346194e-001
7.198306e+002;2.343884e-001
7.203127e+002;2.341572e-001
7.207948e+002;2.339307e-001
7.212770e+002;2.337111e-001
7.217592e+002;2.334973e-001
7.222412e+002;2.332839e-001
7.227234e+002;2.330647e-001
7.232056e+002;2.328341e-001
7.236876e+002;2.325889e-001
7.241698e+002;2.323296e-001
7.246520e+002;2.320592e-001
7.251340e+002;2.317826e-001
7.256162e+002;2.315055e-001
7.260984e+002;2.312335e-001
7.265804e+002;2.309720e-001
7.270626e+002;2.307249e-001
7.275448e+002;2.304944e-001
7.280269e+002;2.302783e-001
7.285090e+002;2.300716e-001
7.289912e+002;2.298660e-001
7.294733e+002;2.296529e-001
7.299554e+002;2.294259e-001
7.304376e+002;2.291829e-001
7.309197e+002;2.289269e-001
7.314019e+002;2.286633e-001
7.318840e+002;2.283978e-001
7.323661e+002;2.281334e-001
7.328483e+002;2.278691e-001
7.333304e+002;2.276014e-001
7.338125e+002;2.273264e-001
7.342947e+002;2.270439e-001
7.347769e+002;2.267577e-001
7.352589e+002;2.264754e-001
7.357411e+002;2.262045e-001
7.362233e+002;2.259498e-001
7.367053e+002;2.257107e-001
7.371875e+002;2.254816e-001
7.376697e+002;2.252539e-001
7.381517e+002;2.250206e-001
7.386339e+002;2.247773e-001
7.391161e+002;2.245243e-001
7.395981e+002;2.242640e-001
7.400803e+002;2.239997e-001
7.405625e+002;2.237329e-001
7.410446e+002;2.234634e-001
7.415267e+002;2.231917e-001
7.420089e+002;2.229200e-001
7.424910e+002;2.226530e-001
7.429731e+002;2.223974e-001
7.434553e+002;2.221577e-001
7.439374e+002;2.219346e-001
7.444196e+002;2.217218e-001
7.449017e+002;2.215086e-001
7.453838e+002;2.212821e-001
7.458660e+002;2.210339e-001
7.463481e+002;2.207613e-001
7.468302e+002;2.204700e-001
7.473124e+002;2.201702e-001
7.477945e+002;2.198722e-001
7.482766e+002;2.195825e-001
7.487588e+002;2.193014e-001
7.492409e+002;2.190243e-001
7.497230e+002;2.187450e-001
7.502052e+002;2.184585e-001
7.506873e+002;2.181648e-001
7.511694e+002;2.178672e-001
7.516516e+002;2.175711e-001
7.521337e+002;2.172804e-001
7.526158e+002;2.169964e-001
7.530980e+002;2.167174e-001
7.535801e+002;2.164401e-001
7.540623e+002;2.161623e-001
7.545444e+002;2.158838e-001
7.550266e+002;2.156062e-001
7.555087e+002;2.153310e-001
7.559908e+002;2.150578e-001
7.564730e+002;2.147839e-001
7.569551e+002;2.145035e-001
7.574373e+002;2.142112e-001
7.579194e+002;2.139032e-001
7.584015e+002;2.135795e-001
7.588837e+002;2.132436e-001
7.593658e+002;2.129010e-001
7.598479e+002;2.125573e-001
7.603301e+002;2.122167e-001
7.608122e+002;2.118810e-001
7.612943e+002;2.115512e-001
7.617765e+002;2.112275e-001
7.622586e+002;2.109112e-001
7.627407e+002;2.106041e-001
7.632229e+002;2.103081e-001
7.637050e+002;2.100238e-001
7.641871e+002;2.097511e-001
7.646693e+002;2.094876e-001
7.651514e+002;2.092302e-001
7.656335e+002;2.089755e-001
7.661157e+002;2.087195e-001
7.665978e+002;2.084581e-001
7.670800e+002;2.081877e-001
7.675621e+002;2.079043e-001
7.680443e+002;2.076058e-001
7.685264e+002;2.072927e-001
7.690085e+002;2.069690e-001
7.694907e+002;2.066411e-001
7.699728e+002;2.063164e-001
7.704550e+002;2.060003e-001
7.709371e+002;2.056935e-001
7.714192e+002;2.053916e-001
7.719014e+002;2.050862e-001
7.723835e+002;2.047683e-001
7.728656e+002;2.044318e-001
7.733478e+002;2.040758e-001
7.738299e+002;2.037051e-001
7.743120e+002;2.033278e-001
7.747942e+002;2.029521e-001
7.752763e+002;2.025837e-001
7.757584e+002;2.022235e-001
7.762406e+002;2.018695e-001
7.767227e+002;2.015182e-001
7.772048e+002;2.011671e-001
7.776870e+002;2.008168e-001
7.781691e+002;2.004697e-001
7.786512e+002;2.001287e-001
7.791334e+002;1.997953e-001
7.796155e+002;1.994680e-001
7.800977e+002;1.991428e-001
7.805798e+002;1.988147e-001
7.810620e+002;1.984794e-001
7.815441e+002;1.981354e-001
7.820262e+002;1.977835e-001
7.825084e+002;1.974273e-001
7.829905e+002;1.970708e-001
7.834727e+002;1.967184e-001
7.839548e+002;1.963739e-001
7.844369e+002;1.960402e-001
7.849191e+002;1.957193e-001
7.854012e+002;1.954123e-001
7.858833e+002;1.951181e-001
7.863655e+002;1.948336e-001
7.868476e+002;1.945530e-001
7.873297e+002;1.942701e-001
7.878119e+002;1.939793e-001
7.882940e+002;1.936778e-001
7.887761e+002;1.933668e-001
7.892583e+002;1.930506e-001
7.897404e+002;1.927346e-001
7.902225e+002;1.924233e-001
7.907047e+002;1.921175e-001
7.911868e+002;1.918152e-001
7.916689e+002;1.915113e-001
7.921511e+002;1.912010e-001
7.926332e+002;1.908810e-001
7.931154e+002;1.905515e-001
7.935975e+002;1.902152e-001
7.940797e+002;1.898757e-001
7.945618e+002;1.895368e-001
7.950439e+002;1.892006e-001
7.955261e+002;1.888682e-001
7.960082e+002;1.885408e-001
7.964904e+002;1.882192e-001
7.969725e+002;1.879049e-001
7.974546e+002;1.875985e-001
7.979368e+002;1.872983e-001
7.984189e+002;1.870002e-001
7.989010e+002;1.866980e-001
7.993832e+002;1.863855e-001
7.998653e+002;1.860582e-001
8.003474e+002;1.857160e-001
8.008296e+002;1.853626e-001
8.013117e+002;1.850039e-001
8.017938e+002;1.846461e-001
8.022760e+002;1.842927e-001
8.027581e+002;1.839439e-001
8.032402e+002;1.835972e-001
8.037224e+002;1.832493e-001
8.042045e+002;1.828981e-001
8.046866e+002;1.825431e-001
8.051688e+002;1.821855e-001
8.056509e+002;1.818263e-001
8.061331e+002;1.814652e-001
8.066152e+002;1.811001e-001
8.070974e+002;1.807279e-001
8.075795e+002;1.803462e-001
8.080616e+002;1.799555e-001
8.085438e+002;1.795600e-001
8.090259e+002;1.791657e-001
8.095081e+002;1.787799e-001
8.099902e+002;1.784070e-001
8.104723e+002;1.780481e-001
8.109545e+002;1.777004e-001
8.114366e+002;1.773591e-001
8.119187e+002;1.770190e-001
8.124009e+002;1.766773e-001
8.128830e+002;1.763337e-001
8.133651e+002;1.759899e-001
8.138473e+002;1.756481e-001
8.143294e+002;1.753096e-001
8.148115e+002;1.749736e-001
8.152937e+002;1.746375e-001
8.157758e+002;1.742982e-001
8.162579e+002;1.739527e-001
8.167401e+002;1.736002e-001
8.172222e+002;1.732413e-001
8.177043e+002;1.728789e-001
8.181865e+002;1.725156e-001
8.186686e+002;1.721546e-001
8.191508e+002;1.717980e-001
8.196329e+002;1.714464e-001
8.201151e+002;1.711003e-001
8.205972e+002;1.707593e-001
8.210793e+002;1.704230e-001
8.215615e+002;1.700914e-001
8.220436e+002;1.697655e-001
8.225258e+002;1.694462e-001
8.230079e+002;1.691346e-001
8.234900e+002;1.688308e-001
8.239722e+002;1.685332e-001
8.244543e+002;1.682380e-001
8.249364e+002;1.679399e-001
8.254186e+002;1.676335e-001
8.259007e+002;1.673144e-001
8.263828e+002;1.669814e-001
8.268650e+002;1.666371e-001
8.273471e+002;1.662869e-001
8.278292e+002;1.659377e-001
8.283114e+002;1.655950e-001
8.287935e+002;1.652608e-001
8.292756e+002;1.649326e-001
8.297578e+002;1.646044e-001
8.302399e+002;1.642684e-001
8.307220e+002;1.639177e-001
8.312042e+002;1.635491e-001
8.316863e+002;1.631637e-001
8.321685e+002;1.627667e-001
8.326506e+002;1.623660e-001
8.331328e+002;1.619694e-001
8.336149e+002;1.615828e-001
8.340970e+002;1.612099e-001
8.345792e+002;1.608504e-001
8.350613e+002;1.605016e-001
8.355435e+002;1.601589e-001
8.360256e+002;1.598173e-001
8.365077e+002;1.594722e-001
8.369899e+002;1.591209e-001
8.374720e+002;1.587630e-001
8.379541e+002;1.584000e-001
8.384363e+002;1.580357e-001
8.389184e+002;1.576744e-001
8.394005e+002;1.573195e-001
8.398827e+002;1.569729e-001
8.403648e+002;1.566340e-001
8.408469e+002;1.563003e-001
8.413291e+002;1.559687e-001
8.418112e+002;1.556367e-001
8.422933e+002;1.553027e-001
8.427755e+002;1.549664e-001
8.432576e+002;1.546282e-001
8.437397e+002;1.542874e-001
8.442219e+002;1.539423e-001
8.447040e+002;1.535899e-001
8.451862e+002;1.532274e-001
8.456683e+002;1.528537e-001
8.461505e+002;1.524705e-001
8.466326e+002;1.520824e-001
8.471147e+002;1.516955e-001
8.475969e+002;1.513153e-001
8.480790e+002;1.509447e-001
8.485612e+002;1.505833e-001
8.490433e+002;1.502278e-001
8.495254e+002;1.498737e-001
8.500076e+002;1.495177e-001
8.504897e+002;1.491585e-001
8.509718e+002;1.487982e-001
8.514540e+002;1.484401e-001
8.519361e+002;1.480877e-001
8.524182e+002;1.477430e-001
8.529004e+002;1.474055e-001
8.533825e+002;1.470722e-001
8.538646e+002;1.467396e-001
8.543468e+002;1.464039e-001
8.548289e+002;1.460625e-001
8.553110e+002;1.457143e-001
8.557932e+002;1.453590e-001
8.562753e+002;1.449969e-001
8.567574e+002;1.446292e-001
8.572396e+002;1.442571e-001
8.577217e+002;1.438830e-001
8.582039e+002;1.435097e-001
8.586860e+002;1.431410e-001
8.591682e+002;1.427792e-001
8.596503e+002;1.424259e-001
8.601324e+002;1.420806e-001
8.606146e+002;1.417420e-001
8.610967e+002;1.414074e-001
8.615789e+002;1.410753e-001
8.620610e+002;1.407441e-001
8.625431e+002;1.404135e-001
8.630253e+002;1.400837e-001
8.635074e+002;1.397539e-001
8.639895e+002;1.394225e-001
8.644717e+002;1.390875e-001
8.649538e+002;1.387465e-001
8.654359e+002;1.383986e-001
8.659181e+002;1.380444e-001
8.664002e+002;1.376864e-001
8.668823e+002;1.373283e-001
8.673645e+002;1.369733e-001
8.678466e+002;1.366237e-001
8.683287e+002;1.362804e-001
8.688109e+002;1.359428e-001
8.692930e+002;1.356099e-001
8.697751e+002;1.352801e-001
8.702573e+002;1.349523e-001
8.707394e+002;1.346250e-001
8.712216e+002;1.342972e-001
8.717037e+002;1.339670e-001
8.721859e+002;1.336334e-001
8.726680e+002;1.332957e-001
8.731501e+002;1.329547e-001
8.736323e+002;1.326121e-001
8.741144e+002;1.322707e-001
8.745966e+002;1.319321e-001
8.750787e+002;1.315970e-001
8.755608e+002;1.312640e-001
8.760430e+002;1.309310e-001
8.765251e+002;1.305952e-001
8.770072e+002;1.302557e-001
8.774894e+002;1.299135e-001
8.779715e+002;1.295716e-001
8.784536e+002;1.292334e-001
8.789358e+002;1.289015e-001
8.794179e+002;1.285764e-001
8.799000e+002;1.282564e-001
8.803822e+002;1.279383e-001
8.808643e+002;1.276195e-001
8.813464e+002;1.272989e-001
8.818286e+002;1.269786e-001
8.823107e+002;1.266620e-001
8.827928e+002;1.263530e-001
8.832750e+002;1.260544e-001
8.837571e+002;1.257657e-001
8.842393e+002;1.254834e-001
8.847214e+002;1.252023e-001
8.852036e+002;1.249165e-001
8.856857e+002;1.246220e-001
8.861678e+002;1.243174e-001
8.866500e+002;1.240040e-001
8.871321e+002;1.236855e-001
8.876143e+002;1.233672e-001
8.880964e+002;1.230537e-001
8.885785e+002;1.227494e-001
8.890607e+002;1.224572e-001
8.895428e+002;1.221787e-001
8.900249e+002;1.219137e-001
8.905071e+002;1.216609e-001
8.909892e+002;1.214174e-001
8.914713e+002;1.211795e-001
8.919535e+002;1.209430e-001
8.924356e+002;1.207041e-001
8.929177e+002;1.204603e-001
8.933999e+002;1.202103e-001
8.938820e+002;1.199545e-001
8.943641e+002;1.196938e-001
8.948463e+002;1.194297e-001
8.953284e+002;1.191631e-001
8.958105e+002;1.188939e-001
8.962927e+002;1.186225e-001
8.967748e+002;1.183481e-001
8.972570e+002;1.180712e-001
8.977391e+002;1.177927e-001
8.982213e+002;1.175146e-001
8.987034e+002;1.172391e-001
8.991855e+002;1.169683e-001
8.996677e+002;1.167040e-001
9.001498e+002;1.164476e-001
9.006320e+002;1.161991e-001
9.011141e+002;1.159578e-001
9.015962e+002;1.157221e-001
9.020784e+002;1.154897e-001
9.025605e+002;1.152570e-001
9.030426e+002;1.150216e-001
9.035248e+002;1.147808e-001
9.040069e+002;1.145343e-001
9.044890e+002;1.142833e-001
9.049712e+002;1.140307e-001
9.054533e+002;1.137807e-001
9.059354e+002;1.135374e-001
9.064176e+002;1.133030e-001
9.068997e+002;1.130783e-001
9.073818e+002;1.128608e-001
9.078640e+002;1.126474e-001
9.083461e+002;1.124339e-001
9.088282e+002;1.122175e-001
9.093104e+002;1.119972e-001
9.097925e+002;1.117739e-001
9.102747e+002;1.115504e-001
9.107568e+002;1.113294e-001
9.112390e+002;1.111133e-001
9.117211e+002;1.109027e-001
9.122032e+002;1.106964e-001
9.126853e+002;1.104932e-001
9.131675e+002;1.102912e-001
9.136497e+002;1.100901e-001
9.141317e+002;1.098908e-001
9.146139e+002;1.096961e-001
9.150961e+002;1.095090e-001
9.155781e+002;1.093322e-001
9.160603e+002;1.091664e-001
9.165425e+002;1.090105e-001
9.170245e+002;1.088610e-001
9.175067e+002;1.087136e-001
9.179889e+002;1.085632e-001
9.184709e+002;1.084067e-001
9.189531e+002;1.082424e-001
9.194353e+002;1.080712e-001
9.199174e+002;1.078951e-001
9.203995e+002;1.077174e-001
9.208817e+002;1.075409e-001
9.213638e+002;1.073669e-001
9.218459e+002;1.071957e-001
9.223281e+002;1.070260e-001
9.228102e+002;1.068563e-001
9.232924e+002;1.066850e-001
9.237745e+002;1.065109e-001
9.242566e+002;1.063341e-001
9.247388e+002;1.061554e-001
9.252209e+002;1.059757e-001
9.257030e+002;1.057955e-001
9.261852e+002;1.056150e-001
9.266674e+002;1.054330e-001
9.271494e+002;1.052477e-001
9.276316e+002;1.050567e-001
9.281138e+002;1.048582e-001
9.285958e+002;1.046506e-001
9.290780e+002;1.044337e-001
9.295602e+002;1.042084e-001
9.300422e+002;1.039775e-001
9.305244e+002;1.037442e-001
9.310066e+002;1.035126e-001
9.314886e+002;1.032856e-001
9.319708e+002;1.030653e-001
9.324530e+002;1.028520e-001
9.329351e+002;1.026442e-001
9.334172e+002;1.024392e-001
9.338994e+002;1.022339e-001
9.343815e+002;1.020256e-001
9.348636e+002;1.018131e-001
9.353458e+002;1.015962e-001
9.358279e+002;1.013771e-001
9.363101e+002;1.011585e-001
9.367922e+002;1.009437e-001
9.372743e+002;1.007351e-001
9.377565e+002;1.005343e-001
9.382386e+002;1.003411e-001
9.387207e+002;1.001537e-001
9.392029e+002;9.996965e-002
9.396851e+002;9.978609e-002
9.401671e+002;9.960072e-002
9.406493e+002;9.941299e-002
9.411315e+002;9.922361e-002
9.416135e+002;9.903539e-002
9.420957e+002;9.885137e-002
9.425779e+002;9.867481e-002
9.430599e+002;9.850692e-002
9.435421e+002;9.834651e-002
9.440243e+002;9.819072e-002
9.445063e+002;9.803472e-002
9.449885e+002;9.787381e-002
9.454707e+002;9.770546e-002
9.459528e+002;9.752946e-002
9.464349e+002;9.734883e-002
9.469171e+002;9.716861e-002
9.473992e+002;9.699452e-002
9.478813e+002;9.683032e-002
9.483635e+002;9.667739e-002
9.488456e+002;9.653369e-002
9.493278e+002;9.639502e-002
9.498099e+002;9.625658e-002
9.502920e+002;9.611418e-002
9.507742e+002;9.596603e-002
9.512563e+002;9.581277e-002
9.517384e+002;9.565666e-002
9.522206e+002;9.550067e-002
9.527028e+002;9.534708e-002
9.531848e+002;9.519685e-002
9.536670e+002;9.504960e-002
9.541492e+002;9.490462e-002
9.546312e+002;9.476093e-002
9.551134e+002;9.461831e-002
9.555956e+002;9.447730e-002
9.560776e+002;9.433904e-002
9.565598e+002;9.420392e-002
9.570420e+002;9.407222e-002
9.575240e+002;9.394310e-002
9.580062e+002;9.381589e-002
9.584884e+002;9.368955e-002
9.589705e+002;9.356455e-002
9.594526e+002;9.344162e-002
9.599348e+002;9.332248e-002
9.604169e+002;9.320875e-002
9.608990e+002;9.310121e-002
9.613812e+002;9.299979e-002
9.618633e+002;9.290347e-002
9.623455e+002;9.281065e-002
9.628276e+002;9.272004e-002
9.633097e+002;9.263101e-002
9.637919e+002;9.254437e-002
9.642740e+002;9.246114e-002
9.647561e+002;9.238321e-002
9.652383e+002;9.231176e-002
9.657205e+002;9.224747e-002
9.662025e+002;9.218995e-002
9.666847e+002;9.213826e-002
9.671669e+002;9.209103e-002
9.676489e+002;9.204695e-002
9.681311e+002;9.200528e-002
9.686133e+002;9.196568e-002
9.690953e+002;9.192837e-002
9.695775e+002;9.189393e-002
9.700597e+002;9.186304e-002
9.705417e+002;9.183661e-002
9.710239e+002;9.181550e-002
9.715061e+002;9.180021e-002
9.719882e+002;9.179091e-002
9.724703e+002;9.178756e-002
9.729525e+002;9.178984e-002
9.734346e+002;9.179708e-002
9.739167e+002;9.180930e-002
9.743989e+002;9.182691e-002
9.748810e+002;9.185087e-002
9.753632e+002;9.188299e-002
9.758453e+002;9.192493e-002
9.763274e+002;9.197832e-002
9.768096e+002;9.204336e-002
9.772917e+002;9.211964e-002
9.777738e+002;9.220596e-002
9.782560e+002;9.230091e-002
9.787382e+002;9.240409e-002
9.792202e+002;9.251577e-002
9.797024e+002;9.263800e-002
9.801846e+002;9.277396e-002
9.806666e+002;9.292649e-002
9.811488e+002;9.309848e-002
9.816310e+002;9.329069e-002
9.821130e+002;9.350308e-002
9.825952e+002;9.373352e-002
9.830774e+002;9.397972e-002
9.835594e+002;9.423891e-002
9.840416e+002;9.450941e-002
9.845238e+002;9.478993e-002
9.850059e+002;9.508012e-002
9.854880e+002;9.537980e-002
9.859702e+002;9.568822e-002
9.864523e+002;9.600375e-002
9.869344e+002;9.632325e-002
9.874166e+002;9.664214e-002
9.878987e+002;9.695478e-002
9.883809e+002;9.725478e-002
9.888630e+002;9.753645e-002
9.893451e+002;9.779485e-002
9.898273e+002;9.802689e-002
9.903094e+002;9.823146e-002
9.907915e+002;9.840885e-002
9.912737e+002;9.856083e-002
9.917559e+002;9.868943e-002
9.922379e+002;9.879635e-002
9.927201e+002;9.888308e-002
9.932023e+002;9.894998e-002
9.936843e+002;9.899801e-002
9.941665e+002;9.902782e-002
9.946487e+002;9.904138e-002
9.951307e+002;9.904124e-002
9.956129e+002;9.903075e-002
9.960951e+002;9.901260e-002
9.965771e+002;9.898878e-002
9.970593e+002;9.895954e-002
9.975415e+002;9.892440e-002
9.980236e+002;9.888148e-002
9.985057e+002;9.882995e-002
9.989879e+002;9.876966e-002
9.994700e+002;9.870216e-002
9.999521e+002;9.862981e-002
1.000434e+003;9.855546e-002
1.000916e+003;9.848069e-002
1.001399e+003;9.840555e-002
1.001881e+003;9.832828e-002
1.002363e+003;9.824652e-002
1.002845e+003;9.815797e-002
1.003327e+003;9.806209e-002
1.003809e+003;9.796034e-002
1.004291e+003;9.785631e-002
1.004774e+003;9.775446e-002
1.005256e+003;9.765930e-002
1.005738e+003;9.757413e-002
1.006220e+003;9.750119e-002
1.006702e+003;9.744149e-002
1.007184e+003;9.739636e-002
1.007666e+003;9.736705e-002
1.008148e+003;9.735575e-002
1.008631e+003;9.736402e-002
1.009113e+003;9.739295e-002
1.009595e+003;9.744130e-002
1.010077e+003;9.750626e-002
1.010559e+003;9.758347e-002
1.011041e+003;9.766857e-002
1.011523e+003;9.775845e-002
1.012006e+003;9.785243e-002
1.012488e+003;9.795169e-002
1.012970e+003;9.805901e-002
1.013452e+003;9.817658e-002
1.013934e+003;9.830515e-002
1.014416e+003;9.844315e-002
1.014898e+003;9.858683e-002
1.015380e+003;9.873131e-002
1.015863e+003;9.887243e-002
1.016345e+003;9.900627e-002
1.016827e+003;9.913103e-002
1.017309e+003;9.924556e-002
1.017791e+003;9.934929e-002
1.018273e+003;9.944092e-002
1.018755e+003;9.951935e-002
1.019238e+003;9.958345e-002
1.019720e+003;9.963319e-002
1.020202e+003;9.967022e-002
1.020684e+003;9.969866e-002
1.021166e+003;9.972409e-002
1.021648e+003;9.975261e-002
1.022130e+003;9.978998e-002
1.022613e+003;9.984028e-002
1.023095e+003;9.990555e-002
1.023577e+003;9.998611e-002
1.024059e+003;1.000811e-001
1.024541e+003;1.001899e-001
1.025023e+003;1.003120e-001
1.025505e+003;1.004472e-001
1.025988e+003;1.005958e-001
1.026470e+003;1.007575e-001
1.026952e+003;1.009308e-001
1.027434e+003;1.011132e-001
1.027916e+003;1.013001e-001
1.028398e+003;1.014864e-001
1.028880e+003;1.016666e-001
1.029363e+003;1.018362e-001
1.029845e+003;1.019917e-001
1.030327e+003;1.021318e-001
1.030809e+003;1.022567e-001
1.031291e+003;1.023674e-001
1.031773e+003;1.024651e-001
1.032255e+003;1.025503e-001
1.032737e+003;1.026223e-001
1.033220e+003;1.026801e-001
1.033702e+003;1.027221e-001
1.034184e+003;1.027478e-001
1.034666e+003;1.027579e-001
1.035148e+003;1.027547e-001
1.035630e+003;1.027411e-001
1.036112e+003;1.027202e-001
1.036595e+003;1.026934e-001
1.037077e+003;1.026609e-001
1.037559e+003;1.026217e-001
1.038041e+003;1.025742e-001
1.038523e+003;1.025176e-001
1.039005e+003;1.024529e-001
1.039487e+003;1.023822e-001
1.039969e+003;1.023083e-001
1.040452e+003;1.022332e-001
1.040934e+003;1.021578e-001
1.041416e+003;1.020813e-001
1.041898e+003;1.020020e-001
1.042380e+003;1.019184e-001
1.042862e+003;1.018313e-001
1.043344e+003;1.017433e-001
1.043827e+003;1.016588e-001
1.044309e+003;1.015828e-001
1.044791e+003;1.015189e-001
1.045273e+003;1.014678e-001
1.045755e+003;1.014280e-001
1.046237e+003;1.013956e-001
1.046719e+003;1.013661e-001
1.047202e+003;1.013363e-001
1.047684e+003;1.013057e-001
1.048166e+003;1.012753e-001
1.048648e+003;1.012485e-001
1.049130e+003;1.012289e-001
1.049612e+003;1.012196e-001
1.050094e+003;1.012220e-001
1.050577e+003;1.012366e-001
1.051059e+003;1.012621e-001
1.051541e+003;1.012967e-001
1.052023e+003;1.013375e-001
1.052505e+003;1.013814e-001
1.052987e+003;1.014242e-001
1.053469e+003;1.014614e-001
1.053952e+003;1.014886e-001
1.054434e+003;1.015015e-001
1.054916e+003;1.014971e-001
1.055398e+003;1.014736e-001
1.055880e+003;1.014301e-001
1.056362e+003;1.013671e-001
1.056844e+003;1.012852e-001
1.057326e+003;1.011855e-001
1.057809e+003;1.010693e-001
1.058291e+003;1.009387e-001
1.058773e+003;1.007963e-001
1.059255e+003;1.006456e-001
1.059737e+003;1.004908e-001
1.060219e+003;1.003352e-001
1.060701e+003;1.001814e-001
1.061184e+003;1.000309e-001
1.061666e+003;9.988302e-002
1.062148e+003;9.973722e-002
1.062630e+003;9.959203e-002
1.063112e+003;9.944749e-002
1.063594e+003;9.930436e-002
1.064076e+003;9.916490e-002
1.064558e+003;9.903187e-002
1.065041e+003;9.890850e-002
1.065523e+003;9.879710e-002
1.066005e+003;9.869913e-002
1.066487e+003;9.861430e-002
1.066969e+003;9.854149e-002
1.067451e+003;9.847821e-002
1.067933e+003;9.842240e-002
1.068416e+003;9.837188e-002
1.068898e+003;9.832643e-002
1.069380e+003;9.828734e-002
1.069862e+003;9.825706e-002
1.070344e+003;9.823913e-002
1.070826e+003;9.823678e-002
1.071308e+003;9.825135e-002
1.071791e+003;9.828199e-002
1.072273e+003;9.832516e-002
1.072755e+003;9.837543e-002
1.073237e+003;9.842701e-002
1.073719e+003;9.847517e-002
1.074201e+003;9.851751e-002
1.074683e+003;9.855474e-002
1.075166e+003;9.858888e-002
1.075648e+003;9.862310e-002
1.076130e+003;9.865917e-002
1.076612e+003;9.869656e-002
1.077094e+003;9.873225e-002
1.077576e+003;9.876104e-002
1.078058e+003;9.877720e-002
1.078541e+003;9.877502e-002
1.079023e+003;9.875033e-002
1.079505e+003;9.870052e-002
1.079987e+003;9.862385e-002
1.080469e+003;9.851950e-002
1.080951e+003;9.838676e-002
1.081433e+003;9.822474e-002
1.081915e+003;9.803189e-002
1.082398e+003;9.780743e-002
1.082880e+003;9.755044e-002
1.083362e+003;9.726084e-002
1.083844e+003;9.693938e-002
1.084326e+003;9.658857e-002
1.084808e+003;9.621211e-002
1.085290e+003;9.581611e-002
1.085773e+003;9.540768e-002
1.086255e+003;9.499572e-002
1.086737e+003;9.458889e-002
1.087219e+003;9.419513e-002
1.087701e+003;9.382056e-002
1.088183e+003;9.346943e-002
1.088665e+003;9.314388e-002
1.089147e+003;9.284533e-002
1.089630e+003;9.257433e-002
1.090112e+003;9.233268e-002
1.090594e+003;9.212185e-002
1.091076e+003;9.194465e-002
1.091558e+003;9.180258e-002
1.092040e+003;9.169706e-002
1.092522e+003;9.162726e-002
1.093005e+003;9.159175e-002
1.093487e+003;9.158801e-002
1.093969e+003;9.161272e-002
1.094451e+003;9.166251e-002
1.094933e+003;9.173420e-002
1.095415e+003;9.182365e-002
1.095897e+003;9.192740e-002
1.096380e+003;9.204134e-002
1.096862e+003;9.216242e-002
1.097344e+003;9.228833e-002
1.097826e+003;9.241895e-002
1.098308e+003;9.255559e-002
1.098790e+003;9.270055e-002
1.099272e+003;9.285571e-002
1.099755e+003;9.302155e-002
1.100237e+003;9.319568e-002
1.100719e+003;9.337354e-002
1.101201e+003;9.354816e-002
1.101683e+003;9.371253e-002
1.102165e+003;9.386033e-002
1.102647e+003;9.398793e-002
1.103130e+003;9.409385e-002
1.103612e+003;9.417993e-002
1.104094e+003;9.424943e-002
1.104576e+003;9.430709e-002
1.105058e+003;9.435756e-002
1.105540e+003;9.440500e-002
1.106022e+003;9.445245e-002
1.106504e+003;9.450136e-002
1.106987e+003;9.455130e-002
1.107469e+003;9.460027e-002
1.107951e+003;9.464469e-002
1.108433e+003;9.468096e-002
1.108915e+003;9.470480e-002
1.109397e+003;9.471379e-002
1.109879e+003;9.470644e-002
1.110362e+003;9.468352e-002
1.110844e+003;9.464642e-002
1.111326e+003;9.459770e-002
1.111808e+003;9.453975e-002
1.112290e+003;9.447473e-002
1.112772e+003;9.440378e-002
1.113254e+003;9.432837e-002
1.113736e+003;9.424925e-002
1.114219e+003;9.416748e-002
1.114701e+003;9.408380e-002
1.115183e+003;9.399941e-002
1.115665e+003;9.391475e-002
1.116147e+003;9.383041e-002
1.116629e+003;9.374655e-002
1.117111e+003;9.366406e-002
1.117594e+003;9.358355e-002
1.118076e+003;9.350646e-002
1.118558e+003;9.343389e-002
1.119040e+003;9.336662e-002
1.119522e+003;9.330460e-002
1.120004e+003;9.324709e-002
1.120486e+003;9.319247e-002
1.120969e+003;9.313935e-002
1.121451e+003;9.308651e-002
1.121933e+003;9.303400e-002
1.122415e+003;9.298281e-002
1.122897e+003;9.293439e-002
1.123379e+003;9.289005e-002
1.123861e+003;9.285089e-002
1.124344e+003;9.281681e-002
1.124826e+003;9.278721e-002
1.125308e+003;9.276032e-002
1.125790e+003;9.273520e-002
1.126272e+003;9.271012e-002
1.126754e+003;9.268483e-002
1.127236e+003;9.265880e-002
1.127719e+003;9.263282e-002
1.128201e+003;9.260765e-002
1.128683e+003;9.258506e-002
1.129165e+003;9.256715e-002
1.129647e+003;9.255607e-002
1.130129e+003;9.255372e-002
1.130611e+003;9.256122e-002
1.131093e+003;9.257814e-002
1.131576e+003;9.260269e-002
1.132058e+003;9.263130e-002
1.132540e+003;9.266070e-002
1.133022e+003;9.268695e-002
1.133504e+003;9.270804e-002
1.133986e+003;9.272235e-002
1.134468e+003;9.273030e-002
1.134951e+003;9.273271e-002
1.135433e+003;9.273066e-002
1.135915e+003;9.272484e-002
1.136397e+003;9.271595e-002
1.136879e+003;9.270409e-002
1.137361e+003;9.269018e-002
1.137843e+003;9.267494e-002
1.138325e+003;9.265957e-002
1.138808e+003;9.264462e-002
1.139290e+003;9.263013e-002
1.139772e+003;9.261505e-002
1.140254e+003;9.259735e-002
1.140736e+003;9.257471e-002
1.141218e+003;9.254531e-002
1.141700e+003;9.250835e-002
1.142183e+003;9.246483e-002
1.142665e+003;9.241664e-002
1.143147e+003;9.236609e-002
1.143629e+003;9.231517e-002
1.144111e+003;9.226491e-002
1.144593e+003;9.221498e-002
1.145075e+003;9.216431e-002
1.145557e+003;9.211150e-002
1.146040e+003;9.205519e-002
1.146522e+003;9.199472e-002
1.147004e+003;9.192982e-002
1.147486e+003;9.186037e-002
1.147968e+003;9.178647e-002
1.148450e+003;9.170804e-002
1.148932e+003;9.162553e-002
1.149415e+003;9.153973e-002
1.149897e+003;9.145245e-002
1.150379e+003;9.136572e-002
1.150861e+003;9.128243e-002
1.151343e+003;9.120418e-002
1.151825e+003;9.113228e-002
1.152307e+003;9.106646e-002
1.152790e+003;9.100567e-002
1.153272e+003;9.094852e-002
1.153754e+003;9.089386e-002
1.154236e+003;9.084087e-002
1.154718e+003;9.078979e-002
1.155200e+003;9.074043e-002
1.155682e+003;9.069246e-002
1.156165e+003;9.064496e-002
1.156647e+003;9.059645e-002
1.157129e+003;9.054483e-002
1.157611e+003;9.048893e-002
1.158093e+003;9.042813e-002
1.158575e+003;9.036279e-002
1.159057e+003;9.029386e-002
1.159540e+003;9.022268e-002
1.160022e+003;9.014944e-002
1.160504e+003;9.007396e-002
1.160986e+003;8.999537e-002
1.161468e+003;8.991278e-002
1.161950e+003;8.982588e-002
1.162432e+003;8.973575e-002
1.162914e+003;8.964392e-002
1.163397e+003;8.955298e-002
1.163879e+003;8.946485e-002
1.164361e+003;8.938099e-002
1.164843e+003;8.930106e-002
1.165325e+003;8.922422e-002
1.165807e+003;8.914821e-002
1.166289e+003;8.907130e-002
1.166772e+003;8.899181e-002
1.167254e+003;8.890942e-002
1.167736e+003;8.882433e-002
1.168218e+003;8.873781e-002
1.168700e+003;8.865170e-002
1.169182e+003;8.856792e-002
1.169664e+003;8.848834e-002
1.170146e+003;8.841462e-002
1.170629e+003;8.834775e-002
1.171111e+003;8.828811e-002
1.171593e+003;8.823542e-002
1.172075e+003;8.818907e-002
1.172557e+003;8.814824e-002
1.173039e+003;8.811253e-002
1.173521e+003;8.808178e-002
1.174004e+003;8.805723e-002
1.174486e+003;8.803975e-002
1.174968e+003;8.803035e-002
1.175450e+003;8.802924e-002
1.175932e+003;8.803491e-002
1.176414e+003;8.804475e-002
1.176896e+003;8.805558e-002
1.177379e+003;8.806401e-002
1.177861e+003;8.806793e-002
1.178343e+003;8.806691e-002
1.178825e+003;8.806281e-002
1.179307e+003;8.805870e-002
1.179789e+003;8.805877e-002
1.180271e+003;8.806605e-002
1.180754e+003;8.808246e-002
1.181236e+003;8.810785e-002
1.181718e+003;8.814021e-002
1.182200e+003;8.817684e-002
1.182682e+003;8.821516e-002
1.183164e+003;8.825316e-002
1.183646e+003;8.829065e-002
1.184129e+003;8.832831e-002
1.184611e+003;8.836773e-002
1.185093e+003;8.841065e-002
1.185575e+003;8.845799e-002
1.186057e+003;8.851007e-002
1.186539e+003;8.856587e-002
1.187021e+003;8.862393e-002
1.187503e+003;8.868253e-002
1.187986e+003;8.874013e-002
1.188468e+003;8.879595e-002
1.188950e+003;8.884949e-002
1.189432e+003;8.890159e-002
1.189914e+003;8.895284e-002
1.190396e+003;8.900459e-002
1.190878e+003;8.905759e-002
1.191361e+003;8.911275e-002
1.191843e+003;8.917016e-002
1.192325e+003;8.923011e-002
1.192807e+003;8.929213e-002
1.193289e+003;8.935593e-002
1.193771e+003;8.942060e-002
1.194253e+003;8.948589e-002
1.194735e+003;8.955082e-002
1.195218e+003;8.961513e-002
1.195700e+003;8.967781e-002
1.196182e+003;8.973877e-002
1.196664e+003;8.979746e-002
1.197146e+003;8.985386e-002
1.197628e+003;8.990771e-002
1.198110e+003;8.995888e-002
1.198593e+003;9.000716e-002
1.199075e+003;9.005269e-002
1.199557e+003;9.009529e-002
1.200039e+003;9.013518e-002
1.200521e+003;9.017266e-002
1.201003e+003;9.020899e-002
1.201485e+003;9.024490e-002
1.201968e+003;9.028216e-002
1.202450e+003;9.032174e-002
1.202932e+003;9.036507e-002
1.203414e+003;9.041224e-002
1.203896e+003;9.046325e-002
1.204378e+003;9.051761e-002
1.204860e+003;9.057449e-002
1.205343e+003;9.063240e-002
1.205825e+003;9.068988e-002
1.206307e+003;9.074546e-002
1.206789e+003;9.079774e-002
1.207271e+003;9.084527e-002
1.207753e+003;9.088754e-002
1.208235e+003;9.092417e-002
1.208718e+003;9.095541e-002
1.209200e+003;9.098206e-002
1.209682e+003;9.100494e-002
1.210164e+003;9.102482e-002
1.210646e+003;9.104204e-002
1.211128e+003;9.105698e-002
1.211610e+003;9.107008e-002
1.212092e+003;9.108171e-002
1.212575e+003;9.109341e-002
1.213057e+003;9.110644e-002
1.213539e+003;9.112258e-002
1.214021e+003;9.114292e-002
1.214503e+003;9.116806e-002
1.214985e+003;9.119707e-002
1.215467e+003;9.122846e-002
1.215950e+003;9.126056e-002
1.216432e+003;9.129160e-002
1.216914e+003;9.132096e-002
1.217396e+003;9.134869e-002
1.217878e+003;9.137525e-002
1.218360e+003;9.140193e-002
1.218842e+003;9.142946e-002
1.219324e+003;9.145876e-002
1.219807e+003;9.149011e-002
1.220289e+003;9.152471e-002
1.220771e+003;9.156313e-002
1.221253e+003;9.160668e-002
1.221735e+003;9.165630e-002
1.222217e+003;9.171184e-002
1.222699e+003;9.177229e-002
1.223182e+003;9.183577e-002
1.223664e+003;9.189942e-002
1.224146e+003;9.196095e-002
1.224628e+003;9.201900e-002
1.225110e+003;9.207354e-002
1.225592e+003;9.212503e-002
1.226074e+003;9.217527e-002
1.226557e+003;9.222482e-002
1.227039e+003;9.227373e-002
1.227521e+003;9.232150e-002
1.228003e+003;9.236681e-002
1.228485e+003;9.240912e-002
1.228967e+003;9.244950e-002
1.229449e+003;9.249014e-002
1.229932e+003;9.253403e-002
1.230414e+003;9.258351e-002
1.230896e+003;9.264056e-002
1.231378e+003;9.270450e-002
1.231860e+003;9.277322e-002
1.232342e+003;9.284369e-002
1.232824e+003;9.291305e-002
1.233307e+003;9.297962e-002
1.233789e+003;9.304280e-002
1.234271e+003;9.310379e-002
1.234753e+003;9.316450e-002
1.235235e+003;9.322588e-002
1.235717e+003;9.328885e-002
1.236199e+003;9.335291e-002
1.236681e+003;9.341682e-002
1.237164e+003;9.347906e-002
1.237646e+003;9.353916e-002
1.238128e+003;9.359629e-002
1.238610e+003;9.365150e-002
1.239092e+003;9.370585e-002
1.239574e+003;9.376067e-002
1.240056e+003;9.381755e-002
1.240539e+003;9.387765e-002
1.241021e+003;9.394149e-002
1.241503e+003;9.400964e-002
1.241985e+003;9.408141e-002
1.242467e+003;9.415645e-002
1.242949e+003;9.423302e-002
1.243431e+003;9.430990e-002
1.243913e+003;9.438528e-002
1.244396e+003;9.445814e-002
1.244878e+003;9.452768e-002
1.245360e+003;9.459357e-002
1.245842e+003;9.465615e-002
1.246324e+003;9.471606e-002
1.246806e+003;9.477395e-002
1.247288e+003;9.483118e-002
1.247771e+003;9.488902e-002
1.248253e+003;9.494869e-002
1.248735e+003;9.501159e-002
1.249217e+003;9.507807e-002
1.249699e+003;9.514827e-002
1.250181e+003;9.522130e-002
1.250663e+003;9.529538e-002
1.251146e+003;9.536886e-002
1.251628e+003;9.544035e-002
1.252110e+003;9.550948e-002
1.252592e+003;9.557665e-002
1.253074e+003;9.564296e-002
1.253556e+003;9.570926e-002
1.254038e+003;9.577630e-002
1.254521e+003;9.584315e-002
1.255003e+003;9.590884e-002
1.255485e+003;9.597194e-002
1.255967e+003;9.603200e-002
1.256449e+003;9.608928e-002
1.256931e+003;9.614608e-002
1.257413e+003;9.620447e-002
1.257896e+003;9.626710e-002
1.258378e+003;9.633518e-002
1.258860e+003;9.640872e-002
1.259342e+003;9.648579e-002
1.259824e+003;9.656439e-002
1.260306e+003;9.664224e-002
1.260788e+003;9.671779e-002
1.261270e+003;9.679069e-002
1.261753e+003;9.686114e-002
1.262235e+003;9.692941e-002
1.262717e+003;9.699547e-002
1.263199e+003;9.705806e-002
1.263681e+003;9.711498e-002
1.264163e+003;9.716412e-002
1.264645e+003;9.720355e-002
1.265128e+003;9.723163e-002
1.265610e+003;9.724852e-002
1.266092e+003;9.725554e-002
1.266574e+003;9.725507e-002
1.267056e+003;9.725080e-002
1.267538e+003;9.724706e-002
1.268020e+003;9.724772e-002
1.268502e+003;9.725649e-002
1.268985e+003;9.727527e-002
1.269467e+003;9.730453e-002
1.269949e+003;9.734223e-002
1.270431e+003;9.738585e-002
1.270913e+003;9.743137e-002
1.271395e+003;9.747553e-002
1.271877e+003;9.751601e-002
1.272360e+003;9.755213e-002
1.272842e+003;9.758426e-002
1.273324e+003;9.761436e-002
1.273806e+003;9.764349e-002
1.274288e+003;9.767304e-002
1.274770e+003;9.770344e-002
1.275252e+003;9.773470e-002
1.275734e+003;9.776630e-002
1.276217e+003;9.779835e-002
1.276699e+003;9.783076e-002
1.277181e+003;9.786376e-002
1.277663e+003;9.789743e-002
1.278145e+003;9.793115e-002
1.278627e+003;9.796450e-002
1.279109e+003;9.799647e-002
1.279592e+003;9.802645e-002
1.280074e+003;9.805452e-002
1.280556e+003;9.808107e-002
1.281038e+003;9.810773e-002
1.281520e+003;9.813593e-002
1.282002e+003;9.816679e-002
1.282484e+003;9.820030e-002
1.282967e+003;9.823615e-002
1.283449e+003;9.827272e-002
1.283931e+003;9.830811e-002
1.284413e+003;9.834041e-002
1.284895e+003;9.836802e-002
1.285377e+003;9.838996e-002
1.285859e+003;9.840669e-002
1.286342e+003;9.841857e-002
1.286824e+003;9.842724e-002
1.287306e+003;9.843444e-002
1.287788e+003;9.844198e-002
1.288270e+003;9.845128e-002
1.288752e+003;9.846304e-002
1.289234e+003;9.847736e-002
1.289716e+003;9.849369e-002
1.290199e+003;9.851107e-002
1.290681e+003;9.852929e-002
1.291163e+003;9.854846e-002
1.291645e+003;9.856980e-002
1.292127e+003;9.859516e-002
1.292609e+003;9.862638e-002
1.293091e+003;9.866469e-002
1.293574e+003;9.871056e-002
1.294056e+003;9.876317e-002
1.294538e+003;9.882037e-002
1.295020e+003;9.887940e-002
1.295502e+003;9.893805e-002
1.295984e+003;9.899433e-002
1.296466e+003;9.904714e-002
1.296948e+003;9.909631e-002
1.297431e+003;9.914242e-002
1.297913e+003;9.918641e-002
1.298395e+003;9.922936e-002
1.298877e+003;9.927250e-002
1.299359e+003;9.931688e-002
1.299841e+003;9.936311e-002
1.300323e+003;9.941173e-002
1.300806e+003;9.946307e-002
1.301288e+003;9.951701e-002
1.301770e+003;9.957308e-002
1.302252e+003;9.963140e-002
1.302734e+003;9.969157e-002
1.303216e+003;9.975401e-002
1.303698e+003;9.981894e-002
1.304181e+003;9.988727e-002
1.304663e+003;9.995872e-002
1.305145e+003;1.000332e-001
1.305627e+003;1.001094e-001
1.306109e+003;1.001858e-001
1.306591e+003;1.002604e-001
1.307073e+003;1.003318e-001
1.307556e+003;1.003992e-001
1.308038e+003;1.004628e-001
1.308520e+003;1.005232e-001
1.309002e+003;1.005819e-001
1.309484e+003;1.006404e-001
1.309966e+003;1.006999e-001
1.310448e+003;1.007609e-001
1.310931e+003;1.008235e-001
1.311413e+003;1.008870e-001
1.311895e+003;1.009506e-001
1.312377e+003;1.010138e-001
1.312859e+003;1.010760e-001
1.313341e+003;1.011370e-001
1.313823e+003;1.011974e-001
1.314305e+003;1.012571e-001
1.314788e+003;1.013169e-001
1.315270e+003;1.013768e-001
1.315752e+003;1.014368e-001
1.316234e+003;1.014965e-001
1.316716e+003;1.015557e-001
1.317198e+003;1.016141e-001
1.317680e+003;1.016715e-001
1.318163e+003;1.017275e-001
1.318645e+003;1.017823e-001
1.319127e+003;1.018351e-001
1.319609e+003;1.018856e-001
1.320091e+003;1.019332e-001
1.320573e+003;1.019781e-001
1.321055e+003;1.020206e-001
1.321537e+003;1.020617e-001
1.322020e+003;1.021027e-001
1.322502e+003;1.021449e-001
1.322984e+003;1.021885e-001
1.323466e+003;1.022334e-001
1.323948e+003;1.022784e-001
1.324430e+003;1.023219e-001
1.324912e+003;1.023627e-001
1.325395e+003;1.024002e-001
1.325877e+003;1.024350e-001
1.326359e+003;1.024686e-001
1.326841e+003;1.025032e-001
1.327323e+003;1.025399e-001
1.327805e+003;1.025804e-001
1.328287e+003;1.026246e-001
1.328770e+003;1.026720e-001
1.329252e+003;1.027220e-001
1.329734e+003;1.027741e-001
1.330216e+003;1.028279e-001
1.330698e+003;1.028833e-001
1.331180e+003;1.029396e-001
1.331662e+003;1.029961e-001
1.332145e+003;1.030509e-001
1.332627e+003;1.031026e-001
1.333109e+003;1.031496e-001
1.333591e+003;1.031909e-001
1.334073e+003;1.032270e-001
1.334555e+003;1.032590e-001
1.335037e+003;1.032887e-001
1.335520e+003;1.033182e-001
1.336002e+003;1.033490e-001
1.336484e+003;1.033822e-001
1.336966e+003;1.034184e-001
1.337448e+003;1.034577e-001
1.337930e+003;1.035000e-001
1.338412e+003;1.035442e-001
1.338894e+003;1.035895e-001
1.339377e+003;1.036343e-001
1.339859e+003;1.036773e-001
1.340341e+003;1.037173e-001
1.340823e+003;1.037544e-001
1.341305e+003;1.037901e-001
1.341787e+003;1.038267e-001
1.342269e+003;1.038669e-001
1.342752e+003;1.039131e-001
1.343234e+003;1.039658e-001
1.343716e+003;1.040242e-001
1.344198e+003;1.040854e-001
1.344680e+003;1.041464e-001
1.345162e+003;1.042041e-001
1.345644e+003;1.042570e-001
1.346126e+003;1.043049e-001
1.346609e+003;1.043491e-001
1.347091e+003;1.043917e-001
1.347573e+003;1.044349e-001
1.348055e+003;1.044793e-001
1.348537e+003;1.045259e-001
1.349019e+003;1.045741e-001
1.349501e+003;1.046243e-001
1.349984e+003;1.046762e-001
1.350466e+003;1.047302e-001
1.350948e+003;1.047866e-001
1.351430e+003;1.048455e-001
1.351912e+003;1.049062e-001
1.352394e+003;1.049675e-001
1.352876e+003;1.050276e-001
1.353359e+003;1.050857e-001
1.353841e+003;1.051410e-001
1.354323e+003;1.051943e-001
1.354805e+003;1.052461e-001
1.355287e+003;1.052978e-001
1.355769e+003;1.053497e-001
1.356251e+003;1.054022e-001
1.356734e+003;1.054546e-001
1.357216e+003;1.055062e-001
1.357698e+003;1.055562e-001
1.358180e+003;1.056048e-001
1.358662e+003;1.056521e-001
1.359144e+003;1.056999e-001
1.359626e+003;1.057486e-001
1.360109e+003;1.057996e-001
1.360591e+003;1.058529e-001
1.361073e+003;1.059071e-001
1.361555e+003;1.059614e-001
1.362037e+003;1.060140e-001
1.362519e+003;1.060633e-001
1.363001e+003;1.061084e-001
1.363483e+003;1.061482e-001
1.363966e+003;1.061834e-001
1.364448e+003;1.062142e-001
1.364930e+003;1.062411e-001
1.365412e+003;1.062645e-001
1.365894e+003;1.062850e-001
1.366376e+003;1.063028e-001
1.366858e+003;1.063188e-001
1.367341e+003;1.063340e-001
1.367823e+003;1.063503e-001
1.368305e+003;1.063687e-001
1.368787e+003;1.063904e-001
1.369269e+003;1.064146e-001
1.369751e+003;1.064398e-001
1.370233e+003;1.064626e-001
1.370715e+003;1.064803e-001
1.371198e+003;1.064905e-001
1.371680e+003;1.064930e-001
1.372162e+003;1.064895e-001
1.372644e+003;1.064836e-001
1.373126e+003;1.064791e-001
1.373608e+003;1.064791e-001
1.374090e+003;1.064840e-001
1.374573e+003;1.064925e-001
1.375055e+003;1.065011e-001
1.375537e+003;1.065057e-001
1.376019e+003;1.065028e-001
1.376501e+003;1.064914e-001
1.376983e+003;1.064723e-001
1.377465e+003;1.064484e-001
1.377948e+003;1.064228e-001
1.378430e+003;1.063983e-001
1.378912e+003;1.063762e-001
1.379394e+003;1.063569e-001
1.379876e+003;1.063400e-001
1.380358e+003;1.063250e-001
1.380840e+003;1.063115e-001
1.381323e+003;1.062998e-001
1.381805e+003;1.062903e-001
1.382287e+003;1.062838e-001
1.382769e+003;1.062800e-001
1.383251e+003;1.062787e-001
1.383733e+003;1.062794e-001
1.384215e+003;1.062818e-001
1.384698e+003;1.062863e-001
1.385180e+003;1.062934e-001
1.385662e+003;1.063027e-001
1.386144e+003;1.063138e-001
1.386626e+003;1.063246e-001
1.387108e+003;1.063330e-001
1.387590e+003;1.063365e-001
1.388072e+003;1.063341e-001
1.388555e+003;1.063254e-001
1.389037e+003;1.063124e-001
1.389519e+003;1.062975e-001
1.390001e+003;1.062838e-001
1.390483e+003;1.062748e-001
1.390965e+003;1.062729e-001
1.391447e+003;1.062797e-001
1.391930e+003;1.062973e-001
1.392412e+003;1.063266e-001
1.392894e+003;1.063685e-001
1.393376e+003;1.064220e-001
1.393858e+003;1.064854e-001
1.394340e+003;1.065547e-001
1.394822e+003;1.066255e-001
1.395304e+003;1.066928e-001
1.395787e+003;1.067533e-001
1.396269e+003;1.068054e-001
1.396751e+003;1.068500e-001
1.397233e+003;1.068894e-001
1.397715e+003;1.069267e-001
1.398197e+003;1.069643e-001
1.398679e+003;1.070033e-001
1.399162e+003;1.070434e-001
1.399644e+003;1.070839e-001
1.400126e+003;1.071241e-001
1.400608e+003;1.071647e-001
1.401090e+003;1.072080e-001
1.401572e+003;1.072563e-001
1.402054e+003;1.073129e-001
1.402536e+003;1.073793e-001
1.403019e+003;1.074556e-001
1.403501e+003;1.075405e-001
1.403983e+003;1.076306e-001
1.404465e+003;1.077229e-001
1.404947e+003;1.078144e-001
1.405429e+003;1.079030e-001
1.405911e+003;1.079879e-001
1.406394e+003;1.080694e-001
1.406876e+003;1.081485e-001
1.407358e+003;1.082261e-001
1.407840e+003;1.083030e-001
1.408322e+003;1.083794e-001
1.408804e+003;1.084555e-001
1.409286e+003;1.085306e-001
1.409769e+003;1.086040e-001
1.410251e+003;1.086756e-001
1.410733e+003;1.087452e-001
1.411215e+003;1.088137e-001
1.411697e+003;1.088823e-001
1.412179e+003;1.089526e-001
1.412661e+003;1.090258e-001
1.413144e+003;1.091025e-001
1.413626e+003;1.091821e-001
1.414108e+003;1.092632e-001
1.414590e+003;1.093435e-001
1.415072e+003;1.094217e-001
1.415554e+003;1.094971e-001
1.416036e+003;1.095707e-001
1.416519e+003;1.096451e-001
1.417001e+003;1.097231e-001
1.417483e+003;1.098069e-001
1.417965e+003;1.098969e-001
1.418447e+003;1.099913e-001
1.418929e+003;1.100853e-001
1.419411e+003;1.101732e-001
1.419893e+003;1.102501e-001
1.420376e+003;1.103124e-001
1.420858e+003;1.103603e-001
1.421340e+003;1.103963e-001
1.421822e+003;1.104249e-001
1.422304e+003;1.104513e-001
1.422786e+003;1.104794e-001
1.423268e+003;1.105108e-001
1.423751e+003;1.105454e-001
1.424233e+003;1.105816e-001
1.424715e+003;1.106174e-001
1.425197e+003;1.106517e-001
1.425679e+003;1.106852e-001
1.426161e+003;1.107194e-001
1.426643e+003;1.107570e-001
1.427125e+003;1.108002e-001
1.427608e+003;1.108506e-001
1.428090e+003;1.109073e-001
1.428572e+003;1.109690e-001
1.429054e+003;1.110334e-001
1.429536e+003;1.110978e-001
1.430018e+003;1.111596e-001
1.430500e+003;1.112171e-001
1.430983e+003;1.112685e-001
1.431465e+003;1.113130e-001
1.431947e+003;1.113502e-001
1.432429e+003;1.113809e-001
1.432911e+003;1.114079e-001
1.433393e+003;1.114355e-001
1.433875e+003;1.114691e-001
1.434358e+003;1.115137e-001
1.434840e+003;1.115720e-001
1.435322e+003;1.116436e-001
1.435804e+003;1.117237e-001
1.436286e+003;1.118046e-001
1.436768e+003;1.118769e-001
1.437250e+003;1.119341e-001
1.437733e+003;1.119722e-001
1.438215e+003;1.119931e-001
1.438697e+003;1.120014e-001
1.439179e+003;1.120048e-001
1.439661e+003;1.120102e-001
1.440143e+003;1.120225e-001
1.440625e+003;1.120427e-001
1.441107e+003;1.120703e-001
1.441590e+003;1.121019e-001
1.442072e+003;1.121347e-001
1.442554e+003;1.121650e-001
1.443036e+003;1.121916e-001
1.443518e+003;1.122136e-001
1.444000e+003;1.122317e-001
1.444482e+003;1.122473e-001
1.444965e+003;1.122627e-001
1.445447e+003;1.122806e-001
1.445929e+003;1.123041e-001
1.446411e+003;1.123352e-001
1.446893e+003;1.123753e-001
1.447375e+003;1.124230e-001
1.447857e+003;1.124758e-001
1.448339e+003;1.125294e-001
1.448822e+003;1.125813e-001
1.449304e+003;1.126292e-001
1.449786e+003;1.126742e-001
1.450268e+003;1.127177e-001
1.450750e+003;1.127625e-001
1.451232e+003;1.128092e-001
1.451714e+003;1.128572e-001
1.452197e+003;1.129038e-001
1.452679e+003;1.129468e-001
1.453161e+003;1.129857e-001
1.453643e+003;1.130241e-001
1.454125e+003;1.130680e-001
1.454607e+003;1.131253e-001
1.455089e+003;1.132011e-001
1.455572e+003;1.132969e-001
1.456054e+003;1.134066e-001
1.456536e+003;1.135183e-001
1.457018e+003;1.136173e-001
1.457500e+003;1.136904e-001
1.457982e+003;1.137298e-001
1.458464e+003;1.137352e-001
1.458947e+003;1.137120e-001
1.459429e+003;1.136698e-001
1.459911e+003;1.136180e-001
1.460393e+003;1.135646e-001
1.460875e+003;1.135143e-001
1.461357e+003;1.134699e-001
1.461839e+003;1.134326e-001
1.462322e+003;1.134036e-001
1.462804e+003;1.133836e-001
1.463286e+003;1.133731e-001
1.463768e+003;1.133713e-001
1.464250e+003;1.133753e-001
1.464732e+003;1.133806e-001
1.465214e+003;1.133825e-001
1.465696e+003;1.133772e-001
1.466179e+003;1.133634e-001
1.466661e+003;1.133416e-001
1.467143e+003;1.133147e-001
1.467625e+003;1.132851e-001
1.468107e+003;1.132555e-001
1.468589e+003;1.132271e-001
1.469071e+003;1.132006e-001
1.469554e+003;1.131773e-001
1.470036e+003;1.131593e-001
1.470518e+003;1.131495e-001
1.471000e+003;1.131511e-001
1.471482e+003;1.131648e-001
1.471964e+003;1.131890e-001
1.472446e+003;1.132184e-001
1.472928e+003;1.132457e-001
1.473411e+003;1.132639e-001
1.473893e+003;1.132675e-001
1.474375e+003;1.132550e-001
1.474857e+003;1.132289e-001
1.475339e+003;1.131939e-001
1.475821e+003;1.131562e-001
1.476303e+003;1.131210e-001
1.476786e+003;1.130923e-001
1.477268e+003;1.130721e-001
1.477750e+003;1.130621e-001
1.478232e+003;1.130631e-001
1.478714e+003;1.130757e-001
1.479196e+003;1.131013e-001
1.479678e+003;1.131389e-001
1.480161e+003;1.131866e-001
1.480643e+003;1.132410e-001
1.481125e+003;1.132976e-001
1.481607e+003;1.133518e-001
1.482089e+003;1.134010e-001
1.482571e+003;1.134444e-001
1.483053e+003;1.134836e-001
1.483536e+003;1.135214e-001
1.484018e+003;1.135608e-001
1.484500e+003;1.136043e-001
1.484982e+003;1.136523e-001
1.485464e+003;1.137051e-001
1.485946e+003;1.137621e-001
1.486428e+003;1.138232e-001
1.486911e+003;1.138893e-001
1.487393e+003;1.139620e-001
1.487875e+003;1.140420e-001
1.488357e+003;1.141298e-001
1.488839e+003;1.142236e-001
1.489321e+003;1.143201e-001
1.489803e+003;1.144133e-001
1.490285e+003;1.144981e-001
1.490768e+003;1.145693e-001
1.491250e+003;1.146242e-001
1.491732e+003;1.146631e-001
1.492214e+003;1.146904e-001
1.492696e+003;1.147129e-001
1.493178e+003;1.147390e-001
1.493660e+003;1.147776e-001
1.494143e+003;1.148361e-001
1.494625e+003;1.149179e-001
1.495107e+003;1.150226e-001
1.495589e+003;1.151451e-001
1.496071e+003;1.152771e-001
1.496553e+003;1.154091e-001
1.497035e+003;1.155328e-001
1.497517e+003;1.156427e-001
1.498000e+003;1.157374e-001
1.498482e+003;1.158190e-001
1.498964e+003;1.158915e-001
1.499446e+003;1.159593e-001
1.499928e+003;1.160254e-001
1.500410e+003;1.160907e-001
1.500892e+003;1.161552e-001
1.501375e+003;1.162174e-001
1.501857e+003;1.162774e-001
1.502339e+003;1.163376e-001
1.502821e+003;1.164028e-001
1.503303e+003;1.164802e-001
1.503785e+003;1.165777e-001
1.504267e+003;1.167018e-001
1.504750e+003;1.168550e-001
1.505232e+003;1.170349e-001
1.505714e+003;1.172328e-001
1.506196e+003;1.174350e-001
1.506678e+003;1.176267e-001
1.507160e+003;1.177945e-001
1.507642e+003;1.179307e-001
1.508125e+003;1.180347e-001
1.508607e+003;1.181129e-001
1.509089e+003;1.181760e-001
1.509571e+003;1.182367e-001
1.510053e+003;1.183056e-001
1.510535e+003;1.183894e-001
1.511017e+003;1.184895e-001
1.511500e+003;1.186025e-001
1.511982e+003;1.187221e-001
1.512464e+003;1.188424e-001
1.512946e+003;1.189594e-001
1.513428e+003;1.190740e-001
1.513910e+003;1.191890e-001
1.514392e+003;1.193099e-001
1.514874e+003;1.194407e-001
1.515357e+003;1.195827e-001
1.515839e+003;1.197324e-001
1.516321e+003;1.198842e-001
1.516803e+003;1.200309e-001
1.517285e+003;1.201677e-001
1.517767e+003;1.202943e-001
1.518249e+003;1.204156e-001
1.518732e+003;1.205401e-001
1.519214e+003;1.206781e-001
1.519696e+003;1.208363e-001
1.520178e+003;1.210171e-001
1.520660e+003;1.212155e-001
1.521142e+003;1.214210e-001
1.521624e+003;1.216212e-001
1.522106e+003;1.218061e-001
1.522589e+003;1.219705e-001
1.523071e+003;1.221163e-001
1.523553e+003;1.222508e-001
1.524035e+003;1.223838e-001
1.524517e+003;1.225231e-001
1.524999e+003;1.226739e-001
1.525481e+003;1.228364e-001
1.525964e+003;1.230065e-001
1.526446e+003;1.231791e-001
1.526928e+003;1.233497e-001
1.527410e+003;1.235166e-001
1.527892e+003;1.236801e-001
1.528374e+003;1.238419e-001
1.528856e+003;1.240042e-001
1.529339e+003;1.241691e-001
1.529821e+003;1.243370e-001
1.530303e+003;1.245092e-001
1.530785e+003;1.246880e-001
1.531267e+003;1.248767e-001
1.531749e+003;1.250789e-001
1.532231e+003;1.252964e-001
1.532714e+003;1.255275e-001
1.533196e+003;1.257651e-001
1.533678e+003;1.259982e-001
1.534160e+003;1.262148e-001
1.534642e+003;1.264069e-001
1.535124e+003;1.265726e-001
1.535606e+003;1.267194e-001
1.536089e+003;1.268614e-001
1.536571e+003;1.270172e-001
1.537053e+003;1.272042e-001
1.537535e+003;1.274346e-001
1.538017e+003;1.277111e-001
1.538499e+003;1.280272e-001
1.538981e+003;1.283679e-001
1.539463e+003;1.287141e-001
1.539946e+003;1.290470e-001
1.540428e+003;1.293541e-001
1.540910e+003;1.296302e-001
1.541392e+003;1.298784e-001
1.541874e+003;1.301074e-001
1.542356e+003;1.303301e-001
1.542838e+003;1.305582e-001
1.543321e+003;1.308010e-001
1.543803e+003;1.310623e-001
1.544285e+003;1.313410e-001
1.544767e+003;1.316306e-001
1.545249e+003;1.319225e-001
1.545731e+003;1.322083e-001
1.546213e+003;1.324831e-001
1.546695e+003;1.327466e-001
1.547178e+003;1.330036e-001
1.547660e+003;1.332609e-001
1.548142e+003;1.335255e-001
1.548624e+003;1.338014e-001
1.549106e+003;1.340885e-001
1.549588e+003;1.343829e-001
1.550070e+003;1.346800e-001
1.550553e+003;1.349768e-001
1.551035e+003;1.352737e-001
1.551517e+003;1.355744e-001
1.551999e+003;1.358842e-001
1.552481e+003;1.362067e-001
1.552963e+003;1.365408e-001
1.553445e+003;1.368803e-001
1.553927e+003;1.372156e-001
1.554410e+003;1.375370e-001
1.554892e+003;1.378401e-001
1.555374e+003;1.381277e-001
1.555856e+003;1.384123e-001
1.556338e+003;1.387109e-001
1.556820e+003;1.390425e-001
1.557302e+003;1.394204e-001
1.557785e+003;1.398486e-001
1.558267e+003;1.403184e-001
1.558749e+003;1.408104e-001
1.559231e+003;1.412989e-001
1.559713e+003;1.417599e-001
1.560195e+003;1.421780e-001
1.560677e+003;1.425499e-001
1.561160e+003;1.428840e-001
1.561642e+003;1.431964e-001
1.562124e+003;1.435066e-001
1.562606e+003;1.438313e-001
1.563088e+003;1.441818e-001
1.563570e+003;1.445618e-001
1.564052e+003;1.449685e-001
1.564535e+003;1.453947e-001
1.565017e+003;1.458316e-001
1.565499e+003;1.462731e-001
1.565981e+003;1.467170e-001
1.566463e+003;1.471655e-001
1.566945e+003;1.476236e-001
1.567427e+003;1.480970e-001
1.567910e+003;1.485896e-001
1.568392e+003;1.491020e-001
1.568874e+003;1.496308e-001
1.569356e+003;1.501696e-001
1.569838e+003;1.507106e-001
1.570320e+003;1.512470e-001
1.570802e+003;1.517733e-001
1.571284e+003;1.522886e-001
1.571767e+003;1.527949e-001
1.572249e+003;1.532988e-001
1.572731e+003;1.538096e-001
1.573213e+003;1.543390e-001
1.573695e+003;1.548978e-001
1.574177e+003;1.554945e-001
1.574659e+003;1.561317e-001
1.575142e+003;1.568043e-001
1.575624e+003;1.574993e-001
1.576106e+003;1.581997e-001
1.576588e+003;1.588874e-001
1.577070e+003;1.595512e-001
1.577552e+003;1.601883e-001
1.578034e+003;1.608064e-001
1.578516e+003;1.614198e-001
1.578999e+003;1.620442e-001
1.579481e+003;1.626930e-001
1.579963e+003;1.633725e-001
1.580445e+003;1.640817e-001
1.580927e+003;1.648144e-001
1.581409e+003;1.655625e-001
1.581891e+003;1.663200e-001
1.582374e+003;1.670843e-001
1.582856e+003;1.678579e-001
1.583338e+003;1.686445e-001
1.583820e+003;1.694470e-001
1.584302e+003;1.702658e-001
1.584784e+003;1.710981e-001
1.585266e+003;1.719399e-001
1.585749e+003;1.727873e-001
1.586231e+003;1.736398e-001
1.586713e+003;1.744993e-001
1.587195e+003;1.753700e-001
1.587677e+003;1.762571e-001
1.588159e+003;1.771631e-001
1.588641e+003;1.780902e-001
1.589124e+003;1.790378e-001
1.589606e+003;1.800055e-001
1.590088e+003;1.809926e-001
1.590570e+003;1.819993e-001
1.591052e+003;1.830261e-001
1.591534e+003;1.840719e-001
1.592016e+003;1.851345e-001
1.592499e+003;1.862105e-001
1.592981e+003;1.872965e-001
1.593463e+003;1.883913e-001
1.593945e+003;1.894960e-001
1.594427e+003;1.906136e-001
1.594909e+003;1.917488e-001
1.595391e+003;1.929047e-001
1.595873e+003;1.940821e-001
1.596356e+003;1.952793e-001
1.596838e+003;1.964930e-001
1.597320e+003;1.977198e-001
1.597802e+003;1.989587e-001
1.598284e+003;2.002109e-001
1.598766e+003;2.014790e-001
1.599248e+003;2.027662e-001
1.599731e+003;2.040738e-001
1.600213e+003;2.054018e-001
1.600695e+003;2.067482e-001
1.601177e+003;2.081119e-001
1.601659e+003;2.094920e-001
1.602141e+003;2.108897e-001
1.602623e+003;2.123065e-001
1.603105e+003;2.137427e-001
1.603588e+003;2.151970e-001
1.604070e+003;2.166657e-001
1.604552e+003;2.181440e-001
1.605034e+003;2.196290e-001
1.605516e+003;2.211192e-001
1.605998e+003;2.226175e-001
1.606480e+003;2.241285e-001
1.606963e+003;2.256568e-001
1.607445e+003;2.272049e-001
1.607927e+003;2.287730e-001
1.608409e+003;2.303575e-001
1.608891e+003;2.319544e-001
1.609373e+003;2.335605e-001
1.609855e+003;2.351733e-001
1.610338e+003;2.367917e-001
1.610820e+003;2.384138e-001
1.611302e+003;2.400352e-001
1.611784e+003;2.416510e-001
1.612266e+003;2.432560e-001
1.612748e+003;2.448490e-001
1.613230e+003;2.464348e-001
1.613713e+003;2.480245e-001
1.614195e+003;2.496340e-001
1.614677e+003;2.512770e-001
1.615159e+003;2.529595e-001
1.615641e+003;2.546764e-001
1.616123e+003;2.564095e-001
1.616605e+003;2.581324e-001
1.617088e+003;2.598171e-001
1.617570e+003;2.614444e-001
1.618052e+003;2.630076e-001
1.618534e+003;2.645128e-001
1.619016e+003;2.659760e-001
1.619498e+003;2.674158e-001
1.619980e+003;2.688476e-001
1.620462e+003;2.702815e-001
1.620945e+003;2.717189e-001
1.621427e+003;2.731564e-001
1.621909e+003;2.745858e-001
1.622391e+003;2.759977e-001
1.622873e+003;2.773815e-001
1.623355e+003;2.787271e-001
1.623837e+003;2.800248e-001
1.624320e+003;2.812673e-001
1.624802e+003;2.824502e-001
1.625284e+003;2.835740e-001
1.625766e+003;2.846436e-001
1.626248e+003;2.856657e-001
1.626730e+003;2.866484e-001
1.627212e+003;2.875963e-001
1.627694e+003;2.885099e-001
1.628177e+003;2.893860e-001
1.628659e+003;2.902182e-001
1.629141e+003;2.910011e-001
1.629623e+003;2.917307e-001
1.630105e+003;2.924054e-001
1.630587e+003;2.930254e-001
1.631069e+003;2.935915e-001
1.631552e+003;2.941040e-001
1.632034e+003;2.945642e-001
1.632516e+003;2.949749e-001
1.632998e+003;2.953417e-001
1.633480e+003;2.956713e-001
1.633962e+003;2.959706e-001
1.634444e+003;2.962407e-001
1.634927e+003;2.964761e-001
1.635409e+003;2.966633e-001
1.635891e+003;2.967847e-001
1.636373e+003;2.968242e-001
1.636855e+003;2.967747e-001
1.637337e+003;2.966405e-001
1.637819e+003;2.964360e-001
1.638302e+003;2.961803e-001
1.638784e+003;2.958902e-001
1.639266e+003;2.955744e-001
1.639748e+003;2.952319e-001
1.640230e+003;2.948531e-001
1.640712e+003;2.944263e-001
1.641194e+003;2.939430e-001
1.641677e+003;2.934018e-001
1.642159e+003;2.928088e-001
1.642641e+003;2.921743e-001
1.643123e+003;2.915090e-001
1.643605e+003;2.908197e-001
1.644087e+003;2.901080e-001
1.644569e+003;2.893727e-001
1.645051e+003;2.886105e-001
1.645534e+003;2.878188e-001
1.646016e+003;2.869957e-001
1.646498e+003;2.861396e-001
1.646980e+003;2.852468e-001
1.647462e+003;2.843125e-001
1.647944e+003;2.833311e-001
1.648426e+003;2.823015e-001
1.648909e+003;2.812288e-001
1.649391e+003;2.801250e-001
1.649873e+003;2.790085e-001
1.650355e+003;2.778986e-001
1.650837e+003;2.768094e-001
1.651319e+003;2.757451e-001
1.651801e+003;2.746972e-001
1.652283e+003;2.736461e-001
1.652766e+003;2.725655e-001
1.653248e+003;2.714325e-001
1.653730e+003;2.702334e-001
1.654212e+003;2.689672e-001
1.654694e+003;2.676441e-001
1.655176e+003;2.662807e-001
1.655658e+003;2.648953e-001
1.656141e+003;2.635041e-001
1.656623e+003;2.621184e-001
1.657105e+003;2.607451e-001
1.657587e+003;2.593853e-001
1.658069e+003;2.580371e-001
1.658551e+003;2.566944e-001
1.659033e+003;2.553514e-001
1.659516e+003;2.540022e-001
1.659998e+003;2.526439e-001
1.660480e+003;2.512761e-001
1.660962e+003;2.499009e-001
1.661444e+003;2.485195e-001
1.661926e+003;2.471320e-001
1.662408e+003;2.457349e-001
1.662891e+003;2.443231e-001
1.663373e+003;2.428918e-001
1.663855e+003;2.414386e-001
1.664337e+003;2.399667e-001
1.664819e+003;2.384843e-001
1.665301e+003;2.370027e-001
1.665783e+003;2.355320e-001
1.666266e+003;2.340788e-001
1.666748e+003;2.326446e-001
1.667230e+003;2.312250e-001
1.667712e+003;2.298135e-001
1.668194e+003;2.284029e-001
1.668676e+003;2.269888e-001
1.669158e+003;2.255681e-001
1.669640e+003;2.241402e-001
1.670123e+003;2.227045e-001
1.670605e+003;2.212599e-001
1.671087e+003;2.198058e-001
1.671569e+003;2.183439e-001
1.672051e+003;2.168784e-001
1.672533e+003;2.154164e-001
1.673015e+003;2.139661e-001
1.673498e+003;2.125330e-001
1.673980e+003;2.111171e-001
1.674462e+003;2.097128e-001
1.674944e+003;2.083094e-001
1.675426e+003;2.068963e-001
1.675908e+003;2.054669e-001
1.676390e+003;2.040220e-001
1.676872e+003;2.025687e-001
1.677355e+003;2.011172e-001
1.677837e+003;1.996768e-001
1.678319e+003;1.982511e-001
1.678801e+003;1.968383e-001
1.679283e+003;1.954321e-001
1.679765e+003;1.940258e-001
1.680247e+003;1.926172e-001
1.680730e+003;1.912093e-001
1.681212e+003;1.898106e-001
1.681694e+003;1.884318e-001
1.682176e+003;1.870814e-001
1.682658e+003;1.857622e-001
1.683140e+003;1.844700e-001
1.683622e+003;1.831941e-001
1.684104e+003;1.819207e-001
1.684587e+003;1.806360e-001
1.685069e+003;1.793309e-001
1.685551e+003;1.780021e-001
1.686033e+003;1.766526e-001
1.686515e+003;1.752895e-001
1.686997e+003;1.739229e-001
1.687479e+003;1.725638e-001
1.687962e+003;1.712225e-001
1.688444e+003;1.699071e-001
1.688926e+003;1.686208e-001
1.689408e+003;1.673619e-001
1.689890e+003;1.661238e-001
1.690372e+003;1.648973e-001
1.690854e+003;1.636730e-001
1.691337e+003;1.624452e-001
1.691819e+003;1.612150e-001
1.692301e+003;1.599882e-001
1.692783e+003;1.587760e-001
1.693265e+003;1.575883e-001
1.693747e+003;1.564325e-001
1.694229e+003;1.553077e-001
1.694712e+003;1.542068e-001
1.695194e+003;1.531167e-001
1.695676e+003;1.520234e-001
1.696158e+003;1.509170e-001
1.696640e+003;1.497963e-001
1.697122e+003;1.486675e-001
1.697604e+003;1.475440e-001
1.698087e+003;1.464401e-001
1.698569e+003;1.453674e-001
1.699051e+003;1.443296e-001
1.699533e+003;1.433222e-001
1.700015e+003;1.423318e-001
1.700497e+003;1.413420e-001
1.700979e+003;1.403381e-001
1.701461e+003;1.393138e-001
1.701944e+003;1.382719e-001
1.702426e+003;1.372244e-001
1.702908e+003;1.361874e-001
1.703390e+003;1.351755e-001
1.703872e+003;1.341970e-001
1.704354e+003;1.332526e-001
1.704836e+003;1.323345e-001
1.705319e+003;1.314310e-001
1.705801e+003;1.305313e-001
1.706283e+003;1.296303e-001
1.706765e+003;1.287289e-001
1.707247e+003;1.278338e-001
1.707729e+003;1.269534e-001
1.708211e+003;1.260934e-001
1.708693e+003;1.252546e-001
1.709176e+003;1.244332e-001
1.709658e+003;1.236218e-001
1.710140e+003;1.228149e-001
1.710622e+003;1.220091e-001
1.711104e+003;1.212055e-001
1.711586e+003;1.204073e-001
1.712068e+003;1.196178e-001
1.712551e+003;1.188386e-001
1.713033e+003;1.180699e-001
1.713515e+003;1.173111e-001
1.713997e+003;1.165629e-001
1.714479e+003;1.158301e-001
1.714961e+003;1.151191e-001
1.715443e+003;1.144366e-001
1.715926e+003;1.137861e-001
1.716408e+003;1.131646e-001
1.716890e+003;1.125628e-001
1.717372e+003;1.119666e-001
1.717854e+003;1.113629e-001
1.718336e+003;1.107428e-001
1.718818e+003;1.101047e-001
1.719301e+003;1.094539e-001
1.719783e+003;1.088000e-001
1.720265e+003;1.081525e-001
1.720747e+003;1.075185e-001
1.721229e+003;1.069010e-001
1.721711e+003;1.063002e-001
1.722193e+003;1.057147e-001
1.722676e+003;1.051438e-001
1.723158e+003;1.045866e-001
1.723640e+003;1.040436e-001
1.724122e+003;1.035145e-001
1.724604e+003;1.029974e-001
1.725086e+003;1.024905e-001
1.725568e+003;1.019913e-001
1.726050e+003;1.014987e-001
1.726533e+003;1.010141e-001
1.727015e+003;1.005399e-001
1.727497e+003;1.000781e-001
1.727979e+003;9.962894e-002
1.728461e+003;9.918959e-002
1.728943e+003;9.875504e-002
1.729425e+003;9.832044e-002
1.729908e+003;9.788361e-002
1.730390e+003;9.744651e-002
1.730872e+003;9.701611e-002
1.731354e+003;9.660167e-002
1.731836e+003;9.621224e-002
1.732318e+003;9.585303e-002
1.732800e+003;9.552195e-002
1.733282e+003;9.521078e-002
1.733765e+003;9.490564e-002
1.734247e+003;9.459136e-002
1.734729e+003;9.425533e-002
1.735211e+003;9.389242e-002
1.735693e+003;9.350461e-002
1.736175e+003;9.310126e-002
1.736657e+003;9.269534e-002
1.737140e+003;9.230036e-002
1.737622e+003;9.192701e-002
1.738104e+003;9.158085e-002
1.738586e+003;9.126065e-002
1.739068e+003;9.096000e-002
1.739550e+003;9.066962e-002
1.740032e+003;9.038019e-002
1.740515e+003;9.008579e-002
1.740997e+003;8.978450e-002
1.741479e+003;8.947878e-002
1.741961e+003;8.917293e-002
1.742443e+003;8.887004e-002
1.742925e+003;8.857140e-002
1.743407e+003;8.827478e-002
1.743890e+003;8.797789e-002
1.744372e+003;8.767852e-002
1.744854e+003;8.737745e-002
1.745336e+003;8.707815e-002
1.745818e+003;8.678633e-002
1.746300e+003;8.650614e-002
1.746782e+003;8.623984e-002
1.747265e+003;8.598544e-002
1.747747e+003;8.573849e-002
1.748229e+003;8.549506e-002
1.748711e+003;8.525281e-002
1.749193e+003;8.501315e-002
1.749675e+003;8.477962e-002
1.750157e+003;8.455534e-002
1.750639e+003;8.434029e-002
1.751122e+003;8.412986e-002
1.751604e+003;8.391611e-002
1.752086e+003;8.369097e-002
1.752568e+003;8.345016e-002
1.753050e+003;8.319642e-002
1.753532e+003;8.293831e-002
1.754014e+003;8.268770e-002
1.754497e+003;8.245523e-002
1.754979e+003;8.224594e-002
1.755461e+003;8.205697e-002
1.755943e+003;8.187866e-002
1.756425e+003;8.169875e-002
1.756907e+003;8.150674e-002
1.757389e+003;8.129809e-002
1.757871e+003;8.107533e-002
1.758354e+003;8.084705e-002
1.758836e+003;8.062316e-002
1.759318e+003;8.041324e-002
1.759800e+003;8.022204e-002
1.760282e+003;8.005068e-002
1.760764e+003;7.989609e-002
1.761246e+003;7.975377e-002
1.761729e+003;7.961798e-002
1.762211e+003;7.948370e-002
1.762693e+003;7.934541e-002
1.763175e+003;7.919911e-002
1.763657e+003;7.904193e-002
1.764139e+003;7.887366e-002
1.764621e+003;7.869747e-002
1.765104e+003;7.851950e-002
1.765586e+003;7.834687e-002
1.766068e+003;7.818538e-002
1.766550e+003;7.803744e-002
1.767032e+003;7.790042e-002
1.767514e+003;7.776779e-002
1.767996e+003;7.763247e-002
1.768479e+003;7.748879e-002
1.768961e+003;7.733702e-002
1.769443e+003;7.718176e-002
1.769925e+003;7.703149e-002
1.770407e+003;7.689422e-002
1.770889e+003;7.677393e-002
1.771371e+003;7.666909e-002
1.771854e+003;7.657276e-002
1.772336e+003;7.647456e-002
1.772818e+003;7.636623e-002
1.773300e+003;7.624263e-002
1.773782e+003;7.610472e-002
1.774264e+003;7.595737e-002
1.774746e+003;7.580793e-002
1.775228e+003;7.566325e-002
1.775711e+003;7.552790e-002
1.776193e+003;7.540420e-002
1.776675e+003;7.529232e-002
1.777157e+003;7.519124e-002
1.777639e+003;7.509964e-002
1.778121e+003;7.501540e-002
1.778603e+003;7.493588e-002
1.779086e+003;7.485739e-002
1.779568e+003;7.477602e-002
1.780050e+003;7.468818e-002
1.780532e+003;7.459242e-002
1.781014e+003;7.448993e-002
1.781496e+003;7.438499e-002
1.781978e+003;7.428286e-002
1.782460e+003;7.418881e-002
1.782943e+003;7.410473e-002
1.783425e+003;7.402990e-002
1.783907e+003;7.396004e-002
1.784389e+003;7.388917e-002
1.784871e+003;7.381161e-002
1.785353e+003;7.372413e-002
1.785835e+003;7.362600e-002
1.786318e+003;7.352003e-002
1.786800e+003;7.340931e-002
1.787282e+003;7.329893e-002
1.787764e+003;7.319197e-002
1.788246e+003;7.309172e-002
1.788728e+003;7.299988e-002
1.789210e+003;7.291883e-002
1.789693e+003;7.285035e-002
1.790175e+003;7.279534e-002
1.790657e+003;7.275382e-002
1.791139e+003;7.272264e-002
1.791621e+003;7.269711e-002
1.792103e+003;7.266966e-002
1.792585e+003;7.263295e-002
1.793068e+003;7.258179e-002
1.793550e+003;7.251370e-002
1.794032e+003;7.243071e-002
1.794514e+003;7.233749e-002
1.794996e+003;7.224038e-002
1.795478e+003;7.214518e-002
1.795960e+003;7.205549e-002
1.796442e+003;7.197195e-002
1.796925e+003;7.189412e-002
1.797407e+003;7.181983e-002
1.797889e+003;7.174850e-002
1.798371e+003;7.168056e-002
1.798853e+003;7.161785e-002
1.799335e+003;7.156210e-002
1.799817e+003;7.151391e-002
1.800300e+003;7.147148e-002
1.800782e+003;7.143094e-002
1.801264e+003;7.138754e-002
1.801746e+003;7.133760e-002
1.802228e+003;7.127909e-002
1.802710e+003;7.121332e-002
1.803192e+003;7.114305e-002
1.803674e+003;7.107227e-002
1.804157e+003;7.100306e-002
1.804639e+003;7.093653e-002
1.805121e+003;7.087167e-002
1.805603e+003;7.080770e-002
1.806085e+003;7.074384e-002
1.806567e+003;7.068215e-002
1.807049e+003;7.062539e-002
1.807532e+003;7.057721e-002
1.808014e+003;7.053941e-002
1.808496e+003;7.051128e-002
1.808978e+003;7.048982e-002
1.809460e+003;7.047030e-002
1.809942e+003;7.044809e-002
1.810424e+003;7.042027e-002
1.810906e+003;7.038634e-002
1.811389e+003;7.034705e-002
1.811871e+003;7.030334e-002
1.812353e+003;7.025528e-002
1.812835e+003;7.020106e-002
1.813317e+003;7.013831e-002
1.813799e+003;7.006615e-002
1.814281e+003;6.998635e-002
1.814764e+003;6.990448e-002
1.815246e+003;6.982874e-002
1.815728e+003;6.976815e-002
1.816210e+003;6.973000e-002
1.816692e+003;6.971702e-002
1.817174e+003;6.972723e-002
1.817656e+003;6.975448e-002
1.818139e+003;6.979096e-002
1.818621e+003;6.982861e-002
1.819103e+003;6.986155e-002
1.819585e+003;6.988547e-002
1.820067e+003;6.989773e-002
1.820549e+003;6.989614e-002
1.821031e+003;6.988024e-002
1.821514e+003;6.984951e-002
1.821996e+003;6.980751e-002
1.822478e+003;6.975891e-002
1.822960e+003;6.971134e-002
1.823442e+003;6.967205e-002
1.823924e+003;6.964666e-002
1.824406e+003;6.963629e-002
1.824889e+003;6.963786e-002
1.825371e+003;6.964390e-002
1.825853e+003;6.964737e-002
1.826335e+003;6.964166e-002
1.826817e+003;6.962500e-002
1.827299e+003;6.959910e-002
1.827781e+003;6.956960e-002
1.828263e+003;6.954311e-002
1.828746e+003;6.952502e-002
1.829228e+003;6.951721e-002
1.829710e+003;6.951939e-002
1.830192e+003;6.952619e-002
1.830674e+003;6.953167e-002
1.831156e+003;6.952852e-002
1.831638e+003;6.951166e-002
1.832121e+003;6.947822e-002
1.832603e+003;6.942891e-002
1.833085e+003;6.936773e-002
1.833567e+003;6.930159e-002
1.834049e+003;6.923775e-002
1.834531e+003;6.918295e-002
1.835013e+003;6.914159e-002
1.835495e+003;6.911465e-002
1.835978e+003;6.910042e-002
1.836460e+003;6.909589e-002
1.836942e+003;6.909696e-002
1.837424e+003;6.910188e-002
1.837906e+003;6.911013e-002
1.838388e+003;6.912147e-002
1.838870e+003;6.913489e-002
1.839353e+003;6.914876e-002
1.839835e+003;6.915898e-002
1.840317e+003;6.916280e-002
1.840799e+003;6.915864e-002
1.841281e+003;6.914876e-002
1.841763e+003;6.913891e-002
1.842245e+003;6.913672e-002
1.842728e+003;6.914788e-002
1.843210e+003;6.917390e-002
1.843692e+003;6.920945e-002
1.844174e+003;6.924533e-002
1.844656e+003;6.926952e-002
1.845138e+003;6.927361e-002
1.845620e+003;6.925458e-002
1.846103e+003;6.921671e-002
1.846585e+003;6.916976e-002
1.847067e+003;6.912479e-002
1.847549e+003;6.909070e-002
1.848031e+003;6.907204e-002
1.848513e+003;6.906789e-002
1.848995e+003;6.907395e-002
1.849478e+003;6.908516e-002
1.849960e+003;6.909801e-002
1.850442e+003;6.911089e-002
1.850924e+003;6.912461e-002
1.851406e+003;6.913988e-002
1.851888e+003;6.915615e-002
1.852370e+003;6.917214e-002
1.852852e+003;6.918513e-002
1.853335e+003;6.919330e-002
1.853817e+003;6.919631e-002
1.854299e+003;6.919602e-002
1.854781e+003;6.919546e-002
1.855263e+003;6.919824e-002
1.855745e+003;6.920630e-002
1.856227e+003;6.922014e-002
1.856710e+003;6.923845e-002
1.857192e+003;6.925797e-002
1.857674e+003;6.927602e-002
1.858156e+003;6.928890e-002
1.858638e+003;6.929380e-002
1.859120e+003;6.928894e-002
1.859602e+003;6.927355e-002
1.860084e+003;6.924833e-002
1.860567e+003;6.921711e-002
1.861049e+003;6.918481e-002
1.861531e+003;6.915811e-002
1.862013e+003;6.914182e-002
1.862495e+003;6.913862e-002
1.862977e+003;6.914736e-002
1.863459e+003;6.916385e-002
1.863942e+003;6.918148e-002
1.864424e+003;6.919561e-002
1.864906e+003;6.920400e-002
1.865388e+003;6.920891e-002
1.865870e+003;6.921554e-002
1.866352e+003;6.923054e-002
1.866834e+003;6.925813e-002
1.867317e+003;6.930026e-002
1.867799e+003;6.935355e-002
1.868281e+003;6.941306e-002
1.868763e+003;6.947078e-002
1.869245e+003;6.952122e-002
1.869727e+003;6.955953e-002
1.870209e+003;6.958368e-002
1.870692e+003;6.959310e-002
1.871174e+003;6.958937e-002
1.871656e+003;6.957445e-002
1.872138e+003;6.955312e-002
1.872620e+003;6.953001e-002
1.873102e+003;6.951194e-002
1.873584e+003;6.950347e-002
1.874067e+003;6.950809e-002
1.874549e+003;6.952436e-002
1.875031e+003;6.954799e-002
1.875513e+003;6.957190e-002
1.875995e+003;6.959013e-002
1.876477e+003;6.959893e-002
1.876959e+003;6.959941e-002
1.877441e+003;6.959594e-002
1.877924e+003;6.959546e-002
1.878406e+003;6.960233e-002
1.878888e+003;6.961877e-002
1.879370e+003;6.964153e-002
1.879852e+003;6.966489e-002
1.880334e+003;6.968208e-002
1.880816e+003;6.969017e-002
1.881299e+003;6.968944e-002
1.881781e+003;6.968591e-002
1.882263e+003;6.968623e-002
1.882745e+003;6.969873e-002
1.883227e+003;6.972587e-002
1.883709e+003;6.976684e-002
1.884191e+003;6.981502e-002
1.884673e+003;6.986219e-002
1.885156e+003;6.989986e-002
1.885638e+003;6.992346e-002
1.886120e+003;6.993275e-002
1.886602e+003;6.993335e-002
1.887084e+003;6.993379e-002
1.887566e+003;6.994423e-002
1.888048e+003;6.997251e-002
1.888531e+003;7.002194e-002
1.889013e+003;7.009019e-002
1.889495e+003;7.016986e-002
1.889977e+003;7.024985e-002
1.890459e+003;7.031982e-002
1.890941e+003;7.037176e-002
1.891423e+003;7.040405e-002
1.891906e+003;7.041892e-002
1.892388e+003;7.042368e-002
1.892870e+003;7.042522e-002
1.893352e+003;7.042888e-002
1.893834e+003;7.043573e-002
1.894316e+003;7.044368e-002
1.894798e+003;7.044820e-002
1.895281e+003;7.044691e-002
1.895763e+003;7.043889e-002
1.896245e+003;7.042827e-002
1.896727e+003;7.041996e-002
1.897209e+003;7.041936e-002
1.897691e+003;7.042789e-002
1.898173e+003;7.044332e-002
1.898656e+003;7.045963e-002
1.899138e+003;7.047040e-002
1.899620e+003;7.047128e-002
1.900102e+003;7.046380e-002
1.900584e+003;7.045342e-002
1.901066e+003;7.044975e-002
1.901548e+003;7.046164e-002
1.902030e+003;7.049467e-002
1.902513e+003;7.054764e-002
1.902995e+003;7.061447e-002
1.903477e+003;7.068478e-002
1.903959e+003;7.074846e-002
1.904441e+003;7.079703e-002
1.904923e+003;7.082830e-002
1.905405e+003;7.084332e-002
1.905888e+003;7.084860e-002
1.906370e+003;7.085042e-002
1.906852e+003;7.085554e-002
1.907334e+003;7.086788e-002
1.907816e+003;7.088950e-002
1.908298e+003;7.091934e-002
1.908780e+003;7.095523e-002
1.909262e+003;7.099438e-002
1.909745e+003;7.103506e-002
1.910227e+003;7.107534e-002
1.910709e+003;7.111534e-002
1.911191e+003;7.115503e-002
1.911673e+003;7.119618e-002
1.912155e+003;7.123883e-002
1.912637e+003;7.128470e-002
1.913120e+003;7.133368e-002
1.913602e+003;7.138716e-002
1.914084e+003;7.144635e-002
1.914566e+003;7.151265e-002
1.915048e+003;7.158724e-002
1.915530e+003;7.167111e-002
1.916012e+003;7.176092e-002
1.916495e+003;7.185228e-002
1.916977e+003;7.193682e-002
1.917459e+003;7.200570e-002
1.917941e+003;7.205069e-002
1.918423e+003;7.206824e-002
1.918905e+003;7.205919e-002
1.919387e+003;7.203028e-002
1.919870e+003;7.199088e-002
1.920352e+003;7.195230e-002
1.920834e+003;7.192214e-002
1.921316e+003;7.190535e-002
1.921798e+003;7.190057e-002
1.922280e+003;7.190410e-002
1.922762e+003;7.190844e-002
1.923245e+003;7.190920e-002
1.923727e+003;7.190207e-002
1.924209e+003;7.188792e-002
1.924691e+003;7.187000e-002
1.925173e+003;7.185533e-002
1.925655e+003;7.185177e-002
1.926137e+003;7.186829e-002
1.926619e+003;7.191182e-002
1.927102e+003;7.198826e-002
1.927584e+003;7.209809e-002
1.928066e+003;7.223924e-002
1.928548e+003;7.240409e-002
1.929030e+003;7.258298e-002
1.929512e+003;7.276364e-002
1.929994e+003;7.293592e-002
1.930477e+003;7.309070e-002
1.930959e+003;7.322337e-002
1.931441e+003;7.333127e-002
1.931923e+003;7.341490e-002
1.932405e+003;7.347598e-002
1.932887e+003;7.351768e-002
1.933369e+003;7.354405e-002
1.933851e+003;7.356190e-002
1.934334e+003;7.357877e-002
1.934816e+003;7.360461e-002
1.935298e+003;7.364687e-002
1.935780e+003;7.371123e-002
1.936262e+003;7.379738e-002
1.936744e+003;7.390080e-002
1.937226e+003;7.401159e-002
1.937709e+003;7.411904e-002
1.938191e+003;7.421246e-002
1.938673e+003;7.428636e-002
1.939155e+003;7.433788e-002
1.939637e+003;7.437117e-002
1.940119e+003;7.439190e-002
1.940601e+003;7.440802e-002
1.941083e+003;7.442600e-002
1.941566e+003;7.445440e-002
1.942048e+003;7.449798e-002
1.942530e+003;7.456344e-002
1.943012e+003;7.465313e-002
1.943494e+003;7.477057e-002
1.943976e+003;7.491327e-002
1.944458e+003;7.507676e-002
1.944941e+003;7.525367e-002
1.945423e+003;7.543715e-002
1.945905e+003;7.561976e-002
1.946387e+003;7.579841e-002
1.946869e+003;7.597004e-002
1.947351e+003;7.613667e-002
1.947833e+003;7.629621e-002
1.948316e+003;7.644693e-002
1.948798e+003;7.658262e-002
1.949280e+003;7.669631e-002
1.949762e+003;7.677993e-002
1.950244e+003;7.683118e-002
1.950726e+003;7.685061e-002
1.951208e+003;7.684475e-002
1.951691e+003;7.682111e-002
1.952173e+003;7.678699e-002
1.952655e+003;7.674354e-002
1.953137e+003;7.668775e-002
1.953619e+003;7.661089e-002
1.954101e+003;7.650841e-002
1.954583e+003;7.637896e-002
1.955066e+003;7.623573e-002
1.955548e+003;7.610171e-002
1.956030e+003;7.601004e-002
1.956512e+003;7.599340e-002
1.956994e+003;7.607850e-002
1.957476e+003;7.627424e-002
1.957958e+003;7.657445e-002
1.958440e+003;7.695055e-002
1.958923e+003;7.736727e-002
1.959405e+003;7.778415e-002
1.959887e+003;7.816982e-002
1.960369e+003;7.850225e-002
1.960851e+003;7.877382e-002
1.961333e+003;7.898431e-002
1.961815e+003;7.913876e-002
1.962298e+003;7.924011e-002
1.962780e+003;7.929406e-002
1.963262e+003;7.930560e-002
1.963744e+003;7.928617e-002
1.964226e+003;7.925028e-002
1.964708e+003;7.921723e-002
1.965190e+003;7.920424e-002
1.965672e+003;7.922173e-002
1.966155e+003;7.926811e-002
1.966637e+003;7.933389e-002
1.967119e+003;7.940412e-002
1.967601e+003;7.946773e-002
1.968083e+003;7.952248e-002
1.968565e+003;7.958083e-002
1.969047e+003;7.966448e-002
1.969530e+003;7.980183e-002
1.970012e+003;8.000963e-002
1.970494e+003;8.029450e-002
1.970976e+003;8.064218e-002
1.971458e+003;8.102266e-002
1.971940e+003;8.139289e-002
1.972422e+003;8.171161e-002
1.972905e+003;8.194216e-002
1.973387e+003;8.206716e-002
1.973869e+003;8.208556e-002
1.974351e+003;8.202203e-002
1.974833e+003;8.191751e-002
1.975315e+003;8.182655e-002
1.975797e+003;8.180194e-002
1.976280e+003;8.188666e-002
1.976762e+003;8.209308e-002
1.977244e+003;8.240343e-002
1.977726e+003;8.276600e-002
1.978208e+003;8.311104e-002
1.978690e+003;8.337024e-002
1.979172e+003;8.349967e-002
1.979655e+003;8.348626e-002
1.980137e+003;8.335751e-002
1.980619e+003;8.316013e-002
1.981101e+003;8.295662e-002
1.981583e+003;8.279722e-002
1.982065e+003;8.271693e-002
1.982547e+003;8.272324e-002
1.983029e+003;8.280253e-002
1.983512e+003;8.292361e-002
1.983994e+003;8.305306e-002
1.984476e+003;8.316065e-002
1.984958e+003;8.322887e-002
1.985440e+003;8.325169e-002
1.985922e+003;8.323380e-002
1.986404e+003;8.318702e-002
1.986887e+003;8.312435e-002
1.987369e+003;8.305694e-002
1.987851e+003;8.299442e-002
1.988333e+003;8.294109e-002
1.988815e+003;8.289975e-002
1.989297e+003;8.286812e-002
1.989779e+003;8.284672e-002
1.990261e+003;8.283491e-002
1.990744e+003;8.283655e-002
1.991226e+003;8.285617e-002
1.991708e+003;8.289983e-002
1.992190e+003;8.296967e-002
1.992672e+003;8.306301e-002
1.993154e+003;8.316713e-002
1.993636e+003;8.326638e-002
1.994119e+003;8.334064e-002
1.994601e+003;8.337789e-002
1.995083e+003;8.337358e-002
1.995565e+003;8.333819e-002
1.996047e+003;8.328930e-002
1.996529e+003;8.325051e-002
1.997011e+003;8.323791e-002
1.997494e+003;8.326048e-002
1.997976e+003;8.331183e-002
1.998458e+003;8.337772e-002
1.998940e+003;8.343881e-002
1.999422e+003;8.348022e-002
1.999904e+003;8.349410e-002
2.000386e+003;8.348247e-002
2.000869e+003;8.345173e-002
2.001351e+003;8.341455e-002
2.001833e+003;8.338076e-002
2.002315e+003;8.336024e-002
2.002797e+003;8.336031e-002
2.003279e+003;8.339402e-002
2.003761e+003;8.347087e-002
2.004244e+003;8.360529e-002
2.004726e+003;8.380200e-002
2.005208e+003;8.406089e-002
2.005690e+003;8.436280e-002
2.006172e+003;8.467934e-002
2.006654e+003;8.497357e-002
2.007136e+003;8.521470e-002
2.007618e+003;8.538188e-002
2.008101e+003;8.547664e-002
2.008583e+003;8.551685e-002
2.009065e+003;8.553626e-002
2.009547e+003;8.556804e-002
2.010029e+003;8.563837e-002
2.010511e+003;8.575755e-002
2.010993e+003;8.591807e-002
2.011476e+003;8.609422e-002
2.011958e+003;8.625538e-002
2.012440e+003;8.636606e-002
2.012922e+003;8.640590e-002
2.013404e+003;8.637241e-002
2.013886e+003;8.628555e-002
2.014368e+003;8.618150e-002
2.014850e+003;8.611159e-002
2.015333e+003;8.611841e-002
2.015815e+003;8.623660e-002
2.016297e+003;8.647237e-002
2.016779e+003;8.681154e-002
2.017261e+003;8.721638e-002
2.017743e+003;8.764048e-002
2.018225e+003;8.803590e-002
2.018708e+003;8.836599e-002
2.019190e+003;8.860519e-002
2.019672e+003;8.874481e-002
2.020154e+003;8.878192e-002
2.020636e+003;8.872858e-002
2.021118e+003;8.859810e-002
2.021600e+003;8.841795e-002
2.022083e+003;8.822105e-002
2.022565e+003;8.804798e-002
2.023047e+003;8.794025e-002
2.023529e+003;8.793144e-002
2.024011e+003;8.803548e-002
2.024493e+003;8.824479e-002
2.024975e+003;8.852622e-002
2.025458e+003;8.883398e-002
2.025940e+003;8.911724e-002
2.026422e+003;8.933766e-002
2.026904e+003;8.947273e-002
2.027386e+003;8.952145e-002
2.027868e+003;8.949483e-002
2.028350e+003;8.941457e-002
2.028833e+003;8.929960e-002
2.029315e+003;8.916769e-002
2.029797e+003;8.903307e-002
2.030279e+003;8.891097e-002
2.030761e+003;8.882142e-002
2.031243e+003;8.878884e-002
2.031725e+003;8.883724e-002
2.032207e+003;8.898730e-002
2.032690e+003;8.924863e-002
2.033172e+003;8.961555e-002
2.033654e+003;9.006947e-002
2.034136e+003;9.058087e-002
2.034618e+003;9.111401e-002
2.035100e+003;9.163166e-002
2.035582e+003;9.209413e-002
2.036065e+003;9.246857e-002
2.036547e+003;9.272388e-002
2.037029e+003;9.283990e-002
2.037511e+003;9.280924e-002
2.037993e+003;9.264509e-002
2.038475e+003;9.237697e-002
2.038957e+003;9.205004e-002
2.039439e+003;9.171498e-002
2.039922e+003;9.142163e-002
2.040404e+003;9.120326e-002
2.040886e+003;9.107649e-002
2.041368e+003;9.103438e-002
2.041850e+003;9.105559e-002
2.042332e+003;9.111000e-002
2.042814e+003;9.116933e-002
2.043297e+003;9.121139e-002
2.043779e+003;9.122939e-002
2.044261e+003;9.122793e-002
2.044743e+003;9.122431e-002
2.045225e+003;9.123950e-002
2.045707e+003;9.129797e-002
2.046189e+003;9.141484e-002
2.046672e+003;9.159686e-002
2.047154e+003;9.183179e-002
2.047636e+003;9.209388e-002
2.048118e+003;9.234411e-002
2.048600e+003;9.254178e-002
2.049082e+003;9.265096e-002
2.049564e+003;9.265414e-002
2.050047e+003;9.255256e-002
2.050529e+003;9.237012e-002
2.051011e+003;9.213903e-002
2.051493e+003;9.189968e-002
2.051975e+003;9.168515e-002
2.052457e+003;9.152015e-002
2.052939e+003;9.141541e-002
2.053422e+003;9.137017e-002
2.053904e+003;9.137411e-002
2.054386e+003;9.141450e-002
2.054868e+003;9.147624e-002
2.055350e+003;9.155007e-002
2.055832e+003;9.162770e-002
2.056314e+003;9.170447e-002
2.056796e+003;9.177474e-002
2.057279e+003;9.183433e-002
2.057761e+003;9.187678e-002
2.058243e+003;9.189785e-002
2.058725e+003;9.189549e-002
2.059207e+003;9.187181e-002
2.059689e+003;9.183319e-002
2.060171e+003;9.178803e-002
2.060654e+003;9.174681e-002
2.061136e+003;9.171955e-002
2.061618e+003;9.171406e-002
2.062100e+003;9.173650e-002
2.062582e+003;9.178936e-002
2.063064e+003;9.187451e-002
2.063546e+003;9.198888e-002
2.064029e+003;9.212790e-002
2.064511e+003;9.228264e-002
2.064993e+003;9.244315e-002
2.065475e+003;9.259643e-002
2.065957e+003;9.273122e-002
2.066439e+003;9.283714e-002
2.066921e+003;9.290855e-002
2.067404e+003;9.294208e-002
2.067886e+003;9.293875e-002
2.068368e+003;9.290250e-002
2.068850e+003;9.284168e-002
2.069332e+003;9.276494e-002
2.069814e+003;9.268673e-002
2.070296e+003;9.262086e-002
2.070779e+003;9.258448e-002
2.071260e+003;9.259051e-002
2.071743e+003;9.264752e-002
2.072225e+003;9.275524e-002
2.072707e+003;9.290498e-002
2.073189e+003;9.307969e-002
2.073671e+003;9.325914e-002
2.074153e+003;9.342199e-002
2.074635e+003;9.355451e-002
2.075118e+003;9.365032e-002
2.075600e+003;9.371099e-002
2.076082e+003;9.374384e-002
2.076564e+003;9.375995e-002
2.077046e+003;9.376736e-002
2.077528e+003;9.377325e-002
2.078010e+003;9.378140e-002
2.078493e+003;9.379522e-002
2.078975e+003;9.381836e-002
2.079457e+003;9.385610e-002
2.079939e+003;9.391172e-002
2.080421e+003;9.398681e-002
2.080903e+003;9.407592e-002
2.081385e+003;9.417050e-002
2.081868e+003;9.425449e-002
2.082350e+003;9.431498e-002
2.082832e+003;9.434140e-002
2.083314e+003;9.433282e-002
2.083796e+003;9.429566e-002
2.084278e+003;9.424406e-002
2.084760e+003;9.419357e-002
2.085243e+003;9.415640e-002
2.085725e+003;9.413745e-002
2.086207e+003;9.413397e-002
2.086689e+003;9.413519e-002
2.087171e+003;9.412885e-002
2.087653e+003;9.410332e-002
2.088135e+003;9.405353e-002
2.088617e+003;9.398219e-002
2.089100e+003;9.389886e-002
2.089582e+003;9.381781e-002
2.090064e+003;9.375567e-002
2.090546e+003;9.372477e-002
2.091028e+003;9.373326e-002
2.091510e+003;9.378137e-002
2.091992e+003;9.386316e-002
2.092475e+003;9.396636e-002
2.092957e+003;9.407701e-002
2.093439e+003;9.417938e-002
2.093921e+003;9.426171e-002
2.094403e+003;9.431704e-002
2.094885e+003;9.434360e-002
2.095367e+003;9.434608e-002
2.095850e+003;9.433419e-002
2.096332e+003;9.431914e-002
2.096814e+003;9.431563e-002
2.097296e+003;9.433433e-002
2.097778e+003;9.438615e-002
2.098260e+003;9.447470e-002
2.098742e+003;9.459894e-002
2.099225e+003;9.474915e-002
2.099707e+003;9.491033e-002
2.100189e+003;9.506324e-002
2.100671e+003;9.519006e-002
2.101153e+003;9.527752e-002
2.101635e+003;9.532250e-002
2.102117e+003;9.533077e-002
2.102600e+003;9.531797e-002
2.103082e+003;9.530084e-002
2.103564e+003;9.529423e-002
2.104046e+003;9.530477e-002
2.104528e+003;9.533133e-002
2.105010e+003;9.536479e-002
2.105492e+003;9.539491e-002
2.105974e+003;9.541350e-002
2.106457e+003;9.541877e-002
2.106939e+003;9.541411e-002
2.107421e+003;9.540726e-002
2.107903e+003;9.540390e-002
2.108385e+003;9.540758e-002
2.108867e+003;9.541683e-002
2.109349e+003;9.542934e-002
2.109832e+003;9.544347e-002
2.110314e+003;9.546203e-002
2.110796e+003;9.548974e-002
2.111278e+003;9.553329e-002
2.111760e+003;9.559455e-002
2.112242e+003;9.567020e-002
2.112724e+003;9.574807e-002
2.113207e+003;9.581406e-002
2.113689e+003;9.585342e-002
2.114171e+003;9.585864e-002
2.114653e+003;9.582908e-002
2.115135e+003;9.577361e-002
2.115617e+003;9.570327e-002
2.116099e+003;9.562976e-002
2.116582e+003;9.555949e-002
2.117064e+003;9.549518e-002
2.117546e+003;9.543573e-002
2.118028e+003;9.538155e-002
2.118510e+003;9.533484e-002
2.118992e+003;9.530210e-002
2.119474e+003;9.528904e-002
2.119957e+003;9.530036e-002
2.120438e+003;9.533091e-002
2.120921e+003;9.537128e-002
2.121403e+003;9.540490e-002
2.121885e+003;9.541520e-002
2.122367e+003;9.539033e-002
2.122849e+003;9.532657e-002
2.123331e+003;9.522887e-002
2.123813e+003;9.511004e-002
2.124296e+003;9.498542e-002
2.124778e+003;9.487066e-002
2.125260e+003;9.477685e-002
2.125742e+003;9.471039e-002
2.126224e+003;9.467121e-002
2.126706e+003;9.465506e-002
2.127188e+003;9.465168e-002
2.127671e+003;9.465017e-002
2.128153e+003;9.463686e-002
2.128635e+003;9.460329e-002
2.129117e+003;9.454454e-002
2.129599e+003;9.446521e-002
2.130081e+003;9.437623e-002
2.130563e+003;9.429542e-002
2.131046e+003;9.423795e-002
2.131528e+003;9.421557e-002
2.132010e+003;9.422968e-002
2.132492e+003;9.427501e-002
2.132974e+003;9.433764e-002
2.133456e+003;9.440600e-002
2.133938e+003;9.447118e-002
2.134421e+003;9.453341e-002
2.134903e+003;9.459595e-002
2.135385e+003;9.466254e-002
2.135867e+003;9.472898e-002
2.136349e+003;9.478509e-002
2.136831e+003;9.481331e-002
2.137313e+003;9.479682e-002
2.137795e+003;9.472673e-002
2.138278e+003;9.460852e-002
2.138760e+003;9.446077e-002
2.139242e+003;9.431329e-002
2.139724e+003;9.419630e-002
2.140206e+003;9.413364e-002
2.140688e+003;9.413537e-002
2.141170e+003;9.419739e-002
2.141653e+003;9.430358e-002
2.142135e+003;9.443133e-002
2.142617e+003;9.455576e-002
2.143099e+003;9.466053e-002
2.143581e+003;9.473229e-002
2.144063e+003;9.477145e-002
2.144545e+003;9.478507e-002
2.145028e+003;9.478946e-002
2.145510e+003;9.480619e-002
2.145992e+003;9.485845e-002
2.146474e+003;9.496424e-002
2.146956e+003;9.513303e-002
2.147438e+003;9.536024e-002
2.147920e+003;9.562819e-002
2.148403e+003;9.590562e-002
2.148885e+003;9.615530e-002
2.149367e+003;9.633896e-002
2.149849e+003;9.642398e-002
2.150331e+003;9.638730e-002
2.150813e+003;9.622271e-002
2.151295e+003;9.593523e-002
2.151778e+003;9.555396e-002
2.152260e+003;9.512025e-002
2.152742e+003;9.468862e-002
2.153224e+003;9.431421e-002
2.153706e+003;9.404459e-002
2.154188e+003;9.390473e-002
2.154670e+003;9.389590e-002
2.155152e+003;9.398726e-002
2.155635e+003;9.413771e-002
2.156117e+003;9.430549e-002
2.156599e+003;9.446671e-002
2.157081e+003;9.462887e-002
2.157563e+003;9.482744e-002
2.158045e+003;9.510318e-002
2.158527e+003;9.548880e-002
2.159010e+003;9.597392e-002
2.159492e+003;9.652079e-002
2.159974e+003;9.706224e-002
2.160456e+003;9.754223e-002
2.160938e+003;9.792427e-002
2.161420e+003;9.820697e-002
2.161902e+003;9.840633e-002
2.162385e+003;9.854486e-002
2.162867e+003;9.862900e-002
2.163349e+003;9.865074e-002
2.163831e+003;9.858290e-002
2.164313e+003;9.840085e-002
2.164795e+003;9.809158e-002
2.165277e+003;9.766957e-002
2.165760e+003;9.717357e-002
2.166242e+003;9.666005e-002
2.166724e+003;9.618363e-002
2.167206e+003;9.579001e-002
2.167688e+003;9.550103e-002
2.168170e+003;9.531985e-002
2.168652e+003;9.523109e-002
2.169135e+003;9.521387e-002
2.169616e+003;9.524083e-002
2.170099e+003;9.529000e-002
2.170581e+003;9.533720e-002
2.171063e+003;9.536505e-002
2.171545e+003;9.536099e-002
2.172027e+003;9.532222e-002
2.172509e+003;9.525744e-002
2.172991e+003;9.518611e-002
2.173474e+003;9.513021e-002
2.173956e+003;9.511030e-002
2.174438e+003;9.512883e-002
2.174920e+003;9.517846e-002
2.175402e+003;9.523240e-002
2.175884e+003;9.526324e-002
2.176366e+003;9.524836e-002
2.176849e+003;9.518205e-002
2.177331e+003;9.507459e-002
2.177813e+003;9.494907e-002
2.178295e+003;9.482632e-002
2.178777e+003;9.472385e-002
2.179259e+003;9.464259e-002
2.179741e+003;9.457470e-002
2.180224e+003;9.450541e-002
2.180706e+003;9.442443e-002
2.181188e+003;9.432666e-002
2.181670e+003;9.421704e-002
2.182152e+003;9.410074e-002
2.182634e+003;9.398418e-002
2.183116e+003;9.386860e-002
2.183598e+003;9.375066e-002
2.184081e+003;9.363117e-002
2.184563e+003;9.351260e-002
2.185045e+003;9.340701e-002
2.185527e+003;9.333006e-002
2.186009e+003;9.329335e-002
2.186491e+003;9.330416e-002
2.186973e+003;9.335640e-002
2.187456e+003;9.343410e-002
2.187938e+003;9.351739e-002
2.188420e+003;9.359048e-002
2.188902e+003;9.364513e-002
2.189384e+003;9.368455e-002
2.189866e+003;9.371735e-002
2.190348e+003;9.375729e-002
2.190831e+003;9.380878e-002
2.191313e+003;9.387357e-002
2.191795e+003;9.394321e-002
2.192277e+003;9.400731e-002
2.192759e+003;9.405285e-002
2.193241e+003;9.407377e-002
2.193723e+003;9.406478e-002
2.194206e+003;9.402775e-002
2.194688e+003;9.395991e-002
2.195170e+003;9.386061e-002
2.195652e+003;9.372389e-002
2.196134e+003;9.354579e-002
2.196616e+003;9.331974e-002
2.197098e+003;9.304636e-002
2.197581e+003;9.273057e-002
2.198063e+003;9.238523e-002
2.198545e+003;9.202784e-002
2.199027e+003;9.168013e-002
2.199509e+003;9.136296e-002
2.199991e+003;9.109557e-002
2.200473e+003;9.088633e-002
2.200955e+003;9.073856e-002
2.201438e+003;9.064414e-002
2.201920e+003;9.059221e-002
2.202402e+003;9.056848e-002
2.202884e+003;9.056335e-002
2.203366e+003;9.057122e-002
2.203848e+003;9.059272e-002
2.204330e+003;9.062917e-002
2.204813e+003;9.068093e-002
2.205295e+003;9.073788e-002
2.205777e+003;9.078400e-002
2.206259e+003;9.079614e-002
2.206741e+003;9.075119e-002
2.207223e+003;9.063450e-002
2.207705e+003;9.044584e-002
2.208188e+003;9.019910e-002
2.208670e+003;8.992417e-002
2.209152e+003;8.965282e-002
2.209634e+003;8.941822e-002
2.210116e+003;8.924011e-002
2.210598e+003;8.912518e-002
2.211080e+003;8.906536e-002
2.211563e+003;8.904234e-002
2.212045e+003;8.903329e-002
2.212527e+003;8.901802e-002
2.213009e+003;8.898143e-002
2.213491e+003;8.891964e-002
2.213973e+003;8.883505e-002
2.214455e+003;8.873941e-002
2.214938e+003;8.864711e-002
2.215419e+003;8.857134e-002
2.215902e+003;8.852138e-002
2.216384e+003;8.850168e-002
2.216866e+003;8.850548e-002
2.217348e+003;8.852360e-002
2.217830e+003;8.854276e-002
2.218312e+003;8.855209e-002
2.218794e+003;8.854410e-002
2.219277e+003;8.851764e-002
2.219759e+003;8.847415e-002
2.220241e+003;8.841660e-002
2.220723e+003;8.834250e-002
2.221205e+003;8.824884e-002
2.221687e+003;8.812733e-002
2.222169e+003;8.797205e-002
2.222652e+003;8.778416e-002
2.223134e+003;8.757798e-002
2.223616e+003;8.737620e-002
2.224098e+003;8.721146e-002
2.224580e+003;8.711510e-002
2.225062e+003;8.711123e-002
2.225544e+003;8.720540e-002
2.226027e+003;8.738737e-002
2.226509e+003;8.762791e-002
2.226991e+003;8.788863e-002
2.227473e+003;8.812881e-002
2.227955e+003;8.831545e-002
2.228437e+003;8.842865e-002
2.228919e+003;8.846542e-002
2.229402e+003;8.843487e-002
2.229884e+003;8.835700e-002
2.230366e+003;8.825307e-002
2.230848e+003;8.814171e-002
2.231330e+003;8.803299e-002
2.231812e+003;8.792917e-002
2.232294e+003;8.782491e-002
2.232776e+003;8.771235e-002
2.233259e+003;8.758638e-002
2.233741e+003;8.744670e-002
2.234223e+003;8.729976e-002
2.234705e+003;8.715691e-002
2.235187e+003;8.703103e-002
2.235669e+003;8.693150e-002
2.236151e+003;8.685932e-002
2.236634e+003;8.680982e-002
2.237116e+003;8.676920e-002
2.237598e+003;8.672314e-002
2.238080e+003;8.665711e-002
2.238562e+003;8.656305e-002
2.239044e+003;8.643833e-002
2.239526e+003;8.628705e-002
2.240009e+003;8.611701e-002
2.240491e+003;8.593959e-002
2.240973e+003;8.576450e-002
2.241455e+003;8.560281e-002
2.241937e+003;8.546349e-002
2.242419e+003;8.535510e-002
2.242901e+003;8.528250e-002
2.243384e+003;8.524811e-002
2.243866e+003;8.524728e-002
2.244348e+003;8.527208e-002
2.244830e+003;8.530736e-002
2.245312e+003;8.533713e-002
2.245794e+003;8.534580e-002
2.246276e+003;8.532261e-002
2.246759e+003;8.526342e-002
2.247240e+003;8.517202e-002
2.247723e+003;8.505954e-002
2.248205e+003;8.494280e-002
2.248687e+003;8.483821e-002
2.249169e+003;8.476024e-002
2.249651e+003;8.471677e-002
2.250133e+003;8.470957e-002
2.250615e+003;8.472934e-002
2.251098e+003;8.476239e-002
2.251580e+003;8.478998e-002
2.252062e+003;8.479821e-002
2.252544e+003;8.477544e-002
2.253026e+003;8.472242e-002
2.253508e+003;8.464660e-002
2.253990e+003;8.456169e-002
2.254473e+003;8.448117e-002
2.254955e+003;8.441527e-002
2.255437e+003;8.436481e-002
2.255919e+003;8.432483e-002
2.256401e+003;8.428484e-002
2.256883e+003;8.423636e-002
2.257365e+003;8.417684e-002
2.257848e+003;8.411381e-002
2.258330e+003;8.406051e-002
2.258812e+003;8.403540e-002
2.259294e+003;8.405047e-002
2.259776e+003;8.410936e-002
2.260258e+003;8.420108e-002
2.260740e+003;8.430237e-002
2.261223e+003;8.438346e-002
2.261705e+003;8.441622e-002
2.262187e+003;8.438040e-002
2.262669e+003;8.427234e-002
2.263151e+003;8.410337e-002
2.263633e+003;8.389909e-002
2.264115e+003;8.369181e-002
2.264597e+003;8.351291e-002
2.265080e+003;8.338494e-002
2.265562e+003;8.331788e-002
2.266044e+003;8.330735e-002
2.266526e+003;8.333904e-002
2.267008e+003;8.339169e-002
2.267490e+003;8.344620e-002
2.267972e+003;8.348686e-002
2.268455e+003;8.350616e-002
2.268937e+003;8.350304e-002
2.269419e+003;8.348110e-002
2.269901e+003;8.344480e-002
2.270383e+003;8.339899e-002
2.270865e+003;8.334547e-002
2.271347e+003;8.328660e-002
2.271830e+003;8.322335e-002
2.272312e+003;8.315802e-002
2.272794e+003;8.309351e-002
2.273276e+003;8.303314e-002
2.273758e+003;8.297847e-002
2.274240e+003;8.293065e-002
2.274722e+003;8.288898e-002
2.275205e+003;8.285466e-002
2.275687e+003;8.282999e-002
2.276169e+003;8.281891e-002
2.276651e+003;8.282594e-002
2.277133e+003;8.285301e-002
2.277615e+003;8.289616e-002
2.278097e+003;8.294703e-002
2.278580e+003;8.299235e-002
2.279062e+003;8.301991e-002
2.279544e+003;8.302303e-002
2.280026e+003;8.300352e-002
2.280508e+003;8.297203e-002
2.280990e+003;8.294462e-002
2.281472e+003;8.293601e-002
2.281954e+003;8.295435e-002
2.282437e+003;8.299631e-002
2.282919e+003;8.304945e-002
2.283401e+003;8.309439e-002
2.283883e+003;8.311490e-002
2.284365e+003;8.309904e-002
2.284847e+003;8.304610e-002
2.285329e+003;8.296359e-002
2.285812e+003;8.286393e-002
2.286294e+003;8.275765e-002
2.286776e+003;8.265430e-002
2.287258e+003;8.255658e-002
2.287740e+003;8.246501e-002
2.288222e+003;8.237777e-002
2.288704e+003;8.229513e-002
2.289187e+003;8.221836e-002
2.289669e+003;8.215023e-002
2.290151e+003;8.209253e-002
2.290633e+003;8.204526e-002
2.291115e+003;8.200549e-002
2.291597e+003;8.196907e-002
2.292079e+003;8.193100e-002
2.292562e+003;8.188785e-002
2.293044e+003;8.183645e-002
2.293526e+003;8.177569e-002
2.294008e+003;8.170328e-002
2.294490e+003;8.161894e-002
2.294972e+003;8.152295e-002
2.295454e+003;8.141859e-002
2.295937e+003;8.131220e-002
2.296418e+003;8.121305e-002
2.296901e+003;8.113111e-002
2.297383e+003;8.107466e-002
2.297865e+003;8.104485e-002
2.298347e+003;8.103790e-002
2.298829e+003;8.104225e-002
2.299311e+003;8.104397e-002
2.299793e+003;8.103015e-002
2.300276e+003;8.099315e-002
2.300758e+003;8.093159e-002
2.301240e+003;8.085266e-002
2.301722e+003;8.076590e-002
2.302204e+003;8.068309e-002
2.302686e+003;8.061364e-002
2.303168e+003;8.056260e-002
2.303651e+003;8.053131e-002
2.304133e+003;8.051789e-002
2.304615e+003;8.051746e-002
2.305097e+003;8.052510e-002
2.305579e+003;8.053423e-002
2.306061e+003;8.054056e-002
2.306543e+003;8.053952e-002
2.307026e+003;8.052827e-002
2.307508e+003;8.050716e-002
2.307990e+003;8.047871e-002
2.308472e+003;8.044647e-002
2.308954e+003;8.041503e-002
2.309436e+003;8.038746e-002
2.309918e+003;8.036470e-002
2.310401e+003;8.034540e-002
2.310883e+003;8.032656e-002
2.311365e+003;8.030532e-002
2.311847e+003;8.028044e-002
2.312329e+003;8.025236e-002
2.312811e+003;8.022318e-002
2.313293e+003;8.019574e-002
2.313775e+003;8.017325e-002
2.314258e+003;8.015668e-002
2.314740e+003;8.014654e-002
2.315222e+003;8.014221e-002
2.315704e+003;8.014245e-002
2.316186e+003;8.014551e-002
2.316668e+003;8.014973e-002
2.317150e+003;8.015185e-002
2.317633e+003;8.015031e-002
2.318115e+003;8.014403e-002
2.318597e+003;8.013384e-002
2.319079e+003;8.012495e-002
2.319561e+003;8.012522e-002
2.320043e+003;8.014188e-002
2.320525e+003;8.018050e-002
2.321008e+003;8.023863e-002
2.321490e+003;8.030695e-002
2.321972e+003;8.036729e-002
2.322454e+003;8.039788e-002
2.322936e+003;8.037756e-002
2.323418e+003;8.029363e-002
2.323900e+003;8.014213e-002
2.324383e+003;7.993241e-002
2.324865e+003;7.968213e-002
2.325347e+003;7.941505e-002
2.325829e+003;7.915509e-002
2.326311e+003;7.892353e-002
2.326793e+003;7.873393e-002
2.327275e+003;7.859296e-002
2.327758e+003;7.849846e-002
2.328240e+003;7.844310e-002
2.328722e+003;7.841464e-002
2.329204e+003;7.840011e-002
2.329686e+003;7.838732e-002
2.330168e+003;7.836799e-002
2.330650e+003;7.833882e-002
2.331132e+003;7.830118e-002
2.331615e+003;7.825945e-002
2.332097e+003;7.821972e-002
2.332579e+003;7.818721e-002
2.333061e+003;7.816346e-002
2.333543e+003;7.814620e-002
2.334025e+003;7.813019e-002
2.334507e+003;7.810888e-002
2.334990e+003;7.807682e-002
2.335472e+003;7.803185e-002
2.335954e+003;7.797673e-002
2.336436e+003;7.791643e-002
2.336918e+003;7.785875e-002
2.337400e+003;7.781018e-002
2.337882e+003;7.777455e-002
2.338365e+003;7.775278e-002
2.338847e+003;7.774238e-002
2.339329e+003;7.773856e-002
2.339811e+003;7.773634e-002
2.340293e+003;7.773043e-002
2.340775e+003;7.771757e-002
2.341257e+003;7.769554e-002
2.341740e+003;7.766432e-002
2.342222e+003;7.762545e-002
2.342704e+003;7.758287e-002
2.343186e+003;7.753993e-002
2.343668e+003;7.750274e-002
2.344150e+003;7.747335e-002
2.344632e+003;7.745390e-002
2.345115e+003;7.744192e-002
2.345596e+003;7.743309e-002
2.346079e+003;7.742084e-002
2.346561e+003;7.739899e-002
2.347043e+003;7.736313e-002
2.347525e+003;7.731315e-002
2.348007e+003;7.725065e-002
2.348489e+003;7.718132e-002
2.348971e+003;7.711118e-002
2.349454e+003;7.704659e-002
2.349936e+003;7.699112e-002
2.350418e+003;7.694662e-002
2.350900e+003;7.691260e-002
2.351382e+003;7.688628e-002
2.351864e+003;7.686482e-002
2.352346e+003;7.684412e-002
2.352829e+003;7.682078e-002
2.353311e+003;7.679264e-002
2.353793e+003;7.675853e-002
2.354275e+003;7.671933e-002
2.354757e+003;7.667676e-002
2.355239e+003;7.663477e-002
2.355721e+003;7.659620e-002
2.356204e+003;7.656416e-002
2.356686e+003;7.653852e-002
2.357168e+003;7.651805e-002
2.357650e+003;7.649928e-002
2.358132e+003;7.647821e-002
2.358614e+003;7.645150e-002
2.359096e+003;7.641702e-002
2.359579e+003;7.637484e-002
2.360061e+003;7.632743e-002
2.360543e+003;7.627739e-002
2.361025e+003;7.622826e-002
2.361507e+003;7.618094e-002
2.361989e+003;7.613588e-002
2.362471e+003;7.609141e-002
2.362953e+003;7.604513e-002
2.363436e+003;7.599486e-002
2.363918e+003;7.594019e-002
2.364400e+003;7.588213e-002
2.364882e+003;7.582428e-002
2.365364e+003;7.577140e-002
2.365846e+003;7.572786e-002
2.366328e+003;7.569745e-002
2.366811e+003;7.568106e-002
2.367293e+003;7.567595e-002
2.367775e+003;7.567659e-002
2.368257e+003;7.567681e-002
2.368739e+003;7.567032e-002
2.369221e+003;7.565286e-002
2.369703e+003;7.562558e-002
2.370186e+003;7.559119e-002
2.370668e+003;7.555677e-002
2.371150e+003;7.552885e-002
2.371632e+003;7.551283e-002
2.372114e+003;7.551026e-002
2.372596e+003;7.551934e-002
2.373078e+003;7.553528e-002
2.373561e+003;7.555266e-002
2.374043e+003;7.556539e-002
2.374525e+003;7.557100e-002
2.375007e+003;7.556693e-002
2.375489e+003;7.555433e-002
2.375971e+003;7.553385e-002
2.376453e+003;7.550731e-002
2.376936e+003;7.547561e-002
2.377417e+003;7.544108e-002
2.377900e+003;7.540630e-002
2.378382e+003;7.537445e-002
2.378864e+003;7.534972e-002
2.379346e+003;7.533573e-002
2.379828e+003;7.533454e-002
2.380310e+003;7.534614e-002
2.380792e+003;7.536684e-002
2.381275e+003;7.539213e-002
2.381757e+003;7.541537e-002
2.382239e+003;7.543072e-002
2.382721e+003;7.543240e-002
2.383203e+003;7.541810e-002
2.383685e+003;7.538648e-002
2.384167e+003;7.533969e-002
2.384650e+003;7.528074e-002
2.385132e+003;7.521430e-002
2.385614e+003;7.514527e-002
2.386096e+003;7.507835e-002
2.386578e+003;7.501666e-002
2.387060e+003;7.496142e-002
2.387542e+003;7.491142e-002
2.388025e+003;7.486565e-002
2.388507e+003;7.482190e-002
2.388989e+003;7.478034e-002
2.389471e+003;7.474174e-002
2.389953e+003;7.471018e-002
2.390435e+003;7.468943e-002
2.390917e+003;7.468270e-002
2.391400e+003;7.469009e-002
2.391882e+003;7.470787e-002
2.392364e+003;7.473001e-002
2.392846e+003;7.474839e-002
2.393328e+003;7.475629e-002
2.393810e+003;7.474979e-002
2.394292e+003;7.472871e-002
2.394774e+003;7.469660e-002
2.395257e+003;7.465851e-002
2.395739e+003;7.461896e-002
2.396221e+003;7.458118e-002
2.396703e+003;7.454560e-002
2.397185e+003;7.451026e-002
2.397667e+003;7.447402e-002
2.398149e+003;7.443549e-002
2.398632e+003;7.439599e-002
2.399114e+003;7.435811e-002
2.399596e+003;7.432549e-002
2.400078e+003;7.430089e-002
2.400560e+003;7.428515e-002
2.401042e+003;7.427725e-002
2.401524e+003;7.427449e-002
2.402007e+003;7.427256e-002
2.402489e+003;7.426909e-002
2.402971e+003;7.426270e-002
2.403453e+003;7.425391e-002
2.403935e+003;7.424452e-002
2.404417e+003;7.423735e-002
2.404899e+003;7.423273e-002
2.405382e+003;7.423102e-002
2.405864e+003;7.422937e-002
2.406346e+003;7.422455e-002
2.406828e+003;7.421322e-002
2.407310e+003;7.419445e-002
2.407792e+003;7.416827e-002
2.408274e+003;7.413859e-002
2.408757e+003;7.411085e-002
2.409239e+003;7.409004e-002
2.409721e+003;7.407933e-002
2.410203e+003;7.408001e-002
2.410685e+003;7.408848e-002
2.411167e+003;7.409995e-002
2.411649e+003;7.410825e-002
2.412131e+003;7.410917e-002
2.412614e+003;7.410055e-002
2.413096e+003;7.408465e-002
2.413578e+003;7.406521e-002
2.414060e+003;7.404806e-002
2.414542e+003;7.403643e-002
2.415024e+003;7.403214e-002
2.415506e+003;7.403342e-002
2.415989e+003;7.403686e-002
2.416471e+003;7.403832e-002
2.416953e+003;7.403556e-002
2.417435e+003;7.402790e-002
2.417917e+003;7.401747e-002
2.418399e+003;7.400583e-002
2.418881e+003;7.399445e-002
2.419364e+003;7.398254e-002
2.419846e+003;7.396562e-002
2.420328e+003;7.393932e-002
2.420810e+003;7.390008e-002
2.421292e+003;7.384603e-002
2.421774e+003;7.378197e-002
2.422256e+003;7.371420e-002
2.422739e+003;7.365216e-002
2.423221e+003;7.360335e-002
2.423703e+003;7.357243e-002
2.424185e+003;7.355726e-002
2.424667e+003;7.355277e-002
2.425149e+003;7.354878e-002
2.425631e+003;7.353902e-002
2.426114e+003;7.351848e-002
2.426595e+003;7.348868e-002
2.427078e+003;7.345482e-002
2.427560e+003;7.342500e-002
2.428042e+003;7.340612e-002
2.428524e+003;7.340172e-002
2.429006e+003;7.340981e-002
2.429488e+003;7.342506e-002
2.429970e+003;7.344025e-002
2.430453e+003;7.345016e-002
2.430935e+003;7.345368e-002
2.431417e+003;7.345374e-002
2.431899e+003;7.345647e-002
2.432381e+003;7.346828e-002
2.432863e+003;7.349121e-002
2.433345e+003;7.352401e-002
2.433828e+003;7.355925e-002
2.434310e+003;7.358705e-002
2.434792e+003;7.359850e-002
2.435274e+003;7.358894e-002
2.435756e+003;7.355896e-002
2.436238e+003;7.351571e-002
2.436720e+003;7.346855e-002
2.437203e+003;7.342874e-002
2.437685e+003;7.340257e-002
2.438167e+003;7.339336e-002
2.438649e+003;7.339843e-002
2.439131e+003;7.341468e-002
2.439613e+003;7.343604e-002
2.440095e+003;7.345939e-002
2.440578e+003;7.348250e-002
2.441060e+003;7.350602e-002
2.441542e+003;7.352930e-002
2.442024e+003;7.355092e-002
2.442506e+003;7.356787e-002
2.442988e+003;7.357676e-002
2.443470e+003;7.357349e-002
2.443952e+003;7.355710e-002
2.444435e+003;7.352900e-002
2.444917e+003;7.349323e-002
2.445399e+003;7.345477e-002
2.445881e+003;7.341836e-002
2.446363e+003;7.338637e-002
2.446845e+003;7.335981e-002
2.447327e+003;7.333656e-002
2.447810e+003;7.331677e-002
2.448292e+003;7.329906e-002
2.448774e+003;7.328646e-002
2.449256e+003;7.328115e-002
2.449738e+003;7.328662e-002
2.450220e+003;7.330357e-002
2.450702e+003;7.332992e-002
2.451185e+003;7.336016e-002
2.451667e+003;7.338782e-002
2.452149e+003;7.340427e-002
2.452631e+003;7.340442e-002
2.453113e+003;7.338489e-002
2.453595e+003;7.334749e-002
2.454077e+003;7.329527e-002
2.454560e+003;7.323466e-002
2.455042e+003;7.317159e-002
2.455524e+003;7.311215e-002
2.456006e+003;7.306115e-002
2.456488e+003;7.302214e-002
2.456970e+003;7.299672e-002
2.457452e+003;7.298525e-002
2.457935e+003;7.298552e-002
2.458417e+003;7.299391e-002
2.458899e+003;7.300447e-002
2.459381e+003;7.301355e-002
2.459863e+003;7.301679e-002
2.460345e+003;7.301529e-002
2.460827e+003;7.301144e-002
2.461310e+003;7.301109e-002
2.461792e+003;7.301874e-002
2.462274e+003;7.303732e-002
2.462756e+003;7.306473e-002
2.463238e+003;7.309591e-002
2.463720e+003;7.312167e-002
2.464202e+003;7.313396e-002
2.464684e+003;7.312814e-002
2.465167e+003;7.310363e-002
2.465649e+003;7.306404e-002
2.466131e+003;7.301649e-002
2.466613e+003;7.296725e-002
2.467095e+003;7.292201e-002
2.467577e+003;7.288260e-002
2.468059e+003;7.285018e-002
2.468542e+003;7.282390e-002
2.469024e+003;7.280485e-002
2.469506e+003;7.279436e-002
2.469988e+003;7.279588e-002
2.470470e+003;7.280973e-002
2.470952e+003;7.283463e-002
2.471434e+003;7.286559e-002
2.471917e+003;7.289470e-002
2.472399e+003;7.291331e-002
2.472881e+003;7.291595e-002
2.473363e+003;7.290008e-002
2.473845e+003;7.286867e-002
2.474327e+003;7.282594e-002
2.474809e+003;7.277922e-002
2.475292e+003;7.273373e-002
2.475774e+003;7.269304e-002
2.476256e+003;7.265768e-002
2.476738e+003;7.262908e-002
2.477220e+003;7.260598e-002
2.477702e+003;7.258955e-002
2.478184e+003;7.257899e-002
2.478667e+003;7.257448e-002
2.479148e+003;7.257321e-002
2.479631e+003;7.257169e-002
2.480113e+003;7.256629e-002
2.480595e+003;7.255481e-002
2.481077e+003;7.253849e-002
2.481559e+003;7.252049e-002
2.482041e+003;7.250661e-002
2.482523e+003;7.250176e-002
2.483006e+003;7.250810e-002
2.483488e+003;7.252491e-002
2.483970e+003;7.254806e-002
2.484452e+003;7.257200e-002
2.484934e+003;7.259313e-002
2.485416e+003;7.261091e-002
2.485898e+003;7.262721e-002
2.486381e+003;7.264605e-002
2.486863e+003;7.266966e-002
2.487345e+003;7.269873e-002
2.487827e+003;7.272825e-002
2.488309e+003;7.275221e-002
2.488791e+003;7.276332e-002
2.489273e+003;7.275748e-002
2.489756e+003;7.273293e-002
2.490238e+003;7.269494e-002
2.490720e+003;7.264934e-002
2.491202e+003;7.260409e-002
2.491684e+003;7.256384e-002
2.492166e+003;7.253143e-002
2.492648e+003;7.250626e-002
2.493131e+003;7.248575e-002
2.493613e+003;7.246725e-002
2.494095e+003;7.245026e-002
2.494577e+003;7.243501e-002
2.495059e+003;7.242515e-002
2.495541e+003;7.242491e-002
2.496023e+003;7.243686e-002
2.496505e+003;7.246216e-002
2.496988e+003;7.249926e-002
2.497470e+003;7.254183e-002
2.497952e+003;7.258353e-002
2.498434e+003;7.261498e-002
2.498916e+003;7.263085e-002
2.499398e+003;7.262742e-002
2.499880e+003;7.260734e-002
2.500363e+003;7.257731e-002
2.500845e+003;7.254826e-002
2.501327e+003;7.252973e-002
2.501809e+003;7.252979e-002
2.502291e+003;7.254971e-002
2.502773e+003;7.258621e-002
2.503255e+003;7.262972e-002
2.503738e+003;7.267058e-002
2.504220e+003;7.269975e-002
2.504702e+003;7.271402e-002
2.505184e+003;7.271380e-002
2.505666e+003;7.270560e-002
2.506148e+003;7.269581e-002
2.506630e+003;7.269017e-002
2.507113e+003;7.269056e-002
2.507595e+003;7.269514e-002
2.508077e+003;7.269942e-002
2.508559e+003;7.269892e-002
2.509041e+003;7.269022e-002
2.509523e+003;7.267361e-002
2.510005e+003;7.264998e-002
2.510488e+003;7.262312e-002
2.510969e+003;7.259437e-002
2.511452e+003;7.256526e-002
2.511934e+003;7.253490e-002
2.512416e+003;7.250203e-002
2.512898e+003;7.246567e-002
2.513380e+003;7.242752e-002
2.513862e+003;7.238924e-002
2.514344e+003;7.235514e-002
2.514827e+003;7.232797e-002
2.515309e+003;7.231032e-002
2.515791e+003;7.230129e-002
2.516273e+003;7.229831e-002
2.516755e+003;7.229657e-002
2.517237e+003;7.229046e-002
2.517719e+003;7.227589e-002
2.518202e+003;7.225139e-002
2.518684e+003;7.221869e-002
2.519166e+003;7.218330e-002
2.519648e+003;7.215270e-002
2.520130e+003;7.213484e-002
2.520612e+003;7.213570e-002
2.521094e+003;7.215745e-002
2.521577e+003;7.219587e-002
2.522059e+003;7.224387e-002
2.522541e+003;7.229098e-002
2.523023e+003;7.232757e-002
2.523505e+003;7.234737e-002
2.523987e+003;7.234886e-002
2.524469e+003;7.233383e-002
2.524952e+003;7.230867e-002
2.525434e+003;7.227744e-002
2.525916e+003;7.224511e-002
2.526398e+003;7.221241e-002
2.526880e+003;7.218014e-002
2.527362e+003;7.214864e-002
2.527844e+003;7.212074e-002
2.528326e+003;7.209933e-002
2.528809e+003;7.208982e-002
2.529291e+003;7.209309e-002
2.529773e+003;7.210872e-002
2.530255e+003;7.212981e-002
2.530737e+003;7.214821e-002
2.531219e+003;7.215460e-002
2.531701e+003;7.214478e-002
2.532184e+003;7.211910e-002
2.532666e+003;7.208571e-002
2.533148e+003;7.205445e-002
2.533630e+003;7.203751e-002
2.534112e+003;7.204252e-002
2.534594e+003;7.207227e-002
2.535076e+003;7.212275e-002
2.535559e+003;7.218635e-002
2.536041e+003;7.225275e-002
2.536523e+003;7.231431e-002
2.537005e+003;7.236387e-002
2.537487e+003;7.239827e-002
2.537969e+003;7.241644e-002
2.538451e+003;7.241879e-002
2.538934e+003;7.240595e-002
2.539416e+003;7.237998e-002
2.539898e+003;7.234268e-002
2.540380e+003;7.229782e-002
2.540862e+003;7.224834e-002
2.541344e+003;7.219832e-002
2.541826e+003;7.215141e-002
2.542309e+003;7.211042e-002
2.542791e+003;7.207759e-002
2.543273e+003;7.205609e-002
2.543755e+003;7.204934e-002
2.544237e+003;7.206047e-002
2.544719e+003;7.209086e-002
2.545201e+003;7.213990e-002
2.545683e+003;7.220210e-002
2.546166e+003;7.226945e-002
2.546648e+003;7.232980e-002
2.547130e+003;7.237232e-002
2.547612e+003;7.238801e-002
2.548094e+003;7.237367e-002
2.548576e+003;7.233102e-002
2.549058e+003;7.226780e-002
2.549541e+003;7.219373e-002
2.550023e+003;7.211936e-002
2.550505e+003;7.205336e-002
2.550987e+003;7.200168e-002
2.551469e+003;7.196639e-002
2.551951e+003;7.194813e-002
2.552433e+003;7.194341e-002
2.552916e+003;7.194933e-002
2.553398e+003;7.196012e-002
2.553880e+003;7.197100e-002
2.554362e+003;7.197636e-002
2.554844e+003;7.197333e-002
2.555326e+003;7.195944e-002
2.555808e+003;7.193597e-002
2.556291e+003;7.190410e-002
2.556773e+003;7.186940e-002
2.557255e+003;7.183548e-002
2.557737e+003;7.180717e-002
2.558219e+003;7.178797e-002
2.558701e+003;7.178088e-002
2.559183e+003;7.178753e-002
2.559666e+003;7.180939e-002
2.560147e+003;7.184480e-002
2.560630e+003;7.189246e-002
2.561112e+003;7.194719e-002
2.561594e+003;7.200211e-002
2.562076e+003;7.205090e-002
2.562558e+003;7.208792e-002
2.563040e+003;7.210918e-002
2.563522e+003;7.211658e-002
2.564005e+003;7.211329e-002
2.564487e+003;7.210672e-002
2.564969e+003;7.210260e-002
2.565451e+003;7.210618e-002
2.565933e+003;7.211890e-002
2.566415e+003;7.213954e-002
2.566897e+003;7.216506e-002
2.567380e+003;7.219224e-002
2.567862e+003;7.221750e-002
2.568344e+003;7.223914e-002
2.568826e+003;7.225688e-002
2.569308e+003;7.226926e-002
2.569790e+003;7.227601e-002
2.570272e+003;7.227567e-002
2.570755e+003;7.226769e-002
2.571237e+003;7.225134e-002
2.571719e+003;7.222635e-002
2.572201e+003;7.219470e-002
2.572683e+003;7.215802e-002
2.573165e+003;7.211926e-002
2.573647e+003;7.208047e-002
2.574130e+003;7.204413e-002
2.574612e+003;7.201276e-002
2.575094e+003;7.199049e-002
2.575576e+003;7.197957e-002
2.576058e+003;7.198331e-002
2.576540e+003;7.200126e-002
2.577022e+003;7.203139e-002
2.577504e+003;7.206799e-002
2.577987e+003;7.210406e-002
2.578469e+003;7.213176e-002
2.578951e+003;7.214635e-002
2.579433e+003;7.214598e-002
2.579915e+003;7.213422e-002
2.580397e+003;7.211532e-002
2.580879e+003;7.209624e-002
2.581362e+003;7.208069e-002
2.581844e+003;7.207026e-002
2.582326e+003;7.206228e-002
2.582808e+003;7.205356e-002
2.583290e+003;7.203999e-002
2.583772e+003;7.202047e-002
2.584254e+003;7.199713e-002
2.584737e+003;7.197413e-002
2.585219e+003;7.195742e-002
2.585701e+003;7.195202e-002
2.586183e+003;7.195949e-002
2.586665e+003;7.198040e-002
2.587147e+003;7.201119e-002
2.587629e+003;7.204791e-002
2.588112e+003;7.208695e-002
2.588594e+003;7.212506e-002
2.589076e+003;7.216053e-002
2.589558e+003;7.219328e-002
2.590040e+003;7.222072e-002
2.590522e+003;7.224295e-002
2.591004e+003;7.225639e-002
2.591487e+003;7.225950e-002
2.591969e+003;7.225096e-002
2.592451e+003;7.223208e-002
2.592933e+003;7.220519e-002
2.593415e+003;7.217658e-002
2.593897e+003;7.215215e-002
2.594379e+003;7.213815e-002
2.594861e+003;7.213882e-002
2.595344e+003;7.215542e-002
2.595826e+003;7.218525e-002
2.596308e+003;7.222351e-002
2.596790e+003;7.226380e-002
2.597272e+003;7.229897e-002
2.597754e+003;7.232478e-002
2.598236e+003;7.233884e-002
2.598719e+003;7.234272e-002
2.599201e+003;7.234044e-002
2.599683e+003;7.233705e-002
2.600165e+003;7.233769e-002
2.600647e+003;7.234550e-002
2.601129e+003;7.236139e-002
2.601611e+003;7.238392e-002
2.602094e+003;7.240964e-002
2.602576e+003;7.243465e-002
2.603058e+003;7.245608e-002
2.603540e+003;7.247224e-002
2.604022e+003;7.248364e-002
2.604504e+003;7.249089e-002
2.604986e+003;7.249650e-002
2.605469e+003;7.250209e-002
2.605951e+003;7.250924e-002
2.606433e+003;7.251833e-002
2.606915e+003;7.252944e-002
2.607397e+003;7.254222e-002
2.607879e+003;7.255609e-002
2.608361e+003;7.257023e-002
2.608844e+003;7.258291e-002
2.609325e+003;7.259190e-002
2.609808e+003;7.259610e-002
2.610290e+003;7.259383e-002
2.610772e+003;7.258649e-002
2.611254e+003;7.257536e-002
2.611736e+003;7.256431e-002
2.612218e+003;7.255805e-002
2.612700e+003;7.256194e-002
2.613183e+003;7.257893e-002
2.613665e+003;7.261106e-002
2.614147e+003;7.265641e-002
2.614629e+003;7.271165e-002
2.615111e+003;7.277171e-002
2.615593e+003;7.283215e-002
2.616075e+003;7.288820e-002
2.616558e+003;7.293814e-002
2.617040e+003;7.298153e-002
2.617522e+003;7.301893e-002
2.618004e+003;7.305107e-002
2.618486e+003;7.307803e-002
2.618968e+003;7.309934e-002
2.619450e+003;7.311355e-002
2.619933e+003;7.311840e-002
2.620415e+003;7.311269e-002
2.620897e+003;7.309576e-002
2.621379e+003;7.307031e-002
2.621861e+003;7.303929e-002
2.622343e+003;7.300787e-002
2.622825e+003;7.298053e-002
2.623308e+003;7.296273e-002
2.623790e+003;7.295759e-002
2.624272e+003;7.296710e-002
2.624754e+003;7.299192e-002
2.625236e+003;7.303166e-002
2.625718e+003;7.308450e-002
2.626200e+003;7.314932e-002
2.626682e+003;7.322333e-002
2.627165e+003;7.330370e-002
2.627647e+003;7.338633e-002
2.628129e+003;7.346712e-002
2.628611e+003;7.353977e-002
2.629093e+003;7.359954e-002
2.629575e+003;7.364304e-002
2.630057e+003;7.366788e-002
2.630540e+003;7.367479e-002
2.631022e+003;7.366700e-002
2.631504e+003;7.364944e-002
2.631986e+003;7.362731e-002
2.632468e+003;7.360581e-002
2.632950e+003;7.358851e-002
2.633432e+003;7.357676e-002
2.633915e+003;7.357199e-002
2.634397e+003;7.357271e-002
2.634879e+003;7.357854e-002
2.635361e+003;7.358855e-002
2.635843e+003;7.360276e-002
2.636325e+003;7.362060e-002
2.636807e+003;7.364237e-002
2.637290e+003;7.366776e-002
2.637772e+003;7.369660e-002
2.638254e+003;7.372797e-002
2.638736e+003;7.376122e-002
2.639218e+003;7.379586e-002
2.639700e+003;7.383144e-002
2.640182e+003;7.386705e-002
2.640665e+003;7.390265e-002
2.641146e+003;7.393761e-002
2.641629e+003;7.397183e-002
2.642111e+003;7.400447e-002
2.642593e+003;7.403629e-002
2.643075e+003;7.406726e-002
2.643557e+003;7.409816e-002
2.644039e+003;7.412960e-002
2.644521e+003;7.416229e-002
2.645004e+003;7.419665e-002
2.645486e+003;7.423262e-002
2.645968e+003;7.426935e-002
2.646450e+003;7.430609e-002
2.646932e+003;7.434160e-002
2.647414e+003;7.437433e-002
2.647896e+003;7.440322e-002
2.648379e+003;7.442771e-002
2.648861e+003;7.444754e-002
2.649343e+003;7.446390e-002
2.649825e+003;7.447839e-002
2.650307e+003;7.449362e-002
2.650789e+003;7.451261e-002
2.651271e+003;7.453780e-002
2.651754e+003;7.457028e-002
2.652236e+003;7.461009e-002
2.652718e+003;7.465553e-002
2.653200e+003;7.470389e-002
2.653682e+003;7.475164e-002
2.654164e+003;7.479534e-002
2.654646e+003;7.483295e-002
2.655129e+003;7.486364e-002
2.655611e+003;7.488774e-002
2.656093e+003;7.490697e-002
2.656575e+003;7.492273e-002
2.657057e+003;7.493736e-002
2.657539e+003;7.495189e-002
2.658021e+003;7.496690e-002
2.658503e+003;7.498312e-002
2.658986e+003;7.500020e-002
2.659468e+003;7.501804e-002
2.659950e+003;7.503596e-002
2.660432e+003;7.505380e-002
2.660914e+003;7.507051e-002
2.661396e+003;7.508505e-002
2.661878e+003;7.509686e-002
2.662361e+003;7.510472e-002
2.662843e+003;7.510909e-002
2.663325e+003;7.511046e-002
2.663807e+003;7.511124e-002
2.664289e+003;7.511428e-002
2.664771e+003;7.512298e-002
2.665253e+003;7.513987e-002
2.665736e+003;7.516713e-002
2.666218e+003;7.520448e-002
2.666700e+003;7.525051e-002
2.667182e+003;7.530203e-002
2.667664e+003;7.535535e-002
2.668146e+003;7.540643e-002
2.668628e+003;7.545347e-002
2.669111e+003;7.549494e-002
2.669593e+003;7.553209e-002
2.670075e+003;7.556622e-002
2.670557e+003;7.559932e-002
2.671039e+003;7.563261e-002
2.671521e+003;7.566658e-002
2.672003e+003;7.569943e-002
2.672486e+003;7.573010e-002
2.672968e+003;7.575718e-002
2.673450e+003;7.578086e-002
2.673932e+003;7.580248e-002
2.674414e+003;7.582542e-002
2.674896e+003;7.585338e-002
2.675378e+003;7.588966e-002
2.675860e+003;7.593542e-002
2.676343e+003;7.598953e-002
2.676825e+003;7.604866e-002
2.677307e+003;7.610868e-002
2.677789e+003;7.616454e-002
2.678271e+003;7.621397e-002
2.678753e+003;7.625602e-002
2.679235e+003;7.629241e-002
2.679718e+003;7.632662e-002
2.680200e+003;7.636263e-002
2.680682e+003;7.640311e-002
2.681164e+003;7.644959e-002
2.681646e+003;7.650176e-002
2.682128e+003;7.655766e-002
2.682610e+003;7.661527e-002
2.683093e+003;7.667263e-002
2.683575e+003;7.672828e-002
2.684057e+003;7.678244e-002
2.684539e+003;7.683384e-002
2.685021e+003;7.688309e-002
2.685503e+003;7.692865e-002
2.685985e+003;7.697040e-002
2.686468e+003;7.700714e-002
2.686950e+003;7.703989e-002
2.687432e+003;7.706998e-002
2.687914e+003;7.710150e-002
2.688396e+003;7.713693e-002
2.688878e+003;7.718036e-002
2.689360e+003;7.723200e-002
2.689843e+003;7.729232e-002
2.690324e+003;7.735797e-002
2.690807e+003;7.742605e-002
2.691289e+003;7.749327e-002
2.691771e+003;7.755824e-002
2.692253e+003;7.761998e-002
2.692735e+003;7.768042e-002
2.693217e+003;7.774039e-002
2.693699e+003;7.780046e-002
2.694182e+003;7.785962e-002
2.694664e+003;7.791526e-002
2.695146e+003;7.796433e-002
2.695628e+003;7.800520e-002
2.696110e+003;7.803795e-002
2.696592e+003;7.806528e-002
2.697074e+003;7.809176e-002
2.697557e+003;7.812349e-002
2.698039e+003;7.816402e-002
2.698521e+003;7.821584e-002
2.699003e+003;7.827713e-002
2.699485e+003;7.834484e-002
2.699967e+003;7.841328e-002
2.700449e+003;7.847846e-002
2.700932e+003;7.853869e-002
2.701414e+003;7.859301e-002
2.701896e+003;7.864388e-002
2.702378e+003;7.869372e-002
2.702860e+003;7.874444e-002
2.703342e+003;7.879671e-002
2.703824e+003;7.884909e-002
2.704307e+003;7.889870e-002
2.704789e+003;7.894295e-002
2.705271e+003;7.898014e-002
2.705753e+003;7.900994e-002
2.706235e+003;7.903371e-002
2.706717e+003;7.905439e-002
2.707199e+003;7.907511e-002
2.707681e+003;7.909916e-002
2.708164e+003;7.912879e-002
2.708646e+003;7.916611e-002
2.709128e+003;7.921123e-002
2.709610e+003;7.926440e-002
2.710092e+003;7.932480e-002
2.710574e+003;7.938983e-002
2.711056e+003;7.945719e-002
2.711539e+003;7.952343e-002
2.712021e+003;7.958534e-002
2.712503e+003;7.964007e-002
2.712985e+003;7.968762e-002
2.713467e+003;7.972880e-002
2.713949e+003;7.976644e-002
2.714431e+003;7.980409e-002
2.714914e+003;7.984523e-002
2.715396e+003;7.989128e-002
2.715878e+003;7.994272e-002
2.716360e+003;7.999784e-002
2.716842e+003;8.005540e-002
2.717324e+003;8.011364e-002
2.717806e+003;8.017363e-002
2.718289e+003;8.023713e-002
2.718771e+003;8.030641e-002
2.719253e+003;8.038353e-002
2.719735e+003;8.046839e-002
2.720217e+003;8.055849e-002
2.720699e+003;8.064874e-002
2.721181e+003;8.073302e-002
2.721664e+003;8.080700e-002
2.722146e+003;8.086689e-002
2.722628e+003;8.091425e-002
2.723110e+003;8.095284e-002
2.723592e+003;8.098843e-002
2.724074e+003;8.102674e-002
2.724556e+003;8.107201e-002
2.725038e+003;8.112629e-002
2.725521e+003;8.118919e-002
2.726003e+003;8.125784e-002
2.726485e+003;8.133007e-002
2.726967e+003;8.140271e-002
2.727449e+003;8.147490e-002
2.727931e+003;8.154516e-002
2.728413e+003;8.161343e-002
2.728896e+003;8.167852e-002
2.729378e+003;8.174109e-002
2.729860e+003;8.180002e-002
2.730342e+003;8.185653e-002
2.730824e+003;8.191180e-002
2.731306e+003;8.196893e-002
2.731788e+003;8.203007e-002
2.732271e+003;8.209780e-002
2.732753e+003;8.217216e-002
2.733235e+003;8.225208e-002
2.733717e+003;8.233346e-002
2.734199e+003;8.241246e-002
2.734681e+003;8.248429e-002
2.735163e+003;8.254635e-002
2.735646e+003;8.259772e-002
2.736128e+003;8.263988e-002
2.736610e+003;8.267612e-002
2.737092e+003;8.271101e-002
2.737574e+003;8.274785e-002
2.738056e+003;8.279062e-002
2.738538e+003;8.284140e-002
2.739021e+003;8.290143e-002
2.739502e+003;8.297100e-002
2.739985e+003;8.304956e-002
2.740467e+003;8.313651e-002
2.740949e+003;8.322975e-002
2.741431e+003;8.332680e-002
2.741913e+003;8.342428e-002
2.742395e+003;8.351769e-002
2.742877e+003;8.360364e-002
2.743360e+003;8.367821e-002
2.743842e+003;8.374119e-002
2.744324e+003;8.379347e-002
2.744806e+003;8.383932e-002
2.745288e+003;8.388488e-002
2.745770e+003;8.393767e-002
2.746252e+003;8.400309e-002
2.746735e+003;8.408552e-002
2.747217e+003;8.418447e-002
2.747699e+003;8.429704e-002
2.748181e+003;8.441610e-002
2.748663e+003;8.453444e-002
2.749145e+003;8.464519e-002
2.749627e+003;8.474346e-002
2.750110e+003;8.482788e-002
2.750592e+003;8.490068e-002
2.751074e+003;8.496596e-002
2.751556e+003;8.502842e-002
2.752038e+003;8.509208e-002
2.752520e+003;8.515958e-002
2.753002e+003;8.523130e-002
2.753485e+003;8.530679e-002
2.753967e+003;8.538454e-002
2.754449e+003;8.546292e-002
2.754931e+003;8.554219e-002
2.755413e+003;8.562227e-002
2.755895e+003;8.570425e-002
2.756377e+003;8.578891e-002
2.756859e+003;8.587662e-002
2.757342e+003;8.596732e-002
2.757824e+003;8.606012e-002
2.758306e+003;8.615422e-002
2.758788e+003;8.624855e-002
2.759270e+003;8.634292e-002
2.759752e+003;8.643731e-002
2.760234e+003;8.653215e-002
2.760717e+003;8.662748e-002
2.761199e+003;8.672394e-002
2.761681e+003;8.682115e-002
2.762163e+003;8.691884e-002
2.762645e+003;8.701599e-002
2.763127e+003;8.711141e-002
2.763609e+003;8.720469e-002
2.764092e+003;8.729594e-002
2.764574e+003;8.738556e-002
2.765056e+003;8.747470e-002
2.765538e+003;8.756436e-002
2.766020e+003;8.765484e-002
2.766502e+003;8.774486e-002
2.766984e+003;8.783345e-002
2.767467e+003;8.791850e-002
2.767949e+003;8.799884e-002
2.768431e+003;8.807427e-002
2.768913e+003;8.814716e-002
2.769395e+003;8.822116e-002
2.769877e+003;8.830023e-002
2.770359e+003;8.838881e-002
2.770841e+003;8.848837e-002
2.771323e+003;8.859856e-002
2.771806e+003;8.871689e-002
2.772288e+003;8.883793e-002
2.772770e+003;8.895734e-002
2.773252e+003;8.907085e-002
2.773734e+003;8.917718e-002
2.774216e+003;8.927612e-002
2.774698e+003;8.937026e-002
2.775181e+003;8.946274e-002
2.775663e+003;8.955614e-002
2.776145e+003;8.965315e-002
2.776627e+003;8.975434e-002
2.777109e+003;8.985916e-002
2.777591e+003;8.996636e-002
2.778073e+003;9.007382e-002
2.778556e+003;9.018053e-002
2.779038e+003;9.028558e-002
2.779520e+003;9.038938e-002
2.780002e+003;9.049331e-002
2.780484e+003;9.059968e-002
2.780966e+003;9.071044e-002
2.781448e+003;9.082771e-002
2.781931e+003;9.095238e-002
2.782413e+003;9.108336e-002
2.782895e+003;9.121884e-002
2.783377e+003;9.135529e-002
2.783859e+003;9.148871e-002
2.784341e+003;9.161551e-002
2.784823e+003;9.173270e-002
2.785305e+003;9.183909e-002
2.785788e+003;9.193337e-002
2.786270e+003;9.201741e-002
2.786752e+003;9.209291e-002
2.787234e+003;9.216405e-002
2.787716e+003;9.223504e-002
2.788198e+003;9.231069e-002
2.788680e+003;9.239596e-002
2.789163e+003;9.249562e-002
2.789645e+003;9.261129e-002
2.790127e+003;9.274267e-002
2.790609e+003;9.288786e-002
2.791091e+003;9.304249e-002
2.791573e+003;9.320061e-002
2.792055e+003;9.335766e-002
2.792538e+003;9.350880e-002
2.793020e+003;9.365223e-002
2.793502e+003;9.378618e-002
2.793984e+003;9.391218e-002
2.794466e+003;9.403113e-002
2.794948e+003;9.414534e-002
2.795430e+003;9.425748e-002
2.795913e+003;9.437075e-002
2.796395e+003;9.448766e-002
2.796877e+003;9.461094e-002
2.797359e+003;9.473987e-002
2.797841e+003;9.487488e-002
2.798323e+003;9.501183e-002
2.798805e+003;9.514835e-002
2.799288e+003;9.527949e-002
2.799770e+003;9.540445e-002
2.800252e+003;9.552255e-002
2.800734e+003;9.563748e-002
2.801216e+003;9.575214e-002
2.801698e+003;9.587167e-002
2.802180e+003;9.599838e-002
2.802662e+003;9.613428e-002
2.803145e+003;9.627717e-002
2.803627e+003;9.642514e-002
2.804109e+003;9.657428e-002
2.804591e+003;9.672157e-002
2.805073e+003;9.686399e-002
2.805555e+003;9.700081e-002
2.806037e+003;9.713196e-002
2.806520e+003;9.725893e-002
2.807002e+003;9.738453e-002
2.807484e+003;9.751341e-002
2.807966e+003;9.764881e-002
2.808448e+003;9.779602e-002
2.808930e+003;9.795621e-002
2.809412e+003;9.812948e-002
2.809895e+003;9.831251e-002
2.810377e+003;9.850078e-002
2.810859e+003;9.868842e-002
2.811341e+003;9.887119e-002
2.811823e+003;9.904566e-002
2.812305e+003;9.921242e-002
2.812787e+003;9.937288e-002
2.813270e+003;9.952977e-002
2.813752e+003;9.968460e-002
2.814234e+003;9.983926e-002
2.814716e+003;9.999279e-002
2.815198e+003;1.001447e-001
2.815680e+003;1.002943e-001
2.816162e+003;1.004420e-001
2.816645e+003;1.005891e-001
2.817126e+003;1.007373e-001
2.817609e+003;1.008882e-001
2.818091e+003;1.010434e-001
2.818573e+003;1.012024e-001
2.819055e+003;1.013664e-001
2.819537e+003;1.015357e-001
2.820019e+003;1.017115e-001
2.820501e+003;1.018942e-001
2.820984e+003;1.020837e-001
2.821466e+003;1.022770e-001
2.821948e+003;1.024713e-001
2.822430e+003;1.026604e-001
2.822912e+003;1.028410e-001
2.823394e+003;1.030094e-001
2.823876e+003;1.031661e-001
2.824359e+003;1.033135e-001
2.824841e+003;1.034567e-001
2.825323e+003;1.036005e-001
2.825805e+003;1.037500e-001
2.826287e+003;1.039083e-001
2.826769e+003;1.040781e-001
2.827251e+003;1.042598e-001
2.827734e+003;1.044550e-001
2.828216e+003;1.046631e-001
2.828698e+003;1.048824e-001
2.829180e+003;1.051095e-001
2.829662e+003;1.053393e-001
2.830144e+003;1.055652e-001
2.830626e+003;1.057808e-001
2.831109e+003;1.059824e-001
2.831591e+003;1.061676e-001
2.832073e+003;1.063378e-001
2.832555e+003;1.064971e-001
2.833037e+003;1.066493e-001
2.833519e+003;1.067998e-001
2.834001e+003;1.069516e-001
2.834483e+003;1.071079e-001
2.834966e+003;1.072713e-001
2.835448e+003;1.074447e-001
2.835930e+003;1.076299e-001
2.836412e+003;1.078285e-001
2.836894e+003;1.080390e-001
2.837376e+003;1.082591e-001
2.837858e+003;1.084836e-001
2.838341e+003;1.087076e-001
2.838823e+003;1.089267e-001
2.839305e+003;1.091408e-001
2.839787e+003;1.093506e-001
2.840269e+003;1.095603e-001
2.840751e+003;1.097733e-001
2.841233e+003;1.099914e-001
2.841716e+003;1.102149e-001
2.842198e+003;1.104422e-001
2.842680e+003;1.106713e-001
2.843162e+003;1.109017e-001
2.843644e+003;1.111339e-001
2.844126e+003;1.113706e-001
2.844608e+003;1.116135e-001
2.845091e+003;1.118632e-001
2.845573e+003;1.121152e-001
2.846055e+003;1.123649e-001
2.846537e+003;1.126060e-001
2.847019e+003;1.128340e-001
2.847501e+003;1.130483e-001
2.847983e+003;1.132531e-001
2.848466e+003;1.134540e-001
2.848948e+003;1.136583e-001
2.849430e+003;1.138707e-001
2.849912e+003;1.140941e-001
2.850394e+003;1.143265e-001
2.850876e+003;1.145652e-001
2.851358e+003;1.148070e-001
2.851840e+003;1.150497e-001
2.852323e+003;1.152925e-001
2.852805e+003;1.155355e-001
2.853287e+003;1.157778e-001
2.853769e+003;1.160181e-001
2.854251e+003;1.162537e-001
2.854733e+003;1.164827e-001
2.855215e+003;1.167029e-001
2.855698e+003;1.169151e-001
2.856180e+003;1.171208e-001
2.856662e+003;1.173230e-001
2.857144e+003;1.175233e-001
2.857626e+003;1.177222e-001
2.858108e+003;1.179188e-001
2.858590e+003;1.181129e-001
2.859073e+003;1.183041e-001
2.859555e+003;1.184944e-001
2.860037e+003;1.186885e-001
2.860519e+003;1.188921e-001
2.861001e+003;1.191102e-001
2.861483e+003;1.193474e-001
2.861965e+003;1.196042e-001
2.862448e+003;1.198795e-001
2.862930e+003;1.201692e-001
2.863412e+003;1.204688e-001
2.863894e+003;1.207728e-001
2.864376e+003;1.210772e-001
2.864858e+003;1.213772e-001
2.865340e+003;1.216700e-001
2.865823e+003;1.219527e-001
2.866304e+003;1.222250e-001
2.866787e+003;1.224873e-001
2.867269e+003;1.227431e-001
2.867751e+003;1.229955e-001
2.868233e+003;1.232499e-001
2.868715e+003;1.235090e-001
2.869197e+003;1.237742e-001
2.869679e+003;1.240445e-001
2.870162e+003;1.243166e-001
2.870644e+003;1.245866e-001
2.871126e+003;1.248521e-001
2.871608e+003;1.251104e-001
2.872090e+003;1.253627e-001
2.872572e+003;1.256101e-001
2.873054e+003;1.258558e-001
2.873537e+003;1.261009e-001
2.874019e+003;1.263468e-001
2.874501e+003;1.265946e-001
2.874983e+003;1.268451e-001
2.875465e+003;1.270997e-001
2.875947e+003;1.273607e-001
2.876429e+003;1.276287e-001
2.876912e+003;1.279059e-001
2.877394e+003;1.281916e-001
2.877876e+003;1.284837e-001
2.878358e+003;1.287773e-001
2.878840e+003;1.290680e-001
2.879322e+003;1.293507e-001
2.879804e+003;1.296228e-001
2.880287e+003;1.298829e-001
2.880769e+003;1.301340e-001
2.881251e+003;1.303805e-001
2.881733e+003;1.306286e-001
2.882215e+003;1.308841e-001
2.882697e+003;1.311521e-001
2.883179e+003;1.314341e-001
2.883661e+003;1.317303e-001
2.884144e+003;1.320363e-001
2.884626e+003;1.323468e-001
2.885108e+003;1.326557e-001
2.885590e+003;1.329589e-001
2.886072e+003;1.332527e-001
2.886554e+003;1.335374e-001
2.887036e+003;1.338147e-001
2.887519e+003;1.340894e-001
2.888001e+003;1.343645e-001
2.888483e+003;1.346441e-001
2.888965e+003;1.349282e-001
2.889447e+003;1.352178e-001
2.889929e+003;1.355093e-001
2.890411e+003;1.358015e-001
2.890894e+003;1.360907e-001
2.891376e+003;1.363756e-001
2.891858e+003;1.366540e-001
2.892340e+003;1.369253e-001
2.892822e+003;1.371879e-001
2.893304e+003;1.374401e-001
2.893786e+003;1.376811e-001
2.894269e+003;1.379107e-001
2.894751e+003;1.381315e-001
2.895233e+003;1.383496e-001
2.895715e+003;1.385731e-001
2.896197e+003;1.388135e-001
2.896679e+003;1.390816e-001
2.897161e+003;1.393871e-001
2.897644e+003;1.397341e-001
2.898125e+003;1.401221e-001
2.898608e+003;1.405450e-001
2.899090e+003;1.409935e-001
2.899572e+003;1.414559e-001
2.900054e+003;1.419223e-001
2.900536e+003;1.423836e-001
2.901018e+003;1.428348e-001
2.901500e+003;1.432726e-001
2.901983e+003;1.436950e-001
2.902465e+003;1.441004e-001
2.902947e+003;1.444888e-001
2.903429e+003;1.448596e-001
2.903911e+003;1.452153e-001
2.904393e+003;1.455592e-001
2.904875e+003;1.458967e-001
2.905358e+003;1.462335e-001
2.905840e+003;1.465750e-001
2.906322e+003;1.469239e-001
2.906804e+003;1.472804e-001
2.907286e+003;1.476413e-001
2.907768e+003;1.480032e-001
2.908250e+003;1.483610e-001
2.908733e+003;1.487119e-001
2.909215e+003;1.490547e-001
2.909697e+003;1.493906e-001
2.910179e+003;1.497218e-001
2.910661e+003;1.500530e-001
2.911143e+003;1.503863e-001
2.911625e+003;1.507256e-001
2.912108e+003;1.510725e-001
2.912590e+003;1.514280e-001
2.913072e+003;1.517901e-001
2.913554e+003;1.521568e-001
2.914036e+003;1.525235e-001
2.914518e+003;1.528863e-001
2.915000e+003;1.532408e-001
2.915482e+003;1.535861e-001
2.915965e+003;1.539232e-001
2.916447e+003;1.542570e-001
2.916929e+003;1.545945e-001
2.917411e+003;1.549438e-001
2.917893e+003;1.553115e-001
2.918375e+003;1.557011e-001
2.918857e+003;1.561129e-001
2.919340e+003;1.565432e-001
2.919822e+003;1.569851e-001
2.920304e+003;1.574313e-001
2.920786e+003;1.578747e-001
2.921268e+003;1.583103e-001
2.921750e+003;1.587353e-001
2.922232e+003;1.591502e-001
2.922715e+003;1.595568e-001
2.923197e+003;1.599598e-001
2.923679e+003;1.603640e-001
2.924161e+003;1.607745e-001
2.924643e+003;1.611936e-001
2.925125e+003;1.616229e-001
2.925607e+003;1.620600e-001
2.926090e+003;1.625015e-001
2.926572e+003;1.629409e-001
2.927054e+003;1.633745e-001
2.927536e+003;1.637990e-001
2.928018e+003;1.642135e-001
2.928500e+003;1.646204e-001
2.928982e+003;1.650227e-001
2.929465e+003;1.654244e-001
2.929947e+003;1.658305e-001
2.930429e+003;1.662440e-001
2.930911e+003;1.666699e-001
2.931393e+003;1.671108e-001
2.931875e+003;1.675693e-001
2.932357e+003;1.680446e-001
2.932839e+003;1.685348e-001
2.933322e+003;1.690334e-001
2.933804e+003;1.695327e-001
2.934286e+003;1.700227e-001
2.934768e+003;1.704980e-001
2.935250e+003;1.709532e-001
2.935732e+003;1.713913e-001
2.936214e+003;1.718162e-001
2.936697e+003;1.722354e-001
2.937179e+003;1.726543e-001
2.937661e+003;1.730763e-001
2.938143e+003;1.735008e-001
2.938625e+003;1.739269e-001
2.939107e+003;1.743517e-001
2.939589e+003;1.747754e-001
2.940072e+003;1.752012e-001
2.940554e+003;1.756331e-001
2.941036e+003;1.760745e-001
2.941518e+003;1.765262e-001
2.942000e+003;1.769841e-001
2.942482e+003;1.774407e-001
2.942964e+003;1.778857e-001
2.943447e+003;1.783108e-001
2.943929e+003;1.787135e-001
2.944411e+003;1.790972e-001
2.944893e+003;1.794733e-001
2.945375e+003;1.798577e-001
2.945857e+003;1.802664e-001
2.946339e+003;1.807119e-001
2.946822e+003;1.811993e-001
2.947303e+003;1.817246e-001
2.947786e+003;1.822744e-001
2.948268e+003;1.828307e-001
2.948750e+003;1.833734e-001
2.949232e+003;1.838879e-001
2.949714e+003;1.843665e-001
2.950196e+003;1.848104e-001
2.950678e+003;1.852297e-001
2.951161e+003;1.856390e-001
2.951643e+003;1.860535e-001
2.952125e+003;1.864846e-001
2.952607e+003;1.869371e-001
2.953089e+003;1.874104e-001
2.953571e+003;1.878971e-001
2.954053e+003;1.883894e-001
2.954536e+003;1.888814e-001
2.955018e+003;1.893713e-001
2.955500e+003;1.898617e-001
2.955982e+003;1.903579e-001
2.956464e+003;1.908662e-001
2.956946e+003;1.913912e-001
2.957428e+003;1.919325e-001
2.957911e+003;1.924886e-001
2.958393e+003;1.930552e-001
2.958875e+003;1.936291e-001
2.959357e+003;1.942068e-001
2.959839e+003;1.947868e-001
2.960321e+003;1.953680e-001
2.960803e+003;1.959495e-001
2.961286e+003;1.965284e-001
2.961768e+003;1.971055e-001
2.962250e+003;1.976803e-001
2.962732e+003;1.982571e-001
2.963214e+003;1.988413e-001
2.963696e+003;1.994393e-001
2.964178e+003;2.000554e-001
2.964660e+003;2.006906e-001
2.965143e+003;2.013414e-001
2.965625e+003;2.019995e-001
2.966107e+003;2.026561e-001
2.966589e+003;2.033044e-001
2.967071e+003;2.039413e-001
2.967553e+003;2.045695e-001
2.968035e+003;2.051941e-001
2.968518e+003;2.058232e-001
2.969000e+003;2.064616e-001
2.969482e+003;2.071128e-001
2.969964e+003;2.077756e-001
2.970446e+003;2.084476e-001
2.970928e+003;2.091253e-001
2.971410e+003;2.098065e-001
2.971893e+003;2.104894e-001
2.972375e+003;2.111740e-001
2.972857e+003;2.118583e-001
2.973339e+003;2.125413e-001
2.973821e+003;2.132190e-001
2.974303e+003;2.138901e-001
2.974785e+003;2.145521e-001
2.975268e+003;2.152066e-001
2.975750e+003;2.158558e-001
2.976232e+003;2.165038e-001
2.976714e+003;2.171548e-001
2.977196e+003;2.178129e-001
2.977678e+003;2.184796e-001
2.978160e+003;2.191557e-001
2.978643e+003;2.198404e-001
2.979125e+003;2.205339e-001
2.979607e+003;2.212363e-001
2.980089e+003;2.219476e-001
2.980571e+003;2.226683e-001
2.981053e+003;2.233987e-001
2.981535e+003;2.241385e-001
2.982017e+003;2.248863e-001
2.982500e+003;2.256397e-001
2.982982e+003;2.263975e-001
2.983464e+003;2.271555e-001
2.983946e+003;2.279104e-001
2.984428e+003;2.286593e-001
2.984910e+003;2.293995e-001
2.985392e+003;2.301308e-001
2.985875e+003;2.308540e-001
2.986357e+003;2.315721e-001
2.986839e+003;2.322913e-001
2.987321e+003;2.330159e-001
2.987803e+003;2.337520e-001
2.988285e+003;2.345015e-001
2.988767e+003;2.352664e-001
2.989250e+003;2.360457e-001
2.989732e+003;2.368386e-001
2.990214e+003;2.376431e-001
2.990696e+003;2.384597e-001
2.991178e+003;2.392882e-001
2.991660e+003;2.401288e-001
2.992142e+003;2.409794e-001
2.992625e+003;2.418378e-001
2.993107e+003;2.426987e-001
2.993589e+003;2.435560e-001
2.994071e+003;2.444054e-001
2.994553e+003;2.452442e-001
2.995035e+003;2.460729e-001
2.995517e+003;2.468944e-001
2.996000e+003;2.477144e-001
2.996481e+003;2.485388e-001
2.996964e+003;2.493719e-001
2.997446e+003;2.502169e-001
2.997928e+003;2.510734e-001
2.998410e+003;2.519405e-001
2.998892e+003;2.528155e-001
2.999374e+003;2.536979e-001
2.999856e+003;2.545876e-001
3.000339e+003;2.554861e-001
3.000821e+003;2.563967e-001
3.001303e+003;2.573221e-001
3.001785e+003;2.582642e-001
3.002267e+003;2.592222e-001
3.002749e+003;2.601925e-001
3.003231e+003;2.611720e-001
3.003714e+003;2.621547e-001
3.004196e+003;2.631377e-001
3.004678e+003;2.641183e-001
3.005160e+003;2.650964e-001
3.005642e+003;2.660717e-001
3.006124e+003;2.670460e-001
3.006606e+003;2.680174e-001
3.007089e+003;2.689860e-001
3.007571e+003;2.699513e-001
3.008053e+003;2.709142e-001
3.008535e+003;2.718783e-001
3.009017e+003;2.728495e-001
3.009499e+003;2.738343e-001
3.009981e+003;2.748372e-001
3.010464e+003;2.758597e-001
3.010946e+003;2.768984e-001
3.011428e+003;2.779445e-001
3.011910e+003;2.789890e-001
3.012392e+003;2.800231e-001
3.012874e+003;2.810442e-001
3.013356e+003;2.820528e-001
3.013838e+003;2.830572e-001
3.014321e+003;2.840680e-001
3.014803e+003;2.850953e-001
3.015285e+003;2.861454e-001
3.015767e+003;2.872216e-001
3.016249e+003;2.883208e-001
3.016731e+003;2.894373e-001
3.017213e+003;2.905642e-001
3.017696e+003;2.916958e-001
3.018178e+003;2.928279e-001
3.018660e+003;2.939579e-001
3.019142e+003;2.950835e-001
3.019624e+003;2.962029e-001
3.020106e+003;2.973147e-001
3.020588e+003;2.984175e-001
3.021071e+003;2.995114e-001
3.021553e+003;3.005996e-001
3.022035e+003;3.016876e-001
3.022517e+003;3.027819e-001
3.022999e+003;3.038907e-001
3.023481e+003;3.050188e-001
3.023963e+003;3.061682e-001
3.024446e+003;3.073362e-001
3.024928e+003;3.085157e-001
3.025410e+003;3.096988e-001
3.025892e+003;3.108762e-001
3.026374e+003;3.120433e-001
3.026856e+003;3.131988e-001
3.027338e+003;3.143488e-001
3.027821e+003;3.155021e-001
3.028302e+003;3.166704e-001
3.028785e+003;3.178642e-001
3.029267e+003;3.190894e-001
3.029749e+003;3.203452e-001
3.030231e+003;3.216268e-001
3.030713e+003;3.229229e-001
3.031195e+003;3.242240e-001
3.031677e+003;3.255205e-001
3.032160e+003;3.268068e-001
3.032642e+003;3.280815e-001
3.033124e+003;3.293471e-001
3.033606e+003;3.306066e-001
3.034088e+003;3.318647e-001
3.034570e+003;3.331234e-001
3.035052e+003;3.343849e-001
3.035535e+003;3.356507e-001
3.036017e+003;3.369220e-001
3.036499e+003;3.381984e-001
3.036981e+003;3.394803e-001
3.037463e+003;3.407652e-001
3.037945e+003;3.420511e-001
3.038427e+003;3.433349e-001
3.038910e+003;3.446164e-001
3.039392e+003;3.458972e-001
3.039874e+003;3.471854e-001
3.040356e+003;3.484902e-001
3.040838e+003;3.498212e-001
3.041320e+003;3.511850e-001
3.041802e+003;3.525821e-001
3.042285e+003;3.540062e-001
3.042767e+003;3.554448e-001
3.043249e+003;3.568830e-001
3.043731e+003;3.583081e-001
3.044213e+003;3.597116e-001
3.044695e+003;3.610934e-001
3.045177e+003;3.624583e-001
3.045659e+003;3.638170e-001
3.046142e+003;3.651799e-001
3.046624e+003;3.665572e-001
3.047106e+003;3.679540e-001
3.047588e+003;3.693713e-001
3.048070e+003;3.708079e-001
3.048552e+003;3.722597e-001
3.049034e+003;3.737222e-001
3.049517e+003;3.751939e-001
3.049999e+003;3.766721e-001
3.050481e+003;3.781587e-001
3.050963e+003;3.796551e-001
3.051445e+003;3.811640e-001
3.051927e+003;3.826844e-001
3.052409e+003;3.842154e-001
3.052892e+003;3.857505e-001
3.053374e+003;3.872823e-001
3.053856e+003;3.888024e-001
3.054338e+003;3.903053e-001
3.054820e+003;3.917884e-001
3.055302e+003;3.932571e-001
3.055784e+003;3.947198e-001
3.056267e+003;3.961890e-001
3.056749e+003;3.976752e-001
3.057231e+003;3.991859e-001
3.057713e+003;4.007221e-001
3.058195e+003;4.022790e-001
3.058677e+003;4.038475e-001
3.059159e+003;4.054199e-001
3.059642e+003;4.069889e-001
3.060124e+003;4.085543e-001
3.060606e+003;4.101197e-001
3.061088e+003;4.116929e-001
3.061570e+003;4.132813e-001
3.062052e+003;4.148901e-001
3.062534e+003;4.165206e-001
3.063016e+003;4.181697e-001
3.063499e+003;4.198304e-001
3.063981e+003;4.214971e-001
3.064463e+003;4.231634e-001
3.064945e+003;4.248284e-001
3.065427e+003;4.264938e-001
3.065909e+003;4.281641e-001
3.066391e+003;4.298447e-001
3.066874e+003;4.315404e-001
3.067356e+003;4.332518e-001
3.067838e+003;4.349772e-001
3.068320e+003;4.367121e-001
3.068802e+003;4.384513e-001
3.069284e+003;4.401893e-001
3.069766e+003;4.419244e-001
3.070249e+003;4.436564e-001
3.070731e+003;4.453878e-001
3.071213e+003;4.471203e-001
3.071695e+003;4.488564e-001
3.072177e+003;4.505964e-001
3.072659e+003;4.523406e-001
3.073141e+003;4.540885e-001
3.073624e+003;4.558417e-001
3.074106e+003;4.576021e-001
3.074588e+003;4.593730e-001
3.075070e+003;4.611561e-001
3.075552e+003;4.629501e-001
3.076034e+003;4.647505e-001
3.076516e+003;4.665524e-001
3.076999e+003;4.683489e-001
3.077480e+003;4.701382e-001
3.077963e+003;4.719220e-001
3.078445e+003;4.737064e-001
3.078927e+003;4.754997e-001
3.079409e+003;4.773097e-001
3.079891e+003;4.791379e-001
3.080373e+003;4.809843e-001
3.080855e+003;4.828413e-001
3.081338e+003;4.847036e-001
3.081820e+003;4.865665e-001
3.082302e+003;4.884324e-001
3.082784e+003;4.903061e-001
3.083266e+003;4.921966e-001
3.083748e+003;4.941106e-001
3.084230e+003;4.960504e-001
3.084713e+003;4.980120e-001
3.085195e+003;4.999873e-001
3.085677e+003;5.019659e-001
3.086159e+003;5.039386e-001
3.086641e+003;5.058998e-001
3.087123e+003;5.078491e-001
3.087605e+003;5.097879e-001
3.088088e+003;5.117205e-001
3.088570e+003;5.136504e-001
3.089052e+003;5.155817e-001
3.089534e+003;5.175156e-001
3.090016e+003;5.194557e-001
3.090498e+003;5.214027e-001
3.090980e+003;5.233600e-001
3.091463e+003;5.253282e-001
3.091945e+003;5.273088e-001
3.092427e+003;5.293024e-001
3.092909e+003;5.313105e-001
3.093391e+003;5.333347e-001
3.093873e+003;5.353766e-001
3.094355e+003;5.374389e-001
3.094837e+003;5.395209e-001
3.095320e+003;5.416189e-001
3.095802e+003;5.437272e-001
3.096284e+003;5.458367e-001
3.096766e+003;5.479411e-001
3.097248e+003;5.500391e-001
3.097730e+003;5.521335e-001
3.098212e+003;5.542333e-001
3.098695e+003;5.563487e-001
3.099177e+003;5.584874e-001
3.099659e+003;5.606511e-001
3.100141e+003;5.628349e-001
3.100623e+003;5.650285e-001
3.101105e+003;5.672206e-001
3.101587e+003;5.694031e-001
3.102070e+003;5.715724e-001
3.102552e+003;5.737315e-001
3.103034e+003;5.758852e-001
3.103516e+003;5.780376e-001
3.103998e+003;5.801889e-001
3.104480e+003;5.823356e-001
3.104962e+003;5.844709e-001
3.105445e+003;5.865908e-001
3.105927e+003;5.886943e-001
3.106409e+003;5.907879e-001
3.106891e+003;5.928802e-001
3.107373e+003;5.949847e-001
3.107855e+003;5.971099e-001
3.108337e+003;5.992622e-001
3.108820e+003;6.014401e-001
3.109302e+003;6.036388e-001
3.109784e+003;6.058505e-001
3.110266e+003;6.080689e-001
3.110748e+003;6.102888e-001
3.111230e+003;6.125100e-001
3.111712e+003;6.147329e-001
3.112194e+003;6.169608e-001
3.112677e+003;6.191964e-001
3.113159e+003;6.214421e-001
3.113641e+003;6.236981e-001
3.114123e+003;6.259658e-001
3.114605e+003;6.282423e-001
3.115087e+003;6.305276e-001
3.115569e+003;6.328185e-001
3.116052e+003;6.351129e-001
3.116534e+003;6.374056e-001
3.117016e+003;6.396927e-001
3.117498e+003;6.419672e-001
3.117980e+003;6.442249e-001
3.118462e+003;6.464632e-001
3.118944e+003;6.486837e-001
3.119427e+003;6.508959e-001
3.119909e+003;6.531162e-001
3.120391e+003;6.553650e-001
3.120873e+003;6.576641e-001
3.121355e+003;6.600285e-001
3.121837e+003;6.624638e-001
3.122319e+003;6.649598e-001
3.122802e+003;6.674933e-001
3.123284e+003;6.700318e-001
3.123766e+003;6.725438e-001
3.124248e+003;6.750044e-001
3.124730e+003;6.774049e-001
3.125212e+003;6.797498e-001
3.125694e+003;6.820577e-001
3.126177e+003;6.843504e-001
3.126658e+003;6.866482e-001
3.127141e+003;6.889631e-001
3.127623e+003;6.912991e-001
3.128105e+003;6.936514e-001
3.128587e+003;6.960133e-001
3.129069e+003;6.983775e-001
3.129551e+003;7.007411e-001
3.130033e+003;7.031046e-001
3.130516e+003;7.054706e-001
3.130998e+003;7.078413e-001
3.131480e+003;7.102175e-001
3.131962e+003;7.125967e-001
3.132444e+003;7.149757e-001
3.132926e+003;7.173510e-001
3.133408e+003;7.197206e-001
3.133891e+003;7.220858e-001
3.134373e+003;7.244503e-001
3.134855e+003;7.268192e-001
3.135337e+003;7.291994e-001
3.135819e+003;7.315957e-001
3.136301e+003;7.340128e-001
3.136783e+003;7.364509e-001
3.137266e+003;7.389073e-001
3.137748e+003;7.413753e-001
3.138230e+003;7.438470e-001
3.138712e+003;7.463127e-001
3.139194e+003;7.487667e-001
3.139676e+003;7.512059e-001
3.140158e+003;7.536339e-001
3.140641e+003;7.560571e-001
3.141123e+003;7.584844e-001
3.141605e+003;7.609221e-001
3.142087e+003;7.633728e-001
3.142569e+003;7.658318e-001
3.143051e+003;7.682902e-001
3.143533e+003;7.707361e-001
3.144015e+003;7.731581e-001
3.144498e+003;7.755495e-001
3.144980e+003;7.779114e-001
3.145462e+003;7.802515e-001
3.145944e+003;7.825848e-001
3.146426e+003;7.849267e-001
3.146908e+003;7.872944e-001
3.147390e+003;7.896968e-001
3.147873e+003;7.921362e-001
3.148355e+003;7.946062e-001
3.148837e+003;7.970934e-001
3.149319e+003;7.995797e-001
3.149801e+003;8.020499e-001
3.150283e+003;8.044924e-001
3.150765e+003;8.069042e-001
3.151248e+003;8.092904e-001
3.151730e+003;8.116612e-001
3.152212e+003;8.140267e-001
3.152694e+003;8.163955e-001
3.153176e+003;8.187687e-001
3.153658e+003;8.211440e-001
3.154140e+003;8.235149e-001
3.154623e+003;8.258780e-001
3.155105e+003;8.282317e-001
3.155587e+003;8.305824e-001
3.156069e+003;8.329370e-001
3.156551e+003;8.353050e-001
3.157033e+003;8.376918e-001
3.157515e+003;8.400980e-001
3.157998e+003;8.425190e-001
3.158479e+003;8.449496e-001
3.158962e+003;8.473821e-001
3.159444e+003;8.498123e-001
3.159926e+003;8.522364e-001
3.160408e+003;8.546549e-001
3.160890e+003;8.570675e-001
3.161372e+003;8.594758e-001
3.161854e+003;8.618819e-001
3.162337e+003;8.642896e-001
3.162819e+003;8.667024e-001
3.163301e+003;8.691230e-001
3.163783e+003;8.715485e-001
3.164265e+003;8.739721e-001
3.164747e+003;8.763778e-001
3.165229e+003;8.787493e-001
3.165712e+003;8.810697e-001
3.166194e+003;8.833336e-001
3.166676e+003;8.855457e-001
3.167158e+003;8.877259e-001
3.167640e+003;8.899001e-001
3.168122e+003;8.920975e-001
3.168604e+003;8.943377e-001
3.169087e+003;8.966291e-001
3.169569e+003;8.989662e-001
3.170051e+003;9.013332e-001
3.170533e+003;9.037086e-001
3.171015e+003;9.060724e-001
3.171497e+003;9.084074e-001
3.171979e+003;9.107053e-001
3.172461e+003;9.129602e-001
3.172944e+003;9.151746e-001
3.173426e+003;9.173529e-001
3.173908e+003;9.195064e-001
3.174390e+003;9.216494e-001
3.174872e+003;9.237962e-001
3.175354e+003;9.259596e-001
3.175836e+003;9.281456e-001
3.176319e+003;9.303506e-001
3.176801e+003;9.325642e-001
3.177283e+003;9.347713e-001
3.177765e+003;9.369614e-001
3.178247e+003;9.391299e-001
3.178729e+003;9.412846e-001
3.179211e+003;9.434389e-001
3.179694e+003;9.456067e-001
3.180176e+003;9.477940e-001
3.180658e+003;9.499973e-001
3.181140e+003;9.522026e-001
3.181622e+003;9.543936e-001
3.182104e+003;9.565543e-001
3.182586e+003;9.586813e-001
3.183069e+003;9.607778e-001
3.183551e+003;9.628563e-001
3.184033e+003;9.649265e-001
3.184515e+003;9.669946e-001
3.184997e+003;9.690566e-001
3.185479e+003;9.711050e-001
3.185961e+003;9.731312e-001
3.186444e+003;9.751329e-001
3.186926e+003;9.771150e-001
3.187408e+003;9.790900e-001
3.187890e+003;9.810690e-001
3.188372e+003;9.830586e-001
3.188854e+003;9.850555e-001
3.189336e+003;9.870484e-001
3.189818e+003;9.890220e-001
3.190301e+003;9.909648e-001
3.190783e+003;9.928722e-001
3.191265e+003;9.947502e-001
3.191747e+003;9.966105e-001
3.192229e+003;9.984678e-001
3.192711e+003;1.000331e+000
3.193193e+003;1.002207e+000
3.193676e+003;1.004093e+000
3.194158e+003;1.005983e+000
3.194640e+003;1.007870e+000
3.195122e+003;1.009749e+000
3.195604e+003;1.011614e+000
3.196086e+003;1.013459e+000
3.196568e+003;1.015278e+000
3.197051e+003;1.017067e+000
3.197533e+003;1.018818e+000
3.198015e+003;1.020529e+000
3.198497e+003;1.022202e+000
3.198979e+003;1.023843e+000
3.199461e+003;1.025463e+000
3.199943e+003;1.027073e+000
3.200426e+003;1.028687e+000
3.200908e+003;1.030315e+000
3.201390e+003;1.031965e+000
3.201872e+003;1.033640e+000
3.202354e+003;1.035338e+000
3.202836e+003;1.037050e+000
3.203318e+003;1.038764e+000
3.203801e+003;1.040463e+000
3.204282e+003;1.042130e+000
3.204765e+003;1.043751e+000
3.205247e+003;1.045318e+000
3.205729e+003;1.046834e+000
3.206211e+003;1.048304e+000
3.206693e+003;1.049740e+000
3.207175e+003;1.051151e+000
3.207657e+003;1.052547e+000
3.208140e+003;1.053934e+000
3.208622e+003;1.055319e+000
3.209104e+003;1.056707e+000
3.209586e+003;1.058101e+000
3.210068e+003;1.059507e+000
3.210550e+003;1.060926e+000
3.211032e+003;1.062354e+000
3.211515e+003;1.063784e+000
3.211997e+003;1.065205e+000
3.212479e+003;1.066610e+000
3.212961e+003;1.067991e+000
3.213443e+003;1.069351e+000
3.213925e+003;1.070694e+000
3.214407e+003;1.072024e+000
3.214890e+003;1.073343e+000
3.215372e+003;1.074648e+000
3.215854e+003;1.075936e+000
3.216336e+003;1.077203e+000
3.216818e+003;1.078449e+000
3.217300e+003;1.079677e+000
3.217782e+003;1.080892e+000
3.218265e+003;1.082100e+000
3.218747e+003;1.083298e+000
3.219229e+003;1.084478e+000
3.219711e+003;1.085627e+000
3.220193e+003;1.086732e+000
3.220675e+003;1.087788e+000
3.221157e+003;1.088800e+000
3.221639e+003;1.089779e+000
3.222122e+003;1.090739e+000
3.222604e+003;1.091693e+000
3.223086e+003;1.092649e+000
3.223568e+003;1.093604e+000
3.224050e+003;1.094560e+000
3.224532e+003;1.095513e+000
3.225014e+003;1.096468e+000
3.225497e+003;1.097431e+000
3.225979e+003;1.098406e+000
3.226461e+003;1.099391e+000
3.226943e+003;1.100373e+000
3.227425e+003;1.101334e+000
3.227907e+003;1.102255e+000
3.228389e+003;1.103121e+000
3.228872e+003;1.103933e+000
3.229354e+003;1.104701e+000
3.229836e+003;1.105448e+000
3.230318e+003;1.106192e+000
3.230800e+003;1.106951e+000
3.231282e+003;1.107728e+000
3.231764e+003;1.108520e+000
3.232247e+003;1.109318e+000
3.232729e+003;1.110116e+000
3.233211e+003;1.110908e+000
3.233693e+003;1.111691e+000
3.234175e+003;1.112462e+000
3.234657e+003;1.113211e+000
3.235139e+003;1.113925e+000
3.235622e+003;1.114593e+000
3.236104e+003;1.115209e+000
3.236586e+003;1.115782e+000
3.237068e+003;1.116331e+000
3.237550e+003;1.116883e+000
3.238032e+003;1.117465e+000
3.238514e+003;1.118091e+000
3.238996e+003;1.118757e+000
3.239479e+003;1.119449e+000
3.239961e+003;1.120139e+000
3.240443e+003;1.120802e+000
3.240925e+003;1.121423e+000
3.241407e+003;1.121997e+000
3.241889e+003;1.122529e+000
3.242371e+003;1.123027e+000
3.242854e+003;1.123499e+000
3.243336e+003;1.123949e+000
3.243818e+003;1.124376e+000
3.244300e+003;1.124782e+000
3.244782e+003;1.125167e+000
3.245264e+003;1.125539e+000
3.245746e+003;1.125905e+000
3.246229e+003;1.126273e+000
3.246711e+003;1.126644e+000
3.247193e+003;1.127015e+000
3.247675e+003;1.127379e+000
3.248157e+003;1.127728e+000
3.248639e+003;1.128058e+000
3.249121e+003;1.128369e+000
3.249604e+003;1.128667e+000
3.250086e+003;1.128960e+000
3.250568e+003;1.129259e+000
3.251050e+003;1.129574e+000
3.251532e+003;1.129912e+000
3.252014e+003;1.130280e+000
3.252496e+003;1.130678e+000
3.252979e+003;1.131105e+000
3.253460e+003;1.131549e+000
3.253943e+003;1.131998e+000
3.254425e+003;1.132429e+000
3.254907e+003;1.132824e+000
3.255389e+003;1.133169e+000
3.255871e+003;1.133459e+000
3.256353e+003;1.133700e+000
3.256835e+003;1.133905e+000
3.257318e+003;1.134088e+000
3.257800e+003;1.134263e+000
3.258282e+003;1.134434e+000
3.258764e+003;1.134601e+000
3.259246e+003;1.134757e+000
3.259728e+003;1.134899e+000
3.260210e+003;1.135024e+000
3.260693e+003;1.135137e+000
3.261175e+003;1.135242e+000
3.261657e+003;1.135346e+000
3.262139e+003;1.135449e+000
3.262621e+003;1.135552e+000
3.263103e+003;1.135653e+000
3.263585e+003;1.135751e+000
3.264068e+003;1.135852e+000
3.264550e+003;1.135964e+000
3.265032e+003;1.136096e+000
3.265514e+003;1.136257e+000
3.265996e+003;1.136446e+000
3.266478e+003;1.136657e+000
3.266960e+003;1.136874e+000
3.267443e+003;1.137082e+000
3.267925e+003;1.137265e+000
3.268407e+003;1.137415e+000
3.268889e+003;1.137527e+000
3.269371e+003;1.137609e+000
3.269853e+003;1.137666e+000
3.270335e+003;1.137713e+000
3.270817e+003;1.137761e+000
3.271300e+003;1.137821e+000
3.271782e+003;1.137904e+000
3.272264e+003;1.138016e+000
3.272746e+003;1.138160e+000
3.273228e+003;1.138331e+000
3.273710e+003;1.138522e+000
3.274192e+003;1.138717e+000
3.274675e+003;1.138901e+000
3.275157e+003;1.139063e+000
3.275639e+003;1.139191e+000
3.276121e+003;1.139288e+000
3.276603e+003;1.139355e+000
3.277085e+003;1.139403e+000
3.277567e+003;1.139438e+000
3.278050e+003;1.139470e+000
3.278532e+003;1.139503e+000
3.279014e+003;1.139539e+000
3.279496e+003;1.139577e+000
3.279978e+003;1.139617e+000
3.280460e+003;1.139661e+000
3.280942e+003;1.139712e+000
3.281425e+003;1.139772e+000
3.281907e+003;1.139846e+000
3.282389e+003;1.139934e+000
3.282871e+003;1.140034e+000
3.283353e+003;1.140139e+000
3.283835e+003;1.140239e+000
3.284317e+003;1.140324e+000
3.284800e+003;1.140385e+000
3.285281e+003;1.140420e+000
3.285764e+003;1.140434e+000
3.286246e+003;1.140435e+000
3.286728e+003;1.140438e+000
3.287210e+003;1.140454e+000
3.287692e+003;1.140489e+000
3.288174e+003;1.140542e+000
3.288656e+003;1.140606e+000
3.289139e+003;1.140672e+000
3.289621e+003;1.140734e+000
3.290103e+003;1.140789e+000
3.290585e+003;1.140841e+000
3.291067e+003;1.140894e+000
3.291549e+003;1.140951e+000
3.292031e+003;1.141009e+000
3.292514e+003;1.141057e+000
3.292996e+003;1.141079e+000
3.293478e+003;1.141065e+000
3.293960e+003;1.141011e+000
3.294442e+003;1.140927e+000
3.294924e+003;1.140837e+000
3.295406e+003;1.140770e+000
3.295889e+003;1.140753e+000
3.296371e+003;1.140808e+000
3.296853e+003;1.140934e+000
3.297335e+003;1.141120e+000
3.297817e+003;1.141340e+000
3.298299e+003;1.141562e+000
3.298781e+003;1.141761e+000
3.299264e+003;1.141914e+000
3.299746e+003;1.142015e+000
3.300228e+003;1.142066e+000
3.300710e+003;1.142074e+000
3.301192e+003;1.142056e+000
3.301674e+003;1.142023e+000
3.302156e+003;1.141987e+000
3.302638e+003;1.141953e+000
3.303121e+003;1.141927e+000
3.303603e+003;1.141908e+000
3.304085e+003;1.141896e+000
3.304567e+003;1.141890e+000
3.305049e+003;1.141892e+000
3.305531e+003;1.141901e+000
3.306013e+003;1.141919e+000
3.306496e+003;1.141944e+000
3.306978e+003;1.141974e+000
3.307460e+003;1.142004e+000
3.307942e+003;1.142029e+000
3.308424e+003;1.142046e+000
3.308906e+003;1.142057e+000
3.309388e+003;1.142066e+000
3.309871e+003;1.142080e+000
3.310353e+003;1.142106e+000
3.310835e+003;1.142150e+000
3.311317e+003;1.142210e+000
3.311799e+003;1.142283e+000
3.312281e+003;1.142364e+000
3.312763e+003;1.142445e+000
3.313246e+003;1.142523e+000
3.313728e+003;1.142596e+000
3.314210e+003;1.142663e+000
3.314692e+003;1.142721e+000
3.315174e+003;1.142765e+000
3.315656e+003;1.142793e+000
3.316138e+003;1.142802e+000
3.316621e+003;1.142797e+000
3.317103e+003;1.142784e+000
3.317585e+003;1.142778e+000
3.318067e+003;1.142792e+000
3.318549e+003;1.142834e+000
3.319031e+003;1.142905e+000
3.319513e+003;1.142994e+000
3.319995e+003;1.143087e+000
3.320478e+003;1.143167e+000
3.320960e+003;1.143219e+000
3.321442e+003;1.143238e+000
3.321924e+003;1.143223e+000
3.322406e+003;1.143181e+000
3.322888e+003;1.143118e+000
3.323370e+003;1.143042e+000
3.323853e+003;1.142957e+000
3.324335e+003;1.142866e+000
3.324817e+003;1.142768e+000
3.325299e+003;1.142664e+000
3.325781e+003;1.142556e+000
3.326263e+003;1.142443e+000
3.326745e+003;1.142325e+000
3.327228e+003;1.142204e+000
3.327710e+003;1.142081e+000
3.328192e+003;1.141961e+000
3.328674e+003;1.141846e+000
3.329156e+003;1.141741e+000
3.329638e+003;1.141645e+000
3.330120e+003;1.141555e+000
3.330603e+003;1.141462e+000
3.331085e+003;1.141360e+000
3.331567e+003;1.141243e+000
3.332049e+003;1.141112e+000
3.332531e+003;1.140975e+000
3.333013e+003;1.140842e+000
3.333495e+003;1.140721e+000
3.333978e+003;1.140613e+000
3.334459e+003;1.140512e+000
3.334942e+003;1.140402e+000
3.335424e+003;1.140272e+000
3.335906e+003;1.140112e+000
3.336388e+003;1.139925e+000
3.336870e+003;1.139724e+000
3.337352e+003;1.139524e+000
3.337834e+003;1.139339e+000
3.338317e+003;1.139176e+000
3.338799e+003;1.139033e+000
3.339281e+003;1.138898e+000
3.339763e+003;1.138763e+000
3.340245e+003;1.138620e+000
3.340727e+003;1.138467e+000
3.341209e+003;1.138306e+000
3.341692e+003;1.138138e+000
3.342174e+003;1.137956e+000
3.342656e+003;1.137753e+000
3.343138e+003;1.137518e+000
3.343620e+003;1.137245e+000
3.344102e+003;1.136937e+000
3.344584e+003;1.136610e+000
3.345067e+003;1.136282e+000
3.345549e+003;1.135969e+000
3.346031e+003;1.135679e+000
3.346513e+003;1.135405e+000
3.346995e+003;1.135128e+000
3.347477e+003;1.134829e+000
3.347959e+003;1.134493e+000
3.348442e+003;1.134116e+000
3.348924e+003;1.133707e+000
3.349406e+003;1.133286e+000
3.349888e+003;1.132869e+000
3.350370e+003;1.132469e+000
3.350852e+003;1.132089e+000
3.351334e+003;1.131723e+000
3.351816e+003;1.131363e+000
3.352299e+003;1.131002e+000
3.352781e+003;1.130637e+000
3.353263e+003;1.130269e+000
3.353745e+003;1.129898e+000
3.354227e+003;1.129522e+000
3.354709e+003;1.129132e+000
3.355191e+003;1.128719e+000
3.355674e+003;1.128269e+000
3.356156e+003;1.127777e+000
3.356638e+003;1.127239e+000
3.357120e+003;1.126660e+000
3.357602e+003;1.126048e+000
3.358084e+003;1.125415e+000
3.358566e+003;1.124774e+000
3.359049e+003;1.124136e+000
3.359531e+003;1.123515e+000
3.360013e+003;1.122922e+000
3.360495e+003;1.122361e+000
3.360977e+003;1.121834e+000
3.361459e+003;1.121333e+000
3.361941e+003;1.120846e+000
3.362424e+003;1.120357e+000
3.362906e+003;1.119852e+000
3.363388e+003;1.119322e+000
3.363870e+003;1.118766e+000
3.364352e+003;1.118181e+000
3.364834e+003;1.117571e+000
3.365316e+003;1.116928e+000
3.365799e+003;1.116247e+000
3.366281e+003;1.115520e+000
3.366763e+003;1.114744e+000
3.367245e+003;1.113927e+000
3.367727e+003;1.113087e+000
3.368209e+003;1.112247e+000
3.368691e+003;1.111429e+000
3.369173e+003;1.110648e+000
3.369656e+003;1.109900e+000
3.370138e+003;1.109172e+000
3.370620e+003;1.108440e+000
3.371102e+003;1.107681e+000
3.371584e+003;1.106879e+000
3.372066e+003;1.106028e+000
3.372548e+003;1.105131e+000
3.373031e+003;1.104197e+000
3.373513e+003;1.103238e+000
3.373995e+003;1.102263e+000
3.374477e+003;1.101282e+000
3.374959e+003;1.100303e+000
3.375441e+003;1.099336e+000
3.375923e+003;1.098389e+000
3.376406e+003;1.097466e+000
3.376888e+003;1.096565e+000
3.377370e+003;1.095674e+000
3.377852e+003;1.094775e+000
3.378334e+003;1.093852e+000
3.378816e+003;1.092894e+000
3.379298e+003;1.091898e+000
3.379781e+003;1.090874e+000
3.380263e+003;1.089837e+000
3.380745e+003;1.088798e+000
3.381227e+003;1.087765e+000
3.381709e+003;1.086735e+000
3.382191e+003;1.085699e+000
3.382673e+003;1.084647e+000
3.383156e+003;1.083574e+000
3.383637e+003;1.082481e+000
3.384120e+003;1.081373e+000
3.384602e+003;1.080261e+000
3.385084e+003;1.079148e+000
3.385566e+003;1.078033e+000
3.386048e+003;1.076912e+000
3.386530e+003;1.075775e+000
3.387012e+003;1.074612e+000
3.387495e+003;1.073419e+000
3.387977e+003;1.072193e+000
3.388459e+003;1.070932e+000
3.388941e+003;1.069637e+000
3.389423e+003;1.068309e+000
3.389905e+003;1.066952e+000
3.390387e+003;1.065576e+000
3.390870e+003;1.064191e+000
3.391352e+003;1.062815e+000
3.391834e+003;1.061461e+000
3.392316e+003;1.060134e+000
3.392798e+003;1.058832e+000
3.393280e+003;1.057541e+000
3.393762e+003;1.056244e+000
3.394245e+003;1.054922e+000
3.394727e+003;1.053568e+000
3.395209e+003;1.052182e+000
3.395691e+003;1.050774e+000
3.396173e+003;1.049358e+000
3.396655e+003;1.047941e+000
3.397137e+003;1.046528e+000
3.397620e+003;1.045114e+000
3.398102e+003;1.043690e+000
3.398584e+003;1.042248e+000
3.399066e+003;1.040783e+000
3.399548e+003;1.039295e+000
3.400030e+003;1.037788e+000
3.400512e+003;1.036265e+000
3.400994e+003;1.034726e+000
3.401477e+003;1.033172e+000
3.401959e+003;1.031604e+000
3.402441e+003;1.030024e+000
3.402923e+003;1.028444e+000
3.403405e+003;1.026874e+000
3.403887e+003;1.025326e+000
3.404369e+003;1.023805e+000
3.404852e+003;1.022308e+000
3.405334e+003;1.020821e+000
3.405816e+003;1.019323e+000
3.406298e+003;1.017797e+000
3.406780e+003;1.016229e+000
3.407262e+003;1.014614e+000
3.407744e+003;1.012958e+000
3.408227e+003;1.011274e+000
3.408709e+003;1.009579e+000
3.409191e+003;1.007888e+000
3.409673e+003;1.006209e+000
3.410155e+003;1.004550e+000
3.410637e+003;1.002913e+000
3.411119e+003;1.001297e+000
3.411602e+003;9.997006e-001
3.412084e+003;9.981182e-001
3.412566e+003;9.965413e-001
3.413048e+003;9.949591e-001
3.413530e+003;9.933577e-001
3.414012e+003;9.917241e-001
3.414494e+003;9.900471e-001
3.414977e+003;9.883240e-001
3.415458e+003;9.865561e-001
3.415941e+003;9.847543e-001
3.416423e+003;9.829322e-001
3.416905e+003;9.811051e-001
3.417387e+003;9.792846e-001
3.417869e+003;9.774776e-001
3.418351e+003;9.756829e-001
3.418833e+003;9.738975e-001
3.419316e+003;9.721127e-001
3.419798e+003;9.703257e-001
3.420280e+003;9.685356e-001
3.420762e+003;9.667472e-001
3.421244e+003;9.649699e-001
3.421726e+003;9.632133e-001
3.422208e+003;9.614826e-001
3.422691e+003;9.597769e-001
3.423173e+003;9.580876e-001
3.423655e+003;9.564043e-001
3.424137e+003;9.547138e-001
3.424619e+003;9.530100e-001
3.425101e+003;9.512876e-001
3.425583e+003;9.495510e-001
3.426066e+003;9.478019e-001
3.426548e+003;9.460436e-001
3.427030e+003;9.442726e-001
3.427512e+003;9.424857e-001
3.427994e+003;9.406775e-001
3.428476e+003;9.388472e-001
3.428958e+003;9.369981e-001
3.429441e+003;9.351389e-001
3.429923e+003;9.332780e-001
3.430405e+003;9.314230e-001
3.430887e+003;9.295719e-001
3.431369e+003;9.277188e-001
3.431851e+003;9.258541e-001
3.432333e+003;9.239706e-001
3.432815e+003;9.220679e-001
3.433298e+003;9.201546e-001
3.433780e+003;9.182454e-001
3.434262e+003;9.163573e-001
3.434744e+003;9.145014e-001
3.435226e+003;9.126810e-001
3.435708e+003;9.108876e-001
3.436190e+003;9.091080e-001
3.436673e+003;9.073232e-001
3.437155e+003;9.055186e-001
3.437637e+003;9.036831e-001
3.438119e+003;9.018117e-001
3.438601e+003;8.999031e-001
3.439083e+003;8.979631e-001
3.439565e+003;8.959975e-001
3.440048e+003;8.940181e-001
3.440530e+003;8.920403e-001
3.441012e+003;8.900807e-001
3.441494e+003;8.881550e-001
3.441976e+003;8.862721e-001
3.442458e+003;8.844317e-001
3.442940e+003;8.826221e-001
3.443423e+003;8.808239e-001
3.443905e+003;8.790159e-001
3.444387e+003;8.771807e-001
3.444869e+003;8.753141e-001
3.445351e+003;8.734211e-001
3.445833e+003;8.715205e-001
3.446315e+003;8.696318e-001
3.446798e+003;8.677738e-001
3.447280e+003;8.659558e-001
3.447762e+003;8.641773e-001
3.448244e+003;8.624286e-001
3.448726e+003;8.606959e-001
3.449208e+003;8.589624e-001
3.449690e+003;8.572165e-001
3.450172e+003;8.554469e-001
3.450655e+003;8.536496e-001
3.451137e+003;8.518229e-001
3.451619e+003;8.499683e-001
3.452101e+003;8.480898e-001
3.452583e+003;8.461943e-001
3.453065e+003;8.442892e-001
3.453547e+003;8.423809e-001
3.454030e+003;8.404745e-001
3.454512e+003;8.385740e-001
3.454994e+003;8.366790e-001
3.455476e+003;8.347887e-001
3.455958e+003;8.329008e-001
3.456440e+003;8.310139e-001
3.456922e+003;8.291267e-001
3.457405e+003;8.272404e-001
3.457887e+003;8.253539e-001
3.458369e+003;8.234691e-001
3.458851e+003;8.215866e-001
3.459333e+003;8.197103e-001
3.459815e+003;8.178427e-001
3.460297e+003;8.159899e-001
3.460780e+003;8.141562e-001
3.461262e+003;8.123440e-001
3.461744e+003;8.105519e-001
3.462226e+003;8.087785e-001
3.462708e+003;8.070166e-001
3.463190e+003;8.052613e-001
3.463672e+003;8.035077e-001
3.464155e+003;8.017529e-001
3.464636e+003;7.999939e-001
3.465119e+003;7.982283e-001
3.465601e+003;7.964509e-001
3.466083e+003;7.946584e-001
3.466565e+003;7.928460e-001
3.467047e+003;7.910131e-001
3.467529e+003;7.891628e-001
3.468011e+003;7.873046e-001
3.468494e+003;7.854460e-001
3.468976e+003;7.835954e-001
3.469458e+003;7.817545e-001
3.469940e+003;7.799209e-001
3.470422e+003;7.780862e-001
3.470904e+003;7.762434e-001
3.471386e+003;7.743860e-001
3.471869e+003;7.725157e-001
3.472351e+003;7.706364e-001
3.472833e+003;7.687581e-001
3.473315e+003;7.668884e-001
3.473797e+003;7.650335e-001
3.474279e+003;7.631953e-001
3.474761e+003;7.613721e-001
3.475244e+003;7.595615e-001
3.475726e+003;7.577640e-001
3.476208e+003;7.559795e-001
3.476690e+003;7.542106e-001
3.477172e+003;7.524576e-001
3.477654e+003;7.507206e-001
3.478136e+003;7.489961e-001
3.478619e+003;7.472783e-001
3.479101e+003;7.455596e-001
3.479583e+003;7.438350e-001
3.480065e+003;7.420989e-001
3.480547e+003;7.403489e-001
3.481029e+003;7.385835e-001
3.481511e+003;7.368063e-001
3.481993e+003;7.350222e-001
3.482476e+003;7.332420e-001
3.482958e+003;7.314789e-001
3.483440e+003;7.297463e-001
3.483922e+003;7.280532e-001
3.484404e+003;7.264001e-001
3.484886e+003;7.247753e-001
3.485368e+003;7.231599e-001
3.485851e+003;7.215260e-001
3.486333e+003;7.198516e-001
3.486815e+003;7.181210e-001
3.487297e+003;7.163333e-001
3.487779e+003;7.144993e-001
3.488261e+003;7.126388e-001
3.488743e+003;7.107713e-001
3.489226e+003;7.089118e-001
3.489708e+003;7.070663e-001
3.490190e+003;7.052341e-001
3.490672e+003;7.034082e-001
3.491154e+003;7.015841e-001
3.491636e+003;6.997581e-001
3.492118e+003;6.979317e-001
3.492601e+003;6.961069e-001
3.493083e+003;6.942865e-001
3.493565e+003;6.924684e-001
3.494047e+003;6.906520e-001
3.494529e+003;6.888328e-001
3.495011e+003;6.870104e-001
3.495493e+003;6.851879e-001
3.495976e+003;6.833729e-001
3.496458e+003;6.815726e-001
3.496940e+003;6.797959e-001
3.497422e+003;6.780477e-001
3.497904e+003;6.763320e-001
3.498386e+003;6.746485e-001
3.498868e+003;6.729980e-001
3.499350e+003;6.713764e-001
3.499833e+003;6.697796e-001
3.500315e+003;6.681962e-001
3.500797e+003;6.666123e-001
3.501279e+003;6.650087e-001
3.501761e+003;6.633667e-001
3.502243e+003;6.616741e-001
3.502725e+003;6.599274e-001
3.503208e+003;6.581366e-001
3.503690e+003;6.563209e-001
3.504172e+003;6.545027e-001
3.504654e+003;6.527037e-001
3.505136e+003;6.509354e-001
3.505618e+003;6.492005e-001
3.506100e+003;6.474920e-001
3.506583e+003;6.457978e-001
3.507065e+003;6.441069e-001
3.507547e+003;6.424126e-001
3.508029e+003;6.407146e-001
3.508511e+003;6.390179e-001
3.508993e+003;6.373279e-001
3.509475e+003;6.356521e-001
3.509958e+003;6.339909e-001
3.510440e+003;6.323420e-001
3.510922e+003;6.306990e-001
3.511404e+003;6.290523e-001
3.511886e+003;6.273891e-001
3.512368e+003;6.256987e-001
3.512850e+003;6.239705e-001
3.513333e+003;6.222008e-001
3.513814e+003;6.203915e-001
3.514297e+003;6.185535e-001
3.514779e+003;6.167035e-001
3.515261e+003;6.148628e-001
3.515743e+003;6.130482e-001
3.516225e+003;6.112719e-001
3.516707e+003;6.095325e-001
3.517189e+003;6.078219e-001
3.517672e+003;6.061217e-001
3.518154e+003;6.044167e-001
3.518636e+003;6.026947e-001
3.519118e+003;6.009581e-001
3.519600e+003;5.992164e-001
3.520082e+003;5.974869e-001
3.520564e+003;5.957860e-001
3.521047e+003;5.941249e-001
3.521529e+003;5.925015e-001
3.522011e+003;5.909056e-001
3.522493e+003;5.893185e-001
3.522975e+003;5.877210e-001
3.523457e+003;5.860977e-001
3.523939e+003;5.844404e-001
3.524422e+003;5.827498e-001
3.524904e+003;5.810330e-001
3.525386e+003;5.793000e-001
3.525868e+003;5.775610e-001
3.526350e+003;5.758220e-001
3.526832e+003;5.740890e-001
3.527314e+003;5.723626e-001
3.527797e+003;5.706447e-001
3.528279e+003;5.689330e-001
3.528761e+003;5.672277e-001
3.529243e+003;5.655262e-001
3.529725e+003;5.638255e-001
3.530207e+003;5.621209e-001
3.530689e+003;5.604088e-001
3.531171e+003;5.586879e-001
3.531654e+003;5.569604e-001
3.532136e+003;5.552312e-001
3.532618e+003;5.535110e-001
3.533100e+003;5.518101e-001
3.533582e+003;5.501390e-001
3.534064e+003;5.485026e-001
3.534546e+003;5.469000e-001
3.535029e+003;5.453202e-001
3.535511e+003;5.437474e-001
3.535993e+003;5.421597e-001
3.536475e+003;5.405387e-001
3.536957e+003;5.388681e-001
3.537439e+003;5.371445e-001
3.537921e+003;5.353726e-001
3.538404e+003;5.335705e-001
3.538886e+003;5.317618e-001
3.539368e+003;5.299748e-001
3.539850e+003;5.282319e-001
3.540332e+003;5.265507e-001
3.540814e+003;5.249355e-001
3.541296e+003;5.233805e-001
3.541779e+003;5.218707e-001
3.542261e+003;5.203850e-001
3.542743e+003;5.189005e-001
3.543225e+003;5.173983e-001
3.543707e+003;5.158639e-001
3.544189e+003;5.142932e-001
3.544671e+003;5.126882e-001
3.545154e+003;5.110578e-001
3.545635e+003;5.094151e-001
3.546118e+003;5.077727e-001
3.546600e+003;5.061396e-001
3.547082e+003;5.045226e-001
3.547564e+003;5.029187e-001
3.548046e+003;5.013247e-001
3.548528e+003;4.997310e-001
3.549010e+003;4.981318e-001
3.549493e+003;4.965209e-001
3.549975e+003;4.948986e-001
3.550457e+003;4.932668e-001
3.550939e+003;4.916304e-001
3.551421e+003;4.899927e-001
3.551903e+003;4.883583e-001
3.552385e+003;4.867276e-001
3.552868e+003;4.851019e-001
3.553350e+003;4.834819e-001
3.553832e+003;4.818716e-001
3.554314e+003;4.802751e-001
3.554796e+003;4.786995e-001
3.555278e+003;4.771477e-001
3.555760e+003;4.756196e-001
3.556243e+003;4.741099e-001
3.556725e+003;4.726081e-001
3.557207e+003;4.711002e-001
3.557689e+003;4.695735e-001
3.558171e+003;4.680189e-001
3.558653e+003;4.664341e-001
3.559135e+003;4.648221e-001
3.559618e+003;4.631913e-001
3.560100e+003;4.615515e-001
3.560582e+003;4.599127e-001
3.561064e+003;4.582813e-001
3.561546e+003;4.566619e-001
3.562028e+003;4.550561e-001
3.562510e+003;4.534649e-001
3.562992e+003;4.518883e-001
3.563475e+003;4.503275e-001
3.563957e+003;4.487816e-001
3.564439e+003;4.472503e-001
3.564921e+003;4.457312e-001
3.565403e+003;4.442220e-001
3.565885e+003;4.427195e-001
3.566367e+003;4.412217e-001
3.566850e+003;4.397287e-001
3.567332e+003;4.382420e-001
3.567814e+003;4.367622e-001
3.568296e+003;4.352925e-001
3.568778e+003;4.338308e-001
3.569260e+003;4.323758e-001
3.569742e+003;4.309213e-001
3.570225e+003;4.294617e-001
3.570707e+003;4.279900e-001
3.571189e+003;4.265018e-001
3.571671e+003;4.249958e-001
3.572153e+003;4.234744e-001
3.572635e+003;4.219449e-001
3.573117e+003;4.204161e-001
3.573600e+003;4.188973e-001
3.574082e+003;4.173966e-001
3.574564e+003;4.159186e-001
3.575046e+003;4.144640e-001
3.575528e+003;4.130284e-001
3.576010e+003;4.116068e-001
3.576492e+003;4.101915e-001
3.576974e+003;4.087772e-001
3.577457e+003;4.073589e-001
3.577939e+003;4.059348e-001
3.578421e+003;4.045009e-001
3.578903e+003;4.030562e-001
3.579385e+003;4.015981e-001
3.579867e+003;4.001264e-001
3.580349e+003;3.986413e-001
3.580832e+003;3.971487e-001
3.581314e+003;3.956555e-001
3.581796e+003;3.941720e-001
3.582278e+003;3.927045e-001
3.582760e+003;3.912585e-001
3.583242e+003;3.898322e-001
3.583724e+003;3.884220e-001
3.584207e+003;3.870208e-001
3.584689e+003;3.856257e-001
3.585171e+003;3.842376e-001
3.585653e+003;3.828619e-001
3.586135e+003;3.815056e-001
3.586617e+003;3.801759e-001
3.587099e+003;3.788718e-001
3.587582e+003;3.775873e-001
3.588064e+003;3.763081e-001
3.588546e+003;3.750208e-001
3.589028e+003;3.737134e-001
3.589510e+003;3.723819e-001
3.589992e+003;3.710300e-001
3.590474e+003;3.696679e-001
3.590957e+003;3.683062e-001
3.591438e+003;3.669556e-001
3.591921e+003;3.656176e-001
3.592403e+003;3.642908e-001
3.592885e+003;3.629681e-001
3.593367e+003;3.616415e-001
3.593849e+003;3.603018e-001
3.594331e+003;3.589450e-001
3.594813e+003;3.575685e-001
3.595296e+003;3.561747e-001
3.595778e+003;3.547676e-001
3.596260e+003;3.533564e-001
3.596742e+003;3.519508e-001
3.597224e+003;3.505627e-001
3.597706e+003;3.492007e-001
3.598188e+003;3.478695e-001
3.598671e+003;3.465643e-001
3.599153e+003;3.452757e-001
3.599635e+003;3.439876e-001
3.600117e+003;3.426859e-001
3.600599e+003;3.413602e-001
3.601081e+003;3.400112e-001
3.601563e+003;3.386463e-001
3.602046e+003;3.372814e-001
3.602528e+003;3.359304e-001
3.603010e+003;3.346050e-001
3.603492e+003;3.333065e-001
3.603974e+003;3.320347e-001
3.604456e+003;3.307816e-001
3.604938e+003;3.295415e-001
3.605421e+003;3.283104e-001
3.605903e+003;3.270866e-001
3.606385e+003;3.258682e-001
3.606867e+003;3.246498e-001
3.607349e+003;3.234219e-001
3.607831e+003;3.221733e-001
3.608313e+003;3.208941e-001
3.608795e+003;3.195823e-001
3.609278e+003;3.182452e-001
3.609760e+003;3.168989e-001
3.610242e+003;3.155632e-001
3.610724e+003;3.142543e-001
3.611206e+003;3.129794e-001
3.611688e+003;3.117356e-001
3.612170e+003;3.105074e-001
3.612653e+003;3.092760e-001
3.613135e+003;3.080228e-001
3.613617e+003;3.067385e-001
3.614099e+003;3.054212e-001
3.614581e+003;3.040813e-001
3.615063e+003;3.027329e-001
3.615545e+003;3.013946e-001
3.616028e+003;3.000810e-001
3.616510e+003;2.988042e-001
3.616992e+003;2.975653e-001
3.617474e+003;2.963572e-001
3.617956e+003;2.951641e-001
3.618438e+003;2.939641e-001
3.618920e+003;2.927321e-001
3.619403e+003;2.914511e-001
3.619885e+003;2.901133e-001
3.620367e+003;2.887265e-001
3.620849e+003;2.873098e-001
3.621331e+003;2.858891e-001
3.621813e+003;2.844867e-001
3.622295e+003;2.831151e-001
3.622778e+003;2.817719e-001
3.623260e+003;2.804440e-001
3.623742e+003;2.791161e-001
3.624224e+003;2.777796e-001
3.624706e+003;2.764397e-001
3.625188e+003;2.751163e-001
3.625670e+003;2.738369e-001
3.626152e+003;2.726265e-001
3.626635e+003;2.714931e-001
3.627117e+003;2.704246e-001
3.627599e+003;2.693847e-001
3.628081e+003;2.683277e-001
3.628563e+003;2.672084e-001
3.629045e+003;2.659979e-001
3.629527e+003;2.646903e-001
3.630010e+003;2.633021e-001
3.630492e+003;2.618616e-001
3.630974e+003;2.603995e-001
3.631456e+003;2.589390e-001
3.631938e+003;2.574928e-001
3.632420e+003;2.560624e-001
3.632902e+003;2.546457e-001
3.633385e+003;2.532398e-001
3.633867e+003;2.518440e-001
3.634349e+003;2.504593e-001
3.634831e+003;2.490854e-001
3.635313e+003;2.477200e-001
3.635795e+003;2.463565e-001
3.636277e+003;2.449842e-001
3.636760e+003;2.435948e-001
3.637242e+003;2.421823e-001
3.637724e+003;2.407470e-001
3.638206e+003;2.392943e-001
3.638688e+003;2.378330e-001
3.639170e+003;2.363713e-001
3.639652e+003;2.349188e-001
3.640135e+003;2.334778e-001
3.640616e+003;2.320492e-001
3.641099e+003;2.306275e-001
3.641581e+003;2.292055e-001
3.642063e+003;2.277740e-001
3.642545e+003;2.263230e-001
3.643027e+003;2.248466e-001
3.643509e+003;2.233430e-001
3.643991e+003;2.218168e-001
3.644474e+003;2.202802e-001
3.644956e+003;2.187478e-001
3.645438e+003;2.172370e-001
3.645920e+003;2.157619e-001
3.646402e+003;2.143319e-001
3.646884e+003;2.129488e-001
3.647366e+003;2.116100e-001
3.647849e+003;2.103059e-001
3.648331e+003;2.090242e-001
3.648813e+003;2.077473e-001
3.649295e+003;2.064545e-001
3.649777e+003;2.051214e-001
3.650259e+003;2.037250e-001
3.650741e+003;2.022459e-001
3.651224e+003;2.006792e-001
3.651706e+003;1.990344e-001
3.652188e+003;1.973380e-001
3.652670e+003;1.956297e-001
3.653152e+003;1.939516e-001
3.653634e+003;1.923380e-001
3.654116e+003;1.908079e-001
3.654599e+003;1.893581e-001
3.655081e+003;1.879678e-001
3.655563e+003;1.866031e-001
3.656045e+003;1.852314e-001
3.656527e+003;1.838263e-001
3.657009e+003;1.823781e-001
3.657491e+003;1.808876e-001
3.657973e+003;1.793651e-001
3.658456e+003;1.778233e-001
3.658938e+003;1.762738e-001
3.659420e+003;1.747230e-001
3.659902e+003;1.731783e-001
3.660384e+003;1.716456e-001
3.660866e+003;1.701348e-001
3.661348e+003;1.686540e-001
3.661831e+003;1.672105e-001
3.662313e+003;1.658033e-001
3.662795e+003;1.644254e-001
3.663277e+003;1.630602e-001
3.663759e+003;1.616890e-001
3.664241e+003;1.602916e-001
3.664723e+003;1.588569e-001
3.665206e+003;1.573824e-001
3.665688e+003;1.558778e-001
3.666170e+003;1.543626e-001
3.666652e+003;1.528645e-001
3.667134e+003;1.514125e-001
3.667616e+003;1.500324e-001
3.668098e+003;1.487398e-001
3.668581e+003;1.475360e-001
3.669063e+003;1.464011e-001
3.669545e+003;1.452997e-001
3.670027e+003;1.441862e-001
3.670509e+003;1.430172e-001
3.670991e+003;1.417663e-001
3.671473e+003;1.404343e-001
3.671956e+003;1.390504e-001
3.672438e+003;1.376644e-001
3.672920e+003;1.363328e-001
3.673402e+003;1.351003e-001
3.673884e+003;1.339802e-001
3.674366e+003;1.329536e-001
3.674848e+003;1.319682e-001
3.675330e+003;1.309600e-001
3.675813e+003;1.298743e-001
3.676295e+003;1.286879e-001
3.676777e+003;1.274125e-001
3.677259e+003;1.260947e-001
3.677741e+003;1.247912e-001
3.678223e+003;1.235543e-001
3.678705e+003;1.224125e-001
3.679188e+003;1.213646e-001
3.679670e+003;1.203849e-001
3.680152e+003;1.194361e-001
3.680634e+003;1.184844e-001
3.681116e+003;1.175084e-001
3.681598e+003;1.165054e-001
3.682080e+003;1.154844e-001
3.682563e+003;1.144602e-001
3.683045e+003;1.134442e-001
3.683527e+003;1.124425e-001
3.684009e+003;1.114603e-001
3.684491e+003;1.105036e-001
3.684973e+003;1.095859e-001
3.685455e+003;1.087248e-001
3.685938e+003;1.079414e-001
3.686420e+003;1.072441e-001
3.686902e+003;1.066273e-001
3.687384e+003;1.060671e-001
3.687866e+003;1.055250e-001
3.688348e+003;1.049608e-001
3.688830e+003;1.043455e-001
3.689313e+003;1.036663e-001
3.689794e+003;1.029313e-001
3.690277e+003;1.021605e-001
3.690759e+003;1.013770e-001
3.691241e+003;1.005986e-001
3.691723e+003;9.983369e-002
3.692205e+003;9.908252e-002
3.692687e+003;9.834583e-002
3.693169e+003;9.762879e-002
3.693652e+003;9.694349e-002
3.694134e+003;9.630459e-002
3.694616e+003;9.572593e-002
3.695098e+003;9.520932e-002
3.695580e+003;9.474404e-002
3.696062e+003;9.430736e-002
3.696544e+003;9.387030e-002
3.697027e+003;9.341000e-002
3.697509e+003;9.291583e-002
3.697991e+003;9.239055e-002
3.698473e+003;9.185129e-002
3.698955e+003;9.131869e-002
3.699437e+003;9.080975e-002
3.699919e+003;9.033222e-002
3.700402e+003;8.988078e-002
3.700884e+003;8.944282e-002
3.701366e+003;8.900241e-002
3.701848e+003;8.854646e-002
3.702330e+003;8.806992e-002
3.702812e+003;8.757423e-002
3.703294e+003;8.706588e-002
3.703777e+003;8.655625e-002
3.704259e+003;8.605701e-002
3.704741e+003;8.557723e-002
3.705223e+003;8.512686e-002
3.705705e+003;8.470963e-002
3.706187e+003;8.432721e-002
3.706669e+003;8.397596e-002
3.707151e+003;8.364812e-002
3.707634e+003;8.333294e-002
3.708116e+003;8.302163e-002
3.708598e+003;8.271043e-002
3.709080e+003;8.240490e-002
3.709562e+003;8.211629e-002
3.710044e+003;8.185960e-002
3.710526e+003;8.164570e-002
3.711009e+003;8.147574e-002
3.711491e+003;8.133616e-002
3.711973e+003;8.120404e-002
3.712455e+003;8.105095e-002
3.712937e+003;8.085386e-002
3.713419e+003;8.060073e-002
3.713901e+003;8.029570e-002
3.714384e+003;7.995627e-002
3.714866e+003;7.960556e-002
3.715348e+003;7.926467e-002
3.715830e+003;7.894833e-002
3.716312e+003;7.866118e-002
3.716794e+003;7.840026e-002
3.717276e+003;7.815638e-002
3.717759e+003;7.792346e-002
3.718241e+003;7.769595e-002
3.718723e+003;7.747564e-002
3.719205e+003;7.726618e-002
3.719687e+003;7.707258e-002
3.720169e+003;7.689872e-002
3.720651e+003;7.674502e-002
3.721134e+003;7.660823e-002
3.721615e+003;7.648368e-002
3.722098e+003;7.636210e-002
3.722580e+003;7.623777e-002
3.723062e+003;7.610424e-002
3.723544e+003;7.595866e-002
3.724026e+003;7.580465e-002
3.724508e+003;7.564854e-002
3.724990e+003;7.549874e-002
3.725473e+003;7.536353e-002
3.725955e+003;7.524304e-002
3.726437e+003;7.513262e-002
3.726919e+003;7.501868e-002
3.727401e+003;7.488583e-002
3.727883e+003;7.472333e-002
3.728365e+003;7.452822e-002
3.728848e+003;7.431056e-002
3.729330e+003;7.408824e-002
3.729812e+003;7.387906e-002
3.730294e+003;7.369677e-002
3.730776e+003;7.354058e-002
3.731258e+003;7.339938e-002
3.731740e+003;7.325789e-002
3.732223e+003;7.310499e-002
3.732705e+003;7.294314e-002
3.733187e+003;7.279211e-002
3.733669e+003;7.267718e-002
3.734151e+003;7.262368e-002
3.734633e+003;7.264121e-002
3.735115e+003;7.271867e-002
3.735598e+003;7.282424e-002
3.736080e+003;7.291818e-002
3.736562e+003;7.296411e-002
3.737044e+003;7.294154e-002
3.737526e+003;7.284616e-002
3.738008e+003;7.268794e-002
3.738490e+003;7.247671e-002
3.738972e+003;7.221884e-002
3.739455e+003;7.191457e-002
3.739937e+003;7.156936e-002
3.740419e+003;7.120044e-002
3.740901e+003;7.084820e-002
3.741383e+003;7.057118e-002
3.741865e+003;7.043306e-002
3.742347e+003;7.047787e-002
3.742830e+003;7.071024e-002
3.743312e+003;7.107772e-002
3.743794e+003;7.148386e-002
3.744276e+003;7.181292e-002
3.744758e+003;7.197078e-002
3.745240e+003;7.191468e-002
3.745722e+003;7.166762e-002
3.746205e+003;7.130162e-002
3.746687e+003;7.091149e-002
3.747169e+003;7.058021e-002
3.747651e+003;7.036056e-002
3.748133e+003;7.026327e-002
3.748615e+003;7.026608e-002
3.749097e+003;7.033479e-002
3.749580e+003;7.043543e-002
3.750062e+003;7.054945e-002
3.750544e+003;7.067025e-002
3.751026e+003;7.079071e-002
3.751508e+003;7.089613e-002
3.751990e+003;7.095720e-002
3.752472e+003;7.093748e-002
3.752955e+003;7.081217e-002
3.753437e+003;7.057865e-002
3.753919e+003;7.026291e-002
3.754401e+003;6.991624e-002
3.754883e+003;6.959825e-002
3.755365e+003;6.935633e-002
3.755847e+003;6.921681e-002
3.756329e+003;6.917518e-002
3.756812e+003;6.920523e-002
3.757294e+003;6.927205e-002
3.757776e+003;6.934433e-002
3.758258e+003;6.940274e-002
3.758740e+003;6.943828e-002
3.759222e+003;6.945043e-002
3.759704e+003;6.943373e-002
3.760187e+003;6.938270e-002
3.760669e+003;6.928980e-002
3.761151e+003;6.915502e-002
3.761633e+003;6.898966e-002
3.762115e+003;6.881699e-002
3.762597e+003;6.866561e-002
3.763079e+003;6.856090e-002
3.763562e+003;6.851050e-002
3.764044e+003;6.850524e-002
3.764526e+003;6.851830e-002
3.765008e+003;6.851901e-002
3.765490e+003;6.848459e-002
3.765972e+003;6.841009e-002
3.766454e+003;6.830941e-002
3.766937e+003;6.820950e-002
3.767419e+003;6.813794e-002
3.767901e+003;6.811294e-002
3.768383e+003;6.813480e-002
3.768865e+003;6.818987e-002
3.769347e+003;6.825289e-002
3.769829e+003;6.829938e-002
3.770312e+003;6.831229e-002
3.770793e+003;6.828742e-002
3.771276e+003;6.823022e-002
3.771758e+003;6.815322e-002
3.772240e+003;6.806929e-002
3.772722e+003;6.798809e-002
3.773204e+003;6.791246e-002
3.773686e+003;6.784229e-002
3.774168e+003;6.777406e-002
3.774651e+003;6.770489e-002
3.775133e+003;6.763547e-002
3.775615e+003;6.757148e-002
3.776097e+003;6.752301e-002
3.776579e+003;6.750373e-002
3.777061e+003;6.752460e-002
3.777543e+003;6.759126e-002
3.778026e+003;6.769838e-002
3.778508e+003;6.782901e-002
3.778990e+003;6.795564e-002
3.779472e+003;6.805032e-002
3.779954e+003;6.808787e-002
3.780436e+003;6.806038e-002
3.780918e+003;6.797518e-002
3.781401e+003;6.785457e-002
3.781883e+003;6.772858e-002
3.782365e+003;6.762268e-002
3.782847e+003;6.755085e-002
3.783329e+003;6.751178e-002
3.783811e+003;6.749099e-002
3.784293e+003;6.746929e-002
3.784776e+003;6.743110e-002
3.785258e+003;6.737057e-002
3.785740e+003;6.729330e-002
3.786222e+003;6.721208e-002
3.786704e+003;6.713935e-002
3.787186e+003;6.708332e-002
3.787668e+003;6.704375e-002
3.788150e+003;6.701359e-002
3.788633e+003;6.698499e-002
3.789115e+003;6.695088e-002
3.789597e+003;6.691127e-002
3.790079e+003;6.686866e-002
3.790561e+003;6.682693e-002
3.791043e+003;6.678651e-002
3.791525e+003;6.674606e-002
3.792008e+003;6.669986e-002
3.792490e+003;6.664383e-002
3.792972e+003;6.657720e-002
3.793454e+003;6.650517e-002
3.793936e+003;6.643653e-002
3.794418e+003;6.637847e-002
3.794900e+003;6.633324e-002
3.795383e+003;6.629559e-002
3.795865e+003;6.625412e-002
3.796347e+003;6.619681e-002
3.796829e+003;6.611838e-002
3.797311e+003;6.602541e-002
3.797793e+003;6.593583e-002
3.798275e+003;6.587885e-002
3.798758e+003;6.588262e-002
3.799240e+003;6.596579e-002
3.799722e+003;6.613011e-002
3.800204e+003;6.635149e-002
3.800686e+003;6.658685e-002
3.801168e+003;6.678257e-002
3.801650e+003;6.688889e-002
3.802133e+003;6.687704e-002
3.802615e+003;6.674737e-002
3.803097e+003;6.653043e-002
3.803579e+003;6.628066e-002
3.804061e+003;6.605949e-002
3.804543e+003;6.592078e-002
3.805025e+003;6.589449e-002
3.805507e+003;6.597777e-002
3.805990e+003;6.613654e-002
3.806472e+003;6.631414e-002
3.806954e+003;6.645280e-002
3.807436e+003;6.650797e-002
3.807918e+003;6.646411e-002
3.808400e+003;6.633395e-002
3.808882e+003;6.615070e-002
3.809365e+003;6.595401e-002
3.809847e+003;6.577385e-002
3.810329e+003;6.562335e-002
3.810811e+003;6.549845e-002
3.811293e+003;6.538731e-002
3.811775e+003;6.528194e-002
3.812257e+003;6.518955e-002
3.812740e+003;6.513274e-002
3.813222e+003;6.514506e-002
3.813704e+003;6.525595e-002
3.814186e+003;6.547493e-002
3.814668e+003;6.578068e-002
3.815150e+003;6.612258e-002
3.815632e+003;6.642872e-002
3.816115e+003;6.663337e-002
3.816597e+003;6.669458e-002
3.817079e+003;6.661320e-002
3.817561e+003;6.642978e-002
3.818043e+003;6.621196e-002
3.818525e+003;6.603493e-002
3.819007e+003;6.595768e-002
3.819490e+003;6.600380e-002
3.819971e+003;6.615609e-002
3.820454e+003;6.636285e-002
3.820936e+003;6.655651e-002
3.821418e+003;6.667562e-002
3.821900e+003;6.668509e-002
3.822382e+003;6.658737e-002
3.822864e+003;6.641606e-002
3.823346e+003;6.622206e-002
3.823829e+003;6.605703e-002
3.824311e+003;6.595460e-002
3.824793e+003;6.592468e-002
3.825275e+003;6.595132e-002
3.825757e+003;6.600329e-002
3.826239e+003;6.604670e-002
3.826721e+003;6.605476e-002
3.827204e+003;6.601637e-002
3.827686e+003;6.593772e-002
3.828168e+003;6.583346e-002
3.828650e+003;6.572389e-002
3.829132e+003;6.562513e-002
3.829614e+003;6.554601e-002
3.830096e+003;6.548972e-002
3.830579e+003;6.545281e-002
3.831061e+003;6.542592e-002
3.831543e+003;6.540036e-002
3.832025e+003;6.536461e-002
3.832507e+003;6.530891e-002
3.832989e+003;6.522956e-002
3.833471e+003;6.513011e-002
3.833954e+003;6.502482e-002
3.834436e+003;6.493789e-002
3.834918e+003;6.489822e-002
3.835400e+003;6.493109e-002
3.835882e+003;6.504802e-002
3.836364e+003;6.524164e-002
3.836846e+003;6.548335e-002
3.837328e+003;6.573068e-002
3.837811e+003;6.593829e-002
3.838293e+003;6.607374e-002
3.838775e+003;6.612358e-002
3.839257e+003;6.609722e-002
3.839739e+003;6.601895e-002
3.840221e+003;6.592041e-002
3.840703e+003;6.582609e-002
3.841186e+003;6.575372e-002
3.841668e+003;6.570756e-002
3.842150e+003;6.568415e-002
3.842632e+003;6.567571e-002
3.843114e+003;6.567468e-002
3.843596e+003;6.567312e-002
3.844078e+003;6.566480e-002
3.844561e+003;6.564203e-002
3.845043e+003;6.559912e-002
3.845525e+003;6.553008e-002
3.846007e+003;6.543598e-002
3.846489e+003;6.532118e-002
3.846971e+003;6.519418e-002
3.847453e+003;6.506265e-002
3.847936e+003;6.493056e-002
3.848418e+003;6.479699e-002
3.848900e+003;6.466008e-002
3.849382e+003;6.452302e-002
3.849864e+003;6.440051e-002
3.850346e+003;6.432121e-002
3.850828e+003;6.432382e-002
3.851311e+003;6.444473e-002
3.851792e+003;6.470283e-002
3.852275e+003;6.508685e-002
3.852757e+003;6.555043e-002
3.853239e+003;6.602009e-002
3.853721e+003;6.641757e-002
3.854203e+003;6.667876e-002
3.854685e+003;6.677630e-002
3.855167e+003;6.671951e-002
3.855650e+003;6.654891e-002
3.856132e+003;6.631847e-002
3.856614e+003;6.607977e-002
3.857096e+003;6.586935e-002
3.857578e+003;6.570543e-002
3.858060e+003;6.559001e-002
3.858542e+003;6.551418e-002
3.859025e+003;6.546520e-002
3.859507e+003;6.543056e-002
3.859989e+003;6.540203e-002
3.860471e+003;6.537589e-002
3.860953e+003;6.535239e-002
3.861435e+003;6.533873e-002
3.861917e+003;6.534410e-002
3.862400e+003;6.538034e-002
3.862882e+003;6.545383e-002
3.863364e+003;6.556210e-002
3.863846e+003;6.568651e-002
3.864328e+003;6.579737e-002
3.864810e+003;6.586124e-002
3.865292e+003;6.585335e-002
3.865775e+003;6.577165e-002
3.866257e+003;6.564076e-002
3.866739e+003;6.550747e-002
3.867221e+003;6.542584e-002
3.867703e+003;6.543852e-002
3.868185e+003;6.555876e-002
3.868667e+003;6.576394e-002
3.869149e+003;6.600118e-002
3.869632e+003;6.620559e-002
3.870114e+003;6.632202e-002
3.870596e+003;6.632654e-002
3.871078e+003;6.623087e-002
3.871560e+003;6.607487e-002
3.872042e+003;6.591097e-002
3.872524e+003;6.578387e-002
3.873007e+003;6.571601e-002
3.873489e+003;6.570537e-002
3.873971e+003;6.572943e-002
3.874453e+003;6.575549e-002
3.874935e+003;6.575567e-002
3.875417e+003;6.571431e-002
3.875899e+003;6.563022e-002
3.876382e+003;6.551498e-002
3.876864e+003;6.538958e-002
3.877346e+003;6.527565e-002
3.877828e+003;6.519388e-002
3.878310e+003;6.515830e-002
3.878792e+003;6.517576e-002
3.879274e+003;6.524117e-002
3.879757e+003;6.533922e-002
3.880239e+003;6.544504e-002
3.880721e+003;6.553204e-002
3.881203e+003;6.558029e-002
3.881685e+003;6.558416e-002
3.882167e+003;6.555539e-002
3.882649e+003;6.552328e-002
3.883132e+003;6.552273e-002
3.883614e+003;6.558236e-002
3.884096e+003;6.571280e-002
3.884578e+003;6.589922e-002
3.885060e+003;6.610592e-002
3.885542e+003;6.628511e-002
3.886024e+003;6.639391e-002
3.886506e+003;6.641018e-002
3.886989e+003;6.633603e-002
3.887471e+003;6.619931e-002
3.887953e+003;6.603967e-002
3.888435e+003;6.589942e-002
3.888917e+003;6.580964e-002
3.889399e+003;6.578484e-002
3.889881e+003;6.582288e-002
3.890364e+003;6.590756e-002
3.890846e+003;6.601601e-002
3.891328e+003;6.612448e-002
3.891810e+003;6.621300e-002
3.892292e+003;6.626733e-002
3.892774e+003;6.627903e-002
3.893256e+003;6.624565e-002
3.893739e+003;6.616974e-002
3.894221e+003;6.606079e-002
3.894703e+003;6.593237e-002
3.895185e+003;6.580258e-002
3.895667e+003;6.568768e-002
3.896149e+003;6.560200e-002
3.896631e+003;6.555187e-002
3.897114e+003;6.553596e-002
3.897596e+003;6.554702e-002
3.898078e+003;6.557366e-002
3.898560e+003;6.560432e-002
3.899042e+003;6.563217e-002
3.899524e+003;6.565426e-002
3.900006e+003;6.567340e-002
3.900489e+003;6.569710e-002
3.900970e+003;6.573101e-002
3.901453e+003;6.578026e-002
3.901935e+003;6.584363e-002
3.902417e+003;6.591508e-002
3.902899e+003;6.598280e-002
3.903381e+003;6.603277e-002
3.903863e+003;6.605275e-002
3.904345e+003;6.603508e-002
3.904828e+003;6.597961e-002
3.905310e+003;6.589331e-002
3.905792e+003;6.579073e-002
3.906274e+003;6.568719e-002
3.906756e+003;6.559585e-002
3.907238e+003;6.552604e-002
3.907720e+003;6.548016e-002
3.908203e+003;6.545553e-002
3.908685e+003;6.544813e-002
3.909167e+003;6.545311e-002
3.909649e+003;6.546912e-002
3.910131e+003;6.549644e-002
3.910613e+003;6.553590e-002
3.911095e+003;6.558654e-002
3.911578e+003;6.564380e-002
3.912060e+003;6.569999e-002
3.912542e+003;6.574635e-002
3.913024e+003;6.577521e-002
3.913506e+003;6.578587e-002
3.913988e+003;6.578159e-002
3.914470e+003;6.577176e-002
3.914953e+003;6.576785e-002
3.915435e+003;6.577919e-002
3.915917e+003;6.581075e-002
3.916399e+003;6.586082e-002
3.916881e+003;6.592099e-002
3.917363e+003;6.598105e-002
3.917845e+003;6.602979e-002
3.918327e+003;6.605992e-002
3.918810e+003;6.606711e-002
3.919292e+003;6.605309e-002
3.919774e+003;6.602328e-002
3.920256e+003;6.598590e-002
3.920738e+003;6.594837e-002
3.921220e+003;6.591947e-002
3.921702e+003;6.590461e-002
3.922185e+003;6.590649e-002
3.922667e+003;6.592473e-002
3.923149e+003;6.595784e-002
3.923631e+003;6.600000e-002
3.924113e+003;6.604744e-002
3.924595e+003;6.609327e-002
3.925077e+003;6.613491e-002
3.925560e+003;6.616981e-002
3.926042e+003;6.619930e-002
3.926524e+003;6.622461e-002
3.927006e+003;6.625006e-002
3.927488e+003;6.627849e-002
3.927970e+003;6.631435e-002
3.928452e+003;6.635836e-002
3.928935e+003;6.641198e-002
3.929417e+003;6.647388e-002
3.929899e+003;6.654038e-002
3.930381e+003;6.660704e-002
3.930863e+003;6.666789e-002
3.931345e+003;6.671589e-002
3.931827e+003;6.674331e-002
3.932310e+003;6.674432e-002
3.932792e+003;6.671578e-002
3.933274e+003;6.665646e-002
3.933756e+003;6.657154e-002
3.934238e+003;6.646951e-002
3.934720e+003;6.636258e-002
3.935202e+003;6.626566e-002
3.935684e+003;6.619028e-002
3.936167e+003;6.614430e-002
3.936649e+003;6.612881e-002
3.937131e+003;6.613895e-002
3.937613e+003;6.616386e-002
3.938095e+003;6.619149e-002
3.938577e+003;6.621505e-002
3.939059e+003;6.622832e-002
3.939542e+003;6.623452e-002
3.940024e+003;6.623761e-002
3.940506e+003;6.624395e-002
3.940988e+003;6.625477e-002
3.941470e+003;6.627020e-002
3.941952e+003;6.628497e-002
3.942434e+003;6.629606e-002
3.942917e+003;6.630227e-002
3.943399e+003;6.630725e-002
3.943881e+003;6.631848e-002
3.944363e+003;6.634452e-002
3.944845e+003;6.638877e-002
3.945327e+003;6.645016e-002
3.945809e+003;6.651998e-002
3.946292e+003;6.658602e-002
3.946774e+003;6.663711e-002
3.947256e+003;6.666864e-002
3.947738e+003;6.668113e-002
3.948220e+003;6.668398e-002
3.948702e+003;6.668654e-002
3.949184e+003;6.669740e-002
3.949667e+003;6.671697e-002
3.950148e+003;6.673750e-002
3.950631e+003;6.674919e-002
3.951113e+003;6.674182e-002
3.951595e+003;6.670871e-002
3.952077e+003;6.665247e-002
3.952559e+003;6.658123e-002
3.953041e+003;6.650764e-002
3.953523e+003;6.644291e-002
3.954006e+003;6.639763e-002
3.954488e+003;6.637385e-002
3.954970e+003;6.637146e-002
3.955452e+003;6.638622e-002
3.955934e+003;6.641462e-002
3.956416e+003;6.645201e-002
3.956898e+003;6.649459e-002
3.957381e+003;6.653935e-002
3.957863e+003;6.658223e-002
3.958345e+003;6.661978e-002
3.958827e+003;6.665039e-002
3.959309e+003;6.667420e-002
3.959791e+003;6.669499e-002
3.960273e+003;6.671581e-002
3.960756e+003;6.674139e-002
3.961238e+003;6.677420e-002
3.961720e+003;6.681358e-002
3.962202e+003;6.685433e-002
3.962684e+003;6.689060e-002
3.963166e+003;6.691594e-002
3.963648e+003;6.692613e-002
3.964130e+003;6.692033e-002
3.964613e+003;6.690034e-002
3.965095e+003;6.687119e-002
3.965577e+003;6.684053e-002
3.966059e+003;6.681600e-002
3.966541e+003;6.680486e-002
3.967023e+003;6.681161e-002
3.967505e+003;6.683859e-002
3.967988e+003;6.688129e-002
3.968470e+003;6.693344e-002
3.968952e+003;6.698286e-002
3.969434e+003;6.701890e-002
3.969916e+003;6.703290e-002
3.970398e+003;6.702246e-002
3.970880e+003;6.699010e-002
3.971363e+003;6.694557e-002
3.971845e+003;6.690089e-002
3.972327e+003;6.686632e-002
3.972809e+003;6.684829e-002
3.973291e+003;6.684738e-002
3.973773e+003;6.685974e-002
3.974255e+003;6.687866e-002
3.974738e+003;6.689595e-002
3.975220e+003;6.690501e-002
3.975702e+003;6.690108e-002
3.976184e+003;6.688111e-002
3.976666e+003;6.684294e-002
3.977148e+003;6.678557e-002
3.977630e+003;6.670997e-002
3.978113e+003;6.662298e-002
3.978594e+003;6.653281e-002
3.979077e+003;6.645510e-002
3.979559e+003;6.640150e-002
3.980041e+003;6.638446e-002
3.980523e+003;6.640785e-002
3.981005e+003;6.646854e-002
3.981487e+003;6.655774e-002
3.981969e+003;6.666357e-002
3.982452e+003;6.677271e-002
3.982934e+003;6.687833e-002
3.983416e+003;6.697492e-002
3.983898e+003;6.706138e-002
3.984380e+003;6.713618e-002
3.984862e+003;6.719743e-002
3.985344e+003;6.723933e-002
3.985827e+003;6.725763e-002
3.986309e+003;6.724736e-002
3.986791e+003;6.721046e-002
3.987273e+003;6.715334e-002
3.987755e+003;6.708743e-002
3.988237e+003;6.702535e-002
3.988719e+003;6.698002e-002
3.989202e+003;6.695953e-002
3.989684e+003;6.696735e-002
3.990166e+003;6.699949e-002
3.990648e+003;6.704936e-002
3.991130e+003;6.710407e-002
3.991612e+003;6.715219e-002
3.992094e+003;6.718285e-002
3.992577e+003;6.718766e-002
3.993059e+003;6.716427e-002
3.993541e+003;6.711461e-002
3.994023e+003;6.704596e-002
3.994505e+003;6.697027e-002
3.994987e+003;6.689844e-002
3.995469e+003;6.684032e-002
3.995951e+003;6.680270e-002
3.996434e+003;6.678531e-002
3.996916e+003;6.678552e-002
3.997398e+003;6.679770e-002
3.997880e+003;6.681828e-002
3.998362e+003;6.684287e-002
3.998844e+003;6.687048e-002
3.999326e+003;6.689907e-002
3.999809e+003;6.692559e-002
