4.001737e+002;1.532860e-001
4.006559e+002;1.542260e-001
4.011380e+002;1.557229e-001
4.016201e+002;1.573061e-001
4.021023e+002;1.584297e-001
4.025844e+002;1.587199e-001
4.030666e+002;1.581529e-001
4.035487e+002;1.570269e-001
4.040308e+002;1.557967e-001
4.045130e+002;1.548479e-001
4.049951e+002;1.543553e-001
4.054772e+002;1.542797e-001
4.059594e+002;1.544515e-001
4.064415e+002;1.547019e-001
4.069236e+002;1.549639e-001
4.074058e+002;1.552882e-001
4.078879e+002;1.557754e-001
4.083701e+002;1.564800e-001
4.088522e+002;1.573443e-001
4.093344e+002;1.582112e-001
4.098165e+002;1.589073e-001
4.102986e+002;1.593566e-001
4.107808e+002;1.596409e-001
4.112629e+002;1.599755e-001
4.117450e+002;1.606077e-001
4.122272e+002;1.616934e-001
4.127093e+002;1.632170e-001
4.131914e+002;1.649798e-001
4.136736e+002;1.666756e-001
4.141557e+002;1.680123e-001
4.146378e+002;1.688275e-001
4.151200e+002;1.691350e-001
4.156021e+002;1.690747e-001
4.160843e+002;1.688223e-001
4.165664e+002;1.685033e-001
4.170485e+002;1.681721e-001
4.175307e+002;1.678410e-001
4.180128e+002;1.675326e-001
4.184949e+002;1.673233e-001
4.189771e+002;1.673343e-001
4.194592e+002;1.676835e-001
4.199413e+002;1.684181e-001
4.204235e+002;1.694716e-001
4.209056e+002;1.706657e-001
4.213878e+002;1.717648e-001
4.218699e+002;1.725583e-001
4.223521e+002;1.729347e-001
4.228342e+002;1.729041e-001
4.233163e+002;1.725715e-001
4.237985e+002;1.720740e-001
4.242806e+002;1.715224e-001
4.247627e+002;1.709808e-001
4.252449e+002;1.704737e-001
4.257270e+002;1.700188e-001
4.262091e+002;1.696523e-001
4.266913e+002;1.694312e-001
4.271734e+002;1.694154e-001
4.276555e+002;1.696308e-001
4.281377e+002;1.700469e-001
4.286198e+002;1.705790e-001
4.291020e+002;1.711152e-001
4.295841e+002;1.715624e-001
4.300662e+002;1.718824e-001
4.305484e+002;1.721012e-001
4.310305e+002;1.722895e-001
4.315126e+002;1.725243e-001
4.319948e+002;1.728488e-001
4.324769e+002;1.732583e-001
4.329590e+002;1.737069e-001
4.334412e+002;1.741364e-001
4.339233e+002;1.745076e-001
4.344055e+002;1.748191e-001
4.348876e+002;1.751032e-001
4.353698e+002;1.754052e-001
4.358519e+002;1.757603e-001
4.363340e+002;1.761763e-001
4.368162e+002;1.766358e-001
4.372983e+002;1.771072e-001
4.377804e+002;1.775634e-001
4.382626e+002;1.779896e-001
4.387447e+002;1.783843e-001
4.392268e+002;1.787505e-001
4.397090e+002;1.790863e-001
4.401911e+002;1.793831e-001
4.406732e+002;1.796326e-001
4.411554e+002;1.798334e-001
4.416375e+002;1.799994e-001
4.421197e+002;1.801552e-001
4.426018e+002;1.803280e-001
4.430839e+002;1.805355e-001
4.435661e+002;1.807810e-001
4.440482e+002;1.810603e-001
4.445303e+002;1.813713e-001
4.450125e+002;1.817253e-001
4.454946e+002;1.821478e-001
4.459767e+002;1.826646e-001
4.464589e+002;1.832853e-001
4.469410e+002;1.839837e-001
4.474232e+002;1.846942e-001
4.479053e+002;1.853263e-001
4.483875e+002;1.857932e-001
4.488696e+002;1.860413e-001
4.493517e+002;1.860698e-001
4.498339e+002;1.859276e-001
4.503160e+002;1.856931e-001
4.507981e+002;1.854458e-001
4.512803e+002;1.852431e-001
4.517624e+002;1.851142e-001
4.522445e+002;1.850649e-001
4.527267e+002;1.850894e-001
4.532088e+002;1.851816e-001
4.536909e+002;1.853358e-001
4.541731e+002;1.855441e-001
4.546552e+002;1.857907e-001
4.551374e+002;1.860534e-001
4.556195e+002;1.863152e-001
4.561016e+002;1.865761e-001
4.565838e+002;1.868607e-001
4.570659e+002;1.872127e-001
4.575480e+002;1.876719e-001
4.580302e+002;1.882484e-001
4.585123e+002;1.889043e-001
4.589944e+002;1.895561e-001
4.594766e+002;1.901025e-001
4.599587e+002;1.904636e-001
4.604409e+002;1.906179e-001
4.609230e+002;1.906138e-001
4.614052e+002;1.905489e-001
4.618873e+002;1.905293e-001
4.623694e+002;1.906247e-001
4.628516e+002;1.908400e-001
4.633337e+002;1.911224e-001
4.638158e+002;1.913912e-001
4.642980e+002;1.915816e-001
4.647801e+002;1.916797e-001
4.652622e+002;1.917289e-001
4.657444e+002;1.918098e-001
4.662265e+002;1.920034e-001
4.667086e+002;1.923579e-001
4.671908e+002;1.928724e-001
4.676729e+002;1.935059e-001
4.681551e+002;1.941991e-001
4.686372e+002;1.948982e-001
4.691193e+002;1.955674e-001
4.696015e+002;1.961853e-001
4.700836e+002;1.967307e-001
4.705657e+002;1.971702e-001
4.710479e+002;1.974600e-001
4.715300e+002;1.975627e-001
4.720121e+002;1.974691e-001
4.724943e+002;1.972145e-001
4.729764e+002;1.968750e-001
4.734586e+002;1.965460e-001
4.739407e+002;1.963146e-001
4.744229e+002;1.962345e-001
4.749050e+002;1.963198e-001
4.753871e+002;1.965566e-001
4.758693e+002;1.969196e-001
4.763514e+002;1.973889e-001
4.768335e+002;1.979527e-001
4.773157e+002;1.985984e-001
4.777978e+002;1.992979e-001
4.782799e+002;2.000005e-001
4.787621e+002;2.006409e-001
4.792442e+002;2.011611e-001
4.797263e+002;2.015377e-001
4.802085e+002;2.017970e-001
4.806906e+002;2.020081e-001
4.811728e+002;2.022565e-001
4.816549e+002;2.026088e-001
4.821370e+002;2.030835e-001
4.826192e+002;2.036442e-001
4.831013e+002;2.042173e-001
4.835834e+002;2.047258e-001
4.840656e+002;2.051206e-001
4.845477e+002;2.053989e-001
4.850298e+002;2.055967e-001
4.855120e+002;2.057648e-001
4.859941e+002;2.059420e-001
4.864763e+002;2.061397e-001
4.869584e+002;2.063445e-001
4.874405e+002;2.065352e-001
4.879227e+002;2.067054e-001
4.884048e+002;2.068734e-001
4.888869e+002;2.070797e-001
4.893691e+002;2.073693e-001
4.898512e+002;2.077718e-001
4.903333e+002;2.082869e-001
4.908155e+002;2.088867e-001
4.912976e+002;2.095274e-001
4.917798e+002;2.101671e-001
4.922619e+002;2.107801e-001
4.927440e+002;2.113585e-001
4.932262e+002;2.119030e-001
4.937083e+002;2.124124e-001
4.941905e+002;2.128744e-001
4.946726e+002;2.132699e-001
4.951547e+002;2.135804e-001
4.956369e+002;2.138014e-001
4.961190e+002;2.139481e-001
4.966011e+002;2.140530e-001
4.970833e+002;2.141552e-001
4.975654e+002;2.142881e-001
4.980475e+002;2.144711e-001
4.985297e+002;2.147104e-001
4.990118e+002;2.150031e-001
4.994940e+002;2.153451e-001
4.999761e+002;2.157323e-001
5.004582e+002;2.161601e-001
5.009404e+002;2.166176e-001
5.014225e+002;2.170865e-001
5.019046e+002;2.175428e-001
5.023868e+002;2.179663e-001
5.028689e+002;2.183483e-001
5.033510e+002;2.186974e-001
5.038332e+002;2.190336e-001
5.043153e+002;2.193777e-001
5.047975e+002;2.197373e-001
5.052796e+002;2.201004e-001
5.057617e+002;2.204382e-001
5.062439e+002;2.207187e-001
5.067260e+002;2.209231e-001
5.072082e+002;2.210582e-001
5.076903e+002;2.211549e-001
5.081724e+002;2.212591e-001
5.086546e+002;2.214127e-001
5.091367e+002;2.216405e-001
5.096188e+002;2.219454e-001
5.101010e+002;2.223127e-001
5.105831e+002;2.227211e-001
5.110652e+002;2.231531e-001
5.115474e+002;2.235973e-001
5.120295e+002;2.240463e-001
5.125117e+002;2.244896e-001
5.129938e+002;2.249092e-001
5.134760e+002;2.252828e-001
5.139581e+002;2.255920e-001
5.144402e+002;2.258312e-001
5.149224e+002;2.260114e-001
5.154045e+002;2.261555e-001
5.158866e+002;2.262865e-001
5.163688e+002;2.264157e-001
5.168509e+002;2.265395e-001
5.173330e+002;2.266450e-001
5.178152e+002;2.267250e-001
5.182973e+002;2.267919e-001
5.187794e+002;2.268825e-001
5.192616e+002;2.270478e-001
5.197437e+002;2.273332e-001
5.202258e+002;2.277566e-001
5.207080e+002;2.282949e-001
5.211901e+002;2.288887e-001
5.216722e+002;2.294611e-001
5.221544e+002;2.299451e-001
5.226365e+002;2.303075e-001
5.231187e+002;2.305557e-001
5.236008e+002;2.307299e-001
5.240829e+002;2.308812e-001
5.245651e+002;2.310512e-001
5.250472e+002;2.312592e-001
5.255294e+002;2.315030e-001
5.260115e+002;2.317701e-001
5.264937e+002;2.320505e-001
5.269758e+002;2.323437e-001
5.274579e+002;2.326584e-001
5.279401e+002;2.330034e-001
5.284222e+002;2.333779e-001
5.289043e+002;2.337686e-001
5.293865e+002;2.341532e-001
5.298686e+002;2.345094e-001
5.303507e+002;2.348243e-001
5.308329e+002;2.350969e-001
5.313150e+002;2.353333e-001
5.317971e+002;2.355395e-001
5.322793e+002;2.357136e-001
5.327614e+002;2.358463e-001
5.332435e+002;2.359285e-001
5.337257e+002;2.359614e-001
5.342078e+002;2.359640e-001
5.346899e+002;2.359696e-001
5.351721e+002;2.360170e-001
5.356542e+002;2.361342e-001
5.361364e+002;2.363271e-001
5.366185e+002;2.365783e-001
5.371006e+002;2.368553e-001
5.375828e+002;2.371263e-001
5.380649e+002;2.373753e-001
5.385471e+002;2.376075e-001
5.390292e+002;2.378446e-001
5.395114e+002;2.381124e-001
5.399935e+002;2.384257e-001
5.404756e+002;2.387801e-001
5.409578e+002;2.391542e-001
5.414399e+002;2.395180e-001
5.419220e+002;2.398460e-001
5.424042e+002;2.401258e-001
5.428863e+002;2.403593e-001
5.433684e+002;2.405585e-001
5.438506e+002;2.407365e-001
5.443327e+002;2.409024e-001
5.448148e+002;2.410598e-001
5.452970e+002;2.412094e-001
5.457791e+002;2.413542e-001
5.462612e+002;2.414992e-001
5.467434e+002;2.416508e-001
5.472255e+002;2.418126e-001
5.477076e+002;2.419824e-001
5.481898e+002;2.421535e-001
5.486719e+002;2.423191e-001
5.491541e+002;2.424787e-001
5.496362e+002;2.426405e-001
5.501183e+002;2.428200e-001
5.506005e+002;2.430321e-001
5.510826e+002;2.432820e-001
5.515648e+002;2.435614e-001
5.520469e+002;2.438475e-001
5.525291e+002;2.441134e-001
5.530112e+002;2.443379e-001
5.534933e+002;2.445147e-001
5.539755e+002;2.446547e-001
5.544576e+002;2.447779e-001
5.549397e+002;2.449059e-001
5.554219e+002;2.450504e-001
5.559040e+002;2.452101e-001
5.563861e+002;2.453748e-001
5.568683e+002;2.455315e-001
5.573504e+002;2.456726e-001
5.578325e+002;2.457985e-001
5.583147e+002;2.459164e-001
5.587968e+002;2.460334e-001
5.592789e+002;2.461523e-001
5.597611e+002;2.462709e-001
5.602432e+002;2.463838e-001
5.607253e+002;2.464894e-001
5.612075e+002;2.465926e-001
5.616896e+002;2.467034e-001
5.621718e+002;2.468320e-001
5.626539e+002;2.469817e-001
5.631360e+002;2.471458e-001
5.636182e+002;2.473086e-001
5.641003e+002;2.474541e-001
5.645825e+002;2.475738e-001
5.650646e+002;2.476722e-001
5.655468e+002;2.477656e-001
5.660289e+002;2.478739e-001
5.665110e+002;2.480101e-001
5.669932e+002;2.481740e-001
5.674753e+002;2.483526e-001
5.679574e+002;2.485273e-001
5.684396e+002;2.486845e-001
5.689217e+002;2.488239e-001
5.694038e+002;2.489569e-001
5.698860e+002;2.491008e-001
5.703681e+002;2.492673e-001
5.708502e+002;2.494525e-001
5.713324e+002;2.496385e-001
5.718145e+002;2.497991e-001
5.722966e+002;2.499143e-001
5.727788e+002;2.499795e-001
5.732609e+002;2.500108e-001
5.737430e+002;2.500379e-001
5.742252e+002;2.500916e-001
5.747073e+002;2.501918e-001
5.751895e+002;2.503393e-001
5.756716e+002;2.505186e-001
5.761537e+002;2.507061e-001
5.766359e+002;2.508817e-001
5.771180e+002;2.510363e-001
5.776002e+002;2.511722e-001
5.780823e+002;2.512987e-001
5.785645e+002;2.514229e-001
5.790466e+002;2.515467e-001
5.795287e+002;2.516658e-001
5.800109e+002;2.517743e-001
5.804930e+002;2.518718e-001
5.809751e+002;2.519647e-001
5.814573e+002;2.520656e-001
5.819394e+002;2.521856e-001
5.824215e+002;2.523281e-001
5.829037e+002;2.524868e-001
5.833858e+002;2.526452e-001
5.838679e+002;2.527856e-001
5.843501e+002;2.528954e-001
5.848322e+002;2.529713e-001
5.853143e+002;2.530200e-001
5.857965e+002;2.530524e-001
5.862786e+002;2.530773e-001
5.867607e+002;2.530973e-001
5.872429e+002;2.531102e-001
5.877250e+002;2.531117e-001
5.882072e+002;2.531027e-001
5.886893e+002;2.530910e-001
5.891714e+002;2.530905e-001
5.896536e+002;2.531174e-001
5.901357e+002;2.531830e-001
5.906179e+002;2.532896e-001
5.911000e+002;2.534310e-001
5.915822e+002;2.535940e-001
5.920643e+002;2.537640e-001
5.925464e+002;2.539274e-001
5.930286e+002;2.540747e-001
5.935107e+002;2.541995e-001
5.939928e+002;2.542974e-001
5.944750e+002;2.543671e-001
5.949571e+002;2.544104e-001
5.954392e+002;2.544348e-001
5.959214e+002;2.544528e-001
5.964035e+002;2.544795e-001
5.968856e+002;2.545278e-001
5.973678e+002;2.546029e-001
5.978499e+002;2.547006e-001
5.983320e+002;2.548072e-001
5.988142e+002;2.549067e-001
5.992963e+002;2.549863e-001
5.997784e+002;2.550428e-001
6.002606e+002;2.550826e-001
6.007427e+002;2.551181e-001
6.012249e+002;2.551619e-001
6.017070e+002;2.552201e-001
6.021891e+002;2.552910e-001
6.026713e+002;2.553667e-001
6.031534e+002;2.554371e-001
6.036356e+002;2.554961e-001
6.041177e+002;2.555427e-001
6.045999e+002;2.555806e-001
6.050820e+002;2.556149e-001
6.055641e+002;2.556484e-001
6.060463e+002;2.556812e-001
6.065284e+002;2.557116e-001
6.070105e+002;2.557392e-001
6.074927e+002;2.557673e-001
6.079748e+002;2.558018e-001
6.084569e+002;2.558495e-001
6.089391e+002;2.559127e-001
6.094212e+002;2.559885e-001
6.099033e+002;2.560687e-001
6.103855e+002;2.561436e-001
6.108676e+002;2.562067e-001
6.113497e+002;2.562583e-001
6.118319e+002;2.563052e-001
6.123140e+002;2.563559e-001
6.127961e+002;2.564162e-001
6.132783e+002;2.564855e-001
6.137604e+002;2.565557e-001
6.142426e+002;2.566160e-001
6.147247e+002;2.566585e-001
6.152068e+002;2.566835e-001
6.156890e+002;2.567001e-001
6.161711e+002;2.567240e-001
6.166533e+002;2.567708e-001
6.171354e+002;2.568505e-001
6.176176e+002;2.569644e-001
6.180997e+002;2.571034e-001
6.185818e+002;2.572531e-001
6.190640e+002;2.573973e-001
6.195461e+002;2.575213e-001
6.200282e+002;2.576146e-001
6.205104e+002;2.576719e-001
6.209925e+002;2.576932e-001
6.214746e+002;2.576846e-001
6.219568e+002;2.576583e-001
6.224389e+002;2.576315e-001
6.229210e+002;2.576223e-001
6.234032e+002;2.576447e-001
6.238853e+002;2.577029e-001
6.243674e+002;2.577885e-001
6.248496e+002;2.578829e-001
6.253317e+002;2.579638e-001
6.258138e+002;2.580136e-001
6.262960e+002;2.580273e-001
6.267781e+002;2.580148e-001
6.272603e+002;2.579962e-001
6.277424e+002;2.579925e-001
6.282245e+002;2.580167e-001
6.287067e+002;2.580677e-001
6.291888e+002;2.581315e-001
6.296710e+002;2.581885e-001
6.301531e+002;2.582234e-001
6.306353e+002;2.582323e-001
6.311174e+002;2.582253e-001
6.315995e+002;2.582215e-001
6.320817e+002;2.582406e-001
6.325638e+002;2.582947e-001
6.330459e+002;2.583840e-001
6.335281e+002;2.584979e-001
6.340102e+002;2.586199e-001
6.344923e+002;2.587347e-001
6.349745e+002;2.588324e-001
6.354566e+002;2.589095e-001
6.359387e+002;2.589673e-001
6.364209e+002;2.590079e-001
6.369030e+002;2.590329e-001
6.373851e+002;2.590422e-001
6.378673e+002;2.590358e-001
6.383494e+002;2.590152e-001
6.388315e+002;2.589837e-001
6.393137e+002;2.589459e-001
6.397958e+002;2.589058e-001
6.402780e+002;2.588676e-001
6.407601e+002;2.588359e-001
6.412422e+002;2.588167e-001
6.417244e+002;2.588191e-001
6.422065e+002;2.588528e-001
6.426887e+002;2.589238e-001
6.431708e+002;2.590302e-001
6.436530e+002;2.591584e-001
6.441351e+002;2.592847e-001
6.446172e+002;2.593809e-001
6.450994e+002;2.594233e-001
6.455815e+002;2.594001e-001
6.460636e+002;2.593158e-001
6.465458e+002;2.591893e-001
6.470279e+002;2.590446e-001
6.475100e+002;2.589042e-001
6.479922e+002;2.587810e-001
6.484743e+002;2.586782e-001
6.489564e+002;2.585919e-001
6.494386e+002;2.585181e-001
6.499207e+002;2.584575e-001
6.504028e+002;2.584160e-001
6.508850e+002;2.584021e-001
6.513671e+002;2.584226e-001
6.518492e+002;2.584771e-001
6.523314e+002;2.585596e-001
6.528135e+002;2.586599e-001
6.532957e+002;2.587695e-001
6.537778e+002;2.588840e-001
6.542599e+002;2.590030e-001
6.547421e+002;2.591253e-001
6.552242e+002;2.592448e-001
6.557064e+002;2.593477e-001
6.561885e+002;2.594137e-001
6.566707e+002;2.594231e-001
6.571527e+002;2.593656e-001
6.576349e+002;2.592464e-001
6.581171e+002;2.590867e-001
6.585991e+002;2.589180e-001
6.590813e+002;2.587726e-001
6.595635e+002;2.586734e-001
6.600455e+002;2.586277e-001
6.605277e+002;2.586284e-001
6.610099e+002;2.586573e-001
6.614919e+002;2.586949e-001
6.619741e+002;2.587250e-001
6.624563e+002;2.587380e-001
6.629384e+002;2.587307e-001
6.634205e+002;2.587024e-001
6.639027e+002;2.586537e-001
6.643848e+002;2.585846e-001
6.648669e+002;2.584964e-001
6.653491e+002;2.583928e-001
6.658312e+002;2.582800e-001
6.663134e+002;2.581671e-001
6.667955e+002;2.580620e-001
6.672776e+002;2.579708e-001
6.677598e+002;2.578961e-001
6.682419e+002;2.578389e-001
6.687240e+002;2.577995e-001
6.692062e+002;2.577799e-001
6.696884e+002;2.577831e-001
6.701704e+002;2.578098e-001
6.706526e+002;2.578572e-001
6.711348e+002;2.579155e-001
6.716168e+002;2.579688e-001
6.720990e+002;2.579995e-001
6.725812e+002;2.579923e-001
6.730632e+002;2.579399e-001
6.735454e+002;2.578435e-001
6.740276e+002;2.577133e-001
6.745096e+002;2.575634e-001
6.749918e+002;2.574085e-001
6.754740e+002;2.572608e-001
6.759561e+002;2.571285e-001
6.764382e+002;2.570172e-001
6.769204e+002;2.569294e-001
6.774025e+002;2.568654e-001
6.778846e+002;2.568220e-001
6.783668e+002;2.567914e-001
6.788489e+002;2.567624e-001
6.793311e+002;2.567225e-001
6.798132e+002;2.566615e-001
6.802953e+002;2.565759e-001
6.807775e+002;2.564694e-001
6.812596e+002;2.563524e-001
6.817417e+002;2.562374e-001
6.822239e+002;2.561340e-001
6.827061e+002;2.560458e-001
6.831881e+002;2.559692e-001
6.836703e+002;2.558969e-001
6.841525e+002;2.558208e-001
6.846345e+002;2.557374e-001
6.851167e+002;2.556475e-001
6.855989e+002;2.555559e-001
6.860809e+002;2.554683e-001
6.865631e+002;2.553886e-001
6.870453e+002;2.553177e-001
6.875273e+002;2.552543e-001
6.880095e+002;2.551977e-001
6.884917e+002;2.551482e-001
6.889738e+002;2.551077e-001
6.894559e+002;2.550780e-001
6.899381e+002;2.550576e-001
6.904202e+002;2.550411e-001
6.909023e+002;2.550193e-001
6.913845e+002;2.549820e-001
6.918666e+002;2.549210e-001
6.923488e+002;2.548335e-001
6.928309e+002;2.547216e-001
6.933130e+002;2.545903e-001
6.937952e+002;2.544461e-001
6.942773e+002;2.542937e-001
6.947594e+002;2.541356e-001
6.952416e+002;2.539751e-001
6.957238e+002;2.538163e-001
6.962058e+002;2.536660e-001
6.966880e+002;2.535321e-001
6.971702e+002;2.534208e-001
6.976522e+002;2.533338e-001
6.981344e+002;2.532662e-001
6.986166e+002;2.532083e-001
6.990986e+002;2.531485e-001
6.995808e+002;2.530774e-001
7.000630e+002;2.529910e-001
7.005450e+002;2.528900e-001
7.010272e+002;2.527789e-001
7.015094e+002;2.526614e-001
7.019915e+002;2.525393e-001
7.024736e+002;2.524112e-001
7.029558e+002;2.522752e-001
7.034379e+002;2.521316e-001
7.039200e+002;2.519842e-001
7.044022e+002;2.518403e-001
7.048843e+002;2.517064e-001
7.053665e+002;2.515870e-001
7.058486e+002;2.514807e-001
7.063307e+002;2.513820e-001
7.068129e+002;2.512830e-001
7.072950e+002;2.511782e-001
7.077771e+002;2.510671e-001
7.082593e+002;2.509527e-001
7.087415e+002;2.508406e-001
7.092235e+002;2.507343e-001
7.097057e+002;2.506317e-001
7.101879e+002;2.505262e-001
7.106699e+002;2.504084e-001
7.111521e+002;2.502705e-001
7.116343e+002;2.501091e-001
7.121163e+002;2.499270e-001
7.125985e+002;2.497315e-001
7.130807e+002;2.495309e-001
7.135627e+002;2.493320e-001
7.140449e+002;2.491386e-001
7.145271e+002;2.489523e-001
7.150092e+002;2.487747e-001
7.154913e+002;2.486086e-001
7.159735e+002;2.484579e-001
7.164556e+002;2.483256e-001
7.169377e+002;2.482115e-001
7.174199e+002;2.481099e-001
7.179020e+002;2.480105e-001
7.183842e+002;2.479024e-001
7.188663e+002;2.477761e-001
7.193484e+002;2.476293e-001
7.198306e+002;2.474652e-001
7.203127e+002;2.472919e-001
7.207948e+002;2.471181e-001
7.212770e+002;2.469490e-001
7.217592e+002;2.467859e-001
7.222412e+002;2.466252e-001
7.227234e+002;2.464629e-001
7.232056e+002;2.462963e-001
7.236876e+002;2.461246e-001
7.241698e+002;2.459504e-001
7.246520e+002;2.457757e-001
7.251340e+002;2.456010e-001
7.256162e+002;2.454250e-001
7.260984e+002;2.452451e-001
7.265804e+002;2.450591e-001
7.270626e+002;2.448678e-001
7.275448e+002;2.446741e-001
7.280269e+002;2.444817e-001
7.285090e+002;2.442939e-001
7.289912e+002;2.441111e-001
7.294733e+002;2.439310e-001
7.299554e+002;2.437510e-001
7.304376e+002;2.435694e-001
7.309197e+002;2.433876e-001
7.314019e+002;2.432093e-001
7.318840e+002;2.430390e-001
7.323661e+002;2.428787e-001
7.328483e+002;2.427262e-001
7.333304e+002;2.425755e-001
7.338125e+002;2.424189e-001
7.342947e+002;2.422495e-001
7.347769e+002;2.420652e-001
7.352589e+002;2.418684e-001
7.357411e+002;2.416656e-001
7.362233e+002;2.414636e-001
7.367053e+002;2.412679e-001
7.371875e+002;2.410803e-001
7.376697e+002;2.409002e-001
7.381517e+002;2.407253e-001
7.386339e+002;2.405539e-001
7.391161e+002;2.403851e-001
7.395981e+002;2.402185e-001
7.400803e+002;2.400533e-001
7.405625e+002;2.398869e-001
7.410446e+002;2.397158e-001
7.415267e+002;2.395381e-001
7.420089e+002;2.393529e-001
7.424910e+002;2.391631e-001
7.429731e+002;2.389735e-001
7.434553e+002;2.387880e-001
7.439374e+002;2.386079e-001
7.444196e+002;2.384304e-001
7.449017e+002;2.382488e-001
7.453838e+002;2.380556e-001
7.458660e+002;2.378456e-001
7.463481e+002;2.376181e-001
7.468302e+002;2.373773e-001
7.473124e+002;2.371309e-001
7.477945e+002;2.368853e-001
7.482766e+002;2.366454e-001
7.487588e+002;2.364123e-001
7.492409e+002;2.361853e-001
7.497230e+002;2.359631e-001
7.502052e+002;2.357466e-001
7.506873e+002;2.355387e-001
7.511694e+002;2.353423e-001
7.516516e+002;2.351587e-001
7.521337e+002;2.349851e-001
7.526158e+002;2.348142e-001
7.530980e+002;2.346372e-001
7.535801e+002;2.344456e-001
7.540623e+002;2.342354e-001
7.545444e+002;2.340075e-001
7.550266e+002;2.337678e-001
7.555087e+002;2.335242e-001
7.559908e+002;2.332839e-001
7.564730e+002;2.330513e-001
7.569551e+002;2.328276e-001
7.574373e+002;2.326117e-001
7.579194e+002;2.324010e-001
7.584015e+002;2.321928e-001
7.588837e+002;2.319850e-001
7.593658e+002;2.317749e-001
7.598479e+002;2.315605e-001
7.603301e+002;2.313397e-001
7.608122e+002;2.311119e-001
7.612943e+002;2.308785e-001
7.617765e+002;2.306422e-001
7.622586e+002;2.304073e-001
7.627407e+002;2.301772e-001
7.632229e+002;2.299532e-001
7.637050e+002;2.297347e-001
7.641871e+002;2.295188e-001
7.646693e+002;2.293030e-001
7.651514e+002;2.290866e-001
7.656335e+002;2.288712e-001
7.661157e+002;2.286595e-001
7.665978e+002;2.284536e-001
7.670800e+002;2.282529e-001
7.675621e+002;2.280538e-001
7.680443e+002;2.278504e-001
7.685264e+002;2.276367e-001
7.690085e+002;2.274096e-001
7.694907e+002;2.271698e-001
7.699728e+002;2.269213e-001
7.704550e+002;2.266696e-001
7.709371e+002;2.264182e-001
7.714192e+002;2.261688e-001
7.719014e+002;2.259198e-001
7.723835e+002;2.256696e-001
7.728656e+002;2.254174e-001
7.733478e+002;2.251649e-001
7.738299e+002;2.249151e-001
7.743120e+002;2.246698e-001
7.747942e+002;2.244281e-001
7.752763e+002;2.241847e-001
7.757584e+002;2.239315e-001
7.762406e+002;2.236614e-001
7.767227e+002;2.233706e-001
7.772048e+002;2.230616e-001
7.776870e+002;2.227425e-001
7.781691e+002;2.224241e-001
7.786512e+002;2.221157e-001
7.791334e+002;2.218224e-001
7.796155e+002;2.215440e-001
7.800977e+002;2.212760e-001
7.805798e+002;2.210121e-001
7.810620e+002;2.207478e-001
7.815441e+002;2.204801e-001
7.820262e+002;2.202081e-001
7.825084e+002;2.199302e-001
7.829905e+002;2.196438e-001
7.834727e+002;2.193449e-001
7.839548e+002;2.190305e-001
7.844369e+002;2.186999e-001
7.849191e+002;2.183576e-001
7.854012e+002;2.180118e-001
7.858833e+002;2.176723e-001
7.863655e+002;2.173471e-001
7.868476e+002;2.170397e-001
7.873297e+002;2.167484e-001
7.878119e+002;2.164684e-001
7.882940e+002;2.161932e-001
7.887761e+002;2.159199e-001
7.892583e+002;2.156477e-001
7.897404e+002;2.153787e-001
7.902225e+002;2.151149e-001
7.907047e+002;2.148557e-001
7.911868e+002;2.145977e-001
7.916689e+002;2.143354e-001
7.921511e+002;2.140636e-001
7.926332e+002;2.137805e-001
7.931154e+002;2.134876e-001
7.935975e+002;2.131896e-001
7.940797e+002;2.128911e-001
7.945618e+002;2.125948e-001
7.950439e+002;2.122999e-001
7.955261e+002;2.120043e-001
7.960082e+002;2.117061e-001
7.964904e+002;2.114061e-001
7.969725e+002;2.111087e-001
7.974546e+002;2.108205e-001
7.979368e+002;2.105464e-001
7.984189e+002;2.102871e-001
7.989010e+002;2.100376e-001
7.993832e+002;2.097884e-001
7.998653e+002;2.095283e-001
8.003474e+002;2.092500e-001
8.008296e+002;2.089521e-001
8.013117e+002;2.086398e-001
8.017938e+002;2.083228e-001
8.022760e+002;2.080121e-001
8.027581e+002;2.077154e-001
8.032402e+002;2.074358e-001
8.037224e+002;2.071720e-001
8.042045e+002;2.069186e-001
8.046866e+002;2.066691e-001
8.051688e+002;2.064179e-001
8.056509e+002;2.061598e-001
8.061331e+002;2.058918e-001
8.066152e+002;2.056118e-001
8.070974e+002;2.053201e-001
8.075795e+002;2.050185e-001
8.080616e+002;2.047120e-001
8.085438e+002;2.044068e-001
8.090259e+002;2.041092e-001
8.095081e+002;2.038236e-001
8.099902e+002;2.035509e-001
8.104723e+002;2.032873e-001
8.109545e+002;2.030270e-001
8.114366e+002;2.027623e-001
8.119187e+002;2.024879e-001
8.124009e+002;2.022019e-001
8.128830e+002;2.019062e-001
8.133651e+002;2.016045e-001
8.138473e+002;2.013016e-001
8.143294e+002;2.010012e-001
8.148115e+002;2.007047e-001
8.152937e+002;2.004125e-001
8.157758e+002;2.001241e-001
8.162579e+002;1.998393e-001
8.167401e+002;1.995581e-001
8.172222e+002;1.992803e-001
8.177043e+002;1.990043e-001
8.181865e+002;1.987268e-001
8.186686e+002;1.984428e-001
8.191508e+002;1.981469e-001
8.196329e+002;1.978346e-001
8.201151e+002;1.975043e-001
8.205972e+002;1.971574e-001
8.210793e+002;1.967985e-001
8.215615e+002;1.964341e-001
8.220436e+002;1.960710e-001
8.225258e+002;1.957148e-001
8.230079e+002;1.953682e-001
8.234900e+002;1.950318e-001
8.239722e+002;1.947033e-001
8.244543e+002;1.943785e-001
8.249364e+002;1.940530e-001
8.254186e+002;1.937231e-001
8.259007e+002;1.933876e-001
8.263828e+002;1.930477e-001
8.268650e+002;1.927070e-001
8.273471e+002;1.923704e-001
8.278292e+002;1.920423e-001
8.283114e+002;1.917246e-001
8.287935e+002;1.914157e-001
8.292756e+002;1.911110e-001
8.297578e+002;1.908039e-001
8.302399e+002;1.904886e-001
8.307220e+002;1.901619e-001
8.312042e+002;1.898238e-001
8.316863e+002;1.894782e-001
8.321685e+002;1.891301e-001
8.326506e+002;1.887846e-001
8.331328e+002;1.884439e-001
8.336149e+002;1.881084e-001
8.340970e+002;1.877761e-001
8.345792e+002;1.874437e-001
8.350613e+002;1.871092e-001
8.355435e+002;1.867719e-001
8.360256e+002;1.864328e-001
8.365077e+002;1.860941e-001
8.369899e+002;1.857577e-001
8.374720e+002;1.854259e-001
8.379541e+002;1.850997e-001
8.384363e+002;1.847800e-001
8.389184e+002;1.844672e-001
8.394005e+002;1.841606e-001
8.398827e+002;1.838593e-001
8.403648e+002;1.835607e-001
8.408469e+002;1.832615e-001
8.413291e+002;1.829579e-001
8.418112e+002;1.826474e-001
8.422933e+002;1.823287e-001
8.427755e+002;1.820033e-001
8.432576e+002;1.816744e-001
8.437397e+002;1.813461e-001
8.442219e+002;1.810211e-001
8.447040e+002;1.807011e-001
8.451862e+002;1.803848e-001
8.456683e+002;1.800702e-001
8.461505e+002;1.797538e-001
8.466326e+002;1.794335e-001
8.471147e+002;1.791079e-001
8.475969e+002;1.787769e-001
8.480790e+002;1.784420e-001
8.485612e+002;1.781045e-001
8.490433e+002;1.777665e-001
8.495254e+002;1.774300e-001
8.500076e+002;1.770970e-001
8.504897e+002;1.767692e-001
8.509718e+002;1.764480e-001
8.514540e+002;1.761342e-001
8.519361e+002;1.758264e-001
8.524182e+002;1.755226e-001
8.529004e+002;1.752206e-001
8.533825e+002;1.749183e-001
8.538646e+002;1.746149e-001
8.543468e+002;1.743113e-001
8.548289e+002;1.740095e-001
8.553110e+002;1.737115e-001
8.557932e+002;1.734180e-001
8.562753e+002;1.731289e-001
8.567574e+002;1.728421e-001
8.572396e+002;1.725558e-001
8.577217e+002;1.722678e-001
8.582039e+002;1.719776e-001
8.586860e+002;1.716856e-001
8.591682e+002;1.713928e-001
8.596503e+002;1.711000e-001
8.601324e+002;1.708073e-001
8.606146e+002;1.705142e-001
8.610967e+002;1.702196e-001
8.615789e+002;1.699229e-001
8.620610e+002;1.696241e-001
8.625431e+002;1.693238e-001
8.630253e+002;1.690227e-001
8.635074e+002;1.687211e-001
8.639895e+002;1.684184e-001
8.644717e+002;1.681140e-001
8.649538e+002;1.678069e-001
8.654359e+002;1.674968e-001
8.659181e+002;1.671841e-001
8.664002e+002;1.668696e-001
8.668823e+002;1.665536e-001
8.673645e+002;1.662352e-001
8.678466e+002;1.659128e-001
8.683287e+002;1.655834e-001
8.688109e+002;1.652455e-001
8.692930e+002;1.648984e-001
8.697751e+002;1.645441e-001
8.702573e+002;1.641865e-001
8.707394e+002;1.638303e-001
8.712216e+002;1.634803e-001
8.717037e+002;1.631390e-001
8.721859e+002;1.628075e-001
8.726680e+002;1.624846e-001
8.731501e+002;1.621678e-001
8.736323e+002;1.618536e-001
8.741144e+002;1.615390e-001
8.745966e+002;1.612215e-001
8.750787e+002;1.608988e-001
8.755608e+002;1.605697e-001
8.760430e+002;1.602343e-001
8.765251e+002;1.598942e-001
8.770072e+002;1.595523e-001
8.774894e+002;1.592125e-001
8.779715e+002;1.588790e-001
8.784536e+002;1.585547e-001
8.789358e+002;1.582405e-001
8.794179e+002;1.579348e-001
8.799000e+002;1.576350e-001
8.803822e+002;1.573378e-001
8.808643e+002;1.570408e-001
8.813464e+002;1.567442e-001
8.818286e+002;1.564489e-001
8.823107e+002;1.561573e-001
8.827928e+002;1.558712e-001
8.832750e+002;1.555911e-001
8.837571e+002;1.553154e-001
8.842393e+002;1.550422e-001
8.847214e+002;1.547696e-001
8.852036e+002;1.544961e-001
8.856857e+002;1.542224e-001
8.861678e+002;1.539504e-001
8.866500e+002;1.536813e-001
8.871321e+002;1.534163e-001
8.876143e+002;1.531546e-001
8.880964e+002;1.528946e-001
8.885785e+002;1.526341e-001
8.890607e+002;1.523719e-001
8.895428e+002;1.521082e-001
8.900249e+002;1.518451e-001
8.905071e+002;1.515858e-001
8.909892e+002;1.513332e-001
8.914713e+002;1.510893e-001
8.919535e+002;1.508534e-001
8.924356e+002;1.506231e-001
8.929177e+002;1.503936e-001
8.933999e+002;1.501601e-001
8.938820e+002;1.499179e-001
8.943641e+002;1.496644e-001
8.948463e+002;1.493987e-001
8.953284e+002;1.491232e-001
8.958105e+002;1.488418e-001
8.962927e+002;1.485593e-001
8.967748e+002;1.482806e-001
8.972570e+002;1.480095e-001
8.977391e+002;1.477483e-001
8.982213e+002;1.474969e-001
8.987034e+002;1.472545e-001
8.991855e+002;1.470189e-001
8.996677e+002;1.467884e-001
9.001498e+002;1.465610e-001
9.006320e+002;1.463352e-001
9.011141e+002;1.461099e-001
9.015962e+002;1.458833e-001
9.020784e+002;1.456538e-001
9.025605e+002;1.454199e-001
9.030426e+002;1.451805e-001
9.035248e+002;1.449362e-001
9.040069e+002;1.446893e-001
9.044890e+002;1.444435e-001
9.049712e+002;1.442028e-001
9.054533e+002;1.439713e-001
9.059354e+002;1.437516e-001
9.064176e+002;1.435436e-001
9.068997e+002;1.433456e-001
9.073818e+002;1.431538e-001
9.078640e+002;1.429638e-001
9.083461e+002;1.427713e-001
9.088282e+002;1.425735e-001
9.093104e+002;1.423694e-001
9.097925e+002;1.421600e-001
9.102747e+002;1.419485e-001
9.107568e+002;1.417394e-001
9.112390e+002;1.415378e-001
9.117211e+002;1.413482e-001
9.122032e+002;1.411734e-001
9.126853e+002;1.410133e-001
9.131675e+002;1.408652e-001
9.136497e+002;1.407241e-001
9.141317e+002;1.405839e-001
9.146139e+002;1.404392e-001
9.150961e+002;1.402875e-001
9.155781e+002;1.401285e-001
9.160603e+002;1.399652e-001
9.165425e+002;1.398019e-001
9.170245e+002;1.396425e-001
9.175067e+002;1.394893e-001
9.179889e+002;1.393420e-001
9.184709e+002;1.391978e-001
9.189531e+002;1.390533e-001
9.194353e+002;1.389052e-001
9.199174e+002;1.387514e-001
9.203995e+002;1.385921e-001
9.208817e+002;1.384289e-001
9.213638e+002;1.382635e-001
9.218459e+002;1.380971e-001
9.223281e+002;1.379296e-001
9.228102e+002;1.377592e-001
9.232924e+002;1.375835e-001
9.237745e+002;1.374002e-001
9.242566e+002;1.372083e-001
9.247388e+002;1.370087e-001
9.252209e+002;1.368039e-001
9.257030e+002;1.365972e-001
9.261852e+002;1.363925e-001
9.266674e+002;1.361928e-001
9.271494e+002;1.359991e-001
9.276316e+002;1.358109e-001
9.281138e+002;1.356258e-001
9.285958e+002;1.354413e-001
9.290780e+002;1.352548e-001
9.295602e+002;1.350646e-001
9.300422e+002;1.348712e-001
9.305244e+002;1.346759e-001
9.310066e+002;1.344803e-001
9.314886e+002;1.342862e-001
9.319708e+002;1.340938e-001
9.324530e+002;1.339025e-001
9.329351e+002;1.337109e-001
9.334172e+002;1.335182e-001
9.338994e+002;1.333246e-001
9.343815e+002;1.331315e-001
9.348636e+002;1.329417e-001
9.353458e+002;1.327575e-001
9.358279e+002;1.325799e-001
9.363101e+002;1.324084e-001
9.367922e+002;1.322404e-001
9.372743e+002;1.320730e-001
9.377565e+002;1.319042e-001
9.382386e+002;1.317342e-001
9.387207e+002;1.315651e-001
9.392029e+002;1.314008e-001
9.396851e+002;1.312444e-001
9.401671e+002;1.310973e-001
9.406493e+002;1.309581e-001
9.411315e+002;1.308227e-001
9.416135e+002;1.306862e-001
9.420957e+002;1.305449e-001
9.425779e+002;1.303974e-001
9.430599e+002;1.302458e-001
9.435421e+002;1.300940e-001
9.440243e+002;1.299469e-001
9.445063e+002;1.298079e-001
9.449885e+002;1.296780e-001
9.454707e+002;1.295554e-001
9.459528e+002;1.294367e-001
9.464349e+002;1.293182e-001
9.469171e+002;1.291971e-001
9.473992e+002;1.290719e-001
9.478813e+002;1.289430e-001
9.483635e+002;1.288110e-001
9.488456e+002;1.286769e-001
9.493278e+002;1.285412e-001
9.498099e+002;1.284047e-001
9.502920e+002;1.282683e-001
9.507742e+002;1.281340e-001
9.512563e+002;1.280044e-001
9.517384e+002;1.278827e-001
9.522206e+002;1.277720e-001
9.527028e+002;1.276731e-001
9.531848e+002;1.275858e-001
9.536670e+002;1.275077e-001
9.541492e+002;1.274350e-001
9.546312e+002;1.273636e-001
9.551134e+002;1.272897e-001
9.555956e+002;1.272113e-001
9.560776e+002;1.271275e-001
9.565598e+002;1.270402e-001
9.570420e+002;1.269527e-001
9.575240e+002;1.268692e-001
9.580062e+002;1.267951e-001
9.584884e+002;1.267344e-001
9.589705e+002;1.266899e-001
9.594526e+002;1.266621e-001
9.599348e+002;1.266487e-001
9.604169e+002;1.266457e-001
9.608990e+002;1.266480e-001
9.613812e+002;1.266508e-001
9.618633e+002;1.266507e-001
9.623455e+002;1.266465e-001
9.628276e+002;1.266390e-001
9.633097e+002;1.266302e-001
9.637919e+002;1.266223e-001
9.642740e+002;1.266163e-001
9.647561e+002;1.266115e-001
9.652383e+002;1.266057e-001
9.657205e+002;1.265956e-001
9.662025e+002;1.265771e-001
9.666847e+002;1.265474e-001
9.671669e+002;1.265049e-001
9.676489e+002;1.264501e-001
9.681311e+002;1.263856e-001
9.686133e+002;1.263160e-001
9.690953e+002;1.262468e-001
9.695775e+002;1.261839e-001
9.700597e+002;1.261325e-001
9.705417e+002;1.260959e-001
9.710239e+002;1.260760e-001
9.715061e+002;1.260725e-001
9.719882e+002;1.260835e-001
9.724703e+002;1.261066e-001
9.729525e+002;1.261393e-001
9.734346e+002;1.261798e-001
9.739167e+002;1.262270e-001
9.743989e+002;1.262806e-001
9.748810e+002;1.263406e-001
9.753632e+002;1.264076e-001
9.758453e+002;1.264821e-001
9.763274e+002;1.265649e-001
9.768096e+002;1.266563e-001
9.772917e+002;1.267566e-001
9.777738e+002;1.268644e-001
9.782560e+002;1.269763e-001
9.787382e+002;1.270877e-001
9.792202e+002;1.271923e-001
9.797024e+002;1.272843e-001
9.801846e+002;1.273606e-001
9.806666e+002;1.274213e-001
9.811488e+002;1.274714e-001
9.816310e+002;1.275195e-001
9.821130e+002;1.275756e-001
9.825952e+002;1.276486e-001
9.830774e+002;1.277438e-001
9.835594e+002;1.278615e-001
9.840416e+002;1.279972e-001
9.845238e+002;1.281442e-001
9.850059e+002;1.282953e-001
9.854880e+002;1.284459e-001
9.859702e+002;1.285944e-001
9.864523e+002;1.287425e-001
9.869344e+002;1.288937e-001
9.874166e+002;1.290502e-001
9.878987e+002;1.292124e-001
9.883809e+002;1.293774e-001
9.888630e+002;1.295394e-001
9.893451e+002;1.296915e-001
9.898273e+002;1.298274e-001
9.903094e+002;1.299430e-001
9.907915e+002;1.300372e-001
9.912737e+002;1.301123e-001
9.917559e+002;1.301726e-001
9.922379e+002;1.302236e-001
9.927201e+002;1.302700e-001
9.932023e+002;1.303146e-001
9.936843e+002;1.303580e-001
9.941665e+002;1.303982e-001
9.946487e+002;1.304318e-001
9.951307e+002;1.304551e-001
9.956129e+002;1.304655e-001
9.960951e+002;1.304628e-001
9.965771e+002;1.304489e-001
9.970593e+002;1.304280e-001
9.975415e+002;1.304046e-001
9.980236e+002;1.303823e-001
9.985057e+002;1.303631e-001
9.989879e+002;1.303466e-001
9.994700e+002;1.303308e-001
9.999521e+002;1.303125e-001
1.000434e+003;1.302896e-001
1.000916e+003;1.302610e-001
1.001399e+003;1.302275e-001
1.001881e+003;1.301908e-001
1.002363e+003;1.301528e-001
1.002845e+003;1.301153e-001
1.003327e+003;1.300793e-001
1.003809e+003;1.300451e-001
1.004291e+003;1.300128e-001
1.004774e+003;1.299828e-001
1.005256e+003;1.299561e-001
1.005738e+003;1.299338e-001
1.006220e+003;1.299177e-001
1.006702e+003;1.299092e-001
1.007184e+003;1.299097e-001
1.007666e+003;1.299209e-001
1.008148e+003;1.299444e-001
1.008631e+003;1.299820e-001
1.009113e+003;1.300361e-001
1.009595e+003;1.301080e-001
1.010077e+003;1.301989e-001
1.010559e+003;1.303084e-001
1.011041e+003;1.304353e-001
1.011523e+003;1.305773e-001
1.012006e+003;1.307309e-001
1.012488e+003;1.308924e-001
1.012970e+003;1.310568e-001
1.013452e+003;1.312190e-001
1.013934e+003;1.313736e-001
1.014416e+003;1.315152e-001
1.014898e+003;1.316399e-001
1.015380e+003;1.317457e-001
1.015863e+003;1.318336e-001
1.016345e+003;1.319065e-001
1.016827e+003;1.319689e-001
1.017309e+003;1.320255e-001
1.017791e+003;1.320794e-001
1.018273e+003;1.321324e-001
1.018755e+003;1.321846e-001
1.019238e+003;1.322363e-001
1.019720e+003;1.322884e-001
1.020202e+003;1.323433e-001
1.020684e+003;1.324046e-001
1.021166e+003;1.324756e-001
1.021648e+003;1.325584e-001
1.022130e+003;1.326523e-001
1.022613e+003;1.327544e-001
1.023095e+003;1.328605e-001
1.023577e+003;1.329672e-001
1.024059e+003;1.330729e-001
1.024541e+003;1.331794e-001
1.025023e+003;1.332912e-001
1.025505e+003;1.334136e-001
1.025988e+003;1.335518e-001
1.026470e+003;1.337087e-001
1.026952e+003;1.338845e-001
1.027434e+003;1.340771e-001
1.027916e+003;1.342829e-001
1.028398e+003;1.344976e-001
1.028880e+003;1.347167e-001
1.029363e+003;1.349361e-001
1.029845e+003;1.351513e-001
1.030327e+003;1.353578e-001
1.030809e+003;1.355514e-001
1.031291e+003;1.357279e-001
1.031773e+003;1.358844e-001
1.032255e+003;1.360198e-001
1.032737e+003;1.361344e-001
1.033220e+003;1.362298e-001
1.033702e+003;1.363084e-001
1.034184e+003;1.363729e-001
1.034666e+003;1.364267e-001
1.035148e+003;1.364734e-001
1.035630e+003;1.365163e-001
1.036112e+003;1.365586e-001
1.036595e+003;1.366030e-001
1.037077e+003;1.366495e-001
1.037559e+003;1.366968e-001
1.038041e+003;1.367411e-001
1.038523e+003;1.367783e-001
1.039005e+003;1.368046e-001
1.039487e+003;1.368179e-001
1.039969e+003;1.368188e-001
1.040452e+003;1.368102e-001
1.040934e+003;1.367966e-001
1.041416e+003;1.367828e-001
1.041898e+003;1.367727e-001
1.042380e+003;1.367697e-001
1.042862e+003;1.367761e-001
1.043344e+003;1.367939e-001
1.043827e+003;1.368247e-001
1.044309e+003;1.368695e-001
1.044791e+003;1.369290e-001
1.045273e+003;1.370016e-001
1.045755e+003;1.370845e-001
1.046237e+003;1.371739e-001
1.046719e+003;1.372658e-001
1.047202e+003;1.373580e-001
1.047684e+003;1.374502e-001
1.048166e+003;1.375449e-001
1.048648e+003;1.376456e-001
1.049130e+003;1.377563e-001
1.049612e+003;1.378791e-001
1.050094e+003;1.380148e-001
1.050577e+003;1.381619e-001
1.051059e+003;1.383177e-001
1.051541e+003;1.384800e-001
1.052023e+003;1.386477e-001
1.052505e+003;1.388216e-001
1.052987e+003;1.390025e-001
1.053469e+003;1.391914e-001
1.053952e+003;1.393869e-001
1.054434e+003;1.395848e-001
1.054916e+003;1.397788e-001
1.055398e+003;1.399605e-001
1.055880e+003;1.401216e-001
1.056362e+003;1.402558e-001
1.056844e+003;1.403603e-001
1.057326e+003;1.404361e-001
1.057809e+003;1.404876e-001
1.058291e+003;1.405220e-001
1.058773e+003;1.405464e-001
1.059255e+003;1.405659e-001
1.059737e+003;1.405826e-001
1.060219e+003;1.405939e-001
1.060701e+003;1.405945e-001
1.061184e+003;1.405771e-001
1.061666e+003;1.405358e-001
1.062148e+003;1.404673e-001
1.062630e+003;1.403731e-001
1.063112e+003;1.402580e-001
1.063594e+003;1.401296e-001
1.064076e+003;1.399959e-001
1.064558e+003;1.398621e-001
1.065041e+003;1.397300e-001
1.065523e+003;1.395988e-001
1.066005e+003;1.394639e-001
1.066487e+003;1.393214e-001
1.066969e+003;1.391680e-001
1.067451e+003;1.390026e-001
1.067933e+003;1.388267e-001
1.068416e+003;1.386431e-001
1.068898e+003;1.384554e-001
1.069380e+003;1.382662e-001
1.069862e+003;1.380777e-001
1.070344e+003;1.378915e-001
1.070826e+003;1.377090e-001
1.071308e+003;1.375323e-001
1.071791e+003;1.373645e-001
1.072273e+003;1.372091e-001
1.072755e+003;1.370697e-001
1.073237e+003;1.369492e-001
1.073719e+003;1.368493e-001
1.074201e+003;1.367702e-001
1.074683e+003;1.367114e-001
1.075166e+003;1.366719e-001
1.075648e+003;1.366509e-001
1.076130e+003;1.366480e-001
1.076612e+003;1.366625e-001
1.077094e+003;1.366936e-001
1.077576e+003;1.367387e-001
1.078058e+003;1.367940e-001
1.078541e+003;1.368528e-001
1.079023e+003;1.369075e-001
1.079505e+003;1.369497e-001
1.079987e+003;1.369716e-001
1.080469e+003;1.369674e-001
1.080951e+003;1.369332e-001
1.081433e+003;1.368683e-001
1.081915e+003;1.367731e-001
1.082398e+003;1.366493e-001
1.082880e+003;1.364976e-001
1.083362e+003;1.363189e-001
1.083844e+003;1.361125e-001
1.084326e+003;1.358779e-001
1.084808e+003;1.356153e-001
1.085290e+003;1.353265e-001
1.085773e+003;1.350145e-001
1.086255e+003;1.346842e-001
1.086737e+003;1.343407e-001
1.087219e+003;1.339892e-001
1.087701e+003;1.336348e-001
1.088183e+003;1.332818e-001
1.088665e+003;1.329353e-001
1.089147e+003;1.326004e-001
1.089630e+003;1.322831e-001
1.090112e+003;1.319894e-001
1.090594e+003;1.317245e-001
1.091076e+003;1.314920e-001
1.091558e+003;1.312937e-001
1.092040e+003;1.311282e-001
1.092522e+003;1.309935e-001
1.093005e+003;1.308861e-001
1.093487e+003;1.308038e-001
1.093969e+003;1.307446e-001
1.094451e+003;1.307081e-001
1.094933e+003;1.306948e-001
1.095415e+003;1.307049e-001
1.095897e+003;1.307382e-001
1.096380e+003;1.307941e-001
1.096862e+003;1.308710e-001
1.097344e+003;1.309665e-001
1.097826e+003;1.310785e-001
1.098308e+003;1.312042e-001
1.098790e+003;1.313406e-001
1.099272e+003;1.314841e-001
1.099755e+003;1.316302e-001
1.100237e+003;1.317742e-001
1.100719e+003;1.319113e-001
1.101201e+003;1.320373e-001
1.101683e+003;1.321490e-001
1.102165e+003;1.322449e-001
1.102647e+003;1.323246e-001
1.103130e+003;1.323880e-001
1.103612e+003;1.324354e-001
1.104094e+003;1.324668e-001
1.104576e+003;1.324816e-001
1.105058e+003;1.324786e-001
1.105540e+003;1.324572e-001
1.106022e+003;1.324166e-001
1.106504e+003;1.323564e-001
1.106987e+003;1.322771e-001
1.107469e+003;1.321792e-001
1.107951e+003;1.320638e-001
1.108433e+003;1.319326e-001
1.108915e+003;1.317874e-001
1.109397e+003;1.316307e-001
1.109879e+003;1.314654e-001
1.110362e+003;1.312947e-001
1.110844e+003;1.311216e-001
1.111326e+003;1.309491e-001
1.111808e+003;1.307794e-001
1.112290e+003;1.306139e-001
1.112772e+003;1.304538e-001
1.113254e+003;1.302996e-001
1.113736e+003;1.301517e-001
1.114219e+003;1.300102e-001
1.114701e+003;1.298750e-001
1.115183e+003;1.297454e-001
1.115665e+003;1.296209e-001
1.116147e+003;1.295003e-001
1.116629e+003;1.293825e-001
1.117111e+003;1.292666e-001
1.117594e+003;1.291528e-001
1.118076e+003;1.290414e-001
1.118558e+003;1.289344e-001
1.119040e+003;1.288330e-001
1.119522e+003;1.287393e-001
1.120004e+003;1.286541e-001
1.120486e+003;1.285776e-001
1.120969e+003;1.285097e-001
1.121451e+003;1.284496e-001
1.121933e+003;1.283972e-001
1.122415e+003;1.283526e-001
1.122897e+003;1.283164e-001
1.123379e+003;1.282892e-001
1.123861e+003;1.282711e-001
1.124344e+003;1.282607e-001
1.124826e+003;1.282564e-001
1.125308e+003;1.282552e-001
1.125790e+003;1.282545e-001
1.126272e+003;1.282527e-001
1.126754e+003;1.282488e-001
1.127236e+003;1.282436e-001
1.127719e+003;1.282382e-001
1.128201e+003;1.282340e-001
1.128683e+003;1.282319e-001
1.129165e+003;1.282326e-001
1.129647e+003;1.282360e-001
1.130129e+003;1.282424e-001
1.130611e+003;1.282521e-001
1.131093e+003;1.282659e-001
1.131576e+003;1.282846e-001
1.132058e+003;1.283078e-001
1.132540e+003;1.283347e-001
1.133022e+003;1.283632e-001
1.133504e+003;1.283909e-001
1.133986e+003;1.284156e-001
1.134468e+003;1.284367e-001
1.134951e+003;1.284555e-001
1.135433e+003;1.284742e-001
1.135915e+003;1.284961e-001
1.136397e+003;1.285238e-001
1.136879e+003;1.285581e-001
1.137361e+003;1.285983e-001
1.137843e+003;1.286414e-001
1.138325e+003;1.286843e-001
1.138808e+003;1.287236e-001
1.139290e+003;1.287571e-001
1.139772e+003;1.287836e-001
1.140254e+003;1.288030e-001
1.140736e+003;1.288161e-001
1.141218e+003;1.288234e-001
1.141700e+003;1.288261e-001
1.142183e+003;1.288251e-001
1.142665e+003;1.288218e-001
1.143147e+003;1.288174e-001
1.143629e+003;1.288130e-001
1.144111e+003;1.288088e-001
1.144593e+003;1.288041e-001
1.145075e+003;1.287974e-001
1.145557e+003;1.287867e-001
1.146040e+003;1.287698e-001
1.146522e+003;1.287465e-001
1.147004e+003;1.287175e-001
1.147486e+003;1.286847e-001
1.147968e+003;1.286512e-001
1.148450e+003;1.286200e-001
1.148932e+003;1.285938e-001
1.149415e+003;1.285740e-001
1.149897e+003;1.285618e-001
1.150379e+003;1.285576e-001
1.150861e+003;1.285607e-001
1.151343e+003;1.285708e-001
1.151825e+003;1.285856e-001
1.152307e+003;1.286020e-001
1.152790e+003;1.286161e-001
1.153272e+003;1.286240e-001
1.153754e+003;1.286220e-001
1.154236e+003;1.286089e-001
1.154718e+003;1.285859e-001
1.155200e+003;1.285558e-001
1.155682e+003;1.285228e-001
1.156165e+003;1.284900e-001
1.156647e+003;1.284589e-001
1.157129e+003;1.284289e-001
1.157611e+003;1.283975e-001
1.158093e+003;1.283616e-001
1.158575e+003;1.283190e-001
1.159057e+003;1.282688e-001
1.159540e+003;1.282120e-001
1.160022e+003;1.281502e-001
1.160504e+003;1.280850e-001
1.160986e+003;1.280170e-001
1.161468e+003;1.279452e-001
1.161950e+003;1.278680e-001
1.162432e+003;1.277842e-001
1.162914e+003;1.276935e-001
1.163397e+003;1.275977e-001
1.163879e+003;1.275002e-001
1.164361e+003;1.274048e-001
1.164843e+003;1.273151e-001
1.165325e+003;1.272330e-001
1.165807e+003;1.271590e-001
1.166289e+003;1.270910e-001
1.166772e+003;1.270267e-001
1.167254e+003;1.269629e-001
1.167736e+003;1.268979e-001
1.168218e+003;1.268311e-001
1.168700e+003;1.267630e-001
1.169182e+003;1.266956e-001
1.169664e+003;1.266320e-001
1.170146e+003;1.265749e-001
1.170629e+003;1.265270e-001
1.171111e+003;1.264902e-001
1.171593e+003;1.264656e-001
1.172075e+003;1.264530e-001
1.172557e+003;1.264509e-001
1.173039e+003;1.264579e-001
1.173521e+003;1.264717e-001
1.174004e+003;1.264901e-001
1.174486e+003;1.265112e-001
1.174968e+003;1.265330e-001
1.175450e+003;1.265540e-001
1.175932e+003;1.265728e-001
1.176414e+003;1.265887e-001
1.176896e+003;1.266013e-001
1.177379e+003;1.266112e-001
1.177861e+003;1.266201e-001
1.178343e+003;1.266303e-001
1.178825e+003;1.266442e-001
1.179307e+003;1.266635e-001
1.179789e+003;1.266891e-001
1.180271e+003;1.267200e-001
1.180754e+003;1.267550e-001
1.181236e+003;1.267919e-001
1.181718e+003;1.268298e-001
1.182200e+003;1.268687e-001
1.182682e+003;1.269096e-001
1.183164e+003;1.269546e-001
1.183646e+003;1.270051e-001
1.184129e+003;1.270612e-001
1.184611e+003;1.271212e-001
1.185093e+003;1.271824e-001
1.185575e+003;1.272399e-001
1.186057e+003;1.272902e-001
1.186539e+003;1.273305e-001
1.187021e+003;1.273603e-001
1.187503e+003;1.273808e-001
1.187986e+003;1.273953e-001
1.188468e+003;1.274075e-001
1.188950e+003;1.274213e-001
1.189432e+003;1.274395e-001
1.189914e+003;1.274636e-001
1.190396e+003;1.274934e-001
1.190878e+003;1.275275e-001
1.191361e+003;1.275635e-001
1.191843e+003;1.275984e-001
1.192325e+003;1.276295e-001
1.192807e+003;1.276551e-001
1.193289e+003;1.276748e-001
1.193771e+003;1.276901e-001
1.194253e+003;1.277043e-001
1.194735e+003;1.277219e-001
1.195218e+003;1.277472e-001
1.195700e+003;1.277841e-001
1.196182e+003;1.278340e-001
1.196664e+003;1.278956e-001
1.197146e+003;1.279649e-001
1.197628e+003;1.280363e-001
1.198110e+003;1.281029e-001
1.198593e+003;1.281594e-001
1.199075e+003;1.282024e-001
1.199557e+003;1.282318e-001
1.200039e+003;1.282503e-001
1.200521e+003;1.282628e-001
1.201003e+003;1.282750e-001
1.201485e+003;1.282918e-001
1.201968e+003;1.283164e-001
1.202450e+003;1.283495e-001
1.202932e+003;1.283901e-001
1.203414e+003;1.284360e-001
1.203896e+003;1.284842e-001
1.204378e+003;1.285333e-001
1.204860e+003;1.285819e-001
1.205343e+003;1.286301e-001
1.205825e+003;1.286776e-001
1.206307e+003;1.287243e-001
1.206789e+003;1.287697e-001
1.207271e+003;1.288125e-001
1.207753e+003;1.288522e-001
1.208235e+003;1.288887e-001
1.208718e+003;1.289225e-001
1.209200e+003;1.289552e-001
1.209682e+003;1.289883e-001
1.210164e+003;1.290226e-001
1.210646e+003;1.290584e-001
1.211128e+003;1.290949e-001
1.211610e+003;1.291306e-001
1.212092e+003;1.291642e-001
1.212575e+003;1.291956e-001
1.213057e+003;1.292259e-001
1.213539e+003;1.292571e-001
1.214021e+003;1.292920e-001
1.214503e+003;1.293332e-001
1.214985e+003;1.293820e-001
1.215467e+003;1.294389e-001
1.215950e+003;1.295030e-001
1.216432e+003;1.295723e-001
1.216914e+003;1.296443e-001
1.217396e+003;1.297168e-001
1.217878e+003;1.297872e-001
1.218360e+003;1.298535e-001
1.218842e+003;1.299143e-001
1.219324e+003;1.299685e-001
1.219807e+003;1.300169e-001
1.220289e+003;1.300607e-001
1.220771e+003;1.301025e-001
1.221253e+003;1.301453e-001
1.221735e+003;1.301920e-001
1.222217e+003;1.302439e-001
1.222699e+003;1.303009e-001
1.223182e+003;1.303622e-001
1.223664e+003;1.304256e-001
1.224146e+003;1.304899e-001
1.224628e+003;1.305540e-001
1.225110e+003;1.306183e-001
1.225592e+003;1.306836e-001
1.226074e+003;1.307507e-001
1.226557e+003;1.308198e-001
1.227039e+003;1.308900e-001
1.227521e+003;1.309604e-001
1.228003e+003;1.310300e-001
1.228485e+003;1.310991e-001
1.228967e+003;1.311699e-001
1.229449e+003;1.312453e-001
1.229932e+003;1.313291e-001
1.230414e+003;1.314236e-001
1.230896e+003;1.315292e-001
1.231378e+003;1.316439e-001
1.231860e+003;1.317641e-001
1.232342e+003;1.318847e-001
1.232824e+003;1.320018e-001
1.233307e+003;1.321129e-001
1.233789e+003;1.322172e-001
1.234271e+003;1.323155e-001
1.234753e+003;1.324096e-001
1.235235e+003;1.325004e-001
1.235717e+003;1.325887e-001
1.236199e+003;1.326741e-001
1.236681e+003;1.327567e-001
1.237164e+003;1.328365e-001
1.237646e+003;1.329146e-001
1.238128e+003;1.329930e-001
1.238610e+003;1.330740e-001
1.239092e+003;1.331595e-001
1.239574e+003;1.332500e-001
1.240056e+003;1.333452e-001
1.240539e+003;1.334432e-001
1.241021e+003;1.335415e-001
1.241503e+003;1.336382e-001
1.241985e+003;1.337313e-001
1.242467e+003;1.338207e-001
1.242949e+003;1.339069e-001
1.243431e+003;1.339916e-001
1.243913e+003;1.340763e-001
1.244396e+003;1.341623e-001
1.244878e+003;1.342513e-001
1.245360e+003;1.343440e-001
1.245842e+003;1.344406e-001
1.246324e+003;1.345416e-001
1.246806e+003;1.346461e-001
1.247288e+003;1.347534e-001
1.247771e+003;1.348615e-001
1.248253e+003;1.349684e-001
1.248735e+003;1.350713e-001
1.249217e+003;1.351685e-001
1.249699e+003;1.352586e-001
1.250181e+003;1.353412e-001
1.250663e+003;1.354183e-001
1.251146e+003;1.354917e-001
1.251628e+003;1.355646e-001
1.252110e+003;1.356393e-001
1.252592e+003;1.357177e-001
1.253074e+003;1.358001e-001
1.253556e+003;1.358858e-001
1.254038e+003;1.359734e-001
1.254521e+003;1.360616e-001
1.255003e+003;1.361490e-001
1.255485e+003;1.362356e-001
1.255967e+003;1.363213e-001
1.256449e+003;1.364073e-001
1.256931e+003;1.364943e-001
1.257413e+003;1.365829e-001
1.257896e+003;1.366731e-001
1.258378e+003;1.367649e-001
1.258860e+003;1.368574e-001
1.259342e+003;1.369497e-001
1.259824e+003;1.370402e-001
1.260306e+003;1.371271e-001
1.260788e+003;1.372080e-001
1.261270e+003;1.372802e-001
1.261753e+003;1.373411e-001
1.262235e+003;1.373890e-001
1.262717e+003;1.374222e-001
1.263199e+003;1.374415e-001
1.263681e+003;1.374480e-001
1.264163e+003;1.374441e-001
1.264645e+003;1.374329e-001
1.265128e+003;1.374174e-001
1.265610e+003;1.374002e-001
1.266092e+003;1.373841e-001
1.266574e+003;1.373707e-001
1.267056e+003;1.373615e-001
1.267538e+003;1.373572e-001
1.268020e+003;1.373578e-001
1.268502e+003;1.373625e-001
1.268985e+003;1.373702e-001
1.269467e+003;1.373792e-001
1.269949e+003;1.373885e-001
1.270431e+003;1.373973e-001
1.270913e+003;1.374054e-001
1.271395e+003;1.374136e-001
1.271877e+003;1.374229e-001
1.272360e+003;1.374344e-001
1.272842e+003;1.374492e-001
1.273324e+003;1.374678e-001
1.273806e+003;1.374900e-001
1.274288e+003;1.375158e-001
1.274770e+003;1.375446e-001
1.275252e+003;1.375757e-001
1.275734e+003;1.376085e-001
1.276217e+003;1.376430e-001
1.276699e+003;1.376780e-001
1.277181e+003;1.377138e-001
1.277663e+003;1.377503e-001
1.278145e+003;1.377877e-001
1.278627e+003;1.378269e-001
1.279109e+003;1.378682e-001
1.279592e+003;1.379122e-001
1.280074e+003;1.379588e-001
1.280556e+003;1.380073e-001
1.281038e+003;1.380566e-001
1.281520e+003;1.381048e-001
1.282002e+003;1.381502e-001
1.282484e+003;1.381913e-001
1.282967e+003;1.382273e-001
1.283449e+003;1.382580e-001
1.283931e+003;1.382840e-001
1.284413e+003;1.383067e-001
1.284895e+003;1.383274e-001
1.285377e+003;1.383486e-001
1.285859e+003;1.383719e-001
1.286342e+003;1.383985e-001
1.286824e+003;1.384291e-001
1.287306e+003;1.384625e-001
1.287788e+003;1.384979e-001
1.288270e+003;1.385328e-001
1.288752e+003;1.385661e-001
1.289234e+003;1.385965e-001
1.289716e+003;1.386243e-001
1.290199e+003;1.386503e-001
1.290681e+003;1.386760e-001
1.291163e+003;1.387029e-001
1.291645e+003;1.387321e-001
1.292127e+003;1.387643e-001
1.292609e+003;1.387996e-001
1.293091e+003;1.388388e-001
1.293574e+003;1.388832e-001
1.294056e+003;1.389338e-001
1.294538e+003;1.389916e-001
1.295020e+003;1.390564e-001
1.295502e+003;1.391266e-001
1.295984e+003;1.391994e-001
1.296466e+003;1.392705e-001
1.296948e+003;1.393366e-001
1.297431e+003;1.393960e-001
1.297913e+003;1.394488e-001
1.298395e+003;1.394968e-001
1.298877e+003;1.395433e-001
1.299359e+003;1.395911e-001
1.299841e+003;1.396416e-001
1.300323e+003;1.396950e-001
1.300806e+003;1.397504e-001
1.301288e+003;1.398065e-001
1.301770e+003;1.398630e-001
1.302252e+003;1.399203e-001
1.302734e+003;1.399803e-001
1.303216e+003;1.400443e-001
1.303698e+003;1.401134e-001
1.304181e+003;1.401862e-001
1.304663e+003;1.402609e-001
1.305145e+003;1.403350e-001
1.305627e+003;1.404066e-001
1.306109e+003;1.404751e-001
1.306591e+003;1.405422e-001
1.307073e+003;1.406101e-001
1.307556e+003;1.406817e-001
1.308038e+003;1.407581e-001
1.308520e+003;1.408395e-001
1.309002e+003;1.409242e-001
1.309484e+003;1.410095e-001
1.309966e+003;1.410929e-001
1.310448e+003;1.411734e-001
1.310931e+003;1.412499e-001
1.311413e+003;1.413231e-001
1.311895e+003;1.413941e-001
1.312377e+003;1.414638e-001
1.312859e+003;1.415328e-001
1.313341e+003;1.416019e-001
1.313823e+003;1.416709e-001
1.314305e+003;1.417411e-001
1.314788e+003;1.418130e-001
1.315270e+003;1.418874e-001
1.315752e+003;1.419641e-001
1.316234e+003;1.420424e-001
1.316716e+003;1.421205e-001
1.317198e+003;1.421955e-001
1.317680e+003;1.422654e-001
1.318163e+003;1.423282e-001
1.318645e+003;1.423828e-001
1.319127e+003;1.424294e-001
1.319609e+003;1.424690e-001
1.320091e+003;1.425034e-001
1.320573e+003;1.425351e-001
1.321055e+003;1.425666e-001
1.321537e+003;1.426008e-001
1.322020e+003;1.426404e-001
1.322502e+003;1.426874e-001
1.322984e+003;1.427426e-001
1.323466e+003;1.428059e-001
1.323948e+003;1.428751e-001
1.324430e+003;1.429475e-001
1.324912e+003;1.430201e-001
1.325395e+003;1.430897e-001
1.325877e+003;1.431549e-001
1.326359e+003;1.432154e-001
1.326841e+003;1.432720e-001
1.327323e+003;1.433270e-001
1.327805e+003;1.433827e-001
1.328287e+003;1.434411e-001
1.328770e+003;1.435040e-001
1.329252e+003;1.435719e-001
1.329734e+003;1.436448e-001
1.330216e+003;1.437214e-001
1.330698e+003;1.437994e-001
1.331180e+003;1.438765e-001
1.331662e+003;1.439497e-001
1.332145e+003;1.440169e-001
1.332627e+003;1.440773e-001
1.333109e+003;1.441309e-001
1.333591e+003;1.441800e-001
1.334073e+003;1.442276e-001
1.334555e+003;1.442766e-001
1.335037e+003;1.443294e-001
1.335520e+003;1.443870e-001
1.336002e+003;1.444490e-001
1.336484e+003;1.445146e-001
1.336966e+003;1.445822e-001
1.337448e+003;1.446508e-001
1.337930e+003;1.447202e-001
1.338412e+003;1.447908e-001
1.338894e+003;1.448630e-001
1.339377e+003;1.449369e-001
1.339859e+003;1.450115e-001
1.340341e+003;1.450855e-001
1.340823e+003;1.451566e-001
1.341305e+003;1.452231e-001
1.341787e+003;1.452844e-001
1.342269e+003;1.453405e-001
1.342752e+003;1.453931e-001
1.343234e+003;1.454438e-001
1.343716e+003;1.454941e-001
1.344198e+003;1.455452e-001
1.344680e+003;1.455970e-001
1.345162e+003;1.456486e-001
1.345644e+003;1.456994e-001
1.346126e+003;1.457481e-001
1.346609e+003;1.457941e-001
1.347091e+003;1.458374e-001
1.347573e+003;1.458777e-001
1.348055e+003;1.459154e-001
1.348537e+003;1.459501e-001
1.349019e+003;1.459812e-001
1.349501e+003;1.460088e-001
1.349984e+003;1.460328e-001
1.350466e+003;1.460536e-001
1.350948e+003;1.460728e-001
1.351430e+003;1.460924e-001
1.351912e+003;1.461143e-001
1.352394e+003;1.461401e-001
1.352876e+003;1.461700e-001
1.353359e+003;1.462033e-001
1.353841e+003;1.462381e-001
1.354323e+003;1.462720e-001
1.354805e+003;1.463033e-001
1.355287e+003;1.463317e-001
1.355769e+003;1.463583e-001
1.356251e+003;1.463852e-001
1.356734e+003;1.464149e-001
1.357216e+003;1.464492e-001
1.357698e+003;1.464886e-001
1.358180e+003;1.465319e-001
1.358662e+003;1.465773e-001
1.359144e+003;1.466227e-001
1.359626e+003;1.466670e-001
1.360109e+003;1.467103e-001
1.360591e+003;1.467541e-001
1.361073e+003;1.467997e-001
1.361555e+003;1.468483e-001
1.362037e+003;1.468994e-001
1.362519e+003;1.469507e-001
1.363001e+003;1.470002e-001
1.363483e+003;1.470452e-001
1.363966e+003;1.470851e-001
1.364448e+003;1.471207e-001
1.364930e+003;1.471543e-001
1.365412e+003;1.471885e-001
1.365894e+003;1.472249e-001
1.366376e+003;1.472644e-001
1.366858e+003;1.473052e-001
1.367341e+003;1.473449e-001
1.367823e+003;1.473808e-001
1.368305e+003;1.474104e-001
1.368787e+003;1.474330e-001
1.369269e+003;1.474486e-001
1.369751e+003;1.474588e-001
1.370233e+003;1.474651e-001
1.370715e+003;1.474693e-001
1.371198e+003;1.474735e-001
1.371680e+003;1.474785e-001
1.372162e+003;1.474860e-001
1.372644e+003;1.474972e-001
1.373126e+003;1.475123e-001
1.373608e+003;1.475307e-001
1.374090e+003;1.475509e-001
1.374573e+003;1.475712e-001
1.375055e+003;1.475884e-001
1.375537e+003;1.476009e-001
1.376019e+003;1.476078e-001
1.376501e+003;1.476096e-001
1.376983e+003;1.476078e-001
1.377465e+003;1.476042e-001
1.377948e+003;1.476003e-001
1.378430e+003;1.475967e-001
1.378912e+003;1.475941e-001
1.379394e+003;1.475921e-001
1.379876e+003;1.475911e-001
1.380358e+003;1.475922e-001
1.380840e+003;1.475966e-001
1.381323e+003;1.476060e-001
1.381805e+003;1.476212e-001
1.382287e+003;1.476415e-001
1.382769e+003;1.476660e-001
1.383251e+003;1.476921e-001
1.383733e+003;1.477180e-001
1.384215e+003;1.477415e-001
1.384698e+003;1.477625e-001
1.385180e+003;1.477820e-001
1.385662e+003;1.478009e-001
1.386144e+003;1.478211e-001
1.386626e+003;1.478435e-001
1.387108e+003;1.478686e-001
1.387590e+003;1.478958e-001
1.388072e+003;1.479245e-001
1.388555e+003;1.479534e-001
1.389037e+003;1.479817e-001
1.389519e+003;1.480085e-001
1.390001e+003;1.480335e-001
1.390483e+003;1.480573e-001
1.390965e+003;1.480802e-001
1.391447e+003;1.481032e-001
1.391930e+003;1.481284e-001
1.392412e+003;1.481567e-001
1.392894e+003;1.481892e-001
1.393376e+003;1.482263e-001
1.393858e+003;1.482672e-001
1.394340e+003;1.483112e-001
1.394822e+003;1.483568e-001
1.395304e+003;1.484036e-001
1.395787e+003;1.484518e-001
1.396269e+003;1.485026e-001
1.396751e+003;1.485570e-001
1.397233e+003;1.486163e-001
1.397715e+003;1.486803e-001
1.398197e+003;1.487477e-001
1.398679e+003;1.488160e-001
1.399162e+003;1.488820e-001
1.399644e+003;1.489434e-001
1.400126e+003;1.489990e-001
1.400608e+003;1.490486e-001
1.401090e+003;1.490936e-001
1.401572e+003;1.491366e-001
1.402054e+003;1.491801e-001
1.402536e+003;1.492259e-001
1.403019e+003;1.492765e-001
1.403501e+003;1.493321e-001
1.403983e+003;1.493927e-001
1.404465e+003;1.494573e-001
1.404947e+003;1.495242e-001
1.405429e+003;1.495914e-001
1.405911e+003;1.496573e-001
1.406394e+003;1.497210e-001
1.406876e+003;1.497831e-001
1.407358e+003;1.498456e-001
1.407840e+003;1.499118e-001
1.408322e+003;1.499845e-001
1.408804e+003;1.500658e-001
1.409286e+003;1.501557e-001
1.409769e+003;1.502518e-001
1.410251e+003;1.503499e-001
1.410733e+003;1.504448e-001
1.411215e+003;1.505325e-001
1.411697e+003;1.506107e-001
1.412179e+003;1.506804e-001
1.412661e+003;1.507443e-001
1.413144e+003;1.508067e-001
1.413626e+003;1.508718e-001
1.414108e+003;1.509415e-001
1.414590e+003;1.510163e-001
1.415072e+003;1.510947e-001
1.415554e+003;1.511744e-001
1.416036e+003;1.512532e-001
1.416519e+003;1.513307e-001
1.417001e+003;1.514076e-001
1.417483e+003;1.514855e-001
1.417965e+003;1.515655e-001
1.418447e+003;1.516478e-001
1.418929e+003;1.517297e-001
1.419411e+003;1.518065e-001
1.419893e+003;1.518736e-001
1.420376e+003;1.519268e-001
1.420858e+003;1.519651e-001
1.421340e+003;1.519908e-001
1.421822e+003;1.520090e-001
1.422304e+003;1.520267e-001
1.422786e+003;1.520503e-001
1.423268e+003;1.520840e-001
1.423751e+003;1.521285e-001
1.424233e+003;1.521814e-001
1.424715e+003;1.522383e-001
1.425197e+003;1.522939e-001
1.425679e+003;1.523449e-001
1.426161e+003;1.523903e-001
1.426643e+003;1.524312e-001
1.427125e+003;1.524706e-001
1.427608e+003;1.525121e-001
1.428090e+003;1.525574e-001
1.428572e+003;1.526072e-001
1.429054e+003;1.526603e-001
1.429536e+003;1.527135e-001
1.430018e+003;1.527644e-001
1.430500e+003;1.528099e-001
1.430983e+003;1.528482e-001
1.431465e+003;1.528780e-001
1.431947e+003;1.528990e-001
1.432429e+003;1.529127e-001
1.432911e+003;1.529216e-001
1.433393e+003;1.529296e-001
1.433875e+003;1.529419e-001
1.434358e+003;1.529633e-001
1.434840e+003;1.529976e-001
1.435322e+003;1.530456e-001
1.435804e+003;1.531049e-001
1.436286e+003;1.531698e-001
1.436768e+003;1.532335e-001
1.437250e+003;1.532891e-001
1.437733e+003;1.533329e-001
1.438215e+003;1.533644e-001
1.438697e+003;1.533862e-001
1.439179e+003;1.534025e-001
1.439661e+003;1.534176e-001
1.440143e+003;1.534341e-001
1.440625e+003;1.534534e-001
1.441107e+003;1.534746e-001
1.441590e+003;1.534974e-001
1.442072e+003;1.535212e-001
1.442554e+003;1.535470e-001
1.443036e+003;1.535763e-001
1.443518e+003;1.536101e-001
1.444000e+003;1.536488e-001
1.444482e+003;1.536920e-001
1.444965e+003;1.537384e-001
1.445447e+003;1.537876e-001
1.445929e+003;1.538389e-001
1.446411e+003;1.538936e-001
1.446893e+003;1.539521e-001
1.447375e+003;1.540143e-001
1.447857e+003;1.540790e-001
1.448339e+003;1.541431e-001
1.448822e+003;1.542033e-001
1.449304e+003;1.542581e-001
1.449786e+003;1.543078e-001
1.450268e+003;1.543549e-001
1.450750e+003;1.544034e-001
1.451232e+003;1.544567e-001
1.451714e+003;1.545163e-001
1.452197e+003;1.545802e-001
1.452679e+003;1.546449e-001
1.453161e+003;1.547067e-001
1.453643e+003;1.547641e-001
1.454125e+003;1.548182e-001
1.454607e+003;1.548737e-001
1.455089e+003;1.549352e-001
1.455572e+003;1.550059e-001
1.456054e+003;1.550848e-001
1.456536e+003;1.551652e-001
1.457018e+003;1.552370e-001
1.457500e+003;1.552893e-001
1.457982e+003;1.553152e-001
1.458464e+003;1.553119e-001
1.458947e+003;1.552830e-001
1.459429e+003;1.552355e-001
1.459911e+003;1.551779e-001
1.460393e+003;1.551170e-001
1.460875e+003;1.550574e-001
1.461357e+003;1.550014e-001
1.461839e+003;1.549490e-001
1.462322e+003;1.549003e-001
1.462804e+003;1.548554e-001
1.463286e+003;1.548141e-001
1.463768e+003;1.547776e-001
1.464250e+003;1.547448e-001
1.464732e+003;1.547145e-001
1.465214e+003;1.546852e-001
1.465696e+003;1.546548e-001
1.466179e+003;1.546234e-001
1.466661e+003;1.545915e-001
1.467143e+003;1.545606e-001
1.467625e+003;1.545328e-001
1.468107e+003;1.545085e-001
1.468589e+003;1.544876e-001
1.469071e+003;1.544692e-001
1.469554e+003;1.544524e-001
1.470036e+003;1.544370e-001
1.470518e+003;1.544252e-001
1.471000e+003;1.544184e-001
1.471482e+003;1.544196e-001
1.471964e+003;1.544292e-001
1.472446e+003;1.544464e-001
1.472928e+003;1.544682e-001
1.473411e+003;1.544913e-001
1.473893e+003;1.545124e-001
1.474375e+003;1.545306e-001
1.474857e+003;1.545459e-001
1.475339e+003;1.545601e-001
1.475821e+003;1.545750e-001
1.476303e+003;1.545910e-001
1.476786e+003;1.546084e-001
1.477268e+003;1.546263e-001
1.477750e+003;1.546436e-001
1.478232e+003;1.546603e-001
1.478714e+003;1.546777e-001
1.479196e+003;1.546971e-001
1.479678e+003;1.547206e-001
1.480161e+003;1.547489e-001
1.480643e+003;1.547820e-001
1.481125e+003;1.548191e-001
1.481607e+003;1.548584e-001
1.482089e+003;1.549001e-001
1.482571e+003;1.549447e-001
1.483053e+003;1.549939e-001
1.483536e+003;1.550499e-001
1.484018e+003;1.551143e-001
1.484500e+003;1.551873e-001
1.484982e+003;1.552668e-001
1.485464e+003;1.553502e-001
1.485946e+003;1.554339e-001
1.486428e+003;1.555149e-001
1.486911e+003;1.555923e-001
1.487393e+003;1.556660e-001
1.487875e+003;1.557379e-001
1.488357e+003;1.558104e-001
1.488839e+003;1.558857e-001
1.489321e+003;1.559646e-001
1.489803e+003;1.560462e-001
1.490285e+003;1.561286e-001
1.490768e+003;1.562088e-001
1.491250e+003;1.562841e-001
1.491732e+003;1.563532e-001
1.492214e+003;1.564164e-001
1.492696e+003;1.564768e-001
1.493178e+003;1.565390e-001
1.493660e+003;1.566081e-001
1.494143e+003;1.566892e-001
1.494625e+003;1.567844e-001
1.495107e+003;1.568943e-001
1.495589e+003;1.570158e-001
1.496071e+003;1.571442e-001
1.496553e+003;1.572742e-001
1.497035e+003;1.574012e-001
1.497517e+003;1.575234e-001
1.498000e+003;1.576408e-001
1.498482e+003;1.577554e-001
1.498964e+003;1.578691e-001
1.499446e+003;1.579837e-001
1.499928e+003;1.580985e-001
1.500410e+003;1.582106e-001
1.500892e+003;1.583170e-001
1.501375e+003;1.584140e-001
1.501857e+003;1.584997e-001
1.502339e+003;1.585753e-001
1.502821e+003;1.586451e-001
1.503303e+003;1.587165e-001
1.503785e+003;1.587985e-001
1.504267e+003;1.589003e-001
1.504750e+003;1.590279e-001
1.505232e+003;1.591836e-001
1.505714e+003;1.593635e-001
1.506196e+003;1.595585e-001
1.506678e+003;1.597560e-001
1.507160e+003;1.599432e-001
1.507642e+003;1.601104e-001
1.508125e+003;1.602535e-001
1.508607e+003;1.603741e-001
1.509089e+003;1.604785e-001
1.509571e+003;1.605756e-001
1.510053e+003;1.606739e-001
1.510535e+003;1.607794e-001
1.511017e+003;1.608953e-001
1.511500e+003;1.610213e-001
1.511982e+003;1.611549e-001
1.512464e+003;1.612927e-001
1.512946e+003;1.614323e-001
1.513428e+003;1.615731e-001
1.513910e+003;1.617150e-001
1.514392e+003;1.618600e-001
1.514874e+003;1.620090e-001
1.515357e+003;1.621620e-001
1.515839e+003;1.623175e-001
1.516321e+003;1.624731e-001
1.516803e+003;1.626257e-001
1.517285e+003;1.627741e-001
1.517767e+003;1.629188e-001
1.518249e+003;1.630625e-001
1.518732e+003;1.632103e-001
1.519214e+003;1.633679e-001
1.519696e+003;1.635399e-001
1.520178e+003;1.637281e-001
1.520660e+003;1.639304e-001
1.521142e+003;1.641396e-001
1.521624e+003;1.643482e-001
1.522106e+003;1.645467e-001
1.522589e+003;1.647302e-001
1.523071e+003;1.648975e-001
1.523553e+003;1.650528e-001
1.524035e+003;1.652032e-001
1.524517e+003;1.653565e-001
1.524999e+003;1.655183e-001
1.525481e+003;1.656906e-001
1.525964e+003;1.658710e-001
1.526446e+003;1.660554e-001
1.526928e+003;1.662385e-001
1.527410e+003;1.664174e-001
1.527892e+003;1.665911e-001
1.528374e+003;1.667617e-001
1.528856e+003;1.669319e-001
1.529339e+003;1.671041e-001
1.529821e+003;1.672800e-001
1.530303e+003;1.674596e-001
1.530785e+003;1.676437e-001
1.531267e+003;1.678339e-001
1.531749e+003;1.680326e-001
1.532231e+003;1.682434e-001
1.532714e+003;1.684676e-001
1.533196e+003;1.687038e-001
1.533678e+003;1.689458e-001
1.534160e+003;1.691850e-001
1.534642e+003;1.694127e-001
1.535124e+003;1.696232e-001
1.535606e+003;1.698166e-001
1.536089e+003;1.699995e-001
1.536571e+003;1.701826e-001
1.537053e+003;1.703780e-001
1.537535e+003;1.705954e-001
1.538017e+003;1.708394e-001
1.538499e+003;1.711092e-001
1.538981e+003;1.713989e-001
1.539463e+003;1.716993e-001
1.539946e+003;1.720023e-001
1.540428e+003;1.723022e-001
1.540910e+003;1.725951e-001
1.541392e+003;1.728809e-001
1.541874e+003;1.731597e-001
1.542356e+003;1.734337e-001
1.542838e+003;1.737038e-001
1.543321e+003;1.739722e-001
1.543803e+003;1.742408e-001
1.544285e+003;1.745117e-001
1.544767e+003;1.747856e-001
1.545249e+003;1.750623e-001
1.545731e+003;1.753405e-001
1.546213e+003;1.756194e-001
1.546695e+003;1.758984e-001
1.547178e+003;1.761793e-001
1.547660e+003;1.764645e-001
1.548142e+003;1.767564e-001
1.548624e+003;1.770553e-001
1.549106e+003;1.773591e-001
1.549588e+003;1.776631e-001
1.550070e+003;1.779630e-001
1.550553e+003;1.782557e-001
1.551035e+003;1.785434e-001
1.551517e+003;1.788323e-001
1.551999e+003;1.791309e-001
1.552481e+003;1.794474e-001
1.552963e+003;1.797846e-001
1.553445e+003;1.801393e-001
1.553927e+003;1.805020e-001
1.554410e+003;1.808608e-001
1.554892e+003;1.812056e-001
1.555374e+003;1.815334e-001
1.555856e+003;1.818497e-001
1.556338e+003;1.821678e-001
1.556820e+003;1.825040e-001
1.557302e+003;1.828734e-001
1.557785e+003;1.832839e-001
1.558267e+003;1.837331e-001
1.558749e+003;1.842084e-001
1.559231e+003;1.846904e-001
1.559713e+003;1.851588e-001
1.560195e+003;1.855993e-001
1.560677e+003;1.860061e-001
1.561160e+003;1.863831e-001
1.561642e+003;1.867417e-001
1.562124e+003;1.870967e-001
1.562606e+003;1.874623e-001
1.563088e+003;1.878488e-001
1.563570e+003;1.882611e-001
1.564052e+003;1.886971e-001
1.564535e+003;1.891505e-001
1.565017e+003;1.896121e-001
1.565499e+003;1.900742e-001
1.565981e+003;1.905326e-001
1.566463e+003;1.909880e-001
1.566945e+003;1.914460e-001
1.567427e+003;1.919147e-001
1.567910e+003;1.924022e-001
1.568392e+003;1.929124e-001
1.568874e+003;1.934448e-001
1.569356e+003;1.939934e-001
1.569838e+003;1.945485e-001
1.570320e+003;1.950995e-001
1.570802e+003;1.956377e-001
1.571284e+003;1.961585e-001
1.571767e+003;1.966622e-001
1.572249e+003;1.971542e-001
1.572731e+003;1.976444e-001
1.573213e+003;1.981437e-001
1.573695e+003;1.986648e-001
1.574177e+003;1.992184e-001
1.574659e+003;1.998112e-001
1.575142e+003;2.004443e-001
1.575624e+003;2.011119e-001
1.576106e+003;2.018019e-001
1.576588e+003;2.024991e-001
1.577070e+003;2.031896e-001
1.577552e+003;2.038649e-001
1.578034e+003;2.045237e-001
1.578516e+003;2.051722e-001
1.578999e+003;2.058208e-001
1.579481e+003;2.064801e-001
1.579963e+003;2.071584e-001
1.580445e+003;2.078580e-001
1.580927e+003;2.085776e-001
1.581409e+003;2.093125e-001
1.581891e+003;2.100582e-001
1.582374e+003;2.108128e-001
1.582856e+003;2.115773e-001
1.583338e+003;2.123549e-001
1.583820e+003;2.131483e-001
1.584302e+003;2.139586e-001
1.584784e+003;2.147851e-001
1.585266e+003;2.156250e-001
1.585749e+003;2.164755e-001
1.586231e+003;2.173354e-001
1.586713e+003;2.182059e-001
1.587195e+003;2.190889e-001
1.587677e+003;2.199859e-001
1.588159e+003;2.208973e-001
1.588641e+003;2.218211e-001
1.589124e+003;2.227552e-001
1.589606e+003;2.236986e-001
1.590088e+003;2.246522e-001
1.590570e+003;2.256193e-001
1.591052e+003;2.266051e-001
1.591534e+003;2.276122e-001
1.592016e+003;2.286421e-001
1.592499e+003;2.296920e-001
1.592981e+003;2.307568e-001
1.593463e+003;2.318321e-001
1.593945e+003;2.329149e-001
1.594427e+003;2.340059e-001
1.594909e+003;2.351083e-001
1.595391e+003;2.362264e-001
1.595873e+003;2.373629e-001
1.596356e+003;2.385183e-001
1.596838e+003;2.396911e-001
1.597320e+003;2.408788e-001
1.597802e+003;2.420799e-001
1.598284e+003;2.432944e-001
1.598766e+003;2.445238e-001
1.599248e+003;2.457690e-001
1.599731e+003;2.470300e-001
1.600213e+003;2.483042e-001
1.600695e+003;2.495883e-001
1.601177e+003;2.508791e-001
1.601659e+003;2.521759e-001
1.602141e+003;2.534815e-001
1.602623e+003;2.548010e-001
1.603105e+003;2.561395e-001
1.603588e+003;2.575012e-001
1.604070e+003;2.588860e-001
1.604552e+003;2.602916e-001
1.605034e+003;2.617142e-001
1.605516e+003;2.631501e-001
1.605998e+003;2.645983e-001
1.606480e+003;2.660589e-001
1.606963e+003;2.675326e-001
1.607445e+003;2.690195e-001
1.607927e+003;2.705166e-001
1.608409e+003;2.720201e-001
1.608891e+003;2.735257e-001
1.609373e+003;2.750307e-001
1.609855e+003;2.765353e-001
1.610338e+003;2.780415e-001
1.610820e+003;2.795511e-001
1.611302e+003;2.810618e-001
1.611784e+003;2.825694e-001
1.612266e+003;2.840670e-001
1.612748e+003;2.855487e-001
1.613230e+003;2.870141e-001
1.613713e+003;2.884690e-001
1.614195e+003;2.899264e-001
1.614677e+003;2.913995e-001
1.615159e+003;2.928997e-001
1.615641e+003;2.944283e-001
1.616123e+003;2.959760e-001
1.616605e+003;2.975252e-001
1.617088e+003;2.990539e-001
1.617570e+003;3.005452e-001
1.618052e+003;3.019896e-001
1.618534e+003;3.033886e-001
1.619016e+003;3.047499e-001
1.619498e+003;3.060847e-001
1.619980e+003;3.074027e-001
1.620462e+003;3.087091e-001
1.620945e+003;3.100060e-001
1.621427e+003;3.112917e-001
1.621909e+003;3.125625e-001
1.622391e+003;3.138135e-001
1.622873e+003;3.150388e-001
1.623355e+003;3.162302e-001
1.623837e+003;3.173792e-001
1.624320e+003;3.184782e-001
1.624802e+003;3.195223e-001
1.625284e+003;3.205122e-001
1.625766e+003;3.214541e-001
1.626248e+003;3.223567e-001
1.626730e+003;3.232286e-001
1.627212e+003;3.240745e-001
1.627694e+003;3.248921e-001
1.628177e+003;3.256741e-001
1.628659e+003;3.264098e-001
1.629141e+003;3.270891e-001
1.629623e+003;3.277063e-001
1.630105e+003;3.282595e-001
1.630587e+003;3.287509e-001
1.631069e+003;3.291838e-001
1.631552e+003;3.295613e-001
1.632034e+003;3.298856e-001
1.632516e+003;3.301606e-001
1.632998e+003;3.303918e-001
1.633480e+003;3.305874e-001
1.633962e+003;3.307561e-001
1.634444e+003;3.309034e-001
1.634927e+003;3.310276e-001
1.635409e+003;3.311187e-001
1.635891e+003;3.311601e-001
1.636373e+003;3.311347e-001
1.636855e+003;3.310309e-001
1.637337e+003;3.308473e-001
1.637819e+003;3.305926e-001
1.638302e+003;3.302822e-001
1.638784e+003;3.299322e-001
1.639266e+003;3.295535e-001
1.639748e+003;3.291492e-001
1.640230e+003;3.287152e-001
1.640712e+003;3.282438e-001
1.641194e+003;3.277279e-001
1.641677e+003;3.271641e-001
1.642159e+003;3.265540e-001
1.642641e+003;3.259023e-001
1.643123e+003;3.252141e-001
1.643605e+003;3.244929e-001
1.644087e+003;3.237414e-001
1.644569e+003;3.229606e-001
1.645051e+003;3.221519e-001
1.645534e+003;3.213176e-001
1.646016e+003;3.204588e-001
1.646498e+003;3.195746e-001
1.646980e+003;3.186595e-001
1.647462e+003;3.177061e-001
1.647944e+003;3.167068e-001
1.648426e+003;3.156579e-001
1.648909e+003;3.145633e-001
1.649391e+003;3.134347e-001
1.649873e+003;3.122884e-001
1.650355e+003;3.111419e-001
1.650837e+003;3.100077e-001
1.651319e+003;3.088911e-001
1.651801e+003;3.077871e-001
1.652283e+003;3.066841e-001
1.652766e+003;3.055668e-001
1.653248e+003;3.044222e-001
1.653730e+003;3.032422e-001
1.654212e+003;3.020255e-001
1.654694e+003;3.007752e-001
1.655176e+003;2.994965e-001
1.655658e+003;2.981952e-001
1.656141e+003;2.968771e-001
1.656623e+003;2.955480e-001
1.657105e+003;2.942135e-001
1.657587e+003;2.928779e-001
1.658069e+003;2.915431e-001
1.658551e+003;2.902083e-001
1.659033e+003;2.888687e-001
1.659516e+003;2.875191e-001
1.659998e+003;2.861549e-001
1.660480e+003;2.847757e-001
1.660962e+003;2.833848e-001
1.661444e+003;2.819887e-001
1.661926e+003;2.805929e-001
1.662408e+003;2.792010e-001
1.662891e+003;2.778117e-001
1.663373e+003;2.764200e-001
1.663855e+003;2.750199e-001
1.664337e+003;2.736072e-001
1.664819e+003;2.721818e-001
1.665301e+003;2.707475e-001
1.665783e+003;2.693099e-001
1.666266e+003;2.678747e-001
1.666748e+003;2.664451e-001
1.667230e+003;2.650217e-001
1.667712e+003;2.636024e-001
1.668194e+003;2.621853e-001
1.668676e+003;2.607682e-001
1.669158e+003;2.593499e-001
1.669640e+003;2.579291e-001
1.670123e+003;2.565043e-001
1.670605e+003;2.550732e-001
1.671087e+003;2.536343e-001
1.671569e+003;2.521879e-001
1.672051e+003;2.507387e-001
1.672533e+003;2.492932e-001
1.673015e+003;2.478594e-001
1.673498e+003;2.464434e-001
1.673980e+003;2.450460e-001
1.674462e+003;2.436634e-001
1.674944e+003;2.422869e-001
1.675426e+003;2.409071e-001
1.675908e+003;2.395180e-001
1.676390e+003;2.381180e-001
1.676872e+003;2.367111e-001
1.677355e+003;2.353038e-001
1.677837e+003;2.339019e-001
1.678319e+003;2.325075e-001
1.678801e+003;2.311196e-001
1.679283e+003;2.297345e-001
1.679765e+003;2.283482e-001
1.680247e+003;2.269609e-001
1.680730e+003;2.255752e-001
1.681212e+003;2.241980e-001
1.681694e+003;2.228366e-001
1.682176e+003;2.214969e-001
1.682658e+003;2.201811e-001
1.683140e+003;2.188879e-001
1.683622e+003;2.176116e-001
1.684104e+003;2.163449e-001
1.684587e+003;2.150799e-001
1.685069e+003;2.138093e-001
1.685551e+003;2.125289e-001
1.686033e+003;2.112374e-001
1.686515e+003;2.099359e-001
1.686997e+003;2.086289e-001
1.687479e+003;2.073236e-001
1.687962e+003;2.060274e-001
1.688444e+003;2.047477e-001
1.688926e+003;2.034883e-001
1.689408e+003;2.022490e-001
1.689890e+003;2.010252e-001
1.690372e+003;1.998086e-001
1.690854e+003;1.985922e-001
1.691337e+003;1.973708e-001
1.691819e+003;1.961443e-001
1.692301e+003;1.949181e-001
1.692783e+003;1.936998e-001
1.693265e+003;1.924986e-001
1.693747e+003;1.913209e-001
1.694229e+003;1.901695e-001
1.694712e+003;1.890420e-001
1.695194e+003;1.879324e-001
1.695676e+003;1.868322e-001
1.696158e+003;1.857338e-001
1.696640e+003;1.846328e-001
1.697122e+003;1.835292e-001
1.697604e+003;1.824281e-001
1.698087e+003;1.813381e-001
1.698569e+003;1.802685e-001
1.699051e+003;1.792272e-001
1.699533e+003;1.782164e-001
1.700015e+003;1.772320e-001
1.700497e+003;1.762636e-001
1.700979e+003;1.752979e-001
1.701461e+003;1.743234e-001
1.701944e+003;1.733351e-001
1.702426e+003;1.723363e-001
1.702908e+003;1.713381e-001
1.703390e+003;1.703538e-001
1.703872e+003;1.693958e-001
1.704354e+003;1.684715e-001
1.704836e+003;1.675796e-001
1.705319e+003;1.667132e-001
1.705801e+003;1.658618e-001
1.706283e+003;1.650163e-001
1.706765e+003;1.641725e-001
1.707247e+003;1.633307e-001
1.707729e+003;1.624943e-001
1.708211e+003;1.616668e-001
1.708693e+003;1.608491e-001
1.709176e+003;1.600394e-001
1.709658e+003;1.592343e-001
1.710140e+003;1.584312e-001
1.710622e+003;1.576303e-001
1.711104e+003;1.568354e-001
1.711586e+003;1.560516e-001
1.712068e+003;1.552841e-001
1.712551e+003;1.545349e-001
1.713033e+003;1.538039e-001
1.713515e+003;1.530887e-001
1.713997e+003;1.523875e-001
1.714479e+003;1.516997e-001
1.714961e+003;1.510271e-001
1.715443e+003;1.503714e-001
1.715926e+003;1.497331e-001
1.716408e+003;1.491093e-001
1.716890e+003;1.484937e-001
1.717372e+003;1.478788e-001
1.717854e+003;1.472591e-001
1.718336e+003;1.466333e-001
1.718818e+003;1.460040e-001
1.719301e+003;1.453777e-001
1.719783e+003;1.447611e-001
1.720265e+003;1.441581e-001
1.720747e+003;1.435695e-001
1.721229e+003;1.429944e-001
1.721711e+003;1.424311e-001
1.722193e+003;1.418783e-001
1.722676e+003;1.413381e-001
1.723158e+003;1.408122e-001
1.723640e+003;1.403027e-001
1.724122e+003;1.398085e-001
1.724604e+003;1.393256e-001
1.725086e+003;1.388487e-001
1.725568e+003;1.383727e-001
1.726050e+003;1.378957e-001
1.726533e+003;1.374194e-001
1.727015e+003;1.369477e-001
1.727497e+003;1.364852e-001
1.727979e+003;1.360334e-001
1.728461e+003;1.355906e-001
1.728943e+003;1.351521e-001
1.729425e+003;1.347121e-001
1.729908e+003;1.342672e-001
1.730390e+003;1.338176e-001
1.730872e+003;1.333686e-001
1.731354e+003;1.329290e-001
1.731836e+003;1.325080e-001
1.732318e+003;1.321129e-001
1.732800e+003;1.317466e-001
1.733282e+003;1.314063e-001
1.733765e+003;1.310845e-001
1.734247e+003;1.307705e-001
1.734729e+003;1.304529e-001
1.735211e+003;1.301232e-001
1.735693e+003;1.297779e-001
1.736175e+003;1.294191e-001
1.736657e+003;1.290539e-001
1.737140e+003;1.286923e-001
1.737622e+003;1.283437e-001
1.738104e+003;1.280131e-001
1.738586e+003;1.276990e-001
1.739068e+003;1.273931e-001
1.739550e+003;1.270832e-001
1.740032e+003;1.267579e-001
1.740515e+003;1.264119e-001
1.740997e+003;1.260501e-001
1.741479e+003;1.256862e-001
1.741961e+003;1.253394e-001
1.742443e+003;1.250269e-001
1.742925e+003;1.247590e-001
1.743407e+003;1.245343e-001
1.743890e+003;1.243413e-001
1.744372e+003;1.241623e-001
1.744854e+003;1.239801e-001
1.745336e+003;1.237834e-001
1.745818e+003;1.235680e-001
1.746300e+003;1.233374e-001
1.746782e+003;1.230986e-001
1.747265e+003;1.228585e-001
1.747747e+003;1.226214e-001
1.748229e+003;1.223893e-001
1.748711e+003;1.221634e-001
1.749193e+003;1.219456e-001
1.749675e+003;1.217392e-001
1.750157e+003;1.215475e-001
1.750639e+003;1.213713e-001
1.751122e+003;1.212072e-001
1.751604e+003;1.210469e-001
1.752086e+003;1.208808e-001
1.752568e+003;1.207008e-001
1.753050e+003;1.205041e-001
1.753532e+003;1.202944e-001
1.754014e+003;1.200804e-001
1.754497e+003;1.198720e-001
1.754979e+003;1.196765e-001
1.755461e+003;1.194955e-001
1.755943e+003;1.193249e-001
1.756425e+003;1.191579e-001
1.756907e+003;1.189872e-001
1.757389e+003;1.188098e-001
1.757871e+003;1.186265e-001
1.758354e+003;1.184422e-001
1.758836e+003;1.182629e-001
1.759318e+003;1.180937e-001
1.759800e+003;1.179368e-001
1.760282e+003;1.177915e-001
1.760764e+003;1.176559e-001
1.761246e+003;1.175273e-001
1.761729e+003;1.174032e-001
1.762211e+003;1.172806e-001
1.762693e+003;1.171559e-001
1.763175e+003;1.170251e-001
1.763657e+003;1.168838e-001
1.764139e+003;1.167300e-001
1.764621e+003;1.165647e-001
1.765104e+003;1.163923e-001
1.765586e+003;1.162196e-001
1.766068e+003;1.160544e-001
1.766550e+003;1.159013e-001
1.767032e+003;1.157617e-001
1.767514e+003;1.156327e-001
1.767996e+003;1.155094e-001
1.768479e+003;1.153874e-001
1.768961e+003;1.152655e-001
1.769443e+003;1.151455e-001
1.769925e+003;1.150323e-001
1.770407e+003;1.149298e-001
1.770889e+003;1.148397e-001
1.771371e+003;1.147597e-001
1.771854e+003;1.146841e-001
1.772336e+003;1.146059e-001
1.772818e+003;1.145195e-001
1.773300e+003;1.144229e-001
1.773782e+003;1.143177e-001
1.774264e+003;1.142087e-001
1.774746e+003;1.141012e-001
1.775228e+003;1.139995e-001
1.775711e+003;1.139050e-001
1.776193e+003;1.138169e-001
1.776675e+003;1.137318e-001
1.777157e+003;1.136471e-001
1.777639e+003;1.135602e-001
1.778121e+003;1.134700e-001
1.778603e+003;1.133770e-001
1.779086e+003;1.132827e-001
1.779568e+003;1.131894e-001
1.780050e+003;1.130992e-001
1.780532e+003;1.130131e-001
1.781014e+003;1.129320e-001
1.781496e+003;1.128553e-001
1.781978e+003;1.127824e-001
1.782460e+003;1.127118e-001
1.782943e+003;1.126432e-001
1.783425e+003;1.125758e-001
1.783907e+003;1.125101e-001
1.784389e+003;1.124459e-001
1.784871e+003;1.123831e-001
1.785353e+003;1.123200e-001
1.785835e+003;1.122547e-001
1.786318e+003;1.121851e-001
1.786800e+003;1.121100e-001
1.787282e+003;1.120294e-001
1.787764e+003;1.119457e-001
1.788246e+003;1.118618e-001
1.788728e+003;1.117812e-001
1.789210e+003;1.117058e-001
1.789693e+003;1.116365e-001
1.790175e+003;1.115725e-001
1.790657e+003;1.115122e-001
1.791139e+003;1.114537e-001
1.791621e+003;1.113961e-001
1.792103e+003;1.113390e-001
1.792585e+003;1.112823e-001
1.793068e+003;1.112251e-001
1.793550e+003;1.111662e-001
1.794032e+003;1.111043e-001
1.794514e+003;1.110388e-001
1.794996e+003;1.109702e-001
1.795478e+003;1.109018e-001
1.795960e+003;1.108376e-001
1.796442e+003;1.107813e-001
1.796925e+003;1.107350e-001
1.797407e+003;1.106981e-001
1.797889e+003;1.106674e-001
1.798371e+003;1.106392e-001
1.798853e+003;1.106093e-001
1.799335e+003;1.105757e-001
1.799817e+003;1.105380e-001
1.800300e+003;1.104972e-001
1.800782e+003;1.104544e-001
1.801264e+003;1.104108e-001
1.801746e+003;1.103673e-001
1.802228e+003;1.103245e-001
1.802710e+003;1.102839e-001
1.803192e+003;1.102470e-001
1.803674e+003;1.102153e-001
1.804157e+003;1.101885e-001
1.804639e+003;1.101637e-001
1.805121e+003;1.101365e-001
1.805603e+003;1.101008e-001
1.806085e+003;1.100527e-001
1.806567e+003;1.099913e-001
1.807049e+003;1.099206e-001
1.807532e+003;1.098472e-001
1.808014e+003;1.097785e-001
1.808496e+003;1.097201e-001
1.808978e+003;1.096730e-001
1.809460e+003;1.096343e-001
1.809942e+003;1.095974e-001
1.810424e+003;1.095560e-001
1.810906e+003;1.095050e-001
1.811389e+003;1.094427e-001
1.811871e+003;1.093698e-001
1.812353e+003;1.092880e-001
1.812835e+003;1.091994e-001
1.813317e+003;1.091059e-001
1.813799e+003;1.090104e-001
1.814281e+003;1.089175e-001
1.814764e+003;1.088349e-001
1.815246e+003;1.087708e-001
1.815728e+003;1.087327e-001
1.816210e+003;1.087240e-001
1.816692e+003;1.087413e-001
1.817174e+003;1.087749e-001
1.817656e+003;1.088124e-001
1.818139e+003;1.088417e-001
1.818621e+003;1.088568e-001
1.819103e+003;1.088586e-001
1.819585e+003;1.088540e-001
1.820067e+003;1.088526e-001
1.820549e+003;1.088617e-001
1.821031e+003;1.088843e-001
1.821514e+003;1.089166e-001
1.821996e+003;1.089514e-001
1.822478e+003;1.089801e-001
1.822960e+003;1.089963e-001
1.823442e+003;1.089971e-001
1.823924e+003;1.089833e-001
1.824406e+003;1.089578e-001
1.824889e+003;1.089246e-001
1.825371e+003;1.088872e-001
1.825853e+003;1.088498e-001
1.826335e+003;1.088166e-001
1.826817e+003;1.087912e-001
1.827299e+003;1.087769e-001
1.827781e+003;1.087746e-001
1.828263e+003;1.087816e-001
1.828746e+003;1.087925e-001
1.829228e+003;1.087996e-001
1.829710e+003;1.087960e-001
1.830192e+003;1.087789e-001
1.830674e+003;1.087486e-001
1.831156e+003;1.087100e-001
1.831638e+003;1.086693e-001
1.832121e+003;1.086326e-001
1.832603e+003;1.086028e-001
1.833085e+003;1.085806e-001
1.833567e+003;1.085647e-001
1.834049e+003;1.085550e-001
1.834531e+003;1.085515e-001
1.835013e+003;1.085560e-001
1.835495e+003;1.085698e-001
1.835978e+003;1.085930e-001
1.836460e+003;1.086230e-001
1.836942e+003;1.086554e-001
1.837424e+003;1.086842e-001
1.837906e+003;1.087057e-001
1.838388e+003;1.087177e-001
1.838870e+003;1.087210e-001
1.839353e+003;1.087168e-001
1.839835e+003;1.087071e-001
1.840317e+003;1.086929e-001
1.840799e+003;1.086739e-001
1.841281e+003;1.086508e-001
1.841763e+003;1.086256e-001
1.842245e+003;1.086018e-001
1.842728e+003;1.085840e-001
1.843210e+003;1.085752e-001
1.843692e+003;1.085753e-001
1.844174e+003;1.085799e-001
1.844656e+003;1.085823e-001
1.845138e+003;1.085750e-001
1.845620e+003;1.085544e-001
1.846103e+003;1.085205e-001
1.846585e+003;1.084792e-001
1.847067e+003;1.084393e-001
1.847549e+003;1.084101e-001
1.848031e+003;1.083981e-001
1.848513e+003;1.084071e-001
1.848995e+003;1.084365e-001
1.849478e+003;1.084830e-001
1.849960e+003;1.085413e-001
1.850442e+003;1.086056e-001
1.850924e+003;1.086694e-001
1.851406e+003;1.087250e-001
1.851888e+003;1.087664e-001
1.852370e+003;1.087882e-001
1.852852e+003;1.087886e-001
1.853335e+003;1.087706e-001
1.853817e+003;1.087413e-001
1.854299e+003;1.087095e-001
1.854781e+003;1.086833e-001
1.855263e+003;1.086668e-001
1.855745e+003;1.086593e-001
1.856227e+003;1.086550e-001
1.856710e+003;1.086468e-001
1.857192e+003;1.086304e-001
1.857674e+003;1.086053e-001
1.858156e+003;1.085767e-001
1.858638e+003;1.085532e-001
1.859120e+003;1.085437e-001
1.859602e+003;1.085541e-001
1.860084e+003;1.085861e-001
1.860567e+003;1.086369e-001
1.861049e+003;1.087003e-001
1.861531e+003;1.087692e-001
1.862013e+003;1.088365e-001
1.862495e+003;1.088958e-001
1.862977e+003;1.089417e-001
1.863459e+003;1.089685e-001
1.863942e+003;1.089727e-001
1.864424e+003;1.089524e-001
1.864906e+003;1.089102e-001
1.865388e+003;1.088521e-001
1.865870e+003;1.087883e-001
1.866352e+003;1.087293e-001
1.866834e+003;1.086828e-001
1.867317e+003;1.086531e-001
1.867799e+003;1.086383e-001
1.868281e+003;1.086315e-001
1.868763e+003;1.086261e-001
1.869245e+003;1.086155e-001
1.869727e+003;1.085981e-001
1.870209e+003;1.085754e-001
1.870692e+003;1.085528e-001
1.871174e+003;1.085372e-001
1.871656e+003;1.085337e-001
1.872138e+003;1.085462e-001
1.872620e+003;1.085750e-001
1.873102e+003;1.086177e-001
1.873584e+003;1.086698e-001
1.874067e+003;1.087255e-001
1.874549e+003;1.087773e-001
1.875031e+003;1.088196e-001
1.875513e+003;1.088487e-001
1.875995e+003;1.088648e-001
1.876477e+003;1.088721e-001
1.876959e+003;1.088784e-001
1.877441e+003;1.088922e-001
1.877924e+003;1.089216e-001
1.878406e+003;1.089697e-001
1.878888e+003;1.090347e-001
1.879370e+003;1.091102e-001
1.879852e+003;1.091868e-001
1.880334e+003;1.092568e-001
1.880816e+003;1.093131e-001
1.881299e+003;1.093528e-001
1.881781e+003;1.093763e-001
1.882263e+003;1.093846e-001
1.882745e+003;1.093800e-001
1.883227e+003;1.093641e-001
1.883709e+003;1.093395e-001
1.884191e+003;1.093095e-001
1.884673e+003;1.092792e-001
1.885156e+003;1.092545e-001
1.885638e+003;1.092408e-001
1.886120e+003;1.092406e-001
1.886602e+003;1.092536e-001
1.887084e+003;1.092761e-001
1.887566e+003;1.093029e-001
1.888048e+003;1.093283e-001
1.888531e+003;1.093491e-001
1.889013e+003;1.093643e-001
1.889495e+003;1.093742e-001
1.889977e+003;1.093808e-001
1.890459e+003;1.093846e-001
1.890941e+003;1.093869e-001
1.891423e+003;1.093885e-001
1.891906e+003;1.093945e-001
1.892388e+003;1.094099e-001
1.892870e+003;1.094436e-001
1.893352e+003;1.095018e-001
1.893834e+003;1.095880e-001
1.894316e+003;1.096984e-001
1.894798e+003;1.098236e-001
1.895281e+003;1.099476e-001
1.895763e+003;1.100537e-001
1.896245e+003;1.101278e-001
1.896727e+003;1.101621e-001
1.897209e+003;1.101563e-001
1.897691e+003;1.101164e-001
1.898173e+003;1.100535e-001
1.898656e+003;1.099798e-001
1.899138e+003;1.099068e-001
1.899620e+003;1.098435e-001
1.900102e+003;1.097948e-001
1.900584e+003;1.097652e-001
1.901066e+003;1.097553e-001
1.901548e+003;1.097653e-001
1.902030e+003;1.097937e-001
1.902513e+003;1.098376e-001
1.902995e+003;1.098913e-001
1.903477e+003;1.099498e-001
1.903959e+003;1.100053e-001
1.904441e+003;1.100510e-001
1.904923e+003;1.100824e-001
1.905405e+003;1.100975e-001
1.905888e+003;1.100983e-001
1.906370e+003;1.100897e-001
1.906852e+003;1.100795e-001
1.907334e+003;1.100753e-001
1.907816e+003;1.100815e-001
1.908298e+003;1.100999e-001
1.908780e+003;1.101265e-001
1.909262e+003;1.101535e-001
1.909745e+003;1.101733e-001
1.910227e+003;1.101795e-001
1.910709e+003;1.101691e-001
1.911191e+003;1.101452e-001
1.911673e+003;1.101138e-001
1.912155e+003;1.100817e-001
1.912637e+003;1.100545e-001
1.913120e+003;1.100352e-001
1.913602e+003;1.100225e-001
1.914084e+003;1.100146e-001
1.914566e+003;1.100089e-001
1.915048e+003;1.100054e-001
1.915530e+003;1.100048e-001
1.916012e+003;1.100087e-001
1.916495e+003;1.100175e-001
1.916977e+003;1.100294e-001
1.917459e+003;1.100410e-001
1.917941e+003;1.100482e-001
1.918423e+003;1.100485e-001
1.918905e+003;1.100430e-001
1.919387e+003;1.100351e-001
1.919870e+003;1.100302e-001
1.920352e+003;1.100337e-001
1.920834e+003;1.100490e-001
1.921316e+003;1.100774e-001
1.921798e+003;1.101187e-001
1.922280e+003;1.101719e-001
1.922762e+003;1.102380e-001
1.923245e+003;1.103166e-001
1.923727e+003;1.104079e-001
1.924209e+003;1.105094e-001
1.924691e+003;1.106152e-001
1.925173e+003;1.107164e-001
1.925655e+003;1.108037e-001
1.926137e+003;1.108680e-001
1.926619e+003;1.109064e-001
1.927102e+003;1.109184e-001
1.927584e+003;1.109095e-001
1.928066e+003;1.108875e-001
1.928548e+003;1.108616e-001
1.929030e+003;1.108419e-001
1.929512e+003;1.108375e-001
1.929994e+003;1.108556e-001
1.930477e+003;1.109023e-001
1.930959e+003;1.109767e-001
1.931441e+003;1.110727e-001
1.931923e+003;1.111769e-001
1.932405e+003;1.112703e-001
1.932887e+003;1.113353e-001
1.933369e+003;1.113597e-001
1.933851e+003;1.113413e-001
1.934334e+003;1.112924e-001
1.934816e+003;1.112316e-001
1.935298e+003;1.111808e-001
1.935780e+003;1.111541e-001
1.936262e+003;1.111549e-001
1.936744e+003;1.111743e-001
1.937226e+003;1.111948e-001
1.937709e+003;1.112000e-001
1.938191e+003;1.111823e-001
1.938673e+003;1.111441e-001
1.939155e+003;1.110995e-001
1.939637e+003;1.110659e-001
1.940119e+003;1.110588e-001
1.940601e+003;1.110833e-001
1.941083e+003;1.111350e-001
1.941566e+003;1.112031e-001
1.942048e+003;1.112750e-001
1.942530e+003;1.113412e-001
1.943012e+003;1.113989e-001
1.943494e+003;1.114508e-001
1.943976e+003;1.115022e-001
1.944458e+003;1.115557e-001
1.944941e+003;1.116113e-001
1.945423e+003;1.116650e-001
1.945905e+003;1.117124e-001
1.946387e+003;1.117473e-001
1.946869e+003;1.117683e-001
1.947351e+003;1.117751e-001
1.947833e+003;1.117701e-001
1.948316e+003;1.117570e-001
1.948798e+003;1.117389e-001
1.949280e+003;1.117208e-001
1.949762e+003;1.117098e-001
1.950244e+003;1.117108e-001
1.950726e+003;1.117283e-001
1.951208e+003;1.117624e-001
1.951691e+003;1.118089e-001
1.952173e+003;1.118587e-001
1.952655e+003;1.119010e-001
1.953137e+003;1.119265e-001
1.953619e+003;1.119336e-001
1.954101e+003;1.119229e-001
1.954583e+003;1.119021e-001
1.955066e+003;1.118767e-001
1.955548e+003;1.118509e-001
1.956030e+003;1.118223e-001
1.956512e+003;1.117852e-001
1.956994e+003;1.117333e-001
1.957476e+003;1.116645e-001
1.957958e+003;1.115817e-001
1.958440e+003;1.114928e-001
1.958923e+003;1.114090e-001
1.959405e+003;1.113405e-001
1.959887e+003;1.112933e-001
1.960369e+003;1.112697e-001
1.960851e+003;1.112679e-001
1.961333e+003;1.112868e-001
1.961815e+003;1.113235e-001
1.962298e+003;1.113765e-001
1.962780e+003;1.114420e-001
1.963262e+003;1.115149e-001
1.963744e+003;1.115902e-001
1.964226e+003;1.116662e-001
1.964708e+003;1.117460e-001
1.965190e+003;1.118429e-001
1.965672e+003;1.119698e-001
1.966155e+003;1.121370e-001
1.966637e+003;1.123422e-001
1.967119e+003;1.125653e-001
1.967601e+003;1.127687e-001
1.968083e+003;1.129071e-001
1.968565e+003;1.129387e-001
1.969047e+003;1.128421e-001
1.969530e+003;1.126222e-001
1.970012e+003;1.123142e-001
1.970494e+003;1.119743e-001
1.970976e+003;1.116672e-001
1.971458e+003;1.114471e-001
1.971940e+003;1.113482e-001
1.972422e+003;1.113721e-001
1.972905e+003;1.114945e-001
1.973387e+003;1.116682e-001
1.973869e+003;1.118400e-001
1.974351e+003;1.119641e-001
1.974833e+003;1.120194e-001
1.975315e+003;1.120149e-001
1.975797e+003;1.119977e-001
1.976280e+003;1.120337e-001
1.976762e+003;1.121966e-001
1.977244e+003;1.125336e-001
1.977726e+003;1.130538e-001
1.978208e+003;1.137140e-001
1.978690e+003;1.144376e-001
1.979172e+003;1.151332e-001
1.979655e+003;1.157273e-001
1.980137e+003;1.161787e-001
1.980619e+003;1.164909e-001
1.981101e+003;1.166899e-001
1.981583e+003;1.168175e-001
1.982065e+003;1.169042e-001
1.982547e+003;1.169659e-001
1.983029e+003;1.169972e-001
1.983512e+003;1.169868e-001
1.983994e+003;1.169274e-001
1.984476e+003;1.168322e-001
1.984958e+003;1.167300e-001
1.985440e+003;1.166624e-001
1.985922e+003;1.166623e-001
1.986404e+003;1.167449e-001
1.986887e+003;1.168950e-001
1.987369e+003;1.170752e-001
1.987851e+003;1.172365e-001
1.988333e+003;1.173422e-001
1.988815e+003;1.173739e-001
1.989297e+003;1.173393e-001
1.989779e+003;1.172638e-001
1.990261e+003;1.171760e-001
1.990744e+003;1.170957e-001
1.991226e+003;1.170237e-001
1.991708e+003;1.169484e-001
1.992190e+003;1.168528e-001
1.992672e+003;1.167267e-001
1.993154e+003;1.165765e-001
1.993636e+003;1.164231e-001
1.994119e+003;1.162952e-001
1.994601e+003;1.162189e-001
1.995083e+003;1.162070e-001
1.995565e+003;1.162526e-001
1.996047e+003;1.163375e-001
1.996529e+003;1.164337e-001
1.997011e+003;1.165188e-001
1.997494e+003;1.165781e-001
1.997976e+003;1.166092e-001
1.998458e+003;1.166189e-001
1.998940e+003;1.166164e-001
1.999422e+003;1.166092e-001
1.999904e+003;1.166039e-001
2.000386e+003;1.166008e-001
2.000869e+003;1.166056e-001
2.001351e+003;1.166239e-001
2.001833e+003;1.166672e-001
2.002315e+003;1.167457e-001
2.002797e+003;1.168666e-001
2.003279e+003;1.170256e-001
2.003761e+003;1.172101e-001
2.004244e+003;1.173935e-001
2.004726e+003;1.175475e-001
2.005208e+003;1.176461e-001
2.005690e+003;1.176789e-001
2.006172e+003;1.176537e-001
2.006654e+003;1.175979e-001
2.007136e+003;1.175493e-001
2.007618e+003;1.175478e-001
2.008101e+003;1.176154e-001
2.008583e+003;1.177573e-001
2.009065e+003;1.179550e-001
2.009547e+003;1.181761e-001
2.010029e+003;1.183897e-001
2.010511e+003;1.185715e-001
2.010993e+003;1.187144e-001
2.011476e+003;1.188300e-001
2.011958e+003;1.189337e-001
2.012440e+003;1.190422e-001
2.012922e+003;1.191588e-001
2.013404e+003;1.192742e-001
2.013886e+003;1.193659e-001
2.014368e+003;1.194113e-001
2.014850e+003;1.193947e-001
2.015333e+003;1.193203e-001
2.015815e+003;1.192046e-001
2.016297e+003;1.190795e-001
2.016779e+003;1.189748e-001
2.017261e+003;1.189157e-001
2.017743e+003;1.189109e-001
2.018225e+003;1.189586e-001
2.018708e+003;1.190453e-001
2.019190e+003;1.191580e-001
2.019672e+003;1.192845e-001
2.020154e+003;1.194143e-001
2.020636e+003;1.195389e-001
2.021118e+003;1.196476e-001
2.021600e+003;1.197294e-001
2.022083e+003;1.197738e-001
2.022565e+003;1.197757e-001
2.023047e+003;1.197432e-001
2.023529e+003;1.196914e-001
2.024011e+003;1.196504e-001
2.024493e+003;1.196507e-001
2.024975e+003;1.197202e-001
2.025458e+003;1.198746e-001
2.025940e+003;1.201144e-001
2.026422e+003;1.204231e-001
2.026904e+003;1.207758e-001
2.027386e+003;1.211349e-001
2.027868e+003;1.214671e-001
2.028350e+003;1.217396e-001
2.028833e+003;1.219305e-001
2.029315e+003;1.220299e-001
2.029797e+003;1.220426e-001
2.030279e+003;1.219847e-001
2.030761e+003;1.218859e-001
2.031243e+003;1.217786e-001
2.031725e+003;1.216976e-001
2.032207e+003;1.216688e-001
2.032690e+003;1.217136e-001
2.033172e+003;1.218386e-001
2.033654e+003;1.220434e-001
2.034136e+003;1.223136e-001
2.034618e+003;1.226319e-001
2.035100e+003;1.229694e-001
2.035582e+003;1.232938e-001
2.036065e+003;1.235705e-001
2.036547e+003;1.237700e-001
2.037029e+003;1.238727e-001
2.037511e+003;1.238749e-001
2.037993e+003;1.237896e-001
2.038475e+003;1.236487e-001
2.038957e+003;1.234888e-001
2.039439e+003;1.233511e-001
2.039922e+003;1.232688e-001
2.040404e+003;1.232648e-001
2.040886e+003;1.233497e-001
2.041368e+003;1.235218e-001
2.041850e+003;1.237705e-001
2.042332e+003;1.240838e-001
2.042814e+003;1.244407e-001
2.043297e+003;1.248211e-001
2.043779e+003;1.252011e-001
2.044261e+003;1.255581e-001
2.044743e+003;1.258766e-001
2.045225e+003;1.261484e-001
2.045707e+003;1.263763e-001
2.046189e+003;1.265748e-001
2.046672e+003;1.267599e-001
2.047154e+003;1.269496e-001
2.047636e+003;1.271527e-001
2.048118e+003;1.273716e-001
2.048600e+003;1.276003e-001
2.049082e+003;1.278290e-001
2.049564e+003;1.280458e-001
2.050047e+003;1.282437e-001
2.050529e+003;1.284138e-001
2.051011e+003;1.285487e-001
2.051493e+003;1.286412e-001
2.051975e+003;1.286865e-001
2.052457e+003;1.286850e-001
2.052939e+003;1.286450e-001
2.053422e+003;1.285848e-001
2.053904e+003;1.285288e-001
2.054386e+003;1.285002e-001
2.054868e+003;1.285152e-001
2.055350e+003;1.285750e-001
2.055832e+003;1.286673e-001
2.056314e+003;1.287701e-001
2.056796e+003;1.288601e-001
2.057279e+003;1.289225e-001
2.057761e+003;1.289549e-001
2.058243e+003;1.289662e-001
2.058725e+003;1.289726e-001
2.059207e+003;1.289891e-001
2.059689e+003;1.290227e-001
2.060171e+003;1.290738e-001
2.060654e+003;1.291347e-001
2.061136e+003;1.291959e-001
2.061618e+003;1.292537e-001
2.062100e+003;1.293084e-001
2.062582e+003;1.293656e-001
2.063064e+003;1.294306e-001
2.063546e+003;1.295064e-001
2.064029e+003;1.295902e-001
2.064511e+003;1.296769e-001
2.064993e+003;1.297611e-001
2.065475e+003;1.298435e-001
2.065957e+003;1.299298e-001
2.066439e+003;1.300310e-001
2.066921e+003;1.301569e-001
2.067404e+003;1.303135e-001
2.067886e+003;1.304971e-001
2.068368e+003;1.306946e-001
2.068850e+003;1.308889e-001
2.069332e+003;1.310622e-001
2.069814e+003;1.312006e-001
2.070296e+003;1.312990e-001
2.070779e+003;1.313600e-001
2.071260e+003;1.313957e-001
2.071743e+003;1.314213e-001
2.072225e+003;1.314534e-001
2.072707e+003;1.315062e-001
2.073189e+003;1.315901e-001
2.073671e+003;1.317062e-001
2.074153e+003;1.318482e-001
2.074635e+003;1.320033e-001
2.075118e+003;1.321535e-001
2.075600e+003;1.322817e-001
2.076082e+003;1.323768e-001
2.076564e+003;1.324366e-001
2.077046e+003;1.324714e-001
2.077528e+003;1.324963e-001
2.078010e+003;1.325296e-001
2.078493e+003;1.325846e-001
2.078975e+003;1.326654e-001
2.079457e+003;1.327650e-001
2.079939e+003;1.328713e-001
2.080421e+003;1.329694e-001
2.080903e+003;1.330507e-001
2.081385e+003;1.331121e-001
2.081868e+003;1.331572e-001
2.082350e+003;1.331914e-001
2.082832e+003;1.332176e-001
2.083314e+003;1.332332e-001
2.083796e+003;1.332313e-001
2.084278e+003;1.332025e-001
2.084760e+003;1.331442e-001
2.085243e+003;1.330601e-001
2.085725e+003;1.329653e-001
2.086207e+003;1.328809e-001
2.086689e+003;1.328296e-001
2.087171e+003;1.328273e-001
2.087653e+003;1.328809e-001
2.088135e+003;1.329841e-001
2.088617e+003;1.331224e-001
2.089100e+003;1.332745e-001
2.089582e+003;1.334212e-001
2.090064e+003;1.335462e-001
2.090546e+003;1.336418e-001
2.091028e+003;1.337064e-001
2.091510e+003;1.337449e-001
2.091992e+003;1.337665e-001
2.092475e+003;1.337826e-001
2.092957e+003;1.338025e-001
2.093439e+003;1.338330e-001
2.093921e+003;1.338768e-001
2.094403e+003;1.339298e-001
2.094885e+003;1.339824e-001
2.095367e+003;1.340242e-001
2.095850e+003;1.340441e-001
2.096332e+003;1.340402e-001
2.096814e+003;1.340167e-001
2.097296e+003;1.339866e-001
2.097778e+003;1.339671e-001
2.098260e+003;1.339737e-001
2.098742e+003;1.340145e-001
2.099225e+003;1.340858e-001
2.099707e+003;1.341725e-001
2.100189e+003;1.342545e-001
2.100671e+003;1.343109e-001
2.101153e+003;1.343285e-001
2.101635e+003;1.343065e-001
2.102117e+003;1.342553e-001
2.102600e+003;1.341948e-001
2.103082e+003;1.341456e-001
2.103564e+003;1.341248e-001
2.104046e+003;1.341419e-001
2.104528e+003;1.341960e-001
2.105010e+003;1.342822e-001
2.105492e+003;1.343920e-001
2.105974e+003;1.345176e-001
2.106457e+003;1.346543e-001
2.106939e+003;1.347972e-001
2.107421e+003;1.349393e-001
2.107903e+003;1.350706e-001
2.108385e+003;1.351753e-001
2.108867e+003;1.352383e-001
2.109349e+003;1.352481e-001
2.109832e+003;1.352036e-001
2.110314e+003;1.351147e-001
2.110796e+003;1.350030e-001
2.111278e+003;1.348942e-001
2.111760e+003;1.348128e-001
2.112242e+003;1.347732e-001
2.112724e+003;1.347773e-001
2.113207e+003;1.348150e-001
2.113689e+003;1.348682e-001
2.114171e+003;1.349183e-001
2.114653e+003;1.349505e-001
2.115135e+003;1.349569e-001
2.115617e+003;1.349369e-001
2.116099e+003;1.348924e-001
2.116582e+003;1.348282e-001
2.117064e+003;1.347462e-001
2.117546e+003;1.346512e-001
2.118028e+003;1.345496e-001
2.118510e+003;1.344505e-001
2.118992e+003;1.343653e-001
2.119474e+003;1.343065e-001
2.119957e+003;1.342789e-001
2.120438e+003;1.342785e-001
2.120921e+003;1.342920e-001
2.121403e+003;1.342991e-001
2.121885e+003;1.342812e-001
2.122367e+003;1.342269e-001
2.122849e+003;1.341377e-001
2.123331e+003;1.340292e-001
2.123813e+003;1.339213e-001
2.124296e+003;1.338343e-001
2.124778e+003;1.337769e-001
2.125260e+003;1.337430e-001
2.125742e+003;1.337136e-001
2.126224e+003;1.336636e-001
2.126706e+003;1.335705e-001
2.127188e+003;1.334224e-001
2.127671e+003;1.332215e-001
2.128153e+003;1.329817e-001
2.128635e+003;1.327245e-001
2.129117e+003;1.324690e-001
2.129599e+003;1.322308e-001
2.130081e+003;1.320172e-001
2.130563e+003;1.318301e-001
2.131046e+003;1.316700e-001
2.131528e+003;1.315351e-001
2.132010e+003;1.314251e-001
2.132492e+003;1.313381e-001
2.132974e+003;1.312679e-001
2.133456e+003;1.312055e-001
2.133938e+003;1.311382e-001
2.134421e+003;1.310549e-001
2.134903e+003;1.309527e-001
2.135385e+003;1.308360e-001
2.135867e+003;1.307177e-001
2.136349e+003;1.306156e-001
2.136831e+003;1.305473e-001
2.137313e+003;1.305221e-001
2.137795e+003;1.305409e-001
2.138278e+003;1.305928e-001
2.138760e+003;1.306615e-001
2.139242e+003;1.307204e-001
2.139724e+003;1.307446e-001
2.140206e+003;1.307098e-001
2.140688e+003;1.305992e-001
2.141170e+003;1.304073e-001
2.141653e+003;1.301435e-001
2.142135e+003;1.298305e-001
2.142617e+003;1.295067e-001
2.143099e+003;1.292121e-001
2.143581e+003;1.289816e-001
2.144063e+003;1.288338e-001
2.144545e+003;1.287679e-001
2.145028e+003;1.287631e-001
2.145510e+003;1.287879e-001
2.145992e+003;1.288094e-001
2.146474e+003;1.288084e-001
2.146956e+003;1.287750e-001
2.147438e+003;1.287149e-001
2.147920e+003;1.286346e-001
2.148403e+003;1.285371e-001
2.148885e+003;1.284167e-001
2.149367e+003;1.282605e-001
2.149849e+003;1.280552e-001
2.150331e+003;1.278009e-001
2.150813e+003;1.275057e-001
2.151295e+003;1.271917e-001
2.151778e+003;1.268783e-001
2.152260e+003;1.265730e-001
2.152742e+003;1.262654e-001
2.153224e+003;1.259221e-001
2.153706e+003;1.255026e-001
2.154188e+003;1.249804e-001
2.154670e+003;1.243537e-001
2.155152e+003;1.236645e-001
2.155635e+003;1.229919e-001
2.156117e+003;1.224396e-001
2.156599e+003;1.221078e-001
2.157081e+003;1.220689e-001
2.157563e+003;1.223371e-001
2.158045e+003;1.228704e-001
2.158527e+003;1.235725e-001
2.159010e+003;1.243232e-001
2.159492e+003;1.250091e-001
2.159974e+003;1.255524e-001
2.160456e+003;1.259184e-001
2.160938e+003;1.261118e-001
2.161420e+003;1.261657e-001
2.161902e+003;1.261336e-001
2.162385e+003;1.260679e-001
2.162867e+003;1.260238e-001
2.163349e+003;1.260417e-001
2.163831e+003;1.261483e-001
2.164313e+003;1.263483e-001
2.164795e+003;1.266250e-001
2.165277e+003;1.269416e-001
2.165760e+003;1.272596e-001
2.166242e+003;1.275375e-001
2.166724e+003;1.277491e-001
2.167206e+003;1.278828e-001
2.167688e+003;1.279451e-001
2.168170e+003;1.279532e-001
2.168652e+003;1.279266e-001
2.169135e+003;1.278808e-001
2.169616e+003;1.278278e-001
2.170099e+003;1.277659e-001
2.170581e+003;1.276945e-001
2.171063e+003;1.276106e-001
2.171545e+003;1.275193e-001
2.172027e+003;1.274292e-001
2.172509e+003;1.273555e-001
2.172991e+003;1.273110e-001
2.173474e+003;1.273075e-001
2.173956e+003;1.273428e-001
2.174438e+003;1.274046e-001
2.174920e+003;1.274700e-001
2.175402e+003;1.275126e-001
2.175884e+003;1.275092e-001
2.176366e+003;1.274453e-001
2.176849e+003;1.273188e-001
2.177331e+003;1.271416e-001
2.177813e+003;1.269307e-001
2.178295e+003;1.267068e-001
2.178777e+003;1.264876e-001
2.179259e+003;1.262861e-001
2.179741e+003;1.261151e-001
2.180224e+003;1.259869e-001
2.180706e+003;1.259137e-001
2.181188e+003;1.259136e-001
2.181670e+003;1.259991e-001
2.182152e+003;1.261742e-001
2.182634e+003;1.264252e-001
2.183116e+003;1.267211e-001
2.183598e+003;1.270176e-001
2.184081e+003;1.272658e-001
2.184563e+003;1.274252e-001
2.185045e+003;1.274803e-001
2.185527e+003;1.274380e-001
2.186009e+003;1.273294e-001
2.186491e+003;1.271974e-001
2.186973e+003;1.270830e-001
2.187456e+003;1.270134e-001
2.187938e+003;1.269947e-001
2.188420e+003;1.270144e-001
2.188902e+003;1.270504e-001
2.189384e+003;1.270790e-001
2.189866e+003;1.270856e-001
2.190348e+003;1.270678e-001
2.190831e+003;1.270318e-001
2.191313e+003;1.269889e-001
2.191795e+003;1.269449e-001
2.192277e+003;1.268994e-001
2.192759e+003;1.268492e-001
2.193241e+003;1.267872e-001
2.193723e+003;1.267133e-001
2.194206e+003;1.266351e-001
2.194688e+003;1.265692e-001
2.195170e+003;1.265364e-001
2.195652e+003;1.265520e-001
2.196134e+003;1.266221e-001
2.196616e+003;1.267426e-001
2.197098e+003;1.268950e-001
2.197581e+003;1.270576e-001
2.198063e+003;1.272069e-001
2.198545e+003;1.273292e-001
2.199027e+003;1.274170e-001
2.199509e+003;1.274722e-001
2.199991e+003;1.275025e-001
2.200473e+003;1.275207e-001
2.200955e+003;1.275367e-001
2.201438e+003;1.275596e-001
2.201920e+003;1.275941e-001
2.202402e+003;1.276405e-001
2.202884e+003;1.276923e-001
2.203366e+003;1.277373e-001
2.203848e+003;1.277579e-001
2.204330e+003;1.277378e-001
2.204813e+003;1.276638e-001
2.205295e+003;1.275309e-001
2.205777e+003;1.273486e-001
2.206259e+003;1.271363e-001
2.206741e+003;1.269206e-001
2.207223e+003;1.267255e-001
2.207705e+003;1.265664e-001
2.208188e+003;1.264463e-001
2.208670e+003;1.263532e-001
2.209152e+003;1.262694e-001
2.209634e+003;1.261764e-001
2.210116e+003;1.260639e-001
2.210598e+003;1.259328e-001
2.211080e+003;1.257939e-001
2.211563e+003;1.256617e-001
2.212045e+003;1.255511e-001
2.212527e+003;1.254674e-001
2.213009e+003;1.254101e-001
2.213491e+003;1.253726e-001
2.213973e+003;1.253480e-001
2.214455e+003;1.253329e-001
2.214938e+003;1.253285e-001
2.215419e+003;1.253376e-001
2.215902e+003;1.253659e-001
2.216384e+003;1.254120e-001
2.216866e+003;1.254733e-001
2.217348e+003;1.255418e-001
2.217830e+003;1.256101e-001
2.218312e+003;1.256752e-001
2.218794e+003;1.257377e-001
2.219277e+003;1.257991e-001
2.219759e+003;1.258640e-001
2.220241e+003;1.259324e-001
2.220723e+003;1.260004e-001
2.221205e+003;1.260616e-001
2.221687e+003;1.261119e-001
2.222169e+003;1.261476e-001
2.222652e+003;1.261716e-001
2.223134e+003;1.261878e-001
2.223616e+003;1.262004e-001
2.224098e+003;1.262082e-001
2.224580e+003;1.262058e-001
2.225062e+003;1.261838e-001
2.225544e+003;1.261360e-001
2.226027e+003;1.260631e-001
2.226509e+003;1.259754e-001
2.226991e+003;1.258909e-001
2.227473e+003;1.258336e-001
2.227955e+003;1.258196e-001
2.228437e+003;1.258562e-001
2.228919e+003;1.259346e-001
2.229402e+003;1.260366e-001
2.229884e+003;1.261361e-001
2.230366e+003;1.262090e-001
2.230848e+003;1.262397e-001
2.231330e+003;1.262265e-001
2.231812e+003;1.261765e-001
2.232294e+003;1.261064e-001
2.232776e+003;1.260331e-001
2.233259e+003;1.259731e-001
2.233741e+003;1.259352e-001
2.234223e+003;1.259217e-001
2.234705e+003;1.259264e-001
2.235187e+003;1.259421e-001
2.235669e+003;1.259576e-001
2.236151e+003;1.259658e-001
2.236634e+003;1.259619e-001
2.237116e+003;1.259473e-001
2.237598e+003;1.259272e-001
2.238080e+003;1.259085e-001
2.238562e+003;1.258958e-001
2.239044e+003;1.258916e-001
2.239526e+003;1.258902e-001
2.240009e+003;1.258827e-001
2.240491e+003;1.258575e-001
2.240973e+003;1.258068e-001
2.241455e+003;1.257300e-001
2.241937e+003;1.256340e-001
2.242419e+003;1.255324e-001
2.242901e+003;1.254419e-001
2.243384e+003;1.253744e-001
2.243866e+003;1.253364e-001
2.244348e+003;1.253228e-001
2.244830e+003;1.253242e-001
2.245312e+003;1.253271e-001
2.245794e+003;1.253177e-001
2.246276e+003;1.252859e-001
2.246759e+003;1.252290e-001
2.247240e+003;1.251455e-001
2.247723e+003;1.250401e-001
2.248205e+003;1.249188e-001
2.248687e+003;1.247923e-001
2.249169e+003;1.246737e-001
2.249651e+003;1.245791e-001
2.250133e+003;1.245247e-001
2.250615e+003;1.245237e-001
2.251098e+003;1.245795e-001
2.251580e+003;1.246854e-001
2.252062e+003;1.248217e-001
2.252544e+003;1.249616e-001
2.253026e+003;1.250783e-001
2.253508e+003;1.251500e-001
2.253990e+003;1.251671e-001
2.254473e+003;1.251356e-001
2.254955e+003;1.250707e-001
2.255437e+003;1.249937e-001
2.255919e+003;1.249242e-001
2.256401e+003;1.248755e-001
2.256883e+003;1.248526e-001
2.257365e+003;1.248520e-001
2.257848e+003;1.248643e-001
2.258330e+003;1.248817e-001
2.258812e+003;1.248959e-001
2.259294e+003;1.249031e-001
2.259776e+003;1.249025e-001
2.260258e+003;1.248966e-001
2.260740e+003;1.248882e-001
2.261223e+003;1.248784e-001
2.261705e+003;1.248668e-001
2.262187e+003;1.248535e-001
2.262669e+003;1.248350e-001
2.263151e+003;1.248103e-001
2.263633e+003;1.247807e-001
2.264115e+003;1.247499e-001
2.264597e+003;1.247239e-001
2.265080e+003;1.247093e-001
2.265562e+003;1.247106e-001
2.266044e+003;1.247286e-001
2.266526e+003;1.247588e-001
2.267008e+003;1.247939e-001
2.267490e+003;1.248225e-001
2.267972e+003;1.248383e-001
2.268455e+003;1.248369e-001
2.268937e+003;1.248213e-001
2.269419e+003;1.247969e-001
2.269901e+003;1.247726e-001
2.270383e+003;1.247540e-001
2.270865e+003;1.247447e-001
2.271347e+003;1.247446e-001
2.271830e+003;1.247533e-001
2.272312e+003;1.247704e-001
2.272794e+003;1.247974e-001
2.273276e+003;1.248357e-001
2.273758e+003;1.248860e-001
2.274240e+003;1.249423e-001
2.274722e+003;1.249941e-001
2.275205e+003;1.250269e-001
2.275687e+003;1.250264e-001
2.276169e+003;1.249849e-001
2.276651e+003;1.249048e-001
2.277133e+003;1.247986e-001
2.277615e+003;1.246874e-001
2.278097e+003;1.245925e-001
2.278580e+003;1.245308e-001
2.279062e+003;1.245089e-001
2.279544e+003;1.245235e-001
2.280026e+003;1.245635e-001
2.280508e+003;1.246161e-001
2.280990e+003;1.246701e-001
2.281472e+003;1.247216e-001
2.281954e+003;1.247718e-001
2.282437e+003;1.248251e-001
2.282919e+003;1.248854e-001
2.283401e+003;1.249537e-001
2.283883e+003;1.250269e-001
2.284365e+003;1.250985e-001
2.284847e+003;1.251609e-001
2.285329e+003;1.252092e-001
2.285812e+003;1.252391e-001
2.286294e+003;1.252515e-001
2.286776e+003;1.252484e-001
2.287258e+003;1.252341e-001
2.287740e+003;1.252138e-001
2.288222e+003;1.251925e-001
2.288704e+003;1.251733e-001
2.289187e+003;1.251602e-001
2.289669e+003;1.251520e-001
2.290151e+003;1.251469e-001
2.290633e+003;1.251394e-001
2.291115e+003;1.251232e-001
2.291597e+003;1.250927e-001
2.292079e+003;1.250450e-001
2.292562e+003;1.249806e-001
2.293044e+003;1.249055e-001
2.293526e+003;1.248270e-001
2.294008e+003;1.247538e-001
2.294490e+003;1.246935e-001
2.294972e+003;1.246500e-001
2.295454e+003;1.246240e-001
2.295937e+003;1.246124e-001
2.296418e+003;1.246084e-001
2.296901e+003;1.246058e-001
2.297383e+003;1.245970e-001
2.297865e+003;1.245769e-001
2.298347e+003;1.245427e-001
2.298829e+003;1.244952e-001
2.299311e+003;1.244390e-001
2.299793e+003;1.243814e-001
2.300276e+003;1.243307e-001
2.300758e+003;1.242945e-001
2.301240e+003;1.242768e-001
2.301722e+003;1.242773e-001
2.302204e+003;1.242909e-001
2.302686e+003;1.243108e-001
2.303168e+003;1.243298e-001
2.303651e+003;1.243433e-001
2.304133e+003;1.243492e-001
2.304615e+003;1.243498e-001
2.305097e+003;1.243471e-001
2.305579e+003;1.243430e-001
2.306061e+003;1.243354e-001
2.306543e+003;1.243209e-001
2.307026e+003;1.242946e-001
2.307508e+003;1.242549e-001
2.307990e+003;1.242026e-001
2.308472e+003;1.241449e-001
2.308954e+003;1.240908e-001
2.309436e+003;1.240508e-001
2.309918e+003;1.240315e-001
2.310401e+003;1.240355e-001
2.310883e+003;1.240598e-001
2.311365e+003;1.240978e-001
2.311847e+003;1.241412e-001
2.312329e+003;1.241840e-001
2.312811e+003;1.242214e-001
2.313293e+003;1.242508e-001
2.313775e+003;1.242719e-001
2.314258e+003;1.242839e-001
2.314740e+003;1.242863e-001
2.315222e+003;1.242790e-001
2.315704e+003;1.242633e-001
2.316186e+003;1.242429e-001
2.316668e+003;1.242229e-001
2.317150e+003;1.242096e-001
2.317633e+003;1.242083e-001
2.318115e+003;1.242218e-001
2.318597e+003;1.242500e-001
2.319079e+003;1.242894e-001
2.319561e+003;1.243349e-001
2.320043e+003;1.243815e-001
2.320525e+003;1.244239e-001
2.321008e+003;1.244580e-001
2.321490e+003;1.244798e-001
2.321972e+003;1.244859e-001
2.322454e+003;1.244712e-001
2.322936e+003;1.244309e-001
2.323418e+003;1.243605e-001
2.323900e+003;1.242585e-001
2.324383e+003;1.241261e-001
2.324865e+003;1.239682e-001
2.325347e+003;1.237937e-001
2.325829e+003;1.236122e-001
2.326311e+003;1.234341e-001
2.326793e+003;1.232689e-001
2.327275e+003;1.231232e-001
2.327758e+003;1.230010e-001
2.328240e+003;1.229043e-001
2.328722e+003;1.228324e-001
2.329204e+003;1.227832e-001
2.329686e+003;1.227535e-001
2.330168e+003;1.227381e-001
2.330650e+003;1.227326e-001
2.331132e+003;1.227307e-001
2.331615e+003;1.227271e-001
2.332097e+003;1.227166e-001
2.332579e+003;1.226965e-001
2.333061e+003;1.226657e-001
2.333543e+003;1.226253e-001
2.334025e+003;1.225788e-001
2.334507e+003;1.225296e-001
2.334990e+003;1.224812e-001
2.335472e+003;1.224351e-001
2.335954e+003;1.223923e-001
2.336436e+003;1.223519e-001
2.336918e+003;1.223124e-001
2.337400e+003;1.222733e-001
2.337882e+003;1.222342e-001
2.338365e+003;1.221963e-001
2.338847e+003;1.221603e-001
2.339329e+003;1.221286e-001
2.339811e+003;1.221015e-001
2.340293e+003;1.220795e-001
2.340775e+003;1.220617e-001
2.341257e+003;1.220475e-001
2.341740e+003;1.220360e-001
2.342222e+003;1.220262e-001
2.342704e+003;1.220172e-001
2.343186e+003;1.220074e-001
2.343668e+003;1.219943e-001
2.344150e+003;1.219752e-001
2.344632e+003;1.219472e-001
2.345115e+003;1.219088e-001
2.345596e+003;1.218592e-001
2.346079e+003;1.217999e-001
2.346561e+003;1.217336e-001
2.347043e+003;1.216633e-001
2.347525e+003;1.215919e-001
2.348007e+003;1.215213e-001
2.348489e+003;1.214530e-001
2.348971e+003;1.213883e-001
2.349454e+003;1.213297e-001
2.349936e+003;1.212785e-001
2.350418e+003;1.212375e-001
2.350900e+003;1.212073e-001
2.351382e+003;1.211873e-001
2.351864e+003;1.211755e-001
2.352346e+003;1.211675e-001
2.352829e+003;1.211595e-001
2.353311e+003;1.211484e-001
2.353793e+003;1.211338e-001
2.354275e+003;1.211168e-001
2.354757e+003;1.210990e-001
2.355239e+003;1.210815e-001
2.355721e+003;1.210631e-001
2.356204e+003;1.210400e-001
2.356686e+003;1.210081e-001
2.357168e+003;1.209633e-001
2.357650e+003;1.209043e-001
2.358132e+003;1.208331e-001
2.358614e+003;1.207560e-001
2.359096e+003;1.206796e-001
2.359579e+003;1.206104e-001
2.360061e+003;1.205517e-001
2.360543e+003;1.205038e-001
2.361025e+003;1.204635e-001
2.361507e+003;1.204268e-001
2.361989e+003;1.203885e-001
2.362471e+003;1.203466e-001
2.362953e+003;1.202997e-001
2.363436e+003;1.202487e-001
2.363918e+003;1.201947e-001
2.364400e+003;1.201398e-001
2.364882e+003;1.200855e-001
2.365364e+003;1.200334e-001
2.365846e+003;1.199848e-001
2.366328e+003;1.199404e-001
2.366811e+003;1.199006e-001
2.367293e+003;1.198643e-001
2.367775e+003;1.198308e-001
2.368257e+003;1.197986e-001
2.368739e+003;1.197680e-001
2.369221e+003;1.197399e-001
2.369703e+003;1.197179e-001
2.370186e+003;1.197064e-001
2.370668e+003;1.197074e-001
2.371150e+003;1.197211e-001
2.371632e+003;1.197438e-001
2.372114e+003;1.197690e-001
2.372596e+003;1.197874e-001
2.373078e+003;1.197932e-001
2.373561e+003;1.197826e-001
2.374043e+003;1.197569e-001
2.374525e+003;1.197209e-001
2.375007e+003;1.196809e-001
2.375489e+003;1.196421e-001
2.375971e+003;1.196062e-001
2.376453e+003;1.195718e-001
2.376936e+003;1.195359e-001
2.377417e+003;1.194943e-001
2.377900e+003;1.194459e-001
2.378382e+003;1.193906e-001
2.378864e+003;1.193335e-001
2.379346e+003;1.192792e-001
2.379828e+003;1.192328e-001
2.380310e+003;1.191974e-001
2.380792e+003;1.191732e-001
2.381275e+003;1.191581e-001
2.381757e+003;1.191483e-001
2.382239e+003;1.191393e-001
2.382721e+003;1.191268e-001
2.383203e+003;1.191059e-001
2.383685e+003;1.190753e-001
2.384167e+003;1.190333e-001
2.384650e+003;1.189810e-001
2.385132e+003;1.189210e-001
2.385614e+003;1.188579e-001
2.386096e+003;1.187963e-001
2.386578e+003;1.187411e-001
2.387060e+003;1.186951e-001
2.387542e+003;1.186602e-001
2.388025e+003;1.186362e-001
2.388507e+003;1.186217e-001
2.388989e+003;1.186159e-001
2.389471e+003;1.186175e-001
2.389953e+003;1.186262e-001
2.390435e+003;1.186416e-001
2.390917e+003;1.186627e-001
2.391400e+003;1.186879e-001
2.391882e+003;1.187133e-001
2.392364e+003;1.187352e-001
2.392846e+003;1.187493e-001
2.393328e+003;1.187521e-001
2.393810e+003;1.187418e-001
2.394292e+003;1.187185e-001
2.394774e+003;1.186835e-001
2.395257e+003;1.186400e-001
2.395739e+003;1.185918e-001
2.396221e+003;1.185439e-001
2.396703e+003;1.184995e-001
2.397185e+003;1.184615e-001
2.397667e+003;1.184302e-001
2.398149e+003;1.184043e-001
2.398632e+003;1.183809e-001
2.399114e+003;1.183567e-001
2.399596e+003;1.183299e-001
2.400078e+003;1.182997e-001
2.400560e+003;1.182693e-001
2.401042e+003;1.182436e-001
2.401524e+003;1.182261e-001
2.402007e+003;1.182196e-001
2.402489e+003;1.182236e-001
2.402971e+003;1.182337e-001
2.403453e+003;1.182435e-001
2.403935e+003;1.182471e-001
2.404417e+003;1.182389e-001
2.404899e+003;1.182173e-001
2.405382e+003;1.181837e-001
2.405864e+003;1.181407e-001
2.406346e+003;1.180919e-001
2.406828e+003;1.180410e-001
2.407310e+003;1.179903e-001
2.407792e+003;1.179423e-001
2.408274e+003;1.178996e-001
2.408757e+003;1.178659e-001
2.409239e+003;1.178436e-001
2.409721e+003;1.178345e-001
2.410203e+003;1.178381e-001
2.410685e+003;1.178504e-001
2.411167e+003;1.178657e-001
2.411649e+003;1.178773e-001
2.412131e+003;1.178798e-001
2.412614e+003;1.178707e-001
2.413096e+003;1.178509e-001
2.413578e+003;1.178235e-001
2.414060e+003;1.177933e-001
2.414542e+003;1.177654e-001
2.415024e+003;1.177426e-001
2.415506e+003;1.177280e-001
2.415989e+003;1.177219e-001
2.416471e+003;1.177236e-001
2.416953e+003;1.177320e-001
2.417435e+003;1.177441e-001
2.417917e+003;1.177557e-001
2.418399e+003;1.177638e-001
2.418881e+003;1.177651e-001
2.419364e+003;1.177583e-001
2.419846e+003;1.177445e-001
2.420328e+003;1.177282e-001
2.420810e+003;1.177138e-001
2.421292e+003;1.177051e-001
2.421774e+003;1.177033e-001
2.422256e+003;1.177057e-001
2.422739e+003;1.177079e-001
2.423221e+003;1.177048e-001
2.423703e+003;1.176931e-001
2.424185e+003;1.176733e-001
2.424667e+003;1.176484e-001
2.425149e+003;1.176246e-001
2.425631e+003;1.176061e-001
2.426114e+003;1.175947e-001
2.426595e+003;1.175890e-001
2.427078e+003;1.175846e-001
2.427560e+003;1.175775e-001
2.428042e+003;1.175655e-001
2.428524e+003;1.175497e-001
2.429006e+003;1.175348e-001
2.429488e+003;1.175263e-001
2.429970e+003;1.175292e-001
2.430453e+003;1.175447e-001
2.430935e+003;1.175702e-001
2.431417e+003;1.175998e-001
2.431899e+003;1.176267e-001
2.432381e+003;1.176440e-001
2.432863e+003;1.176475e-001
2.433345e+003;1.176353e-001
2.433828e+003;1.176089e-001
2.434310e+003;1.175698e-001
2.434792e+003;1.175229e-001
2.435274e+003;1.174729e-001
2.435756e+003;1.174255e-001
2.436238e+003;1.173868e-001
2.436720e+003;1.173610e-001
2.437203e+003;1.173513e-001
2.437685e+003;1.173562e-001
2.438167e+003;1.173722e-001
2.438649e+003;1.173913e-001
2.439131e+003;1.174056e-001
2.439613e+003;1.174083e-001
2.440095e+003;1.173954e-001
2.440578e+003;1.173666e-001
2.441060e+003;1.173253e-001
2.441542e+003;1.172771e-001
2.442024e+003;1.172276e-001
2.442506e+003;1.171824e-001
2.442988e+003;1.171457e-001
2.443470e+003;1.171200e-001
2.443952e+003;1.171069e-001
2.444435e+003;1.171075e-001
2.444917e+003;1.171206e-001
2.445399e+003;1.171437e-001
2.445881e+003;1.171722e-001
2.446363e+003;1.171996e-001
2.446845e+003;1.172195e-001
2.447327e+003;1.172284e-001
2.447810e+003;1.172239e-001
2.448292e+003;1.172092e-001
2.448774e+003;1.171890e-001
2.449256e+003;1.171710e-001
2.449738e+003;1.171589e-001
2.450220e+003;1.171546e-001
2.450702e+003;1.171555e-001
2.451185e+003;1.171554e-001
2.451667e+003;1.171486e-001
2.452149e+003;1.171303e-001
2.452631e+003;1.171003e-001
2.453113e+003;1.170630e-001
2.453595e+003;1.170258e-001
2.454077e+003;1.169964e-001
2.454560e+003;1.169811e-001
2.455042e+003;1.169813e-001
2.455524e+003;1.169934e-001
2.456006e+003;1.170099e-001
2.456488e+003;1.170221e-001
2.456970e+003;1.170222e-001
2.457452e+003;1.170057e-001
2.457935e+003;1.169731e-001
2.458417e+003;1.169286e-001
2.458899e+003;1.168803e-001
2.459381e+003;1.168355e-001
2.459863e+003;1.168012e-001
2.460345e+003;1.167815e-001
2.460827e+003;1.167767e-001
2.461310e+003;1.167840e-001
2.461792e+003;1.167991e-001
2.462274e+003;1.168145e-001
2.462756e+003;1.168251e-001
2.463238e+003;1.168251e-001
2.463720e+003;1.168115e-001
2.464202e+003;1.167836e-001
2.464684e+003;1.167439e-001
2.465167e+003;1.166961e-001
2.465649e+003;1.166471e-001
2.466131e+003;1.166028e-001
2.466613e+003;1.165696e-001
2.467095e+003;1.165506e-001
2.467577e+003;1.165461e-001
2.468059e+003;1.165537e-001
2.468542e+003;1.165679e-001
2.469024e+003;1.165808e-001
2.469506e+003;1.165847e-001
2.469988e+003;1.165741e-001
2.470470e+003;1.165448e-001
2.470952e+003;1.164967e-001
2.471434e+003;1.164345e-001
2.471917e+003;1.163667e-001
2.472399e+003;1.163023e-001
2.472881e+003;1.162528e-001
2.473363e+003;1.162254e-001
2.473845e+003;1.162230e-001
2.474327e+003;1.162447e-001
2.474809e+003;1.162824e-001
2.475292e+003;1.163266e-001
2.475774e+003;1.163671e-001
2.476256e+003;1.163969e-001
2.476738e+003;1.164137e-001
2.477220e+003;1.164197e-001
2.477702e+003;1.164206e-001
2.478184e+003;1.164220e-001
2.478667e+003;1.164264e-001
2.479148e+003;1.164321e-001
2.479631e+003;1.164336e-001
2.480113e+003;1.164242e-001
2.480595e+003;1.163981e-001
2.481077e+003;1.163545e-001
2.481559e+003;1.162983e-001
2.482041e+003;1.162390e-001
2.482523e+003;1.161872e-001
2.483006e+003;1.161526e-001
2.483488e+003;1.161395e-001
2.483970e+003;1.161465e-001
2.484452e+003;1.161659e-001
2.484934e+003;1.161877e-001
2.485416e+003;1.162012e-001
2.485898e+003;1.161992e-001
2.486381e+003;1.161790e-001
2.486863e+003;1.161436e-001
2.487345e+003;1.161003e-001
2.487827e+003;1.160593e-001
2.488309e+003;1.160314e-001
2.488791e+003;1.160256e-001
2.489273e+003;1.160459e-001
2.489756e+003;1.160915e-001
2.490238e+003;1.161548e-001
2.490720e+003;1.162252e-001
2.491202e+003;1.162883e-001
2.491684e+003;1.163321e-001
2.492166e+003;1.163482e-001
2.492648e+003;1.163351e-001
2.493131e+003;1.162967e-001
2.493613e+003;1.162431e-001
2.494095e+003;1.161844e-001
2.494577e+003;1.161310e-001
2.495059e+003;1.160891e-001
2.495541e+003;1.160617e-001
2.496023e+003;1.160484e-001
2.496505e+003;1.160473e-001
2.496988e+003;1.160580e-001
2.497470e+003;1.160796e-001
2.497952e+003;1.161120e-001
2.498434e+003;1.161534e-001
2.498916e+003;1.162004e-001
2.499398e+003;1.162461e-001
2.499880e+003;1.162829e-001
2.500363e+003;1.163023e-001
2.500845e+003;1.162993e-001
2.501327e+003;1.162731e-001
2.501809e+003;1.162270e-001
2.502291e+003;1.161684e-001
2.502773e+003;1.161073e-001
2.503255e+003;1.160535e-001
2.503738e+003;1.160165e-001
2.504220e+003;1.160022e-001
2.504702e+003;1.160129e-001
2.505184e+003;1.160474e-001
2.505666e+003;1.160993e-001
2.506148e+003;1.161597e-001
2.506630e+003;1.162171e-001
2.507113e+003;1.162611e-001
2.507595e+003;1.162842e-001
2.508077e+003;1.162835e-001
2.508559e+003;1.162617e-001
2.509041e+003;1.162270e-001
2.509523e+003;1.161874e-001
2.510005e+003;1.161510e-001
2.510488e+003;1.161219e-001
2.510969e+003;1.160994e-001
2.511452e+003;1.160787e-001
2.511934e+003;1.160554e-001
2.512416e+003;1.160252e-001
2.512898e+003;1.159886e-001
2.513380e+003;1.159492e-001
2.513862e+003;1.159126e-001
2.514344e+003;1.158854e-001
2.514827e+003;1.158716e-001
2.515309e+003;1.158720e-001
2.515791e+003;1.158852e-001
2.516273e+003;1.159082e-001
2.516755e+003;1.159370e-001
2.517237e+003;1.159692e-001
2.517719e+003;1.160023e-001
2.518202e+003;1.160341e-001
2.518684e+003;1.160626e-001
2.519166e+003;1.160839e-001
2.519648e+003;1.160959e-001
2.520130e+003;1.160970e-001
2.520612e+003;1.160875e-001
2.521094e+003;1.160702e-001
2.521577e+003;1.160493e-001
2.522059e+003;1.160297e-001
2.522541e+003;1.160150e-001
2.523023e+003;1.160060e-001
2.523505e+003;1.160028e-001
2.523987e+003;1.160036e-001
2.524469e+003;1.160064e-001
2.524952e+003;1.160089e-001
2.525434e+003;1.160102e-001
2.525916e+003;1.160094e-001
2.526398e+003;1.160054e-001
2.526880e+003;1.159967e-001
2.527362e+003;1.159824e-001
2.527844e+003;1.159617e-001
2.528326e+003;1.159355e-001
2.528809e+003;1.159055e-001
2.529291e+003;1.158750e-001
2.529773e+003;1.158471e-001
2.530255e+003;1.158233e-001
2.530737e+003;1.158038e-001
2.531219e+003;1.157879e-001
2.531701e+003;1.157743e-001
2.532184e+003;1.157620e-001
2.532666e+003;1.157520e-001
2.533148e+003;1.157477e-001
2.533630e+003;1.157530e-001
2.534112e+003;1.157710e-001
2.534594e+003;1.158033e-001
2.535076e+003;1.158483e-001
2.535559e+003;1.159002e-001
2.536041e+003;1.159527e-001
2.536523e+003;1.159980e-001
2.537005e+003;1.160299e-001
2.537487e+003;1.160462e-001
2.537969e+003;1.160477e-001
2.538451e+003;1.160390e-001
2.538934e+003;1.160266e-001
2.539416e+003;1.160173e-001
2.539898e+003;1.160158e-001
2.540380e+003;1.160235e-001
2.540862e+003;1.160390e-001
2.541344e+003;1.160572e-001
2.541826e+003;1.160729e-001
2.542309e+003;1.160810e-001
2.542791e+003;1.160799e-001
2.543273e+003;1.160699e-001
2.543755e+003;1.160559e-001
2.544237e+003;1.160430e-001
2.544719e+003;1.160361e-001
2.545201e+003;1.160368e-001
2.545683e+003;1.160454e-001
2.546166e+003;1.160564e-001
2.546648e+003;1.160650e-001
2.547130e+003;1.160669e-001
2.547612e+003;1.160609e-001
2.548094e+003;1.160500e-001
2.548576e+003;1.160389e-001
2.549058e+003;1.160353e-001
2.549541e+003;1.160445e-001
2.550023e+003;1.160689e-001
2.550505e+003;1.161065e-001
2.550987e+003;1.161522e-001
2.551469e+003;1.161991e-001
2.551951e+003;1.162403e-001
2.552433e+003;1.162719e-001
2.552916e+003;1.162930e-001
2.553398e+003;1.163054e-001
2.553880e+003;1.163124e-001
2.554362e+003;1.163179e-001
2.554844e+003;1.163236e-001
2.555326e+003;1.163299e-001
2.555808e+003;1.163355e-001
2.556291e+003;1.163387e-001
2.556773e+003;1.163375e-001
2.557255e+003;1.163319e-001
2.557737e+003;1.163219e-001
2.558219e+003;1.163092e-001
2.558701e+003;1.162964e-001
2.559183e+003;1.162864e-001
2.559666e+003;1.162819e-001
2.560147e+003;1.162866e-001
2.560630e+003;1.163028e-001
2.561112e+003;1.163333e-001
2.561594e+003;1.163781e-001
2.562076e+003;1.164344e-001
2.562558e+003;1.164970e-001
2.563040e+003;1.165585e-001
2.563522e+003;1.166099e-001
2.564005e+003;1.166449e-001
2.564487e+003;1.166595e-001
2.564969e+003;1.166564e-001
2.565451e+003;1.166406e-001
2.565933e+003;1.166229e-001
2.566415e+003;1.166129e-001
2.566897e+003;1.166180e-001
2.567380e+003;1.166412e-001
2.567862e+003;1.166801e-001
2.568344e+003;1.167284e-001
2.568826e+003;1.167775e-001
2.569308e+003;1.168188e-001
2.569790e+003;1.168474e-001
2.570272e+003;1.168611e-001
2.570755e+003;1.168616e-001
2.571237e+003;1.168533e-001
2.571719e+003;1.168403e-001
2.572201e+003;1.168289e-001
2.572683e+003;1.168232e-001
2.573165e+003;1.168266e-001
2.573647e+003;1.168416e-001
2.574130e+003;1.168682e-001
2.574612e+003;1.169053e-001
2.575094e+003;1.169490e-001
2.575576e+003;1.169948e-001
2.576058e+003;1.170376e-001
2.576540e+003;1.170717e-001
2.577022e+003;1.170948e-001
2.577504e+003;1.171071e-001
2.577987e+003;1.171110e-001
2.578469e+003;1.171115e-001
2.578951e+003;1.171137e-001
2.579433e+003;1.171220e-001
2.579915e+003;1.171381e-001
2.580397e+003;1.171629e-001
2.580879e+003;1.171940e-001
2.581362e+003;1.172293e-001
2.581844e+003;1.172663e-001
2.582326e+003;1.173039e-001
2.582808e+003;1.173408e-001
2.583290e+003;1.173782e-001
2.583772e+003;1.174152e-001
2.584254e+003;1.174530e-001
2.584737e+003;1.174907e-001
2.585219e+003;1.175274e-001
2.585701e+003;1.175626e-001
2.586183e+003;1.175951e-001
2.586665e+003;1.176238e-001
2.587147e+003;1.176492e-001
2.587629e+003;1.176728e-001
2.588112e+003;1.176971e-001
2.588594e+003;1.177245e-001
2.589076e+003;1.177573e-001
2.589558e+003;1.177976e-001
2.590040e+003;1.178437e-001
2.590522e+003;1.178931e-001
2.591004e+003;1.179414e-001
2.591487e+003;1.179845e-001
2.591969e+003;1.180187e-001
2.592451e+003;1.180437e-001
2.592933e+003;1.180608e-001
2.593415e+003;1.180733e-001
2.593897e+003;1.180850e-001
2.594379e+003;1.180997e-001
2.594861e+003;1.181193e-001
2.595344e+003;1.181443e-001
2.595826e+003;1.181744e-001
2.596308e+003;1.182087e-001
2.596790e+003;1.182472e-001
2.597272e+003;1.182891e-001
2.597754e+003;1.183337e-001
2.598236e+003;1.183788e-001
2.598719e+003;1.184216e-001
2.599201e+003;1.184586e-001
2.599683e+003;1.184860e-001
2.600165e+003;1.185029e-001
2.600647e+003;1.185094e-001
2.601129e+003;1.185084e-001
2.601611e+003;1.185035e-001
2.602094e+003;1.184988e-001
2.602576e+003;1.184971e-001
2.603058e+003;1.185006e-001
2.603540e+003;1.185105e-001
2.604022e+003;1.185277e-001
2.604504e+003;1.185532e-001
2.604986e+003;1.185880e-001
2.605469e+003;1.186341e-001
2.605951e+003;1.186902e-001
2.606433e+003;1.187550e-001
2.606915e+003;1.188245e-001
2.607397e+003;1.188946e-001
2.607879e+003;1.189609e-001
2.608361e+003;1.190208e-001
2.608844e+003;1.190729e-001
2.609325e+003;1.191182e-001
2.609808e+003;1.191579e-001
2.610290e+003;1.191938e-001
2.610772e+003;1.192280e-001
2.611254e+003;1.192614e-001
2.611736e+003;1.192966e-001
2.612218e+003;1.193349e-001
2.612700e+003;1.193787e-001
2.613183e+003;1.194294e-001
2.613665e+003;1.194866e-001
2.614147e+003;1.195471e-001
2.614629e+003;1.196072e-001
2.615111e+003;1.196619e-001
2.615593e+003;1.197068e-001
2.616075e+003;1.197411e-001
2.616558e+003;1.197659e-001
2.617040e+003;1.197859e-001
2.617522e+003;1.198060e-001
2.618004e+003;1.198315e-001
2.618486e+003;1.198648e-001
2.618968e+003;1.199059e-001
2.619450e+003;1.199519e-001
2.619933e+003;1.199992e-001
2.620415e+003;1.200431e-001
2.620897e+003;1.200808e-001
2.621379e+003;1.201106e-001
2.621861e+003;1.201328e-001
2.622343e+003;1.201505e-001
2.622825e+003;1.201680e-001
2.623308e+003;1.201920e-001
2.623790e+003;1.202275e-001
2.624272e+003;1.202805e-001
2.624754e+003;1.203526e-001
2.625236e+003;1.204412e-001
2.625718e+003;1.205399e-001
2.626200e+003;1.206395e-001
2.626682e+003;1.207295e-001
2.627165e+003;1.208022e-001
2.627647e+003;1.208549e-001
2.628129e+003;1.208899e-001
2.628611e+003;1.209145e-001
2.629093e+003;1.209370e-001
2.629575e+003;1.209655e-001
2.630057e+003;1.210034e-001
2.630540e+003;1.210506e-001
2.631022e+003;1.211037e-001
2.631504e+003;1.211579e-001
2.631986e+003;1.212102e-001
2.632468e+003;1.212616e-001
2.632950e+003;1.213144e-001
2.633432e+003;1.213728e-001
2.633915e+003;1.214395e-001
2.634397e+003;1.215140e-001
2.634879e+003;1.215917e-001
2.635361e+003;1.216665e-001
2.635843e+003;1.217303e-001
2.636325e+003;1.217771e-001
2.636807e+003;1.218048e-001
2.637290e+003;1.218155e-001
2.637772e+003;1.218148e-001
2.638254e+003;1.218109e-001
2.638736e+003;1.218113e-001
2.639218e+003;1.218225e-001
2.639700e+003;1.218480e-001
2.640182e+003;1.218886e-001
2.640665e+003;1.219437e-001
2.641146e+003;1.220107e-001
2.641629e+003;1.220864e-001
2.642111e+003;1.221682e-001
2.642593e+003;1.222520e-001
2.643075e+003;1.223342e-001
2.643557e+003;1.224114e-001
2.644039e+003;1.224791e-001
2.644521e+003;1.225345e-001
2.645004e+003;1.225762e-001
2.645486e+003;1.226051e-001
2.645968e+003;1.226238e-001
2.646450e+003;1.226380e-001
2.646932e+003;1.226532e-001
2.647414e+003;1.226752e-001
2.647896e+003;1.227080e-001
2.648379e+003;1.227515e-001
2.648861e+003;1.228044e-001
2.649343e+003;1.228627e-001
2.649825e+003;1.229217e-001
2.650307e+003;1.229772e-001
2.650789e+003;1.230281e-001
2.651271e+003;1.230741e-001
2.651754e+003;1.231169e-001
2.652236e+003;1.231579e-001
2.652718e+003;1.231983e-001
2.653200e+003;1.232384e-001
2.653682e+003;1.232776e-001
2.654164e+003;1.233156e-001
2.654646e+003;1.233528e-001
2.655129e+003;1.233909e-001
2.655611e+003;1.234311e-001
2.656093e+003;1.234746e-001
2.656575e+003;1.235207e-001
2.657057e+003;1.235671e-001
2.657539e+003;1.236101e-001
2.658021e+003;1.236447e-001
2.658503e+003;1.236693e-001
2.658986e+003;1.236823e-001
2.659468e+003;1.236871e-001
2.659950e+003;1.236877e-001
2.660432e+003;1.236893e-001
2.660914e+003;1.236963e-001
2.661396e+003;1.237100e-001
2.661878e+003;1.237305e-001
2.662361e+003;1.237558e-001
2.662843e+003;1.237823e-001
2.663325e+003;1.238084e-001
2.663807e+003;1.238333e-001
2.664289e+003;1.238578e-001
2.664771e+003;1.238846e-001
2.665253e+003;1.239170e-001
2.665736e+003;1.239569e-001
2.666218e+003;1.240067e-001
2.666700e+003;1.240660e-001
2.667182e+003;1.241324e-001
2.667664e+003;1.242022e-001
2.668146e+003;1.242708e-001
2.668628e+003;1.243332e-001
2.669111e+003;1.243870e-001
2.669593e+003;1.244311e-001
2.670075e+003;1.244677e-001
2.670557e+003;1.245007e-001
2.671039e+003;1.245362e-001
2.671521e+003;1.245782e-001
2.672003e+003;1.246295e-001
2.672486e+003;1.246900e-001
2.672968e+003;1.247564e-001
2.673450e+003;1.248242e-001
2.673932e+003;1.248896e-001
2.674414e+003;1.249485e-001
2.674896e+003;1.250004e-001
2.675378e+003;1.250468e-001
2.675860e+003;1.250897e-001
2.676343e+003;1.251320e-001
2.676825e+003;1.251758e-001
2.677307e+003;1.252216e-001
2.677789e+003;1.252693e-001
2.678271e+003;1.253188e-001
2.678753e+003;1.253692e-001
2.679235e+003;1.254203e-001
2.679718e+003;1.254721e-001
2.680200e+003;1.255241e-001
2.680682e+003;1.255764e-001
2.681164e+003;1.256281e-001
2.681646e+003;1.256784e-001
2.682128e+003;1.257271e-001
2.682610e+003;1.257740e-001
2.683093e+003;1.258194e-001
2.683575e+003;1.258643e-001
2.684057e+003;1.259094e-001
2.684539e+003;1.259548e-001
2.685021e+003;1.260024e-001
2.685503e+003;1.260521e-001
2.685985e+003;1.261058e-001
2.686468e+003;1.261652e-001
2.686950e+003;1.262307e-001
2.687432e+003;1.263029e-001
2.687914e+003;1.263810e-001
2.688396e+003;1.264625e-001
2.688878e+003;1.265443e-001
2.689360e+003;1.266236e-001
2.689843e+003;1.266971e-001
2.690324e+003;1.267633e-001
2.690807e+003;1.268215e-001
2.691289e+003;1.268726e-001
2.691771e+003;1.269175e-001
2.692253e+003;1.269575e-001
2.692735e+003;1.269949e-001
2.693217e+003;1.270310e-001
2.693699e+003;1.270687e-001
2.694182e+003;1.271101e-001
2.694664e+003;1.271579e-001
2.695146e+003;1.272132e-001
2.695628e+003;1.272761e-001
2.696110e+003;1.273450e-001
2.696592e+003;1.274173e-001
2.697074e+003;1.274894e-001
2.697557e+003;1.275585e-001
2.698039e+003;1.276221e-001
2.698521e+003;1.276798e-001
2.699003e+003;1.277321e-001
2.699485e+003;1.277797e-001
2.699967e+003;1.278245e-001
2.700449e+003;1.278678e-001
2.700932e+003;1.279112e-001
2.701414e+003;1.279573e-001
2.701896e+003;1.280087e-001
2.702378e+003;1.280680e-001
2.702860e+003;1.281375e-001
2.703342e+003;1.282175e-001
2.703824e+003;1.283070e-001
2.704307e+003;1.284016e-001
2.704789e+003;1.284957e-001
2.705271e+003;1.285849e-001
2.705753e+003;1.286645e-001
2.706235e+003;1.287338e-001
2.706717e+003;1.287945e-001
2.707199e+003;1.288510e-001
2.707681e+003;1.289084e-001
2.708164e+003;1.289710e-001
2.708646e+003;1.290415e-001
2.709128e+003;1.291192e-001
2.709610e+003;1.292009e-001
2.710092e+003;1.292815e-001
2.710574e+003;1.293568e-001
2.711056e+003;1.294236e-001
2.711539e+003;1.294813e-001
2.712021e+003;1.295318e-001
2.712503e+003;1.295785e-001
2.712985e+003;1.296254e-001
2.713467e+003;1.296751e-001
2.713949e+003;1.297283e-001
2.714431e+003;1.297839e-001
2.714914e+003;1.298392e-001
2.715396e+003;1.298923e-001
2.715878e+003;1.299422e-001
2.716360e+003;1.299901e-001
2.716842e+003;1.300388e-001
2.717324e+003;1.300927e-001
2.717806e+003;1.301539e-001
2.718289e+003;1.302244e-001
2.718771e+003;1.303023e-001
2.719253e+003;1.303847e-001
2.719735e+003;1.304680e-001
2.720217e+003;1.305498e-001
2.720699e+003;1.306284e-001
2.721181e+003;1.307054e-001
2.721664e+003;1.307822e-001
2.722146e+003;1.308594e-001
2.722628e+003;1.309377e-001
2.723110e+003;1.310155e-001
2.723592e+003;1.310900e-001
2.724074e+003;1.311598e-001
2.724556e+003;1.312233e-001
2.725038e+003;1.312818e-001
2.725521e+003;1.313379e-001
2.726003e+003;1.313938e-001
2.726485e+003;1.314523e-001
2.726967e+003;1.315143e-001
2.727449e+003;1.315797e-001
2.727931e+003;1.316480e-001
2.728413e+003;1.317187e-001
2.728896e+003;1.317928e-001
2.729378e+003;1.318707e-001
2.729860e+003;1.319535e-001
2.730342e+003;1.320416e-001
2.730824e+003;1.321330e-001
2.731306e+003;1.322249e-001
2.731788e+003;1.323135e-001
2.732271e+003;1.323967e-001
2.732753e+003;1.324741e-001
2.733235e+003;1.325474e-001
2.733717e+003;1.326212e-001
2.734199e+003;1.326994e-001
2.734681e+003;1.327857e-001
2.735163e+003;1.328813e-001
2.735646e+003;1.329847e-001
2.736128e+003;1.330925e-001
2.736610e+003;1.331998e-001
2.737092e+003;1.333029e-001
2.737574e+003;1.333982e-001
2.738056e+003;1.334842e-001
2.738538e+003;1.335609e-001
2.739021e+003;1.336284e-001
2.739502e+003;1.336887e-001
2.739985e+003;1.337446e-001
2.740467e+003;1.337990e-001
2.740949e+003;1.338551e-001
2.741431e+003;1.339169e-001
2.741913e+003;1.339862e-001
2.742395e+003;1.340644e-001
2.742877e+003;1.341506e-001
2.743360e+003;1.342433e-001
2.743842e+003;1.343394e-001
2.744324e+003;1.344369e-001
2.744806e+003;1.345351e-001
2.745288e+003;1.346333e-001
2.745770e+003;1.347326e-001
2.746252e+003;1.348330e-001
2.746735e+003;1.349340e-001
2.747217e+003;1.350333e-001
2.747699e+003;1.351279e-001
2.748181e+003;1.352158e-001
2.748663e+003;1.352949e-001
2.749145e+003;1.353662e-001
2.749627e+003;1.354322e-001
2.750110e+003;1.354966e-001
2.750592e+003;1.355637e-001
2.751074e+003;1.356367e-001
2.751556e+003;1.357172e-001
2.752038e+003;1.358050e-001
2.752520e+003;1.358989e-001
2.753002e+003;1.359976e-001
2.753485e+003;1.360995e-001
2.753967e+003;1.362039e-001
2.754449e+003;1.363108e-001
2.754931e+003;1.364198e-001
2.755413e+003;1.365309e-001
2.755895e+003;1.366426e-001
2.756377e+003;1.367535e-001
2.756859e+003;1.368614e-001
2.757342e+003;1.369648e-001
2.757824e+003;1.370625e-001
2.758306e+003;1.371541e-001
2.758788e+003;1.372402e-001
2.759270e+003;1.373235e-001
2.759752e+003;1.374062e-001
2.760234e+003;1.374913e-001
2.760717e+003;1.375826e-001
2.761199e+003;1.376827e-001
2.761681e+003;1.377932e-001
2.762163e+003;1.379143e-001
2.762645e+003;1.380449e-001
2.763127e+003;1.381812e-001
2.763609e+003;1.383198e-001
2.764092e+003;1.384559e-001
2.764574e+003;1.385855e-001
2.765056e+003;1.387064e-001
2.765538e+003;1.388181e-001
2.766020e+003;1.389208e-001
2.766502e+003;1.390162e-001
2.766984e+003;1.391068e-001
2.767467e+003;1.391946e-001
2.767949e+003;1.392812e-001
2.768431e+003;1.393687e-001
2.768913e+003;1.394590e-001
2.769395e+003;1.395533e-001
2.769877e+003;1.396529e-001
2.770359e+003;1.397581e-001
2.770841e+003;1.398682e-001
2.771323e+003;1.399807e-001
2.771806e+003;1.400933e-001
2.772288e+003;1.402028e-001
2.772770e+003;1.403070e-001
2.773252e+003;1.404062e-001
2.773734e+003;1.405023e-001
2.774216e+003;1.405996e-001
2.774698e+003;1.407026e-001
2.775181e+003;1.408152e-001
2.775663e+003;1.409383e-001
2.776145e+003;1.410706e-001
2.776627e+003;1.412075e-001
2.777109e+003;1.413428e-001
2.777591e+003;1.414708e-001
2.778073e+003;1.415867e-001
2.778556e+003;1.416899e-001
2.779038e+003;1.417831e-001
2.779520e+003;1.418703e-001
2.780002e+003;1.419574e-001
2.780484e+003;1.420492e-001
2.780966e+003;1.421486e-001
2.781448e+003;1.422552e-001
2.781931e+003;1.423675e-001
2.782413e+003;1.424834e-001
2.782895e+003;1.426006e-001
2.783377e+003;1.427190e-001
2.783859e+003;1.428403e-001
2.784341e+003;1.429664e-001
2.784823e+003;1.430991e-001
2.785305e+003;1.432387e-001
2.785788e+003;1.433834e-001
2.786270e+003;1.435297e-001
2.786752e+003;1.436749e-001
2.787234e+003;1.438161e-001
2.787716e+003;1.439534e-001
2.788198e+003;1.440893e-001
2.788680e+003;1.442271e-001
2.789163e+003;1.443692e-001
2.789645e+003;1.445167e-001
2.790127e+003;1.446664e-001
2.790609e+003;1.448133e-001
2.791091e+003;1.449514e-001
2.791573e+003;1.450770e-001
2.792055e+003;1.451896e-001
2.792538e+003;1.452930e-001
2.793020e+003;1.453949e-001
2.793502e+003;1.455033e-001
2.793984e+003;1.456235e-001
2.794466e+003;1.457579e-001
2.794948e+003;1.459020e-001
2.795430e+003;1.460506e-001
2.795913e+003;1.461963e-001
2.796395e+003;1.463349e-001
2.796877e+003;1.464663e-001
2.797359e+003;1.465945e-001
2.797841e+003;1.467258e-001
2.798323e+003;1.468647e-001
2.798805e+003;1.470121e-001
2.799288e+003;1.471654e-001
2.799770e+003;1.473173e-001
2.800252e+003;1.474601e-001
2.800734e+003;1.475900e-001
2.801216e+003;1.477074e-001
2.801698e+003;1.478189e-001
2.802180e+003;1.479346e-001
2.802662e+003;1.480650e-001
2.803145e+003;1.482172e-001
2.803627e+003;1.483918e-001
2.804109e+003;1.485839e-001
2.804591e+003;1.487833e-001
2.805073e+003;1.489802e-001
2.805555e+003;1.491667e-001
2.806037e+003;1.493391e-001
2.806520e+003;1.494992e-001
2.807002e+003;1.496511e-001
2.807484e+003;1.497991e-001
2.807966e+003;1.499450e-001
2.808448e+003;1.500875e-001
2.808930e+003;1.502223e-001
2.809412e+003;1.503450e-001
2.809895e+003;1.504527e-001
2.810377e+003;1.505480e-001
2.810859e+003;1.506376e-001
2.811341e+003;1.507317e-001
2.811823e+003;1.508419e-001
2.812305e+003;1.509757e-001
2.812787e+003;1.511362e-001
2.813270e+003;1.513210e-001
2.813752e+003;1.515224e-001
2.814234e+003;1.517306e-001
2.814716e+003;1.519375e-001
2.815198e+003;1.521387e-001
2.815680e+003;1.523342e-001
2.816162e+003;1.525259e-001
2.816645e+003;1.527182e-001
2.817126e+003;1.529135e-001
2.817609e+003;1.531116e-001
2.818091e+003;1.533084e-001
2.818573e+003;1.534984e-001
2.819055e+003;1.536781e-001
2.819537e+003;1.538450e-001
2.820019e+003;1.540017e-001
2.820501e+003;1.541530e-001
2.820984e+003;1.543057e-001
2.821466e+003;1.544660e-001
2.821948e+003;1.546374e-001
2.822430e+003;1.548210e-001
2.822912e+003;1.550152e-001
2.823394e+003;1.552157e-001
2.823876e+003;1.554190e-001
2.824359e+003;1.556200e-001
2.824841e+003;1.558163e-001
2.825323e+003;1.560049e-001
2.825805e+003;1.561851e-001
2.826287e+003;1.563575e-001
2.826769e+003;1.565248e-001
2.827251e+003;1.566910e-001
2.827734e+003;1.568620e-001
2.828216e+003;1.570431e-001
2.828698e+003;1.572371e-001
2.829180e+003;1.574450e-001
2.829662e+003;1.576627e-001
2.830144e+003;1.578840e-001
2.830626e+003;1.581009e-001
2.831109e+003;1.583085e-001
2.831591e+003;1.585040e-001
2.832073e+003;1.586893e-001
2.832555e+003;1.588691e-001
2.833037e+003;1.590491e-001
2.833519e+003;1.592340e-001
2.834001e+003;1.594262e-001
2.834483e+003;1.596248e-001
2.834966e+003;1.598279e-001
2.835448e+003;1.600318e-001
2.835930e+003;1.602355e-001
2.836412e+003;1.604381e-001
2.836894e+003;1.606394e-001
2.837376e+003;1.608404e-001
2.837858e+003;1.610408e-001
2.838341e+003;1.612405e-001
2.838823e+003;1.614377e-001
2.839305e+003;1.616325e-001
2.839787e+003;1.618240e-001
2.840269e+003;1.620125e-001
2.840751e+003;1.621969e-001
2.841233e+003;1.623746e-001
2.841716e+003;1.625433e-001
2.842198e+003;1.626983e-001
2.842680e+003;1.628377e-001
2.843162e+003;1.629608e-001
2.843644e+003;1.630703e-001
2.844126e+003;1.631711e-001
2.844608e+003;1.632687e-001
2.845091e+003;1.633671e-001
2.845573e+003;1.634691e-001
2.846055e+003;1.635738e-001
2.846537e+003;1.636806e-001
2.847019e+003;1.637886e-001
2.847501e+003;1.639003e-001
2.847983e+003;1.640205e-001
2.848466e+003;1.641558e-001
2.848948e+003;1.643116e-001
2.849430e+003;1.644911e-001
2.849912e+003;1.646929e-001
2.850394e+003;1.649123e-001
2.850876e+003;1.651435e-001
2.851358e+003;1.653800e-001
2.851840e+003;1.656193e-001
2.852323e+003;1.658612e-001
2.852805e+003;1.661078e-001
2.853287e+003;1.663619e-001
2.853769e+003;1.666256e-001
2.854251e+003;1.668991e-001
2.854733e+003;1.671808e-001
2.855215e+003;1.674680e-001
2.855698e+003;1.677586e-001
2.856180e+003;1.680506e-001
2.856662e+003;1.683432e-001
2.857144e+003;1.686365e-001
2.857626e+003;1.689310e-001
2.858108e+003;1.692284e-001
2.858590e+003;1.695296e-001
2.859073e+003;1.698367e-001
2.859555e+003;1.701515e-001
2.860037e+003;1.704749e-001
2.860519e+003;1.708054e-001
2.861001e+003;1.711405e-001
2.861483e+003;1.714744e-001
2.861965e+003;1.718022e-001
2.862448e+003;1.721197e-001
2.862930e+003;1.724255e-001
2.863412e+003;1.727226e-001
2.863894e+003;1.730149e-001
2.864376e+003;1.733075e-001
2.864858e+003;1.736033e-001
2.865340e+003;1.739031e-001
2.865823e+003;1.742038e-001
2.866304e+003;1.745018e-001
2.866787e+003;1.747962e-001
2.867269e+003;1.750873e-001
2.867751e+003;1.753793e-001
2.868233e+003;1.756777e-001
2.868715e+003;1.759869e-001
2.869197e+003;1.763077e-001
2.869679e+003;1.766359e-001
2.870162e+003;1.769647e-001
2.870644e+003;1.772855e-001
2.871126e+003;1.775923e-001
2.871608e+003;1.778836e-001
2.872090e+003;1.781631e-001
2.872572e+003;1.784373e-001
2.873054e+003;1.787138e-001
2.873537e+003;1.789986e-001
2.874019e+003;1.792931e-001
2.874501e+003;1.795966e-001
2.874983e+003;1.799055e-001
2.875465e+003;1.802159e-001
2.875947e+003;1.805251e-001
2.876429e+003;1.808313e-001
2.876912e+003;1.811335e-001
2.877394e+003;1.814331e-001
2.877876e+003;1.817286e-001
2.878358e+003;1.820198e-001
2.878840e+003;1.823058e-001
2.879322e+003;1.825874e-001
2.879804e+003;1.828661e-001
2.880287e+003;1.831453e-001
2.880769e+003;1.834293e-001
2.881251e+003;1.837224e-001
2.881733e+003;1.840267e-001
2.882215e+003;1.843432e-001
2.882697e+003;1.846699e-001
2.883179e+003;1.850026e-001
2.883661e+003;1.853349e-001
2.884144e+003;1.856617e-001
2.884626e+003;1.859759e-001
2.885108e+003;1.862748e-001
2.885590e+003;1.865573e-001
2.886072e+003;1.868264e-001
2.886554e+003;1.870883e-001
2.887036e+003;1.873502e-001
2.887519e+003;1.876187e-001
2.888001e+003;1.878989e-001
2.888483e+003;1.881904e-001
2.888965e+003;1.884890e-001
2.889447e+003;1.887880e-001
2.889929e+003;1.890786e-001
2.890411e+003;1.893546e-001
2.890894e+003;1.896126e-001
2.891376e+003;1.898533e-001
2.891858e+003;1.900808e-001
2.892340e+003;1.903009e-001
2.892822e+003;1.905182e-001
2.893304e+003;1.907361e-001
2.893786e+003;1.909571e-001
2.894269e+003;1.911807e-001
2.894751e+003;1.914092e-001
2.895233e+003;1.916445e-001
2.895715e+003;1.918908e-001
2.896197e+003;1.921528e-001
2.896679e+003;1.924353e-001
2.897161e+003;1.927414e-001
2.897644e+003;1.930721e-001
2.898125e+003;1.934256e-001
2.898608e+003;1.937994e-001
2.899090e+003;1.941890e-001
2.899572e+003;1.945908e-001
2.900054e+003;1.950006e-001
2.900536e+003;1.954148e-001
2.901018e+003;1.958284e-001
2.901500e+003;1.962377e-001
2.901983e+003;1.966383e-001
2.902465e+003;1.970279e-001
2.902947e+003;1.974044e-001
2.903429e+003;1.977687e-001
2.903911e+003;1.981215e-001
2.904393e+003;1.984646e-001
2.904875e+003;1.987987e-001
2.905358e+003;1.991242e-001
2.905840e+003;1.994398e-001
2.906322e+003;1.997439e-001
2.906804e+003;2.000352e-001
2.907286e+003;2.003133e-001
2.907768e+003;2.005782e-001
2.908250e+003;2.008313e-001
2.908733e+003;2.010736e-001
2.909215e+003;2.013077e-001
2.909697e+003;2.015347e-001
2.910179e+003;2.017584e-001
2.910661e+003;2.019815e-001
2.911143e+003;2.022082e-001
2.911625e+003;2.024417e-001
2.912108e+003;2.026839e-001
2.912590e+003;2.029342e-001
2.913072e+003;2.031904e-001
2.913554e+003;2.034486e-001
2.914036e+003;2.037065e-001
2.914518e+003;2.039620e-001
2.915000e+003;2.042179e-001
2.915482e+003;2.044801e-001
2.915965e+003;2.047564e-001
2.916447e+003;2.050522e-001
2.916929e+003;2.053727e-001
2.917411e+003;2.057158e-001
2.917893e+003;2.060763e-001
2.918375e+003;2.064462e-001
2.918857e+003;2.068170e-001
2.919340e+003;2.071843e-001
2.919822e+003;2.075471e-001
2.920304e+003;2.079090e-001
2.920786e+003;2.082764e-001
2.921268e+003;2.086556e-001
2.921750e+003;2.090533e-001
2.922232e+003;2.094720e-001
2.922715e+003;2.099125e-001
2.923197e+003;2.103748e-001
2.923679e+003;2.108576e-001
2.924161e+003;2.113590e-001
2.924643e+003;2.118780e-001
2.925125e+003;2.124120e-001
2.925607e+003;2.129570e-001
2.926090e+003;2.135082e-001
2.926572e+003;2.140603e-001
2.927054e+003;2.146087e-001
2.927536e+003;2.151504e-001
2.928018e+003;2.156832e-001
2.928500e+003;2.162066e-001
2.928982e+003;2.167215e-001
2.929465e+003;2.172294e-001
2.929947e+003;2.177310e-001
2.930429e+003;2.182304e-001
2.930911e+003;2.187317e-001
2.931393e+003;2.192422e-001
2.931875e+003;2.197690e-001
2.932357e+003;2.203187e-001
2.932839e+003;2.208943e-001
2.933322e+003;2.214954e-001
2.933804e+003;2.221150e-001
2.934286e+003;2.227454e-001
2.934768e+003;2.233779e-001
2.935250e+003;2.240058e-001
2.935732e+003;2.246263e-001
2.936214e+003;2.252389e-001
2.936697e+003;2.258452e-001
2.937179e+003;2.264447e-001
2.937661e+003;2.270348e-001
2.938143e+003;2.276118e-001
2.938625e+003;2.281711e-001
2.939107e+003;2.287112e-001
2.939589e+003;2.292348e-001
2.940072e+003;2.297473e-001
2.940554e+003;2.302564e-001
2.941036e+003;2.307682e-001
2.941518e+003;2.312830e-001
2.942000e+003;2.317946e-001
2.942482e+003;2.322938e-001
2.942964e+003;2.327697e-001
2.943447e+003;2.332158e-001
2.943929e+003;2.336336e-001
2.944411e+003;2.340330e-001
2.944893e+003;2.344304e-001
2.945375e+003;2.348440e-001
2.945857e+003;2.352892e-001
2.946339e+003;2.357735e-001
2.946822e+003;2.362945e-001
2.947303e+003;2.368435e-001
2.947786e+003;2.374061e-001
2.948268e+003;2.379682e-001
2.948750e+003;2.385186e-001
2.949232e+003;2.390520e-001
2.949714e+003;2.395674e-001
2.950196e+003;2.400666e-001
2.950678e+003;2.405517e-001
2.951161e+003;2.410239e-001
2.951643e+003;2.414820e-001
2.952125e+003;2.419248e-001
2.952607e+003;2.423513e-001
2.953089e+003;2.427636e-001
2.953571e+003;2.431669e-001
2.954053e+003;2.435713e-001
2.954536e+003;2.439872e-001
2.955018e+003;2.444254e-001
2.955500e+003;2.448929e-001
2.955982e+003;2.453919e-001
2.956464e+003;2.459181e-001
2.956946e+003;2.464625e-001
2.957428e+003;2.470144e-001
2.957911e+003;2.475633e-001
2.958393e+003;2.481041e-001
2.958875e+003;2.486361e-001
2.959357e+003;2.491654e-001
2.959839e+003;2.497003e-001
2.960321e+003;2.502501e-001
2.960803e+003;2.508194e-001
2.961286e+003;2.514093e-001
2.961768e+003;2.520159e-001
2.962250e+003;2.526327e-001
2.962732e+003;2.532540e-001
2.963214e+003;2.538763e-001
2.963696e+003;2.545018e-001
2.964178e+003;2.551349e-001
2.964660e+003;2.557814e-001
2.965143e+003;2.564461e-001
2.965625e+003;2.571287e-001
2.966107e+003;2.578261e-001
2.966589e+003;2.585297e-001
2.967071e+003;2.592308e-001
2.967553e+003;2.599216e-001
2.968035e+003;2.605987e-001
2.968518e+003;2.612625e-001
2.969000e+003;2.619183e-001
2.969482e+003;2.625737e-001
2.969964e+003;2.632367e-001
2.970446e+003;2.639134e-001
2.970928e+003;2.646073e-001
2.971410e+003;2.653160e-001
2.971893e+003;2.660352e-001
2.972375e+003;2.667564e-001
2.972857e+003;2.674726e-001
2.973339e+003;2.681763e-001
2.973821e+003;2.688648e-001
2.974303e+003;2.695380e-001
2.974785e+003;2.701993e-001
2.975268e+003;2.708551e-001
2.975750e+003;2.715117e-001
2.976232e+003;2.721747e-001
2.976714e+003;2.728484e-001
2.977196e+003;2.735343e-001
2.977678e+003;2.742332e-001
2.978160e+003;2.749430e-001
2.978643e+003;2.756617e-001
2.979125e+003;2.763875e-001
2.979607e+003;2.771181e-001
2.980089e+003;2.778519e-001
2.980571e+003;2.785881e-001
2.981053e+003;2.793260e-001
2.981535e+003;2.800658e-001
2.982017e+003;2.808079e-001
2.982500e+003;2.815532e-001
2.982982e+003;2.823018e-001
2.983464e+003;2.830523e-001
2.983946e+003;2.838033e-001
2.984428e+003;2.845528e-001
2.984910e+003;2.853006e-001
2.985392e+003;2.860478e-001
2.985875e+003;2.867983e-001
2.986357e+003;2.875575e-001
2.986839e+003;2.883303e-001
2.987321e+003;2.891198e-001
2.987803e+003;2.899253e-001
2.988285e+003;2.907419e-001
2.988767e+003;2.915633e-001
2.989250e+003;2.923821e-001
2.989732e+003;2.931931e-001
2.990214e+003;2.939957e-001
2.990696e+003;2.947930e-001
2.991178e+003;2.955911e-001
2.991660e+003;2.963956e-001
2.992142e+003;2.972105e-001
2.992625e+003;2.980363e-001
2.993107e+003;2.988701e-001
2.993589e+003;2.997085e-001
2.994071e+003;3.005486e-001
2.994553e+003;3.013901e-001
2.995035e+003;3.022366e-001
2.995517e+003;3.030919e-001
2.996000e+003;3.039626e-001
2.996481e+003;3.048500e-001
2.996964e+003;3.057526e-001
2.997446e+003;3.066640e-001
2.997928e+003;3.075743e-001
2.998410e+003;3.084722e-001
2.998892e+003;3.093487e-001
2.999374e+003;3.101996e-001
2.999856e+003;3.110272e-001
3.000339e+003;3.118395e-001
3.000821e+003;3.126495e-001
3.001303e+003;3.134712e-001
3.001785e+003;3.143169e-001
3.002267e+003;3.151938e-001
3.002749e+003;3.161032e-001
3.003231e+003;3.170386e-001
3.003714e+003;3.179906e-001
3.004196e+003;3.189475e-001
3.004678e+003;3.199006e-001
3.005160e+003;3.208460e-001
3.005642e+003;3.217851e-001
3.006124e+003;3.227244e-001
3.006606e+003;3.236721e-001
3.007089e+003;3.246353e-001
3.007571e+003;3.256177e-001
3.008053e+003;3.266174e-001
3.008535e+003;3.276292e-001
3.009017e+003;3.286465e-001
3.009499e+003;3.296622e-001
3.009981e+003;3.306725e-001
3.010464e+003;3.316774e-001
3.010946e+003;3.326798e-001
3.011428e+003;3.336843e-001
3.011910e+003;3.346949e-001
3.012392e+003;3.357131e-001
3.012874e+003;3.367395e-001
3.013356e+003;3.377709e-001
3.013838e+003;3.388049e-001
3.014321e+003;3.398389e-001
3.014803e+003;3.408732e-001
3.015285e+003;3.419110e-001
3.015767e+003;3.429563e-001
3.016249e+003;3.440139e-001
3.016731e+003;3.450867e-001
3.017213e+003;3.461744e-001
3.017696e+003;3.472736e-001
3.018178e+003;3.483776e-001
3.018660e+003;3.494797e-001
3.019142e+003;3.505746e-001
3.019624e+003;3.516609e-001
3.020106e+003;3.527429e-001
3.020588e+003;3.538268e-001
3.021071e+003;3.549207e-001
3.021553e+003;3.560294e-001
3.022035e+003;3.571540e-001
3.022517e+003;3.582892e-001
3.022999e+003;3.594274e-001
3.023481e+003;3.605578e-001
3.023963e+003;3.616734e-001
3.024446e+003;3.627722e-001
3.024928e+003;3.638556e-001
3.025410e+003;3.649319e-001
3.025892e+003;3.660108e-001
3.026374e+003;3.671007e-001
3.026856e+003;3.682096e-001
3.027338e+003;3.693412e-001
3.027821e+003;3.704977e-001
3.028302e+003;3.716788e-001
3.028785e+003;3.728843e-001
3.029267e+003;3.741126e-001
3.029749e+003;3.753605e-001
3.030231e+003;3.766227e-001
3.030713e+003;3.778933e-001
3.031195e+003;3.791662e-001
3.031677e+003;3.804353e-001
3.032160e+003;3.816976e-001
3.032642e+003;3.829533e-001
3.033124e+003;3.842030e-001
3.033606e+003;3.854490e-001
3.034088e+003;3.866920e-001
3.034570e+003;3.879312e-001
3.035052e+003;3.891643e-001
3.035535e+003;3.903902e-001
3.036017e+003;3.916095e-001
3.036499e+003;3.928266e-001
3.036981e+003;3.940485e-001
3.037463e+003;3.952819e-001
3.037945e+003;3.965326e-001
3.038427e+003;3.978023e-001
3.038910e+003;3.990891e-001
3.039392e+003;4.003874e-001
3.039874e+003;4.016914e-001
3.040356e+003;4.029968e-001
3.040838e+003;4.043025e-001
3.041320e+003;4.056110e-001
3.041802e+003;4.069269e-001
3.042285e+003;4.082549e-001
3.042767e+003;4.095986e-001
3.043249e+003;4.109592e-001
3.043731e+003;4.123340e-001
3.044213e+003;4.137186e-001
3.044695e+003;4.151070e-001
3.045177e+003;4.164931e-001
3.045659e+003;4.178702e-001
3.046142e+003;4.192347e-001
3.046624e+003;4.205846e-001
3.047106e+003;4.219200e-001
3.047588e+003;4.232443e-001
3.048070e+003;4.245632e-001
3.048552e+003;4.258829e-001
3.049034e+003;4.272097e-001
3.049517e+003;4.285489e-001
3.049999e+003;4.299036e-001
3.050481e+003;4.312774e-001
3.050963e+003;4.326724e-001
3.051445e+003;4.340926e-001
3.051927e+003;4.355420e-001
3.052409e+003;4.370243e-001
3.052892e+003;4.385395e-001
3.053374e+003;4.400829e-001
3.053856e+003;4.416455e-001
3.054338e+003;4.432118e-001
3.054820e+003;4.447675e-001
3.055302e+003;4.462990e-001
3.055784e+003;4.478002e-001
3.056267e+003;4.492724e-001
3.056749e+003;4.507234e-001
3.057231e+003;4.521662e-001
3.057713e+003;4.536134e-001
3.058195e+003;4.550741e-001
3.058677e+003;4.565519e-001
3.059159e+003;4.580459e-001
3.059642e+003;4.595509e-001
3.060124e+003;4.610625e-001
3.060606e+003;4.625766e-001
3.061088e+003;4.640930e-001
3.061570e+003;4.656139e-001
3.062052e+003;4.671417e-001
3.062534e+003;4.686796e-001
3.063016e+003;4.702274e-001
3.063499e+003;4.717828e-001
3.063981e+003;4.733424e-001
3.064463e+003;4.749037e-001
3.064945e+003;4.764635e-001
3.065427e+003;4.780222e-001
3.065909e+003;4.795824e-001
3.066391e+003;4.811478e-001
3.066874e+003;4.827226e-001
3.067356e+003;4.843111e-001
3.067838e+003;4.859161e-001
3.068320e+003;4.875400e-001
3.068802e+003;4.891829e-001
3.069284e+003;4.908448e-001
3.069766e+003;4.925253e-001
3.070249e+003;4.942202e-001
3.070731e+003;4.959271e-001
3.071213e+003;4.976378e-001
3.071695e+003;4.993457e-001
3.072177e+003;5.010445e-001
3.072659e+003;5.027291e-001
3.073141e+003;5.043992e-001
3.073624e+003;5.060588e-001
3.074106e+003;5.077149e-001
3.074588e+003;5.093768e-001
3.075070e+003;5.110517e-001
3.075552e+003;5.127442e-001
3.076034e+003;5.144550e-001
3.076516e+003;5.161807e-001
3.076999e+003;5.179163e-001
3.077480e+003;5.196577e-001
3.077963e+003;5.214025e-001
3.078445e+003;5.231494e-001
3.078927e+003;5.248986e-001
3.079409e+003;5.266500e-001
3.079891e+003;5.284017e-001
3.080373e+003;5.301513e-001
3.080855e+003;5.318968e-001
3.081338e+003;5.336389e-001
3.081820e+003;5.353816e-001
3.082302e+003;5.371320e-001
3.082784e+003;5.388973e-001
3.083266e+003;5.406830e-001
3.083748e+003;5.424902e-001
3.084230e+003;5.443141e-001
3.084713e+003;5.461489e-001
3.085195e+003;5.479872e-001
3.085677e+003;5.498249e-001
3.086159e+003;5.516630e-001
3.086641e+003;5.535042e-001
3.087123e+003;5.553548e-001
3.087605e+003;5.572163e-001
3.088088e+003;5.590891e-001
3.088570e+003;5.609697e-001
3.089052e+003;5.628536e-001
3.089534e+003;5.647374e-001
3.090016e+003;5.666220e-001
3.090498e+003;5.685109e-001
3.090980e+003;5.704092e-001
3.091463e+003;5.723201e-001
3.091945e+003;5.742431e-001
3.092427e+003;5.761746e-001
3.092909e+003;5.781077e-001
3.093391e+003;5.800372e-001
3.093873e+003;5.819610e-001
3.094355e+003;5.838813e-001
3.094837e+003;5.858040e-001
3.095320e+003;5.877345e-001
3.095802e+003;5.896775e-001
3.096284e+003;5.916325e-001
3.096766e+003;5.935972e-001
3.097248e+003;5.955667e-001
3.097730e+003;5.975370e-001
3.098212e+003;5.995070e-001
3.098695e+003;6.014789e-001
3.099177e+003;6.034555e-001
3.099659e+003;6.054403e-001
3.100141e+003;6.074349e-001
3.100623e+003;6.094393e-001
3.101105e+003;6.114526e-001
3.101587e+003;6.134721e-001
3.102070e+003;6.154968e-001
3.102552e+003;6.175247e-001
3.103034e+003;6.195544e-001
3.103516e+003;6.215838e-001
3.103998e+003;6.236125e-001
3.104480e+003;6.256394e-001
3.104962e+003;6.276675e-001
3.105445e+003;6.297018e-001
3.105927e+003;6.317471e-001
3.106409e+003;6.338082e-001
3.106891e+003;6.358865e-001
3.107373e+003;6.379778e-001
3.107855e+003;6.400753e-001
3.108337e+003;6.421719e-001
3.108820e+003;6.442617e-001
3.109302e+003;6.463444e-001
3.109784e+003;6.484241e-001
3.110266e+003;6.505077e-001
3.110748e+003;6.526016e-001
3.111230e+003;6.547058e-001
3.111712e+003;6.568164e-001
3.112194e+003;6.589249e-001
3.112677e+003;6.610226e-001
3.113159e+003;6.631046e-001
3.113641e+003;6.651722e-001
3.114123e+003;6.672332e-001
3.114605e+003;6.692976e-001
3.115087e+003;6.713764e-001
3.115569e+003;6.734757e-001
3.116052e+003;6.755963e-001
3.116534e+003;6.777337e-001
3.117016e+003;6.798811e-001
3.117498e+003;6.820307e-001
3.117980e+003;6.841772e-001
3.118462e+003;6.863177e-001
3.118944e+003;6.884533e-001
3.119427e+003;6.905871e-001
3.119909e+003;6.927259e-001
3.120391e+003;6.948773e-001
3.120873e+003;6.970531e-001
3.121355e+003;6.992616e-001
3.121837e+003;7.015100e-001
3.122319e+003;7.037979e-001
3.122802e+003;7.061170e-001
3.123284e+003;7.084536e-001
3.123766e+003;7.107882e-001
3.124248e+003;7.131042e-001
3.124730e+003;7.153890e-001
3.125212e+003;7.176384e-001
3.125694e+003;7.198557e-001
3.126177e+003;7.220500e-001
3.126658e+003;7.242301e-001
3.127141e+003;7.264037e-001
3.127623e+003;7.285770e-001
3.128105e+003;7.307529e-001
3.128587e+003;7.329342e-001
3.129069e+003;7.351252e-001
3.129551e+003;7.373313e-001
3.130033e+003;7.395565e-001
3.130516e+003;7.418020e-001
3.130998e+003;7.440659e-001
3.131480e+003;7.463418e-001
3.131962e+003;7.486212e-001
3.132444e+003;7.508957e-001
3.132926e+003;7.531608e-001
3.133408e+003;7.554155e-001
3.133891e+003;7.576613e-001
3.134373e+003;7.599021e-001
3.134855e+003;7.621415e-001
3.135337e+003;7.643827e-001
3.135819e+003;7.666271e-001
3.136301e+003;7.688764e-001
3.136783e+003;7.711305e-001
3.137266e+003;7.733924e-001
3.137748e+003;7.756609e-001
3.138230e+003;7.779346e-001
3.138712e+003;7.802100e-001
3.139194e+003;7.824826e-001
3.139676e+003;7.847485e-001
3.140158e+003;7.870072e-001
3.140641e+003;7.892594e-001
3.141123e+003;7.915109e-001
3.141605e+003;7.937675e-001
3.142087e+003;7.960334e-001
3.142569e+003;7.983103e-001
3.143051e+003;8.005974e-001
3.143533e+003;8.028906e-001
3.144015e+003;8.051854e-001
3.144498e+003;8.074793e-001
3.144980e+003;8.097706e-001
3.145462e+003;8.120588e-001
3.145944e+003;8.143439e-001
3.146426e+003;8.166265e-001
3.146908e+003;8.189055e-001
3.147390e+003;8.211802e-001
3.147873e+003;8.234499e-001
3.148355e+003;8.257138e-001
3.148837e+003;8.279723e-001
3.149319e+003;8.302242e-001
3.149801e+003;8.324689e-001
3.150283e+003;8.347056e-001
3.150765e+003;8.369357e-001
3.151248e+003;8.391630e-001
3.151730e+003;8.413928e-001
3.152212e+003;8.436322e-001
3.152694e+003;8.458861e-001
3.153176e+003;8.481548e-001
3.153658e+003;8.504332e-001
3.154140e+003;8.527105e-001
3.154623e+003;8.549742e-001
3.155105e+003;8.572146e-001
3.155587e+003;8.594276e-001
3.156069e+003;8.616172e-001
3.156551e+003;8.637947e-001
3.157033e+003;8.659739e-001
3.157515e+003;8.681667e-001
3.157998e+003;8.703815e-001
3.158479e+003;8.726192e-001
3.158962e+003;8.748769e-001
3.159444e+003;8.771467e-001
3.159926e+003;8.794215e-001
3.160408e+003;8.816940e-001
3.160890e+003;8.839592e-001
3.161372e+003;8.862118e-001
3.161854e+003;8.884488e-001
3.162337e+003;8.906685e-001
3.162819e+003;8.928707e-001
3.163301e+003;8.950582e-001
3.163783e+003;8.972354e-001
3.164265e+003;8.994080e-001
3.164747e+003;9.015812e-001
3.165229e+003;9.037545e-001
3.165712e+003;9.059259e-001
3.166194e+003;9.080898e-001
3.166676e+003;9.102389e-001
3.167158e+003;9.123694e-001
3.167640e+003;9.144803e-001
3.168122e+003;9.165769e-001
3.168604e+003;9.186680e-001
3.169087e+003;9.207646e-001
3.169569e+003;9.228795e-001
3.170051e+003;9.250227e-001
3.170533e+003;9.271999e-001
3.171015e+003;9.294124e-001
3.171497e+003;9.316524e-001
3.171979e+003;9.339079e-001
3.172461e+003;9.361608e-001
3.172944e+003;9.383923e-001
3.173426e+003;9.405872e-001
3.173908e+003;9.427374e-001
3.174390e+003;9.448455e-001
3.174872e+003;9.469225e-001
3.175354e+003;9.489847e-001
3.175836e+003;9.510474e-001
3.176319e+003;9.531187e-001
3.176801e+003;9.551973e-001
3.177283e+003;9.572758e-001
3.177765e+003;9.593423e-001
3.178247e+003;9.613876e-001
3.178729e+003;9.634095e-001
3.179211e+003;9.654115e-001
3.179694e+003;9.674022e-001
3.180176e+003;9.693888e-001
3.180658e+003;9.713750e-001
3.181140e+003;9.733576e-001
3.181622e+003;9.753309e-001
3.182104e+003;9.772898e-001
3.182586e+003;9.792335e-001
3.183069e+003;9.811657e-001
3.183551e+003;9.830944e-001
3.184033e+003;9.850255e-001
3.184515e+003;9.869612e-001
3.184997e+003;9.888976e-001
3.185479e+003;9.908257e-001
3.185961e+003;9.927377e-001
3.186444e+003;9.946274e-001
3.186926e+003;9.964957e-001
3.187408e+003;9.983485e-001
3.187890e+003;1.000191e+000
3.188372e+003;1.002028e+000
3.188854e+003;1.003855e+000
3.189336e+003;1.005667e+000
3.189818e+003;1.007455e+000
3.190301e+003;1.009216e+000
3.190783e+003;1.010950e+000
3.191265e+003;1.012667e+000
3.191747e+003;1.014378e+000
3.192229e+003;1.016095e+000
3.192711e+003;1.017828e+000
3.193193e+003;1.019583e+000
3.193676e+003;1.021359e+000
3.194158e+003;1.023153e+000
3.194640e+003;1.024961e+000
3.195122e+003;1.026778e+000
3.195604e+003;1.028594e+000
3.196086e+003;1.030398e+000
3.196568e+003;1.032176e+000
3.197051e+003;1.033912e+000
3.197533e+003;1.035596e+000
3.198015e+003;1.037225e+000
3.198497e+003;1.038800e+000
3.198979e+003;1.040332e+000
3.199461e+003;1.041835e+000
3.199943e+003;1.043322e+000
3.200426e+003;1.044806e+000
3.200908e+003;1.046297e+000
3.201390e+003;1.047801e+000
3.201872e+003;1.049321e+000
3.202354e+003;1.050858e+000
3.202836e+003;1.052406e+000
3.203318e+003;1.053960e+000
3.203801e+003;1.055505e+000
3.204282e+003;1.057030e+000
3.204765e+003;1.058525e+000
3.205247e+003;1.059989e+000
3.205729e+003;1.061429e+000
3.206211e+003;1.062858e+000
3.206693e+003;1.064292e+000
3.207175e+003;1.065738e+000
3.207657e+003;1.067194e+000
3.208140e+003;1.068649e+000
3.208622e+003;1.070083e+000
3.209104e+003;1.071479e+000
3.209586e+003;1.072826e+000
3.210068e+003;1.074126e+000
3.210550e+003;1.075391e+000
3.211032e+003;1.076637e+000
3.211515e+003;1.077881e+000
3.211997e+003;1.079131e+000
3.212479e+003;1.080388e+000
3.212961e+003;1.081645e+000
3.213443e+003;1.082896e+000
3.213925e+003;1.084130e+000
3.214407e+003;1.085342e+000
3.214890e+003;1.086528e+000
3.215372e+003;1.087684e+000
3.215854e+003;1.088805e+000
3.216336e+003;1.089890e+000
3.216818e+003;1.090944e+000
3.217300e+003;1.091980e+000
3.217782e+003;1.093019e+000
3.218265e+003;1.094088e+000
3.218747e+003;1.095209e+000
3.219229e+003;1.096393e+000
3.219711e+003;1.097638e+000
3.220193e+003;1.098923e+000
3.220675e+003;1.100218e+000
3.221157e+003;1.101494e+000
3.221639e+003;1.102723e+000
3.222122e+003;1.103887e+000
3.222604e+003;1.104980e+000
3.223086e+003;1.106003e+000
3.223568e+003;1.106959e+000
3.224050e+003;1.107859e+000
3.224532e+003;1.108711e+000
3.225014e+003;1.109527e+000
3.225497e+003;1.110321e+000
3.225979e+003;1.111108e+000
3.226461e+003;1.111899e+000
3.226943e+003;1.112700e+000
3.227425e+003;1.113511e+000
3.227907e+003;1.114325e+000
3.228389e+003;1.115132e+000
3.228872e+003;1.115929e+000
3.229354e+003;1.116714e+000
3.229836e+003;1.117496e+000
3.230318e+003;1.118285e+000
3.230800e+003;1.119090e+000
3.231282e+003;1.119912e+000
3.231764e+003;1.120746e+000
3.232247e+003;1.121578e+000
3.232729e+003;1.122391e+000
3.233211e+003;1.123168e+000
3.233693e+003;1.123898e+000
3.234175e+003;1.124577e+000
3.234657e+003;1.125205e+000
3.235139e+003;1.125790e+000
3.235622e+003;1.126344e+000
3.236104e+003;1.126878e+000
3.236586e+003;1.127409e+000
3.237068e+003;1.127949e+000
3.237550e+003;1.128509e+000
3.238032e+003;1.129093e+000
3.238514e+003;1.129697e+000
3.238996e+003;1.130311e+000
3.239479e+003;1.130916e+000
3.239961e+003;1.131498e+000
3.240443e+003;1.132041e+000
3.240925e+003;1.132540e+000
3.241407e+003;1.132999e+000
3.241889e+003;1.133425e+000
3.242371e+003;1.133830e+000
3.242854e+003;1.134223e+000
3.243336e+003;1.134611e+000
3.243818e+003;1.135000e+000
3.244300e+003;1.135394e+000
3.244782e+003;1.135797e+000
3.245264e+003;1.136212e+000
3.245746e+003;1.136640e+000
3.246229e+003;1.137081e+000
3.246711e+003;1.137528e+000
3.247193e+003;1.137975e+000
3.247675e+003;1.138416e+000
3.248157e+003;1.138849e+000
3.248639e+003;1.139273e+000
3.249121e+003;1.139689e+000
3.249604e+003;1.140100e+000
3.250086e+003;1.140498e+000
3.250568e+003;1.140872e+000
3.251050e+003;1.141211e+000
3.251532e+003;1.141502e+000
3.252014e+003;1.141742e+000
3.252496e+003;1.141940e+000
3.252979e+003;1.142113e+000
3.253460e+003;1.142284e+000
3.253943e+003;1.142475e+000
3.254425e+003;1.142698e+000
3.254907e+003;1.142956e+000
3.255389e+003;1.143239e+000
3.255871e+003;1.143534e+000
3.256353e+003;1.143828e+000
3.256835e+003;1.144111e+000
3.257318e+003;1.144379e+000
3.257800e+003;1.144632e+000
3.258282e+003;1.144872e+000
3.258764e+003;1.145099e+000
3.259246e+003;1.145311e+000
3.259728e+003;1.145510e+000
3.260210e+003;1.145695e+000
3.260693e+003;1.145873e+000
3.261175e+003;1.146052e+000
3.261657e+003;1.146236e+000
3.262139e+003;1.146430e+000
3.262621e+003;1.146633e+000
3.263103e+003;1.146838e+000
3.263585e+003;1.147037e+000
3.264068e+003;1.147225e+000
3.264550e+003;1.147400e+000
3.265032e+003;1.147565e+000
3.265514e+003;1.147727e+000
3.265996e+003;1.147891e+000
3.266478e+003;1.148059e+000
3.266960e+003;1.148225e+000
3.267443e+003;1.148382e+000
3.267925e+003;1.148520e+000
3.268407e+003;1.148631e+000
3.268889e+003;1.148718e+000
3.269371e+003;1.148789e+000
3.269853e+003;1.148860e+000
3.270335e+003;1.148951e+000
3.270817e+003;1.149075e+000
3.271300e+003;1.149243e+000
3.271782e+003;1.149450e+000
3.272264e+003;1.149685e+000
3.272746e+003;1.149926e+000
3.273228e+003;1.150148e+000
3.273710e+003;1.150329e+000
3.274192e+003;1.150454e+000
3.274675e+003;1.150518e+000
3.275157e+003;1.150527e+000
3.275639e+003;1.150493e+000
3.276121e+003;1.150434e+000
3.276603e+003;1.150370e+000
3.277085e+003;1.150316e+000
3.277567e+003;1.150287e+000
3.278050e+003;1.150291e+000
3.278532e+003;1.150331e+000
3.279014e+003;1.150410e+000
3.279496e+003;1.150521e+000
3.279978e+003;1.150657e+000
3.280460e+003;1.150804e+000
3.280942e+003;1.150948e+000
3.281425e+003;1.151076e+000
3.281907e+003;1.151176e+000
3.282389e+003;1.151248e+000
3.282871e+003;1.151295e+000
3.283353e+003;1.151332e+000
3.283835e+003;1.151374e+000
3.284317e+003;1.151437e+000
3.284800e+003;1.151530e+000
3.285281e+003;1.151656e+000
3.285764e+003;1.151807e+000
3.286246e+003;1.151969e+000
3.286728e+003;1.152122e+000
3.287210e+003;1.152248e+000
3.287692e+003;1.152330e+000
3.288174e+003;1.152359e+000
3.288656e+003;1.152338e+000
3.289139e+003;1.152275e+000
3.289621e+003;1.152190e+000
3.290103e+003;1.152107e+000
3.290585e+003;1.152048e+000
3.291067e+003;1.152028e+000
3.291549e+003;1.152053e+000
3.292031e+003;1.152117e+000
3.292514e+003;1.152205e+000
3.292996e+003;1.152298e+000
3.293478e+003;1.152380e+000
3.293960e+003;1.152442e+000
3.294442e+003;1.152481e+000
3.294924e+003;1.152502e+000
3.295406e+003;1.152513e+000
3.295889e+003;1.152519e+000
3.296371e+003;1.152524e+000
3.296853e+003;1.152528e+000
3.297335e+003;1.152532e+000
3.297817e+003;1.152536e+000
3.298299e+003;1.152547e+000
3.298781e+003;1.152569e+000
3.299264e+003;1.152604e+000
3.299746e+003;1.152650e+000
3.300228e+003;1.152699e+000
3.300710e+003;1.152743e+000
3.301192e+003;1.152774e+000
3.301674e+003;1.152795e+000
3.302156e+003;1.152816e+000
3.302638e+003;1.152851e+000
3.303121e+003;1.152916e+000
3.303603e+003;1.153016e+000
3.304085e+003;1.153143e+000
3.304567e+003;1.153279e+000
3.305049e+003;1.153400e+000
3.305531e+003;1.153482e+000
3.306013e+003;1.153514e+000
3.306496e+003;1.153497e+000
3.306978e+003;1.153445e+000
3.307460e+003;1.153377e+000
3.307942e+003;1.153315e+000
3.308424e+003;1.153272e+000
3.308906e+003;1.153257e+000
3.309388e+003;1.153273e+000
3.309871e+003;1.153320e+000
3.310353e+003;1.153396e+000
3.310835e+003;1.153501e+000
3.311317e+003;1.153628e+000
3.311799e+003;1.153767e+000
3.312281e+003;1.153904e+000
3.312763e+003;1.154019e+000
3.313246e+003;1.154100e+000
3.313728e+003;1.154139e+000
3.314210e+003;1.154138e+000
3.314692e+003;1.154113e+000
3.315174e+003;1.154082e+000
3.315656e+003;1.154061e+000
3.316138e+003;1.154066e+000
3.316621e+003;1.154099e+000
3.317103e+003;1.154158e+000
3.317585e+003;1.154234e+000
3.318067e+003;1.154314e+000
3.318549e+003;1.154386e+000
3.319031e+003;1.154437e+000
3.319513e+003;1.154456e+000
3.319995e+003;1.154437e+000
3.320478e+003;1.154376e+000
3.320960e+003;1.154276e+000
3.321442e+003;1.154152e+000
3.321924e+003;1.154019e+000
3.322406e+003;1.153903e+000
3.322888e+003;1.153821e+000
3.323370e+003;1.153785e+000
3.323853e+003;1.153792e+000
3.324335e+003;1.153829e+000
3.324817e+003;1.153875e+000
3.325299e+003;1.153908e+000
3.325781e+003;1.153911e+000
3.326263e+003;1.153878e+000
3.326745e+003;1.153811e+000
3.327228e+003;1.153721e+000
3.327710e+003;1.153620e+000
3.328192e+003;1.153521e+000
3.328674e+003;1.153430e+000
3.329156e+003;1.153349e+000
3.329638e+003;1.153277e+000
3.330120e+003;1.153208e+000
3.330603e+003;1.153138e+000
3.331085e+003;1.153063e+000
3.331567e+003;1.152979e+000
3.332049e+003;1.152888e+000
3.332531e+003;1.152790e+000
3.333013e+003;1.152687e+000
3.333495e+003;1.152579e+000
3.333978e+003;1.152465e+000
3.334459e+003;1.152342e+000
3.334942e+003;1.152205e+000
3.335424e+003;1.152051e+000
3.335906e+003;1.151880e+000
3.336388e+003;1.151695e+000
3.336870e+003;1.151507e+000
3.337352e+003;1.151326e+000
3.337834e+003;1.151162e+000
3.338317e+003;1.151017e+000
3.338799e+003;1.150888e+000
3.339281e+003;1.150764e+000
3.339763e+003;1.150635e+000
3.340245e+003;1.150491e+000
3.340727e+003;1.150331e+000
3.341209e+003;1.150160e+000
3.341692e+003;1.149987e+000
3.342174e+003;1.149822e+000
3.342656e+003;1.149667e+000
3.343138e+003;1.149516e+000
3.343620e+003;1.149357e+000
3.344102e+003;1.149174e+000
3.344584e+003;1.148955e+000
3.345067e+003;1.148693e+000
3.345549e+003;1.148390e+000
3.346031e+003;1.148055e+000
3.346513e+003;1.147699e+000
3.346995e+003;1.147335e+000
3.347477e+003;1.146969e+000
3.347959e+003;1.146606e+000
3.348442e+003;1.146248e+000
3.348924e+003;1.145893e+000
3.349406e+003;1.145540e+000
3.349888e+003;1.145186e+000
3.350370e+003;1.144829e+000
3.350852e+003;1.144463e+000
3.351334e+003;1.144087e+000
3.351816e+003;1.143697e+000
3.352299e+003;1.143297e+000
3.352781e+003;1.142889e+000
3.353263e+003;1.142481e+000
3.353745e+003;1.142077e+000
3.354227e+003;1.141677e+000
3.354709e+003;1.141279e+000
3.355191e+003;1.140879e+000
3.355674e+003;1.140468e+000
3.356156e+003;1.140042e+000
3.356638e+003;1.139598e+000
3.357120e+003;1.139141e+000
3.357602e+003;1.138675e+000
3.358084e+003;1.138206e+000
3.358566e+003;1.137738e+000
3.359049e+003;1.137273e+000
3.359531e+003;1.136809e+000
3.360013e+003;1.136342e+000
3.360495e+003;1.135868e+000
3.360977e+003;1.135379e+000
3.361459e+003;1.134868e+000
3.361941e+003;1.134327e+000
3.362424e+003;1.133747e+000
3.362906e+003;1.133126e+000
3.363388e+003;1.132466e+000
3.363870e+003;1.131777e+000
3.364352e+003;1.131073e+000
3.364834e+003;1.130368e+000
3.365316e+003;1.129675e+000
3.365799e+003;1.128997e+000
3.366281e+003;1.128331e+000
3.366763e+003;1.127666e+000
3.367245e+003;1.126988e+000
3.367727e+003;1.126288e+000
3.368209e+003;1.125560e+000
3.368691e+003;1.124806e+000
3.369173e+003;1.124029e+000
3.369656e+003;1.123238e+000
3.370138e+003;1.122437e+000
3.370620e+003;1.121631e+000
3.371102e+003;1.120825e+000
3.371584e+003;1.120023e+000
3.372066e+003;1.119230e+000
3.372548e+003;1.118453e+000
3.373031e+003;1.117693e+000
3.373513e+003;1.116946e+000
3.373995e+003;1.116199e+000
3.374477e+003;1.115437e+000
3.374959e+003;1.114644e+000
3.375441e+003;1.113806e+000
3.375923e+003;1.112923e+000
3.376406e+003;1.111999e+000
3.376888e+003;1.111043e+000
3.377370e+003;1.110067e+000
3.377852e+003;1.109075e+000
3.378334e+003;1.108068e+000
3.378816e+003;1.107041e+000
3.379298e+003;1.105991e+000
3.379781e+003;1.104917e+000
3.380263e+003;1.103830e+000
3.380745e+003;1.102742e+000
3.381227e+003;1.101669e+000
3.381709e+003;1.100621e+000
3.382191e+003;1.099599e+000
3.382673e+003;1.098596e+000
3.383156e+003;1.097600e+000
3.383637e+003;1.096593e+000
3.384120e+003;1.095563e+000
3.384602e+003;1.094500e+000
3.385084e+003;1.093400e+000
3.385566e+003;1.092261e+000
3.386048e+003;1.091085e+000
3.386530e+003;1.089872e+000
3.387012e+003;1.088627e+000
3.387495e+003;1.087357e+000
3.387977e+003;1.086074e+000
3.388459e+003;1.084794e+000
3.388941e+003;1.083529e+000
3.389423e+003;1.082290e+000
3.389905e+003;1.081075e+000
3.390387e+003;1.079875e+000
3.390870e+003;1.078672e+000
3.391352e+003;1.077451e+000
3.391834e+003;1.076198e+000
3.392316e+003;1.074910e+000
3.392798e+003;1.073595e+000
3.393280e+003;1.072267e+000
3.393762e+003;1.070946e+000
3.394245e+003;1.069643e+000
3.394727e+003;1.068363e+000
3.395209e+003;1.067102e+000
3.395691e+003;1.065849e+000
3.396173e+003;1.064587e+000
3.396655e+003;1.063299e+000
3.397137e+003;1.061973e+000
3.397620e+003;1.060601e+000
3.398102e+003;1.059180e+000
3.398584e+003;1.057716e+000
3.399066e+003;1.056217e+000
3.399548e+003;1.054699e+000
3.400030e+003;1.053179e+000
3.400512e+003;1.051672e+000
3.400994e+003;1.050190e+000
3.401477e+003;1.048736e+000
3.401959e+003;1.047305e+000
3.402441e+003;1.045882e+000
3.402923e+003;1.044446e+000
3.403405e+003;1.042977e+000
3.403887e+003;1.041460e+000
3.404369e+003;1.039892e+000
3.404852e+003;1.038277e+000
3.405334e+003;1.036633e+000
3.405816e+003;1.034980e+000
3.406298e+003;1.033341e+000
3.406780e+003;1.031733e+000
3.407262e+003;1.030166e+000
3.407744e+003;1.028638e+000
3.408227e+003;1.027142e+000
3.408709e+003;1.025663e+000
3.409191e+003;1.024185e+000
3.409673e+003;1.022693e+000
3.410155e+003;1.021178e+000
3.410637e+003;1.019637e+000
3.411119e+003;1.018073e+000
3.411602e+003;1.016493e+000
3.412084e+003;1.014903e+000
3.412566e+003;1.013311e+000
3.413048e+003;1.011718e+000
3.413530e+003;1.010118e+000
3.414012e+003;1.008505e+000
3.414494e+003;1.006870e+000
3.414977e+003;1.005209e+000
3.415458e+003;1.003523e+000
3.415941e+003;1.001820e+000
3.416423e+003;1.000112e+000
3.416905e+003;9.984086e-001
3.417387e+003;9.967152e-001
3.417869e+003;9.950315e-001
3.418351e+003;9.933502e-001
3.418833e+003;9.916634e-001
3.419316e+003;9.899638e-001
3.419798e+003;9.882498e-001
3.420280e+003;9.865251e-001
3.420762e+003;9.847954e-001
3.421244e+003;9.830681e-001
3.421726e+003;9.813443e-001
3.422208e+003;9.796191e-001
3.422691e+003;9.778875e-001
3.423173e+003;9.761401e-001
3.423655e+003;9.743758e-001
3.424137e+003;9.725985e-001
3.424619e+003;9.708167e-001
3.425101e+003;9.690407e-001
3.425583e+003;9.672769e-001
3.426066e+003;9.655243e-001
3.426548e+003;9.637768e-001
3.427030e+003;9.620244e-001
3.427512e+003;9.602588e-001
3.427994e+003;9.584798e-001
3.428476e+003;9.566942e-001
3.428958e+003;9.549134e-001
3.429441e+003;9.531495e-001
3.429923e+003;9.514057e-001
3.430405e+003;9.496785e-001
3.430887e+003;9.479523e-001
3.431369e+003;9.462101e-001
3.431851e+003;9.444363e-001
3.432333e+003;9.426256e-001
3.432815e+003;9.407843e-001
3.433298e+003;9.389292e-001
3.433780e+003;9.370804e-001
3.434262e+003;9.352585e-001
3.434744e+003;9.334747e-001
3.435226e+003;9.317285e-001
3.435708e+003;9.300109e-001
3.436190e+003;9.283074e-001
3.436673e+003;9.265996e-001
3.437155e+003;9.248716e-001
3.437637e+003;9.231117e-001
3.438119e+003;9.213153e-001
3.438601e+003;9.194801e-001
3.439083e+003;9.176084e-001
3.439565e+003;9.157071e-001
3.440048e+003;9.137836e-001
3.440530e+003;9.118454e-001
3.441012e+003;9.099017e-001
3.441494e+003;9.079576e-001
3.441976e+003;9.060196e-001
3.442458e+003;9.040916e-001
3.442940e+003;9.021750e-001
3.443423e+003;9.002754e-001
3.443905e+003;8.983965e-001
3.444387e+003;8.965421e-001
3.444869e+003;8.947172e-001
3.445351e+003;8.929211e-001
3.445833e+003;8.911551e-001
3.446315e+003;8.894115e-001
3.446798e+003;8.876849e-001
3.447280e+003;8.859668e-001
3.447762e+003;8.842516e-001
3.448244e+003;8.825336e-001
3.448726e+003;8.808096e-001
3.449208e+003;8.790774e-001
3.449690e+003;8.773354e-001
3.450172e+003;8.755813e-001
3.450655e+003;8.738131e-001
3.451137e+003;8.720295e-001
3.451619e+003;8.702300e-001
3.452101e+003;8.684142e-001
3.452583e+003;8.665842e-001
3.453065e+003;8.647402e-001
3.453547e+003;8.628846e-001
3.454030e+003;8.610197e-001
3.454512e+003;8.591478e-001
3.454994e+003;8.572744e-001
3.455476e+003;8.554023e-001
3.455958e+003;8.535384e-001
3.456440e+003;8.516849e-001
3.456922e+003;8.498438e-001
3.457405e+003;8.480171e-001
3.457887e+003;8.462034e-001
3.458369e+003;8.444024e-001
3.458851e+003;8.426138e-001
3.459333e+003;8.408366e-001
3.459815e+003;8.390694e-001
3.460297e+003;8.373100e-001
3.460780e+003;8.355522e-001
3.461262e+003;8.337917e-001
3.461744e+003;8.320239e-001
3.462226e+003;8.302480e-001
3.462708e+003;8.284666e-001
3.463190e+003;8.266834e-001
3.463672e+003;8.249016e-001
3.464155e+003;8.231210e-001
3.464636e+003;8.213350e-001
3.465119e+003;8.195356e-001
3.465601e+003;8.177139e-001
3.466083e+003;8.158660e-001
3.466565e+003;8.139982e-001
3.467047e+003;8.121250e-001
3.467529e+003;8.102680e-001
3.468011e+003;8.084478e-001
3.468494e+003;8.066775e-001
3.468976e+003;8.049587e-001
3.469458e+003;8.032796e-001
3.469940e+003;8.016196e-001
3.470422e+003;7.999550e-001
3.470904e+003;7.982675e-001
3.471386e+003;7.965462e-001
3.471869e+003;7.947919e-001
3.472351e+003;7.930120e-001
3.472833e+003;7.912187e-001
3.473315e+003;7.894226e-001
3.473797e+003;7.876306e-001
3.474279e+003;7.858448e-001
3.474761e+003;7.840629e-001
3.475244e+003;7.822784e-001
3.475726e+003;7.804864e-001
3.476208e+003;7.786807e-001
3.476690e+003;7.768599e-001
3.477172e+003;7.750234e-001
3.477654e+003;7.731763e-001
3.478136e+003;7.713265e-001
3.478619e+003;7.694843e-001
3.479101e+003;7.676573e-001
3.479583e+003;7.658533e-001
3.480065e+003;7.640734e-001
3.480547e+003;7.623168e-001
3.481029e+003;7.605795e-001
3.481511e+003;7.588575e-001
3.481993e+003;7.571501e-001
3.482476e+003;7.554579e-001
3.482958e+003;7.537817e-001
3.483440e+003;7.521196e-001
3.483922e+003;7.504639e-001
3.484404e+003;7.488046e-001
3.484886e+003;7.471263e-001
3.485368e+003;7.454214e-001
3.485851e+003;7.436852e-001
3.486333e+003;7.419246e-001
3.486815e+003;7.401550e-001
3.487297e+003;7.383918e-001
3.487779e+003;7.366477e-001
3.488261e+003;7.349282e-001
3.488743e+003;7.332255e-001
3.489226e+003;7.315267e-001
3.489708e+003;7.298161e-001
3.490190e+003;7.280824e-001
3.490672e+003;7.263211e-001
3.491154e+003;7.245379e-001
3.491636e+003;7.227423e-001
3.492118e+003;7.209462e-001
3.492601e+003;7.191597e-001
3.493083e+003;7.173883e-001
3.493565e+003;7.156337e-001
3.494047e+003;7.138947e-001
3.494529e+003;7.121681e-001
3.495011e+003;7.104487e-001
3.495493e+003;7.087275e-001
3.495976e+003;7.069979e-001
3.496458e+003;7.052528e-001
3.496940e+003;7.034885e-001
3.497422e+003;7.017090e-001
3.497904e+003;6.999264e-001
3.498386e+003;6.981578e-001
3.498868e+003;6.964220e-001
3.499350e+003;6.947310e-001
3.499833e+003;6.930889e-001
3.500315e+003;6.914855e-001
3.500797e+003;6.899018e-001
3.501279e+003;6.883154e-001
3.501761e+003;6.867068e-001
3.502243e+003;6.850652e-001
3.502725e+003;6.833903e-001
3.503208e+003;6.816881e-001
3.503690e+003;6.799717e-001
3.504172e+003;6.782495e-001
3.504654e+003;6.765273e-001
3.505136e+003;6.748061e-001
3.505618e+003;6.730847e-001
3.506100e+003;6.713601e-001
3.506583e+003;6.696309e-001
3.507065e+003;6.678948e-001
3.507547e+003;6.661517e-001
3.508029e+003;6.643980e-001
3.508511e+003;6.626303e-001
3.508993e+003;6.608468e-001
3.509475e+003;6.590485e-001
3.509958e+003;6.572413e-001
3.510440e+003;6.554352e-001
3.510922e+003;6.536424e-001
3.511404e+003;6.518732e-001
3.511886e+003;6.501330e-001
3.512368e+003;6.484209e-001
3.512850e+003;6.467299e-001
3.513333e+003;6.450521e-001
3.513814e+003;6.433783e-001
3.514297e+003;6.417054e-001
3.514779e+003;6.400306e-001
3.515261e+003;6.383560e-001
3.515743e+003;6.366835e-001
3.516225e+003;6.350117e-001
3.516707e+003;6.333396e-001
3.517189e+003;6.316646e-001
3.517672e+003;6.299831e-001
3.518154e+003;6.282949e-001
3.518636e+003;6.266009e-001
3.519118e+003;6.249031e-001
3.519600e+003;6.232046e-001
3.520082e+003;6.215080e-001
3.520564e+003;6.198158e-001
3.521047e+003;6.181306e-001
3.521529e+003;6.164541e-001
3.522011e+003;6.147897e-001
3.522493e+003;6.131356e-001
3.522975e+003;6.114908e-001
3.523457e+003;6.098461e-001
3.523939e+003;6.081919e-001
3.524422e+003;6.065161e-001
3.524904e+003;6.048093e-001
3.525386e+003;6.030669e-001
3.525868e+003;6.012950e-001
3.526350e+003;5.995042e-001
3.526832e+003;5.977128e-001
3.527314e+003;5.959376e-001
3.527797e+003;5.941910e-001
3.528279e+003;5.924783e-001
3.528761e+003;5.907980e-001
3.529243e+003;5.891429e-001
3.529725e+003;5.875013e-001
3.530207e+003;5.858647e-001
3.530689e+003;5.842282e-001
3.531171e+003;5.825915e-001
3.531654e+003;5.809582e-001
3.532136e+003;5.793335e-001
3.532618e+003;5.777207e-001
3.533100e+003;5.761192e-001
3.533582e+003;5.745245e-001
3.534064e+003;5.729300e-001
3.534546e+003;5.713252e-001
3.535029e+003;5.697024e-001
3.535511e+003;5.680562e-001
3.535993e+003;5.663868e-001
3.536475e+003;5.646979e-001
3.536957e+003;5.629970e-001
3.537439e+003;5.612944e-001
3.537921e+003;5.595978e-001
3.538404e+003;5.579165e-001
3.538886e+003;5.562543e-001
3.539368e+003;5.546133e-001
3.539850e+003;5.529920e-001
3.540332e+003;5.513876e-001
3.540814e+003;5.497929e-001
3.541296e+003;5.482004e-001
3.541779e+003;5.466029e-001
3.542261e+003;5.449957e-001
3.542743e+003;5.433789e-001
3.543225e+003;5.417573e-001
3.543707e+003;5.401391e-001
3.544189e+003;5.385343e-001
3.544671e+003;5.369502e-001
3.545154e+003;5.353862e-001
3.545635e+003;5.338343e-001
3.546118e+003;5.322780e-001
3.546600e+003;5.306961e-001
3.547082e+003;5.290703e-001
3.547564e+003;5.273924e-001
3.548046e+003;5.256675e-001
3.548528e+003;5.239155e-001
3.549010e+003;5.221651e-001
3.549493e+003;5.204480e-001
3.549975e+003;5.187911e-001
3.550457e+003;5.172061e-001
3.550939e+003;5.156869e-001
3.551421e+003;5.142117e-001
3.551903e+003;5.127483e-001
3.552385e+003;5.112619e-001
3.552868e+003;5.097243e-001
3.553350e+003;5.081224e-001
3.553832e+003;5.064604e-001
3.554314e+003;5.047571e-001
3.554796e+003;5.030434e-001
3.555278e+003;5.013503e-001
3.555760e+003;4.997025e-001
3.556243e+003;4.981118e-001
3.556725e+003;4.965733e-001
3.557207e+003;4.950692e-001
3.557689e+003;4.935744e-001
3.558171e+003;4.920643e-001
3.558653e+003;4.905214e-001
3.559135e+003;4.889413e-001
3.559618e+003;4.873316e-001
3.560100e+003;4.857070e-001
3.560582e+003;4.840857e-001
3.561064e+003;4.824812e-001
3.561546e+003;4.809015e-001
3.562028e+003;4.793458e-001
3.562510e+003;4.778097e-001
3.562992e+003;4.762882e-001
3.563475e+003;4.747791e-001
3.563957e+003;4.732852e-001
3.564439e+003;4.718108e-001
3.564921e+003;4.703606e-001
3.565403e+003;4.689359e-001
3.565885e+003;4.675298e-001
3.566367e+003;4.661303e-001
3.566850e+003;4.647202e-001
3.567332e+003;4.632829e-001
3.567814e+003;4.618058e-001
3.568296e+003;4.602863e-001
3.568778e+003;4.587312e-001
3.569260e+003;4.571582e-001
3.569742e+003;4.555885e-001
3.570225e+003;4.540467e-001
3.570707e+003;4.525511e-001
3.571189e+003;4.511104e-001
3.571671e+003;4.497212e-001
3.572153e+003;4.483679e-001
3.572635e+003;4.470255e-001
3.573117e+003;4.456659e-001
3.573600e+003;4.442647e-001
3.574082e+003;4.428050e-001
3.574564e+003;4.412843e-001
3.575046e+003;4.397118e-001
3.575528e+003;4.381081e-001
3.576010e+003;4.364970e-001
3.576492e+003;4.349041e-001
3.576974e+003;4.333499e-001
3.577457e+003;4.318475e-001
3.577939e+003;4.304023e-001
3.578421e+003;4.290126e-001
3.578903e+003;4.276709e-001
3.579385e+003;4.263645e-001
3.579867e+003;4.250793e-001
3.580349e+003;4.237994e-001
3.580832e+003;4.225105e-001
3.581314e+003;4.212031e-001
3.581796e+003;4.198688e-001
3.582278e+003;4.185059e-001
3.582760e+003;4.171146e-001
3.583242e+003;4.156969e-001
3.583724e+003;4.142549e-001
3.584207e+003;4.127933e-001
3.584689e+003;4.113186e-001
3.585171e+003;4.098425e-001
3.585653e+003;4.083802e-001
3.586135e+003;4.069505e-001
3.586617e+003;4.055689e-001
3.587099e+003;4.042427e-001
3.587582e+003;4.029680e-001
3.588064e+003;4.017271e-001
3.588546e+003;4.004957e-001
3.589028e+003;3.992469e-001
3.589510e+003;3.979609e-001
3.589992e+003;3.966299e-001
3.590474e+003;3.952575e-001
3.590957e+003;3.938559e-001
3.591438e+003;3.924398e-001
3.591921e+003;3.910201e-001
3.592403e+003;3.896013e-001
3.592885e+003;3.881845e-001
3.593367e+003;3.867689e-001
3.593849e+003;3.853593e-001
3.594331e+003;3.839655e-001
3.594813e+003;3.826022e-001
3.595296e+003;3.812835e-001
3.595778e+003;3.800138e-001
3.596260e+003;3.787889e-001
3.596742e+003;3.775921e-001
3.597224e+003;3.764009e-001
3.597706e+003;3.751929e-001
3.598188e+003;3.739538e-001
3.598671e+003;3.726779e-001
3.599153e+003;3.713714e-001
3.599635e+003;3.700449e-001
3.600117e+003;3.687110e-001
3.600599e+003;3.673780e-001
3.601081e+003;3.660500e-001
3.601563e+003;3.647257e-001
3.602046e+003;3.634014e-001
3.602528e+003;3.620720e-001
3.603010e+003;3.607336e-001
3.603492e+003;3.593845e-001
3.603974e+003;3.580272e-001
3.604456e+003;3.566682e-001
3.604938e+003;3.553174e-001
3.605421e+003;3.539876e-001
3.605903e+003;3.526912e-001
3.606385e+003;3.514342e-001
3.606867e+003;3.502149e-001
3.607349e+003;3.490200e-001
3.607831e+003;3.478276e-001
3.608313e+003;3.466153e-001
3.608795e+003;3.453664e-001
3.609278e+003;3.440791e-001
3.609760e+003;3.427672e-001
3.610242e+003;3.414552e-001
3.610724e+003;3.401692e-001
3.611206e+003;3.389270e-001
3.611688e+003;3.377289e-001
3.612170e+003;3.365551e-001
3.612653e+003;3.353749e-001
3.613135e+003;3.341532e-001
3.613617e+003;3.328686e-001
3.614099e+003;3.315151e-001
3.614581e+003;3.301108e-001
3.615063e+003;3.286847e-001
3.615545e+003;3.272736e-001
3.616028e+003;3.259097e-001
3.616510e+003;3.246128e-001
3.616992e+003;3.233871e-001
3.617474e+003;3.222231e-001
3.617956e+003;3.210993e-001
3.618438e+003;3.199890e-001
3.618920e+003;3.188636e-001
3.619403e+003;3.176995e-001
3.619885e+003;3.164816e-001
3.620367e+003;3.152043e-001
3.620849e+003;3.138772e-001
3.621331e+003;3.125182e-001
3.621813e+003;3.111515e-001
3.622295e+003;3.097972e-001
3.622778e+003;3.084655e-001
3.623260e+003;3.071527e-001
3.623742e+003;3.058427e-001
3.624224e+003;3.045126e-001
3.624706e+003;3.031482e-001
3.625188e+003;3.017465e-001
3.625670e+003;3.003261e-001
3.626152e+003;2.989188e-001
3.626635e+003;2.975622e-001
3.627117e+003;2.962855e-001
3.627599e+003;2.950938e-001
3.628081e+003;2.939673e-001
3.628563e+003;2.928624e-001
3.629045e+003;2.917271e-001
3.629527e+003;2.905149e-001
3.630010e+003;2.892020e-001
3.630492e+003;2.877892e-001
3.630974e+003;2.863007e-001
3.631456e+003;2.847723e-001
3.631938e+003;2.832406e-001
3.632420e+003;2.817336e-001
3.632902e+003;2.802656e-001
3.633385e+003;2.788378e-001
3.633867e+003;2.774445e-001
3.634349e+003;2.760758e-001
3.634831e+003;2.747268e-001
3.635313e+003;2.733957e-001
3.635795e+003;2.720821e-001
3.636277e+003;2.707882e-001
3.636760e+003;2.695100e-001
3.637242e+003;2.682410e-001
3.637724e+003;2.669688e-001
3.638206e+003;2.656804e-001
3.638688e+003;2.643638e-001
3.639170e+003;2.630116e-001
3.639652e+003;2.616226e-001
3.640135e+003;2.602007e-001
3.640616e+003;2.587559e-001
3.641099e+003;2.572976e-001
3.641581e+003;2.558337e-001
3.642063e+003;2.543681e-001
3.642545e+003;2.529015e-001
3.643027e+003;2.514311e-001
3.643509e+003;2.499534e-001
3.643991e+003;2.484676e-001
3.644474e+003;2.469770e-001
3.644956e+003;2.454862e-001
3.645438e+003;2.440038e-001
3.645920e+003;2.425373e-001
3.646402e+003;2.410914e-001
3.646884e+003;2.396694e-001
3.647366e+003;2.382680e-001
3.647849e+003;2.368836e-001
3.648331e+003;2.355078e-001
3.648813e+003;2.341308e-001
3.649295e+003;2.327397e-001
3.649777e+003;2.313220e-001
3.650259e+003;2.298660e-001
3.650741e+003;2.283656e-001
3.651224e+003;2.268226e-001
3.651706e+003;2.252485e-001
3.652188e+003;2.236646e-001
3.652670e+003;2.220964e-001
3.653152e+003;2.205684e-001
3.653634e+003;2.190944e-001
3.654116e+003;2.176762e-001
3.654599e+003;2.162993e-001
3.655081e+003;2.149397e-001
3.655563e+003;2.135693e-001
3.656045e+003;2.121667e-001
3.656527e+003;2.107207e-001
3.657009e+003;2.092351e-001
3.657491e+003;2.077244e-001
3.657973e+003;2.062085e-001
3.658456e+003;2.047049e-001
3.658938e+003;2.032248e-001
3.659420e+003;2.017738e-001
3.659902e+003;2.003508e-001
3.660384e+003;1.989513e-001
3.660866e+003;1.975700e-001
3.661348e+003;1.962003e-001
3.661831e+003;1.948358e-001
3.662313e+003;1.934676e-001
3.662795e+003;1.920860e-001
3.663277e+003;1.906824e-001
3.663759e+003;1.892486e-001
3.664241e+003;1.877826e-001
3.664723e+003;1.862858e-001
3.665206e+003;1.847659e-001
3.665688e+003;1.832347e-001
3.666170e+003;1.817091e-001
3.666652e+003;1.802077e-001
3.667134e+003;1.787522e-001
3.667616e+003;1.773639e-001
3.668098e+003;1.760587e-001
3.668581e+003;1.748430e-001
3.669063e+003;1.737065e-001
3.669545e+003;1.726213e-001
3.670027e+003;1.715453e-001
3.670509e+003;1.704319e-001
3.670991e+003;1.692467e-001
3.671473e+003;1.679752e-001
3.671956e+003;1.666341e-001
3.672438e+003;1.652613e-001
3.672920e+003;1.639092e-001
3.673402e+003;1.626241e-001
3.673884e+003;1.614349e-001
3.674366e+003;1.603401e-001
3.674848e+003;1.593141e-001
3.675330e+003;1.583149e-001
3.675813e+003;1.573031e-001
3.676295e+003;1.562573e-001
3.676777e+003;1.551770e-001
3.677259e+003;1.540818e-001
3.677741e+003;1.529968e-001
3.678223e+003;1.519406e-001
3.678705e+003;1.509197e-001
3.679188e+003;1.499240e-001
3.679670e+003;1.489391e-001
3.680152e+003;1.479514e-001
3.680634e+003;1.469579e-001
3.681116e+003;1.459675e-001
3.681598e+003;1.449950e-001
3.682080e+003;1.440506e-001
3.682563e+003;1.431364e-001
3.683045e+003;1.422395e-001
3.683527e+003;1.413411e-001
3.684009e+003;1.404239e-001
3.684491e+003;1.394834e-001
3.684973e+003;1.385309e-001
3.685455e+003;1.375957e-001
3.685938e+003;1.367102e-001
3.686420e+003;1.359016e-001
3.686902e+003;1.351810e-001
3.687384e+003;1.345389e-001
3.687866e+003;1.339471e-001
3.688348e+003;1.333701e-001
3.688830e+003;1.327762e-001
3.689313e+003;1.321459e-001
3.689794e+003;1.314735e-001
3.690277e+003;1.307676e-001
3.690759e+003;1.300411e-001
3.691241e+003;1.293092e-001
3.691723e+003;1.285841e-001
3.692205e+003;1.278731e-001
3.692687e+003;1.271843e-001
3.693169e+003;1.265219e-001
3.693652e+003;1.258879e-001
3.694134e+003;1.252805e-001
3.694616e+003;1.246945e-001
3.695098e+003;1.241185e-001
3.695580e+003;1.235402e-001
3.696062e+003;1.229513e-001
3.696544e+003;1.223505e-001
3.697027e+003;1.217459e-001
3.697509e+003;1.211535e-001
3.697991e+003;1.205933e-001
3.698473e+003;1.200823e-001
3.698955e+003;1.196296e-001
3.699437e+003;1.192337e-001
3.699919e+003;1.188845e-001
3.700402e+003;1.185655e-001
3.700884e+003;1.182591e-001
3.701366e+003;1.179507e-001
3.701848e+003;1.176289e-001
3.702330e+003;1.172868e-001
3.702812e+003;1.169201e-001
3.703294e+003;1.165294e-001
3.703777e+003;1.161157e-001
3.704259e+003;1.156866e-001
3.704741e+003;1.152519e-001
3.705223e+003;1.148255e-001
3.705705e+003;1.144217e-001
3.706187e+003;1.140509e-001
3.706669e+003;1.137165e-001
3.707151e+003;1.134159e-001
3.707634e+003;1.131384e-001
3.708116e+003;1.128735e-001
3.708598e+003;1.126118e-001
3.709080e+003;1.123477e-001
3.709562e+003;1.120836e-001
3.710044e+003;1.118225e-001
3.710526e+003;1.115679e-001
3.711009e+003;1.113206e-001
3.711491e+003;1.110741e-001
3.711973e+003;1.108242e-001
3.712455e+003;1.105639e-001
3.712937e+003;1.102914e-001
3.713419e+003;1.100128e-001
3.713901e+003;1.097355e-001
3.714384e+003;1.094700e-001
3.714866e+003;1.092222e-001
3.715348e+003;1.089936e-001
3.715830e+003;1.087770e-001
3.716312e+003;1.085643e-001
3.716794e+003;1.083468e-001
3.717276e+003;1.081205e-001
3.717759e+003;1.078859e-001
3.718241e+003;1.076508e-001
3.718723e+003;1.074240e-001
3.719205e+003;1.072126e-001
3.719687e+003;1.070212e-001
3.720169e+003;1.068494e-001
3.720651e+003;1.066920e-001
3.721134e+003;1.065458e-001
3.721615e+003;1.064070e-001
3.722098e+003;1.062738e-001
3.722580e+003;1.061495e-001
3.723062e+003;1.060362e-001
3.723544e+003;1.059384e-001
3.724026e+003;1.058579e-001
3.724508e+003;1.057944e-001
3.724990e+003;1.057455e-001
3.725473e+003;1.057057e-001
3.725955e+003;1.056654e-001
3.726437e+003;1.056117e-001
3.726919e+003;1.055301e-001
3.727401e+003;1.054096e-001
3.727883e+003;1.052468e-001
3.728365e+003;1.050463e-001
3.728848e+003;1.048247e-001
3.729330e+003;1.046049e-001
3.729812e+003;1.044124e-001
3.730294e+003;1.042651e-001
3.730776e+003;1.041681e-001
3.731258e+003;1.041150e-001
3.731740e+003;1.040870e-001
3.732223e+003;1.040647e-001
3.732705e+003;1.040343e-001
3.733187e+003;1.039913e-001
3.733669e+003;1.039427e-001
3.734151e+003;1.038989e-001
3.734633e+003;1.038685e-001
3.735115e+003;1.038506e-001
3.735598e+003;1.038358e-001
3.736080e+003;1.038089e-001
3.736562e+003;1.037581e-001
3.737044e+003;1.036772e-001
3.737526e+003;1.035693e-001
3.738008e+003;1.034402e-001
3.738490e+003;1.032939e-001
3.738972e+003;1.031281e-001
3.739455e+003;1.029360e-001
3.739937e+003;1.027128e-001
3.740419e+003;1.024673e-001
3.740901e+003;1.022266e-001
3.741383e+003;1.020361e-001
3.741865e+003;1.019460e-001
3.742347e+003;1.019948e-001
3.742830e+003;1.021869e-001
3.743312e+003;1.024856e-001
3.743794e+003;1.028136e-001
3.744276e+003;1.030785e-001
3.744758e+003;1.032033e-001
3.745240e+003;1.031541e-001
3.745722e+003;1.029494e-001
3.746205e+003;1.026508e-001
3.746687e+003;1.023379e-001
3.747169e+003;1.020822e-001
3.747651e+003;1.019258e-001
3.748133e+003;1.018762e-001
3.748615e+003;1.019103e-001
3.749097e+003;1.019935e-001
3.749580e+003;1.020948e-001
3.750062e+003;1.021979e-001
3.750544e+003;1.023005e-001
3.751026e+003;1.024052e-001
3.751508e+003;1.025074e-001
3.751990e+003;1.025908e-001
3.752472e+003;1.026305e-001
3.752955e+003;1.026037e-001
3.753437e+003;1.025024e-001
3.753919e+003;1.023381e-001
3.754401e+003;1.021411e-001
3.754883e+003;1.019449e-001
3.755365e+003;1.017780e-001
3.755847e+003;1.016523e-001
3.756329e+003;1.015616e-001
3.756812e+003;1.014897e-001
3.757294e+003;1.014201e-001
3.757776e+003;1.013457e-001
3.758258e+003;1.012700e-001
3.758740e+003;1.012035e-001
3.759222e+003;1.011535e-001
3.759704e+003;1.011200e-001
3.760187e+003;1.010913e-001
3.760669e+003;1.010531e-001
3.761151e+003;1.009977e-001
3.761633e+003;1.009291e-001
3.762115e+003;1.008660e-001
3.762597e+003;1.008327e-001
3.763079e+003;1.008456e-001
3.763562e+003;1.009055e-001
3.764044e+003;1.009890e-001
3.764526e+003;1.010602e-001
3.765008e+003;1.010807e-001
3.765490e+003;1.010293e-001
3.765972e+003;1.009101e-001
3.766454e+003;1.007526e-001
3.766937e+003;1.006024e-001
3.767419e+003;1.005028e-001
3.767901e+003;1.004810e-001
3.768383e+003;1.005372e-001
3.768865e+003;1.006491e-001
3.769347e+003;1.007778e-001
3.769829e+003;1.008853e-001
3.770312e+003;1.009446e-001
3.770793e+003;1.009442e-001
3.771276e+003;1.008910e-001
3.771758e+003;1.008005e-001
3.772240e+003;1.006914e-001
3.772722e+003;1.005787e-001
3.773204e+003;1.004717e-001
3.773686e+003;1.003762e-001
3.774168e+003;1.002906e-001
3.774651e+003;1.002126e-001
3.775133e+003;1.001400e-001
3.775615e+003;1.000688e-001
3.776097e+003;9.999704e-002
3.776579e+003;9.992482e-002
3.777061e+003;9.985419e-002
3.777543e+003;9.978992e-002
3.778026e+003;9.973641e-002
3.778508e+003;9.969591e-002
3.778990e+003;9.966726e-002
3.779472e+003;9.964603e-002
3.779954e+003;9.962735e-002
3.780436e+003;9.960864e-002
3.780918e+003;9.959206e-002
3.781401e+003;9.958693e-002
3.781883e+003;9.960402e-002
3.782365e+003;9.965279e-002
3.782847e+003;9.973595e-002
3.783329e+003;9.984643e-002
3.783811e+003;9.996787e-002
3.784293e+003;1.000806e-001
3.784776e+003;1.001647e-001
3.785258e+003;1.002099e-001
3.785740e+003;1.002148e-001
3.786222e+003;1.001858e-001
3.786704e+003;1.001368e-001
3.787186e+003;1.000809e-001
3.787668e+003;1.000294e-001
3.788150e+003;9.998848e-002
3.788633e+003;9.995999e-002
3.789115e+003;9.994256e-002
3.789597e+003;9.993072e-002
3.790079e+003;9.991649e-002
3.790561e+003;9.989023e-002
3.791043e+003;9.984381e-002
3.791525e+003;9.977254e-002
3.792008e+003;9.967978e-002
3.792490e+003;9.957697e-002
3.792972e+003;9.948497e-002
3.793454e+003;9.942379e-002
3.793936e+003;9.940957e-002
3.794418e+003;9.944438e-002
3.794900e+003;9.951405e-002
3.795383e+003;9.958921e-002
3.795865e+003;9.963392e-002
3.796347e+003;9.961919e-002
3.796829e+003;9.953080e-002
3.797311e+003;9.937893e-002
3.797793e+003;9.919670e-002
3.798275e+003;9.902954e-002
3.798758e+003;9.892624e-002
3.799240e+003;9.892169e-002
3.799722e+003;9.902848e-002
3.800204e+003;9.922931e-002
3.800686e+003;9.948251e-002
3.801168e+003;9.973139e-002
3.801650e+003;9.992041e-002
3.802133e+003;1.000129e-001
3.802615e+003;9.999943e-002
3.803097e+003;9.990099e-002
3.803579e+003;9.976077e-002
3.804061e+003;9.963123e-002
3.804543e+003;9.955870e-002
3.805025e+003;9.956823e-002
3.805507e+003;9.965531e-002
3.805990e+003;9.978984e-002
3.806472e+003;9.992520e-002
3.806954e+003;1.000142e-001
3.807436e+003;1.000276e-001
3.807918e+003;9.996036e-002
3.808400e+003;9.983375e-002
3.808882e+003;9.968136e-002
3.809365e+003;9.953579e-002
3.809847e+003;9.941407e-002
3.810329e+003;9.931444e-002
3.810811e+003;9.921907e-002
3.811293e+003;9.910599e-002
3.811775e+003;9.896447e-002
3.812257e+003;9.880428e-002
3.812740e+003;9.865479e-002
3.813222e+003;9.855878e-002
3.813704e+003;9.855408e-002
3.814186e+003;9.865827e-002
3.814668e+003;9.885709e-002
3.815150e+003;9.910806e-002
3.815632e+003;9.934863e-002
3.816115e+003;9.952056e-002
3.816597e+003;9.958645e-002
3.817079e+003;9.954476e-002
3.817561e+003;9.942517e-002
3.818043e+003;9.927978e-002
3.818525e+003;9.916751e-002
3.819007e+003;9.913128e-002
3.819490e+003;9.918921e-002
3.819971e+003;9.932951e-002
3.820454e+003;9.951341e-002
3.820936e+003;9.968878e-002
3.821418e+003;9.980759e-002
3.821900e+003;9.983873e-002
3.822382e+003;9.977561e-002
3.822864e+003;9.963821e-002
3.823346e+003;9.946191e-002
3.823829e+003;9.928817e-002
3.824311e+003;9.915003e-002
3.824793e+003;9.906608e-002
3.825275e+003;9.903795e-002
3.825757e+003;9.905149e-002
3.826239e+003;9.908564e-002
3.826721e+003;9.912169e-002
3.827204e+003;9.914548e-002
3.827686e+003;9.915540e-002
3.828168e+003;9.915552e-002
3.828650e+003;9.915372e-002
3.829132e+003;9.915665e-002
3.829614e+003;9.916604e-002
3.830096e+003;9.917853e-002
3.830579e+003;9.918953e-002
3.831061e+003;9.919285e-002
3.831543e+003;9.918486e-002
3.832025e+003;9.916539e-002
3.832507e+003;9.913595e-002
3.832989e+003;9.910003e-002
3.833471e+003;9.906302e-002
3.833954e+003;9.903234e-002
3.834436e+003;9.901756e-002
3.834918e+003;9.902920e-002
3.835400e+003;9.907631e-002
3.835882e+003;9.916080e-002
3.836364e+003;9.927566e-002
3.836846e+003;9.940365e-002
3.837328e+003;9.952100e-002
3.837811e+003;9.960370e-002
3.838293e+003;9.963673e-002
3.838775e+003;9.961832e-002
3.839257e+003;9.956063e-002
3.839739e+003;9.948737e-002
3.840221e+003;9.942126e-002
3.840703e+003;9.938146e-002
3.841186e+003;9.937732e-002
3.841668e+003;9.940574e-002
3.842150e+003;9.945673e-002
3.842632e+003;9.951597e-002
3.843114e+003;9.957197e-002
3.843596e+003;9.961542e-002
3.844078e+003;9.964076e-002
3.844561e+003;9.964651e-002
3.845043e+003;9.963317e-002
3.845525e+003;9.960360e-002
3.846007e+003;9.956251e-002
3.846489e+003;9.951453e-002
3.846971e+003;9.946505e-002
3.847453e+003;9.941270e-002
3.847936e+003;9.935264e-002
3.848418e+003;9.927605e-002
3.848900e+003;9.917656e-002
3.849382e+003;9.905581e-002
3.849864e+003;9.893139e-002
3.850346e+003;9.883767e-002
3.850828e+003;9.881877e-002
3.851311e+003;9.891427e-002
3.851792e+003;9.914344e-002
3.852275e+003;9.949136e-002
3.852757e+003;9.990732e-002
3.853239e+003;1.003147e-001
3.853721e+003;1.006338e-001
3.854203e+003;1.008057e-001
3.854685e+003;1.008110e-001
3.855167e+003;1.006703e-001
3.855650e+003;1.004326e-001
3.856132e+003;1.001584e-001
3.856614e+003;9.989963e-002
3.857096e+003;9.969047e-002
3.857578e+003;9.954274e-002
3.858060e+003;9.945209e-002
3.858542e+003;9.940577e-002
3.859025e+003;9.939037e-002
3.859507e+003;9.939437e-002
3.859989e+003;9.941046e-002
3.860471e+003;9.943387e-002
3.860953e+003;9.946054e-002
3.861435e+003;9.948830e-002
3.861917e+003;9.951784e-002
3.862400e+003;9.955376e-002
3.862882e+003;9.960096e-002
3.863364e+003;9.966064e-002
3.863846e+003;9.972553e-002
3.864328e+003;9.977955e-002
3.864810e+003;9.980097e-002
3.865292e+003;9.977306e-002
3.865775e+003;9.969212e-002
3.866257e+003;9.957717e-002
3.866739e+003;9.946331e-002
3.867221e+003;9.939414e-002
3.867703e+003;9.940530e-002
3.868185e+003;9.950976e-002
3.868667e+003;9.969191e-002
3.869149e+003;9.991043e-002
3.869632e+003;1.001138e-001
3.870114e+003;1.002601e-001
3.870596e+003;1.003300e-001
3.871078e+003;1.003323e-001
3.871560e+003;1.002987e-001
3.872042e+003;1.002658e-001
3.872524e+003;1.002607e-001
3.873007e+003;1.002918e-001
3.873489e+003;1.003463e-001
3.873971e+003;1.003990e-001
3.874453e+003;1.004221e-001
3.874935e+003;1.003981e-001
3.875417e+003;1.003252e-001
3.875899e+003;1.002164e-001
3.876382e+003;1.000951e-001
3.876864e+003;9.998681e-002
3.877346e+003;9.991363e-002
3.877828e+003;9.989007e-002
3.878310e+003;9.991925e-002
3.878792e+003;9.999578e-002
3.879274e+003;1.001023e-001
3.879757e+003;1.002154e-001
3.880239e+003;1.003085e-001
3.880721e+003;1.003598e-001
3.881203e+003;1.003576e-001
3.881685e+003;1.003103e-001
3.882167e+003;1.002396e-001
3.882649e+003;1.001803e-001
3.883132e+003;1.001680e-001
3.883614e+003;1.002270e-001
3.884096e+003;1.003594e-001
3.884578e+003;1.005459e-001
3.885060e+003;1.007473e-001
3.885542e+003;1.009208e-001
3.886024e+003;1.010297e-001
3.886506e+003;1.010571e-001
3.886989e+003;1.010081e-001
3.887471e+003;1.009061e-001
3.887953e+003;1.007812e-001
3.888435e+003;1.006633e-001
3.888917e+003;1.005741e-001
3.889399e+003;1.005236e-001
3.889881e+003;1.005105e-001
3.890364e+003;1.005279e-001
3.890846e+003;1.005636e-001
3.891328e+003;1.006062e-001
3.891810e+003;1.006419e-001
3.892292e+003;1.006604e-001
3.892774e+003;1.006527e-001
3.893256e+003;1.006170e-001
3.893739e+003;1.005555e-001
3.894221e+003;1.004792e-001
3.894703e+003;1.004031e-001
3.895185e+003;1.003450e-001
3.895667e+003;1.003188e-001
3.896149e+003;1.003335e-001
3.896631e+003;1.003883e-001
3.897114e+003;1.004760e-001
3.897596e+003;1.005839e-001
3.898078e+003;1.006958e-001
3.898560e+003;1.007971e-001
3.899042e+003;1.008776e-001
3.899524e+003;1.009306e-001
3.900006e+003;1.009589e-001
3.900489e+003;1.009680e-001
3.900970e+003;1.009703e-001
3.901453e+003;1.009800e-001
3.901935e+003;1.010066e-001
3.902417e+003;1.010558e-001
3.902899e+003;1.011238e-001
3.903381e+003;1.011987e-001
3.903863e+003;1.012647e-001
3.904345e+003;1.013070e-001
3.904828e+003;1.013180e-001
3.905310e+003;1.013006e-001
3.905792e+003;1.012654e-001
3.906274e+003;1.012283e-001
3.906756e+003;1.012030e-001
3.907238e+003;1.011956e-001
3.907720e+003;1.012046e-001
3.908203e+003;1.012204e-001
3.908685e+003;1.012320e-001
3.909167e+003;1.012319e-001
3.909649e+003;1.012184e-001
3.910131e+003;1.011963e-001
3.910613e+003;1.011746e-001
3.911095e+003;1.011597e-001
3.911578e+003;1.011569e-001
3.912060e+003;1.011646e-001
3.912542e+003;1.011805e-001
3.913024e+003;1.012008e-001
3.913506e+003;1.012243e-001
3.913988e+003;1.012516e-001
3.914470e+003;1.012849e-001
3.914953e+003;1.013242e-001
3.915435e+003;1.013690e-001
3.915917e+003;1.014158e-001
3.916399e+003;1.014605e-001
3.916881e+003;1.015026e-001
3.917363e+003;1.015426e-001
3.917845e+003;1.015841e-001
3.918327e+003;1.016311e-001
3.918810e+003;1.016852e-001
3.919292e+003;1.017442e-001
3.919774e+003;1.018025e-001
3.920256e+003;1.018538e-001
3.920738e+003;1.018939e-001
3.921220e+003;1.019202e-001
3.921702e+003;1.019346e-001
3.922185e+003;1.019419e-001
3.922667e+003;1.019458e-001
3.923149e+003;1.019500e-001
3.923631e+003;1.019555e-001
3.924113e+003;1.019628e-001
3.924595e+003;1.019697e-001
3.925077e+003;1.019738e-001
3.925560e+003;1.019725e-001
3.926042e+003;1.019614e-001
3.926524e+003;1.019370e-001
3.927006e+003;1.018953e-001
3.927488e+003;1.018371e-001
3.927970e+003;1.017707e-001
3.928452e+003;1.017094e-001
3.928935e+003;1.016683e-001
3.929417e+003;1.016624e-001
3.929899e+003;1.016986e-001
3.930381e+003;1.017733e-001
3.930863e+003;1.018713e-001
3.931345e+003;1.019716e-001
3.931827e+003;1.020541e-001
3.932310e+003;1.021052e-001
3.932792e+003;1.021234e-001
3.933274e+003;1.021170e-001
3.933756e+003;1.020993e-001
3.934238e+003;1.020835e-001
3.934720e+003;1.020784e-001
3.935202e+003;1.020839e-001
3.935684e+003;1.020957e-001
3.936167e+003;1.021067e-001
3.936649e+003;1.021132e-001
3.937131e+003;1.021156e-001
3.937613e+003;1.021170e-001
3.938095e+003;1.021210e-001
3.938577e+003;1.021308e-001
3.939059e+003;1.021457e-001
3.939542e+003;1.021640e-001
3.940024e+003;1.021845e-001
3.940506e+003;1.022076e-001
3.940988e+003;1.022352e-001
3.941470e+003;1.022717e-001
3.941952e+003;1.023171e-001
3.942434e+003;1.023683e-001
3.942917e+003;1.024213e-001
3.943399e+003;1.024672e-001
3.943881e+003;1.025028e-001
3.944363e+003;1.025261e-001
3.944845e+003;1.025415e-001
3.945327e+003;1.025555e-001
3.945809e+003;1.025729e-001
3.946292e+003;1.025953e-001
3.946774e+003;1.026191e-001
3.947256e+003;1.026383e-001
3.947738e+003;1.026473e-001
3.948220e+003;1.026421e-001
3.948702e+003;1.026246e-001
3.949184e+003;1.026010e-001
3.949667e+003;1.025770e-001
3.950148e+003;1.025568e-001
3.950631e+003;1.025405e-001
3.951113e+003;1.025268e-001
3.951595e+003;1.025103e-001
3.952077e+003;1.024896e-001
3.952559e+003;1.024667e-001
3.953041e+003;1.024471e-001
3.953523e+003;1.024372e-001
3.954006e+003;1.024444e-001
3.954488e+003;1.024711e-001
3.954970e+003;1.025161e-001
3.955452e+003;1.025760e-001
3.955934e+003;1.026442e-001
3.956416e+003;1.027160e-001
3.956898e+003;1.027873e-001
3.957381e+003;1.028559e-001
3.957863e+003;1.029198e-001
3.958345e+003;1.029770e-001
3.958827e+003;1.030273e-001
3.959309e+003;1.030706e-001
3.959791e+003;1.031085e-001
3.960273e+003;1.031430e-001
3.960756e+003;1.031771e-001
3.961238e+003;1.032100e-001
3.961720e+003;1.032402e-001
3.962202e+003;1.032626e-001
3.962684e+003;1.032714e-001
3.963166e+003;1.032634e-001
3.963648e+003;1.032394e-001
3.964130e+003;1.032047e-001
3.964613e+003;1.031688e-001
3.965095e+003;1.031394e-001
3.965577e+003;1.031228e-001
3.966059e+003;1.031181e-001
3.966541e+003;1.031202e-001
3.967023e+003;1.031178e-001
3.967505e+003;1.031020e-001
3.967988e+003;1.030657e-001
3.968470e+003;1.030088e-001
3.968952e+003;1.029361e-001
3.969434e+003;1.028584e-001
3.969916e+003;1.027864e-001
3.970398e+003;1.027317e-001
3.970880e+003;1.027010e-001
3.971363e+003;1.026974e-001
3.971845e+003;1.027194e-001
3.972327e+003;1.027636e-001
3.972809e+003;1.028238e-001
3.973291e+003;1.028933e-001
3.973773e+003;1.029649e-001
3.974255e+003;1.030336e-001
3.974738e+003;1.030938e-001
3.975220e+003;1.031417e-001
3.975702e+003;1.031753e-001
3.976184e+003;1.031945e-001
3.976666e+003;1.031998e-001
3.977148e+003;1.031952e-001
3.977630e+003;1.031845e-001
3.978113e+003;1.031741e-001
3.978594e+003;1.031698e-001
3.979077e+003;1.031753e-001
3.979559e+003;1.031932e-001
3.980041e+003;1.032225e-001
3.980523e+003;1.032591e-001
3.981005e+003;1.032974e-001
3.981487e+003;1.033317e-001
3.981969e+003;1.033591e-001
3.982452e+003;1.033764e-001
3.982934e+003;1.033833e-001
3.983416e+003;1.033804e-001
3.983898e+003;1.033667e-001
3.984380e+003;1.033404e-001
3.984862e+003;1.032998e-001
3.985344e+003;1.032444e-001
3.985827e+003;1.031779e-001
3.986309e+003;1.031059e-001
3.986791e+003;1.030388e-001
3.987273e+003;1.029858e-001
3.987755e+003;1.029535e-001
3.988237e+003;1.029441e-001
3.988719e+003;1.029516e-001
3.989202e+003;1.029688e-001
3.989684e+003;1.029864e-001
3.990166e+003;1.029999e-001
3.990648e+003;1.030077e-001
3.991130e+003;1.030123e-001
3.991612e+003;1.030195e-001
3.992094e+003;1.030315e-001
3.992577e+003;1.030479e-001
3.993059e+003;1.030650e-001
3.993541e+003;1.030767e-001
3.994023e+003;1.030788e-001
3.994505e+003;1.030700e-001
3.994987e+003;1.030542e-001
3.995469e+003;1.030360e-001
3.995951e+003;1.030216e-001
3.996434e+003;1.030147e-001
3.996916e+003;1.030159e-001
3.997398e+003;1.030246e-001
3.997880e+003;1.030406e-001
3.998362e+003;1.030645e-001
3.998844e+003;1.031003e-001
3.999326e+003;1.031542e-001
3.999809e+003;1.032278e-001
