4.001737e+002;1.499798e-001
4.006559e+002;1.489377e-001
4.011380e+002;1.472320e-001
4.016201e+002;1.451844e-001
4.021023e+002;1.431182e-001
4.025844e+002;1.413545e-001
4.030666e+002;1.401627e-001
4.035487e+002;1.397187e-001
4.040308e+002;1.400591e-001
4.045130e+002;1.410767e-001
4.049951e+002;1.425474e-001
4.054772e+002;1.441981e-001
4.059594e+002;1.457945e-001
4.064415e+002;1.472195e-001
4.069236e+002;1.484984e-001
4.074058e+002;1.497359e-001
4.078879e+002;1.510182e-001
4.083701e+002;1.523084e-001
4.088522e+002;1.534352e-001
4.093344e+002;1.541357e-001
4.098165e+002;1.541966e-001
4.102986e+002;1.535707e-001
4.107808e+002;1.524368e-001
4.112629e+002;1.511458e-001
4.117450e+002;1.500980e-001
4.122272e+002;1.496105e-001
4.127093e+002;1.498395e-001
4.131914e+002;1.507590e-001
4.136736e+002;1.522037e-001
4.141557e+002;1.539456e-001
4.146378e+002;1.557769e-001
4.151200e+002;1.575595e-001
4.156021e+002;1.592240e-001
4.160843e+002;1.607343e-001
4.165664e+002;1.620464e-001
4.170485e+002;1.631001e-001
4.175307e+002;1.638457e-001
4.180128e+002;1.642881e-001
4.184949e+002;1.645117e-001
4.189771e+002;1.646616e-001
4.194592e+002;1.648960e-001
4.199413e+002;1.653207e-001
4.204235e+002;1.659610e-001
4.209056e+002;1.667645e-001
4.213878e+002;1.676438e-001
4.218699e+002;1.685248e-001
4.223521e+002;1.693878e-001
4.228342e+002;1.702653e-001
4.233163e+002;1.712097e-001
4.237985e+002;1.722399e-001
4.242806e+002;1.733106e-001
4.247627e+002;1.743050e-001
4.252449e+002;1.750787e-001
4.257270e+002;1.755131e-001
4.262091e+002;1.755707e-001
4.266913e+002;1.753068e-001
4.271734e+002;1.748468e-001
4.276555e+002;1.743393e-001
4.281377e+002;1.739126e-001
4.286198e+002;1.736479e-001
4.291020e+002;1.735811e-001
4.295841e+002;1.737182e-001
4.300662e+002;1.740533e-001
4.305484e+002;1.745778e-001
4.310305e+002;1.752768e-001
4.315126e+002;1.761169e-001
4.319948e+002;1.770394e-001
4.324769e+002;1.779615e-001
4.329590e+002;1.787974e-001
4.334412e+002;1.794788e-001
4.339233e+002;1.799729e-001
4.344055e+002;1.802838e-001
4.348876e+002;1.804387e-001
4.353698e+002;1.804667e-001
4.358519e+002;1.803876e-001
4.363340e+002;1.802117e-001
4.368162e+002;1.799548e-001
4.372983e+002;1.796539e-001
4.377804e+002;1.793735e-001
4.382626e+002;1.791932e-001
4.387447e+002;1.791865e-001
4.392268e+002;1.793959e-001
4.397090e+002;1.798210e-001
4.401911e+002;1.804231e-001
4.406732e+002;1.811470e-001
4.411554e+002;1.819432e-001
4.416375e+002;1.827876e-001
4.421197e+002;1.836792e-001
4.426018e+002;1.846232e-001
4.430839e+002;1.856073e-001
4.435661e+002;1.865846e-001
4.440482e+002;1.874752e-001
4.445303e+002;1.881877e-001
4.450125e+002;1.886531e-001
4.454946e+002;1.888494e-001
4.459767e+002;1.888084e-001
4.464589e+002;1.885992e-001
4.469410e+002;1.882973e-001
4.474232e+002;1.879557e-001
4.479053e+002;1.875931e-001
4.483875e+002;1.872041e-001
4.488696e+002;1.867812e-001
4.493517e+002;1.863425e-001
4.498339e+002;1.859441e-001
4.503160e+002;1.856749e-001
4.507981e+002;1.856346e-001
4.512803e+002;1.859016e-001
4.517624e+002;1.865050e-001
4.522445e+002;1.874069e-001
4.527267e+002;1.885028e-001
4.532088e+002;1.896380e-001
4.536909e+002;1.906376e-001
4.541731e+002;1.913416e-001
4.546552e+002;1.916394e-001
4.551374e+002;1.914933e-001
4.556195e+002;1.909515e-001
4.561016e+002;1.901410e-001
4.565838e+002;1.892415e-001
4.570659e+002;1.884440e-001
4.575480e+002;1.879027e-001
4.580302e+002;1.877018e-001
4.585123e+002;1.878401e-001
4.589944e+002;1.882444e-001
4.594766e+002;1.887995e-001
4.599587e+002;1.893889e-001
4.604409e+002;1.899294e-001
4.609230e+002;1.903876e-001
4.614052e+002;1.907724e-001
4.618873e+002;1.911141e-001
4.623694e+002;1.914369e-001
4.628516e+002;1.917449e-001
4.633337e+002;1.920219e-001
4.638158e+002;1.922491e-001
4.642980e+002;1.924237e-001
4.647801e+002;1.925710e-001
4.652622e+002;1.927408e-001
4.657444e+002;1.929878e-001
4.662265e+002;1.933515e-001
4.667086e+002;1.938394e-001
4.671908e+002;1.944254e-001
4.676729e+002;1.950624e-001
4.681551e+002;1.957024e-001
4.686372e+002;1.963142e-001
4.691193e+002;1.968915e-001
4.696015e+002;1.974487e-001
4.700836e+002;1.980076e-001
4.705657e+002;1.985880e-001
4.710479e+002;1.991988e-001
4.715300e+002;1.998393e-001
4.720121e+002;2.005024e-001
4.724943e+002;2.011771e-001
4.729764e+002;2.018492e-001
4.734586e+002;2.024973e-001
4.739407e+002;2.030944e-001
4.744229e+002;2.036129e-001
4.749050e+002;2.040339e-001
4.753871e+002;2.043591e-001
4.758693e+002;2.046129e-001
4.763514e+002;2.048362e-001
4.768335e+002;2.050670e-001
4.773157e+002;2.053226e-001
4.777978e+002;2.055888e-001
4.782799e+002;2.058257e-001
4.787621e+002;2.059873e-001
4.792442e+002;2.060477e-001
4.797263e+002;2.060211e-001
4.802085e+002;2.059625e-001
4.806906e+002;2.059504e-001
4.811728e+002;2.060584e-001
4.816549e+002;2.063281e-001
4.821370e+002;2.067571e-001
4.826192e+002;2.073035e-001
4.831013e+002;2.079045e-001
4.835834e+002;2.084992e-001
4.840656e+002;2.090422e-001
4.845477e+002;2.095069e-001
4.850298e+002;2.098795e-001
4.855120e+002;2.101500e-001
4.859941e+002;2.103136e-001
4.864763e+002;2.103771e-001
4.869584e+002;2.103692e-001
4.874405e+002;2.103447e-001
4.879227e+002;2.103742e-001
4.884048e+002;2.105206e-001
4.888869e+002;2.108160e-001
4.893691e+002;2.112462e-001
4.898512e+002;2.117579e-001
4.903333e+002;2.122793e-001
4.908155e+002;2.127557e-001
4.912976e+002;2.131723e-001
4.917798e+002;2.135580e-001
4.922619e+002;2.139630e-001
4.927440e+002;2.144237e-001
4.932262e+002;2.149320e-001
4.937083e+002;2.154304e-001
4.941905e+002;2.158303e-001
4.946726e+002;2.160573e-001
4.951547e+002;2.160919e-001
4.956369e+002;2.159911e-001
4.961190e+002;2.158726e-001
4.966011e+002;2.158739e-001
4.970833e+002;2.160973e-001
4.975654e+002;2.165731e-001
4.980475e+002;2.172496e-001
4.985297e+002;2.180163e-001
4.990118e+002;2.187463e-001
4.994940e+002;2.193425e-001
4.999761e+002;2.197628e-001
5.004582e+002;2.200226e-001
5.009404e+002;2.201729e-001
5.014225e+002;2.202723e-001
5.019046e+002;2.203642e-001
5.023868e+002;2.204721e-001
5.028689e+002;2.206055e-001
5.033510e+002;2.207726e-001
5.038332e+002;2.209857e-001
5.043153e+002;2.212589e-001
5.047975e+002;2.215989e-001
5.052796e+002;2.219965e-001
5.057617e+002;2.224267e-001
5.062439e+002;2.228581e-001
5.067260e+002;2.232681e-001
5.072082e+002;2.236522e-001
5.076903e+002;2.240246e-001
5.081724e+002;2.244064e-001
5.086546e+002;2.248084e-001
5.091367e+002;2.252210e-001
5.096188e+002;2.256133e-001
5.101010e+002;2.259473e-001
5.105831e+002;2.261967e-001
5.110652e+002;2.263620e-001
5.115474e+002;2.264707e-001
5.120295e+002;2.265660e-001
5.125117e+002;2.266869e-001
5.129938e+002;2.268510e-001
5.134760e+002;2.270508e-001
5.139581e+002;2.272618e-001
5.144402e+002;2.274609e-001
5.149224e+002;2.276421e-001
5.154045e+002;2.278217e-001
5.158866e+002;2.280311e-001
5.163688e+002;2.282999e-001
5.168509e+002;2.286410e-001
5.173330e+002;2.290418e-001
5.178152e+002;2.294701e-001
5.182973e+002;2.298884e-001
5.187794e+002;2.302694e-001
5.192616e+002;2.306053e-001
5.197437e+002;2.309050e-001
5.202258e+002;2.311866e-001
5.207080e+002;2.314637e-001
5.211901e+002;2.317397e-001
5.216722e+002;2.320074e-001
5.221544e+002;2.322562e-001
5.226365e+002;2.324807e-001
5.231187e+002;2.326833e-001
5.236008e+002;2.328744e-001
5.240829e+002;2.330664e-001
5.245651e+002;2.332690e-001
5.250472e+002;2.334877e-001
5.255294e+002;2.337254e-001
5.260115e+002;2.339872e-001
5.264937e+002;2.342804e-001
5.269758e+002;2.346109e-001
5.274579e+002;2.349777e-001
5.279401e+002;2.353677e-001
5.284222e+002;2.357557e-001
5.289043e+002;2.361123e-001
5.293865e+002;2.364156e-001
5.298686e+002;2.366617e-001
5.303507e+002;2.368684e-001
5.308329e+002;2.370672e-001
5.313150e+002;2.372883e-001
5.317971e+002;2.375463e-001
5.322793e+002;2.378323e-001
5.327614e+002;2.381176e-001
5.332435e+002;2.383688e-001
5.337257e+002;2.385641e-001
5.342078e+002;2.387047e-001
5.346899e+002;2.388133e-001
5.351721e+002;2.389230e-001
5.356542e+002;2.390600e-001
5.361364e+002;2.392318e-001
5.366185e+002;2.394247e-001
5.371006e+002;2.396115e-001
5.375828e+002;2.397680e-001
5.380649e+002;2.398853e-001
5.385471e+002;2.399742e-001
5.390292e+002;2.400589e-001
5.395114e+002;2.401656e-001
5.399935e+002;2.403104e-001
5.404756e+002;2.404939e-001
5.409578e+002;2.407059e-001
5.414399e+002;2.409336e-001
5.419220e+002;2.411708e-001
5.424042e+002;2.414210e-001
5.428863e+002;2.416934e-001
5.433684e+002;2.419946e-001
5.438506e+002;2.423200e-001
5.443327e+002;2.426526e-001
5.448148e+002;2.429671e-001
5.452970e+002;2.432401e-001
5.457791e+002;2.434595e-001
5.462612e+002;2.436280e-001
5.467434e+002;2.437607e-001
5.472255e+002;2.438781e-001
5.477076e+002;2.439986e-001
5.481898e+002;2.441342e-001
5.486719e+002;2.442901e-001
5.491541e+002;2.444688e-001
5.496362e+002;2.446703e-001
5.501183e+002;2.448930e-001
5.506005e+002;2.451301e-001
5.510826e+002;2.453667e-001
5.515648e+002;2.455817e-001
5.520469e+002;2.457530e-001
5.525291e+002;2.458668e-001
5.530112e+002;2.459258e-001
5.534933e+002;2.459511e-001
5.539755e+002;2.459753e-001
5.544576e+002;2.460297e-001
5.549397e+002;2.461330e-001
5.554219e+002;2.462841e-001
5.559040e+002;2.464626e-001
5.563861e+002;2.466421e-001
5.568683e+002;2.468012e-001
5.573504e+002;2.469329e-001
5.578325e+002;2.470459e-001
5.583147e+002;2.471575e-001
5.587968e+002;2.472822e-001
5.592789e+002;2.474239e-001
5.597611e+002;2.475748e-001
5.602432e+002;2.477195e-001
5.607253e+002;2.478465e-001
5.612075e+002;2.479541e-001
5.616896e+002;2.480524e-001
5.621718e+002;2.481572e-001
5.626539e+002;2.482813e-001
5.631360e+002;2.484277e-001
5.636182e+002;2.485878e-001
5.641003e+002;2.487475e-001
5.645825e+002;2.488947e-001
5.650646e+002;2.490253e-001
5.655468e+002;2.491452e-001
5.660289e+002;2.492637e-001
5.665110e+002;2.493868e-001
5.669932e+002;2.495119e-001
5.674753e+002;2.496285e-001
5.679574e+002;2.497240e-001
5.684396e+002;2.497934e-001
5.689217e+002;2.498447e-001
5.694038e+002;2.498975e-001
5.698860e+002;2.499761e-001
5.703681e+002;2.500987e-001
5.708502e+002;2.502693e-001
5.713324e+002;2.504765e-001
5.718145e+002;2.506977e-001
5.722966e+002;2.509101e-001
5.727788e+002;2.510974e-001
5.732609e+002;2.512543e-001
5.737430e+002;2.513833e-001
5.742252e+002;2.514885e-001
5.747073e+002;2.515703e-001
5.751895e+002;2.516246e-001
5.756716e+002;2.516453e-001
5.761537e+002;2.516317e-001
5.766359e+002;2.515916e-001
5.771180e+002;2.515416e-001
5.776002e+002;2.515004e-001
5.780823e+002;2.514832e-001
5.785645e+002;2.514953e-001
5.790466e+002;2.515333e-001
5.795287e+002;2.515899e-001
5.800109e+002;2.516604e-001
5.804930e+002;2.517473e-001
5.809751e+002;2.518587e-001
5.814573e+002;2.520019e-001
5.819394e+002;2.521759e-001
5.824215e+002;2.523666e-001
5.829037e+002;2.525501e-001
5.833858e+002;2.526991e-001
5.838679e+002;2.527959e-001
5.843501e+002;2.528398e-001
5.848322e+002;2.528471e-001
5.853143e+002;2.528453e-001
5.857965e+002;2.528615e-001
5.862786e+002;2.529118e-001
5.867607e+002;2.529970e-001
5.872429e+002;2.531049e-001
5.877250e+002;2.532177e-001
5.882072e+002;2.533207e-001
5.886893e+002;2.534072e-001
5.891714e+002;2.534771e-001
5.896536e+002;2.535338e-001
5.901357e+002;2.535794e-001
5.906179e+002;2.536116e-001
5.911000e+002;2.536267e-001
5.915822e+002;2.536227e-001
5.920643e+002;2.536043e-001
5.925464e+002;2.535816e-001
5.930286e+002;2.535695e-001
5.935107e+002;2.535802e-001
5.939928e+002;2.536195e-001
5.944750e+002;2.536855e-001
5.949571e+002;2.537697e-001
5.954392e+002;2.538617e-001
5.959214e+002;2.539521e-001
5.964035e+002;2.540343e-001
5.968856e+002;2.541027e-001
5.973678e+002;2.541514e-001
5.978499e+002;2.541738e-001
5.983320e+002;2.541638e-001
5.988142e+002;2.541212e-001
5.992963e+002;2.540539e-001
5.997784e+002;2.539790e-001
6.002606e+002;2.539184e-001
6.007427e+002;2.538912e-001
6.012249e+002;2.539075e-001
6.017070e+002;2.539638e-001
6.021891e+002;2.540458e-001
6.026713e+002;2.541346e-001
6.031534e+002;2.542142e-001
6.036356e+002;2.542770e-001
6.041177e+002;2.543243e-001
6.045999e+002;2.543625e-001
6.050820e+002;2.543982e-001
6.055641e+002;2.544342e-001
6.060463e+002;2.544698e-001
6.065284e+002;2.545040e-001
6.070105e+002;2.545391e-001
6.074927e+002;2.545823e-001
6.079748e+002;2.546434e-001
6.084569e+002;2.547289e-001
6.089391e+002;2.548368e-001
6.094212e+002;2.549554e-001
6.099033e+002;2.550656e-001
6.103855e+002;2.551484e-001
6.108676e+002;2.551920e-001
6.113497e+002;2.551963e-001
6.118319e+002;2.551719e-001
6.123140e+002;2.551332e-001
6.127961e+002;2.550937e-001
6.132783e+002;2.550601e-001
6.137604e+002;2.550336e-001
6.142426e+002;2.550133e-001
6.147247e+002;2.550024e-001
6.152068e+002;2.550083e-001
6.156890e+002;2.550411e-001
6.161711e+002;2.551068e-001
6.166533e+002;2.552013e-001
6.171354e+002;2.553092e-001
6.176176e+002;2.554080e-001
6.180997e+002;2.554766e-001
6.185818e+002;2.555055e-001
6.190640e+002;2.555010e-001
6.195461e+002;2.554829e-001
6.200282e+002;2.554762e-001
6.205104e+002;2.555002e-001
6.209925e+002;2.555616e-001
6.214746e+002;2.556514e-001
6.219568e+002;2.557521e-001
6.224389e+002;2.558449e-001
6.229210e+002;2.559180e-001
6.234032e+002;2.559690e-001
6.238853e+002;2.560020e-001
6.243674e+002;2.560223e-001
6.248496e+002;2.560325e-001
6.253317e+002;2.560314e-001
6.258138e+002;2.560169e-001
6.262960e+002;2.559918e-001
6.267781e+002;2.559658e-001
6.272603e+002;2.559539e-001
6.277424e+002;2.559705e-001
6.282245e+002;2.560229e-001
6.287067e+002;2.561060e-001
6.291888e+002;2.562048e-001
6.296710e+002;2.562988e-001
6.301531e+002;2.563717e-001
6.306353e+002;2.564163e-001
6.311174e+002;2.564360e-001
6.315995e+002;2.564409e-001
6.320817e+002;2.564401e-001
6.325638e+002;2.564377e-001
6.330459e+002;2.564301e-001
6.335281e+002;2.564104e-001
6.340102e+002;2.563737e-001
6.344923e+002;2.563215e-001
6.349745e+002;2.562623e-001
6.354566e+002;2.562069e-001
6.359387e+002;2.561640e-001
6.364209e+002;2.561347e-001
6.369030e+002;2.561134e-001
6.373851e+002;2.560916e-001
6.378673e+002;2.560627e-001
6.383494e+002;2.560276e-001
6.388315e+002;2.559935e-001
6.393137e+002;2.559700e-001
6.397958e+002;2.559628e-001
6.402780e+002;2.559704e-001
6.407601e+002;2.559835e-001
6.412422e+002;2.559881e-001
6.417244e+002;2.559741e-001
6.422065e+002;2.559374e-001
6.426887e+002;2.558820e-001
6.431708e+002;2.558164e-001
6.436530e+002;2.557487e-001
6.441351e+002;2.556826e-001
6.446172e+002;2.556169e-001
6.450994e+002;2.555490e-001
6.455815e+002;2.554787e-001
6.460636e+002;2.554116e-001
6.465458e+002;2.553568e-001
6.470279e+002;2.553223e-001
6.475100e+002;2.553102e-001
6.479922e+002;2.553131e-001
6.484743e+002;2.553160e-001
6.489564e+002;2.553024e-001
6.494386e+002;2.552619e-001
6.499207e+002;2.551949e-001
6.504028e+002;2.551116e-001
6.508850e+002;2.550276e-001
6.513671e+002;2.549557e-001
6.518492e+002;2.549006e-001
6.523314e+002;2.548584e-001
6.528135e+002;2.548192e-001
6.532957e+002;2.547749e-001
6.537778e+002;2.547237e-001
6.542599e+002;2.546711e-001
6.547421e+002;2.546254e-001
6.552242e+002;2.545927e-001
6.557064e+002;2.545715e-001
6.561885e+002;2.545526e-001
6.566707e+002;2.545226e-001
6.571527e+002;2.544720e-001
6.576349e+002;2.543994e-001
6.581171e+002;2.543141e-001
6.585991e+002;2.542310e-001
6.590813e+002;2.541648e-001
6.595635e+002;2.541227e-001
6.600455e+002;2.541021e-001
6.605277e+002;2.540926e-001
6.610099e+002;2.540807e-001
6.614919e+002;2.540568e-001
6.619741e+002;2.540175e-001
6.624563e+002;2.539646e-001
6.629384e+002;2.539025e-001
6.634205e+002;2.538337e-001
6.639027e+002;2.537580e-001
6.643848e+002;2.536732e-001
6.648669e+002;2.535799e-001
6.653491e+002;2.534833e-001
6.658312e+002;2.533932e-001
6.663134e+002;2.533219e-001
6.667955e+002;2.532777e-001
6.672776e+002;2.532614e-001
6.677598e+002;2.532650e-001
6.682419e+002;2.532741e-001
6.687240e+002;2.532735e-001
6.692062e+002;2.532534e-001
6.696884e+002;2.532115e-001
6.701704e+002;2.531506e-001
6.706526e+002;2.530771e-001
6.711348e+002;2.529951e-001
6.716168e+002;2.529057e-001
6.720990e+002;2.528085e-001
6.725812e+002;2.527035e-001
6.730632e+002;2.525944e-001
6.735454e+002;2.524879e-001
6.740276e+002;2.523920e-001
6.745096e+002;2.523114e-001
6.749918e+002;2.522449e-001
6.754740e+002;2.521854e-001
6.759561e+002;2.521216e-001
6.764382e+002;2.520442e-001
6.769204e+002;2.519489e-001
6.774025e+002;2.518377e-001
6.778846e+002;2.517177e-001
6.783668e+002;2.515965e-001
6.788489e+002;2.514805e-001
6.793311e+002;2.513715e-001
6.798132e+002;2.512693e-001
6.802953e+002;2.511736e-001
6.807775e+002;2.510847e-001
6.812596e+002;2.510052e-001
6.817417e+002;2.509356e-001
6.822239e+002;2.508732e-001
6.827061e+002;2.508102e-001
6.831881e+002;2.507354e-001
6.836703e+002;2.506383e-001
6.841525e+002;2.505138e-001
6.846345e+002;2.503660e-001
6.851167e+002;2.502071e-001
6.855989e+002;2.500525e-001
6.860809e+002;2.499151e-001
6.865631e+002;2.498007e-001
6.870453e+002;2.497052e-001
6.875273e+002;2.496180e-001
6.880095e+002;2.495270e-001
6.884917e+002;2.494227e-001
6.889738e+002;2.493025e-001
6.894559e+002;2.491697e-001
6.899381e+002;2.490304e-001
6.904202e+002;2.488910e-001
6.909023e+002;2.487550e-001
6.913845e+002;2.486235e-001
6.918666e+002;2.484962e-001
6.923488e+002;2.483735e-001
6.928309e+002;2.482564e-001
6.933130e+002;2.481452e-001
6.937952e+002;2.480395e-001
6.942773e+002;2.479353e-001
6.947594e+002;2.478275e-001
6.952416e+002;2.477114e-001
6.957238e+002;2.475850e-001
6.962058e+002;2.474500e-001
6.966880e+002;2.473109e-001
6.971702e+002;2.471718e-001
6.976522e+002;2.470332e-001
6.981344e+002;2.468914e-001
6.986166e+002;2.467408e-001
6.990986e+002;2.465760e-001
6.995808e+002;2.463976e-001
7.000630e+002;2.462130e-001
7.005450e+002;2.460348e-001
7.010272e+002;2.458761e-001
7.015094e+002;2.457442e-001
7.019915e+002;2.456382e-001
7.024736e+002;2.455478e-001
7.029558e+002;2.454581e-001
7.034379e+002;2.453550e-001
7.039200e+002;2.452299e-001
7.044022e+002;2.450818e-001
7.048843e+002;2.449152e-001
7.053665e+002;2.447372e-001
7.058486e+002;2.445533e-001
7.063307e+002;2.443663e-001
7.068129e+002;2.441768e-001
7.072950e+002;2.439865e-001
7.077771e+002;2.437993e-001
7.082593e+002;2.436204e-001
7.087415e+002;2.434547e-001
7.092235e+002;2.433035e-001
7.097057e+002;2.431619e-001
7.101879e+002;2.430212e-001
7.106699e+002;2.428719e-001
7.111521e+002;2.427088e-001
7.116343e+002;2.425327e-001
7.121163e+002;2.423509e-001
7.125985e+002;2.421730e-001
7.130807e+002;2.420052e-001
7.135627e+002;2.418481e-001
7.140449e+002;2.416947e-001
7.145271e+002;2.415354e-001
7.150092e+002;2.413626e-001
7.154913e+002;2.411754e-001
7.159735e+002;2.409810e-001
7.164556e+002;2.407904e-001
7.169377e+002;2.406148e-001
7.174199e+002;2.404584e-001
7.179020e+002;2.403171e-001
7.183842e+002;2.401805e-001
7.188663e+002;2.400354e-001
7.193484e+002;2.398729e-001
7.198306e+002;2.396902e-001
7.203127e+002;2.394906e-001
7.207948e+002;2.392811e-001
7.212770e+002;2.390677e-001
7.217592e+002;2.388535e-001
7.222412e+002;2.386375e-001
7.227234e+002;2.384184e-001
7.232056e+002;2.381958e-001
7.236876e+002;2.379725e-001
7.241698e+002;2.377538e-001
7.246520e+002;2.375446e-001
7.251340e+002;2.373475e-001
7.256162e+002;2.371607e-001
7.260984e+002;2.369793e-001
7.265804e+002;2.367973e-001
7.270626e+002;2.366108e-001
7.275448e+002;2.364193e-001
7.280269e+002;2.362240e-001
7.285090e+002;2.360278e-001
7.289912e+002;2.358312e-001
7.294733e+002;2.356331e-001
7.299554e+002;2.354311e-001
7.304376e+002;2.352233e-001
7.309197e+002;2.350110e-001
7.314019e+002;2.347978e-001
7.318840e+002;2.345887e-001
7.323661e+002;2.343871e-001
7.328483e+002;2.341927e-001
7.333304e+002;2.340016e-001
7.338125e+002;2.338073e-001
7.342947e+002;2.336052e-001
7.347769e+002;2.333937e-001
7.352589e+002;2.331763e-001
7.357411e+002;2.329593e-001
7.362233e+002;2.327484e-001
7.367053e+002;2.325464e-001
7.371875e+002;2.323506e-001
7.376697e+002;2.321553e-001
7.381517e+002;2.319534e-001
7.386339e+002;2.317400e-001
7.391161e+002;2.315147e-001
7.395981e+002;2.312799e-001
7.400803e+002;2.310403e-001
7.405625e+002;2.307996e-001
7.410446e+002;2.305597e-001
7.415267e+002;2.303213e-001
7.420089e+002;2.300837e-001
7.424910e+002;2.298479e-001
7.429731e+002;2.296159e-001
7.434553e+002;2.293894e-001
7.439374e+002;2.291686e-001
7.444196e+002;2.289511e-001
7.449017e+002;2.287320e-001
7.453838e+002;2.285052e-001
7.458660e+002;2.282678e-001
7.463481e+002;2.280202e-001
7.468302e+002;2.277680e-001
7.473124e+002;2.275186e-001
7.477945e+002;2.272787e-001
7.482766e+002;2.270513e-001
7.487588e+002;2.268345e-001
7.492409e+002;2.266222e-001
7.497230e+002;2.264070e-001
7.502052e+002;2.261831e-001
7.506873e+002;2.259481e-001
7.511694e+002;2.257024e-001
7.516516e+002;2.254484e-001
7.521337e+002;2.251883e-001
7.526158e+002;2.249233e-001
7.530980e+002;2.246542e-001
7.535801e+002;2.243828e-001
7.540623e+002;2.241130e-001
7.545444e+002;2.238510e-001
7.550266e+002;2.236031e-001
7.555087e+002;2.233738e-001
7.559908e+002;2.231632e-001
7.564730e+002;2.229676e-001
7.569551e+002;2.227782e-001
7.574373e+002;2.225865e-001
7.579194e+002;2.223845e-001
7.584015e+002;2.221677e-001
7.588837e+002;2.219352e-001
7.593658e+002;2.216885e-001
7.598479e+002;2.214302e-001
7.603301e+002;2.211632e-001
7.608122e+002;2.208906e-001
7.612943e+002;2.206158e-001
7.617765e+002;2.203430e-001
7.622586e+002;2.200767e-001
7.627407e+002;2.198194e-001
7.632229e+002;2.195716e-001
7.637050e+002;2.193303e-001
7.641871e+002;2.190911e-001
7.646693e+002;2.188495e-001
7.651514e+002;2.186031e-001
7.656335e+002;2.183533e-001
7.661157e+002;2.181034e-001
7.665978e+002;2.178571e-001
7.670800e+002;2.176154e-001
7.675621e+002;2.173749e-001
7.680443e+002;2.171291e-001
7.685264e+002;2.168700e-001
7.690085e+002;2.165931e-001
7.694907e+002;2.162983e-001
7.699728e+002;2.159915e-001
7.704550e+002;2.156824e-001
7.709371e+002;2.153796e-001
7.714192e+002;2.150890e-001
7.719014e+002;2.148105e-001
7.723835e+002;2.145396e-001
7.728656e+002;2.142697e-001
7.733478e+002;2.139949e-001
7.738299e+002;2.137118e-001
7.743120e+002;2.134193e-001
7.747942e+002;2.131183e-001
7.752763e+002;2.128088e-001
7.757584e+002;2.124906e-001
7.762406e+002;2.121628e-001
7.767227e+002;2.118258e-001
7.772048e+002;2.114827e-001
7.776870e+002;2.111399e-001
7.781691e+002;2.108056e-001
7.786512e+002;2.104872e-001
7.791334e+002;2.101900e-001
7.796155e+002;2.099144e-001
7.800977e+002;2.096571e-001
7.805798e+002;2.094112e-001
7.810620e+002;2.091694e-001
7.815441e+002;2.089242e-001
7.820262e+002;2.086698e-001
7.825084e+002;2.084020e-001
7.829905e+002;2.081181e-001
7.834727e+002;2.078171e-001
7.839548e+002;2.075011e-001
7.844369e+002;2.071740e-001
7.849191e+002;2.068432e-001
7.854012e+002;2.065165e-001
7.858833e+002;2.062003e-001
7.863655e+002;2.058970e-001
7.868476e+002;2.056047e-001
7.873297e+002;2.053175e-001
7.878119e+002;2.050284e-001
7.882940e+002;2.047317e-001
7.887761e+002;2.044258e-001
7.892583e+002;2.041133e-001
7.897404e+002;2.037989e-001
7.902225e+002;2.034882e-001
7.907047e+002;2.031837e-001
7.911868e+002;2.028859e-001
7.916689e+002;2.025924e-001
7.921511e+002;2.023002e-001
7.926332e+002;2.020076e-001
7.931154e+002;2.017144e-001
7.935975e+002;2.014209e-001
7.940797e+002;2.011258e-001
7.945618e+002;2.008266e-001
7.950439e+002;2.005177e-001
7.955261e+002;2.001945e-001
7.960082e+002;1.998544e-001
7.964904e+002;1.994995e-001
7.969725e+002;1.991363e-001
7.974546e+002;1.987747e-001
7.979368e+002;1.984233e-001
7.984189e+002;1.980874e-001
7.989010e+002;1.977675e-001
7.993832e+002;1.974600e-001
7.998653e+002;1.971588e-001
8.003474e+002;1.968596e-001
8.008296e+002;1.965598e-001
8.013117e+002;1.962601e-001
8.017938e+002;1.959626e-001
8.022760e+002;1.956697e-001
8.027581e+002;1.953821e-001
8.032402e+002;1.950993e-001
8.037224e+002;1.948203e-001
8.042045e+002;1.945433e-001
8.046866e+002;1.942671e-001
8.051688e+002;1.939904e-001
8.056509e+002;1.937101e-001
8.061331e+002;1.934223e-001
8.066152e+002;1.931230e-001
8.070974e+002;1.928092e-001
8.075795e+002;1.924811e-001
8.080616e+002;1.921426e-001
8.085438e+002;1.918011e-001
8.090259e+002;1.914638e-001
8.095081e+002;1.911350e-001
8.099902e+002;1.908146e-001
8.104723e+002;1.904971e-001
8.109545e+002;1.901743e-001
8.114366e+002;1.898390e-001
8.119187e+002;1.894875e-001
8.124009e+002;1.891217e-001
8.128830e+002;1.887482e-001
8.133651e+002;1.883757e-001
8.138473e+002;1.880122e-001
8.143294e+002;1.876632e-001
8.148115e+002;1.873300e-001
8.152937e+002;1.870118e-001
8.157758e+002;1.867068e-001
8.162579e+002;1.864130e-001
8.167401e+002;1.861292e-001
8.172222e+002;1.858530e-001
8.177043e+002;1.855816e-001
8.181865e+002;1.853102e-001
8.186686e+002;1.850333e-001
8.191508e+002;1.847464e-001
8.196329e+002;1.844467e-001
8.201151e+002;1.841348e-001
8.205972e+002;1.838129e-001
8.210793e+002;1.834843e-001
8.215615e+002;1.831513e-001
8.220436e+002;1.828144e-001
8.225258e+002;1.824725e-001
8.230079e+002;1.821241e-001
8.234900e+002;1.817694e-001
8.239722e+002;1.814104e-001
8.244543e+002;1.810504e-001
8.249364e+002;1.806945e-001
8.254186e+002;1.803458e-001
8.259007e+002;1.800055e-001
8.263828e+002;1.796729e-001
8.268650e+002;1.793459e-001
8.273471e+002;1.790221e-001
8.278292e+002;1.787003e-001
8.283114e+002;1.783810e-001
8.287935e+002;1.780648e-001
8.292756e+002;1.777532e-001
8.297578e+002;1.774467e-001
8.302399e+002;1.771444e-001
8.307220e+002;1.768445e-001
8.312042e+002;1.765441e-001
8.316863e+002;1.762405e-001
8.321685e+002;1.759306e-001
8.326506e+002;1.756124e-001
8.331328e+002;1.752843e-001
8.336149e+002;1.749464e-001
8.340970e+002;1.746004e-001
8.345792e+002;1.742494e-001
8.350613e+002;1.738982e-001
8.355435e+002;1.735511e-001
8.360256e+002;1.732117e-001
8.365077e+002;1.728814e-001
8.369899e+002;1.725591e-001
8.374720e+002;1.722426e-001
8.379541e+002;1.719283e-001
8.384363e+002;1.716140e-001
8.389184e+002;1.712983e-001
8.394005e+002;1.709810e-001
8.398827e+002;1.706628e-001
8.403648e+002;1.703435e-001
8.408469e+002;1.700221e-001
8.413291e+002;1.696975e-001
8.418112e+002;1.693694e-001
8.422933e+002;1.690385e-001
8.427755e+002;1.687066e-001
8.432576e+002;1.683766e-001
8.437397e+002;1.680500e-001
8.442219e+002;1.677262e-001
8.447040e+002;1.674021e-001
8.451862e+002;1.670734e-001
8.456683e+002;1.667361e-001
8.461505e+002;1.663885e-001
8.466326e+002;1.660329e-001
8.471147e+002;1.656739e-001
8.475969e+002;1.653172e-001
8.480790e+002;1.649672e-001
8.485612e+002;1.646252e-001
8.490433e+002;1.642895e-001
8.495254e+002;1.639568e-001
8.500076e+002;1.636240e-001
8.504897e+002;1.632900e-001
8.509718e+002;1.629564e-001
8.514540e+002;1.626263e-001
8.519361e+002;1.623021e-001
8.524182e+002;1.619841e-001
8.529004e+002;1.616701e-001
8.533825e+002;1.613556e-001
8.538646e+002;1.610365e-001
8.543468e+002;1.607104e-001
8.548289e+002;1.603777e-001
8.553110e+002;1.600408e-001
8.557932e+002;1.597027e-001
8.562753e+002;1.593652e-001
8.567574e+002;1.590274e-001
8.572396e+002;1.586872e-001
8.577217e+002;1.583414e-001
8.582039e+002;1.579888e-001
8.586860e+002;1.576308e-001
8.591682e+002;1.572715e-001
8.596503e+002;1.569164e-001
8.601324e+002;1.565706e-001
8.606146e+002;1.562372e-001
8.610967e+002;1.559161e-001
8.615789e+002;1.556050e-001
8.620610e+002;1.553001e-001
8.625431e+002;1.549972e-001
8.630253e+002;1.546931e-001
8.635074e+002;1.543852e-001
8.639895e+002;1.540719e-001
8.644717e+002;1.537520e-001
8.649538e+002;1.534252e-001
8.654359e+002;1.530927e-001
8.659181e+002;1.527571e-001
8.664002e+002;1.524229e-001
8.668823e+002;1.520951e-001
8.673645e+002;1.517778e-001
8.678466e+002;1.514731e-001
8.683287e+002;1.511796e-001
8.688109e+002;1.508926e-001
8.692930e+002;1.506054e-001
8.697751e+002;1.503113e-001
8.702573e+002;1.500057e-001
8.707394e+002;1.496869e-001
8.712216e+002;1.493571e-001
8.717037e+002;1.490209e-001
8.721859e+002;1.486840e-001
8.726680e+002;1.483517e-001
8.731501e+002;1.480273e-001
8.736323e+002;1.477114e-001
8.741144e+002;1.474019e-001
8.745966e+002;1.470949e-001
8.750787e+002;1.467856e-001
8.755608e+002;1.464697e-001
8.760430e+002;1.461453e-001
8.765251e+002;1.458128e-001
8.770072e+002;1.454755e-001
8.774894e+002;1.451380e-001
8.779715e+002;1.448049e-001
8.784536e+002;1.444789e-001
8.789358e+002;1.441598e-001
8.794179e+002;1.438446e-001
8.799000e+002;1.435287e-001
8.803822e+002;1.432077e-001
8.808643e+002;1.428801e-001
8.813464e+002;1.425475e-001
8.818286e+002;1.422155e-001
8.823107e+002;1.418911e-001
8.827928e+002;1.415805e-001
8.832750e+002;1.412878e-001
8.837571e+002;1.410131e-001
8.842393e+002;1.407531e-001
8.847214e+002;1.405028e-001
8.852036e+002;1.402567e-001
8.856857e+002;1.400107e-001
8.861678e+002;1.397628e-001
8.866500e+002;1.395123e-001
8.871321e+002;1.392591e-001
8.876143e+002;1.390034e-001
8.880964e+002;1.387452e-001
8.885785e+002;1.384844e-001
8.890607e+002;1.382223e-001
8.895428e+002;1.379608e-001
8.900249e+002;1.377023e-001
8.905071e+002;1.374489e-001
8.909892e+002;1.372012e-001
8.914713e+002;1.369573e-001
8.919535e+002;1.367140e-001
8.924356e+002;1.364676e-001
8.929177e+002;1.362147e-001
8.933999e+002;1.359547e-001
8.938820e+002;1.356897e-001
8.943641e+002;1.354233e-001
8.948463e+002;1.351604e-001
8.953284e+002;1.349041e-001
8.958105e+002;1.346559e-001
8.962927e+002;1.344145e-001
8.967748e+002;1.341767e-001
8.972570e+002;1.339387e-001
8.977391e+002;1.336972e-001
8.982213e+002;1.334495e-001
8.987034e+002;1.331948e-001
8.991855e+002;1.329331e-001
8.996677e+002;1.326652e-001
9.001498e+002;1.323933e-001
9.006320e+002;1.321195e-001
9.011141e+002;1.318471e-001
9.015962e+002;1.315793e-001
9.020784e+002;1.313187e-001
9.025605e+002;1.310667e-001
9.030426e+002;1.308232e-001
9.035248e+002;1.305860e-001
9.040069e+002;1.303515e-001
9.044890e+002;1.301166e-001
9.049712e+002;1.298789e-001
9.054533e+002;1.296389e-001
9.059354e+002;1.293987e-001
9.064176e+002;1.291623e-001
9.068997e+002;1.289337e-001
9.073818e+002;1.287149e-001
9.078640e+002;1.285062e-001
9.083461e+002;1.283046e-001
9.088282e+002;1.281061e-001
9.093104e+002;1.279062e-001
9.097925e+002;1.277013e-001
9.102747e+002;1.274901e-001
9.107568e+002;1.272732e-001
9.112390e+002;1.270521e-001
9.117211e+002;1.268291e-001
9.122032e+002;1.266058e-001
9.126853e+002;1.263831e-001
9.131675e+002;1.261606e-001
9.136497e+002;1.259385e-001
9.141317e+002;1.257171e-001
9.146139e+002;1.254982e-001
9.150961e+002;1.252844e-001
9.155781e+002;1.250783e-001
9.160603e+002;1.248823e-001
9.165425e+002;1.246973e-001
9.170245e+002;1.245227e-001
9.175067e+002;1.243566e-001
9.179889e+002;1.241968e-001
9.184709e+002;1.240412e-001
9.189531e+002;1.238882e-001
9.194353e+002;1.237368e-001
9.199174e+002;1.235862e-001
9.203995e+002;1.234356e-001
9.208817e+002;1.232828e-001
9.213638e+002;1.231252e-001
9.218459e+002;1.229598e-001
9.223281e+002;1.227840e-001
9.228102e+002;1.225967e-001
9.232924e+002;1.223981e-001
9.237745e+002;1.221898e-001
9.242566e+002;1.219747e-001
9.247388e+002;1.217554e-001
9.252209e+002;1.215344e-001
9.257030e+002;1.213136e-001
9.261852e+002;1.210943e-001
9.266674e+002;1.208779e-001
9.271494e+002;1.206654e-001
9.276316e+002;1.204580e-001
9.281138e+002;1.202564e-001
9.285958e+002;1.200603e-001
9.290780e+002;1.198685e-001
9.295602e+002;1.196786e-001
9.300422e+002;1.194883e-001
9.305244e+002;1.192954e-001
9.310066e+002;1.190989e-001
9.314886e+002;1.188988e-001
9.319708e+002;1.186965e-001
9.324530e+002;1.184937e-001
9.329351e+002;1.182922e-001
9.334172e+002;1.180932e-001
9.338994e+002;1.178973e-001
9.343815e+002;1.177050e-001
9.348636e+002;1.175165e-001
9.353458e+002;1.173321e-001
9.358279e+002;1.171525e-001
9.363101e+002;1.169778e-001
9.367922e+002;1.168082e-001
9.372743e+002;1.166433e-001
9.377565e+002;1.164823e-001
9.382386e+002;1.163245e-001
9.387207e+002;1.161695e-001
9.392029e+002;1.160171e-001
9.396851e+002;1.158678e-001
9.401671e+002;1.157214e-001
9.406493e+002;1.155781e-001
9.411315e+002;1.154372e-001
9.416135e+002;1.152978e-001
9.420957e+002;1.151591e-001
9.425779e+002;1.150205e-001
9.430599e+002;1.148815e-001
9.435421e+002;1.147418e-001
9.440243e+002;1.146012e-001
9.445063e+002;1.144589e-001
9.449885e+002;1.143147e-001
9.454707e+002;1.141686e-001
9.459528e+002;1.140217e-001
9.464349e+002;1.138759e-001
9.469171e+002;1.137339e-001
9.473992e+002;1.135988e-001
9.478813e+002;1.134720e-001
9.483635e+002;1.133535e-001
9.488456e+002;1.132408e-001
9.493278e+002;1.131302e-001
9.498099e+002;1.130177e-001
9.502920e+002;1.129001e-001
9.507742e+002;1.127764e-001
9.512563e+002;1.126477e-001
9.517384e+002;1.125170e-001
9.522206e+002;1.123874e-001
9.527028e+002;1.122616e-001
9.531848e+002;1.121411e-001
9.536670e+002;1.120259e-001
9.541492e+002;1.119157e-001
9.546312e+002;1.118100e-001
9.551134e+002;1.117084e-001
9.555956e+002;1.116115e-001
9.560776e+002;1.115197e-001
9.565598e+002;1.114331e-001
9.570420e+002;1.113505e-001
9.575240e+002;1.112706e-001
9.580062e+002;1.111916e-001
9.584884e+002;1.111114e-001
9.589705e+002;1.110293e-001
9.594526e+002;1.109447e-001
9.599348e+002;1.108578e-001
9.604169e+002;1.107688e-001
9.608990e+002;1.106781e-001
9.613812e+002;1.105863e-001
9.618633e+002;1.104944e-001
9.623455e+002;1.104043e-001
9.628276e+002;1.103190e-001
9.633097e+002;1.102417e-001
9.637919e+002;1.101753e-001
9.642740e+002;1.101214e-001
9.647561e+002;1.100799e-001
9.652383e+002;1.100489e-001
9.657205e+002;1.100254e-001
9.662025e+002;1.100059e-001
9.666847e+002;1.099882e-001
9.671669e+002;1.099707e-001
9.676489e+002;1.099526e-001
9.681311e+002;1.099337e-001
9.686133e+002;1.099133e-001
9.690953e+002;1.098900e-001
9.695775e+002;1.098627e-001
9.700597e+002;1.098302e-001
9.705417e+002;1.097929e-001
9.710239e+002;1.097527e-001
9.715061e+002;1.097130e-001
9.719882e+002;1.096774e-001
9.724703e+002;1.096495e-001
9.729525e+002;1.096318e-001
9.734346e+002;1.096251e-001
9.739167e+002;1.096290e-001
9.743989e+002;1.096431e-001
9.748810e+002;1.096669e-001
9.753632e+002;1.097006e-001
9.758453e+002;1.097447e-001
9.763274e+002;1.098000e-001
9.768096e+002;1.098661e-001
9.772917e+002;1.099425e-001
9.777738e+002;1.100271e-001
9.782560e+002;1.101184e-001
9.787382e+002;1.102154e-001
9.792202e+002;1.103178e-001
9.797024e+002;1.104270e-001
9.801846e+002;1.105449e-001
9.806666e+002;1.106739e-001
9.811488e+002;1.108155e-001
9.816310e+002;1.109706e-001
9.821130e+002;1.111388e-001
9.825952e+002;1.113197e-001
9.830774e+002;1.115125e-001
9.835594e+002;1.117163e-001
9.840416e+002;1.119312e-001
9.845238e+002;1.121567e-001
9.850059e+002;1.123920e-001
9.854880e+002;1.126366e-001
9.859702e+002;1.128886e-001
9.864523e+002;1.131462e-001
9.869344e+002;1.134074e-001
9.874166e+002;1.136695e-001
9.878987e+002;1.139300e-001
9.883809e+002;1.141855e-001
9.888630e+002;1.144317e-001
9.893451e+002;1.146638e-001
9.898273e+002;1.148762e-001
9.903094e+002;1.150638e-001
9.907915e+002;1.152223e-001
9.912737e+002;1.153491e-001
9.917559e+002;1.154438e-001
9.922379e+002;1.155071e-001
9.927201e+002;1.155415e-001
9.932023e+002;1.155495e-001
9.936843e+002;1.155336e-001
9.941665e+002;1.154963e-001
9.946487e+002;1.154397e-001
9.951307e+002;1.153663e-001
9.956129e+002;1.152801e-001
9.960951e+002;1.151860e-001
9.965771e+002;1.150897e-001
9.970593e+002;1.149971e-001
9.975415e+002;1.149132e-001
9.980236e+002;1.148407e-001
9.985057e+002;1.147808e-001
9.989879e+002;1.147321e-001
9.994700e+002;1.146929e-001
9.999521e+002;1.146608e-001
1.000434e+003;1.146347e-001
1.000916e+003;1.146144e-001
1.001399e+003;1.146005e-001
1.001881e+003;1.145948e-001
1.002363e+003;1.145982e-001
1.002845e+003;1.146118e-001
1.003327e+003;1.146367e-001
1.003809e+003;1.146739e-001
1.004291e+003;1.147246e-001
1.004774e+003;1.147906e-001
1.005256e+003;1.148738e-001
1.005738e+003;1.149750e-001
1.006220e+003;1.150940e-001
1.006702e+003;1.152290e-001
1.007184e+003;1.153767e-001
1.007666e+003;1.155338e-001
1.008148e+003;1.156970e-001
1.008631e+003;1.158649e-001
1.009113e+003;1.160377e-001
1.009595e+003;1.162166e-001
1.010077e+003;1.164042e-001
1.010559e+003;1.166023e-001
1.011041e+003;1.168119e-001
1.011523e+003;1.170327e-001
1.012006e+003;1.172629e-001
1.012488e+003;1.174998e-001
1.012970e+003;1.177402e-001
1.013452e+003;1.179807e-001
1.013934e+003;1.182172e-001
1.014416e+003;1.184459e-001
1.014898e+003;1.186637e-001
1.015380e+003;1.188673e-001
1.015863e+003;1.190556e-001
1.016345e+003;1.192285e-001
1.016827e+003;1.193883e-001
1.017309e+003;1.195376e-001
1.017791e+003;1.196793e-001
1.018273e+003;1.198155e-001
1.018755e+003;1.199470e-001
1.019238e+003;1.200733e-001
1.019720e+003;1.201937e-001
1.020202e+003;1.203086e-001
1.020684e+003;1.204200e-001
1.021166e+003;1.205323e-001
1.021648e+003;1.206525e-001
1.022130e+003;1.207877e-001
1.022613e+003;1.209449e-001
1.023095e+003;1.211287e-001
1.023577e+003;1.213409e-001
1.024059e+003;1.215794e-001
1.024541e+003;1.218396e-001
1.025023e+003;1.221148e-001
1.025505e+003;1.223971e-001
1.025988e+003;1.226797e-001
1.026470e+003;1.229569e-001
1.026952e+003;1.232246e-001
1.027434e+003;1.234816e-001
1.027916e+003;1.237279e-001
1.028398e+003;1.239649e-001
1.028880e+003;1.241938e-001
1.029363e+003;1.244152e-001
1.029845e+003;1.246278e-001
1.030327e+003;1.248291e-001
1.030809e+003;1.250150e-001
1.031291e+003;1.251813e-001
1.031773e+003;1.253242e-001
1.032255e+003;1.254421e-001
1.032737e+003;1.255347e-001
1.033220e+003;1.256029e-001
1.033702e+003;1.256482e-001
1.034184e+003;1.256723e-001
1.034666e+003;1.256752e-001
1.035148e+003;1.256571e-001
1.035630e+003;1.256168e-001
1.036112e+003;1.255547e-001
1.036595e+003;1.254712e-001
1.037077e+003;1.253686e-001
1.037559e+003;1.252505e-001
1.038041e+003;1.251206e-001
1.038523e+003;1.249827e-001
1.039005e+003;1.248394e-001
1.039487e+003;1.246920e-001
1.039969e+003;1.245403e-001
1.040452e+003;1.243832e-001
1.040934e+003;1.242194e-001
1.041416e+003;1.240478e-001
1.041898e+003;1.238687e-001
1.042380e+003;1.236829e-001
1.042862e+003;1.234925e-001
1.043344e+003;1.233001e-001
1.043827e+003;1.231084e-001
1.044309e+003;1.229194e-001
1.044791e+003;1.227352e-001
1.045273e+003;1.225567e-001
1.045755e+003;1.223854e-001
1.046237e+003;1.222223e-001
1.046719e+003;1.220690e-001
1.047202e+003;1.219268e-001
1.047684e+003;1.217970e-001
1.048166e+003;1.216809e-001
1.048648e+003;1.215787e-001
1.049130e+003;1.214904e-001
1.049612e+003;1.214155e-001
1.050094e+003;1.213530e-001
1.050577e+003;1.213026e-001
1.051059e+003;1.212633e-001
1.051541e+003;1.212345e-001
1.052023e+003;1.212153e-001
1.052505e+003;1.212051e-001
1.052987e+003;1.212023e-001
1.053469e+003;1.212051e-001
1.053952e+003;1.212113e-001
1.054434e+003;1.212183e-001
1.054916e+003;1.212227e-001
1.055398e+003;1.212210e-001
1.055880e+003;1.212092e-001
1.056362e+003;1.211837e-001
1.056844e+003;1.211412e-001
1.057326e+003;1.210793e-001
1.057809e+003;1.209972e-001
1.058291e+003;1.208960e-001
1.058773e+003;1.207777e-001
1.059255e+003;1.206457e-001
1.059737e+003;1.205038e-001
1.060219e+003;1.203561e-001
1.060701e+003;1.202060e-001
1.061184e+003;1.200571e-001
1.061666e+003;1.199124e-001
1.062148e+003;1.197743e-001
1.062630e+003;1.196450e-001
1.063112e+003;1.195263e-001
1.063594e+003;1.194195e-001
1.064076e+003;1.193259e-001
1.064558e+003;1.192469e-001
1.065041e+003;1.191846e-001
1.065523e+003;1.191409e-001
1.066005e+003;1.191183e-001
1.066487e+003;1.191175e-001
1.066969e+003;1.191378e-001
1.067451e+003;1.191763e-001
1.067933e+003;1.192283e-001
1.068416e+003;1.192884e-001
1.068898e+003;1.193520e-001
1.069380e+003;1.194169e-001
1.069862e+003;1.194836e-001
1.070344e+003;1.195554e-001
1.070826e+003;1.196367e-001
1.071308e+003;1.197321e-001
1.071791e+003;1.198442e-001
1.072273e+003;1.199739e-001
1.072755e+003;1.201198e-001
1.073237e+003;1.202797e-001
1.073719e+003;1.204515e-001
1.074201e+003;1.206332e-001
1.074683e+003;1.208230e-001
1.075166e+003;1.210185e-001
1.075648e+003;1.212157e-001
1.076130e+003;1.214092e-001
1.076612e+003;1.215923e-001
1.077094e+003;1.217585e-001
1.077576e+003;1.219021e-001
1.078058e+003;1.220193e-001
1.078541e+003;1.221078e-001
1.079023e+003;1.221654e-001
1.079505e+003;1.221893e-001
1.079987e+003;1.221750e-001
1.080469e+003;1.221175e-001
1.080951e+003;1.220112e-001
1.081433e+003;1.218527e-001
1.081915e+003;1.216415e-001
1.082398e+003;1.213804e-001
1.082880e+003;1.210750e-001
1.083362e+003;1.207313e-001
1.083844e+003;1.203552e-001
1.084326e+003;1.199514e-001
1.084808e+003;1.195230e-001
1.085290e+003;1.190743e-001
1.085773e+003;1.186095e-001
1.086255e+003;1.181357e-001
1.086737e+003;1.176608e-001
1.087219e+003;1.171941e-001
1.087701e+003;1.167439e-001
1.088183e+003;1.163168e-001
1.088665e+003;1.159182e-001
1.089147e+003;1.155513e-001
1.089630e+003;1.152192e-001
1.090112e+003;1.149244e-001
1.090594e+003;1.146697e-001
1.091076e+003;1.144562e-001
1.091558e+003;1.142840e-001
1.092040e+003;1.141515e-001
1.092522e+003;1.140548e-001
1.093005e+003;1.139897e-001
1.093487e+003;1.139528e-001
1.093969e+003;1.139423e-001
1.094451e+003;1.139584e-001
1.094933e+003;1.140025e-001
1.095415e+003;1.140757e-001
1.095897e+003;1.141774e-001
1.096380e+003;1.143041e-001
1.096862e+003;1.144497e-001
1.097344e+003;1.146067e-001
1.097826e+003;1.147683e-001
1.098308e+003;1.149294e-001
1.098790e+003;1.150880e-001
1.099272e+003;1.152445e-001
1.099755e+003;1.154013e-001
1.100237e+003;1.155607e-001
1.100719e+003;1.157241e-001
1.101201e+003;1.158911e-001
1.101683e+003;1.160590e-001
1.102165e+003;1.162240e-001
1.102647e+003;1.163815e-001
1.103130e+003;1.165261e-001
1.103612e+003;1.166534e-001
1.104094e+003;1.167594e-001
1.104576e+003;1.168417e-001
1.105058e+003;1.168985e-001
1.105540e+003;1.169307e-001
1.106022e+003;1.169401e-001
1.106504e+003;1.169295e-001
1.106987e+003;1.169024e-001
1.107469e+003;1.168623e-001
1.107951e+003;1.168117e-001
1.108433e+003;1.167522e-001
1.108915e+003;1.166848e-001
1.109397e+003;1.166106e-001
1.109879e+003;1.165301e-001
1.110362e+003;1.164449e-001
1.110844e+003;1.163558e-001
1.111326e+003;1.162635e-001
1.111808e+003;1.161668e-001
1.112290e+003;1.160640e-001
1.112772e+003;1.159518e-001
1.113254e+003;1.158272e-001
1.113736e+003;1.156888e-001
1.114219e+003;1.155369e-001
1.114701e+003;1.153749e-001
1.115183e+003;1.152079e-001
1.115665e+003;1.150420e-001
1.116147e+003;1.148826e-001
1.116629e+003;1.147330e-001
1.117111e+003;1.145939e-001
1.117594e+003;1.144638e-001
1.118076e+003;1.143397e-001
1.118558e+003;1.142188e-001
1.119040e+003;1.140993e-001
1.119522e+003;1.139815e-001
1.120004e+003;1.138672e-001
1.120486e+003;1.137586e-001
1.120969e+003;1.136582e-001
1.121451e+003;1.135667e-001
1.121933e+003;1.134835e-001
1.122415e+003;1.134063e-001
1.122897e+003;1.133321e-001
1.123379e+003;1.132580e-001
1.123861e+003;1.131822e-001
1.124344e+003;1.131037e-001
1.124826e+003;1.130238e-001
1.125308e+003;1.129441e-001
1.125790e+003;1.128679e-001
1.126272e+003;1.127977e-001
1.126754e+003;1.127358e-001
1.127236e+003;1.126837e-001
1.127719e+003;1.126408e-001
1.128201e+003;1.126055e-001
1.128683e+003;1.125740e-001
1.129165e+003;1.125424e-001
1.129647e+003;1.125061e-001
1.130129e+003;1.124623e-001
1.130611e+003;1.124101e-001
1.131093e+003;1.123509e-001
1.131576e+003;1.122887e-001
1.132058e+003;1.122285e-001
1.132540e+003;1.121752e-001
1.133022e+003;1.121323e-001
1.133504e+003;1.121006e-001
1.133986e+003;1.120786e-001
1.134468e+003;1.120632e-001
1.134951e+003;1.120498e-001
1.135433e+003;1.120351e-001
1.135915e+003;1.120163e-001
1.136397e+003;1.119929e-001
1.136879e+003;1.119651e-001
1.137361e+003;1.119345e-001
1.137843e+003;1.119027e-001
1.138325e+003;1.118713e-001
1.138808e+003;1.118421e-001
1.139290e+003;1.118171e-001
1.139772e+003;1.117985e-001
1.140254e+003;1.117887e-001
1.140736e+003;1.117901e-001
1.141218e+003;1.118037e-001
1.141700e+003;1.118298e-001
1.142183e+003;1.118676e-001
1.142665e+003;1.119148e-001
1.143147e+003;1.119687e-001
1.143629e+003;1.120266e-001
1.144111e+003;1.120864e-001
1.144593e+003;1.121463e-001
1.145075e+003;1.122047e-001
1.145557e+003;1.122600e-001
1.146040e+003;1.123099e-001
1.146522e+003;1.123527e-001
1.147004e+003;1.123861e-001
1.147486e+003;1.124094e-001
1.147968e+003;1.124225e-001
1.148450e+003;1.124274e-001
1.148932e+003;1.124272e-001
1.149415e+003;1.124246e-001
1.149897e+003;1.124227e-001
1.150379e+003;1.124230e-001
1.150861e+003;1.124252e-001
1.151343e+003;1.124274e-001
1.151825e+003;1.124269e-001
1.152307e+003;1.124208e-001
1.152790e+003;1.124067e-001
1.153272e+003;1.123836e-001
1.153754e+003;1.123518e-001
1.154236e+003;1.123128e-001
1.154718e+003;1.122685e-001
1.155200e+003;1.122204e-001
1.155682e+003;1.121692e-001
1.156165e+003;1.121150e-001
1.156647e+003;1.120564e-001
1.157129e+003;1.119923e-001
1.157611e+003;1.119220e-001
1.158093e+003;1.118455e-001
1.158575e+003;1.117643e-001
1.159057e+003;1.116805e-001
1.159540e+003;1.115962e-001
1.160022e+003;1.115127e-001
1.160504e+003;1.114300e-001
1.160986e+003;1.113470e-001
1.161468e+003;1.112614e-001
1.161950e+003;1.111713e-001
1.162432e+003;1.110759e-001
1.162914e+003;1.109753e-001
1.163397e+003;1.108713e-001
1.163879e+003;1.107665e-001
1.164361e+003;1.106632e-001
1.164843e+003;1.105629e-001
1.165325e+003;1.104666e-001
1.165807e+003;1.103742e-001
1.166289e+003;1.102856e-001
1.166772e+003;1.102009e-001
1.167254e+003;1.101213e-001
1.167736e+003;1.100481e-001
1.168218e+003;1.099830e-001
1.168700e+003;1.099263e-001
1.169182e+003;1.098779e-001
1.169664e+003;1.098358e-001
1.170146e+003;1.097970e-001
1.170629e+003;1.097586e-001
1.171111e+003;1.097185e-001
1.171593e+003;1.096754e-001
1.172075e+003;1.096296e-001
1.172557e+003;1.095823e-001
1.173039e+003;1.095359e-001
1.173521e+003;1.094924e-001
1.174004e+003;1.094539e-001
1.174486e+003;1.094221e-001
1.174968e+003;1.093988e-001
1.175450e+003;1.093851e-001
1.175932e+003;1.093817e-001
1.176414e+003;1.093891e-001
1.176896e+003;1.094068e-001
1.177379e+003;1.094333e-001
1.177861e+003;1.094673e-001
1.178343e+003;1.095065e-001
1.178825e+003;1.095491e-001
1.179307e+003;1.095936e-001
1.179789e+003;1.096387e-001
1.180271e+003;1.096833e-001
1.180754e+003;1.097270e-001
1.181236e+003;1.097685e-001
1.181718e+003;1.098073e-001
1.182200e+003;1.098424e-001
1.182682e+003;1.098734e-001
1.183164e+003;1.099002e-001
1.183646e+003;1.099232e-001
1.184129e+003;1.099426e-001
1.184611e+003;1.099592e-001
1.185093e+003;1.099736e-001
1.185575e+003;1.099873e-001
1.186057e+003;1.100018e-001
1.186539e+003;1.100191e-001
1.187021e+003;1.100423e-001
1.187503e+003;1.100733e-001
1.187986e+003;1.101137e-001
1.188468e+003;1.101640e-001
1.188950e+003;1.102230e-001
1.189432e+003;1.102884e-001
1.189914e+003;1.103575e-001
1.190396e+003;1.104288e-001
1.190878e+003;1.105016e-001
1.191361e+003;1.105771e-001
1.191843e+003;1.106569e-001
1.192325e+003;1.107432e-001
1.192807e+003;1.108368e-001
1.193289e+003;1.109363e-001
1.193771e+003;1.110387e-001
1.194253e+003;1.111401e-001
1.194735e+003;1.112361e-001
1.195218e+003;1.113242e-001
1.195700e+003;1.114031e-001
1.196182e+003;1.114737e-001
1.196664e+003;1.115378e-001
1.197146e+003;1.115975e-001
1.197628e+003;1.116542e-001
1.198110e+003;1.117082e-001
1.198593e+003;1.117593e-001
1.199075e+003;1.118070e-001
1.199557e+003;1.118507e-001
1.200039e+003;1.118908e-001
1.200521e+003;1.119279e-001
1.201003e+003;1.119625e-001
1.201485e+003;1.119948e-001
1.201968e+003;1.120244e-001
1.202450e+003;1.120499e-001
1.202932e+003;1.120709e-001
1.203414e+003;1.120873e-001
1.203896e+003;1.121005e-001
1.204378e+003;1.121126e-001
1.204860e+003;1.121259e-001
1.205343e+003;1.121426e-001
1.205825e+003;1.121627e-001
1.206307e+003;1.121851e-001
1.206789e+003;1.122074e-001
1.207271e+003;1.122272e-001
1.207753e+003;1.122435e-001
1.208235e+003;1.122571e-001
1.208718e+003;1.122709e-001
1.209200e+003;1.122888e-001
1.209682e+003;1.123149e-001
1.210164e+003;1.123511e-001
1.210646e+003;1.123973e-001
1.211128e+003;1.124509e-001
1.211610e+003;1.125077e-001
1.212092e+003;1.125632e-001
1.212575e+003;1.126145e-001
1.213057e+003;1.126596e-001
1.213539e+003;1.126991e-001
1.214021e+003;1.127349e-001
1.214503e+003;1.127690e-001
1.214985e+003;1.128036e-001
1.215467e+003;1.128401e-001
1.215950e+003;1.128795e-001
1.216432e+003;1.129223e-001
1.216914e+003;1.129695e-001
1.217396e+003;1.130214e-001
1.217878e+003;1.130783e-001
1.218360e+003;1.131396e-001
1.218842e+003;1.132038e-001
1.219324e+003;1.132689e-001
1.219807e+003;1.133325e-001
1.220289e+003;1.133927e-001
1.220771e+003;1.134486e-001
1.221253e+003;1.135008e-001
1.221735e+003;1.135510e-001
1.222217e+003;1.136010e-001
1.222699e+003;1.136526e-001
1.223182e+003;1.137073e-001
1.223664e+003;1.137647e-001
1.224146e+003;1.138246e-001
1.224628e+003;1.138866e-001
1.225110e+003;1.139498e-001
1.225592e+003;1.140141e-001
1.226074e+003;1.140796e-001
1.226557e+003;1.141459e-001
1.227039e+003;1.142130e-001
1.227521e+003;1.142804e-001
1.228003e+003;1.143474e-001
1.228485e+003;1.144138e-001
1.228967e+003;1.144797e-001
1.229449e+003;1.145454e-001
1.229932e+003;1.146113e-001
1.230414e+003;1.146778e-001
1.230896e+003;1.147449e-001
1.231378e+003;1.148119e-001
1.231860e+003;1.148786e-001
1.232342e+003;1.149440e-001
1.232824e+003;1.150077e-001
1.233307e+003;1.150695e-001
1.233789e+003;1.151293e-001
1.234271e+003;1.151865e-001
1.234753e+003;1.152416e-001
1.235235e+003;1.152943e-001
1.235717e+003;1.153454e-001
1.236199e+003;1.153966e-001
1.236681e+003;1.154502e-001
1.237164e+003;1.155091e-001
1.237646e+003;1.155762e-001
1.238128e+003;1.156525e-001
1.238610e+003;1.157383e-001
1.239092e+003;1.158314e-001
1.239574e+003;1.159288e-001
1.240056e+003;1.160270e-001
1.240539e+003;1.161240e-001
1.241021e+003;1.162178e-001
1.241503e+003;1.163089e-001
1.241985e+003;1.163975e-001
1.242467e+003;1.164848e-001
1.242949e+003;1.165710e-001
1.243431e+003;1.166559e-001
1.243913e+003;1.167387e-001
1.244396e+003;1.168189e-001
1.244878e+003;1.168967e-001
1.245360e+003;1.169726e-001
1.245842e+003;1.170481e-001
1.246324e+003;1.171240e-001
1.246806e+003;1.172008e-001
1.247288e+003;1.172790e-001
1.247771e+003;1.173576e-001
1.248253e+003;1.174360e-001
1.248735e+003;1.175139e-001
1.249217e+003;1.175922e-001
1.249699e+003;1.176715e-001
1.250181e+003;1.177528e-001
1.250663e+003;1.178371e-001
1.251146e+003;1.179240e-001
1.251628e+003;1.180128e-001
1.252110e+003;1.181020e-001
1.252592e+003;1.181902e-001
1.253074e+003;1.182767e-001
1.253556e+003;1.183611e-001
1.254038e+003;1.184434e-001
1.254521e+003;1.185241e-001
1.255003e+003;1.186030e-001
1.255485e+003;1.186803e-001
1.255967e+003;1.187558e-001
1.256449e+003;1.188302e-001
1.256931e+003;1.189040e-001
1.257413e+003;1.189791e-001
1.257896e+003;1.190570e-001
1.258378e+003;1.191387e-001
1.258860e+003;1.192240e-001
1.259342e+003;1.193108e-001
1.259824e+003;1.193965e-001
1.260306e+003;1.194771e-001
1.260788e+003;1.195505e-001
1.261270e+003;1.196157e-001
1.261753e+003;1.196735e-001
1.262235e+003;1.197265e-001
1.262717e+003;1.197772e-001
1.263199e+003;1.198274e-001
1.263681e+003;1.198767e-001
1.264163e+003;1.199230e-001
1.264645e+003;1.199631e-001
1.265128e+003;1.199933e-001
1.265610e+003;1.200122e-001
1.266092e+003;1.200199e-001
1.266574e+003;1.200190e-001
1.267056e+003;1.200133e-001
1.267538e+003;1.200077e-001
1.268020e+003;1.200054e-001
1.268502e+003;1.200086e-001
1.268985e+003;1.200178e-001
1.269467e+003;1.200321e-001
1.269949e+003;1.200501e-001
1.270431e+003;1.200705e-001
1.270913e+003;1.200922e-001
1.271395e+003;1.201152e-001
1.271877e+003;1.201396e-001
1.272360e+003;1.201659e-001
1.272842e+003;1.201941e-001
1.273324e+003;1.202244e-001
1.273806e+003;1.202571e-001
1.274288e+003;1.202923e-001
1.274770e+003;1.203306e-001
1.275252e+003;1.203721e-001
1.275734e+003;1.204161e-001
1.276217e+003;1.204621e-001
1.276699e+003;1.205080e-001
1.277181e+003;1.205520e-001
1.277663e+003;1.205930e-001
1.278145e+003;1.206305e-001
1.278627e+003;1.206656e-001
1.279109e+003;1.207003e-001
1.279592e+003;1.207364e-001
1.280074e+003;1.207756e-001
1.280556e+003;1.208182e-001
1.281038e+003;1.208630e-001
1.281520e+003;1.209077e-001
1.282002e+003;1.209501e-001
1.282484e+003;1.209886e-001
1.282967e+003;1.210226e-001
1.283449e+003;1.210532e-001
1.283931e+003;1.210821e-001
1.284413e+003;1.211117e-001
1.284895e+003;1.211433e-001
1.285377e+003;1.211786e-001
1.285859e+003;1.212173e-001
1.286342e+003;1.212590e-001
1.286824e+003;1.213029e-001
1.287306e+003;1.213482e-001
1.287788e+003;1.213936e-001
1.288270e+003;1.214386e-001
1.288752e+003;1.214823e-001
1.289234e+003;1.215243e-001
1.289716e+003;1.215641e-001
1.290199e+003;1.216022e-001
1.290681e+003;1.216390e-001
1.291163e+003;1.216762e-001
1.291645e+003;1.217146e-001
1.292127e+003;1.217550e-001
1.292609e+003;1.217980e-001
1.293091e+003;1.218425e-001
1.293574e+003;1.218878e-001
1.294056e+003;1.219323e-001
1.294538e+003;1.219753e-001
1.295020e+003;1.220162e-001
1.295502e+003;1.220547e-001
1.295984e+003;1.220916e-001
1.296466e+003;1.221278e-001
1.296948e+003;1.221634e-001
1.297431e+003;1.221997e-001
1.297913e+003;1.222370e-001
1.298395e+003;1.222760e-001
1.298877e+003;1.223174e-001
1.299359e+003;1.223617e-001
1.299841e+003;1.224094e-001
1.300323e+003;1.224610e-001
1.300806e+003;1.225168e-001
1.301288e+003;1.225773e-001
1.301770e+003;1.226425e-001
1.302252e+003;1.227129e-001
1.302734e+003;1.227882e-001
1.303216e+003;1.228679e-001
1.303698e+003;1.229509e-001
1.304181e+003;1.230353e-001
1.304663e+003;1.231194e-001
1.305145e+003;1.232015e-001
1.305627e+003;1.232805e-001
1.306109e+003;1.233564e-001
1.306591e+003;1.234296e-001
1.307073e+003;1.235008e-001
1.307556e+003;1.235711e-001
1.308038e+003;1.236409e-001
1.308520e+003;1.237106e-001
1.309002e+003;1.237806e-001
1.309484e+003;1.238514e-001
1.309966e+003;1.239232e-001
1.310448e+003;1.239968e-001
1.310931e+003;1.240718e-001
1.311413e+003;1.241472e-001
1.311895e+003;1.242215e-001
1.312377e+003;1.242923e-001
1.312859e+003;1.243581e-001
1.313341e+003;1.244183e-001
1.313823e+003;1.244736e-001
1.314305e+003;1.245264e-001
1.314788e+003;1.245798e-001
1.315270e+003;1.246359e-001
1.315752e+003;1.246962e-001
1.316234e+003;1.247605e-001
1.316716e+003;1.248275e-001
1.317198e+003;1.248946e-001
1.317680e+003;1.249603e-001
1.318163e+003;1.250228e-001
1.318645e+003;1.250816e-001
1.319127e+003;1.251363e-001
1.319609e+003;1.251867e-001
1.320091e+003;1.252320e-001
1.320573e+003;1.252721e-001
1.321055e+003;1.253065e-001
1.321537e+003;1.253361e-001
1.322020e+003;1.253624e-001
1.322502e+003;1.253880e-001
1.322984e+003;1.254151e-001
1.323466e+003;1.254464e-001
1.323948e+003;1.254825e-001
1.324430e+003;1.255237e-001
1.324912e+003;1.255688e-001
1.325395e+003;1.256167e-001
1.325877e+003;1.256661e-001
1.326359e+003;1.257157e-001
1.326841e+003;1.257649e-001
1.327323e+003;1.258128e-001
1.327805e+003;1.258592e-001
1.328287e+003;1.259038e-001
1.328770e+003;1.259475e-001
1.329252e+003;1.259916e-001
1.329734e+003;1.260383e-001
1.330216e+003;1.260897e-001
1.330698e+003;1.261467e-001
1.331180e+003;1.262089e-001
1.331662e+003;1.262735e-001
1.332145e+003;1.263372e-001
1.332627e+003;1.263961e-001
1.333109e+003;1.264482e-001
1.333591e+003;1.264930e-001
1.334073e+003;1.265330e-001
1.334555e+003;1.265714e-001
1.335037e+003;1.266118e-001
1.335520e+003;1.266559e-001
1.336002e+003;1.267045e-001
1.336484e+003;1.267558e-001
1.336966e+003;1.268081e-001
1.337448e+003;1.268596e-001
1.337930e+003;1.269104e-001
1.338412e+003;1.269617e-001
1.338894e+003;1.270158e-001
1.339377e+003;1.270745e-001
1.339859e+003;1.271393e-001
1.340341e+003;1.272100e-001
1.340823e+003;1.272847e-001
1.341305e+003;1.273614e-001
1.341787e+003;1.274386e-001
1.342269e+003;1.275145e-001
1.342752e+003;1.275886e-001
1.343234e+003;1.276610e-001
1.343716e+003;1.277314e-001
1.344198e+003;1.277996e-001
1.344680e+003;1.278653e-001
1.345162e+003;1.279279e-001
1.345644e+003;1.279877e-001
1.346126e+003;1.280446e-001
1.346609e+003;1.281000e-001
1.347091e+003;1.281539e-001
1.347573e+003;1.282076e-001
1.348055e+003;1.282617e-001
1.348537e+003;1.283171e-001
1.349019e+003;1.283745e-001
1.349501e+003;1.284353e-001
1.349984e+003;1.284998e-001
1.350466e+003;1.285687e-001
1.350948e+003;1.286413e-001
1.351430e+003;1.287163e-001
1.351912e+003;1.287921e-001
1.352394e+003;1.288674e-001
1.352876e+003;1.289407e-001
1.353359e+003;1.290124e-001
1.353841e+003;1.290829e-001
1.354323e+003;1.291531e-001
1.354805e+003;1.292241e-001
1.355287e+003;1.292953e-001
1.355769e+003;1.293662e-001
1.356251e+003;1.294354e-001
1.356734e+003;1.295012e-001
1.357216e+003;1.295628e-001
1.357698e+003;1.296197e-001
1.358180e+003;1.296723e-001
1.358662e+003;1.297219e-001
1.359144e+003;1.297704e-001
1.359626e+003;1.298197e-001
1.360109e+003;1.298721e-001
1.360591e+003;1.299290e-001
1.361073e+003;1.299913e-001
1.361555e+003;1.300590e-001
1.362037e+003;1.301300e-001
1.362519e+003;1.302007e-001
1.363001e+003;1.302675e-001
1.363483e+003;1.303256e-001
1.363966e+003;1.303729e-001
1.364448e+003;1.304084e-001
1.364930e+003;1.304337e-001
1.365412e+003;1.304523e-001
1.365894e+003;1.304682e-001
1.366376e+003;1.304848e-001
1.366858e+003;1.305037e-001
1.367341e+003;1.305245e-001
1.367823e+003;1.305454e-001
1.368305e+003;1.305640e-001
1.368787e+003;1.305777e-001
1.369269e+003;1.305848e-001
1.369751e+003;1.305855e-001
1.370233e+003;1.305807e-001
1.370715e+003;1.305722e-001
1.371198e+003;1.305627e-001
1.371680e+003;1.305546e-001
1.372162e+003;1.305500e-001
1.372644e+003;1.305507e-001
1.373126e+003;1.305565e-001
1.373608e+003;1.305668e-001
1.374090e+003;1.305789e-001
1.374573e+003;1.305892e-001
1.375055e+003;1.305946e-001
1.375537e+003;1.305927e-001
1.376019e+003;1.305832e-001
1.376501e+003;1.305676e-001
1.376983e+003;1.305482e-001
1.377465e+003;1.305277e-001
1.377948e+003;1.305074e-001
1.378430e+003;1.304869e-001
1.378912e+003;1.304647e-001
1.379394e+003;1.304380e-001
1.379876e+003;1.304057e-001
1.380358e+003;1.303684e-001
1.380840e+003;1.303282e-001
1.381323e+003;1.302895e-001
1.381805e+003;1.302561e-001
1.382287e+003;1.302307e-001
1.382769e+003;1.302138e-001
1.383251e+003;1.302044e-001
1.383733e+003;1.302000e-001
1.384215e+003;1.301992e-001
1.384698e+003;1.302013e-001
1.385180e+003;1.302079e-001
1.385662e+003;1.302207e-001
1.386144e+003;1.302414e-001
1.386626e+003;1.302699e-001
1.387108e+003;1.303038e-001
1.387590e+003;1.303390e-001
1.388072e+003;1.303707e-001
1.388555e+003;1.303947e-001
1.389037e+003;1.304088e-001
1.389519e+003;1.304135e-001
1.390001e+003;1.304116e-001
1.390483e+003;1.304071e-001
1.390965e+003;1.304047e-001
1.391447e+003;1.304089e-001
1.391930e+003;1.304233e-001
1.392412e+003;1.304495e-001
1.392894e+003;1.304877e-001
1.393376e+003;1.305357e-001
1.393858e+003;1.305903e-001
1.394340e+003;1.306470e-001
1.394822e+003;1.307013e-001
1.395304e+003;1.307501e-001
1.395787e+003;1.307924e-001
1.396269e+003;1.308295e-001
1.396751e+003;1.308649e-001
1.397233e+003;1.309030e-001
1.397715e+003;1.309476e-001
1.398197e+003;1.310005e-001
1.398679e+003;1.310617e-001
1.399162e+003;1.311287e-001
1.399644e+003;1.311983e-001
1.400126e+003;1.312673e-001
1.400608e+003;1.313338e-001
1.401090e+003;1.313972e-001
1.401572e+003;1.314591e-001
1.402054e+003;1.315213e-001
1.402536e+003;1.315856e-001
1.403019e+003;1.316538e-001
1.403501e+003;1.317265e-001
1.403983e+003;1.318030e-001
1.404465e+003;1.318829e-001
1.404947e+003;1.319642e-001
1.405429e+003;1.320453e-001
1.405911e+003;1.321252e-001
1.406394e+003;1.322025e-001
1.406876e+003;1.322775e-001
1.407358e+003;1.323508e-001
1.407840e+003;1.324241e-001
1.408322e+003;1.324995e-001
1.408804e+003;1.325781e-001
1.409286e+003;1.326603e-001
1.409769e+003;1.327450e-001
1.410251e+003;1.328299e-001
1.410733e+003;1.329127e-001
1.411215e+003;1.329916e-001
1.411697e+003;1.330674e-001
1.412179e+003;1.331413e-001
1.412661e+003;1.332169e-001
1.413144e+003;1.332966e-001
1.413626e+003;1.333816e-001
1.414108e+003;1.334712e-001
1.414590e+003;1.335613e-001
1.415072e+003;1.336486e-001
1.415554e+003;1.337287e-001
1.416036e+003;1.338003e-001
1.416519e+003;1.338647e-001
1.417001e+003;1.339252e-001
1.417483e+003;1.339866e-001
1.417965e+003;1.340519e-001
1.418447e+003;1.341220e-001
1.418929e+003;1.341941e-001
1.419411e+003;1.342632e-001
1.419893e+003;1.343236e-001
1.420376e+003;1.343715e-001
1.420858e+003;1.344067e-001
1.421340e+003;1.344327e-001
1.421822e+003;1.344562e-001
1.422304e+003;1.344849e-001
1.422786e+003;1.345245e-001
1.423268e+003;1.345784e-001
1.423751e+003;1.346452e-001
1.424233e+003;1.347206e-001
1.424715e+003;1.347983e-001
1.425197e+003;1.348728e-001
1.425679e+003;1.349403e-001
1.426161e+003;1.349998e-001
1.426643e+003;1.350528e-001
1.427125e+003;1.351026e-001
1.427608e+003;1.351521e-001
1.428090e+003;1.352040e-001
1.428572e+003;1.352597e-001
1.429054e+003;1.353197e-001
1.429536e+003;1.353840e-001
1.430018e+003;1.354516e-001
1.430500e+003;1.355215e-001
1.430983e+003;1.355915e-001
1.431465e+003;1.356584e-001
1.431947e+003;1.357191e-001
1.432429e+003;1.357708e-001
1.432911e+003;1.358127e-001
1.433393e+003;1.358466e-001
1.433875e+003;1.358770e-001
1.434358e+003;1.359099e-001
1.434840e+003;1.359503e-001
1.435322e+003;1.360011e-001
1.435804e+003;1.360611e-001
1.436286e+003;1.361254e-001
1.436768e+003;1.361875e-001
1.437250e+003;1.362407e-001
1.437733e+003;1.362815e-001
1.438215e+003;1.363105e-001
1.438697e+003;1.363315e-001
1.439179e+003;1.363499e-001
1.439661e+003;1.363709e-001
1.440143e+003;1.363972e-001
1.440625e+003;1.364291e-001
1.441107e+003;1.364647e-001
1.441590e+003;1.365011e-001
1.442072e+003;1.365360e-001
1.442554e+003;1.365682e-001
1.443036e+003;1.365979e-001
1.443518e+003;1.366253e-001
1.444000e+003;1.366513e-001
1.444482e+003;1.366767e-001
1.444965e+003;1.367021e-001
1.445447e+003;1.367291e-001
1.445929e+003;1.367598e-001
1.446411e+003;1.367970e-001
1.446893e+003;1.368421e-001
1.447375e+003;1.368948e-001
1.447857e+003;1.369531e-001
1.448339e+003;1.370136e-001
1.448822e+003;1.370723e-001
1.449304e+003;1.371273e-001
1.449786e+003;1.371794e-001
1.450268e+003;1.372311e-001
1.450750e+003;1.372852e-001
1.451232e+003;1.373430e-001
1.451714e+003;1.374025e-001
1.452197e+003;1.374597e-001
1.452679e+003;1.375091e-001
1.453161e+003;1.375477e-001
1.453643e+003;1.375773e-001
1.454125e+003;1.376043e-001
1.454607e+003;1.376380e-001
1.455089e+003;1.376880e-001
1.455572e+003;1.377594e-001
1.456054e+003;1.378504e-001
1.456536e+003;1.379518e-001
1.457018e+003;1.380499e-001
1.457500e+003;1.381313e-001
1.457982e+003;1.381870e-001
1.458464e+003;1.382148e-001
1.458947e+003;1.382189e-001
1.459429e+003;1.382072e-001
1.459911e+003;1.381876e-001
1.460393e+003;1.381667e-001
1.460875e+003;1.381478e-001
1.461357e+003;1.381333e-001
1.461839e+003;1.381240e-001
1.462322e+003;1.381223e-001
1.462804e+003;1.381302e-001
1.463286e+003;1.381495e-001
1.463768e+003;1.381795e-001
1.464250e+003;1.382170e-001
1.464732e+003;1.382562e-001
1.465214e+003;1.382897e-001
1.465696e+003;1.383122e-001
1.466179e+003;1.383205e-001
1.466661e+003;1.383144e-001
1.467143e+003;1.382955e-001
1.467625e+003;1.382664e-001
1.468107e+003;1.382281e-001
1.468589e+003;1.381811e-001
1.469071e+003;1.381257e-001
1.469554e+003;1.380636e-001
1.470036e+003;1.379986e-001
1.470518e+003;1.379364e-001
1.471000e+003;1.378828e-001
1.471482e+003;1.378415e-001
1.471964e+003;1.378134e-001
1.472446e+003;1.377947e-001
1.472928e+003;1.377796e-001
1.473411e+003;1.377624e-001
1.473893e+003;1.377398e-001
1.474375e+003;1.377126e-001
1.474857e+003;1.376847e-001
1.475339e+003;1.376612e-001
1.475821e+003;1.376455e-001
1.476303e+003;1.376386e-001
1.476786e+003;1.376375e-001
1.477268e+003;1.376383e-001
1.477750e+003;1.376374e-001
1.478232e+003;1.376341e-001
1.478714e+003;1.376311e-001
1.479196e+003;1.376333e-001
1.479678e+003;1.376470e-001
1.480161e+003;1.376761e-001
1.480643e+003;1.377210e-001
1.481125e+003;1.377789e-001
1.481607e+003;1.378439e-001
1.482089e+003;1.379090e-001
1.482571e+003;1.379693e-001
1.483053e+003;1.380213e-001
1.483536e+003;1.380650e-001
1.484018e+003;1.381019e-001
1.484500e+003;1.381354e-001
1.484982e+003;1.381684e-001
1.485464e+003;1.382041e-001
1.485946e+003;1.382445e-001
1.486428e+003;1.382913e-001
1.486911e+003;1.383450e-001
1.487393e+003;1.384055e-001
1.487875e+003;1.384722e-001
1.488357e+003;1.385439e-001
1.488839e+003;1.386195e-001
1.489321e+003;1.386977e-001
1.489803e+003;1.387769e-001
1.490285e+003;1.388559e-001
1.490768e+003;1.389330e-001
1.491250e+003;1.390068e-001
1.491732e+003;1.390756e-001
1.492214e+003;1.391391e-001
1.492696e+003;1.391988e-001
1.493178e+003;1.392576e-001
1.493660e+003;1.393201e-001
1.494143e+003;1.393910e-001
1.494625e+003;1.394739e-001
1.495107e+003;1.395694e-001
1.495589e+003;1.396755e-001
1.496071e+003;1.397870e-001
1.496553e+003;1.398986e-001
1.497035e+003;1.400052e-001
1.497517e+003;1.401058e-001
1.498000e+003;1.402014e-001
1.498482e+003;1.402951e-001
1.498964e+003;1.403905e-001
1.499446e+003;1.404881e-001
1.499928e+003;1.405862e-001
1.500410e+003;1.406801e-001
1.500892e+003;1.407640e-001
1.501375e+003;1.408332e-001
1.501857e+003;1.408876e-001
1.502339e+003;1.409309e-001
1.502821e+003;1.409719e-001
1.503303e+003;1.410215e-001
1.503785e+003;1.410919e-001
1.504267e+003;1.411925e-001
1.504750e+003;1.413278e-001
1.505232e+003;1.414965e-001
1.505714e+003;1.416905e-001
1.506196e+003;1.418968e-001
1.506678e+003;1.421001e-001
1.507160e+003;1.422866e-001
1.507642e+003;1.424470e-001
1.508125e+003;1.425788e-001
1.508607e+003;1.426857e-001
1.509089e+003;1.427768e-001
1.509571e+003;1.428628e-001
1.510053e+003;1.429538e-001
1.510535e+003;1.430562e-001
1.511017e+003;1.431717e-001
1.511500e+003;1.432971e-001
1.511982e+003;1.434266e-001
1.512464e+003;1.435538e-001
1.512946e+003;1.436757e-001
1.513428e+003;1.437925e-001
1.513910e+003;1.439087e-001
1.514392e+003;1.440307e-001
1.514874e+003;1.441646e-001
1.515357e+003;1.443126e-001
1.515839e+003;1.444726e-001
1.516321e+003;1.446381e-001
1.516803e+003;1.448013e-001
1.517285e+003;1.449552e-001
1.517767e+003;1.450979e-001
1.518249e+003;1.452322e-001
1.518732e+003;1.453658e-001
1.519214e+003;1.455080e-001
1.519696e+003;1.456656e-001
1.520178e+003;1.458410e-001
1.520660e+003;1.460301e-001
1.521142e+003;1.462230e-001
1.521624e+003;1.464094e-001
1.522106e+003;1.465802e-001
1.522589e+003;1.467332e-001
1.523071e+003;1.468718e-001
1.523553e+003;1.470049e-001
1.524035e+003;1.471428e-001
1.524517e+003;1.472933e-001
1.524999e+003;1.474593e-001
1.525481e+003;1.476388e-001
1.525964e+003;1.478253e-001
1.526446e+003;1.480121e-001
1.526928e+003;1.481947e-001
1.527410e+003;1.483720e-001
1.527892e+003;1.485466e-001
1.528374e+003;1.487224e-001
1.528856e+003;1.489026e-001
1.529339e+003;1.490875e-001
1.529821e+003;1.492753e-001
1.530303e+003;1.494635e-001
1.530785e+003;1.496505e-001
1.531267e+003;1.498380e-001
1.531749e+003;1.500302e-001
1.532231e+003;1.502323e-001
1.532714e+003;1.504470e-001
1.533196e+003;1.506732e-001
1.533678e+003;1.509044e-001
1.534160e+003;1.511311e-001
1.534642e+003;1.513438e-001
1.535124e+003;1.515382e-001
1.535606e+003;1.517161e-001
1.536089e+003;1.518869e-001
1.536571e+003;1.520627e-001
1.537053e+003;1.522574e-001
1.537535e+003;1.524804e-001
1.538017e+003;1.527353e-001
1.538499e+003;1.530193e-001
1.538981e+003;1.533248e-001
1.539463e+003;1.536422e-001
1.539946e+003;1.539624e-001
1.540428e+003;1.542793e-001
1.540910e+003;1.545890e-001
1.541392e+003;1.548905e-001
1.541874e+003;1.551832e-001
1.542356e+003;1.554676e-001
1.542838e+003;1.557451e-001
1.543321e+003;1.560171e-001
1.543803e+003;1.562861e-001
1.544285e+003;1.565540e-001
1.544767e+003;1.568219e-001
1.545249e+003;1.570895e-001
1.545731e+003;1.573553e-001
1.546213e+003;1.576188e-001
1.546695e+003;1.578811e-001
1.547178e+003;1.581452e-001
1.547660e+003;1.584155e-001
1.548142e+003;1.586955e-001
1.548624e+003;1.589864e-001
1.549106e+003;1.592852e-001
1.549588e+003;1.595860e-001
1.550070e+003;1.598816e-001
1.550553e+003;1.601677e-001
1.551035e+003;1.604450e-001
1.551517e+003;1.607190e-001
1.551999e+003;1.609991e-001
1.552481e+003;1.612936e-001
1.552963e+003;1.616068e-001
1.553445e+003;1.619359e-001
1.553927e+003;1.622723e-001
1.554410e+003;1.626049e-001
1.554892e+003;1.629256e-001
1.555374e+003;1.632329e-001
1.555856e+003;1.635346e-001
1.556338e+003;1.638458e-001
1.556820e+003;1.641842e-001
1.557302e+003;1.645649e-001
1.557785e+003;1.649943e-001
1.558267e+003;1.654673e-001
1.558749e+003;1.659677e-001
1.559231e+003;1.664714e-001
1.559713e+003;1.669551e-001
1.560195e+003;1.674014e-001
1.560677e+003;1.678034e-001
1.561160e+003;1.681657e-001
1.561642e+003;1.685010e-001
1.562124e+003;1.688265e-001
1.562606e+003;1.691593e-001
1.563088e+003;1.695118e-001
1.563570e+003;1.698907e-001
1.564052e+003;1.702957e-001
1.564535e+003;1.707208e-001
1.565017e+003;1.711568e-001
1.565499e+003;1.715953e-001
1.565981e+003;1.720321e-001
1.566463e+003;1.724674e-001
1.566945e+003;1.729069e-001
1.567427e+003;1.733593e-001
1.567910e+003;1.738331e-001
1.568392e+003;1.743329e-001
1.568874e+003;1.748587e-001
1.569356e+003;1.754043e-001
1.569838e+003;1.759588e-001
1.570320e+003;1.765109e-001
1.570802e+003;1.770499e-001
1.571284e+003;1.775704e-001
1.571767e+003;1.780719e-001
1.572249e+003;1.785603e-001
1.572731e+003;1.790455e-001
1.573213e+003;1.795415e-001
1.573695e+003;1.800627e-001
1.574177e+003;1.806220e-001
1.574659e+003;1.812266e-001
1.575142e+003;1.818768e-001
1.575624e+003;1.825639e-001
1.576106e+003;1.832716e-001
1.576588e+003;1.839809e-001
1.577070e+003;1.846748e-001
1.577552e+003;1.853434e-001
1.578034e+003;1.859872e-001
1.578516e+003;1.866148e-001
1.578999e+003;1.872407e-001
1.579481e+003;1.878799e-001
1.579963e+003;1.885429e-001
1.580445e+003;1.892342e-001
1.580927e+003;1.899519e-001
1.581409e+003;1.906896e-001
1.581891e+003;1.914408e-001
1.582374e+003;1.922013e-001
1.582856e+003;1.929705e-001
1.583338e+003;1.937504e-001
1.583820e+003;1.945438e-001
1.584302e+003;1.953518e-001
1.584784e+003;1.961738e-001
1.585266e+003;1.970074e-001
1.585749e+003;1.978502e-001
1.586231e+003;1.987021e-001
1.586713e+003;1.995644e-001
1.587195e+003;2.004408e-001
1.587677e+003;2.013347e-001
1.588159e+003;2.022479e-001
1.588641e+003;2.031799e-001
1.589124e+003;2.041278e-001
1.589606e+003;2.050893e-001
1.590088e+003;2.060618e-001
1.590570e+003;2.070452e-001
1.591052e+003;2.080400e-001
1.591534e+003;2.090473e-001
1.592016e+003;2.100673e-001
1.592499e+003;2.110997e-001
1.592981e+003;2.121435e-001
1.593463e+003;2.131991e-001
1.593945e+003;2.142679e-001
1.594427e+003;2.153537e-001
1.594909e+003;2.164594e-001
1.595391e+003;2.175880e-001
1.595873e+003;2.187393e-001
1.596356e+003;2.199104e-001
1.596838e+003;2.210973e-001
1.597320e+003;2.222971e-001
1.597802e+003;2.235088e-001
1.598284e+003;2.247345e-001
1.598766e+003;2.259775e-001
1.599248e+003;2.272408e-001
1.599731e+003;2.285252e-001
1.600213e+003;2.298285e-001
1.600695e+003;2.311464e-001
1.601177e+003;2.324745e-001
1.601659e+003;2.338111e-001
1.602141e+003;2.351564e-001
1.602623e+003;2.365142e-001
1.603105e+003;2.378877e-001
1.603588e+003;2.392794e-001
1.604070e+003;2.406884e-001
1.604552e+003;2.421121e-001
1.605034e+003;2.435478e-001
1.605516e+003;2.449930e-001
1.605998e+003;2.464487e-001
1.606480e+003;2.479171e-001
1.606963e+003;2.494012e-001
1.607445e+003;2.509024e-001
1.607927e+003;2.524204e-001
1.608409e+003;2.539524e-001
1.608891e+003;2.554961e-001
1.609373e+003;2.570501e-001
1.609855e+003;2.586145e-001
1.610338e+003;2.601899e-001
1.610820e+003;2.617742e-001
1.611302e+003;2.633616e-001
1.611784e+003;2.649427e-001
1.612266e+003;2.665067e-001
1.612748e+003;2.680463e-001
1.613230e+003;2.695621e-001
1.613713e+003;2.710639e-001
1.614195e+003;2.725699e-001
1.614677e+003;2.740999e-001
1.615159e+003;2.756698e-001
1.615641e+003;2.772828e-001
1.616123e+003;2.789282e-001
1.616605e+003;2.805827e-001
1.617088e+003;2.822169e-001
1.617570e+003;2.838060e-001
1.618052e+003;2.853358e-001
1.618534e+003;2.868055e-001
1.619016e+003;2.882250e-001
1.619498e+003;2.896096e-001
1.619980e+003;2.909745e-001
1.620462e+003;2.923305e-001
1.620945e+003;2.936821e-001
1.621427e+003;2.950283e-001
1.621909e+003;2.963638e-001
1.622391e+003;2.976824e-001
1.622873e+003;2.989762e-001
1.623355e+003;3.002379e-001
1.623837e+003;3.014607e-001
1.624320e+003;3.026392e-001
1.624802e+003;3.037699e-001
1.625284e+003;3.048519e-001
1.625766e+003;3.058878e-001
1.626248e+003;3.068800e-001
1.626730e+003;3.078312e-001
1.627212e+003;3.087420e-001
1.627694e+003;3.096096e-001
1.628177e+003;3.104298e-001
1.628659e+003;3.111982e-001
1.629141e+003;3.119130e-001
1.629623e+003;3.125749e-001
1.630105e+003;3.131867e-001
1.630587e+003;3.137517e-001
1.631069e+003;3.142712e-001
1.631552e+003;3.147449e-001
1.632034e+003;3.151710e-001
1.632516e+003;3.155491e-001
1.632998e+003;3.158817e-001
1.633480e+003;3.161737e-001
1.633962e+003;3.164313e-001
1.634444e+003;3.166575e-001
1.634927e+003;3.168485e-001
1.635409e+003;3.169940e-001
1.635891e+003;3.170778e-001
1.636373e+003;3.170852e-001
1.636855e+003;3.170083e-001
1.637337e+003;3.168491e-001
1.637819e+003;3.166195e-001
1.638302e+003;3.163364e-001
1.638784e+003;3.160162e-001
1.639266e+003;3.156685e-001
1.639748e+003;3.152948e-001
1.640230e+003;3.148882e-001
1.640712e+003;3.144390e-001
1.641194e+003;3.139380e-001
1.641677e+003;3.133817e-001
1.642159e+003;3.127731e-001
1.642641e+003;3.121191e-001
1.643123e+003;3.114288e-001
1.643605e+003;3.107101e-001
1.644087e+003;3.099696e-001
1.644569e+003;3.092110e-001
1.645051e+003;3.084366e-001
1.645534e+003;3.076467e-001
1.646016e+003;3.068384e-001
1.646498e+003;3.060059e-001
1.646980e+003;3.051396e-001
1.647462e+003;3.042283e-001
1.647944e+003;3.032627e-001
1.648426e+003;3.022393e-001
1.648909e+003;3.011633e-001
1.649391e+003;3.000479e-001
1.649873e+003;2.989120e-001
1.650355e+003;2.977751e-001
1.650837e+003;2.966521e-001
1.651319e+003;2.955495e-001
1.651801e+003;2.944634e-001
1.652283e+003;2.933808e-001
1.652766e+003;2.922843e-001
1.653248e+003;2.911565e-001
1.653730e+003;2.899857e-001
1.654212e+003;2.887673e-001
1.654694e+003;2.875039e-001
1.655176e+003;2.862029e-001
1.655658e+003;2.848741e-001
1.656141e+003;2.835282e-001
1.656623e+003;2.821749e-001
1.657105e+003;2.808222e-001
1.657587e+003;2.794747e-001
1.658069e+003;2.781332e-001
1.658551e+003;2.767935e-001
1.659033e+003;2.754496e-001
1.659516e+003;2.740957e-001
1.659998e+003;2.727282e-001
1.660480e+003;2.713479e-001
1.660962e+003;2.699593e-001
1.661444e+003;2.685690e-001
1.661926e+003;2.671815e-001
1.662408e+003;2.657980e-001
1.662891e+003;2.644152e-001
1.663373e+003;2.630273e-001
1.663855e+003;2.616287e-001
1.664337e+003;2.602173e-001
1.664819e+003;2.587945e-001
1.665301e+003;2.573652e-001
1.665783e+003;2.559347e-001
1.666266e+003;2.545071e-001
1.666748e+003;2.530833e-001
1.667230e+003;2.516626e-001
1.667712e+003;2.502435e-001
1.668194e+003;2.488250e-001
1.668676e+003;2.474087e-001
1.669158e+003;2.459953e-001
1.669640e+003;2.445857e-001
1.670123e+003;2.431775e-001
1.670605e+003;2.417661e-001
1.671087e+003;2.403465e-001
1.671569e+003;2.389166e-001
1.672051e+003;2.374777e-001
1.672533e+003;2.360368e-001
1.673015e+003;2.346025e-001
1.673498e+003;2.331828e-001
1.673980e+003;2.317812e-001
1.674462e+003;2.303944e-001
1.674944e+003;2.290146e-001
1.675426e+003;2.276319e-001
1.675908e+003;2.262389e-001
1.676390e+003;2.248332e-001
1.676872e+003;2.234172e-001
1.677355e+003;2.219970e-001
1.677837e+003;2.205776e-001
1.678319e+003;2.191614e-001
1.678801e+003;2.177472e-001
1.679283e+003;2.163323e-001
1.679765e+003;2.149147e-001
1.680247e+003;2.134957e-001
1.680730e+003;2.120808e-001
1.681212e+003;2.106786e-001
1.681694e+003;2.092975e-001
1.682176e+003;2.079445e-001
1.682658e+003;2.066217e-001
1.683140e+003;2.053265e-001
1.683622e+003;2.040519e-001
1.684104e+003;2.027889e-001
1.684587e+003;2.015276e-001
1.685069e+003;2.002600e-001
1.685551e+003;1.989807e-001
1.686033e+003;1.976876e-001
1.686515e+003;1.963822e-001
1.686997e+003;1.950691e-001
1.687479e+003;1.937556e-001
1.687962e+003;1.924497e-001
1.688444e+003;1.911582e-001
1.688926e+003;1.898855e-001
1.689408e+003;1.886316e-001
1.689890e+003;1.873918e-001
1.690372e+003;1.861601e-001
1.690854e+003;1.849309e-001
1.691337e+003;1.837020e-001
1.691819e+003;1.824763e-001
1.692301e+003;1.812611e-001
1.692783e+003;1.800653e-001
1.693265e+003;1.788975e-001
1.693747e+003;1.777615e-001
1.694229e+003;1.766557e-001
1.694712e+003;1.755723e-001
1.695194e+003;1.744996e-001
1.695676e+003;1.734250e-001
1.696158e+003;1.723391e-001
1.696640e+003;1.712382e-001
1.697122e+003;1.701255e-001
1.697604e+003;1.690106e-001
1.698087e+003;1.679062e-001
1.698569e+003;1.668260e-001
1.699051e+003;1.657799e-001
1.699533e+003;1.647714e-001
1.700015e+003;1.637949e-001
1.700497e+003;1.628387e-001
1.700979e+003;1.618863e-001
1.701461e+003;1.609238e-001
1.701944e+003;1.599440e-001
1.702426e+003;1.589497e-001
1.702908e+003;1.579500e-001
1.703390e+003;1.569593e-001
1.703872e+003;1.559900e-001
1.704354e+003;1.550498e-001
1.704836e+003;1.541386e-001
1.705319e+003;1.532496e-001
1.705801e+003;1.523735e-001
1.706283e+003;1.515028e-001
1.706765e+003;1.506332e-001
1.707247e+003;1.497671e-001
1.707729e+003;1.489089e-001
1.708211e+003;1.480642e-001
1.708693e+003;1.472354e-001
1.709176e+003;1.464225e-001
1.709658e+003;1.456235e-001
1.710140e+003;1.448362e-001
1.710622e+003;1.440597e-001
1.711104e+003;1.432960e-001
1.711586e+003;1.425463e-001
1.712068e+003;1.418109e-001
1.712551e+003;1.410874e-001
1.713033e+003;1.403716e-001
1.713515e+003;1.396592e-001
1.713997e+003;1.389491e-001
1.714479e+003;1.382447e-001
1.714961e+003;1.375534e-001
1.715443e+003;1.368843e-001
1.715926e+003;1.362433e-001
1.716408e+003;1.356310e-001
1.716890e+003;1.350408e-001
1.717372e+003;1.344611e-001
1.717854e+003;1.338795e-001
1.718336e+003;1.332874e-001
1.718818e+003;1.326825e-001
1.719301e+003;1.320683e-001
1.719783e+003;1.314530e-001
1.720265e+003;1.308447e-001
1.720747e+003;1.302502e-001
1.721229e+003;1.296727e-001
1.721711e+003;1.291123e-001
1.722193e+003;1.285677e-001
1.722676e+003;1.280373e-001
1.723158e+003;1.275184e-001
1.723640e+003;1.270092e-001
1.724122e+003;1.265069e-001
1.724604e+003;1.260091e-001
1.725086e+003;1.255144e-001
1.725568e+003;1.250235e-001
1.726050e+003;1.245393e-001
1.726533e+003;1.240665e-001
1.727015e+003;1.236093e-001
1.727497e+003;1.231692e-001
1.727979e+003;1.227442e-001
1.728461e+003;1.223276e-001
1.728943e+003;1.219123e-001
1.729425e+003;1.214919e-001
1.729908e+003;1.210653e-001
1.730390e+003;1.206369e-001
1.730872e+003;1.202168e-001
1.731354e+003;1.198171e-001
1.731836e+003;1.194484e-001
1.732318e+003;1.191167e-001
1.732800e+003;1.188198e-001
1.733282e+003;1.185486e-001
1.733765e+003;1.182874e-001
1.734247e+003;1.180187e-001
1.734729e+003;1.177263e-001
1.735211e+003;1.174009e-001
1.735693e+003;1.170408e-001
1.736175e+003;1.166523e-001
1.736657e+003;1.162496e-001
1.737140e+003;1.158491e-001
1.737622e+003;1.154666e-001
1.738104e+003;1.151125e-001
1.738586e+003;1.147885e-001
1.739068e+003;1.144872e-001
1.739550e+003;1.141935e-001
1.740032e+003;1.138912e-001
1.740515e+003;1.135678e-001
1.740997e+003;1.132207e-001
1.741479e+003;1.128575e-001
1.741961e+003;1.124929e-001
1.742443e+003;1.121437e-001
1.742925e+003;1.118229e-001
1.743407e+003;1.115340e-001
1.743890e+003;1.112722e-001
1.744372e+003;1.110257e-001
1.744854e+003;1.107816e-001
1.745336e+003;1.105295e-001
1.745818e+003;1.102650e-001
1.746300e+003;1.099891e-001
1.746782e+003;1.097067e-001
1.747265e+003;1.094230e-001
1.747747e+003;1.091422e-001
1.748229e+003;1.088668e-001
1.748711e+003;1.085984e-001
1.749193e+003;1.083386e-001
1.749675e+003;1.080891e-001
1.750157e+003;1.078506e-001
1.750639e+003;1.076213e-001
1.751122e+003;1.073961e-001
1.751604e+003;1.071678e-001
1.752086e+003;1.069289e-001
1.752568e+003;1.066757e-001
1.753050e+003;1.064094e-001
1.753532e+003;1.061369e-001
1.754014e+003;1.058684e-001
1.754497e+003;1.056126e-001
1.754979e+003;1.053748e-001
1.755461e+003;1.051546e-001
1.755943e+003;1.049467e-001
1.756425e+003;1.047438e-001
1.756907e+003;1.045405e-001
1.757389e+003;1.043354e-001
1.757871e+003;1.041314e-001
1.758354e+003;1.039334e-001
1.758836e+003;1.037468e-001
1.759318e+003;1.035734e-001
1.759800e+003;1.034121e-001
1.760282e+003;1.032587e-001
1.760764e+003;1.031088e-001
1.761246e+003;1.029585e-001
1.761729e+003;1.028054e-001
1.762211e+003;1.026491e-001
1.762693e+003;1.024889e-001
1.763175e+003;1.023249e-001
1.763657e+003;1.021568e-001
1.764139e+003;1.019856e-001
1.764621e+003;1.018141e-001
1.765104e+003;1.016463e-001
1.765586e+003;1.014869e-001
1.766068e+003;1.013391e-001
1.766550e+003;1.012024e-001
1.767032e+003;1.010728e-001
1.767514e+003;1.009436e-001
1.767996e+003;1.008097e-001
1.768479e+003;1.006682e-001
1.768961e+003;1.005223e-001
1.769443e+003;1.003795e-001
1.769925e+003;1.002491e-001
1.770407e+003;1.001383e-001
1.770889e+003;1.000489e-001
1.771371e+003;9.997679e-002
1.771854e+003;9.991241e-002
1.772336e+003;9.984378e-002
1.772818e+003;9.976203e-002
1.773300e+003;9.966153e-002
1.773782e+003;9.954342e-002
1.774264e+003;9.941262e-002
1.774746e+003;9.927609e-002
1.775228e+003;9.914003e-002
1.775711e+003;9.900991e-002
1.776193e+003;9.888794e-002
1.776675e+003;9.877505e-002
1.777157e+003;9.867097e-002
1.777639e+003;9.857506e-002
1.778121e+003;9.848598e-002
1.778603e+003;9.840239e-002
1.779086e+003;9.832179e-002
1.779568e+003;9.824230e-002
1.780050e+003;9.816170e-002
1.780532e+003;9.807898e-002
1.781014e+003;9.799366e-002
1.781496e+003;9.790584e-002
1.781978e+003;9.781655e-002
1.782460e+003;9.772701e-002
1.782943e+003;9.763885e-002
1.783425e+003;9.755392e-002
1.783907e+003;9.747436e-002
1.784389e+003;9.740129e-002
1.784871e+003;9.733580e-002
1.785353e+003;9.727637e-002
1.785835e+003;9.721967e-002
1.786318e+003;9.716138e-002
1.786800e+003;9.709629e-002
1.787282e+003;9.702047e-002
1.787764e+003;9.693276e-002
1.788246e+003;9.683526e-002
1.788728e+003;9.673259e-002
1.789210e+003;9.663153e-002
1.789693e+003;9.653849e-002
1.790175e+003;9.645855e-002
1.790657e+003;9.639459e-002
1.791139e+003;9.634731e-002
1.791621e+003;9.631398e-002
1.792103e+003;9.629090e-002
1.792585e+003;9.627321e-002
1.793068e+003;9.625431e-002
1.793550e+003;9.622867e-002
1.794032e+003;9.619208e-002
1.794514e+003;9.614124e-002
1.794996e+003;9.607638e-002
1.795478e+003;9.600016e-002
1.795960e+003;9.591679e-002
1.796442e+003;9.583134e-002
1.796925e+003;9.574802e-002
1.797407e+003;9.566996e-002
1.797889e+003;9.559844e-002
1.798371e+003;9.553413e-002
1.798853e+003;9.547708e-002
1.799335e+003;9.542762e-002
1.799817e+003;9.538657e-002
1.800300e+003;9.535423e-002
1.800782e+003;9.532962e-002
1.801264e+003;9.531023e-002
1.801746e+003;9.529240e-002
1.802228e+003;9.527202e-002
1.802710e+003;9.524597e-002
1.803192e+003;9.521249e-002
1.803674e+003;9.517159e-002
1.804157e+003;9.512421e-002
1.804639e+003;9.507111e-002
1.805121e+003;9.501252e-002
1.805603e+003;9.494881e-002
1.806085e+003;9.488016e-002
1.806567e+003;9.480896e-002
1.807049e+003;9.473858e-002
1.807532e+003;9.467427e-002
1.808014e+003;9.462085e-002
1.808496e+003;9.458119e-002
1.808978e+003;9.455469e-002
1.809460e+003;9.453789e-002
1.809942e+003;9.452373e-002
1.810424e+003;9.450540e-002
1.810906e+003;9.447604e-002
1.811389e+003;9.443148e-002
1.811871e+003;9.437025e-002
1.812353e+003;9.429260e-002
1.812835e+003;9.420108e-002
1.813317e+003;9.409939e-002
1.813799e+003;9.399356e-002
1.814281e+003;9.389149e-002
1.814764e+003;9.380198e-002
1.815246e+003;9.373470e-002
1.815728e+003;9.369678e-002
1.816210e+003;9.369210e-002
1.816692e+003;9.371963e-002
1.817174e+003;9.377278e-002
1.817656e+003;9.384222e-002
1.818139e+003;9.391773e-002
1.818621e+003;9.398973e-002
1.819103e+003;9.405193e-002
1.819585e+003;9.409913e-002
1.820067e+003;9.412930e-002
1.820549e+003;9.414016e-002
1.821031e+003;9.413137e-002
1.821514e+003;9.410383e-002
1.821996e+003;9.406168e-002
1.822478e+003;9.401102e-002
1.822960e+003;9.396012e-002
1.823442e+003;9.391674e-002
1.823924e+003;9.388579e-002
1.824406e+003;9.386827e-002
1.824889e+003;9.386068e-002
1.825371e+003;9.385721e-002
1.825853e+003;9.385232e-002
1.826335e+003;9.384196e-002
1.826817e+003;9.382591e-002
1.827299e+003;9.380687e-002
1.827781e+003;9.378853e-002
1.828263e+003;9.377394e-002
1.828746e+003;9.376458e-002
1.829228e+003;9.376059e-002
1.829710e+003;9.376060e-002
1.830192e+003;9.376271e-002
1.830674e+003;9.376600e-002
1.831156e+003;9.376789e-002
1.831638e+003;9.376621e-002
1.832121e+003;9.375744e-002
1.832603e+003;9.373885e-002
1.833085e+003;9.370880e-002
1.833567e+003;9.366892e-002
1.834049e+003;9.362309e-002
1.834531e+003;9.357864e-002
1.835013e+003;9.354205e-002
1.835495e+003;9.351841e-002
1.835978e+003;9.350917e-002
1.836460e+003;9.351227e-002
1.836942e+003;9.352408e-002
1.837424e+003;9.354136e-002
1.837906e+003;9.356181e-002
1.838388e+003;9.358456e-002
1.838870e+003;9.360912e-002
1.839353e+003;9.363289e-002
1.839835e+003;9.365162e-002
1.840317e+003;9.366128e-002
1.840799e+003;9.365811e-002
1.841281e+003;9.364362e-002
1.841763e+003;9.362334e-002
1.842245e+003;9.360703e-002
1.842728e+003;9.360400e-002
1.843210e+003;9.361997e-002
1.843692e+003;9.365291e-002
1.844174e+003;9.369492e-002
1.844656e+003;9.373358e-002
1.845138e+003;9.375978e-002
1.845620e+003;9.376848e-002
1.846103e+003;9.376354e-002
1.846585e+003;9.375405e-002
1.847067e+003;9.375019e-002
1.847549e+003;9.375890e-002
1.848031e+003;9.378186e-002
1.848513e+003;9.381361e-002
1.848995e+003;9.384635e-002
1.849478e+003;9.387268e-002
1.849960e+003;9.388956e-002
1.850442e+003;9.389841e-002
1.850924e+003;9.390398e-002
1.851406e+003;9.391120e-002
1.851888e+003;9.392243e-002
1.852370e+003;9.393632e-002
1.852852e+003;9.394938e-002
1.853335e+003;9.395768e-002
1.853817e+003;9.395839e-002
1.854299e+003;9.395188e-002
1.854781e+003;9.394069e-002
1.855263e+003;9.392780e-002
1.855745e+003;9.391621e-002
1.856227e+003;9.390759e-002
1.856710e+003;9.390328e-002
1.857192e+003;9.390450e-002
1.857674e+003;9.391326e-002
1.858156e+003;9.393121e-002
1.858638e+003;9.395855e-002
1.859120e+003;9.399287e-002
1.859602e+003;9.402952e-002
1.860084e+003;9.406289e-002
1.860567e+003;9.408873e-002
1.861049e+003;9.410585e-002
1.861531e+003;9.411753e-002
1.862013e+003;9.412917e-002
1.862495e+003;9.414633e-002
1.862977e+003;9.417048e-002
1.863459e+003;9.419874e-002
1.863942e+003;9.422375e-002
1.864424e+003;9.423673e-002
1.864906e+003;9.423215e-002
1.865388e+003;9.420994e-002
1.865870e+003;9.417684e-002
1.866352e+003;9.414339e-002
1.866834e+003;9.412082e-002
1.867317e+003;9.411684e-002
1.867799e+003;9.413309e-002
1.868281e+003;9.416475e-002
1.868763e+003;9.420220e-002
1.869245e+003;9.423512e-002
1.869727e+003;9.425575e-002
1.870209e+003;9.426043e-002
1.870692e+003;9.425088e-002
1.871174e+003;9.423355e-002
1.871656e+003;9.421695e-002
1.872138e+003;9.421029e-002
1.872620e+003;9.422083e-002
1.873102e+003;9.425192e-002
1.873584e+003;9.430233e-002
1.874067e+003;9.436465e-002
1.874549e+003;9.442806e-002
1.875031e+003;9.447999e-002
1.875513e+003;9.450979e-002
1.875995e+003;9.451231e-002
1.876477e+003;9.448925e-002
1.876959e+003;9.444916e-002
1.877441e+003;9.440495e-002
1.877924e+003;9.436878e-002
1.878406e+003;9.434975e-002
1.878888e+003;9.434978e-002
1.879370e+003;9.436562e-002
1.879852e+003;9.438975e-002
1.880334e+003;9.441417e-002
1.880816e+003;9.443327e-002
1.881299e+003;9.444482e-002
1.881781e+003;9.445082e-002
1.882263e+003;9.445430e-002
1.882745e+003;9.445889e-002
1.883227e+003;9.446808e-002
1.883709e+003;9.448317e-002
1.884191e+003;9.450455e-002
1.884673e+003;9.453208e-002
1.885156e+003;9.456364e-002
1.885638e+003;9.459630e-002
1.886120e+003;9.462617e-002
1.886602e+003;9.465002e-002
1.887084e+003;9.466544e-002
1.887566e+003;9.467438e-002
1.888048e+003;9.468184e-002
1.888531e+003;9.469649e-002
1.889013e+003;9.472676e-002
1.889495e+003;9.477863e-002
1.889977e+003;9.485293e-002
1.890459e+003;9.494392e-002
1.890941e+003;9.504151e-002
1.891423e+003;9.513420e-002
1.891906e+003;9.521209e-002
1.892388e+003;9.526880e-002
1.892870e+003;9.530308e-002
1.893352e+003;9.531651e-002
1.893834e+003;9.531357e-002
1.894316e+003;9.529852e-002
1.894798e+003;9.527639e-002
1.895281e+003;9.525227e-002
1.895763e+003;9.523172e-002
1.896245e+003;9.522089e-002
1.896727e+003;9.522422e-002
1.897209e+003;9.524269e-002
1.897691e+003;9.527411e-002
1.898173e+003;9.531201e-002
1.898656e+003;9.534787e-002
1.899138e+003;9.537562e-002
1.899620e+003;9.539142e-002
1.900102e+003;9.539670e-002
1.900584e+003;9.539567e-002
1.901066e+003;9.539342e-002
1.901548e+003;9.539264e-002
1.902030e+003;9.539369e-002
1.902513e+003;9.539412e-002
1.902995e+003;9.539188e-002
1.903477e+003;9.538725e-002
1.903959e+003;9.538478e-002
1.904441e+003;9.539124e-002
1.904923e+003;9.541356e-002
1.905405e+003;9.545653e-002
1.905888e+003;9.552003e-002
1.906370e+003;9.559941e-002
1.906852e+003;9.568919e-002
1.907334e+003;9.578270e-002
1.907816e+003;9.587587e-002
1.908298e+003;9.596607e-002
1.908780e+003;9.605075e-002
1.909262e+003;9.612643e-002
1.909745e+003;9.618703e-002
1.910227e+003;9.622709e-002
1.910709e+003;9.624212e-002
1.911191e+003;9.623306e-002
1.911673e+003;9.620763e-002
1.912155e+003;9.617689e-002
1.912637e+003;9.615355e-002
1.913120e+003;9.614718e-002
1.913602e+003;9.616116e-002
1.914084e+003;9.619281e-002
1.914566e+003;9.623653e-002
1.915048e+003;9.628635e-002
1.915530e+003;9.633895e-002
1.916012e+003;9.639400e-002
1.916495e+003;9.645326e-002
1.916977e+003;9.651624e-002
1.917459e+003;9.657892e-002
1.917941e+003;9.663253e-002
1.918423e+003;9.666830e-002
1.918905e+003;9.667975e-002
1.919387e+003;9.666861e-002
1.919870e+003;9.664390e-002
1.920352e+003;9.662116e-002
1.920834e+003;9.661534e-002
1.921316e+003;9.663665e-002
1.921798e+003;9.668608e-002
1.922280e+003;9.675453e-002
1.922762e+003;9.682679e-002
1.923245e+003;9.688687e-002
1.923727e+003;9.692467e-002
1.924209e+003;9.693951e-002
1.924691e+003;9.693981e-002
1.925173e+003;9.694052e-002
1.925655e+003;9.695628e-002
1.926137e+003;9.699702e-002
1.926619e+003;9.706347e-002
1.927102e+003;9.714821e-002
1.927584e+003;9.723686e-002
1.928066e+003;9.731551e-002
1.928548e+003;9.737406e-002
1.929030e+003;9.741171e-002
1.929512e+003;9.743749e-002
1.929994e+003;9.746829e-002
1.930477e+003;9.752196e-002
1.930959e+003;9.761358e-002
1.931441e+003;9.774805e-002
1.931923e+003;9.791853e-002
1.932405e+003;9.810653e-002
1.932887e+003;9.828768e-002
1.933369e+003;9.843564e-002
1.933851e+003;9.853107e-002
1.934334e+003;9.856322e-002
1.934816e+003;9.853330e-002
1.935298e+003;9.845084e-002
1.935780e+003;9.833290e-002
1.936262e+003;9.819795e-002
1.936744e+003;9.806605e-002
1.937226e+003;9.795605e-002
1.937709e+003;9.788556e-002
1.938191e+003;9.786887e-002
1.938673e+003;9.791560e-002
1.939155e+003;9.802750e-002
1.939637e+003;9.819723e-002
1.940119e+003;9.840641e-002
1.940601e+003;9.863181e-002
1.941083e+003;9.884539e-002
1.941566e+003;9.902577e-002
1.942048e+003;9.915849e-002
1.942530e+003;9.924181e-002
1.943012e+003;9.928391e-002
1.943494e+003;9.930071e-002
1.943976e+003;9.930991e-002
1.944458e+003;9.932802e-002
1.944941e+003;9.936614e-002
1.945423e+003;9.942804e-002
1.945905e+003;9.951025e-002
1.946387e+003;9.960386e-002
1.946869e+003;9.969435e-002
1.947351e+003;9.976739e-002
1.947833e+003;9.980989e-002
1.948316e+003;9.982042e-002
1.948798e+003;9.980277e-002
1.949280e+003;9.977535e-002
1.949762e+003;9.975912e-002
1.950244e+003;9.977563e-002
1.950726e+003;9.983543e-002
1.951208e+003;9.993649e-002
1.951691e+003;1.000607e-001
1.952173e+003;1.001831e-001
1.952655e+003;1.002787e-001
1.953137e+003;1.003344e-001
1.953619e+003;1.003501e-001
1.954101e+003;1.003415e-001
1.954583e+003;1.003314e-001
1.955066e+003;1.003411e-001
1.955548e+003;1.003839e-001
1.956030e+003;1.004624e-001
1.956512e+003;1.005705e-001
1.956994e+003;1.007005e-001
1.957476e+003;1.008460e-001
1.957958e+003;1.010060e-001
1.958440e+003;1.011815e-001
1.958923e+003;1.013711e-001
1.959405e+003;1.015670e-001
1.959887e+003;1.017545e-001
1.960369e+003;1.019191e-001
1.960851e+003;1.020511e-001
1.961333e+003;1.021506e-001
1.961815e+003;1.022304e-001
1.962298e+003;1.023089e-001
1.962780e+003;1.024046e-001
1.963262e+003;1.025238e-001
1.963744e+003;1.026630e-001
1.964226e+003;1.028036e-001
1.964708e+003;1.029255e-001
1.965190e+003;1.030062e-001
1.965672e+003;1.030348e-001
1.966155e+003;1.030078e-001
1.966637e+003;1.029333e-001
1.967119e+003;1.028254e-001
1.967601e+003;1.027032e-001
1.968083e+003;1.025923e-001
1.968565e+003;1.025220e-001
1.969047e+003;1.025212e-001
1.969530e+003;1.026153e-001
1.970012e+003;1.028154e-001
1.970494e+003;1.031134e-001
1.970976e+003;1.034799e-001
1.971458e+003;1.038689e-001
1.971940e+003;1.042296e-001
1.972422e+003;1.045225e-001
1.972905e+003;1.047285e-001
1.973387e+003;1.048563e-001
1.973869e+003;1.049363e-001
1.974351e+003;1.050136e-001
1.974833e+003;1.051347e-001
1.975315e+003;1.053372e-001
1.975797e+003;1.056449e-001
1.976280e+003;1.060616e-001
1.976762e+003;1.065694e-001
1.977244e+003;1.071297e-001
1.977726e+003;1.076836e-001
1.978208e+003;1.081622e-001
1.978690e+003;1.084992e-001
1.979172e+003;1.086526e-001
1.979655e+003;1.086090e-001
1.980137e+003;1.083974e-001
1.980619e+003;1.080750e-001
1.981101e+003;1.077179e-001
1.981583e+003;1.073955e-001
1.982065e+003;1.071561e-001
1.982547e+003;1.070139e-001
1.983029e+003;1.069509e-001
1.983512e+003;1.069330e-001
1.983994e+003;1.069246e-001
1.984476e+003;1.069066e-001
1.984958e+003;1.068833e-001
1.985440e+003;1.068769e-001
1.985922e+003;1.069151e-001
1.986404e+003;1.070137e-001
1.986887e+003;1.071702e-001
1.987369e+003;1.073567e-001
1.987851e+003;1.075348e-001
1.988333e+003;1.076619e-001
1.988815e+003;1.077078e-001
1.989297e+003;1.076596e-001
1.989779e+003;1.075246e-001
1.990261e+003;1.073251e-001
1.990744e+003;1.070948e-001
1.991226e+003;1.068728e-001
1.991708e+003;1.066991e-001
1.992190e+003;1.066080e-001
1.992672e+003;1.066247e-001
1.993154e+003;1.067561e-001
1.993636e+003;1.069889e-001
1.994119e+003;1.072850e-001
1.994601e+003;1.075939e-001
1.995083e+003;1.078583e-001
1.995565e+003;1.080362e-001
1.996047e+003;1.081067e-001
1.996529e+003;1.080803e-001
1.997011e+003;1.079896e-001
1.997494e+003;1.078817e-001
1.997976e+003;1.077994e-001
1.998458e+003;1.077733e-001
1.998940e+003;1.078153e-001
1.999422e+003;1.079195e-001
1.999904e+003;1.080663e-001
2.000386e+003;1.082301e-001
2.000869e+003;1.083816e-001
2.001351e+003;1.084913e-001
2.001833e+003;1.085324e-001
2.002315e+003;1.084883e-001
2.002797e+003;1.083575e-001
2.003279e+003;1.081644e-001
2.003761e+003;1.079577e-001
2.004244e+003;1.078062e-001
2.004726e+003;1.077789e-001
2.005208e+003;1.079251e-001
2.005690e+003;1.082516e-001
2.006172e+003;1.087145e-001
2.006654e+003;1.092323e-001
2.007136e+003;1.097089e-001
2.007618e+003;1.100685e-001
2.008101e+003;1.102813e-001
2.008583e+003;1.103679e-001
2.009065e+003;1.103919e-001
2.009547e+003;1.104252e-001
2.010029e+003;1.105273e-001
2.010511e+003;1.107179e-001
2.010993e+003;1.109807e-001
2.011476e+003;1.112664e-001
2.011958e+003;1.115196e-001
2.012440e+003;1.116928e-001
2.012922e+003;1.117639e-001
2.013404e+003;1.117342e-001
2.013886e+003;1.116292e-001
2.014368e+003;1.114854e-001
2.014850e+003;1.113445e-001
2.015333e+003;1.112422e-001
2.015815e+003;1.112097e-001
2.016297e+003;1.112666e-001
2.016779e+003;1.114198e-001
2.017261e+003;1.116593e-001
2.017743e+003;1.119585e-001
2.018225e+003;1.122736e-001
2.018708e+003;1.125533e-001
2.019190e+003;1.127470e-001
2.019672e+003;1.128166e-001
2.020154e+003;1.127442e-001
2.020636e+003;1.125381e-001
2.021118e+003;1.122298e-001
2.021600e+003;1.118696e-001
2.022083e+003;1.115191e-001
2.022565e+003;1.112389e-001
2.023047e+003;1.110792e-001
2.023529e+003;1.110731e-001
2.024011e+003;1.112255e-001
2.024493e+003;1.115160e-001
2.024975e+003;1.118982e-001
2.025458e+003;1.123155e-001
2.025940e+003;1.127060e-001
2.026422e+003;1.130323e-001
2.026904e+003;1.132754e-001
2.027386e+003;1.134485e-001
2.027868e+003;1.135825e-001
2.028350e+003;1.137114e-001
2.028833e+003;1.138605e-001
2.029315e+003;1.140330e-001
2.029797e+003;1.142129e-001
2.030279e+003;1.143761e-001
2.030761e+003;1.145000e-001
2.031243e+003;1.145798e-001
2.031725e+003;1.146310e-001
2.032207e+003;1.146853e-001
2.032690e+003;1.147787e-001
2.033172e+003;1.149388e-001
2.033654e+003;1.151719e-001
2.034136e+003;1.154623e-001
2.034618e+003;1.157769e-001
2.035100e+003;1.160768e-001
2.035582e+003;1.163287e-001
2.036065e+003;1.165118e-001
2.036547e+003;1.166224e-001
2.037029e+003;1.166720e-001
2.037511e+003;1.166825e-001
2.037993e+003;1.166805e-001
2.038475e+003;1.166865e-001
2.038957e+003;1.167138e-001
2.039439e+003;1.167611e-001
2.039922e+003;1.168147e-001
2.040404e+003;1.168518e-001
2.040886e+003;1.168485e-001
2.041368e+003;1.167891e-001
2.041850e+003;1.166723e-001
2.042332e+003;1.165126e-001
2.042814e+003;1.163386e-001
2.043297e+003;1.161821e-001
2.043779e+003;1.160690e-001
2.044261e+003;1.160124e-001
2.044743e+003;1.160134e-001
2.045225e+003;1.160657e-001
2.045707e+003;1.161647e-001
2.046189e+003;1.163122e-001
2.046672e+003;1.165165e-001
2.047154e+003;1.167843e-001
2.047636e+003;1.171092e-001
2.048118e+003;1.174619e-001
2.048600e+003;1.177931e-001
2.049082e+003;1.180432e-001
2.049564e+003;1.181626e-001
2.050047e+003;1.181297e-001
2.050529e+003;1.179610e-001
2.051011e+003;1.177041e-001
2.051493e+003;1.174295e-001
2.051975e+003;1.172051e-001
2.052457e+003;1.170821e-001
2.052939e+003;1.170805e-001
2.053422e+003;1.171886e-001
2.053904e+003;1.173680e-001
2.054386e+003;1.175694e-001
2.054868e+003;1.177473e-001
2.055350e+003;1.178723e-001
2.055832e+003;1.179341e-001
2.056314e+003;1.179423e-001
2.056796e+003;1.179147e-001
2.057279e+003;1.178740e-001
2.057761e+003;1.178385e-001
2.058243e+003;1.178228e-001
2.058725e+003;1.178348e-001
2.059207e+003;1.178789e-001
2.059689e+003;1.179525e-001
2.060171e+003;1.180498e-001
2.060654e+003;1.181606e-001
2.061136e+003;1.182723e-001
2.061618e+003;1.183709e-001
2.062100e+003;1.184470e-001
2.062582e+003;1.184954e-001
2.063064e+003;1.185203e-001
2.063546e+003;1.185296e-001
2.064029e+003;1.185350e-001
2.064511e+003;1.185471e-001
2.064993e+003;1.185737e-001
2.065475e+003;1.186189e-001
2.065957e+003;1.186835e-001
2.066439e+003;1.187682e-001
2.066921e+003;1.188729e-001
2.067404e+003;1.189983e-001
2.067886e+003;1.191433e-001
2.068368e+003;1.193032e-001
2.068850e+003;1.194684e-001
2.069332e+003;1.196234e-001
2.069814e+003;1.197507e-001
2.070296e+003;1.198340e-001
2.070779e+003;1.198632e-001
2.071260e+003;1.198369e-001
2.071743e+003;1.197666e-001
2.072225e+003;1.196715e-001
2.072707e+003;1.195789e-001
2.073189e+003;1.195141e-001
2.073671e+003;1.194968e-001
2.074153e+003;1.195364e-001
2.074635e+003;1.196285e-001
2.075118e+003;1.197558e-001
2.075600e+003;1.198925e-001
2.076082e+003;1.200111e-001
2.076564e+003;1.200864e-001
2.077046e+003;1.201055e-001
2.077528e+003;1.200680e-001
2.078010e+003;1.199876e-001
2.078493e+003;1.198886e-001
2.078975e+003;1.198000e-001
2.079457e+003;1.197490e-001
2.079939e+003;1.197541e-001
2.080421e+003;1.198217e-001
2.080903e+003;1.199444e-001
2.081385e+003;1.201046e-001
2.081868e+003;1.202781e-001
2.082350e+003;1.204423e-001
2.082832e+003;1.205800e-001
2.083314e+003;1.206841e-001
2.083796e+003;1.207570e-001
2.084278e+003;1.208080e-001
2.084760e+003;1.208470e-001
2.085243e+003;1.208822e-001
2.085725e+003;1.209139e-001
2.086207e+003;1.209363e-001
2.086689e+003;1.209419e-001
2.087171e+003;1.209241e-001
2.087653e+003;1.208826e-001
2.088135e+003;1.208270e-001
2.088617e+003;1.207713e-001
2.089100e+003;1.207318e-001
2.089582e+003;1.207188e-001
2.090064e+003;1.207335e-001
2.090546e+003;1.207661e-001
2.091028e+003;1.208010e-001
2.091510e+003;1.208232e-001
2.091992e+003;1.208265e-001
2.092475e+003;1.208159e-001
2.092957e+003;1.208087e-001
2.093439e+003;1.208264e-001
2.093921e+003;1.208858e-001
2.094403e+003;1.209931e-001
2.094885e+003;1.211368e-001
2.095367e+003;1.212925e-001
2.095850e+003;1.214323e-001
2.096332e+003;1.215326e-001
2.096814e+003;1.215857e-001
2.097296e+003;1.215989e-001
2.097778e+003;1.215933e-001
2.098260e+003;1.215938e-001
2.098742e+003;1.216207e-001
2.099225e+003;1.216815e-001
2.099707e+003;1.217708e-001
2.100189e+003;1.218723e-001
2.100671e+003;1.219662e-001
2.101153e+003;1.220347e-001
2.101635e+003;1.220693e-001
2.102117e+003;1.220688e-001
2.102600e+003;1.220426e-001
2.103082e+003;1.220026e-001
2.103564e+003;1.219638e-001
2.104046e+003;1.219379e-001
2.104528e+003;1.219337e-001
2.105010e+003;1.219550e-001
2.105492e+003;1.220029e-001
2.105974e+003;1.220732e-001
2.106457e+003;1.221602e-001
2.106939e+003;1.222570e-001
2.107421e+003;1.223574e-001
2.107903e+003;1.224563e-001
2.108385e+003;1.225513e-001
2.108867e+003;1.226410e-001
2.109349e+003;1.227239e-001
2.109832e+003;1.227964e-001
2.110314e+003;1.228533e-001
2.110796e+003;1.228862e-001
2.111278e+003;1.228885e-001
2.111760e+003;1.228560e-001
2.112242e+003;1.227903e-001
2.112724e+003;1.226983e-001
2.113207e+003;1.225931e-001
2.113689e+003;1.224869e-001
2.114171e+003;1.223904e-001
2.114653e+003;1.223091e-001
2.115135e+003;1.222433e-001
2.115617e+003;1.221889e-001
2.116099e+003;1.221431e-001
2.116582e+003;1.221046e-001
2.117064e+003;1.220775e-001
2.117546e+003;1.220687e-001
2.118028e+003;1.220856e-001
2.118510e+003;1.221306e-001
2.118992e+003;1.222003e-001
2.119474e+003;1.222818e-001
2.119957e+003;1.223584e-001
2.120438e+003;1.224108e-001
2.120921e+003;1.224255e-001
2.121403e+003;1.223969e-001
2.121885e+003;1.223302e-001
2.122367e+003;1.222386e-001
2.122849e+003;1.221404e-001
2.123331e+003;1.220511e-001
2.123813e+003;1.219803e-001
2.124296e+003;1.219261e-001
2.124778e+003;1.218787e-001
2.125260e+003;1.218215e-001
2.125742e+003;1.217399e-001
2.126224e+003;1.216228e-001
2.126706e+003;1.214724e-001
2.127188e+003;1.212997e-001
2.127671e+003;1.211247e-001
2.128153e+003;1.209690e-001
2.128635e+003;1.208512e-001
2.129117e+003;1.207809e-001
2.129599e+003;1.207570e-001
2.130081e+003;1.207697e-001
2.130563e+003;1.208064e-001
2.131046e+003;1.208553e-001
2.131528e+003;1.209116e-001
2.132010e+003;1.209792e-001
2.132492e+003;1.210686e-001
2.132974e+003;1.211921e-001
2.133456e+003;1.213574e-001
2.133938e+003;1.215604e-001
2.134421e+003;1.217855e-001
2.134903e+003;1.220033e-001
2.135385e+003;1.221806e-001
2.135867e+003;1.222861e-001
2.136349e+003;1.223017e-001
2.136831e+003;1.222262e-001
2.137313e+003;1.220777e-001
2.137795e+003;1.218880e-001
2.138278e+003;1.216961e-001
2.138760e+003;1.215346e-001
2.139242e+003;1.214238e-001
2.139724e+003;1.213667e-001
2.140206e+003;1.213508e-001
2.140688e+003;1.213569e-001
2.141170e+003;1.213691e-001
2.141653e+003;1.213828e-001
2.142135e+003;1.214096e-001
2.142617e+003;1.214710e-001
2.143099e+003;1.215919e-001
2.143581e+003;1.217818e-001
2.144063e+003;1.220298e-001
2.144545e+003;1.222976e-001
2.145028e+003;1.225314e-001
2.145510e+003;1.226731e-001
2.145992e+003;1.226831e-001
2.146474e+003;1.225503e-001
2.146956e+003;1.223008e-001
2.147438e+003;1.219855e-001
2.147920e+003;1.216693e-001
2.148403e+003;1.214077e-001
2.148885e+003;1.212364e-001
2.149367e+003;1.211601e-001
2.149849e+003;1.211618e-001
2.150331e+003;1.212087e-001
2.150813e+003;1.212685e-001
2.151295e+003;1.213161e-001
2.151778e+003;1.213383e-001
2.152260e+003;1.213316e-001
2.152742e+003;1.212976e-001
2.153224e+003;1.212411e-001
2.153706e+003;1.211705e-001
2.154188e+003;1.210946e-001
2.154670e+003;1.210317e-001
2.155152e+003;1.210072e-001
2.155635e+003;1.210539e-001
2.156117e+003;1.212049e-001
2.156599e+003;1.214896e-001
2.157081e+003;1.219195e-001
2.157563e+003;1.224879e-001
2.158045e+003;1.231624e-001
2.158527e+003;1.238887e-001
2.159010e+003;1.245962e-001
2.159492e+003;1.252122e-001
2.159974e+003;1.256769e-001
2.160456e+003;1.259556e-001
2.160938e+003;1.260463e-001
2.161420e+003;1.259843e-001
2.161902e+003;1.258275e-001
2.162385e+003;1.256510e-001
2.162867e+003;1.255216e-001
2.163349e+003;1.254837e-001
2.163831e+003;1.255412e-001
2.164313e+003;1.256603e-001
2.164795e+003;1.257752e-001
2.165277e+003;1.258169e-001
2.165760e+003;1.257305e-001
2.166242e+003;1.255020e-001
2.166724e+003;1.251546e-001
2.167206e+003;1.247423e-001
2.167688e+003;1.243253e-001
2.168170e+003;1.239531e-001
2.168652e+003;1.236469e-001
2.169135e+003;1.233967e-001
2.169616e+003;1.231742e-001
2.170099e+003;1.229478e-001
2.170581e+003;1.226979e-001
2.171063e+003;1.224252e-001
2.171545e+003;1.221504e-001
2.172027e+003;1.219045e-001
2.172509e+003;1.217136e-001
2.172991e+003;1.215923e-001
2.173474e+003;1.215363e-001
2.173956e+003;1.215288e-001
2.174438e+003;1.215457e-001
2.174920e+003;1.215645e-001
2.175402e+003;1.215705e-001
2.175884e+003;1.215534e-001
2.176366e+003;1.215133e-001
2.176849e+003;1.214518e-001
2.177331e+003;1.213692e-001
2.177813e+003;1.212719e-001
2.178295e+003;1.211675e-001
2.178777e+003;1.210720e-001
2.179259e+003;1.210008e-001
2.179741e+003;1.209716e-001
2.180224e+003;1.209915e-001
2.180706e+003;1.210615e-001
2.181188e+003;1.211669e-001
2.181670e+003;1.212908e-001
2.182152e+003;1.214124e-001
2.182634e+003;1.215191e-001
2.183116e+003;1.216038e-001
2.183598e+003;1.216678e-001
2.184081e+003;1.217155e-001
2.184563e+003;1.217485e-001
2.185045e+003;1.217626e-001
2.185527e+003;1.217491e-001
2.186009e+003;1.216946e-001
2.186491e+003;1.215915e-001
2.186973e+003;1.214371e-001
2.187456e+003;1.212416e-001
2.187938e+003;1.210186e-001
2.188420e+003;1.207922e-001
2.188902e+003;1.205814e-001
2.189384e+003;1.204033e-001
2.189866e+003;1.202646e-001
2.190348e+003;1.201618e-001
2.190831e+003;1.200846e-001
2.191313e+003;1.200174e-001
2.191795e+003;1.199480e-001
2.192277e+003;1.198686e-001
2.192759e+003;1.197821e-001
2.193241e+003;1.197008e-001
2.193723e+003;1.196389e-001
2.194206e+003;1.196132e-001
2.194688e+003;1.196281e-001
2.195170e+003;1.196787e-001
2.195652e+003;1.197441e-001
2.196134e+003;1.198001e-001
2.196616e+003;1.198185e-001
2.197098e+003;1.197854e-001
2.197581e+003;1.197000e-001
2.198063e+003;1.195782e-001
2.198545e+003;1.194449e-001
2.199027e+003;1.193252e-001
2.199509e+003;1.192376e-001
2.199991e+003;1.191857e-001
2.200473e+003;1.191594e-001
2.200955e+003;1.191433e-001
2.201438e+003;1.191210e-001
2.201920e+003;1.190854e-001
2.202402e+003;1.190371e-001
2.202884e+003;1.189860e-001
2.203366e+003;1.189389e-001
2.203848e+003;1.189003e-001
2.204330e+003;1.188644e-001
2.204813e+003;1.188192e-001
2.205295e+003;1.187514e-001
2.205777e+003;1.186534e-001
2.206259e+003;1.185282e-001
2.206741e+003;1.183887e-001
2.207223e+003;1.182552e-001
2.207705e+003;1.181466e-001
2.208188e+003;1.180742e-001
2.208670e+003;1.180376e-001
2.209152e+003;1.180248e-001
2.209634e+003;1.180204e-001
2.210116e+003;1.180059e-001
2.210598e+003;1.179733e-001
2.211080e+003;1.179192e-001
2.211563e+003;1.178505e-001
2.212045e+003;1.177756e-001
2.212527e+003;1.177044e-001
2.213009e+003;1.176402e-001
2.213491e+003;1.175833e-001
2.213973e+003;1.175282e-001
2.214455e+003;1.174670e-001
2.214938e+003;1.173958e-001
2.215419e+003;1.173141e-001
2.215902e+003;1.172252e-001
2.216384e+003;1.171379e-001
2.216866e+003;1.170623e-001
2.217348e+003;1.170076e-001
2.217830e+003;1.169795e-001
2.218312e+003;1.169775e-001
2.218794e+003;1.169955e-001
2.219277e+003;1.170207e-001
2.219759e+003;1.170410e-001
2.220241e+003;1.170446e-001
2.220723e+003;1.170239e-001
2.221205e+003;1.169776e-001
2.221687e+003;1.169087e-001
2.222169e+003;1.168227e-001
2.222652e+003;1.167236e-001
2.223134e+003;1.166125e-001
2.223616e+003;1.164879e-001
2.224098e+003;1.163497e-001
2.224580e+003;1.161992e-001
2.225062e+003;1.160445e-001
2.225544e+003;1.159000e-001
2.226027e+003;1.157834e-001
2.226509e+003;1.157069e-001
2.226991e+003;1.156770e-001
2.227473e+003;1.156869e-001
2.227955e+003;1.157219e-001
2.228437e+003;1.157592e-001
2.228919e+003;1.157796e-001
2.229402e+003;1.157693e-001
2.229884e+003;1.157247e-001
2.230366e+003;1.156512e-001
2.230848e+003;1.155573e-001
2.231330e+003;1.154510e-001
2.231812e+003;1.153365e-001
2.232294e+003;1.152131e-001
2.232776e+003;1.150793e-001
2.233259e+003;1.149358e-001
2.233741e+003;1.147906e-001
2.234223e+003;1.146549e-001
2.234705e+003;1.145445e-001
2.235187e+003;1.144715e-001
2.235669e+003;1.144433e-001
2.236151e+003;1.144575e-001
2.236634e+003;1.145050e-001
2.237116e+003;1.145727e-001
2.237598e+003;1.146462e-001
2.238080e+003;1.147168e-001
2.238562e+003;1.147769e-001
2.239044e+003;1.148214e-001
2.239526e+003;1.148466e-001
2.240009e+003;1.148484e-001
2.240491e+003;1.148248e-001
2.240973e+003;1.147757e-001
2.241455e+003;1.147094e-001
2.241937e+003;1.146377e-001
2.242419e+003;1.145782e-001
2.242901e+003;1.145459e-001
2.243384e+003;1.145492e-001
2.243866e+003;1.145861e-001
2.244348e+003;1.146428e-001
2.244830e+003;1.146970e-001
2.245312e+003;1.147228e-001
2.245794e+003;1.146989e-001
2.246276e+003;1.146152e-001
2.246759e+003;1.144714e-001
2.247240e+003;1.142789e-001
2.247723e+003;1.140568e-001
2.248205e+003;1.138275e-001
2.248687e+003;1.136099e-001
2.249169e+003;1.134197e-001
2.249651e+003;1.132650e-001
2.250133e+003;1.131489e-001
2.250615e+003;1.130695e-001
2.251098e+003;1.130223e-001
2.251580e+003;1.130032e-001
2.252062e+003;1.130077e-001
2.252544e+003;1.130342e-001
2.253026e+003;1.130821e-001
2.253508e+003;1.131519e-001
2.253990e+003;1.132434e-001
2.254473e+003;1.133514e-001
2.254955e+003;1.134687e-001
2.255437e+003;1.135811e-001
2.255919e+003;1.136745e-001
2.256401e+003;1.137336e-001
2.256883e+003;1.137499e-001
2.257365e+003;1.137190e-001
2.257848e+003;1.136459e-001
2.258330e+003;1.135387e-001
2.258812e+003;1.134096e-001
2.259294e+003;1.132705e-001
2.259776e+003;1.131312e-001
2.260258e+003;1.129982e-001
2.260740e+003;1.128762e-001
2.261223e+003;1.127704e-001
2.261705e+003;1.126853e-001
2.262187e+003;1.126249e-001
2.262669e+003;1.125921e-001
2.263151e+003;1.125848e-001
2.263633e+003;1.125984e-001
2.264115e+003;1.126229e-001
2.264597e+003;1.126476e-001
2.265080e+003;1.126627e-001
2.265562e+003;1.126624e-001
2.266044e+003;1.126459e-001
2.266526e+003;1.126186e-001
2.267008e+003;1.125877e-001
2.267490e+003;1.125615e-001
2.267972e+003;1.125451e-001
2.268455e+003;1.125408e-001
2.268937e+003;1.125467e-001
2.269419e+003;1.125599e-001
2.269901e+003;1.125751e-001
2.270383e+003;1.125899e-001
2.270865e+003;1.126011e-001
2.271347e+003;1.126077e-001
2.271830e+003;1.126076e-001
2.272312e+003;1.125997e-001
2.272794e+003;1.125810e-001
2.273276e+003;1.125498e-001
2.273758e+003;1.125053e-001
2.274240e+003;1.124494e-001
2.274722e+003;1.123864e-001
2.275205e+003;1.123238e-001
2.275687e+003;1.122704e-001
2.276169e+003;1.122326e-001
2.276651e+003;1.122157e-001
2.277133e+003;1.122222e-001
2.277615e+003;1.122491e-001
2.278097e+003;1.122914e-001
2.278580e+003;1.123425e-001
2.279062e+003;1.123950e-001
2.279544e+003;1.124429e-001
2.280026e+003;1.124811e-001
2.280508e+003;1.125055e-001
2.280990e+003;1.125121e-001
2.281472e+003;1.124979e-001
2.281954e+003;1.124613e-001
2.282437e+003;1.124030e-001
2.282919e+003;1.123267e-001
2.283401e+003;1.122390e-001
2.283883e+003;1.121492e-001
2.284365e+003;1.120689e-001
2.284847e+003;1.120067e-001
2.285329e+003;1.119671e-001
2.285812e+003;1.119504e-001
2.286294e+003;1.119497e-001
2.286776e+003;1.119561e-001
2.287258e+003;1.119581e-001
2.287740e+003;1.119461e-001
2.288222e+003;1.119148e-001
2.288704e+003;1.118627e-001
2.289187e+003;1.117932e-001
2.289669e+003;1.117114e-001
2.290151e+003;1.116241e-001
2.290633e+003;1.115364e-001
2.291115e+003;1.114506e-001
2.291597e+003;1.113669e-001
2.292079e+003;1.112833e-001
2.292562e+003;1.111973e-001
2.293044e+003;1.111053e-001
2.293526e+003;1.110065e-001
2.294008e+003;1.109017e-001
2.294490e+003;1.107946e-001
2.294972e+003;1.106907e-001
2.295454e+003;1.105968e-001
2.295937e+003;1.105183e-001
2.296418e+003;1.104599e-001
2.296901e+003;1.104218e-001
2.297383e+003;1.104010e-001
2.297865e+003;1.103918e-001
2.298347e+003;1.103874e-001
2.298829e+003;1.103810e-001
2.299311e+003;1.103668e-001
2.299793e+003;1.103407e-001
2.300276e+003;1.103014e-001
2.300758e+003;1.102475e-001
2.301240e+003;1.101798e-001
2.301722e+003;1.100999e-001
2.302204e+003;1.100117e-001
2.302686e+003;1.099216e-001
2.303168e+003;1.098375e-001
2.303651e+003;1.097682e-001
2.304133e+003;1.097219e-001
2.304615e+003;1.097008e-001
2.305097e+003;1.097039e-001
2.305579e+003;1.097231e-001
2.306061e+003;1.097479e-001
2.306543e+003;1.097662e-001
2.307026e+003;1.097700e-001
2.307508e+003;1.097557e-001
2.307990e+003;1.097267e-001
2.308472e+003;1.096900e-001
2.308954e+003;1.096548e-001
2.309436e+003;1.096284e-001
2.309918e+003;1.096153e-001
2.310401e+003;1.096153e-001
2.310883e+003;1.096245e-001
2.311365e+003;1.096367e-001
2.311847e+003;1.096454e-001
2.312329e+003;1.096446e-001
2.312811e+003;1.096312e-001
2.313293e+003;1.096032e-001
2.313775e+003;1.095624e-001
2.314258e+003;1.095124e-001
2.314740e+003;1.094603e-001
2.315222e+003;1.094139e-001
2.315704e+003;1.093813e-001
2.316186e+003;1.093685e-001
2.316668e+003;1.093770e-001
2.317150e+003;1.094042e-001
2.317633e+003;1.094429e-001
2.318115e+003;1.094853e-001
2.318597e+003;1.095256e-001
2.319079e+003;1.095621e-001
2.319561e+003;1.095985e-001
2.320043e+003;1.096410e-001
2.320525e+003;1.096958e-001
2.321008e+003;1.097624e-001
2.321490e+003;1.098330e-001
2.321972e+003;1.098911e-001
2.322454e+003;1.099151e-001
2.322936e+003;1.098838e-001
2.323418e+003;1.097833e-001
2.323900e+003;1.096108e-001
2.324383e+003;1.093761e-001
2.324865e+003;1.090996e-001
2.325347e+003;1.088080e-001
2.325829e+003;1.085275e-001
2.326311e+003;1.082800e-001
2.326793e+003;1.080788e-001
2.327275e+003;1.079284e-001
2.327758e+003;1.078240e-001
2.328240e+003;1.077560e-001
2.328722e+003;1.077136e-001
2.329204e+003;1.076857e-001
2.329686e+003;1.076653e-001
2.330168e+003;1.076479e-001
2.330650e+003;1.076312e-001
2.331132e+003;1.076142e-001
2.331615e+003;1.075954e-001
2.332097e+003;1.075726e-001
2.332579e+003;1.075442e-001
2.333061e+003;1.075097e-001
2.333543e+003;1.074701e-001
2.334025e+003;1.074287e-001
2.334507e+003;1.073905e-001
2.334990e+003;1.073596e-001
2.335472e+003;1.073382e-001
2.335954e+003;1.073248e-001
2.336436e+003;1.073154e-001
2.336918e+003;1.073036e-001
2.337400e+003;1.072829e-001
2.337882e+003;1.072498e-001
2.338365e+003;1.072040e-001
2.338847e+003;1.071499e-001
2.339329e+003;1.070941e-001
2.339811e+003;1.070428e-001
2.340293e+003;1.070002e-001
2.340775e+003;1.069676e-001
2.341257e+003;1.069417e-001
2.341740e+003;1.069181e-001
2.342222e+003;1.068918e-001
2.342704e+003;1.068602e-001
2.343186e+003;1.068232e-001
2.343668e+003;1.067830e-001
2.344150e+003;1.067435e-001
2.344632e+003;1.067066e-001
2.345115e+003;1.066734e-001
2.345596e+003;1.066424e-001
2.346079e+003;1.066100e-001
2.346561e+003;1.065737e-001
2.347043e+003;1.065307e-001
2.347525e+003;1.064821e-001
2.348007e+003;1.064298e-001
2.348489e+003;1.063779e-001
2.348971e+003;1.063307e-001
2.349454e+003;1.062915e-001
2.349936e+003;1.062617e-001
2.350418e+003;1.062400e-001
2.350900e+003;1.062236e-001
2.351382e+003;1.062073e-001
2.351864e+003;1.061868e-001
2.352346e+003;1.061584e-001
2.352829e+003;1.061194e-001
2.353311e+003;1.060705e-001
2.353793e+003;1.060139e-001
2.354275e+003;1.059533e-001
2.354757e+003;1.058929e-001
2.355239e+003;1.058361e-001
2.355721e+003;1.057837e-001
2.356204e+003;1.057352e-001
2.356686e+003;1.056885e-001
2.357168e+003;1.056421e-001
2.357650e+003;1.055947e-001
2.358132e+003;1.055474e-001
2.358614e+003;1.055014e-001
2.359096e+003;1.054587e-001
2.359579e+003;1.054200e-001
2.360061e+003;1.053846e-001
2.360543e+003;1.053498e-001
2.361025e+003;1.053123e-001
2.361507e+003;1.052698e-001
2.361989e+003;1.052220e-001
2.362471e+003;1.051691e-001
2.362953e+003;1.051137e-001
2.363436e+003;1.050584e-001
2.363918e+003;1.050039e-001
2.364400e+003;1.049501e-001
2.364882e+003;1.048973e-001
2.365364e+003;1.048456e-001
2.365846e+003;1.047970e-001
2.366328e+003;1.047561e-001
2.366811e+003;1.047277e-001
2.367293e+003;1.047161e-001
2.367775e+003;1.047221e-001
2.368257e+003;1.047432e-001
2.368739e+003;1.047725e-001
2.369221e+003;1.048021e-001
2.369703e+003;1.048241e-001
2.370186e+003;1.048342e-001
2.370668e+003;1.048309e-001
2.371150e+003;1.048168e-001
2.371632e+003;1.047952e-001
2.372114e+003;1.047696e-001
2.372596e+003;1.047418e-001
2.373078e+003;1.047113e-001
2.373561e+003;1.046787e-001
2.374043e+003;1.046433e-001
2.374525e+003;1.046075e-001
2.375007e+003;1.045738e-001
2.375489e+003;1.045463e-001
2.375971e+003;1.045265e-001
2.376453e+003;1.045147e-001
2.376936e+003;1.045090e-001
2.377417e+003;1.045055e-001
2.377900e+003;1.045002e-001
2.378382e+003;1.044905e-001
2.378864e+003;1.044748e-001
2.379346e+003;1.044534e-001
2.379828e+003;1.044280e-001
2.380310e+003;1.044007e-001
2.380792e+003;1.043730e-001
2.381275e+003;1.043471e-001
2.381757e+003;1.043240e-001
2.382239e+003;1.043051e-001
2.382721e+003;1.042915e-001
2.383203e+003;1.042829e-001
2.383685e+003;1.042777e-001
2.384167e+003;1.042730e-001
2.384650e+003;1.042657e-001
2.385132e+003;1.042536e-001
2.385614e+003;1.042352e-001
2.386096e+003;1.042118e-001
2.386578e+003;1.041860e-001
2.387060e+003;1.041606e-001
2.387542e+003;1.041379e-001
2.388025e+003;1.041183e-001
2.388507e+003;1.041006e-001
2.388989e+003;1.040835e-001
2.389471e+003;1.040652e-001
2.389953e+003;1.040458e-001
2.390435e+003;1.040266e-001
2.390917e+003;1.040082e-001
2.391400e+003;1.039910e-001
2.391882e+003;1.039742e-001
2.392364e+003;1.039554e-001
2.392846e+003;1.039322e-001
2.393328e+003;1.039023e-001
2.393810e+003;1.038666e-001
2.394292e+003;1.038266e-001
2.394774e+003;1.037860e-001
2.395257e+003;1.037484e-001
2.395739e+003;1.037164e-001
2.396221e+003;1.036914e-001
2.396703e+003;1.036748e-001
2.397185e+003;1.036671e-001
2.397667e+003;1.036703e-001
2.398149e+003;1.036858e-001
2.398632e+003;1.037131e-001
2.399114e+003;1.037503e-001
2.399596e+003;1.037909e-001
2.400078e+003;1.038274e-001
2.400560e+003;1.038518e-001
2.401042e+003;1.038594e-001
2.401524e+003;1.038507e-001
2.402007e+003;1.038308e-001
2.402489e+003;1.038095e-001
2.402971e+003;1.037953e-001
2.403453e+003;1.037944e-001
2.403935e+003;1.038070e-001
2.404417e+003;1.038288e-001
2.404899e+003;1.038521e-001
2.405382e+003;1.038702e-001
2.405864e+003;1.038799e-001
2.406346e+003;1.038812e-001
2.406828e+003;1.038779e-001
2.407310e+003;1.038734e-001
2.407792e+003;1.038687e-001
2.408274e+003;1.038622e-001
2.408757e+003;1.038493e-001
2.409239e+003;1.038260e-001
2.409721e+003;1.037894e-001
2.410203e+003;1.037417e-001
2.410685e+003;1.036870e-001
2.411167e+003;1.036319e-001
2.411649e+003;1.035829e-001
2.412131e+003;1.035437e-001
2.412614e+003;1.035155e-001
2.413096e+003;1.034979e-001
2.413578e+003;1.034895e-001
2.414060e+003;1.034892e-001
2.414542e+003;1.034956e-001
2.415024e+003;1.035070e-001
2.415506e+003;1.035205e-001
2.415989e+003;1.035318e-001
2.416471e+003;1.035357e-001
2.416953e+003;1.035284e-001
2.417435e+003;1.035097e-001
2.417917e+003;1.034812e-001
2.418399e+003;1.034484e-001
2.418881e+003;1.034166e-001
2.419364e+003;1.033885e-001
2.419846e+003;1.033653e-001
2.420328e+003;1.033431e-001
2.420810e+003;1.033175e-001
2.421292e+003;1.032844e-001
2.421774e+003;1.032430e-001
2.422256e+003;1.031955e-001
2.422739e+003;1.031462e-001
2.423221e+003;1.031004e-001
2.423703e+003;1.030627e-001
2.424185e+003;1.030350e-001
2.424667e+003;1.030182e-001
2.425149e+003;1.030119e-001
2.425631e+003;1.030167e-001
2.426114e+003;1.030331e-001
2.426595e+003;1.030611e-001
2.427078e+003;1.030988e-001
2.427560e+003;1.031421e-001
2.428042e+003;1.031854e-001
2.428524e+003;1.032234e-001
2.429006e+003;1.032536e-001
2.429488e+003;1.032769e-001
2.429970e+003;1.032979e-001
2.430453e+003;1.033218e-001
2.430935e+003;1.033518e-001
2.431417e+003;1.033872e-001
2.431899e+003;1.034216e-001
2.432381e+003;1.034466e-001
2.432863e+003;1.034540e-001
2.433345e+003;1.034399e-001
2.433828e+003;1.034068e-001
2.434310e+003;1.033617e-001
2.434792e+003;1.033139e-001
2.435274e+003;1.032713e-001
2.435756e+003;1.032374e-001
2.436238e+003;1.032120e-001
2.436720e+003;1.031916e-001
2.437203e+003;1.031746e-001
2.437685e+003;1.031615e-001
2.438167e+003;1.031560e-001
2.438649e+003;1.031628e-001
2.439131e+003;1.031851e-001
2.439613e+003;1.032202e-001
2.440095e+003;1.032606e-001
2.440578e+003;1.032955e-001
2.441060e+003;1.033150e-001
2.441542e+003;1.033137e-001
2.442024e+003;1.032930e-001
2.442506e+003;1.032599e-001
2.442988e+003;1.032243e-001
2.443470e+003;1.031953e-001
2.443952e+003;1.031781e-001
2.444435e+003;1.031735e-001
2.444917e+003;1.031775e-001
2.445399e+003;1.031867e-001
2.445881e+003;1.031975e-001
2.446363e+003;1.032087e-001
2.446845e+003;1.032203e-001
2.447327e+003;1.032305e-001
2.447810e+003;1.032364e-001
2.448292e+003;1.032331e-001
2.448774e+003;1.032161e-001
2.449256e+003;1.031842e-001
2.449738e+003;1.031405e-001
2.450220e+003;1.030937e-001
2.450702e+003;1.030555e-001
2.451185e+003;1.030365e-001
2.451667e+003;1.030434e-001
2.452149e+003;1.030764e-001
2.452631e+003;1.031281e-001
2.453113e+003;1.031877e-001
2.453595e+003;1.032426e-001
2.454077e+003;1.032826e-001
2.454560e+003;1.033018e-001
2.455042e+003;1.032982e-001
2.455524e+003;1.032742e-001
2.456006e+003;1.032336e-001
2.456488e+003;1.031818e-001
2.456970e+003;1.031243e-001
2.457452e+003;1.030671e-001
2.457935e+003;1.030143e-001
2.458417e+003;1.029710e-001
2.458899e+003;1.029390e-001
2.459381e+003;1.029208e-001
2.459863e+003;1.029146e-001
2.460345e+003;1.029194e-001
2.460827e+003;1.029338e-001
2.461310e+003;1.029552e-001
2.461792e+003;1.029825e-001
2.462274e+003;1.030146e-001
2.462756e+003;1.030482e-001
2.463238e+003;1.030807e-001
2.463720e+003;1.031075e-001
2.464202e+003;1.031250e-001
2.464684e+003;1.031313e-001
2.465167e+003;1.031266e-001
2.465649e+003;1.031140e-001
2.466131e+003;1.030978e-001
2.466613e+003;1.030817e-001
2.467095e+003;1.030682e-001
2.467577e+003;1.030565e-001
2.468059e+003;1.030449e-001
2.468542e+003;1.030310e-001
2.469024e+003;1.030139e-001
2.469506e+003;1.029944e-001
2.469988e+003;1.029740e-001
2.470470e+003;1.029553e-001
2.470952e+003;1.029390e-001
2.471434e+003;1.029235e-001
2.471917e+003;1.029075e-001
2.472399e+003;1.028880e-001
2.472881e+003;1.028651e-001
2.473363e+003;1.028412e-001
2.473845e+003;1.028196e-001
2.474327e+003;1.028049e-001
2.474809e+003;1.027993e-001
2.475292e+003;1.028019e-001
2.475774e+003;1.028097e-001
2.476256e+003;1.028183e-001
2.476738e+003;1.028244e-001
2.477220e+003;1.028283e-001
2.477702e+003;1.028328e-001
2.478184e+003;1.028425e-001
2.478667e+003;1.028615e-001
2.479148e+003;1.028910e-001
2.479631e+003;1.029278e-001
2.480113e+003;1.029651e-001
2.480595e+003;1.029948e-001
2.481077e+003;1.030105e-001
2.481559e+003;1.030087e-001
2.482041e+003;1.029903e-001
2.482523e+003;1.029603e-001
2.483006e+003;1.029263e-001
2.483488e+003;1.028946e-001
2.483970e+003;1.028715e-001
2.484452e+003;1.028597e-001
2.484934e+003;1.028599e-001
2.485416e+003;1.028699e-001
2.485898e+003;1.028859e-001
2.486381e+003;1.029031e-001
2.486863e+003;1.029155e-001
2.487345e+003;1.029193e-001
2.487827e+003;1.029117e-001
2.488309e+003;1.028925e-001
2.488791e+003;1.028655e-001
2.489273e+003;1.028362e-001
2.489756e+003;1.028104e-001
2.490238e+003;1.027942e-001
2.490720e+003;1.027906e-001
2.491202e+003;1.027986e-001
2.491684e+003;1.028148e-001
2.492166e+003;1.028334e-001
2.492648e+003;1.028492e-001
2.493131e+003;1.028580e-001
2.493613e+003;1.028587e-001
2.494095e+003;1.028519e-001
2.494577e+003;1.028406e-001
2.495059e+003;1.028268e-001
2.495541e+003;1.028134e-001
2.496023e+003;1.028014e-001
2.496505e+003;1.027917e-001
2.496988e+003;1.027846e-001
2.497470e+003;1.027801e-001
2.497952e+003;1.027792e-001
2.498434e+003;1.027825e-001
2.498916e+003;1.027905e-001
2.499398e+003;1.028042e-001
2.499880e+003;1.028241e-001
2.500363e+003;1.028503e-001
2.500845e+003;1.028828e-001
2.501327e+003;1.029194e-001
2.501809e+003;1.029581e-001
2.502291e+003;1.029941e-001
2.502773e+003;1.030227e-001
2.503255e+003;1.030387e-001
2.503738e+003;1.030391e-001
2.504220e+003;1.030214e-001
2.504702e+003;1.029882e-001
2.505184e+003;1.029426e-001
2.505666e+003;1.028906e-001
2.506148e+003;1.028397e-001
2.506630e+003;1.027961e-001
2.507113e+003;1.027656e-001
2.507595e+003;1.027516e-001
2.508077e+003;1.027563e-001
2.508559e+003;1.027803e-001
2.509041e+003;1.028225e-001
2.509523e+003;1.028802e-001
2.510005e+003;1.029498e-001
2.510488e+003;1.030258e-001
2.510969e+003;1.031024e-001
2.511452e+003;1.031734e-001
2.511934e+003;1.032336e-001
2.512416e+003;1.032775e-001
2.512898e+003;1.033017e-001
2.513380e+003;1.033047e-001
2.513862e+003;1.032864e-001
2.514344e+003;1.032493e-001
2.514827e+003;1.031969e-001
2.515309e+003;1.031346e-001
2.515791e+003;1.030675e-001
2.516273e+003;1.030012e-001
2.516755e+003;1.029395e-001
2.517237e+003;1.028847e-001
2.517719e+003;1.028379e-001
2.518202e+003;1.027986e-001
2.518684e+003;1.027659e-001
2.519166e+003;1.027390e-001
2.519648e+003;1.027181e-001
2.520130e+003;1.027038e-001
2.520612e+003;1.026976e-001
2.521094e+003;1.027012e-001
2.521577e+003;1.027166e-001
2.522059e+003;1.027439e-001
2.522541e+003;1.027823e-001
2.523023e+003;1.028286e-001
2.523505e+003;1.028783e-001
2.523987e+003;1.029252e-001
2.524469e+003;1.029624e-001
2.524952e+003;1.029840e-001
2.525434e+003;1.029872e-001
2.525916e+003;1.029727e-001
2.526398e+003;1.029450e-001
2.526880e+003;1.029126e-001
2.527362e+003;1.028841e-001
2.527844e+003;1.028671e-001
2.528326e+003;1.028658e-001
2.528809e+003;1.028782e-001
2.529291e+003;1.028986e-001
2.529773e+003;1.029190e-001
2.530255e+003;1.029305e-001
2.530737e+003;1.029278e-001
2.531219e+003;1.029096e-001
2.531701e+003;1.028786e-001
2.532184e+003;1.028408e-001
2.532666e+003;1.028039e-001
2.533148e+003;1.027740e-001
2.533630e+003;1.027568e-001
2.534112e+003;1.027560e-001
2.534594e+003;1.027744e-001
2.535076e+003;1.028124e-001
2.535559e+003;1.028697e-001
2.536041e+003;1.029429e-001
2.536523e+003;1.030263e-001
2.537005e+003;1.031121e-001
2.537487e+003;1.031910e-001
2.537969e+003;1.032549e-001
2.538451e+003;1.032969e-001
2.538934e+003;1.033164e-001
2.539416e+003;1.033154e-001
2.539898e+003;1.033006e-001
2.540380e+003;1.032787e-001
2.540862e+003;1.032567e-001
2.541344e+003;1.032384e-001
2.541826e+003;1.032241e-001
2.542309e+003;1.032116e-001
2.542791e+003;1.031960e-001
2.543273e+003;1.031733e-001
2.543755e+003;1.031406e-001
2.544237e+003;1.030983e-001
2.544719e+003;1.030498e-001
2.545201e+003;1.030019e-001
2.545683e+003;1.029622e-001
2.546166e+003;1.029392e-001
2.546648e+003;1.029380e-001
2.547130e+003;1.029602e-001
2.547612e+003;1.030007e-001
2.548094e+003;1.030507e-001
2.548576e+003;1.030991e-001
2.549058e+003;1.031354e-001
2.549541e+003;1.031530e-001
2.550023e+003;1.031519e-001
2.550505e+003;1.031384e-001
2.550987e+003;1.031231e-001
2.551469e+003;1.031163e-001
2.551951e+003;1.031252e-001
2.552433e+003;1.031523e-001
2.552916e+003;1.031930e-001
2.553398e+003;1.032380e-001
2.553880e+003;1.032774e-001
2.554362e+003;1.033037e-001
2.554844e+003;1.033144e-001
2.555326e+003;1.033117e-001
2.555808e+003;1.033008e-001
2.556291e+003;1.032889e-001
2.556773e+003;1.032803e-001
2.557255e+003;1.032771e-001
2.557737e+003;1.032776e-001
2.558219e+003;1.032789e-001
2.558701e+003;1.032767e-001
2.559183e+003;1.032673e-001
2.559666e+003;1.032502e-001
2.560147e+003;1.032247e-001
2.560630e+003;1.031923e-001
2.561112e+003;1.031558e-001
2.561594e+003;1.031181e-001
2.562076e+003;1.030832e-001
2.562558e+003;1.030553e-001
2.563040e+003;1.030401e-001
2.563522e+003;1.030421e-001
2.564005e+003;1.030654e-001
2.564487e+003;1.031104e-001
2.564969e+003;1.031747e-001
2.565451e+003;1.032513e-001
2.565933e+003;1.033305e-001
2.566415e+003;1.034005e-001
2.566897e+003;1.034515e-001
2.567380e+003;1.034769e-001
2.567862e+003;1.034756e-001
2.568344e+003;1.034528e-001
2.568826e+003;1.034184e-001
2.569308e+003;1.033834e-001
2.569790e+003;1.033589e-001
2.570272e+003;1.033508e-001
2.570755e+003;1.033596e-001
2.571237e+003;1.033811e-001
2.571719e+003;1.034079e-001
2.572201e+003;1.034331e-001
2.572683e+003;1.034533e-001
2.573165e+003;1.034682e-001
2.573647e+003;1.034831e-001
2.574130e+003;1.035027e-001
2.574612e+003;1.035307e-001
2.575094e+003;1.035674e-001
2.575576e+003;1.036083e-001
2.576058e+003;1.036461e-001
2.576540e+003;1.036732e-001
2.577022e+003;1.036853e-001
2.577504e+003;1.036810e-001
2.577987e+003;1.036640e-001
2.578469e+003;1.036401e-001
2.578951e+003;1.036156e-001
2.579433e+003;1.035948e-001
2.579915e+003;1.035800e-001
2.580397e+003;1.035717e-001
2.580879e+003;1.035703e-001
2.581362e+003;1.035753e-001
2.581844e+003;1.035871e-001
2.582326e+003;1.036066e-001
2.582808e+003;1.036331e-001
2.583290e+003;1.036647e-001
2.583772e+003;1.036988e-001
2.584254e+003;1.037318e-001
2.584737e+003;1.037614e-001
2.585219e+003;1.037872e-001
2.585701e+003;1.038108e-001
2.586183e+003;1.038336e-001
2.586665e+003;1.038572e-001
2.587147e+003;1.038819e-001
2.587629e+003;1.039066e-001
2.588112e+003;1.039304e-001
2.588594e+003;1.039537e-001
2.589076e+003;1.039792e-001
2.589558e+003;1.040108e-001
2.590040e+003;1.040523e-001
2.590522e+003;1.041046e-001
2.591004e+003;1.041644e-001
2.591487e+003;1.042237e-001
2.591969e+003;1.042721e-001
2.592451e+003;1.043001e-001
2.592933e+003;1.043026e-001
2.593415e+003;1.042808e-001
2.593897e+003;1.042422e-001
2.594379e+003;1.041986e-001
2.594861e+003;1.041613e-001
2.595344e+003;1.041390e-001
2.595826e+003;1.041355e-001
2.596308e+003;1.041490e-001
2.596790e+003;1.041750e-001
2.597272e+003;1.042074e-001
2.597754e+003;1.042425e-001
2.598236e+003;1.042794e-001
2.598719e+003;1.043189e-001
2.599201e+003;1.043638e-001
2.599683e+003;1.044162e-001
2.600165e+003;1.044762e-001
2.600647e+003;1.045423e-001
2.601129e+003;1.046109e-001
2.601611e+003;1.046768e-001
2.602094e+003;1.047352e-001
2.602576e+003;1.047824e-001
2.603058e+003;1.048150e-001
2.603540e+003;1.048331e-001
2.604022e+003;1.048388e-001
2.604504e+003;1.048366e-001
2.604986e+003;1.048326e-001
2.605469e+003;1.048322e-001
2.605951e+003;1.048409e-001
2.606433e+003;1.048600e-001
2.606915e+003;1.048873e-001
2.607397e+003;1.049176e-001
2.607879e+003;1.049447e-001
2.608361e+003;1.049630e-001
2.608844e+003;1.049701e-001
2.609325e+003;1.049663e-001
2.609808e+003;1.049563e-001
2.610290e+003;1.049451e-001
2.610772e+003;1.049388e-001
2.611254e+003;1.049390e-001
2.611736e+003;1.049467e-001
2.612218e+003;1.049606e-001
2.612700e+003;1.049786e-001
2.613183e+003;1.050014e-001
2.613665e+003;1.050308e-001
2.614147e+003;1.050710e-001
2.614629e+003;1.051264e-001
2.615111e+003;1.051996e-001
2.615593e+003;1.052883e-001
2.616075e+003;1.053872e-001
2.616558e+003;1.054884e-001
2.617040e+003;1.055814e-001
2.617522e+003;1.056590e-001
2.618004e+003;1.057165e-001
2.618486e+003;1.057545e-001
2.618968e+003;1.057768e-001
2.619450e+003;1.057889e-001
2.619933e+003;1.057967e-001
2.620415e+003;1.058034e-001
2.620897e+003;1.058110e-001
2.621379e+003;1.058177e-001
2.621861e+003;1.058226e-001
2.622343e+003;1.058247e-001
2.622825e+003;1.058257e-001
2.623308e+003;1.058292e-001
2.623790e+003;1.058390e-001
2.624272e+003;1.058597e-001
2.624754e+003;1.058932e-001
2.625236e+003;1.059383e-001
2.625718e+003;1.059910e-001
2.626200e+003;1.060450e-001
2.626682e+003;1.060932e-001
2.627165e+003;1.061306e-001
2.627647e+003;1.061542e-001
2.628129e+003;1.061643e-001
2.628611e+003;1.061649e-001
2.629093e+003;1.061608e-001
2.629575e+003;1.061587e-001
2.630057e+003;1.061627e-001
2.630540e+003;1.061759e-001
2.631022e+003;1.061975e-001
2.631504e+003;1.062258e-001
2.631986e+003;1.062572e-001
2.632468e+003;1.062881e-001
2.632950e+003;1.063167e-001
2.633432e+003;1.063435e-001
2.633915e+003;1.063707e-001
2.634397e+003;1.064014e-001
2.634879e+003;1.064391e-001
2.635361e+003;1.064852e-001
2.635843e+003;1.065392e-001
2.636325e+003;1.065988e-001
2.636807e+003;1.066590e-001
2.637290e+003;1.067162e-001
2.637772e+003;1.067680e-001
2.638254e+003;1.068129e-001
2.638736e+003;1.068520e-001
2.639218e+003;1.068868e-001
2.639700e+003;1.069190e-001
2.640182e+003;1.069485e-001
2.640665e+003;1.069744e-001
2.641146e+003;1.069952e-001
2.641629e+003;1.070108e-001
2.642111e+003;1.070226e-001
2.642593e+003;1.070345e-001
2.643075e+003;1.070519e-001
2.643557e+003;1.070800e-001
2.644039e+003;1.071231e-001
2.644521e+003;1.071811e-001
2.645004e+003;1.072517e-001
2.645486e+003;1.073287e-001
2.645968e+003;1.074060e-001
2.646450e+003;1.074780e-001
2.646932e+003;1.075406e-001
2.647414e+003;1.075930e-001
2.647896e+003;1.076361e-001
2.648379e+003;1.076720e-001
2.648861e+003;1.077028e-001
2.649343e+003;1.077305e-001
2.649825e+003;1.077555e-001
2.650307e+003;1.077787e-001
2.650789e+003;1.078002e-001
2.651271e+003;1.078201e-001
2.651754e+003;1.078391e-001
2.652236e+003;1.078582e-001
2.652718e+003;1.078774e-001
2.653200e+003;1.078975e-001
2.653682e+003;1.079190e-001
2.654164e+003;1.079426e-001
2.654646e+003;1.079689e-001
2.655129e+003;1.079991e-001
2.655611e+003;1.080328e-001
2.656093e+003;1.080699e-001
2.656575e+003;1.081077e-001
2.657057e+003;1.081440e-001
2.657539e+003;1.081758e-001
2.658021e+003;1.082018e-001
2.658503e+003;1.082211e-001
2.658986e+003;1.082342e-001
2.659468e+003;1.082432e-001
2.659950e+003;1.082496e-001
2.660432e+003;1.082557e-001
2.660914e+003;1.082616e-001
2.661396e+003;1.082665e-001
2.661878e+003;1.082695e-001
2.662361e+003;1.082691e-001
2.662843e+003;1.082640e-001
2.663325e+003;1.082555e-001
2.663807e+003;1.082449e-001
2.664289e+003;1.082351e-001
2.664771e+003;1.082286e-001
2.665253e+003;1.082293e-001
2.665736e+003;1.082385e-001
2.666218e+003;1.082569e-001
2.666700e+003;1.082842e-001
2.667182e+003;1.083189e-001
2.667664e+003;1.083588e-001
2.668146e+003;1.084020e-001
2.668628e+003;1.084475e-001
2.669111e+003;1.084944e-001
2.669593e+003;1.085439e-001
2.670075e+003;1.085972e-001
2.670557e+003;1.086562e-001
2.671039e+003;1.087214e-001
2.671521e+003;1.087940e-001
2.672003e+003;1.088720e-001
2.672486e+003;1.089538e-001
2.672968e+003;1.090358e-001
2.673450e+003;1.091148e-001
2.673932e+003;1.091871e-001
2.674414e+003;1.092507e-001
2.674896e+003;1.093044e-001
2.675378e+003;1.093482e-001
2.675860e+003;1.093846e-001
2.676343e+003;1.094164e-001
2.676825e+003;1.094471e-001
2.677307e+003;1.094801e-001
2.677789e+003;1.095172e-001
2.678271e+003;1.095606e-001
2.678753e+003;1.096091e-001
2.679235e+003;1.096622e-001
2.679718e+003;1.097189e-001
2.680200e+003;1.097782e-001
2.680682e+003;1.098404e-001
2.681164e+003;1.099060e-001
2.681646e+003;1.099752e-001
2.682128e+003;1.100476e-001
2.682610e+003;1.101216e-001
2.683093e+003;1.101944e-001
2.683575e+003;1.102632e-001
2.684057e+003;1.103255e-001
2.684539e+003;1.103801e-001
2.685021e+003;1.104271e-001
2.685503e+003;1.104684e-001
2.685985e+003;1.105052e-001
2.686468e+003;1.105397e-001
2.686950e+003;1.105729e-001
2.687432e+003;1.106062e-001
2.687914e+003;1.106412e-001
2.688396e+003;1.106799e-001
2.688878e+003;1.107249e-001
2.689360e+003;1.107784e-001
2.689843e+003;1.108417e-001
2.690324e+003;1.109125e-001
2.690807e+003;1.109870e-001
2.691289e+003;1.110594e-001
2.691771e+003;1.111241e-001
2.692253e+003;1.111783e-001
2.692735e+003;1.112223e-001
2.693217e+003;1.112595e-001
2.693699e+003;1.112957e-001
2.694182e+003;1.113359e-001
2.694664e+003;1.113831e-001
2.695146e+003;1.114373e-001
2.695628e+003;1.114953e-001
2.696110e+003;1.115532e-001
2.696592e+003;1.116075e-001
2.697074e+003;1.116564e-001
2.697557e+003;1.117006e-001
2.698039e+003;1.117430e-001
2.698521e+003;1.117859e-001
2.699003e+003;1.118313e-001
2.699485e+003;1.118793e-001
2.699967e+003;1.119285e-001
2.700449e+003;1.119781e-001
2.700932e+003;1.120277e-001
2.701414e+003;1.120783e-001
2.701896e+003;1.121320e-001
2.702378e+003;1.121918e-001
2.702860e+003;1.122592e-001
2.703342e+003;1.123349e-001
2.703824e+003;1.124173e-001
2.704307e+003;1.125040e-001
2.704789e+003;1.125912e-001
2.705271e+003;1.126758e-001
2.705753e+003;1.127548e-001
2.706235e+003;1.128265e-001
2.706717e+003;1.128906e-001
2.707199e+003;1.129458e-001
2.707681e+003;1.129933e-001
2.708164e+003;1.130351e-001
2.708646e+003;1.130728e-001
2.709128e+003;1.131096e-001
2.709610e+003;1.131484e-001
2.710092e+003;1.131915e-001
2.710574e+003;1.132398e-001
2.711056e+003;1.132936e-001
2.711539e+003;1.133516e-001
2.712021e+003;1.134127e-001
2.712503e+003;1.134747e-001
2.712985e+003;1.135364e-001
2.713467e+003;1.135971e-001
2.713949e+003;1.136559e-001
2.714431e+003;1.137135e-001
2.714914e+003;1.137703e-001
2.715396e+003;1.138282e-001
2.715878e+003;1.138893e-001
2.716360e+003;1.139559e-001
2.716842e+003;1.140300e-001
2.717324e+003;1.141125e-001
2.717806e+003;1.142020e-001
2.718289e+003;1.142962e-001
2.718771e+003;1.143906e-001
2.719253e+003;1.144821e-001
2.719735e+003;1.145674e-001
2.720217e+003;1.146461e-001
2.720699e+003;1.147194e-001
2.721181e+003;1.147906e-001
2.721664e+003;1.148629e-001
2.722146e+003;1.149393e-001
2.722628e+003;1.150215e-001
2.723110e+003;1.151087e-001
2.723592e+003;1.151995e-001
2.724074e+003;1.152910e-001
2.724556e+003;1.153809e-001
2.725038e+003;1.154669e-001
2.725521e+003;1.155473e-001
2.726003e+003;1.156215e-001
2.726485e+003;1.156901e-001
2.726967e+003;1.157542e-001
2.727449e+003;1.158155e-001
2.727931e+003;1.158760e-001
2.728413e+003;1.159371e-001
2.728896e+003;1.160002e-001
2.729378e+003;1.160651e-001
2.729860e+003;1.161316e-001
2.730342e+003;1.161991e-001
2.730824e+003;1.162669e-001
2.731306e+003;1.163346e-001
2.731788e+003;1.164022e-001
2.732271e+003;1.164691e-001
2.732753e+003;1.165346e-001
2.733235e+003;1.165970e-001
2.733717e+003;1.166557e-001
2.734199e+003;1.167103e-001
2.734681e+003;1.167620e-001
2.735163e+003;1.168142e-001
2.735646e+003;1.168711e-001
2.736128e+003;1.169359e-001
2.736610e+003;1.170105e-001
2.737092e+003;1.170935e-001
2.737574e+003;1.171810e-001
2.738056e+003;1.172677e-001
2.738538e+003;1.173478e-001
2.739021e+003;1.174190e-001
2.739502e+003;1.174817e-001
2.739985e+003;1.175396e-001
2.740467e+003;1.175980e-001
2.740949e+003;1.176616e-001
2.741431e+003;1.177332e-001
2.741913e+003;1.178125e-001
2.742395e+003;1.178974e-001
2.742877e+003;1.179853e-001
2.743360e+003;1.180736e-001
2.743842e+003;1.181614e-001
2.744324e+003;1.182492e-001
2.744806e+003;1.183386e-001
2.745288e+003;1.184288e-001
2.745770e+003;1.185198e-001
2.746252e+003;1.186093e-001
2.746735e+003;1.186949e-001
2.747217e+003;1.187750e-001
2.747699e+003;1.188494e-001
2.748181e+003;1.189194e-001
2.748663e+003;1.189879e-001
2.749145e+003;1.190575e-001
2.749627e+003;1.191306e-001
2.750110e+003;1.192084e-001
2.750592e+003;1.192914e-001
2.751074e+003;1.193786e-001
2.751556e+003;1.194695e-001
2.752038e+003;1.195634e-001
2.752520e+003;1.196597e-001
2.753002e+003;1.197574e-001
2.753485e+003;1.198564e-001
2.753967e+003;1.199558e-001
2.754449e+003;1.200545e-001
2.754931e+003;1.201514e-001
2.755413e+003;1.202459e-001
2.755895e+003;1.203371e-001
2.756377e+003;1.204238e-001
2.756859e+003;1.205061e-001
2.757342e+003;1.205846e-001
2.757824e+003;1.206610e-001
2.758306e+003;1.207382e-001
2.758788e+003;1.208193e-001
2.759270e+003;1.209077e-001
2.759752e+003;1.210045e-001
2.760234e+003;1.211099e-001
2.760717e+003;1.212207e-001
2.761199e+003;1.213331e-001
2.761681e+003;1.214434e-001
2.762163e+003;1.215502e-001
2.762645e+003;1.216542e-001
2.763127e+003;1.217588e-001
2.763609e+003;1.218686e-001
2.764092e+003;1.219870e-001
2.764574e+003;1.221142e-001
2.765056e+003;1.222488e-001
2.765538e+003;1.223855e-001
2.766020e+003;1.225189e-001
2.766502e+003;1.226440e-001
2.766984e+003;1.227587e-001
2.767467e+003;1.228634e-001
2.767949e+003;1.229594e-001
2.768431e+003;1.230510e-001
2.768913e+003;1.231398e-001
2.769395e+003;1.232282e-001
2.769877e+003;1.233174e-001
2.770359e+003;1.234082e-001
2.770841e+003;1.235023e-001
2.771323e+003;1.236013e-001
2.771806e+003;1.237073e-001
2.772288e+003;1.238205e-001
2.772770e+003;1.239399e-001
2.773252e+003;1.240632e-001
2.773734e+003;1.241880e-001
2.774216e+003;1.243108e-001
2.774698e+003;1.244302e-001
2.775181e+003;1.245459e-001
2.775663e+003;1.246594e-001
2.776145e+003;1.247724e-001
2.776627e+003;1.248864e-001
2.777109e+003;1.250033e-001
2.777591e+003;1.251230e-001
2.778073e+003;1.252457e-001
2.778556e+003;1.253706e-001
2.779038e+003;1.254971e-001
2.779520e+003;1.256239e-001
2.780002e+003;1.257501e-001
2.780484e+003;1.258736e-001
2.780966e+003;1.259930e-001
2.781448e+003;1.261072e-001
2.781931e+003;1.262159e-001
2.782413e+003;1.263205e-001
2.782895e+003;1.264232e-001
2.783377e+003;1.265275e-001
2.783859e+003;1.266355e-001
2.784341e+003;1.267489e-001
2.784823e+003;1.268685e-001
2.785305e+003;1.269934e-001
2.785788e+003;1.271226e-001
2.786270e+003;1.272550e-001
2.786752e+003;1.273893e-001
2.787234e+003;1.275261e-001
2.787716e+003;1.276649e-001
2.788198e+003;1.278055e-001
2.788680e+003;1.279466e-001
2.789163e+003;1.280868e-001
2.789645e+003;1.282235e-001
2.790127e+003;1.283550e-001
2.790609e+003;1.284792e-001
2.791091e+003;1.285958e-001
2.791573e+003;1.287051e-001
2.792055e+003;1.288082e-001
2.792538e+003;1.289081e-001
2.793020e+003;1.290071e-001
2.793502e+003;1.291082e-001
2.793984e+003;1.292145e-001
2.794466e+003;1.293277e-001
2.794948e+003;1.294487e-001
2.795430e+003;1.295775e-001
2.795913e+003;1.297132e-001
2.796395e+003;1.298542e-001
2.796877e+003;1.299999e-001
2.797359e+003;1.301489e-001
2.797841e+003;1.303010e-001
2.798323e+003;1.304565e-001
2.798805e+003;1.306151e-001
2.799288e+003;1.307768e-001
2.799770e+003;1.309417e-001
2.800252e+003;1.311092e-001
2.800734e+003;1.312793e-001
2.801216e+003;1.314513e-001
2.801698e+003;1.316247e-001
2.802180e+003;1.317980e-001
2.802662e+003;1.319691e-001
2.803145e+003;1.321354e-001
2.803627e+003;1.322941e-001
2.804109e+003;1.324443e-001
2.804591e+003;1.325855e-001
2.805073e+003;1.327200e-001
2.805555e+003;1.328506e-001
2.806037e+003;1.329816e-001
2.806520e+003;1.331152e-001
2.807002e+003;1.332536e-001
2.807484e+003;1.333962e-001
2.807966e+003;1.335413e-001
2.808448e+003;1.336870e-001
2.808930e+003;1.338333e-001
2.809412e+003;1.339805e-001
2.809895e+003;1.341307e-001
2.810377e+003;1.342875e-001
2.810859e+003;1.344538e-001
2.811341e+003;1.346311e-001
2.811823e+003;1.348200e-001
2.812305e+003;1.350179e-001
2.812787e+003;1.352220e-001
2.813270e+003;1.354279e-001
2.813752e+003;1.356308e-001
2.814234e+003;1.358273e-001
2.814716e+003;1.360150e-001
2.815198e+003;1.361930e-001
2.815680e+003;1.363625e-001
2.816162e+003;1.365268e-001
2.816645e+003;1.366899e-001
2.817126e+003;1.368563e-001
2.817609e+003;1.370295e-001
2.818091e+003;1.372120e-001
2.818573e+003;1.374031e-001
2.819055e+003;1.376013e-001
2.819537e+003;1.378028e-001
2.820019e+003;1.380043e-001
2.820501e+003;1.382028e-001
2.820984e+003;1.383965e-001
2.821466e+003;1.385847e-001
2.821948e+003;1.387688e-001
2.822430e+003;1.389502e-001
2.822912e+003;1.391306e-001
2.823394e+003;1.393124e-001
2.823876e+003;1.394972e-001
2.824359e+003;1.396855e-001
2.824841e+003;1.398775e-001
2.825323e+003;1.400719e-001
2.825805e+003;1.402667e-001
2.826287e+003;1.404613e-001
2.826769e+003;1.406548e-001
2.827251e+003;1.408473e-001
2.827734e+003;1.410415e-001
2.828216e+003;1.412394e-001
2.828698e+003;1.414441e-001
2.829180e+003;1.416555e-001
2.829662e+003;1.418740e-001
2.830144e+003;1.420975e-001
2.830626e+003;1.423232e-001
2.831109e+003;1.425496e-001
2.831591e+003;1.427758e-001
2.832073e+003;1.430024e-001
2.832555e+003;1.432308e-001
2.833037e+003;1.434609e-001
2.833519e+003;1.436922e-001
2.834001e+003;1.439229e-001
2.834483e+003;1.441506e-001
2.834966e+003;1.443758e-001
2.835448e+003;1.445996e-001
2.835930e+003;1.448265e-001
2.836412e+003;1.450621e-001
2.836894e+003;1.453110e-001
2.837376e+003;1.455753e-001
2.837858e+003;1.458528e-001
2.838341e+003;1.461404e-001
2.838823e+003;1.464335e-001
2.839305e+003;1.467292e-001
2.839787e+003;1.470283e-001
2.840269e+003;1.473346e-001
2.840751e+003;1.476527e-001
2.841233e+003;1.479867e-001
2.841716e+003;1.483369e-001
2.842198e+003;1.487013e-001
2.842680e+003;1.490756e-001
2.843162e+003;1.494556e-001
2.843644e+003;1.498415e-001
2.844126e+003;1.502361e-001
2.844608e+003;1.506468e-001
2.845091e+003;1.510804e-001
2.845573e+003;1.515415e-001
2.846055e+003;1.520281e-001
2.846537e+003;1.525323e-001
2.847019e+003;1.530397e-001
2.847501e+003;1.535326e-001
2.847983e+003;1.539941e-001
2.848466e+003;1.544083e-001
2.848948e+003;1.547645e-001
2.849430e+003;1.550549e-001
2.849912e+003;1.552785e-001
2.850394e+003;1.554378e-001
2.850876e+003;1.555400e-001
2.851358e+003;1.555976e-001
2.851840e+003;1.556256e-001
2.852323e+003;1.556413e-001
2.852805e+003;1.556603e-001
2.853287e+003;1.556944e-001
2.853769e+003;1.557498e-001
2.854251e+003;1.558264e-001
2.854733e+003;1.559190e-001
2.855215e+003;1.560194e-001
2.855698e+003;1.561206e-001
2.856180e+003;1.562174e-001
2.856662e+003;1.563097e-001
2.857144e+003;1.563995e-001
2.857626e+003;1.564930e-001
2.858108e+003;1.565965e-001
2.858590e+003;1.567161e-001
2.859073e+003;1.568564e-001
2.859555e+003;1.570196e-001
2.860037e+003;1.572052e-001
2.860519e+003;1.574106e-001
2.861001e+003;1.576329e-001
2.861483e+003;1.578674e-001
2.861965e+003;1.581116e-001
2.862448e+003;1.583630e-001
2.862930e+003;1.586210e-001
2.863412e+003;1.588859e-001
2.863894e+003;1.591571e-001
2.864376e+003;1.594327e-001
2.864858e+003;1.597091e-001
2.865340e+003;1.599803e-001
2.865823e+003;1.602424e-001
2.866304e+003;1.604924e-001
2.866787e+003;1.607323e-001
2.867269e+003;1.609687e-001
2.867751e+003;1.612122e-001
2.868233e+003;1.614722e-001
2.868715e+003;1.617557e-001
2.869197e+003;1.620637e-001
2.869679e+003;1.623901e-001
2.870162e+003;1.627236e-001
2.870644e+003;1.630510e-001
2.871126e+003;1.633614e-001
2.871608e+003;1.636481e-001
2.872090e+003;1.639120e-001
2.872572e+003;1.641586e-001
2.873054e+003;1.643976e-001
2.873537e+003;1.646383e-001
2.874019e+003;1.648872e-001
2.874501e+003;1.651473e-001
2.874983e+003;1.654169e-001
2.875465e+003;1.656913e-001
2.875947e+003;1.659659e-001
2.876429e+003;1.662366e-001
2.876912e+003;1.665008e-001
2.877394e+003;1.667610e-001
2.877876e+003;1.670203e-001
2.878358e+003;1.672834e-001
2.878840e+003;1.675553e-001
2.879322e+003;1.678388e-001
2.879804e+003;1.681341e-001
2.880287e+003;1.684385e-001
2.880769e+003;1.687474e-001
2.881251e+003;1.690550e-001
2.881733e+003;1.693576e-001
2.882215e+003;1.696532e-001
2.882697e+003;1.699416e-001
2.883179e+003;1.702245e-001
2.883661e+003;1.705055e-001
2.884144e+003;1.707861e-001
2.884626e+003;1.710690e-001
2.885108e+003;1.713547e-001
2.885590e+003;1.716440e-001
2.886072e+003;1.719379e-001
2.886554e+003;1.722374e-001
2.887036e+003;1.725443e-001
2.887519e+003;1.728592e-001
2.888001e+003;1.731818e-001
2.888483e+003;1.735093e-001
2.888965e+003;1.738374e-001
2.889447e+003;1.741615e-001
2.889929e+003;1.744771e-001
2.890411e+003;1.747823e-001
2.890894e+003;1.750773e-001
2.891376e+003;1.753633e-001
2.891858e+003;1.756446e-001
2.892340e+003;1.759245e-001
2.892822e+003;1.762066e-001
2.893304e+003;1.764928e-001
2.893786e+003;1.767866e-001
2.894269e+003;1.770894e-001
2.894751e+003;1.774044e-001
2.895233e+003;1.777341e-001
2.895715e+003;1.780811e-001
2.896197e+003;1.784473e-001
2.896679e+003;1.788336e-001
2.897161e+003;1.792406e-001
2.897644e+003;1.796683e-001
2.898125e+003;1.801158e-001
2.898608e+003;1.805816e-001
2.899090e+003;1.810633e-001
2.899572e+003;1.815563e-001
2.900054e+003;1.820547e-001
2.900536e+003;1.825518e-001
2.901018e+003;1.830408e-001
2.901500e+003;1.835167e-001
2.901983e+003;1.839774e-001
2.902465e+003;1.844230e-001
2.902947e+003;1.848561e-001
2.903429e+003;1.852807e-001
2.903911e+003;1.857002e-001
2.904393e+003;1.861178e-001
2.904875e+003;1.865361e-001
2.905358e+003;1.869574e-001
2.905840e+003;1.873846e-001
2.906322e+003;1.878202e-001
2.906804e+003;1.882674e-001
2.907286e+003;1.887298e-001
2.907768e+003;1.892092e-001
2.908250e+003;1.897061e-001
2.908733e+003;1.902205e-001
2.909215e+003;1.907521e-001
2.909697e+003;1.912999e-001
2.910179e+003;1.918644e-001
2.910661e+003;1.924455e-001
2.911143e+003;1.930441e-001
2.911625e+003;1.936596e-001
2.912108e+003;1.942893e-001
2.912590e+003;1.949280e-001
2.913072e+003;1.955681e-001
2.913554e+003;1.961993e-001
2.914036e+003;1.968100e-001
2.914518e+003;1.973892e-001
2.915000e+003;1.979277e-001
2.915482e+003;1.984195e-001
2.915965e+003;1.988625e-001
2.916447e+003;1.992592e-001
2.916929e+003;1.996161e-001
2.917411e+003;1.999422e-001
2.917893e+003;2.002468e-001
2.918375e+003;2.005374e-001
2.918857e+003;2.008181e-001
2.919340e+003;2.010900e-001
2.919822e+003;2.013508e-001
2.920304e+003;2.015967e-001
2.920786e+003;2.018258e-001
2.921268e+003;2.020379e-001
2.921750e+003;2.022358e-001
2.922232e+003;2.024266e-001
2.922715e+003;2.026170e-001
2.923197e+003;2.028151e-001
2.923679e+003;2.030271e-001
2.924161e+003;2.032570e-001
2.924643e+003;2.035067e-001
2.925125e+003;2.037760e-001
2.925607e+003;2.040631e-001
2.926090e+003;2.043653e-001
2.926572e+003;2.046797e-001
2.927054e+003;2.050023e-001
2.927536e+003;2.053295e-001
2.928018e+003;2.056571e-001
2.928500e+003;2.059821e-001
2.928982e+003;2.063023e-001
2.929465e+003;2.066177e-001
2.929947e+003;2.069293e-001
2.930429e+003;2.072407e-001
2.930911e+003;2.075558e-001
2.931393e+003;2.078792e-001
2.931875e+003;2.082152e-001
2.932357e+003;2.085675e-001
2.932839e+003;2.089382e-001
2.933322e+003;2.093280e-001
2.933804e+003;2.097364e-001
2.934286e+003;2.101618e-001
2.934768e+003;2.106012e-001
2.935250e+003;2.110512e-001
2.935732e+003;2.115082e-001
2.936214e+003;2.119664e-001
2.936697e+003;2.124213e-001
2.937179e+003;2.128657e-001
2.937661e+003;2.132933e-001
2.938143e+003;2.136976e-001
2.938625e+003;2.140750e-001
2.939107e+003;2.144254e-001
2.939589e+003;2.147517e-001
2.940072e+003;2.150614e-001
2.940554e+003;2.153644e-001
2.941036e+003;2.156702e-001
2.941518e+003;2.159873e-001
2.942000e+003;2.163198e-001
2.942482e+003;2.166675e-001
2.942964e+003;2.170282e-001
2.943447e+003;2.173967e-001
2.943929e+003;2.177707e-001
2.944411e+003;2.181490e-001
2.944893e+003;2.185359e-001
2.945375e+003;2.189371e-001
2.945857e+003;2.193594e-001
2.946339e+003;2.198079e-001
2.946822e+003;2.202846e-001
2.947303e+003;2.207859e-001
2.947786e+003;2.213054e-001
2.948268e+003;2.218344e-001
2.948750e+003;2.223651e-001
2.949232e+003;2.228917e-001
2.949714e+003;2.234130e-001
2.950196e+003;2.239306e-001
2.950678e+003;2.244469e-001
2.951161e+003;2.249652e-001
2.951643e+003;2.254850e-001
2.952125e+003;2.260034e-001
2.952607e+003;2.265151e-001
2.953089e+003;2.270151e-001
2.953571e+003;2.274993e-001
2.954053e+003;2.279678e-001
2.954536e+003;2.284261e-001
2.955018e+003;2.288820e-001
2.955500e+003;2.293454e-001
2.955982e+003;2.298245e-001
2.956464e+003;2.303228e-001
2.956946e+003;2.308395e-001
2.957428e+003;2.313682e-001
2.957911e+003;2.319005e-001
2.958393e+003;2.324291e-001
2.958875e+003;2.329492e-001
2.959357e+003;2.334607e-001
2.959839e+003;2.339678e-001
2.960321e+003;2.344774e-001
2.960803e+003;2.349973e-001
2.961286e+003;2.355330e-001
2.961768e+003;2.360858e-001
2.962250e+003;2.366543e-001
2.962732e+003;2.372347e-001
2.963214e+003;2.378193e-001
2.963696e+003;2.384026e-001
2.964178e+003;2.389778e-001
2.964660e+003;2.395422e-001
2.965143e+003;2.400950e-001
2.965625e+003;2.406385e-001
2.966107e+003;2.411766e-001
2.966589e+003;2.417158e-001
2.967071e+003;2.422611e-001
2.967553e+003;2.428169e-001
2.968035e+003;2.433848e-001
2.968518e+003;2.439644e-001
2.969000e+003;2.445538e-001
2.969482e+003;2.451508e-001
2.969964e+003;2.457552e-001
2.970446e+003;2.463688e-001
2.970928e+003;2.469952e-001
2.971410e+003;2.476393e-001
2.971893e+003;2.483034e-001
2.972375e+003;2.489873e-001
2.972857e+003;2.496864e-001
2.973339e+003;2.503929e-001
2.973821e+003;2.510980e-001
2.974303e+003;2.517943e-001
2.974785e+003;2.524773e-001
2.975268e+003;2.531480e-001
2.975750e+003;2.538102e-001
2.976232e+003;2.544695e-001
2.976714e+003;2.551306e-001
2.977196e+003;2.557968e-001
2.977678e+003;2.564669e-001
2.978160e+003;2.571388e-001
2.978643e+003;2.578090e-001
2.979125e+003;2.584743e-001
2.979607e+003;2.591355e-001
2.980089e+003;2.597953e-001
2.980571e+003;2.604600e-001
2.981053e+003;2.611355e-001
2.981535e+003;2.618269e-001
2.982017e+003;2.625381e-001
2.982500e+003;2.632667e-001
2.982982e+003;2.640078e-001
2.983464e+003;2.647538e-001
2.983946e+003;2.654955e-001
2.984428e+003;2.662258e-001
2.984910e+003;2.669432e-001
2.985392e+003;2.676494e-001
2.985875e+003;2.683521e-001
2.986357e+003;2.690619e-001
2.986839e+003;2.697897e-001
2.987321e+003;2.705429e-001
2.987803e+003;2.713258e-001
2.988285e+003;2.721358e-001
2.988767e+003;2.729652e-001
2.989250e+003;2.738045e-001
2.989732e+003;2.746435e-001
2.990214e+003;2.754741e-001
2.990696e+003;2.762920e-001
2.991178e+003;2.770975e-001
2.991660e+003;2.778943e-001
2.992142e+003;2.786888e-001
2.992625e+003;2.794881e-001
2.993107e+003;2.803001e-001
2.993589e+003;2.811289e-001
2.994071e+003;2.819779e-001
2.994553e+003;2.828471e-001
2.995035e+003;2.837326e-001
2.995517e+003;2.846288e-001
2.996000e+003;2.855283e-001
2.996481e+003;2.864253e-001
2.996964e+003;2.873156e-001
2.997446e+003;2.881981e-001
2.997928e+003;2.890738e-001
2.998410e+003;2.899455e-001
2.998892e+003;2.908152e-001
2.999374e+003;2.916835e-001
2.999856e+003;2.925510e-001
3.000339e+003;2.934154e-001
3.000821e+003;2.942771e-001
3.001303e+003;2.951372e-001
3.001785e+003;2.960001e-001
3.002267e+003;2.968720e-001
3.002749e+003;2.977597e-001
3.003231e+003;2.986677e-001
3.003714e+003;2.995974e-001
3.004196e+003;3.005470e-001
3.004678e+003;3.015111e-001
3.005160e+003;3.024833e-001
3.005642e+003;3.034557e-001
3.006124e+003;3.044228e-001
3.006606e+003;3.053817e-001
3.007089e+003;3.063318e-001
3.007571e+003;3.072752e-001
3.008053e+003;3.082164e-001
3.008535e+003;3.091618e-001
3.009017e+003;3.101172e-001
3.009499e+003;3.110887e-001
3.009981e+003;3.120795e-001
3.010464e+003;3.130897e-001
3.010946e+003;3.141162e-001
3.011428e+003;3.151532e-001
3.011910e+003;3.161947e-001
3.012392e+003;3.172345e-001
3.012874e+003;3.182721e-001
3.013356e+003;3.193078e-001
3.013838e+003;3.203462e-001
3.014321e+003;3.213913e-001
3.014803e+003;3.224465e-001
3.015285e+003;3.235121e-001
3.015767e+003;3.245861e-001
3.016249e+003;3.256640e-001
3.016731e+003;3.267418e-001
3.017213e+003;3.278167e-001
3.017696e+003;3.288875e-001
3.018178e+003;3.299547e-001
3.018660e+003;3.310194e-001
3.019142e+003;3.320817e-001
3.019624e+003;3.331399e-001
3.020106e+003;3.341946e-001
3.020588e+003;3.352444e-001
3.021071e+003;3.362918e-001
3.021553e+003;3.373408e-001
3.022035e+003;3.383996e-001
3.022517e+003;3.394758e-001
3.022999e+003;3.405791e-001
3.023481e+003;3.417143e-001
3.023963e+003;3.428850e-001
3.024446e+003;3.440879e-001
3.024928e+003;3.453158e-001
3.025410e+003;3.465562e-001
3.025892e+003;3.477946e-001
3.026374e+003;3.490168e-001
3.026856e+003;3.502111e-001
3.027338e+003;3.513743e-001
3.027821e+003;3.525094e-001
3.028302e+003;3.536297e-001
3.028785e+003;3.547522e-001
3.029267e+003;3.558950e-001
3.029749e+003;3.570723e-001
3.030231e+003;3.582899e-001
3.030713e+003;3.595432e-001
3.031195e+003;3.608204e-001
3.031677e+003;3.621061e-001
3.032160e+003;3.633856e-001
3.032642e+003;3.646508e-001
3.033124e+003;3.659005e-001
3.033606e+003;3.671401e-001
3.034088e+003;3.683769e-001
3.034570e+003;3.696177e-001
3.035052e+003;3.708650e-001
3.035535e+003;3.721170e-001
3.036017e+003;3.733681e-001
3.036499e+003;3.746115e-001
3.036981e+003;3.758437e-001
3.037463e+003;3.770638e-001
3.037945e+003;3.782762e-001
3.038427e+003;3.794886e-001
3.038910e+003;3.807091e-001
3.039392e+003;3.819472e-001
3.039874e+003;3.832090e-001
3.040356e+003;3.844995e-001
3.040838e+003;3.858199e-001
3.041320e+003;3.871682e-001
3.041802e+003;3.885398e-001
3.042285e+003;3.899269e-001
3.042767e+003;3.913198e-001
3.043249e+003;3.927090e-001
3.043731e+003;3.940860e-001
3.044213e+003;3.954460e-001
3.044695e+003;3.967880e-001
3.045177e+003;3.981146e-001
3.045659e+003;3.994325e-001
3.046142e+003;4.007500e-001
3.046624e+003;4.020746e-001
3.047106e+003;4.034123e-001
3.047588e+003;4.047666e-001
3.048070e+003;4.061390e-001
3.048552e+003;4.075290e-001
3.049034e+003;4.089353e-001
3.049517e+003;4.103574e-001
3.049999e+003;4.117934e-001
3.050481e+003;4.132422e-001
3.050963e+003;4.147025e-001
3.051445e+003;4.161732e-001
3.051927e+003;4.176528e-001
3.052409e+003;4.191397e-001
3.052892e+003;4.206335e-001
3.053374e+003;4.221337e-001
3.053856e+003;4.236406e-001
3.054338e+003;4.251555e-001
3.054820e+003;4.266772e-001
3.055302e+003;4.282045e-001
3.055784e+003;4.297343e-001
3.056267e+003;4.312615e-001
3.056749e+003;4.327828e-001
3.057231e+003;4.342953e-001
3.057713e+003;4.358007e-001
3.058195e+003;4.373042e-001
3.058677e+003;4.388142e-001
3.059159e+003;4.403387e-001
3.059642e+003;4.418843e-001
3.060124e+003;4.434511e-001
3.060606e+003;4.450337e-001
3.061088e+003;4.466234e-001
3.061570e+003;4.482104e-001
3.062052e+003;4.497877e-001
3.062534e+003;4.513558e-001
3.063016e+003;4.529195e-001
3.063499e+003;4.544892e-001
3.063981e+003;4.560744e-001
3.064463e+003;4.576800e-001
3.064945e+003;4.593054e-001
3.065427e+003;4.609430e-001
3.065909e+003;4.625826e-001
3.066391e+003;4.642150e-001
3.066874e+003;4.658363e-001
3.067356e+003;4.674476e-001
3.067838e+003;4.690554e-001
3.068320e+003;4.706678e-001
3.068802e+003;4.722933e-001
3.069284e+003;4.739350e-001
3.069766e+003;4.755937e-001
3.070249e+003;4.772678e-001
3.070731e+003;4.789545e-001
3.071213e+003;4.806517e-001
3.071695e+003;4.823578e-001
3.072177e+003;4.840713e-001
3.072659e+003;4.857898e-001
3.073141e+003;4.875091e-001
3.073624e+003;4.892245e-001
3.074106e+003;4.909337e-001
3.074588e+003;4.926363e-001
3.075070e+003;4.943350e-001
3.075552e+003;4.960370e-001
3.076034e+003;4.977479e-001
3.076516e+003;4.994752e-001
3.076999e+003;5.012229e-001
3.077480e+003;5.029931e-001
3.077963e+003;5.047856e-001
3.078445e+003;5.065992e-001
3.078927e+003;5.084304e-001
3.079409e+003;5.102735e-001
3.079891e+003;5.121209e-001
3.080373e+003;5.139656e-001
3.080855e+003;5.157997e-001
3.081338e+003;5.176198e-001
3.081820e+003;5.194277e-001
3.082302e+003;5.212331e-001
3.082784e+003;5.230478e-001
3.083266e+003;5.248845e-001
3.083748e+003;5.267500e-001
3.084230e+003;5.286422e-001
3.084713e+003;5.305486e-001
3.085195e+003;5.324520e-001
3.085677e+003;5.343346e-001
3.086159e+003;5.361857e-001
3.086641e+003;5.380050e-001
3.087123e+003;5.398042e-001
3.087605e+003;5.416007e-001
3.088088e+003;5.434135e-001
3.088570e+003;5.452540e-001
3.089052e+003;5.471258e-001
3.089534e+003;5.490225e-001
3.090016e+003;5.509316e-001
3.090498e+003;5.528416e-001
3.090980e+003;5.547445e-001
3.091463e+003;5.566404e-001
3.091945e+003;5.585357e-001
3.092427e+003;5.604412e-001
3.092909e+003;5.623675e-001
3.093391e+003;5.643222e-001
3.093873e+003;5.663079e-001
3.094355e+003;5.683224e-001
3.094837e+003;5.703583e-001
3.095320e+003;5.724059e-001
3.095802e+003;5.744548e-001
3.096284e+003;5.764955e-001
3.096766e+003;5.785230e-001
3.097248e+003;5.805345e-001
3.097730e+003;5.825329e-001
3.098212e+003;5.845248e-001
3.098695e+003;5.865163e-001
3.099177e+003;5.885141e-001
3.099659e+003;5.905218e-001
3.100141e+003;5.925405e-001
3.100623e+003;5.945692e-001
3.101105e+003;5.966064e-001
3.101587e+003;5.986533e-001
3.102070e+003;6.007120e-001
3.102552e+003;6.027866e-001
3.103034e+003;6.048796e-001
3.103516e+003;6.069914e-001
3.103998e+003;6.091173e-001
3.104480e+003;6.112487e-001
3.104962e+003;6.133744e-001
3.105445e+003;6.154868e-001
3.105927e+003;6.175816e-001
3.106409e+003;6.196615e-001
3.106891e+003;6.217341e-001
3.107373e+003;6.238103e-001
3.107855e+003;6.258996e-001
3.108337e+003;6.280079e-001
3.108820e+003;6.301351e-001
3.109302e+003;6.322767e-001
3.109784e+003;6.344247e-001
3.110266e+003;6.365708e-001
3.110748e+003;6.387091e-001
3.111230e+003;6.408384e-001
3.111712e+003;6.429614e-001
3.112194e+003;6.450834e-001
3.112677e+003;6.472122e-001
3.113159e+003;6.493543e-001
3.113641e+003;6.515131e-001
3.114123e+003;6.536894e-001
3.114605e+003;6.558802e-001
3.115087e+003;6.580803e-001
3.115569e+003;6.602848e-001
3.116052e+003;6.624883e-001
3.116534e+003;6.646883e-001
3.117016e+003;6.668828e-001
3.117498e+003;6.690698e-001
3.117980e+003;6.712478e-001
3.118462e+003;6.734160e-001
3.118944e+003;6.755743e-001
3.119427e+003;6.777272e-001
3.119909e+003;6.798848e-001
3.120391e+003;6.820616e-001
3.120873e+003;6.842748e-001
3.121355e+003;6.865391e-001
3.121837e+003;6.888610e-001
3.122319e+003;6.912348e-001
3.122802e+003;6.936429e-001
3.123284e+003;6.960594e-001
3.123766e+003;6.984566e-001
3.124248e+003;7.008120e-001
3.124730e+003;7.031134e-001
3.125212e+003;7.053624e-001
3.125694e+003;7.075683e-001
3.126177e+003;7.097463e-001
3.126658e+003;7.119124e-001
3.127141e+003;7.140805e-001
3.127623e+003;7.162616e-001
3.128105e+003;7.184678e-001
3.128587e+003;7.207105e-001
3.129069e+003;7.230011e-001
3.129551e+003;7.253476e-001
3.130033e+003;7.277513e-001
3.130516e+003;7.302023e-001
3.130998e+003;7.326813e-001
3.131480e+003;7.351610e-001
3.131962e+003;7.376121e-001
3.132444e+003;7.400132e-001
3.132926e+003;7.423527e-001
3.133408e+003;7.446321e-001
3.133891e+003;7.468654e-001
3.134373e+003;7.490728e-001
3.134855e+003;7.512771e-001
3.135337e+003;7.534977e-001
3.135819e+003;7.557485e-001
3.136301e+003;7.580354e-001
3.136783e+003;7.603570e-001
3.137266e+003;7.627054e-001
3.137748e+003;7.650676e-001
3.138230e+003;7.674283e-001
3.138712e+003;7.697737e-001
3.139194e+003;7.720951e-001
3.139676e+003;7.743906e-001
3.140158e+003;7.766668e-001
3.140641e+003;7.789350e-001
3.141123e+003;7.812090e-001
3.141605e+003;7.834986e-001
3.142087e+003;7.858067e-001
3.142569e+003;7.881292e-001
3.143051e+003;7.904574e-001
3.143533e+003;7.927841e-001
3.144015e+003;7.951056e-001
3.144498e+003;7.974265e-001
3.144980e+003;7.997557e-001
3.145462e+003;8.021032e-001
3.145944e+003;8.044757e-001
3.146426e+003;8.068723e-001
3.146908e+003;8.092846e-001
3.147390e+003;8.116998e-001
3.147873e+003;8.141053e-001
3.148355e+003;8.164918e-001
3.148837e+003;8.188574e-001
3.149319e+003;8.212037e-001
3.149801e+003;8.235360e-001
3.150283e+003;8.258583e-001
3.150765e+003;8.281718e-001
3.151248e+003;8.304764e-001
3.151730e+003;8.327695e-001
3.152212e+003;8.350490e-001
3.152694e+003;8.373137e-001
3.153176e+003;8.395642e-001
3.153658e+003;8.418029e-001
3.154140e+003;8.440319e-001
3.154623e+003;8.462558e-001
3.155105e+003;8.484800e-001
3.155587e+003;8.507127e-001
3.156069e+003;8.529629e-001
3.156551e+003;8.552376e-001
3.157033e+003;8.575411e-001
3.157515e+003;8.598699e-001
3.157998e+003;8.622152e-001
3.158479e+003;8.645628e-001
3.158962e+003;8.668983e-001
3.159444e+003;8.692102e-001
3.159926e+003;8.714929e-001
3.160408e+003;8.737482e-001
3.160890e+003;8.759829e-001
3.161372e+003;8.782060e-001
3.161854e+003;8.804269e-001
3.162337e+003;8.826520e-001
3.162819e+003;8.848853e-001
3.163301e+003;8.871297e-001
3.163783e+003;8.893859e-001
3.164265e+003;8.916556e-001
3.164747e+003;8.939385e-001
3.165229e+003;8.962321e-001
3.165712e+003;8.985313e-001
3.166194e+003;9.008297e-001
3.166676e+003;9.031200e-001
3.167158e+003;9.053971e-001
3.167640e+003;9.076570e-001
3.168122e+003;9.098981e-001
3.168604e+003;9.121197e-001
3.169087e+003;9.143214e-001
3.169569e+003;9.165031e-001
3.170051e+003;9.186652e-001
3.170533e+003;9.208095e-001
3.171015e+003;9.229399e-001
3.171497e+003;9.250634e-001
3.171979e+003;9.271872e-001
3.172461e+003;9.293171e-001
3.172944e+003;9.314562e-001
3.173426e+003;9.336039e-001
3.173908e+003;9.357564e-001
3.174390e+003;9.379085e-001
3.174872e+003;9.400563e-001
3.175354e+003;9.421961e-001
3.175836e+003;9.443274e-001
3.176319e+003;9.464486e-001
3.176801e+003;9.485604e-001
3.177283e+003;9.506628e-001
3.177765e+003;9.527578e-001
3.178247e+003;9.548472e-001
3.178729e+003;9.569336e-001
3.179211e+003;9.590183e-001
3.179694e+003;9.610986e-001
3.180176e+003;9.631687e-001
3.180658e+003;9.652187e-001
3.181140e+003;9.672390e-001
3.181622e+003;9.692222e-001
3.182104e+003;9.711685e-001
3.182586e+003;9.730863e-001
3.183069e+003;9.749882e-001
3.183551e+003;9.768888e-001
3.184033e+003;9.787978e-001
3.184515e+003;9.807177e-001
3.184997e+003;9.826441e-001
3.185479e+003;9.845690e-001
3.185961e+003;9.864851e-001
3.186444e+003;9.883923e-001
3.186926e+003;9.902949e-001
3.187408e+003;9.922007e-001
3.187890e+003;9.941173e-001
3.188372e+003;9.960463e-001
3.188854e+003;9.979829e-001
3.189336e+003;9.999183e-001
3.189818e+003;1.001842e+000
3.190301e+003;1.003748e+000
3.190783e+003;1.005634e+000
3.191265e+003;1.007503e+000
3.191747e+003;1.009357e+000
3.192229e+003;1.011195e+000
3.192711e+003;1.013013e+000
3.193193e+003;1.014805e+000
3.193676e+003;1.016563e+000
3.194158e+003;1.018290e+000
3.194640e+003;1.019991e+000
3.195122e+003;1.021678e+000
3.195604e+003;1.023366e+000
3.196086e+003;1.025062e+000
3.196568e+003;1.026768e+000
3.197051e+003;1.028478e+000
3.197533e+003;1.030182e+000
3.198015e+003;1.031874e+000
3.198497e+003;1.033548e+000
3.198979e+003;1.035209e+000
3.199461e+003;1.036861e+000
3.199943e+003;1.038511e+000
3.200426e+003;1.040164e+000
3.200908e+003;1.041819e+000
3.201390e+003;1.043472e+000
3.201872e+003;1.045117e+000
3.202354e+003;1.046749e+000
3.202836e+003;1.048362e+000
3.203318e+003;1.049953e+000
3.203801e+003;1.051520e+000
3.204282e+003;1.053059e+000
3.204765e+003;1.054570e+000
3.205247e+003;1.056056e+000
3.205729e+003;1.057523e+000
3.206211e+003;1.058980e+000
3.206693e+003;1.060436e+000
3.207175e+003;1.061899e+000
3.207657e+003;1.063370e+000
3.208140e+003;1.064845e+000
3.208622e+003;1.066317e+000
3.209104e+003;1.067775e+000
3.209586e+003;1.069210e+000
3.210068e+003;1.070614e+000
3.210550e+003;1.071980e+000
3.211032e+003;1.073306e+000
3.211515e+003;1.074589e+000
3.211997e+003;1.075827e+000
3.212479e+003;1.077026e+000
3.212961e+003;1.078194e+000
3.213443e+003;1.079347e+000
3.213925e+003;1.080502e+000
3.214407e+003;1.081676e+000
3.214890e+003;1.082876e+000
3.215372e+003;1.084104e+000
3.215854e+003;1.085347e+000
3.216336e+003;1.086590e+000
3.216818e+003;1.087816e+000
3.217300e+003;1.089012e+000
3.217782e+003;1.090171e+000
3.218265e+003;1.091292e+000
3.218747e+003;1.092374e+000
3.219229e+003;1.093417e+000
3.219711e+003;1.094424e+000
3.220193e+003;1.095396e+000
3.220675e+003;1.096343e+000
3.221157e+003;1.097281e+000
3.221639e+003;1.098230e+000
3.222122e+003;1.099206e+000
3.222604e+003;1.100219e+000
3.223086e+003;1.101264e+000
3.223568e+003;1.102323e+000
3.224050e+003;1.103373e+000
3.224532e+003;1.104392e+000
3.225014e+003;1.105369e+000
3.225497e+003;1.106309e+000
3.225979e+003;1.107227e+000
3.226461e+003;1.108143e+000
3.226943e+003;1.109069e+000
3.227425e+003;1.110007e+000
3.227907e+003;1.110946e+000
3.228389e+003;1.111867e+000
3.228872e+003;1.112753e+000
3.229354e+003;1.113593e+000
3.229836e+003;1.114387e+000
3.230318e+003;1.115145e+000
3.230800e+003;1.115880e+000
3.231282e+003;1.116602e+000
3.231764e+003;1.117315e+000
3.232247e+003;1.118018e+000
3.232729e+003;1.118709e+000
3.233211e+003;1.119385e+000
3.233693e+003;1.120048e+000
3.234175e+003;1.120702e+000
3.234657e+003;1.121353e+000
3.235139e+003;1.122005e+000
3.235622e+003;1.122659e+000
3.236104e+003;1.123311e+000
3.236586e+003;1.123957e+000
3.237068e+003;1.124588e+000
3.237550e+003;1.125202e+000
3.238032e+003;1.125790e+000
3.238514e+003;1.126349e+000
3.238996e+003;1.126876e+000
3.239479e+003;1.127373e+000
3.239961e+003;1.127844e+000
3.240443e+003;1.128299e+000
3.240925e+003;1.128748e+000
3.241407e+003;1.129206e+000
3.241889e+003;1.129678e+000
3.242371e+003;1.130162e+000
3.242854e+003;1.130653e+000
3.243336e+003;1.131139e+000
3.243818e+003;1.131611e+000
3.244300e+003;1.132072e+000
3.244782e+003;1.132529e+000
3.245264e+003;1.132998e+000
3.245746e+003;1.133489e+000
3.246229e+003;1.134009e+000
3.246711e+003;1.134547e+000
3.247193e+003;1.135086e+000
3.247675e+003;1.135602e+000
3.248157e+003;1.136073e+000
3.248639e+003;1.136489e+000
3.249121e+003;1.136853e+000
3.249604e+003;1.137175e+000
3.250086e+003;1.137475e+000
3.250568e+003;1.137764e+000
3.251050e+003;1.138051e+000
3.251532e+003;1.138335e+000
3.252014e+003;1.138614e+000
3.252496e+003;1.138882e+000
3.252979e+003;1.139140e+000
3.253460e+003;1.139391e+000
3.253943e+003;1.139643e+000
3.254425e+003;1.139899e+000
3.254907e+003;1.140163e+000
3.255389e+003;1.140430e+000
3.255871e+003;1.140693e+000
3.256353e+003;1.140945e+000
3.256835e+003;1.141183e+000
3.257318e+003;1.141404e+000
3.257800e+003;1.141612e+000
3.258282e+003;1.141814e+000
3.258764e+003;1.142017e+000
3.259246e+003;1.142226e+000
3.259728e+003;1.142446e+000
3.260210e+003;1.142676e+000
3.260693e+003;1.142912e+000
3.261175e+003;1.143144e+000
3.261657e+003;1.143363e+000
3.262139e+003;1.143560e+000
3.262621e+003;1.143729e+000
3.263103e+003;1.143869e+000
3.263585e+003;1.143986e+000
3.264068e+003;1.144092e+000
3.264550e+003;1.144199e+000
3.265032e+003;1.144318e+000
3.265514e+003;1.144457e+000
3.265996e+003;1.144615e+000
3.266478e+003;1.144786e+000
3.266960e+003;1.144964e+000
3.267443e+003;1.145137e+000
3.267925e+003;1.145297e+000
3.268407e+003;1.145437e+000
3.268889e+003;1.145553e+000
3.269371e+003;1.145639e+000
3.269853e+003;1.145700e+000
3.270335e+003;1.145738e+000
3.270817e+003;1.145764e+000
3.271300e+003;1.145792e+000
3.271782e+003;1.145839e+000
3.272264e+003;1.145916e+000
3.272746e+003;1.146030e+000
3.273228e+003;1.146178e+000
3.273710e+003;1.146348e+000
3.274192e+003;1.146522e+000
3.274675e+003;1.146686e+000
3.275157e+003;1.146827e+000
3.275639e+003;1.146942e+000
3.276121e+003;1.147036e+000
3.276603e+003;1.147120e+000
3.277085e+003;1.147207e+000
3.277567e+003;1.147305e+000
3.278050e+003;1.147423e+000
3.278532e+003;1.147562e+000
3.279014e+003;1.147718e+000
3.279496e+003;1.147882e+000
3.279978e+003;1.148043e+000
3.280460e+003;1.148188e+000
3.280942e+003;1.148305e+000
3.281425e+003;1.148386e+000
3.281907e+003;1.148431e+000
3.282389e+003;1.148451e+000
3.282871e+003;1.148462e+000
3.283353e+003;1.148478e+000
3.283835e+003;1.148515e+000
3.284317e+003;1.148573e+000
3.284800e+003;1.148648e+000
3.285281e+003;1.148723e+000
3.285764e+003;1.148787e+000
3.286246e+003;1.148831e+000
3.286728e+003;1.148857e+000
3.287210e+003;1.148874e+000
3.287692e+003;1.148896e+000
3.288174e+003;1.148931e+000
3.288656e+003;1.148979e+000
3.289139e+003;1.149032e+000
3.289621e+003;1.149072e+000
3.290103e+003;1.149086e+000
3.290585e+003;1.149069e+000
3.291067e+003;1.149024e+000
3.291549e+003;1.148967e+000
3.292031e+003;1.148915e+000
3.292514e+003;1.148885e+000
3.292996e+003;1.148886e+000
3.293478e+003;1.148921e+000
3.293960e+003;1.148987e+000
3.294442e+003;1.149079e+000
3.294924e+003;1.149192e+000
3.295406e+003;1.149318e+000
3.295889e+003;1.149450e+000
3.296371e+003;1.149575e+000
3.296853e+003;1.149681e+000
3.297335e+003;1.149756e+000
3.297817e+003;1.149796e+000
3.298299e+003;1.149808e+000
3.298781e+003;1.149807e+000
3.299264e+003;1.149813e+000
3.299746e+003;1.149839e+000
3.300228e+003;1.149893e+000
3.300710e+003;1.149966e+000
3.301192e+003;1.150037e+000
3.301674e+003;1.150088e+000
3.302156e+003;1.150104e+000
3.302638e+003;1.150084e+000
3.303121e+003;1.150042e+000
3.303603e+003;1.149998e+000
3.304085e+003;1.149975e+000
3.304567e+003;1.149987e+000
3.305049e+003;1.150036e+000
3.305531e+003;1.150111e+000
3.306013e+003;1.150197e+000
3.306496e+003;1.150278e+000
3.306978e+003;1.150343e+000
3.307460e+003;1.150387e+000
3.307942e+003;1.150413e+000
3.308424e+003;1.150424e+000
3.308906e+003;1.150426e+000
3.309388e+003;1.150423e+000
3.309871e+003;1.150422e+000
3.310353e+003;1.150425e+000
3.310835e+003;1.150440e+000
3.311317e+003;1.150470e+000
3.311799e+003;1.150519e+000
3.312281e+003;1.150584e+000
3.312763e+003;1.150661e+000
3.313246e+003;1.150742e+000
3.313728e+003;1.150822e+000
3.314210e+003;1.150896e+000
3.314692e+003;1.150962e+000
3.315174e+003;1.151019e+000
3.315656e+003;1.151068e+000
3.316138e+003;1.151102e+000
3.316621e+003;1.151116e+000
3.317103e+003;1.151106e+000
3.317585e+003;1.151068e+000
3.318067e+003;1.151009e+000
3.318549e+003;1.150942e+000
3.319031e+003;1.150884e+000
3.319513e+003;1.150856e+000
3.319995e+003;1.150873e+000
3.320478e+003;1.150938e+000
3.320960e+003;1.151047e+000
3.321442e+003;1.151182e+000
3.321924e+003;1.151317e+000
3.322406e+003;1.151426e+000
3.322888e+003;1.151484e+000
3.323370e+003;1.151477e+000
3.323853e+003;1.151402e+000
3.324335e+003;1.151268e+000
3.324817e+003;1.151097e+000
3.325299e+003;1.150918e+000
3.325781e+003;1.150756e+000
3.326263e+003;1.150632e+000
3.326745e+003;1.150556e+000
3.327228e+003;1.150522e+000
3.327710e+003;1.150516e+000
3.328192e+003;1.150518e+000
3.328674e+003;1.150512e+000
3.329156e+003;1.150486e+000
3.329638e+003;1.150439e+000
3.330120e+003;1.150373e+000
3.330603e+003;1.150295e+000
3.331085e+003;1.150209e+000
3.331567e+003;1.150114e+000
3.332049e+003;1.150006e+000
3.332531e+003;1.149882e+000
3.333013e+003;1.149741e+000
3.333495e+003;1.149586e+000
3.333978e+003;1.149427e+000
3.334459e+003;1.149278e+000
3.334942e+003;1.149150e+000
3.335424e+003;1.149049e+000
3.335906e+003;1.148978e+000
3.336388e+003;1.148931e+000
3.336870e+003;1.148897e+000
3.337352e+003;1.148862e+000
3.337834e+003;1.148809e+000
3.338317e+003;1.148723e+000
3.338799e+003;1.148588e+000
3.339281e+003;1.148394e+000
3.339763e+003;1.148140e+000
3.340245e+003;1.147832e+000
3.340727e+003;1.147486e+000
3.341209e+003;1.147127e+000
3.341692e+003;1.146779e+000
3.342174e+003;1.146463e+000
3.342656e+003;1.146191e+000
3.343138e+003;1.145962e+000
3.343620e+003;1.145768e+000
3.344102e+003;1.145591e+000
3.344584e+003;1.145415e+000
3.345067e+003;1.145225e+000
3.345549e+003;1.145011e+000
3.346031e+003;1.144768e+000
3.346513e+003;1.144497e+000
3.346995e+003;1.144199e+000
3.347477e+003;1.143879e+000
3.347959e+003;1.143541e+000
3.348442e+003;1.143194e+000
3.348924e+003;1.142841e+000
3.349406e+003;1.142488e+000
3.349888e+003;1.142133e+000
3.350370e+003;1.141776e+000
3.350852e+003;1.141413e+000
3.351334e+003;1.141042e+000
3.351816e+003;1.140661e+000
3.352299e+003;1.140276e+000
3.352781e+003;1.139892e+000
3.353263e+003;1.139512e+000
3.353745e+003;1.139134e+000
3.354227e+003;1.138749e+000
3.354709e+003;1.138346e+000
3.355191e+003;1.137914e+000
3.355674e+003;1.137448e+000
3.356156e+003;1.136953e+000
3.356638e+003;1.136441e+000
3.357120e+003;1.135929e+000
3.357602e+003;1.135427e+000
3.358084e+003;1.134940e+000
3.358566e+003;1.134457e+000
3.359049e+003;1.133966e+000
3.359531e+003;1.133451e+000
3.360013e+003;1.132902e+000
3.360495e+003;1.132318e+000
3.360977e+003;1.131711e+000
3.361459e+003;1.131090e+000
3.361941e+003;1.130470e+000
3.362424e+003;1.129856e+000
3.362906e+003;1.129249e+000
3.363388e+003;1.128640e+000
3.363870e+003;1.128022e+000
3.364352e+003;1.127384e+000
3.364834e+003;1.126721e+000
3.365316e+003;1.126026e+000
3.365799e+003;1.125295e+000
3.366281e+003;1.124527e+000
3.366763e+003;1.123724e+000
3.367245e+003;1.122894e+000
3.367727e+003;1.122057e+000
3.368209e+003;1.121235e+000
3.368691e+003;1.120454e+000
3.369173e+003;1.119730e+000
3.369656e+003;1.119063e+000
3.370138e+003;1.118440e+000
3.370620e+003;1.117828e+000
3.371102e+003;1.117192e+000
3.371584e+003;1.116504e+000
3.372066e+003;1.115745e+000
3.372548e+003;1.114920e+000
3.373031e+003;1.114045e+000
3.373513e+003;1.113145e+000
3.373995e+003;1.112243e+000
3.374477e+003;1.111354e+000
3.374959e+003;1.110482e+000
3.375441e+003;1.109625e+000
3.375923e+003;1.108773e+000
3.376406e+003;1.107919e+000
3.376888e+003;1.107058e+000
3.377370e+003;1.106186e+000
3.377852e+003;1.105300e+000
3.378334e+003;1.104395e+000
3.378816e+003;1.103466e+000
3.379298e+003;1.102508e+000
3.379781e+003;1.101518e+000
3.380263e+003;1.100504e+000
3.380745e+003;1.099472e+000
3.381227e+003;1.098432e+000
3.381709e+003;1.097392e+000
3.382191e+003;1.096350e+000
3.382673e+003;1.095299e+000
3.383156e+003;1.094223e+000
3.383637e+003;1.093109e+000
3.384120e+003;1.091949e+000
3.384602e+003;1.090740e+000
3.385084e+003;1.089496e+000
3.385566e+003;1.088237e+000
3.386048e+003;1.086985e+000
3.386530e+003;1.085762e+000
3.387012e+003;1.084581e+000
3.387495e+003;1.083444e+000
3.387977e+003;1.082346e+000
3.388459e+003;1.081267e+000
3.388941e+003;1.080191e+000
3.389423e+003;1.079097e+000
3.389905e+003;1.077972e+000
3.390387e+003;1.076810e+000
3.390870e+003;1.075614e+000
3.391352e+003;1.074389e+000
3.391834e+003;1.073142e+000
3.392316e+003;1.071882e+000
3.392798e+003;1.070614e+000
3.393280e+003;1.069340e+000
3.393762e+003;1.068057e+000
3.394245e+003;1.066762e+000
3.394727e+003;1.065452e+000
3.395209e+003;1.064119e+000
3.395691e+003;1.062758e+000
3.396173e+003;1.061361e+000
3.396655e+003;1.059923e+000
3.397137e+003;1.058443e+000
3.397620e+003;1.056929e+000
3.398102e+003;1.055395e+000
3.398584e+003;1.053865e+000
3.399066e+003;1.052360e+000
3.399548e+003;1.050902e+000
3.400030e+003;1.049495e+000
3.400512e+003;1.048133e+000
3.400994e+003;1.046796e+000
3.401477e+003;1.045455e+000
3.401959e+003;1.044081e+000
3.402441e+003;1.042657e+000
3.402923e+003;1.041179e+000
3.403405e+003;1.039654e+000
3.403887e+003;1.038103e+000
3.404369e+003;1.036544e+000
3.404852e+003;1.034996e+000
3.405334e+003;1.033461e+000
3.405816e+003;1.031940e+000
3.406298e+003;1.030427e+000
3.406780e+003;1.028913e+000
3.407262e+003;1.027399e+000
3.407744e+003;1.025883e+000
3.408227e+003;1.024371e+000
3.408709e+003;1.022865e+000
3.409191e+003;1.021363e+000
3.409673e+003;1.019859e+000
3.410155e+003;1.018343e+000
3.410637e+003;1.016801e+000
3.411119e+003;1.015225e+000
3.411602e+003;1.013607e+000
3.412084e+003;1.011948e+000
3.412566e+003;1.010254e+000
3.413048e+003;1.008531e+000
3.413530e+003;1.006790e+000
3.414012e+003;1.005040e+000
3.414494e+003;1.003287e+000
3.414977e+003;1.001534e+000
3.415458e+003;9.997835e-001
3.415941e+003;9.980338e-001
3.416423e+003;9.962842e-001
3.416905e+003;9.945360e-001
3.417387e+003;9.927918e-001
3.417869e+003;9.910574e-001
3.418351e+003;9.893377e-001
3.418833e+003;9.876370e-001
3.419316e+003;9.859527e-001
3.419798e+003;9.842784e-001
3.420280e+003;9.826016e-001
3.420762e+003;9.809098e-001
3.421244e+003;9.791932e-001
3.421726e+003;9.774493e-001
3.422208e+003;9.756840e-001
3.422691e+003;9.739103e-001
3.423173e+003;9.721430e-001
3.423655e+003;9.703931e-001
3.424137e+003;9.686656e-001
3.424619e+003;9.669552e-001
3.425101e+003;9.652520e-001
3.425583e+003;9.635442e-001
3.426066e+003;9.618225e-001
3.426548e+003;9.600860e-001
3.427030e+003;9.583392e-001
3.427512e+003;9.565910e-001
3.427994e+003;9.548478e-001
3.428476e+003;9.531112e-001
3.428958e+003;9.513753e-001
3.429441e+003;9.496304e-001
3.429923e+003;9.478623e-001
3.430405e+003;9.460639e-001
3.430887e+003;9.442323e-001
3.431369e+003;9.423736e-001
3.431851e+003;9.404994e-001
3.432333e+003;9.386247e-001
3.432815e+003;9.367622e-001
3.433298e+003;9.349213e-001
3.433780e+003;9.331047e-001
3.434262e+003;9.313116e-001
3.434744e+003;9.295369e-001
3.435226e+003;9.277751e-001
3.435708e+003;9.260185e-001
3.436190e+003;9.242617e-001
3.436673e+003;9.224979e-001
3.437155e+003;9.207228e-001
3.437637e+003;9.189315e-001
3.438119e+003;9.171249e-001
3.438601e+003;9.153025e-001
3.439083e+003;9.134690e-001
3.439565e+003;9.116280e-001
3.440048e+003;9.097844e-001
3.440530e+003;9.079396e-001
3.441012e+003;9.060948e-001
3.441494e+003;9.042485e-001
3.441976e+003;9.024017e-001
3.442458e+003;9.005535e-001
3.442940e+003;8.987063e-001
3.443423e+003;8.968618e-001
3.443905e+003;8.950209e-001
3.444387e+003;8.931805e-001
3.444869e+003;8.913364e-001
3.445351e+003;8.894802e-001
3.445833e+003;8.876052e-001
3.446315e+003;8.857077e-001
3.446798e+003;8.837913e-001
3.447280e+003;8.818648e-001
3.447762e+003;8.799437e-001
3.448244e+003;8.780444e-001
3.448726e+003;8.761813e-001
3.449208e+003;8.743628e-001
3.449690e+003;8.725929e-001
3.450172e+003;8.708651e-001
3.450655e+003;8.691726e-001
3.451137e+003;8.675026e-001
3.451619e+003;8.658435e-001
3.452101e+003;8.641829e-001
3.452583e+003;8.625100e-001
3.453065e+003;8.608121e-001
3.453547e+003;8.590781e-001
3.454030e+003;8.572999e-001
3.454512e+003;8.554733e-001
3.454994e+003;8.535976e-001
3.455476e+003;8.516791e-001
3.455958e+003;8.497294e-001
3.456440e+003;8.477615e-001
3.456922e+003;8.457919e-001
3.457405e+003;8.438361e-001
3.457887e+003;8.419095e-001
3.458369e+003;8.400244e-001
3.458851e+003;8.381898e-001
3.459333e+003;8.364102e-001
3.459815e+003;8.346804e-001
3.460297e+003;8.329896e-001
3.460780e+003;8.313164e-001
3.461262e+003;8.296373e-001
3.461744e+003;8.279292e-001
3.462226e+003;8.261775e-001
3.462708e+003;8.243775e-001
3.463190e+003;8.225386e-001
3.463672e+003;8.206773e-001
3.464155e+003;8.188156e-001
3.464636e+003;8.169692e-001
3.465119e+003;8.151491e-001
3.465601e+003;8.133541e-001
3.466083e+003;8.115777e-001
3.466565e+003;8.098108e-001
3.467047e+003;8.080453e-001
3.467529e+003;8.062775e-001
3.468011e+003;8.045067e-001
3.468494e+003;8.027324e-001
3.468976e+003;8.009533e-001
3.469458e+003;7.991645e-001
3.469940e+003;7.973610e-001
3.470422e+003;7.955403e-001
3.470904e+003;7.937056e-001
3.471386e+003;7.918656e-001
3.471869e+003;7.900363e-001
3.472351e+003;7.882318e-001
3.472833e+003;7.864648e-001
3.473315e+003;7.847374e-001
3.473797e+003;7.830431e-001
3.474279e+003;7.813689e-001
3.474761e+003;7.796978e-001
3.475244e+003;7.780145e-001
3.475726e+003;7.763087e-001
3.476208e+003;7.745743e-001
3.476690e+003;7.728106e-001
3.477172e+003;7.710205e-001
3.477654e+003;7.692099e-001
3.478136e+003;7.673869e-001
3.478619e+003;7.655619e-001
3.479101e+003;7.637479e-001
3.479583e+003;7.619558e-001
3.480065e+003;7.601935e-001
3.480547e+003;7.584635e-001
3.481029e+003;7.567613e-001
3.481511e+003;7.550775e-001
3.481993e+003;7.534004e-001
3.482476e+003;7.517207e-001
3.482958e+003;7.500330e-001
3.483440e+003;7.483370e-001
3.483922e+003;7.466318e-001
3.484404e+003;7.449169e-001
3.484886e+003;7.431854e-001
3.485368e+003;7.414287e-001
3.485851e+003;7.396364e-001
3.486333e+003;7.378049e-001
3.486815e+003;7.359376e-001
3.487297e+003;7.340477e-001
3.487779e+003;7.321552e-001
3.488261e+003;7.302809e-001
3.488743e+003;7.284377e-001
3.489226e+003;7.266313e-001
3.489708e+003;7.248564e-001
3.490190e+003;7.231029e-001
3.490672e+003;7.213613e-001
3.491154e+003;7.196304e-001
3.491636e+003;7.179120e-001
3.492118e+003;7.162165e-001
3.492601e+003;7.145507e-001
3.493083e+003;7.129164e-001
3.493565e+003;7.113060e-001
3.494047e+003;7.097058e-001
3.494529e+003;7.080960e-001
3.495011e+003;7.064609e-001
3.495493e+003;7.047912e-001
3.495976e+003;7.030859e-001
3.496458e+003;7.013507e-001
3.496940e+003;6.995953e-001
3.497422e+003;6.978274e-001
3.497904e+003;6.960545e-001
3.498386e+003;6.942800e-001
3.498868e+003;6.925086e-001
3.499350e+003;6.907434e-001
3.499833e+003;6.889902e-001
3.500315e+003;6.872527e-001
3.500797e+003;6.855334e-001
3.501279e+003;6.838292e-001
3.501761e+003;6.821336e-001
3.502243e+003;6.804354e-001
3.502725e+003;6.787260e-001
3.503208e+003;6.769986e-001
3.503690e+003;6.752529e-001
3.504172e+003;6.734921e-001
3.504654e+003;6.717223e-001
3.505136e+003;6.699499e-001
3.505618e+003;6.681806e-001
3.506100e+003;6.664153e-001
3.506583e+003;6.646582e-001
3.507065e+003;6.629104e-001
3.507547e+003;6.611792e-001
3.508029e+003;6.594695e-001
3.508511e+003;6.577858e-001
3.508993e+003;6.561282e-001
3.509475e+003;6.544911e-001
3.509958e+003;6.528631e-001
3.510440e+003;6.512321e-001
3.510922e+003;6.495870e-001
3.511404e+003;6.479240e-001
3.511886e+003;6.462454e-001
3.512368e+003;6.445594e-001
3.512850e+003;6.428737e-001
3.513333e+003;6.411937e-001
3.513814e+003;6.395168e-001
3.514297e+003;6.378349e-001
3.514779e+003;6.361361e-001
3.515261e+003;6.344130e-001
3.515743e+003;6.326656e-001
3.516225e+003;6.309030e-001
3.516707e+003;6.291420e-001
3.517189e+003;6.274011e-001
3.517672e+003;6.256934e-001
3.518154e+003;6.240227e-001
3.518636e+003;6.223809e-001
3.519118e+003;6.207538e-001
3.519600e+003;6.191245e-001
3.520082e+003;6.174824e-001
3.520564e+003;6.158245e-001
3.521047e+003;6.141565e-001
3.521529e+003;6.124880e-001
3.522011e+003;6.108276e-001
3.522493e+003;6.091763e-001
3.522975e+003;6.075295e-001
3.523457e+003;6.058758e-001
3.523939e+003;6.042055e-001
3.524422e+003;6.025140e-001
3.524904e+003;6.008068e-001
3.525386e+003;5.990945e-001
3.525868e+003;5.973923e-001
3.526350e+003;5.957097e-001
3.526832e+003;5.940469e-001
3.527314e+003;5.923924e-001
3.527797e+003;5.907269e-001
3.528279e+003;5.890303e-001
3.528761e+003;5.872915e-001
3.529243e+003;5.855110e-001
3.529725e+003;5.837057e-001
3.530207e+003;5.819005e-001
3.530689e+003;5.801240e-001
3.531171e+003;5.783969e-001
3.531654e+003;5.767272e-001
3.532136e+003;5.751083e-001
3.532618e+003;5.735241e-001
3.533100e+003;5.719511e-001
3.533582e+003;5.703702e-001
3.534064e+003;5.687676e-001
3.534546e+003;5.671403e-001
3.535029e+003;5.654908e-001
3.535511e+003;5.638247e-001
3.535993e+003;5.621478e-001
3.536475e+003;5.604632e-001
3.536957e+003;5.587700e-001
3.537439e+003;5.570695e-001
3.537921e+003;5.553596e-001
3.538404e+003;5.536449e-001
3.538886e+003;5.519281e-001
3.539368e+003;5.502149e-001
3.539850e+003;5.485070e-001
3.540332e+003;5.468062e-001
3.540814e+003;5.451072e-001
3.541296e+003;5.434086e-001
3.541779e+003;5.417076e-001
3.542261e+003;5.400084e-001
3.542743e+003;5.383161e-001
3.543225e+003;5.366396e-001
3.543707e+003;5.349850e-001
3.544189e+003;5.333540e-001
3.544671e+003;5.317401e-001
3.545154e+003;5.301324e-001
3.545635e+003;5.285159e-001
3.546118e+003;5.268789e-001
3.546600e+003;5.252158e-001
3.547082e+003;5.235324e-001
3.547564e+003;5.218405e-001
3.548046e+003;5.201591e-001
3.548528e+003;5.185049e-001
3.549010e+003;5.168897e-001
3.549493e+003;5.153159e-001
3.549975e+003;5.137772e-001
3.550457e+003;5.122597e-001
3.550939e+003;5.107478e-001
3.551421e+003;5.092282e-001
3.551903e+003;5.076926e-001
3.552385e+003;5.061392e-001
3.552868e+003;5.045720e-001
3.553350e+003;5.029973e-001
3.553832e+003;5.014239e-001
3.554314e+003;4.998560e-001
3.554796e+003;4.982970e-001
3.555278e+003;4.967462e-001
3.555760e+003;4.952005e-001
3.556243e+003;4.936567e-001
3.556725e+003;4.921106e-001
3.557207e+003;4.905586e-001
3.557689e+003;4.889988e-001
3.558171e+003;4.874303e-001
3.558653e+003;4.858538e-001
3.559135e+003;4.842738e-001
3.559618e+003;4.826949e-001
3.560100e+003;4.811228e-001
3.560582e+003;4.795637e-001
3.561064e+003;4.780185e-001
3.561546e+003;4.764873e-001
3.562028e+003;4.749633e-001
3.562510e+003;4.734380e-001
3.562992e+003;4.719006e-001
3.563475e+003;4.703446e-001
3.563957e+003;4.687674e-001
3.564439e+003;4.671755e-001
3.564921e+003;4.655821e-001
3.565403e+003;4.640056e-001
3.565885e+003;4.624625e-001
3.566367e+003;4.609624e-001
3.566850e+003;4.595038e-001
3.567332e+003;4.580749e-001
3.567814e+003;4.566551e-001
3.568296e+003;4.552226e-001
3.568778e+003;4.537596e-001
3.569260e+003;4.522604e-001
3.569742e+003;4.507289e-001
3.570225e+003;4.491808e-001
3.570707e+003;4.476325e-001
3.571189e+003;4.461000e-001
3.571671e+003;4.445899e-001
3.572153e+003;4.431019e-001
3.572635e+003;4.416297e-001
3.573117e+003;4.401679e-001
3.573600e+003;4.387110e-001
3.574082e+003;4.372606e-001
3.574564e+003;4.358194e-001
3.575046e+003;4.343922e-001
3.575528e+003;4.329785e-001
3.576010e+003;4.315744e-001
3.576492e+003;4.301690e-001
3.576974e+003;4.287562e-001
3.577457e+003;4.273312e-001
3.577939e+003;4.258983e-001
3.578421e+003;4.244666e-001
3.578903e+003;4.230500e-001
3.579385e+003;4.216572e-001
3.579867e+003;4.202927e-001
3.580349e+003;4.189489e-001
3.580832e+003;4.176126e-001
3.581314e+003;4.162652e-001
3.581796e+003;4.148916e-001
3.582278e+003;4.134802e-001
3.582760e+003;4.120296e-001
3.583242e+003;4.105452e-001
3.583724e+003;4.090408e-001
3.584207e+003;4.075335e-001
3.584689e+003;4.060437e-001
3.585171e+003;4.045898e-001
3.585653e+003;4.031890e-001
3.586135e+003;4.018473e-001
3.586617e+003;4.005631e-001
3.587099e+003;3.993203e-001
3.587582e+003;3.980952e-001
3.588064e+003;3.968579e-001
3.588546e+003;3.955829e-001
3.589028e+003;3.942549e-001
3.589510e+003;3.928725e-001
3.589992e+003;3.914473e-001
3.590474e+003;3.900003e-001
3.590957e+003;3.885507e-001
3.591438e+003;3.871144e-001
3.591921e+003;3.856954e-001
3.592403e+003;3.842928e-001
3.592885e+003;3.829004e-001
3.593367e+003;3.815147e-001
3.593849e+003;3.801375e-001
3.594331e+003;3.787751e-001
3.594813e+003;3.774347e-001
3.595296e+003;3.761221e-001
3.595778e+003;3.748351e-001
3.596260e+003;3.735694e-001
3.596742e+003;3.723144e-001
3.597224e+003;3.710636e-001
3.597706e+003;3.698121e-001
3.598188e+003;3.685618e-001
3.598671e+003;3.673128e-001
3.599153e+003;3.660665e-001
3.599635e+003;3.648176e-001
3.600117e+003;3.635597e-001
3.600599e+003;3.622842e-001
3.601081e+003;3.609871e-001
3.601563e+003;3.596692e-001
3.602046e+003;3.583371e-001
3.602528e+003;3.569984e-001
3.603010e+003;3.556584e-001
3.603492e+003;3.543167e-001
3.603974e+003;3.529701e-001
3.604456e+003;3.516125e-001
3.604938e+003;3.502451e-001
3.605421e+003;3.488746e-001
3.605903e+003;3.475185e-001
3.606385e+003;3.461935e-001
3.606867e+003;3.449130e-001
3.607349e+003;3.436781e-001
3.607831e+003;3.424765e-001
3.608313e+003;3.412847e-001
3.608795e+003;3.400781e-001
3.609278e+003;3.388382e-001
3.609760e+003;3.375601e-001
3.610242e+003;3.362538e-001
3.610724e+003;3.349371e-001
3.611206e+003;3.336319e-001
3.611688e+003;3.323535e-001
3.612170e+003;3.311074e-001
3.612653e+003;3.298893e-001
3.613135e+003;3.286858e-001
3.613617e+003;3.274834e-001
3.614099e+003;3.262669e-001
3.614581e+003;3.250281e-001
3.615063e+003;3.237613e-001
3.615545e+003;3.224686e-001
3.616028e+003;3.211555e-001
3.616510e+003;3.198329e-001
3.616992e+003;3.185149e-001
3.617474e+003;3.172148e-001
3.617956e+003;3.159434e-001
3.618438e+003;3.147030e-001
3.618920e+003;3.134854e-001
3.619403e+003;3.122741e-001
3.619885e+003;3.110465e-001
3.620367e+003;3.097846e-001
3.620849e+003;3.084776e-001
3.621331e+003;3.071267e-001
3.621813e+003;3.057403e-001
3.622295e+003;3.043329e-001
3.622778e+003;3.029148e-001
3.623260e+003;3.014922e-001
3.623742e+003;3.000663e-001
3.624224e+003;2.986386e-001
3.624706e+003;2.972154e-001
3.625188e+003;2.958142e-001
3.625670e+003;2.944583e-001
3.626152e+003;2.931740e-001
3.626635e+003;2.919773e-001
3.627117e+003;2.908674e-001
3.627599e+003;2.898214e-001
3.628081e+003;2.887984e-001
3.628563e+003;2.877500e-001
3.629045e+003;2.866340e-001
3.629527e+003;2.854250e-001
3.630010e+003;2.841221e-001
3.630492e+003;2.827410e-001
3.630974e+003;2.813105e-001
3.631456e+003;2.798574e-001
3.631938e+003;2.784020e-001
3.632420e+003;2.769527e-001
3.632902e+003;2.755096e-001
3.633385e+003;2.740659e-001
3.633867e+003;2.726172e-001
3.634349e+003;2.711594e-001
3.634831e+003;2.696953e-001
3.635313e+003;2.682290e-001
3.635795e+003;2.667671e-001
3.636277e+003;2.653132e-001
3.636760e+003;2.638695e-001
3.637242e+003;2.624373e-001
3.637724e+003;2.610143e-001
3.638206e+003;2.595996e-001
3.638688e+003;2.581943e-001
3.639170e+003;2.568004e-001
3.639652e+003;2.554217e-001
3.640135e+003;2.540606e-001
3.640616e+003;2.527183e-001
3.641099e+003;2.513897e-001
3.641581e+003;2.500654e-001
3.642063e+003;2.487298e-001
3.642545e+003;2.473674e-001
3.643027e+003;2.459644e-001
3.643509e+003;2.445179e-001
3.643991e+003;2.430334e-001
3.644474e+003;2.415286e-001
3.644956e+003;2.400276e-001
3.645438e+003;2.385542e-001
3.645920e+003;2.371244e-001
3.646402e+003;2.357438e-001
3.646884e+003;2.344058e-001
3.647366e+003;2.330946e-001
3.647849e+003;2.317902e-001
3.648331e+003;2.304767e-001
3.648813e+003;2.291394e-001
3.649295e+003;2.277704e-001
3.649777e+003;2.263627e-001
3.650259e+003;2.249107e-001
3.650741e+003;2.234078e-001
3.651224e+003;2.218520e-001
3.651706e+003;2.202458e-001
3.652188e+003;2.186032e-001
3.652670e+003;2.169478e-001
3.653152e+003;2.153092e-001
3.653634e+003;2.137128e-001
3.654116e+003;2.121781e-001
3.654599e+003;2.107069e-001
3.655081e+003;2.092876e-001
3.655563e+003;2.078963e-001
3.656045e+003;2.065069e-001
3.656527e+003;2.050969e-001
3.657009e+003;2.036562e-001
3.657491e+003;2.021849e-001
3.657973e+003;2.006933e-001
3.658456e+003;1.991927e-001
3.658938e+003;1.976953e-001
3.659420e+003;1.962056e-001
3.659902e+003;1.947268e-001
3.660384e+003;1.932571e-001
3.660866e+003;1.917956e-001
3.661348e+003;1.903419e-001
3.661831e+003;1.888985e-001
3.662313e+003;1.874667e-001
3.662795e+003;1.860496e-001
3.663277e+003;1.846474e-001
3.663759e+003;1.832591e-001
3.664241e+003;1.818819e-001
3.664723e+003;1.805110e-001
3.665206e+003;1.791425e-001
3.665688e+003;1.777729e-001
3.666170e+003;1.764009e-001
3.666652e+003;1.750306e-001
3.667134e+003;1.736705e-001
3.667616e+003;1.723332e-001
3.668098e+003;1.710299e-001
3.668581e+003;1.697668e-001
3.669063e+003;1.685379e-001
3.669545e+003;1.673239e-001
3.670027e+003;1.660951e-001
3.670509e+003;1.648217e-001
3.670991e+003;1.634839e-001
3.671473e+003;1.620856e-001
3.671956e+003;1.606547e-001
3.672438e+003;1.592393e-001
3.672920e+003;1.578941e-001
3.673402e+003;1.566656e-001
3.673884e+003;1.555724e-001
3.674366e+003;1.546020e-001
3.674848e+003;1.537083e-001
3.675330e+003;1.528276e-001
3.675813e+003;1.518999e-001
3.676295e+003;1.508877e-001
3.676777e+003;1.497831e-001
3.677259e+003;1.486104e-001
3.677741e+003;1.474070e-001
3.678223e+003;1.462137e-001
3.678705e+003;1.450569e-001
3.679188e+003;1.439466e-001
3.679670e+003;1.428768e-001
3.680152e+003;1.418351e-001
3.680634e+003;1.408096e-001
3.681116e+003;1.397967e-001
3.681598e+003;1.387983e-001
3.682080e+003;1.378198e-001
3.682563e+003;1.368629e-001
3.683045e+003;1.359263e-001
3.683527e+003;1.350026e-001
3.684009e+003;1.340875e-001
3.684491e+003;1.331838e-001
3.684973e+003;1.323048e-001
3.685455e+003;1.314710e-001
3.685938e+003;1.307045e-001
3.686420e+003;1.300177e-001
3.686902e+003;1.294075e-001
3.687384e+003;1.288520e-001
3.687866e+003;1.283159e-001
3.688348e+003;1.277615e-001
3.688830e+003;1.271643e-001
3.689313e+003;1.265142e-001
3.689794e+003;1.258223e-001
3.690277e+003;1.251092e-001
3.690759e+003;1.243981e-001
3.691241e+003;1.237040e-001
3.691723e+003;1.230321e-001
3.692205e+003;1.223745e-001
3.692687e+003;1.217219e-001
3.693169e+003;1.210656e-001
3.693652e+003;1.204059e-001
3.694134e+003;1.197516e-001
3.694616e+003;1.191146e-001
3.695098e+003;1.185061e-001
3.695580e+003;1.179299e-001
3.696062e+003;1.173809e-001
3.696544e+003;1.168473e-001
3.697027e+003;1.163150e-001
3.697509e+003;1.157717e-001
3.697991e+003;1.152141e-001
3.698473e+003;1.146465e-001
3.698955e+003;1.140790e-001
3.699437e+003;1.135257e-001
3.699919e+003;1.129971e-001
3.700402e+003;1.124999e-001
3.700884e+003;1.120353e-001
3.701366e+003;1.115998e-001
3.701848e+003;1.111854e-001
3.702330e+003;1.107861e-001
3.702812e+003;1.103961e-001
3.703294e+003;1.100130e-001
3.703777e+003;1.096377e-001
3.704259e+003;1.092734e-001
3.704741e+003;1.089232e-001
3.705223e+003;1.085888e-001
3.705705e+003;1.082680e-001
3.706187e+003;1.079542e-001
3.706669e+003;1.076385e-001
3.707151e+003;1.073126e-001
3.707634e+003;1.069713e-001
3.708116e+003;1.066199e-001
3.708598e+003;1.062712e-001
3.709080e+003;1.059468e-001
3.709562e+003;1.056682e-001
3.710044e+003;1.054526e-001
3.710526e+003;1.053021e-001
3.711009e+003;1.052026e-001
3.711491e+003;1.051230e-001
3.711973e+003;1.050268e-001
3.712455e+003;1.048774e-001
3.712937e+003;1.046537e-001
3.713419e+003;1.043534e-001
3.713901e+003;1.039925e-001
3.714384e+003;1.036024e-001
3.714866e+003;1.032170e-001
3.715348e+003;1.028664e-001
3.715830e+003;1.025684e-001
3.716312e+003;1.023266e-001
3.716794e+003;1.021330e-001
3.717276e+003;1.019700e-001
3.717759e+003;1.018212e-001
3.718241e+003;1.016704e-001
3.718723e+003;1.015118e-001
3.719205e+003;1.013427e-001
3.719687e+003;1.011698e-001
3.720169e+003;1.009990e-001
3.720651e+003;1.008371e-001
3.721134e+003;1.006866e-001
3.721615e+003;1.005460e-001
3.722098e+003;1.004080e-001
3.722580e+003;1.002656e-001
3.723062e+003;1.001107e-001
3.723544e+003;9.994230e-002
3.724026e+003;9.976584e-002
3.724508e+003;9.959302e-002
3.724990e+003;9.943607e-002
3.725473e+003;9.930377e-002
3.725955e+003;9.919534e-002
3.726437e+003;9.909607e-002
3.726919e+003;9.898417e-002
3.727401e+003;9.883864e-002
3.727883e+003;9.864950e-002
3.728365e+003;9.842398e-002
3.728848e+003;9.818884e-002
3.729330e+003;9.798124e-002
3.729812e+003;9.783571e-002
3.730294e+003;9.777299e-002
3.730776e+003;9.778550e-002
3.731258e+003;9.784542e-002
3.731740e+003;9.790941e-002
3.732223e+003;9.793967e-002
3.732705e+003;9.791620e-002
3.733187e+003;9.784408e-002
3.733669e+003;9.774714e-002
3.734151e+003;9.765634e-002
3.734633e+003;9.759089e-002
3.735115e+003;9.755157e-002
3.735598e+003;9.751841e-002
3.736080e+003;9.746211e-002
3.736562e+003;9.735900e-002
3.737044e+003;9.720210e-002
3.737526e+003;9.700310e-002
3.738008e+003;9.678645e-002
3.738490e+003;9.657110e-002
3.738972e+003;9.636570e-002
3.739455e+003;9.616173e-002
3.739937e+003;9.594247e-002
3.740419e+003;9.570072e-002
3.740901e+003;9.544750e-002
3.741383e+003;9.521911e-002
3.741865e+003;9.506693e-002
3.742347e+003;9.503697e-002
3.742830e+003;9.514704e-002
3.743312e+003;9.536985e-002
3.743794e+003;9.563590e-002
3.744276e+003;9.585468e-002
3.744758e+003;9.594835e-002
3.745240e+003;9.587989e-002
3.745722e+003;9.566753e-002
3.746205e+003;9.536998e-002
3.746687e+003;9.506688e-002
3.747169e+003;9.482377e-002
3.747651e+003;9.467684e-002
3.748133e+003;9.462491e-002
3.748615e+003;9.464078e-002
3.749097e+003;9.468745e-002
3.749580e+003;9.473966e-002
3.750062e+003;9.478977e-002
3.750544e+003;9.484924e-002
3.751026e+003;9.492861e-002
3.751508e+003;9.502818e-002
3.751990e+003;9.512910e-002
3.752472e+003;9.519760e-002
3.752955e+003;9.520087e-002
3.753437e+003;9.512173e-002
3.753919e+003;9.496584e-002
3.754401e+003;9.476273e-002
3.754883e+003;9.455141e-002
3.755365e+003;9.436762e-002
3.755847e+003;9.423021e-002
3.756329e+003;9.414089e-002
3.756812e+003;9.408957e-002
3.757294e+003;9.406141e-002
3.757776e+003;9.404881e-002
3.758258e+003;9.405298e-002
3.758740e+003;9.407744e-002
3.759222e+003;9.412143e-002
3.759704e+003;9.417310e-002
3.760187e+003;9.420986e-002
3.760669e+003;9.420543e-002
3.761151e+003;9.414358e-002
3.761633e+003;9.402428e-002
3.762115e+003;9.386905e-002
3.762597e+003;9.371313e-002
3.763079e+003;9.359112e-002
3.763562e+003;9.352560e-002
3.764044e+003;9.351988e-002
3.764526e+003;9.355602e-002
3.765008e+003;9.360763e-002
3.765490e+003;9.364776e-002
3.765972e+003;9.366333e-002
3.766454e+003;9.365470e-002
3.766937e+003;9.363351e-002
3.767419e+003;9.361418e-002
3.767901e+003;9.360540e-002
3.768383e+003;9.360601e-002
3.768865e+003;9.360741e-002
3.769347e+003;9.359623e-002
3.769829e+003;9.356404e-002
3.770312e+003;9.350934e-002
3.770793e+003;9.343862e-002
3.771276e+003;9.336193e-002
3.771758e+003;9.329012e-002
3.772240e+003;9.322980e-002
3.772722e+003;9.318205e-002
3.773204e+003;9.314393e-002
3.773686e+003;9.311136e-002
3.774168e+003;9.307931e-002
3.774651e+003;9.304395e-002
3.775133e+003;9.300341e-002
3.775615e+003;9.295914e-002
3.776097e+003;9.291421e-002
3.776579e+003;9.287549e-002
3.777061e+003;9.285052e-002
3.777543e+003;9.284582e-002
3.778026e+003;9.286389e-002
3.778508e+003;9.290040e-002
3.778990e+003;9.294233e-002
3.779472e+003;9.297419e-002
3.779954e+003;9.298115e-002
3.780436e+003;9.295603e-002
3.780918e+003;9.290292e-002
3.781401e+003;9.283735e-002
3.781883e+003;9.277757e-002
3.782365e+003;9.273967e-002
3.782847e+003;9.272908e-002
3.783329e+003;9.273785e-002
3.783811e+003;9.274794e-002
3.784293e+003;9.273947e-002
3.784776e+003;9.269729e-002
3.785258e+003;9.262177e-002
3.785740e+003;9.252463e-002
3.786222e+003;9.242785e-002
3.786704e+003;9.235375e-002
3.787186e+003;9.231759e-002
3.787668e+003;9.232417e-002
3.788150e+003;9.236699e-002
3.788633e+003;9.243186e-002
3.789115e+003;9.250497e-002
3.789597e+003;9.257147e-002
3.790079e+003;9.262311e-002
3.790561e+003;9.265203e-002
3.791043e+003;9.265424e-002
3.791525e+003;9.262695e-002
3.792008e+003;9.257095e-002
3.792490e+003;9.249273e-002
3.792972e+003;9.240519e-002
3.793454e+003;9.232561e-002
3.793936e+003;9.227139e-002
3.794418e+003;9.225134e-002
3.794900e+003;9.226386e-002
3.795383e+003;9.229021e-002
3.795865e+003;9.230500e-002
3.796347e+003;9.227894e-002
3.796829e+003;9.219686e-002
3.797311e+003;9.205928e-002
3.797793e+003;9.189095e-002
3.798275e+003;9.173271e-002
3.798758e+003;9.163179e-002
3.799240e+003;9.162586e-002
3.799722e+003;9.173103e-002
3.800204e+003;9.193172e-002
3.800686e+003;9.218466e-002
3.801168e+003;9.242611e-002
3.801650e+003;9.259369e-002
3.802133e+003;9.264395e-002
3.802615e+003;9.256534e-002
3.803097e+003;9.238478e-002
3.803579e+003;9.215581e-002
3.804061e+003;9.194600e-002
3.804543e+003;9.181439e-002
3.805025e+003;9.179643e-002
3.805507e+003;9.189484e-002
3.805990e+003;9.207794e-002
3.806472e+003;9.229404e-002
3.806954e+003;9.248687e-002
3.807436e+003;9.261440e-002
3.807918e+003;9.265922e-002
3.808400e+003;9.262852e-002
3.808882e+003;9.254441e-002
3.809365e+003;9.243198e-002
3.809847e+003;9.230553e-002
3.810329e+003;9.216690e-002
3.810811e+003;9.200756e-002
3.811293e+003;9.181962e-002
3.811775e+003;9.160604e-002
3.812257e+003;9.138881e-002
3.812740e+003;9.120360e-002
3.813222e+003;9.109366e-002
3.813704e+003;9.109209e-002
3.814186e+003;9.121216e-002
3.814668e+003;9.143312e-002
3.815150e+003;9.170865e-002
3.815632e+003;9.197508e-002
3.816115e+003;9.217265e-002
3.816597e+003;9.226103e-002
3.817079e+003;9.223524e-002
3.817561e+003;9.212039e-002
3.818043e+003;9.196606e-002
3.818525e+003;9.182909e-002
3.819007e+003;9.175831e-002
3.819490e+003;9.178113e-002
3.819971e+003;9.189545e-002
3.820454e+003;9.207283e-002
3.820936e+003;9.226647e-002
3.821418e+003;9.242564e-002
3.821900e+003;9.251241e-002
3.822382e+003;9.250922e-002
3.822864e+003;9.242485e-002
3.823346e+003;9.228477e-002
3.823829e+003;9.212511e-002
3.824311e+003;9.197760e-002
3.824793e+003;9.186410e-002
3.825275e+003;9.178929e-002
3.825757e+003;9.174833e-002
3.826239e+003;9.172936e-002
3.826721e+003;9.172150e-002
3.827204e+003;9.172032e-002
3.827686e+003;9.172852e-002
3.828168e+003;9.174999e-002
3.828650e+003;9.178808e-002
3.829132e+003;9.183785e-002
3.829614e+003;9.188992e-002
3.830096e+003;9.193100e-002
3.830579e+003;9.195102e-002
3.831061e+003;9.194515e-002
3.831543e+003;9.191728e-002
3.832025e+003;9.187476e-002
3.832507e+003;9.182728e-002
3.832989e+003;9.177992e-002
3.833471e+003;9.173375e-002
3.833954e+003;9.168770e-002
3.834436e+003;9.164420e-002
3.834918e+003;9.161034e-002
3.835400e+003;9.159890e-002
3.835882e+003;9.162331e-002
3.836364e+003;9.169136e-002
3.836846e+003;9.179839e-002
3.837328e+003;9.192802e-002
3.837811e+003;9.205326e-002
3.838293e+003;9.214775e-002
3.838775e+003;9.219252e-002
3.839257e+003;9.218368e-002
3.839739e+003;9.213220e-002
3.840221e+003;9.205756e-002
3.840703e+003;9.198144e-002
3.841186e+003;9.192117e-002
3.841668e+003;9.188537e-002
3.842150e+003;9.187525e-002
3.842632e+003;9.188677e-002
3.843114e+003;9.191512e-002
3.843596e+003;9.195357e-002
3.844078e+003;9.199915e-002
3.844561e+003;9.204408e-002
3.845043e+003;9.208241e-002
3.845525e+003;9.210445e-002
3.846007e+003;9.210400e-002
3.846489e+003;9.207502e-002
3.846971e+003;9.201626e-002
3.847453e+003;9.192892e-002
3.847936e+003;9.181436e-002
3.848418e+003;9.167580e-002
3.848900e+003;9.151808e-002
3.849382e+003;9.135334e-002
3.849864e+003;9.120325e-002
3.850346e+003;9.110137e-002
3.850828e+003;9.108785e-002
3.851311e+003;9.119911e-002
3.851792e+003;9.145409e-002
3.852275e+003;9.184279e-002
3.852757e+003;9.231922e-002
3.853239e+003;9.281074e-002
3.853721e+003;9.323433e-002
3.854203e+003;9.352159e-002
3.854685e+003;9.363554e-002
3.855167e+003;9.357781e-002
3.855650e+003;9.338310e-002
3.856132e+003;9.310475e-002
3.856614e+003;9.279855e-002
3.857096e+003;9.251003e-002
3.857578e+003;9.227065e-002
3.858060e+003;9.209417e-002
3.858542e+003;9.198385e-002
3.859025e+003;9.193347e-002
3.859507e+003;9.193334e-002
3.859989e+003;9.196928e-002
3.860471e+003;9.202712e-002
3.860953e+003;9.209118e-002
3.861435e+003;9.215202e-002
3.861917e+003;9.220503e-002
3.862400e+003;9.225387e-002
3.862882e+003;9.230500e-002
3.863364e+003;9.236385e-002
3.863846e+003;9.242652e-002
3.864328e+003;9.247945e-002
3.864810e+003;9.250167e-002
3.865292e+003;9.247641e-002
3.865775e+003;9.239889e-002
3.866257e+003;9.228670e-002
3.866739e+003;9.217478e-002
3.867221e+003;9.210775e-002
3.867703e+003;9.212168e-002
3.868185e+003;9.223118e-002
3.868667e+003;9.241874e-002
3.869149e+003;9.264048e-002
3.869632e+003;9.283996e-002
3.870114e+003;9.296888e-002
3.870596e+003;9.300324e-002
3.871078e+003;9.295152e-002
3.871560e+003;9.284637e-002
3.872042e+003;9.273103e-002
3.872524e+003;9.264103e-002
3.873007e+003;9.259467e-002
3.873489e+003;9.258829e-002
3.873971e+003;9.260511e-002
3.874453e+003;9.262355e-002
3.874935e+003;9.262815e-002
3.875417e+003;9.261702e-002
3.875899e+003;9.259802e-002
3.876382e+003;9.258293e-002
3.876864e+003;9.258373e-002
3.877346e+003;9.260448e-002
3.877828e+003;9.264422e-002
3.878310e+003;9.269729e-002
3.878792e+003;9.275607e-002
3.879274e+003;9.281405e-002
3.879757e+003;9.286362e-002
3.880239e+003;9.289717e-002
3.880721e+003;9.290559e-002
3.881203e+003;9.288261e-002
3.881685e+003;9.282701e-002
3.882167e+003;9.274640e-002
3.882649e+003;9.265652e-002
3.883132e+003;9.257954e-002
3.883614e+003;9.253339e-002
3.884096e+003;9.252870e-002
3.884578e+003;9.255868e-002
3.885060e+003;9.260471e-002
3.885542e+003;9.263987e-002
3.886024e+003;9.264171e-002
3.886506e+003;9.260069e-002
3.886989e+003;9.252497e-002
3.887471e+003;9.243916e-002
3.887953e+003;9.237415e-002
3.888435e+003;9.235907e-002
3.888917e+003;9.240931e-002
3.889399e+003;9.252518e-002
3.889881e+003;9.268928e-002
3.890364e+003;9.287357e-002
3.890846e+003;9.304623e-002
3.891328e+003;9.318023e-002
3.891810e+003;9.325705e-002
3.892292e+003;9.327077e-002
3.892774e+003;9.322523e-002
3.893256e+003;9.313317e-002
3.893739e+003;9.301221e-002
3.894221e+003;9.288182e-002
3.894703e+003;9.276135e-002
3.895185e+003;9.266553e-002
3.895667e+003;9.260515e-002
3.896149e+003;9.258279e-002
3.896631e+003;9.259589e-002
3.897114e+003;9.263668e-002
3.897596e+003;9.269425e-002
3.898078e+003;9.275755e-002
3.898560e+003;9.281897e-002
3.899042e+003;9.287384e-002
3.899524e+003;9.292095e-002
3.900006e+003;9.296262e-002
3.900489e+003;9.300373e-002
3.900970e+003;9.305005e-002
3.901453e+003;9.310607e-002
3.901935e+003;9.317658e-002
3.902417e+003;9.326173e-002
3.902899e+003;9.335961e-002
3.903381e+003;9.346312e-002
3.903863e+003;9.356377e-002
3.904345e+003;9.364997e-002
3.904828e+003;9.371241e-002
3.905310e+003;9.374093e-002
3.905792e+003;9.373199e-002
3.906274e+003;9.368229e-002
3.906756e+003;9.359851e-002
3.907238e+003;9.348844e-002
3.907720e+003;9.336851e-002
3.908203e+003;9.325580e-002
3.908685e+003;9.317071e-002
3.909167e+003;9.312938e-002
3.909649e+003;9.313922e-002
3.910131e+003;9.319697e-002
3.910613e+003;9.328635e-002
3.911095e+003;9.338178e-002
3.911578e+003;9.345614e-002
3.912060e+003;9.348794e-002
3.912542e+003;9.346946e-002
3.913024e+003;9.340782e-002
3.913506e+003;9.332549e-002
3.913988e+003;9.324959e-002
3.914470e+003;9.320558e-002
3.914953e+003;9.320692e-002
3.915435e+003;9.325416e-002
3.915917e+003;9.333487e-002
3.916399e+003;9.343082e-002
3.916881e+003;9.352472e-002
3.917363e+003;9.360425e-002
3.917845e+003;9.366734e-002
3.918327e+003;9.371521e-002
3.918810e+003;9.375282e-002
3.919292e+003;9.378205e-002
3.919774e+003;9.380306e-002
3.920256e+003;9.381653e-002
3.920738e+003;9.382258e-002
3.921220e+003;9.382641e-002
3.921702e+003;9.383535e-002
3.922185e+003;9.385636e-002
3.922667e+003;9.389384e-002
3.923149e+003;9.394536e-002
3.923631e+003;9.400334e-002
3.924113e+003;9.405900e-002
3.924595e+003;9.410395e-002
3.925077e+003;9.413571e-002
3.925560e+003;9.415635e-002
3.926042e+003;9.417203e-002
3.926524e+003;9.418689e-002
3.927006e+003;9.420094e-002
3.927488e+003;9.421045e-002
3.927970e+003;9.420935e-002
3.928452e+003;9.419396e-002
3.928935e+003;9.416728e-002
3.929417e+003;9.413948e-002
3.929899e+003;9.412447e-002
3.930381e+003;9.413477e-002
3.930863e+003;9.417550e-002
3.931345e+003;9.423977e-002
3.931827e+003;9.431136e-002
3.932310e+003;9.436906e-002
3.932792e+003;9.439729e-002
3.933274e+003;9.438902e-002
3.933756e+003;9.435239e-002
3.934238e+003;9.430527e-002
3.934720e+003;9.426957e-002
3.935202e+003;9.426376e-002
3.935684e+003;9.429666e-002
3.936167e+003;9.436348e-002
3.936649e+003;9.444948e-002
3.937131e+003;9.453357e-002
3.937613e+003;9.459644e-002
3.938095e+003;9.462608e-002
3.938577e+003;9.461946e-002
3.939059e+003;9.458166e-002
3.939542e+003;9.452605e-002
3.940024e+003;9.446713e-002
3.940506e+003;9.441771e-002
3.940988e+003;9.438662e-002
3.941470e+003;9.437856e-002
3.941952e+003;9.439191e-002
3.942434e+003;9.442126e-002
3.942917e+003;9.446125e-002
3.943399e+003;9.450373e-002
3.943881e+003;9.454386e-002
3.944363e+003;9.457738e-002
3.944845e+003;9.460109e-002
3.945327e+003;9.461335e-002
3.945809e+003;9.461248e-002
3.946292e+003;9.459834e-002
3.946774e+003;9.457093e-002
3.947256e+003;9.453425e-002
3.947738e+003;9.449465e-002
3.948220e+003;9.446113e-002
3.948702e+003;9.444238e-002
3.949184e+003;9.444410e-002
3.949667e+003;9.446794e-002
3.950148e+003;9.450879e-002
3.950631e+003;9.455684e-002
3.951113e+003;9.460089e-002
3.951595e+003;9.463277e-002
3.952077e+003;9.464944e-002
3.952559e+003;9.465490e-002
3.953041e+003;9.465799e-002
3.953523e+003;9.466816e-002
3.954006e+003;9.469286e-002
3.954488e+003;9.473320e-002
3.954970e+003;9.478477e-002
3.955452e+003;9.483981e-002
3.955934e+003;9.489141e-002
3.956416e+003;9.493553e-002
3.956898e+003;9.497176e-002
3.957381e+003;9.500286e-002
3.957863e+003;9.503136e-002
3.958345e+003;9.505720e-002
3.958827e+003;9.507668e-002
3.959309e+003;9.508494e-002
3.959791e+003;9.507766e-002
3.960273e+003;9.505498e-002
3.960756e+003;9.502204e-002
3.961238e+003;9.499046e-002
3.961720e+003;9.497108e-002
3.962202e+003;9.497293e-002
3.962684e+003;9.499810e-002
3.963166e+003;9.504212e-002
3.963648e+003;9.509352e-002
3.964130e+003;9.513950e-002
3.964613e+003;9.516899e-002
3.965095e+003;9.517515e-002
3.965577e+003;9.515756e-002
3.966059e+003;9.511997e-002
3.966541e+003;9.507000e-002
3.967023e+003;9.501363e-002
3.967505e+003;9.495920e-002
3.967988e+003;9.491322e-002
3.968470e+003;9.488141e-002
3.968952e+003;9.487029e-002
3.969434e+003;9.488627e-002
3.969916e+003;9.493045e-002
3.970398e+003;9.500328e-002
3.970880e+003;9.509837e-002
3.971363e+003;9.520350e-002
3.971845e+003;9.530546e-002
3.972327e+003;9.539130e-002
3.972809e+003;9.545157e-002
3.973291e+003;9.548250e-002
3.973773e+003;9.548629e-002
3.974255e+003;9.547074e-002
3.974738e+003;9.544558e-002
3.975220e+003;9.542067e-002
3.975702e+003;9.540191e-002
3.976184e+003;9.539356e-002
3.976666e+003;9.539678e-002
3.977148e+003;9.540931e-002
3.977630e+003;9.542785e-002
3.978113e+003;9.545043e-002
3.978594e+003;9.547300e-002
3.979077e+003;9.549376e-002
3.979559e+003;9.551091e-002
3.980041e+003;9.552345e-002
3.980523e+003;9.553014e-002
3.981005e+003;9.553169e-002
3.981487e+003;9.552735e-002
3.981969e+003;9.551801e-002
3.982452e+003;9.550336e-002
3.982934e+003;9.548424e-002
3.983416e+003;9.546052e-002
3.983898e+003;9.543344e-002
3.984380e+003;9.540465e-002
3.984862e+003;9.537532e-002
3.985344e+003;9.534626e-002
3.985827e+003;9.531845e-002
3.986309e+003;9.529229e-002
3.986791e+003;9.526712e-002
3.987273e+003;9.524304e-002
3.987755e+003;9.522147e-002
3.988237e+003;9.520534e-002
3.988719e+003;9.519813e-002
3.989202e+003;9.520489e-002
3.989684e+003;9.523009e-002
3.990166e+003;9.527609e-002
3.990648e+003;9.534167e-002
3.991130e+003;9.542334e-002
3.991612e+003;9.551396e-002
3.992094e+003;9.560419e-002
3.992577e+003;9.568578e-002
3.993059e+003;9.575046e-002
3.993541e+003;9.579390e-002
3.994023e+003;9.581386e-002
3.994505e+003;9.581213e-002
3.994987e+003;9.579209e-002
3.995469e+003;9.575944e-002
3.995951e+003;9.571811e-002
3.996434e+003;9.567200e-002
3.996916e+003;9.562072e-002
3.997398e+003;9.556410e-002
3.997880e+003;9.550060e-002
3.998362e+003;9.542967e-002
3.998844e+003;9.535370e-002
3.999326e+003;9.527994e-002
3.999809e+003;9.521723e-002
